y_true,y_pred,prob_1-0,prob_0-1,prob_1/2-1/2
1-0,0-1,0.0,0.5145489471140676,0.44314442402025633
0-1,1-0,0.0,0.48033512446028925,0.48695943624274424
1-0,1-0,0.0,0.47603931122658016,0.4923140428221195
0-1,0-1,0.0,0.4898168002885629,0.47448698811451795
1-0,1-0,0.0,0.45541476258081504,0.49277376288837854
0-1,1-0,0.0,0.46571477774840236,0.4833635681282059
0-1,0-1,0.0,0.48745669350172277,0.4744185952076906
0-1,1-0,0.0,0.3293223972492729,0.6311865222526368
0-1,1-0,0.0,0.45277217914163176,0.5128695579989772
0-1,0-1,0.0,0.4652103766918476,0.4505541986220077
0-1,1-0,0.0,0.47023859897671294,0.49727507419636013
1-0,0-1,0.0,0.5169582321829718,0.4474553374838311
1-0,1-0,0.0,0.31273433690194125,0.6728799821733032
1-0,0-1,0.0,0.47860794843997506,0.47210977855248126
1-0,1-0,0.0,0.47993497256067047,0.4881131419661544
1-0,0-1,0.0,0.48491251337690017,0.4771614574508917
1-0,0-1,0.0,0.4914897158726894,0.4435281111617761
0-1,0-1,0.0,0.5130422303106005,0.4309922860306258
1-0,1-0,0.0,0.4654162559988581,0.5055654006004082
1-0,0-1,0.0,0.5108043663142339,0.437035020854239
0-1,0-1,0.0,0.5073374367607707,0.45513136223844225
0-1,1-0,0.0,0.45932101652106055,0.4869327847054577
0-1,0-1,0.0,0.4893336586224608,0.46833999342122257
0-1,0-1,0.0,0.49232857866770086,0.46814601836323855
1-0,1-0,0.0,0.46086252724615384,0.5052104348838062
0-1,1-0,0.0,0.41911217569318804,0.5127379783019955
1-0,0-1,0.0,0.5101520755283799,0.43343166968688746
0-1,0-1,0.0,0.4836993782514911,0.4775044706859693
1-0,1-0,0.0,0.4619157328290286,0.5011748391218526
0-1,0-1,0.0,0.47781304944092773,0.4680631079763053
0-1,0-1,0.0,0.49790919955760576,0.46435503509806825
1-0,0-1,0.0,0.48449159241827155,0.4701052199566955
0-1,1-0,0.0,0.45656524866492376,0.4817165513336575
0-1,1-0,0.0,0.3680592632063716,0.6157985267886178
0-1,1-0,0.0,0.4556673738834655,0.4727321059551466
1-0,0-1,0.0,0.4720427243426618,0.4456113630119819
1-0,1-0,0.0,0.4770218764716063,0.4906090597724291
0-1,0-1,0.0,0.501142230300442,0.4585015126812786
0-1,1-0,0.0,0.40993323417656796,0.5346063792583499
0-1,0-1,0.0,0.5092706699369354,0.44739208439660605
0-1,0-1,0.0,0.4845828663390924,0.4813396878657502
1-0,1-0,0.0,0.4592818351656003,0.51234109240726
0-1,1-0,0.0,0.4707305988314646,0.48750080675600654
1-0,1-0,0.0,0.42814653655277213,0.5392822802379778
1-0,1-0,0.0,0.4527485155752192,0.513272372022631
0-1,0-1,0.0,0.5103524480647604,0.4442999338671438
0-1,0-1,0.0,0.5065062876698839,0.44876979003381234
1-0,1-0,0.0,0.47184641790366827,0.4937392265096184
1-0,1-0,0.0,0.483716092627723,0.4846900198941938
1-0,0-1,0.0,0.5263083241648806,0.42646973642148905
0-1,0-1,0.0,0.4872624416824179,0.4759623602460581
1/2-1/2,1-0,0.0,0.4592402474133528,0.48989658962774074
1-0,1-0,0.0,0.4439304673033436,0.4761893826241427
1-0,1-0,0.0,0.4689015175471015,0.48948358858932794
0-1,0-1,0.0,0.46348573247864455,0.4553427194103408
0-1,1-0,0.0,0.42948024206583024,0.5468870704966741
1-0,0-1,0.0,0.5057460419549349,0.4494078211709239
0-1,1-0,0.0,0.4492544417015756,0.5172097439860461
0-1,1-0,0.0,0.09608362105708876,0.9034034855684205
0-1,1-0,0.0,0.417336754687745,0.5613173173132046
0-1,1-0,0.0,0.4702813320363491,0.4912235996049407
0-1,0-1,0.0,0.4974531442553566,0.46767346439156154
0-1,0-1,0.0,0.48387451361112604,0.4811256076822906
1-0,0-1,0.0,0.4950287697676924,0.4698645303103245
0-1,0-1,0.0,0.4880190830464398,0.47762128207506066
1-0,0-1,0.0,0.484780717366293,0.460390213595455
0-1,0-1,0.0,0.47454703413276156,0.45600516341827513
0-1,1-0,0.0,0.4504036716897157,0.49309794483944075
0-1,1-0,0.0,0.4239819611003392,0.5378288587534421
0-1,1-0,0.0,0.4639023066152225,0.5073104768439114
1-0,1-0,0.0,0.4670698682040141,0.5040185555362968
1-0,1-0,0.0,0.4251362313368226,0.5287024844307607
0-1,1-0,0.0,0.45899005592748554,0.48604199379182583
0-1,0-1,0.0,0.5021029809601821,0.46297880477873515
0-1,0-1,0.0,0.4714640306117856,0.4617271806265855
0-1,1-0,0.0,0.3990251135275742,0.5768468096402722
0-1,1-0,0.0,0.4756962638973996,0.4858049100169203
0-1,1-0,0.0,0.46606817345034457,0.47420997326010333
0-1,0-1,0.0,0.5317474891629895,0.42990597916076534
1-0,0-1,0.0,0.4831266121921861,0.4810641631667002
1-0,1-0,0.0,0.4382545154540087,0.5370753598564019
0-1,0-1,0.0,0.5275814835289337,0.4540228793318967
0-1,1-0,0.0,0.4875258773581858,0.5029914512016892
1-0,1-0,0.0,0.46205739212086017,0.5098485441995297
1-0,0-1,0.0,0.470254366842839,0.46896031434331836
1-0,0-1,0.0,0.46543208633892,0.4555485742338136
0-1,0-1,0.0,0.5166153234523085,0.43918449102634466
1-0,1-0,0.0,0.4088648166243085,0.5709704525680934
1-0,1-0,0.0,0.28592499391904025,0.7016892126254974
0-1,0-1,0.0,0.5113325515551435,0.4164680416446272
1-0,0-1,0.0,0.4964241336713903,0.4395871194972422
1-0,0-1,0.0,0.48924211228625986,0.44301081247101154
0-1,1-0,0.0,0.3827248926844806,0.591368340747728
0-1,1-0,0.0,0.3902277400331588,0.5913927814942015
1-0,0-1,0.0,0.49321655638497164,0.46764448722648794
1-0,1-0,0.0,0.46542282877401675,0.4823350351356386
0-1,1-0,0.0,0.4493193353839342,0.5005493980320569
1-0,1-0,0.0,0.4721333407012485,0.4961126843629593
0-1,1-0,0.0,0.4513678527973278,0.5220827919134364
0-1,1-0,0.0,0.46247804834205725,0.49629305240758137
0-1,1-0,0.0,0.47215959238878963,0.48624221003531576
1-0,0-1,0.0,0.5260309335484796,0.43242439447630443
1-0,0-1,0.0,0.4980203694531127,0.4295227155254026
1-0,0-1,0.0,0.48751984523249553,0.4700268290718498
1-0,1-0,0.0,0.44579078070321293,0.5259827748226594
1/2-1/2,1-0,0.0,0.4272140495582759,0.5494599668702228
1-0,1-0,0.0,0.4485449577645756,0.5219098601340195
0-1,1-0,0.0,0.40257497447389545,0.555006139048917
1-0,0-1,0.0,0.46382847496317203,0.46178750243781763
0-1,0-1,0.0,0.48575661657379215,0.4807910040740627
1-0,1-0,0.0,0.47310578044569107,0.4926859127351335
1-0,1-0,0.0,0.44297694778788427,0.5314612009116749
1-0,0-1,0.0,0.48407000678276224,0.4700258231527614
0-1,0-1,0.0,0.4995957874751465,0.4664821935959479
1-0,0-1,0.0,0.5287690075725758,0.43652870981905423
1-0,0-1,0.0,0.5227717678885535,0.42775062205220005
1-0,1-0,0.0,0.4684135534693995,0.49932372546408776
1-0,1-0,0.0,0.38284988405950504,0.6008396078237753
0-1,1-0,0.0,0.37895118710331255,0.58970214948213
1-0,1-0,0.0,0.460857588717104,0.4751387963081581
0-1,1-0,0.0,0.4372613682005988,0.5257437925557643
1-0,0-1,0.0,0.49579777710316253,0.4515840743857095
0-1,0-1,0.0,0.518781307250227,0.4445576946994081
0-1,1-0,0.0,0.47560957811324583,0.47960484225355554
1-0,1-0,0.0,0.392839766533346,0.553809208134982
0-1,1-0,0.0,0.45871228208028586,0.49936445449705896
0-1,1-0,0.0,0.4336770671733923,0.5332166286231933
1/2-1/2,1-0,0.0,0.4730981130469462,0.49063176602645026
1-0,0-1,0.0,0.5122673131345851,0.4472087066366768
1/2-1/2,0-1,0.0,0.5004426174050625,0.46456819643244757
0-1,0-1,0.0,0.5289600455513283,0.4226963923123952
0-1,0-1,0.0,0.499854747105336,0.4468740836726654
1-0,0-1,0.0,0.49730776484882333,0.46915520805476607
1/2-1/2,0-1,0.0,0.4895916218785907,0.46529951518837775
0-1,0-1,0.0,0.4865146849174944,0.4745849238196915
1-0,1-0,0.0,0.46394828168834135,0.49033025930059926
1-0,1-0,0.0,0.42986147971838606,0.5471105208496748
1-0,0-1,0.0,0.5071721814636353,0.4567719142186015
0-1,0-1,0.0,0.4973535091806278,0.4650135095996956
1-0,1-0,0.0,0.32159951218684796,0.6651339914609198
1-0,0-1,0.0,0.4736507278174526,0.46070815357275574
0-1,1-0,0.0,0.4698450524979224,0.49818752575614855
0-1,1-0,0.0,0.45041292167668784,0.4997095030027028
0-1,1-0,0.0,0.4691620674170398,0.4822796131702466
0-1,0-1,0.0,0.4699596435330485,0.46124414211346293
1-0,0-1,0.0,0.49631848489049707,0.4627843652451695
1-0,1-0,0.0,0.46841330959392574,0.49236751884686436
0-1,1-0,0.0,0.46996939804215965,0.5006153677251358
1-0,0-1,0.0,0.4780325620146943,0.4728735830293487
0-1,1-0,0.0,0.4767436171266097,0.4769713496573443
0-1,0-1,0.0,0.4578388155167843,0.43341219059026964
1-0,0-1,0.0,0.47354543736243615,0.45566678428179663
1-0,1-0,0.0,0.45499162107146934,0.5040709625776609
1-0,1-0,0.0,0.4713075042726705,0.4894783464832352
1/2-1/2,1-0,0.0,0.25529361489407787,0.7394592172583647
1/2-1/2,1-0,0.0,0.46003457105781487,0.482445044760861
0-1,1-0,0.0,0.4638376813192979,0.4829677852608394
1-0,0-1,0.0,0.5114192543095288,0.44270941376825523
0-1,1-0,0.0,0.47135739238878455,0.4733382104744012
1-0,1-0,0.0,0.46587027132518466,0.4707215268680573
1-0,0-1,0.0,0.4773291846343547,0.47029880690568865
1-0,0-1,0.0,0.4986671070536878,0.4596175348438163
0-1,0-1,0.0,0.5267675234836439,0.41993556455060954
0-1,0-1,0.0,0.4907177158631268,0.4713583313700914
0-1,0-1,0.0,0.4844629495306882,0.4378624488612526
0-1,1-0,0.0,0.4154651688306216,0.5638081094444347
0-1,1-0,0.0,0.4764676163030811,0.4930085659219245
0-1,1-0,0.0,0.4762162069692958,0.4892614382851687
0-1,1-0,0.0,0.46104925739259867,0.501482332732961
0-1,0-1,0.0,0.49033663902400887,0.47445418325427474
0-1,0-1,0.0,0.4798656704396164,0.47310129763811737
0-1,0-1,0.0,0.48855050706152703,0.47573090856429145
1-0,1-0,0.0,0.45051785328138105,0.49000615850260315
1-0,0-1,0.0,0.5003810086919853,0.4646769754237982
1-0,1-0,0.0,0.45957967606994526,0.5066732009736441
0-1,0-1,0.0,0.5068637953509773,0.4568392773019853
0-1,1-0,0.0,0.47180733710109657,0.47249460113482666
0-1,0-1,0.0,0.4818396200944111,0.473769533506366
1-0,0-1,0.0,0.4907954867656424,0.46834777202178074
0-1,0-1,0.0,0.5140653727788783,0.4378416498304455
1-0,1-0,0.0,0.4121955130632221,0.4762326845409583
1-0,1-0,0.0,0.4800022644129578,0.482061200259476
1/2-1/2,0-1,0.0,0.5103385739673622,0.4541357899036208
0-1,0-1,0.0,0.4904683993333616,0.45195316180113304
1-0,0-1,0.0,0.4901626269652645,0.474234462755142
1/2-1/2,0-1,0.0,0.518782588785776,0.44395733572183205
1-0,1-0,0.0,0.48004580191373114,0.48770788402062637
1-0,1-0,0.0,0.34500684386776337,0.6424801856776758
0-1,1-0,0.0,0.47297223271263616,0.49383261969773923
1-0,0-1,0.0,0.49239108110792396,0.4726036472347221
1-0,1-0,0.0,0.46865886743349594,0.4849975675141863
1-0,1-0,0.0,0.2972413142794379,0.6815539514613994
1-0,0-1,0.0,0.4896111255157624,0.4489398266545403
0-1,1-0,0.0,0.4507948325728107,0.5052909069079433
1-0,0-1,0.0,0.5052537869084545,0.4578760167240476
1-0,0-1,0.0,0.47823221996990095,0.4676483171458307
0-1,1-0,0.0,0.47226749553833836,0.4793958221551847
1/2-1/2,0-1,0.0,0.4797540841337497,0.4691411827210939
1-0,1-0,0.0,0.47302047723799096,0.47734963155647137
1-0,1-0,0.0,0.4022546222611266,0.578831952548971
0-1,0-1,0.0,0.5027112877587109,0.4540442689111191
1-0,1-0,0.0,0.47605219988414854,0.48441617350354277
1-0,0-1,0.0,0.4884973827957616,0.45507177477985183
0-1,0-1,0.0,0.5087309369173436,0.4246198880840166
1-0,1-0,0.0,0.44314851265407623,0.5220756100049045
1-0,1-0,0.0,0.4612521293092001,0.5026722038482334
1-0,1-0,0.0,0.47450057699740844,0.49527885048353537
0-1,1-0,0.0,0.4416307848107968,0.5319088574858745
0-1,0-1,0.0,0.49789482444650013,0.451588771624001
1-0,0-1,0.0,0.47308340850586433,0.4638127916655164
1-0,0-1,0.0,0.4764428185958089,0.4746882471889636
0-1,0-1,0.0,0.5160080786588396,0.44757302531463705
1-0,0-1,0.0,0.49730376096220896,0.45318296999349733
0-1,0-1,0.0,0.49609594614028385,0.45777007679721604
0-1,0-1,0.0,0.48501387864871337,0.4668292223813874
0-1,0-1,0.0,0.5009138003288921,0.46275333171900895
1-0,1-0,0.0,0.47650783867169166,0.4857559264473378
0-1,0-1,0.0,0.4766171095803338,0.46969214625023437
1-0,1-0,0.0,0.462879863899522,0.4924589862603636
0-1,0-1,0.0,0.5218498179594606,0.4303014973698989
1-0,1-0,0.0,0.4696577401854722,0.500947770906726
1-0,0-1,0.0,0.47567274352836486,0.47509965636181056
1-0,1-0,0.0,0.45673390227597677,0.5152564793054721
1-0,0-1,0.0,0.5026167972781374,0.45467930424036024
0-1,0-1,0.0,0.47498667151442125,0.4674158475479895
0-1,1-0,0.0,0.36606128624206985,0.593441798037491
1-0,1-0,0.0,0.43409914104486436,0.5323943133471081
1-0,0-1,0.0,0.4873358487912513,0.4567902398356568
0-1,0-1,0.0,0.4749555664871288,0.46402069896190756
0-1,1-0,0.0,0.3564981008495479,0.6287644849439475
0-1,1-0,0.0,0.4573981528553502,0.4813545407499475
0-1,0-1,0.0,0.4771310143696484,0.4722564607160025
1-0,0-1,0.0,0.4899341755963226,0.4772594965859179
1-0,0-1,0.0,0.5119693475517226,0.44406920423301155
1-0,1-0,0.0,0.4193717863828422,0.5589951836149557
1-0,0-1,0.0,0.48085189118963095,0.4704492941946085
1-0,1-0,0.0,0.47897233667176853,0.48310916400259973
1-0,0-1,0.0,0.5090466688720149,0.45154064601930516
1-0,0-1,0.0,0.48805401939677956,0.4713886646879045
0-1,0-1,0.0,0.49828900971194223,0.4296998752385772
1-0,1-0,0.0,0.4764007669124191,0.477113300325141
1-0,0-1,0.0,0.4821301070264626,0.4818636140220586
0-1,1-0,0.0,0.44957532210771833,0.4706062450379178
1/2-1/2,1-0,0.0,0.3471460226849505,0.6267797129828945
1/2-1/2,1-0,0.0,0.43071035545278336,0.5251208432317437
1-0,0-1,0.0,0.5223408102292108,0.4220126506788484
1/2-1/2,0-1,0.0,0.4974323807429496,0.4449298084419935
1-0,0-1,0.0,0.5206949151299451,0.4412188666123457
0-1,0-1,0.0,0.4913021543471318,0.47599893500315327
0-1,1-0,0.0,0.44700246420108736,0.521502462308114
0-1,1-0,0.0,0.4555309030707996,0.5065020879693184
1/2-1/2,1-0,0.0,0.4187555440296995,0.5150892302498273
1-0,1-0,0.0,0.47478705067494414,0.4936810021326685
1-0,1-0,0.0,0.4352044346967525,0.4391549101591211
0-1,0-1,0.0,0.4886884400450645,0.462216047569155
0-1,0-1,0.0,0.4887237644580193,0.46229264113059204
0-1,0-1,0.0,0.4807278302634789,0.4794747417784686
1-0,1-0,0.0,0.474802000875631,0.4839359771641097
0-1,1-0,0.0,0.4462199062706987,0.4899268568481949
0-1,0-1,0.0,0.5270909213719762,0.4168826496791194
0-1,0-1,0.0,0.5237196911217041,0.42065882628296924
1-0,1-0,0.0,0.4582354926429285,0.5129507508155223
0-1,0-1,0.0,0.47608410033166565,0.47373935787136856
0-1,1-0,0.0,0.47174266784523394,0.49843713374673176
0-1,1-0,0.0,0.4778527614776931,0.48532859494065406
0-1,0-1,0.0,0.4942629319690584,0.45363390961902306
1-0,1-0,0.0,0.47170521040027125,0.49799331159263777
1-0,0-1,0.0,0.4986833508631322,0.4675835262941737
1-0,0-1,0.0,0.5000564473474891,0.45799634171989695
0-1,1-0,0.0,0.4348587584577668,0.5329024133706226
1-0,1-0,0.0,0.430236707926227,0.4947525010792355
1-0,1-0,0.0,0.46787887687557667,0.4853299392323966
1-0,0-1,0.0,0.4803464261448362,0.4777058621678235
0-1,1-0,0.0,0.4731645610779107,0.4786275394407558
0-1,1-0,0.0,0.39182039690784576,0.5748314676677126
1-0,1-0,0.0,0.28388461036546647,0.7080295068332734
0-1,1-0,0.0,0.3469390025288866,0.6345652919318312
1-0,0-1,0.0,0.48350649671573237,0.46295284899801475
0-1,1-0,0.0,0.3931280410460797,0.5866956042601892
1-0,1-0,0.0,0.46551960480260923,0.49131942126241757
0-1,0-1,0.0,0.4743440715731286,0.3994150861081438
1-0,1-0,0.0,0.44339026682621463,0.5308944401213005
0-1,1-0,0.0,0.46561995833182634,0.4713184998766158
1-0,1-0,0.0,0.3058091633357173,0.6553122568957472
1-0,0-1,0.0,0.49931712307280635,0.448803637496093
0-1,0-1,0.0,0.5014403526982197,0.4632446689907787
0-1,0-1,0.0,0.48476468008395823,0.4822868772397035
0-1,1-0,0.0,0.4296777104739541,0.44512372779610293
1/2-1/2,0-1,0.0,0.48681853135240294,0.4482949663826834
1-0,1-0,0.0,0.4620072676697022,0.473459121104914
1-0,0-1,0.0,0.481452234416131,0.4746897427212068
1-0,0-1,0.0,0.4905103150955941,0.4196884180200812
1-0,1-0,0.0,0.40995651284326157,0.46048255083292966
0-1,0-1,0.0,0.483817193512896,0.4668130666039444
0-1,1-0,0.0,0.4661329856953322,0.49448294879615656
1-0,0-1,0.0,0.5150777099960354,0.44800806477775246
1-0,1-0,0.0,0.4684181666868509,0.4758677640152349
0-1,1-0,0.0,0.45896938544257765,0.4859300605572886
1-0,0-1,0.0,0.4917459431269925,0.46290083623199263
0-1,1-0,0.0,0.4627631728183521,0.5034252321846024
0-1,0-1,0.0,0.5056971634590192,0.45438812031467446
1/2-1/2,1-0,0.0,0.46404081017276344,0.47518913437003657
0-1,0-1,0.0,0.5027354978706753,0.45780239718675403
0-1,0-1,0.0,0.5041326865360032,0.41108387085897585
1-0,1-0,0.0,0.46006696806619213,0.5073432242003276
0-1,1-0,0.0,0.41316253625787164,0.5533319421662866
1/2-1/2,0-1,0.0,0.48431039578148877,0.482044155857947
0-1,0-1,0.0,0.5056807795202198,0.45790119703857496
1-0,0-1,0.0,0.48857426101599905,0.445893041869873
0-1,0-1,0.0,0.5108971552290659,0.4518846160525037
0-1,1-0,0.0,0.4772977940737964,0.4782601575130391
0-1,0-1,0.0,0.47127445351888764,0.45773640401067245
0-1,1-0,0.0,0.4678031876355918,0.49599414399755737
1-0,1-0,0.0,0.44141438607801126,0.5087848659821496
1-0,1-0,0.0,0.47586465346341794,0.48479076453256553
0-1,1-0,0.0,0.46927153707350977,0.4989793834489418
1-0,0-1,0.0,0.4804801283981156,0.4736860264921092
0-1,0-1,0.0,0.48525619925274455,0.47981447218632645
1-0,0-1,0.0,0.5086389351378472,0.4480004449536284
1-0,0-1,0.0,0.49341200935206037,0.46178372791962313
0-1,1-0,0.0,0.4712209114282669,0.4948885894625204
1-0,0-1,0.0,0.5028278547428544,0.45441120881701674
0-1,0-1,0.0,0.5057510487442176,0.42783174512714633
1-0,0-1,0.0,0.5030942508246345,0.44272001255129506
0-1,1-0,0.0,0.46320936144794034,0.47561195526526695
0-1,1-0,0.0,0.4735974764116075,0.4963355779938146
1-0,1-0,0.0,0.4569629447549784,0.5157012918438123
1-0,1-0,0.0,0.4099174497546886,0.5696445223835296
1-0,1-0,0.0,0.47077412944814256,0.4942072282559795
1-0,1-0,0.0,0.46723967400041483,0.49526581931893976
0-1,0-1,0.0,0.48233299775443633,0.45394843384202743
0-1,0-1,0.0,0.5351623030983121,0.4198602873774709
0-1,1-0,0.0,0.43605558845631665,0.5356076138733056
1-0,1-0,0.0,0.12078418706293434,0.8783721964155582
0-1,0-1,0.0,0.49846291525109165,0.44326242142064876
1-0,0-1,0.0,0.4850552280079678,0.4829863297555412
1-0,1-0,0.0,0.4422857493657157,0.49671303939693473
0-1,1-0,0.0,0.44052622501368044,0.4964433067807279
1-0,0-1,0.0,0.4695270701803264,0.46906522977306564
0-1,0-1,0.0,0.4901036228226102,0.4749214069859891
0-1,0-1,0.0,0.5098709317541231,0.45137322224795906
0-1,0-1,0.0,0.4871077895386906,0.4738594769898261
1-0,0-1,0.0,0.509485815680563,0.4556469108721434
0-1,1-0,0.0,0.447958845435617,0.4861755678774891
0-1,1-0,0.0,0.45048467189910496,0.5216585370995495
0-1,0-1,0.0,0.5294823417258893,0.4235624682579586
1-0,1-0,0.0,0.47646328549614075,0.48386704179323825
1-0,1-0,0.0,0.4621095711213635,0.5018938827308073
0-1,1-0,0.0,0.43974739125267925,0.5299017826280771
1-0,0-1,0.0,0.5005518551448822,0.4468053705776196
1-0,1-0,0.0,0.4669560688798793,0.5018492774775308
1-0,0-1,0.0,0.481356710336104,0.4670342632788028
0-1,1-0,0.0,0.4714454230868489,0.4887606804277683
1-0,0-1,0.0,0.47218560813299926,0.4721408632250182
0-1,0-1,0.0,0.4747516046448601,0.47079957817562584
0-1,0-1,0.0,0.5059608959712572,0.43472118259143966
1-0,1-0,0.0,0.39384519198697054,0.5824070520781583
1-0,1-0,0.0,0.4447928046350275,0.5244458678302688
0-1,0-1,0.0,0.480670583030847,0.435948833131648
1-0,0-1,0.0,0.4818498175507772,0.4755694418424935
0-1,0-1,0.0,0.4802347559964359,0.4608411662139035
1-0,1-0,0.0,0.4457266386586956,0.5189951227969304
1-0,1-0,0.0,0.46791789258568506,0.47561799963939017
1-0,0-1,0.0,0.5056732375113192,0.44001994470175204
1-0,0-1,0.0,0.4903915780381097,0.473834498538365
0-1,1-0,0.0,0.47911946644163106,0.48534616944317255
0-1,1-0,0.0,0.4093071393399564,0.5448360083389324
1-0,1-0,0.0,0.46810040985095025,0.49537444017421556
1-0,0-1,0.0,0.5183157243767947,0.42219728533093087
1-0,1-0,0.0,0.4522534838023391,0.5037198557594781
0-1,1-0,0.0,0.4672591235034011,0.5034491749540132
0-1,0-1,0.0,0.502504913349009,0.4142084614593842
0-1,0-1,0.0,0.5118399349530348,0.43159864480224785
0-1,0-1,0.0,0.5073668444377553,0.45699037180160373
0-1,1-0,0.0,0.41169049593169393,0.5516640200193296
0-1,1-0,0.0,0.4725247498784343,0.4955350471018221
1-0,0-1,0.0,0.4881491681005029,0.4713869500091838
1-0,1-0,0.0,0.45437332714863676,0.4695646800977162
1-0,0-1,0.0,0.4755662142615012,0.46804581536570516
1-0,0-1,0.0,0.49632655769363787,0.45853145357030156
0-1,0-1,0.0,0.4738175846332567,0.46539732712969323
1-0,0-1,0.0,0.48944409121451665,0.46899674112246953
0-1,1-0,0.0,0.48095072305056846,0.4864041115474335
1-0,1-0,0.0,0.38468800457357283,0.5784294151206635
0-1,0-1,0.0,0.45333022843210424,0.4272375784414024
1-0,1-0,0.0,0.4207318436483547,0.5130409242903436
1-0,0-1,0.0,0.4748372420226898,0.46501434986235224
1-0,1-0,0.0,0.4300212319401885,0.5323171883907488
1-0,1-0,0.0,0.40519692958865244,0.5737175955906759
0-1,1-0,0.0,0.46471395511022145,0.4712077397719903
0-1,1-0,0.0,0.42453239014039496,0.4710087373624799
0-1,1-0,0.0,0.4782317666987887,0.4907660023883875
1-0,1-0,0.0,0.4590199141959428,0.49111096598326215
1-0,1-0,0.0,0.4696700892358076,0.5009948141103142
0-1,1-0,0.0,0.353754650548178,0.6247664707376893
1-0,1-0,0.0,0.46081741476129773,0.48653930336570866
1-0,1-0,0.0,0.47505907353429616,0.4915466112777436
1/2-1/2,0-1,0.0,0.5057820174338,0.45942661244638494
1-0,0-1,0.0,0.5051566525095565,0.4318438494888717
1-0,0-1,0.0,0.4951459446495927,0.44397945241976583
0-1,1-0,0.0,0.4524414976347936,0.5109614151269397
0-1,1-0,0.0,0.43032924705207326,0.5355129186223626
1-0,0-1,0.0,0.5038746321116041,0.4382333350807021
1-0,1-0,0.0,0.4427976891498719,0.5100540199787054
1-0,1-0,0.0,0.4238776639107968,0.5540841922016365
0-1,0-1,0.0,0.4813969342113449,0.47532255268434137
0-1,1-0,0.0,0.46604751943826617,0.4896253577088577
1-0,1-0,0.0,0.4590958039706173,0.5096141523609846
1-0,1-0,0.0,0.47425681119056606,0.4906979680971346
0-1,0-1,0.0,0.4957973024816959,0.44477740562333207
0-1,1-0,0.0,0.48195643330032006,0.4830288667140188
1-0,1-0,0.0,0.3259698233369715,0.6500136971177758
0-1,0-1,0.0,0.5015982687555314,0.48146813747920253
0-1,0-1,0.0,0.47298774244926306,0.4698490979636326
1-0,0-1,0.0,0.525030300756566,0.43644440976602383
1-0,1-0,0.0,0.42980696032936605,0.5472219370165877
1/2-1/2,1-0,0.0,0.4595755010430394,0.4605069954985991
1-0,0-1,0.0,0.49824385492073364,0.4603146891310355
1-0,0-1,0.0,0.48013652754030084,0.47739293360631213
1-0,0-1,0.0,0.5117318661655113,0.453179576296546
0-1,0-1,0.0,0.4679601758101845,0.4677182701009194
0-1,1-0,0.0,0.4712086065265417,0.4938162944188005
1-0,1-0,0.0,0.4483526543057757,0.5087998440781036
1-0,0-1,0.0,0.47812742519581847,0.4648396013642538
1-0,1-0,0.0,0.4651039917403807,0.49260468391327605
1-0,0-1,0.0,0.4990576292818387,0.46498540587967346
1-0,1-0,0.0,0.2965358061615072,0.6691751938886297
0-1,1-0,0.0,0.4722484012388087,0.4730374301249978
1-0,0-1,0.0,0.48627504026629526,0.4753606823840443
1-0,0-1,0.0,0.4918868845092658,0.46942976034335554
1-0,0-1,0.0,0.4854269493749783,0.477584781048699
0-1,0-1,0.0,0.4986596167901025,0.4672773834148299
0-1,1-0,0.0,0.4772152874453313,0.4915700099312337
1-0,0-1,0.0,0.49257403042459985,0.46121399475983665
1-0,1-0,0.0,0.4754334481121014,0.48156079035685434
0-1,0-1,0.0,0.47435475052298576,0.4556520129568863
1-0,1-0,0.0,0.3827497907224675,0.5982194211258697
0-1,1-0,0.0,0.47212554627883146,0.4973422826233793
1-0,0-1,0.0,0.5069003315794588,0.4383544640416713
1-0,0-1,0.0,0.5065564284142601,0.4437576473340998
1-0,1-0,0.0,0.46270917271377016,0.48325557552069814
0-1,0-1,0.0,0.5139691017643234,0.43822330056566416
0-1,1-0,0.0,0.47227940855262907,0.489593668892573
0-1,0-1,0.0,0.5296187440695295,0.4307625756020686
1-0,1-0,0.0,0.40545731835457965,0.5721756665327945
1-0,1-0,0.0,0.4270953167174398,0.5458300384786374
0-1,1-0,0.0,0.4656724289573057,0.5047486006007067
0-1,1-0,0.0,0.4101123616270724,0.5699247641517836
0-1,0-1,0.0,0.5082634214996431,0.43642793263942664
0-1,0-1,0.0,0.4799207851743859,0.4661961383040803
0-1,0-1,0.0,0.48327669750109387,0.4702746784685044
1-0,1-0,0.0,0.44259949134909815,0.5324822560065693
1/2-1/2,0-1,0.0,0.49489252937449946,0.44670600299530255
1-0,1-0,0.0,0.4642627728375599,0.4994315520512026
0-1,1-0,0.0,0.4760609822774482,0.48606747366439657
0-1,0-1,0.0,0.4869990752018368,0.4809310092455874
1-0,1-0,0.0,0.46263252689998535,0.4899190839890846
0-1,0-1,0.0,0.47205146194757913,0.4650884862248182
1/2-1/2,1-0,0.0,0.4724375231393928,0.49777560123555803
0-1,0-1,0.0,0.48944087120519775,0.47782816304005643
0-1,1-0,0.0,0.4769720150187709,0.48302480803237324
0-1,1-0,0.0,0.42049285985838175,0.5058298878820602
0-1,1-0,0.0,0.4235321179966093,0.5528831545799379
1-0,0-1,0.0,0.48859450493790124,0.47518748625561724
1-0,1-0,0.0,0.48296455729610077,0.4840919140145575
0-1,0-1,0.0,0.4834716299074264,0.480589264167259
1-0,0-1,0.0,0.4872985262027178,0.4696046356402343
1-0,0-1,0.0,0.5184886235004945,0.44239232334742806
0-1,0-1,0.0,0.4703833619360429,0.44248531290277904
0-1,1-0,0.0,0.3977224388970726,0.5611480092339858
0-1,0-1,0.0,0.4937743758721874,0.455299107828819
0-1,0-1,0.0,0.5019699445940418,0.45231575654397027
1-0,1-0,0.0,0.34811460489542534,0.608118578313212
1-0,0-1,0.0,0.49244821588442556,0.4745669009622637
0-1,1-0,0.0,0.47132042416112874,0.4822229284802335
1/2-1/2,1-0,0.0,0.44326125585244247,0.51160956848321
0-1,1-0,0.0,0.46252767934561245,0.4811476215471048
0-1,1-0,0.0,0.46979067204305464,0.49106659391171553
1-0,1-0,0.0,0.44467064211965324,0.5075267595153646
1-0,0-1,0.0,0.5034559612230877,0.4595412118822005
1-0,0-1,0.0,0.49321676891020577,0.46081162602576603
1-0,0-1,0.0,0.49427939175902597,0.46933310980869153
0-1,0-1,0.0,0.4872412449568967,0.4613569620808059
1-0,0-1,0.0,0.4862712177892707,0.47880811556739983
1-0,1-0,0.0,0.4735211907562078,0.48156429893528535
0-1,1-0,0.0,0.46978565352210916,0.4914265098642038
0-1,0-1,0.0,0.48957593941955313,0.4700349304113677
1-0,0-1,0.0,0.47193675429466964,0.4678783662641951
0-1,1-0,0.0,0.48313538757979246,0.48508162391869
0-1,0-1,0.0,0.46410968840957567,0.4166483357063098
0-1,0-1,0.0,0.4878120093851931,0.47658921040048813
0-1,0-1,0.0,0.48741557217113646,0.44229831379937595
0-1,0-1,0.0,0.5023985429242432,0.4852560359905323
1-0,1-0,0.0,0.19912646512317703,0.7940613503036614
1-0,0-1,0.0,0.5128700354701146,0.44309049066645567
1-0,0-1,0.0,0.49036795942412936,0.45202544426653846
1-0,1-0,0.0,0.4632608827301419,0.5083931304205883
1-0,1-0,0.0,0.3907253684926186,0.5893625351292832
0-1,1-0,0.0,0.4500014912083621,0.5237276367210787
1-0,0-1,0.0,0.51877474630936,0.4416304186962137
0-1,1-0,0.0,0.4519203055305138,0.5089402261638998
1-0,0-1,0.0,0.4931797775889174,0.4698242309592921
0-1,1-0,0.0,0.4498144676557213,0.4969819387696729
1-0,1-0,0.0,0.43191100621495504,0.5434780489390113
1-0,0-1,0.0,0.49910339777929885,0.4618860523655766
1-0,0-1,0.0,0.4837408122360052,0.48068179623152985
0-1,1-0,0.0,0.4621187173682419,0.5077780506914364
1-0,0-1,0.0,0.5253435445257618,0.4352698048727079
1-0,1-0,0.0,0.46291941241932083,0.4880294891936218
0-1,1-0,0.0,0.44941441672962784,0.5068857111754301
0-1,1-0,0.0,0.4519949509063532,0.4965527774376687
0-1,0-1,0.0,0.49507260329899694,0.46353530790822434
0-1,0-1,0.0,0.4998926728332681,0.46426983042497766
0-1,1-0,0.0,0.4700933631622142,0.49806920494479384
0-1,1-0,0.0,0.42787791168646033,0.5419553957166057
0-1,1-0,0.0,0.4728361177559945,0.48899840158065283
0-1,0-1,0.0,0.4940695178894867,0.4706511129820214
1-0,0-1,0.0,0.4889052602208789,0.4725710769842448
1-0,1-0,0.0,0.41454369241967265,0.5621915172367374
0-1,1-0,0.0,0.46625717782456366,0.497502877728445
0-1,1-0,0.0,0.4757139792437558,0.4862502532325387
0-1,0-1,0.0,0.4953305376014518,0.4709857582717757
1-0,1-0,0.0,0.47746514375952326,0.4791567200530952
0-1,0-1,0.0,0.5006115597124489,0.4457245763888453
0-1,1-0,0.0,0.48099733369596265,0.48563806558160827
1-0,1-0,0.0,0.46934175963745384,0.48886238012963595
1-0,1-0,0.0,0.42297615500894636,0.4987264797467789
1-0,1-0,0.0,0.46527360021710584,0.4827698848707321
1-0,1-0,0.0,0.46655685555889786,0.5042191419617968
1-0,0-1,0.0,0.48628845011376454,0.4717520810876633
1-0,0-1,0.0,0.4890207964141606,0.4597381039270861
0-1,0-1,0.0,0.4870302644233541,0.4576559777809045
1-0,1-0,0.0,0.4643607967220555,0.5053429290947397
1-0,0-1,0.0,0.4864986733963768,0.4728915146760324
0-1,0-1,0.0,0.4967799268521936,0.4103426978439061
0-1,0-1,0.0,0.48767255969914275,0.4638239199687319
0-1,0-1,0.0,0.5075285601135547,0.445349729430116
1-0,1-0,0.0,0.4764055552907401,0.48220215007446215
0-1,1-0,0.0,0.47639502867960126,0.491423216850129
0-1,0-1,0.0,0.5035227473961096,0.4617079038678371
1-0,0-1,0.0,0.5069306594661147,0.4569001871854163
0-1,0-1,0.0,0.5372006486381605,0.4257538380977411
0-1,1-0,0.0,0.43992951525517265,0.5028244464627107
1-0,0-1,0.0,0.49496756585944934,0.4716641976007059
0-1,1-0,0.0,0.47581841441152833,0.4824413301629213
1-0,1-0,0.0,0.37469008595593406,0.5645934048807407
1/2-1/2,0-1,0.0,0.48348265424353565,0.4728442050927565
1-0,1-0,0.0,0.464364914428429,0.48171027711130354
0-1,1-0,0.0,0.4402476945157563,0.5342438305006116
0-1,1-0,0.0,0.4628255657181406,0.47105626778691284
1-0,0-1,0.0,0.48403250939417874,0.48289360062501335
1-0,1-0,0.0,0.4764550677887265,0.4823335800860754
1-0,1-0,0.0,0.19143827904471253,0.8054324054410842
1-0,0-1,0.0,0.46735115944126654,0.4499399151709454
1-0,0-1,0.0,0.4814006810397306,0.47622918842816747
1-0,1-0,0.0,0.4714409202842185,0.49607907470714474
1-0,1-0,0.0,0.4745124608082351,0.47748614344507107
1-0,1-0,0.0,0.4473673971006071,0.46746376705467735
1-0,1-0,0.0,0.4788057942455637,0.4902846900932789
1-0,0-1,0.0,0.5255487369411134,0.4358829364559244
0-1,1-0,0.0,0.3876995022423533,0.43990860715280394
0-1,0-1,0.0,0.4942000552082217,0.41023471222681457
1-0,1-0,0.0,0.34051121315103844,0.6296556617143815
1-0,0-1,0.0,0.5031931800881692,0.4597261769712302
0-1,0-1,0.0,0.4945026763924795,0.4516930494435877
1-0,0-1,0.0,0.4861064710223169,0.43879805455491944
1-0,1-0,0.0,0.35683909649468304,0.6193401419716132
1-0,1-0,0.0,0.4525248564666805,0.5024322880171964
1-0,1-0,0.0,0.4700381845699917,0.4826603680623694
1-0,1-0,0.0,0.46764440690777037,0.4768539485881305
0-1,1-0,0.0,0.44203372238228017,0.5089538617641703
0-1,1-0,0.0,0.4367304477725717,0.5310928122259967
1-0,1-0,0.0,0.4479853836716023,0.4945010131047134
0-1,1-0,0.0,0.4625907996256704,0.5051712777914538
1-0,0-1,0.0,0.4917506850543746,0.4726820077170483
0-1,1-0,0.0,0.4693817221682414,0.4820991681428054
1-0,0-1,0.0,0.5186950245359883,0.44594692740832004
1-0,0-1,0.0,0.5197091082368784,0.441187210558022
1-0,1-0,0.0,0.36610229499434443,0.6179292273074593
0-1,1-0,0.0,0.48251068317138,0.4861040012631908
1-0,0-1,0.0,0.472760673909984,0.4551313551699859
1-0,0-1,0.0,0.4906778724698874,0.46811966719493636
0-1,0-1,0.0,0.5058433587458718,0.4432135645114909
0-1,1-0,0.0,0.45562049923344894,0.4977762814104576
1-0,0-1,0.0,0.4953991618826603,0.4468481944727566
0-1,1-0,0.0,0.40191148996522474,0.5202812961035744
0-1,0-1,0.0,0.4976789366254338,0.4673056102517745
1-0,0-1,0.0,0.48786723867679094,0.4527964874918874
0-1,1-0,0.0,0.4817693654773364,0.48502157933951423
1-0,0-1,0.0,0.4872852816894536,0.44985469784655757
1/2-1/2,1-0,0.0,0.48015021416078113,0.48135758507519866
1-0,0-1,0.0,0.49004177520747927,0.47511735759208423
1-0,0-1,0.0,0.5280005273228294,0.43659454061003794
1-0,0-1,0.0,0.4833715024009394,0.4771324170531646
1-0,1-0,0.0,0.4791127228267697,0.4829486718982451
0-1,0-1,0.0,0.4935032797561732,0.4708540205450434
0-1,0-1,0.0,0.49792777876456523,0.4620879244809887
0-1,1-0,0.0,0.44873216443181885,0.5225009945074728
0-1,0-1,0.0,0.4986938337649434,0.4513414821660428
1-0,1-0,0.0,0.4470512454019701,0.5171133701174433
1-0,0-1,0.0,0.4821275599605866,0.4695640447168055
1-0,1-0,0.0,0.4639538474198179,0.5025662145260016
1-0,1-0,0.0,0.46866004205442213,0.4962960304865569
1-0,1-0,0.0,0.4389711345827421,0.5562887144397106
0-1,1-0,0.0,0.4592296061761817,0.4916757469142256
1/2-1/2,0-1,0.0,0.47467366559922475,0.442296552136602
0-1,1-0,0.0,0.4360064118603175,0.48992627811093803
1-0,0-1,0.0,0.505965340091714,0.45419640121995364
0-1,0-1,0.0,0.514874340068274,0.4431424830777895
0-1,1-0,0.0,0.47211818723484505,0.5188294303315606
0-1,1-0,0.0,0.47858147724336036,0.4816214773614767
0-1,1-0,0.0,0.4614755620422616,0.4981923369678518
1-0,0-1,0.0,0.5063322629672026,0.45239282246377965
1-0,1-0,0.0,0.09659348864787339,0.9030469559352807
0-1,1-0,0.0,0.43445073327231487,0.5248461216471908
1-0,0-1,0.0,0.48509950969174864,0.4830452410434369
1-0,0-1,0.0,0.4669336759300564,0.46428339788507106
0-1,1-0,0.0,0.45450989854060064,0.495463220651267
1-0,1-0,0.0,0.46159928174617704,0.5018679507217495
1-0,1-0,0.0,0.4281981982627092,0.538063170496153
1-0,0-1,0.0,0.5136736063568907,0.4471696808610292
1-0,1-0,0.0,0.3767499998926088,0.5991741881732484
0-1,0-1,0.0,0.4812668305364553,0.4803672591655448
1-0,1-0,0.0,0.28307008005784773,0.7096324621468416
1-0,0-1,0.0,0.49190412384185406,0.464783624301869
1-0,1-0,0.0,0.464640335688379,0.5063554330892835
1-0,1-0,0.0,0.4665830650217054,0.4975187518298032
1-0,1-0,0.0,0.4583152772366233,0.5096712303127665
0-1,1-0,0.0,0.46025759695816065,0.5028958769104601
0-1,1-0,0.0,0.4698458648212858,0.47739505923447656
0-1,1-0,0.0,0.46898637242833596,0.48608768312103384
1-0,1-0,0.0,0.4494522174677657,0.5064029509390154
1-0,0-1,0.0,0.4726493808727378,0.467064783056677
1-0,0-1,0.0,0.48519535814033904,0.47870148713139776
0-1,0-1,0.0,0.4878368854086929,0.47958374635732437
1-0,1-0,0.0,0.4145576607148427,0.5641532639812694
1-0,1-0,0.0,0.4349681492272804,0.51371349563953
1-0,0-1,0.0,0.500619127768804,0.46286389578183795
0-1,0-1,0.0,0.47094831831007533,0.45910275383120597
0-1,0-1,0.0,0.4744926090775321,0.4713897637128935
1/2-1/2,1-0,0.0,0.47427989570835405,0.49087711496732006
0-1,0-1,0.0,0.4881859105242483,0.46825348450148585
1-0,1-0,0.0,0.4620934389954003,0.47547611135140366
1-0,0-1,0.0,0.47591679856188723,0.43859860475210605
1-0,1-0,0.0,0.4020228623668951,0.5499221834641769
0-1,1-0,0.0,0.44765453834157803,0.5011588346954484
1-0,1-0,0.0,0.4483807807504804,0.5073771664955364
1-0,0-1,0.0,0.49489803748009403,0.45335592010685327
0-1,0-1,0.0,0.5396183182391663,0.42610248408496576
1-0,1-0,0.0,0.4718389909977148,0.48113737620516484
1-0,1-0,0.0,0.4532521979882146,0.4954691747835202
0-1,1-0,0.0,0.45316586902888134,0.5152244641926812
0-1,1-0,0.0,0.46042777957583436,0.5097476990917709
0-1,1-0,0.0,0.4722667826268816,0.4797970580925697
0-1,1-0,0.0,0.47361868563399545,0.49152975435795127
1-0,1-0,0.0,0.4362396751383597,0.5199283278302396
1-0,0-1,0.0,0.4817486708059675,0.4804447051493184
0-1,1-0,0.0,0.47412776144214097,0.4863418209922983
1-0,1-0,0.0,0.4521113358822339,0.5207261798823313
0-1,1-0,0.0,0.4676494828437112,0.5033343763554151
0-1,1-0,0.0,0.4513962129838863,0.5101826049502932
1-0,1-0,0.0,0.43945673613282515,0.49711209885506813
1-0,0-1,0.0,0.48090883344609997,0.44370485789226205
0-1,1-0,0.0,0.4183176385654694,0.5595474399831444
1-0,1-0,0.0,0.4330238181361155,0.5369652773828116
0-1,0-1,0.0,0.5011908382305865,0.45855345376599527
0-1,0-1,0.0,0.49654348114657104,0.4596875326844008
1-0,1-0,0.0,0.47130576186198575,0.4731607551036642
0-1,1-0,0.0,0.45743624966768276,0.5151914047655523
1-0,1-0,0.0,0.4811255256726627,0.4815880060919578
1-0,0-1,0.0,0.47323412429527195,0.4722492286620166
1-0,1-0,0.0,0.4313856389319252,0.5352509095233154
0-1,1-0,0.0,0.16892704574137685,0.8309351071164123
0-1,1-0,0.0,0.4169769363551427,0.5747244924720624
1-0,0-1,0.0,0.49403427572350755,0.46902722110288947
1-0,1-0,0.0,0.32149214380904234,0.6687821128826088
0-1,1-0,0.0,0.45561406016461187,0.4848466751213738
1-0,1-0,0.0,0.46278321990449234,0.49794964930167335
1-0,1-0,0.0,0.4711117164058236,0.4931632570882065
0-1,1-0,0.0,0.45690524132448274,0.494412251874215
1-0,1-0,0.0,0.45832703812595177,0.5099486316320861
1-0,0-1,0.0,0.48906640211686553,0.442975376880013
1-0,1-0,0.0,0.4548597226957234,0.5119908288812184
0-1,1-0,0.0,0.4467780416028203,0.5237357245527982
1-0,0-1,0.0,0.5040779019396225,0.41046664400556787
1-0,0-1,0.0,0.4947520603473111,0.43097851992604863
0-1,0-1,0.0,0.4850795494898475,0.47042430522269874
1-0,1-0,0.0,0.4638156932000692,0.4962707554593003
1-0,0-1,0.0,0.5100987548746176,0.4313950607759506
1-0,0-1,0.0,0.49345256030701884,0.45337307992077946
1-0,0-1,0.0,0.4916566964402549,0.470156659426175
0-1,1-0,0.0,0.4824640933323045,0.4839461199681444
1-0,1-0,0.0,0.1061540478684769,0.8933104639917336
1-0,1-0,0.0,0.4298845752983221,0.4988457086663359
0-1,1-0,0.0,0.22309248293158218,0.7732100119491655
1-0,1-0,0.0,0.4666818899300197,0.49780136104473705
0-1,1-0,0.0,0.47307807352761005,0.4864233577978959
1-0,1-0,0.0,0.4623685313400857,0.5011195723088068
0-1,0-1,0.0,0.49290671521986884,0.4723036548374243
0-1,0-1,0.0,0.4825280284804574,0.4785946229500133
0-1,0-1,0.0,0.48751369545216816,0.4730022716719766
1-0,1-0,0.0,0.4141993339322437,0.5652470597495736
0-1,0-1,0.0,0.4962453819594779,0.4548696479200987
1-0,0-1,0.0,0.48787858121755195,0.4798531033666362
1-0,1-0,0.0,0.42573005020492005,0.542775064183343
0-1,0-1,0.0,0.5015900583356395,0.4567198747013308
0-1,1-0,0.0,0.42421234879457864,0.5529552350223587
1-0,1-0,0.0,0.46720510824041217,0.4858672375735555
0-1,1-0,0.0,0.47007035816214315,0.48786326113081413
0-1,1-0,0.0,0.4801492884607122,0.48656313447313343
1-0,1-0,0.0,0.41725474371254123,0.5270683631112837
1-0,1-0,0.0,0.23132627546358453,0.7630772193218821
0-1,1-0,0.0,0.2717716255378789,0.7276631393207348
1-0,0-1,0.0,0.5149381001474991,0.44115476143018173
0-1,1-0,0.0,0.4732789721979404,0.4752446465322206
1-0,0-1,0.0,0.47374420712318455,0.4560235355082388
0-1,1-0,0.0,0.4094897333279938,0.5541881826777242
1-0,1-0,0.0,0.46923716235477675,0.48774307624549035
1-0,0-1,0.0,0.48254979767468464,0.47542164161099537
1-0,0-1,0.0,0.5255322261514092,0.4367660402257049
0-1,0-1,0.0,0.4878587955913355,0.4684285608944065
0-1,0-1,0.0,0.4956235292533374,0.4344885736025602
1-0,1-0,0.0,0.4792385916387825,0.48857024691300177
1-0,1-0,0.0,0.4615576550126764,0.5070259960951738
1-0,0-1,0.0,0.4712874357837238,0.46764331612762966
0-1,0-1,0.0,0.5291746445975093,0.43057085358504704
1-0,0-1,0.0,0.49446602689698405,0.44813568741640913
1-0,1-0,0.0,0.4382321168812089,0.503691582739183
0-1,1-0,0.0,0.4683491616192677,0.4746660404702036
1-0,1-0,0.0,0.4670580010104668,0.48603821173881334
0-1,0-1,0.0,0.49661319189121295,0.4669008899072201
1-0,1-0,0.0,0.4713475220724937,0.4849610880338122
0-1,1-0,0.0,0.473292623226586,0.4951253272000638
1-0,1-0,0.0,0.475692639382427,0.4836767175270822
1-0,0-1,0.0,0.5031783671984281,0.4552482505408635
1-0,1-0,0.0,0.4604380252014123,0.5062026152129515
1-0,1-0,0.0,0.46157065153424104,0.5061376488998872
1-0,0-1,0.0,0.47863967332727425,0.4543273980413847
1-0,1-0,0.0,0.4789502334685606,0.4901891598926722
0-1,1-0,0.0,0.4776873504665606,0.4816667239529421
1-0,0-1,0.0,0.484260047089833,0.4698016181493719
1-0,1-0,0.0,0.4662412291682262,0.4933481330861051
0-1,0-1,0.0,0.5265562770830541,0.4353047019433641
1-0,0-1,0.0,0.4867841959390755,0.4731861615565889
0-1,0-1,0.0,0.5159123145415435,0.44700046587862785
0-1,1-0,0.0,0.44335653654236407,0.5199820529213768
1/2-1/2,0-1,0.0,0.5030982127429103,0.44456275150641444
1-0,0-1,0.0,0.5188096661039262,0.4282548838236867
0-1,1-0,0.0,0.18711826679853505,0.8127679758666378
1-0,0-1,0.0,0.4897465685235024,0.45568724717927345
1-0,1-0,0.0,0.45635919094575567,0.5091375909546342
0-1,1-0,0.0,0.4326665456025548,0.5395492185398844
0-1,0-1,0.0,0.4965345632161821,0.4694770777314373
1-0,1-0,0.0,0.4615570073299516,0.48621278923941474
1-0,1-0,0.0,0.46304813199605305,0.48291890258597303
1-0,0-1,0.0,0.4998437693965291,0.45987985289795447
1/2-1/2,0-1,0.0,0.4927850633219788,0.45868139279301834
1-0,1-0,0.0,0.460250479390012,0.5100524555090068
0-1,0-1,0.0,0.481739435112289,0.4581253547860744
0-1,0-1,0.0,0.5195657439279144,0.4429576807754927
1-0,1-0,0.0,0.38292043814622617,0.5988411307670383
0-1,1-0,0.0,0.4733986549093474,0.4941806987771577
0-1,1-0,0.0,0.4665933344721059,0.4951955830608952
0-1,1-0,0.0,0.4554321511484581,0.5098142401049035
0-1,0-1,0.0,0.5244832649392696,0.43473925646466194
1-0,1-0,0.0,0.46161360397821427,0.4818777919918401
1/2-1/2,0-1,0.0,0.4832381922963978,0.4754375634635965
1-0,0-1,0.0,0.4760657351325652,0.47086251437768667
1-0,0-1,0.0,0.4826808326846543,0.4779732006298141
0-1,0-1,0.0,0.5086546385329356,0.4565506650038379
1-0,1-0,0.0,0.4531749704223206,0.4929561913326272
0-1,0-1,0.0,0.47882166701921447,0.472537515195899
1-0,1-0,0.0,0.46295563288254443,0.4974092736797294
1-0,0-1,0.0,0.4938322982349896,0.4576518075257854
0-1,0-1,0.0,0.5046945668005531,0.4433491749237831
1-0,1-0,0.0,0.47079936865170935,0.4996332563795988
0-1,0-1,0.0,0.5259004006529842,0.4259590809274852
0-1,1-0,0.0,0.3489510188489193,0.6383249976007218
1-0,0-1,0.0,0.5190416955903607,0.4417641109715673
1-0,1-0,0.0,0.4775242689205984,0.48303735140974274
1-0,1-0,0.0,0.4693605079592199,0.4752308629234188
1-0,1-0,0.0,0.44888302706740335,0.5126256080107368
1-0,1-0,0.0,0.45334130182737314,0.5112760731463413
0-1,1-0,0.0,0.44282906358885143,0.5093251134908167
1-0,0-1,0.0,0.49341691160763235,0.4582717507230977
0-1,0-1,0.0,0.4865793037419268,0.4750526085249486
1-0,1-0,0.0,0.4220247539458511,0.5336500767322592
1-0,0-1,0.0,0.5096319317278218,0.4490169515581781
0-1,1-0,0.0,0.46725126046070453,0.5029424088583198
1-0,1-0,0.0,0.460096193261694,0.48733931503311245
1-0,1-0,0.0,0.43782423004460397,0.5269008043247799
0-1,0-1,0.0,0.5047031553377236,0.43571290853573813
1-0,0-1,0.0,0.4783735348843356,0.46931250874966834
1/2-1/2,0-1,0.0,0.49972757679321017,0.44245463107188726
0-1,1-0,0.0,0.46542195254911184,0.4852068631571719
1-0,1-0,0.0,0.42176856863592116,0.5175061469780439
1-0,1-0,0.0,0.3826780868946356,0.5815829264340207
0-1,1-0,0.0,0.46922398588984965,0.4783537400753406
0-1,0-1,0.0,0.494084562138416,0.41853807468200205
0-1,1-0,0.0,0.45986471160230663,0.5121179189385292
0-1,0-1,0.0,0.5100087371948444,0.4525900724298697
0-1,1-0,0.0,0.4389498457581665,0.5338297823714456
1-0,1-0,0.0,0.4478920433808549,0.5144966164061844
1-0,0-1,0.0,0.519226116604268,0.43669056878367213
0-1,1-0,0.0,0.4556175014105527,0.5162189774540056
0-1,1-0,0.0,0.45808198266965033,0.5097834742946241
0-1,1-0,0.0,0.4326341396395196,0.4411536920145475
1-0,1-0,0.0,0.4724167249348758,0.4910401578090272
0-1,1-0,0.0,0.4191256214465831,0.5399481061484706
1-0,1-0,0.0,0.455310609542028,0.4782143988030007
1-0,1-0,0.0,0.4527921378426526,0.52002426659131
0-1,1-0,0.0,0.4787306618288681,0.4866054603589263
1-0,0-1,0.0,0.4782155059225187,0.4645716969230805
1-0,0-1,0.0,0.48136506850243305,0.47904047347659956
0-1,1-0,0.0,0.4489652835475247,0.5248895410160075
1-0,0-1,0.0,0.486442898839152,0.48058852664064416
0-1,1-0,0.0,0.48047975996445313,0.483538021877976
0-1,1-0,0.0,0.4643078386852185,0.48942435056605305
0-1,0-1,0.0,0.49864247791506167,0.4600135933532612
0-1,0-1,0.0,0.49459735484764267,0.47044166089988526
0-1,1-0,0.0,0.4609218902109473,0.46917377956082407
1-0,0-1,0.0,0.5049916533318753,0.4462700826828812
0-1,0-1,0.0,0.5330239890196301,0.43679740168284487
1-0,0-1,0.0,0.4814636602628952,0.47211887352257764
1-0,1-0,0.0,0.4572276453120345,0.4669072306400487
1-0,1-0,0.0,0.4787349039828025,0.48683937610507716
0-1,0-1,0.0,0.4747188977124498,0.40561147126064345
0-1,0-1,0.0,0.46840892270449147,0.45295184721237514
1-0,0-1,0.0,0.5047892586847572,0.45934110593753297
1-0,1-0,0.0,0.4395467022238473,0.5334661169460897
1-0,1-0,0.0,0.4398329557811268,0.5341931428015064
1-0,1-0,0.0,0.47003255510966757,0.49955878077657123
1-0,0-1,0.0,0.5095226978184579,0.4268572540672385
1/2-1/2,0-1,0.0,0.48806657598366654,0.437171865383723
1-0,1-0,0.0,0.46802695746650746,0.5022807683558337
0-1,0-1,0.0,0.4822811083252925,0.4653514954954768
0-1,1-0,0.0,0.4359949603285924,0.4980401687362197
0-1,1-0,0.0,0.4712987209278794,0.4973420340588627
0-1,1-0,0.0,0.462913980427395,0.49110035405804825
0-1,1-0,0.0,0.4508956706056229,0.5012277748127567
1-0,1-0,0.0,0.4717555592683592,0.4742680188398825
1/2-1/2,1-0,0.0,0.44148537147041517,0.5157102431012555
0-1,1-0,0.0,0.408827914406527,0.5642217526774151
1-0,0-1,0.0,0.44992551435148137,0.4340270953061369
0-1,0-1,0.0,0.4942686228169602,0.4438273826598251
1-0,0-1,0.0,0.4966699754260129,0.4644103784048807
1-0,1-0,0.0,0.45870251494911624,0.4878357006354125
1-0,1-0,0.0,0.3447558889755665,0.6264447188419888
1-0,0-1,0.0,0.47245284726529646,0.46784350615636333
1-0,0-1,0.0,0.5078948171188402,0.41510965757254964
0-1,0-1,0.0,0.49408481499036955,0.47108751756713574
1-0,0-1,0.0,0.4854035081693621,0.4622795673724369
1-0,1-0,0.0,0.37889357279420044,0.5888654168536328
0-1,0-1,0.0,0.48176323364248247,0.47810788958363104
0-1,0-1,0.0,0.5090862441464088,0.444286343422581
1-0,0-1,0.0,0.48876969455668695,0.47200636728147916
1-0,0-1,0.0,0.49629874353580367,0.451591415313417
1-0,0-1,0.0,0.48180082859392703,0.47787774120576454
1-0,1-0,0.0,0.41209102370911954,0.4772454039450928
1-0,0-1,0.0,0.49074796737847465,0.46986363032240225
0-1,1-0,0.0,0.3354396696451898,0.663132622904111
1/2-1/2,1-0,0.0,0.4259427802960467,0.5297316202771021
1-0,1-0,0.0,0.4496642557532388,0.48261268922601064
1-0,0-1,0.0,0.48660404626369197,0.4757695619753584
0-1,1-0,0.0,0.4218986656522856,0.5537529571889793
1-0,1-0,0.0,0.46765737538114477,0.503280756873036
0-1,0-1,0.0,0.49534756988438927,0.4657578538612892
0-1,0-1,0.0,0.5416271999823826,0.42206746926479943
0-1,1-0,0.0,0.45917108074371354,0.5050087452169468
0-1,1-0,0.0,0.4650570832630637,0.5016232619116503
0-1,1-0,0.0,0.47325788403381036,0.4875926058256233
0-1,0-1,0.0,0.5265481085455535,0.4382029274691859
0-1,1-0,0.0,0.47296521475516595,0.47922897375128687
0-1,1-0,0.0,0.44021274828196705,0.5037881474069262
0-1,0-1,0.0,0.49895730531212545,0.4651549022142668
0-1,0-1,0.0,0.5258671692502271,0.43113356120960106
1-0,1-0,0.0,0.4623648892445549,0.5083940997802103
1-0,0-1,0.0,0.4982070661288308,0.4498750898838069
0-1,1-0,0.0,0.4541675260801101,0.49884880967904466
0-1,1-0,0.0,0.4474530410340787,0.5121368887150113
1-0,1-0,0.0,0.4742610455010185,0.4793659568854026
0-1,1-0,0.0,0.4373439284543972,0.4763817847068343
0-1,0-1,0.0,0.5127170438377384,0.42152875758000974
0-1,1-0,0.0,0.4572404857102236,0.4983659451546834
1-0,0-1,0.0,0.4774624836433898,0.4701482795758447
1-0,1-0,0.0,0.4411621090592074,0.5284490406808366
1-0,1-0,0.0,0.46442529689041145,0.49074998753129584
0-1,1-0,0.0,0.47118812548661704,0.49766892977510535
1-0,1-0,0.0,0.4552424781522525,0.515504757524823
1/2-1/2,1-0,0.0,0.4569238925016778,0.5158295673873963
1-0,1-0,0.0,0.4758244346322061,0.4911057600805668
0-1,0-1,0.0,0.4946002909002858,0.45993489537906507
0-1,0-1,0.0,0.5098274232528304,0.4498990738968797
1-0,1-0,0.0,0.363293066148013,0.6119288052585476
1-0,0-1,0.0,0.523824884206356,0.45772474453591633
1-0,1-0,0.0,0.0024222441370817913,0.9975777170541206
0-1,1-0,0.0,0.46865669555386236,0.4966585558687868
1-0,1-0,0.0,0.04751775794982421,0.9524234830934022
1-0,1-0,0.0,0.37041984027250263,0.6131819820539125
0-1,0-1,0.0,0.5409005336035768,0.43266924335459245
0-1,1-0,0.0,0.4168610856816409,0.5614327171889308
1-0,0-1,0.0,0.46818017050023475,0.460486187117034
1-0,0-1,0.0,0.4940063496452346,0.4686678385382393
1-0,0-1,0.0,0.487812430193369,0.4759504558895748
1-0,0-1,0.0,0.48958135409201475,0.4560897913494563
1-0,1-0,0.0,0.43951769246879974,0.5354090046038191
0-1,1-0,0.0,0.45712585043244713,0.5033186311346158
1-0,0-1,0.0,0.5134142343789279,0.429020949254042
1-0,0-1,0.0,0.5275364433240906,0.44631480462508105
1-0,0-1,0.0,0.5355209382667224,0.42881793233412346
0-1,0-1,0.0,0.5017133954778179,0.458221389176512
0-1,1-0,0.0,0.4428371586355476,0.5011463098418918
0-1,0-1,0.0,0.530283854199686,0.4346297576873425
0-1,0-1,0.0,0.49654715938003224,0.4568248159914976
1-0,1-0,0.0,0.44246458532642563,0.5035117136456609
0-1,1-0,0.0,0.46962904214134676,0.47496476496373263
1-0,1-0,0.0,0.44415664505178304,0.5053289853193351
1-0,1-0,0.0,0.47741367641114196,0.4886326639680839
0-1,0-1,0.0,0.48725736409867365,0.4046081883353409
0-1,0-1,0.0,0.5188075918509781,0.4355483388594702
1/2-1/2,0-1,0.0,0.45423558382123264,0.43549222337668264
1-0,1-0,0.0,0.4526960792779466,0.5102811035223592
1-0,0-1,0.0,0.49175125961272786,0.4618959547369841
1-0,1-0,0.0,0.460156673404284,0.4918164891678317
0-1,1-0,0.0,0.4819273073171226,0.4850969002155683
0-1,0-1,0.0,0.5137598804168673,0.4440293190832026
0-1,1-0,0.0,0.46141705510594183,0.5020529834853218
1-0,0-1,0.0,0.4933055584091737,0.46981420368387294
0-1,1-0,0.0,0.4741434579668985,0.4838937640552784
1-0,1-0,0.0,0.3894864903899644,0.593316774644617
0-1,1-0,0.0,0.4321691207924493,0.5431920683094311
1-0,0-1,0.0,0.4887292550205057,0.47100596635025677
1/2-1/2,1-0,0.0,0.4419188712121923,0.5264793329343004
1-0,1-0,0.0,0.45265027353192194,0.5202319409113977
0-1,1-0,0.0,0.4634820340987139,0.482060898198356
1-0,1-0,0.0,0.47350297139062364,0.4874122222312577
0-1,0-1,0.0,0.5107414118804501,0.4331885149171731
1-0,0-1,0.0,0.517204114919591,0.42356092653554006
0-1,1-0,0.0,0.4075265998185422,0.5151792157499692
1-0,0-1,0.0,0.4993461902550995,0.46529413303914735
0-1,1-0,0.0,0.442205018566304,0.5233762383339785
1-0,1-0,0.0,0.23331002122948838,0.7563472860782119
0-1,0-1,0.0,0.49066050184395554,0.473101927149915
0-1,1-0,0.0,0.419710976896712,0.44513128960136866
0-1,0-1,0.0,0.5195938261560488,0.4375004581297339
1-0,0-1,0.0,0.48789946814676033,0.45530329511186324
0-1,0-1,0.0,0.513268170454587,0.4461050452202067
0-1,1-0,0.0,0.455526623815093,0.5046683886536859
1-0,1-0,0.0,0.47626632820787074,0.4912596333940895
1-0,1-0,0.0,0.43793240180259757,0.5378682142344197
0-1,0-1,0.0,0.47100594488181335,0.4692088689450651
1-0,1-0,0.0,0.46582664120488004,0.5054562150440369
1-0,1-0,0.0,0.40988113746149596,0.570099359315038
1-0,1-0,0.0,0.4689023694352202,0.47365138856302264
1-0,1-0,0.0,0.43345824880930106,0.5046525728838881
1-0,0-1,0.0,0.478253717989449,0.4627966040700288
1-0,1-0,0.0,0.41259099465299154,0.4375382403632529
1-0,1-0,0.0,0.4778968128807452,0.488117039762708
1-0,1-0,0.0,0.46206715383739516,0.5068417439818836
1-0,0-1,0.0,0.5062886595253132,0.44702584762049197
0-1,1-0,0.0,0.38315768770897785,0.6134295338692939
1-0,1-0,0.0,0.03999658124289291,0.959965840469973
1-0,1-0,0.0,0.4816459093025028,0.4842487842255966
0-1,0-1,0.0,0.49806585487842725,0.4522737684487314
1-0,0-1,0.0,0.5063136751613894,0.44620129495694694
1-0,0-1,0.0,0.514268112904954,0.4435635678220261
0-1,1-0,0.0,0.4621893313692206,0.49389005526824253
1-0,1-0,0.0,0.45070054313836777,0.501728687864292
0-1,0-1,0.0,0.48845004114123164,0.4730280295249433
1-0,0-1,0.0,0.485741720980235,0.481954469113952
1-0,1-0,0.0,0.39910372488238866,0.5733646811259676
0-1,1-0,0.0,0.4643976001431774,0.5064507878891352
0-1,1-0,0.0,0.42760734944728174,0.5497073102469349
1-0,1-0,0.0,0.45726075336326405,0.49645923665845126
0-1,1-0,0.0,0.4721528455596566,0.4908995411563494
1-0,1-0,0.0,0.4726747147970606,0.4942882417705806
1-0,1-0,0.0,0.4192016787188138,0.5566740169618437
1-0,1-0,0.0,0.3796224691942047,0.5872306135507207
1-0,0-1,0.0,0.49136311891221746,0.4710324441246981
1-0,0-1,0.0,0.5024282688952237,0.4473220541283371
1-0,1-0,0.0,0.43981370337483794,0.5349493411476012
1-0,1-0,0.0,0.42907124599822755,0.4816020655762846
0-1,0-1,0.0,0.5270507541133791,0.43115578030093815
1-0,0-1,0.0,0.48524045960922013,0.47667319685837956
1-0,0-1,0.0,0.48681180878178565,0.4807393417222706
0-1,1-0,0.0,0.4526824571950436,0.5050418552630254
0-1,1-0,0.0,0.4701992071602873,0.4890569778693099
0-1,1-0,0.0,0.47366194686461005,0.4892026150152861
1-0,1-0,0.0,0.4762397068180604,0.48022436756280573
1-0,0-1,0.0,0.4677553084467689,0.41561304866485477
0-1,0-1,0.0,0.49357793986493653,0.45918044802556224
1-0,1-0,0.0,0.46963308204241166,0.48307068586919144
0-1,0-1,0.0,0.4867735593467635,0.47973487539748455
1-0,1-0,0.0,0.4701357397960339,0.4740046759466363
0-1,0-1,0.0,0.5085865578580634,0.44683841272627417
0-1,0-1,0.0,0.502938305954461,0.4427173801586083
0-1,1-0,0.0,0.4499608148098682,0.5185859683435993
0-1,1-0,0.0,0.4632128764031066,0.505276873221069
0-1,1-0,0.0,0.4574955383854903,0.4859500975807259
0-1,1-0,0.0,0.476603032049526,0.4886136977396643
1/2-1/2,1-0,0.0,0.45840968998023024,0.5123949608402795
1-0,1-0,0.0,0.17219502985609272,0.8261162224068308
1-0,1-0,0.0,0.4345917418733144,0.5237733906642483
0-1,1-0,0.0,0.47453339169318554,0.4896997352075309
1-0,0-1,0.0,0.4840981163267225,0.47071681557322886
0-1,1-0,0.0,0.4544862864052368,0.5141699715011526
0-1,0-1,0.0,0.5041433147320274,0.4495596439383052
0-1,0-1,0.0,0.48320280475978206,0.4800373669397467
1/2-1/2,0-1,0.0,0.49050707494833873,0.4621322049868325
0-1,0-1,0.0,0.4888361660471997,0.4731737545362874
1-0,1-0,0.0,0.4609946600336186,0.4776612595838797
1-0,1-0,0.0,0.29710418838155966,0.6851934153193455
0-1,1-0,0.0,0.42584647179759894,0.5410110511877632
1-0,0-1,0.0,0.49360041587334313,0.47227080610278316
1-0,0-1,0.0,0.49064426966973074,0.45522757122463003
0-1,1-0,0.0,0.45983686194669815,0.49384630233443655
1/2-1/2,0-1,0.0,0.4978430611578678,0.4605844078857396
0-1,0-1,0.0,0.4904941574692634,0.4617183102243739
1-0,0-1,0.0,0.5005421012949305,0.4583836277695258
0-1,1-0,0.0,0.4628730263693069,0.47976308097361653
0-1,0-1,0.0,0.49584870201959647,0.4641116014912396
1/2-1/2,0-1,0.0,0.47272654662434077,0.47006624048652895
0-1,0-1,0.0,0.4692260082626848,0.4690667441269018
0-1,1-0,0.0,0.4337975529122376,0.5366876746121013
1-0,0-1,0.0,0.48519307418609464,0.4525528072609712
1-0,1-0,0.0,0.472852384704462,0.48420342657081666
1-0,0-1,0.0,0.4783140897574792,0.4713527959131788
0-1,0-1,0.0,0.5283487726322262,0.43435025315338077
1-0,0-1,0.0,0.4895348326313033,0.4733451236686546
0-1,1-0,0.0,0.47175037935193753,0.48544307953957977
0-1,1-0,0.0,0.4626451227457195,0.4970676859505906
0-1,0-1,0.0,0.47960259379789066,0.4742601226681282
0-1,1-0,0.0,0.44810480166693417,0.5247342119480958
1-0,1-0,0.0,0.45818809564306545,0.49346018582081963
0-1,1-0,0.0,0.43804267235122335,0.5341115513456495
0-1,1-0,0.0,0.4487793379746149,0.4685750603943334
0-1,1-0,0.0,0.4450851279017778,0.4979648716734449
0-1,0-1,0.0,0.5015919308052498,0.4298109719110455
0-1,1-0,0.0,0.4660754535482829,0.47670123780158186
0-1,1-0,0.0,0.4012311798723802,0.5771561828605863
1-0,0-1,0.0,0.5123307014194479,0.4360775136773175
1-0,1-0,0.0,0.14694676677134683,0.8509598602879148
0-1,1-0,0.0,0.47139129151267334,0.49015429888252066
1-0,0-1,0.0,0.5019824121133578,0.4619372475273639
1-0,1-0,0.0,0.4540654745648075,0.5190207837333155
0-1,0-1,0.0,0.5059533519541604,0.4578915488574259
0-1,1-0,0.0,0.4668658375898819,0.4875950983020962
1/2-1/2,1-0,0.0,0.46506150357216125,0.49527318134111864
1-0,1-0,0.0,0.4648734844067329,0.48733879442475986
1-0,0-1,0.0,0.4912969360127513,0.4758258353983897
0-1,0-1,0.0,0.49211194003048014,0.4710073000499006
0-1,0-1,0.0,0.5058457418392849,0.45640759081497223
0-1,0-1,0.0,0.4997790769196431,0.4659995293891541
1-0,0-1,0.0,0.518933211525842,0.4173330899093369
0-1,1-0,0.0,0.45659740707285823,0.4652873178651426
0-1,0-1,0.0,0.5006376679579118,0.4599629687825592
1-0,1-0,0.0,0.46959105310771193,0.48358801358922104
1-0,0-1,0.0,0.4948215631216407,0.46368102833867664
0-1,1-0,0.0,0.4685709737829352,0.48178290841289007
0-1,0-1,0.0,0.484031537422865,0.47557427346971604
0-1,1-0,0.0,0.44431049108902804,0.5035895522342869
0-1,0-1,0.0,0.4918138172405025,0.46877121521754384
1-0,0-1,0.0,0.4761069109190566,0.4646507615288948
1-0,1-0,0.0,0.47690824815684874,0.4824144296988018
0-1,0-1,0.0,0.5381011956740669,0.4240253177863322
1-0,1-0,0.0,0.44492544677340506,0.5095101765659273
1-0,1-0,0.0,0.07373451729941898,0.9260221920374416
1-0,1-0,0.0,0.45690596649970133,0.46920420290650744
1-0,1-0,0.0,0.46972330831482045,0.495438462453167
0-1,1-0,0.0,0.45144936229103083,0.5105317082739155
1-0,1-0,0.0,0.45843002799352967,0.48279131780859297
1-0,1-0,0.0,0.42955047206034175,0.5475346588214823
1-0,1-0,0.0,0.4496918025152123,0.5050547184586854
0-1,1-0,0.0,0.3076384452387588,0.6661056241996969
0-1,1-0,0.0,0.40910144852895236,0.5689755634664293
1/2-1/2,1-0,0.0,0.46994875937323444,0.5006693047280957
1-0,1-0,0.0,0.46869172852188484,0.47918625014702365
0-1,0-1,0.0,0.488457699344096,0.4707558267401532
1-0,1-0,0.0,0.4742451139639159,0.49330448581379077
1-0,1-0,0.0,0.4394020843291912,0.5079083570746993
1-0,0-1,0.0,0.525503707573915,0.4333049357799586
1-0,0-1,0.0,0.4940418366265198,0.4719993697707255
0-1,1-0,0.0,0.4168385181510166,0.5561233417272927
1-0,0-1,0.0,0.4898123085415828,0.4737477569483467
1-0,1-0,0.0,0.4419346449081861,0.5054308373133385
0-1,0-1,0.0,0.46920610766842735,0.4614732531037435
1-0,1-0,0.0,0.4573053694297982,0.514320118440148
1-0,0-1,0.0,0.47416384622820884,0.4576150101382471
0-1,1-0,0.0,0.42515294081006755,0.542062278491623
1-0,1-0,0.0,0.4725634658985107,0.4841228787980606
0-1,1-0,0.0,0.4439213910745815,0.5302959822254123
1/2-1/2,1-0,0.0,0.48175657196046,0.48655767092618835
1-0,1-0,0.0,0.48313327178589055,0.48492761836204984
1-0,1-0,0.0,0.445238801327775,0.5107461515778399
1-0,1-0,0.0,0.4228375820103188,0.537675432570723
1-0,1-0,0.0,0.3329812032678458,0.6515371428360204
1-0,0-1,0.0,0.5205691993767071,0.4230705724403307
0-1,1-0,0.0,0.4714012744262331,0.48900241606114003
1-0,0-1,0.0,0.4661610779611069,0.4543678234706087
0-1,1-0,0.0,0.16922012411964613,0.8306602878342607
1-0,1-0,0.0,0.4733695645176389,0.4939251720860649
0-1,0-1,0.0,0.5403590595617032,0.4215451509804891
0-1,1-0,0.0,0.46250698110912924,0.5083783300562649
0-1,0-1,0.0,0.49669609977497053,0.4697254483124465
1-0,0-1,0.0,0.49266697621951105,0.45894822283955927
0-1,1-0,0.0,0.4747017571686225,0.4755145912392065
1-0,0-1,0.0,0.4959743827739696,0.46131228389473394
0-1,0-1,0.0,0.5004374172829509,0.4621506483959332
0-1,0-1,0.0,0.48381418763422257,0.4623303578772769
0-1,1-0,0.0,0.4491625531506148,0.5245377942753587
0-1,0-1,0.0,0.48404630177220404,0.46399999393182134
1-0,1-0,0.0,0.47243372480139506,0.489997939712206
1-0,0-1,0.0,0.5122338620697486,0.45266788455683443
1-0,1-0,0.0,0.4622587769334965,0.5061471417396516
1-0,0-1,0.0,0.46841013386956387,0.462639017791127
1-0,0-1,0.0,0.49486707277981645,0.4691646494037316
0-1,0-1,0.0,0.5064854221057168,0.4266766104718732
1-0,0-1,0.0,0.4974463349789528,0.4685971120725404
0-1,1-0,0.0,0.42427619979732556,0.5492571213983738
0-1,1-0,0.0,0.46050887905723753,0.49975665575056444
0-1,1-0,0.0,0.46029987072609857,0.504246863771645
1-0,1-0,0.0,0.46538825444521686,0.4946754629336033
1-0,1-0,0.0,0.4487946905289517,0.5222896469175756
1-0,1-0,0.0,0.39216690668383763,0.590330061232538
1-0,1-0,0.0,0.4370341689360168,0.5208815415961445
1-0,0-1,0.0,0.48348114795680314,0.464829955527138
1-0,1-0,0.0,0.45875485349316913,0.510191738255244
1-0,0-1,0.0,0.5111690758511943,0.45046422855570634
1-0,1-0,0.0,0.4553993881159918,0.49539179630783037
1/2-1/2,0-1,0.0,0.4796498838433857,0.443625747467923
1-0,1-0,0.0,0.4722954420578641,0.49486184634361874
1-0,1-0,0.0,0.4739120752533351,0.49506523958163356
0-1,1-0,0.0,0.3511955253571632,0.6297518812986452
0-1,1-0,0.0,0.4721816636680201,0.4943688012045679
1-0,0-1,0.0,0.5376868351665284,0.4244854007471086
1-0,0-1,0.0,0.499834491799577,0.46212510507862875
1/2-1/2,0-1,0.0,0.49634975458378183,0.4207499990510938
0-1,1-0,0.0,0.44584770647785404,0.5135012549360212
1/2-1/2,0-1,0.0,0.4741719817929459,0.4693660522014158
1-0,1-0,0.0,0.44875620141430855,0.5252134176022026
1-0,1-0,0.0,0.4588991718032502,0.4948109300499328
1-0,1-0,0.0,0.4162653665639034,0.551767177090648
1-0,1-0,0.0,0.47627387983672836,0.47662334495690456
1-0,1-0,0.0,0.47928788697782326,0.4840840992528326
1-0,1-0,0.0,0.4819792426841064,0.4824012845968402
0-1,0-1,0.0,0.4853241898480228,0.4692087623654386
0-1,1-0,0.0,0.4672400982608728,0.4735108091491709
0-1,1-0,0.0,0.46537393755665324,0.4998269101315043
0-1,0-1,0.0,0.5187732462154666,0.4422111130707879
1-0,0-1,0.0,0.4806309334789161,0.4627722251240473
1-0,0-1,0.0,0.49058323849767427,0.45333960914853216
1/2-1/2,0-1,0.0,0.49870795166467957,0.4483513996693541
1-0,1-0,0.0,0.4634814668054532,0.4680027114077987
1-0,1-0,0.0,0.4752130549400156,0.4904411805415749
1-0,1-0,0.0,0.4546409651472852,0.5074781977952868
1-0,1-0,0.0,0.4738129223300212,0.4871904832162867
0-1,1-0,0.0,0.4595392280037505,0.4734654579963372
0-1,0-1,0.0,0.504623911586749,0.4606346514513126
1-0,1-0,0.0,0.4721852591507812,0.4969291953997329
0-1,0-1,0.0,0.4861994139784725,0.4793497753530108
0-1,0-1,0.0,0.5124897936728965,0.45190596662119853
1-0,0-1,0.0,0.4982899614101805,0.4537151726189818
1-0,0-1,0.0,0.4902570454483305,0.46853351087155654
1-0,1-0,0.0,0.4747305756093382,0.48106988886906465
1-0,1-0,0.0,0.3700796859810245,0.555110446133145
0-1,0-1,0.0,0.49317996308670775,0.4733689933575872
1-0,1-0,0.0,0.47494078391121236,0.4760972731813586
0-1,0-1,0.0,0.4922363738667223,0.4576600567056618
1-0,1-0,0.0,0.4638873954719658,0.4894932915557116
1-0,1-0,0.0,0.440792798777774,0.47576586950904265
0-1,1-0,0.0,0.4274099377780707,0.5429162037912884
1-0,1-0,0.0,0.41319702227104077,0.549099331207491
0-1,0-1,0.0,0.47856225098452976,0.45229339535572005
1-0,1-0,0.0,0.4382108310433545,0.46867144381552694
0-1,0-1,0.0,0.48412269727354734,0.4684659963309206
1/2-1/2,1-0,0.0,0.45954381763593977,0.4867921817282497
0-1,1-0,0.0,0.44608957117840436,0.5132664669365845
0-1,1-0,0.0,0.4790963324206418,0.48732048197559796
0-1,0-1,0.0,0.49518508167550607,0.4579462488838511
0-1,0-1,0.0,0.5142165998524291,0.44783140694683365
1-0,1-0,0.0,0.46676415302816293,0.5038106488305142
1-0,0-1,0.0,0.5059316792289724,0.45882556492831295
1-0,1-0,0.0,0.46930204129836184,0.4998891761575204
1-0,1-0,0.0,0.4522644461218307,0.5200364198587695
0-1,0-1,0.0,0.49567026626909483,0.4669073340449622
0-1,0-1,0.0,0.5015015752584396,0.46216490329604853
1-0,0-1,0.0,0.49509721881140595,0.4708276615953657
1-0,0-1,0.0,0.48735471179383205,0.4764530737193443
0-1,0-1,0.0,0.45794015333753374,0.4475663811027027
1-0,1-0,0.0,0.45720002563103274,0.5041749733161475
0-1,0-1,0.0,0.5062579557532767,0.4481866802225182
0-1,0-1,0.0,0.5040762741516002,0.4534023744191354
0-1,0-1,0.0,0.5075137189189389,0.4430171848922905
1-0,1-0,0.0,0.4298579074829078,0.5258835255202788
0-1,1-0,0.0,0.4473294445266522,0.5234163393801944
1-0,1-0,0.0,0.47453605238793173,0.48696414084929024
0-1,1-0,0.0,0.41362698680851895,0.5571843649458521
1-0,0-1,0.0,0.5002599014842056,0.4463281964025262
0-1,1-0,0.0,0.472390338126116,0.49076509767916354
1-0,1-0,0.0,0.46799833646654077,0.49358291633619944
0-1,0-1,0.0,0.48607052419037994,0.4799851234740093
1-0,1-0,0.0,0.4652986966907175,0.4884553384796489
0-1,1-0,0.0,0.45559517613920353,0.5172155911299704
1-0,0-1,0.0,0.5055980446460532,0.45784329886806324
0-1,0-1,0.0,0.4929811949466638,0.4681066483741272
0-1,0-1,0.0,0.5126810021761496,0.4376974355832652
1-0,0-1,0.0,0.4862077988638448,0.48146740025239876
1-0,1-0,0.0,0.3895064465621508,0.5898585598432807
1-0,1-0,0.0,0.45788450855588436,0.509794892451913
0-1,1-0,0.0,0.47780365699690136,0.4914599864287584
1-0,1-0,0.0,0.4245512008356322,0.5374875244054629
0-1,1-0,0.0,0.4312993404114364,0.5454569387433553
1-0,1-0,0.0,0.4660437245942005,0.5051161157182098
1-0,0-1,0.0,0.4739346536394364,0.4592562151386766
0-1,1-0,0.0,0.47769882077614906,0.4858125372204915
1-0,1-0,0.0,0.4567763625932652,0.5099633527185011
1-0,1-0,0.0,0.3060316726822661,0.6847968491924297
0-1,1-0,0.0,0.46193398157323884,0.48833236643681377
1-0,1-0,0.0,0.4687449747265871,0.4841716667601803
0-1,1-0,0.0,0.47963748047398475,0.48865804978869026
1-0,1-0,0.0,0.45204580395570215,0.5212089458831815
0-1,1-0,0.0,0.4510182741486322,0.4808169953116225
0-1,0-1,0.0,0.500658837966533,0.4623363263334244
1-0,0-1,0.0,0.5133135868887806,0.4306268971213038
1/2-1/2,0-1,0.0,0.5427192927408719,0.42347810234539024
1-0,1-0,0.0,0.4559778936363294,0.512420439380796
1-0,1-0,0.0,0.4615576550126764,0.5070259960951738
1-0,1-0,0.0,0.056013160014799245,0.9438988948696065
1-0,1-0,0.0,0.4361186095909812,0.5191912264225119
0-1,1-0,0.0,0.39045157975970324,0.5471838744254347
1-0,0-1,0.0,0.49098056006007956,0.47615162813116085
1-0,1-0,0.0,0.4415973763255957,0.518039290986209
1-0,1-0,0.0,0.45621769605454354,0.5152539284345855
1/2-1/2,0-1,0.0,0.48200008720059695,0.4705355741282453
1-0,0-1,0.0,0.48957167053412837,0.4714392259234405
0-1,0-1,0.0,0.4868943555533828,0.4776846607309436
1-0,0-1,0.0,0.4915574093759916,0.46317847681682534
1-0,1-0,0.0,0.4691600543495591,0.4953403272890535
0-1,1-0,0.0,0.4651571322524307,0.4967386375470825
1-0,0-1,0.0,0.47668158425295676,0.4752833899592167
1-0,0-1,0.0,0.4793376654205795,0.4757953341801679
1-0,1-0,0.0,0.45147873358323976,0.5009033124024423
1-0,1-0,0.0,0.4675571856121568,0.4790772363060734
1-0,0-1,0.0,0.4987980740543203,0.4674271453466268
1-0,1-0,0.0,0.41338040831864226,0.5095535772996272
1-0,1-0,0.0,0.4632414741846754,0.4656729718046432
1-0,0-1,0.0,0.49404402495390065,0.45730991442396995
1-0,1-0,0.0,0.4041270092119447,0.5753815163892306
0-1,1-0,0.0,0.4705941556260576,0.4929375945587271
0-1,1-0,0.0,0.46432215996256393,0.49213504243152745
0-1,0-1,0.0,0.4761578280498903,0.4718541522405995
1-0,0-1,0.0,0.4817080516291137,0.4709173744174652
0-1,1-0,0.0,0.42646598721006573,0.540057433147746
1-0,0-1,0.0,0.5051527900727395,0.43743380505154295
1-0,1-0,0.0,0.013359216930444139,0.986636927345784
1-0,1-0,0.0,0.3786012597686061,0.5994787455547044
1-0,0-1,0.0,0.4852916113107647,0.45641956533408234
1-0,1-0,0.0,0.451391393952999,0.5039027635814677
1-0,1-0,0.0,0.44391340478295854,0.5085380890800418
0-1,0-1,0.0,0.5217163710716684,0.4278107737653962
0-1,1-0,0.0,0.469004255437733,0.4901081475548528
0-1,0-1,0.0,0.48400079047965144,0.48108228404027326
1-0,1-0,0.0,0.4765236248327896,0.49295048483861326
1-0,1-0,0.0,0.40076807146663573,0.5579231046319738
0-1,0-1,0.0,0.5253986048725541,0.4259184080705646
0-1,0-1,0.0,0.48498197470382504,0.4803077895741643
0-1,0-1,0.0,0.49050733708495636,0.4683296541882154
0-1,1-0,0.0,0.4625676597944371,0.4709938016814074
0-1,1-0,0.0,0.4078736433064533,0.5698284847629909
1-0,1-0,0.0,0.47382635376649473,0.49343572626414195
1-0,0-1,0.0,0.5315134851536778,0.4333712459957438
1-0,1-0,0.0,0.4803579132331074,0.4824446899188279
1-0,0-1,0.0,0.48657011508390047,0.47646570390706905
1-0,0-1,0.0,0.4940401200453808,0.43335727950950315
1/2-1/2,0-1,0.0,0.5123137799665769,0.4453055249690198
1-0,0-1,0.0,0.490629916676129,0.4730857692225054
0-1,1-0,0.0,0.46857939372050617,0.4986695995246373
0-1,0-1,0.0,0.46878672006838457,0.4502837121349594
1-0,1-0,0.0,0.4503317666150965,0.4938060377183357
0-1,0-1,0.0,0.479353795262672,0.4531352704010926
1-0,1-0,0.0,0.45004583140143045,0.47459799805712627
0-1,1-0,0.0,0.454957993797431,0.5117053513829285
1-0,0-1,0.0,0.4928024130669223,0.472786489764216
0-1,1-0,0.0,0.46705799376735324,0.48636822953051045
1/2-1/2,0-1,0.0,0.48757228034073624,0.46644711712848574
1-0,1-0,0.0,0.47358626676416743,0.48248825032362314
1-0,1-0,0.0,0.45429159494532984,0.5165459051042803
0-1,0-1,0.0,0.5281318569465601,0.44553202953330395
1-0,0-1,0.0,0.49248315235086937,0.45082162942932297
1-0,1-0,0.0,0.4416045575143068,0.5322006657053562
0-1,1-0,0.0,0.46305740669305845,0.5025285681808008
0-1,0-1,0.0,0.5137627585903736,0.449657050321233
0-1,1-0,0.0,0.43230859281330375,0.5406627069989539
0-1,1-0,0.0,0.45149333029754884,0.519430679764905
0-1,1-0,0.0,0.435591200825745,0.48311538814221033
0-1,1-0,0.0,0.46809874324154105,0.4857162503751854
1-0,0-1,0.0,0.4870749585722378,0.4705656023870044
1-0,1-0,0.0,0.4737544929313301,0.4883277289235525
1-0,1-0,0.0,0.4459813910052654,0.5258704629032168
1-0,1-0,0.0,0.3793287633187219,0.6044196899513054
1-0,1-0,0.0,0.48157082183084143,0.48573352976504675
0-1,1-0,0.0,0.464070922411026,0.5025039773385931
0-1,0-1,0.0,0.508709237758589,0.45196972187382606
0-1,0-1,0.0,0.4778976098845998,0.4610756241632412
0-1,1-0,0.0,0.4615883664670463,0.4803171638394526
0-1,1-0,0.0,0.4719432117736287,0.49404049222818297
0-1,0-1,0.0,0.5090530277892178,0.4441425027704377
0-1,0-1,0.0,0.5035587266943946,0.4528031535767249
0-1,1-0,0.0,0.4667609351622186,0.49771645760889416
1-0,1-0,0.0,0.38746825369915955,0.5489129778017079
1-0,0-1,0.0,0.4816947613191269,0.46814981310751325
1-0,1-0,0.0,0.4655968249192298,0.4847991408391053
0-1,0-1,0.0,0.5165359671677601,0.4467599238599189
1-0,0-1,0.0,0.4884246104837382,0.47921995191910866
1-0,0-1,0.0,0.4880321890273164,0.4757979554376055
0-1,1-0,0.0,0.4645073216910584,0.4882658448890626
1-0,1-0,0.0,0.4547564581160758,0.5099216479240168
1/2-1/2,0-1,0.0,0.48966655258924474,0.4720750842486028
1-0,0-1,0.0,0.46987324634204025,0.46492476935077176
0-1,1-0,0.0,0.434153266752911,0.5349501678258575
0-1,1-0,0.0,0.47247569266481076,0.5182927954145614
0-1,1-0,0.0,0.4118463904491878,0.5452018898136127
1-0,0-1,0.0,0.49000207919088545,0.461582110445915
0-1,1-0,0.0,0.4169707488773943,0.5456288690582637
1-0,1-0,0.0,0.4454228496753664,0.4818214100904003
0-1,1-0,0.0,0.43038625465156916,0.5465666834730417
0-1,1-0,0.0,0.477872347838389,0.4886685669659938
1-0,1-0,0.0,0.45660080176232815,0.5010384244942026
1-0,0-1,0.0,0.48003717831392057,0.4799715533721734
0-1,0-1,0.0,0.5073272278092854,0.45234787672153187
1-0,1-0,0.0,0.45545456511404053,0.5011479403584914
1-0,1-0,0.0,0.4480707950884991,0.5164744195460685
1-0,1-0,0.0,0.45619687539245984,0.49820974714663485
1-0,1-0,0.0,0.44195333210830834,0.4927801719077997
1-0,1-0,0.0,0.44755817452647134,0.5225036239430649
0-1,0-1,0.0,0.4831524888519465,0.4731121704883677
1-0,0-1,0.0,0.4678178122587049,0.45113421648838664
0-1,0-1,0.0,0.5117255870901851,0.4372709745100256
1-0,1-0,0.0,0.476025791613725,0.49309966141294886
1-0,1-0,0.0,0.45053725094802655,0.46641104287226726
0-1,1-0,0.0,0.47374146835438785,0.47772283067671445
1-0,1-0,0.0,0.013273539816223067,0.986724394426135
1-0,1-0,0.0,0.46718959443517827,0.4827144637321635
1-0,1-0,0.0,0.4648009645154731,0.4934481540121032
1-0,1-0,0.0,0.47096264995559384,0.4883892013569596
1-0,1-0,0.0,0.4627503133457832,0.48593071650421266
0-1,0-1,0.0,0.4789677044505616,0.4734285779848653
1-0,0-1,0.0,0.49650692671990965,0.4673994857243427
1-0,1-0,0.0,0.3764273319345745,0.6080757915363977
0-1,1-0,0.0,0.46853140081785327,0.4986357186557003
0-1,1-0,0.0,0.4145591855169453,0.5795418881959674
0-1,0-1,0.0,0.5025095977774466,0.4602494395469898
1-0,1-0,0.0,0.3408292234557597,0.6115392711817407
0-1,0-1,0.0,0.5132742302666821,0.44274310083185
1-0,1-0,0.0,0.4341341195376458,0.5364292002604762
1-0,1-0,0.0,0.4497311226809265,0.49062457587215264
0-1,1-0,0.0,0.04323338491431876,0.956710579212911
1-0,0-1,0.0,0.5229874406769137,0.41766679466174456
0-1,1-0,0.0,0.45813979653613285,0.49404332426159303
0-1,1-0,0.0,0.4403205288718603,0.525048342279958
1-0,1-0,0.0,0.39206400443607614,0.5902219511660599
0-1,1-0,0.0,0.4666116474226684,0.4832674703502139
0-1,1-0,0.0,0.42145253659974835,0.5364129190206475
1/2-1/2,0-1,0.0,0.4867159779123596,0.47530914308331373
0-1,0-1,0.0,0.4890716223374872,0.4754066372793345
0-1,0-1,0.0,0.518886793814191,0.4347318000390755
0-1,0-1,0.0,0.5076627176954697,0.4567707646090021
0-1,1-0,0.0,0.46999124272393217,0.4979853362144009
0-1,0-1,0.0,0.5039518630326427,0.449848623231632
1-0,1-0,0.0,0.4628107495511542,0.49016941872889197
0-1,0-1,0.0,0.48482960409636755,0.4636124251413408
1-0,1-0,0.0,0.45085700741027906,0.4737986829522172
1-0,0-1,0.0,0.47105930464135926,0.46474567827019975
1-0,1-0,0.0,0.4158323232324007,0.5610333681134564
1-0,1-0,0.0,0.4444093720356241,0.47620589303482963
1-0,0-1,0.0,0.4766380385187105,0.40842672996633317
0-1,1-0,0.0,0.47500838694405917,0.49418295597700146
0-1,1-0,0.0,0.4549301686059762,0.5113013376089696
0-1,0-1,0.0,0.48275823836095855,0.4825812841870931
1-0,1-0,0.0,0.46245084282584326,0.5077700898901548
1-0,0-1,0.0,0.48841191742481255,0.4655892925615263
0-1,1-0,0.0,0.46485141435015653,0.4886163612305992
1-0,1-0,0.0,0.45901892193444854,0.49872710099417816
0-1,0-1,0.0,0.49428819655321043,0.46117673620926114
1-0,0-1,0.0,0.4728882125116602,0.4561644017753344
0-1,0-1,0.0,0.516656120851963,0.4396792842503422
1-0,1-0,0.0,0.46087436804587806,0.5009745970118679
0-1,0-1,0.0,0.48409183286849505,0.48256829529809786
0-1,1-0,0.0,0.4628684760146884,0.4644231127211468
0-1,1-0,0.0,0.4480802969032541,0.49960306239133456
0-1,1-0,0.0,0.46081448540123854,0.493445393360772
1-0,0-1,0.0,0.4866270622040919,0.46088809196948166
0-1,0-1,0.0,0.4997150138785692,0.4479933417742797
0-1,1-0,0.0,0.46071484172737426,0.5086482090694809
1-0,0-1,0.0,0.4828080965121975,0.47692895709836985
1-0,1-0,0.0,0.47607211105003966,0.48452895319786143
0-1,0-1,0.0,0.47806315231159335,0.45601817165837893
1-0,0-1,0.0,0.4750040120891035,0.44988643636350983
0-1,0-1,0.0,0.4844016525794129,0.4794543815452368
0-1,1-0,0.0,0.40801213229710437,0.5612212762033235
1-0,0-1,0.0,0.49684258875967807,0.4654574468857077
0-1,1-0,0.0,0.4331353162630164,0.5432806107312931
1-0,1-0,0.0,0.44428661330221264,0.5231666208058305
1-0,0-1,0.0,0.497584294812703,0.4687331523095804
0-1,1-0,0.0,0.37307239445288226,0.6000963228975825
1-0,1-0,0.0,0.44756475181092353,0.5151319304192491
0-1,1-0,0.0,0.44910870971288064,0.5245527586597913
0-1,0-1,0.0,0.4939503471181001,0.4127442363183602
0-1,0-1,0.0,0.5172859754298205,0.4468945385600877
0-1,0-1,0.0,0.5116260890359398,0.4377498911913077
1-0,1-0,0.0,0.45867932000192324,0.4900900225201155
0-1,1-0,0.0,0.4688039542683989,0.48042352661137155
1-0,1-0,0.0,0.4795724766335832,0.4874053334956013
0-1,1-0,0.0,0.4382347036503496,0.5341864300185196
0-1,1-0,0.0,0.45503651350469854,0.4916306871194478
1-0,0-1,0.0,0.49233180429949497,0.45794119036707753
1-0,1-0,0.0,0.4725303325026241,0.47875193473514616
1-0,0-1,0.0,0.4920743766168008,0.4611267308842456
1-0,0-1,0.0,0.47985555970657506,0.466822420911038
0-1,0-1,0.0,0.5005635616690172,0.4504173238524439
1-0,0-1,0.0,0.49527442988495907,0.4690804263697765
0-1,1-0,0.0,0.44948742379278006,0.5095106922914794
1/2-1/2,0-1,0.0,0.5261536738475125,0.43616346044068427
1-0,1-0,0.0,0.4498449689604105,0.5113307663991529
0-1,0-1,0.0,0.5103785570138433,0.4542093615409326
0-1,1-0,0.0,0.46898177172051203,0.49957639374265317
1-0,1-0,0.0,0.35308152634636863,0.5848567522511642
0-1,0-1,0.0,0.4837871109180265,0.476061448335632
1-0,1-0,0.0,0.4356270706577034,0.4993093956905687
1-0,1-0,0.0,0.42133833881166394,0.5447093922722783
1-0,1-0,0.0,0.45631328357018897,0.4953705451116194
0-1,0-1,0.0,0.4738672440525224,0.471551682769631
0-1,1-0,0.0,0.4607672273901996,0.48495560613155886
0-1,0-1,0.0,0.5112785703664384,0.45212845564046655
0-1,0-1,0.0,0.4927179184836237,0.45839372664838557
1-0,1-0,0.0,0.4272726959013195,0.5464416944033939
1-0,0-1,0.0,0.4845412025162435,0.4582289346217167
1-0,0-1,0.0,0.4810895466463675,0.475503227042116
1-0,1-0,0.0,0.37839304131529805,0.570562304164646
1-0,0-1,0.0,0.4684129359127279,0.4427789253294708
0-1,1-0,0.0,0.42811264124961224,0.5486358787569403
1-0,1-0,0.0,0.4565942920013117,0.481811613611639
0-1,1-0,0.0,0.47265963684122564,0.49391972550351865
1-0,0-1,0.0,0.48715953307742144,0.46438615737602057
1-0,1-0,0.0,0.460249474085494,0.5092633613997763
1-0,0-1,0.0,0.5032008354577252,0.46135746920274556
1-0,1-0,0.0,0.4623769252504844,0.5011397242647934
1-0,0-1,0.0,0.5306516448751133,0.43377625200805625
1-0,1-0,0.0,0.43085084689715875,0.5383978148450868
1-0,1-0,0.0,0.13723864019294574,0.8614812574496608
1-0,1-0,0.0,0.2934459374828128,0.6953360000290637
0-1,1-0,0.0,0.4749487170714172,0.4804852992098747
0-1,0-1,0.0,0.5002215235239688,0.4510046713240491
1/2-1/2,1-0,0.0,0.43851309113153325,0.5367958617254993
0-1,1-0,0.0,0.47291439991665263,0.4930400929487305
0-1,1-0,0.0,0.48146613824507595,0.4841540494031416
0-1,1-0,0.0,0.44980878677911246,0.516726520966365
1/2-1/2,0-1,0.0,0.5019110514100552,0.44452591125400326
1-0,1-0,0.0,0.03419266841564648,0.9657676967699714
0-1,0-1,0.0,0.5419227850958594,0.4223478776666838
0-1,1-0,0.0,0.4365649329888022,0.5393783896950288
0-1,1-0,0.0,0.4733015212495118,0.4818056295290514
0-1,0-1,0.0,0.48610521783255806,0.4726055200071258
0-1,1-0,0.0,0.46236164085425563,0.5038731144327264
1-0,1-0,0.0,0.4520621730562357,0.5167857546658616
0-1,0-1,0.0,0.4903981448880489,0.4576891054417865
1-0,1-0,0.0,0.4738646568807134,0.4901434293110832
1/2-1/2,0-1,0.0,0.4837996890364791,0.48115753456064886
0-1,1-0,0.0,0.4811027029852787,0.48545346323783667
1-0,1-0,0.0,0.4779621933348248,0.48441904080956
1-0,0-1,0.0,0.47249610886085863,0.46448063045547594
1-0,1-0,0.0,0.4433720675258679,0.5245018869854234
0-1,1-0,0.0,0.41591143215966436,0.5631457177652006
1-0,1-0,0.0,0.47023743803213786,0.48494981261975323
1-0,1-0,0.0,0.47143583979242737,0.4808727051820151
0-1,1-0,0.0,0.47677401359463567,0.47984035727077656
1-0,1-0,0.0,0.4580904657584981,0.5098793245081579
0-1,0-1,0.0,0.4837616344912791,0.48222049579809345
0-1,0-1,0.0,0.49220557048062813,0.45550574400780053
0-1,0-1,0.0,0.49042393916337224,0.46847792401571225
1-0,1-0,0.0,0.46103954926305496,0.5003113087888486
1-0,1-0,0.0,0.4796322493968522,0.48452650044436935
0-1,0-1,0.0,0.48583648013212555,0.45861748946725234
1-0,0-1,0.0,0.4892904302895058,0.4770874968605892
0-1,1-0,0.0,0.4727100215567595,0.47593162975923625
0-1,1-0,0.0,0.4183685952994495,0.552918997378203
1-0,1-0,0.0,0.4701987520093442,0.4983480571324149
0-1,1-0,0.0,0.35728610734033694,0.5901313098040927
1-0,0-1,0.0,0.5177961836082651,0.44245955009155824
1/2-1/2,0-1,0.0,0.4857876626012242,0.4072985430872834
1-0,1-0,0.0,0.46971201700388854,0.4938080392955502
1-0,1-0,0.0,0.4501189170494379,0.4938302432960687
0-1,0-1,0.0,0.4962061181793045,0.4471621335172681
0-1,0-1,0.0,0.4909687249492721,0.4658993951026302
0-1,0-1,0.0,0.506006199502338,0.4437694778391134
1-0,1-0,0.0,0.38369920122090206,0.5918460757896945
0-1,0-1,0.0,0.5353983856314324,0.43169632318255496
0-1,0-1,0.0,0.4887278414964856,0.45293310853032626
0-1,0-1,0.0,0.48103472744811215,0.46992966242498446
1-0,1-0,0.0,0.46049867865410465,0.49366096850101115
0-1,1-0,0.0,0.45117409398053393,0.522453537539656
1-0,0-1,0.0,0.4815462660555201,0.43750438972843525
1-0,1-0,0.0,0.48121622935557884,0.48496669991481
1-0,1-0,0.0,0.47850531578454014,0.4796800934758107
0-1,0-1,0.0,0.5183680430263465,0.4462841223416819
0-1,1-0,0.0,0.44475661761154084,0.5145571720642541
1-0,1-0,0.0,0.4457921871233402,0.5211036775507351
1-0,1-0,0.0,0.4649575054760182,0.4696158226114143
1-0,0-1,0.0,0.4710858477455908,0.4026459757791761
0-1,0-1,0.0,0.48742662117201613,0.47917711566151905
1-0,1-0,0.0,0.470223541081019,0.4778422487503664
0-1,1-0,0.0,0.47205797701800106,0.47980882453262413
1/2-1/2,0-1,0.0,0.5120563934654112,0.44999865606268336
0-1,0-1,0.0,0.4788195560772807,0.47227649874170474
0-1,0-1,0.0,0.4919230649762465,0.47519407200876146
1-0,1-0,0.0,0.45122991264034085,0.4947369599919827
1-0,1-0,0.0,0.47276538977852867,0.4928293877405386
1-0,1-0,0.0,0.15262770126611308,0.8452298862157792
0-1,0-1,0.0,0.49455996551859427,0.4389768832757264
0-1,1-0,0.0,0.4591764930552688,0.5026269029625746
0-1,1-0,0.0,0.47995376747516083,0.48547287262574496
0-1,0-1,0.0,0.5153275471321247,0.4466928654052738
0-1,0-1,0.0,0.4859036119681183,0.4771141918189074
0-1,0-1,0.0,0.48511734112215177,0.4428439035956052
1-0,1-0,0.0,0.47826351063670175,0.4910193009651843
1-0,0-1,0.0,0.4899843513692745,0.4751592727535668
0-1,1-0,0.0,0.4682388262094217,0.49173491537820435
1-0,0-1,0.0,0.505907664516069,0.4457276753463013
1-0,1-0,0.0,0.46489099649116444,0.4774542500684548
0-1,1-0,0.0,0.47606386007148427,0.47890123928703665
0-1,0-1,0.0,0.4811227509616975,0.4658247487638022
0-1,0-1,0.0,0.5023064964998711,0.41618034160258194
0-1,0-1,0.0,0.48573299284533106,0.4618460696776468
0-1,1-0,0.0,0.4731078761758418,0.49689689002689313
0-1,1-0,0.0,0.45142053238884655,0.5179930083873672
1-0,1-0,0.0,0.4705090576902528,0.4975042184615201
1-0,0-1,0.0,0.5108992797524682,0.4206803750064559
1-0,1-0,0.0,0.44342427219820624,0.5302964515473132
0-1,1-0,0.0,0.4721963473187388,0.49608578586510294
0-1,0-1,0.0,0.4786837410625956,0.45488235616430245
0-1,1-0,0.0,0.45488949120936184,0.4952178388401635
1-0,1-0,0.0,0.45098985334767444,0.5226058781375338
1-0,1-0,0.0,0.03549481125382536,0.9644716672901849
1-0,0-1,0.0,0.47975693276074316,0.46976536474534875
1-0,1-0,0.0,0.4773460392123249,0.49207652587813183
1-0,0-1,0.0,0.4943819779880411,0.4288275334285962
0-1,1-0,0.0,0.46397564571893096,0.4797754328308174
0-1,0-1,0.0,0.5373169075770842,0.42765293247162095
0-1,1-0,0.0,0.4750306019139369,0.4912707515304934
1-0,0-1,0.0,0.5241300002046776,0.4389051405451071
0-1,0-1,0.0,0.4914251624634751,0.4307152221929421
0-1,0-1,0.0,0.49131628745515626,0.45401440250862085
1-0,1-0,0.0,0.4758989082910494,0.4928835402489688
1-0,1-0,0.0,0.466782424019004,0.5034759885363462
1-0,0-1,0.0,0.4852457038361147,0.46269630602388445
0-1,0-1,0.0,0.4896587187645424,0.46816993698795145
1-0,1-0,0.0,0.46022739818757913,0.5053145429881066
1-0,0-1,0.0,0.4981472077249532,0.45291349146573995
0-1,1-0,0.0,0.46432373301639657,0.48877396163975695
1-0,1-0,0.0,0.4141234285277028,0.5355212116684656
0-1,1-0,0.0,0.4723289295268657,0.4831184121209294
1-0,1-0,0.0,0.4021274200812906,0.5786496771894358
1/2-1/2,1-0,0.0,0.4590157813168877,0.47921923475531025
1-0,0-1,0.0,0.487107136044991,0.4535811127251157
0-1,1-0,0.0,0.46433769026488175,0.49442535121625397
0-1,0-1,0.0,0.48844516902622265,0.47032706374995387
1-0,1-0,0.0,0.43422484076236956,0.48135173228607986
1-0,1-0,0.0,0.43540881016673116,0.5370610825198524
0-1,0-1,0.0,0.5013860781119143,0.4555483586715309
0-1,1-0,0.0,0.4610098085971857,0.5089871619970668
0-1,1-0,0.0,0.396853072622681,0.53776428824759
0-1,0-1,0.0,0.529990006527656,0.43553673972006574
1-0,1-0,0.0,0.4823496386469736,0.4851973971687658
0-1,0-1,0.0,0.4800892332445893,0.4718859097509768
0-1,0-1,0.0,0.49071407705711145,0.4653984204376344
1-0,0-1,0.0,0.4993582450290639,0.4666924353080507
1-0,1-0,0.0,0.45363276278174663,0.48445453985167297
0-1,1-0,0.0,0.46247573407848697,0.5082500299976928
1-0,1-0,0.0,0.35513397547819014,0.6218252273660487
1-0,1-0,0.0,0.47313465668657084,0.4872564167546345
0-1,0-1,0.0,0.4669446671523242,0.4362387647802363
0-1,0-1,0.0,0.5199060880410176,0.4367860075466178
0-1,1-0,0.0,0.3900644709068826,0.5601443430498771
1-0,1-0,0.0,0.40901782262117947,0.48224379096890146
1-0,0-1,0.0,0.5028081350857349,0.4564955654237102
1-0,0-1,0.0,0.5211213269604839,0.4252556027658756
0-1,0-1,0.0,0.48858485133809615,0.47190453107129815
0-1,0-1,0.0,0.5164222149410272,0.4447884505937154
0-1,1-0,0.0,0.47770347756955966,0.4817133973825038
0-1,1-0,0.0,0.4423603172066736,0.5264726945550552
1-0,0-1,0.0,0.5032475228260727,0.45932685473976476
1-0,0-1,0.0,0.4874182102158916,0.4804178733076073
0-1,0-1,0.0,0.536465262869428,0.4206226266087554
0-1,0-1,0.0,0.4983106836447933,0.46664061010502367
1-0,1-0,0.0,0.4283720899239763,0.5327717989690705
1-0,0-1,0.0,0.4903776151393807,0.46359514717471
0-1,0-1,0.0,0.4688523785105356,0.4331664210196845
0-1,1-0,0.0,0.4259230473066127,0.48929761264271626
1-0,1-0,0.0,0.41298101513737157,0.5402210063568395
1-0,0-1,0.0,0.5266029022331106,0.431080523641076
0-1,0-1,0.0,0.49626582715470974,0.4624011996164892
0-1,0-1,0.0,0.48446522454843455,0.4713432040746151
0-1,0-1,0.0,0.4939871746599709,0.48604481560225654
0-1,0-1,0.0,0.530872723128632,0.43612149315519
0-1,1-0,0.0,0.4711998915641755,0.4758287027822936
1-0,1-0,0.0,0.4590130329212934,0.4743175168078679
0-1,1-0,0.0,0.47132935690890515,0.4753500874545984
1-0,0-1,0.0,0.48614282993111013,0.47742151448988995
1-0,1-0,0.0,0.27720763895422923,0.6912513988603577
1-0,1-0,0.0,0.46490667861694573,0.47461255529120117
1-0,0-1,0.0,0.5187787470996101,0.4428903685394841
0-1,0-1,0.0,0.4853365193747115,0.4733847513043469
0-1,0-1,0.0,0.49507130921406656,0.4715413289284262
1-0,0-1,0.0,0.49653884019110345,0.4644087492373427
0-1,0-1,0.0,0.47382755613034255,0.4638855899416754
0-1,0-1,0.0,0.5193101676678992,0.4447908470704768
1-0,1-0,0.0,0.4621817267565936,0.49300017037696686
0-1,1-0,0.0,0.4723739832123839,0.49480732042206643
1-0,0-1,0.0,0.5318875940596035,0.43172508950923655
1-0,1-0,0.0,0.46103064991349024,0.4619961906572263
1-0,1-0,0.0,0.46656822633930833,0.49004203097183446
0-1,0-1,0.0,0.5277696792705896,0.43421298568926286
0-1,1-0,0.0,0.342509604326747,0.6560210701993141
0-1,0-1,0.0,0.482200614657483,0.4116860461808145
1/2-1/2,0-1,0.0,0.4855538469433032,0.45918774300522336
0-1,1-0,0.0,0.4626706083176795,0.5042560384307989
0-1,1-0,0.0,0.45973473684106975,0.49107936099042165
0-1,1-0,0.0,0.47921099917571613,0.48304825724987016
0-1,1-0,0.0,0.3020898553452668,0.6885374012171186
0-1,0-1,0.0,0.5331460604366012,0.4320463025931669
1-0,0-1,0.0,0.47274921310923707,0.4697311829965991
0-1,0-1,0.0,0.5424385929491423,0.423346495518111
0-1,1-0,0.0,0.4607387637250446,0.48235401297775155
1-0,0-1,0.0,0.49093808988188997,0.47225895153565733
1-0,0-1,0.0,0.49638044174547835,0.45848654624084845
1-0,1-0,0.0,0.4703424582947815,0.47439243800446546
0-1,0-1,0.0,0.5288454060453412,0.43390350884116496
0-1,0-1,0.0,0.5057689403372593,0.4594167548658981
1-0,1-0,0.0,0.4432600922872007,0.5193233778927221
0-1,1-0,0.0,0.4546190174267563,0.516396833759957
1/2-1/2,1-0,0.0,0.46990876211670896,0.48570285092124676
0-1,0-1,0.0,0.5018700720146583,0.42478253221556384
0-1,0-1,0.0,0.49719900153119095,0.4909486144465142
1/2-1/2,0-1,0.0,0.4856564622082373,0.47234444921224666
0-1,1-0,0.0,0.4675415788713788,0.4797310902137795
1-0,1-0,0.0,0.46809722296731365,0.4734242233732701
0-1,1-0,0.0,0.4556582893192204,0.503435788914824
0-1,1-0,0.0,0.43313822934688817,0.5395685278764533
1-0,1-0,0.0,0.42437199492195105,0.47872871118444316
0-1,0-1,0.0,0.5082301798629324,0.44100740991792825
0-1,0-1,0.0,0.5132255817190557,0.4188518160695305
0-1,1-0,0.0,0.4515820788684707,0.5189792343068808
0-1,0-1,0.0,0.4835414218676571,0.47507625368086875
1-0,0-1,0.0,0.487203848916788,0.4796579051279138
1-0,0-1,0.0,0.4669102925667947,0.4597110895879315
0-1,1-0,0.0,0.39184329389579714,0.530600920732047
1-0,0-1,0.0,0.5387984393231586,0.4238784240337915
0-1,0-1,0.0,0.49761162062810843,0.4594880003881279
1-0,1-0,0.0,0.44870021310491276,0.523521089974021
0-1,0-1,0.0,0.4927061443473758,0.46865216690080885
0-1,0-1,0.0,0.4733243130554206,0.4660176745573825
1-0,1-0,0.0,0.46916595341297834,0.4999930982711619
0-1,1-0,0.0,0.4584586301709236,0.504245843066202
1-0,0-1,0.0,0.4683964874070679,0.40926906531741425
1-0,0-1,0.0,0.4832426942609809,0.4762040368471149
0-1,1-0,0.0,0.47916272368556595,0.48364475413956975
1/2-1/2,0-1,0.0,0.4943046036685298,0.44101921117271514
0-1,0-1,0.0,0.48344164628967906,0.4771613393956086
1-0,0-1,0.0,0.5093618984319899,0.4523285762149552
0-1,1-0,0.0,0.4623253821969591,0.5021545771889692
0-1,0-1,0.0,0.4992664858973148,0.45894777751332655
1-0,1-0,0.0,0.47042740564572116,0.49531790754520155
0-1,0-1,0.0,0.5074520898502912,0.4578285631159932
1-0,0-1,0.0,0.48678912237801836,0.46592694999241113
0-1,1-0,0.0,0.47692561894016355,0.4818407364003915
0-1,0-1,0.0,0.5070149060937237,0.4512394498588301
1-0,1-0,0.0,0.48248487079679286,0.48542785904502517
1-0,1-0,0.0,0.4513679477678078,0.5222646633615435
1-0,1-0,0.0,0.4802181926499578,0.4882324912025375
0-1,1-0,0.0,0.47284840552399227,0.4865210945246534
1-0,0-1,0.0,0.5000101766198716,0.4656698535810061
1-0,1-0,0.0,0.4439030848859367,0.5263427689887551
0-1,0-1,0.0,0.49365925574473574,0.46126597620593596
1-0,1-0,0.0,0.46184385776196957,0.4984661912014047
0-1,1-0,0.0,0.47015754122027975,0.48885813706787423
1-0,1-0,0.0,0.47044569243001255,0.48007644141560435
1-0,0-1,0.0,0.4989926044364961,0.4530398649668652
1-0,1-0,0.0,0.4650601772088702,0.4912388486969283
1-0,0-1,0.0,0.4995571183800846,0.42436548287881265
1-0,1-0,0.0,0.4546820782965026,0.48569476555484276
1-0,1-0,0.0,0.4430910797169413,0.4876738526303954
0-1,1-0,0.0,0.35308647973719187,0.6016927962800219
0-1,1-0,0.0,0.44811791707194426,0.5132287880500961
1-0,0-1,0.0,0.4947625323872778,0.471933079456202
0-1,0-1,0.0,0.5075010076584878,0.4514493052496831
1/2-1/2,0-1,0.0,0.5146230936452904,0.44642380932802966
1-0,0-1,0.0,0.49055459722742334,0.4705165915207636
1-0,1-0,0.0,0.4579837796606047,0.5064346850669825
0-1,1-0,0.0,0.4633234444323655,0.4985461897905817
1-0,1-0,0.0,0.45669892125577205,0.5016133261572432
0-1,1-0,0.0,0.4839830545647903,0.5048787834889569
0-1,0-1,0.0,0.48713721847198915,0.4746257185426995
1-0,0-1,0.0,0.513271738049862,0.45130580061389497
0-1,1-0,0.0,0.4589097688068728,0.5037097169204124
1-0,0-1,0.0,0.5064700700501186,0.45777293881766257
1-0,1-0,0.0,0.4741765482521891,0.48605693278952167
0-1,0-1,0.0,0.47635796659261564,0.4706841932425819
0-1,0-1,0.0,0.48265871364809515,0.45612107899197835
1-0,0-1,0.0,0.48896477701277014,0.4715592655329372
1-0,1-0,0.0,0.45648464986363513,0.4822004188486455
1-0,0-1,0.0,0.4998867662997302,0.4497004600318416
0-1,1-0,0.0,0.40329162459642226,0.5776757015971898
1-0,0-1,0.0,0.5344940183898655,0.4183632771231916
1-0,1-0,0.0,0.45861692854365566,0.5135683800059165
0-1,1-0,0.0,0.4375755782000112,0.53204218406965
0-1,0-1,0.0,0.5163766095081208,0.42322331035344674
1-0,1-0,0.0,0.4821385632283374,0.48618584224578365
0-1,1-0,0.0,0.47149912848906345,0.48736087202378064
0-1,1-0,0.0,0.4583110205553156,0.5137320939474819
0-1,0-1,0.0,0.4846287375648973,0.4740740007035425
0-1,1-0,0.0,0.46959102220138943,0.49401326681367985
1-0,1-0,0.0,0.34240245726104757,0.6429310413649874
1-0,1-0,0.0,0.34777014452223026,0.6142455891787896
1-0,0-1,0.0,0.5052545139198316,0.46667517136430114
0-1,1-0,0.0,0.44971053323342536,0.5116190879863921
0-1,1-0,0.0,0.4651140532363135,0.5004247082368668
0-1,1-0,0.0,0.48110672155704887,0.4858850783470106
1-0,0-1,0.0,0.5298322836787901,0.43269859798821925
0-1,1-0,0.0,0.4310230804180418,0.5137429052225061
0-1,1-0,0.0,0.4756824991925532,0.4878250277523325
1-0,1-0,0.0,0.46966337567278826,0.47332901560549573
1-0,1-0,0.0,0.4774567306214839,0.48774071613184616
0-1,1-0,0.0,0.43797281257968834,0.5062826376852868
0-1,0-1,0.0,0.4827539693429709,0.4270741196354195
1-0,0-1,0.0,0.4424147024217923,0.4018328868607464
0-1,1-0,0.0,0.48224905810130614,0.4863066777457237
0-1,1-0,0.0,0.4711088205382513,0.4965578123722063
0-1,0-1,0.0,0.5061298070645951,0.4328156983022723
0-1,1-0,0.0,0.4731024373387246,0.4907011457446976
0-1,1-0,0.0,0.4487372238876303,0.4793668497871916
0-1,1-0,0.0,0.45212624997566575,0.5188091324637214
1-0,0-1,0.0,0.4796782428087501,0.4214818258342078
1-0,0-1,0.0,0.5039510118809678,0.4617116081862359
1-0,1-0,0.0,0.4537334263326982,0.5192007637991829
0-1,1-0,0.0,0.4771226133384538,0.4872060731807468
1/2-1/2,1-0,0.0,0.37711739554990753,0.6039123607895993
1-0,1-0,0.0,0.4122563216711137,0.5674692883982125
1-0,1-0,0.0,0.42142709641453857,0.537848772721128
1-0,1-0,0.0,0.4585458933261393,0.499963139786821
1-0,1-0,0.0,0.4590523471924191,0.4923390810974804
0-1,0-1,0.0,0.4794446061740364,0.4728808190952709
1/2-1/2,0-1,0.0,0.4809545731742995,0.458107543919878
1-0,0-1,0.0,0.47573281567431663,0.46834560100615746
1-0,0-1,0.0,0.47697093880544045,0.4697917871005392
0-1,0-1,0.0,0.4823747160057159,0.4761375205033655
1-0,0-1,0.0,0.488214671548028,0.45899632471473917
1-0,0-1,0.0,0.486474425075311,0.46077312232160594
1-0,1-0,0.0,0.1619152355872523,0.8352927715754451
0-1,0-1,0.0,0.5135171997991681,0.4442533351955462
1-0,1-0,0.0,0.43724110303461955,0.5124006217310486
1/2-1/2,0-1,0.0,0.5036042459459955,0.45408454567993994
1-0,1-0,0.0,0.47054247833950347,0.4858366838340583
0-1,1-0,0.0,0.4719510896184165,0.47821619255413933
1-0,1-0,0.0,0.4339399222255246,0.5415017376549793
0-1,1-0,0.0,0.4616405455388456,0.5037020622932039
1-0,1-0,0.0,0.46910194468033123,0.49821329254522734
1-0,0-1,0.0,0.49304895201110227,0.4680623530217543
0-1,0-1,0.0,0.4689037962158428,0.45063846156236387
0-1,0-1,0.0,0.5196126522801271,0.43573702003696113
1-0,0-1,0.0,0.5264764493144681,0.433470212235272
0-1,1-0,0.0,0.4770732660549126,0.4915536882267263
1-0,1-0,0.0,0.007062548698820566,0.9929370370757601
1-0,1-0,0.0,0.44456804351137585,0.4919639249682956
0-1,1-0,0.0,0.4505965337972214,0.49925029584427066
1-0,1-0,0.0,0.4499399507316838,0.505436305929561
1-0,1-0,0.0,0.4693512112618723,0.498990641445626
1-0,1-0,0.0,0.47726252135247194,0.48596951164312024
1-0,1-0,0.0,0.42993325645894637,0.5351463988009549
1-0,0-1,0.0,0.4868278290317292,0.4738691310132667
1-0,1-0,0.0,0.45165072282502483,0.4941335494596898
1-0,1-0,0.0,0.4653347597545619,0.5022967868787434
1-0,1-0,0.0,0.4757364909632568,0.48052309535800475
0-1,1-0,0.0,0.44267066086252344,0.5176396561157653
1-0,1-0,0.0,0.46827249025698187,0.48585625739251825
1-0,0-1,0.0,0.49407546501594796,0.46914810398679774
1-0,0-1,0.0,0.5082202354440377,0.4569898215136643
1-0,0-1,0.0,0.5192578888404293,0.4421203939658537
1-0,0-1,0.0,0.5372209657787431,0.4350916717126936
0-1,0-1,0.0,0.5334418288220636,0.42186918770533
1/2-1/2,1-0,0.0,0.4399130466426,0.5007461994082175
1-0,0-1,0.0,0.5175781980980079,0.4457454055389835
1-0,0-1,0.0,0.5159347642627389,0.4340447597656216
0-1,0-1,0.0,0.48285106812798023,0.46479678877737857
1-0,1-0,0.0,0.4266758271534638,0.5048614072073913
1-0,0-1,0.0,0.5109824883875501,0.4531131941590342
0-1,0-1,0.0,0.48186028396171626,0.4793650718410796
0-1,1-0,0.0,0.39680864524287013,0.5847787069847771
0-1,1-0,0.0,0.47237590191517254,0.49539238575236194
1-0,1-0,0.0,0.4424040208200905,0.5257850420976337
1-0,1-0,0.0,0.47567988100438496,0.4938234394732708
1-0,0-1,0.0,0.4799217845854283,0.47964099641465596
0-1,1-0,0.0,0.47510051178540386,0.4835892271341509
0-1,0-1,0.0,0.4923233308834914,0.45739839480504446
1-0,0-1,0.0,0.49022345718273985,0.477225471136728
1-0,0-1,0.0,0.47977358424351724,0.47723602700863255
1/2-1/2,0-1,0.0,0.47690329997197806,0.40672782406186736
1-0,1-0,0.0,0.4742364993487739,0.4941922479699638
0-1,0-1,0.0,0.4985353216823499,0.4611690355709049
0-1,0-1,0.0,0.5114913674115623,0.43289578321887207
1-0,1-0,0.0,0.47244654433229544,0.47923630971088477
0-1,0-1,0.0,0.5018025169002452,0.44493521145688414
1-0,1-0,0.0,0.4722332721305925,0.4873529838948838
1-0,1-0,0.0,0.4740459875335169,0.48601001679737477
0-1,0-1,0.0,0.4874006478150701,0.4802600374770125
0-1,1-0,0.0,0.4461919060341559,0.511426037270975
1-0,1-0,0.0,0.41154328846782745,0.5673166699530009
0-1,0-1,0.0,0.49565392225678145,0.46181639111798894
0-1,1-0,0.0,0.42078662349035667,0.5394711845000739
1-0,0-1,0.0,0.5092216490269097,0.45262870325185106
0-1,1-0,0.0,0.44978259677159227,0.5197907187235432
0-1,1-0,0.0,0.4714102529828452,0.48549043980651985
1/2-1/2,0-1,0.0,0.5329205715375129,0.43050168665842947
0-1,1-0,0.0,0.454931717408949,0.4976369867452675
1-0,1-0,0.0,0.44967038387616604,0.5028525513191296
0-1,0-1,0.0,0.5205424909152904,0.4248096141360237
1-0,0-1,0.0,0.5135663575219362,0.43641482693464534
0-1,0-1,0.0,0.5051237403519983,0.4772861910163942
1-0,0-1,0.0,0.5247655296716786,0.4395346626173
0-1,0-1,0.0,0.5168916818836332,0.44413663531332015
1-0,1-0,0.0,0.45432289557065947,0.497120614931154
1-0,1-0,0.0,0.40849964322799504,0.5660413334988758
1-0,1-0,0.0,0.4601547927127407,0.4750505344622875
0-1,1-0,0.0,0.44650930969357333,0.517119076171045
0-1,0-1,0.0,0.4843585102491218,0.4676376213267574
0-1,0-1,0.0,0.4918643363613332,0.452192549647837
0-1,0-1,0.0,0.48894083044868963,0.46856066191409157
1-0,0-1,0.0,0.49132301983150173,0.46943358393611506
0-1,0-1,0.0,0.487567274762569,0.4516546653278434
1-0,0-1,0.0,0.4961369374286797,0.46889905246975977
0-1,1-0,0.0,0.44630713801740307,0.5033595756036814
1-0,1-0,0.0,0.4687339879408436,0.490004512302949
0-1,0-1,0.0,0.48320520684531654,0.4727120069649465
0-1,0-1,0.0,0.5057455512522757,0.4465617041977817
0-1,1-0,0.0,0.4052136483661693,0.5439856076962618
1-0,0-1,0.0,0.49746358869270474,0.44459097176980467
1-0,0-1,0.0,0.48656413267181486,0.4701480155179119
1-0,0-1,0.0,0.505955258547556,0.4584422952240163
1-0,1-0,0.0,0.44857291806216854,0.5174109034666886
1-0,1-0,0.0,0.45464357936571115,0.5091284011542611
0-1,0-1,0.0,0.5072298317807318,0.4338572752711655
0-1,0-1,0.0,0.49238828238523047,0.46786671943616326
0-1,1-0,0.0,0.46399356423281163,0.4943320440131635
0-1,0-1,0.0,0.5160459311794183,0.4262259909773112
0-1,1-0,0.0,0.46377830088247446,0.4654049150692287
0-1,0-1,0.0,0.482556268600432,0.461108893959545
0-1,1-0,0.0,0.46912706991516895,0.500039462482001
1/2-1/2,1-0,0.0,0.4634923086585716,0.46984061147361983
1/2-1/2,1-0,0.0,0.45632043258596416,0.5165273253582867
1-0,0-1,0.0,0.44055442238501474,0.43328301835375127
1-0,1-0,0.0,0.46471437091036477,0.5067569757886864
1-0,1-0,0.0,0.47136139801390925,0.49902919876039425
1-0,1-0,0.0,0.40254661845597733,0.5778765966512969
0-1,1-0,0.0,0.4600305027112586,0.5120629375965904
0-1,0-1,0.0,0.49266276967223355,0.46014349203227645
1-0,1-0,0.0,0.473116129067697,0.4756445054613508
0-1,1-0,0.0,0.45213720609493935,0.46215817545452037
0-1,0-1,0.0,0.48165338902631827,0.46812819726566146
1-0,0-1,0.0,0.4849728949840201,0.4812282717587258
0-1,1-0,0.0,0.43846315866806845,0.5273173795553985
1-0,0-1,0.0,0.4997843367131494,0.45983539750945446
0-1,1-0,0.0,0.19088617515846532,0.8067466528232128
1-0,1-0,0.0,0.4041832411356036,0.5701551349108813
1-0,1-0,0.0,0.41326364578376185,0.5607736532748868
0-1,1-0,0.0,0.48045989651646376,0.4854005129397418
0-1,0-1,0.0,0.48483694035489827,0.48140898892164163
0-1,1-0,0.0,0.46182330246470044,0.4873432498848232
1-0,1-0,0.0,0.3813517250718857,0.6009914628326917
0-1,1-0,0.0,0.46380201221475165,0.5267824191205237
1-0,0-1,0.0,0.5023372598497228,0.4340870179823846
1-0,1-0,0.0,0.4571579901990584,0.49442275452709833
0-1,0-1,0.0,0.5049555799901688,0.4112236542515198
1-0,1-0,0.0,0.03483858791654972,0.9651251043737541
0-1,1-0,0.0,0.4449000548824426,0.5110656172916466
1-0,1-0,0.0,0.4362909908999753,0.529425888905504
1-0,1-0,0.0,0.4472541954277194,0.4723171970823808
1/2-1/2,0-1,0.0,0.5424394505883385,0.4289105584477476
0-1,1-0,0.0,0.4611400579668797,0.5295161139703405
1-0,1-0,0.0,0.2960312824817022,0.6960691165148016
1-0,1-0,0.0,0.2646158686441665,0.7297875327169832
1-0,1-0,0.0,0.16359847781023423,0.8348506527027512
0-1,0-1,0.0,0.49741209734493164,0.4651194263329952
0-1,0-1,0.0,0.5071112346971118,0.45080463938681337
1/2-1/2,0-1,0.0,0.4936172151729663,0.45571002924449744
1/2-1/2,0-1,0.0,0.4772960832321698,0.4716611910977028
0-1,1-0,0.0,0.42516508700824057,0.526266498282971
1-0,1-0,0.0,0.4415684028279457,0.5336816793885534
1-0,1-0,0.0,0.4091564652972145,0.5689856087653468
1-0,1-0,0.0,0.46634035012641045,0.5045336695454542
1-0,1-0,0.0,0.47160958025805394,0.487477938308172
0-1,0-1,0.0,0.4177227352120995,0.3889052834912264
1-0,1-0,0.0,0.36345831453929034,0.5658725616744671
0-1,1-0,0.0,0.46370452792860706,0.5055652425381282
0-1,0-1,0.0,0.5227523726764537,0.44196928946238945
1/2-1/2,0-1,0.0,0.5149798813747843,0.443852263264712
0-1,1-0,0.0,0.4651329603866587,0.48583646500198513
0-1,1-0,0.0,0.47388594803825745,0.49456542809576337
1-0,0-1,0.0,0.4749623084105188,0.46306763674895834
0-1,0-1,0.0,0.504663245114019,0.45058843905291823
0-1,1-0,0.0,0.47526463869481594,0.4789693892674925
1-0,0-1,0.0,0.4787921414173601,0.46033747203427094
1-0,1-0,0.0,0.45069405386107175,0.490805104382213
1-0,1-0,0.0,0.05124105526979274,0.9486588309192681
1/2-1/2,0-1,0.0,0.506690854260162,0.4311254922068802
1-0,0-1,0.0,0.4775510524810039,0.4369869948294168
0-1,1-0,0.0,0.4322044443308153,0.5431324696745923
1-0,1-0,0.0,0.3465660128082456,0.6411286585124809
1-0,1-0,0.0,0.4206232615214163,0.5529972232883407
0-1,0-1,0.0,0.49015204313612465,0.4607888048528745
1-0,1-0,0.0,0.46417385476650797,0.49318528889400154
0-1,1-0,0.0,0.429011416228453,0.5456302386869449
1-0,1-0,0.0,0.47231914795992413,0.48990259133483127
0-1,0-1,0.0,0.4787810851934873,0.46657730064740327
0-1,0-1,0.0,0.48569610443763317,0.48243274242084583
0-1,0-1,0.0,0.5376494764550672,0.4279431850691635
1-0,1-0,0.0,0.4450747464878321,0.5088238376523561
1-0,0-1,0.0,0.5051927788972727,0.4599496560691972
0-1,1-0,0.0,0.4746795083440522,0.49516107219709654
0-1,0-1,0.0,0.50070330478386,0.4282659489611742
1-0,0-1,0.0,0.5068491565174642,0.45626382675170013
1-0,1-0,0.0,0.4562689817051871,0.508579014706948
1-0,0-1,0.0,0.48517275757506684,0.4820315189179369
0-1,0-1,0.0,0.5162610257733858,0.4478689599543986
0-1,1-0,0.0,0.4754058416043773,0.4811333307600835
0-1,0-1,0.0,0.48986718481547503,0.4709521597788055
1/2-1/2,1-0,0.0,0.45851241766382606,0.5048953308090403
0-1,1-0,0.0,0.4708794068234636,0.4886010659658425
1-0,1-0,0.0,0.4752016572389132,0.488152292105624
0-1,0-1,0.0,0.4834411707175319,0.47192861045019907
1-0,1-0,0.0,0.4481115105177901,0.5255200621602855
1-0,0-1,0.0,0.49334660966013405,0.46210885153096726
1-0,1-0,0.0,0.47688071972823787,0.4790316982658716
1-0,0-1,0.0,0.5264461750786468,0.4216172064822586
0-1,1-0,0.0,0.016903891868219115,0.9830960563113913
0-1,0-1,0.0,0.46791150359743167,0.456789623956392
1-0,0-1,0.0,0.49680261287914684,0.4539563469109813
0-1,1-0,0.0,0.46088322575160284,0.5060300403104879
1-0,0-1,0.0,0.4874888229695435,0.474247682289156
1-0,0-1,0.0,0.49575722943136974,0.4611239496996889
1-0,1-0,0.0,0.4219350595489466,0.5563121779058225
0-1,0-1,0.0,0.5193391633304514,0.41443451312336627
1-0,1-0,0.0,0.44849970819903395,0.5246060486815789
1-0,1-0,0.0,0.22575086427859767,0.7685913090432123
0-1,1-0,0.0,0.3889599743210208,0.5814606781205739
1-0,1-0,0.0,0.46964603215765915,0.49183921767309163
1-0,1-0,0.0,0.47643262331551256,0.48901806130373365
0-1,1-0,0.0,0.47575239683979836,0.4904919575639195
0-1,0-1,0.0,0.4823273601941645,0.4685364792247937
0-1,0-1,0.0,0.4921956401773916,0.46640314151691803
1-0,0-1,0.0,0.48778110086448323,0.4632887241565822
0-1,1-0,0.0,0.442877661568887,0.5265742000117419
1/2-1/2,1-0,0.0,0.46053284760720287,0.4920668027163057
0-1,0-1,0.0,0.4769134664001311,0.43298952335792384
0-1,0-1,0.0,0.518167942117997,0.4207081860979961
1-0,0-1,0.0,0.5340169408673914,0.42372725716926946
1-0,0-1,0.0,0.5284730209166202,0.4368384260345428
1-0,1-0,0.0,0.4770225116861074,0.4869465745667486
0-1,0-1,0.0,0.48491399657156825,0.47600681182549376
1-0,0-1,0.0,0.4918714515087663,0.4708294404660675
0-1,0-1,0.0,0.47893933703113845,0.471128728097901
1-0,1-0,0.0,0.45903681740035096,0.5082859252238523
1-0,1-0,0.0,0.46443485056354983,0.49054928825017985
0-1,0-1,0.0,0.5062980932282902,0.44393466181733215
0-1,1-0,0.0,0.42812995652846386,0.5481077221048257
1-0,0-1,0.0,0.49220637445789767,0.47145898247926027
1-0,1-0,0.0,0.41907949273455025,0.5595026456112312
1/2-1/2,0-1,0.0,0.5106081878253306,0.4499786887201564
1-0,0-1,0.0,0.47232452436358485,0.4654388933374283
1-0,1-0,0.0,0.47533959781527785,0.4944048077220865
0-1,1-0,0.0,0.43608147206458087,0.5301170899554369
0-1,1-0,0.0,0.4717947643976495,0.4950713226538101
0-1,1-0,0.0,0.4430894185516264,0.5125015541723836
0-1,1-0,0.0,0.4277938835976976,0.5487656114746902
1-0,1-0,0.0,0.47281551234840946,0.4966971550219962
1-0,1-0,0.0,0.4206357372822374,0.5489194915575017
0-1,0-1,0.0,0.5306072966028017,0.41862427164606203
1-0,1-0,0.0,0.15877894253766284,0.839404318106566
0-1,0-1,0.0,0.5040278513940819,0.4512984714058383
0-1,0-1,0.0,0.49384601661112537,0.46071876903882647
1-0,0-1,0.0,0.4840735143349039,0.4768108861558158
0-1,1-0,0.0,0.4642828675216224,0.49316825023286853
0-1,0-1,0.0,0.5134421940775931,0.4428792655025773
1-0,1-0,0.0,0.26318579257754393,0.7155511252990492
0-1,0-1,0.0,0.4888454060362385,0.4747215322532239
1-0,1-0,0.0,0.4578166407114228,0.5034760570243195
0-1,1-0,0.0,0.46306670833745084,0.5059601452121155
0-1,0-1,0.0,0.492816733828211,0.47423088345681136
1-0,0-1,0.0,0.4967602676988444,0.44845073054225537
0-1,0-1,0.0,0.4832078489574665,0.45502830974447595
0-1,0-1,0.0,0.5036604139125804,0.4561284137975076
0-1,1-0,0.0,0.46843888149940377,0.4843502522873149
