y_true,y_pred,prob_1-0,prob_0-1,prob_1/2-1/2
0-1,0-1,0.0002957878548389219,0.46729540786311463,0.4925187936164263
0-1,1-0,0.00039018407022671866,0.45701139745473285,0.5025318447228561
1-0,1-0,0.00030239997569877754,0.45688483747368575,0.5028048855033331
1-0,1-0,0.00033220248405853704,0.45717657499858116,0.5024374718929762
0-1,1-0,0.0002833190492964304,0.4563730400541457,0.5033572377319748
0-1,0-1,0.000271311763161076,0.4766367321511374,0.4815493340412376
1-0,1-0,0.0002931866623414464,0.45764511216315273,0.5022325472012882
1/2-1/2,1-0,0.0003437670869645965,0.4571791002301594,0.5024422327541387
0-1,1-0,0.0003143164692482768,0.4571158905007616,0.5025144852055918
1-0,1-0,0.00036593855883414894,0.4576616377712845,0.5019231270890419
1-0,1-0,0.0003622920482439155,0.4564153484098995,0.5034092785850475
0-1,1-0,0.000307513174109507,0.46006270456639464,0.4996643454721994
1-0,1-0,0.00030906388785039725,0.4578582696049093,0.5017811742362278
1-0,1-0,0.00029275387160283345,0.46221688016247797,0.4974969435563184
1-0,1-0,0.00033923277255387327,0.458573298411325,0.5010937622936844
0-1,1-0,0.0002900159441983435,0.45950377966949635,0.5001947393374044
0-1,1-0,0.0002709567394314514,0.4627570573918928,0.4969255053480404
1-0,1-0,0.0003749921181002156,0.45630336729376697,0.5032720722715699
0-1,1-0,0.0002859127428143236,0.46282476462985955,0.5049562234723813
1-0,1-0,0.00031310017549038315,0.456548828945954,0.5033930675851683
0-1,1-0,0.00032079716171023055,0.4596061263857678,0.5001037637130465
0-1,1-0,0.00031251534052936276,0.45958316164887364,0.5000716414838097
0-1,1-0,0.00035737992392269986,0.457214710149701,0.50235681668289
1-0,1-0,0.0003073294382664212,0.4600616252803,0.4996653700015107
0-1,1-0,0.0003616012100573972,0.4563032438570691,0.5033069963482872
0-1,1-0,0.00029040812806658536,0.4579056485356073,0.5017770830098306
1-0,1-0,0.00029920522939943313,0.4655683230369648,0.4941529414163319
0-1,1-0,0.00029099143778747754,0.4627512090216148,0.4969447004704331
0-1,1-0,0.0002745368340151625,0.45913873142277134,0.500655403563732
0-1,1-0,0.00032928351163193033,0.45661761112040083,0.5030483739728996
0-1,1-0,0.0003193267839237225,0.45729771801806207,0.5023183295563973
0-1,1-0,0.00028867999125310116,0.45767120500972575,0.5020991921724668
0-1,1-0,0.000324602395259036,0.4593758552841232,0.5003264356612301
1-0,1-0,0.00030938585633947873,0.45915491222503246,0.5005270772211107
1-0,1-0,0.00033348689519420557,0.45627688055819426,0.5033213356737977
0-1,1-0,0.0004245782964648488,0.4564935694919421,0.5030522204660648
0-1,1-0,0.0004068806601813271,0.4566857291828106,0.5028211884430803
0-1,1-0,0.0003224593091049613,0.4584488731429716,0.501207806260908
1-0,1-0,0.00031666633267058607,0.4607117344062996,0.49889434860653886
0-1,1-0,0.0002734464413859575,0.46257413922994195,0.49696936559646954
0-1,1-0,0.00027715715379236983,0.45726082506575255,0.5026358811603373
1-0,1-0,0.00037379546492282133,0.4574975116885027,0.50207128674311
0-1,1-0,0.00036018766308533196,0.45770238090603593,0.5018858037999863
1-0,1-0,0.00027632917830344017,0.45619798787471977,0.5035017094915039
1-0,1-0,0.00029168019527191815,0.460603792082932,0.49905720639178197
1-0,1-0,0.00032809989003162717,0.45799237924896186,0.50163412144267
1-0,0-1,0.0002711513739976304,0.4679122380700086,0.49174359054255096
0-1,1-0,0.00033570050973254835,0.456450614121394,0.5031834664055864
0-1,1-0,0.0002948139016252021,0.4620731063333337,0.49759128538603176
1-0,1-0,0.00033964691875875834,0.4584929364798464,0.5011671094462822
0-1,1-0,0.0003152871351975445,0.4585144152712235,0.5011480605943315
1-0,0-1,0.00027337991443664183,0.4690185577596825,0.4899317937217298
0-1,1-0,0.000276944885583458,0.457579970772222,0.5021867767191692
1-0,1-0,0.00028858528208896943,0.45718406570638054,0.5033021164059395
1-0,1-0,0.0002820424464290435,0.4566055898276041,0.5031794205561583
1-0,1-0,0.00028499328879786045,0.4567700728281267,0.5035051101127466
0-1,1-0,0.0003754836151055298,0.45666281729761016,0.5029844447736924
0-1,1-0,0.00031091228807367493,0.4565120958862702,0.5031565394908205
0-1,1-0,0.0003031911183020828,0.46397340261203823,0.4958072405075983
0-1,1-0,0.00034446325958716777,0.45648660165909133,0.5031216763226225
0-1,1-0,0.00039967266546979863,0.456322582510994,0.5032103014874153
0-1,1-0,0.0002958498907764855,0.4563253072574782,0.5033833268175136
1/2-1/2,1-0,0.0003144885926100738,0.45646086818162546,0.503449470049991
0-1,1-0,0.00031588536746067025,0.4565881077463928,0.5030642030223291
1-0,1-0,0.0003938724557084529,0.4563597298008902,0.5031948959562093
0-1,1-0,0.0002935092748885607,0.4564959520488197,0.5033775359644337
1-0,1-0,0.0003010704944467048,0.45675258775382616,0.502968603092318
1-0,1-0,0.0002814991854752631,0.45768658375503785,0.502044715936298
0-1,1-0,0.0003012558452843477,0.46477562544259904,0.49486553769570774
1-0,0-1,0.00029135387948482584,0.4681035108361188,0.49204018154506113
1-0,1-0,0.0002862072931644078,0.4640585900712483,0.4956035365343783
1-0,1-0,0.0002774747148892839,0.45751429761737444,0.5022052761657755
0-1,1-0,0.0002820099922228387,0.45644314043278655,0.503274695570311
1-0,1-0,0.0003392435338357831,0.45857283468257215,0.501094194816362
0-1,1-0,0.00034835901685139324,0.45648567247396216,0.5034837439909994
1-0,1-0,0.0004218792885836282,0.4564790246442011,0.5032654591286475
1-0,1-0,0.0003176996273842552,0.45750481181008573,0.5021253646134827
1-0,1-0,0.0003303238171614337,0.45633590531433915,0.5032833720236619
1-0,1-0,0.00034232360212937106,0.4563053292149825,0.5033247436306891
1-0,1-0,0.0003818899073054159,0.4563959560777478,0.5031912757085412
1-0,1-0,0.00037454638580218264,0.45647088954739884,0.5034058473979772
1-0,1-0,0.0002874483223998135,0.45673149832799936,0.5035469495177098
1-0,1-0,0.00028437049606438563,0.4567391465626747,0.5031797113118307
1-0,1-0,0.00029322846699222574,0.45882676965663766,0.5010317213832947
1-0,1-0,0.0002815486264258894,0.46310547267722835,0.49659146124304016
1/2-1/2,0-1,0.0002892060341832841,0.4684802844571053,0.49213187412673
0-1,1-0,0.000298511089744263,0.45673224421625586,0.503011259264778
1-0,1-0,0.0003230098522501311,0.4591749073487326,0.5004393225549512
1-0,1-0,0.0002911100913641692,0.45824359658142366,0.5031308459196119
0-1,1-0,0.00035691965769333423,0.45656239599154397,0.5031403324197643
0-1,1-0,0.00028005321618809325,0.4627271700451858,0.4969695083541803
1-0,1-0,0.00029013346805727245,0.4568685074154834,0.5029154164520256
1-0,1-0,0.0003230690375989651,0.4568970484489915,0.5027323609889344
1-0,1-0,0.000287598883374008,0.45697268876273217,0.5040945646069195
0-1,1-0,0.0002999183793501492,0.45709773969903805,0.5025593660046354
1-0,1-0,0.0003552574720312561,0.4563361277701416,0.5032803217083311
0-1,1-0,0.0003249113780921645,0.4582217179222641,0.5014201523952849
1-0,1-0,0.0003322448112470382,0.4573154286326218,0.5023015523546116
0-1,1-0,0.0003106587572325935,0.4565871402318574,0.5035288170332085
1-0,1-0,0.0003506507975103552,0.45627482915704515,0.503349038292296
0-1,1-0,0.00034507438998377006,0.456569713628188,0.5032280343772052
0-1,1-0,0.00033384909465916397,0.45661081484553123,0.5031942906197531
1-0,1-0,0.00029094992446740967,0.45881696305856695,0.5037334812034477
0-1,1-0,0.00030549757748148424,0.4564830401050987,0.5033217760192211
1-0,0-1,0.00027286851613651157,0.46979818784119276,0.4899333859505038
0-1,1-0,0.00032580078747730277,0.4565133620837193,0.5035009770494461
0-1,1-0,0.00027540473849093614,0.4591749830522049,0.5005100001510762
0-1,1-0,0.00030410506412488513,0.46095365158775775,0.4987242942423637
1-0,1-0,0.0002930966271040955,0.46092145581568206,0.4988170769363727
1-0,1-0,0.0003397584407472185,0.4574214791575293,0.5021698956346448
1-0,0-1,0.0002792277700940889,0.4696254786868927,0.48627608315916476
0-1,1-0,0.0003739854917325153,0.4565836907041261,0.5035381735015144
1-0,1-0,0.0003075245320189905,0.4593655133260442,0.5003384161020327
0-1,1-0,0.0002830804984223353,0.4566460834409789,0.5033987017584738
0-1,1-0,0.00028104463892149854,0.4565464614211105,0.5031831088548978
1-0,1-0,0.0002919220844717238,0.4567802304748487,0.5035697847071617
0-1,1-0,0.0003679581437272576,0.4576484731450304,0.5019437202963274
1-0,1-0,0.0002925639423083115,0.45794344056204733,0.5025631232955117
0-1,1-0,0.0002978110429517285,0.4627580813209456,0.4968679085125761
0-1,1-0,0.00037581549329686743,0.4562969425913233,0.5032820619587268
1-0,1-0,0.0003426762155101652,0.45840377246930836,0.5012503153159313
1-0,1-0,0.0004062502461631754,0.4564837096093302,0.5030302143805978
0-1,1-0,0.00028429126452062236,0.45640252804382286,0.5033634005274351
0-1,1-0,0.000280823864933632,0.45699135405829866,0.5031923555587218
1/2-1/2,1-0,0.0003071819999920212,0.45676021201722405,0.5030047341247872
1-0,0-1,0.0003063717023276266,0.4769908726627699,0.4782585598733178
1-0,1-0,0.0003218788037296598,0.45949157026314535,0.500124192567111
0-1,1-0,0.0003148103726517963,0.4564280785552683,0.5034303610430497
0-1,1-0,0.0002904359987869971,0.45670857638262663,0.503383840596497
0-1,1-0,0.0003132328002939444,0.4565160329116364,0.5031491476398132
0-1,1-0,0.00041326653704499915,0.45654797694183674,0.5031920927018647
0-1,1-0,0.00037468105307226254,0.4565805505033072,0.5035368241244875
0-1,1-0,0.0003146247743057025,0.46100313628520984,0.49861309269880233
1-0,1-0,0.0002879453892741639,0.45658922919218836,0.5034546278229473
0-1,1-0,0.00027609532606856285,0.4591160299920596,0.5006552139325345
1-0,1-0,0.00030196739241531643,0.45759923327204777,0.502051195587794
1-0,1-0,0.00028785206213594386,0.4627905986287389,0.49694417596512247
0-1,1-0,0.00032449673557582444,0.458867641100716,0.5007930696432966
0-1,1-0,0.000315880482241667,0.45988263747730246,0.49980812270371205
1-0,0-1,0.0002709646491847109,0.47021262328597524,0.489494548200617
0-1,1-0,0.0003481519993345792,0.4565229338962871,0.5031587881997643
0-1,1-0,0.00028418463591076056,0.45668608706638175,0.5034830832211256
0-1,1-0,0.0002826425662590343,0.46183401741991315,0.4978748646326322
0-1,1-0,0.0002919655492653654,0.45804756242700617,0.5018278224072856
0-1,1-0,0.00028305892190497194,0.45641355176889886,0.5033400438958446
1-0,1-0,0.0003160183235802126,0.4563738584184677,0.503275569176525
0-1,1-0,0.00041437381682953896,0.45639173995392296,0.5031677939620116
1-0,1-0,0.0003209856623669261,0.45957948189125514,0.5001188090786897
1-0,1-0,0.00029297194795273806,0.45984740627340986,0.499796737830202
1-0,1-0,0.0002938263240902524,0.46106769481970267,0.4985732945698117
1-0,1-0,0.0003906117672476037,0.4571257346825237,0.5024033816253299
1-0,1-0,0.00028203809547830037,0.45661974735422545,0.5033908508642831
0-1,1-0,0.00033177671549903723,0.45630628503699644,0.5033218588989189
1-0,1-0,0.0015305822670044762,0.39550967103239126,0.4787162551601193
1-0,1-0,0.0003254958562728139,0.45809817268058706,0.501620028427463
1-0,1-0,0.00028783989233439026,0.456930641492156,0.5027778796073702
0-1,1-0,0.0003220287633217093,0.45699272796843576,0.5027130369533481
0-1,1-0,0.0003739551323724422,0.4571141359815381,0.5024405272971744
1-0,1-0,0.00027234887882416064,0.4608893879672582,0.4987984113318844
0-1,1-0,0.0002984526471763473,0.46076429963030724,0.4989054382238735
1-0,1-0,0.00027778885624079425,0.45952779481087935,0.5001600857791261
1-0,1-0,0.00027770362726831067,0.45722401555388986,0.5024879622171678
1/2-1/2,1-0,0.00032705747233176594,0.457656667104374,0.5019480515557269
1-0,1-0,0.0003190269583770095,0.4566923023111532,0.5030782752676588
1-0,1-0,0.0003086285113083034,0.45682228266954655,0.5029516970513639
0-1,1-0,0.0002856163155659898,0.4569446184011621,0.5042350336737724
0-1,1-0,0.0003053231287880256,0.4615543330341936,0.4980606614279554
1-0,1-0,0.00031698954443091723,0.45664517704712526,0.5035957846253227
0-1,1-0,0.0003059320382522332,0.4598634020792199,0.49985791396240387
0-1,1-0,0.00041891249588347574,0.45650955354848133,0.5033936042060724
0-1,1-0,0.00030580327788164624,0.4567832500545694,0.5029184963085606
1-0,1-0,0.0003526174696861433,0.45660619469918917,0.503601188463603
0-1,1-0,0.00036488308766372256,0.45628281271699855,0.5033471976774186
0-1,1-0,0.00033810909472022164,0.4583210811535266,0.5013240133598147
0-1,1-0,0.0002843825831758936,0.4621937050520179,0.49751900841286
0-1,0-1,0.00027448930593104595,0.46930531805669895,0.48901575773193745
0-1,1-0,0.0002754713905860874,0.459276484605721,0.5004079616132021
0-1,1-0,0.00028621970629281134,0.45499847668711685,0.5029332024129025
1-0,1-0,0.0002897844568558501,0.45915650167412947,0.5005079035358297
1-0,1-0,0.00030479299699980007,0.46284438351152885,0.496918033657598
1-0,1-0,0.0003036082464841031,0.4578037283952306,0.5019071052727028
1-0,1-0,0.00028207751555528807,0.45643794792360326,0.5032689344877241
1/2-1/2,1-0,0.006340780418209828,0.3165471801817425,0.4857643323088419
0-1,1-0,0.00028785546449445446,0.46303562785987673,0.496678360593439
0-1,1-0,0.00036651406150024784,0.4564307377236876,0.5032133831772476
1-0,1-0,0.00038907852787527095,0.4565604590978753,0.5029999288850278
0-1,1-0,0.0002896899608054255,0.4591245722306928,0.5005662018710381
1-0,1-0,0.0003252518492429855,0.4571296600468911,0.5025849883650978
1/2-1/2,1-0,0.0002795395163449687,0.46314699252336466,0.49450500827795524
1-0,1-0,0.0002989928603421364,0.46366586847101127,0.49389282373267146
1-0,1-0,0.000323732649040188,0.45730074124656334,0.5023086378698748
0-1,1-0,0.00028695876103210677,0.45701209659584024,0.5034461449290987
1-0,1-0,0.0002860752399041087,0.4563312914822784,0.5034002968299464
1-0,1-0,0.0002873768762626362,0.4570786477637235,0.503405980305142
1-0,1-0,0.0002844192263548567,0.4564484384239264,0.5034034404621924
1-0,1-0,0.0002810165417155589,0.456939473405044,0.5033376653203389
0-1,1-0,0.0003788660266848289,0.4562971463272276,0.5032779092268784
1-0,1-0,0.0003039662894183136,0.46002403860626795,0.49962275381769045
1-0,1-0,0.0003119294470040096,0.45737838196292085,0.5023400562889536
0-1,1-0,0.0002778165569329688,0.4573569013547959,0.5024367046646336
1-0,1-0,0.00042192057436723167,0.456582254192358,0.503064577985188
1-0,1-0,0.0002841110196571102,0.45664422231812035,0.5034273096342439
0-1,1-0,0.0002786985027548945,0.45698346965965914,0.5028488119561952
1/2-1/2,1-0,0.0002943782225589597,0.4619299200046785,0.4964128354845429
1-0,1-0,0.00039149600346568105,0.457112982221391,0.5024148298192422
1-0,1-0,0.0003827443739916465,0.4562970816236814,0.5032990619221567
1-0,1-0,0.00027780881733183345,0.45722383165601566,0.5025980487841835
0-1,1-0,0.0003839058629932045,0.45680903522894567,0.5027585044887805
0-1,1-0,0.0003126785248247231,0.45654746378358235,0.5031830567179199
0-1,1-0,0.00033787727902764045,0.45697262767811514,0.5027369028807168
1-0,1-0,0.0003897644808924524,0.4564716946334641,0.5030903841513766
1-0,1-0,0.0004231572729008403,0.4564646118842286,0.5031915726490557
0-1,1-0,0.00037311464522532496,0.4467364480860672,0.49977512079247943
0-1,1-0,0.0002758612066183963,0.45878637278889367,0.5009029269873225
1-0,1-0,0.0003053434443506843,0.46378444533315666,0.49595470832184135
0-1,1-0,0.00032865698908579946,0.45869657734148045,0.5009659801506918
1-0,1-0,0.00028976388995855077,0.45635380656812563,0.5033683509821459
0-1,1-0,0.00027774314893816215,0.46117816455265404,0.4985118000086157
0-1,1-0,0.0004233787479127005,0.4565140137524973,0.5032959689762386
0-1,1-0,0.0003425298459412801,0.4572065965239499,0.502492133647444
0-1,1-0,0.00041512487084613815,0.45642312349125125,0.503229427936742
0-1,1-0,0.0002883007316680838,0.4594835552002156,0.500213456530204
1-0,1-0,0.0003509046697596331,0.4565047107802113,0.5031429101987622
1/2-1/2,1-0,0.0002933607471726214,0.46162679848585203,0.49802819152131966
1-0,1-0,0.0003659825148082771,0.4563537010810565,0.5032955080331543
1-0,1-0,0.0003747657810015586,0.45733477302027153,0.5022180434748553
1-0,1-0,0.00027550298708513494,0.458194290629221,0.5015110313879315
1-0,1-0,0.00028952429278459706,0.4566762451365466,0.503051533896513
0-1,1-0,0.0002731300876838347,0.46067867230482756,0.49899989922807636
0-1,1-0,0.00038950403628124894,0.4568800099725768,0.5026793199057694
0-1,1-0,0.0002843439794882352,0.46369987594392903,0.4960761185725127
1-0,1-0,0.0002883597871775695,0.45807080770873426,0.5040990134252531
0-1,1-0,0.0004131634644473373,0.4565405521718305,0.5029591069632214
0-1,1-0,0.0003772515134819397,0.45649180023345104,0.5034700544175613
1-0,1-0,0.0002711839411431179,0.4622811209406932,0.49743303007872963
1-0,1-0,0.00028231591244695057,0.4565685661075937,0.5033882404831456
0-1,1-0,0.00030237054307011014,0.459185367237768,0.5005091201943531
1-0,1-0,0.0003240447843524587,0.4563618440027511,0.5032663922802576
0-1,1-0,0.0004060784468920924,0.4564900246029492,0.50342107414127
0-1,0-1,0.0002698429123343701,0.47057976982700345,0.48913318634515895
1-0,1-0,0.00031579261967861166,0.45758418004958107,0.5021380329973557
1-0,1-0,0.0003474777897316479,0.45634362362846154,0.5033644159846083
0-1,1-0,0.00029752155433051235,0.4601472346774673,0.49957478847424125
1-0,1-0,0.00028933836045326607,0.456405128170698,0.5033247109818905
1-0,1-0,0.000301367980423784,0.4569951580302359,0.5027953260898778
1-0,1-0,0.0002853906116016816,0.45674870116250854,0.5034492214420414
1-0,1-0,0.000287180362102147,0.4566658908032593,0.5032569499679653
0-1,1-0,0.0002770320477061083,0.46414669217227245,0.49552600696975
1-0,1-0,0.00032421757131696055,0.4587981476521348,0.500813961646142
0-1,1-0,0.00028860769144362336,0.4555673923882945,0.5036929859528
0-1,1-0,0.0003200815670785727,0.4565322769725532,0.503126407665284
0-1,1-0,0.00031312794855234036,0.4600369144155636,0.4996102902007624
0-1,1-0,0.0002793714077719892,0.4573045560011781,0.5024606588980952
1-0,1-0,0.00040408707031544934,0.45662332366699504,0.5030309997046589
0-1,0-1,0.0002743992041773106,0.473679036338956,0.4813929373181955
0-1,1-0,0.0003937995802399638,0.45639232689480247,0.503318796296932
0-1,1-0,0.0003630203464620005,0.4569765534382089,0.5026332326668256
1/2-1/2,1-0,0.0003357677826595012,0.4568598616429472,0.5027492067024067
1-0,1-0,0.0004094791453529432,0.4563761619700349,0.5031384920468692
1-0,1-0,0.00029747552580307524,0.45858511062234625,0.5010917098196412
1-0,1-0,0.0002716447640158252,0.4628116071486672,0.496899436113617
0-1,1-0,0.0002734908993729628,0.4611227435838151,0.4985530281451563
1-0,1-0,0.0003392584773747172,0.45734476635494387,0.5023704021553586
0-1,1-0,0.00027868405280874687,0.45774957344943384,0.5021274835062437
0-1,1-0,0.00028871763546129043,0.4584421345088927,0.5034058155227671
0-1,1-0,0.0003049401070253722,0.45221448516374435,0.5015564451212732
1-0,1-0,0.00042314537429391285,0.4565113074512044,0.5033120227398251
1-0,1-0,0.000284756896677278,0.4563874888757911,0.5033311629987379
1-0,1-0,0.0003769869395046895,0.4568644710705713,0.502715694073901
1-0,1-0,0.00033614852915907017,0.45845376759842754,0.5012092751617889
0-1,1-0,0.0003153778253955953,0.45636172085423254,0.5033953116231833
0-1,1-0,0.0002825936364691377,0.4565429267551422,0.5032240107924932
0-1,1-0,0.0003355206616259083,0.4576216943223145,0.5020910496134973
1-0,1-0,0.0003064933081533522,0.4609638281346339,0.49866238407027824
1-0,1-0,0.00041270966437107474,0.4565191811793728,0.5034742039827392
0-1,1-0,0.0002795041781131872,0.4568514339518946,0.5029226998522969
1-0,1-0,0.00041851451117507713,0.4566526976460201,0.5029272339767278
1-0,1-0,0.00028449389658673246,0.45671596940573034,0.5035032055890805
1/2-1/2,1-0,0.000351633127854393,0.4574152989543161,0.5022120777098178
0-1,1-0,0.0003049073730867811,0.4567882900974373,0.5029150846058078
1-0,1-0,0.0003222575308970166,0.459034552997091,0.5005720911646818
0-1,1-0,0.0003872609733816261,0.45629683923853204,0.5032781050472741
0-1,1-0,0.0002827746564460532,0.4563929731313007,0.503333642053635
1-0,1-0,0.00027895766325312514,0.45704572423917944,0.5028252972188851
0-1,1-0,0.0002899316509044078,0.45670912770042926,0.5030179684151279
0-1,1-0,0.0003047993820896954,0.4589476358659041,0.5008436030472291
0-1,1-0,0.0003027280710651084,0.45861311861580323,0.5010587353223265
0-1,0-1,0.00026850708274949505,0.46903722455098823,0.4906968060026148
0-1,1-0,0.0002920897875128281,0.4563720610503676,0.5033710185732801
1-0,1-0,0.00034164863539932236,0.45632699135016147,0.5033556300426859
1-0,1-0,0.00029995178447742824,0.45646437659609174,0.5034493906231589
1-0,1-0,0.00028406487271235155,0.4563352122405764,0.5033837705103767
0-1,0-1,0.00026892436381881755,0.4759414233144691,0.4832927487299824
1-0,1-0,0.00036829840451530426,0.4576106792516588,0.5019852211789664
1-0,1-0,0.00037794059463756223,0.4563060816549379,0.5032720974466623
0-1,1-0,0.00040219663463746287,0.4569489614917976,0.502563690977478
0-1,1-0,0.0003932348313114337,0.45648556960344544,0.5033900155298819
1-0,1-0,0.00038934580681331254,0.45681306319318815,0.5027637075518124
0-1,1-0,0.0002939372653204867,0.4630715122556875,0.49661230742754603
1-0,1-0,0.00031331836175979707,0.45774867395710017,0.501889630965559
0-1,1-0,0.0003583963040142998,0.45657492143123024,0.5031032635299109
0-1,1-0,0.00028529571052994437,0.4637074874111491,0.49597447125934413
1/2-1/2,1-0,0.0006188378272690151,0.43699942577602496,0.4927964307542435
1-0,1-0,0.0003578174448450909,0.4566209548903503,0.5036185736120958
1-0,1-0,0.00028592101510465593,0.45652553320093936,0.5033883310291647
1-0,1-0,0.00027156070278723613,0.46612878475798397,0.49352273842547106
1-0,1-0,0.0004012932240932351,0.4567125701601652,0.502884376554
0-1,1-0,0.0002897187665534113,0.45847895597125743,0.5012030477095136
1-0,1-0,0.00028183983502472887,0.46491986973990923,0.4947385387975348
1-0,1-0,0.00029396990129138976,0.4579820194398331,0.501706916587455
0-1,1-0,0.00040979033070250205,0.45670128465496507,0.502799940006504
0-1,1-0,0.00027750002000501237,0.4577964294871277,0.502158617494424
1-0,1-0,0.0004009897758735802,0.45693273821778724,0.5025813603377243
0-1,1-0,0.0002955738500394433,0.4580822405215272,0.5017706625445106
0-1,1-0,0.0002904432337825464,0.4624218651317011,0.4972753773321825
0-1,1-0,0.00028493604358850944,0.45683285344414293,0.5036569039057289
1/2-1/2,1-0,0.000317891556614852,0.4567070270085591,0.5030533837388907
1-0,1-0,0.00031884894993628956,0.4563344899091981,0.5033795104812746
1-0,1-0,0.0002806246262362723,0.4565818065775533,0.503135755305593
1-0,0-1,0.0003480168526564775,0.4679687328114057,0.4898405599036316
0-1,1-0,0.0002859046331075879,0.45660370562537606,0.5034026506058407
0-1,1-0,0.00031809516454876975,0.4581580099705915,0.5014710323264407
1-0,1-0,0.00031213888850228086,0.4619796654708712,0.4976259986705121
1-0,1-0,0.00033639993595988493,0.45645166179735397,0.5034082233458372
0-1,1-0,0.0002740962737430415,0.45915582736239086,0.5005415516218723
1-0,1-0,0.00029595118211288047,0.456494672023464,0.5034389476224045
0-1,1-0,0.0002887092768158853,0.45630256341655906,0.5033533019090236
1-0,1-0,0.0003213579005411969,0.4580500247608201,0.5015843230341201
1-0,1-0,0.0002759108796572268,0.45677632194099294,0.503637090001656
0-1,1-0,0.0002783882362635529,0.45869949135452903,0.50099620919739
0-1,1-0,0.0004055285109087845,0.4567321554898488,0.5027766555720136
1-0,1-0,0.0003586069230476393,0.4564224634471287,0.503236476853459
0-1,1-0,0.00027767647161145863,0.46567582904872834,0.49397629413874894
1-0,1-0,0.0003682694746767,0.45672927270341046,0.5028939831982867
0-1,1-0,0.0003925023556444517,0.45654388850665334,0.5032029591426443
0-1,1-0,0.00028300315088940453,0.4564489346776498,0.5033500469726491
1-0,1-0,0.0004103732262216198,0.4563655050836004,0.5031653487172129
1-0,1-0,0.000304945058613464,0.4586235818364949,0.5010476902346475
0-1,1-0,0.00027802878742025827,0.4574867984661065,0.5022464777339728
1-0,1-0,0.00027418308917639186,0.4590744105458273,0.5006582791162698
1-0,1-0,0.0003625314998726697,0.45636673624407814,0.5032414943722113
0-1,1-0,0.000372191807837826,0.4563322295484007,0.5033023315011269
1-0,1-0,0.0004155979207215919,0.45661959744033714,0.5028773139063145
1/2-1/2,1-0,0.0003636887153871816,0.4566637507642487,0.5029447470002857
0-1,1-0,0.0003856968157266688,0.456590045238915,0.503602200230944
1-0,1-0,0.0002826679824558283,0.45675711703155736,0.5031638017504556
0-1,1-0,0.0002897892031354591,0.4564630913104136,0.5033433009806777
0-1,1-0,0.0002874821315636271,0.4567284928425359,0.5035472314718481
1-0,0-1,0.00029575880690302744,0.4697567955033168,0.4901745111037231
1-0,1-0,0.00029071079743575893,0.46500543994699933,0.49497089085534235
1-0,1-0,0.0003327416952006899,0.456348834440432,0.5033811101467918
1-0,1-0,0.0004067704038858262,0.4568750998856892,0.5026353283085777
1-0,1-0,0.0003184625097091058,0.4582705791392564,0.5013773169321047
1-0,1-0,0.00028348008186014954,0.456645927324218,0.5034610841742839
0-1,1-0,0.00035547214788012597,0.4565582637578855,0.5031464113701597
1/2-1/2,1-0,0.0002805141100101036,0.457068088327209,0.5031338367456536
0-1,1-0,0.0002937179935798501,0.4599337040848534,0.4998535403169089
0-1,1-0,0.0002889613599453144,0.46359980571506504,0.4965829304479333
0-1,1-0,0.0002803994935233028,0.4590368260009155,0.5006553977575307
1-0,1-0,0.0003800929933472487,0.45678065620848846,0.5028173345536575
1-0,1-0,0.00038787607269441694,0.45697361570280337,0.5025782249396691
0-1,1-0,0.00027500823544809373,0.4629848615308093,0.4966908440017631
1-0,1-0,0.000332137207915783,0.456313659678137,0.5033508123769156
1-0,1-0,0.00037584084640848264,0.4563022388038363,0.5032720687709697
0-1,1-0,0.0002872597349959965,0.45699589272556734,0.5027023729584921
0-1,1-0,0.00042358674854030997,0.45660673389000944,0.5029796493977636
1-0,1-0,0.00030271132333704734,0.45645106284527254,0.5034566079307684
1-0,1-0,0.0002853001032947863,0.4625262860776532,0.4971850127105449
1-0,1-0,0.0003860065344363278,0.4565313645433647,0.503038564462003
1-0,1-0,0.000280246471687194,0.456658278616456,0.5030794264917251
0-1,1-0,0.00028792985340771003,0.45710182657315024,0.5033667372217356
1-0,1-0,0.00028515319904446197,0.4568786133331278,0.5035238383793591
1-0,1-0,0.0002842833651718438,0.4564952721940578,0.5034335615623818
1/2-1/2,1-0,0.00995244408846838,0.2316487086607564,0.4757121809713646
0-1,1-0,0.0003674500266210748,0.4564801800962728,0.5033481691572246
0-1,1-0,0.00031394888582528545,0.45736664777063213,0.5023523094882402
0-1,1-0,0.0003518166605375474,0.4578375592724651,0.5017649608911645
1-0,1-0,0.0002824959675968058,0.4564135084888149,0.5032955563785856
1-0,0-1,0.0002878322049559059,0.47081041642337557,0.48177819226247975
1-0,1-0,0.00030383257369726474,0.4583568871552283,0.5013403482810264
1-0,1-0,0.00027874315684250125,0.45935676273085424,0.4994513015192769
1/2-1/2,0-1,0.0002694118416137965,0.4746194594498583,0.48476513357325823
1-0,1-0,0.0002850944637814572,0.4566675909759288,0.5035138588317412
1-0,1-0,0.00027960112473403466,0.45736588787389193,0.5023954379514823
1-0,1-0,0.0003587653422538456,0.45641467259843743,0.5032433058505509
0-1,1-0,0.00034016220739726486,0.4571435906799619,0.5024749601090776
0-1,1-0,0.0002970071540421187,0.4571379512570953,0.5025800641568938
0-1,1-0,0.00028012396606153563,0.4566569894288157,0.5030681245597729
1-0,1-0,0.0003564076588499234,0.4564795000282361,0.5033158157961706
0-1,1-0,0.0002900635551390695,0.461440856483595,0.5022124631251722
0-1,1-0,0.000276688589183213,0.46416017022822215,0.49551154254263147
1-0,1-0,0.00029406196554723047,0.4568305058010318,0.5036592606088557
1-0,1-0,0.0002839646436738754,0.4563423907034705,0.5033885380728806
1-0,1-0,0.0003107919129237153,0.4577665211707402,0.5018850397601429
1-0,1-0,0.00042345956531776347,0.4564684334332576,0.5030845171679166
1-0,1-0,0.0003178470000038579,0.45700291128970477,0.5027034284225089
1-0,1-0,0.0002943652815883173,0.4570426049680067,0.5026772943928592
1-0,1-0,0.00028119011808779904,0.4569641252463878,0.5036021218327067
1-0,1-0,0.0002802985174777084,0.4566267032583292,0.5030871985597261
1/2-1/2,0-1,0.00029607388193816204,0.46731308440163327,0.4924933916710015
0-1,1-0,0.0003332973849845923,0.45632677428206875,0.5033631196385303
1-0,1-0,0.00037653045544489564,0.45631311770264416,0.5032961978679409
0-1,1-0,0.0003816579147503299,0.4572528313146679,0.502309374221641
1-0,1-0,0.0003129985902872091,0.4596528937314204,0.5000644155381795
0-1,1-0,0.000296797179272901,0.4567552193492965,0.5008270789311536
1-0,1-0,0.0002836706641455642,0.45734854851754353,0.5024052134812199
1-0,1-0,0.00028996228441805383,0.45675994500959816,0.503355890541584
1-0,1-0,0.00031238429438752713,0.45786941915965257,0.5017659072810453
0-1,1-0,0.0003869306073267281,0.45710329871789285,0.5024470751935532
0-1,1-0,0.0003274441505448098,0.45864062878441003,0.5010110875815078
1-0,1-0,0.000297858259494801,0.45665642273788204,0.5034463836735894
0-1,1-0,0.0003343002007441443,0.4562716154817274,0.5033271142373946
0-1,1-0,0.0003046289406289378,0.46006380030007804,0.49972148780587167
1-0,1-0,0.00042313950001656385,0.4564776093935103,0.5030592947638184
1-0,1-0,0.00036664171455904525,0.45639229347824417,0.5032608455022469
0-1,1-0,0.00028039162508055026,0.46133636012097495,0.49836390103883543
1-0,1-0,0.0003935582162341778,0.45660501492416194,0.5030744820462383
1-0,1-0,0.000307283885661518,0.45714313533338385,0.5025709633649331
1-0,1-0,0.0003618773315848891,0.45632649656522684,0.5032655400384318
0-1,1-0,0.0003893528381412295,0.4565235491120276,0.5030374833815332
0-1,1-0,0.00029148564192586166,0.4567807265001074,0.503258109654026
1-0,1-0,0.0003734671234996815,0.4563174985112943,0.5033121886979833
1-0,1-0,0.0002768703918672812,0.4571240909455379,0.5032102898251957
0-1,1-0,0.0003241360724083219,0.45633207538900705,0.5032940860437429
1-0,1-0,0.0002929710198531054,0.4566874156111351,0.5031247043283665
0-1,1-0,0.0002818310727590954,0.45681135121923916,0.503077565272977
1-0,1-0,0.00039832755468860865,0.45655213365119224,0.5035470623779418
0-1,1-0,0.00037597254836000353,0.4568611992809917,0.5027207884678523
0-1,1-0,0.0002863974320835114,0.4610185997545819,0.4986979039478284
1-0,1-0,0.0002942467142275804,0.45651815045922106,0.503197707138438
1-0,1-0,0.00030982871823027577,0.4595525351421169,0.500160076559275
1-0,1-0,0.00028361490907043363,0.45671640760949467,0.5032299537616443
0-1,1-0,0.0002982788694504192,0.4582439052313029,0.5014460906357815
1-0,1-0,0.00031286731990132476,0.45765726572127335,0.5019717547065318
0-1,1-0,0.0002840023912954786,0.45789727715047407,0.5018111706471545
1-0,1-0,0.0002736639341219553,0.4594750706992634,0.5002254419897134
0-1,1-0,0.00029563036279103995,0.45828940213544056,0.5013804699686076
1-0,1-0,0.0003917594668073923,0.45703130752876486,0.5025003626178876
1-0,1-0,0.0003457764799104893,0.45645496278315933,0.5031776577955721
1-0,1-0,0.0002903429481189945,0.4628386741780133,0.4973123166307134
1-0,1-0,0.0002817800169999216,0.45657327737140274,0.503310739351699
0-1,1-0,0.0003419377467204016,0.4563707753889341,0.503391179943156
1-0,1-0,0.0002739516044781387,0.46213853359197893,0.4975360589558956
1-0,1-0,0.00040570557143554376,0.4568665672935135,0.502639970979586
1-0,1-0,0.00036891744607964985,0.4563452593660029,0.5032680420506821
1-0,1-0,0.0004249536015173839,0.456518012568108,0.5032480389839493
0-1,1-0,0.00038945052688262033,0.457156279080536,0.5023812627820625
0-1,1-0,0.0003243221468118128,0.456455881248485,0.5031866984447805
0-1,1-0,0.00028599455026238056,0.45633896003373864,0.5033927872258445
0-1,1-0,0.0002904167925131143,0.4565969875551812,0.5035378022833297
0-1,1-0,0.0003765150816890599,0.456480552763919,0.5033748639860276
0-1,1-0,0.00032541206903850426,0.4575838769485449,0.5020357979135965
1-0,1-0,0.00028998432052795316,0.46226799759552745,0.5019660700014852
1-0,1-0,0.00029201507634982844,0.46657713196577294,0.493392235966937
0-1,1-0,0.00031084507904445763,0.45745701520121684,0.5021735110925696
0-1,1-0,0.0002743699478984825,0.46004095468863243,0.49963860936172455
0-1,1-0,0.00031859903408614583,0.45635960824896266,0.5033942075488934
1-0,1-0,0.00028141496589098255,0.456734846341202,0.5031725646668281
0-1,1-0,0.0003362722553644901,0.4574448756163888,0.5021506402077553
0-1,1-0,0.00031498251580367847,0.45643989515309696,0.5033665201589937
1-0,1-0,0.00037170296189893915,0.4575455700785991,0.5020381179501917
0-1,1-0,0.0003075919945168441,0.4596084777611312,0.5001051757184012
0-1,1-0,0.0003934885081026117,0.4563249979057584,0.5032574568581422
1-0,1-0,0.0003328670528136406,0.4565018467955481,0.5030992763477083
1-0,1-0,0.00030154597163795663,0.45834406192232013,0.5013193485964252
0-1,1-0,0.0003086183910593911,0.4595655018607466,0.5001020510076785
0-1,1-0,0.00028477923422376303,0.4567445503916291,0.5041668936118395
0-1,1-0,0.00027808275117627756,0.45710816196741544,0.5026081011711219
0-1,1-0,0.00034687535136986096,0.4582680840332385,0.5013859671612064
0-1,1-0,0.0003687988535843962,0.4563636306026071,0.5033535847690624
0-1,1-0,0.00028092950764347963,0.45674006296226555,0.5030972512172218
0-1,1-0,0.00028093845258020134,0.4565597641531626,0.5031712870713478
1-0,1-0,0.00039424316380370504,0.4564964872353181,0.503051350155724
0-1,1-0,0.00029002799242480737,0.4670539639571715,0.4988706988907615
1-0,1-0,0.0002902673019664717,0.45695355538689997,0.5032892249872695
1-0,1-0,0.0003486116501370965,0.4580949273030834,0.5015313873645656
1-0,1-0,0.00027329937940329384,0.4602113962882296,0.49955404369479073
1-0,1-0,0.0002800961440144427,0.4659106959635956,0.49375686301166455
0-1,1-0,0.0003593738159430298,0.45665548135414236,0.5036506533181542
0-1,1-0,0.0002883414032560899,0.4565862217985718,0.5033555897010977
0-1,1-0,0.00029099334122673027,0.45672225439796693,0.5033982250352178
0-1,1-0,0.00028499169140136125,0.45683877927078237,0.5034361008497387
1-0,1-0,0.00029642253285973807,0.45976757194771956,0.49987438033117937
0-1,1-0,0.0003355875578455591,0.45697378764565766,0.5026470461189556
0-1,1-0,0.00039951701267372806,0.45639671220535705,0.5033006120882515
0-1,1-0,0.00028582717707942485,0.4564494012437789,0.5032809663683611
1/2-1/2,0-1,0.0002721093604120547,0.46940626478829345,0.4902849993952447
0-1,1-0,0.00034160711000069276,0.45636933054466333,0.5033903084400515
0-1,1-0,0.0003711446405628126,0.4575701030673499,0.5020100240971231
1-0,1-0,0.0002998630790215844,0.4567463990407076,0.5031025834077547
1/2-1/2,1-0,0.00030667432010137466,0.4633199891826045,0.4963930666706675
1-0,1-0,0.00033912763853295014,0.45727710290353624,0.5024417341680694
1-0,1-0,0.0002854458155629873,0.46047855050143377,0.5053139934949324
1-0,1-0,0.00033807257350751993,0.4570809779700655,0.5026353505891991
0-1,1-0,0.000283518699590438,0.4564537983126927,0.503392626537836
0-1,1-0,0.00028291522764611573,0.4605287217657967,0.4991742773708456
1/2-1/2,1-0,0.0002875060120124799,0.454579232459286,0.503166517237445
0-1,1-0,0.00035796242431751615,0.4563012450511932,0.5032995928989293
0-1,1-0,0.0003730364129804872,0.45648445605019033,0.5033463840088721
1-0,1-0,0.00038163206614535213,0.4564111187710219,0.5031757104248445
0-1,1-0,0.00040967380716681125,0.4565052408029914,0.5033486476687654
0-1,1-0,0.0002900825156377991,0.46017713357520423,0.5033722223782132
1-0,1-0,0.00037985414923006407,0.4571399873820614,0.5024322575489341
0-1,1-0,0.000349631605389861,0.45792757857147276,0.5017150236141549
1-0,1-0,0.00029734012047584463,0.4569764653302953,0.5027279096348847
0-1,1-0,0.0002775898886739801,0.45740427363528097,0.5023159626469609
1-0,1-0,0.00027287067287303364,0.46454223668948735,0.4951173076433096
1-0,1-0,0.0002802722871615591,0.4635220868953613,0.49600843429599023
1-0,1-0,0.0002908539644314375,0.45695976706010416,0.5033803106479349
0-1,1-0,0.00027688828179450845,0.4575590878212316,0.5021458727666221
0-1,1-0,0.00035610570472432735,0.45633595733328464,0.5032619683609423
1-0,1-0,0.0002892716564732736,0.46589885332685815,0.494446114580158
0-1,1-0,0.00032982090135811877,0.4581005365353296,0.5015381771370905
1-0,1-0,0.00029808263831978486,0.4656859966371862,0.494009848227564
1-0,1-0,0.00032207058267536904,0.4569959949389552,0.5027099920723997
0-1,0-1,0.00028896768917615435,0.47132206190787534,0.4895007789336556
1-0,1-0,0.0003258078288274921,0.45697200993782616,0.5027329068388587
0-1,1-0,0.00031065004657830647,0.46008942568982314,0.4996372585131532
1-0,1-0,0.00032184367470723034,0.4595009462231578,0.5001148593412538
1-0,1-0,0.0002824313114012737,0.45662018072084387,0.5033793210616033
1-0,1-0,0.00037150891543022484,0.4565243094146527,0.5035128272282475
0-1,1-0,0.0003287445151889449,0.45903613133893223,0.5006570611969181
1-0,1-0,0.0003011254663586177,0.4594005311780954,0.5002881757261282
0-1,1-0,0.000300092862477573,0.4592718382466057,0.5004352259133904
1-0,1-0,0.0003653995642001114,0.45642293974559733,0.5032348432162438
1-0,1-0,0.00028957945200615585,0.45745241073208315,0.5039985613685287
0-1,1-0,0.0003483584463911943,0.4568420247658078,0.5028608419635158
0-1,1-0,0.00028172985343703555,0.4564642905585441,0.5032434697276429
1-0,0-1,0.00028934029528844736,0.4707405970630729,0.4899554647779992
0-1,1-0,0.00028860641301327604,0.46046190456171043,0.49952869413239603
0-1,1-0,0.00033453489857347446,0.45764668609479536,0.5020046270685924
1-0,1-0,0.0003303450911634536,0.45633318318210775,0.5032860378936153
0-1,0-1,0.0002705281608542919,0.46897577723358325,0.4906971984216788
0-1,1-0,0.0004124418171520927,0.45641658910393357,0.5032456937073881
0-1,1-0,0.000295554519944232,0.4588218803528819,0.5008429008538802
0-1,1-0,0.00027272876457089165,0.460558243136394,0.4991276761977918
0-1,1-0,0.0003276450713798673,0.4585914291258858,0.5010770860903542
0-1,0-1,0.00029476720375546674,0.46888512645803143,0.4910476439062149
0-1,1-0,0.0002828788755990641,0.45636614564938843,0.5033567686711526
1-0,1-0,0.0002881129882154005,0.4567778828639684,0.5035350633303914
0-1,1-0,0.0003334111623468585,0.45759420382327887,0.5021278048485553
1-0,0-1,0.00026847309878042414,0.4724441892307016,0.4872964095324918
0-1,1-0,0.0003614469210821354,0.45688670980094426,0.5027049653905583
0-1,1-0,0.00028771616124530306,0.45635541462785145,0.5033750615607845
1-0,1-0,0.0002876595939481157,0.4590945730988025,0.5005960236028324
0-1,1-0,0.00027582861124773417,0.4582552128749331,0.5014392776858148
0-1,1-0,0.0002736885495814557,0.4652084298072761,0.494446765685344
0-1,1-0,0.00029789619073883247,0.45648491688769227,0.5034146590766255
1-0,0-1,0.0002748796072232141,0.46840273135163757,0.4913076905537818
0-1,1-0,0.0002820889203598253,0.4574701738554495,0.5022782199178126
1-0,1-0,0.0002934299789643422,0.45670113527054795,0.5034901596595612
1-0,0-1,0.00026915487942158397,0.4706469848780027,0.489063998837422
1/2-1/2,1-0,0.0003450910421307125,0.4576248659503746,0.5020097723332787
1-0,1-0,0.0002888430566489043,0.4584082632521289,0.5033399637640125
1-0,1-0,0.00038193991000394723,0.4562987518321817,0.5032723493626567
1-0,1-0,0.0003349794765164659,0.4575418701391719,0.5021783186448483
0-1,1-0,0.0003253744587756869,0.4583975732682231,0.5012121457076484
1-0,1-0,0.0002876754486042115,0.4573154863027227,0.5024142537287932
0-1,1-0,0.0003246215417511225,0.45651511210622053,0.5035011694916085
1-0,1-0,0.00040830518902262283,0.45662977784636916,0.5028754536392486
0-1,1-0,0.00029158896760075594,0.46286377492857256,0.496814859734789
1-0,1-0,0.0003046897237086469,0.464686512420413,0.49505367437992115
1-0,1-0,0.00030664121588797885,0.4537173955997366,0.4996417736161436
0-1,1-0,0.0002895033537544488,0.4573104160304987,0.5031370868830363
0-1,1-0,0.00031431402588957884,0.45672159379609173,0.502965238323714
1-0,1-0,0.0002760086254106997,0.4589279377300863,0.5007604132085496
1-0,1-0,0.0002993103876023082,0.4563141747391746,0.5033807917538495
1-0,1-0,0.00041272550113871447,0.4566970870316368,0.5028011098079184
0-1,1-0,0.000320463975942929,0.45662165239143315,0.5030489955978324
1-0,1-0,0.0003910847427079204,0.4570661171410761,0.5024717135503756
0-1,1-0,0.00031923995892947204,0.4601268548802387,0.49948988739497757
0-1,1-0,0.0002842019406278844,0.4566642972718953,0.5034693230569044
0-1,1-0,0.0002812757226173175,0.4595026799256066,0.5001896111373122
1-0,1-0,0.0003455610905845338,0.45636693791391486,0.5033851979951192
1-0,1-0,0.00028666597961395475,0.4566136610957226,0.5034830309883656
1-0,1-0,0.0002929311092390863,0.45643244205546557,0.5028776390986527
0-1,1-0,0.00030301481359572074,0.45630405046257505,0.503367232462033
0-1,1-0,0.00028532912089654887,0.4574458672385296,0.5022862249642763
0-1,1-0,0.00028995241359456263,0.45705693636887107,0.5038367400159685
1-0,1-0,0.0003884491099401208,0.457066788133774,0.5024799757517838
0-1,1-0,0.0002949399444889644,0.4582702837330053,0.5014004654540328
0-1,1-0,0.000284343059337446,0.4609928637208097,0.49871803058014474
1-0,1-0,0.00033978469721659916,0.4570946144322877,0.5025570814137476
0-1,1-0,0.00042248146159925323,0.4565007572636149,0.5033158870706478
0-1,1-0,0.0003147488371543081,0.45660994941682975,0.5030647320240201
0-1,1-0,0.0002847312394555948,0.4568718060769637,0.504110801761701
1-0,1-0,0.00028645764265720946,0.456796073997047,0.5030594202756523
1-0,1-0,0.0003688619298035776,0.45662794228460724,0.502974808601966
1-0,1-0,0.0003328203377910522,0.4563059796115608,0.5033357910309746
0-1,1-0,0.00030014179577777774,0.46057480435132514,0.49915748671211757
0-1,1-0,0.0002961865884140421,0.4583012166656148,0.5013679749907419
1-0,1-0,0.0003188547318275519,0.4597238268420359,0.49998971267725684
1-0,1-0,0.00030105020175881796,0.4594784266607744,0.5002265326529663
0-1,1-0,0.0002899713851849647,0.45688768527641327,0.5032967145504457
1-0,1-0,0.0002774609593919873,0.4577247811160958,0.5019931183272717
0-1,1-0,0.0002860671062431991,0.45633639876058274,0.5033322536422028
1/2-1/2,0-1,0.0005483803195619234,0.45605606068833915,0.45590862609747174
0-1,1-0,0.0002851506822431013,0.4564168568359149,0.5033042507755372
1/2-1/2,1-0,0.0003001242390020475,0.45630554984302224,0.5033754165264906
0-1,1-0,0.0003535124566174644,0.45704269243432827,0.5025758001500638
0-1,1-0,0.00027973373213116526,0.4567200538187176,0.5029953817401122
1-0,1-0,0.00036619773623964885,0.4564438580263169,0.5034317370593215
1/2-1/2,1-0,0.0003306530228812227,0.4530035519045667,0.49720725678715555
0-1,1-0,0.0002875883593972405,0.4631894906264832,0.49650361075249905
0-1,1-0,0.0004216129281163735,0.45658242432848434,0.5030665107398152
1/2-1/2,0-1,0.0002937225046520622,0.47297348401885875,0.4928929770182262
1-0,1-0,0.0003567920883168224,0.4563109312064455,0.5033281020353987
1-0,1-0,0.0002980315156412919,0.4566300065682723,0.5031517096026678
0-1,1-0,0.0002926382971087821,0.4588556528366887,0.5008030130475248
1-0,1-0,0.0003901638658626495,0.456879738936754,0.5026785087167525
1-0,1-0,0.00034412884921511107,0.45659003568632833,0.5030917915579451
0-1,1-0,0.0002939356859144592,0.4577795864425795,0.5021008959184068
0-1,1-0,0.00033350119702243183,0.4570184768947549,0.5025866847721415
1-0,1-0,0.00038392337003317526,0.457256032309496,0.5022964134095828
0-1,1-0,0.000377927981482585,0.4563129129409032,0.5032740470532788
1-0,1-0,0.000280480063702535,0.4590314505402046,0.5006608044291087
0-1,1-0,0.00035018053202387825,0.45681484918345416,0.5027978697669364
1-0,1-0,0.00039447922193794213,0.45645966348854666,0.5030889578291403
1-0,1-0,0.00035586840344552955,0.4579454028353444,0.5016859132462753
0-1,1-0,0.00027503320306444996,0.45854488921209413,0.5011501274992834
1-0,1-0,0.00027748298413233195,0.458474725822924,0.5012240491390576
0-1,1-0,0.00030122295006831034,0.4566499441866335,0.5030987095454117
0-1,1-0,0.00035716933487963944,0.4563056419047145,0.5032889408169045
1-0,1-0,0.00038964976704323475,0.4565269374186216,0.5035020993648025
1/2-1/2,1-0,0.00029542547084676743,0.4563312849042014,0.5033619733309108
0-1,1-0,0.00037922408356840545,0.45733347821775405,0.5022334797605953
0-1,1-0,0.0003716549879853588,0.45629937987670716,0.5033306984849735
0-1,1-0,0.00028071046474378847,0.4640608787638684,0.4957128742237129
0-1,1-0,0.0002917328923888723,0.4565586550527711,0.5033695299779591
0-1,1-0,0.00029367362959568065,0.45679695998160685,0.5029701463901547
0-1,1-0,0.0003847616786864247,0.4569563378255915,0.5026054369876043
0-1,1-0,0.0003055765265957109,0.4572185457259001,0.5024299097140944
1-0,1-0,0.000412558857623603,0.45651501963984803,0.5034433965999141
1/2-1/2,1-0,0.0012858355615425943,0.39531261194685274,0.4698334981276541
1-0,1-0,0.00028514552881965093,0.45668623554279153,0.5032634138893257
1-0,1-0,0.00036178801495345155,0.45634241499805656,0.5033462452147918
1-0,1-0,0.00027816196961124207,0.45710593473801236,0.5026273296539098
1-0,1-0,0.00028904620093333214,0.45823191664532426,0.5032609137266891
1-0,1-0,0.0002744303835029396,0.458867124499833,0.5008394541967295
0-1,1-0,0.00032699414596458584,0.457595635035554,0.5020083130901691
0-1,1-0,0.00031714038234901187,0.45651526580527657,0.5034908365052385
1-0,1-0,0.00030996540196972974,0.4563459401849169,0.5033873661152303
1-0,1-0,0.0003910604365127913,0.45706978682379146,0.502467933464566
0-1,1-0,0.000394261742855221,0.4563007934415242,0.5032432397582237
1-0,1-0,0.0002827199313240683,0.4578447686603462,0.5018715795700266
1-0,1-0,0.0003252533119193624,0.4593367226454125,0.5003642423426046
0-1,0-1,0.00028932842916878205,0.4679693851248389,0.47396902567395477
1-0,1-0,0.0003243749610438423,0.45936470712638466,0.5003401284426633
1-0,1-0,0.00040127314618760754,0.4563354862161142,0.5031938063444165
1-0,1-0,0.0003346132088657797,0.45741386468533046,0.502309938411779
1-0,1-0,0.00035549625166488784,0.45644089245510583,0.5032157830194738
1-0,1-0,0.0002853279829692821,0.45643582930368687,0.5033741477963319
0-1,1-0,0.00035159672183426356,0.45687019197719536,0.5027457727112413
1-0,1-0,0.00035254737646369413,0.4562753513903912,0.5033442332789071
0-1,1-0,0.0003770696929170082,0.4563131446243267,0.5032951432752713
1-0,1-0,0.00032769648210003257,0.45658557809697214,0.5035633019325312
1/2-1/2,0-1,0.00033426642411590396,0.47019824870328747,0.4737173266874932
1-0,1-0,0.0003444725983501079,0.4583804775396969,0.501273768071305
1-0,1-0,0.00038297705125165077,0.45717555907553487,0.5023854544010723
0-1,1-0,0.0003063623915826041,0.4594287206903666,0.5002226616610497
0-1,1-0,0.0003294519482133859,0.4583295252227405,0.5013194833097347
1-0,1-0,0.0003730539344841803,0.45690768732092235,0.5026849829757924
0-1,1-0,0.00027738671478743775,0.46319915258223626,0.4964845104736586
1-0,1-0,0.00033739597274900704,0.4571616472922753,0.5024782897071267
0-1,1-0,0.00036101113767362657,0.4563737410935889,0.5032368264532928
0-1,1-0,0.00034889021587136687,0.45705626471984445,0.5025632659035384
0-1,1-0,0.00034766211562836034,0.45822947196376207,0.5014226262137992
0-1,1-0,0.0003168359352234015,0.45865340281977485,0.50105069962007
1-0,1-0,0.00030730207798726575,0.45679578956778405,0.5028865123118245
1-0,1-0,0.00027907638265358965,0.4571078577602309,0.5026648481227526
0-1,1-0,0.00035045936650962946,0.45662751382669325,0.5030479554723163
0-1,1-0,0.0002993310405395559,0.4595475780117402,0.5001039858683249
0-1,1-0,0.0004007476040164788,0.45631938293837027,0.5032138936651174
1-0,1-0,0.0003330197306450515,0.4563657512294398,0.5032539281666577
0-1,1-0,0.00037761904539166123,0.4563867498269245,0.5033578411512709
1-0,1-0,0.0002792954369986372,0.45847820996098654,0.5012220232184257
1/2-1/2,1-0,0.00029950899520912776,0.4566315960443178,0.5032273561694609
1-0,1-0,0.00031971699971604096,0.4575706972104406,0.5020507892894541
1-0,1-0,0.00028538475233600986,0.4567652848797759,0.5031216970414685
1-0,1-0,0.00028859786692219134,0.4567313964168082,0.503121987665682
0-1,1-0,0.0002869798533812528,0.45745765353133017,0.5036880462659094
1-0,1-0,0.00028455969121293366,0.46325369433030905,0.4964434354198339
1-0,1-0,0.0002881543894658804,0.4566143480332906,0.5033743284294677
1-0,1-0,0.0003162321671384542,0.45896927804458615,0.5007181140163925
0-1,1-0,0.00033257274224778396,0.457801347039097,0.501830474906264
0-1,1-0,0.000299209464994444,0.45632758527478545,0.5033819244088108
0-1,1-0,0.0003105016487843061,0.45882515735195434,0.5008542936943968
1/2-1/2,1-0,0.0002871949501522037,0.45701548296436334,0.503360116024831
1-0,1-0,0.0002824962036594173,0.4566121560165393,0.5033880119582093
0-1,1-0,0.0003759510350519821,0.456597369740401,0.50357643451987
0-1,1-0,0.00029073406296256307,0.4567356876801619,0.5033587307395418
0-1,1-0,0.0002866734081330087,0.4606112009477761,0.49910166431780484
1-0,1-0,0.0002875044435623752,0.4581197128638488,0.5015994912777318
1-0,1-0,0.00027945571990934136,0.45684869225756897,0.5029216574233704
1/2-1/2,0-1,0.0003076164842214689,0.4769371786157554,0.4773094470796224
0-1,1-0,0.0003651394683274863,0.4562838480556542,0.5033472287953048
1-0,1-0,0.0002768765351985895,0.45986886042111147,0.4998164707389765
0-1,1-0,0.0003005751850727233,0.45833447184917103,0.5013296989478374
1-0,1-0,0.00040906441181098744,0.45682718103884984,0.5026768618896923
0-1,1-0,0.0002782473371247875,0.46320952869260246,0.49647707274940256
1-0,1-0,0.0002923769357613019,0.45947999944263546,0.501906402891322
1-0,1-0,0.00033195834411646756,0.4589356875956025,0.5007500342844468
1-0,1-0,0.00028660261127615464,0.4567419502654238,0.5033804527101511
1/2-1/2,1-0,0.0002811543464484799,0.45672638230694895,0.5031128116907226
0-1,1-0,0.00029294400996194035,0.45736859594008317,0.5014391651406337
1-0,1-0,0.00032329923773385553,0.45904511469751214,0.5006262134055134
0-1,1-0,0.0002862198572362535,0.4601834372309513,0.49952263022094273
0-1,1-0,0.0003599857692173474,0.4564031946489143,0.5032186138573964
0-1,1-0,0.0003899266261482735,0.4566102421584057,0.5029459932608287
0-1,1-0,0.0002862280577137643,0.4563205416877196,0.5033322374314099
1-0,1-0,0.0003410628193006239,0.458109313649594,0.5015418298211515
1-0,1-0,0.0002800088793479299,0.4567896706830228,0.5030060246405773
1-0,1-0,0.0004139207688987459,0.4563928136874193,0.5031290249748921
0-1,0-1,0.00027049721469381174,0.4672218655095265,0.49243517859984637
0-1,1-0,0.00038432017821516214,0.45725310448604434,0.5022876019615212
0-1,1-0,0.00027835930024076747,0.45775965302575594,0.5019660488737627
0-1,1-0,0.00031727624989822035,0.4596248144873876,0.5000913637548798
1-0,1-0,0.00027695241904718287,0.4621243345633725,0.49756261845714
0-1,1-0,0.0002995945240793037,0.46282412284301794,0.4967930037329646
1-0,1-0,0.0003281006558366889,0.45836096371304275,0.5012886071759487
1-0,1-0,0.0002762358691006687,0.45872399063384883,0.5011347599283454
1-0,1-0,0.00029906083967312744,0.46404082744081965,0.4935362603705574
1-0,1-0,0.0003724579108636852,0.45640316432138783,0.5032016198475169
0-1,1-0,0.00036402404350567525,0.4571815038014049,0.5023831142245694
1-0,1-0,0.0002851292317620267,0.4567294033792046,0.5035537884840372
1-0,1-0,0.000275687884428142,0.46640044625202437,0.49324677263249306
1-0,1-0,0.0003360987027003645,0.4570300266439556,0.5025714301573393
1-0,1-0,0.00029048308727149967,0.45982635466339106,0.5026880275904357
0-1,1-0,0.0003642090882510509,0.4564340208135928,0.5032078314594187
0-1,1-0,0.000309484434596258,0.45655383199900246,0.5034995036126152
1-0,1-0,0.0003364781753240989,0.45633205088504303,0.5032810619241032
0-1,1-0,0.0002839377286490903,0.4563084565032238,0.5034084584393079
1-0,1-0,0.0003561229457656499,0.4565938423296043,0.50308265909659
0-1,1-0,0.0002880905023490667,0.4578249284968201,0.5018689260732495
1-0,1-0,0.0003572154017676025,0.4576590667292329,0.5019269592875234
0-1,1-0,0.000375547319115979,0.4563312717352586,0.503286603677994
1-0,1-0,0.0002987608969839748,0.45664200216303646,0.5035065469373285
1-0,1-0,0.0002922765616313011,0.4561904139347984,0.5037358373156198
1-0,1-0,0.0003316348134884808,0.4564413518243272,0.5033721122993028
0-1,1-0,0.0002781196267735082,0.45709787022613585,0.5026189328347712
1-0,1-0,0.0003741424048327499,0.4570248704157199,0.5025357765501542
0-1,1-0,0.0003119500306926778,0.4597273429865094,0.49999211355030515
1-0,1-0,0.00036173705794677005,0.456302608652173,0.5032871142287548
1/2-1/2,1-0,0.00030812936874855597,0.4627676660662117,0.49683790646074383
1-0,1-0,0.00036610760532186225,0.45640665262026314,0.5032486272165867
0-1,1-0,0.00039706181756054616,0.456353193703176,0.5031906344080042
0-1,1-0,0.000287575046185367,0.4565486640513824,0.5033233086543124
1-0,1-0,0.00028941899535994524,0.4592823206387327,0.5031540027086371
0-1,1-0,0.00033742881428386437,0.4563586059411901,0.5032563622849204
1-0,1-0,0.0003833446558310136,0.4572217539189787,0.5023357260962684
1-0,1-0,0.00040143127367961857,0.45633663595335416,0.5031922686145694
1-0,1-0,0.00029242369075674904,0.4699461868712237,0.4959531261621325
1-0,1-0,0.0003824295841576979,0.4573079049108239,0.5022393491516798
1-0,1-0,0.00028248874620669714,0.4651064884566193,0.49457943013929806
1-0,1-0,0.0003488069189403923,0.4567749808459813,0.5029219346559524
1-0,1-0,0.00042078026272516985,0.4564758813966816,0.503274539025498
0-1,1-0,0.00028185596068884897,0.4565155388562935,0.5032954516622121
0-1,1-0,0.0003645421976701254,0.45712236298808134,0.5024862461834286
1-0,1-0,0.00027857082392855186,0.4573217211192251,0.502428696773024
1-0,1-0,0.0002805138524340441,0.45757379780733565,0.5021692165135992
1-0,1-0,0.00034543367684683826,0.4583347868510865,0.5013228017152898
0-1,1-0,0.0002946500860984303,0.46225601068652156,0.4974423725993529
1-0,1-0,0.0003230246256587758,0.45934156362622314,0.5002855857902959
1-0,1-0,0.0002857572126613188,0.45693684147793867,0.503621468439574
1-0,1-0,0.00027690008997023196,0.457223514655672,0.5027890129040612
1-0,1-0,0.00032574997638061445,0.4592888668259679,0.5004132641843907
0-1,1-0,0.0002743952187245918,0.459015677176352,0.5006759974937701
1-0,1-0,0.00027162290948345237,0.4616081448171066,0.4980863542446161
1-0,1-0,0.00037354930865507625,0.45750251523499436,0.502066738081242
0-1,1-0,0.0002927426801168891,0.4564628681153575,0.503366079052315
0-1,1-0,0.00029806392754611706,0.457788814171786,0.50187138314373
1-0,1-0,0.0002952507650832097,0.4567720247872543,0.5035982655069062
1/2-1/2,1-0,0.0004184292920614569,0.45669880019801207,0.5028232449538239
0-1,1-0,0.0003118838389977757,0.45866141329547966,0.5010212200908896
1-0,1-0,0.0003338504335865286,0.45627078425079887,0.5033275869728834
0-1,1-0,0.0003475426343147612,0.45802833168377743,0.5015915700369463
1-0,1-0,0.0003457064572626001,0.45630462762916146,0.5033098774685394
0-1,1-0,0.00028358803340842,0.4604138172754792,0.4966182608535733
0-1,1-0,0.00029999843921566096,0.4610546177860866,0.49867718456089394
0-1,1-0,0.0003769672188638407,0.45654252349513924,0.5035318728486758
0-1,1-0,0.00035692999775401783,0.4563080489315498,0.5033305562299881
1-0,1-0,0.0002868790771697133,0.46175719633494866,0.49796303214464666
1-0,1-0,0.0003206569289594969,0.4592124808051086,0.5004884993353569
1-0,1-0,0.00030595495855783423,0.4593941452003279,0.5003102463886074
1-0,1-0,0.0002900005454777194,0.46048721670866755,0.5026199441747822
1-0,1-0,0.00032377486703605513,0.4563139143263138,0.5033154768611928
1-0,1-0,0.0003090799140346461,0.4599878952953281,0.49973781359572206
0-1,1-0,0.00037267657704264924,0.4566888964921084,0.5029068109302031
0-1,0-1,0.00029551808888530047,0.4747003236137483,0.48459955712412867
0-1,1-0,0.0003247431676671968,0.45676458557874194,0.5035376895399982
1-0,1-0,0.0002763606630115742,0.4577513256735002,0.5019585413181028
1-0,1-0,0.0004116752099262771,0.4567983957958831,0.502715069004999
1-0,1-0,0.0002902917539204514,0.4664347037934337,0.4937247245330988
1-0,1-0,0.0003085535811220933,0.45833979511208595,0.5013174615906872
0-1,1-0,0.00028985514345035966,0.4644622403651907,0.500670358314576
0-1,1-0,0.00037529483366646646,0.4564707855091269,0.5031259636929212
0-1,1-0,0.00027219823508611407,0.4608841944433184,0.49881594136018964
0-1,1-0,0.00038812983654409243,0.45718626490267905,0.5023538825041907
1-0,1-0,0.00028773468017338343,0.4608966804963827,0.5044765166657778
0-1,1-0,0.000319367215237417,0.456474852742443,0.503282782827998
1-0,1-0,0.0002842219195947706,0.45682990285397573,0.5030405158232011
1-0,1-0,0.00030660948276075255,0.45936252961227475,0.5003990277192081
0-1,1-0,0.00031635196728243935,0.4563895878410262,0.5034102263927281
1-0,1-0,0.00041279545430961205,0.4567530689251019,0.5027474573093007
1-0,1-0,0.00032153522220713964,0.4569985162652656,0.5026246580036948
1-0,1-0,0.00029039524806011784,0.4615853321188307,0.5027000729674018
0-1,1-0,0.00027806868600710146,0.45910328911274767,0.500587240930699
0-1,1-0,0.0002811401542022437,0.4565424005723955,0.5032113316254472
0-1,1-0,0.00029873504943728305,0.46038032987031435,0.49934798206449554
0-1,1-0,0.0002866372656518342,0.45641470690171676,0.5033354880070804
1-0,1-0,0.0002839402250834135,0.46267414948371544,0.4971660214834521
1/2-1/2,0-1,0.0003139854134086526,0.4670621818123926,0.4871281278010048
0-1,1-0,0.00038829413035917513,0.456610453333838,0.5030661889418839
1-0,1-0,0.00042463222589398585,0.4565233048192076,0.5032332748320789
1-0,1-0,0.00031676647814516686,0.45630632466719573,0.5033577271920646
0-1,1-0,0.0003119408504059834,0.45691988892465807,0.5027759263866338
0-1,1-0,0.0004091100109551575,0.4565708047583688,0.5029342745148053
0-1,1-0,0.0003090430040579313,0.45809979023848685,0.5015567427637131
1-0,1-0,0.00037083572814086636,0.4563695503219174,0.5032669704257716
1-0,1-0,0.0002858053245988505,0.4563894978077126,0.5033515186093983
1-0,1-0,0.00028562513656067473,0.4566958842019174,0.5033120308039338
1-0,1-0,0.000330758092765688,0.45820773222261957,0.5014557327097761
1-0,1-0,0.00028359521083142034,0.4566584251736497,0.5032753600331821
1-0,1-0,0.0002827020558627652,0.4566059332480945,0.5032014938122621
1-0,1-0,0.0003383409910444128,0.4576112817778706,0.5020197405809355
0-1,1-0,0.00033920397226175846,0.4566192281269138,0.5030013586429191
1-0,1-0,0.00041772306065247626,0.4564478860524416,0.5030627446872916
0-1,1-0,0.00028048953861446355,0.4566279967190615,0.5031164399280263
1-0,1-0,0.00028715227714033866,0.4565579226154579,0.5033763907674277
1-0,1-0,0.0003330634410385665,0.45679483349378963,0.50289523590856
1-0,1-0,0.00032168890317774314,0.4566664382756376,0.5030037711804343
0-1,1-0,0.00028019228700428174,0.4594398260151769,0.5002513486147477
1-0,1-0,0.0003049386636886528,0.45677699621023016,0.5029186591569523
1-0,1-0,0.0003040377124623581,0.4587859446422319,0.5008987133670869
0-1,1-0,0.000324150811799695,0.4564051269148255,0.5032292099737837
0-1,1-0,0.00029023870936540036,0.4564431121195701,0.5032835527273095
0-1,1-0,0.0002802900526462161,0.45679355363558155,0.5030414219354725
1-0,1-0,0.00034955828474707437,0.457632042565183,0.5019579344490338
0-1,1-0,0.00027821989614391007,0.46529131728968276,0.4943654813511884
1-0,1-0,0.00028189762956962807,0.45698405595525976,0.5028478361579651
0-1,1-0,0.0003220577032143266,0.45917676968110754,0.5004932711867575
0-1,1-0,0.00032745266405216194,0.4571780531794537,0.5024232333310933
1-0,1-0,0.00035306301179061523,0.4563409652714666,0.5032599732474935
1-0,1-0,0.0002776394623173186,0.4589765104451568,0.5007146980457525
1-0,1-0,0.00030780900635636864,0.45943606618461424,0.5002118660038363
0-1,1-0,0.0002745816229995847,0.4587741492398195,0.500953727000814
0-1,1-0,0.0003656419313665611,0.4565091880439607,0.5033253119436459
1-0,1-0,0.00039207632153495864,0.45630360989890567,0.503254337411283
0-1,1-0,0.00028979268087293185,0.45748798836302473,0.5032177427846181
1-0,1-0,0.0002852712223842976,0.46327933838083,0.4964995684202939
0-1,1-0,0.0003085832065828367,0.46349140508836906,0.4961518751390947
1-0,0-1,0.00027374182513205945,0.47716931223609443,0.47938979612209176
1-0,1-0,0.00035362205739203025,0.4580581038404855,0.5015696326922188
0-1,1-0,0.0003806480165333566,0.45657657273569324,0.5035762415630067
1-0,1-0,0.00029405263481543,0.4571667187359147,0.501930231793037
1-0,1-0,0.00032023935840626576,0.4563845921626177,0.5034086262304132
1-0,1-0,0.00028088981371502807,0.4565554002936057,0.5031740366824173
1-0,1-0,0.0002858087335201628,0.4586681741265763,0.5010206925408149
1-0,1-0,0.00027900283041366636,0.4640692261614731,0.49560839224778075
0-1,1-0,0.0002887084487853263,0.4563864771161567,0.5033121098213558
1-0,1-0,0.00039990258368322577,0.45645861218873984,0.5030735785214387
1-0,1-0,0.00028706918423928717,0.45730559972458457,0.5042874657266602
0-1,1-0,0.00029300658019580964,0.45795988270029214,0.5017138447918024
0-1,1-0,0.0002834753038996427,0.4585397707231929,0.501153607928459
0-1,1-0,0.0002818386507542057,0.456564810478964,0.5032297274254537
0-1,1-0,0.00028935618044689077,0.45669935066535766,0.5035432903002154
1-0,1-0,0.00027619748853190183,0.45783021775276983,0.5018773500012701
0-1,1-0,0.00029041318035134594,0.46128711066334865,0.4984396560566213
0-1,1-0,0.00036614076407537365,0.456350124875502,0.503298360598027
0-1,1-0,0.00028954798342339016,0.4581194551459362,0.5016649226730856
1-0,1-0,0.00028171135087298814,0.4614028182262456,0.4983022592912759
1-0,0-1,0.0002890368247449116,0.4709206418053482,0.4898597738145781
0-1,1-0,0.00037854999805224013,0.45645727007530607,0.5033896761493565
1-0,1-0,0.0002788350209933417,0.4592524528021859,0.5004378824382887
0-1,1-0,0.0003251358448683412,0.4579608169698002,0.5016674926303539
0-1,1-0,0.00028897669311737695,0.4566045045792869,0.5033387719854784
1-0,1-0,0.00030923852773680736,0.4603196573897327,0.4994080140670851
1-0,1-0,0.0003410702692491337,0.45736593563060385,0.5022592743311594
0-1,1-0,0.00027372204479142513,0.46275913754060655,0.4969127461054517
0-1,1-0,0.0002749722033013974,0.46515189913181587,0.49378832220325547
0-1,1-0,0.0002769739070667774,0.45766770647569227,0.5020412455294387
0-1,1-0,0.0004021249899016535,0.4565452297444831,0.5029777100334253
0-1,1-0,0.00028525162460067374,0.45645293964674793,0.5033912972556124
1-0,1-0,0.0003095559865975747,0.4597658391400677,0.49988683689021124
1-0,1-0,0.00039966993872489535,0.45634500179595544,0.5031897867879213
1/2-1/2,1-0,0.00027932577313190705,0.4568825507392609,0.5028886836154878
0-1,1-0,0.00027995506716441766,0.45677650719505425,0.5030224146269544
1/2-1/2,1-0,0.0002846420407780225,0.4626616153004304,0.49717458184788793
0-1,1-0,0.00031366571369858957,0.4581375584385342,0.5015781265614776
0-1,1-0,0.00028887302606531845,0.4570957839506335,0.5032446099848953
0-1,1-0,0.0003230161911128027,0.4588675880377036,0.5008181982016485
0-1,1-0,0.00032618018664793205,0.45891194380247347,0.5007560315967856
1-0,1-0,0.0002847102797204481,0.4566260871648897,0.5041715412364397
0-1,1-0,0.00029021311265927925,0.460514817828041,0.5025074631254803
0-1,1-0,0.0002887199326355506,0.46305602648827016,0.49663773812075634
0-1,1-0,0.0004108900867835288,0.45679487039628947,0.5027289453167141
1-0,1-0,0.00028676891883879115,0.4565913595787133,0.5033693154968314
1-0,1-0,0.0003033712856128259,0.4584408575285017,0.5012586707505567
1-0,1-0,0.0003157054361251831,0.4564940020495641,0.5034294719352641
1-0,1-0,0.00029086862781705595,0.4566336717999877,0.5033977158227733
1-0,1-0,0.0003101507289324917,0.45966106498669274,0.4999902013890404
1-0,1-0,0.0003579132442766053,0.4564603086892851,0.5032031562796015
1-0,1-0,0.00041257873215629586,0.45678120899010466,0.5027240288395652
0-1,1-0,0.00034943573230125874,0.45640945160397406,0.5032294053657463
0-1,1-0,0.00031636673022022353,0.4583103964384942,0.5013407292873158
1-0,1-0,0.0002958491057825741,0.4566200006385729,0.5031888086192287
0-1,1-0,0.000272706416630537,0.4650904839448325,0.4945650585106435
1-0,1-0,0.00028993476370234127,0.4574387366824056,0.5039427374486513
1-0,1-0,0.00031617167429493057,0.45637233265842797,0.5032758400468151
1-0,1-0,0.00026945692223208703,0.4667179949713944,0.49295626212138
1-0,1-0,0.00038857965076229746,0.4567571098052731,0.5028394144894428
0-1,1-0,0.00028064688956997704,0.4569852626183472,0.5027287578652128
0-1,1-0,0.0003165481247783543,0.4566184973208455,0.5030551914280134
1-0,1-0,0.0002806439588389203,0.4567715833286998,0.5029244230196163
0-1,1-0,0.0003874020263856766,0.45664695199448724,0.502915211733387
1-0,1-0,0.00031059336299455224,0.45634368669402714,0.5033040720564069
0-1,1-0,0.00039389502866451744,0.45636072824618956,0.5031937905364641
1-0,1-0,0.00033991243800741175,0.4582855615077806,0.5013566743455989
0-1,1-0,0.00041382860716627996,0.45638875085132297,0.5031714129383729
1-0,1-0,0.00037220993022996085,0.4563591671426484,0.5032668757250891
1-0,1-0,0.0003235099851804916,0.45731863959126584,0.5024028997785357
0-1,1-0,0.00028802357567030536,0.45897018860287353,0.5007446013823166
1-0,1-0,0.0003543196994888871,0.4579908157668754,0.501627515885245
1-0,1-0,0.00030843505354227936,0.45655415468659394,0.5034960118845526
1-0,1-0,0.00037251126409283355,0.4564236637677949,0.5031798853290702
1-0,1-0,0.00037651142748171555,0.4563272720120211,0.5032807121251339
0-1,1-0,0.00032113058781326197,0.4570045303910853,0.5026114200088498
1-0,1-0,0.0002834009800535735,0.45637143972331473,0.5033286715515892
1-0,1-0,0.000279045240037947,0.4568672828031622,0.5028571735626255
1-0,1-0,0.0003354070980571528,0.45722414455532895,0.5023932491901049
1-0,1-0,0.000285115304476474,0.4570720363385359,0.503484037849034
1-0,1-0,0.00040458312731459184,0.45669944943436086,0.502898061719259
1-0,1-0,0.0002887378818158047,0.45633494594194474,0.5033231783140913
0-1,1-0,0.00027967012205276886,0.4568300097428024,0.5029912562814872
0-1,1-0,0.0002967728808216901,0.45951132831867497,0.5001919794802565
1-0,1-0,0.00035786992646119116,0.45646498935523294,0.5031990739989901
1-0,1-0,0.0002738026247597086,0.45934433002011416,0.50036026658611
1-0,1-0,0.00036136496579381724,0.45630386220873165,0.503285675980201
1-0,1-0,0.0003034470352339463,0.45675715295102404,0.5033716594919115
1-0,1-0,0.00028673446962860236,0.45693075746623857,0.5034739025702338
0-1,1-0,0.00031329743802787393,0.4564042523278673,0.5032708051521687
1-0,1-0,0.0002879915970361967,0.4571138430587845,0.5025853350008427
1-0,1-0,0.0002948817149471333,0.4620054581853006,0.49770891515893084
1-0,1-0,0.0002742327680754445,0.4590421474423067,0.5006922031270334
1/2-1/2,0-1,0.00027447313551486773,0.4715243363187292,0.4843612454319714
1-0,1-0,0.000285586276599438,0.4570353690215469,0.5037446101272057
1/2-1/2,0-1,0.0002692099773261756,0.47629498241951956,0.482730008428485
1-0,1-0,0.0003137784401900768,0.46139241712503937,0.49822100126352353
1/2-1/2,1-0,0.0002906732863288136,0.4659039467105948,0.4941530819382119
1-0,1-0,0.0002724541245291901,0.4608753202774363,0.49886543449616555
1-0,1-0,0.0002866993321160264,0.45669376704981374,0.5034011835294186
1-0,1-0,0.00027895914888763736,0.45689001733107093,0.5028354388189074
1-0,1-0,0.0003472803392970386,0.4581736995859606,0.5014780250311596
1-0,1-0,0.00027765001198313643,0.4588239842626812,0.5008690866179738
1-0,1-0,0.0003767638996851542,0.45743359657352367,0.5021341427981907
1-0,1-0,0.0002920558502363489,0.4538783819978895,0.5014556451306069
1-0,0-1,0.00026915734970649506,0.4751312053067417,0.484213376565452
0-1,1-0,0.00028796317142429595,0.4578630885790008,0.5041830704633838
1-0,1-0,0.00027717835627853895,0.45783089027982643,0.5020853225803328
1-0,1-0,0.00040156594350365703,0.45692695212981366,0.5025942680321631
1/2-1/2,0-1,0.0002936845991569576,0.47429510814147063,0.47716727102467205
0-1,1-0,0.00034145577597159113,0.4585213210986095,0.5011444922841813
0-1,1-0,0.0002964053715327574,0.4563165543585849,0.5033713672827759
0-1,1-0,0.00028953132151287854,0.4590950234387247,0.5030905595518841
0-1,1-0,0.0002801954195525918,0.45859307949459693,0.5011042272279854
0-1,1-0,0.0003072726698521578,0.45723267145398133,0.5024102609665174
0-1,1-0,0.0003048697073886525,0.4610495750649982,0.49857387643978457
0-1,1-0,0.00032608628857748955,0.4567198883425008,0.5029606170368653
1-0,1-0,0.0002972347357426228,0.46176841168605604,0.49794564619643594
1-0,1-0,0.0003616679719933186,0.45632461071566527,0.5033307887631687
1-0,1-0,0.0003446119451562719,0.4563055042342545,0.5033081967907906
0-1,1-0,0.0004019187235216022,0.4563253899786104,0.5032118695940717
0-1,1-0,0.0002982338296683712,0.45700692156838657,0.5027110924002386
1-0,1-0,0.000282095909905121,0.4573153577034883,0.502673603095469
1-0,1-0,0.00032744150430859075,0.4580114110800324,0.5016166125870466
1-0,1-0,0.0003985472806409505,0.4564808622763626,0.5030546213103309
0-1,1-0,0.00030919218359511325,0.4565157762748774,0.5034722148104792
1-0,1-0,0.0002962573059284721,0.45693913950899057,0.5027807325517882
0-1,1-0,0.00028929820567744237,0.45726857387067305,0.5031168826610767
1-0,1-0,0.00038191793170807333,0.45648836616199695,0.5034599752464689
0-1,1-0,0.0002981932675016021,0.4577968122235823,0.5018630355846455
1/2-1/2,1-0,0.00027666379426508856,0.45763876792043007,0.5020939506643262
1-0,1-0,0.000292691017507262,0.4562299433973276,0.5038375873350202
0-1,1-0,0.0004193706552512783,0.4564297283446387,0.5031722391244409
1-0,1-0,0.00029814383064368584,0.4595195148339885,0.5001849851633282
1-0,1-0,0.00036823998481628535,0.45629683199759974,0.5033377253903241
0-1,1-0,0.0002956274619099829,0.4615563353908529,0.4981715751655049
1-0,1-0,0.0003131469197568453,0.4598162377557242,0.49984532275909116
0-1,1-0,0.00028690549361987805,0.45661557423462185,0.5034994870433055
0-1,1-0,0.00036056985270018,0.4563140390402251,0.5033283312592608
1-0,1-0,0.0004265732858046096,0.4565052352314167,0.5031999499967318
0-1,1-0,0.00030440009521207225,0.4637161318740997,0.4960456735470415
1-0,1-0,0.00028215271420229743,0.4567153248948614,0.5032264120019988
1-0,1-0,0.0003350792269845774,0.45757432884099,0.502076439170369
1-0,1-0,0.00032105929678925333,0.4573375473189265,0.502383528662584
1-0,1-0,0.00031943111060672594,0.4564975940945015,0.5034816170360346
1-0,1-0,0.00035150949799565097,0.45631166784256516,0.5033292148335818
1-0,1-0,0.0004088744360460797,0.4568032782390651,0.5026992294407495
1-0,1-0,0.00027471216770509296,0.45923558349139376,0.5004485930435402
0-1,1-0,0.0004108408738113674,0.4566644636899624,0.502835676352503
1/2-1/2,1-0,0.0003099035263027566,0.4616457284418104,0.49796665687687797
1-0,1-0,0.00033228027531741536,0.4565369049387271,0.503064822075372
0-1,1-0,0.000393459699342196,0.45661547175595985,0.5029303362416795
0-1,1-0,0.00028180749469019177,0.4564574383262708,0.5032493950238811
0-1,1-0,0.00028809262341959757,0.4569127624713455,0.5028646732930497
1-0,1-0,0.00027534910395134003,0.45845291795524645,0.501239415701048
0-1,1-0,0.00031983504026790325,0.45999074908240023,0.49962567540984665
0-1,1-0,0.0003310250238740041,0.45628571853381017,0.5033118732863828
0-1,1-0,0.0003886495274741474,0.4562937599938893,0.503260683831211
1-0,1-0,0.00036745273571942174,0.456311917359324,0.5033105716755712
1-0,1-0,0.0002907259161222646,0.4591693500303025,0.5005222949551197
1-0,1-0,0.0003952447060989413,0.4567000514093861,0.5028377740109412
0-1,1-0,0.00027398641041353664,0.4614009178623072,0.4982751653753612
1-0,1-0,0.0003818257526471491,0.4571951942519151,0.5023463020891362
1-0,1-0,0.00033060741534498097,0.45851703166964014,0.5011405543136612
0-1,1-0,0.00041196332448635727,0.4563757991317581,0.5031523769701629
1/2-1/2,0-1,0.000289851986108495,0.4678404755585055,0.49252847300034125
1-0,1-0,0.0002828692180642605,0.45638873714600936,0.5033097466278034
1-0,1-0,0.00029525979324368664,0.4580851338551317,0.5016034011127506
1-0,1-0,0.00028864657383552775,0.45730383211597153,0.5032025169944909
0-1,1-0,0.00033923865838087955,0.4586110707051214,0.501059892598529
0-1,1-0,0.00034479788520618666,0.4569446580687456,0.5027647466206886
0-1,1-0,0.0002815971364996357,0.45800207323495473,0.5017102491440624
1-0,1-0,0.00029863057432753906,0.4569014915074929,0.503143507747756
0-1,1-0,0.00028382044112972406,0.45666257348130607,0.5033475522405535
0-1,1-0,0.00032448900930144564,0.4593159409829649,0.500375155545541
0-1,1-0,0.0002780268502910331,0.465652607885576,0.49393134648811304
1-0,1-0,0.0002912723987288707,0.45731749087335116,0.5033370149115863
1-0,1-0,0.00032230228543492413,0.4563046842754733,0.5033362773271022
1-0,1-0,0.0003313588854812905,0.4565247647592996,0.5031252769690592
1-0,1-0,0.00029041867693216573,0.4571473986763516,0.5030796774313447
1-0,1-0,0.0003666915370318361,0.4562985435855774,0.5032922665859852
1-0,1-0,0.000287760504609387,0.4601542511112833,0.5044198128184094
0-1,1-0,0.00033491461694286963,0.4566101872140483,0.5029936027151034
1-0,1-0,0.00041031934579995147,0.4564984594997492,0.5034643782571222
0-1,1-0,0.00040797856843456643,0.4563575560821187,0.5031962238942624
0-1,1-0,0.000279809585591329,0.45670466677522786,0.50301211213975
1-0,1-0,0.00030253708600279296,0.45271590775219056,0.4927427629573653
0-1,1-0,0.0003006176057526862,0.45760380085611807,0.5020502667085902
1-0,1-0,0.0003048601355031631,0.4607238124326988,0.4990055619396451
1-0,0-1,0.00029726478063537876,0.471033897011558,0.4888168030803213
1-0,1-0,0.00042623586037329525,0.45651421336717096,0.5030490924081573
1-0,1-0,0.00031770121140585006,0.45852750922025226,0.5010928338889428
1-0,1-0,0.00035547898152806824,0.4563038731449885,0.5033128467463457
1-0,1-0,0.0002846849460661148,0.456788390913215,0.5036425414236534
1-0,1-0,0.00031823472586036994,0.45964981437616625,0.5000355833165298
0-1,1-0,0.00028968152254298427,0.45630451776778125,0.5034188767879381
0-1,1-0,0.0003543638777118153,0.4565453409502362,0.5031161710992985
1-0,1-0,0.000378472780577026,0.4563154576801249,0.5032786647048922
1-0,1-0,0.00027616439460642937,0.4579152578551268,0.5017841201715463
1-0,1-0,0.0003327441545160332,0.4571576784849248,0.5024421346337005
0-1,1-0,0.00028533088626773073,0.45900657381101,0.500683969462769
0-1,1-0,0.00028394499263626594,0.463885507019082,0.49588898315280455
1-0,1-0,0.00041411665677427176,0.4565155679673633,0.5034617855394147
1-0,1-0,0.00027690391690491517,0.45779646479259745,0.5019117181380714
1-0,1-0,0.0002812465180803427,0.4569054385698289,0.5029457429963893
0-1,1-0,0.0002869146323038086,0.45983561985603405,0.4998661420370167
1-0,1-0,0.00029036042129916047,0.45639594444800746,0.5033275192835954
1-0,1-0,0.0003888108299388309,0.4565689342757133,0.5029918971776485
1-0,1-0,0.00027982827260239354,0.4612991093106718,0.49839899789903236
0-1,1-0,0.00029101110263150126,0.46126291252591684,0.4984647462790064
1-0,1-0,0.00027960655071165505,0.45675535443307325,0.5029701718499
0-1,1-0,0.00028074653203155066,0.4566250880254043,0.5031635789622718
0-1,1-0,0.0002857678830146653,0.4563330498730824,0.503340123257372
1-0,1-0,0.0002939217237453138,0.45631250490544695,0.5033876919020128
1-0,0-1,0.0002697094048882051,0.4733524903978205,0.48629115116553756
1/2-1/2,1-0,0.0002694868685850554,0.46552887333802373,0.49417746080458735
0-1,1-0,0.0003826509056943875,0.45728767037679263,0.5022675133993192
1-0,1-0,0.00028744400507793995,0.45633194923673615,0.5033159460921136
1-0,1-0,0.00031645748411681345,0.45676648890890403,0.5028799969213563
0-1,1-0,0.0003892746915769678,0.4571462414007769,0.5023848755027684
1/2-1/2,1-0,0.0003360011259964332,0.4565870072035509,0.5030734005433195
0-1,1-0,0.0002854589910854047,0.4567105282855142,0.5035334550755215
1-0,1-0,0.00030367005323207546,0.4578476271434183,0.5018004502542505
1-0,1-0,0.0002973142016791518,0.4563097198527879,0.5033821161159312
0-1,1-0,0.00029125534998058946,0.45766273230318455,0.5020231167686702
1-0,1-0,0.0002830622710367366,0.45675507057871656,0.5036468378745531
1-0,1-0,0.00028695811559809585,0.45867686340792546,0.491997977743799
1-0,1-0,0.00029497415487797615,0.4606623581555194,0.4989702881330087
1-0,1-0,0.00040886084748249535,0.45681829748689307,0.5027060712919914
1-0,1-0,0.00027683000101728656,0.4598709644233105,0.49981425204917374
1-0,1-0,0.00028543976868563285,0.4563397422592679,0.5033412309232747
1-0,1-0,0.00029732170400132644,0.4617641818264027,0.49794952472008586
0-1,1-0,0.00027970703939091205,0.4653378641377741,0.4943172432021236
0-1,1-0,0.0003390949855402345,0.4563628116171279,0.5032463274701546
0-1,1-0,0.00028795429075751983,0.4564294241906847,0.5033078862553944
0-1,1-0,0.00029341816432844326,0.4568406208969338,0.5028826581736411
0-1,1-0,0.0002861755933397475,0.45502851426777735,0.502882964855624
0-1,1-0,0.00028833690483275195,0.45917961406543845,0.5042915268896674
1-0,1-0,0.0003300302510268961,0.45670409061164235,0.5029741204462702
0-1,1-0,0.00028566633900023116,0.4565582685967474,0.503151696325157
1-0,1-0,0.00030327993767257445,0.457293826835191,0.5024626473397398
0-1,1-0,0.00031394950000421056,0.4610883733844679,0.49852805089976526
1-0,1-0,0.0002742641101973753,0.4640920022467762,0.4955737809060347
0-1,1-0,0.00027466572408531466,0.45923025891951175,0.5004540698334451
0-1,1-0,0.00029044749933165783,0.4630579316176847,0.4966200008460533
0-1,1-0,0.00034682672155112246,0.45642362108516665,0.5034302075477307
1-0,1-0,0.00034015377117188025,0.45702428443555726,0.5025731390566002
1-0,1-0,0.00032697202247006745,0.4569617447910771,0.5027426692251408
1-0,1-0,0.0003202855855427095,0.45958540083297295,0.5001271427929121
0-1,1-0,0.0003599135464735647,0.45634775177447856,0.5033007004952337
1-0,1-0,0.0003721779214630006,0.4575326487707091,0.5020499318928957
1-0,1-0,0.0003268032807551231,0.4562937770635441,0.5033073153176751
1-0,1-0,0.0002902345074423302,0.4640762038853051,0.5013281797518832
0-1,1-0,0.0002856753145233799,0.4566430835393742,0.5035045647620903
0-1,1-0,0.0003367819679077456,0.4583564538870142,0.5012914472924809
1-0,1-0,0.00029588847616526294,0.4633506488106851,0.49630552699425345
1-0,1-0,0.0002874861600577422,0.4564861738368236,0.5032453331434148
1-0,1-0,0.00028136418542558833,0.4611546620488367,0.4966388849658077
0-1,1-0,0.00029094754539196114,0.45769049671497336,0.5022688136550417
1-0,1-0,0.0002849367932031073,0.46015345670251795,0.49954984122385415
1-0,1-0,0.0003347460308852038,0.45838174099516366,0.5012760478934899
1-0,1-0,0.00035546789242102997,0.45661795361308294,0.5029950311884891
0-1,1-0,0.00029709710405114196,0.4565108305967496,0.5033619298077793
1-0,1-0,0.0002906276742305624,0.4618377493558579,0.5026449818577658
0-1,1-0,0.0003745509011962645,0.45740537869680015,0.5021517848242276
0-1,1-0,0.0003158347463237545,0.4585337492849258,0.5011296226986592
0-1,1-0,0.00039961491355384505,0.4569879742707322,0.5025275913331625
1-0,1-0,0.00036282543397774913,0.45630297105943096,0.5033054325662106
1-0,1-0,0.0002999054850563479,0.4565165540252968,0.5033112890722524
0-1,1-0,0.00027098287066464684,0.4624604585451493,0.4972388336724457
1-0,0-1,0.0002738657095781609,0.4681553435333195,0.4915105895737223
0-1,1-0,0.000288585846188099,0.45641794432990007,0.5033456407416594
1-0,1-0,0.0002796963090616693,0.4635703524376198,0.4961161609862027
1-0,1-0,0.00028961062372117945,0.4626817919709386,0.4970153207737776
0-1,1-0,0.00040140408115440205,0.4565946152219456,0.5030904479045368
0-1,1-0,0.00038620197286173553,0.45636482397553296,0.5032135194001526
1-0,1-0,0.00041507405805112785,0.45669771264884357,0.5028010343848416
1-0,1-0,0.0002916438809122072,0.4584149181704054,0.5031151423851826
1-0,1-0,0.000299265875971984,0.45651339024488374,0.5033248125721311
0-1,1-0,0.00031005387412220514,0.4590435508477525,0.5005998504491473
1-0,1-0,0.0002865060191570041,0.4607276258736714,0.5046580415461727
0-1,0-1,0.0002941153174665907,0.46826227791292396,0.4900914005491124
0-1,1-0,0.0002805945321653491,0.45725927827862156,0.502518811012458
0-1,1-0,0.000284679091867964,0.45655901736082743,0.5034173095997121
0-1,1-0,0.0002821824666564234,0.45683276686433,0.5036249145783714
1-0,1-0,0.00042645985061059424,0.45656566538727,0.5030088652178069
0-1,1-0,0.0002778590094264593,0.46064436608360976,0.4990446738835917
0-1,1-0,0.0003395928063836806,0.45649107337949396,0.5032542721395004
0-1,1-0,0.0002952389033763664,0.4570814607337286,0.5026376675955821
1-0,1-0,0.0002872801100450864,0.46378115770044315,0.49588338772790835
1-0,1-0,0.000292183184968249,0.45626984217380734,0.503661384274404
0-1,1-0,0.0002830520481124743,0.4563316194350606,0.5033815793760844
0-1,1-0,0.0003156866485608883,0.45852705980664926,0.5011359868358576
1-0,1-0,0.00028376784852995695,0.4563537769099046,0.5033333944478539
0-1,1-0,0.00029602379699457767,0.4592029893745111,0.5004903468666734
0-1,1-0,0.00031281095067550106,0.4539662516206637,0.5008133878854506
0-1,1-0,0.00035683231627890065,0.4565131988848948,0.5031559077675073
0-1,1-0,0.00028782516356748623,0.45774582636530203,0.5019942174149177
1-0,1-0,0.0003624660070071917,0.45632477124425574,0.5033298307039349
1-0,1-0,0.0002883762843645242,0.46340566325371496,0.49627116924005776
1-0,1-0,0.0002868900543463866,0.4570151148482494,0.5034436438401569
1-0,1-0,0.0003765234840250837,0.4562964760535985,0.5032738844670507
1-0,1-0,0.0002878837203595668,0.45786415204582376,0.5035730311043477
0-1,1-0,0.00029959768345092473,0.4570043649888657,0.5026839671736414
1-0,1-0,0.000277963231593273,0.45707958603667376,0.5028886882793103
1-0,1-0,0.0002839143092292912,0.4570123980379767,0.5032927089031781
0-1,1-0,0.00028604439802833864,0.4572510543022516,0.5024982704581827
1/2-1/2,0-1,0.00030007424524669833,0.4684625145307073,0.491359752914778
1-0,1-0,0.00027404682527417545,0.46347176628842884,0.49619771413070857
1-0,1-0,0.00027598422700006887,0.46696632833211554,0.49268560688055
1-0,1-0,0.00038374619972395105,0.45634698860867334,0.503306980483607
1-0,1-0,0.0003014088726418597,0.45946560102393513,0.5002391101683887
1-0,1-0,0.00029248425171540197,0.46207056985743983,0.4976120851399066
1-0,1-0,0.00031510638545846024,0.45936430426275143,0.5003136957482753
0-1,1-0,0.0003754553159298795,0.45631994188685393,0.5032702712070878
0-1,1-0,0.00031487726614558184,0.4611778663730157,0.49842946780400915
0-1,1-0,0.0002774973043939342,0.4578220972337299,0.5018939314920757
1-0,1-0,0.00031561014823717316,0.4610449707697452,0.4985611664664599
1-0,1-0,0.00035741296993828717,0.45706908074624464,0.5025475428796758
1-0,1-0,0.0003685342540415606,0.45634320853307403,0.5032566865493449
0-1,1-0,0.0002856481272976208,0.45689124427172934,0.5029383883521795
0-1,1-0,0.00035935845068979765,0.4563427490554955,0.5033498705652553
0-1,1-0,0.00027520494464026697,0.4588911924874941,0.5009413053256787
0-1,1-0,0.00041445984115935083,0.45645043851347444,0.503287996355746
1-0,1-0,0.0004272707524839559,0.4565391473412187,0.5031036338445877
0-1,1-0,0.0003068470001234761,0.4581098518925404,0.5015401388815117
0-1,1-0,0.00033318916433762186,0.456870009309797,0.5027388130195861
1-0,1-0,0.00029433577227863124,0.45985839034308734,0.49985267174644876
0-1,1-0,0.00027780489664797206,0.4601028424570513,0.49958482460881215
0-1,1-0,0.00031467150522878685,0.45630827054272066,0.5033630222541031
0-1,1-0,0.0002849170512913006,0.4607999522892127,0.4894075590831444
0-1,1-0,0.00029066451479416194,0.46025157087927915,0.49946332020752326
1-0,1-0,0.00035181356965614737,0.45669648438211974,0.5036624809394419
1-0,1-0,0.0003053897913642569,0.456597174862415,0.5031444202690565
1-0,1-0,0.0003684720471388691,0.45742144036488797,0.5021412661195062
1-0,1-0,0.0002913449418627036,0.45654610383942085,0.5034998947200502
1-0,1-0,0.0003172836168929108,0.45758077432999367,0.5021422837767064
0-1,1-0,0.0003836293024501978,0.4572105131866545,0.5023465181384358
1-0,1-0,0.0003904529935483116,0.4569287921242358,0.502619182864122
0-1,1-0,0.0004204204201914159,0.45644404220758444,0.5030892218513389
0-1,1-0,0.0003871169422858655,0.45629997159681807,0.5032627203920307
0-1,1-0,0.00036836612912189326,0.4575450384526344,0.5020540023236008
0-1,1-0,0.00030497863109352257,0.4615087238129951,0.4982614135593835
0-1,1-0,0.0003656642076137264,0.4564153332694863,0.5032414672570059
0-1,1-0,0.0002860496672752145,0.45654161316609115,0.5031773374060993
0-1,1-0,0.00038898452869442026,0.45632693371836214,0.5032455429480633
0-1,1-0,0.0002842355344526267,0.45822827101858743,0.5014683911434868
1-0,1-0,0.00027197602974270163,0.4635037572234661,0.4961616971226142
0-1,1-0,0.00027760847196145645,0.4605165532729344,0.49917135861085055
1-0,1-0,0.00028164499304474306,0.45958387329299755,0.5001091173490462
0-1,1-0,0.0003070094515966846,0.45637778572218385,0.5033974840117132
0-1,1-0,0.0002864203390262172,0.4563490707873803,0.503382954485742
0-1,1-0,0.0003429293714568449,0.4572228705354849,0.5023992632208927
0-1,1-0,0.00029556965831754406,0.45670480683030085,0.5030720937361591
1-0,1-0,0.00041074752970681806,0.45666567173196543,0.5028345841792397
0-1,1-0,0.00029170856119494534,0.46967265345567644,0.49725404610271107
0-1,1-0,0.00028732428332443584,0.4577730400360692,0.5039364248507365
1-0,1-0,0.00032206920596464396,0.45648369322154253,0.503128651778989
0-1,1-0,0.0003230715750387506,0.45661805101832253,0.5030504216523826
1-0,1-0,0.00031858100306725215,0.4563990628806188,0.5032412664223315
0-1,1-0,0.0003355369609916092,0.4577604187304346,0.5018478122396535
0-1,1-0,0.00029029950575282443,0.45640237976672315,0.5033847140181988
0-1,1-0,0.0003169415901583296,0.4566040003726082,0.5035603932266136
1-0,1-0,0.00028531226358749983,0.4563932504420121,0.5035444822838134
1-0,1-0,0.00028608123491867874,0.4571760827543588,0.5037542993587573
0-1,1-0,0.0002806177369515705,0.45658301680930424,0.5031300726899138
1-0,0-1,0.0002923463581854643,0.4718423092066829,0.4949334770791442
1-0,1-0,0.0002887544538774428,0.4574267381741909,0.5022631839372971
0-1,1-0,0.00038330836646687953,0.4572704333361046,0.502283434644195
0-1,1-0,0.0003937667018939958,0.4570803806045966,0.5024440998338695
0-1,1-0,0.00040969457078824013,0.4563949460775132,0.5032360643976784
1-0,1-0,0.0002881567029155644,0.45710373457161185,0.5033743828327302
1-0,1-0,0.0003582352880958034,0.45720917940413175,0.5024088326367736
0-1,1-0,0.00036408007018680426,0.4563484003532875,0.5032678059162226
0-1,1-0,0.00037546584538178526,0.45733145311892576,0.502220542751016
1-0,1-0,0.0002775773936456576,0.45729164685574514,0.5024191036033024
1-0,1-0,0.0002836297634259875,0.4563599649841706,0.5033317997832136
1-0,1-0,0.00028060018236032236,0.458265556889659,0.5014391031281997
1-0,1-0,0.00028641456073510003,0.45729160737936236,0.5037585358021366
0-1,1-0,0.00028950992513849025,0.4596826264419289,0.5032530360307215
0-1,1-0,0.0003574697442470626,0.4563580300826582,0.5032898380646417
1-0,1-0,0.00032599294192091734,0.45644978577313655,0.5034255162687158
0-1,1-0,0.0002893711266855566,0.4584234937427539,0.5031794025375905
1-0,1-0,0.00028051835194008786,0.4572668613236492,0.5025100326156319
1-0,1-0,0.0002995673260846357,0.46193485318724176,0.4976800562645589
0-1,1-0,0.00032380716425282663,0.4565318340039169,0.5033738679500984
0-1,1-0,0.0002886255025238776,0.4585890787488825,0.5038548487313115
1-0,1-0,0.00034777139874266565,0.4565814181068058,0.5030821316730556
1-0,1-0,0.00028755397549295395,0.45709524894871145,0.5034120313565578
0-1,1-0,0.00032983714081630673,0.45860282328140267,0.5010574864936316
0-1,1-0,0.0002837993282965575,0.4563193267994937,0.5033916502780196
1-0,1-0,0.00033524887954500927,0.45647910106202966,0.5032738088872274
0-1,1-0,0.00028322022841265336,0.4563279948880144,0.5033880536180859
0-1,1-0,0.00031831382114803425,0.45712481067749733,0.502497185350368
1/2-1/2,1-0,0.00030456549151280905,0.45652491899116615,0.503271326082297
1-0,1-0,0.0004111940119778905,0.4564069619399748,0.5031022676063617
0-1,1-0,0.0003805772677698545,0.4562997122899485,0.5033023044525045
1-0,1-0,0.0003149635717940253,0.45746305461352876,0.5021599896212878
1-0,1-0,0.00040207417961392523,0.4565910941064394,0.5030972176775219
1-0,1-0,0.00035945866090614904,0.4571850027884731,0.5024313058511629
0-1,1-0,0.0003375722684572413,0.4573235985425779,0.5023973250860267
0-1,1-0,0.0003265125640621081,0.45887325859972966,0.5007934550377242
1-0,1-0,0.0002897566190589525,0.4572835000409127,0.5031450434488675
1-0,1-0,0.0003704544805507256,0.45632274822190316,0.5032656935439566
0-1,1-0,0.00028461813354150337,0.4563352189647624,0.5033973367187168
1-0,1-0,0.000291807129302107,0.45655833367113346,0.5031669721506349
0-1,1-0,0.0003034362039543421,0.45957820891062423,0.5000805069760986
0-1,1-0,0.00033007857199962587,0.45826929314517467,0.5014124781868448
0-1,1-0,0.00036796348157430855,0.4563819793202606,0.503241057510686
0-1,1-0,0.0003060392890298657,0.4583066351797904,0.5014718154888986
0-1,1-0,0.0004217802566790698,0.45661945673955445,0.5028940672309857
1/2-1/2,0-1,0.0002701616877308213,0.4709082029119631,0.4888141723814635
0-1,1-0,0.0002935077781624993,0.4574330280943428,0.5022748666279798
0-1,1-0,0.0003022669854872496,0.4602750129616007,0.4994541355217616
1-0,1-0,0.0003755835587924782,0.45709926820139674,0.5024539693655329
0-1,1-0,0.0003098724578858173,0.4604853550757003,0.49922474474087875
1-0,1-0,0.0002871618660151374,0.46208998973490306,0.49762891738139275
0-1,1-0,0.00032470463406273785,0.45789608946304816,0.5018279911215149
1-0,0-1,0.00030485436071949493,0.455050367642682,0.46799067629584284
1-0,1-0,0.0002851732966955899,0.45688377579133216,0.5029540742695431
1-0,1-0,0.00039955447874612536,0.4566305957171434,0.5030230775731542
0-1,1-0,0.0002898338250411982,0.465755369847862,0.49471143398579553
0-1,1-0,0.00028290339164403636,0.45641865613750265,0.5033327418120187
1-0,1-0,0.0003185427528264459,0.45746974726963047,0.5021477261276535
0-1,1-0,0.0002963065659538389,0.4606074539587876,0.497833787542959
1-0,1-0,0.0002788268440066839,0.46023208849984715,0.4994585212577346
0-1,1-0,0.00028172413878743317,0.4622812423663764,0.49742357670470416
1-0,1-0,0.00028795585637404395,0.45763991424243405,0.5034642782048219
1-0,1-0,0.0002819649976227403,0.45726839493631255,0.5026760660513845
1-0,1-0,0.0003423262020635967,0.4572084744216612,0.5024994381504296
1-0,1-0,0.0003463983529144071,0.4570188663071572,0.502572542596633
0-1,1-0,0.0003724453245104093,0.45662261944890375,0.5036280735224222
0-1,1-0,0.00027389154925973894,0.4605741885923044,0.4991033935720244
0-1,1-0,0.0002977439490523898,0.45651567305372187,0.5033411181231527
0-1,1-0,0.0004217809749577477,0.456621145899626,0.5028927849377661
0-1,1-0,0.0002809631527997563,0.45659842721444627,0.5032061018936637
0-1,1-0,0.0003712971208046607,0.4569527674987292,0.5026193814507542
0-1,1-0,0.0003175976943913757,0.46051865800328934,0.4990912136644337
1-0,1-0,0.00028768752187059596,0.4563368217696641,0.5033918265472047
0-1,1-0,0.0003532138807818143,0.4565926078262295,0.5030788221762885
1-0,1-0,0.0002952174974110931,0.4574458591806257,0.5019519336467081
0-1,1-0,0.0003457854329410021,0.45683172843949266,0.502869345892682
1-0,0-1,0.0002713016460420764,0.4720933392890101,0.4874710706514496
0-1,1-0,0.00030566617728657763,0.45681509579053686,0.5028886068648832
0-1,1-0,0.0002872651550522085,0.4627091741047866,0.4970506977506063
0-1,0-1,0.0002898892057315159,0.47487708147261753,0.48541862958386384
0-1,1-0,0.00028227708946717265,0.4577625680767761,0.5019604929944043
0-1,1-0,0.00033500886595629867,0.4577384427984673,0.5019326418770327
1-0,1-0,0.0004252218574352952,0.45647704967146735,0.5031309672636853
0-1,1-0,0.0003919485179549577,0.4563907574298579,0.5033235808797435
0-1,1-0,0.0003573263352835163,0.4563869813454989,0.5032275220509456
0-1,1-0,0.0002826607158978941,0.4596544792089358,0.5000400468927789
0-1,1-0,0.00028822382221770066,0.4591440525792574,0.5005674600806159
1-0,1-0,0.00027761320603942767,0.46707563250578105,0.4926483616700016
0-1,1-0,0.0002797717640411055,0.45674995860867645,0.5030018265492652
1-0,1-0,0.0002725162016937686,0.4635011673894153,0.4960888851304914
1-0,1-0,0.00029624773221451246,0.45886075564811557,0.5008043770509444
1-0,1-0,0.000407580502107591,0.4568523401992751,0.5026641834274344
0-1,1-0,0.0002788938066058808,0.4651960576926968,0.4944618331395771
1-0,1-0,0.00028532291469380276,0.4593851180706033,0.5003088766770271
0-1,0-1,0.0002689030902037591,0.46752942910343637,0.49216635088748795
0-1,1-0,0.0003903903652856912,0.45630584173236816,0.5032606450876149
1-0,1-0,0.0003619824108368794,0.45744818021385497,0.5021676691101112
0-1,1-0,0.0003208659292863291,0.45896782538500885,0.5006367075588635
1-0,1-0,0.0002870536184898831,0.45679976689239,0.5034629467843365
0-1,1-0,0.0003263655828572804,0.45688210142099556,0.5027439610908878
0-1,1-0,0.0003526638246845695,0.45660456312137787,0.5030660653341357
1-0,1-0,0.0002891582962204672,0.4634498355674865,0.4970025941189539
1-0,1-0,0.00038664586782453106,0.45645806337206396,0.5034148096474855
0-1,1-0,0.0002816992684883842,0.45655631753497744,0.5031529217240097
1/2-1/2,0-1,0.00029659431082431666,0.4734594364253671,0.4854901485578012
0-1,1-0,0.0004216382266765821,0.45664620054098154,0.5028783871315609
1/2-1/2,0-1,0.000276140815723878,0.4676754850449193,0.4920646007098439
1-0,1-0,0.0002980030493152621,0.4621482210063587,0.4974719392687436
0-1,1-0,0.0003405729916729024,0.4563150199375602,0.503295787460954
1-0,1-0,0.0003205860251736722,0.4582646735793136,0.5013818068207013
0-1,1-0,0.0004102959168948149,0.45637329187329484,0.5031954621282997
1-0,1-0,0.00027983814377254647,0.4568057416571289,0.5029910658465077
1-0,1-0,0.00035046506788073575,0.4581258947730665,0.5015053486603859
1-0,1-0,0.0002939572439076139,0.462388913108212,0.49727751082174193
0-1,1-0,0.00028873600245992326,0.4621981192179502,0.4978921058699142
1-0,1-0,0.0002966060870873777,0.4601482403799734,0.4995727510590242
1-0,1-0,0.00033538878038581727,0.45738827577596075,0.5023349010493379
0-1,1-0,0.00028896812383123586,0.45963483423428647,0.5000649081063011
0-1,1-0,0.0003151936115691068,0.4600114838053478,0.49969016364041746
1-0,1-0,0.00031453575290357294,0.45990251630354595,0.49972937525596106
0-1,1-0,0.0003510598113808643,0.4565808312082061,0.503085427239206
0-1,1-0,0.00032638792635641804,0.4574672427930847,0.5021503830765148
0-1,1-0,0.0002725981737699436,0.46225629770588256,0.4974151614622905
0-1,1-0,0.00029077063470606254,0.46780018050129757,0.4970035576941544
0-1,1-0,0.00028382097813612684,0.4639080534522634,0.4957718246988805
0-1,1-0,0.00028967747871728967,0.46273683665818127,0.4969667896900501
0-1,0-1,0.00026882425523714145,0.46822178875521103,0.49150930391267295
0-1,1-0,0.0003433174427568691,0.45632897255975335,0.5032777022619208
1-0,1-0,0.00036372728456407374,0.45693893472566116,0.5026697205613764
1-0,1-0,0.00029046932799326093,0.4589519453533402,0.5007069910208346
1-0,1-0,0.0003496936210474197,0.45672043550004127,0.502893151157263
0-1,1-0,0.00027945032748460187,0.4589144929258102,0.5007786410622033
0-1,1-0,0.00033061588736140466,0.45725001939649573,0.5023587620881228
0-1,1-0,0.00027161453469962794,0.46167227008108636,0.49804576291921304
1-0,1-0,0.00029923457819369074,0.459629912948102,0.5000789938693033
1-0,1-0,0.0003772198939860104,0.45633240236860034,0.5032707783097216
1-0,1-0,0.0003340005098269804,0.4575781311978409,0.5021431365226449
1-0,1-0,0.00028925534978406975,0.4563246173148133,0.5033419885648546
0-1,1-0,0.0002847955322424584,0.4568649030944002,0.5034744958151719
0-1,1-0,0.00035790033058059266,0.4563551709079929,0.5032480769987412
0-1,1-0,0.0002833482199409865,0.45649542077325755,0.5034159217821881
1-0,1-0,0.00042069952468636534,0.45646438061780287,0.5032459495211425
1-0,1-0,0.00027972815282092397,0.45740998127359395,0.5023476835231284
0-1,1-0,0.00032399008939270376,0.45765115564644565,0.5019633939291831
0-1,1-0,0.000283535592822921,0.45853239563888837,0.5011609547747535
0-1,1-0,0.0002841722615193556,0.46386190817197276,0.4958184720242755
1-0,1-0,0.00031051633732951636,0.4568395005420076,0.5028601063291033
0-1,1-0,0.0004218430584888372,0.45656125006191595,0.503124277641527
1-0,1-0,0.00035661030206211793,0.4575477265695427,0.5020781440077651
1-0,1-0,0.00030443280931216176,0.45808751105004875,0.5015647751098159
1-0,1-0,0.00028554036262938944,0.45664043419646555,0.5034686001678261
1-0,0-1,0.0002699207095522296,0.4705650035883897,0.4891474781209414
0-1,1-0,0.0003206300569498517,0.45921412026976793,0.5004869339580722
1-0,1-0,0.0003374060258174649,0.45709593919305047,0.5026210071191017
1-0,1-0,0.0003894658360522858,0.45650547400764635,0.5034713670777348
0-1,0-1,0.00027394203064664684,0.47613273975203874,0.48119513171482653
1-0,1-0,0.0003384859068727166,0.4581139548249985,0.5015358205347149
1-0,1-0,0.00029203708632074253,0.4598587516048884,0.4998497144274841
1-0,1-0,0.0003375157738437541,0.457430226406669,0.5022331969401956
0-1,1-0,0.00032842795247436013,0.45643890760911304,0.5034461403677961
1-0,1-0,0.0002827633573247023,0.45813675525126474,0.5015668101343292
1-0,1-0,0.00028066405200909855,0.4582512964566792,0.5014537007903763
0-1,1-0,0.0002796682010874181,0.4567305402668567,0.5029875103012699
0-1,0-1,0.00029484027115241865,0.46970372394255694,0.4902644750007501
1-0,1-0,0.00032407176431769886,0.4581372043024236,0.5015811518461833
0-1,1-0,0.0002894019361126052,0.45944732026751733,0.5035120511476834
0-1,1-0,0.0002847680307483728,0.4587672166075165,0.5001103120045017
1-0,0-1,0.00027375203446358166,0.46964361679601185,0.4900211335104763
1-0,1-0,0.0002759649213969125,0.4579573699802716,0.5017457198068439
0-1,1-0,0.00033024868709554235,0.45789220247116036,0.5017335484998052
1-0,1-0,0.00033655454489080574,0.455710963336094,0.493975787169297
1-0,1-0,0.000302075125502208,0.45652534694739727,0.5034818083676903
1-0,1-0,0.000280271977155728,0.45899311077830546,0.5006993839740964
0-1,1-0,0.00034010117591761,0.4583828607147835,0.5012676765878681
1-0,1-0,0.0002773170145848838,0.4660871795505854,0.4935621614511357
1-0,1-0,0.00042478890703387796,0.45652210139421584,0.5032354911896333
1-0,1-0,0.00028194175713410494,0.4566201192962651,0.5033292229492404
1-0,1-0,0.0002909964506323904,0.45646118395565377,0.5032636079559628
1-0,1-0,0.00029161462451072524,0.4578449278605704,0.5032870658931446
1-0,1-0,0.00031157165591678,0.460035375453212,0.49969022444726274
1-0,1-0,0.00034718434028957896,0.45633739281113717,0.5032730524647989
1-0,1-0,0.0003102002581906176,0.4563055991993018,0.5033472638337375
1-0,1-0,0.0003555676021718228,0.45689658162241703,0.5027187751572529
1-0,1-0,0.00030095275938297317,0.4598882863790651,0.49990180467574713
0-1,1-0,0.0003165821288594909,0.45639569079782394,0.5032471401425774
1/2-1/2,1-0,0.0003245854217046527,0.4590014539930041,0.500623693435301
1-0,1-0,0.00029412619517471897,0.4565227663436392,0.5031937658675742
1-0,1-0,0.000278204621458607,0.4576717197542056,0.5020569637674143
0-1,1-0,0.0002818965876472365,0.4566676956653469,0.5030733825279465
0-1,1-0,0.00031907530481832026,0.45735527610683524,0.5023654309118752
1-0,1-0,0.0002935699154763363,0.4565254276795088,0.5031907969091522
0-1,1-0,0.0003080982848748426,0.45708646512253065,0.5026653989664434
0-1,1-0,0.00026959654975060266,0.4653615761399822,0.4943466514456327
0-1,1-0,0.00042131690603094144,0.45665436228172085,0.5028858794795334
0-1,1-0,0.0002779477119418031,0.45713889143710323,0.5026925348202536
0-1,1-0,0.00031479930719015574,0.45642501094048676,0.5034285996370939
0-1,1-0,0.0004054309262413129,0.45689418338347665,0.5026142887700231
0-1,1-0,0.0003387785316351776,0.45657569809781473,0.5030829298940522
0-1,1-0,0.00028603639588976854,0.4552548728392295,0.5038885344391806
1-0,1-0,0.0002872479868872266,0.4571334226607039,0.5033507451678485
1-0,1-0,0.00031236699796986886,0.4566520636099188,0.5030431482586669
0-1,1-0,0.0002970960566462447,0.4564946401449343,0.5032093141583983
0-1,1-0,0.0002750941435642283,0.45907494872361676,0.5007558665767687
1-0,1-0,0.0003827479811567766,0.45702587396738614,0.5025402546652799
0-1,1-0,0.00034954299318181624,0.45725617868710117,0.5023234309474424
0-1,1-0,0.0003255794503670836,0.45644123973292244,0.5034468830349089
1/2-1/2,1-0,0.0003134893457167074,0.45454132693264276,0.48576111691469365
1-0,1-0,0.00028979480162117467,0.4567476731174522,0.5030806963647888
0-1,1-0,0.0004125863850860293,0.45678182799337513,0.5027237490943872
1-0,1-0,0.0003429937392454107,0.458163866244258,0.5014898831529463
1-0,1-0,0.0004207522671403015,0.45664522843621175,0.5028672234907391
1-0,1-0,0.0003102712504676229,0.4563031772893152,0.5033593340166527
0-1,1-0,0.0003427678956766574,0.45692045886430455,0.502787068750014
1-0,1-0,0.00029173503412115284,0.4580952748629986,0.5015830084125568
1-0,1-0,0.00031338985236701553,0.45774585381326693,0.5019257939316286
1-0,1-0,0.000300382459658849,0.45634623338442964,0.5033835205693108
1-0,1-0,0.0003577087331928142,0.45630579180803504,0.5032879620642698
0-1,1-0,0.0002951377592363221,0.4563490416511465,0.503379621333867
1-0,1-0,0.00027248098945812824,0.46213147682071115,0.49754062681128447
0-1,1-0,0.0003902762131162504,0.45652527120859626,0.5032484483815849
1-0,1-0,0.0002912419959315468,0.45621858862523457,0.5035898746700903
1/2-1/2,1-0,0.00031766746634447106,0.4584790110914949,0.5011420514345541
0-1,1-0,0.00030957350216728903,0.45709378884778384,0.5025493691196046
1-0,0-1,0.0002955227966912457,0.46820693401113866,0.491661030442488
1-0,1-0,0.0003149293425758996,0.45985998159171854,0.49986123111378633
0-1,1-0,0.00029195339352187255,0.4633051132759342,0.4964558759344917
1-0,1-0,0.00033356410051492137,0.45794853339139613,0.5016717790372405
1-0,0-1,0.0002983805327872245,0.46863629129764806,0.4911140044207547
1-0,1-0,0.0003095345040273372,0.45651431571860324,0.5034723038335396
0-1,1-0,0.00042703868388981134,0.4565280207404514,0.5031535710563356
0-1,1-0,0.00029712379061104055,0.45669694037207,0.503068252723804
1-0,1-0,0.0002964519037485894,0.4576998918549529,0.5019656299020506
1-0,1-0,0.0003193369987874004,0.4582939459142872,0.5014214714130493
1-0,1-0,0.0003843025293594523,0.45630430614784134,0.5032855789006347
1-0,1-0,0.00033466589470718437,0.4565163824806597,0.5031311305247893
0-1,1-0,0.0003471991516363466,0.4568050872924396,0.5028940775947033
0-1,1-0,0.0004029952935563336,0.4567006386810143,0.5028152301534682
1-0,1-0,0.0003795921745670682,0.45631115603787015,0.503289473223514
0-1,1-0,0.00042551643769059207,0.45651842941003623,0.5032327329768349
1-0,1-0,0.0004272966134394897,0.45652373311424654,0.5030692894223964
0-1,1-0,0.00029135502756676894,0.46312093983081504,0.49655625239162454
1-0,1-0,0.0003006759528123203,0.4659130839383044,0.4938773438800657
1-0,1-0,0.00028194582013247883,0.4612522051682172,0.4977620872362119
1-0,1-0,0.00041990360947444694,0.4566602619980454,0.5028981426589846
0-1,1-0,0.000395675417555169,0.45649457802456145,0.5033575862797849
0-1,1-0,0.0002907058620651533,0.45579690689447155,0.5028706191417446
1-0,1-0,0.00041887575832871236,0.4565095982021538,0.5033914369465496
1-0,1-0,0.00028390182403570743,0.4566642664664981,0.5033413008561727
1-0,1-0,0.0002830001497352114,0.46496456286302096,0.49470942053610895
0-1,1-0,0.00029678752497205976,0.46200193335831563,0.49767493584193423
0-1,1-0,0.00029183373592121424,0.456414218533541,0.5033044017327082
0-1,1-0,0.000289737927873909,0.45698584273881987,0.5032546030781578
1-0,1-0,0.00027615323152457697,0.4579307636657909,0.5018312578659191
0-1,1-0,0.00030147299130557333,0.4668647014848748,0.49293234119561974
0-1,1-0,0.000283992032405738,0.456355944238133,0.5033766074346551
1-0,1-0,0.00037487789795110336,0.4572677279356971,0.5022831058482312
1-0,1-0,0.00028767602621534804,0.4575122353973459,0.501780630352284
0-1,1-0,0.0003424893533195417,0.45637009336798184,0.5032357659733224
1-0,1-0,0.0003077725343648527,0.4564956891144679,0.5031772758722146
0-1,1-0,0.00029563436762772554,0.45952164646156424,0.5001811920535876
0-1,1-0,0.0003134930609057414,0.45630814301399486,0.50336420911297
0-1,1-0,0.00032301178663945583,0.4574733233336049,0.5021380203184322
0-1,1-0,0.0002806978993551941,0.45663003326728463,0.5031563135892737
1-0,1-0,0.00039109499431769126,0.4566934768221186,0.5028567481938194
0-1,1-0,0.000287070692160351,0.45908400486652917,0.5006065980040355
0-1,0-1,0.0003868516307906472,0.4674267026578447,0.4816013812356131
1-0,1-0,0.0003191042464181707,0.4596678437800615,0.5000256562766886
0-1,1-0,0.0002819845819780278,0.4568760052284039,0.5029310575654645
1-0,1-0,0.00037349643929635907,0.4562989728627395,0.5032754023448449
0-1,1-0,0.0003642485060757491,0.4563173116327413,0.503325931488431
1-0,1-0,0.00033266135020997906,0.4580049478342165,0.5016726022815771
1-0,1-0,0.0002828490591485788,0.456682863496089,0.5032982340683722
0-1,1-0,0.0003234824866313583,0.4563134969384345,0.5032950471108945
1-0,1-0,0.0002884713635270607,0.458016648820119,0.5017644656443333
0-1,1-0,0.00028478594517012106,0.4566872209671682,0.5035167148699594
0-1,1-0,0.0004079109844144775,0.45668573455359607,0.5029123059364506
1/2-1/2,0-1,0.0002735909038702891,0.470575656432481,0.4876796112740268
0-1,1-0,0.0002768349035192154,0.46547042989612897,0.4941841196394593
0-1,1-0,0.00030410923377145906,0.4563873204907761,0.5033965436652584
0-1,1-0,0.0003337382545754579,0.4588690832610288,0.5008159928310034
0-1,1-0,0.0003432473783085257,0.45688204780582675,0.5027320113303231
1-0,1-0,0.00033197553485875346,0.45629522551335283,0.5033028718217522
0-1,1-0,0.0002823374525575438,0.4565720004497838,0.503393561638898
1-0,0-1,0.00026936191362292246,0.47063692753635306,0.4890800024681725
1/2-1/2,1-0,0.0002969566055100998,0.45658492561526853,0.5032544127446734
1-0,1-0,0.0004069751759491519,0.45668867596437973,0.5028179705081841
1/2-1/2,1-0,0.00031475900641143417,0.4608982468625941,0.4987153239312628
0-1,1-0,0.0002731556134031962,0.4603379837108439,0.49934420997960444
0-1,1-0,0.0002839530235283266,0.45856651661741116,0.5011257454212821
0-1,0-1,0.00027606391497988846,0.46726789569495986,0.49107489216016087
1-0,1-0,0.00035543025611699464,0.4579624152202482,0.5016699850418492
1-0,1-0,0.0003686672068613811,0.456391746130612,0.5032419303471366
1-0,1-0,0.00037052760587358513,0.4562974855234131,0.5032818372302637
1-0,1-0,0.00031583669385642935,0.45998642953085295,0.49966515815901
0-1,1-0,0.0002850548941158932,0.4564433476879052,0.5035266931749761
1-0,1-0,0.00029381450546454445,0.45770133413224534,0.5019975069995365
0-1,1-0,0.000283756211534532,0.45684596122120896,0.5039054057663825
0-1,1-0,0.00031868089980316146,0.45732613801743516,0.50229610947064
1-0,1-0,0.0003605189241231129,0.45644569390180584,0.503439414950954
0-1,1-0,0.0003370009582166983,0.4579774167935619,0.5016655447294459
1-0,1-0,0.00034172524878333727,0.45785314147921485,0.5017559234776517
0-1,1-0,0.00041506139467376393,0.4567309328417771,0.5028046799807856
0-1,1-0,0.00028647118522436926,0.4564975137980776,0.5032295808378509
0-1,1-0,0.0004210215118820725,0.4565701257733799,0.5029354154087416
1-0,1-0,0.00029866836128800725,0.45923312130027444,0.5004975894580519
1-0,1-0,0.00028786177565329386,0.4620394004824987,0.4976809481896649
1-0,1-0,0.0003021340779179084,0.45918622285596417,0.5005082270707262
1-0,1-0,0.0002889523329959113,0.45732519643126035,0.5032765157961674
1-0,1-0,0.0002765282550761442,0.45767519829169906,0.5020372911485155
1-0,1-0,0.00040239920540372453,0.4564304386077681,0.5030952588776427
1/2-1/2,1-0,0.0003816789591242802,0.45720235621065536,0.502339342540333
0-1,1-0,0.00030800732871065327,0.45638905611871866,0.5032696525304068
0-1,1-0,0.0003100403898427861,0.4564551186403607,0.5033497472919632
0-1,1-0,0.00028362392608157426,0.4573331403800505,0.5024228983700942
1-0,1-0,0.00029835317311869257,0.45825566760413805,0.5014341004072239
1-0,1-0,0.0002839452504120183,0.45642492857086175,0.5033851617049615
1-0,1-0,0.0002802939569791288,0.45681847541366455,0.5028759748673213
1-0,1-0,0.00028587730032218615,0.4570245007613941,0.5036609829251663
1-0,1-0,0.0003171910637914987,0.45711989874628534,0.502517742570664
1-0,1-0,0.000311684089614729,0.45651093240321744,0.5031561742336638
0-1,1-0,0.00042005273783195804,0.4565517065915409,0.5031635771609033
1-0,1-0,0.0002756414450843027,0.4581128100354163,0.5015953331048739
1-0,1-0,0.0002985493711495829,0.4640572861855324,0.4955773117887767
0-1,1-0,0.0003374122935366558,0.4563462585486219,0.5033756726101791
1-0,1-0,0.0002856625334918122,0.4566980678929232,0.5035347167271057
1-0,1-0,0.0002890228263470428,0.45844958483678233,0.5012335232167248
1-0,1-0,0.00029041577485081836,0.4576824367162292,0.5024530081410251
1-0,1-0,0.0002832090939236463,0.45967434858505546,0.5000209501910307
0-1,1-0,0.0003610281761363733,0.4562835337323284,0.5033414996167194
1-0,1-0,0.00027896800953387737,0.46641930823030897,0.49331061679979593
1-0,1-0,0.0002831540199087031,0.4636927478945644,0.49599428152268044
1-0,1-0,0.00034752935987634483,0.4563051156616906,0.5033209147447748
0-1,1-0,0.0003942856155027388,0.456383942708379,0.5031684519127667
1-0,1-0,0.00032888935252776687,0.45851851869146115,0.5011416211844937
0-1,1-0,0.0004024123752333579,0.4567219734359369,0.5027948065528777
0-1,1-0,0.0004000835478820382,0.4566484876174478,0.5028769212072638
1-0,1-0,0.0002943063011729679,0.45661174329607285,0.5032208476802891
0-1,1-0,0.00029804821857203284,0.45698794663068987,0.5027107548013011
1-0,1-0,0.00030274569953856465,0.4572804797388162,0.5024358305060843
0-1,1-0,0.0003228961366717484,0.4593452301192617,0.5003402564953716
0-1,1-0,0.0003505861176457666,0.45785477133702973,0.5017496197702881
1-0,1-0,0.0003479504560113067,0.45652439128072064,0.5031264050124781
0-1,1-0,0.00039719138930477274,0.4563128591895269,0.5032330764546855
1-0,1-0,0.00028960854753367683,0.45748464097904656,0.5028954698445448
1-0,1-0,0.00033261371209180636,0.4567983045534053,0.5028080118647626
0-1,1-0,0.00029274209946246205,0.456314890885976,0.503388502222686
0-1,0-1,0.0003011823108764134,0.46764202208362415,0.4921511892301525
1-0,1-0,0.00041642990746964897,0.45650668970961944,0.5034122487941982
1-0,1-0,0.00037930095335857525,0.45631240834650744,0.5032891868674265
1-0,1-0,0.0004123612762720971,0.45659504893372055,0.5029041830124981
0-1,1-0,0.0002836484861724364,0.4609847988054633,0.49872407778363775
0-1,1-0,0.0002868725105255453,0.4565969690387115,0.5042350802403134
1-0,1-0,0.0004122683964303904,0.45660017363939404,0.5028990731477209
1-0,1-0,0.00037780358086900363,0.45689785727234283,0.5026840047346214
0-1,1-0,0.000357206946512985,0.45627717425215075,0.5033532874602878
0-1,1-0,0.0003420465195429671,0.4570485927705469,0.5026156993331076
1-0,1-0,0.00034238514109065474,0.45675278377355155,0.5028885303753649
0-1,1-0,0.0002723249728022778,0.4636776736820538,0.49598676886333487
0-1,1-0,0.00028039652579963433,0.4586022523831935,0.5010947184966394
0-1,1-0,0.000289452374602998,0.46288600018836495,0.49680029330367687
1-0,1-0,0.00035309242219767244,0.4563530300127515,0.5032873571799911
0-1,1-0,0.00030660712516728694,0.4593478075077033,0.5003033205709766
0-1,1-0,0.0003332084213780919,0.4582832848370953,0.5013596132718122
1-0,1-0,0.0002860874951932944,0.4563836073919772,0.5033546103905089
0-1,1-0,0.0002978712438374124,0.4524426813238206,0.501034206269793
0-1,1-0,0.0003290216694257107,0.4566123365870844,0.5030529078165288
1-0,1-0,0.0002794741582445614,0.4572325302629107,0.5028919728035495
1-0,1-0,0.00036683238605713503,0.4576537551103033,0.5019458564289933
1-0,1-0,0.00032745711026867523,0.45688541436939306,0.5027387790123367
0-1,1-0,0.00029192902965086696,0.4565659188848545,0.5034021734026247
1-0,1-0,0.0004061604528261333,0.45665127902999814,0.5029759965971092
0-1,1-0,0.00027973017324527377,0.4623826217280401,0.49731488552555825
1-0,1-0,0.0003310954198636644,0.4570667691791756,0.5026464479359941
1-0,1-0,0.00037285878183254407,0.45631668968542893,0.5032683568731035
1-0,1-0,0.00035315528544468364,0.4580800018029232,0.5015507230514827
0-1,1-0,0.00037183347558342476,0.4575419405019895,0.5020414572945003
0-1,1-0,0.0003112115129961747,0.45667025877796813,0.5030090247172473
1-0,1-0,0.0004095925385428821,0.45681079338641073,0.5027129176572546
1-0,1-0,0.0004089005913625781,0.4564097289664147,0.5032640320404489
1-0,1-0,0.00035332466205111344,0.4563659161553303,0.5033767370312348
1/2-1/2,1-0,0.000316095497921304,0.46059895689724395,0.49902502738314103
0-1,1-0,0.0003294854430560397,0.4590321260534331,0.5006542384641793
0-1,1-0,0.0003771920655183811,0.4573905941540622,0.5021809448559221
0-1,1-0,0.0003143741795034878,0.45661286622954905,0.5030626047804121
0-1,1-0,0.00029559815034143965,0.4566467945036302,0.5030703477417842
1/2-1/2,0-1,0.00029127966077039204,0.4750371014915095,0.4852426062769877
0-1,1-0,0.0002912246102329801,0.4609313389733995,0.49879458600999266
1-0,1-0,0.0002708155291995944,0.46275430295260633,0.4969508165199777
0-1,1-0,0.00027539706188766506,0.4583949203854469,0.5013818870727421
1-0,0-1,0.0003915947714771885,0.4688097297025879,0.4723204206204105
0-1,0-1,0.00029017714273686613,0.47280424332470855,0.4877402197781408
0-1,1-0,0.00040385021048145115,0.45678912492278445,0.5027221580538215
1/2-1/2,0-1,0.0002720014496531411,0.4707448412121337,0.4889899949744591
1-0,1-0,0.0002722693388714109,0.46180675099226176,0.49786793053277306
1/2-1/2,1-0,0.00027465193680238203,0.4614863849692081,0.4979900019662397
1-0,1-0,0.00040768973092391697,0.4564829304644361,0.5033893706822782
1-0,1-0,0.00038571807281701756,0.45705159779957377,0.502504659378814
1-0,1-0,0.0003020303156139279,0.4563097367187007,0.5033595677185378
0-1,1-0,0.000288397678547619,0.4573583456022637,0.5031553471720498
0-1,1-0,0.00037827169857559414,0.45718706597994446,0.5023889531302752
1-0,1-0,0.00029010269335163146,0.4563557144406355,0.5033808323624072
0-1,1-0,0.00028959291709042804,0.45718296521406737,0.503251404476365
1/2-1/2,1-0,0.0003290350125422654,0.4496510246564339,0.5012141790271836
1-0,0-1,0.00029757326035029376,0.46653530943526245,0.4920218319960309
0-1,1-0,0.00027975234824777315,0.45812316118186525,0.5015876761153438
1-0,1-0,0.00028895619124015163,0.4668778701157234,0.4938992955935837
0-1,1-0,0.00028303788132542836,0.45633886993595796,0.5033786180996657
1-0,1-0,0.0002961680556146071,0.45847092189477406,0.5012065616995486
0-1,1-0,0.0002873239603409826,0.4571281354985764,0.5033381448379124
0-1,1-0,0.00030749614347099765,0.45658648706803817,0.5030970330224614
1/2-1/2,1-0,0.0003207308146475606,0.45904080953603427,0.5006432370488582
1-0,1-0,0.0002802328400730729,0.4569153021095079,0.5031603706099192
0-1,1-0,0.00034726610561819533,0.45631147807126116,0.503293075342942
0-1,1-0,0.00038627746427763053,0.45708395871103324,0.5024539118731874
1-0,1-0,0.00036433139577868263,0.4563244091243793,0.503293821727958
0-1,1-0,0.00027166294649754537,0.46155129135886647,0.49814387750003125
1-0,1-0,0.0002899465635198541,0.45701027743816686,0.5027439263273469
1-0,1-0,0.000283745585244367,0.46096847500104987,0.4987405552859223
0-1,1-0,0.00027830510915644507,0.4571329194643275,0.5026013056279178
1-0,1-0,0.0004015534549119245,0.45654126897623304,0.5035230482107205
1-0,1-0,0.00028436616143187826,0.45675010681888795,0.5031613651319758
0-1,1-0,0.0003681590896938065,0.4563972069947501,0.5032380973355965
1-0,1-0,0.0002855486820272075,0.45644788187971747,0.5032749753822059
1-0,1-0,0.0002877375063627546,0.4563993987602262,0.503310537587793
1-0,1-0,0.00034119811593973136,0.45635661936073924,0.5032551954974883
1-0,1-0,0.000307267946042445,0.4602715200541303,0.49945841877766256
0-1,1-0,0.0002895590287935201,0.4569652912883919,0.5038565877490249
1-0,1-0,0.000325860722651549,0.4578678059495208,0.5018563723263574
1-0,1-0,0.0003201413490344977,0.4573509805718021,0.5023700620900399
1-0,1-0,0.00039231552576979723,0.4563240431906844,0.5032365168582748
0-1,1-0,0.0002895878578246471,0.4563567815200101,0.5034210544758597
0-1,1-0,0.00033062660817159337,0.4578744996535768,0.5018426662924635
1/2-1/2,1-0,0.0003133886558205711,0.45810936617313125,0.5016066003275108
0-1,1-0,0.00028561207297570136,0.45679136844790136,0.5035261727899021
1-0,1-0,0.0002935555851976368,0.460420036892964,0.49934026030947615
1-0,1-0,0.0002922361921551471,0.45394546522874324,0.5032898226215511
0-1,1-0,0.00030258640198466824,0.45834373080000024,0.5013186226917058
0-1,1-0,0.00030591713896655355,0.45785403406247477,0.5017901893037808
1-0,1-0,0.0003454026043022283,0.4579130152361346,0.5016981430917946
1-0,1-0,0.00029918431799230445,0.4616693605827302,0.49801466255576565
1-0,1-0,0.000275544578117476,0.45825798230531617,0.5014376426448003
1-0,1-0,0.0003173595782825736,0.4585080288185972,0.5011534979067954
0-1,1-0,0.00029148248027533244,0.4611136192211225,0.4986491358680249
0-1,1-0,0.000319052406943467,0.45736329387731145,0.5023575901037957
1-0,1-0,0.0002811877388927612,0.45797190310348823,0.5017429742853909
1-0,0-1,0.0003123076022664838,0.47614478007682887,0.4778097377306154
1-0,1-0,0.0002932919046384788,0.4564325746145117,0.5031898140787024
1/2-1/2,1-0,0.0002761374296492095,0.4651111201647474,0.49454763421751846
1-0,1-0,0.0003581436764935535,0.4564169300389562,0.5032087292161197
1-0,1-0,0.0002834681370587259,0.4558605679256958,0.5032421328360734
0-1,1-0,0.00029558923382837427,0.45984861064545834,0.49986353944198914
1-0,1-0,0.00029491492387767897,0.45807536137987387,0.5016126649039571
1-0,1-0,0.0002860321810510217,0.4565385153477815,0.5031805211564199
1-0,1-0,0.0003185068938778125,0.4595712033059965,0.5001431746332554
0-1,0-1,0.0002696711543888128,0.47109110732647536,0.48863494394106327
0-1,1-0,0.0003327760092829623,0.4568101078462205,0.5027964892528356
0-1,1-0,0.00032695241675176925,0.4591036824009358,0.5005927022063028
0-1,1-0,0.0003350323941401094,0.4570219636658965,0.5025812035676622
1-0,1-0,0.00036033001554924127,0.45632768878119184,0.5032655424780996
0-1,1-0,0.00031314583782853504,0.45812134281262723,0.5015941682136579
0-1,1-0,0.0003695621784557902,0.45647642128160787,0.5033772372167562
1-0,1-0,0.00040169395653070393,0.4569148824176384,0.5025981076239358
1-0,1-0,0.00028053851601191553,0.46273706778460233,0.4969610990235791
1-0,1-0,0.00029400992663383935,0.46715939912465565,0.4927179109956606
1-0,1-0,0.0002876933023975149,0.46309730304703517,0.496616125500078
0-1,1-0,0.00028087483915529844,0.45668812024278643,0.5031776074545198
1-0,1-0,0.0003372163108245095,0.4563147574347762,0.5032997553177709
1-0,1-0,0.00026984503170491344,0.46714115771658477,0.4925578469959083
0-1,1-0,0.00041467831865257804,0.4564937979610071,0.5033768075005419
1-0,1-0,0.0002794638486838243,0.45677197535063857,0.5029493290819123
1-0,1-0,0.0003713100814392283,0.45634870846719283,0.5032589919472044
1/2-1/2,1-0,0.00027534208789695635,0.4624678725400594,0.4972113013846394
0-1,1-0,0.00028710780133371026,0.45569016701756354,0.5040352336507208
1-0,1-0,0.0002834209198507314,0.4563881713091347,0.5033375823867233
0-1,1-0,0.0002755325685183775,0.45817836767427317,0.5015267329220362
1-0,0-1,0.00027149928472255594,0.47151269889443204,0.4881788060077042
1-0,1-0,0.00035238808846855353,0.4563977605541383,0.5032468945845568
1-0,1-0,0.00041179724890175905,0.45675996709028444,0.5027782769407116
1-0,1-0,0.0003091038884834924,0.45983361121010113,0.4998198152049265
0-1,1-0,0.0002691061243963488,0.46652278738040975,0.4931730068182398
1/2-1/2,1-0,0.00030512325063220946,0.4578132338473139,0.5018990780641055
1-0,1-0,0.0003952339022730969,0.45630471043011517,0.5032384593201987
0-1,1-0,0.0003077185648969662,0.4564531454967916,0.503368676076883
1-0,1-0,0.00032643021014884283,0.458423596989838,0.5012217266238993
0-1,1-0,0.00028655875901083646,0.4633147351990553,0.496377243436308
0-1,1-0,0.00037706815449771593,0.45641492420256924,0.5031814056391409
0-1,1-0,0.00028086274814336686,0.45679653316590735,0.5030725825331794
1-0,1-0,0.000282684999968051,0.4563985446986119,0.5033024331982012
1-0,1-0,0.0002928197959832663,0.4565952278719444,0.5031068182327693
1-0,1-0,0.00034436454204363946,0.4567434991664838,0.5029066370925861
0-1,1-0,0.00030451966488311016,0.46158899555133404,0.49802540879235985
1-0,1-0,0.00028976140808593725,0.46084926599412895,0.4992469749423228
0-1,1-0,0.0002777792752928811,0.45710702182101354,0.5028482520935059
0-1,1-0,0.00031309239184339514,0.456319863480329,0.5033738921811248
0-1,1-0,0.00033439774801180116,0.45668360036271666,0.5029921972271633
0-1,1-0,0.00028939634172083466,0.4571590307566453,0.5025762979889388
0-1,1-0,0.0002966441131385413,0.4610131952962556,0.4987196968514233
1-0,1-0,0.00027981792394468326,0.46600447094663233,0.4936628121642341
1/2-1/2,1-0,0.000320724687929112,0.4578308231167876,0.5017928462525092
1-0,1-0,0.0003841059449861012,0.4566311273990473,0.5029403807920243
1-0,1-0,0.00033696768985682333,0.4565834220077325,0.5030764093236132
1-0,1-0,0.0003624751964762733,0.4564517376052771,0.5031605727316169
1-0,1-0,0.0004060702756888719,0.4567168687230336,0.5027910934651904
0-1,1-0,0.00028415612942806655,0.45636233805326953,0.5033504376875831
1-0,1-0,0.0003423755994964681,0.45633251189598467,0.5032822629458863
1-0,1-0,0.00028405184438865845,0.4566694370218446,0.503492288030812
1-0,1-0,0.00028850515251298834,0.45831519762101125,0.5013540462595094
1-0,1-0,0.00029426009827122375,0.45638212429746505,0.5033739984932288
1-0,1-0,0.00027311012397850153,0.46052727880498545,0.4991528936341802
0-1,1-0,0.0003083573950377315,0.45643092726500856,0.5032324903176499
0-1,1-0,0.00040977806986635887,0.456467667904457,0.5030392963459598
0-1,1-0,0.00035249748191026707,0.45652196320132743,0.5030906728796619
0-1,1-0,0.00035130182424933566,0.4565544505986606,0.5031054732018718
1-0,1-0,0.0004099899940858127,0.45670998045793876,0.5028658442411704
0-1,1-0,0.0002940085524449014,0.4574036833016451,0.5010152603597532
0-1,1-0,0.00027815788947663483,0.4586567662401748,0.5010394898426559
0-1,1-0,0.00028500976793346586,0.45674959041999214,0.5035199927916337
1-0,1-0,0.00028166220019194214,0.45675453786968473,0.5034279158247327
1/2-1/2,0-1,0.0002717900256478255,0.4687503920510062,0.4909171068930742
0-1,1-0,0.00033656428505426407,0.4563267955343514,0.5033602094624517
1-0,1-0,0.00027969961547587085,0.4643284772976183,0.48994367089414953
0-1,1-0,0.0002848573984929048,0.45686215818900144,0.5029873895371837
1-0,0-1,0.00027523844664314773,0.46809672794714524,0.4915993900496028
1-0,1-0,0.0002994007365509045,0.45700039048726604,0.5029130466862223
0-1,1-0,0.0003008062522796746,0.45662840177402914,0.5030738154293901
0-1,1-0,0.0002873175707313201,0.4583956939079053,0.504158599656767
1-0,1-0,0.00039944700139591126,0.456633289725904,0.5030183387070495
1-0,1-0,0.0002779850271071438,0.45742571686660527,0.5023076196185492
0-1,1-0,0.0003209913032968748,0.45643736080319663,0.5031794407821762
1-0,1-0,0.00032083989872748914,0.456326316644531,0.5032920904309284
1-0,1-0,0.0002938193612805439,0.4563587150644262,0.5033766908455755
1-0,1-0,0.0003803449806314784,0.4563077239983751,0.5032913485073566
0-1,1-0,0.0002734737970138027,0.4598101845860905,0.49994409756736935
0-1,1-0,0.00028656515309649947,0.45640299435248016,0.5033352099609002
0-1,1-0,0.00029121613596638974,0.4563285348503501,0.5035242539214915
1-0,1-0,0.0003968748152226209,0.456518635582389,0.5034805131826131
0-1,1-0,0.00026996484898949983,0.46532747588340884,0.49434250960716014
1-0,1-0,0.00033735980815317895,0.45834362341752166,0.5013032659972078
0-1,1-0,0.00036450097971735577,0.45772979939009667,0.5018645569909554
1-0,1-0,0.0003141875254467564,0.45765563332306336,0.5019713802095452
1-0,0-1,0.00026829898482796943,0.47388356702017576,0.48583734472695844
0-1,1-0,0.00028147873131788916,0.458737676138437,0.5009563881604742
1-0,1-0,0.0004057821877054373,0.45681795387521235,0.5026885952974998
1-0,1-0,0.000418121694540856,0.456602378682632,0.5028962188921595
0-1,1-0,0.00032462374515714916,0.4566151971239442,0.5030520609102859
1-0,1-0,0.00035681897706087867,0.4565469160565089,0.5031188317270708
0-1,1-0,0.0002789492453779409,0.45730469833872417,0.5027500927274385
1-0,1-0,0.00040816308020371527,0.4564087230342029,0.5032678218484945
0-1,1-0,0.0004097946029824364,0.4564938863128176,0.503012125841622
0-1,1-0,0.00029873961433611124,0.45951599163961193,0.5001887934207249
0-1,1-0,0.0002885721891780294,0.4564095593261465,0.5033210907099384
1-0,1-0,0.0003663192439572079,0.45629860345283935,0.5032923693729664
1-0,1-0,0.0002866319000128742,0.4563895965743539,0.503353255998353
1-0,1-0,0.00028356569894611567,0.45665861711990025,0.503362817749118
1-0,1-0,0.0003325190396492111,0.4572000622735489,0.5024147605200573
0-1,1-0,0.00028202440816396207,0.4565419338396749,0.5033261932786909
0-1,1-0,0.00030207105166763794,0.4612708012877034,0.4984404549097065
1-0,1-0,0.0003934980271826236,0.4563108155475281,0.5032434628286245
1-0,1-0,0.0003065972871648437,0.45733485641663774,0.5023818452058308
1-0,1-0,0.0002924279215009878,0.4562983474529131,0.5037864295388836
0-1,1-0,0.00028378932262434044,0.45775081387682154,0.5030142012539877
1/2-1/2,1-0,0.00035433579692564364,0.45796515228452106,0.5016499027015764
1-0,1-0,0.000392598549341057,0.45629758913151786,0.5032497631144778
0-1,1-0,0.000286676105813203,0.4617319421034181,0.49798789969713936
1-0,1-0,0.00035700245498591156,0.45732637465675396,0.5022454520239088
0-1,1-0,0.0003062218129897934,0.4644025054006656,0.49529096955618845
0-1,1-0,0.00027691009450875114,0.4579500888143381,0.5017567389005693
0-1,1-0,0.00037072515543682647,0.4572200022049308,0.5023763644530526
0-1,1-0,0.00031829534367584897,0.456617045140516,0.5030547859455782
0-1,1-0,0.0003603205069897162,0.4564577488934909,0.5032078150255049
0-1,1-0,0.000328072687146051,0.4567116145885584,0.5029676313918221
1-0,1-0,0.0003617908269800466,0.4568023940358871,0.5028048648288654
1-0,1-0,0.00030734566682501604,0.45860061996046103,0.5010687393811748
0-1,1-0,0.00031149369238445644,0.45662138200704333,0.5030855400033112
1-0,1-0,0.0003685036034722177,0.4568804868043345,0.5027056271694816
0-1,1-0,0.00029561496489878444,0.4621951368600447,0.49748227314509536
1-0,1-0,0.00027224041791754013,0.46368159763565353,0.4959827877029056
0-1,1-0,0.00033900006348704765,0.45632113023512466,0.5032813043650917
0-1,1-0,0.0003685007159521721,0.4562908813883983,0.503340740646396
0-1,1-0,0.0003429166133774356,0.4563051572031684,0.5033236417154273
1-0,1-0,0.0002890951965654979,0.45748722158385474,0.502987453021194
0-1,1-0,0.00030607676743033224,0.45660449481092,0.5035240262150968
0-1,1-0,0.0003476789955903236,0.45630494439413566,0.5033202822881532
1-0,1-0,0.0003414178267514729,0.4584963170818307,0.5011659847101534
0-1,1-0,0.0003751483816538619,0.4565746179315192,0.5031294280392593
0-1,1-0,0.0002713836241679037,0.4639685124714171,0.49569552183428167
0-1,1-0,0.00034428036418405827,0.4573527720108361,0.5022327641394577
1-0,1-0,0.0002891846003715754,0.45886074638772717,0.5032468383576334
1-0,1-0,0.0002874015326666757,0.458083423602911,0.5016063025721824
1-0,1-0,0.0003058701238032144,0.46050427108456804,0.4992267717470323
0-1,1-0,0.00032619263220682123,0.45847667567919875,0.5011703110103459
0-1,1-0,0.0002837599639573315,0.4563165688216572,0.5033943587232355
0-1,1-0,0.00031774651364772336,0.4583226962581199,0.5013915981486295
1-0,1-0,0.0002868167226043021,0.45651867629461623,0.5033754026345746
1-0,1-0,0.0003280935283840574,0.4563339412995848,0.5032876801813784
0-1,1-0,0.0002707342543035519,0.4628678973714764,0.4968347108800906
1-0,1-0,0.0003377871415586943,0.4570199484955126,0.5025802878556412
0-1,1-0,0.00027862935384192485,0.4573536682045491,0.5023965928362022
1-0,1-0,0.00041760144743936174,0.45648896972292485,0.5030137048608504
0-1,1-0,0.0002870040415717771,0.4609959693212531,0.4987218174355688
1-0,1-0,0.0004042142958424843,0.4563379594701221,0.5032070564793629
0-1,1-0,0.000368667524923367,0.45742422110067626,0.5021384549683799
1-0,1-0,0.0003062511007317338,0.4583300951908721,0.5013285080395398
1-0,1-0,0.00033282509484904016,0.45672403424830665,0.5036838984608557
1-0,1-0,0.0003558592340051742,0.4565600549727566,0.5031075052107741
1-0,1-0,0.00030105143808633483,0.4613967319649031,0.49828538383718146
0-1,1-0,0.00028205312235649076,0.4564367200942221,0.5032807500363334
1-0,1-0,0.0002795601779109727,0.46031910484499455,0.4993737705956089
0-1,1-0,0.00029244454257621914,0.46269547732641847,0.496971061961547
0-1,1-0,0.00037330580394630985,0.4563363914641287,0.5032727567470544
0-1,1-0,0.0002817265372281105,0.4564759354393179,0.5032555604983094
0-1,1-0,0.0003464614287393019,0.45679273458172237,0.5028729975059035
0-1,1-0,0.0002759719899705129,0.4608064757773144,0.4988763765726067
0-1,1-0,0.00037696491177011365,0.4562961739350209,0.5032735908364372
0-1,1-0,0.00029985587129399525,0.456616394837928,0.5030875477128582
0-1,1-0,0.0002741954866140131,0.46081516270670186,0.49886228724127485
1-0,1-0,0.00034956843204790204,0.45684667833159937,0.5028548203800923
1-0,1-0,0.000283864085020165,0.4564662820559153,0.5034112954517141
1/2-1/2,1-0,0.0002884078216378434,0.4584048156032455,0.5036195919204204
0-1,1-0,0.0002893133589192687,0.4607531708014782,0.49900154313194484
1-0,1-0,0.00027618228829855195,0.4579013855938659,0.5017982469038452
0-1,1-0,0.0002779826300380052,0.46412243462822983,0.49555263040844555
1-0,1-0,0.0003370071325969368,0.45748397678671926,0.5021797777429773
1-0,1-0,0.00032804165963269883,0.45727785556084843,0.5023364556377545
0-1,1-0,0.00036055529155821456,0.45784642573847595,0.5017689115586695
1-0,1-0,0.00029276304089808155,0.45375031932472354,0.5016222522242954
1-0,1-0,0.00032850544899893454,0.456305845394558,0.5033265399022788
0-1,1-0,0.0002867537722780705,0.4624687234998835,0.5047263172965598
1-0,1-0,0.00037114323809568487,0.4564996109181695,0.5031027823954562
1-0,1-0,0.0002851574394715279,0.45732049153720805,0.5034830417050612
1-0,1-0,0.0003630427608707016,0.45630969618418893,0.5032772055270144
1-0,1-0,0.00030814344587125954,0.46044832790282475,0.49919175266328764
0-1,1-0,0.0003952467600792534,0.45645764759035645,0.5034490613451345
1-0,1-0,0.0002880651832025568,0.4586344278103253,0.5042404560217164
1-0,1-0,0.00034293579155174976,0.4563962929694379,0.5034104284886938
1-0,1-0,0.0002827806686874312,0.45635097511057826,0.5033628886218642
1-0,1-0,0.00029316782482235136,0.4563244187978423,0.5033778858411602
0-1,1-0,0.0002868481022061999,0.4568412731271419,0.5034310728970934
0-1,0-1,0.0003418848816409456,0.47203568841912924,0.47703304105623834
1-0,1-0,0.00036010934718035755,0.4565319074961023,0.5031983961332354
0-1,0-1,0.00027101217830052446,0.4711746178507558,0.48856013235338913
0-1,1-0,0.00035782630953022626,0.45632410792204126,0.5033353458981173
1-0,1-0,0.0003183732929993386,0.4565732733577205,0.5031319564504326
0-1,1-0,0.0004113954692756554,0.45666781202840073,0.502932898901298
1-0,1-0,0.0002910669172606146,0.4691114628984385,0.49786368396337516
0-1,1-0,0.0004043131503269031,0.45656164906530444,0.5031619683650714
0-1,1-0,0.0004070790200425426,0.4568354406976863,0.5026907083168453
0-1,1-0,0.0004086172213059881,0.4568347716718225,0.50266965208699
1/2-1/2,1-0,0.0003409119233148099,0.45791497465661934,0.5017284763260056
0-1,1-0,0.00028448244147825366,0.4567123484448661,0.5035059554327832
0-1,1-0,0.0002759420107804132,0.45718375436234426,0.5029793262893955
1-0,1-0,0.0003048021589290776,0.4603676136388771,0.4993637114170682
1-0,1-0,0.00036712989060980395,0.4563860170556465,0.5032655840890724
1/2-1/2,1-0,0.000275726618484245,0.4609590471206434,0.4983684585314846
1-0,1-0,0.00029727088634359973,0.45858831175100145,0.5010862689670028
1-0,1-0,0.0003134076144885203,0.4567200879330059,0.5029560075834283
1-0,1-0,0.0003022658078379632,0.45646265511065903,0.5032209138208952
1-0,1-0,0.00031350256718483275,0.4588613226109277,0.5007780766843983
1-0,1-0,0.00027650784708829713,0.4619919157562476,0.4976933209358075
0-1,1-0,0.0003854935261359726,0.456457842261276,0.503116703067614
1-0,1-0,0.0002801238259334352,0.4574978995766455,0.5022521877003678
0-1,1-0,0.00028744346214724573,0.4563287359997533,0.5033981376328306
0-1,1-0,0.00038941191314339964,0.457034597164158,0.502510268257263
1-0,1-0,0.000339599463795345,0.45757610415405403,0.5020200901081548
1-0,1-0,0.0002834839547514848,0.460543500214179,0.49916106557223294
1-0,1-0,0.0002871804527507464,0.4563805524344346,0.5033597827291766
0-1,1-0,0.0002880989824285347,0.4578013921330654,0.5041394112051342
1-0,1-0,0.00027903435657585315,0.45838115070825963,0.5013215657885051
1-0,1-0,0.00028400950674602643,0.4567291826556866,0.5032020614422674
1-0,1-0,0.0002819145758451516,0.456648119520789,0.503308470222828
0-1,1-0,0.0002903196217291996,0.462581165000742,0.5021397871128092
1-0,1-0,0.00028621145623123945,0.45671818383506063,0.5033468830134975
1-0,1-0,0.0002963394390126181,0.45630885510344177,0.5033809999163942
1-0,0-1,0.0002964587325709987,0.4723487973005116,0.4868961244498024
0-1,1-0,0.00032178101848570666,0.45798072429973097,0.5017421013551423
0-1,1-0,0.00027671559209277387,0.4560229371665565,0.5034657373243608
0-1,1-0,0.000384558534816655,0.45689810756088606,0.5026653961936595
0-1,1-0,0.0003793978210728957,0.45631387343496443,0.5032908353310201
1-0,1-0,0.00028651264001741466,0.457173393821267,0.503629247355885
1-0,1-0,0.0003861268140136253,0.45629612480118503,0.5032752046141816
0-1,1-0,0.0003783971265395149,0.45730085001390186,0.5022469992144816
0-1,1-0,0.0002761371442459867,0.4578597659683243,0.5018591675715394
1-0,1-0,0.000287150464868096,0.4567019617822477,0.5033697099182518
1-0,1-0,0.0003401723992221647,0.45853788576285015,0.5011314730700206
1-0,1-0,0.00029867497841379504,0.4635674038775059,0.4960641186942698
0-1,0-1,0.0003010624348930197,0.47630818964228,0.48070972861478245
1-0,1-0,0.000331905331175471,0.45803574191538743,0.5016586185482969
1/2-1/2,1-0,0.0003595878822596792,0.45739880631629437,0.5022204402923999
0-1,1-0,0.0003730292625797622,0.4566615643417345,0.502933942767828
0-1,1-0,0.0003618777134654226,0.45647521311433736,0.5034669361595328
1-0,1-0,0.0002986765033823192,0.45779844995218477,0.5018601466729206
1-0,1-0,0.00031207283343912613,0.456706796963989,0.5029810116799044
0-1,1-0,0.000280225664586902,0.4568060283636545,0.5036880283873493
0-1,1-0,0.0003348890356798413,0.45878707784509876,0.5008934996037134
0-1,1-0,0.0003860337560180995,0.45641241194924637,0.5033641052089763
0-1,1-0,0.00035542736485822833,0.4571741100495663,0.5024457493412969
0-1,1-0,0.0002825886808922391,0.4564054285108499,0.5032991431824255
0-1,1-0,0.0003738481264718769,0.45632520265373216,0.5032674888194114
1-0,1-0,0.0003460199763310444,0.45638782619483337,0.5032400456221646
1/2-1/2,1-0,0.0003122608029675798,0.44951219359004835,0.49842934157884644
1-0,1-0,0.00028484525645203207,0.4583425511938127,0.503560202793381
0-1,1-0,0.00036948182222593627,0.457570743311063,0.5020226013461053
1-0,1-0,0.0002796736876779362,0.4567816982300178,0.5029838470928415
1-0,1-0,0.0002851295287382697,0.4564448874472115,0.503390708244084
1-0,1-0,0.00039094933357768276,0.45629539641134703,0.5032549622882613
1-0,1-0,0.00041639046982778864,0.45651110406180145,0.5034167044121824
0-1,1-0,0.0003228836310460973,0.4564534629677759,0.5034311324030356
1-0,1-0,0.0003462827417088073,0.4580377496870362,0.5015831221612224
0-1,1-0,0.0002886821140221452,0.456302855699205,0.5033521741570957
1-0,1-0,0.0002831904177935788,0.4564887709094855,0.5034027024363433
0-1,1-0,0.00041907430150086043,0.45668913405803996,0.502834097720322
0-1,1-0,0.0003104463487592427,0.45643662261670426,0.5033971121484438
1-0,1-0,0.0002879937332963992,0.457553292764629,0.5021540966410011
0-1,1-0,0.00028942197145616035,0.45633730285784185,0.503344695398367
0-1,1-0,0.00028942441216243356,0.4595561583331449,0.5028384795696436
1-0,1-0,0.00033922321685981297,0.45661946686997346,0.5030011980890748
1-0,1-0,0.000335700169824008,0.45823016102824105,0.5014082553150263
0-1,1-0,0.0003597087087722865,0.4565101793932877,0.5031506279589318
0-1,1-0,0.0003857661912323771,0.4562968274984328,0.5032821023382941
1/2-1/2,1-0,0.0004307843901950685,0.4466662686735421,0.4928864382383256
0-1,1-0,0.00039299737845836764,0.4570919425160392,0.5024336596953164
1-0,1-0,0.0002799058056068262,0.45687370490628504,0.5028241162715388
0-1,1-0,0.000371667459739407,0.4575573090077347,0.5020214200370657
1-0,1-0,0.0003365588089853316,0.45663374014951197,0.5030317778454713
1-0,1-0,0.0003814234625707581,0.4563986706191678,0.5032939103566032
1-0,1-0,0.00029781022055219475,0.4618617780022347,0.49783281191078915
1-0,1-0,0.00027812762246334457,0.45721872242019374,0.5025143770476602
1-0,1-0,0.00034529298999884964,0.4579425341192892,0.5016709046204787
0-1,1-0,0.0002854861058726138,0.4564172898485977,0.5033695349260324
0-1,1-0,0.00031884805245621975,0.4564736512579296,0.5032857937487152
0-1,1-0,0.000295295942618182,0.4612694007374892,0.4984132519254453
1-0,1-0,0.00032148123927575246,0.4594304680000398,0.5002789443909689
0-1,1-0,0.0003339681522020576,0.4587734134679924,0.5009046291569889
0-1,1-0,0.00041642134932728226,0.4564542336358875,0.503277125763056
0-1,1-0,0.00032646051091775877,0.4563064940014594,0.5033452552767965
1-0,1-0,0.000290269728655875,0.4563923154244935,0.5033607547466636
1-0,1-0,0.00030132457580724233,0.4563091075709537,0.5033624729513024
1-0,1-0,0.00040965518048050736,0.4568082745306816,0.502716321568279
1/2-1/2,1-0,0.00028236176835041353,0.4564665317744924,0.5033175225579519
1-0,1-0,0.0004115796913272208,0.4567301147601233,0.5027691675159606
1-0,1-0,0.00033981226252848484,0.45847812703470353,0.5011886926776687
0-1,1-0,0.00032132007509724184,0.4570399196227377,0.5025757779521896
0-1,1-0,0.0002837118702846392,0.4563562801377959,0.5033327957582274
1-0,1-0,0.000269528736420671,0.4667330850775761,0.49293907846611246
1-0,1-0,0.00032510315914441594,0.4588716326213852,0.500752054781128
1-0,1-0,0.00035627071134017904,0.4572229756072754,0.5023496601651272
1-0,1-0,0.0003591133614934971,0.45697491112541416,0.5026390584689752
0-1,1-0,0.0002930241710855335,0.45770650198202184,0.5019708453882469
0-1,1-0,0.0003086358596880927,0.4576457149381629,0.5019902072704107
1/2-1/2,1-0,0.0003202096184572697,0.45777584356563544,0.5019488743913563
0-1,1-0,0.000385637665892065,0.4564690199949327,0.5031045949961601
0-1,1-0,0.0003075009599747721,0.45879524836401403,0.5008953598393577
1-0,1-0,0.00028150539539456484,0.4571484164260529,0.5026475931090023
1/2-1/2,1-0,0.0002850680982405511,0.46395865068928105,0.49571480206623336
1-0,1-0,0.0003261510827830322,0.4584497764648639,0.5012493122264554
1-0,1-0,0.0003965302761566108,0.4563073600203058,0.5032321628439841
1-0,1-0,0.00042100916248928604,0.4566308775899739,0.5029530774034691
1-0,1-0,0.00028090819357113787,0.4570690167030397,0.5027415210959816
1-0,1-0,0.00036082350878068937,0.45630648375927485,0.5033342738835925
1-0,1-0,0.0004030261604222136,0.4565361225287835,0.5035417450579155
1-0,1-0,0.0002926027678134931,0.4563041790257013,0.5038151659809523
1-0,1-0,0.0003002098722997555,0.4566233474643393,0.5030800916171273
0-1,1-0,0.0003604113158180463,0.45666911857616793,0.5036496842507301
0-1,1-0,0.0002841462348634594,0.4563534312433769,0.5033794433927891
0-1,1-0,0.00037010257285976654,0.45695744687829526,0.5026154827863201
0-1,1-0,0.00027395329708924444,0.4652429965657189,0.4944121291565576
0-1,1-0,0.0003268708020092081,0.4583950905816187,0.501224048007888
1-0,1-0,0.00040205060579737417,0.45656583684128604,0.5029566566563383
1-0,1-0,0.0002709487032279694,0.46300635472746715,0.49667101772308003
1-0,1-0,0.00032400924216425994,0.4594004508911421,0.5002981297167299
1-0,1-0,0.0003436862595218909,0.4584319873046729,0.501228700164203
0-1,1-0,0.0002902450869704282,0.45886011530015314,0.5029758679241771
1-0,1-0,0.00035159052712400876,0.45773220847516904,0.5018624656487807
0-1,1-0,0.00032356522583807773,0.45475855626604156,0.49607426802199006
1/2-1/2,1-0,0.0002947952252024493,0.4570800330156902,0.5023179780380315
1-0,1-0,0.0003019335647630855,0.45965061769474075,0.49638585744964736
0-1,1-0,0.000404105396900947,0.45664794233179434,0.502866570493287
0-1,1-0,0.00027798086375514585,0.45738989685844467,0.5023434389107232
1-0,0-1,0.0002709745801617717,0.4678989281401403,0.4917577097400516
1-0,1-0,0.00028996946303360994,0.456743651645217,0.5031876714755755
0-1,1-0,0.00027858209345447217,0.45724652490738305,0.5025063812313715
0-1,1-0,0.0003081115549662068,0.4602151401225104,0.4995140074352053
0-1,1-0,0.0002875207849024382,0.45639894857302626,0.5033499166455262
