y_true,y_pred,prob_1-0,prob_0-1,prob_1/2-1/2
0-1,1-0,0.0,0.4457208078349437,0.44714857107458594
0-1,0-1,0.0,0.4979786639499725,0.48542057925537135
1-0,1-0,0.0,0.46838922684681167,0.5219211438817806
1-0,0-1,0.0,0.532282423937198,0.42928648844238054
0-1,1-0,0.0,0.4642426106477486,0.5161204585357282
0-1,1/2-1/2,0.0,0.2671908578829017,0.2699439581667251
1-0,0-1,0.0,0.4297017281752385,0.3928414100615263
1/2-1/2,1-0,0.0,0.3899041237427629,0.5885716354484841
0-1,1-0,0.0,0.4763202067870358,0.5133318859873217
1-0,0-1,0.0,0.5211624635840738,0.46332912347260474
1-0,1-0,0.0,0.4882746931237042,0.5000884518706252
0-1,0-1,0.0,0.5222956218810152,0.4563483910459415
1-0,1-0,0.0,0.4450923802465692,0.544139380258275
1-0,0-1,0.0,0.4925187746953054,0.475782507425751
1-0,1-0,0.0,0.4894286459917472,0.4924013974413424
0-1,1-0,0.0,0.4881654955542411,0.49415320249991584
0-1,0-1,0.0,0.4813498108030163,0.47411097566991595
1-0,1-0,0.0,0.47024243831173707,0.5146288940210487
0-1,0-1,0.0,0.5321648835189353,0.44341229942326865
1-0,1-0,0.0,0.42156577040202553,0.5730888699068638
0-1,1-0,0.0,0.48143658588795235,0.49562000781783194
0-1,0-1,0.0,0.4803885531627565,0.4787485641164546
0-1,1-0,0.0,0.4933049551524205,0.49527968855060633
1-0,1-0,0.0,0.48628240414677576,0.49307487253457943
0-1,1-0,0.0,0.436620927786427,0.5523593073404373
0-1,0-1,0.0,0.4995465618643805,0.48653150994601313
1-0,1-0,0.0,0.34678126577812085,0.4045226267491496
0-1,1-0,0.0,0.4431737377129603,0.5238990486113361
0-1,1-0,0.0,0.4593290585518035,0.4976837796093032
0-1,0-1,0.0,0.5419843539631284,0.4375672020856033
0-1,1-0,0.0,0.4849271458370502,0.5039843877398539
0-1,1-0,0.0,0.40879265577748664,0.5244885714903565
0-1,1-0,0.0,0.4631190815267904,0.5151871220112196
1-0,1-0,0.0,0.46097820449919874,0.5014381576872721
1-0,1-0,0.0,0.45709355118223627,0.49497294889372906
0-1,1-0,0.0,0.48070649766147916,0.5078934248405024
0-1,0-1,0.0,0.5090125671651113,0.47549237216440027
0-1,0-1,0.0,0.5114848197016099,0.47314417143163734
1-0,0-1,0.0,0.4687144804141107,0.4590183102525022
0-1,1-0,0.0,0.40911042601185876,0.47545876734989845
0-1,0-1,0.0,0.5743284360401638,0.41080929793260834
1-0,1-0,0.0,0.48540582969926904,0.5001018236374725
0-1,1-0,0.0,0.47351285487874445,0.5132367080844717
1-0,1-0,0.0,0.45783672694123406,0.527061573476236
1-0,1-0,0.0,0.41137968117974444,0.5402849048546893
1-0,1-0,0.0,0.4506225080491555,0.5378690467129592
1-0,0-1,0.0,0.506515455054712,0.4269528122235531
0-1,1-0,0.0,0.46895323628208213,0.5139205091952459
0-1,0-1,0.0,0.5012083109029895,0.44560900677039444
1-0,1-0,0.0,0.4795058775871563,0.5037787637271104
0-1,1-0,0.0,0.40336303577113686,0.5867204923669765
1-0,0-1,0.0,0.4435726780402639,0.3317896576803593
0-1,0-1,0.0,0.5083040432659778,0.4640032203875843
1-0,1-0,0.0,0.4486332272125759,0.5447531872683183
1-0,1-0,0.0,0.4885698468820769,0.49445187057486906
1-0,1-0,0.0,0.42966125892326307,0.5629667876529366
0-1,1-0,0.0,0.4216704672944481,0.5717333325093015
0-1,0-1,0.0,0.49691383915691306,0.4829851677052438
0-1,0-1,0.0,0.45340728604849184,0.382735471977826
0-1,0-1,0.0,0.48462424001852517,0.4786017260738237
0-1,1-0,0.0,0.43662286738683287,0.5506974975553882
0-1,1-0,0.0,0.468891352569544,0.5160804096021856
1/2-1/2,1-0,0.0,0.4749541186767568,0.5131610663185113
0-1,1-0,0.0,0.3801081174968917,0.5499783210222546
1-0,1-0,0.0,0.48055952693592174,0.5016535294561204
0-1,1-0,0.0,0.32799166395484736,0.6672546807647926
1-0,1-0,0.0,0.4914104882625416,0.49842984017677894
1-0,1-0,0.0,0.4803323145757248,0.5053554363885092
0-1,1-0,0.0,0.4330954514743268,0.4858982219128922
1-0,1-0,0.0,0.4267947234058438,0.4473204571410836
1-0,0-1,0.0,0.4915492163085262,0.45377338152794505
1-0,1-0,0.0,0.4891395357129997,0.4929195289277939
0-1,1-0,0.0,0.37489938354980457,0.612879360050943
1-0,1-0,0.0,0.4879588375895945,0.49393570748195287
0-1,1-0,0.0,0.488751377861858,0.49989183233974
1-0,0-1,0.0,0.5017709347052783,0.48742697251919515
1-0,1-0,0.0,0.4331817660915814,0.4816504538690811
1-0,0-1,0.0,0.5454778814071567,0.4376857590053855
1-0,0-1,0.0,0.5249168056161029,0.45975754357379045
1-0,1-0,0.0,0.46824734657760764,0.5114648165429524
1-0,0-1,0.0,0.503190947775992,0.4880861847493766
1-0,1-0,0.0,0.46613863195007477,0.525806860286777
1-0,1-0,0.0,0.462825125746455,0.5270142964534535
1-0,0-1,0.0,0.43702722054742077,0.42520432104127553
1-0,1-0,0.0,0.4684883483195561,0.5002116954773468
1/2-1/2,1-0,0.0,0.3812565008136039,0.4618099953516445
0-1,0-1,0.0,0.49548128857257817,0.4942313441715655
1-0,0-1,0.0,0.47953257108043285,0.45875993460184683
1-0,1-0,0.0,0.3635565502624526,0.629087685743366
0-1,0-1,0.0,0.5361348391467134,0.45394306700654263
0-1,0-1,0.0,0.4859553348333431,0.4838114914065128
1-0,1-0,0.0,0.47912101109509053,0.5102700952362319
1-0,0-1,0.0,0.5986030976552931,0.39391348003657417
1-0,0-1,0.0,0.47246752592046304,0.43249700311565237
0-1,1-0,0.0,0.10752792246794284,0.8924157745057865
1-0,0-1,0.0,0.5380852989227889,0.4311272237774836
0-1,0-1,0.0,0.5036564271534606,0.4818708815296793
1-0,1-0,0.0,0.4616387454627077,0.4866320577842571
0-1,1-0,0.0,0.49214861575178076,0.49571861955243857
1-0,1-0,0.0,0.13260198772542742,0.8662875481209135
0-1,0-1,0.0,0.5753781101778884,0.4123710667605335
0-1,1-0,0.0,0.30393921446792316,0.6937741729952804
1-0,1-0,0.0,0.34759481906577105,0.6084386227735697
0-1,0-1,0.0,0.5285701509668822,0.4616994128874819
1-0,1-0,0.0,0.3786395492166127,0.5103918402323928
0-1,1-0,0.0,0.4868835583190122,0.5014182898507274
0-1,1-0,0.0,0.4288201985868421,0.5524058917478923
0-1,0-1,0.0,0.518720484335872,0.44304284065583893
1-0,0-1,0.0,0.46782087394720107,0.4435182801145764
1-0,1-0,0.0,0.43584397993650775,0.5549007450886468
1-0,1/2-1/2,0.0,0.2016915009552305,0.1953584524840993
0-1,1-0,0.0,0.4576060300138554,0.5343581626413333
1-0,1-0,0.0,0.49010355097921837,0.49246245430354724
0-1,0-1,0.0,0.5048320546953977,0.4840142400908684
0-1,1-0,0.0,0.43441443415982545,0.5491957583598394
1-0,0-1,0.0,0.5356903712667357,0.4553120176509208
0-1,0-1,0.0,0.5012405176733116,0.4820903630638604
1-0,1-0,0.0,0.38819800425450335,0.5117739985814252
0-1,1-0,0.0,0.40014341340875553,0.5457442087323918
0-1,0-1,0.0,0.49908792466982443,0.48621930523975415
1-0,0-1,0.0,0.5150685424000878,0.4670316400837682
1-0,0-1,0.0,0.5051831738106196,0.47860649512163805
0-1,1-0,0.0,0.4863834343161656,0.5013213483589128
0-1,1-0,0.0,0.46191210088991735,0.4704351720690162
1/2-1/2,1-0,0.0,0.36269029174260703,0.5347741644022491
1-0,1/2-1/2,0.0,0.21305296582102737,0.22907946191177733
1-0,1-0,0.0,0.46450456769349574,0.4745410841783849
0-1,1-0,0.0,0.35635375815370485,0.6380881613790788
0-1,0-1,0.0,0.5389039776275609,0.41723398631399083
0-1,1-0,0.0,0.4493738432729543,0.5335155897459121
0-1,0-1,0.0,0.5049216421979812,0.48529669723658214
0-1,1-0,0.0,0.45424403870100816,0.5378976017754425
0-1,1-0,0.0,0.4356326115276,0.5076028184369117
1-0,1-0,0.0,0.4723580138025255,0.5186376468407256
0-1,0-1,0.0,0.531799208434094,0.40817041325579745
1-0,1-0,0.0,0.47278867892831367,0.5155726997356143
1-0,1-0,0.0,0.43521082021854623,0.4771522775799283
0-1,0-1,0.0,0.4925953468885984,0.4746137574124783
0-1,1-0,0.0,0.4377904538627658,0.5358111129305908
1-0,0-1,0.0,0.4740837535315294,0.4198805971089295
0-1,1-0,0.0,0.06429144139213054,0.9356976863148598
0-1,0-1,0.0,0.6092771940807717,0.38643224269872645
0-1,1-0,0.0,0.48672255347489457,0.4871707221579765
0-1,0-1,0.0,0.43640101838952616,0.38737297392452036
0-1,1-0,0.0,0.37716967397244044,0.6111911740306287
1-0,1-0,0.0,0.4472578684529261,0.4712453314989783
0-1,1-0,0.0,0.4708138383667792,0.5176629435721408
1-0,0-1,0.0,0.4905091460833795,0.4828279366501419
1-0,1-0,0.0,0.4497940839219932,0.5033728094178048
1-0,1-0,0.0,0.44561643704624493,0.5002318485296718
1-0,1-0,0.0,0.45779137666072806,0.5308818416272701
1-0,1-0,0.0,0.4807280798523254,0.4939403940402292
0-1,0-1,0.0,0.49551779181573147,0.48923468720829594
1-0,1/2-1/2,0.0,0.015482290534253854,0.015710417320366224
1-0,0-1,0.0,0.5188451462063942,0.4471613631456732
1-0,1-0,0.0,0.44984589449373136,0.520803472643741
0-1,1-0,0.0,0.48478370400543946,0.49162344326842183
0-1,1-0,0.0,0.48664910097831815,0.5021404942227705
1-0,1-0,0.0,0.39787101039078304,0.5755320858334014
0-1,0-1,0.0,0.48521878280349956,0.4523461220882023
1-0,1-0,0.0,0.4359393299977214,0.5465433599415987
1-0,0-1,0.0,0.4919434589696652,0.4870946997835901
1/2-1/2,1-0,0.0,0.4254513187541575,0.5188403076461495
1-0,1-0,0.0,0.4750290634204114,0.5178013102018406
1-0,1-0,0.0,0.4648998162026121,0.5283946508036915
0-1,0-1,0.0,0.5420016827788217,0.4149326503635428
0-1,1-0,0.0,0.4691923476211037,0.47485508007619304
1-0,1-0,0.0,0.4762873741530395,0.5128910120018642
0-1,1-0,0.0,0.35046901057873175,0.6401154377626205
0-1,1-0,0.0,0.4871429499062241,0.5034380947946923
0-1,1-0,0.0,0.33551323401494454,0.6547681616840513
1-0,1-0,0.0,0.46189895902813405,0.52884444376248
0-1,0-1,0.0,0.5276686170139158,0.4444187579583669
0-1,1-0,0.0,0.4481554277059842,0.538590145996822
0-1,1-0,0.0,0.44167741159524,0.5338467812124549
0-1,1-0,0.0,0.2714744569036054,0.3820333554332577
0-1,1-0,0.0,0.4707597142401298,0.5074652248073562
0-1,1-0,0.0,0.38336694562383583,0.43295573320400393
1-0,1-0,0.0,0.4746644219184113,0.47604172045096027
1-0,1-0,0.0,0.41882817510456666,0.41932477374569194
1-0,0-1,0.0,0.5156016531633034,0.45362653211076875
1-0,1-0,0.0,0.4436327996937143,0.5413404301432331
1/2-1/2,1/2-1/2,0.0,0.005134990209629254,0.004704055733799197
0-1,0-1,0.0,0.470594467868374,0.44668700016699847
0-1,1-0,0.0,0.46346963486288734,0.5292529242162032
1-0,1-0,0.0,0.4515221397829756,0.5316641864418439
0-1,1-0,0.0,0.4340524927905177,0.552254435154418
1-0,0-1,0.0,0.4880451597385091,0.48691388709255934
1/2-1/2,1/2-1/2,0.0,0.27015276410861544,0.3031469281399625
1-0,1/2-1/2,0.0,0.27474574160018633,0.24901088257458143
1-0,1-0,0.0,0.46702568125919874,0.5226192574208174
0-1,1-0,0.0,0.42658567080033466,0.5670855965682049
1-0,0-1,0.0,0.5312027380024533,0.4478933165001372
1-0,0-1,0.0,0.506487063594957,0.48495469462778307
1-0,0-1,0.0,0.49366376410591284,0.48771895302527507
1-0,1-0,0.0,0.36502096445668414,0.6288440409995388
0-1,1-0,0.0,0.480888544238611,0.5052607268545943
1-0,1-0,0.0,0.4150952903078034,0.5477145623786217
1-0,0-1,0.0,0.5029596334125305,0.4696741396100094
0-1,1-0,0.0,0.46737822454085415,0.5168575898601484
1-0,0-1,0.0,0.5147686466379126,0.47446054830001305
1-0,1-0,0.0,0.4779412303803981,0.5120534897558084
0-1,1-0,0.0,0.4879577924391684,0.4955422564276151
1/2-1/2,1-0,0.0,0.33190647265687856,0.3422707330073456
1-0,1-0,0.0,0.45778021440911537,0.5308915426845524
1-0,1-0,0.0,0.45748790245279947,0.524091316709939
1-0,1-0,0.0,0.45344481306263684,0.5318964383001561
0-1,0-1,0.0,0.5083728956275458,0.47182678743973333
0-1,1-0,0.0,0.38486096462670166,0.6100427655046844
0-1,0-1,0.0,0.5001316699321184,0.4746101966901276
1-0,0-1,0.0,0.5417586179025942,0.43861224782783276
1-0,0-1,0.0,0.5166113936748848,0.47163355047431227
0-1,1/2-1/2,0.0,0.30415151365887,0.26400657860231996
0-1,0-1,0.0,0.5022617478984027,0.4762170011055315
1-0,0-1,0.0,0.4549205962135646,0.4034182653353312
0-1,1-0,0.0,0.449092420460763,0.5236504956233112
1-0,0-1,0.0,0.5121097387031834,0.46627841881532556
0-1,0-1,0.0,0.5642748998194429,0.4147406113769343
0-1,0-1,0.0,0.4956922830361802,0.4945595852997973
0-1,1-0,0.0,0.45565188090832376,0.512906797769965
0-1,1-0,0.0,0.476371154131077,0.5129025533990428
0-1,0-1,0.0,0.510251756025897,0.47144466570108734
1-0,1-0,0.0,0.4793871975674108,0.5013090582596902
1/2-1/2,0-1,0.0,0.4864317936810143,0.4531207074731871
1-0,0-1,0.0,0.4936481459658838,0.4801732196224994
1-0,1-0,0.0,0.37129561325569815,0.622086551223362
1-0,0-1,0.0,0.5236423257160935,0.4516362576138057
1-0,1-0,0.0,0.4713304427971036,0.5027773553665518
0-1,0-1,0.0,0.5291766357635957,0.4418650241498566
0-1,0-1,0.0,0.5575073403325933,0.4311257419920845
0-1,0-1,0.0,0.47781919940297357,0.4161089735367302
1-0,1-0,0.0,0.4509997132847112,0.4793018067633192
0-1,1-0,0.0,0.46411241114099755,0.5229306396486337
0-1,1-0,0.0,0.46983508924073136,0.5203179281017541
1-0,1-0,0.0,0.43463559011609704,0.5147915114995153
1-0,1-0,0.0,0.3948661041775108,0.5876761433732379
0-1,0-1,0.0,0.5184634208438287,0.46434340387623974
1-0,1-0,0.0,0.46545826434930143,0.5188861937365368
0-1,0-1,0.0,0.5363107600016983,0.4536650244571876
0-1,0-1,0.0,0.45624317875656517,0.43366135267955325
1-0,1-0,0.0,0.4613114630618544,0.512103315391949
1-0,1-0,0.0,0.48165967885077665,0.5058125963126808
0-1,0-1,0.0,0.5356929871518138,0.4443303673478224
1-0,0-1,0.0,0.5386587467421475,0.4502294945850698
1-0,1-0,0.0,0.3287775711485641,0.6688820074530802
1-0,0-1,0.0,0.5275802756146014,0.4625231581764018
1-0,1-0,0.0,0.005210948555332603,0.9947890454851218
0-1,1-0,0.0,0.46086128857606834,0.5025370762176694
1-0,0-1,0.0,0.4876876872798933,0.4505766089065956
0-1,1-0,0.0,0.4231171459653881,0.4284789491757867
0-1,1-0,0.0,0.48581052901926775,0.49486273346728094
0-1,0-1,0.0,0.45065920801192855,0.4458530274815714
0-1,0-1,0.0,0.5151684721058919,0.4695035479809043
1-0,1-0,0.0,0.4846809221178735,0.5059485475001751
0-1,1/2-1/2,0.0,0.2518047689671189,0.2123242569842424
0-1,1-0,0.0,0.48371329183322764,0.50495670219954
0-1,1-0,0.0,0.4806425891597009,0.49541168881440045
1/2-1/2,0-1,0.0,0.4882072441797751,0.4717068799286406
1-0,1-0,0.0,0.32765865523567705,0.6671732261237087
1-0,0-1,0.0,0.5278383818302734,0.43661830286417125
1-0,0-1,0.0,0.48458704813935616,0.4380427817968495
0-1,1-0,0.0,0.46353935023818305,0.508074639456378
1-0,1-0,0.0,0.40199940565457304,0.5752250033912443
0-1,1-0,0.0,0.36238954684890956,0.5787253814621344
0-1,1-0,0.0,0.4747034440378191,0.5009665934818582
0-1,0-1,0.0,0.3412323291920378,0.33435305607406374
1-0,1-0,0.0,0.42102615582830305,0.572426271784674
1-0,1-0,0.0,0.44908295595144343,0.5257532216028998
1-0,0-1,0.0,0.5591655368513389,0.42988990073515715
1-0,0-1,0.0,0.5056041484636049,0.46754348914224914
0-1,1-0,0.0,0.46358183903051065,0.524219507697868
0-1,1-0,0.0,0.49027767919022164,0.4921963567665215
0-1,1-0,0.0,0.483016222210745,0.4832575187524781
1-0,1-0,0.0,0.41782104136288634,0.5377152032726933
1-0,1-0,0.0,0.4918635339388064,0.4987311296088398
0-1,0-1,0.0,0.5964274364524673,0.39488438846922397
1-0,0-1,0.0,0.5110265497954286,0.47780335549876707
1-0,1-0,0.0,0.4535064957068811,0.5378987377774457
1/2-1/2,1-0,0.0,0.48512078624153426,0.48894044234368644
0-1,1-0,0.0,0.44967103086504534,0.5299142846863507
1-0,1-0,0.0,0.4555958509914154,0.4784970044795933
0-1,1-0,0.0,0.4734383583483457,0.5090592386658315
0-1,1-0,0.0,0.4821778991779534,0.49687957601686156
1-0,0-1,0.0,0.5334402632746544,0.44028418453631923
0-1,0-1,0.0,0.5519569135750233,0.4241058627969283
0-1,0-1,0.0,0.421729096539,0.4117410866389757
0-1,1-0,0.0,0.48581074507395294,0.4994699434110198
0-1,0-1,0.0,0.5037477886098662,0.4022577456686963
0-1,1-0,0.0,0.4683274036665915,0.5169701418342763
1-0,1-0,0.0,0.41510503836544754,0.5757161571786764
1-0,1-0,0.0,0.2721176594861674,0.7262138393334501
1-0,1-0,0.0,0.4113797297601438,0.5685872355009475
0-1,1-0,0.0,0.3216978516500512,0.35834728672382254
1-0,0-1,0.0,0.5041479824967545,0.47820087567230024
1-0,0-1,0.0,0.5448042448979185,0.4377545473428961
0-1,1-0,0.0,0.48854665959067123,0.4986204425985637
0-1,1-0,0.0,0.4660882345295943,0.5263139428086265
1-0,1-0,0.0,0.4764056657232561,0.5138336262426791
0-1,1-0,0.0,0.4564136802765463,0.4731145477086407
1-0,0-1,0.0,0.4781867298969721,0.4612657803426009
0-1,0-1,0.0,0.532635877285386,0.4425739448582318
0-1,0-1,0.0,0.4830516716982748,0.4770489282959038
1/2-1/2,1/2-1/2,0.0,0.0647314843617394,0.07851890775993813
1-0,1-0,0.0,0.49309600916016144,0.4963791435195979
1-0,1-0,0.0,0.4593940745922706,0.5310278326589588
1-0,1-0,0.0,0.4037500764365923,0.5522401735283565
1-0,1-0,0.0,0.4701180059410473,0.5206213759806836
0-1,0-1,0.0,0.5011668495422343,0.4834152334201722
1-0,0-1,0.0,0.5042278375886251,0.4451111219005235
1-0,1-0,0.0,0.457050227314577,0.5097365244851096
0-1,1-0,0.0,0.47964834507421156,0.5066577641336951
0-1,1-0,0.0,0.41385947259290096,0.5467638532820291
1-0,1-0,0.0,0.46092359912125125,0.5264264361431289
0-1,1-0,0.0,0.38734818241035907,0.4884922886748526
0-1,1-0,0.0,0.44468203392102684,0.48218380972481767
0-1,1-0,0.0,0.48535481684480725,0.4882723731210926
1/2-1/2,1-0,0.0,0.3163243704466842,0.6816141183729656
1-0,1-0,0.0,0.4488366405417033,0.5395491614549183
1-0,1-0,0.0,0.4763754545296496,0.507373974772126
1-0,1-0,0.0,0.46640688673224395,0.4792134266624876
0-1,0-1,0.0,0.5415635126584086,0.4485141744665781
0-1,0-1,0.0,0.49216437483214664,0.4601638940892926
1-0,0-1,0.0,0.5114564252290493,0.4216125181267188
1-0,1-0,0.0,0.4463688238049276,0.5471320494794052
0-1,1-0,0.0,0.46242361939734716,0.510073810145407
1-0,1-0,0.0,0.4640853514935424,0.5278291869565309
0-1,1-0,0.0,0.3350941135481004,0.6601594574438633
1-0,1-0,0.0,0.4772615390968678,0.509874594124716
1-0,1-0,0.0,0.22602137600151911,0.7727641325498199
0-1,1-0,0.0,0.47941504949811414,0.5025637231064124
0-1,0-1,0.0,0.5223583538800763,0.4619242936132317
1-0,0-1,0.0,0.48722324282592755,0.4832541373110724
0-1,1-0,0.0,0.40299951831828523,0.5556918485614388
1-0,1-0,0.0,0.4611462787521731,0.5303555422021727
0-1,1-0,0.0,0.4674896533607463,0.5244458091282173
0-1,0-1,0.0,0.49467559530691263,0.4923983828849373
1-0,1-0,0.0,0.49086594366907443,0.49574235468796257
1-0,0-1,0.0,0.5324198846303113,0.45208752460972895
0-1,1-0,0.0,0.4423641971511624,0.5431151633903231
1-0,0-1,0.0,0.48411163917274874,0.4819773666556784
1-0,1-0,0.0,0.4660756271020328,0.5174066277244587
0-1,0-1,0.0,0.5002008825821476,0.4763799023368787
1-0,1-0,0.0,0.21918280780814173,0.7794125314085208
1/2-1/2,0-1,0.0,0.5073677839956225,0.466056794865287
0-1,1-0,0.0,0.48861891541097063,0.5018230498188218
1-0,1-0,0.0,0.4428190948834726,0.5473541670109273
0-1,1-0,0.0,0.48298703547390176,0.502239389481122
0-1,1-0,0.0,0.4755605118158327,0.5160756808881634
1-0,0-1,0.0,0.5021882824032897,0.38773943531376354
1-0,1-0,0.0,0.408160082395081,0.5002369694374363
1-0,1-0,0.0,0.4273326885723411,0.5629655311845034
1-0,0-1,0.0,0.5250109411080003,0.4616517568877797
1-0,1-0,0.0,0.431969822045088,0.556958092313094
1-0,1-0,0.0,0.48507247396320397,0.5045819161896735
0-1,1-0,0.0,0.4936563047546462,0.4973278371786826
1/2-1/2,1-0,0.0,0.4431618697577505,0.4964819704969579
0-1,1-0,0.0,0.4352914388407716,0.46070689024312267
0-1,1-0,0.0,0.41599984326934825,0.4806397477954967
0-1,0-1,0.0,0.5024729190985429,0.4789958033407176
1-0,0-1,0.0,0.49791883194887887,0.4918646300277036
1-0,0-1,0.0,0.5085077091523246,0.47369064302730407
0-1,1-0,0.0,0.44227090664368546,0.5277338942805043
1-0,1-0,0.0,0.4646804901802234,0.5226244598985674
1-0,1-0,0.0,0.47805694519879055,0.506383760109533
0-1,1-0,0.0,0.4593591772738772,0.5082107334012018
0-1,0-1,0.0,0.5630067178288979,0.42570398722600006
1-0,1-0,0.0,0.4542715907169975,0.538442972108075
1-0,1-0,0.0,0.45144963350763595,0.5212791393362031
1-0,1-0,0.0,0.1766874800051976,0.8220846044989183
1-0,1-0,0.0,0.4883966388473747,0.49144947582621473
0-1,1-0,0.0,0.41354158288184223,0.5715796472529071
1-0,1-0,0.0,0.45108157327950743,0.5382779009781506
1-0,0-1,0.0,0.5302584429303817,0.4510125149897672
1/2-1/2,1/2-1/2,0.0,0.0011136097241146255,0.0010429300888814058
0-1,1-0,0.0,0.4329333432057381,0.5608858601274027
0-1,1-0,0.0,0.44701004252043186,0.5292597009567767
0-1,1-0,0.0,0.4531235963611175,0.5346998978741192
1-0,1-0,0.0,0.43242901849282245,0.5531184175903454
1-0,1/2-1/2,0.0,0.11023156652382378,0.11843000246849093
1-0,0-1,0.0,0.467138728918789,0.4538396814448772
1-0,1-0,0.0,0.3948929167524801,0.43715784660976764
1/2-1/2,0-1,0.0,0.3744874803411493,0.33149471087058285
1-0,1-0,0.0,0.47700488666445406,0.5137126870629288
1-0,1-0,0.0,0.481038758289916,0.5043833479204352
1-0,1-0,0.0,0.48371574935770295,0.4869487499349711
0-1,1-0,0.0,0.449456449467671,0.5191586840951096
0-1,1-0,0.0,0.4563498723972261,0.5182180718316972
0-1,0-1,0.0,0.5060557977479123,0.4771933306749619
1-0,0-1,0.0,0.5231708029109557,0.4675013605829567
0-1,0-1,0.0,0.5258884807559195,0.45907927558996087
0-1,1-0,0.0,0.47324994312735835,0.4891064244242239
1-0,0-1,0.0,0.5259056265511781,0.46057123149357787
1-0,1-0,0.0,0.4881203955621346,0.4900260089185827
1-0,0-1,0.0,0.5054072307915838,0.43047434057871015
1-0,1-0,0.0,0.4859088173282445,0.5024214535120354
1-0,1-0,0.0,0.4797695402712523,0.49680708623281167
1-0,1-0,0.0,0.46125469449254564,0.5126693168146205
1-0,1-0,0.0,0.4360364864251609,0.5541645651432107
1-0,0-1,0.0,0.5494679663316789,0.43457073754857767
1/2-1/2,0-1,0.0,0.4584963913795941,0.4351224745589825
0-1,0-1,0.0,0.5167095144278436,0.4687999051133923
1-0,1-0,0.0,0.4744616173761437,0.5129533752223132
0-1,0-1,0.0,0.6059550846437521,0.3849141524753566
1-0,0-1,0.0,0.5173889313733131,0.46247705039703735
0-1,1-0,0.0,0.33984692410927037,0.44210085967318835
1-0,1-0,0.0,0.4871249681581828,0.4997676132694457
1-0,1-0,0.0,0.4430311029161263,0.5501102681844846
1-0,1-0,0.0,0.4787147804695432,0.508912547417714
0-1,0-1,0.0,0.5614196788245016,0.4226356132709945
0-1,0-1,0.0,0.48902658062246035,0.46219441962840924
1-0,1-0,0.0,0.4529408835925172,0.5404017030258979
0-1,1-0,0.0,0.47051593425604343,0.4803415459472773
0-1,0-1,0.0,0.5837976043133152,0.41137517609379926
1-0,1-0,0.0,0.07353624947475335,0.926427382350748
1-0,0-1,0.0,0.5301886120154645,0.4449902897987001
0-1,0-1,0.0,0.49407497675638645,0.4810682756836986
1-0,1-0,0.0,0.47459809283427296,0.5167000915265686
1-0,1-0,0.0,0.48035162805016696,0.49446620196887586
1-0,0-1,0.0,0.5314075418964851,0.45132313161436743
0-1,0-1,0.0,0.5071602191986956,0.4730241439645288
0-1,0-1,0.0,0.5131343511423165,0.47905435381618383
1-0,1-0,0.0,0.44679450849022984,0.5332487691505094
1-0,1-0,0.0,0.46899317178048794,0.5178088140941849
0-1,1-0,0.0,0.4714272021698718,0.5132083569483346
1-0,0-1,0.0,0.5152803602542998,0.47399127268574204
0-1,1-0,0.0,0.46927966837939894,0.5191940872370029
1-0,1-0,0.0,0.38946388210181104,0.6054187127542481
0-1,1-0,0.0,0.4925527513691406,0.4971225903643943
0-1,0-1,0.0,0.5287368630496442,0.4483525363981416
1-0,1-0,0.0,0.40207572330685903,0.5824251577560958
1-0,0-1,0.0,0.5139579391032035,0.4669966263888854
1-0,1-0,0.0,0.4778628293832027,0.5113553874775574
0-1,1-0,0.0,0.4685418739425058,0.4976056267653564
1-0,1-0,0.0,0.47581950913680404,0.5124772149685546
0-1,1-0,0.0,0.4578410329027768,0.5290461854083465
1-0,0-1,0.0,0.48523815012413557,0.48388964084614644
0-1,1-0,0.0,0.48551010301774755,0.5004245497898009
1-0,1-0,0.0,0.482511223013899,0.5059521032992571
1-0,0-1,0.0,0.5117645498403512,0.44893458482884474
1-0,1-0,0.0,0.34651498114158197,0.45639164081135025
1-0,1-0,0.0,0.4755748194328757,0.5122584527796331
0-1,1-0,0.0,0.37566477927384856,0.6179033206038811
1-0,1-0,0.0,0.4724247385922289,0.4968500624008255
1-0,0-1,0.0,0.504726625473275,0.48125592625175573
1-0,1-0,0.0,0.47113080146697445,0.5040177409479241
1-0,1-0,0.0,0.4731175054971099,0.5178685686684104
0-1,1-0,0.0,0.4889435794006139,0.4963791556420361
0-1,1-0,0.0,0.38325414108795547,0.6059315689679794
0-1,0-1,0.0,0.5547606348358194,0.42659441752990424
0-1,1-0,0.0,0.49014413617547126,0.501110004946092
0-1,0-1,0.0,0.5415504927392424,0.44885433183763346
0-1,1-0,0.0,0.4763073063031788,0.48054503191015674
1-0,1-0,0.0,0.43875230904569684,0.543191668035045
1-0,1-0,0.0,0.4330692660611187,0.4610792494055501
0-1,0-1,0.0,0.5040748938892253,0.4837534668788599
0-1,1-0,0.0,0.4460792389433103,0.5306621356773498
0-1,1-0,0.0,0.38383407367260347,0.6087936920097402
1-0,1-0,0.0,0.4666852615332074,0.5217762416110526
0-1,0-1,0.0,0.4964322282955774,0.4916236566856101
0-1,0-1,0.0,0.4993323725164193,0.49184497398639515
1-0,1-0,0.0,0.48891677027605335,0.4948791348539669
0-1,0-1,0.0,0.49180012083792796,0.4896737347430066
0-1,1-0,0.0,0.46352747008509704,0.5246615935223032
1-0,0-1,0.0,0.49189473886212615,0.45444594008472766
1-0,0-1,0.0,0.5019322852855772,0.4835337026982898
0-1,1-0,0.0,0.4650900863430625,0.4940446861020147
0-1,1-0,0.0,0.4121414109421295,0.5277494289197057
0-1,1-0,0.0,0.480928482060329,0.49828887483100476
0-1,0-1,0.0,0.4931727074294044,0.4862891624950209
0-1,1-0,0.0,0.48042055745353024,0.507768675480587
0-1,1-0,0.0,0.4500943220168382,0.5360867956118138
0-1,0-1,0.0,0.5557073085407107,0.42817415629017674
1-0,1-0,0.0,0.4781625974466992,0.5042513977412113
0-1,0-1,0.0,0.4944697695349991,0.48885371798053945
1-0,1-0,0.0,0.44405135229329096,0.5443460495466901
1-0,1-0,0.0,0.4865351511190563,0.4981666699090405
1-0,1-0,0.0,0.43737788157551544,0.5142840362691601
1-0,1-0,0.0,0.4583375411861179,0.47059144667430086
0-1,1-0,0.0,0.4760830511144793,0.5144159033710098
0-1,1-0,0.0,0.4429904034953525,0.5021680163727289
0-1,1-0,0.0,0.33887999923729223,0.6557151000120403
0-1,1-0,0.0,0.3459758130960564,0.6490471155578776
1-0,1-0,0.0,0.4705762951286479,0.48443173014938684
0-1,1-0,0.0,0.47320900633036095,0.4781488359020162
0-1,1-0,0.0,0.4824901016969748,0.5063041364332247
0-1,0-1,0.0,0.5188388468609652,0.4435157114521943
1/2-1/2,0-1,0.0,0.45773910604358625,0.4441754085818274
0-1,1-0,0.0,0.4451009082869763,0.5446053798125654
0-1,0-1,0.0,0.5355387637260701,0.4482341303565725
1-0,0-1,0.0,0.4640777912946868,0.39651984953884
1/2-1/2,0-1,0.0,0.46734686273034864,0.40493787411903953
1-0,0-1,0.0,0.5396435677689295,0.43164230142160537
1-0,1-0,0.0,0.26817436623812546,0.7261099255993781
1-0,1-0,0.0,0.47620569875864666,0.4981976326088317
0-1,1-0,0.0,0.4645163178605316,0.5166370225896247
0-1,0-1,0.0,0.49012696326709404,0.48829658925073116
1/2-1/2,0-1,0.0,0.48165547590334057,0.37779950798317186
0-1,1-0,0.0,0.45884533241462266,0.5282586314974982
0-1,1-0,0.0,0.42386393771944375,0.5702924619648386
1-0,0-1,0.0,0.4964473537407591,0.48171139051974865
0-1,1-0,0.0,0.49122754876885355,0.49984943669638787
0-1,1-0,0.0,0.4387439017410285,0.5064278989441892
1-0,1-0,0.0,0.4619677944903159,0.5214944219396571
0-1,1-0,0.0,0.48351976430674826,0.4937554973639595
1-0,1-0,0.0,0.470989552874317,0.5187968989406719
0-1,1-0,0.0,0.45960895590763795,0.5236355119825767
1-0,0-1,0.0,0.5221048280818541,0.43713996733882127
1-0,0-1,0.0,0.3799903860852483,0.36711161500205935
1-0,1-0,0.0,0.45770294336126205,0.5354364715859367
0-1,0-1,0.0,0.5104079698773981,0.4687948571194565
0-1,0-1,0.0,0.49566785652051476,0.487656107848832
1-0,1-0,0.0,0.4003565527480638,0.4787614921045367
0-1,1-0,0.0,0.4295921523481037,0.5411311191130209
1-0,1-0,0.0,0.42675069771357393,0.4857072603730292
1-0,0-1,0.0,0.5039651983628454,0.47171165575384
0-1,0-1,0.0,0.41251201235536256,0.3637610752171131
1-0,1-0,0.0,0.4796130190630383,0.49718154828371364
0-1,0-1,0.0,0.5060844887747378,0.4713475364562203
1-0,1-0,0.0,0.4638125662750399,0.47529081832947784
1-0,0-1,0.0,0.49934607915447754,0.48905038447124766
1-0,1-0,0.0,0.4515302596726368,0.5396558861475551
0-1,0-1,0.0,0.5144295277179245,0.4655678209153431
1-0,0-1,0.0,0.4810699273778139,0.4458461602304531
0-1,1-0,0.0,0.4508795029996527,0.4704168732176788
1-0,1-0,0.0,0.42850324000794515,0.5518975732630832
1-0,0-1,0.0,0.49465973164298693,0.453735787085085
0-1,1-0,0.0,0.47312600766431157,0.5016488634369871
0-1,0-1,0.0,0.5424675717948146,0.4417860887890814
1-0,1-0,0.0,0.3895325317391932,0.41737356735931846
0-1,1-0,0.0,0.4372433587312827,0.4728144987623044
0-1,0-1,0.0,0.5289339700456842,0.42819712828593687
1-0,1-0,0.0,0.4513818636728865,0.5346581759952916
0-1,1-0,0.0,0.4555492258312723,0.46110348906516074
0-1,1-0,0.0,0.45240380094593735,0.5380082355027546
0-1,0-1,0.0,0.4848846466284737,0.47526430842832823
0-1,0-1,0.0,0.4853405089512676,0.4819252634315528
0-1,1-0,0.0,0.4758568503842102,0.47943669908996367
0-1,1-0,0.0,0.3882895828955184,0.49456453429945163
0-1,0-1,0.0,0.5957990933765119,0.39540491310520015
1-0,1-0,0.0,0.38952412632401534,0.6054671163619512
0-1,1-0,0.0,0.42940044947512734,0.5442056319226307
1-0,1-0,0.0,0.38712349334121415,0.42309603174909216
0-1,1-0,0.0,0.3810647213218564,0.6134623262091181
0-1,1-0,0.0,0.33013243262938813,0.6610398100986502
1-0,0-1,0.0,0.49397266075859536,0.4890424743286287
0-1,1-0,0.0,0.47634377223265423,0.5025214102485633
0-1,0-1,0.0,0.5221201805924808,0.4344156149442668
0-1,1-0,0.0,0.4503205527824811,0.5421267944144498
1-0,1-0,0.0,0.3922624286217803,0.5162574757357524
0-1,0-1,0.0,0.4958452837322317,0.4900648628588285
1-0,1-0,0.0,0.35574910697776163,0.640017006429066
1-0,1-0,0.0,0.40265919606039496,0.41953524422983407
1/2-1/2,1-0,0.0,0.43414145403711485,0.5423866889634783
1-0,1-0,0.0,0.3827914322995871,0.6007074280998844
1-0,1-0,0.0,0.47199878266532685,0.5121447850267462
1-0,0-1,0.0,0.5066882043246685,0.4611203736627035
0-1,0-1,0.0,0.472369103460494,0.46580239827301595
1-0,0-1,0.0,0.47095392125719726,0.47051080074012114
0-1,1-0,0.0,0.49268079715779495,0.4953294934503934
1-0,1-0,0.0,0.4858893756993484,0.49943840670212775
0-1,1-0,0.0,0.40774389377283393,0.5589701995059214
1-0,1-0,0.0,0.41525912336499066,0.43996488220374624
1-0,1/2-1/2,0.0,0.21561875767949726,0.17787885499412934
0-1,1-0,0.0,0.4796009628753211,0.5130383237823471
0-1,1-0,0.0,0.4849465287142898,0.4936098946579028
1-0,0-1,0.0,0.5046089349530022,0.4739329699554917
1-0,1-0,0.0,0.4373423342314959,0.5498958656649496
1-0,1-0,0.0,0.48843959829304445,0.4980682223633589
0-1,1-0,0.0,0.4852276412701629,0.4945340100166114
1-0,0-1,0.0,0.5137830254516873,0.46999016216695955
0-1,0-1,0.0,0.507944477435757,0.43271083591182485
0-1,1-0,0.0,0.4695815236001602,0.5207989180524574
0-1,1-0,0.0,0.37449566406862383,0.6142483199650838
1-0,1-0,0.0,0.48566179531166054,0.50194590881509
1-0,1-0,0.0,0.48534544471822244,0.5051953026012024
1-0,1-0,0.0,0.3596336417184792,0.5365416926917527
0-1,1-0,0.0,0.4769146362138099,0.507364060721636
0-1,1-0,0.0,0.4840112181180017,0.5030582492932623
0-1,1-0,0.0,0.4367596792197464,0.5022366720424097
1-0,1-0,0.0,0.4772206600485105,0.5071201453004651
0-1,1-0,0.0,0.4538949903712274,0.5335274942012123
0-1,0-1,0.0,0.48979663119067923,0.48732040057835185
1-0,0-1,0.0,0.48476503640096863,0.4731813879335698
0-1,1-0,0.0,0.43781826533269463,0.5546366099858362
0-1,1-0,0.0,0.4514683382836248,0.5304013294379308
0-1,0-1,0.0,0.5027690643604555,0.44595868735850347
1-0,0-1,0.0,0.4971833415689211,0.4915762972146854
1-0,0-1,0.0,0.5236216261114698,0.45143738689186363
1-0,1-0,0.0,0.4776376939207489,0.5085013513683398
0-1,1-0,0.0,0.4035348685182052,0.580758823679975
0-1,0-1,0.0,0.5000764326538202,0.4853848981988205
1-0,1-0,0.0,0.4769401348803121,0.500343268281989
1-0,0-1,0.0,0.49413038730234915,0.48819992651154154
0-1,1-0,0.0,0.46246228175838305,0.5302567145950314
1-0,1-0,0.0,0.4552515778183615,0.5285214629068083
0-1,0-1,0.0,0.556509157167958,0.43168392911841075
1/2-1/2,1-0,0.0,0.3987108026229423,0.5530720185668998
0-1,1-0,0.0,0.4861689045298341,0.4861930677082631
1/2-1/2,1-0,0.0,0.46632557205459285,0.5184583539793829
0-1,1-0,0.0,0.44864527642417484,0.5265258396207778
0-1,1-0,0.0,0.39771023933460053,0.5889831688822408
1-0,1-0,0.0,0.4302017225039623,0.5614190150393038
1/2-1/2,0-1,0.0,0.35666506564262024,0.35363016110477846
0-1,0-1,0.0,0.48403673128077596,0.4791845164395679
0-1,1-0,0.0,0.43214981236626654,0.5604043567476398
1/2-1/2,0-1,0.0,0.5055315787510447,0.47518166237200143
1-0,0-1,0.0,0.5285570400327085,0.43997925806221505
1-0,1-0,0.0,0.4496904493606126,0.542017500597943
0-1,1-0,0.0,0.32099303795154455,0.6603177664299845
1-0,0-1,0.0,0.5868564472792133,0.4034847502757724
1-0,0-1,0.0,0.5302153394555809,0.4598000565320237
0-1,0-1,0.0,0.43743642028764895,0.4005258454071291
0-1,1-0,0.0,0.46185883147768636,0.528781066747441
1-0,1-0,0.0,0.4644529623187388,0.5213891757938416
0-1,0-1,0.0,0.5584959431838729,0.4241646379143317
1-0,1-0,0.0,0.47132595990196857,0.5112854145799659
0-1,0-1,0.0,0.4968364895814785,0.4930956748278894
1-0,1-0,0.0,0.48851625661910764,0.4933493796918275
1-0,1-0,0.0,0.4894600449777433,0.49136614549330027
0-1,0-1,0.0,0.49004571905022043,0.4849958418464512
1-0,0-1,0.0,0.5427769750355318,0.4391925341841635
0-1,1-0,0.0,0.46014510051863505,0.5311544445087234
0-1,1-0,0.0,0.47121414078712326,0.5146163173495013
1-0,1-0,0.0,0.4561672877667504,0.5351713059238751
1/2-1/2,1-0,0.0,0.4631255874191862,0.519604141150809
0-1,0-1,0.0,0.5160885696871547,0.46687753763408346
0-1,0-1,0.0,0.5019063168615077,0.4732337575735078
0-1,0-1,0.0,0.41402127543429496,0.3944126863496998
0-1,1-0,0.0,0.4911602180244804,0.4992920874767113
0-1,1-0,0.0,0.4932756525978918,0.49610234010459736
0-1,1-0,0.0,0.4593413651876865,0.5242932937650975
0-1,1-0,0.0,0.4027125261258195,0.589933637900696
1-0,1-0,0.0,0.40717714329278226,0.5868536042450211
1/2-1/2,1/2-1/2,0.0,0.016392252442157126,0.0150371297729818
1-0,0-1,0.0,0.5203837296222932,0.4684051997180898
1-0,1-0,0.0,0.47652919846713454,0.5114034487334191
1-0,0-1,0.0,0.5220117427200894,0.45574965250897775
1-0,1-0,0.0,0.4645594963882513,0.515753447066491
1-0,1-0,0.0,0.48008986588792363,0.4912024815775676
0-1,0-1,0.0,0.4849652885011944,0.452663936075225
0-1,0-1,0.0,0.5878799358568191,0.4113247206646437
1-0,1-0,0.0,0.41702009673150275,0.5731558178545435
1-0,1-0,0.0,0.4730560344898911,0.5122938198545144
0-1,1-0,0.0,0.44044941431807666,0.5465492656985642
1-0,0-1,0.0,0.5712467631174767,0.4160973894874478
1-0,1-0,0.0,0.4494459169295633,0.5299537561186137
0-1,1/2-1/2,0.0,0.09930368859559661,0.09007150761558189
1-0,0-1,0.0,0.5083363893450554,0.46922962276705227
1-0,1-0,0.0,0.48472493141427303,0.499720740300558
1-0,1-0,0.0,0.41933048574682236,0.5573173119502215
1-0,1-0,0.0,0.4642145751506939,0.5057887055408349
1-0,1-0,0.0,0.46768558694253354,0.5215677545349442
0-1,0-1,0.0,0.4973333574765615,0.47249432725999474
1-0,0-1,0.0,0.5056344054451909,0.4598631574471446
0-1,1-0,0.0,0.4852579956659313,0.5016339349645446
1-0,1-0,0.0,0.4501660075198986,0.5404731334049698
1/2-1/2,1/2-1/2,0.0,0.09020396060518444,0.06880566705318757
1-0,1-0,0.0,0.16965171547685204,0.8293802993429898
1-0,1-0,0.0,0.10599948282147356,0.8937979777064303
0-1,1-0,0.0,0.3657416720480354,0.5980707844279137
0-1,1-0,0.0,0.4354717853253887,0.5208065845893018
1-0,0-1,0.0,0.49456483965743125,0.483685113790412
0-1,0-1,0.0,0.5104702487000584,0.45650512387435327
1-0,1-0,0.0,0.4387278345367305,0.5204809672178362
0-1,0-1,0.0,0.5055455194865547,0.47597795178296176
0-1,0-1,0.0,0.5100914156138112,0.459520114834217
0-1,0-1,0.0,0.5349140072716758,0.4442414247708516
0-1,0-1,0.0,0.49259316719933083,0.4706698963545718
1-0,1-0,0.0,0.4720613525276438,0.518472967186034
1-0,0-1,0.0,0.5463253769702368,0.4390915618412111
0-1,0-1,0.0,0.5216847800000217,0.45558187185218507
0-1,0-1,0.0,0.5750507614326875,0.3986512234415105
0-1,1-0,0.0,0.4043430762100361,0.5861453552799553
1-0,0-1,0.0,0.5463266839071494,0.4363457477051935
0-1,0-1,0.0,0.5034072181588198,0.4842613678962957
1-0,0-1,0.0,0.5463037171804397,0.4368680578833775
1/2-1/2,0-1,0.0,0.44965704553117475,0.39549120381629627
1-0,1-0,0.0,0.4715361655304766,0.4778581400988941
1-0,1-0,0.0,0.45112092449334823,0.5392690887524706
1-0,1-0,0.0,0.49060770105893065,0.49878819591019075
0-1,0-1,0.0,0.5044880117322048,0.4688232067062308
1-0,1-0,0.0,0.48012028363700215,0.485686339687064
1-0,1-0,0.0,0.39574707148135013,0.5982365833126073
1-0,0-1,0.0,0.5345409606508328,0.44845792265954304
0-1,0-1,0.0,0.5221050326784222,0.4432671790838011
0-1,0-1,0.0,0.5480842357161952,0.43581979631294243
0-1,0-1,0.0,0.4989665783603878,0.48512396686173526
1/2-1/2,1-0,0.0,0.4764430343436627,0.5153585277410488
1-0,1-0,0.0,0.43668716347752407,0.5539143457751025
0-1,1-0,0.0,0.4489193496721043,0.5434526070741973
0-1,1-0,0.0,0.46871241237363176,0.5239058682444807
0-1,0-1,0.0,0.5039152566634069,0.47433029529420695
1-0,0-1,0.0,0.47146875228926405,0.47068153099339066
1-0,1-0,0.0,0.4409647154230066,0.5458811970039257
1/2-1/2,1/2-1/2,0.0,0.2460925794770729,0.21600350387511535
0-1,1-0,0.0,0.4626599328472014,0.5114355236186211
1-0,1-0,0.0,0.46676122158311734,0.512155645216132
0-1,1-0,0.0,0.4851857690749356,0.5008242605399986
1-0,0-1,0.0,0.5206629052840378,0.4655089638226874
0-1,0-1,0.0,0.5087671954025582,0.45827800209179986
1-0,1-0,0.0,0.3296464019007309,0.6661361943855586
1-0,0-1,0.0,0.5041858157192882,0.47212492721368865
1-0,0-1,0.0,0.5274772608519891,0.4577817384876751
1/2-1/2,1-0,0.0,0.42351666765189083,0.5646230668990985
0-1,1-0,0.0,0.4188280648023752,0.42517674337659117
1-0,1-0,0.0,0.4483076394032709,0.509729069847215
0-1,1-0,0.0,0.44631022609512716,0.5361159397852543
0-1,1-0,0.0,0.3211183644818855,0.6722222445033958
0-1,1-0,0.0,0.4269925385322853,0.573001690767065
0-1,0-1,0.0,0.5021575548500066,0.4850446151620731
1-0,0-1,0.0,0.5114755448356535,0.46168441157066414
1-0,1-0,0.0,0.44464822826169387,0.5411671425897442
1-0,0-1,0.0,0.49558093914230095,0.49089897946084665
0-1,1-0,0.0,0.41464319884642686,0.5285307778900894
0-1,0-1,0.0,0.5078823950186521,0.47812189415604267
0-1,1-0,0.0,0.4713751584438907,0.5127245678931157
0-1,1-0,0.0,0.4714585224373612,0.5088542564854167
1-0,0-1,0.0,0.5103535520514974,0.4607367117288088
0-1,1-0,0.0,0.41101961477105386,0.5321950526908432
1-0,1-0,0.0,0.49117585671369773,0.49405242585813103
1-0,1-0,0.0,0.34884023400083863,0.6101481995231871
1-0,1/2-1/2,0.0,0.2600468904101529,0.2525717196090103
1-0,0-1,0.0,0.5200293081667123,0.4549852202929747
0-1,0-1,0.0,0.5238219365088798,0.4639985074973988
1-0,1-0,0.0,0.4731362667516911,0.5042337050906611
1-0,0-1,0.0,0.5001055801287969,0.4435723312671998
1-0,0-1,0.0,0.5331073297166479,0.45553822827456036
1-0,1-0,0.0,0.43286624834502546,0.5543233318938002
0-1,1-0,0.0,0.46255383460931554,0.5184102971741985
0-1,1-0,0.0,0.4370773556057957,0.5535200381203166
1-0,1-0,0.0,0.4411318291996343,0.5457126640046096
0-1,1-0,0.0,0.41377885935929265,0.5624422092579604
1-0,1-0,0.0,0.4661748376753923,0.5120730600274153
0-1,1-0,0.0,0.4838835948418012,0.5026464110294594
1-0,0-1,0.0,0.4973127405266474,0.48906892124142226
0-1,1-0,0.0,0.48871276394209423,0.49079137475932727
1-0,0-1,0.0,0.4988008759073612,0.48831114003360315
1-0,1-0,0.0,0.3996558578078113,0.5948979694661816
1-0,0-1,0.0,0.51569380368522,0.47530695653310545
0-1,1-0,0.0,0.48653556918568497,0.4924980154154749
1-0,1-0,0.0,0.44697788554231793,0.5439620783604084
0-1,0-1,0.0,0.6108096855712115,0.38155984560213974
1-0,1-0,0.0,0.45712455035550326,0.5296020216846199
1/2-1/2,0-1,0.0,0.4692517025330135,0.4593057705317558
1-0,1-0,0.0,0.46537949300393977,0.5116984011479118
0-1,1-0,0.0,0.4892109582344986,0.4934696096924836
0-1,1-0,0.0,0.44560919906407365,0.5406623843074485
1-0,1-0,0.0,0.42388411684174915,0.5554237419420051
0-1,1-0,0.0,0.4287066043024381,0.5584397579429388
1-0,1-0,0.0,0.4164976199254128,0.5717485917720321
1-0,1-0,0.0,0.4700926159118397,0.5151337128774232
1-0,1-0,0.0,0.4492454208053406,0.4952356213523308
1-0,1-0,0.0,0.4621209345749179,0.5252093026290409
1-0,0-1,0.0,0.4689028264026691,0.453704856270959
1-0,0-1,0.0,0.4890967144249684,0.4862394907897444
1-0,0-1,0.0,0.5135972058900058,0.475206979388857
0-1,0-1,0.0,0.5083798384614143,0.4780110982666185
0-1,0-1,0.0,0.498847366277861,0.4778558254729702
1-0,0-1,0.0,0.49823211431544834,0.4856848564551799
1-0,0-1,0.0,0.5306154440330582,0.4543172926382854
1-0,1-0,0.0,0.46369375529373297,0.5174045642887508
0-1,1-0,0.0,0.21897270253070056,0.7810272786646362
1-0,1-0,0.0,0.4331426238267811,0.5152103494383943
1-0,1-0,0.0,0.3747900255522031,0.608487313448872
1-0,1-0,0.0,0.49011440819807117,0.4942050755836931
1-0,1-0,0.0,0.43756662190550505,0.5441548981646247
0-1,1-0,0.0,0.4718186925959195,0.5022504931479506
1-0,1-0,0.0,0.45060590450303295,0.5098256018617175
1-0,1-0,0.0,0.4785272334052619,0.5073001131603749
0-1,1-0,0.0,0.4486038115814931,0.5392749065186074
0-1,1-0,0.0,0.4738769483237633,0.5138485083353972
1-0,1-0,0.0,0.4709401319369349,0.5178902393413303
1/2-1/2,0-1,0.0,0.5323456714484284,0.45504263143270557
0-1,1-0,0.0,0.3741079733638768,0.5325615599259328
1-0,0-1,0.0,0.5100408921160717,0.4406936042075043
0-1,0-1,0.0,0.541801924806638,0.4428606169829239
1-0,1-0,0.0,0.380422419178639,0.6114944333210819
0-1,0-1,0.0,0.37930770314062134,0.3242313085784482
0-1,0-1,0.0,0.5107308766594876,0.4634105299593409
0-1,1-0,0.0,0.4679550718120043,0.5226609677435655
0-1,0-1,0.0,0.5050228246463287,0.4628290067182332
1-0,0-1,0.0,0.497764851976775,0.4760444482229613
1-0,0-1,0.0,0.4978781218219837,0.4835142416613794
1-0,1-0,0.0,0.4818856816227849,0.5010156090493594
1-0,1-0,0.0,0.4413198106076702,0.541164232440323
1-0,0-1,0.0,0.509233543969592,0.47430721068295556
1-0,1-0,0.0,0.4848671656033922,0.4945860044625988
0-1,0-1,0.0,0.4906324387155545,0.48642881317694175
0-1,0-1,0.0,0.3582627522848903,0.3189409201443175
0-1,1-0,0.0,0.4218611329142121,0.5710819314981286
1-0,1-0,0.0,0.47729281140066,0.499395492270643
1-0,1-0,0.0,0.4791056812690797,0.5094048635483508
1-0,1-0,0.0,0.4291434428565082,0.4558249114130705
1-0,1-0,0.0,0.4788305638943807,0.5075183438713217
0-1,0-1,0.0,0.49218870766172507,0.4913856774241276
0-1,0-1,0.0,0.6103773491561361,0.3806733412232669
0-1,1-0,0.0,0.4791278243927328,0.48231708105978527
0-1,0-1,0.0,0.49266699710345063,0.49250666070800947
1-0,1-0,0.0,0.4496302359589586,0.5159972307924202
0-1,1-0,0.0,0.47621421550759885,0.5154919256973912
1-0,1-0,0.0,0.3791571605318571,0.6142375236868215
1-0,1-0,0.0,0.41337278700494257,0.436420550265418
0-1,1-0,0.0,0.45100657593414234,0.5378965093114029
1-0,1-0,0.0,0.45891803317353747,0.5296016598278047
1-0,1-0,0.0,0.48604467129522916,0.5036342849084009
1-0,1-0,0.0,0.4244226207328263,0.5433668326817721
0-1,1-0,0.0,0.47162321916165456,0.5096302948062571
0-1,1-0,0.0,0.43391905347236237,0.5536852127603701
0-1,1-0,0.0,0.46778259396973637,0.5124095199425197
0-1,0-1,0.0,0.5196760726874887,0.46553673522032557
1-0,0-1,0.0,0.4226403913229218,0.42002762232405505
1/2-1/2,1/2-1/2,0.0,0.19610024024124648,0.19085790837057776
0-1,1-0,0.0,0.48327530174028954,0.5077156916292086
1-0,1-0,0.0,0.46004026855074687,0.5315488392137423
1-0,0-1,0.0,0.5119672183174074,0.4723869114206081
0-1,0-1,0.0,0.4682281069200511,0.42592965241881825
0-1,0-1,0.0,0.5408437050579611,0.44343173724464546
0-1,0-1,0.0,0.47527046871573475,0.4585329962109573
1-0,0-1,0.0,0.5045204969773808,0.47317303263026234
1-0,1-0,0.0,0.40434909068704006,0.5839597614216145
1-0,1-0,0.0,0.46302333573558685,0.524419464348629
1-0,0-1,0.0,0.4826893383319238,0.4722115750790665
1-0,1-0,0.0,0.37294117083571665,0.6103732051686797
1-0,0-1,0.0,0.5320152998015181,0.4507063825166984
1-0,1-0,0.0,0.42800365192125356,0.5453504384567224
0-1,0-1,0.0,0.4811846241129545,0.47333912709873704
1-0,1-0,0.0,0.44849544113212475,0.5404132417456133
0-1,0-1,0.0,0.503427982025726,0.4762310600523438
1-0,0-1,0.0,0.5038885425608619,0.48612186067521557
1-0,1-0,0.0,0.47839584359752163,0.4998732313933175
1-0,0-1,0.0,0.4996412783408297,0.4905785426049475
0-1,1-0,0.0,0.48155046106083865,0.49948067235499743
1-0,1-0,0.0,0.4504608148562218,0.5409513857558708
1-0,0-1,0.0,0.4970235026594698,0.4658627344798608
0-1,1-0,0.0,0.47874687972588764,0.50407816854992
0-1,1-0,0.0,0.4296992641084757,0.5518110658465629
0-1,1-0,0.0,0.43453292612675454,0.5541908955159208
1-0,1-0,0.0,0.4636512782818528,0.5247547289275816
0-1,0-1,0.0,0.49865748613180416,0.45352267712259364
1-0,1-0,0.0,0.4439537630198736,0.5452198533777264
0-1,0-1,0.0,0.5127016821244949,0.44289297896673613
0-1,0-1,0.0,0.47218500955193776,0.4653537026389332
1-0,1-0,0.0,0.49111038136764007,0.49236270394012494
1-0,1-0,0.0,0.4273384395930953,0.5567972803599686
1-0,0-1,0.0,0.5322791665265865,0.4197476042383411
0-1,0-1,0.0,0.49000997692795645,0.4784609671954277
0-1,1-0,0.0,0.4805645853179428,0.5101302164505829
1-0,0-1,0.0,0.5400507080406339,0.44182704037783055
0-1,1-0,0.0,0.43861562204516635,0.5479121001782118
1-0,0-1,0.0,0.4684084042621631,0.42407845606766087
0-1,0-1,0.0,0.47368564961639736,0.4269234050812528
1-0,1/2-1/2,0.0,0.20249943870373574,0.23521562417036918
1-0,1-0,0.0,0.0723146800293982,0.9276228914517612
0-1,1-0,0.0,0.48759404256637645,0.5024724190035381
1-0,1-0,0.0,0.40110996186752873,0.4686827066609289
1-0,1-0,0.0,0.434347007831111,0.5556315792177361
1-0,0-1,0.0,0.4972831557351166,0.4868797803739247
1-0,0-1,0.0,0.4967587353097299,0.4870101412062785
1-0,0-1,0.0,0.48849967035541986,0.47357275925361075
0-1,0-1,0.0,0.49931514558016443,0.4881708966944504
1-0,1-0,0.0,0.12185380479437384,0.8778370975297533
1-0,0-1,0.0,0.4733413714563357,0.4598568231759892
0-1,1-0,0.0,0.4660646321255522,0.5213409931444434
0-1,0-1,0.0,0.511892987566758,0.4715056096090597
0-1,1-0,0.0,0.4388470895180241,0.4612690086431444
0-1,1-0,0.0,0.44142608491786395,0.5516665754242908
1-0,0-1,0.0,0.5291890213561211,0.4478769765728936
0-1,0-1,0.0,0.500263485496021,0.4753097183652222
0-1,1-0,0.0,0.48518631746674296,0.4890384383555139
0-1,1-0,0.0,0.31925619180470205,0.6278490799974326
1-0,0-1,0.0,0.5273257799194483,0.44808195083918706
1-0,1-0,0.0,0.3450437048288039,0.3855319085594279
0-1,0-1,0.0,0.49888753917247125,0.49242803835476523
1-0,1-0,0.0,0.4773056206719986,0.5037744424836212
0-1,0-1,0.0,0.4809765720065535,0.4787711131455389
0-1,0-1,0.0,0.5483969815282053,0.44135459665383325
1-0,0-1,0.0,0.5604316058808183,0.4182362695509457
1-0,0-1,0.0,0.48668251685782177,0.4812035616222678
0-1,0-1,0.0,0.4912465496995395,0.4748865669717504
0-1,1-0,0.0,0.3828253165883848,0.3835957354719025
0-1,1-0,0.0,0.48211102843777315,0.4990151074447874
0-1,1-0,0.0,0.4708280515299119,0.5137698056787775
0-1,1-0,0.0,0.41281117832502506,0.5733090063485301
1-0,1-0,0.0,0.47293222410652974,0.48317509726231994
1-0,1-0,0.0,0.4768105814565988,0.507314470665438
1/2-1/2,0-1,0.0,0.5475631348792043,0.4349302213329435
0-1,1-0,0.0,0.393425123902433,0.5969643590755203
1/2-1/2,1-0,0.0,0.3782732199228082,0.49443307387567575
0-1,0-1,0.0,0.5342473990219171,0.43474155986403396
0-1,1-0,0.0,0.4183573259215186,0.5757921519085735
0-1,1-0,0.0,0.4442637154716019,0.5175205284724258
0-1,1-0,0.0,0.4760339732566003,0.4943075778512187
1-0,0-1,0.0,0.5190565576908237,0.42170845591828887
0-1,1-0,0.0,0.42457702146446785,0.5614357374668768
0-1,0-1,0.0,0.5170436554983028,0.44638901687641896
0-1,0-1,0.0,0.501925543114682,0.4861493360113635
1-0,1-0,0.0,0.4434517243237855,0.5412952094180065
1-0,0-1,0.0,0.5071645446479732,0.41813030816060587
1-0,0-1,0.0,0.5145714439289175,0.4768924952656856
1-0,1-0,0.0,0.40582593308084514,0.5857545091630538
1-0,0-1,0.0,0.5097024489723928,0.4459960413161927
1-0,1-0,0.0,0.47702225713367735,0.49405828316370265
1-0,0-1,0.0,0.5095906627184558,0.47731176622877236
0-1,1-0,0.0,0.46722031733055114,0.4976394102985124
0-1,0-1,0.0,0.529036670247304,0.45616138304362547
1-0,1-0,0.0,0.4762469912369722,0.5144082087264434
0-1,1-0,0.0,0.46099049299405725,0.49450512240610583
1-0,0-1,0.0,0.5351047590785073,0.42590059906260325
1-0,1-0,0.0,0.3963835382689348,0.5347577830401516
1-0,0-1,0.0,0.503532083040426,0.432564924629603
1-0,1-0,0.0,0.48285948194403894,0.5074218442142202
0-1,1-0,0.0,0.4553777685886071,0.5257343919381683
0-1,0-1,0.0,0.4937871428032593,0.48546255736197114
1-0,1-0,0.0,0.4481395450217718,0.5334847855207482
0-1,1-0,0.0,0.485458412181499,0.4955792383458223
1-0,1-0,0.0,0.41896732015718596,0.5683633297868417
0-1,1-0,0.0,0.48132118587352285,0.5008514874279608
1-0,1-0,0.0,0.47346178394400534,0.5118424253029102
0-1,0-1,0.0,0.5039107504669107,0.48314829319355973
1-0,0-1,0.0,0.49758376767594514,0.4814920784821011
1-0,0-1,0.0,0.4876319644186239,0.48581577482684035
0-1,0-1,0.0,0.4842878800351917,0.45872381687742
1-0,1-0,0.0,0.010973149615266384,0.9890267200311855
1-0,0-1,0.0,0.5169056404332705,0.4697482650461709
1-0,1-0,0.0,0.455873743587805,0.5220623124452525
1-0,0-1,0.0,0.5165504534559923,0.4631684545903485
0-1,0-1,0.0,0.5028153497257748,0.4424840932999721
1-0,1-0,0.0,0.3944859518466823,0.5956794509319583
1-0,1-0,0.0,0.47771209329833225,0.5053029954169567
1-0,0-1,0.0,0.49138974192272855,0.4712036583104912
1-0,1-0,0.0,0.39665560939772804,0.5815364540369209
1-0,1-0,0.0,0.4804664115512817,0.509826509791322
1-0,0-1,0.0,0.5326718321272169,0.4559280581397754
0-1,1-0,0.0,0.4668755367487189,0.5090960898161905
0-1,1-0,0.0,0.46274805861302487,0.5210194385752758
1-0,1-0,0.0,0.4597210063902655,0.5127564101383997
1-0,0-1,0.0,0.4897881783396231,0.47914018967226757
1-0,0-1,0.0,0.580478458548055,0.40620271857485674
1-0,1-0,0.0,0.1193891081531008,0.8805087028984332
1-0,1-0,0.0,0.46936298653715003,0.5105705070665569
0-1,0-1,0.0,0.497375701764077,0.41644472720459286
1-0,0-1,0.0,0.4903271282218082,0.47566959342899523
1-0,0-1,0.0,0.48846384328504155,0.4800947656830569
1-0,0-1,0.0,0.48473356288006514,0.4813138070291916
1/2-1/2,1/2-1/2,0.0,0.24059669451551452,0.23620932343080783
1-0,1-0,0.0,0.4773845195883293,0.49403364780627396
1/2-1/2,1/2-1/2,0.0,0.33681855060874855,0.3165375446599067
1-0,0-1,0.0,0.46418887265110603,0.4501243150538229
1/2-1/2,0-1,0.0,0.4743680268959292,0.42431999802280407
1-0,1-0,0.0,0.463018032020603,0.4868029056643583
1-0,0-1,0.0,0.529605918841646,0.4534591977076783
1-0,1-0,0.0,0.47638314824834826,0.5067098185192792
1-0,0-1,0.0,0.4909581360152774,0.4873234460073452
1-0,1-0,0.0,0.08930395345958175,0.9105308964018185
1-0,1-0,0.0,0.4810988503534707,0.5038643497289809
1-0,1/2-1/2,0.0,0.2362854872919522,0.21119396676920704
1-0,0-1,0.0,0.4228057217572067,0.33230022932426706
0-1,1-0,0.0,0.43856500789354885,0.49937098258141077
1-0,1-0,0.0,0.4197018496564216,0.5438732773442688
1-0,0-1,0.0,0.5323354176695658,0.4547900241221943
1/2-1/2,1/2-1/2,0.0,0.1249110449736434,0.11154023320069775
0-1,1-0,0.0,0.45709983742600463,0.5255451328399222
0-1,0-1,0.0,0.5056106508570151,0.47577227459416993
0-1,0-1,0.0,0.5229610934063632,0.45813895643847563
0-1,0-1,0.0,0.4984342977886909,0.48409072342877235
0-1,1-0,0.0,0.41126949618219993,0.5809723640826233
0-1,0-1,0.0,0.4797649171167319,0.46802246311005363
0-1,0-1,0.0,0.4910784118252517,0.4874990646922328
1-0,0-1,0.0,0.4934416488890521,0.475059639327169
1-0,1-0,0.0,0.4808008482367782,0.5065304424137937
1-0,0-1,0.0,0.551468088213328,0.4331341920088267
0-1,0-1,0.0,0.4979896319387404,0.4877012815296418
0-1,0-1,0.0,0.539020181432781,0.4357141607213733
1-0,1-0,0.0,0.28646258340504194,0.7078414454973294
1-0,0-1,0.0,0.5176086802818545,0.46829640251335614
1-0,1-0,0.0,0.4861915264130071,0.49672009945384893
0-1,1-0,0.0,0.4260555985107022,0.5649553075543235
1-0,1-0,0.0,0.47767647481322906,0.4966948813694913
0-1,1-0,0.0,0.44652606409545814,0.5469474545149242
1-0,1-0,0.0,0.47008615428971634,0.5201114345321125
0-1,0-1,0.0,0.4978386565966567,0.489010686382856
1/2-1/2,1-0,0.0,0.4741951059588529,0.5006046179191206
1-0,1-0,0.0,0.4450157961721936,0.5476636045767123
0-1,1-0,0.0,0.4667931590006108,0.5226788049915648
1-0,0-1,0.0,0.5164683318245402,0.4653618000905526
1-0,0-1,0.0,0.4990109412121784,0.47464105328171885
0-1,1-0,0.0,0.4820067715557185,0.4910166113216163
1-0,0-1,0.0,0.4879461832359629,0.46688386273620297
0-1,1-0,0.0,0.059182296252329826,0.9408022171950947
0-1,0-1,0.0,0.48711255327263303,0.48336450017699323
1-0,1-0,0.0,0.47730323440413003,0.513002307427221
0-1,0-1,0.0,0.4218374343049626,0.4173040153971428
1-0,1-0,0.0,0.47198317907263265,0.5168572151543795
1-0,1-0,0.0,0.4713094873251333,0.4841559478931256
1-0,1-0,0.0,0.46542506837523834,0.5094094087952923
1-0,1-0,0.0,0.16454422500068747,0.8350296684004718
1-0,1-0,0.0,0.49238110619304953,0.49383912305143735
1-0,1-0,0.0,0.3399315773447289,0.6546707078643461
1-0,1-0,0.0,0.4217479676435451,0.5584744640060494
0-1,1-0,0.0,0.48033142134904844,0.5059266347405355
1/2-1/2,1-0,0.0,0.39978306343254844,0.5513798305901347
1-0,0-1,0.0,0.4883127359941863,0.46503611356209423
0-1,1-0,0.0,0.22340873279846427,0.7744095684295035
0-1,1-0,0.0,0.4282206587269804,0.557766482671968
0-1,1-0,0.0,0.46908018572319016,0.4718164401314451
1-0,0-1,0.0,0.5040000221549468,0.472635494131477
0-1,0-1,0.0,0.518727639965972,0.42385257486369815
0-1,0-1,0.0,0.5094835221125619,0.43748272847390873
0-1,1-0,0.0,0.4865814176603719,0.4975892011102815
1-0,1-0,0.0,0.4425635818760635,0.5465396431225844
1-0,0-1,0.0,0.504866935472574,0.4779440379806994
1-0,1-0,0.0,0.44786813727411184,0.5374148684231767
0-1,1-0,0.0,0.41629934693364284,0.560242255014119
1-0,0-1,0.0,0.517434650042097,0.46948052685412034
1-0,0-1,0.0,0.48895366754106473,0.4807632428334087
0-1,1-0,0.0,0.4045893067468804,0.5867852558878744
1/2-1/2,0-1,0.0,0.4516035498110223,0.41654787846187685
1-0,1-0,0.0,0.47855929229456606,0.5065801441918406
1-0,0-1,0.0,0.48707185369741185,0.4778061218300006
1-0,1-0,0.0,0.4939354414963575,0.4982049706302667
0-1,0-1,0.0,0.49245062691437774,0.4881724236981294
0-1,0-1,0.0,0.5963782830348971,0.38902959082006683
0-1,1-0,0.0,0.43781294984751634,0.5493630980741623
1-0,1-0,0.0,0.46159852659879,0.5317834976211283
0-1,1-0,0.0,0.45456872670502657,0.5359379544523427
0-1,1-0,0.0,0.43960796829842147,0.5376515717631758
0-1,0-1,0.0,0.42280714097099803,0.35699790789948077
1-0,1-0,0.0,0.4325162343370996,0.5575345793485629
1-0,1-0,0.0,0.4334847400006248,0.554671220260339
1-0,1-0,0.0,0.484439054022182,0.49657370815421625
1-0,1-0,0.0,0.46575983140302135,0.5272577298364287
1-0,1-0,0.0,0.4667680240863938,0.5199854576402863
1-0,1-0,0.0,0.46681754366032346,0.49699086219234195
0-1,0-1,0.0,0.5028156412900099,0.45394409141374953
1-0,1-0,0.0,0.47386440788321815,0.5178762192073227
0-1,1-0,0.0,0.4545345535500622,0.5343114493315598
0-1,0-1,0.0,0.4956067859630834,0.48672138780582785
1-0,1/2-1/2,0.0,0.16606607039850313,0.13197654003630416
0-1,0-1,0.0,0.541205642439088,0.4459049217295068
1-0,1-0,0.0,0.4839913542133344,0.4910171755392249
1-0,1-0,0.0,0.36402165860194474,0.41525423255842414
1-0,1-0,0.0,0.4872795395943048,0.5014451133296942
1-0,1-0,0.0,0.4333405541844668,0.48236485733155876
1-0,1-0,0.0,0.4710742649347775,0.515789135524296
1-0,1-0,0.0,0.476153803535784,0.49771565245910476
1-0,0-1,0.0,0.4883051510651467,0.4811327275030811
0-1,1-0,0.0,0.41957272846172255,0.5729233812485953
0-1,0-1,0.0,0.6053759519799837,0.39240494706519474
1-0,1-0,0.0,0.45258901715628713,0.5311853096691119
1-0,1-0,0.0,0.46644121237676855,0.5126481439363493
1-0,0-1,0.0,0.5046058985116556,0.48409685268841884
0-1,0-1,0.0,0.49641049367800394,0.48645038339225044
0-1,0-1,0.0,0.47773662390079813,0.416020734947799
1-0,1-0,0.0,0.48042996516838754,0.5106789364778751
1-0,1-0,0.0,0.4535906486052082,0.5290907991164077
1-0,1-0,0.0,0.47686023199730787,0.510752085649205
0-1,0-1,0.0,0.5180965353886479,0.4624769645879545
1-0,1-0,0.0,0.4851553632825131,0.49313495706737426
1-0,1-0,0.0,0.4800518796500394,0.5012615108899219
1-0,1-0,0.0,0.4803902176400326,0.4952372494469223
0-1,0-1,0.0,0.49338303275054873,0.48240517782185766
1-0,0-1,0.0,0.5044967916484405,0.47535353448161033
0-1,1-0,0.0,0.4720161908904351,0.5067499014062321
0-1,1-0,0.0,0.434808995733857,0.5545903724175245
1-0,1-0,0.0,0.484899630640076,0.4978422631489343
1-0,0-1,0.0,0.40245058310218806,0.3856853966584582
1/2-1/2,0-1,0.0,0.49692423895492194,0.430530520192666
0-1,1-0,0.0,0.47715494113570955,0.5079975396598204
1-0,1-0,0.0,0.44833335170297345,0.5401071986295883
1-0,1-0,0.0,0.4423840121158051,0.469827869695252
0-1,0-1,0.0,0.49904170394116465,0.487790633829026
1/2-1/2,1-0,0.0,0.47402109365583883,0.5067419372529972
0-1,1-0,0.0,0.4751648930636786,0.515902555444617
1-0,0-1,0.0,0.4961443557039296,0.4907949391338214
1-0,1-0,0.0,0.4430350613133777,0.5431868006220967
0-1,1-0,0.0,0.4800059379248713,0.5073662143632249
1-0,0-1,0.0,0.5114135360005914,0.4573050078363784
1-0,1/2-1/2,0.0,0.17444536261175972,0.1631793249495793
1-0,1-0,0.0,0.45900636349159313,0.48960958832274837
1-0,0-1,0.0,0.5325621341648754,0.4549320111712016
1-0,0-1,0.0,0.4896231584420421,0.4881933279627402
1-0,0-1,0.0,0.4969962577115789,0.4881722077066219
1-0,0-1,0.0,0.5232511404296676,0.445526816817112
0-1,0-1,0.0,0.4903442000944506,0.45805524030524103
0-1,0-1,0.0,0.48650504489698976,0.4676100748770949
0-1,1-0,0.0,0.44366436175710705,0.5441767876123585
0-1,1-0,0.0,0.4503825074490965,0.5258937295523217
0-1,0-1,0.0,0.44453757972990604,0.3882651976601086
0-1,1-0,0.0,0.4117921964043009,0.5528605796132128
1-0,1-0,0.0,0.47492929254980376,0.5046234245095027
0-1,1-0,0.0,0.42886192710014603,0.5452656402321452
1-0,0-1,0.0,0.44988929955148765,0.4481450826055168
0-1,1-0,0.0,0.35288546783268143,0.610515887969093
1-0,0-1,0.0,0.48445939682203365,0.47674140643135565
0-1,0-1,0.0,0.4983881264114881,0.47697633861131356
0-1,1-0,0.0,0.4647237636040238,0.4939274554975485
0-1,1-0,0.0,0.4563316069640406,0.5334067144237493
1-0,1-0,0.0,0.49413472393925373,0.49524840632415795
1-0,1-0,0.0,0.4633016839276474,0.5146546760314236
1-0,0-1,0.0,0.538672825071023,0.4393439585243313
0-1,0-1,0.0,0.5046172927273247,0.4653066334267209
1-0,1-0,0.0,0.4814006216630538,0.5027443980393096
1-0,0-1,0.0,0.47756385995543915,0.46365127446186943
1-0,1-0,0.0,0.449895620332211,0.5253569205514989
0-1,1-0,0.0,0.4746764361986338,0.5161576751257052
0-1,0-1,0.0,0.5017043429767576,0.48241662404317737
1-0,1-0,0.0,0.4505067069111923,0.4795615573600077
1-0,1-0,0.0,0.3895337275445225,0.5937158191133055
1-0,1/2-1/2,0.0,0.3025664546795569,0.282097915090877
0-1,0-1,0.0,0.5555801548587039,0.43669842207644927
1-0,1-0,0.0,0.44778987203140874,0.5344593746957225
1-0,0-1,0.0,0.49149932732406887,0.48019952737506627
1-0,1-0,0.0,0.47504718186197736,0.4959911881643289
0-1,1-0,0.0,0.3988122139090918,0.5954773952501509
1-0,1-0,0.0,0.3531857997562013,0.6191935885036051
0-1,1-0,0.0,0.47304352825673535,0.5143353988296134
0-1,0-1,0.0,0.5152821105809142,0.46926878071208994
0-1,1-0,0.0,0.47431253674831175,0.5129424308186706
1-0,1-0,0.0,0.46120078056373454,0.5263156453881501
1-0,0-1,0.0,0.5297061589425978,0.46034711386704513
0-1,1-0,0.0,0.4493486116134205,0.5034422337502716
1-0,1-0,0.0,0.4513149697636994,0.4684915444754231
0-1,1-0,0.0,0.3538918094751061,0.6389264026421846
1-0,1-0,0.0,0.3868938811869053,0.5891286583129167
1-0,0-1,0.0,0.46312604187217027,0.46160563118004805
0-1,1-0,0.0,0.4824947487369238,0.5084455504894416
0-1,1-0,0.0,0.47489773137920854,0.5055628903749251
1-0,1-0,0.0,0.4903478938322692,0.4966391582260163
1-0,1-0,0.0,0.3339235415722355,0.6610268585030058
1-0,1-0,0.0,0.48056800980964326,0.510531233611335
0-1,0-1,0.0,0.5218813409337439,0.4284148891424001
1-0,1-0,0.0,0.44590634654695815,0.5251745039565879
0-1,0-1,0.0,0.44775345504825326,0.4398623592045012
0-1,1-0,0.0,0.424628928802971,0.5644239918454855
0-1,1-0,0.0,0.38664117285215566,0.6066864487938889
0-1,1-0,0.0,0.47315736329864083,0.48264117676345897
1-0,1-0,0.0,0.47143486974818705,0.5184072430228903
0-1,0-1,0.0,0.5406560127860316,0.4367503630254861
0-1,1-0,0.0,0.4617353146188476,0.5306458840087371
0-1,1-0,0.0,0.4825245468119928,0.48999797380077004
1-0,0-1,0.0,0.5284023068279379,0.42460026071145884
1-0,1-0,0.0,0.4433870492941769,0.5498907856025929
0-1,1-0,0.0,0.4040464505985402,0.5773763409951373
0-1,1-0,0.0,0.4826397281141823,0.502879652776583
1-0,0-1,0.0,0.5235110783285353,0.4620782186281977
0-1,1-0,0.0,0.48244784118074524,0.5012123824396414
0-1,1-0,0.0,0.34699399960709953,0.3765414955302686
0-1,0-1,0.0,0.4931104299416322,0.47710308450403993
0-1,1-0,0.0,0.4443907421440341,0.49409919699757066
1-0,1-0,0.0,0.4723072272862272,0.5154642360931186
1-0,0-1,0.0,0.48029748043913223,0.47703851196052843
1-0,1-0,0.0,0.4897578941344498,0.5018291082926035
1-0,1-0,0.0,0.4619409912240655,0.5240901169283458
1-0,1-0,0.0,0.4860115811098005,0.4882871801208771
0-1,1-0,0.0,0.4783122953902622,0.5112072602246416
1-0,1-0,0.0,0.4821507194127079,0.5026845610660051
1-0,1-0,0.0,0.48645257217305377,0.49272982152158323
0-1,1-0,0.0,0.45758599584797455,0.531186000244375
1/2-1/2,0-1,0.0,0.42870494243316243,0.40203936209676583
1-0,0-1,0.0,0.49038932480250175,0.4733664374874423
1-0,0-1,0.0,0.466580810679514,0.46642373079166827
1-0,1-0,0.0,0.47318849589822903,0.5151826332954799
1-0,1-0,0.0,0.46858395961867094,0.5149360929578426
1-0,1-0,0.0,0.40701427419732483,0.5349677487365734
1-0,0-1,0.0,0.49524016539893956,0.462631403957139
0-1,1-0,0.0,0.489190138189575,0.4931605396705695
0-1,0-1,0.0,0.4900473667874365,0.43293070433110464
0-1,1-0,0.0,0.48671488161739246,0.49564600306334
1-0,0-1,0.0,0.4650921415137074,0.46289818113028613
1-0,1-0,0.0,0.4226099026985713,0.5569109750724138
1-0,1-0,0.0,0.4201677068619059,0.5667083735756456
0-1,1-0,0.0,0.45805075590147476,0.5316357661166564
0-1,1-0,0.0,0.4628149597348998,0.5258035137155076
0-1,1-0,0.0,0.4268368646793044,0.5292989857049257
0-1,1-0,0.0,0.48078233633815853,0.5088573230719903
1-0,1-0,0.0,0.42520960758418896,0.5673619048405777
0-1,0-1,0.0,0.5282400101886325,0.4575928248693344
0-1,1-0,0.0,0.43196311371657375,0.5203868993371251
1-0,1-0,0.0,0.48300237239783395,0.49860067028198496
0-1,0-1,0.0,0.5290893126296863,0.4489154036533975
0-1,1-0,0.0,0.32943096668281086,0.665272713259429
0-1,1/2-1/2,0.0,0.221661626768436,0.17239810229190644
0-1,0-1,0.0,0.5408225055362934,0.439349936346892
1-0,1-0,0.0,0.4496638291519034,0.5421894874602676
1-0,0-1,0.0,0.5393281184916399,0.4504279643337577
1-0,1-0,0.0,0.49329320156383505,0.49379835840126884
1-0,1-0,0.0,0.48777091235203324,0.5033214050659209
1-0,0-1,0.0,0.4863022644304869,0.48542018773751155
0-1,1-0,0.0,0.46392213632282553,0.521177635258835
1-0,1-0,0.0,0.4605467280031503,0.5297155602813669
0-1,0-1,0.0,0.6170006371431216,0.37930494175449897
0-1,0-1,0.0,0.5115783054512909,0.473479792616036
0-1,0-1,0.0,0.5233536242108557,0.4577490785573168
0-1,0-1,0.0,0.5248335124703205,0.3696758968815984
0-1,1-0,0.0,0.4876496658932752,0.487976911231485
0-1,0-1,0.0,0.5063328443421651,0.464458343244791
0-1,0-1,0.0,0.531742162677164,0.44824359785318696
0-1,1-0,0.0,0.4618769287059736,0.5240988246369431
1-0,1-0,0.0,0.47674450526644085,0.4837316959885727
0-1,1-0,0.0,0.3826859603797386,0.602356411500174
1-0,0-1,0.0,0.4956626156035492,0.4849702608703205
0-1,1-0,0.0,0.49128730014239497,0.49480738988606393
0-1,1-0,0.0,0.48289664777328023,0.4985571379723544
0-1,1-0,0.0,0.46617085997049285,0.5031677776191023
0-1,1-0,0.0,0.47152540021522693,0.5189718814113836
1-0,0-1,0.0,0.4982104787805668,0.48728745692422143
0-1,0-1,0.0,0.5148092316854818,0.4551106933037175
0-1,1-0,0.0,0.43008531673724026,0.535465375963103
1-0,1-0,0.0,0.026102652657822304,0.9738762604531213
0-1,1-0,0.0,0.4544068980820229,0.5274579620965144
1-0,1-0,0.0,0.4521731456259192,0.5322351174586287
0-1,1-0,0.0,0.46429759794454317,0.5240606623113907
0-1,1-0,0.0,0.48893617867562944,0.49999069828759757
0-1,0-1,0.0,0.5624306252030097,0.4248222776126715
1-0,1-0,0.0,0.4222027184304184,0.5481516650851257
1-0,1-0,0.0,0.44568153734120297,0.5269962614668384
0-1,1-0,0.0,0.4454972588401055,0.5386745851606966
1-0,0-1,0.0,0.4893096558462137,0.4856707725363107
1-0,0-1,0.0,0.5145283387985331,0.4501777138438512
0-1,0-1,0.0,0.4936955455405076,0.490702765739098
0-1,1-0,0.0,0.4856623963664718,0.5016626700131336
0-1,0-1,0.0,0.5034793780393937,0.4842806840820723
1-0,1-0,0.0,0.4907382113685874,0.5012101589624789
1-0,0-1,0.0,0.5960234816230122,0.3890743116837444
0-1,0-1,0.0,0.523464601154723,0.44843348178887543
0-1,1-0,0.0,0.46533250833824175,0.5229804056339147
1-0,1-0,0.0,0.4821308101314828,0.4986718553410385
1-0,1-0,0.0,0.46409374852009744,0.5222775148715292
1-0,0-1,0.0,0.5141218294327684,0.46912248631113185
1-0,1-0,0.0,0.47272770819718674,0.4984081164741952
0-1,0-1,0.0,0.4897394848859462,0.48166569550546495
0-1,1-0,0.0,0.15555462682248303,0.8429640479072028
1-0,1-0,0.0,0.4758253611509764,0.5166211025691456
0-1,1-0,0.0,0.48781271059558173,0.4931733797207504
1-0,0-1,0.0,0.49889535873907137,0.48680538568988924
1-0,1-0,0.0,0.042616422894097755,0.9573132067346074
0-1,1-0,0.0,0.4386365016009787,0.5554240886553433
0-1,1-0,0.0,0.3789739182765055,0.589540176761814
1-0,1-0,0.0,0.378231462617125,0.6097039640387978
1-0,1-0,0.0,0.41286909749947426,0.5713522265386073
0-1,1-0,0.0,0.39953020016089646,0.5790714059142854
0-1,1-0,0.0,0.4242014656841427,0.5526226504369596
1-0,1-0,0.0,0.37091551470791145,0.6249329352711566
0-1,1-0,0.0,0.4167934307416781,0.5617382580752808
0-1,1-0,0.0,0.42928483571527676,0.5624814855978867
1/2-1/2,1-0,0.0,0.4292238745517658,0.43992493853352826
1-0,1-0,0.0,0.47304045865628874,0.513409035140709
0-1,0-1,0.0,0.4920696361941688,0.4862106438332974
1-0,1-0,0.0,0.466530888989426,0.5226713167762259
1-0,1-0,0.0,0.39998209560264186,0.5944305292496007
1-0,1-0,0.0,0.4617148106897209,0.5156330565433167
0-1,1-0,0.0,0.4745246888722045,0.4965257783817813
0-1,0-1,0.0,0.5156930582812803,0.4535768840437086
1-0,1-0,0.0,0.43797809943460614,0.5560227684488939
1-0,1-0,0.0,0.48992237444290926,0.4931238631142831
0-1,0-1,0.0,0.5089829347681056,0.468740042534633
1-0,1-0,0.0,0.4776525302046186,0.49896939627566606
0-1,1-0,0.0,0.4518631885410115,0.5084345772725029
0-1,1-0,0.0,0.4735983260671948,0.4851283951320014
0-1,1-0,0.0,0.3747007391000016,0.6143914792010289
0-1,0-1,0.0,0.4256200431781792,0.4217146537287325
0-1,1-0,0.0,0.4288400720482707,0.5621216181014737
1/2-1/2,1-0,0.0,0.4395833808298884,0.44002447798367866
0-1,0-1,0.0,0.5293664470016646,0.44034031486313757
0-1,0-1,0.0,0.5306463495083269,0.44810628453036927
1-0,1-0,0.0,0.44155742811876403,0.5492861445273727
0-1,0-1,0.0,0.5319498178071704,0.43959279395873185
1-0,1-0,0.0,0.4747927654060227,0.4982055681741993
0-1,1-0,0.0,0.46189285332000796,0.5079784152713984
1-0,1/2-1/2,0.0,0.040445126571532174,0.04562060818633459
1-0,0-1,0.0,0.5177101478746419,0.47022399342774795
1-0,1-0,0.0,0.3960407047742556,0.598383623625838
0-1,0-1,0.0,0.3951460608722474,0.3744849602361495
0-1,1-0,0.0,0.4748590316860122,0.5072899552482057
1-0,1-0,0.0,0.46990258769756027,0.5191615859932235
0-1,1/2-1/2,0.0,0.3016603431165555,0.27641310817022774
1-0,0-1,0.0,0.49682623628382777,0.4810643753768349
0-1,0-1,0.0,0.5062740286756303,0.4652705099120916
1-0,1-0,0.0,0.4159149528468561,0.5652539423327471
1-0,1-0,0.0,0.47975391515333665,0.4985641953951817
1-0,0-1,0.0,0.5659531173804051,0.4081018455477956
1-0,1-0,0.0,0.4867686953505871,0.5028568311105506
0-1,1-0,0.0,0.38836679422661075,0.6064468906066179
0-1,0-1,0.0,0.48685258450121,0.4855106836366202
0-1,0-1,0.0,0.5382599308210974,0.45181423893734723
0-1,1-0,0.0,0.37953187499654895,0.6139943806466701
0-1,1-0,0.0,0.46970237529026215,0.5170242846337132
0-1,1-0,0.0,0.44627538334547084,0.5450330760135432
0-1,1-0,0.0,0.44011844981294584,0.49667655143301914
1-0,1-0,0.0,0.4256643651208749,0.5577925847084061
0-1,0-1,0.0,0.4992255592048304,0.4783865208533614
1-0,0-1,0.0,0.43342218095228546,0.3209015123221456
0-1,1-0,0.0,0.46971015444521125,0.5067707278747879
1-0,0-1,0.0,0.42064203500295083,0.36274334197237423
0-1,0-1,0.0,0.5577146008642715,0.42118907232234065
0-1,0-1,0.0,0.4977247280146772,0.4099358441214199
0-1,1-0,0.0,0.3265422595684871,0.3510026273334972
0-1,1-0,0.0,0.4660593437192402,0.5203120631185694
0-1,0-1,0.0,0.49627558995279736,0.4615384425273199
1-0,1-0,0.0,0.4932526956249678,0.49549327650017844
0-1,0-1,0.0,0.5056051700669941,0.48217535436846337
0-1,1-0,0.0,0.4824830163060995,0.49995320308361324
0-1,0-1,0.0,0.49379722098665146,0.4869532703931994
0-1,0-1,0.0,0.47184272524625265,0.47091875137913536
1-0,0-1,0.0,0.48050893132473826,0.4192277702013478
0-1,1-0,0.0,0.4880020967611022,0.49053043709403865
1-0,1-0,0.0,0.42993904527381466,0.453084419356709
1-0,1-0,0.0,0.45690866983032163,0.5051966276366723
1-0,1-0,0.0,0.4581604296729019,0.5313704925664967
0-1,0-1,0.0,0.5101907170729252,0.44279471695334627
1-0,0-1,0.0,0.49326358729005026,0.4887101521418654
0-1,1-0,0.0,0.40808619575339244,0.5203532010225265
0-1,1-0,0.0,0.4628067133870543,0.5204151451297656
1-0,0-1,0.0,0.4892465649544393,0.48919666792805727
0-1,1-0,0.0,0.46022322104972896,0.46714047029752
1-0,1-0,0.0,0.4467689004570337,0.5427063666346327
0-1,1-0,0.0,0.4542106005841162,0.5370849418001479
0-1,0-1,0.0,0.5907708675275279,0.3902883818558666
1-0,1-0,0.0,0.3971914009757591,0.4567374896760327
1-0,0-1,0.0,0.5646460436002271,0.42357709491011314
0-1,1-0,0.0,0.36275556573530887,0.624873206141997
1/2-1/2,0-1,0.0,0.3660360793934337,0.30284992981570685
0-1,1-0,0.0,0.48141561397011673,0.507325853777604
1/2-1/2,0-1,0.0,0.42531611315358464,0.39565029417975245
1-0,1-0,0.0,0.45631670594746526,0.48395828582677347
0-1,0-1,0.0,0.539831831530155,0.4438787644397488
1-0,0-1,0.0,0.49498573751033964,0.4907933810202918
0-1,0-1,0.0,0.5225514555833752,0.46398377845312483
1-0,0-1,0.0,0.5173239234661583,0.4678807908745578
1-0,0-1,0.0,0.5631217433265984,0.42121525765790724
1-0,1-0,0.0,0.4287137272344003,0.5278379197086669
0-1,1-0,0.0,0.3277948219294284,0.6126754626541928
1-0,1-0,0.0,0.4856293196809983,0.49477157648752024
1-0,1-0,0.0,0.4107916724782048,0.5669153416638553
0-1,1-0,0.0,0.46850740170577254,0.4745667082903481
0-1,1-0,0.0,0.4643330607955618,0.5086365800635809
1-0,0-1,0.0,0.57814902391921,0.3794554114284766
0-1,0-1,0.0,0.5932288677677008,0.4056193541250561
0-1,0-1,0.0,0.4853003410721045,0.47113901099240846
0-1,0-1,0.0,0.5117796158846798,0.4540953737005084
0-1,0-1,0.0,0.5182798035224081,0.47018237097786164
0-1,0-1,0.0,0.4863524933495385,0.47345502359316594
0-1,0-1,0.0,0.49178095542683614,0.4739695801569692
0-1,0-1,0.0,0.45332094086443153,0.4380192449865205
0-1,1-0,0.0,0.4624779466173086,0.5230710864522596
1-0,1-0,0.0,0.47082655472883567,0.5058739314076485
1-0,0-1,0.0,0.5013928728670405,0.45308845622212285
1-0,1-0,0.0,0.4479178071359115,0.5233893431924704
0-1,0-1,0.0,0.5127106729377704,0.4685775948093482
0-1,1-0,0.0,0.1717881021267662,0.8238384115681898
0-1,0-1,0.0,0.4852567084616377,0.46480526044217785
1-0,0-1,0.0,0.5603852634795778,0.4393787912532199
1-0,0-1,0.0,0.5671818948804899,0.4125123804796075
1-0,1-0,0.0,0.4809570119629354,0.4876198084362899
1-0,1-0,0.0,0.4880021574513953,0.5006346764248059
0-1,1-0,0.0,0.41572957257164705,0.5756537326954483
0-1,1-0,0.0,0.46132125774596583,0.5231756287797387
0-1,0-1,0.0,0.5018936497371921,0.4771548376739438
1-0,1-0,0.0,0.4888632835162518,0.5005362788273022
1-0,0-1,0.0,0.5059373562387257,0.47886243428710545
0-1,1-0,0.0,0.47936245477568173,0.5088190034873397
0-1,1-0,0.0,0.4839374328398389,0.5001707209413496
0-1,0-1,0.0,0.488446932061231,0.47134085462008135
1-0,0-1,0.0,0.5006847482994812,0.47596599052730315
0-1,1-0,0.0,0.49500826196368186,0.495050984528081
1-0,1-0,0.0,0.4848375711314535,0.4924215737088964
1-0,1-0,0.0,0.47024806851601714,0.5171077422744629
1-0,1-0,0.0,0.459551601131673,0.5212161971799376
1-0,0-1,0.0,0.46665974295684287,0.4246214105072201
0-1,0-1,0.0,0.5020830403295347,0.47918296160559526
1-0,1-0,0.0,0.4854899684194397,0.48834451527237627
1-0,0-1,0.0,0.49765615902864996,0.4916292108509621
0-1,1/2-1/2,0.0,0.21323368886243027,0.24330491181052094
1-0,1-0,0.0,0.405587160712772,0.5740510071878766
1-0,1-0,0.0,0.45635323657078725,0.526690298308479
1-0,1-0,0.0,0.4556579542174134,0.5047028711101041
0-1,1-0,0.0,0.45393956314017814,0.5356336895815733
1-0,0-1,0.0,0.5064905508587535,0.4777723697186296
1-0,1-0,0.0,0.45982076578183245,0.5252373003385425
0-1,1-0,0.0,0.48328858965283084,0.4993607482758445
0-1,1-0,0.0,0.3725770225314707,0.5043059440431849
1-0,1-0,0.0,0.46374623135445,0.5037782756602553
0-1,1-0,0.0,0.433746168865667,0.5322900185990123
0-1,0-1,0.0,0.36031892509351926,0.3096086008993247
1-0,0-1,0.0,0.41231881816797356,0.3869974922743679
1-0,0-1,0.0,0.5033259452315709,0.4729811713106524
0-1,0-1,0.0,0.5119980869253978,0.4364166916279472
1-0,1/2-1/2,0.0,0.13843537433974465,0.13340489555443868
1-0,0-1,0.0,0.4969691364526873,0.49480936090503325
1-0,1-0,0.0,0.4397571535637161,0.544777069813915
0-1,1-0,0.0,0.3917403455782198,0.598089732690232
1-0,0-1,0.0,0.4908749870428762,0.45270241941579253
1-0,1-0,0.0,0.49413488133292477,0.4960306716985998
1-0,0-1,0.0,0.4942135309518572,0.49376180146592935
1-0,1-0,0.0,0.46947362287130406,0.5087575484099973
1-0,1-0,0.0,0.4291873907229068,0.5615472872888846
1-0,1-0,0.0,0.4660397527698003,0.5132391657664175
1-0,1-0,0.0,0.4303819640363053,0.5385005847941805
1-0,1-0,0.0,0.4198371053622112,0.5684996317447562
1-0,0-1,0.0,0.4866177411575444,0.48563711708467133
1-0,0-1,0.0,0.41304852158149685,0.3734272371079456
0-1,1-0,0.0,0.4427809247491618,0.5422624231495847
1/2-1/2,1-0,0.0,0.4380565654620359,0.5093546927586723
1-0,1-0,0.0,0.4831795609045343,0.49448939654104346
1-0,1-0,0.0,0.45535807293149816,0.5295044259483308
0-1,1-0,0.0,0.3540652900736459,0.6340453817290471
0-1,1-0,0.0,0.47907135075113366,0.4947354919836589
1-0,0-1,0.0,0.3771534220347039,0.36825672073255994
0-1,1-0,0.0,0.43268125902965604,0.43899542074254844
0-1,0-1,0.0,0.5639637422590646,0.3905313065120448
0-1,1-0,0.0,0.4802180898716316,0.5089785369181418
0-1,1-0,0.0,0.3563693128733089,0.6362101663096347
0-1,1-0,0.0,0.4578315905425835,0.5309470080956886
0-1,1-0,0.0,0.48696416864736275,0.5002499008950414
0-1,1-0,0.0,0.48834051452697996,0.49166993868893155
0-1,1-0,0.0,0.3891752907610765,0.4725030121306947
1-0,1-0,0.0,0.4450796101078725,0.5480071231384861
1-0,0-1,0.0,0.611184323379267,0.3870065172135518
0-1,0-1,0.0,0.5541251386355407,0.42573495918778204
0-1,1-0,0.0,0.39388202197973604,0.5640063245584348
1-0,0-1,0.0,0.5058902805136932,0.47542514673812364
0-1,0-1,0.0,0.5236457496367384,0.46422905505557
0-1,1-0,0.0,0.4861320599868144,0.5016955271856669
1/2-1/2,1-0,0.0,0.2163700957255831,0.6932516170930466
1-0,1-0,0.0,0.49314437861614346,0.49619704327428016
0-1,1-0,0.0,0.45600172648089554,0.5331654714479198
1-0,1-0,0.0,0.47676878890149726,0.49932535039344533
1-0,1-0,0.0,0.4298334302005008,0.5610885276260607
1-0,1-0,0.0,0.44543025107588113,0.5416353667384294
0-1,0-1,0.0,0.5975917919192597,0.4007366749715041
1-0,0-1,0.0,0.5000455054546179,0.4621851848998298
1-0,1-0,0.0,0.42465471619278583,0.47297144757180865
1-0,1-0,0.0,0.47873101540896235,0.5068963214293414
1-0,0-1,0.0,0.5289698617919749,0.45490042436798106
0-1,1-0,0.0,0.45666986688629896,0.5295507757506316
1-0,0-1,0.0,0.49477083591828336,0.47067973042208394
0-1,0-1,0.0,0.5895042623253699,0.4020430577963796
1-0,1-0,0.0,0.3665100111882778,0.6285389303697497
1/2-1/2,0-1,0.0,0.45680140560513516,0.45590161592072653
0-1,0-1,0.0,0.4985879364541703,0.49029231327432227
1-0,0-1,0.0,0.5256006467800681,0.39080409639154234
1-0,1-0,0.0,0.45736645128848946,0.5225942360697916
0-1,0-1,0.0,0.4725898274565274,0.4511404124911892
1-0,0-1,0.0,0.49705172731124486,0.48933983857420527
1-0,1-0,0.0,0.31338476821537403,0.47917500953016756
1-0,1-0,0.0,0.4349656753410129,0.5555360811978921
0-1,1-0,0.0,0.4937176284258805,0.4960100447008367
0-1,1-0,0.0,0.22278241347155447,0.7761184073610619
1-0,1-0,0.0,0.15349088653093484,0.8460335128118341
1-0,0-1,0.0,0.4842414275861386,0.48172689737697943
1-0,0-1,0.0,0.4942137428915585,0.48517880505732186
1-0,1-0,0.0,0.47518617660090867,0.5064203331903072
0-1,1-0,0.0,0.4721454847550151,0.5041817789897515
0-1,1-0,0.0,0.48930963683931966,0.4951716105684856
1-0,1-0,0.0,0.4851394082669124,0.4956450559191697
0-1,0-1,0.0,0.5985452769833651,0.40064520128358144
1-0,1-0,0.0,0.23341143669015818,0.7653202206411461
0-1,0-1,0.0,0.37649788159372416,0.3707681994891817
1-0,1-0,0.0,0.37894686261478855,0.4116519847980193
1-0,0-1,0.0,0.34286729639641295,0.33155763958871676
1-0,1-0,0.0,0.4927776741259475,0.4962936459378289
0-1,1-0,0.0,0.474205068200965,0.5177795617148264
0-1,1/2-1/2,0.0,0.319221155844714,0.29487541988131133
1-0,1-0,0.0,0.4585752504738791,0.5334780371083595
1-0,1-0,0.0,0.4635739996089485,0.5265774010897571
1-0,0-1,0.0,0.47497947419201464,0.45410403427387214
0-1,1-0,0.0,0.4628267493048282,0.4965909417478743
0-1,1-0,0.0,0.4329798477450273,0.5493471927797796
0-1,1-0,0.0,0.32630543089378183,0.6708118425163608
1-0,0-1,0.0,0.5145971801909675,0.4561299465590526
0-1,0-1,0.0,0.5172540872200664,0.3694772782672711
0-1,1-0,0.0,0.46507447726258816,0.515406539619104
1-0,1-0,0.0,0.47048488742925837,0.5180858908787309
1-0,1-0,0.0,0.33176600428176317,0.35359347256622686
0-1,1-0,0.0,0.43166495161532914,0.534262022420554
1-0,1-0,0.0,0.47032979288564136,0.5108575900904507
0-1,1-0,0.0,0.47674395067596886,0.506228393808759
0-1,1-0,0.0,0.4085176475181323,0.5815517749057179
0-1,1-0,0.0,0.48413894248114187,0.5043479335373887
0-1,1-0,0.0,0.4706106529934036,0.508229488734022
1-0,1-0,0.0,0.44986560066864695,0.534409531719871
0-1,0-1,0.0,0.5137096291474926,0.4688926059307793
0-1,1-0,0.0,0.43948901250610406,0.5120623243011491
1-0,0-1,0.0,0.4984851465141091,0.47267099892093434
0-1,1-0,0.0,0.34492325410517227,0.6442545398550399
1-0,1-0,0.0,0.4759513169544759,0.5092320790300637
0-1,1-0,0.0,0.42289144803334483,0.5552423605151227
1-0,1-0,0.0,0.46559291795845126,0.4937831970940424
1-0,1-0,0.0,0.4723001918961308,0.5170323203579037
0-1,1-0,0.0,0.4542819141227575,0.48333893364951935
1-0,0-1,0.0,0.4678357751862387,0.4601712352290042
0-1,1-0,0.0,0.4450968995683013,0.5467456761704579
0-1,0-1,0.0,0.5079186994090906,0.4813953032785537
1/2-1/2,1/2-1/2,0.0,0.3153997585098634,0.3042918627202415
0-1,0-1,0.0,0.48514882197319487,0.46660819479759874
0-1,1-0,0.0,0.4842017196959353,0.5021258887291028
0-1,0-1,0.0,0.5009606314527477,0.47814570159277014
0-1,1-0,0.0,0.47794553048399985,0.4881578211107469
1-0,0-1,0.0,0.6066246175839455,0.37915763463032043
0-1,1-0,0.0,0.47927501773585096,0.4971372959901705
1-0,1-0,0.0,0.38966087235696245,0.5121515026047146
1/2-1/2,0-1,0.0,0.40534098356994064,0.385669944524934
1-0,1-0,0.0,0.4625052158845416,0.5240651437515571
1/2-1/2,1-0,0.0,0.45212360383598155,0.46239442971511063
0-1,1-0,0.0,0.4606924773483229,0.5104497463452451
0-1,0-1,0.0,0.4991488017625925,0.48448612184780576
0-1,1/2-1/2,0.0,0.3423849413661164,0.3002249199402924
1-0,0-1,0.0,0.49524368342673886,0.48534117109144775
1-0,0-1,0.0,0.4929987738180263,0.4862142966044274
1-0,0-1,0.0,0.49975120750594537,0.4849002951417258
1-0,0-1,0.0,0.4888626247090155,0.4625535796366423
0-1,1-0,0.0,0.4699301308962435,0.49731706891721666
1-0,0-1,0.0,0.5128273410525663,0.45408558486563394
0-1,1-0,0.0,0.4569077786492609,0.4984995128922036
0-1,0-1,0.0,0.4920148147948509,0.4525392587000205
1-0,1-0,0.0,0.47146316137010097,0.5179382702577329
0-1,0-1,0.0,0.489551031641498,0.4802772443819112
1-0,1-0,0.0,0.464118158272813,0.5236989167074266
0-1,0-1,0.0,0.5641841463482277,0.42414904521919866
0-1,1-0,0.0,0.3570935737645308,0.6285633705717895
0-1,0-1,0.0,0.5005881178111681,0.48643397996804655
1-0,0-1,0.0,0.46237008135727103,0.45040417917055847
1-0,1-0,0.0,0.43117582186676195,0.5456723497534955
1-0,0-1,0.0,0.5145446502461498,0.46828757589104764
1-0,0-1,0.0,0.5324996674754563,0.4523517065680411
1-0,1-0,0.0,0.43198653081767685,0.5476666610358146
1-0,1-0,0.0,0.48273560099375395,0.5011595755818824
1/2-1/2,0-1,0.0,0.578058701586028,0.4104187767196234
0-1,0-1,0.0,0.6080682881064804,0.38587613469139587
0-1,1-0,0.0,0.47074488270816744,0.5211707603528155
0-1,1-0,0.0,0.4349122549483869,0.5543726528912146
1-0,0-1,0.0,0.4898194172986554,0.4751907092209631
1-0,1-0,0.0,0.4742483733564379,0.5076638875861751
1-0,0-1,0.0,0.5031002288890483,0.4761334574075372
1-0,1-0,0.0,0.4401942080523717,0.5296700599977361
1-0,0-1,0.0,0.4665849721634334,0.44465988494836317
1-0,1-0,0.0,0.449905675433387,0.5328938946877781
0-1,0-1,0.0,0.5792405559987475,0.41096803263644716
1-0,0-1,0.0,0.5131746338716241,0.4616094947078806
1-0,0-1,0.0,0.36031028602926063,0.35973224704608847
0-1,1-0,0.0,0.46915570811796004,0.5187944580380888
1-0,1-0,0.0,0.4507265780152607,0.5412263620695608
1-0,1-0,0.0,0.47615855976347327,0.5092969718217323
1-0,0-1,0.0,0.5807436488441161,0.4129396976549358
1-0,1-0,0.0,0.4663505383257834,0.5156885235211036
0-1,1-0,0.0,0.4747973871507302,0.49640144466232283
1-0,0-1,0.0,0.46680727550445006,0.43138929669308534
1-0,1-0,0.0,0.4558002212623106,0.509066654068094
1-0,1-0,0.0,0.43814599074991045,0.5505686148445693
0-1,0-1,0.0,0.491814115754259,0.48986122178945474
1-0,0-1,0.0,0.4994725568612139,0.48469507079975094
0-1,0-1,0.0,0.4966560653038709,0.48753106939815566
0-1,0-1,0.0,0.5347360642531548,0.4480781792734348
1-0,1-0,0.0,0.4672628146800804,0.5237111095698476
0-1,1-0,0.0,0.48801719981204544,0.5011498878738899
1-0,1-0,0.0,0.45906444089175696,0.515622459204455
0-1,1-0,0.0,0.4830260961325188,0.4888443579991945
0-1,1-0,0.0,0.43059159669633174,0.5585419901117928
1-0,1-0,0.0,0.4893271799382045,0.4907949095154139
0-1,0-1,0.0,0.5129154576616068,0.4722435856694165
1-0,1-0,0.0,0.38744888814703154,0.608229165791488
1-0,0-1,0.0,0.5331840876227155,0.4260245841158441
0-1,1-0,0.0,0.47944391780868845,0.5028184587153397
0-1,1-0,0.0,0.419778770011019,0.4232739477692277
1-0,0-1,0.0,0.49536473664156233,0.49532163230376974
1-0,0-1,0.0,0.5155421859083742,0.4642252045783754
1-0,1-0,0.0,0.4921966644492544,0.4934965292396299
0-1,0-1,0.0,0.49393037011639945,0.48300357530419613
0-1,1-0,0.0,0.45014567132570804,0.4514466164590264
1-0,1-0,0.0,0.49221203804674923,0.49348340565781307
1-0,1-0,0.0,0.46208514824910807,0.5192730794916
0-1,1-0,0.0,0.4777745024365308,0.4911045389221842
0-1,0-1,0.0,0.49965501095152015,0.4609807335422725
1-0,1-0,0.0,0.1887596618505748,0.8073978619933487
0-1,1-0,0.0,0.4791845700854536,0.4814185159315371
0-1,1-0,0.0,0.4580573205482924,0.5262251111946648
0-1,0-1,0.0,0.6085817868253022,0.38245203519966053
1-0,0-1,0.0,0.4866552203528445,0.479416671213782
0-1,1-0,0.0,0.46010309227011115,0.4846371605372286
0-1,0-1,0.0,0.5183474862382462,0.46619808232264776
1-0,1-0,0.0,0.47387269538650295,0.5150646744536881
0-1,1/2-1/2,0.0,0.1834999148398735,0.181980685698983
0-1,0-1,0.0,0.4914259014956601,0.488242532418286
1-0,0-1,0.0,0.4846301392456648,0.4688584944515881
1-0,0-1,0.0,0.5565964306134749,0.4264737927250438
1-0,1-0,0.0,0.45761662252037716,0.53353277923749
0-1,1-0,0.0,0.4654061134733842,0.5275517453344621
1-0,1-0,0.0,0.41215008459525837,0.5813909788255486
0-1,0-1,0.0,0.6109083345018329,0.3826562875145079
1-0,1-0,0.0,0.48467570470320204,0.49058285467394697
1-0,1-0,0.0,0.4797197669714517,0.5038709764534376
1-0,1-0,0.0,0.4464683344455893,0.538873958240821
0-1,1-0,0.0,0.48965454063675173,0.49410946375418024
0-1,1-0,0.0,0.44876671581884403,0.46814675675210476
1-0,0-1,0.0,0.5505327982574493,0.437089447621112
1-0,1-0,0.0,0.4347594891829401,0.5565263115773568
1-0,1-0,0.0,0.4468555913068221,0.5429085191337424
1/2-1/2,0-1,0.0,0.602619602347292,0.3846644955098278
0-1,0-1,0.0,0.4936068616776922,0.4814485928825375
0-1,0-1,0.0,0.5251339704507357,0.45776624315398273
0-1,1-0,0.0,0.4885072496177551,0.49091291085952715
0-1,1-0,0.0,0.46540353092751263,0.5123747974877392
1/2-1/2,1-0,0.0,0.3561008097920618,0.38846398737007193
0-1,0-1,0.0,0.5136941821551628,0.46326317466696626
1-0,0-1,0.0,0.48717672143232993,0.4591954192206758
0-1,1-0,0.0,0.452453248985073,0.514726345785484
1-0,1/2-1/2,0.0,0.10119566660797662,0.12093674562384897
0-1,1-0,0.0,0.34892392032389025,0.44976967573504045
0-1,0-1,0.0,0.49583279598063335,0.4891342886409838
1/2-1/2,1-0,0.0,0.4200788507307647,0.42433595246066486
1-0,1-0,0.0,0.4762941087778801,0.48939719836119655
1/2-1/2,1-0,0.0,0.4381431281033566,0.4411619845396924
1-0,1-0,0.0,0.1418393363979754,0.8579416152746855
1-0,1-0,0.0,0.48276414707918097,0.5004233528020432
1-0,1-0,0.0,0.4622826162098499,0.5222380045857967
0-1,1-0,0.0,0.4659144943933244,0.5269305729791163
0-1,0-1,0.0,0.5371246060022828,0.4441437402747841
1-0,1-0,0.0,0.4273614223811541,0.5635398270871061
0-1,1-0,0.0,0.4544311580952494,0.5389072687002123
1/2-1/2,1/2-1/2,0.0,0.3276097807781219,0.3261371413340496
1-0,1/2-1/2,0.0,0.28730917170184234,0.2925198983598952
0-1,1-0,0.0,0.4809824103279564,0.5029593048590368
1-0,1-0,0.0,0.40013026674509017,0.41052566558133824
0-1,1-0,0.0,0.41296850940506374,0.5687459183678213
1-0,1-0,0.0,0.4501934402866611,0.5151964718511094
0-1,1-0,0.0,0.447728110951986,0.5452359723962904
0-1,0-1,0.0,0.5224714609690746,0.4559838174026574
1/2-1/2,0-1,0.0,0.49067587289375836,0.4672649316055565
1-0,1-0,0.0,0.42097853257295476,0.5688444772331352
0-1,1-0,0.0,0.4826648366504821,0.5024010804739927
0-1,1-0,0.0,0.45166996716749225,0.5382547996845445
1-0,0-1,0.0,0.5430162297851108,0.43009732413771823
0-1,1-0,0.0,0.398236401816116,0.5696144874497878
1-0,1-0,0.0,0.47134745219706037,0.5179006968406776
1-0,1-0,0.0,0.45485727828169414,0.5242653643557472
0-1,1-0,0.0,0.3997432465253664,0.5882824034216922
1-0,1-0,0.0,0.06456311965732245,0.9354228187529444
1-0,0-1,0.0,0.5602501593510608,0.42901969126763756
0-1,0-1,0.0,0.5404893288328546,0.438553676186619
1-0,0-1,0.0,0.537701335002023,0.43621631592159776
1-0,1-0,0.0,0.40802723618419195,0.5817126791253568
1-0,1-0,0.0,0.47206239542972817,0.5122174376686205
1-0,0-1,0.0,0.5477720891995349,0.4307472652573588
0-1,0-1,0.0,0.5089581107285462,0.44065600193364834
1-0,0-1,0.0,0.48588541708409966,0.4822951021635704
1-0,0-1,0.0,0.4932574969370046,0.47986605602712185
1-0,1-0,0.0,0.47795313058148375,0.5043654771828153
0-1,0-1,0.0,0.5433177781549928,0.447787875104264
0-1,0-1,0.0,0.5130674135241227,0.45273140695355735
1/2-1/2,1-0,0.0,0.44581453763216694,0.52539185618132
0-1,1-0,0.0,0.4948337895797443,0.4959386789570614
1-0,1-0,0.0,0.3871730816826548,0.53300327977691
1-0,0-1,0.0,0.45074034078497754,0.3808642861168157
0-1,1-0,0.0,0.489048443815549,0.4968345940485385
0-1,1-0,0.0,0.4729059610785217,0.5149340616296468
1-0,1-0,0.0,0.21869228326792406,0.7797941196722291
1-0,1-0,0.0,0.46594195785872644,0.4965005635790963
1-0,1-0,0.0,0.46763328928993936,0.5099773794021725
1-0,1-0,0.0,0.4826929610622931,0.5028340909755535
0-1,1-0,0.0,0.4495605549060938,0.45346462339992194
0-1,0-1,0.0,0.512015320164912,0.4607542327966042
1-0,1-0,0.0,0.4854224407762538,0.49930305009400744
1-0,1/2-1/2,0.0,0.21828365230806543,0.20569490392047549
1-0,1-0,0.0,0.33640093602850846,0.39092201288647155
1/2-1/2,1-0,0.0,0.4687054359591341,0.48736503330812014
1-0,1-0,0.0,0.4644543282578048,0.5182296008060558
1-0,1-0,0.0,0.4180912219672423,0.4460107839575626
0-1,1-0,0.0,0.48752525983993084,0.4939108172153316
1-0,0-1,0.0,0.5196136382435182,0.4458871469073629
1-0,0-1,0.0,0.4886192499483549,0.4823633155794827
1-0,1-0,0.0,0.4880096071203697,0.4914328332376849
0-1,0-1,0.0,0.4493106859067981,0.4296357570894849
0-1,1-0,0.0,0.4681550163267488,0.48975471184511876
0-1,1-0,0.0,0.47062373845062794,0.5110239957778796
0-1,1-0,0.0,0.48113556744405256,0.5087156181239316
1-0,1-0,0.0,0.45296333168301867,0.5328084391907585
0-1,1-0,0.0,0.47777517806499514,0.49055422570606094
0-1,1-0,0.0,0.4724434868783481,0.5198886072929811
1-0,0-1,0.0,0.49794540864199743,0.4876540986862689
1-0,0-1,0.0,0.5134849251728718,0.45607497895781496
1-0,0-1,0.0,0.4682275749450653,0.4276378322414945
1-0,1-0,0.0,0.45666317659788214,0.46092671137163155
0-1,1-0,0.0,0.4926927781092162,0.4941627236565251
1-0,1-0,0.0,0.473355132355026,0.5120388005362378
1-0,1-0,0.0,0.43685800277615033,0.43986594877004737
0-1,1-0,0.0,0.4663974122612774,0.5245916617545144
1-0,1-0,0.0,0.3659817517983766,0.6240351235894203
1-0,0-1,0.0,0.5158764301431129,0.46471233848087795
1/2-1/2,1-0,0.0,0.47968575115595596,0.4896053085572569
0-1,1-0,0.0,0.3551575837525219,0.531422337393132
1-0,1-0,0.0,0.47554834243014227,0.5112265575949106
0-1,1-0,0.0,0.4668732895414881,0.5088310706141921
1-0,1-0,0.0,0.4038847654682201,0.40724916240110043
1-0,0-1,0.0,0.5659588984694682,0.40641757461934996
1-0,1-0,0.0,0.42531870372920955,0.5665869771477249
1-0,0-1,0.0,0.48341088159834794,0.4720671151727087
0-1,0-1,0.0,0.5014503772569454,0.4279741905346284
1/2-1/2,1-0,0.0,0.4732673094143757,0.4970150906749633
1-0,1-0,0.0,0.47160233475223495,0.514683204618737
0-1,1-0,0.0,0.4776530567293826,0.514020721806049
1-0,0-1,0.0,0.4986177418699078,0.4660956996597529
0-1,0-1,0.0,0.4825442511048024,0.4806502825850583
0-1,0-1,0.0,0.49217016488281445,0.4848242713194946
0-1,1-0,0.0,0.4362435448675882,0.5530810627118368
1-0,0-1,0.0,0.5736984775862057,0.41535786737011776
1-0,0-1,0.0,0.40938283189069075,0.34929604866833763
1-0,0-1,0.0,0.4862725597517986,0.4745861056995081
0-1,0-1,0.0,0.47422485560006133,0.469592953226557
1-0,1-0,0.0,0.3112167744597987,0.6033137809657995
0-1,0-1,0.0,0.5028471297738788,0.48086190281217195
0-1,0-1,0.0,0.503230697002051,0.48175036785452485
0-1,1-0,0.0,0.48287411632328836,0.49629650193413566
0-1,1-0,0.0,0.40095937642752405,0.5912183032213586
0-1,0-1,0.0,0.4887921400305345,0.48737244779776306
1-0,0-1,0.0,0.4868411073627243,0.44182293871905887
1/2-1/2,1-0,0.0,0.4116594377427692,0.5502851466188323
1-0,1-0,0.0,0.23412796805807431,0.7629668165475565
1-0,1-0,0.0,0.4808566069510564,0.49951528905917
1-0,0-1,0.0,0.513134237659987,0.4585529431027809
1-0,0-1,0.0,0.49785973748506995,0.48700744572305454
0-1,1-0,0.0,0.4424744305421222,0.5430463382085347
1-0,0-1,0.0,0.5085964580893183,0.44896704210668326
1-0,1-0,0.0,0.4576310379264629,0.5333471492597637
1-0,1-0,0.0,0.2201206208394254,0.7727683368315712
1-0,1-0,0.0,0.43792094973937545,0.5499580571722205
1-0,0-1,0.0,0.5254315183860737,0.44523381752951524
0-1,1-0,0.0,0.48586594887494783,0.49530800075967546
0-1,1-0,0.0,0.48077097523752443,0.5047101743334017
0-1,1-0,0.0,0.47595251258403126,0.49286706084111276
0-1,1-0,0.0,0.4620007652160937,0.5059281703497777
1-0,1-0,0.0,0.4582730656166127,0.5326615686665386
0-1,1-0,0.0,0.36119495497720877,0.45270041780734604
0-1,0-1,0.0,0.5026838061332237,0.478552142431469
0-1,0-1,0.0,0.5158360887737508,0.4743121271600858
1-0,1-0,0.0,0.4658180366993735,0.5029491096762864
1/2-1/2,0-1,0.0,0.4637527114247934,0.45387014034749334
0-1,1-0,0.0,0.480354833067625,0.5066075296243724
1-0,1/2-1/2,0.0,0.19792351330207666,0.22483707341094686
0-1,1-0,0.0,0.44774880244461507,0.5423649900552621
1-0,1-0,0.0,0.45065697659221354,0.45384160967938825
1-0,1-0,0.0,0.4804666348928012,0.5123572161749944
0-1,0-1,0.0,0.5157890606270487,0.4613802602813445
0-1,1-0,0.0,0.3389659737546202,0.6419369260554055
1-0,1-0,0.0,0.4671605328480474,0.5242019813223021
1-0,0-1,0.0,0.49688774593567153,0.48607729515866144
0-1,0-1,0.0,0.47501595001937486,0.4605543955745438
1-0,1-0,0.0,0.4364555865941755,0.49794194042008255
1-0,1-0,0.0,0.4251584877253347,0.5631473050174836
1-0,0-1,0.0,0.5169409013444796,0.46282718186400434
0-1,1-0,0.0,0.45391568837736396,0.5043172347723129
0-1,1-0,0.0,0.4574946572060579,0.5285109995752432
0-1,1-0,0.0,0.39119203547728026,0.6021007292624236
1-0,1-0,0.0,0.4706043300674488,0.520136719664242
0-1,0-1,0.0,0.47777678051204175,0.46614120019915123
1-0,0-1,0.0,0.49816547262550587,0.48606744805529073
0-1,0-1,0.0,0.5390974480529644,0.4447561902452928
1-0,1-0,0.0,0.4581484632744263,0.5309609349257208
1-0,0-1,0.0,0.41497581771320063,0.38560856167623786
0-1,1-0,0.0,0.48828709222551847,0.49463693581188384
1-0,1-0,0.0,0.45659959419237345,0.5309698025935661
1-0,1-0,0.0,0.4609896453739542,0.5273489683151752
0-1,1-0,0.0,0.438186951927,0.5450179321012701
1-0,1-0,0.0,0.4826038330332106,0.4958185327940866
0-1,1-0,0.0,0.4189151910456632,0.5436926343957489
1-0,1-0,0.0,0.41743493406220966,0.574742051879439
0-1,0-1,0.0,0.5098161265270557,0.47456078755275444
0-1,0-1,0.0,0.5222602401638501,0.459576444322533
0-1,1-0,0.0,0.45290330553313846,0.5263198878939302
1-0,0-1,0.0,0.49413708864208666,0.49123935157792037
1-0,1-0,0.0,0.46997903702777083,0.5136229440849375
1-0,1-0,0.0,0.47180634905545227,0.5180008016582945
1-0,1-0,0.0,0.46530339470840815,0.4825621139696907
0-1,1-0,0.0,0.4712439134265709,0.5166798158648326
0-1,1-0,0.0,0.4809247220065164,0.48833700622351256
1-0,0-1,0.0,0.5290040749493674,0.4527010271546578
1-0,1-0,0.0,0.4593638601249154,0.5154834742925314
1-0,1-0,0.0,0.3212131504771349,0.6753918530502536
0-1,0-1,0.0,0.5316217009177735,0.44583644361043523
1/2-1/2,0-1,0.0,0.4924674891058603,0.49199664118158865
1-0,0-1,0.0,0.4935023202927827,0.49041097337385164
0-1,1-0,0.0,0.4135329852251508,0.5666898074942845
1-0,1-0,0.0,0.4592393668915904,0.5303479869244598
0-1,0-1,0.0,0.5653587185620562,0.37795529025595986
0-1,1-0,0.0,0.4222843600410893,0.5627088244751285
0-1,1-0,0.0,0.4349632680503578,0.5484674788244484
0-1,1-0,0.0,0.45607240036238594,0.5255416080159073
0-1,0-1,0.0,0.5004020656915655,0.4714614560580256
0-1,1-0,0.0,0.47466578346717253,0.5048603464427848
1-0,1-0,0.0,0.3870619111974108,0.6074201264298849
1-0,0-1,0.0,0.49415673495480467,0.49085693472995995
0-1,1-0,0.0,0.4872012658576261,0.5034142304430997
1-0,1-0,0.0,0.4833815328500142,0.5066536323240356
0-1,1-0,0.0,0.47223783879075315,0.48627989883622635
1-0,0-1,0.0,0.5217781506607863,0.43990612565784226
0-1,0-1,0.0,0.5420484667607947,0.4190240601896546
0-1,0-1,0.0,0.5143088016711929,0.4591212855944627
0-1,0-1,0.0,0.5512309548358341,0.4337620750215684
1-0,0-1,0.0,0.5316537417206982,0.46023809137701205
0-1,1-0,0.0,0.48182931692933434,0.506385472175187
0-1,1-0,0.0,0.475917106772419,0.5105702599413094
1-0,1-0,0.0,0.48425167505168354,0.4978254685845781
0-1,1-0,0.0,0.4817354260614606,0.5095725131531452
0-1,0-1,0.0,0.48998632312731005,0.46667743198231154
0-1,1-0,0.0,0.06430452617974061,0.9356708442109336
1-0,1-0,0.0,0.3554750027029539,0.6303305802516793
1-0,1-0,0.0,0.4821286583447439,0.5037668729937449
1-0,1-0,0.0,0.47669261786082023,0.5003455735942407
0-1,1-0,0.0,0.3968370832198959,0.5783517669372434
0-1,1-0,0.0,0.4534277234351714,0.5202834548935007
0-1,1-0,0.0,0.44420152782964223,0.5252320168273504
1-0,1-0,0.0,0.4202046809546735,0.5720480666934076
1-0,0-1,0.0,0.4920010761148564,0.49164623734186297
0-1,1-0,0.0,0.46507682388002686,0.4817283025161953
1-0,1-0,0.0,0.45780340529520097,0.5330132673852027
0-1,1-0,0.0,0.45592154608658836,0.5296797353665563
1-0,1-0,0.0,0.01304438659168236,0.9869554579829044
0-1,0-1,0.0,0.48943179819692006,0.48784134059628187
1-0,1-0,0.0,0.443819928568794,0.5451671717993991
0-1,0-1,0.0,0.5447449454329698,0.4416916665349489
1-0,1-0,0.0,0.4216856147249104,0.567754716740609
1-0,1-0,0.0,0.4766397860889327,0.5133490912916694
1-0,0-1,0.0,0.5049210324636353,0.47256270533808903
1-0,1-0,0.0,0.4783200506880093,0.48332014184010685
0-1,0-1,0.0,0.5299565066386315,0.4483119610102702
1-0,0-1,0.0,0.5052161187726019,0.4725991630346094
0-1,1-0,0.0,0.4704967724125833,0.48048313993254843
0-1,0-1,0.0,0.5000765329500642,0.4751491567290107
0-1,1-0,0.0,0.467550594177035,0.518227271745973
0-1,1-0,0.0,0.4464034724822869,0.5207503124144796
0-1,1-0,0.0,0.47978056768578203,0.49530484199916547
0-1,1-0,0.0,0.4651945137870706,0.5206462001948423
0-1,0-1,0.0,0.5167380826418273,0.4603900061076442
0-1,0-1,0.0,0.4949012375563082,0.47743879439759995
1-0,1-0,0.0,0.465083610334943,0.5086759347306744
1-0,1-0,0.0,0.4692426550994439,0.5116118717410231
1/2-1/2,1-0,0.0,0.3478885912287562,0.6340692382776629
0-1,0-1,0.0,0.4780641048203615,0.456332077778089
1-0,1-0,0.0,0.47388163041588166,0.5048126092614456
0-1,1-0,0.0,0.4806604984743662,0.4815336467157469
1-0,0-1,0.0,0.5197559240488175,0.4390256495459362
1-0,0-1,0.0,0.4959927056507898,0.460319004306971
0-1,0-1,0.0,0.6104396138552151,0.3875460489342677
1-0,1/2-1/2,0.0,0.3451600808244693,0.24384774678171608
1-0,1-0,0.0,0.4650432315165746,0.5212158095983103
0-1,1-0,0.0,0.4066802561878793,0.5681110131273546
1-0,0-1,0.0,0.4978805415747554,0.47741250437483673
1-0,1-0,0.0,0.4432729019820341,0.5302334172933113
1-0,1-0,0.0,0.4665436342307832,0.5190426245365776
1-0,1-0,0.0,0.4624056399403492,0.49028818650782613
0-1,1-0,0.0,0.4463999723563109,0.5467815797798784
1-0,1-0,0.0,0.324218957296019,0.6562243245713383
1-0,1-0,0.0,0.44036546560114714,0.5499255438097037
1-0,1-0,0.0,0.4154789254130238,0.5657916435794201
1-0,1-0,0.0,0.43569770367433397,0.5489489030819724
0-1,1-0,0.0,0.45439794042859555,0.5274643624623137
0-1,1/2-1/2,0.0,0.1429401554115383,0.15762088928250395
1-0,0-1,0.0,0.5797207629613974,0.4114180766571365
0-1,0-1,0.0,0.44851490801609484,0.410242534989953
0-1,0-1,0.0,0.5094081291251924,0.47671311174620906
1-0,1-0,0.0,0.45570246133335063,0.5363436169448441
0-1,1-0,0.0,0.4850585608787514,0.5050060084063432
1-0,1-0,0.0,0.43930577178634017,0.5321917752721185
0-1,1-0,0.0,0.49028851263780826,0.5005202354842652
0-1,1-0,0.0,0.4691700550894686,0.5202462821151426
0-1,0-1,0.0,0.5521646227293671,0.4342019305465559
1/2-1/2,0-1,0.0,0.48714489666997846,0.48485661972923433
0-1,1-0,0.0,0.48322893147313173,0.5071885271287031
0-1,1-0,0.0,0.42292255492379227,0.5661341203136838
1-0,1-0,0.0,0.433013318447496,0.5487309731136888
1-0,1-0,0.0,0.4414460912790496,0.5377174347217096
1/2-1/2,1-0,0.0,0.43077895612486805,0.4346499550103752
1-0,1-0,0.0,0.45801918356482224,0.5285302472412975
1-0,1-0,0.0,0.4611810062401545,0.5301115854507557
1-0,1-0,0.0,0.47947487430062014,0.5009110477491059
1-0,1-0,0.0,0.4289222447009608,0.5294041390592907
1-0,1-0,0.0,0.36071329047765505,0.6230547995701277
0-1,0-1,0.0,0.5311604794750845,0.4478536770700829
1-0,0-1,0.0,0.5103487012815378,0.4744524973264798
0-1,1-0,0.0,0.4445976646344762,0.5388374330834497
0-1,0-1,0.0,0.5043440731250266,0.4788491341980912
1-0,1-0,0.0,0.47105862389802183,0.5175043485568057
1-0,1-0,0.0,0.4792998960553601,0.4996292311383816
1-0,1-0,0.0,0.4579455472880087,0.5265130961726926
0-1,1-0,0.0,0.382249801911856,0.5524638300415669
1-0,1-0,0.0,0.4541466310129537,0.5302007369979277
1-0,1-0,0.0,0.4735995548719019,0.5157989451248092
1-0,1-0,0.0,0.43303105892994076,0.5573686620698557
0-1,1-0,0.0,0.41175996875335114,0.5633298724565071
1-0,1-0,0.0,0.4614153653853581,0.5264512608994061
1-0,1-0,0.0,0.4592374665665341,0.525207338738005
1-0,1-0,0.0,0.2950011416264527,0.3674492838652525
0-1,0-1,0.0,0.490616186041924,0.47728476159848243
0-1,0-1,0.0,0.575327443910142,0.4056330579565305
0-1,1-0,0.0,0.468994331783504,0.5212529941594152
0-1,1-0,0.0,0.4920994265786385,0.4945177469043462
1-0,1-0,0.0,0.4155859407245019,0.563290609398398
1-0,0-1,0.0,0.5428640922476081,0.4390213350192388
0-1,0-1,0.0,0.5670667007395108,0.4202132967693013
0-1,1-0,0.0,0.4762975738730318,0.49863170344298896
1-0,0-1,0.0,0.5766618352147543,0.41350789991858544
1-0,1-0,0.0,0.45255841574049727,0.5280962894568906
1-0,0-1,0.0,0.5049374306004257,0.42811930898695677
0-1,1/2-1/2,0.0,0.2299772707063506,0.276609304301501
1-0,1-0,0.0,0.47451887906995577,0.4871279665592295
1/2-1/2,1-0,0.0,0.4329600624380813,0.5482754209157854
0-1,0-1,0.0,0.5151015110630708,0.4613216169826186
0-1,1-0,0.0,0.4613021437513498,0.5288683367924977
1-0,1-0,0.0,0.4816541194591174,0.5057555735301283
1-0,1-0,0.0,0.42619694303370875,0.5568012208180391
0-1,1-0,0.0,0.4668585458408775,0.5209700313998116
0-1,0-1,0.0,0.502339212583848,0.47791954895647554
0-1,1-0,0.0,0.46538075782025845,0.5243687352903524
0-1,0-1,0.0,0.4907103441949342,0.4831212581965231
0-1,0-1,0.0,0.508749735615097,0.47596761807583954
0-1,1-0,0.0,0.482409820539677,0.5002586576327361
1-0,0-1,0.0,0.49190112644256084,0.4686205720492337
1/2-1/2,1/2-1/2,0.0,0.14521304531380752,0.13071504018950145
1-0,1-0,0.0,0.42473926911899873,0.5553626074023028
0-1,0-1,0.0,0.5475658129199278,0.4349865008652711
1-0,1-0,0.0,0.41463672060256224,0.573715270431441
1-0,1-0,0.0,0.4600527126651865,0.52327685226401
1-0,1-0,0.0,0.4845274512694881,0.499773535270279
1-0,1-0,0.0,0.4727811863025679,0.5183406177610554
0-1,1-0,0.0,0.38818421750905024,0.6074746850527035
1-0,1-0,0.0,0.05884681883216143,0.9411531811640628
0-1,1-0,0.0,0.4084099909276366,0.5836576597007948
1-0,1-0,0.0,0.4496708249298485,0.5310078426062308
0-1,1-0,0.0,0.4655914493705449,0.5239083599581242
0-1,1-0,0.0,0.490879800291433,0.5005586101095537
1-0,1-0,0.0,0.44726533548068853,0.5415483582127713
0-1,1-0,0.0,0.4589296344941244,0.5304144031319542
0-1,1-0,0.0,0.363359792706167,0.5539302703182085
1-0,1-0,0.0,0.47566567696619316,0.47917022025481143
1-0,1-0,0.0,0.4526952604657785,0.5344691603742436
0-1,1-0,0.0,0.48144282390553306,0.49708645782265654
0-1,0-1,0.0,0.5159247337480874,0.4648623756508597
1/2-1/2,1/2-1/2,0.0,0.09987760418526599,0.08519555924933077
0-1,1-0,0.0,0.4924253413667514,0.494630468216179
1-0,1-0,0.0,0.4350121585659025,0.5491114141945127
0-1,0-1,0.0,0.4938508157088963,0.4905593436234628
1-0,0-1,0.0,0.49669494737243713,0.49383119247111895
1-0,1-0,0.0,0.265445803448665,0.7333371428035416
1-0,0-1,0.0,0.49292241780224233,0.4707231231854619
1-0,0-1,0.0,0.5211572406742296,0.46161682392599895
1-0,1-0,0.0,0.4804689817591451,0.5059423186653937
0-1,1-0,0.0,0.42918066097274377,0.556774409023641
0-1,1-0,0.0,0.48010360253792583,0.5114672673610797
0-1,0-1,0.0,0.47616206196570043,0.4555002313947722
1-0,1-0,0.0,0.44237504776062875,0.5400735967208463
0-1,1-0,0.0,0.07578915220454424,0.9240893051922804
0-1,1-0,0.0,0.4582264652968816,0.5324908434628616
0-1,1-0,0.0,0.36314195610120326,0.6299139916187627
1-0,1-0,0.0,0.4402845976782551,0.5467480666309383
1-0,1-0,0.0,0.45414718171888324,0.530891517089543
1-0,1-0,0.0,0.4848928343938366,0.5038181629595075
1/2-1/2,1-0,0.0,0.471965909741447,0.5151352236985006
1-0,1-0,0.0,0.47936329807632105,0.5075681738725968
1-0,0-1,0.0,0.4972720936166796,0.4793078492865514
0-1,1-0,0.0,0.3450761779229661,0.6247612922463901
0-1,1-0,0.0,0.49146031369680054,0.49406565639141786
1-0,1-0,0.0,0.4300225925416219,0.5081711722593744
1-0,0-1,0.0,0.4749029401259705,0.4683136449789324
1-0,0-1,0.0,0.5131652611897191,0.4748590147485229
1-0,1-0,0.0,0.3805815353026042,0.6034920345522253
0-1,1-0,0.0,0.4862962018537706,0.5008680055174278
0-1,1-0,0.0,0.4810209562266401,0.5070429434994472
1/2-1/2,0-1,0.0,0.4858827608047269,0.4841482929071611
0-1,1-0,0.0,0.48213817257313946,0.49792924044662284
0-1,1-0,0.0,0.46466498105477877,0.49994018117368627
1-0,1-0,0.0,0.45153937788938653,0.5367059135643304
1/2-1/2,0-1,0.0,0.5232197703502801,0.4349877944893492
1-0,1-0,0.0,0.4437778149220702,0.5209837964508013
1-0,1-0,0.0,0.4310497029133632,0.5566116157402741
1-0,1-0,0.0,0.48541545753557774,0.5042515032229634
1-0,1-0,0.0,0.47631789860816603,0.5107348147381267
1-0,1-0,0.0,0.4551258243432328,0.5177819536082172
1-0,0-1,0.0,0.502863730142089,0.48735304533788987
1-0,1-0,0.0,0.42083033034613837,0.5724386032326475
1-0,0-1,0.0,0.5326083300533165,0.4449116847251535
0-1,1-0,0.0,0.4758463471927679,0.5148353993907783
0-1,1-0,0.0,0.43209102171082614,0.5510850207406064
0-1,1-0,0.0,0.4505854793423376,0.5405251255875902
0-1,0-1,0.0,0.5572513538657727,0.4069052847754543
0-1,0-1,0.0,0.5074051548606721,0.4367481770598414
1-0,1-0,0.0,0.41994936571377084,0.5680166285840973
1-0,1-0,0.0,0.40502640698187575,0.559539133175541
1-0,0-1,0.0,0.5099448352428774,0.46465398088092114
1-0,1-0,0.0,0.4776026561629121,0.5037640965470094
0-1,0-1,0.0,0.4925455424594146,0.49203723544482025
1-0,1-0,0.0,0.4769676538543382,0.5102358937372395
0-1,1-0,0.0,0.32659445285262656,0.3920563507652153
1/2-1/2,1-0,0.0,0.3377009956953356,0.3386578645130674
1-0,1/2-1/2,0.0,0.23838679401755222,0.21265635971204835
0-1,0-1,0.0,0.519095175952595,0.46447843403575334
0-1,0-1,0.0,0.5151613447378088,0.46763695793652693
1-0,0-1,0.0,0.47977282387481984,0.4504065710049228
1-0,1-0,0.0,0.36180388034771627,0.5826194574169863
0-1,1-0,0.0,0.44232066630403816,0.5439540699402237
0-1,1-0,0.0,0.4863699217628031,0.4916622891655884
0-1,0-1,0.0,0.5472535779969685,0.4356019111871255
