y_true,y_pred,prob_1-0,prob_0-1,prob_1/2-1/2
1-0,0-1,0.0,0.5307135286657956,0.4561364317518388
0-1,0-1,0.0,0.49609984057754225,0.4959312956906822
1-0,1-0,0.0,0.4882877044226438,0.5027461680301858
0-1,0-1,0.0,0.49775310085782015,0.4843151350591889
1-0,1-0,0.0,0.47825359470610795,0.5090374140614226
0-1,1-0,0.0,0.46840355134823425,0.4893126282401718
0-1,0-1,0.0,0.48470391756589115,0.47490846716986423
0-1,1-0,0.0,0.33014001325660586,0.6368740119611239
0-1,1-0,0.0,0.46473039918491044,0.5249558838187954
0-1,0-1,0.0,0.4886842079674802,0.47467115567223833
0-1,1-0,0.0,0.48602880354313005,0.5061034906003564
1-0,0-1,0.0,0.5284493121486402,0.4581179740409148
1-0,1-0,0.0,0.31399157735119704,0.6786947844069132
1-0,0-1,0.0,0.4956052505287394,0.4883414048660824
1-0,1-0,0.0,0.49510137902648255,0.4970636128472861
1-0,0-1,0.0,0.4961057389485752,0.48913052490329756
1-0,0-1,0.0,0.5185333590770316,0.4641425650966458
0-1,0-1,0.0,0.533256795343743,0.4477902963665465
1-0,1-0,0.0,0.47479518130442155,0.5155507436885151
1-0,0-1,0.0,0.5309675393053862,0.4530898986374264
0-1,0-1,0.0,0.5215335004580003,0.4668784397013924
0-1,1-0,0.0,0.4757690966582508,0.5047642779722428
0-1,0-1,0.0,0.49252721811049577,0.4744033524291172
0-1,0-1,0.0,0.491991129870408,0.47093989072905923
1-0,1-0,0.0,0.4758175908482467,0.5157298367180962
0-1,1-0,0.0,0.4459711942998757,0.5370576141542631
1-0,0-1,0.0,0.5078827075857049,0.43439900054338254
0-1,0-1,0.0,0.49374173521861925,0.4890675743973326
1-0,1-0,0.0,0.4826328786182313,0.5076022877620835
0-1,0-1,0.0,0.4928639923849103,0.4841812089684664
0-1,0-1,0.0,0.5021699041991452,0.4711917708730659
1-0,0-1,0.0,0.4946188793573951,0.4821129319593079
0-1,1-0,0.0,0.47640505501064506,0.5024948152884375
0-1,1-0,0.0,0.3752048178511267,0.620814941419444
0-1,1-0,0.0,0.4865430567608864,0.49563554420880257
1-0,0-1,0.0,0.5041540814609626,0.4728496574946959
1-0,1-0,0.0,0.47558100386034713,0.4924021250350331
0-1,1/2-1/2,0.0,0.30952905442498346,0.282003444656643
0-1,1-0,0.0,0.41464674972208826,0.544132575002522
0-1,0-1,0.0,0.5244252989462316,0.46070303322669404
0-1,0-1,0.0,0.48118062865001493,0.48117100695533943
1-0,1-0,0.0,0.46362953966328024,0.5199450603524615
0-1,1-0,0.0,0.48118703239038224,0.5000679712483086
1-0,1-0,0.0,0.43303984869019296,0.5483141264170891
1-0,1-0,0.0,0.46207108603322594,0.5248215531755105
0-1,0-1,0.0,0.5261958880071339,0.4581351207114707
0-1,0-1,0.0,0.5096660562943385,0.4544739435870115
1-0,1-0,0.0,0.48742215980872783,0.5040432999695957
1-0,1/2-1/2,0.0,0.159856535723897,0.15794186565717788
1-0,0-1,0.0,0.5478173177960914,0.4399385373989516
0-1,0-1,0.0,0.48324518900323443,0.4752073224290215
1/2-1/2,1-0,0.0,0.47180762219251976,0.5050901606248209
1-0,1-0,0.0,0.4645870288803637,0.4999268150946557
1-0,1-0,0.0,0.4833821326815894,0.503628744519407
0-1,0-1,0.0,0.4733087719739589,0.46785503492540276
0-1,1-0,0.0,0.4340972565362609,0.554916617439578
1-0,0-1,0.0,0.5148681896854352,0.4598651578021254
0-1,1-0,0.0,0.4558722430566906,0.5271843753363779
0-1,1-0,0.0,0.0956357235555693,0.9040658255994712
0-1,1-0,0.0,0.4234873065731288,0.56941538402599
0-1,1-0,0.0,0.4840298593825868,0.504288138869795
0-1,0-1,0.0,0.502723474258078,0.47532312173501257
0-1,0-1,0.0,0.49869995906809783,0.49209735681257016
1-0,0-1,0.0,0.5046842250293203,0.4804447781374915
0-1,0-1,0.0,0.4967913491592223,0.487891359649345
1-0,0-1,0.0,0.467994716067488,0.4472792287070601
0-1,0-1,0.0,0.4619766602089596,0.44685828336174993
0-1,1-0,0.0,0.44079727461067714,0.48577594860519996
0-1,1-0,0.0,0.4125728268470873,0.5266696458598461
0-1,1-0,0.0,0.4783918429208595,0.5146721761770308
1-0,1-0,0.0,0.46314616794865654,0.5031347452635573
1-0,1-0,0.0,0.4449928170263038,0.5437412836653247
0-1,1-0,0.0,0.48114386173481316,0.5046401772857703
0-1,0-1,0.0,0.5100152355205819,0.4723760425807914
0-1,0-1,0.0,0.45776534876217934,0.4512531076476727
0-1,1-0,0.0,0.3780450488992397,0.5489282277913742
0-1,1-0,0.0,0.49179690007711196,0.4981546350424242
0-1,1-0,0.0,0.49104475632705075,0.4938263244054949
0-1,0-1,0.0,0.39895977126601484,0.32223045524082505
1-0,0-1,0.0,0.4995372282403473,0.49157176118223184
1-0,1-0,0.0,0.4176748413299994,0.5142991045488516
0-1,0-1,0.0,0.5436528109254984,0.4512142350284382
0-1,0-1,0.0,0.5012444943095473,0.4958542499386766
1-0,1-0,0.0,0.4712124543004918,0.5195907673554863
1-0,1-0,0.0,0.4837574225381654,0.4846405995879165
1-0,0-1,0.0,0.39219315267913,0.3854933777203414
0-1,0-1,0.0,0.5124486869362903,0.43856863644976646
1-0,1-0,0.0,0.41504962158896325,0.578668429757131
1-0,1-0,0.0,0.2895179383412387,0.7070615695331325
0-1,0-1,0.0,0.5071356807577218,0.41582490535182703
1-0,0-1,0.0,0.4394421050448937,0.39093909693519424
1-0,0-1,0.0,0.4917880759712494,0.4482513662215989
0-1,1-0,0.0,0.3871914035895022,0.6006422382713599
0-1,1-0,0.0,0.39584052146139537,0.5985800436639699
1-0,0-1,0.0,0.49250160449908564,0.47008291750316367
1-0,1-0,0.0,0.4848717105892308,0.5001768973300657
0-1,1-0,0.0,0.4264013650748516,0.4778114652614358
1-0,1-0,0.0,0.47790581543464467,0.5046968640116389
0-1,1-0,0.0,0.4550543986754584,0.5292131571102769
0-1,1-0,0.0,0.4762678929101836,0.5104629143804323
0-1,1-0,0.0,0.4842730546036484,0.4996363147691903
1-0,0-1,0.0,0.5339568248146055,0.4413244327957815
1-0,0-1,0.0,0.5347052417813335,0.441548058091285
1-0,0-1,0.0,0.5047708102958016,0.4836559069997208
1-0,1-0,0.0,0.45514087416790183,0.5360700876640367
1/2-1/2,1-0,0.0,0.42119359333287654,0.5452438929630612
1-0,1-0,0.0,0.4559569616320071,0.531933047373806
0-1,1-0,0.0,0.41105364716885157,0.5689234974212344
1-0,0-1,0.0,0.4818880397390407,0.48172424744629205
0-1,0-1,0.0,0.4963365491866895,0.491671903184999
1-0,1-0,0.0,0.43707163261114895,0.45708591980296936
1-0,1-0,0.0,0.40830615468539544,0.4914499880038939
1-0,0-1,0.0,0.4166906910159167,0.40581251402654817
0-1,0-1,0.0,0.5053699192512072,0.4744450176235709
1-0,0-1,0.0,0.5352467084239676,0.44426627566299437
1-0,0-1,0.0,0.5374651700257158,0.44112945739426856
1-0,1-0,0.0,0.4786585098584626,0.510292311184638
1-0,1-0,0.0,0.38583296457971944,0.6073233596853148
0-1,1-0,0.0,0.385066279203558,0.6012054738069083
1-0,1-0,0.0,0.4733250896946674,0.4904865598538193
0-1,1-0,0.0,0.44621874169404974,0.5380982366565624
1-0,1/2-1/2,0.0,0.24433686324311857,0.22128017880625495
0-1,0-1,0.0,0.5370575721829765,0.45396858997366474
0-1,1-0,0.0,0.4938181109388013,0.49427404902463845
1-0,1-0,0.0,0.4095075695839776,0.5749572218546035
0-1,1-0,0.0,0.4808139122105062,0.5082727650285784
0-1,1-0,0.0,0.4471025804358348,0.5444770827935187
1/2-1/2,1-0,0.0,0.479180405008326,0.4996033603920687
1-0,0-1,0.0,0.5293629880041101,0.4594873838622847
1/2-1/2,1/2-1/2,0.0,0.20825385831299575,0.19128832534230236
0-1,0-1,0.0,0.5430892527935237,0.43544125992937877
0-1,0-1,0.0,0.5066339001028567,0.45569924225981934
1-0,0-1,0.0,0.501654747167415,0.4760559389179528
1/2-1/2,0-1,0.0,0.48415489335138484,0.4632164476846078
0-1,0-1,0.0,0.4705213671447733,0.46180317960754613
1-0,1-0,0.0,0.47627164434458436,0.504708849288906
1-0,1-0,0.0,0.4317477931155811,0.5527901056435717
1-0,0-1,0.0,0.5214646380374767,0.46798861896024496
0-1,0-1,0.0,0.4836669737199365,0.4550602148711127
1-0,1-0,0.0,0.3212405020332219,0.668609787109144
1-0,0-1,0.0,0.4870637235205104,0.4761491378060324
0-1,1-0,0.0,0.48140854579016096,0.509021241188664
0-1,1-0,0.0,0.4650141309919306,0.5165101778184655
0-1,1-0,0.0,0.484581307482693,0.4983194829416267
0-1,0-1,0.0,0.49212687448184284,0.4832150582168814
1-0,0-1,0.0,0.4982983109015442,0.46765241449334166
1-0,1-0,0.0,0.48033240804300364,0.5054009112625736
0-1,1-0,0.0,0.47872238177521476,0.5105309639081256
1-0,0-1,0.0,0.48825197497005607,0.48532812615362114
0-1,1-0,0.0,0.48360121614691715,0.48662557876986
0-1,0-1,0.0,0.3786023066033842,0.36010895646694274
1-0,0-1,0.0,0.4974715369096413,0.47844090934205996
1-0,1-0,0.0,0.4667252231853988,0.5178453802593991
1-0,1-0,0.0,0.48846694979261474,0.5017007483514436
1/2-1/2,1-0,0.0,0.2528158912913914,0.7365596209981491
1/2-1/2,1-0,0.0,0.45299076585479786,0.47823548621291573
0-1,1-0,0.0,0.4766941733461318,0.4982681406324574
1-0,0-1,0.0,0.5084240568172421,0.44307312290186573
0-1,1-0,0.0,0.44769875281281524,0.4522845719639297
1-0,1-0,0.0,0.4899717002350788,0.49225655317476663
1-0,0-1,0.0,0.48199340735309,0.4778987948688548
1-0,0-1,0.0,0.48982521090072867,0.4544461386772962
0-1,0-1,0.0,0.519011670385223,0.41651736604077727
0-1,0-1,0.0,0.48559269752056855,0.469559005071601
0-1,0-1,0.0,0.5141731567186104,0.46281402875781974
0-1,1-0,0.0,0.41504652312404045,0.5669435378343202
0-1,1-0,0.0,0.4806728228342487,0.500190773230031
0-1,1-0,0.0,0.49077943506284266,0.5002075416739169
0-1,1-0,0.0,0.42553351149903756,0.46490844108259427
0-1,0-1,0.0,0.5016689199195555,0.4857751747365038
0-1,0-1,0.0,0.4899722123230603,0.4853370969724254
0-1,0-1,0.0,0.49717170099986857,0.48602858191565373
1-0,1-0,0.0,0.4111515274610459,0.44950560880975143
1-0,0-1,0.0,0.5171331057907178,0.47425404660454784
1-0,1-0,0.0,0.4691481854394224,0.5180670473919019
0-1,0-1,0.0,0.512249848579158,0.4643685376879515
0-1,1-0,0.0,0.48815091024527285,0.4898407157671972
0-1,0-1,0.0,0.49597213171567267,0.488047996362527
1-0,0-1,0.0,0.48635823114203597,0.46722857683634306
0-1,0-1,0.0,0.52549710734047,0.4496353635962476
1-0,1-0,0.0,0.43696872293573746,0.5069414115626062
1-0,1-0,0.0,0.41590238029926163,0.4187176170175484
1/2-1/2,1/2-1/2,0.0,0.3036881148080979,0.26873792388672796
0-1,0-1,0.0,0.5128964378681267,0.47050136538418924
1-0,0-1,0.0,0.501313096616189,0.48559994806360796
1/2-1/2,1/2-1/2,0.0,0.08032628087124132,0.06733954643376502
1-0,1-0,0.0,0.4898806536393728,0.49829225694387425
1-0,1-0,0.0,0.3468161705492889,0.6478683429858516
0-1,1-0,0.0,0.482419714565153,0.5046870029287236
1-0,0-1,0.0,0.5064077113835409,0.4837461236387487
1-0,1-0,0.0,0.48627539269059633,0.5006861421552986
1-0,1-0,0.0,0.3017156869391592,0.6913613703590888
1-0,0-1,0.0,0.5193034725364786,0.4653007191936121
0-1,1-0,0.0,0.4661141277305859,0.5208046217410035
1-0,0-1,0.0,0.49675638232099184,0.4531369924920637
1-0,0-1,0.0,0.49590751952315115,0.4850703444158775
0-1,1-0,0.0,0.47654159331278195,0.486784975415937
1/2-1/2,0-1,0.0,0.48376272334236636,0.4760824564943237
1-0,1-0,0.0,0.48042322536141063,0.4876187923116512
1-0,1-0,0.0,0.40713527178446723,0.5862311567361275
0-1,0-1,0.0,0.4128804402403912,0.37350492626083387
1-0,1-0,0.0,0.48862793523924203,0.49745225153539824
1-0,0-1,0.0,0.5076240662598668,0.4728715716668499
0-1,0-1,0.0,0.534921584948926,0.44499731902108847
1-0,1-0,0.0,0.45249206714095247,0.534082898519228
1-0,1-0,0.0,0.47247795920721597,0.5150296394839363
1-0,1-0,0.0,0.48572706030374957,0.5053715250953752
0-1,1-0,0.0,0.45194434064353955,0.5409371140415328
0-1,0-1,0.0,0.5192718700684922,0.46732674513395955
1-0,0-1,0.0,0.4913353599471406,0.4828499897209186
1-0,1-0,0.0,0.45662356482514754,0.4577202184708796
0-1,0-1,0.0,0.5318190399218505,0.45834651162140533
1-0,0-1,0.0,0.4966768900054959,0.4556345483585441
0-1,0-1,0.0,0.48862973605000853,0.4538843957381645
0-1,0-1,0.0,0.4838336588760295,0.46880974245446594
0-1,0-1,0.0,0.515829037289008,0.47406296344816046
1-0,1-0,0.0,0.4914541783314418,0.4981626101003457
0-1,0-1,0.0,0.4859056212329433,0.4814834273551649
1-0,1-0,0.0,0.472687871387494,0.5050763957780857
0-1,0-1,0.0,0.5346293422468374,0.44259102922935156
1-0,1-0,0.0,0.4833370724845647,0.5094103229281801
1-0,1-0,0.0,0.43665102536351436,0.43827464580751824
1-0,1-0,0.0,0.46858637231258277,0.524190595452047
1-0,0-1,0.0,0.5103587503210855,0.4641936178816347
0-1,0-1,0.0,0.4871549411209571,0.4817183213258635
0-1,1-0,0.0,0.3278174420010156,0.5334044392903811
1-0,1-0,0.0,0.4480657017409832,0.5435510192181192
1-0,0-1,0.0,0.5061476473107844,0.47444837566499126
0-1,0-1,0.0,0.4740497872372884,0.466233726119985
0-1,1-0,0.0,0.36001898778517055,0.6350057412421435
0-1,1-0,0.0,0.4797158449041575,0.5025752957427835
0-1,0-1,0.0,0.4905232648854752,0.48710994947441744
1-0,0-1,0.0,0.5008969980137651,0.48793174562053204
1-0,1/2-1/2,0.0,0.017136382242592875,0.014373006171948153
1-0,1-0,0.0,0.4297601372968573,0.5650016774408144
1-0,0-1,0.0,0.49948453334457293,0.48653032164383453
1-0,1-0,0.0,0.48103058239546076,0.4883153820222049
1-0,0-1,0.0,0.5249499293770705,0.4637211141727636
1-0,0-1,0.0,0.49708109340485523,0.4822749156647421
0-1,0-1,0.0,0.5230188606397752,0.45120049954129104
1-0,1-0,0.0,0.4679574856828668,0.471762829934978
1-0,1-0,0.0,0.48987796249418597,0.49182070109765635
0-1,1-0,0.0,0.4704258775127708,0.49400843458229066
1/2-1/2,1-0,0.0,0.27810376769289774,0.5013742510979181
1/2-1/2,1-0,0.0,0.44161642197944756,0.5399060523210923
1-0,0-1,0.0,0.43856712126553127,0.3554199605923978
1/2-1/2,0-1,0.0,0.4031630912525938,0.3614985018888427
1-0,0-1,0.0,0.4842892124565413,0.41231645575351145
0-1,0-1,0.0,0.5048163380440712,0.4862553080565281
0-1,1-0,0.0,0.45260349638115915,0.5306000814476932
0-1,1-0,0.0,0.4658638683920869,0.5191115124772807
1/2-1/2,1-0,0.0,0.43446069969209167,0.5361469664945592
1-0,1-0,0.0,0.4819193886137965,0.5031137443319157
1-0,1-0,0.0,0.4796577687461626,0.48193432788563606
0-1,0-1,0.0,0.4957387646300626,0.4716481430024318
0-1,0-1,0.0,0.5058318636727314,0.4780526821570328
0-1,0-1,0.0,0.4924589141962455,0.4921052834802039
1-0,1-0,0.0,0.48498918906225563,0.49613166811397563
0-1,1-0,0.0,0.45958593417960664,0.5069418566971341
0-1,0-1,0.0,0.5329426209484124,0.42417569383935516
0-1,0-1,0.0,0.553268469010184,0.4324293182466212
1-0,1-0,0.0,0.4433565169429898,0.4991836876818791
0-1,0-1,0.0,0.49655104776657344,0.49018409771947763
0-1,1-0,0.0,0.4809309716741199,0.5084985056442503
0-1,1-0,0.0,0.48845576021045434,0.4971146698994208
0-1,0-1,0.0,0.5131230191157147,0.47021763540635625
1-0,1-0,0.0,0.4875312116556133,0.5051674276934708
1-0,0-1,0.0,0.4947854058731852,0.46704315037481553
1-0,0-1,0.0,0.5090883611925782,0.4685190790766147
0-1,1-0,0.0,0.4426260032619964,0.5439400343350846
1-0,1-0,0.0,0.44950840758807303,0.5183684585018404
1-0,1-0,0.0,0.4829704130921902,0.5009648769712743
1-0,0-1,0.0,0.49087235911737315,0.48995706992707705
0-1,1-0,0.0,0.4925977050517134,0.4945639767316003
0-1,1-0,0.0,0.40236955908128846,0.5880091286188175
1-0,1-0,0.0,0.2671973481101183,0.6661335192367956
0-1,1-0,0.0,0.3518148625799287,0.6424326192657149
1-0,0-1,0.0,0.49390468335076126,0.475376918169594
0-1,1-0,0.0,0.4004179486299698,0.5941186932176374
1-0,1-0,0.0,0.4831066776158767,0.5056254015790911
0-1,0-1,0.0,0.36324373075564026,0.3071370087032358
1-0,1-0,0.0,0.4487029492550034,0.5393409356418398
0-1,1-0,0.0,0.48858212065941126,0.4927203445145976
1-0,1-0,0.0,0.309762607298361,0.6673611802596336
1-0,0-1,0.0,0.5201795105837528,0.4651787490115055
0-1,0-1,0.0,0.5050353769687219,0.46945128009860465
0-1,0-1,0.0,0.4945149603309973,0.49286584884486884
0-1,1-0,0.0,0.4807015616600921,0.4859372542104524
1/2-1/2,0-1,0.0,0.48524649880234494,0.4498416988529658
1-0,1-0,0.0,0.46889856283152126,0.48350989005359196
1-0,0-1,0.0,0.49723730167565294,0.4891900549240312
1-0,0-1,0.0,0.5292964526943281,0.4474778711545095
1-0,1-0,0.0,0.38334068467767796,0.43336774176843035
0-1,0-1,0.0,0.48686668587929716,0.4727935450627246
0-1,1-0,0.0,0.48612082187656913,0.504204148606547
1-0,0-1,0.0,0.529317010991553,0.45935604683334497
1-0,1-0,0.0,0.48468769695258057,0.49336301957692213
0-1,1-0,0.0,0.4620278343216817,0.4923431255189501
1-0,0-1,0.0,0.5018750682455813,0.47461941838625904
0-1,1-0,0.0,0.43937691071358775,0.4805028809993646
0-1,0-1,0.0,0.5191874647320363,0.4667412447953349
1/2-1/2,1-0,0.0,0.46552508348393706,0.47986099809240884
0-1,0-1,0.0,0.5017273738863641,0.45993851535929287
0-1,0-1,0.0,0.45501428713012254,0.3731039895576675
1-0,1-0,0.0,0.47250591382625423,0.5184216340399272
0-1,1-0,0.0,0.42163759050403227,0.5656299382830848
1/2-1/2,0-1,0.0,0.4963278893290699,0.49314660593328985
0-1,0-1,0.0,0.5210387117318647,0.4690182234038084
1-0,0-1,0.0,0.510146286123474,0.46594071687027344
0-1,0-1,0.0,0.5202144210241038,0.4619920184227506
0-1,0-1,0.0,0.49537086259357194,0.49277508573017426
0-1,0-1,0.0,0.47477646098462406,0.464158104504971
0-1,1-0,0.0,0.48544000016621236,0.5057992159142372
1-0,1-0,0.0,0.45995911513262405,0.5265687182427801
1-0,1-0,0.0,0.4909020727699879,0.49789101497412136
0-1,1-0,0.0,0.48070131105932434,0.5097573529807169
1-0,0-1,0.0,0.4870558838544211,0.482972537259644
0-1,0-1,0.0,0.49454931675937597,0.49050139423603567
1-0,0-1,0.0,0.5033833947138925,0.44634425432708075
1-0,0-1,0.0,0.5023741264701538,0.4725683898914647
0-1,1-0,0.0,0.4791488750129165,0.5051366815830134
1-0,0-1,0.0,0.5029856154980918,0.4575729519506325
0-1,0-1,0.0,0.5187670708215193,0.4412300959582329
1-0,0-1,0.0,0.4856286616727422,0.43006685757280605
0-1,1-0,0.0,0.4767585617578714,0.4917375547593923
0-1,1-0,0.0,0.484816282518855,0.5063799026343411
1-0,1-0,0.0,0.4600175529380066,0.5221848719244458
1-0,1-0,0.0,0.41396823344223754,0.5771642873989568
1-0,1-0,0.0,0.4856414832661462,0.5053385589035742
1-0,1-0,0.0,0.4767305042617767,0.5069516294797405
0-1,0-1,0.0,0.45247082609062295,0.4283580159744173
0-1,0-1,0.0,0.5527007120353223,0.4329679671478141
0-1,1-0,0.0,0.43773209776702754,0.5410472494886656
1-0,1-0,0.0,0.12022399228016582,0.8792567737231051
0-1,0-1,0.0,0.5169900097968888,0.4605081321151546
1-0,0-1,0.0,0.49832277502247135,0.4930629514479705
1-0,1-0,0.0,0.4634674782712139,0.5185205374047417
0-1,1-0,0.0,0.43415729161740196,0.4925450887475678
1-0,0-1,0.0,0.4933331859969296,0.48973676213907874
0-1,0-1,0.0,0.4520529252116006,0.43990247882709416
0-1,0-1,0.0,0.5253612987435232,0.4633549363640489
0-1,0-1,0.0,0.49943888643433176,0.48634870284401704
1-0,0-1,0.0,0.5148289397117908,0.46306422745468717
0-1,1-0,0.0,0.4117658108665983,0.4493642250088694
0-1,1-0,0.0,0.45541967682165124,0.5298995548564498
0-1,0-1,0.0,0.5486614791458407,0.4374233436380176
1-0,1-0,0.0,0.4836207696204784,0.4937053987055059
1-0,1-0,0.0,0.4778433013963518,0.5131685865870877
0-1,1-0,0.0,0.4469483838843915,0.5401898863766534
1-0,0-1,0.0,0.4998222279980813,0.4491358119937285
1-0,1-0,0.0,0.48088999804211324,0.5113050695251492
1-0,0-1,0.0,0.42982351957417697,0.41883023181873125
0-1,1-0,0.0,0.48459471860822895,0.5021419745223151
1-0,1-0,0.0,0.46033723781646446,0.4633123169593463
0-1,0-1,0.0,0.48186353687790856,0.48072364166330644
0-1,0-1,0.0,0.5024739920505662,0.4346255562622367
1-0,1-0,0.0,0.4021474860960943,0.5913705110560825
1-0,1-0,0.0,0.4521042819663071,0.5347185995648212
0-1,0-1,0.0,0.5144384563528076,0.46290870229733927
1-0,0-1,0.0,0.49784889306840735,0.48963167463006363
0-1,0-1,0.0,0.4983100031047218,0.4789745160634921
1-0,1-0,0.0,0.46202952300225836,0.5294193006686094
1-0,1-0,0.0,0.4822714594573432,0.49195598293818843
1-0,0-1,0.0,0.510108625079068,0.44672466910490566
1-0,0-1,0.0,0.4360504958401352,0.4226100282144043
0-1,1-0,0.0,0.47491861872288965,0.4843184609731152
0-1,1-0,0.0,0.43300248669234,0.5524872063875716
1-0,1-0,0.0,0.47761059132149053,0.5069255695996709
1-0,0-1,0.0,0.5384701554174446,0.4391762437829401
1-0,1-0,0.0,0.4490285311990924,0.5034882339324843
0-1,1-0,0.0,0.4180857831039929,0.4516046953896754
0-1,0-1,0.0,0.5203480974075726,0.4311572491198481
0-1,0-1,0.0,0.5334201364077928,0.4488567473731086
0-1,0-1,0.0,0.518659640583497,0.46789122884833445
0-1,1-0,0.0,0.4133586708385202,0.5574571267100199
0-1,1-0,0.0,0.48510014411466984,0.5060560040574975
1-0,0-1,0.0,0.4815055539578439,0.4680695371461932
1-0,1-0,0.0,0.47826685791910784,0.4944433526652575
1-0,0-1,0.0,0.35953823003024765,0.3542170548587278
1-0,0-1,0.0,0.44071822124645416,0.40869195331180935
0-1,0-1,0.0,0.4771925100621679,0.47176500858737547
1-0,0-1,0.0,0.4907556317258032,0.4733395658657181
0-1,1-0,0.0,0.4926970451576274,0.4972458625771094
1-0,1-0,0.0,0.39439359433518073,0.5930134427786677
0-1,0-1,0.0,0.49703621930039016,0.46648276093141794
1-0,1-0,0.0,0.43369393082051183,0.531322676443358
1-0,0-1,0.0,0.4830984462244333,0.475929956733764
1-0,1-0,0.0,0.4382530960511663,0.5445088911170355
1-0,1-0,0.0,0.4036725768344931,0.5753875318789187
0-1,1-0,0.0,0.4601850914386029,0.46975050522154593
0-1,1-0,0.0,0.4502456932851631,0.5012654411578465
0-1,1-0,0.0,0.4864425622161576,0.5006067548083152
1-0,1-0,0.0,0.47484803869097664,0.5080148491876761
1-0,1-0,0.0,0.4785383758087244,0.5109204159198212
0-1,1-0,0.0,0.36242057625248175,0.6323153015142168
1-0,1-0,0.0,0.4838541624035645,0.5031795405271633
1-0,1-0,0.0,0.483608150319847,0.5019742592038225
1/2-1/2,1/2-1/2,0.0,0.2878956231577333,0.25984016663718024
1-0,0-1,0.0,0.520179556851743,0.4467528566472828
1-0,0-1,0.0,0.40520297706816777,0.3643700714506771
0-1,1-0,0.0,0.46393706948163477,0.5237761477086815
0-1,1-0,0.0,0.43522698211656874,0.5445470378263954
1-0,0-1,0.0,0.5232085704642996,0.45549465137290784
1-0,1-0,0.0,0.4571643911612305,0.5266051566479337
1-0,1-0,0.0,0.42630090021421235,0.5603489841109682
0-1,0-1,0.0,0.48866842459971804,0.48515988647815
0-1,1-0,0.0,0.4777337427852481,0.5033862133711384
1-0,1-0,0.0,0.47356196630231173,0.5187808747382473
1-0,1-0,0.0,0.48985059190225416,0.5013663850069119
0-1,0-1,0.0,0.5194041854914364,0.4636572607626168
0-1,1-0,0.0,0.48273261213274615,0.48698325083761085
1-0,1-0,0.0,0.32745083541017245,0.656807237861284
0-1,0-1,0.0,0.5046774047418507,0.4866648664107238
0-1,0-1,0.0,0.45017704240308704,0.44991665251950297
1-0,0-1,0.0,0.5321204028643038,0.4447621075465954
1-0,1-0,0.0,0.43155029658839106,0.5527525564521988
1/2-1/2,1/2-1/2,0.0,0.12744706183505525,0.12654643492400403
1-0,0-1,0.0,0.5084857657432026,0.4716783548705412
1-0,0-1,0.0,0.4947386040846044,0.4914245010633872
1-0,0-1,0.0,0.5247754572700702,0.4640750872142159
0-1,0-1,0.0,0.4955048374229725,0.48841400563325865
0-1,1-0,0.0,0.4779929838425248,0.5033524005697448
1-0,1-0,0.0,0.4581017659116101,0.5218641090005957
1-0,0-1,0.0,0.49716697158213286,0.4832636602310583
1-0,1-0,0.0,0.4807015222788682,0.5070728613412769
1-0,0-1,0.0,0.45352481623877333,0.42415993388261136
1-0,1-0,0.0,0.3026790787515901,0.6842267680607518
0-1,1/2-1/2,0.0,0.2413174980127079,0.24051329712738376
1-0,0-1,0.0,0.472718774305959,0.4650166161020071
1-0,0-1,0.0,0.5070996818579312,0.4818523198127025
1-0,0-1,0.0,0.4731310644077103,0.4684419350364215
0-1,0-1,0.0,0.5034024529593767,0.4744716072565743
0-1,1-0,0.0,0.4853501299769273,0.5014360487054454
1-0,0-1,0.0,0.4918750803752589,0.46363537104983643
1-0,1-0,0.0,0.4911243058017137,0.4959786793151115
0-1,0-1,0.0,0.4957598698836392,0.477010156494238
1-0,1-0,0.0,0.38377492826031145,0.6034099363630322
0-1,1-0,0.0,0.45388637996062176,0.4808128566386485
1-0,0-1,0.0,0.4762160347545396,0.41418000611890243
1-0,0-1,0.0,0.4702051659325358,0.4140766382945246
1-0,1-0,0.0,0.46973930110297407,0.49352787322439207
0-1,0-1,0.0,0.4252734888519471,0.3633901869457327
0-1,1-0,0.0,0.3854607383389224,0.3999476903341482
0-1,0-1,0.0,0.5531423459069477,0.4364824956675531
1-0,1-0,0.0,0.41102794682005495,0.5807753417122256
1-0,1-0,0.0,0.40318201679985116,0.5176002833364745
0-1,1-0,0.0,0.4450415804248261,0.48494003812335956
0-1,1-0,0.0,0.3652465336698494,0.5079364287018588
0-1,0-1,0.0,0.5193087909931645,0.44828673453011125
0-1,0-1,0.0,0.4799493216522447,0.46932909416138435
0-1,0-1,0.0,0.497357878605234,0.4848031427373434
1-0,1-0,0.0,0.368203648350788,0.4426926432943769
1/2-1/2,0-1,0.0,0.4017313435044815,0.36353839000591326
1-0,1-0,0.0,0.4751550031041564,0.5116612926862536
0-1,1-0,0.0,0.4813428173646612,0.4943033782771832
0-1,0-1,0.0,0.49325112530056475,0.4894945764662616
1-0,1-0,0.0,0.45341128769669253,0.48332112461916205
0-1,0-1,0.0,0.49015908925102303,0.48408492329011443
1/2-1/2,1/2-1/2,0.0,0.30956850698733274,0.32451772039087345
0-1,0-1,0.0,0.49993314485972756,0.4884231383905288
0-1,1-0,0.0,0.48253976086954475,0.49150573802661096
0-1,1-0,0.0,0.4187977526912315,0.5071678559370266
0-1,1-0,0.0,0.43372927726587396,0.5603731789062916
1-0,0-1,0.0,0.46808258856665796,0.45784569675334125
1-0,1-0,0.0,0.4928010461181913,0.4947464343200761
0-1,0-1,0.0,0.49701522931765557,0.492403787339659
1-0,0-1,0.0,0.4722980500606016,0.4580135529447295
1-0,0-1,0.0,0.540284399649656,0.4500329017120414
0-1,0-1,0.0,0.493101629032392,0.465594879409689
0-1,1-0,0.0,0.4099190450888991,0.5772446454292621
0-1,0-1,0.0,0.4737456136192022,0.43952668334453143
0-1,0-1,0.0,0.46036651515931676,0.41678966559558583
1-0,1-0,0.0,0.3547770767045631,0.6226141052593722
1-0,0-1,0.0,0.46458417130688534,0.4499329849129343
0-1,1-0,0.0,0.48404394475046947,0.49658407696626444
1/2-1/2,1-0,0.0,0.41456131338355123,0.48101886305251956
0-1,1-0,0.0,0.48283292293556257,0.5004718782544197
0-1,1-0,0.0,0.4830358020014255,0.5043342156419377
1-0,1-0,0.0,0.4598317144662961,0.5244021299170186
1-0,0-1,0.0,0.5154547196442525,0.4710119700571563
1-0,0-1,0.0,0.4642087647243215,0.4361003718663491
1-0,0-1,0.0,0.4985791518832141,0.476278597453706
0-1,0-1,0.0,0.5098494730551678,0.4772061346404472
1-0,0-1,0.0,0.4705312794108966,0.4661132291994207
1-0,1-0,0.0,0.49095582008255884,0.49656265905814057
0-1,1-0,0.0,0.46904517594575623,0.4939258555752912
0-1,0-1,0.0,0.49598578659192877,0.47887651619144894
1-0,0-1,0.0,0.41376601680478264,0.41196541692901356
0-1,1-0,0.0,0.4895820737075,0.4938648268434145
0-1,0-1,0.0,0.5111420527816098,0.45537116614968687
0-1,0-1,0.0,0.49852285964287757,0.4878899737896401
0-1,0-1,0.0,0.46667897035613043,0.4261820417936706
0-1,0-1,0.0,0.5116453542036734,0.48542367673832826
1-0,1-0,0.0,0.19794071743806668,0.7946363005508846
1-0,0-1,0.0,0.5059666316298286,0.44004391574896146
1-0,0-1,0.0,0.5066715486955143,0.46846078420477033
1-0,1-0,0.0,0.4707676785509117,0.517867127129772
1-0,1-0,0.0,0.39943163538433407,0.5956606424908159
0-1,1-0,0.0,0.4561675402273984,0.5325682726260792
1-0,0-1,0.0,0.5288189073931284,0.4520416494907925
0-1,1-0,0.0,0.46698275609499384,0.5224621591864671
1-0,0-1,0.0,0.5005719283691048,0.4792394031578701
0-1,1-0,0.0,0.4704845173771146,0.5155047748762914
1-0,1-0,0.0,0.4432029070296589,0.5507711145226011
1-0,0-1,0.0,0.506203374788825,0.4709658390883498
1-0,0-1,0.0,0.4970602333288366,0.49238254772725304
0-1,1-0,0.0,0.4578232829262879,0.5064262172234097
1-0,0-1,0.0,0.44192259290273667,0.3668114917493637
1-0,1-0,0.0,0.4677624848166209,0.4962030894583491
0-1,1-0,0.0,0.45735267605749835,0.518442470555475
0-1,1-0,0.0,0.47348144987433927,0.5136665782272369
0-1,0-1,0.0,0.5037703483992093,0.47397728131203776
0-1,0-1,0.0,0.5032471928575544,0.47030322357928733
0-1,1-0,0.0,0.45898031513456394,0.4893590817955563
0-1,1-0,0.0,0.4415301398348405,0.5511484297909014
0-1,1-0,0.0,0.4905265660513302,0.500141670204904
0-1,0-1,0.0,0.48699097825329113,0.4669809005219123
1-0,0-1,0.0,0.5047721782062164,0.4848036584346919
1-0,1-0,0.0,0.4219648898073968,0.570964996066112
0-1,1-0,0.0,0.4795882088103301,0.5098554952220775
0-1,1-0,0.0,0.4896531200131807,0.49899622790430737
0-1,0-1,0.0,0.49813687031109055,0.476630339385148
1-0,1-0,0.0,0.48165254878625824,0.48637244743609903
0-1,0-1,0.0,0.5005117695872247,0.44860651945835245
0-1,1-0,0.0,0.4903118326005396,0.4962393154584807
1-0,1-0,0.0,0.4847560885137705,0.5030424249961284
1-0,1-0,0.0,0.40913648038548805,0.48557874664516926
1-0,1-0,0.0,0.482173968806227,0.5001631125005259
1-0,1-0,0.0,0.47935698120293085,0.5132129458425475
1-0,0-1,0.0,0.5062192983808265,0.48354754864009
1-0,0-1,0.0,0.507267763446272,0.4762360444278274
0-1,0-1,0.0,0.5082008399419384,0.4756395958040061
1-0,1-0,0.0,0.4694863366217973,0.5135488088550254
1-0,0-1,0.0,0.4986855504078356,0.48562665526805343
0-1,0-1,0.0,0.5209685716432313,0.4321498224467297
0-1,0-1,0.0,0.4454630846311039,0.4256938288615308
0-1,0-1,0.0,0.5180659416970848,0.45678250492398637
1-0,1-0,0.0,0.4947766418261424,0.49490450957823245
0-1,1-0,0.0,0.47606517150175276,0.49434375905396527
0-1,0-1,0.0,0.5190154776757978,0.4719618843718803
1-0,0-1,0.0,0.4877243119326124,0.4421735358557485
0-1,0-1,0.0,0.5467350322310566,0.435145142378448
0-1,1-0,0.0,0.4315675955652116,0.49654871616907015
1-0,0-1,0.0,0.44454825938558434,0.424945712885717
0-1,1-0,0.0,0.48557954827358446,0.4943490483991105
1-0,1-0,0.0,0.3907298496138064,0.5885623798703303
1/2-1/2,0-1,0.0,0.47748105923342943,0.4700977403434969
1-0,1-0,0.0,0.4803958274506395,0.49909193988261424
0-1,1-0,0.0,0.4464336107852525,0.5431634367935463
0-1,1-0,0.0,0.48124662938184276,0.4910859462077534
1-0,0-1,0.0,0.4948025719624358,0.4937614022933259
1-0,0-1,0.0,0.4954513308277312,0.494452938292722
1-0,1-0,0.0,0.19077403021266792,0.8072573648503124
1-0,0-1,0.0,0.4779552966997307,0.4629593801586979
1-0,0-1,0.0,0.490733966077819,0.48765735230336366
1-0,1-0,0.0,0.48861153630084925,0.5035084454832687
1-0,1-0,0.0,0.4902957212357469,0.49330028845033813
1-0,1-0,0.0,0.37982292467952466,0.3986983797732904
1-0,1-0,0.0,0.4939369911875062,0.4985554858512013
1-0,1/2-1/2,0.0,0.31144043506992203,0.25698258134023516
0-1,1-0,0.0,0.3851326273099118,0.4399274790950011
0-1,0-1,0.0,0.5336169665576729,0.43979855544058777
1-0,1-0,0.0,0.35054360202562634,0.6419000890410651
1-0,0-1,0.0,0.4975040898981816,0.45756619331903364
0-1,0-1,0.0,0.5178251043525396,0.468336697286412
1-0,0-1,0.0,0.5146943014361586,0.4628605224303101
1-0,1-0,0.0,0.34514071668915036,0.6023576124040894
1-0,1-0,0.0,0.4661017006513156,0.517832861870154
1-0,1-0,0.0,0.4872923503886865,0.4986860245011892
1-0,1-0,0.0,0.47772008018460094,0.48972528295596884
0-1,1-0,0.0,0.46102971385200014,0.5261945742433276
0-1,1-0,0.0,0.4493601058381422,0.5422177784977702
1-0,1-0,0.0,0.46687425395318416,0.5145977093116728
0-1,1-0,0.0,0.4712417899863659,0.5158342403527484
1-0,0-1,0.0,0.49808648247618276,0.4813147300311457
0-1,1-0,0.0,0.48304895742920495,0.4973070011583285
1-0,0-1,0.0,0.5353993639716402,0.45566565639744117
1-0,0-1,0.0,0.516270291940488,0.44121262373158854
1-0,1-0,0.0,0.37032600584053804,0.6245296747914207
0-1,1-0,0.0,0.4848508946702942,0.4915369633708247
1-0,0-1,0.0,0.505168789957269,0.4768473057898253
1-0,0-1,0.0,0.5051969611408298,0.48145007990428507
0-1,0-1,0.0,0.5234851100303336,0.4587543153063932
0-1,1-0,0.0,0.46476056098044,0.5102238537982492
1-0,0-1,0.0,0.5222529281054055,0.4635154433301255
0-1,1-0,0.0,0.41858603626603264,0.5439926929517671
0-1,0-1,0.0,0.5071508002781675,0.47770750787898486
1-0,0-1,0.0,0.5040725353013378,0.4694050443662721
0-1,1-0,0.0,0.4904332181918089,0.49528562472587717
1-0,0-1,0.0,0.5081993976874406,0.4693685699422311
1/2-1/2,1/2-1/2,0.0,0.2655352186996609,0.2645643968173428
1-0,0-1,0.0,0.5001638304981783,0.4860084013499337
1-0,0-1,0.0,0.5300134504994466,0.44109439843287845
1-0,0-1,0.0,0.49027329198432096,0.4865441668519184
1-0,1-0,0.0,0.4887121232482147,0.494333769426576
0-1,0-1,0.0,0.5055382063469405,0.48231788654664803
0-1,0-1,0.0,0.5118373197813754,0.4747894997865553
0-1,1-0,0.0,0.44253886711094664,0.5186859313997554
0-1,0-1,0.0,0.4816294731326179,0.4386489235794907
1-0,1-0,0.0,0.4379100896366149,0.5098234783252226
1-0,0-1,0.0,0.4887999734796121,0.478881602354402
1-0,1-0,0.0,0.4723518578095639,0.5132576871501622
1-0,1-0,0.0,0.47786377490802384,0.5074726554921145
1-0,1-0,0.0,0.44054357568132363,0.5579251298595751
0-1,1-0,0.0,0.47831645008720053,0.5084927245274147
1/2-1/2,0-1,0.0,0.3691273982981164,0.3450014879653649
0-1,1-0,0.0,0.4613471674207131,0.5164858914469533
1-0,0-1,0.0,0.5034488617321954,0.45497229349961715
0-1,0-1,0.0,0.5294036593135805,0.4558404311732632
0-1,1-0,0.0,0.47048919696462665,0.5205027846455802
0-1,1-0,0.0,0.4913072837102928,0.494670123790091
0-1,1-0,0.0,0.4712699050073592,0.5105621852244112
1-0,0-1,0.0,0.35161341318743256,0.3134984506026766
1-0,1-0,0.0,0.09608997475737102,0.9029913870643199
0-1,1-0,0.0,0.4311559465168948,0.5243652825203848
1-0,0-1,0.0,0.49317156529441464,0.4927511068027693
1-0,0-1,0.0,0.488240542759453,0.4860180016345317
0-1,1-0,0.0,0.46738067158766006,0.5110470987383785
1-0,1-0,0.0,0.4730594996837023,0.5143828401724325
1-0,1-0,0.0,0.4298199422844616,0.5435602688757468
1-0,0-1,0.0,0.5198641905427892,0.4551605463784075
1-0,1-0,0.0,0.3812978796582027,0.608340117890552
0-1,0-1,0.0,0.49272599715450877,0.4926356199618662
1-0,1-0,0.0,0.2884113609305926,0.7098554436716138
1-0,0-1,0.0,0.5116057322628508,0.4776046519194574
1-0,1-0,0.0,0.45890851522774984,0.5034246976932443
1-0,1-0,0.0,0.4797312704849826,0.5097545490522717
1-0,1-0,0.0,0.4697162642474348,0.5207757605023812
0-1,1-0,0.0,0.4774803112223171,0.5135724394991855
0-1,1-0,0.0,0.48337230589616986,0.49284343008862885
0-1,1-0,0.0,0.4826941257376453,0.5008287542667806
1-0,1-0,0.0,0.46099286674267287,0.520769412429465
1-0,0-1,0.0,0.38575733464752987,0.38225623247537094
1-0,0-1,0.0,0.48244866411000237,0.4791892920335481
0-1,0-1,0.0,0.498728545750028,0.4902376872290003
1-0,1-0,0.0,0.4208910244244255,0.5722487619887772
1-0,1-0,0.0,0.45233182801985655,0.5324115485522202
1-0,0-1,0.0,0.5175114833480522,0.4733277025228617
0-1,0-1,0.0,0.4913472335485601,0.480089547252437
0-1,0-1,0.0,0.49084160969954865,0.48841745538985526
1/2-1/2,1-0,0.0,0.4801643637806727,0.4996132615224987
0-1,0-1,0.0,0.5024978073941756,0.48218180015282786
1-0,1-0,0.0,0.48462976889516934,0.4968354173594953
1-0,0-1,0.0,0.5006919821661278,0.4626957623023331
1-0,1-0,0.0,0.4125019630253833,0.5661515958378891
0-1,1-0,0.0,0.46159032795197624,0.5179030903998681
1-0,1-0,0.0,0.45157762036705945,0.514240820388262
1-0,0-1,0.0,0.4935484098146756,0.4551472488857455
0-1,0-1,0.0,0.5525537374807298,0.4360844636981257
1-0,1-0,0.0,0.4880893405402948,0.496935871048515
1-0,1-0,0.0,0.4673022576374214,0.5120028407747679
0-1,1-0,0.0,0.4628929797488674,0.5263113299700979
0-1,1-0,0.0,0.46887017546326276,0.519910370588624
0-1,1-0,0.0,0.4898745952271818,0.4959554563062635
0-1,1-0,0.0,0.4787791529308483,0.49967964712315005
1-0,1-0,0.0,0.4495807160196585,0.5356460677329308
1-0,0-1,0.0,0.4928893887079919,0.4924798114401833
0-1,1-0,0.0,0.47496997460059465,0.49041253265785795
1-0,1-0,0.0,0.4614595468894058,0.5302753991562562
0-1,1-0,0.0,0.48022317847735363,0.5123355312602899
0-1,1-0,0.0,0.4637639484538699,0.5236935962663096
1-0,1-0,0.0,0.4605534113611816,0.5197225572212101
1-0,0-1,0.0,0.5066957264702222,0.46733509488399344
0-1,1-0,0.0,0.42667356078490737,0.5673452033874403
1-0,1-0,0.0,0.4371494942442504,0.5450344167506803
0-1,0-1,0.0,0.49930571738304375,0.4598924906906676
0-1,0-1,0.0,0.41032823823951825,0.3805529736372917
1-0,1-0,0.0,0.4742351452470509,0.479202066004624
0-1,1-0,0.0,0.46158277026290506,0.5226225718441954
1-0,0-1,0.0,0.49506939927014926,0.4939201571187517
1-0,0-1,0.0,0.4972125144729992,0.48927280612091895
1-0,1-0,0.0,0.44096791638837485,0.5473729176902663
0-1,1-0,0.0,0.16804235638665896,0.8318514608920533
0-1,1-0,0.0,0.4163475378559057,0.5774660331731835
1-0,0-1,0.0,0.496723631165346,0.4745835999090086
1-0,1-0,0.0,0.3213359815605047,0.6723697085111013
0-1,1-0,0.0,0.473878365954991,0.5046216191727295
1-0,1-0,0.0,0.47604768032285005,0.5114699351599675
1-0,1-0,0.0,0.48919890548609535,0.5021436058949686
0-1,1-0,0.0,0.47315499974326203,0.5112531218518362
1-0,1-0,0.0,0.4663165552136793,0.5203430204121727
1-0,0-1,0.0,0.4917092042554453,0.44830303131430366
1-0,1-0,0.0,0.4661778905592214,0.523619827895055
0-1,1-0,0.0,0.45462126999622554,0.5339686168786077
1-0,1/2-1/2,0.0,0.3335276226588006,0.2718132269983425
1-0,0-1,0.0,0.525695320931017,0.45430083480441774
0-1,0-1,0.0,0.5033520206802997,0.48472299446249123
1-0,1-0,0.0,0.4498095869842666,0.4842952613903653
1-0,0-1,0.0,0.5280003143940409,0.4476899276241421
1-0,0-1,0.0,0.5168055586288968,0.4696883676249051
1-0,0-1,0.0,0.48855370378509594,0.4703283581519174
0-1,1-0,0.0,0.49448497430780614,0.49507134364746364
1-0,1-0,0.0,0.10551461602389696,0.8938945540096231
1-0,1-0,0.0,0.39290108165561777,0.4584555540294159
0-1,1-0,0.0,0.22176479422854925,0.7737467101021829
1-0,1-0,0.0,0.4811052286411223,0.5094807895197814
0-1,1-0,0.0,0.4856619465734298,0.4997691939764859
1-0,1-0,0.0,0.4673877066126904,0.5094619510401616
0-1,0-1,0.0,0.5028973543040376,0.4830488590573811
0-1,0-1,0.0,0.49655774725698426,0.4914480560614693
0-1,0-1,0.0,0.4985156970396651,0.48501327843867353
1-0,1-0,0.0,0.4172463398842902,0.5720895199025867
0-1,0-1,0.0,0.4971518484312773,0.4587165621234463
1-0,0-1,0.0,0.4919400331046562,0.4867037100654913
1-0,1-0,0.0,0.3408183556516546,0.4342941581859467
0-1,0-1,0.0,0.5139503568708853,0.46911841862387454
0-1,1-0,0.0,0.42996809066094016,0.5614057598259619
1-0,1-0,0.0,0.4807164702255109,0.5008999462628277
0-1,1-0,0.0,0.4838923639164989,0.5020010254701616
0-1,1-0,0.0,0.46856895912342533,0.47782637447911275
1-0,1-0,0.0,0.43407701375767993,0.5477120964354255
1-0,1-0,0.0,0.23053548341783472,0.7652663028854734
0-1,1-0,0.0,0.27564797818921194,0.7242183465521272
1-0,0-1,0.0,0.4549255022842159,0.3911197037121311
0-1,1-0,0.0,0.38822726710494143,0.390728462887018
1-0,0-1,0.0,0.471693304553188,0.4570946524465288
0-1,1-0,0.0,0.41505731098433885,0.5646045412684453
1-0,1-0,0.0,0.4746146422253976,0.4962773001601698
1-0,0-1,0.0,0.4672491760989197,0.4632235192862868
1-0,0-1,0.0,0.539062064612116,0.4480242227172113
0-1,0-1,0.0,0.4970901615473859,0.4795913986237798
0-1,0-1,0.0,0.5249133800649263,0.45640650450502057
1-0,1-0,0.0,0.4848203837223501,0.4968460732852782
1-0,1-0,0.0,0.4792251560535457,0.5129200850890399
1-0,1/2-1/2,0.0,0.2141411362925182,0.21126836068032068
0-1,0-1,0.0,0.5172628789148357,0.4236014949579029
1-0,0-1,0.0,0.5130526404048079,0.46553627625192057
1-0,1-0,0.0,0.4511801242514251,0.5206857850631571
0-1,1-0,0.0,0.4881482830187798,0.4938143540793818
1-0,1-0,0.0,0.47326936702584893,0.49541573786723603
0-1,0-1,0.0,0.506752685188147,0.4778263848137733
1-0,1-0,0.0,0.4911463770374051,0.49813248649516256
0-1,1-0,0.0,0.48629797134614233,0.505279447590997
1-0,1-0,0.0,0.48164677480964857,0.4925377707657023
1-0,0-1,0.0,0.4717099691908243,0.42899837743746233
1-0,1-0,0.0,0.46597887055352516,0.5149789368497887
1-0,1-0,0.0,0.4648878714141862,0.5128561025999546
1-0,0-1,0.0,0.477950555628271,0.45670676678319944
1-0,1-0,0.0,0.4888644895113755,0.5004696727813328
0-1,1-0,0.0,0.4917679925170987,0.49521055569623457
1-0,0-1,0.0,0.49921309401784414,0.4845412233634484
1-0,1-0,0.0,0.4805193768373653,0.5071772370513828
0-1,0-1,0.0,0.5422524739149449,0.4466323115509729
1-0,0-1,0.0,0.5006139739003418,0.4862421761749916
0-1,0-1,0.0,0.5219806152387099,0.4548226310147527
0-1,1-0,0.0,0.45604138371598546,0.5331233626833527
1/2-1/2,1/2-1/2,0.0,0.0906049070850664,0.0787604508318061
1-0,0-1,0.0,0.41056238216654695,0.3394556299519219
0-1,1-0,0.0,0.1866878943983468,0.8132651172479238
1-0,0-1,0.0,0.4466513235790646,0.41765874717926904
1-0,1-0,0.0,0.4663630985972409,0.5209350611969144
0-1,1-0,0.0,0.44097364162313174,0.5497440482178694
0-1,0-1,0.0,0.5060662250700527,0.47980898055336996
1-0,1-0,0.0,0.46495552107021837,0.49294714906025444
1-0,1-0,0.0,0.4832460312211608,0.501451683434184
1-0,0-1,0.0,0.4121282798093893,0.3797027760142365
1/2-1/2,0-1,0.0,0.5169959423815473,0.4710690749001412
1-0,1-0,0.0,0.4701535254736848,0.5203754478108337
0-1,0-1,0.0,0.5045311321461174,0.477860390934912
0-1,0-1,0.0,0.5261431292725298,0.4510534773952551
1-0,1-0,0.0,0.3870543652769844,0.6061906704502326
0-1,1-0,0.0,0.4832012752153069,0.5049726560885822
0-1,1-0,0.0,0.481340580198332,0.5080788016543346
0-1,1-0,0.0,0.4559113692617952,0.5137091054292997
0-1,0-1,0.0,0.5376342619067744,0.44649840606581037
1-0,1-0,0.0,0.4567285719544454,0.47997984638229585
1/2-1/2,0-1,0.0,0.46372532696031155,0.45895850981104375
1-0,0-1,0.0,0.4454938895438252,0.4430877025169951
1-0,0-1,0.0,0.49177502687378627,0.48902785924624625
0-1,0-1,0.0,0.4265965507217569,0.3833533333938961
1-0,1-0,0.0,0.4742455318868382,0.5115721712590615
0-1,0-1,0.0,0.49267832458439303,0.48741911534578586
1-0,1-0,0.0,0.47240173237434474,0.509431693801033
1-0,0-1,0.0,0.5085645375895528,0.4722730066575246
0-1,0-1,0.0,0.5267061452350075,0.45934941818994707
1-0,1-0,0.0,0.4767927457696924,0.5082712748535003
0-1,0-1,0.0,0.5109888158065009,0.4165394590337396
0-1,1-0,0.0,0.34951087292806954,0.6428780188343994
1-0,0-1,0.0,0.538494336010837,0.45191489709933946
1-0,1-0,0.0,0.37922912913719203,0.38375825846319656
1-0,1-0,0.0,0.4916776653715508,0.49370396756605
1-0,1-0,0.0,0.4604078545698264,0.5260433336608373
1-0,1-0,0.0,0.46619566822044917,0.5236376940948132
0-1,1-0,0.0,0.45844165354374067,0.5263971906361311
1-0,0-1,0.0,0.5086495632778932,0.4731077473896954
0-1,0-1,0.0,0.4857257306830437,0.47738598061180354
1-0,1-0,0.0,0.43742534123820603,0.5501991195241431
1-0,0-1,0.0,0.5046038297974135,0.4475683036140091
0-1,1-0,0.0,0.47336535561710763,0.511770075999246
1-0,1-0,0.0,0.4786364342828997,0.505480702597315
1-0,1-0,0.0,0.44827544371378836,0.5395681089983149
0-1,0-1,0.0,0.4915185084311034,0.42711500720311346
1-0,0-1,0.0,0.4973137598872323,0.4866464797690631
1/2-1/2,0-1,0.0,0.4655995648924886,0.4145519616308059
0-1,1-0,0.0,0.48672192283989113,0.5009861503569036
1-0,1-0,0.0,0.4421319162753913,0.5401872692849612
1-0,1-0,0.0,0.38508003018375475,0.5888684066786606
0-1,1-0,0.0,0.4852946798613043,0.49529734804616354
0-1,0-1,0.0,0.42314789834837374,0.36015812149486964
0-1,1-0,0.0,0.4693985836295023,0.5218521839964093
0-1,1/2-1/2,0.0,0.30116344380665533,0.2658235256396407
0-1,1-0,0.0,0.44108920568243104,0.5397152844805232
1-0,1-0,0.0,0.46432066693216006,0.5264229739763417
1-0,0-1,0.0,0.5371335324538042,0.4500241074225882
0-1,1-0,0.0,0.4652743560437138,0.5260707406357786
0-1,1-0,0.0,0.4653372158063868,0.5198222023980472
0-1,1-0,0.0,0.4830027168187071,0.4841277406674284
1-0,1-0,0.0,0.48291242893138975,0.5029137341295521
0-1,1-0,0.0,0.43934126628454107,0.5501004888820559
1-0,1-0,0.0,0.4771539337996956,0.5007100283924035
1-0,1-0,0.0,0.4624508167121776,0.529508330439003
0-1,1-0,0.0,0.4617830778110084,0.47216117841887345
1-0,0-1,0.0,0.5008659815095292,0.4834512055493308
1-0,1-0,0.0,0.48750020250726667,0.4878826490221699
0-1,1-0,0.0,0.45850649891154427,0.5339808095615405
1-0,0-1,0.0,0.49254496481060217,0.48910066045697076
0-1,1-0,0.0,0.49153265940924623,0.49524575217442757
0-1,1-0,0.0,0.4755737323613097,0.50314812069544
0-1,0-1,0.0,0.5021989185137722,0.4662254672186366
0-1,0-1,0.0,0.49229132172833356,0.4713921740738601
0-1,1-0,0.0,0.4881691011273666,0.49302314931969377
1-0,0-1,0.0,0.5219706555795565,0.4612623759754972
0-1,0-1,0.0,0.5470713114894817,0.44499360397724186
1-0,0-1,0.0,0.48298488147844826,0.47672148028789124
1-0,1-0,0.0,0.48736582834726133,0.4927754594179307
1-0,1-0,0.0,0.4693678926122876,0.4804086317646951
0-1,0-1,0.0,0.4769754921404413,0.4102527113456773
0-1,0-1,0.0,0.42842732524811356,0.4166523660155148
1-0,0-1,0.0,0.5153446762015058,0.47010551891206565
1-0,1-0,0.0,0.4452621025251024,0.5424140140360475
1-0,1-0,0.0,0.4478679527030293,0.5436123160222714
1-0,1-0,0.0,0.4819912244810895,0.5095938046640072
1-0,0-1,0.0,0.4046392899079831,0.3398187295398524
1/2-1/2,1/2-1/2,0.0,0.05947536060726172,0.05236447187260415
1-0,1-0,0.0,0.47826397504718776,0.512429452493891
0-1,0-1,0.0,0.49923660993510954,0.48200881838745535
0-1,1-0,0.0,0.4021408761591744,0.4619416381875625
0-1,1-0,0.0,0.4799677028655733,0.5076147795271795
0-1,1-0,0.0,0.4810360723315147,0.5066652510396358
0-1,1-0,0.0,0.4688232006713272,0.518020527287101
1-0,1-0,0.0,0.4811624500910448,0.4863670399391299
1/2-1/2,1-0,0.0,0.4366915219944837,0.5135300095690684
0-1,1-0,0.0,0.4132586352669612,0.5729585990908761
1-0,0-1,0.0,0.41851708659267955,0.40628990931479103
0-1,0-1,0.0,0.5227510589701748,0.46193885428586995
1-0,0-1,0.0,0.5084336813302234,0.4763586617938796
1-0,1-0,0.0,0.47612069969677623,0.5060298817534535
1-0,1-0,0.0,0.3538551203372591,0.6385025196408606
1-0,0-1,0.0,0.4656697776671593,0.46421520943083516
1-0,0-1,0.0,0.5232973923874,0.430029404520327
0-1,0-1,0.0,0.5029851030219401,0.48129014959764044
1-0,0-1,0.0,0.45297189842561836,0.43376231702390977
1-0,1-0,0.0,0.38573484512649847,0.6010625230874168
0-1,0-1,0.0,0.4936745465968722,0.4908277332382811
0-1,0-1,0.0,0.5225954534871295,0.45744151866945737
1-0,0-1,0.0,0.4934638871975977,0.47942057853004477
1-0,0-1,0.0,0.4844304340114389,0.44368048951549016
1-0,0-1,0.0,0.4974244679497295,0.4911241965862675
1-0,1-0,0.0,0.43653810288917894,0.507661895902884
1-0,0-1,0.0,0.5004523869447074,0.48102863936713175
0-1,1-0,0.0,0.33497305588260057,0.6644119296116846
1/2-1/2,1-0,0.0,0.435710705455458,0.5438876826812332
1-0,1-0,0.0,0.44436303022961715,0.4801258349697061
1-0,0-1,0.0,0.48348881681379013,0.47589989739041416
0-1,1-0,0.0,0.42815188559033013,0.5627874882001388
1-0,1-0,0.0,0.48094298387869094,0.5118319535508702
0-1,0-1,0.0,0.5024402739529846,0.4749420985885679
0-1,0-1,0.0,0.5484213025290331,0.42971280133986844
0-1,1-0,0.0,0.462153321439674,0.5114597577268606
0-1,1-0,0.0,0.477150522057773,0.5130147285727511
0-1,1-0,0.0,0.48777259799171846,0.5007601978210359
0-1,0-1,0.0,0.5407418209232135,0.44871707690041646
0-1,1-0,0.0,0.49138466770680467,0.49524617972771556
0-1,1-0,0.0,0.4514699109275433,0.5190908499882391
0-1,0-1,0.0,0.5143070336769018,0.4761284032931361
0-1,0-1,0.0,0.5381431776527309,0.44270242110534724
1-0,1-0,0.0,0.47395452592455767,0.5180899317048008
1-0,0-1,0.0,0.5009330906902234,0.4552869665343283
0-1,1-0,0.0,0.46636979208259954,0.5137273915826044
0-1,1-0,0.0,0.46153136259056976,0.5265119546522423
1-0,1-0,0.0,0.48631272477348836,0.4931804499423374
0-1,1-0,0.0,0.46124982890329735,0.503513027603823
0-1,0-1,0.0,0.5383033199038745,0.4413984845685451
0-1,1-0,0.0,0.4705755298057253,0.5133498587520254
1-0,0-1,0.0,0.4916956866746904,0.4856468618170169
1-0,1-0,0.0,0.4503810140320631,0.5393888039748098
1-0,1-0,0.0,0.47950298776616673,0.5060484638992814
0-1,1-0,0.0,0.47510997403416516,0.5047320007131691
1-0,1-0,0.0,0.46388319632942304,0.5256974306065594
1/2-1/2,1-0,0.0,0.45522051904383726,0.5173518124453073
1-0,1-0,0.0,0.49403065933415247,0.49781755870616223
0-1,0-1,0.0,0.5105454368375038,0.4744173178522587
0-1,0-1,0.0,0.5207964560615845,0.46117426094001696
1-0,1-0,0.0,0.36790187458498463,0.621579246749233
1-0,0-1,0.0,0.5298038812924108,0.4634948304893794
1-0,1-0,0.0,0.0024062841474098784,0.9975936662470155
0-1,1-0,0.0,0.39400686063257667,0.4180674703944621
1-0,1-0,0.0,0.047394616588955996,0.9525814718289627
1-0,1-0,0.0,0.3735876168812607,0.6198957474155266
0-1,0-1,0.0,0.5513512418200347,0.4403502190938406
0-1,1-0,0.0,0.4141033507580155,0.5614634995759046
1-0,0-1,0.0,0.4944744611115555,0.48441517473916257
1-0,0-1,0.0,0.502997056049502,0.47913743235692163
1-0,0-1,0.0,0.4766388230833717,0.46802891165353816
1-0,0-1,0.0,0.48232017970358865,0.452329216446087
1-0,1-0,0.0,0.3797487340395501,0.46288384061418825
0-1,1-0,0.0,0.4735527828359052,0.5163581609138926
1-0,0-1,0.0,0.5425527319409423,0.4430881556806694
1-0,0-1,0.0,0.539327458790346,0.4535898219587304
1-0,0-1,0.0,0.5477064534453591,0.43912581671730366
0-1,0-1,0.0,0.5042196686779017,0.46347844893293916
0-1,1-0,0.0,0.46095084845269796,0.5209369989491358
0-1,0-1,0.0,0.5431730538860817,0.4450549572866668
0-1,0-1,0.0,0.5103530099379291,0.4706691196157931
1-0,1-0,0.0,0.45749882024342453,0.5215448021200453
0-1,1-0,0.0,0.46377396213254807,0.47218825801061687
1-0,1-0,0.0,0.46308376207235663,0.5232617393283034
1-0,1-0,0.0,0.48626606486346907,0.49921597245810984
0-1,0-1,0.0,0.5073512695596564,0.42366658059570844
0-1,0-1,0.0,0.5114523498851543,0.43223727092579906
1/2-1/2,0-1,0.0,0.48826866206959135,0.4687389081384721
1-0,1-0,0.0,0.3948220458841596,0.44618929931501355
1-0,0-1,0.0,0.4633495788865295,0.4376382785698785
1-0,1-0,0.0,0.4632480690497242,0.4983033095812701
0-1,1-0,0.0,0.48985935731428315,0.49494111201172514
0-1,0-1,0.0,0.5074158682967423,0.44147713606849787
0-1,1-0,0.0,0.46800572298765397,0.511796371731019
1-0,0-1,0.0,0.4998317675198592,0.47858199064981144
0-1,1-0,0.0,0.48468904036633864,0.4964001509988916
1-0,1-0,0.0,0.38943635944104266,0.5970407002472063
0-1,1-0,0.0,0.43280149818366054,0.5474884937362433
1-0,0-1,0.0,0.5095280882765729,0.48062738830614204
1/2-1/2,1/2-1/2,0.0,0.16305492787282233,0.19178687818443965
1-0,1-0,0.0,0.46477408016101696,0.5284611780051899
0-1,1-0,0.0,0.45757077393686274,0.4791026642754407
1-0,1-0,0.0,0.4867383698054098,0.5005482353178752
0-1,0-1,0.0,0.5344181154451039,0.450285199043003
1-0,0-1,0.0,0.5426973667772793,0.4412818380843804
0-1,1-0,0.0,0.37058401543820785,0.47109102650765594
1-0,0-1,0.0,0.5058223558732827,0.4738176304552361
0-1,1-0,0.0,0.4348716175181889,0.5180794627777738
1-0,1-0,0.0,0.23403302830027378,0.7613822864762776
0-1,0-1,0.0,0.49896607527349485,0.4831769519671935
0-1,1-0,0.0,0.4403560038354165,0.46972297106600847
0-1,0-1,0.0,0.35681588533573144,0.29981635388475225
1-0,0-1,0.0,0.5102985011432786,0.4736939051598402
0-1,0-1,0.0,0.5196628034494364,0.4542694474595094
0-1,1-0,0.0,0.4651055747312918,0.5170724865091887
1-0,1-0,0.0,0.4894907426872267,0.5017403233165806
1-0,1-0,0.0,0.41600669214783176,0.5132649297276144
0-1,0-1,0.0,0.49366629422606056,0.4893209152717292
1-0,1-0,0.0,0.44205438584544443,0.48201488098356554
1-0,1-0,0.0,0.4160573874800433,0.5777213313506315
1-0,1-0,0.0,0.48596004666583054,0.4917426156566961
1-0,1-0,0.0,0.44255731081525185,0.5181787198649731
1-0,0-1,0.0,0.5037779208014073,0.4814148063754927
1-0,1-0,0.0,0.3979273371672285,0.42480797279333604
1-0,1-0,0.0,0.48819829960599936,0.4992654891517415
1-0,1-0,0.0,0.4695392380142873,0.5167717231277955
1-0,0-1,0.0,0.5107689436156613,0.45382545148752473
0-1,1-0,0.0,0.3893787114608308,0.6098061061631239
1-0,1-0,0.0,0.04014436378967957,0.959211395652462
1-0,1-0,0.0,0.4865848995774466,0.4919994554488888
0-1,0-1,0.0,0.5027581979538277,0.45941753374357064
1-0,0-1,0.0,0.4997523854226048,0.4433648198139901
1-0,0-1,0.0,0.5347013850234621,0.45493076429922746
0-1,1-0,0.0,0.47005798891576783,0.5049133548900588
1-0,1-0,0.0,0.47112752681604453,0.5171432772457527
0-1,0-1,0.0,0.5031408564218348,0.485555617652794
1-0,0-1,0.0,0.49565483131997234,0.49242109206496204
1-0,1-0,0.0,0.4082127520372882,0.5839640006508945
0-1,1-0,0.0,0.4720294549881318,0.5160960849473927
0-1,1-0,0.0,0.4331485536309248,0.5580024136826245
1-0,1-0,0.0,0.4691711849912368,0.51093814298988
0-1,1-0,0.0,0.4870151403966349,0.5030387771294859
1-0,1/2-1/2,0.0,0.2854620502852964,0.296783339260573
1-0,1-0,0.0,0.425061103570645,0.565590111246812
1-0,1-0,0.0,0.38864623817360894,0.6006099765860837
1-0,0-1,0.0,0.46017736951392113,0.443326652169465
1-0,0-1,0.0,0.5075545078208794,0.45472278526958954
1-0,1-0,0.0,0.44542015690390213,0.543564987292761
1-0,1-0,0.0,0.46598909908090724,0.51109128558147
0-1,0-1,0.0,0.5332072882156295,0.43878116960186214
1-0,0-1,0.0,0.5026565557771117,0.487888851718148
1-0,0-1,0.0,0.49611197585288574,0.4910172583745565
0-1,1-0,0.0,0.4581566843889292,0.514140864353781
0-1,1-0,0.0,0.4690890990923944,0.49116519127765007
0-1,1-0,0.0,0.49150309895563155,0.49948935492573737
1-0,1-0,0.0,0.47282390710394423,0.47998343753270584
1-0,0-1,0.0,0.4939288465676366,0.44100725459216494
0-1,0-1,0.0,0.5029394593686375,0.4703051578739355
1-0,1-0,0.0,0.48446994295436985,0.49864271510660163
0-1,0-1,0.0,0.4986009500398396,0.49073342130449393
1-0,0-1,0.0,0.4938775928958746,0.49204704598031723
0-1,0-1,0.0,0.5258340432783017,0.46070011743302275
0-1,0-1,0.0,0.522792732959269,0.4596019428861482
0-1,1-0,0.0,0.4592513675519786,0.529629344888395
0-1,1-0,0.0,0.471392134994187,0.5155918931848549
0-1,1-0,0.0,0.47512684667111765,0.5048638187529504
0-1,1-0,0.0,0.4874299661131033,0.5001145681742807
1/2-1/2,1-0,0.0,0.4610740621787561,0.5185131770542545
1-0,1-0,0.0,0.1716847859242366,0.8274622288767881
1-0,1-0,0.0,0.4482597050679849,0.538972571812717
0-1,1-0,0.0,0.4894745779007244,0.5011573847077618
1-0,0-1,0.0,0.5006096224690025,0.4855658196692106
0-1,1-0,0.0,0.462800046365254,0.524755405293296
0-1,0-1,0.0,0.49075097705347787,0.44043796552758985
0-1,0-1,0.0,0.4991100869702588,0.4914278747990208
1/2-1/2,0-1,0.0,0.502485428230996,0.47525053103758136
0-1,0-1,0.0,0.4977019920613346,0.483781480887353
1-0,1-0,0.0,0.48760952210503655,0.4972162371335571
1-0,1-0,0.0,0.2853583602655369,0.6610409291077918
0-1,1-0,0.0,0.4086030778780277,0.5220472473553363
1-0,0-1,0.0,0.5029723226510512,0.4826389696915462
1-0,0-1,0.0,0.5067709624298915,0.4712862826369459
0-1,1-0,0.0,0.4759823984935603,0.5098783827186723
1/2-1/2,0-1,0.0,0.47989083848496283,0.4466851937924095
0-1,0-1,0.0,0.5110005289860018,0.47663642378284127
1-0,0-1,0.0,0.4632713247353501,0.426271246855119
0-1,1-0,0.0,0.46295512518566284,0.48304412651522227
0-1,0-1,0.0,0.4679893671887987,0.44038311140271025
1/2-1/2,1-0,0.0,0.4647422854710759,0.465210653612387
0-1,1-0,0.0,0.4867311029757722,0.4877808609130422
0-1,1-0,0.0,0.44607441425791133,0.5464661855756731
1-0,0-1,0.0,0.49300446177160834,0.46265208332976454
1-0,1-0,0.0,0.4871384196814571,0.4985565764169007
1-0,0-1,0.0,0.48713963901206453,0.4826686539260266
0-1,0-1,0.0,0.5439414353030134,0.44533911762001815
1-0,0-1,0.0,0.5033977218432718,0.48542072889526633
0-1,1-0,0.0,0.4745841324255307,0.4914892242498894
0-1,1-0,0.0,0.46876484482883984,0.5064590062675118
0-1,0-1,0.0,0.48519634573430487,0.4826991093762953
0-1,1-0,0.0,0.45477882512248574,0.5340058173949723
1-0,1-0,0.0,0.4780676996326177,0.5096046725102854
0-1,1-0,0.0,0.4473288651430384,0.5441902506396411
0-1,1-0,0.0,0.46846939229994816,0.49110951659215324
0-1,1-0,0.0,0.45764791742546523,0.5141909852150817
0-1,0-1,0.0,0.5192477914864988,0.4468064590439421
0-1,1-0,0.0,0.4859088353839324,0.49602945114861396
0-1,1-0,0.0,0.40919880336042475,0.584995291055862
1-0,1/2-1/2,0.0,0.2759139220500181,0.23374993799057356
1-0,1-0,0.0,0.147995955624361,0.8514534373080636
0-1,1-0,0.0,0.4742144699682297,0.49621820464272987
1-0,0-1,0.0,0.50028768203507,0.4634636273138047
1-0,1-0,0.0,0.44838810383356087,0.5159188611339605
0-1,0-1,0.0,0.493204464365822,0.4491797683719985
0-1,1-0,0.0,0.4813535957246655,0.5028213932670972
1/2-1/2,1-0,0.0,0.4762033371972731,0.5081917645044619
1-0,1-0,0.0,0.4885359019470599,0.4994527973915949
1-0,0-1,0.0,0.4803727788740311,0.468209198399609
0-1,0-1,0.0,0.48344670488232816,0.4657500338474702
0-1,0-1,0.0,0.5135059453810663,0.46565529832886693
0-1,0-1,0.0,0.5146317741489005,0.4763292871035996
1-0,0-1,0.0,0.5386988017069093,0.4344089662491593
0-1,1-0,0.0,0.4822018857378078,0.49111171029317296
0-1,0-1,0.0,0.5026316313987582,0.4647930815524703
1-0,1-0,0.0,0.4878658125158949,0.4993193175980779
1-0,0-1,0.0,0.45384707861594603,0.4271963798307262
0-1,1-0,0.0,0.4798801249129388,0.49552424082883345
0-1,0-1,0.0,0.49710624935509995,0.4886579301637882
0-1,1-0,0.0,0.46828082243623476,0.5187630110481207
0-1,0-1,0.0,0.5027654754759356,0.4805955584376925
1-0,0-1,0.0,0.46231997333265196,0.45413629132736916
1-0,1-0,0.0,0.49143038660631233,0.49601828537697595
0-1,0-1,0.0,0.5546824360794587,0.4347927849176279
1-0,1-0,0.0,0.4650098693170757,0.5238643576893847
1-0,1-0,0.0,0.07355525405462691,0.924861749055654
1-0,1-0,0.0,0.4637283170668238,0.47922625585193596
1-0,1-0,0.0,0.4777042025469955,0.5058532748709985
0-1,1-0,0.0,0.4655949422954669,0.5238077336384688
1-0,1-0,0.0,0.48266958509627245,0.5024437784653271
1-0,1-0,0.0,0.4400118671631386,0.5543460368666124
1-0,1-0,0.0,0.4565383364522748,0.5156087091566132
0-1,1-0,0.0,0.3095671856861065,0.6740849905293594
0-1,1-0,0.0,0.41492858522088477,0.577404690290252
1/2-1/2,1-0,0.0,0.481052090977006,0.5104997182727259
1-0,1/2-1/2,0.0,0.16317441520749035,0.165200919926633
0-1,0-1,0.0,0.5040156754401544,0.4840234791515484
1-0,1-0,0.0,0.3427643942975001,0.35558526902278886
1-0,1-0,0.0,0.4436644333549847,0.5160770749505244
1-0,0-1,0.0,0.3561321790421614,0.2929041318994243
1-0,0-1,0.0,0.4955213003826884,0.4764847935114012
0-1,1-0,0.0,0.4232066882346943,0.5659671819512383
1-0,0-1,0.0,0.5048051685251219,0.48528330373375317
1-0,1-0,0.0,0.457554102018596,0.5236095336698886
0-1,0-1,0.0,0.49516742568086736,0.48475142663627435
1-0,1-0,0.0,0.4655778276351287,0.5241590754935257
1-0,0-1,0.0,0.4939304287497403,0.47786435069471067
0-1,1-0,0.0,0.4281707901370507,0.54921117052311
1-0,1-0,0.0,0.48654993664308255,0.4985001754518123
0-1,1-0,0.0,0.45085892259408833,0.5394461580611046
1/2-1/2,1/2-1/2,0.0,0.180784131001444,0.18030575591333575
1-0,1-0,0.0,0.4806787535874857,0.48570459440627817
1-0,1-0,0.0,0.4471891703861681,0.5163160878811792
1-0,1-0,0.0,0.4333437550606323,0.5518361541901369
1-0,1-0,0.0,0.3272014295877246,0.6440926382213108
1-0,0-1,0.0,0.5011228118044465,0.40984209770901814
0-1,1-0,0.0,0.4800943774441404,0.5001913182118264
1-0,0-1,0.0,0.46795633664277975,0.459143181827895
0-1,1-0,0.0,0.16976919687772216,0.8301969790030355
1-0,1-0,0.0,0.4868066560158533,0.5044735783817447
0-1,0-1,0.0,0.4393128123570741,0.34298726980266464
0-1,1-0,0.0,0.45931157766445596,0.5082569816341973
0-1,0-1,0.0,0.503775377822877,0.4786687895201495
1-0,1/2-1/2,0.0,0.19121249063141466,0.1765088319796403
0-1,1-0,0.0,0.46828510166902115,0.4722250023247304
1-0,0-1,0.0,0.5088499432533508,0.4742815393166024
0-1,0-1,0.0,0.510018469035319,0.47275960086090996
0-1,1/2-1/2,0.0,0.20439128956161814,0.19387262561436816
0-1,1-0,0.0,0.4534557416517091,0.5322012931611024
0-1,0-1,0.0,0.4393704111785511,0.4231741765171567
1-0,1-0,0.0,0.48688363908153054,0.5025490843822871
1-0,0-1,0.0,0.5234112083816959,0.46329406994387806
1-0,1-0,0.0,0.47967735835013836,0.5125136844155942
1-0,0-1,0.0,0.48311506881984345,0.4794752586826
1-0,0-1,0.0,0.5083749765218066,0.480732702129694
0-1,0-1,0.0,0.508015514371969,0.43080380841581156
1-0,0-1,0.0,0.4968513570449554,0.4711547868117997
0-1,1-0,0.0,0.4274486689118884,0.5564464317234088
0-1,1-0,0.0,0.47955187039673147,0.5108017462348071
0-1,1-0,0.0,0.4431030582147595,0.48826382460695683
1-0,1-0,0.0,0.47032650402289833,0.5028944210995595
1-0,1-0,0.0,0.45209333188355055,0.5291925218012508
1-0,1-0,0.0,0.3960994608670294,0.5972868227385737
1-0,1-0,0.0,0.4546777848198752,0.5349185080149306
1-0,0-1,0.0,0.5057141064098284,0.48111580949387295
1-0,1-0,0.0,0.4758765294461832,0.5164530133808266
1-0,0-1,0.0,0.5237036095249398,0.4620943256423496
1-0,1-0,0.0,0.4020087918955716,0.4390075551456674
1/2-1/2,0-1,0.0,0.39341967151720747,0.3652115926838195
1-0,1-0,0.0,0.4768632632449348,0.5024953433544499
1-0,1-0,0.0,0.47735014473581266,0.5016416471096768
0-1,1-0,0.0,0.3562710562709143,0.6378035534059068
0-1,1-0,0.0,0.48085530337417315,0.5049520989989807
1-0,0-1,0.0,0.5563467847229732,0.4342199537707175
1-0,0-1,0.0,0.5125516791653854,0.47409471883787696
1/2-1/2,0-1,0.0,0.5155845397685564,0.4391700494044738
0-1,1-0,0.0,0.4498098329655716,0.5212445778289413
1/2-1/2,0-1,0.0,0.4933835636472441,0.4879480515599786
1-0,1-0,0.0,0.42400494164180214,0.49845917139187484
1-0,1-0,0.0,0.4701606936189846,0.5087748728494769
1-0,1-0,0.0,0.42321390479047155,0.5628216198907654
1-0,1-0,0.0,0.47670589532450575,0.48021999642716323
1-0,1-0,0.0,0.48265735199452126,0.4905202498563793
1-0,1-0,0.0,0.4936955937961865,0.49413386899804856
0-1,0-1,0.0,0.4904564194884749,0.4770824897299912
0-1,1-0,0.0,0.4857162024689609,0.49265278002767254
0-1,1-0,0.0,0.4775399121503867,0.5117700721130858
0-1,0-1,0.0,0.5259202685521793,0.45075184258700973
1-0,0-1,0.0,0.5026358531903359,0.48141100372010787
1-0,0-1,0.0,0.513632489266003,0.471247783173346
1/2-1/2,0-1,0.0,0.5052674686778416,0.45703137379770314
1-0,1-0,0.0,0.48208592015072116,0.4882382181408975
1-0,1-0,0.0,0.48272620235063085,0.5003409102192256
1-0,1-0,0.0,0.4658868119712229,0.5204754118497129
1-0,1-0,0.0,0.4901600229754536,0.4997178378628897
0-1,1-0,0.0,0.47545601880735255,0.4918670287967399
0-1,0-1,0.0,0.5172634934348397,0.47159905947712766
1-0,1-0,0.0,0.4804094550639134,0.5069182343744261
0-1,0-1,0.0,0.49990392838219394,0.4904483829166616
0-1,0-1,0.0,0.5153850043156603,0.457338760265862
1-0,0-1,0.0,0.5156760303630377,0.46890331803742624
1-0,0-1,0.0,0.46530113856086763,0.44717215370654867
1-0,1-0,0.0,0.48759546416346056,0.49508824360394527
1-0,1-0,0.0,0.38604371326494946,0.5808827839801117
0-1,0-1,0.0,0.505057168921455,0.484204029758094
1-0,1-0,0.0,0.4831216980358902,0.4869823422822248
0-1,0-1,0.0,0.4790725215454094,0.44830841319943504
1-0,1-0,0.0,0.4819351003680905,0.5053453392886778
1-0,1-0,0.0,0.45302852460493653,0.49182181582885
0-1,1-0,0.0,0.4370970404637486,0.553893306299175
1-0,1/2-1/2,0.0,0.05154993684675491,0.066975641911694
0-1,0-1,0.0,0.4760624288760708,0.45295043043442995
1-0,1-0,0.0,0.4675615055762277,0.49990364514644986
0-1,0-1,0.0,0.5003291185659494,0.4838612049653962
1/2-1/2,1-0,0.0,0.46197860240727817,0.4925667460363521
0-1,1-0,0.0,0.465679608343301,0.5243654364365461
0-1,0-1,0.0,0.4962084597624766,0.4956833802597234
0-1,0-1,0.0,0.499682535212343,0.46501157383464253
0-1,0-1,0.0,0.49533218175826954,0.433964034563472
1-0,1-0,0.0,0.40614192057801773,0.43906492506661815
1-0,0-1,0.0,0.5173308645499259,0.4697203178522531
1-0,1-0,0.0,0.4789049445535133,0.5103401572029007
1-0,1-0,0.0,0.4640898197200859,0.5288373966628539
0-1,1/2-1/2,0.0,0.0007379915006647399,0.0006510728064864169
0-1,0-1,0.0,0.5156360139479256,0.4736383409976429
1-0,0-1,0.0,0.5048360709091855,0.48129933113119616
1-0,0-1,0.0,0.4989311414294187,0.4881377231871043
0-1,0-1,0.0,0.3600003000606568,0.3531305070446219
1-0,1-0,0.0,0.4688072181176972,0.5173662839507142
0-1,0-1,0.0,0.5113718754774725,0.4555176700527854
0-1,0-1,0.0,0.5150275597465458,0.4650446229997595
0-1,0-1,0.0,0.5137967197314645,0.4512401901200692
1-0,1-0,0.0,0.4266380974787855,0.5254513582182767
0-1,1-0,0.0,0.4433936153948512,0.5222875572011059
1-0,1-0,0.0,0.48326811443998935,0.49800239121795076
0-1,1-0,0.0,0.4227999048385545,0.5682781602995522
1-0,0-1,0.0,0.5232363299260707,0.4627859652518505
0-1,1-0,0.0,0.48087331289964075,0.501588329630091
1-0,1-0,0.0,0.4767784422506503,0.5048758904207524
0-1,0-1,0.0,0.49133028387101874,0.48788758721921666
1-0,1-0,0.0,0.48584156239514203,0.5027834728998315
0-1,1-0,0.0,0.46459661032978933,0.5267592687477257
1-0,0-1,0.0,0.4760052057574393,0.4332405657290609
0-1,0-1,0.0,0.5075260188502028,0.4806720285811865
0-1,0-1,0.0,0.516331755673246,0.44365373395715463
1-0,0-1,0.0,0.501022523953472,0.4908772013511575
1-0,1-0,0.0,0.39900399991422336,0.5959998214497421
1-0,1-0,0.0,0.4701852462793121,0.5208254041485187
0-1,1-0,0.0,0.4869657637898632,0.5015934436214546
1-0,1-0,0.0,0.42615664017746674,0.5430061204119504
0-1,1-0,0.0,0.4076802021513973,0.5177402192033224
1-0,1-0,0.0,0.47692876087742697,0.5148211737157692
1-0,0-1,0.0,0.4967127171231061,0.48094129657171814
0-1,1-0,0.0,0.47281266274331,0.48406356652649374
1-0,1-0,0.0,0.4661175474719184,0.521257963462027
1-0,1-0,0.0,0.30744498687887023,0.6891212678587434
0-1,1-0,0.0,0.4796936402039579,0.5054640241860044
1-0,1-0,0.0,0.48629812573121123,0.5001503454578202
0-1,1-0,0.0,0.4790848274943614,0.49134261348586455
1-0,1-0,0.0,0.4110470541725966,0.47527004556258273
0-1,1-0,0.0,0.4786816425827101,0.5040383121837941
0-1,0-1,0.0,0.5099307626576507,0.4727311919634568
1-0,0-1,0.0,0.5329900956486198,0.4472661338887865
1/2-1/2,0-1,0.0,0.5414809324324288,0.4253388713027085
1-0,1-0,0.0,0.4639556632546515,0.5228562069261572
1-0,1-0,0.0,0.4792251560535457,0.5129200850890399
1-0,1-0,0.0,0.05579508638916439,0.9438857446369875
1-0,1-0,0.0,0.4507053930453598,0.5354230416926219
0-1,1-0,0.0,0.4163457146124313,0.5673629407630388
1-0,0-1,0.0,0.5010259463962944,0.4866319309786873
1-0,1-0,0.0,0.4539335554698116,0.5323990643452305
1-0,1-0,0.0,0.46106144442663805,0.5233355802145053
1/2-1/2,1/2-1/2,0.0,0.06725237236740308,0.06437784094836176
1-0,0-1,0.0,0.4940763880864588,0.4786706131052972
0-1,0-1,0.0,0.5008659805751122,0.48912612723175036
1-0,0-1,0.0,0.4620185089497863,0.43771569314727604
1-0,1-0,0.0,0.4268732592905222,0.45240173276852147
0-1,1-0,0.0,0.479837555604436,0.5096216303911758
1-0,0-1,0.0,0.4908412982667326,0.49035380727835304
1-0,0-1,0.0,0.48648921501496145,0.48561371514311397
1-0,1-0,0.0,0.4719475469465048,0.5163100620086635
1-0,1-0,0.0,0.4755190171448252,0.4900490502336709
1-0,0-1,0.0,0.5115543567953018,0.47819552653899744
1-0,1-0,0.0,0.43106069109358425,0.533254799174149
1-0,0-1,0.0,0.4906761484327014,0.48983878913351875
1-0,0-1,0.0,0.5031572523698736,0.46824130810786446
1-0,1-0,0.0,0.4118233782746255,0.5826864807999356
0-1,1-0,0.0,0.47827316359013805,0.5032367481577704
0-1,1-0,0.0,0.4824458618622584,0.5064099544311577
0-1,0-1,0.0,0.4857645188663152,0.4839289156274582
1-0,0-1,0.0,0.4879075699314726,0.47983308119136975
0-1,1-0,0.0,0.4396893407240568,0.551737227021895
1-0,0-1,0.0,0.5075953169005916,0.4424366235469227
1-0,1-0,0.0,0.013272217052127321,0.9867242431340585
1-0,1-0,0.0,0.3832029214107464,0.6081388199249791
1-0,0-1,0.0,0.49280805481154644,0.4663037816188441
1-0,1-0,0.0,0.4686749152346189,0.5193997566129618
1-0,1-0,0.0,0.45986662114854393,0.5255328066359247
0-1,0-1,0.0,0.5435379928688373,0.4427592459546685
0-1,1-0,0.0,0.4743218289102175,0.4985873759554059
0-1,0-1,0.0,0.4933199388393316,0.49181924413305034
1-0,1-0,0.0,0.4903557801493607,0.5019855445494891
1-0,1-0,0.0,0.4173719412995769,0.5725190314352799
0-1,0-1,0.0,0.539146493308586,0.43863800004084996
0-1,0-1,0.0,0.4916999047603472,0.48938373699667187
0-1,0-1,0.0,0.5067118858095552,0.481592712426037
0-1,1-0,0.0,0.4642088544355526,0.47579247732997404
0-1,1-0,0.0,0.3921283846474657,0.550596977065523
1-0,1-0,0.0,0.4842552982621943,0.5044243606192036
1-0,0-1,0.0,0.5403914426193983,0.4424716710104899
1-0,0-1,0.0,0.49540126386682604,0.49449321173963756
1-0,0-1,0.0,0.5003356015359847,0.48856635800295406
1-0,0-1,0.0,0.5090295556139763,0.4488419894463768
1/2-1/2,1/2-1/2,0.0,0.327380760237783,0.283604165730327
1-0,0-1,0.0,0.4989698621428295,0.48318674253925414
0-1,1-0,0.0,0.4802947200687692,0.5098157463964853
0-1,0-1,0.0,0.42988132902864995,0.4153041722542105
1-0,1-0,0.0,0.4337800084391924,0.47867203515816553
0-1,0-1,0.0,0.41653073486312203,0.39548079944387937
1-0,1-0,0.0,0.4627736275505023,0.49072452884159445
0-1,1-0,0.0,0.4647917600730943,0.5232246100337066
1-0,0-1,0.0,0.497965191391474,0.4804561536576014
0-1,1-0,0.0,0.4777416949473603,0.4995668445019589
1/2-1/2,0-1,0.0,0.484975801655569,0.46707873209028766
1-0,1-0,0.0,0.4863075239623876,0.49644734349627995
1-0,1-0,0.0,0.4640176683100406,0.5268008683186279
0-1,0-1,0.0,0.5437588951358272,0.4499154648022394
1-0,0-1,0.0,0.5119021626229859,0.46855532287096296
1-0,1-0,0.0,0.4273553305561822,0.517963359146456
0-1,1-0,0.0,0.4768697769316962,0.513952896559019
0-1,0-1,0.0,0.5336085240117077,0.457505859935897
0-1,1-0,0.0,0.4412278813848708,0.5505500770965223
0-1,1-0,0.0,0.45143514482532593,0.5227913446489765
0-1,1-0,0.0,0.34957647731080677,0.3890722508551161
0-1,1-0,0.0,0.47933693944828276,0.49924756948898735
1-0,0-1,0.0,0.5079379469899411,0.4817646857046572
1-0,1/2-1/2,0.0,0.24670766553889126,0.25249165998469036
1-0,1-0,0.0,0.4360769878221663,0.5174157903053422
1-0,1-0,0.0,0.38072943440300766,0.609890593601283
1-0,1-0,0.0,0.48744715747008915,0.4941938667556536
0-1,1-0,0.0,0.47191777587002076,0.5128704194465792
0-1,0-1,0.0,0.5013338411690083,0.4483751930567886
0-1,0-1,0.0,0.5023390383151416,0.4811633209834689
0-1,1-0,0.0,0.4831244645226584,0.5002906945282231
0-1,1-0,0.0,0.4242948509020763,0.44559841936172745
0-1,0-1,0.0,0.5203502183305402,0.456012538257679
0-1,0-1,0.0,0.5170947847692161,0.46587673875339736
0-1,1-0,0.0,0.47574342789228447,0.5088990759294161
1-0,1-0,0.0,0.4089332361221569,0.5742800422757028
1-0,0-1,0.0,0.49867727031506837,0.4844383784223465
1-0,1-0,0.0,0.4783856244001999,0.49974620495182026
0-1,0-1,0.0,0.5253583150622678,0.4563745871945725
1-0,0-1,0.0,0.4992789643555046,0.48979324972387217
1-0,0-1,0.0,0.37802476963673304,0.36832658280182407
0-1,1-0,0.0,0.47974583408227744,0.5041811488742546
1-0,1-0,0.0,0.4647443549031553,0.5219335804625077
1/2-1/2,0-1,0.0,0.4603336446205131,0.4460751432516055
1-0,0-1,0.0,0.4911048032653714,0.4859987268803703
0-1,1-0,0.0,0.4429427033560257,0.5461320973899918
0-1,1-0,0.0,0.47844002727852375,0.5192858946209074
0-1,1-0,0.0,0.4327296581823086,0.5560074164793026
1-0,0-1,0.0,0.504593114589663,0.47629911656911045
0-1,1-0,0.0,0.42704852127721304,0.5593704919043632
1-0,1-0,0.0,0.47623202891356675,0.5056333176185258
0-1,1-0,0.0,0.4336128924952746,0.5535024004352012
0-1,1-0,0.0,0.4852598704356819,0.49834030965565757
1-0,1-0,0.0,0.4452979443419984,0.49178698521604586
1-0,0-1,0.0,0.49585533021385847,0.4930733371232904
0-1,0-1,0.0,0.5123672696967008,0.45961070698453105
1-0,1-0,0.0,0.4706088372158044,0.5163311926367329
1-0,1-0,0.0,0.4609434094853524,0.5289742192936983
1-0,1-0,0.0,0.468991692703196,0.5131817212969061
1-0,1-0,0.0,0.46336284578418135,0.5157519094769665
1-0,1-0,0.0,0.4582489399235345,0.5330550615306799
0-1,0-1,0.0,0.48606536141272483,0.4790220489521857
1-0,0-1,0.0,0.5032718860454772,0.4764023503588867
0-1,0-1,0.0,0.5317994581454162,0.4529590871951196
1-0,1-0,0.0,0.4833975996348685,0.5025687557415194
1-0,1-0,0.0,0.4850091110610738,0.4940869643804673
0-1,1-0,0.0,0.4853636864293068,0.4914081357939909
1-0,1-0,0.0,0.013189748837026982,0.9868086100110619
1-0,1-0,0.0,0.48154977641407853,0.4985910800002667
1-0,1-0,0.0,0.4805307689903845,0.5076876402602771
1-0,1-0,0.0,0.47126618519997926,0.49194046698605776
1-0,1-0,0.0,0.4807960865107185,0.503539546636776
0-1,0-1,0.0,0.4840740003406513,0.48143417917127973
1-0,0-1,0.0,0.5030583248872276,0.4760766175540642
1-0,1-0,0.0,0.37585372831583425,0.611113350883895
0-1,1-0,0.0,0.47469148715151444,0.5076651463041982
0-1,1-0,0.0,0.42311459926791145,0.5754162527641536
0-1,0-1,0.0,0.5180653769403428,0.47173649652548744
1-0,1-0,0.0,0.3565672771909049,0.6315831672755301
0-1,0-1,0.0,0.524638331244371,0.4543626821429712
1-0,1-0,0.0,0.4453587123909716,0.5467447180568457
1-0,1-0,0.0,0.4715276160206109,0.5116535323101142
0-1,1-0,0.0,0.04296380517508676,0.9569562632325032
1-0,0-1,0.0,0.5469681526974088,0.43531805289960684
0-1,1-0,0.0,0.47073745857062865,0.5090706916024662
0-1,1-0,0.0,0.4508748787623202,0.5374858163894186
1-0,1-0,0.0,0.3932917400529044,0.5954801391551154
0-1,1-0,0.0,0.48554347173759654,0.5003236289806766
0-1,1-0,0.0,0.4355476376560106,0.5522083587894167
1/2-1/2,0-1,0.0,0.37493804892991206,0.3659762368072679
0-1,0-1,0.0,0.49970721987921035,0.48662937570759796
0-1,0-1,0.0,0.5312926288117696,0.4468584090050338
0-1,0-1,0.0,0.5202598386426297,0.46789254151055576
0-1,1-0,0.0,0.48044201495409194,0.5088697081679217
0-1,0-1,0.0,0.4688366475374306,0.4206690731684762
1-0,1-0,0.0,0.48061775550203645,0.5062737803631787
0-1,0-1,0.0,0.4905067077133614,0.471946355274455
1-0,1-0,0.0,0.474285579562234,0.4986282995407696
1-0,0-1,0.0,0.4870914489838,0.48242627643668456
1-0,1-0,0.0,0.4228263816997371,0.5698014713820276
1-0,1-0,0.0,0.44032745033550375,0.475001981808217
1-0,0-1,0.0,0.5096275853706671,0.43808915336202475
0-1,1-0,0.0,0.4858301660108846,0.5045563845014326
0-1,1-0,0.0,0.4673178431819403,0.5230274029691572
0-1,1-0,0.0,0.46105569698531224,0.4634409319598459
1-0,1-0,0.0,0.45418857933336215,0.5019255630409513
1-0,0-1,0.0,0.4724193058545104,0.45317649024143936
0-1,1-0,0.0,0.4820590406020286,0.5045441082474558
1-0,1-0,0.0,0.47368808951277364,0.5134004806462236
0-1,0-1,0.0,0.5097305439324429,0.47535847353377236
1-0,0-1,0.0,0.49616419015468255,0.4787172753898537
0-1,0-1,0.0,0.5271796273327293,0.4506472535371865
1-0,1-0,0.0,0.4650472207400441,0.508568221853673
0-1,0-1,0.0,0.49374032861192213,0.4932040715531272
0-1,1-0,0.0,0.47630194508674856,0.480464816939867
0-1,1-0,0.0,0.3295071222925028,0.367460046860846
0-1,1-0,0.0,0.46283250551592614,0.49883480091757837
1-0,0-1,0.0,0.5068580620535202,0.4779839010027431
0-1,0-1,0.0,0.4763136430458598,0.42959121737128403
0-1,1-0,0.0,0.47336105101640574,0.5186151342791269
1-0,0-1,0.0,0.4883521475771744,0.4852321327920332
1-0,1-0,0.0,0.4822422844420106,0.49355168407612765
0-1,0-1,0.0,0.5018209602155267,0.47757187521441313
1-0,0-1,0.0,0.5002928596964568,0.4737162283747394
0-1,0-1,0.0,0.4945195905808497,0.490717390454317
0-1,1-0,0.0,0.4192313396033175,0.5726056998079811
1-0,0-1,0.0,0.5011215582776914,0.4723325885627576
0-1,1-0,0.0,0.42309988393558623,0.5339101449421928
1-0,1-0,0.0,0.45459164242317723,0.5348254753628457
1-0,0-1,0.0,0.453961608040505,0.42923040300411797
0-1,1-0,0.0,0.37721763712783246,0.6094364641483877
1-0,1-0,0.0,0.4627805795643472,0.5276734139620068
0-1,1-0,0.0,0.4539647145313605,0.5326419390908459
0-1,0-1,0.0,0.5286623495443559,0.44094997518137025
0-1,0-1,0.0,0.521429391965919,0.453231690660271
0-1,0-1,0.0,0.5319570243395289,0.4533157612099195
1-0,1-0,0.0,0.4791255719607844,0.507490847405672
0-1,1-0,0.0,0.4885233179667102,0.49754472932042154
1-0,1-0,0.0,0.48522814194736996,0.4957601941796171
0-1,1-0,0.0,0.40078258502137887,0.49007833737770984
0-1,1-0,0.0,0.4770909269036595,0.5094673262289022
1-0,0-1,0.0,0.49187567467848353,0.4605701179223352
1-0,1-0,0.0,0.4880869406249894,0.49471920310964645
1-0,0-1,0.0,0.4470176004162203,0.42079425047283603
1-0,0-1,0.0,0.4774382491754272,0.46758850414266473
0-1,0-1,0.0,0.5063621460503794,0.45843934341455883
1-0,0-1,0.0,0.49772898614113703,0.47441388643251836
0-1,1-0,0.0,0.4679162849435545,0.5220948908913525
1/2-1/2,0-1,0.0,0.5076270868852758,0.4233395796363993
1-0,1-0,0.0,0.45841400855298514,0.5231527203786562
0-1,0-1,0.0,0.5240961438940105,0.4652008181239755
0-1,1-0,0.0,0.4830437710812745,0.5090839633467265
1-0,1-0,0.0,0.36895147241696774,0.610540836099292
0-1,0-1,0.0,0.5044421700024492,0.48573061793368894
1-0,1-0,0.0,0.4567249077426909,0.5225343596136088
1-0,1-0,0.0,0.41772522499857445,0.5436629578661984
1-0,1-0,0.0,0.47794272821685946,0.5102434705711887
0-1,1-0,0.0,0.4835540182137074,0.48380477806245287
0-1,1-0,0.0,0.47233148082351584,0.49942355321951315
0-1,0-1,0.0,0.5275506977986497,0.46286115201171985
0-1,0-1,0.0,0.4078099549048412,0.3802647677309946
1-0,1-0,0.0,0.43981534116205745,0.5538457453591139
1-0,0-1,0.0,0.4557997191854653,0.43356020658666894
1-0,0-1,0.0,0.4273311271081443,0.4239137135759397
1-0,1-0,0.0,0.3438945649851739,0.5210074003739589
1-0,0-1,0.0,0.4769428274373002,0.4537058239728477
0-1,1-0,0.0,0.4355769237464555,0.5572123311717548
1-0,1-0,0.0,0.48239494123977505,0.5022021152451911
0-1,1-0,0.0,0.48762483921731725,0.5040179326430693
1-0,0-1,0.0,0.48607710774664376,0.4664541275551892
1-0,1-0,0.0,0.4717630847432372,0.5196346500821196
1-0,0-1,0.0,0.509508726704654,0.4696570121337664
1-0,1-0,0.0,0.4742361580531705,0.5136892445296282
1-0,0-1,0.0,0.5432185372242615,0.44427238626558896
1-0,1-0,0.0,0.4375124586087308,0.5486685067659511
1-0,1-0,0.0,0.13700086064819783,0.8624716651276171
1-0,1-0,0.0,0.29667678916328766,0.7001519701472078
0-1,1/2-1/2,0.0,0.002918912600906871,0.0028099862427764647
0-1,0-1,0.0,0.3894981575023982,0.35150846454273393
1/2-1/2,1-0,0.0,0.4508052677843546,0.5432525976984586
0-1,1-0,0.0,0.47672381394466073,0.5000009939698272
0-1,1-0,0.0,0.4866408420792208,0.4921098556904663
0-1,1-0,0.0,0.463458788214818,0.5278886920886615
1/2-1/2,0-1,0.0,0.5089321732141736,0.4534842931561544
1-0,1-0,0.0,0.034160469925476535,0.9655578372446442
0-1,0-1,0.0,0.5517435344632015,0.431648313742387
0-1,1-0,0.0,0.43512223750705076,0.5411941904912864
0-1,1-0,0.0,0.49227638691395775,0.4962380027643546
0-1,0-1,0.0,0.5023092856014586,0.48602853123157963
0-1,1-0,0.0,0.4743515916248523,0.5155127985021848
1-0,1-0,0.0,0.46074415475877967,0.5275342810550796
0-1,0-1,0.0,0.5054191809565911,0.4729627321817115
1-0,1-0,0.0,0.4874512578729081,0.5021818551427917
1/2-1/2,0-1,0.0,0.3717168417780784,0.3693366399713459
0-1,1-0,0.0,0.49418711431997486,0.4963699190367634
1-0,1-0,0.0,0.48796518234756625,0.4960328171161529
1-0,0-1,0.0,0.4768693094635783,0.4718061105729154
1-0,1-0,0.0,0.4556282567526034,0.5356780485383794
0-1,1-0,0.0,0.41749701997649474,0.5686388381783232
1-0,1-0,0.0,0.4863008821395464,0.5001354426565957
1-0,1-0,0.0,0.4913531506163251,0.49638970836244706
0-1,1-0,0.0,0.4809870430516789,0.4870958511245681
1-0,1-0,0.0,0.4705767899642925,0.5206973408497682
0-1,0-1,0.0,0.49393844083258687,0.4931699187436636
0-1,0-1,0.0,0.5081578610201047,0.4712135021928121
0-1,0-1,0.0,0.5023447944752866,0.4810213462267492
1-0,1-0,0.0,0.4672226630424771,0.50977962925834
1-0,1-0,0.0,0.49273600160105907,0.496444641543657
0-1,0-1,0.0,0.39030485616513044,0.3692264049760248
1-0,0-1,0.0,0.5019384115368575,0.4880136362201536
0-1,1-0,0.0,0.3877531472550075,0.391282125495658
0-1,1-0,0.0,0.42763596760965844,0.5637134075199671
1-0,1-0,0.0,0.4758585596378452,0.5068812642215529
0-1,1-0,0.0,0.3682757100298653,0.6098828125567476
1-0,0-1,0.0,0.5309635573649314,0.45429329112177413
1/2-1/2,0-1,0.0,0.46395745857323334,0.39154373768111583
1-0,1-0,0.0,0.4786266554065456,0.5049608900026329
1-0,1-0,0.0,0.4684427725887416,0.5133110949143935
0-1,0-1,0.0,0.5193537430215013,0.4650817761470286
0-1,0-1,0.0,0.49586147990764146,0.47342901208108396
0-1,0-1,0.0,0.3847943950407196,0.33767268617837354
1-0,1-0,0.0,0.3802536898283811,0.5904558961434542
0-1,0-1,0.0,0.5482139214036408,0.44137744566272
0-1,0-1,0.0,0.5044852772897519,0.4691546125805249
0-1,0-1,0.0,0.4951182725665603,0.4848719053979466
1-0,1-0,0.0,0.47503671682436,0.5092295115907742
0-1,1-0,0.0,0.4596461464713954,0.5318046274464697
1-0,0-1,0.0,0.5100089421069656,0.4628995047595702
1-0,1-0,0.0,0.4922033163733999,0.49613557495452276
1-0,1-0,0.0,0.4882902064885642,0.4915064466360583
0-1,0-1,0.0,0.5169505572912761,0.44804391047384085
0-1,1-0,0.0,0.4576970533836224,0.5290309685607045
1-0,1-0,0.0,0.45474398791343346,0.5325382315676224
1-0,1-0,0.0,0.4884361923972639,0.49176403784644274
1-0,0-1,0.0,0.41491309089966244,0.3567014309701787
0-1,0-1,0.0,0.4987441291852437,0.4901110885914305
1-0,1-0,0.0,0.4530590240739852,0.4632957199959462
0-1,1-0,0.0,0.4673306416493289,0.47819241464083173
1/2-1/2,0-1,0.0,0.4385267602865876,0.3862032923578103
0-1,0-1,0.0,0.47162426640348604,0.46828312886028695
0-1,0-1,0.0,0.4980794915017785,0.4835989359517953
1-0,1-0,0.0,0.43377873847779636,0.4785865595701946
1-0,1-0,0.0,0.48727107298466055,0.5037848691166684
1-0,1-0,0.0,0.13983020569956778,0.765299067166001
0-1,0-1,0.0,0.5079453850139892,0.45323957564735584
0-1,1-0,0.0,0.47566944846996967,0.5147879617052552
0-1,1-0,0.0,0.4861131092339979,0.4942632082046352
0-1,0-1,0.0,0.522322310390384,0.45520665226278406
0-1,0-1,0.0,0.480410429477988,0.4748735244678261
0-1,0-1,0.0,0.5156229870352382,0.46573832822053146
1-0,1-0,0.0,0.4922759182620631,0.5000371968434739
1-0,0-1,0.0,0.5006049555592759,0.48622760311373464
0-1,1-0,0.0,0.4861353709124149,0.5039838284515533
1-0,0-1,0.0,0.5202706773908823,0.45960742927662285
1-0,1-0,0.0,0.4779459844336755,0.4930101589096936
0-1,0-1,0.0,0.49440660601202346,0.49363257348959544
0-1,0-1,0.0,0.48607679232550033,0.47359001381702776
0-1,0-1,0.0,0.5326233126460447,0.44065511949269703
0-1,0-1,0.0,0.4944653159348956,0.47279950681011285
0-1,1-0,0.0,0.4852698794936157,0.506600270703107
0-1,1-0,0.0,0.4563156178330792,0.5263392404404977
1-0,1-0,0.0,0.47716967543702293,0.506787933916047
1-0,0-1,0.0,0.5336044901761198,0.4400539887222197
1-0,1-0,0.0,0.4418288495892368,0.5319289054182992
0-1,1-0,0.0,0.48315043680617137,0.5068339771072298
0-1,0-1,0.0,0.4718191703494256,0.45136512060803147
0-1,1-0,0.0,0.4721035027795448,0.5126351263266034
1-0,1-0,0.0,0.46052166672278294,0.5317951946322289
1-0,1-0,0.0,0.03526757416698724,0.9646908843077179
1-0,0-1,0.0,0.4409524328754382,0.433935389559254
1-0,1-0,0.0,0.48287100782614134,0.5002855482745573
1-0,0-1,0.0,0.5099996515934035,0.44472279708824447
0-1,1/2-1/2,0.0,0.2423097194639664,0.24942165888991966
0-1,0-1,0.0,0.5520260300132726,0.4377691877995845
0-1,1-0,0.0,0.4694887991261202,0.48877744934018913
1-0,0-1,0.0,0.5335287669682398,0.4486232018409206
0-1,0-1,0.0,0.45934553043442056,0.4050404304358754
0-1,0-1,0.0,0.44113189047034596,0.4095124114488253
1-0,1-0,0.0,0.47752096704615116,0.49773603916161274
1-0,1-0,0.0,0.48063894466315304,0.5120469567475465
1-0,0-1,0.0,0.4254689001830555,0.4072677526434764
0-1,0-1,0.0,0.5003023779331993,0.480152239095874
1-0,1-0,0.0,0.4718373217009738,0.5172729555506715
1-0,0-1,0.0,0.47171034140179474,0.4313568332548078
0-1,1-0,0.0,0.47719184298918466,0.503583188413951
1-0,1-0,0.0,0.4310096790212668,0.5546788223602291
0-1,1-0,0.0,0.4903517725987197,0.49781360800415
1-0,1-0,0.0,0.4099324912446238,0.5851140224139729
1/2-1/2,1-0,0.0,0.45886292834834735,0.48225530084233764
1-0,0-1,0.0,0.46452291556493863,0.4352218426840731
0-1,1-0,0.0,0.4809605408469469,0.5081690202991231
0-1,0-1,0.0,0.5009822075191571,0.48322672849539855
1-0,1-0,0.0,0.40013765612104385,0.4461942555920469
1-0,1-0,0.0,0.44523128483407476,0.5469166229224028
0-1,0-1,0.0,0.39973823292738,0.3635167625220838
0-1,1-0,0.0,0.46995946905712127,0.5193045870151606
0-1,1-0,0.0,0.4073192683976653,0.5548386467718758
0-1,0-1,0.0,0.5387067436917463,0.4445545781389624
1-0,1-0,0.0,0.48638787940249123,0.49214627449192616
0-1,0-1,0.0,0.49299500199535656,0.48610056867700163
0-1,0-1,0.0,0.481844172268147,0.46000437376216724
1-0,0-1,0.0,0.5094025177150158,0.47713530798339376
1-0,1-0,0.0,0.4715273523843741,0.5044313792788564
0-1,1-0,0.0,0.4733942485583629,0.5181996625631128
1-0,1-0,0.0,0.3570214721874343,0.6286723911949572
1-0,1-0,0.0,0.4857398801751324,0.5004163396917427
0-1,0-1,0.0,0.5008428633423357,0.4671835465690287
0-1,0-1,0.0,0.5442963085466943,0.44457918636674265
0-1,1-0,0.0,0.4086763790285284,0.5789778361607963
1-0,1-0,0.0,0.3899160718657775,0.4627313176806474
1-0,0-1,0.0,0.5151613171235578,0.46871774413431966
1-0,0-1,0.0,0.5326189697330298,0.43688471073474006
0-1,0-1,0.0,0.49239586037380817,0.4785487012722577
0-1,0-1,0.0,0.5159797386095757,0.44736897097191114
0-1,1-0,0.0,0.48533749438891544,0.49191807311320873
0-1,1-0,0.0,0.4551463900860185,0.5368637348596251
1-0,0-1,0.0,0.39848463556943375,0.3637338547923704
1-0,0-1,0.0,0.48599970493236566,0.4822267029762507
0-1,0-1,0.0,0.550627629355648,0.43258148754536063
0-1,0-1,0.0,0.5059635908048005,0.4759923050726758
1-0,1-0,0.0,0.43909321738110596,0.5466974502476458
1-0,0-1,0.0,0.5037485286243012,0.47742475695534436
0-1,0-1,0.0,0.5017799375455261,0.4635265474611509
0-1,1-0,0.0,0.45395370486738423,0.519904459473653
1-0,1-0,0.0,0.4313962300397544,0.5569935966824404
1-0,0-1,0.0,0.5443240706438418,0.4436036814447523
0-1,0-1,0.0,0.42382864015918315,0.3958536219157817
0-1,0-1,0.0,0.3937642565920786,0.3836521394897689
0-1,0-1,0.0,0.5031599963892935,0.49158945871022425
0-1,0-1,0.0,0.5235989313055395,0.4329920639184556
0-1,1-0,0.0,0.48225122724960356,0.4893374247220759
1-0,1-0,0.0,0.47669174846833506,0.4941145771183791
0-1,1-0,0.0,0.4858800415467764,0.49143817724886313
1-0,0-1,0.0,0.495880731152555,0.48848494463304243
1-0,1-0,0.0,0.2839204337704424,0.7064199134307304
1-0,1-0,0.0,0.48249791857878055,0.4935516696813453
1-0,0-1,0.0,0.5361667670414316,0.45388043784039034
0-1,0-1,0.0,0.49733472431445186,0.48617860669817264
0-1,0-1,0.0,0.5065817689278383,0.4822980976380041
1-0,0-1,0.0,0.4996855865751507,0.4703155711755324
0-1,0-1,0.0,0.49822762223445183,0.48463583140444844
0-1,1/2-1/2,0.0,0.26945415159869013,0.22905534386885842
1-0,1-0,0.0,0.4816075640624991,0.5072649237811867
0-1,1-0,0.0,0.4761242703302383,0.5017150845598914
1-0,0-1,0.0,0.5239436925867628,0.4280895620556227
1-0,1-0,0.0,0.48117704648155973,0.48383155898441194
1-0,1-0,0.0,0.4809937784135591,0.5047636847001692
0-1,0-1,0.0,0.5363569580851738,0.4434050749167046
0-1,1-0,0.0,0.3427370767442891,0.6567591757085554
0-1,0-1,0.0,0.49640215483208594,0.4264136338142315
1/2-1/2,0-1,0.0,0.46899078776178504,0.4463556007163824
0-1,1-0,0.0,0.4760826976972833,0.51515666712419
0-1,1-0,0.0,0.4747357435640136,0.5075011767741167
0-1,1-0,0.0,0.4945541688390835,0.4952717761121973
0-1,1-0,0.0,0.30436365522339576,0.692715378017193
0-1,0-1,0.0,0.5432586454404373,0.4416476880029076
1-0,0-1,0.0,0.4906114739433067,0.4880287339040388
0-1,0-1,0.0,0.5569291001650567,0.43309759257746344
0-1,1-0,0.0,0.4797368860626189,0.5016688149210856
1-0,0-1,0.0,0.48453536683678616,0.46920258564602196
1-0,0-1,0.0,0.4325713104230416,0.4008494489563684
1-0,1-0,0.0,0.4913445150939674,0.493034449677353
0-1,0-1,0.0,0.5290704967109973,0.43696639071201027
0-1,0-1,0.0,0.45869418079246527,0.41816095212200655
1-0,1-0,0.0,0.4423206434220754,0.5216836389362866
0-1,1-0,0.0,0.467318168514795,0.5254002501163477
1/2-1/2,1-0,0.0,0.40608508451722963,0.4209835962647278
0-1,1/2-1/2,0.0,0.24208382267985185,0.2040995196521883
0-1,0-1,0.0,0.5036884561377709,0.49328252602412087
1/2-1/2,0-1,0.0,0.49395796473299536,0.482837666574315
0-1,1-0,0.0,0.4837145052913394,0.496852578443519
1-0,1-0,0.0,0.48414370961579456,0.49103688032924864
0-1,1-0,0.0,0.4613640497972127,0.512660313914123
0-1,1-0,0.0,0.4415128559537885,0.5495857041582819
1-0,1-0,0.0,0.4155015520267137,0.47186230220561165
0-1,0-1,0.0,0.5342002628978504,0.4532327415312095
0-1,0-1,0.0,0.4224969150887538,0.3459632650415176
0-1,1-0,0.0,0.45631761200968474,0.5271318307683346
0-1,0-1,0.0,0.49306634947645384,0.48651101330967467
1-0,0-1,0.0,0.48480363398511583,0.48050032415445904
1-0,0-1,0.0,0.47137252669243607,0.4671240012670314
0-1,1-0,0.0,0.3774980414863391,0.5145106910197248
1-0,1/2-1/2,0.0,0.06761613440260596,0.05200550239859343
0-1,0-1,0.0,0.4943907566851491,0.4595811169579513
1-0,1-0,0.0,0.4529714349373632,0.5312648630292499
0-1,0-1,0.0,0.5062284801213816,0.4811157247019336
0-1,0-1,0.0,0.4973915343266165,0.48620205413018147
1-0,1-0,0.0,0.4795774227238844,0.5105172003414032
0-1,1-0,0.0,0.4744868029317844,0.5161647615448673
1-0,0-1,0.0,0.4978244604989948,0.4369568454280413
1-0,0-1,0.0,0.4963981046130857,0.48937037365209446
0-1,0-1,0.0,0.49742973844719385,0.49356276023448203
1/2-1/2,0-1,0.0,0.5067758505073047,0.4545893650302983
0-1,0-1,0.0,0.4973386196233941,0.49014767249934005
1-0,0-1,0.0,0.5228028991857923,0.46419736244526555
0-1,1-0,0.0,0.4748851750918884,0.5144098333432908
0-1,0-1,0.0,0.5054160817259098,0.46731255721060744
1-0,1-0,0.0,0.47609771436173653,0.5039649679841538
0-1,0-1,0.0,0.5228744891629167,0.46804202375418236
1-0,0-1,0.0,0.5019255387722772,0.48086102238967676
0-1,1-0,0.0,0.4870890844296821,0.4939379948321676
0-1,0-1,0.0,0.5182297740997622,0.46286695912793774
1-0,1-0,0.0,0.45995402176654027,0.46522730042181776
1-0,1-0,0.0,0.45744588423086224,0.5310479255108883
1-0,1-0,0.0,0.49287460347779827,0.4984182191820374
0-1,1-0,0.0,0.4788783865675114,0.4955315256765028
1-0,0-1,0.0,0.5079386584276292,0.4750996416865363
1-0,1-0,0.0,0.4515543596392545,0.5366295775304346
0-1,0-1,0.0,0.48796959069586643,0.459003817649419
1-0,1-0,0.0,0.473500371346541,0.5117278623962499
0-1,1-0,0.0,0.4636098803652341,0.4852614070875344
1-0,1-0,0.0,0.47661126476290916,0.48929804785028536
1-0,0-1,0.0,0.3581097444915207,0.32490415855371063
1-0,1-0,0.0,0.48252106300710407,0.5058790608504293
1-0,0-1,0.0,0.5257465120307091,0.44681932265654933
1-0,1-0,0.0,0.4640859651886119,0.49853742509903454
1-0,1-0,0.0,0.4722871305920853,0.5105099869718854
0-1,1-0,0.0,0.35808177123099066,0.613657163446493
0-1,1-0,0.0,0.46290500977696913,0.5266809691653531
1-0,0-1,0.0,0.5003232070934422,0.47984062810749856
0-1,0-1,0.0,0.46273502235443076,0.41338781331086377
1/2-1/2,1/2-1/2,0.0,0.1992575124163906,0.171014704445169
1-0,0-1,0.0,0.505498328637242,0.48311246202680036
1-0,1-0,0.0,0.4575552143389249,0.5093262195324829
0-1,1-0,0.0,0.47469100119019836,0.5113453952042225
1-0,1-0,0.0,0.4687875693733628,0.5156089005842396
0-1,1-0,0.0,0.4870698914560211,0.508829756081318
0-1,0-1,0.0,0.49900826486881633,0.48681787153503514
1-0,0-1,0.0,0.5255402030176951,0.4622019807533324
0-1,1-0,0.0,0.47639528345248405,0.5145331554022274
1-0,0-1,0.0,0.5201783426452767,0.4689763582134786
1-0,1-0,0.0,0.48861648946199593,0.4994333134317353
0-1,0-1,0.0,0.4900768211108154,0.4859403015618788
0-1,0-1,0.0,0.4943118503215366,0.46962801039756114
1-0,0-1,0.0,0.49734024647348785,0.4819081873251127
1-0,1-0,0.0,0.47971544612200473,0.5034491186370627
1-0,0-1,0.0,0.36526268456000527,0.32855204738702887
0-1,1-0,0.0,0.4110662718427883,0.5840330873909805
1-0,0-1,0.0,0.5576867585230093,0.43066818041148386
1-0,1-0,0.0,0.469369391224574,0.5229241643592396
0-1,1-0,0.0,0.450299445659799,0.5420373014594185
0-1,0-1,0.0,0.5393876190584077,0.44132764229312593
1-0,1-0,0.0,0.49289866061182086,0.4966992246793922
0-1,1-0,0.0,0.48619842195280955,0.5012798590986414
0-1,1-0,0.0,0.4648419284820652,0.522825355365045
0-1,0-1,0.0,0.497179865368652,0.48713189159977227
0-1,1-0,0.0,0.35563109557813016,0.37372743508738643
1-0,1-0,0.0,0.34958351015730954,0.6468950380091366
1-0,1-0,0.0,0.3464815293165626,0.6160662733980787
1-0,0-1,0.0,0.5202607895449103,0.47297657088440087
0-1,1-0,0.0,0.4603860609973113,0.5247154746925904
0-1,1-0,0.0,0.47588247066942074,0.5121604043464244
0-1,1-0,0.0,0.4953221491059364,0.4961141658769687
1-0,0-1,0.0,0.5475965455776421,0.4428707226219004
0-1,1-0,0.0,0.4511750191308426,0.5339299962165205
0-1,1-0,0.0,0.4887706006335888,0.5000738437089399
1-0,0-1,0.0,0.49466736635033615,0.49122308122299996
1-0,1-0,0.0,0.4868592028745276,0.4987047425525942
0-1,1-0,0.0,0.46475281326065515,0.5199962734980794
0-1,0-1,0.0,0.5164889601386864,0.4555452327875849
1-0,1/2-1/2,0.0,0.3043975917432398,0.27747379123840094
0-1,1-0,0.0,0.49379204702596236,0.49669549539233454
0-1,1-0,0.0,0.47677147207418535,0.5051104069072023
0-1,0-1,0.0,0.4860181308605025,0.4182495668670936
0-1,1-0,0.0,0.47987751074538454,0.5002276791068819
0-1,1-0,0.0,0.470636701289247,0.5031184188409014
0-1,1-0,0.0,0.454560415341164,0.5248048217851325
1-0,0-1,0.0,0.45214242988114695,0.39982188405782265
1-0,0-1,0.0,0.518287405137174,0.4722475576874631
1-0,1-0,0.0,0.46586879701747785,0.5273815898356632
0-1,1-0,0.0,0.46735166212272433,0.4803184322258426
1/2-1/2,1-0,0.0,0.3882147913815078,0.6071579090721262
1-0,1-0,0.0,0.4162752233990753,0.5749016085311285
1-0,1-0,0.0,0.4252450324336005,0.5460369026136025
1-0,1-0,0.0,0.4794438860740312,0.5102409489046982
1-0,1-0,0.0,0.4770938631661631,0.5091628104874153
0-1,0-1,0.0,0.48696607068144404,0.4830275419707307
1/2-1/2,1/2-1/2,0.0,0.27305020925797463,0.2593034092369207
1-0,0-1,0.0,0.48911658873548697,0.4835245623709041
1-0,0-1,0.0,0.48716421654665854,0.4823325943973575
0-1,0-1,0.0,0.5050409857389628,0.4841986512245446
1-0,0-1,0.0,0.39974001403346615,0.376695046060519
1-0,0-1,0.0,0.5108283234173481,0.47621277979474297
1-0,1-0,0.0,0.1615147950374321,0.8370723773112378
0-1,0-1,0.0,0.5328577064234032,0.45639538564601995
1-0,1-0,0.0,0.4512854227037094,0.529642397356124
1/2-1/2,0-1,0.0,0.47331663966673776,0.4290459317133177
1-0,1-0,0.0,0.48056151916851303,0.4982444940307448
0-1,1-0,0.0,0.4900040251813541,0.49500790564468733
1-0,1-0,0.0,0.44050396733332364,0.5504347728503237
0-1,1-0,0.0,0.47335192523685826,0.5156939204176845
1-0,1-0,0.0,0.4864330794430192,0.505616514721168
1-0,0-1,0.0,0.5071570708783979,0.4806248581480434
0-1,0-1,0.0,0.4982362541126322,0.47724812976230285
0-1,0-1,0.0,0.423161375079704,0.35539875611814614
1-0,0-1,0.0,0.5426944920236725,0.4454083806220388
0-1,1-0,0.0,0.47962851024617575,0.49727048082543707
1-0,1-0,0.0,0.007019173894972153,0.992980526524007
1-0,1-0,0.0,0.4691029809298924,0.5143050231978944
0-1,1-0,0.0,0.4725410111143523,0.5151647803945351
1-0,1-0,0.0,0.46637875680170676,0.5211501201044606
1-0,1-0,0.0,0.475234682350798,0.5077261028855584
1-0,1-0,0.0,0.4873288573995702,0.497529223001118
1-0,1-0,0.0,0.4385058699102803,0.5472195317183737
1-0,0-1,0.0,0.49979175643434515,0.4865908629513255
1-0,1-0,0.0,0.443873159849205,0.48886035459679006
1-0,1-0,0.0,0.4692508381599096,0.5094987732458667
1-0,1-0,0.0,0.48946766777200185,0.4947847147211309
0-1,1-0,0.0,0.4575080265369856,0.5316906503092644
1-0,1-0,0.0,0.48069565455211966,0.5001176585556717
1-0,0-1,0.0,0.5059736784925246,0.48083447990412387
1-0,0-1,0.0,0.5114906808819021,0.4628036570431875
1-0,0-1,0.0,0.534074147037288,0.45387815494706046
1-0,0-1,0.0,0.545003120901584,0.4428666664635503
0-1,0-1,0.0,0.4571069560287872,0.3625039394859073
1/2-1/2,1-0,0.0,0.4222591879943679,0.48368551535480037
1-0,1/2-1/2,0.0,0.11420279019501446,0.09667480508992268
1-0,0-1,0.0,0.5324250549902749,0.44859389187495385
0-1,0-1,0.0,0.5003866953655441,0.4816294204767989
1-0,1-0,0.0,0.4201897742468809,0.500519719666433
1-0,1/2-1/2,0.0,0.27371363115662445,0.24100101912157837
0-1,0-1,0.0,0.49063824265402745,0.4901999361360579
0-1,1-0,0.0,0.401434948038495,0.5920548390895997
0-1,1-0,0.0,0.4702409265909588,0.4964638399824283
1-0,1-0,0.0,0.4310284210831378,0.5154555674920758
1-0,1-0,0.0,0.4862569125974874,0.5040873576715604
1-0,0-1,0.0,0.4939132457927571,0.49304537720905767
0-1,1-0,0.0,0.4885901832402146,0.49729269328101805
0-1,0-1,0.0,0.5133691678129639,0.47328052883034877
1-0,0-1,0.0,0.5005757988741907,0.4877301641063163
1-0,0-1,0.0,0.4936804371410657,0.49124978938642927
1/2-1/2,0-1,0.0,0.48608568352190457,0.4172430187067624
1-0,1-0,0.0,0.4675330696931936,0.49042409273894294
0-1,0-1,0.0,0.4540873396946429,0.42181388208745374
0-1,0-1,0.0,0.45617914910890917,0.3878086051450362
1-0,1-0,0.0,0.4854039855518856,0.4938614579785433
0-1,0-1,0.0,0.4633637718985344,0.4130083303012767
1-0,1-0,0.0,0.49074602006800105,0.49935165259469616
1-0,1-0,0.0,0.4663240649864718,0.4812563709358342
0-1,0-1,0.0,0.4951646521845204,0.4897907396559798
0-1,1-0,0.0,0.46589963130531353,0.5237766728032412
1-0,1-0,0.0,0.418537108654431,0.5752287485995565
0-1,0-1,0.0,0.5131128012977563,0.47523434907557977
0-1,1-0,0.0,0.4349855564043015,0.5542090822858856
1-0,0-1,0.0,0.5193046324826639,0.46328079790297333
0-1,1-0,0.0,0.4552380926204261,0.5286311657643195
0-1,1-0,0.0,0.47564487652176585,0.49289254479116723
1/2-1/2,0-1,0.0,0.4851221853592907,0.3934136120270733
0-1,1-0,0.0,0.47058289975066653,0.5141077312128562
1-0,1-0,0.0,0.4481791562865067,0.5045424089195418
0-1,0-1,0.0,0.5071303413430625,0.4165686895087789
1-0,0-1,0.0,0.5118088767972724,0.43783702183126566
0-1,0-1,0.0,0.5112944615174496,0.482910041031171
1-0,0-1,0.0,0.5427273568713729,0.4485264695437442
0-1,0-1,0.0,0.5062677627728794,0.43783843061217725
1-0,1-0,0.0,0.4665580115232176,0.5121548361853014
1-0,1-0,0.0,0.4207920319380871,0.5730911266617236
1-0,1-0,0.0,0.4826113602097506,0.4971063214636116
0-1,1-0,0.0,0.45829423169359257,0.5300778267740238
0-1,0-1,0.0,0.35042675008527224,0.33814430193276107
0-1,0-1,0.0,0.48823298355478245,0.4518698188596723
0-1,0-1,0.0,0.47909436616592244,0.4621338191134751
1-0,0-1,0.0,0.49229230771582283,0.4734534775109015
0-1,0-1,0.0,0.5171492903953183,0.46750298262695594
1-0,0-1,0.0,0.5056273696454731,0.47935083074247126
0-1,1-0,0.0,0.46351876842492695,0.5212613493286837
1-0,1-0,0.0,0.48618001610878536,0.5032918482016859
0-1,0-1,0.0,0.4917998172416825,0.4835711128497884
0-1,0-1,0.0,0.5237246570222548,0.4614521752597812
0-1,1-0,0.0,0.40981962051744686,0.5535615365376193
1-0,0-1,0.0,0.49753925636106,0.4476220972023977
1-0,0-1,0.0,0.46843595905014557,0.4553962424935304
1-0,1/2-1/2,0.0,0.23226015107573922,0.2085148028382007
1-0,1-0,0.0,0.46144935923978475,0.5292282675324196
1-0,1-0,0.0,0.46974116012746786,0.5210224281540692
0-1,0-1,0.0,0.362481282430244,0.31012311701876305
0-1,0-1,0.0,0.5000950840244974,0.4776249145108929
0-1,1-0,0.0,0.47501620696172714,0.5074985765225459
0-1,0-1,0.0,0.5268246384337304,0.43755378590984007
0-1,0-1,0.0,0.4936652546813496,0.4885407088946559
0-1,0-1,0.0,0.4987673908647845,0.47783750659075236
0-1,1-0,0.0,0.4743284314710194,0.508213976685704
1/2-1/2,1-0,0.0,0.4366516368610974,0.4453082643730061
1/2-1/2,1-0,0.0,0.37752679596590644,0.4271784904772899
1-0,0-1,0.0,0.43645598446575806,0.4321349733279053
1-0,1-0,0.0,0.47567737224732626,0.5163077549897227
1-0,1-0,0.0,0.47005033760757997,0.5009702397740073
1-0,1-0,0.0,0.4096248150666367,0.5849927479585924
0-1,1-0,0.0,0.4717830870193463,0.5209657641889869
0-1,0-1,0.0,0.46953723508520323,0.44113805245942267
1-0,1-0,0.0,0.48810288242835576,0.4916972064200843
0-1,1-0,0.0,0.4755125782301875,0.48743414109212685
0-1,0-1,0.0,0.4892849120314619,0.47829496497937096
1-0,0-1,0.0,0.48937479442518944,0.48844612367526286
0-1,1-0,0.0,0.44615431401742284,0.5384675753253046
1-0,0-1,0.0,0.5059943303762447,0.46822645982055666
0-1,1-0,0.0,0.19079227833800222,0.8082746211698536
1-0,1-0,0.0,0.4152734352558316,0.5784438591515274
1-0,1-0,0.0,0.4218695601585116,0.5705405396069492
0-1,1-0,0.0,0.3792469902575948,0.3829720901039383
0-1,0-1,0.0,0.4914529898586988,0.49037198294297485
0-1,1-0,0.0,0.48369718407665974,0.5036815646945532
1-0,1-0,0.0,0.38881368967223734,0.6067600880245225
0-1,1-0,0.0,0.46655089124685406,0.5301887837444018
1-0,0-1,0.0,0.5293663985834022,0.45371805802954907
1-0,1-0,0.0,0.4732944419256585,0.5111609660165021
0-1,0-1,0.0,0.518793481105911,0.42497868233587915
1-0,1-0,0.0,0.03466106851689303,0.9653182278088224
0-1,1-0,0.0,0.4588896437530969,0.5266712330316815
1-0,1-0,0.0,0.43774293354981075,0.5346131553821398
1-0,1-0,0.0,0.4633708677024871,0.49177556659646887
1/2-1/2,0-1,0.0,0.5479424532376419,0.43555652791733745
0-1,1-0,0.0,0.46549694534835,0.5319301755878421
1-0,1-0,0.0,0.29715533262886923,0.6998901707859071
1-0,1-0,0.0,0.2643966870784716,0.7326834896191149
1-0,1-0,0.0,0.1636948145885746,0.8357717553228409
0-1,0-1,0.0,0.48622258915469035,0.45758343452435446
0-1,0-1,0.0,0.5203878385403597,0.46342369951323825
1/2-1/2,0-1,0.0,0.5087962378994428,0.470794099406608
1/2-1/2,0-1,0.0,0.47970524900469647,0.47713612163809943
0-1,1-0,0.0,0.4296320285934636,0.5350876525085062
1-0,1-0,0.0,0.4499273452274199,0.5425487241562783
1-0,1-0,0.0,0.4186264859929153,0.5759399540422935
1-0,1-0,0.0,0.47370778492273014,0.5140131656587499
1-0,1-0,0.0,0.4809774244369781,0.49921918046505664
0-1,0-1,0.0,0.4899486998054542,0.45253869593364937
1-0,1-0,0.0,0.3661276615885531,0.5737526119578108
0-1,1-0,0.0,0.46467240823208666,0.5099115853183945
0-1,0-1,0.0,0.5385714473692492,0.45207520707678195
1/2-1/2,0-1,0.0,0.41484173383450257,0.3578746956971394
0-1,1-0,0.0,0.48551693834022,0.5019683142431248
0-1,1-0,0.0,0.48302106860416244,0.5049663475780469
1-0,0-1,0.0,0.5021310635539266,0.48246102439926786
0-1,0-1,0.0,0.46738096132506807,0.41937612516968953
0-1,0-1,0.0,0.49471765929957195,0.4936015069046389
1-0,0-1,0.0,0.49355712893403975,0.4765156227596367
1-0,1-0,0.0,0.4724713396111762,0.5113659326055238
1-0,1-0,0.0,0.051252094053771576,0.9487148216760356
1/2-1/2,0-1,0.0,0.5270576963935285,0.4491371438580359
1-0,0-1,0.0,0.5138800945627603,0.4642394038204443
0-1,1-0,0.0,0.43824244662392775,0.551979544577025
1-0,1-0,0.0,0.3451248226128887,0.6427368723984929
1-0,1-0,0.0,0.4273318570271617,0.5627293726233237
0-1,0-1,0.0,0.5029964171363317,0.4745750253722276
1-0,1-0,0.0,0.4833074991996281,0.5062331197705072
0-1,1-0,0.0,0.434140989493681,0.5542328116187386
1-0,1-0,0.0,0.48069200971763615,0.5007203898082716
0-1,0-1,0.0,0.4720659409600637,0.4631124302103906
0-1,0-1,0.0,0.4890062917634057,0.48868057661496817
0-1,0-1,0.0,0.5546410770416558,0.4367388319890529
1-0,1-0,0.0,0.4562185668635323,0.5233170817067064
1-0,0-1,0.0,0.5217237143897645,0.46959968153026915
0-1,1-0,0.0,0.4865106860517883,0.5050532775108914
0-1,0-1,0.0,0.5156104160791589,0.4433172984299214
1-0,0-1,0.0,0.5233098009860003,0.46712008689779844
1-0,1-0,0.0,0.4622752584337621,0.5179335798678872
1-0,0-1,0.0,0.496475671062136,0.492840345976925
0-1,0-1,0.0,0.5290827543592793,0.4588599932422728
0-1,1-0,0.0,0.49333174265137103,0.49525977141154276
0-1,0-1,0.0,0.4972630368652298,0.48054100443537606
1/2-1/2,1-0,0.0,0.4686473460051277,0.5170825409267006
0-1,1-0,0.0,0.4834633518183355,0.5020296738398783
1-0,1-0,0.0,0.48573048353801535,0.4999661162922485
0-1,0-1,0.0,0.49872678216521676,0.4865058634196211
1-0,1-0,0.0,0.4548493205287687,0.5346580579905256
1-0,0-1,0.0,0.5065982395218364,0.47558511864651715
1-0,1-0,0.0,0.44893927039514636,0.45342247778093697
1-0,0-1,0.0,0.5457838523860475,0.4368443592861085
0-1,1-0,0.0,0.017263879720413062,0.9827361078688743
0-1,0-1,0.0,0.4616910623538756,0.45374303612062244
1-0,0-1,0.0,0.5039836600061895,0.46323597153257906
0-1,1-0,0.0,0.47092994321661996,0.5173771449221988
1-0,0-1,0.0,0.495139700801613,0.4840732579899028
1-0,0-1,0.0,0.45107999497021434,0.4213911187663445
1-0,1-0,0.0,0.42593672347242173,0.5638319665206846
0-1,1/2-1/2,0.0,0.3328453580531324,0.26538450366067284
1-0,1-0,0.0,0.3900507209239804,0.4567679048760755
1-0,1-0,0.0,0.22571527726088303,0.771615920283538
0-1,1-0,0.0,0.39663699565767246,0.5931220695946164
1-0,1-0,0.0,0.48256716037832537,0.5048927208924548
1-0,1-0,0.0,0.48954595408963675,0.5004964468847429
0-1,1-0,0.0,0.49195822849079424,0.4998339003785567
0-1,0-1,0.0,0.4797679220257475,0.46917947593855364
0-1,0-1,0.0,0.5009156043231535,0.47696110927753277
1-0,0-1,0.0,0.4574388250870776,0.4368654022082553
0-1,1-0,0.0,0.456008156978312,0.5363568008076605
1/2-1/2,1-0,0.0,0.36579670600483155,0.39132766576003875
0-1,0-1,0.0,0.5100465068800463,0.4617832290033304
0-1,0-1,0.0,0.5302587511867602,0.4328749162209403
1-0,0-1,0.0,0.5191236476086224,0.41452662793058176
1-0,0-1,0.0,0.538233012552361,0.44641570049889223
1-0,1-0,0.0,0.4881365659145505,0.49878783084469547
0-1,0-1,0.0,0.49311566754057656,0.48634975048638845
1-0,0-1,0.0,0.48139468566959515,0.46378244841830757
0-1,0-1,0.0,0.49341780889896364,0.48647826422215246
1-0,1-0,0.0,0.4722404521239516,0.5191198166386294
1-0,1-0,0.0,0.4781334306423177,0.5054926734690758
0-1,1/2-1/2,0.0,0.04547655371918647,0.038955558753347524
0-1,1-0,0.0,0.416174780935054,0.5358939201155497
1-0,0-1,0.0,0.5023176965455448,0.4824941781927088
1-0,1-0,0.0,0.4140995168757152,0.5564876252667453
1/2-1/2,0-1,0.0,0.4017290505439148,0.3540903739152489
1-0,0-1,0.0,0.4935531402193355,0.4858789671033352
1-0,1-0,0.0,0.4859802339074546,0.5045845622470413
0-1,1-0,0.0,0.4484647700994212,0.5422085161757819
0-1,1-0,0.0,0.488685909190779,0.5033129795029601
0-1,1-0,0.0,0.44530300193323497,0.5183947065162501
0-1,1-0,0.0,0.4323804792539408,0.5567820280312072
1-0,1-0,0.0,0.450435849441813,0.47565133792738357
1-0,1-0,0.0,0.4296674386643983,0.5603345103464784
0-1,0-1,0.0,0.5515916090458023,0.4335300414924706
1-0,1-0,0.0,0.15778085158073804,0.8395388507700196
0-1,0-1,0.0,0.512031071740787,0.4609856173926244
0-1,0-1,0.0,0.5055989802308825,0.4734376758006451
1-0,0-1,0.0,0.4942956032100388,0.48849342481367636
0-1,1-0,0.0,0.47872742096952353,0.507742346259503
0-1,0-1,0.0,0.5126674215796863,0.44516511121588703
1-0,1-0,0.0,0.267381146165541,0.7259273367682916
0-1,0-1,0.0,0.48015072519147245,0.46933402624327525
1-0,1-0,0.0,0.4632865193317804,0.5123899349044237
0-1,1-0,0.0,0.4693809912413825,0.5151288361480645
0-1,0-1,0.0,0.5055307423770761,0.4848108192901083
1-0,0-1,0.0,0.499240835972625,0.4536433173316931
0-1,0-1,0.0,0.4974842925953782,0.4706006878295292
0-1,0-1,0.0,0.5157217171206072,0.4681346429480559
0-1,1-0,0.0,0.4872722358314586,0.5001300682425186
