y_true,y_pred,prob_1-0,prob_0-1,prob_1/2-1/2
0-1,1-0,0.0,0.4477887023491509,0.5003852386331313
0-1,1-0,0.0,0.46727311193850246,0.4940467261339309
1-0,1-0,0.0,0.46593428798737924,0.4996122620544295
1-0,1-0,0.0,0.46687154428607314,0.49395829181887485
0-1,1-0,0.0,0.441153280177089,0.5032398748413889
0-1,1-0,0.0,0.4660604647025523,0.4994331291353446
1-0,1-0,0.0,0.4665915501378067,0.49393200214909583
1/2-1/2,1-0,0.0,0.4669639705623241,0.49397247045214243
0-1,1-0,0.0,0.4669405382565948,0.49809434474633335
1-0,1-0,0.0,0.4680246950727586,0.4947122143219872
1-0,1-0,0.0,0.46174678256252305,0.4948903652501177
0-1,1-0,0.0,0.46788821991768176,0.4962019897234801
1-0,1-0,0.0,0.4670972428892363,0.497831849139811
1-0,1-0,0.0,0.46786532897805677,0.4962655626643134
1-0,1-0,0.0,0.46808974849576307,0.49500887437599783
0-1,1-0,0.0,0.4665384486170727,0.4987290659046368
0-1,1-0,0.0,0.46357420953462036,0.5026708801133472
1-0,1-0,0.0,0.46220062368627574,0.4947498479642156
0-1,1-0,0.0,0.3913669573366936,0.5228467593681084
1-0,1-0,0.0,0.46556237309889803,0.50012745952676
0-1,1-0,0.0,0.46809760257076743,0.49515183231712956
0-1,1-0,0.0,0.4678718799099489,0.49443409962129664
0-1,1-0,0.0,0.4680511292093775,0.4956192837651376
1-0,1-0,0.0,0.4678809102304313,0.49622255330836035
0-1,1-0,0.0,0.4610568800508771,0.4951136825084701
0-1,1-0,0.0,0.4655714224478911,0.500115127582711
1-0,1-0,0.0,0.45815437552859134,0.4961466459560224
0-1,1-0,0.0,0.4679343014687287,0.49606560131109834
0-1,1-0,0.0,0.4594403703311024,0.5074230633435564
0-1,1-0,0.0,0.4572048220991904,0.4965080846035416
0-1,1-0,0.0,0.4672728554192403,0.497523720711121
0-1,1-0,0.0,0.42322604306736955,0.5108466574956838
0-1,1-0,0.0,0.4680884712766961,0.4949967036406807
1-0,1-0,0.0,0.4532628400072353,0.49808383583392324
1-0,1-0,0.0,0.46524186812749524,0.49401731428271817
0-1,1-0,0.0,0.4663018858267438,0.4939255958920213
0-1,1-0,0.0,0.46676060289980986,0.4939451142464582
0-1,1-0,0.0,0.4678405726636317,0.49633181865560094
1-0,1-0,0.0,0.4584306160325705,0.49604328980866175
0-1,1-0,0.0,0.4607171021874334,0.5060022096343291
0-1,1-0,0.0,0.434354625054932,0.5061648607854891
1-0,1-0,0.0,0.467937913459368,0.4945293522563524
0-1,1-0,0.0,0.4680868578526742,0.4949825630089096
1-0,1-0,0.0,0.44001785597628973,0.5037298280911591
1-0,1-0,0.0,0.4430093666688941,0.5024389338392365
1-0,1-0,0.0,0.4678321005063464,0.4963539631461104
1-0,1-0,0.0,0.4667300118337104,0.49843265466565123
0-1,1-0,0.0,0.45813431438044766,0.49615418528229543
0-1,1-0,0.0,0.46808030189558714,0.49493454260502356
1-0,1-0,0.0,0.4680972018309956,0.4951298209965825
0-1,1-0,0.0,0.4676467586738827,0.4967907749650301
1-0,1-0,0.0,0.46291914942380824,0.5034590366155071
0-1,1-0,0.0,0.4580132543392586,0.5089779471982033
1-0,1-0,0.0,0.4578593633497908,0.5091438359999585
1-0,1-0,0.0,0.4436958450909554,0.5021429047194925
1-0,1-0,0.0,0.4570646178726637,0.5099956707738023
0-1,1-0,0.0,0.46807421187249826,0.4954829435262764
0-1,1-0,0.0,0.45393722714484264,0.4978076171188325
0-1,1-0,0.0,0.45862204986751287,0.4959721839358549
0-1,1-0,0.0,0.4660248248702102,0.49393461528843363
0-1,1-0,0.0,0.46457122361549497,0.4941352893237045
0-1,1-0,0.0,0.4510988833889328,0.49898303919494974
1/2-1/2,1-0,0.0,0.45683383696602814,0.4966516368439855
0-1,1-0,0.0,0.4643550500948107,0.49418017348796306
1-0,1-0,0.0,0.4652043694799789,0.49402293652112667
0-1,1-0,0.0,0.4518177840500781,0.49868238944326226
1-0,1-0,0.0,0.4656360706418643,0.5000267514381412
1-0,1-0,0.0,0.4634505441234256,0.5028210958517301
0-1,1-0,0.0,0.4513021598296748,0.49889785535405634
1-0,1-0,0.0,0.4423040431208496,0.5027432404885324
1-0,1-0,0.0,0.4680431633276337,0.49565899988200113
1-0,1-0,0.0,0.46054256892332057,0.5061983798015238
0-1,1-0,0.0,0.4384682210209296,0.5043979780881268
1-0,1-0,0.0,0.4680897335869708,0.4950087264851178
0-1,1-0,0.0,0.46098063830502345,0.4951390066582177
1-0,1-0,0.0,0.4660826341757603,0.4939316768532221
1-0,1-0,0.0,0.4629076173012911,0.49454296460673824
1-0,1-0,0.0,0.45758560086104016,0.496362060238146
1-0,1-0,0.0,0.4592582798900772,0.4957391594570725
1-0,1-0,0.0,0.4655576876930724,0.4939754134016866
1-0,1-0,0.0,0.46807871268596046,0.4954501430271975
1-0,1-0,0.0,0.46023173057761757,0.5065461563231757
1-0,1-0,0.0,0.46197501618337383,0.5045667037289612
1-0,1-0,0.0,0.4671611371938834,0.494014340119932
1-0,1-0,0.0,0.46711673771702134,0.4977984375227996
1/2-1/2,1-0,0.0,0.4362986574342205,0.5053314129712106
0-1,1-0,0.0,0.46531627714781754,0.500459393629368
1-0,1-0,0.0,0.45983083078518694,0.49553423808322417
1-0,1-0,0.0,0.43334629382560225,0.5335877285211043
0-1,1-0,0.0,0.467856377942442,0.49628979801244577
0-1,1-0,0.0,0.46675373283587773,0.49839524607878183
1-0,1-0,0.0,0.46425281084306524,0.5018328595808123
1-0,1-0,0.0,0.4671855422302043,0.497679006586898
1-0,1-0,0.0,0.44664938118961184,0.5206629161291484
0-1,1-0,0.0,0.46258573340739867,0.503853661668399
1-0,1-0,0.0,0.4655088945822178,0.4939812122265714
0-1,1-0,0.0,0.46782992903154397,0.4963595983942185
1-0,1-0,0.0,0.4622442403867236,0.49473664065479966
0-1,1-0,0.0,0.4569425322592302,0.4966094513442982
1-0,1-0,0.0,0.4646534547094931,0.494119012876157
0-1,1-0,0.0,0.4644531508694193,0.4941594395990145
0-1,1-0,0.0,0.4635326343521792,0.49437471722772197
1-0,1-0,0.0,0.3978982899279238,0.5205934951295847
0-1,1-0,0.0,0.46554729326706307,0.5001479886793145
1-0,1-0,0.0,0.467809581583924,0.4964116435603749
0-1,1-0,0.0,0.4587679707726287,0.49591828105656127
0-1,1-0,0.0,0.46288063470055424,0.5035048315923232
0-1,1-0,0.0,0.4680799255351248,0.494932119301439
1-0,1-0,0.0,0.4678033563721876,0.4943561103531858
1-0,1-0,0.0,0.4678850832330769,0.4962108454549353
1-0,1-0,0.0,0.462787599830637,0.503615222064695
0-1,1-0,0.0,0.46555536059318336,0.4939756840114131
1-0,1-0,0.0,0.467654177539223,0.49677462407368234
0-1,1-0,0.0,0.45940609809670796,0.5074607840466344
0-1,1-0,0.0,0.4548291799565645,0.5123538112551603
1-0,1-0,0.0,0.4349223901879318,0.5320815369022943
0-1,1-0,0.0,0.4678894480926457,0.4944571246261668
1-0,1-0,0.0,0.3912471256214052,0.522886989643353
0-1,1-0,0.0,0.44842198129768435,0.5001151594699024
0-1,1-0,0.0,0.46218204417426234,0.4947554904007317
1-0,1-0,0.0,0.46809101477403364,0.49502202468084616
1-0,1-0,0.0,0.4659686608154216,0.4939379592597966
0-1,1-0,0.0,0.4529508266584238,0.514300009793555
0-1,1-0,0.0,0.45438216389280706,0.5128195933486774
1/2-1/2,1-0,0.0,0.46437215014930106,0.4941765169277249
1-0,1-0,0.0,0.44583813219000556,0.5012208303415171
1-0,1-0,0.0,0.459328757063867,0.49571367829864077
0-1,1-0,0.0,0.4566867731312316,0.49670887442111444
0-1,1-0,0.0,0.4107137832296298,0.5158466793710607
0-1,1-0,0.0,0.45443846557500905,0.4976038110375796
0-1,1-0,0.0,0.46784498341292097,0.4944014464030584
0-1,1-0,0.0,0.4656036085763955,0.49397019784325435
0-1,1-0,0.0,0.45645495437996286,0.49679946352020327
1-0,1-0,0.0,0.4621313460309974,0.5043853034325569
0-1,1-0,0.0,0.45823987792784554,0.5087330645392856
1-0,1-0,0.0,0.4665021448906195,0.4987841935320153
1-0,1-0,0.0,0.4680166953142261,0.4946906460792278
0-1,1-0,0.0,0.4678129570006294,0.4943660663133627
0-1,1-0,0.0,0.46805259550166994,0.4948017563115715
1-0,1-0,0.0,0.46735231229622337,0.49737824817928517
0-1,1-0,0.0,0.46484001143544007,0.49408384082406837
0-1,1-0,0.0,0.4541165381656853,0.4977345547141861
0-1,1-0,0.0,0.46675037173717737,0.4984005567865633
0-1,1-0,0.0,0.4667868180526281,0.4939478765445031
0-1,1-0,0.0,0.45256310128599536,0.5146983662465121
1-0,1-0,0.0,0.46509579260560463,0.49403992593759544
0-1,1-0,0.0,0.4651469203480249,0.4940317964881235
1-0,1-0,0.0,0.46806618554653195,0.49485810444953476
1-0,1-0,0.0,0.44471160076506816,0.5017053003509649
1-0,1-0,0.0,0.4452466523079662,0.5014750655099656
1-0,1-0,0.0,0.4678765666747047,0.4944401017288615
1-0,1-0,0.0,0.4530019871222708,0.5142473657641186
0-1,1-0,0.0,0.45797152891745135,0.4962155250767752
1-0,1-0,0.0,0.4656049864627099,0.49397004504433545
1-0,1-0,0.0,0.4572876192415862,0.49647621602117287
1-0,1-0,0.0,0.44156066232830804,0.503064054336388
0-1,1-0,0.0,0.4559902240086458,0.4969823456964349
0-1,1-0,0.0,0.468096229445359,0.4951005087363517
1-0,1-0,0.0,0.4626632011705338,0.5037623306601359
0-1,1-0,0.0,0.46790645822555693,0.49448088802428314
1-0,1-0,0.0,0.4643844591948662,0.5016672672818723
1-0,1-0,0.0,0.45836605705165806,0.5085964060626601
1/2-1/2,1-0,0.0,0.46206493645386043,0.4947912778498075
1-0,1-0,0.0,0.46596709040740014,0.49956592436429914
1-0,1-0,0.0,0.4646815697983721,0.5012893853090388
0-1,1-0,0.0,0.44957489498841896,0.5177358839671655
0-1,1-0,0.0,0.45234870176390135,0.4984615154842382
1-0,1-0,0.0,0.45836426065078056,0.49606803741768896
0-1,1-0,0.0,0.4677592575292832,0.4965351584266474
0-1,1-0,1.9621592410152624e-116,0.4666579722419402,0.49393622820726846
0-1,1-0,0.0,0.45235585180909677,0.4984585481376815
1-0,1-0,0.0,0.4621330625648819,0.49477041240261255
0-1,1-0,0.0,0.46464950362745544,0.4941197844348692
0-1,1-0,0.0,0.4680767820057465,0.49546459844990787
0-1,1-0,0.0,0.46711178561090566,0.4978069419992249
0-1,1-0,0.0,0.46809753268448456,0.4952000774564072
0-1,1-0,0.0,0.46307622257565195,0.5032716776811612
0-1,1-0,0.0,0.45314075095644124,0.5141044813256522
1-0,1-0,0.0,0.4409846686811823,0.5033126434975878
1-0,1-0,0.0,0.45926523671162023,0.4957366411276606
1-0,1-0,0.0,0.45122933260974457,0.49892835885090214
1-0,1-0,0.0,0.45407428980462744,0.5131394013105031
1/2-1/2,1-0,0.0,0.4608478819629193,0.4951833862473762
0-1,1-0,0.0,0.4680522815741212,0.49480058280042943
0-1,1-0,0.0,0.46807474820173367,0.49547919246193683
1-0,1-0,0.0,0.46619163463339247,0.4939276072284049
0-1,1-0,0.0,0.4663014819494201,0.4990836626378586
1-0,1-0,0.0,0.45662543814103745,0.4967327997705331
1/2-1/2,1-0,0.0,0.46781977813801434,0.49437331379484584
1-0,1-0,0.0,0.45890501760324737,0.49586789849942814
1-0,1-0,0.0,0.46743590641841065,0.4972201750803489
0-1,1-0,0.0,0.4572944708713312,0.509750116431204
1-0,1-0,0.0,0.44429360753976416,0.5018853059091445
1-0,1-0,0.0,0.4572119554690724,0.5098383419697383
1-0,1-0,0.0,0.4507288144979013,0.5165693104614048
1-0,1-0,0.0,0.4481174591824449,0.5002449442076216
0-1,1-0,0.0,0.4624247598689212,0.49468256971687863
1-0,1-0,0.0,0.45137926776800824,0.4988655775183141
1-0,1-0,0.0,0.4537896143487284,0.4978678873807709
0-1,1-0,0.0,0.4335450875634783,0.5065108965647881
1-0,1-0,0.0,0.4675477413960722,0.4941638562870366
1-0,1-0,0.0,0.4602354468305639,0.506542010143548
0-1,1-0,0.0,0.4402571555661913,0.503626584329152
1/2-1/2,1-0,0.0,0.4147415179518859,0.5142732015295185
1-0,1-0,0.0,0.46786194923917473,0.4944216991882915
1-0,1-0,0.0,0.4642453755405841,0.4942040388343818
1-0,1-0,0.0,0.43245637901102013,0.5069751746420186
0-1,1-0,0.0,0.4667696722315754,0.49394604624620847
0-1,1-0,0.0,0.4662993282612407,0.4990868320109061
0-1,1-0,0.0,0.4587434357578071,0.4959273258409743
1-0,1-0,0.0,0.4658765763290717,0.49394443380039843
1-0,1-0,0.0,0.4659926634848,0.4939364724761111
0-1,1-0,0.0,0.45001780026007426,0.5172890027048754
0-1,1-0,0.0,0.4625546256789756,0.5038902773156969
1-0,1-0,0.0,0.4582570539601975,0.4961081276083537
0-1,1-0,0.0,0.4678055799811128,0.4943583914231154
1-0,1-0,0.0,0.4465765064330689,0.5009039542317755
0-1,1-0,0.0,0.46556335268968424,0.5001261250487317
0-1,1-0,0.0,0.46712646987039985,0.49400568529851624
0-1,1-0,0.0,0.46084252793769115,0.49518518349386376
0-1,1-0,0.0,0.4652429270529969,0.4940171573938208
0-1,1-0,0.0,0.46633959490265137,0.4990274255743124
1-0,1-0,0.0,0.4600604379864674,0.49545346941369384
1/2-1/2,1-0,0.0,0.4447155737314038,0.5017035899812874
1-0,1-0,0.0,0.46356979332221687,0.4943652165045225
1-0,1-0,0.0,0.46805498571288023,0.4948108555729016
1-0,1-0,0.0,0.46007281676975187,0.5067231979648791
1-0,1-0,0.0,0.4445911594880161,0.5017571557213333
0-1,1-0,0.0,0.46327388592178204,0.5030344886661017
0-1,1-0,0.0,0.46806050994890563,0.4948331116506416
0-1,1-0,0.0,0.4680378655866,0.49475123228168144
1-0,1-0,0.0,0.4455898983212842,0.5217134550779796
0-1,1-0,0.0,0.46630994152444,0.4939255372314757
0-1,1-0,0.0,0.4632690675520453,0.4944437895078942
1-0,1-0,0.0,0.46231246852724817,0.5041741921291365
1-0,1-0,0.0,0.4527966680834223,0.5144585239229041
0-1,1-0,0.0,0.4673341308671273,0.49741191834238346
1-0,1-0,0.0,0.4566219487793745,0.4967341618259115
0-1,1-0,0.0,0.46784314210224676,0.49439931501204415
0-1,1-0,0.0,0.4670221170555436,0.49795898038604525
1-0,1-0,0.0,0.45474719912854505,0.49747896904114774
1-0,1-0,0.0,0.4601082801825324,0.49543674817476085
0-1,1-0,0.0,0.46742598514733863,0.49723923510397616
1-0,1-0,0.0,0.44399525563589154,0.5232862780559333
1-0,1-0,0.0,0.46317677815934966,0.5031512166540385
1-0,1-0,0.0,0.45454830797896645,0.5126466769507331
1-0,1-0,0.0,0.4627578888567202,0.503650408041994
0-1,1-0,0.0,0.46681398902175203,0.49829944978838353
1-0,1-0,0.0,0.4604015592248812,0.4953350960990978
0-1,1-0,0.0,0.4470375233617698,0.5202768636528855
0-1,1-0,0.0,0.45574015383681077,0.4970814199219511
0-1,1-0,0.0,0.4605696178840541,0.49527753239109873
0-1,1-0,0.0,0.46152552256082124,0.5050843515847482
1-0,1-0,0.0,0.46799735328327724,0.4946436336113862
0-1,1-0,0.0,0.4678629068265959,0.49627215345869774
0-1,1-0,0.0,0.4637859433432931,0.494311189423598
0-1,1-0,0.0,0.4668749013941056,0.49395875348784835
1/2-1/2,1-0,0.0,0.46657747250690645,0.49393125067650806
1-0,1-0,0.0,0.46519339746736854,0.49402460581162566
1-0,1-0,0.0,0.44833364818899907,0.5001527890325658
1-0,1-0,0.0,0.46163590438409235,0.5049577518257027
0-1,1-0,0.0,0.46402476235638174,0.5021172556872574
1-0,1-0,0.0,0.4597972866667362,0.49554610812759514
0-1,1-0,0.0,0.4562757789011116,0.510833743318221
0-1,1-0,0.0,0.4426117406436743,0.5246433886756102
0-1,1-0,0.0,0.452750775184624,0.5145056804543546
1-0,1-0,0.0,0.4670207831427576,0.49398279809894874
1-0,1-0,0.0,0.438516251911985,0.5043772830461141
1-0,1-0,0.0,0.46809636301190294,0.4952446599934045
1-0,1-0,0.0,0.46781056840172996,0.4943635629990228
0-1,1-0,0.0,0.4563406339387269,0.49684429656972323
0-1,1-0,0.0,0.4436893216540858,0.5021457169103873
0-1,1-0,0.0,0.45939758884031445,0.4956888594415628
1-0,1-0,0.0,0.4526782963764797,0.4983249403258648
1-0,1-0,0.0,0.46664384457295827,0.49393523315648186
0-1,1-0,0.0,0.4398874857584139,0.5037860695518718
1-0,1-0,0.0,0.46761844702094685,0.4942061647410791
1-0,1-0,0.0,0.45739328579743027,0.5096443534281845
1/2-1/2,1-0,0.0,0.4672610837489029,0.4940428972335716
0-1,1-0,0.0,0.4520885801207431,0.4985696016353308
1-0,1-0,0.0,0.46037278734766196,0.4953450022499437
0-1,1-0,0.0,0.46399903527989406,0.49426011855218627
0-1,1-0,0.0,0.4401807407811387,0.5036595541976765
1-0,1-0,0.0,0.4559787969594348,0.5111475013711649
0-1,1-0,0.0,0.44487389898693996,0.5016354398196651
0-1,1-0,0.0,0.4622385450579457,0.49473836212471567
0-1,1-0,0.0,0.46710769706851607,0.4978139545603634
0-1,1-0,0.0,0.4650821714302187,0.5007695457099333
0-1,1-0,0.0,0.4500408636997305,0.4994283769427897
1-0,1-0,0.0,0.4594299452673676,0.49567721589738684
1-0,1-0,0.0,0.4646147859480249,0.50137485392731
1-0,1-0,0.0,0.43790289467081933,0.5046414739378403
0-1,1-0,0.0,0.46687076284183904,0.49820812078423005
1-0,1-0,0.0,0.4677966509983013,0.4943493198622942
1-0,1-0,0.0,0.46257598106422904,0.49463803499783243
0-1,1-0,0.0,0.46762442108407454,0.4942100451589596
0-1,1-0,0.0,0.46807537408785627,0.4949048342450712
1-0,1-0,0.0,0.46807552925674273,0.4949057099764946
0-1,1-0,0.0,0.44523507345380403,0.5014800455436599
1-0,1-0,0.0,0.4670686686095702,0.4939925454870196
0-1,1-0,0.0,0.4617709586950146,0.4948827437748362
0-1,1-0,0.0,0.4677718574241661,0.49650486469280586
1/2-1/2,1-0,0.0,0.45233518384674176,0.5149320391665982
1-0,1-0,0.0,0.46273197845167485,0.4945928566672164
1-0,1-0,0.0,0.4518678046852255,0.515410116890886
1-0,1-0,0.0,0.46621319419303664,0.4992128698935581
1-0,1-0,0.0,0.46800071370977914,0.4946513478552729
0-1,1-0,0.0,0.4659092009678453,0.4996475947081191
1-0,1-0,0.0,0.4678225511244282,0.4963786255151083
1-0,1-0,0.0,0.44640379343498415,0.5009780196104985
0-1,1-0,0.0,0.4668797843053905,0.4939594319065134
0-1,1-0,0.0,0.4569458807850208,0.5101222717864875
1-0,1-0,0.0,0.4673981604361929,0.4940923115652396
0-1,1-0,0.0,0.4668902072785816,0.49396090770511003
0-1,1-0,0.0,0.46803138844784725,0.4947314390225632
0-1,1-0,0.0,0.4495549358976244,0.5177559972271151
1/2-1/2,1-0,0.0,0.46585306623291456,0.49972633091592106
1-0,1-0,0.0,0.4566823087524734,0.49671061481579215
1-0,1-0,0.0,0.45601751715201616,0.5111066460121029
1-0,1-0,0.0,0.3615328557990379,0.5315147326896119
0-1,1-0,0.0,0.4524007297158508,0.5148648748811984
0-1,1-0,0.0,0.46736510998008346,0.494079166478148
1-0,1-0,0.0,0.4563569481351039,0.49683789231858394
1-0,1-0,0.0,0.46718730144060605,0.4976759206130451
0-1,1-0,0.0,0.461253028806831,0.5053955166682018
1-0,1-0,0.0,0.46408791905693736,0.5020387932037019
0-1,1-0,0.0,0.44628509144763584,0.5210246563734088
1-0,1-0,0.0,0.4676735649227236,0.4967319954400956
1-0,1-0,0.0,0.4456205408931643,0.5013143197495818
0-1,1-0,0.0,0.4637308660479737,0.502479551064269
0-1,1-0,0.0,0.4668837143570468,0.4939599839258755
1-0,1-0,0.0,0.4633630236971976,0.4944188362212259
0-1,1-0,0.0,0.46748121218032374,0.49713200929037343
1-0,1-0,0.0,0.4680409294685143,0.49566968708112213
0-1,1-0,0.0,0.4680907063743432,0.4950187074302032
0-1,1-0,0.0,0.4546394959134768,0.5125516709401633
1-0,1-0,0.0,0.4649392687043361,0.4940661797177493
1-0,1-0,0.0,0.46723846952168524,0.49758540831411935
0-1,1-0,0.0,0.4610687938062106,0.5056048434858832
1-0,1-0,0.0,0.46028653630242367,0.506484982028134
1-0,1-0,0.0,0.46116316977887545,0.4950785814393636
0-1,1-0,0.0,0.4635227428133933,0.4943772564618624
1-0,1-0,0.0,0.4667099994670476,0.4939403598902221
1/2-1/2,1-0,0.0,0.46638289386541987,0.49392558421233884
0-1,1-0,0.0,0.4652651433198641,0.4940138899098841
1-0,1-0,0.0,0.46109415551816973,0.5055760765036709
0-1,1-0,0.0,0.4497506708897822,0.49955104907003556
0-1,1-0,0.0,0.46027123447352286,0.5065020680710193
1-0,1-0,0.0,0.4487830994673994,0.4999614781680822
1-0,1-0,0.0,0.44069237348305224,0.5034387852258669
1-0,1-0,0.0,0.4586306937835288,0.495968983616583
1-0,1-0,0.0,0.46759290880769283,0.49419013785224264
1-0,1-0,0.0,0.4676642647646508,0.4967525222195586
1-0,1-0,0.0,0.45835580107550883,0.5086075223249961
0-1,1-0,0.0,0.4678308455195409,0.49635722197411114
1/2-1/2,1-0,0.0,0.45457102640900066,0.5126230140408908
0-1,1-0,0.0,0.46755470317586334,0.49416774563540755
0-1,1-0,0.0,0.43446587027815775,0.5061172585409334
0-1,1-0,0.0,0.4646987110191835,0.501267396529486
1-0,1-0,0.0,0.4680970545441589,0.49522320937700315
1-0,1-0,0.0,0.4671478347162085,0.4940109476210831
0-1,1-0,0.0,0.4658543430837342,0.4997245448572789
1-0,1-0,0.0,0.45826378650108485,0.496105606117319
1-0,1-0,0.0,0.4622773729386821,0.4947266446024723
0-1,1-0,0.0,0.44011497613087086,0.503687927967246
0-1,1-0,0.0,0.46737624586092275,0.4940835012346745
1-0,1-0,0.0,0.46490679346856517,0.5009987041103477
1-0,1-0,0.0,0.46733892024088663,0.4974030719120653
1-0,1-0,0.0,0.46609184189768144,0.4939312574604711
1-0,1-0,0.0,0.45551669168793035,0.5116339214550791
0-1,1-0,0.0,0.44490278632233426,0.5223923504232694
1-0,1-0,0.0,0.4512806804677068,0.49890685016375536
1-0,1-0,0.0,0.4507345129882768,0.5165635306126628
1/2-1/2,1-0,0.0,0.4621648253458033,0.49476072833689255
0-1,1-0,0.0,0.4679705304014073,0.4959477611944703
0-1,1-0,0.0,0.4542891182788166,0.49766439511863775
0-1,1-0,0.0,0.4680965341575573,0.49523997371363115
1-0,1-0,0.0,0.45352868250617884,0.5137042654260415
1-0,1-0,0.0,0.46348447011547245,0.5027799561796096
1-0,1-0,0.0,0.467218496111714,0.4940300401713822
1-0,1-0,0.0,0.45812670812376227,0.5088554416192504
1/2-1/2,1-0,0.0,0.46552145609554474,0.5001831026783083
1-0,1-0,0.0,0.45972532141211475,0.5071086420254767
1-0,1-0,0.0,0.46187978782350775,0.5046768478370086
1-0,1-0,0.0,0.46340657981068156,0.49440739076299883
0-1,1-0,0.0,0.46690253819610283,0.4939627028641651
0-1,1-0,0.0,0.44880594364975523,0.49995176493032173
0-1,1-0,0.0,0.4567273105823403,0.5103548892599478
1-0,1-0,0.0,0.46779960845362745,0.4964366804021723
0-1,1-0,0.0,0.4311810773284025,0.5356482382068256
0-1,1-0,0.0,0.46675442108237875,0.49839415819594735
1-0,1-0,0.0,0.45494918101529774,0.49739759616010915
1-0,1-0,0.0,0.441349088693097,0.5031553668838324
1-0,1-0,0.0,0.46703979174114335,0.493986549150714
1-0,1-0,0.0,0.46607642747211614,0.49393196719533455
1-0,1-0,0.0,0.45516472511806394,0.4973110344869838
1-0,1-0,0.0,0.44748544430899906,0.5005148074061259
1-0,1-0,0.0,0.45019133161674635,0.49936485422692517
1-0,1-0,0.0,0.45604051476118895,0.5110823729162556
1/2-1/2,1-0,0.0,0.4480765530757038,0.5002623905830431
0-1,1-0,0.0,0.45852854828675926,0.4960068595219689
1-0,1-0,0.0,0.46229470781335524,0.4947214274032881
0-1,1-0,0.0,0.46755725745171095,0.49416918690267697
1-0,1-0,0.0,0.46794597133819926,0.49602885231745336
0-1,1-0,0.0,0.4056071429031715,0.5177873595041711
1-0,1-0,0.0,0.4635722084664452,0.5026733164580858
1-0,1-0,0.0,0.446548393642036,0.5207632533261889
1-0,1-0,0.0,0.46726372694832574,0.4975401676092146
0-1,1-0,0.0,0.46739230944304266,0.49408992226850346
0-1,1-0,0.0,0.4594709392473442,0.49566248572445015
1-0,1-0,0.0,0.46333213846621485,0.5029642740092699
0-1,1-0,0.0,0.4649877870001297,0.4940578274857158
0-1,1-0,0.0,0.4614049741338885,0.49499964413584613
1-0,1-0,0.0,0.4661419228554545,0.49392921752633795
1-0,1-0,0.0,0.46308983416622823,0.49449235602244423
0-1,1-0,0.0,0.4661806649949818,0.49926011685264976
1-0,1-0,0.0,0.46808380193090404,0.49495862747749547
1-0,1-0,0.0,0.4525843630875936,0.49836381939042285
1-0,1-0,0.0,0.46100106347028597,0.49513221050948797
0-1,1-0,0.0,0.4660711494510443,0.4939322189095141
0-1,1-0,0.0,0.4435768937083578,0.5236973582510214
1-0,1-0,0.0,0.4637274873231412,0.49432558720906883
1-0,1-0,0.0,0.4442114337266165,0.5019207062530553
0-1,1-0,0.0,0.4567340535231186,0.4966904528575941
1-0,1-0,0.0,0.4643860016434598,0.5016653206896003
0-1,1-0,0.0,0.4609301818802436,0.5057617974460853
1-0,1-0,0.0,0.46560391315688315,0.4939701640484706
0-1,1-0,0.0,0.46809465644007614,0.4952811251862783
0-1,1-0,0.0,0.46685639470923396,0.49823133610590664
1-0,1-0,0.0,0.4483950276568773,0.5001266400923162
1-0,1-0,0.0,0.46780905165828945,0.4964129814381205
1-0,1-0,0.0,0.46135798602051764,0.5052758894493933
0-1,1-0,0.0,0.4488550002757337,0.49993090983730776
1-0,1-0,0.0,0.4671819849544442,0.49768524159146227
0-1,1-0,0.0,0.4644408671571341,0.5015959800538508
1-0,1-0,0.0,0.4613679497786948,0.5052645185600756
0-1,1-0,0.0,0.4664153330511408,0.4989147998798856
1-0,1-0,0.0,0.4679622254904236,0.49457178700468574
1-0,1-0,0.0,0.46369796384205386,0.4943329199612431
1-0,1-0,0.0,0.42083662924402976,0.5118259610706805
1-0,1-0,0.0,0.45711758510235523,0.5099391417063699
0-1,1-0,0.0,0.45974462057104465,0.4955647800453396
1-0,1-0,0.0,0.46503403847084646,0.5008326979393549
1-0,1-0,0.0,0.46736461399805646,0.4940789755892663
1-0,1-0,0.0,0.4654018964881825,0.49399481861488603
1-0,1-0,0.0,0.46710735462842623,0.4940011662706385
0-1,1-0,0.0,0.46762840813881884,0.4942126636687356
0-1,1-0,0.0,0.4565145822437553,0.4967761206051603
0-1,1-0,0.0,0.4446995730907321,0.5017104783552315
0-1,1-0,0.0,0.46215243754488505,0.5043607725965503
0-1,1-0,0.0,0.4680623281978941,0.49555811136830047
0-1,1-0,0.0,0.4671195841174025,0.4940040371521364
1-0,1-0,0.0,0.4311478613225188,0.5356797733407362
1-0,1-0,0.0,0.44313095266827707,0.5023864899179417
0-1,1-0,0.0,0.46697290291993526,0.4980409575961707
0-1,1-0,0.0,0.4633886851244342,0.5028959743615036
0-1,1-0,0.0,0.4568408507932512,0.4966489116415929
1-0,1-0,0.0,0.4598415020594099,0.5069800256445586
0-1,1-0,0.0,0.4678272603088059,0.49636650196789495
0-1,1-0,0.0,0.46619551258376624,0.49923857479452594
1-0,1-0,0.0,0.46782378897656185,0.49437764525067485
0-1,1-0,0.0,0.4677414899410519,0.4965772318337011
0-1,1-0,0.0,0.46354150273391337,0.4943724442752671
1-0,1-0,0.0,0.46395781844067074,0.4942698185531953
1-0,1-0,0.0,0.4669031707007876,0.4981554943850222
0-1,1-0,0.0,0.45309901769848204,0.49815125685537337
0-1,1-0,0.0,0.4505655727810796,0.5167348018149512
0-1,1-0,0.0,0.45786185314805844,0.5091411546224198
0-1,1-0,0.0,0.46793881615224847,0.49453084239596523
0-1,1-0,0.0,0.46196828705350207,0.49482109678681024
0-1,1-0,0.0,0.44368948055493673,0.5021456484095278
0-1,1-0,0.0,0.4549188008196564,0.5122602163290938
1-0,1-0,0.0,0.46597999295872483,0.4939372467085409
0-1,1-0,0.0,0.4200857617219305,0.5460730034867057
1-0,1-0,0.0,0.4402581170041229,0.5269377121072928
1-0,1-0,0.0,0.46809579415190744,0.49509080366465746
1-0,1-0,0.0,0.46036201831624834,0.5064006289484868
1-0,1-0,0.0,0.4679775862023565,0.4959233656663045
0-1,1-0,0.0,0.46330194599763436,0.49443501697244147
0-1,1-0,0.0,0.4191891127839497,0.5124948843876909
0-1,1-0,0.0,0.43882418941017975,0.5283274227604031
0-1,1-0,0.0,0.45051786796534293,0.49922720816876615
1-0,1-0,0.0,0.4474620434261298,0.5005248114866451
0-1,1-0,0.0,0.46272559608624614,0.49459468938610673
0-1,1-0,0.0,0.46416087600051753,0.49422289950880366
0-1,1-0,0.0,0.4283163210493735,0.508727354870686
1/2-1/2,1-0,0.0,0.4674827910204373,0.4971289019614501
0-1,1-0,0.0,0.4597034697207081,0.4955793991529721
0-1,1-0,0.0,0.4679079558394615,0.4944830558475959
1-0,1-0,0.0,0.4658832282533187,0.493943926190328
1/2-1/2,1-0,0.0,0.4583612386252942,0.4960691657113608
1-0,1-0,0.0,0.4595342384680934,0.49563978864459884
1-0,1-0,0.0,0.39855565895526174,0.520360256130888
1-0,1-0,0.0,0.4589186967294951,0.49586288278385177
0-1,1-0,0.0,0.4517553699139377,0.5155249095587514
0-1,1-0,0.0,0.46617734413406686,0.4992649297194873
1/2-1/2,1-0,0.0,0.452286681955091,0.5149817196912615
0-1,1-0,0.0,0.4606849609596985,0.49523832760369746
0-1,1-0,0.0,0.46803159668824595,0.495712545838059
1-0,1-0,0.0,0.4656356515495217,0.49396670113772934
0-1,1-0,0.0,0.46785411619897127,0.4944122077879208
0-1,1-0,0.0,0.44158310649367116,0.5256482354887523
1-0,1-0,0.0,0.4673081677512865,0.4940584096994332
0-1,1-0,0.0,0.4676844699176855,0.4942521044342693
1-0,1-0,0.0,0.465524044090287,0.5001795888435542
0-1,1-0,0.0,0.4601170708908615,0.5066739456242404
1-0,1-0,0.0,0.4659733091789588,0.499557121553335
1-0,1-0,0.0,0.4678600581092394,0.49441938486961984
1-0,1-0,0.0,0.46046516126775516,0.5062851740619965
0-1,1-0,0.0,0.45963242115549857,0.5072113089904791
0-1,1-0,0.0,0.46044311157268614,0.49532081577304377
1-0,1-0,0.0,0.4362383593843619,0.5053573109898244
0-1,1-0,0.0,0.46749707670815704,0.49413717530908796
1-0,1-0,0.0,0.44930268190344586,0.49974082201148784
1-0,1-0,0.0,0.45599848129399795,0.4969790820055651
0-1,1-0,0.0,0.43369466592851236,0.5064470095290516
1-0,1-0,0.0,0.4566794704453765,0.4967117213886788
0-1,1-0,0.0,0.4680040369285013,0.4958263697402579
1-0,1-0,0.0,0.45931342397772756,0.49571921609759284
1-0,1-0,0.0,0.458186464335364,0.5087908461274275
1-0,1-0,0.0,0.4630743642935981,0.49449660531742284
0-1,1-0,0.0,0.46809603442913583,0.4952529181041629
1-0,1-0,0.0,0.4675730890121851,0.4941782949038306
0-1,1-0,0.0,0.4675045532287224,0.49414094077860493
1-0,1-0,0.0,0.46281828969412037,0.49456820675798574
1-0,1-0,0.0,0.4069258817185185,0.5172922226874724
0-1,1-0,0.0,0.4605270009820658,0.49529208071165354
0-1,1-0,0.0,0.45449424677864725,0.512702967739769
1-0,1-0,0.0,0.4374678682959753,0.5048287290966752
0-1,1-0,0.0,0.42933104145765144,0.5083000358022999
0-1,1-0,0.0,0.4611412245125731,0.4950858089374889
1-0,1-0,0.0,0.4575979632353069,0.4963573428763798
0-1,1-0,0.0,0.4668442903739418,0.49825083935655684
0-1,1-0,0.0,0.465045045251488,0.49404821616846156
0-1,1-0,0.0,0.44710361362380235,0.5006781438967964
0-1,1-0,0.0,0.46261470658364456,0.5038195282642279
0-1,1-0,0.0,0.4590248373129932,0.4958240468237687
0-1,1-0,0.0,0.44725036063649876,0.5006153446915176
0-1,1-0,0.0,0.4391571781018688,0.5041010310209526
1-0,1-0,0.0,0.46020522986720036,0.5065757148334477
0-1,1-0,0.0,0.4586856423178253,0.4959486607999214
1-0,1-0,0.0,0.4654702314421117,0.5002525001968825
0-1,1-0,0.0,0.46801853849315084,0.4957684995362268
0-1,1-0,0.0,0.4448309562037064,0.5016539224920226
1-0,1-0,0.0,0.4660400946779242,0.49946221449965594
0-1,1-0,0.0,0.46123405538205486,0.5054171125906525
0-1,1-0,0.0,0.46649840209016424,0.4987898594825856
0-1,1-0,0.0,0.46446560081928834,0.5015646568706424
1-0,1-0,0.0,0.4678838863751803,0.49621421189940607
0-1,1-0,0.0,0.46327888422975194,0.5030284696807016
1-0,1-0,0.0,0.4265305065905927,0.540043163078785
1-0,1-0,0.0,0.46458239914685573,0.5014161882366178
1/2-1/2,1-0,0.0,0.46736784442810525,0.49408022220096887
1-0,1-0,0.0,0.4421220163278078,0.525122214475884
1-0,1-0,0.0,0.462946456436547,0.4945320768414407
1-0,1-0,0.0,0.4590106300391174,0.4958292366089912
0-1,1-0,0.0,0.46098474295151365,0.49513764021269496
1-0,1-0,0.0,0.42641242680815233,0.5095249661718995
0-1,1-0,0.0,0.4586276338157549,0.49597011643381345
1-0,1-0,0.0,0.4665928863571016,0.49393207603999667
0-1,1-0,0.0,0.46804324894616606,0.49565858662997375
1-0,1-0,0.0,0.45742996921292434,0.49642157582092905
1-0,1-0,0.0,0.46288033377268556,0.49455064486845723
0-1,1-0,0.0,0.4578717159471024,0.5091305321106006
0-1,1-0,0.0,0.4544992842733738,0.49757917488362435
1-0,1-0,0.0,0.46289300466286,0.5034901295451203
1-0,1-0,0.0,0.4521586804962758,0.49854044825869653
1-0,1-0,0.0,0.466949182381956,0.4939699904724509
0-1,1-0,0.0,0.45575259749383085,0.4970764793677198
1-0,1-0,0.0,0.4674259551648304,0.4941040435631483
0-1,1-0,0.0,0.4582934824390923,0.49609449042200887
0-1,1-0,0.0,0.4560902083991763,0.511029904470189
0-1,1-0,0.0,0.4652669992240821,0.5005251090184084
1-0,1-0,0.0,0.4600701249136183,0.4954500806872105
1-0,1-0,0.0,0.46136655069800003,0.5052661153787413
1-0,1-0,0.0,0.4001817909711315,0.51977835708539
0-1,1-0,0.0,0.4529052837341701,0.4982311408906373
0-1,1-0,0.0,0.4641740205366153,0.5019314597150109
0-1,1-0,0.0,0.40807180330524806,0.5168585275650892
1-0,1-0,0.0,0.4673524505970793,0.49407435142067696
0-1,1-0,0.0,0.4663400527871622,0.49902674820320003
0-1,1-0,0.0,0.4666017043066853,0.4986322494546701
1-0,1-0,0.0,0.4620726934823443,0.4947888955942966
0-1,1-0,0.0,0.46652903477819985,0.49392903385704817
0-1,1-0,0.0,0.4546623223365047,0.4975132357860055
0-1,1-0,0.0,0.45048855752473677,0.5168128244641819
1-0,1-0,0.0,0.46310550182680255,0.5032366449101339
1-0,1-0,0.0,0.4663200712685637,0.4939254811634277
1-0,1-0,0.0,0.45821476551677326,0.4961239772575069
0-1,1-0,0.0,0.4677312051943315,0.49660126084145245
0-1,1-0,0.0,0.4664717752181033,0.49883007532597734
1-0,1-0,0.0,0.46809655510510073,0.49523937827323067
1-0,1-0,0.0,0.4673772514259856,0.4973316676006342
0-1,1-0,0.0,0.44706244153660224,0.5202520571413667
1-0,1-0,0.0,0.46135971669109543,0.5052739145466716
0-1,1-0,0.0,0.4494041970546262,0.5179078319361631
1/2-1/2,1-0,0.0,0.3361569788537688,0.5365159212070193
0-1,1-0,0.0,0.4393295838750052,0.5040266929378245
1/2-1/2,1-0,0.0,0.45214419436244047,0.4985464712552986
0-1,1-0,0.0,0.4668903562112379,0.4939609290673732
0-1,1-0,0.0,0.456486361698585,0.5106106968104893
1-0,1-0,0.0,0.46219427436649785,0.4947517750949436
1/2-1/2,1-0,0.0,0.43939279044877855,0.527777048284393
0-1,1-0,0.0,0.4678049120475494,0.4964234031366853
0-1,1-0,0.0,0.4675638786174762,0.4941729591351542
1/2-1/2,1-0,0.0,0.41147340410705024,0.5540374799386514
1-0,1-0,0.0,0.46420224793439246,0.49421361471244607
1-0,1-0,0.0,0.4650547675382178,0.5008055252556701
0-1,1-0,0.0,0.44481347038640123,0.5016614488145048
1-0,1-0,0.0,0.4680555221740252,0.4948129392257984
1-0,1-0,0.0,0.46762432355435724,0.4968391013165735
0-1,1-0,0.0,0.46668596674857976,0.493938358636506
0-1,1-0,0.0,0.4675925248335307,0.4969063557345851
1-0,1-0,0.0,0.46765659530814446,0.4942318597731578
0-1,1-0,0.0,0.46272169313129313,0.4945958108024027
1-0,1-0,0.0,0.4647144418216061,0.50124719814078
0-1,1-0,0.0,0.4678542800158997,0.49629543116790004
1-0,1-0,0.0,0.4658223816179859,0.4939487931559666
1-0,1-0,0.0,0.46786022401045,0.49441958730697405
0-1,1-0,0.0,0.4609171982259101,0.505776476173797
1-0,1-0,0.0,0.4630230894065017,0.503335164123434
0-1,1-0,0.0,0.46548607960452576,0.5002310603924367
0-1,1-0,0.0,0.46057155876527167,0.49527687062536985
1-0,1-0,0.0,0.4644138849911422,0.4941676673906573
1/2-1/2,1-0,0.0,0.4498951124361094,0.49948996364810977
0-1,1-0,0.0,0.46764931787664754,0.49422678571880946
0-1,1-0,0.0,0.46415544432365047,0.49422412559172035
0-1,1-0,0.0,0.46795293154105716,0.49455497366822176
0-1,1-0,0.0,0.46355628832454354,0.5026926928737284
0-1,1-0,0.0,0.46475418981509276,0.5011960801520451
0-1,1-0,0.0,0.46706458017812846,0.4939916742142326
0-1,1-0,0.0,0.466493883768205,0.4987966951330529
1-0,1-0,0.0,0.46610686945702745,0.49393060229617625
1/2-1/2,1-0,0.0,0.46683899266606155,0.49395401304962655
1-0,1-0,0.0,0.4619799933710382,0.5045609396419695
1-0,1-0,0.0,0.4613231958498363,0.4950261950682758
1-0,1-0,0.0,0.4574109176634112,0.5096254690692096
1-0,1-0,0.0,0.4414767251566922,0.525751963941519
1-0,1-0,0.0,0.4606966824374247,0.5060251951919641
0-1,1-0,0.0,0.4621703674697712,0.49475904151930733
0-1,1-0,0.0,0.45757947207143873,0.49636439948504074
1-0,1-0,0.0,0.45523058264479155,0.49728464462952565
1-0,1-0,0.0,0.46743463955534537,0.49410784263868557
0-1,1-0,0.0,0.4639803685564867,0.494264500730539
1-0,1-0,0.0,0.4640546009463077,0.5020802136868169
1-0,1-0,0.0,0.4680856987063625,0.4949730971436694
0-1,1-0,0.0,0.46789345695611595,0.49618709495717056
1-0,1-0,0.0,0.4680974544621073,0.4951418058476478
1-0,1-0,0.0,0.46478887734413327,0.49409323065855637
1-0,1-0,0.0,0.45868705884990213,0.4959481373818186
1-0,1-0,0.0,0.4633986506771067,0.4944094684827733
1-0,1-0,0.0,0.45203751103147133,0.5152366945952176
0-1,1-0,2.850823640735288e-35,0.4666661831171027,0.49393683103285235
1-0,1-0,0.0,0.4650878047140335,0.4940412163952707
0-1,1-0,0.0,0.46233465549015235,0.4947094380760746
1-0,1-0,0.0,0.45943059746534864,0.49567698135657134
1/2-1/2,1-0,0.0,0.46449945084777866,0.501521722989307
1-0,1-0,0.0,0.4680698187189726,0.49487550444611517
1-0,1-0,0.0,0.46743838221844863,0.4941095000930064
0-1,1-0,0.0,0.4676952360190918,0.4942602864873539
0-1,1-0,0.0,0.46007711784283867,0.49544763535311886
1-0,1-0,0.0,0.4668514468582856,0.49395560816679884
0-1,1-0,0.0,0.466493800687797,0.4987968207792416
1-0,1-0,0.0,0.46213187422221835,0.49477077526129537
0-1,1-0,0.0,0.4610116084036835,0.4951287052205843
0-1,1-0,0.0,0.46687412523984956,0.4939586464074443
0-1,1-0,0.0,0.4679222533440925,0.49450442331216476
0-1,1-0,0.0,0.45535676853163776,0.4972341585583831
1-0,1-0,0.0,0.4662397372857945,0.49917417668644753
1-0,1-0,0.0,0.4603840991030016,0.5063759310089128
0-1,1-0,0.0,0.4602412553131039,0.49539047436698436
0-1,1-0,0.0,0.4491830263132211,0.4997915864053078
0-1,1-0,0.0,0.4642763584193824,0.49419722542241395
1-0,1-0,0.0,0.4578641304514706,0.4962561494458877
0-1,1-0,0.0,0.4627062462928237,0.4946002540316429
1-0,1-0,0.0,0.46379395454103783,0.5024021580428905
1/2-1/2,1-0,0.0,0.4655964154011947,0.4939709990469992
1-0,1-0,0.0,0.46704423171330645,0.49398744747805007
1-0,1-0,0.0,0.4625855737865392,0.5038538496372653
1-0,1-0,0.0,0.46352312815217434,0.5027330140911124
0-1,1-0,0.0,0.4465470155573358,0.5207646222350419
1-0,1-0,0.0,0.46752817627687243,0.4970384958363095
1-0,1-0,0.0,0.44903301551031577,0.5182812038555683
1-0,1-0,0.0,0.4678327456959907,0.4963522856578679
0-1,1-0,0.0,0.46734663901005113,0.49407218032305766
0-1,1-0,0.0,0.4523432585268425,0.4984637746197812
0-1,1-0,0.0,0.4675811319644153,0.496930120720335
1/2-1/2,1-0,0.0,0.4531303463000476,0.5141151998791759
1-0,1-0,0.0,0.4579052186642644,0.5090944390271677
0-1,1-0,0.0,0.46541915602073886,0.4939925433553111
0-1,1-0,0.0,0.4449407614102164,0.5223548772448244
0-1,1-0,0.0,0.46670741799626536,0.49846813255033495
1-0,1-0,0.0,0.4314307111732317,0.5074113278600644
1-0,1-0,0.0,0.4587332744916462,0.5081973667547154
1/2-1/2,1-0,0.0,0.4416522018067916,0.5030245472597239
0-1,1-0,0.0,0.46458663078511614,0.4941322050795051
1-0,1-0,0.0,0.4643811838042662,0.5016714003683208
0-1,1-0,0.0,0.46683235671366746,0.49827001971027574
1-0,1-0,0.0,0.4673806118431883,0.4940852265664204
0-1,1-0,0.0,0.46665651770490474,0.49854753011503067
1-0,1-0,0.0,0.41943645624138104,0.546676994397035
1-0,1-0,0.0,0.4680291461281001,0.49472486842434
1-0,1-0,0.0,0.45047438964228337,0.49924551893825864
1/2-1/2,1-0,0.0,0.443984058344032,0.5020186791070473
0-1,1-0,0.0,0.4092882250522308,0.5163946995627717
1-0,1-0,0.0,0.45779476070893016,0.496282453259952
0-1,1-0,0.0,0.46645168846678214,0.4988603075188363
0-1,1-0,0.0,0.4609737542926838,0.4951412991376057
0-1,1-0,0.0,0.4663437132128706,0.4939254279355289
0-1,1-0,0.0,0.4497505540123484,0.5175587757873814
1-0,1-0,0.0,0.4676716236251185,0.49424261079461024
1-0,1-0,0.0,0.44144078789795704,0.5031157906307527
1-0,1-0,0.0,0.4653111895572687,0.4940072656707813
0-1,1-0,0.0,0.46622207722022124,0.4991999348957517
0-1,1-0,0.0,0.4679083332239947,0.4944836041446526
0-1,1-0,0.0,0.46215062624322123,0.5043628798001123
0-1,1-0,0.0,0.468048898772877,0.49563067714938175
1-0,1-0,0.0,0.4658989293512477,0.4996620351959838
0-1,1-0,0.0,0.4496067954058386,0.49961194529239544
1-0,1-0,0.0,0.4679423666835655,0.4960403148222771
1-0,1-0,0.0,0.4579994634553767,0.5089928263357151
1-0,1-0,0.0,0.45870956071482377,0.4959398261051342
1-0,1-0,0.0,0.46565984913099884,0.4939641399494473
0-1,1-0,0.0,0.4680854198069474,0.4953937875785108
1-0,1-0,0.0,0.4493547004737003,0.5179576621358403
1-0,1-0,0.0,0.46737361242007897,0.4973384937359503
1-0,1-0,0.0,0.4676632821178315,0.496754682598429
1-0,1-0,0.0,0.43191651130082226,0.5349494528081276
0-1,1-0,0.0,0.46174741949666753,0.49489016426959753
0-1,1-0,0.0,0.45651675791428126,0.49677526942278394
1-0,1-0,0.0,0.4583664924230421,0.4960672042379236
0-1,1-0,0.0,0.43239744787845463,0.5070002680053843
1-0,1-0,0.0,0.4611569290632968,0.49508063571747485
0-1,1-0,0.0,0.465156736147103,0.5006713105539756
1-0,1-0,0.0,0.46809770783654997,0.4951820718442706
0-1,1-0,0.0,0.4631564266217943,0.49447416720415666
1-0,1-0,0.0,0.45466316210219015,0.4975128965470481
1-0,1-0,0.0,0.43824523661701775,0.5288869115713433
1-0,1-0,0.0,0.4670475860013293,0.49791616007169454
0-1,1-0,0.0,0.4578114761732378,0.509195391843235
1-0,1-0,0.0,0.46809769596949685,0.4951842488524814
0-1,1-0,0.0,0.46793624788553834,0.49605954299499916
1-0,1-0,0.0,0.4609855203575667,0.4951373814515969
1/2-1/2,1-0,0.0,0.45445819363350176,0.49759581741417785
1-0,1-0,0.0,0.46295617238569575,0.49452936157564265
0-1,1-0,0.0,0.4651030664599981,0.49403875558365085
0-1,1-0,0.0,0.4464496270393532,0.520861341864304
1-0,1-0,0.0,0.4399515723735583,0.5272352953777072
0-1,1-0,0.0,0.4584220526358617,0.4960464807015327
1-0,1-0,0.0,0.4675445058081825,0.4941620677950275
1-0,1-0,0.0,0.4648047343002693,0.4940902980841945
1-0,1-0,0.0,0.4253846229010176,0.5411201437408586
1-0,1-0,0.0,0.46787535033069055,0.49443853451436764
1-0,1-0,0.0,0.4680785869751231,0.4954511038083115
1-0,1-0,0.0,0.4603651665838859,0.49534762854288655
1-0,1-0,0.0,0.46598158060745487,0.49393714839085884
0-1,1-0,0.0,0.45608836532693253,0.5110318509147287
0-1,1-0,0.0,0.4670785953273549,0.4939946921416299
1-0,1-0,0.0,0.4609279894269747,0.5057642764075665
1-0,1-0,0.0,0.4628653081133735,0.5035230396419457
1-0,1-0,0.0,0.4679629077530843,0.4945730526992868
0-1,1-0,0.0,0.46801760934873715,0.495772330241348
1-0,1-0,0.0,0.4590908693167793,0.4957999610011189
1-0,1-0,0.0,0.4484184599585682,0.5188978442653482
1-0,1-0,0.0,0.43982936731612704,0.5038111403260273
1-0,1-0,0.0,0.46809606126317516,0.4950966057316436
0-1,1-0,0.0,0.4614429167551764,0.5051788826627049
1-0,1-0,0.0,0.46269242497560165,0.5037278219661534
1-0,1-0,0.0,0.4679416911952377,0.49453562941883794
0-1,1-0,0.0,0.4512223417049689,0.49893128786441054
0-1,1-0,0.0,0.4663131294457066,0.4990665065646864
1-0,1-0,0.0,0.45468728398427233,0.49750315381521454
1/2-1/2,1-0,0.0,0.4673727477117443,0.49408212940390706
0-1,1-0,0.0,0.46204234164145164,0.4947982263028662
1-0,1-0,0.0,0.4650774025683253,0.49404290502801473
0-1,1-0,0.0,0.46809639389395813,0.49524383645808084
1-0,1-0,0.0,0.4595285986435199,0.49564180852783674
0-1,1-0,0.0,0.45895841500864276,0.5079517029667516
0-1,1-0,0.0,0.4678885684876227,0.49620100262538097
0-1,1-0,0.0,0.4636185976497896,0.49435283122407636
0-1,1-0,0.0,0.46422629345582633,0.4942082626655907
1-0,1-0,0.0,0.4672074583779399,0.49764044081994874
1-0,1-0,0.0,0.4680165558070083,0.4957766519178589
1-0,1-0,0.0,0.46759548764397574,0.496900147671387
1-0,1-0,0.0,0.43461725079657865,0.532373576182244
1-0,1-0,0.0,0.456789186101308,0.49666899567996015
1-0,1-0,0.0,0.4679214503724028,0.4961049387774525
0-1,1-0,0.0,0.46645695235590307,0.49392674745194215
0-1,1-0,0.0,0.4510166328214893,0.4990175433801698
0-1,1-0,0.0,0.46182707465197576,0.49486511035449965
1-0,1-0,0.0,0.45934264540653463,0.5075305681457938
1-0,1-0,0.0,0.4675455729553472,0.49416265633639334
1-0,1-0,0.0,0.4398149804962466,0.5038173462835909
1-0,1-0,0.0,0.46729842213370293,0.4974773750749906
0-1,1-0,0.0,0.4246884079673059,0.5417734244937731
0-1,1-0,0.0,0.4659016269972659,0.4939425540310603
0-1,1-0,0.0,0.462189927204434,0.5043171356098175
0-1,1-0,0.0,0.4676629407986306,0.4942363536942941
1-0,1-0,0.0,0.39871835478027173,0.5203023523598895
0-1,1-0,0.0,0.46657758011377143,0.49866928997421744
1-0,1-0,0.0,0.46238980065001695,0.5040837364589198
1-0,1-0,0.0,0.4618060065602618,0.49487172122511625
0-1,1-0,0.0,0.45669344615476093,0.49670627331796136
1-0,1-0,0.0,0.4672051812874961,0.4940262356037983
1-0,1-0,0.0,0.4671896943642408,0.4976717202996211
1-0,1-0,0.0,0.4378120112592688,0.5293049892969457
0-1,1-0,0.0,0.46406660602456196,0.5020652963942981
0-1,1-0,0.0,0.4561961793320228,0.510917930182327
0-1,1-0,0.0,0.46758531007054605,0.49692142488044366
0-1,1-0,0.0,0.4481851188057333,0.5191314892801656
1-0,1-0,0.0,0.4678633576890513,0.494423432434106
1/2-1/2,1-0,0.0,0.45565956251882195,0.49711344365018445
0-1,1-0,0.0,0.4680967633414467,0.4951146866339809
1-0,1-0,0.0,0.4672243599291422,0.4940317475051616
1-0,1-0,0.0,0.4560052610898327,0.4969764026674503
0-1,1-0,0.0,0.4639338700198385,0.49427549461817727
0-1,1-0,0.0,0.46638117126413975,0.4939255708159829
0-1,1-0,0.0,0.46719262500301983,0.49402273802155694
1-0,1-0,0.0,0.4628678768543875,0.4945541601413006
1-0,1-0,0.0,0.44934733945902355,0.5179650716644943
1-0,1-0,0.0,0.44927547211243907,0.49975236311701987
1-0,1-0,0.0,0.4599206519711243,0.495502540914901
1-0,1-0,0.0,0.4257237693511313,0.5098120627576131
1-0,1-0,0.0,0.4449507488499288,0.5016023668846699
1-0,1-0,0.0,0.4672794883275254,0.4940487925317654
0-1,1-0,0.0,0.4634104227034632,0.49440638472947224
1-0,1-0,0.0,0.46583949630464955,0.4939473738465025
0-1,1-0,0.0,0.4552239138078327,0.5119410259063046
1-0,1-0,0.0,0.4502860013708325,0.5170178671115103
1-0,1-0,0.0,0.4578230576628107,0.4962717175217623
1-0,1-0,0.0,0.4669476007398485,0.4980827290820044
0-1,1-0,0.0,0.46497924278443925,0.5009043504957944
1-0,1-0,0.0,0.466030234947451,0.49947626922302024
1-0,1-0,0.0,0.4513083546756245,0.4988952614439613
0-1,1-0,0.0,0.45655188521720136,0.4967615319631501
0-1,1-0,0.0,0.4462028158388635,0.5010642495242631
0-1,1-0,0.0,0.4593314491073024,0.507542874505682
1-0,1-0,0.0,0.46806195133726436,0.49556029570563603
0-1,1-0,0.0,0.46743505800687074,0.4972218083335795
1-0,1-0,0.0,0.4619035302359681,0.5046494113548804
0-1,1-0,0.0,0.4574701345054925,0.4964061935554086
0-1,1-0,0.0,0.462823338485406,0.4945667727014009
1-0,1-0,0.0,0.460139306736492,0.49542592454738354
1-0,1-0,0.0,0.4637662627907845,0.5024361532251412
1-0,1-0,0.0,0.46772701680051104,0.49428572637204793
0-1,1-0,0.0,0.4601109775662773,0.5066807294240477
0-1,1-0,0.0,0.4657974424625585,0.4939509305206327
1-0,1-0,0.0,0.46430383179233004,0.49419123053335784
0-1,1-0,0.0,0.44033730813700966,0.526860791466039
1-0,1-0,0.0,0.468009959751862,0.4946735205185445
0-1,1-0,0.0,0.4568679912276034,0.49663837028968455
1-0,1-0,0.0,0.4666744648577897,0.49851961686802704
1-0,1-0,0.0,0.46803599319317857,0.4947453795436793
0-1,1-0,0.0,0.46425692304122845,0.4942014929454046
1-0,1-0,0.0,0.38810093512234434,0.5239285391764384
1-0,1-0,0.0,0.4572565620548197,0.49648816246786603
1-0,1-0,0.0,0.45605623674197,0.5110657758184431
1-0,1-0,0.0,0.4654898555166767,0.5002259481980218
1-0,1-0,0.0,0.46711714211252614,0.4977977425132526
0-1,1-0,0.0,0.44523934867590953,0.5220600429843932
1-0,1-0,0.0,0.46582080618531724,0.4939489257580518
1-0,1-0,0.0,0.4477272656062409,0.5195891841004162
0-1,1-0,0.0,0.4659329376139238,0.4996141662469511
0-1,1-0,0.0,0.46496513800327954,0.5009227535501075
0-1,1-0,0.0,0.453958994304999,0.5132589645679502
0-1,1-0,0.0,0.46117818380980746,0.5054806550499091
1-0,1-0,0.0,0.4595451142497005,0.5073076536730451
0-1,1-0,0.0,0.46734800340389226,0.4973862493802203
0-1,1-0,0.0,0.4636003827783822,0.4943574412495009
0-1,1-0,0.0,0.4206660545509534,0.5118954620416801
1-0,1-0,0.0,0.46642555075255016,0.4988995137196811
1-0,1-0,0.0,0.4318014364504438,0.5072538265568753
0-1,1-0,0.0,0.4680976478603078,0.49515605150281183
1-0,1-0,0.0,0.46446054084839594,0.5015710681875629
0-1,1-0,0.0,0.4673530174322946,0.49407456449451503
0-1,1-0,0.0,0.46300089046955417,0.5033616555145787
1-0,1-0,0.0,0.46802827074847075,0.4957272004916217
1-0,1-0,0.0,0.4671110177668136,0.49400201869517396
0-1,1-0,0.0,0.46533452869147574,0.5004349931052179
0-1,1-0,0.0,0.461428237837613,0.5051956620287463
0-1,1-0,0.0,0.4605487918021397,0.5061913967945884
0-1,1-0,0.0,0.46620753669165205,0.49392718203604247
0-1,1-0,0.0,0.4497444051587895,0.5175649781828174
1-0,1-0,0.0,0.46787321835646384,0.494435803662645
1-0,1-0,0.0,0.46496871075940815,0.49406108891627515
1/2-1/2,1-0,0.0,0.43945513455135893,0.5039725513429391
0-1,1-0,0.0,0.45866501440759555,0.5082716945966361
1/2-1/2,1-0,0.0,0.4678873192804781,0.4944542562175239
0-1,1-0,0.0,0.4543142186289218,0.49765420436592467
0-1,1-0,0.0,0.4501322549137295,0.5171733451327404
0-1,1-0,0.0,0.45739614213123636,0.4964345427298278
0-1,1-0,0.0,0.4678669614610549,0.49442790519864543
1-0,1-0,0.0,0.45070212775715235,0.5165963756651518
0-1,1-0,0.0,0.43211792084594514,0.5347578883920914
0-1,1-0,0.0,0.46785772161068406,0.4962861808778264
0-1,1-0,0.0,0.4676594994897988,0.4942339083892657
1-0,1-0,0.0,0.44747471410059486,0.5198412303814763
1-0,1-0,0.0,0.467247212508777,0.49403859156853164
1-0,1-0,0.0,0.46588459669219456,0.49968215990606696
1-0,1-0,0.0,0.4395146793817596,0.5276589494211931
1-0,1-0,0.0,0.4678507366133293,0.49440818814981485
1-0,1-0,0.0,0.46315700249083797,0.4944740106486566
1-0,1-0,0.0,0.46738071521672647,0.4940852675954122
0-1,1-0,0.0,0.46377519656812605,0.4943138241923231
0-1,1-0,0.0,0.4676087291810502,0.4968722582280163
1-0,1-0,0.0,0.464705620110663,0.5012585274744132
0-1,1-0,0.0,0.46616603523013334,0.4992813050962764
1-0,1-0,0.0,0.40598028724032714,0.5176476918748111
1-0,1-0,0.0,0.46509422318535054,0.49404017904981656
1-0,1-0,0.0,0.46534850738647443,0.5004162823736563
1-0,1-0,0.0,0.4680867888609647,0.49498198464073884
0-1,1-0,0.0,0.4309355224631144,0.5076214411475303
0-1,1-0,0.0,0.45501887842392463,0.49736957438765067
1-0,1-0,0.0,0.4337089028732477,0.5064409275213386
0-1,1-0,0.0,0.4664288541859495,0.4939261690003505
1-0,1-0,0.0,0.4542714760928382,0.4976715599053729
0-1,1-0,0.0,0.46521311154368306,0.4940216143099698
1-0,1-0,0.0,0.46808554119603824,0.4953926521592339
0-1,1-0,0.0,0.4651002479487281,0.49403920854007716
1-0,1-0,0.0,0.46272729391635764,0.49459420171555174
1-0,1-0,0.0,0.4563561855219546,0.4968381916411328
0-1,1-0,0.0,0.4355646241836583,0.5056464870205654
1-0,1-0,0.0,0.4680677750154899,0.49486556623916583
1-0,1-0,0.0,0.4563176735777336,0.4968533133494518
1-0,1-0,0.0,0.4657433013099168,0.4939558469326871
1-0,1-0,0.0,0.4629832302488361,0.49452181772553394
0-1,1-0,0.0,0.46661725709379226,0.4939335027202994
1-0,1-0,0.0,0.4532177918626064,0.514025091126742
1-0,1-0,0.0,0.45789729114672506,0.5091029808434657
1-0,1-0,0.0,0.4669394890116698,0.49396840988729945
1-0,1-0,0.0,0.4192744407206826,0.5124603703515148
1-0,1-0,0.0,0.4679611618710749,0.49456982267392974
1-0,1-0,0.0,0.4454953154931678,0.521807016828822
0-1,1-0,0.0,0.4555406984775098,0.5116087034873418
0-1,1-0,0.0,0.46711952540856283,0.4977936448798234
1-0,1-0,0.0,0.4631296630428407,0.4944814571089006
1-0,1-0,0.0,0.46114239812341995,0.5055213137487831
1-0,1-0,0.0,0.46094898111797133,0.4951495570089089
1-0,1-0,0.0,0.45944900714467446,0.49567036346652665
1-0,1-0,0.0,0.4470027112160538,0.5203115152165965
0-1,1-0,0.0,0.46511407323791704,0.49403699325596884
1-0,1-0,0.0,0.4412010666779451,0.5032192510449592
1-0,1-0,0.0,0.4679331657083488,0.49606912379788753
1-0,1-0,0.0,0.4602301464737836,0.506547923604929
1/2-1/2,1-0,0.0,0.46804056692529994,0.4956714047261876
1-0,1-0,0.0,0.44871598754975095,0.5185995430504575
1/2-1/2,1-0,0.0,0.4668161424637331,0.49829600505170196
1-0,1-0,0.0,0.458470067563733,0.49602860045645686
1/2-1/2,1-0,0.0,0.440651823116028,0.5034562841991519
1-0,1-0,0.0,0.461131885592562,0.5055332518757646
1-0,1-0,0.0,0.4473647130425356,0.5199509203570011
1-0,1-0,0.0,0.4580416886647771,0.5089472608887743
1-0,1-0,0.0,0.4678513490909155,0.49440891332198045
1-0,1-0,0.0,0.46358736936412837,0.5026548530218469
1-0,1-0,0.0,0.4678160556136249,0.49436934029149704
1-0,1-0,0.0,0.46560811637052596,0.49396969876611635
1-0,1-0,0.0,0.4673129028976128,0.4974509354174735
0-1,1-0,0.0,0.4463434513238083,0.5209667426332643
1-0,1-0,0.0,0.45723925425158307,0.5098091632738515
1-0,1-0,0.0,0.46780510457429336,0.49435790248972
1/2-1/2,1-0,0.0,0.46517154717382686,0.5006517380291396
0-1,1-0,0.0,0.4680551503163409,0.49481149324195894
0-1,1-0,0.0,0.45049416316672203,0.4992371907237489
0-1,1-0,0.0,0.4392338602103181,0.5279309741661645
0-1,1-0,0.0,0.46421525680179226,0.5018799017718567
0-1,1-0,0.0,0.46661869384480936,0.4986060745850874
0-1,1-0,0.0,0.4519867970602669,0.49861196356998555
0-1,1-0,0.0,0.4566940427168573,0.49670604079987446
1-0,1-0,0.0,0.46799232940254615,0.495870490035234
1-0,1-0,0.0,0.46121261826272797,0.4950623340384853
1-0,1-0,0.0,0.45940288441169963,0.4956869527912812
0-1,1-0,0.0,0.4642776129062245,0.4941969507224782
0-1,1-0,0.0,0.4494924789965008,0.49966036525298535
1-0,1-0,0.0,0.424746907315041,0.5102179664867512
1-0,1-0,0.0,0.4678229403957076,0.4963776261463768
1-0,1-0,0.0,0.465923386334551,0.4939409923026134
0-1,1-0,0.0,0.4562248445960197,0.4968898100311014
1-0,1-0,0.0,0.44864004830710846,0.5000223263898972
0-1,1-0,0.0,0.45031916604051636,0.516984311385336
1-0,1-0,0.0,0.46356907572776224,0.49436539940187807
0-1,1-0,0.0,0.4663298227511835,0.4990418720377639
1/2-1/2,1-0,0.0,0.45858822366281404,0.5083552271276295
1-0,1-0,0.0,0.43427876836454055,0.532697280364391
0-1,1-0,0.0,0.4655585110023485,0.49397531780642806
1-0,1-0,0.0,0.4672161756849104,0.4976250267457557
1-0,1-0,0.0,0.464243090943707,0.4942045434313657
0-1,1-0,0.0,0.46781836029951257,0.4963893532105081
1-0,1-0,0.0,0.4547796796263472,0.4974658671036744
0-1,1-0,0.0,0.4613171792197623,0.5053224328539573
0-1,1-0,0.0,0.4641126620510569,0.49423383960195433
1-0,1-0,0.0,0.46668601951707483,0.4939383628544832
0-1,1-0,0.0,0.4585786781041904,0.49598825552996934
1-0,1-0,0.0,0.4602498606685768,0.5065259261693349
1-0,1-0,0.0,0.461269946034958,0.4950435644431475
1-0,1-0,0.0,0.45586393973286404,0.4970323215459131
1-0,1-0,0.0,0.45781676200067184,0.4962741053527133
1-0,1-0,0.0,0.46024793507614187,0.49538815784031176
1-0,1-0,0.0,0.4672415715630464,0.49403687365233306
1-0,1-0,0.0,0.4624270229892377,0.5040401273738796
0-1,1-0,0.0,0.46677039947435894,0.4939461220566857
1/2-1/2,1-0,0.0,0.4545517447217266,0.49755794121006386
1-0,1-0,0.0,0.46610731776034975,0.4939305833131795
0-1,1-0,0.0,0.46638067527614663,0.49392556707128654
0-1,1-0,0.0,0.4544341570491917,0.5127655062373686
0-1,1-0,0.0,0.4227753832446998,0.5110321640948078
1-0,1-0,0.0,0.4611895437568801,0.505467741655439
0-1,1-0,0.0,0.4585391544720574,0.4960029208884022
0-1,1-0,0.0,0.46491255042479396,0.49407085882759555
0-1,1-0,0.0,0.46344226482887957,0.4943980725743249
1-0,1-0,0.0,0.4615978637362927,0.49493763112378564
1-0,1-0,0.0,0.46643778624347954,0.49888117921241437
1-0,1-0,0.0,0.4666324730264829,0.49393447051794914
0-1,1-0,0.0,0.4645177207361441,0.5014985184467298
1-0,1-0,0.0,0.46802617256868284,0.4947163595588041
1-0,1-0,0.0,0.4677444711701235,0.49430058311446656
0-1,1-0,0.0,0.46508631034234765,0.49404145841810215
1/2-1/2,1-0,0.0,0.4387865583453596,0.5042607966994739
1-0,1-0,0.0,0.4536135487098604,0.5136165584347061
1-0,1-0,0.0,0.4472125352276457,0.5006315288561057
1-0,1-0,0.0,0.45688489672085947,0.5101872306332894
0-1,1-0,0.0,0.4680700921039611,0.4948768652392922
0-1,1-0,0.0,0.4600220273947119,0.49546692161416606
0-1,1-0,0.0,0.46393908394977096,0.5022233457471091
1-0,1-0,0.0,0.4628539968208142,0.5035364718274239
0-1,1-0,0.0,0.46075945313903793,0.5059545076744751
0-1,1-0,0.0,0.46803181587495807,0.4947327071759256
0-1,1-0,0.0,0.4680285751577126,0.49472321687237847
1-0,1-0,0.0,0.43579964377506103,0.5312407461904424
1-0,1-0,0.0,0.4567139666358108,0.4966982768956638
1-0,1-0,0.0,0.4575231807947949,0.4963859021278688
1-0,1-0,0.0,0.44740485085469545,0.5199109024047474
1-0,1-0,0.0,0.46143790799299456,0.4949889945688342
1-0,1-0,0.0,0.4010800767712233,0.5194539283546852
0-1,1-0,0.0,0.46623946571862296,0.49392646344163377
1-0,1-0,0.0,0.4674469897575429,0.49411335886708213
0-1,1-0,0.0,0.46464619811242963,0.4941204307524063
0-1,1-0,0.0,0.4567365896085951,0.5103450250006281
1-0,1-0,0.0,0.4672377100495634,0.49403570851617584
0-1,1-0,0.0,0.4664004149951452,0.4989370779892682
1-0,1-0,0.0,0.46799782141183427,0.49585005148477884
1-0,1-0,0.0,0.4531928863963341,0.49811261048601096
1-0,1-0,0.0,0.4665301337464445,0.4939290779445987
1-0,1-0,0.0,0.46170907297906844,0.4949022823350219
1-0,1-0,0.0,0.460523443967625,0.49529329650178144
1-0,1-0,0.0,0.44988135403187707,0.5174267880229556
1-0,1-0,0.0,0.46802020027151264,0.49469992096073867
0-1,1-0,0.0,0.44490251325021923,0.5223926198662902
0-1,1-0,0.0,0.4606276472954977,0.4952577770038341
1-0,1-0,0.0,0.46294651445765406,0.4945320606165594
1-0,1-0,0.0,0.46029692011715767,0.5064733847430065
1-0,1-0,0.0,0.46763614528541814,0.4968137312935385
0-1,1-0,0.0,0.46565304648383504,0.5000034627896469
0-1,1-0,0.0,0.4680485535549861,0.49478700382915664
1-0,1-0,0.0,0.46679837621744685,0.4939491615412965
1-0,1-0,0.0,0.4610065502643635,0.5056753794261099
1-0,1-0,0.0,0.4611196216584196,0.5055471755311254
0-1,1-0,0.0,0.46636026128441327,0.4989968107943457
1-0,1-0,0.0,0.44660196661299945,0.5008930390525319
1-0,1-0,0.0,0.4662169184987436,0.49392695204269976
1-0,1-0,0.0,0.466061911365662,0.4994310610071645
0-1,1-0,0.0,0.4673876868247282,0.49731203571869365
1-0,1-0,0.0,0.4562811871327393,0.5108280209673055
0-1,1-0,0.0,0.45471544967168004,0.5124724815724001
0-1,1-0,0.0,0.45054516048513354,0.516755484463732
1-0,1-0,0.0,0.4498521863472879,0.49950811206022483
1-0,1-0,0.0,0.46752698871248144,0.497040889154537
1/2-1/2,1-0,0.0,0.4637969760124153,0.5023984464442053
0-1,1-0,0.0,0.4676874200937002,0.4942543256495638
1-0,1-0,0.0,0.4475971918215656,0.5197190342435395
1-0,1-0,0.0,0.4639935831822065,0.4942613966124461
0-1,1-0,0.0,0.467894996277643,0.49446470761454253
1/2-1/2,1-0,0.0,0.45817544259507836,0.4961387333736408
0-1,1-0,0.0,0.4592643922113997,0.5076165354261231
1-0,1-0,0.0,0.46677572051818456,0.498360420109195
1-0,1-0,0.0,0.45131612144288347,0.4988920095128038
0-1,1-0,0.0,0.465475247568319,0.5002457172074737
1-0,1-0,0.0,0.4518123694403811,0.5154667249688475
1-0,1-0,0.0,0.4676721313308347,0.4942429805895464
1-0,1-0,0.0,0.44629328649362404,0.5010254272024472
1-0,1-0,0.0,0.46771108492838465,0.4942727246389437
1-0,1-0,0.0,0.4643666208227843,0.5016897685543302
1-0,1-0,0.0,0.45015569928799143,0.5171496453211315
1-0,1-0,0.0,0.46799600138953923,0.4958568732674394
0-1,1-0,0.0,0.4676778271030757,0.4967225389477884
0-1,1-0,0.0,0.4642486016175641,0.4942033268046267
0-1,1-0,0.0,0.4462741248693705,0.5210355375252494
0-1,1-0,0.0,0.4472024324251382,0.5006358518359135
0-1,1-0,0.0,0.45324575510861576,0.5139962642042605
0-1,1-0,0.0,0.4033018864112722,0.5186425115925036
1-0,1-0,0.0,0.4573240316176775,0.49646222112571237
0-1,1-0,0.0,0.43865822488642686,0.5043161050163149
1-0,1-0,0.0,0.46658080128074036,0.49393142393468026
0-1,1-0,0.0,0.4561589392012448,0.49691576160971784
1-0,1-0,0.0,0.46617962304176974,0.49926162714534905
0-1,1-0,0.0,0.46237122276777026,0.5041054849000095
0-1,1-0,0.0,0.46802236756888665,0.4957525147060551
0-1,1-0,0.0,0.460501977151258,0.4953006388083189
1-0,1-0,0.0,0.4677517310096081,0.49655307055026243
1-0,1-0,0.0,0.45688186976066053,0.49663298231888836
1-0,1-0,0.0,0.46809256021175694,0.49531405630028075
0-1,1-0,0.0,0.4638356405510866,0.49429907754747726
1-0,1-0,0.0,0.46781528079669166,0.49436851878897226
1-0,1-0,0.0,0.4652417378447337,0.4940173335924009
1-0,1-0,0.0,0.4309334398816781,0.5358832914415584
0-1,1-0,0.0,0.46049376470583697,0.5062531168915182
0-1,1-0,0.0,0.46807038329120765,0.4955086871159781
1-0,1-0,0.0,0.4470357120726467,0.5007072119912331
1-0,1-0,0.0,0.44322453953368257,0.5023461262580035
1-0,1-0,0.0,0.46758522017387016,0.49418548392294065
0-1,1-0,0.0,0.45557326939144394,0.5115744803641671
1-0,1-0,0.0,0.4662715193726406,0.4991276757842888
1-0,1-0,0.0,0.4677393670989743,0.4942961697961902
1-0,1-0,0.0,0.46628575393384863,0.49392575047705095
0-1,1-0,0.0,0.46450624940782936,0.5015130907754537
1-0,1-0,0.0,0.4380298819910891,0.5290947979676357
0-1,1-0,0.0,0.4680239922618306,0.4947102610984016
0-1,1-0,0.0,0.46767263937497894,0.49673404481996647
0-1,1-0,0.0,0.4675865358183432,0.4941862748421072
1-0,1-0,0.0,0.46115848482172433,0.49508012352472014
1-0,1-0,0.0,0.4649891726738008,0.5008913846387512
0-1,1-0,0.0,0.46284996549722457,0.5035412578713852
1-0,1-0,0.0,0.46755895337779013,0.4969759148109326
0-1,1-0,0.0,0.4485291931534508,0.5000695071319023
1-0,1-0,0.0,0.46703424930691023,0.4979386173938228
1-0,1-0,0.0,0.4680489936543927,0.4947885738621008
0-1,1-0,0.0,0.468032675145603,0.4947352721834249
0-1,1-0,0.0,0.4653276757095724,0.49400494329993205
1-0,1-0,0.0,0.46704223421466096,0.4939870422801385
1-0,1-0,0.0,0.4290854637808916,0.5376336041140976
1-0,1-0,0.0,0.46488299180505704,0.5010296089947555
0-1,1-0,0.0,0.46762694927817633,0.4942117028644209
1-0,1-0,0.0,0.40033845998385154,0.5197219258366984
0-1,1-0,0.0,0.4241711404118031,0.5422582806872807
0-1,1-0,0.0,0.46213902325604456,0.5043763758962917
0-1,1-0,0.0,0.4538742018139063,0.5133468270007022
0-1,1-0,0.0,0.4528668078557791,0.5143864237134289
1-0,1-0,0.0,0.4670055556728082,0.49397990218185744
0-1,1-0,0.0,0.4652611732640572,0.5005328626771866
0-1,1-0,0.0,0.46742106426344643,0.49724865732509527
0-1,1-0,0.0,0.4479423947846262,0.500319628977254
1-0,1-0,0.0,0.4680329856516856,0.4957063354867562
1-0,1-0,0.0,0.4392647386190598,0.5279010735644211
0-1,1-0,0.0,0.4356254527371966,0.505620393656656
0-1,1-0,0.0,0.46766517736472185,0.49675051440602835
1-0,1-0,0.0,0.45263614514403055,0.5146234012901034
0-1,1-0,0.0,0.46692694873810414,0.49811664269296757
0-1,1-0,0.0,0.39721022508028797,0.5208363830872283
0-1,1-0,0.0,0.4628950040330218,0.49454651196634
0-1,1-0,0.0,0.427391627091411,0.5091154405148322
1-0,1-0,0.0,0.46127776160783857,0.4950410111626418
1-0,1-0,0.0,0.46796865990663145,0.49595413909738123
1-0,1-0,0.0,0.4571074956995146,0.5099499121619241
1-0,1-0,0.0,0.4622768560820955,0.4947268002929707
1-0,1-0,0.0,0.44475502543161244,0.5225381061218465
0-1,1-0,0.0,0.46579903066509665,0.49980171236626
1-0,1-0,0.0,0.4416634578496499,0.5030196893395358
1-0,1-0,0.0,0.417650021390282,0.5131149143397336
0-1,1-0,0.0,0.4640457114544073,0.5020912544040255
1/2-1/2,1-0,0.0,0.45448252911814524,0.4975859599098281
1-0,1-0,0.0,0.46582550645280846,0.49976482710150416
1-0,1-0,0.0,0.4676210804956657,0.4968460252661678
1-0,1-0,0.0,0.462939306760114,0.49453407707973657
1-0,1-0,0.0,0.4673924768193402,0.49730299577341036
1-0,1-0,0.0,0.4680265837272882,0.49471752267917424
1-0,1-0,0.0,0.4551998224347263,0.4972969671496051
0-1,1-0,0.0,0.4624578329052941,0.4946727691923389
0-1,1-0,0.0,0.4582910566520249,0.4960953980606465
0-1,1-0,0.0,0.4616868765092659,0.504899179265887
1-0,1-0,0.0,0.4579254071339612,0.49623295612169677
1-0,1-0,0.0,0.46695020311817687,0.4939701589729269
1-0,1-0,0.0,0.4617609306449934,0.49488590331202087
0-1,1-0,0.0,0.46315201382868415,0.5031809215550834
0-1,1-0,0.0,0.4611302928006919,0.49508941305749077
0-1,1-0,0.0,0.45880756809289247,0.5081163879609215
0-1,1-0,0.0,0.46536880970153893,0.4939992645056646
1-0,1-0,0.0,0.4670358905968748,0.4939857668215042
0-1,1-0,0.0,0.46710458021789103,0.4978192951403372
0-1,1-0,0.0,0.46308659747646863,0.49449324434272285
1-0,1-0,0.0,0.4670885170791284,0.4978467459074088
0-1,1-0,0.0,0.4648657770083253,0.5010519331325186
0-1,1-0,0.0,0.45568895112599206,0.4971017605609145
0-1,1-0,0.0,0.4678833733962323,0.49444899813572435
0-1,1-0,0.0,0.4669510069384622,0.49807712013763017
1-0,1-0,0.0,0.46323510357627673,0.494452896838178
1-0,1-0,0.0,0.4658091249222538,0.4997876604293379
1-0,1-0,0.0,0.4680846326175415,0.4949648221907809
1-0,1-0,0.0,0.46284785396021866,0.5035437644745124
1-0,1-0,0.0,0.4550958701977068,0.49733865484986406
0-1,1-0,0.0,0.46752878777240986,0.49415354834076947
1-0,1-0,0.0,0.46803746571950405,0.494749972986509
0-1,1-0,0.0,0.4658237994908208,0.49394867409590576
0-1,1-0,0.0,0.46307470065289824,0.4944965128305789
0-1,1-0,0.0,0.46768149706415646,0.49424988181435575
0-1,1-0,0.0,0.46030043843421264,0.4953699766813106
0-1,1-0,0.0,0.46289176650069475,0.4945474233938322
0-1,1-0,0.0,0.4401426527191218,0.5036759871827904
0-1,1-0,0.0,0.464918189520771,0.4940698666098415
0-1,1-0,0.0,0.4648371733354838,0.5010889747062283
1-0,1-0,0.0,0.46505807555484757,0.5008011855117331
0-1,1-0,0.0,0.46510980132425594,0.5007332026827284
1-0,1-0,0.0,0.4653984050559005,0.5003493312127171
0-1,1-0,0.0,0.4548715325176129,0.49742884957897504
0-1,1-0,0.0,0.44555454378596243,0.501342684724107
0-1,1-0,0.0,0.46699909016074337,0.4939787013547703
0-1,1-0,0.0,0.46486565311888833,0.5010520937072248
1-0,1-0,0.0,0.4667727154524187,0.49394636455239466
0-1,1-0,0.0,0.4242766095597064,0.5421594552188805
0-1,1-0,0.0,0.446590517478981,0.5207214060608123
1-0,1-0,0.0,0.46436774189357966,0.49417745786724004
0-1,1-0,0.0,0.4562088263036452,0.4968961145074393
1-0,1-0,0.0,0.45564640027587716,0.4971186780841095
0-1,1-0,0.0,0.46791235735548187,0.4961321244614403
0-1,1-0,0.0,0.4419166440345248,0.5253227842481379
0-1,1-0,0.0,0.4580880406113759,0.4961715926204386
1-0,1-0,0.0,0.4243976967720217,0.5103626780889512
1-0,1-0,0.0,0.4480212624423894,0.5192954026870403
0-1,1-0,0.0,0.4556652499140153,0.5114777779552914
1-0,1-0,0.0,0.4169619844373341,0.5489733033576877
1-0,1-0,0.0,0.4416958788244775,0.5030056970189035
0-1,1-0,0.0,0.4676687852729942,0.4942405514872842
0-1,1-0,0.0,0.4678194969402338,0.49437301208420165
0-1,1-0,0.0,0.4647868312311963,0.49409361041157973
1-0,1-0,0.0,0.4580263217125421,0.5089638462690875
1-0,1-0,0.0,0.46711905160026485,0.49400391064844906
0-1,1-0,0.0,0.4654769963394874,0.4939851426926572
0-1,1-0,0.0,0.4680480681829158,0.49478528208806005
1-0,1-0,0.0,0.45911830533910936,0.5077767497434955
1-0,1-0,0.0,0.4528606986726733,0.5143927050586465
1-0,1-0,0.0,0.46396597700858283,0.502190088800537
1-0,1-0,0.0,0.4475344679395761,0.5197816224826053
0-1,1-0,0.0,0.44064278130782636,0.5265639031594692
0-1,1-0,0.0,0.46382879932456555,0.49430073774106953
1-0,1-0,0.0,0.46667883867961335,0.49851280087410166
0-1,1-0,0.0,0.44028573455626946,0.5269108884675238
1-0,1-0,0.0,0.46212006300200154,0.5043984207236744
1-0,1-0,0.0,0.4494363345888552,0.49968415688839657
0-1,1-0,0.0,0.4664391844542457,0.4988790819649767
0-1,1-0,0.0,0.4445613799207713,0.5227289988649692
1-0,1-0,0.0,0.45976217591518465,0.4955585513122452
1-0,1-0,0.0,0.4455543882042443,0.5217485860170918
0-1,1-0,0.0,0.4677775109449805,0.494330632250733
0-1,1-0,0.0,0.4351712618879606,0.5058151502476494
1-0,1-0,0.0,0.4672700520455899,0.4975287771238329
0-1,1-0,0.0,0.4333798931591246,0.5065814262391587
0-1,1-0,0.0,0.4671329714082448,0.497770474979725
1/2-1/2,1-0,0.0,0.46519827731897284,0.49402386204307797
1-0,1-0,0.0,0.4654956569009919,0.4939828301366496
0-1,1-0,0.0,0.46459428585687035,0.4941306785517033
1-0,1-0,0.0,0.4671766782676662,0.49769453025590027
1-0,1-0,0.0,0.4680266435606686,0.4947176922933685
1-0,1-0,0.0,0.46710368507509475,0.4940003187320481
0-1,1-0,0.0,0.4592347335980655,0.49574768804750735
0-1,1-0,0.0,0.46785443043639513,0.4944125838133707
1-0,1-0,0.0,0.458267046932425,0.5087036582822922
1-0,1-0,0.0,0.4618602362763823,0.4948547277713074
0-1,1-0,0.0,0.4422193968718253,0.5027797673733511
1-0,1-0,0.0,0.446824169511652,0.5007978114979628
0-1,1-0,0.0,0.4511032252190906,0.49898121837456794
0-1,1-0,0.0,0.45924443017704764,0.49574417496820083
0-1,1-0,0.0,0.4619742556264399,0.4948192480406338
0-1,1-0,0.0,0.4627046508462132,0.49460071340718953
0-1,1-0,0.0,0.46696398474374745,0.4939724728706053
1/2-1/2,1-0,0.0,0.46723894975234426,0.4975845517032971
0-1,1-0,0.0,0.44651042412858344,0.5009322884284781
0-1,1-0,0.0,0.46773416030571885,0.49659438015322266
1-0,1-0,0.0,0.46809395841947055,0.4950589744141246
0-1,1-0,0.0,0.4680973162369908,0.49521224515359025
1-0,1-0,0.0,0.46736180425914386,0.497360574356241
0-1,1-0,0.0,0.4569257917530415,0.49661594178172336
1-0,1-0,0.0,0.4680711232246638,0.49550384315900836
1-0,1-0,0.0,0.4629670641730902,0.5034019854417753
1-0,1-0,0.0,0.46804274457707273,0.4947670325745038
0-1,1-0,0.0,0.4240430404489199,0.5105094312171625
0-1,1-0,0.0,0.4527420957391105,0.5145145971917546
1-0,1-0,0.0,0.46732989928990887,0.4974197209805107
0-1,1-0,0.0,0.46090072283680117,0.49516567924813
1-0,1-0,0.0,0.46522587215101135,0.5005797746372443
0-1,1-0,0.0,0.46681323609571573,0.49830065384811684
1-0,1-0,0.0,0.44448851082364577,0.5228007957204398
1-0,1-0,0.0,0.425355896833235,0.5099651077647638
1-0,1-0,0.0,0.46045253061679076,0.49531758304447693
1-0,1-0,0.0,0.467866167482673,0.4962632752781887
0-1,1-0,0.0,0.4642040946579868,0.4942132025074007
0-1,1-0,0.0,0.4637049954579681,0.5025112299729045
0-1,1-0,0.0,0.4646488091085551,0.5013313516081666
0-1,1-0,0.0,0.46697564261362823,0.49397448736564564
0-1,1-0,0.0,0.4571459599775533,0.509908844942301
0-1,1-0,0.0,0.46808955162978033,0.49535161354548896
0-1,1-0,0.0,0.4581649427420197,0.4961426764008485
1-0,1-0,0.0,0.4452053037917585,0.5014928499070609
0-1,1-0,0.0,0.4605899369888704,0.4952706078372465
1-0,1-0,0.0,0.4634046195546365,0.4944079041771524
0-1,1-0,0.0,0.45992289904107353,0.49550174958708443
1-0,1-0,0.0,0.467877162871147,0.496232997089909
0-1,1-0,0.0,0.45229106832287536,0.49848544120806315
0-1,1-0,0.0,0.4679857582354725,0.4946182632763682
0-1,1-0,0.0,0.4368927433497529,0.5050761111707197
0-1,1-0,0.0,0.46381602717074355,0.502375033123288
0-1,1-0,0.0,0.4605786506972169,0.4952744531458987
1-0,1-0,0.0,0.4662036501939207,0.4939272818623097
0-1,1-0,0.0,0.463662339379894,0.4943418217625709
0-1,1-0,0.0,0.4606291419799134,0.49525726899220796
0-1,1-0,0.0,0.4656343407668493,0.500029122658951
0-1,1-0,0.0,0.4363842278315253,0.5052946557963919
1-0,1-0,0.0,0.4680379899084559,0.495683484597068
0-1,1-0,0.0,0.4558228827089555,0.5113118582496896
1-0,1-0,0.0,0.46135248197008144,0.5052821697239513
1-0,1-0,0.0,0.4475378558785448,0.5004924040228039
1-0,1-0,0.0,0.46767221462021874,0.4942430412964782
0-1,1-0,0.0,0.4675061228675989,0.4970826925397115
1-0,1-0,0.0,0.4658946273325908,0.499668078782204
0-1,1-0,0.0,0.46516747403350406,0.5006571226199447
0-1,1-0,0.0,0.46445105964027644,0.4941598753677512
1-0,1-0,0.0,0.4674288526356251,0.4941053038658527
0-1,1-0,0.0,0.4607529123476716,0.4952153497200246
1-0,1-0,0.0,0.45141446995399026,0.4988508481179678
0-1,1-0,0.0,0.4672990278846356,0.4974762718640014
0-1,1-0,0.0,0.46271634474320694,0.49459734835085395
1-0,1-0,0.0,0.42717556412617247,0.5092059324336068
1-0,1-0,0.0,0.46368966465581174,0.4943349885254896
0-1,1-0,0.0,0.43316943713475514,0.5066712383316603
1/2-1/2,1-0,0.0,0.4526520930371443,0.4983357822888923
0-1,1-0,0.0,0.467182599537441,0.4940200070350819
1/2-1/2,1-0,0.0,0.46809695554542435,0.4952267897926114
1-0,1-0,0.0,0.4484796357589698,0.5000906066933262
0-1,1-0,0.0,0.4588991999796645,0.4958700323730499
1-0,1-0,0.0,0.4677276409933924,0.4966095349441474
0-1,1-0,0.0,0.4648043839096452,0.49409036268493456
1-0,1-0,0.0,0.45885560180331536,0.5080639865382913
1-0,1-0,0.0,0.4680739962850184,0.49489720480397204
1-0,1-0,0.0,0.4680975473137887,0.4951476200416896
0-1,1-0,0.0,0.4328439460130232,0.5068100470118915
1-0,1-0,0.0,0.46736761947238703,0.497349713397142
1-0,1-0,0.0,0.45882643117532596,0.49589676014197603
0-1,1-0,0.0,0.438550134596061,0.5043626833870783
0-1,1-0,0.0,0.4680848271508573,0.4949663038439527
1-0,1-0,0.0,0.4605119362670123,0.4952972314354932
0-1,1-0,0.0,0.4602250352416484,0.49539610264626915
0-1,1-0,0.0,0.46704860397811176,0.49398834042010503
0-1,1-0,0.0,0.46450281980779307,0.5015174457676086
0-1,1-0,0.0,0.41272888047104517,0.5528824914945895
0-1,1-0,0.0,0.46768547928344534,0.4967054814077705
0-1,1-0,0.0,0.4678199574849049,0.49638527145209016
0-1,1-0,0.0,0.46447824946319743,0.5015486228013216
0-1,1-0,0.0,0.45914549370337077,0.4957800802388925
1-0,1-0,0.0,0.46682795659561127,0.4939526422292887
1-0,1-0,0.0,0.4422714134921035,0.502757320822141
1-0,1-0,0.0,0.4664481257296415,0.4939265473151527
0-1,1-0,0.0,0.4643234432534716,0.5017441494398708
0-1,1-0,0.0,0.46249535625152816,0.4946616905903605
0-1,1-0,0.0,0.4620001739331619,0.5045375609863683
1-0,1-0,0.0,0.4673302626313924,0.49741905150614374
1-0,1-0,0.0,0.46518878824737714,0.49402531030346214
1-0,1-0,0.0,0.45881321854502866,0.4959016203185776
1-0,1-0,0.0,0.44460702585228906,0.5226840144964239
0-1,1-0,0.0,0.4507666259665668,0.4991225473080282
0-1,1-0,0.0,0.460640832615268,0.4952532970473525
0-1,1-0,0.0,0.45180391653943536,0.515475354945357
1-0,1-0,0.0,0.46585422806091503,0.4939461835010644
1-0,1-0,0.0,0.4620845654962642,0.5044396635810329
0-1,1-0,0.0,0.467599065372406,0.4968926355943673
0-1,1-0,0.0,0.464970995871744,0.5009151125694487
0-1,1-0,0.0,0.46770777069134817,0.4966551832361299
1-0,1-0,0.0,0.4535691446402097,0.4979581065719208
0-1,1-0,0.0,0.46755474598194796,0.49416776972552096
1-0,1-0,0.0,0.4674520929067031,0.49411567789642524
1-0,1-0,0.0,0.4669546493228183,0.4980711173642564
1-0,1-0,0.0,0.4489571311422533,0.5183574484604707
1-0,1-0,0.0,0.46705205045929193,0.49790862521359136
0-1,1-0,0.0,0.4680164133940243,0.49577723434044196
1-0,1-0,0.0,0.45881248544528835,0.4959018900489071
1-0,1-0,0.0,0.4642098534331939,0.49421191833615696
0-1,1-0,0.0,0.46554202190308663,0.5001551588338933
1-0,1-0,0.0,0.4676324125297006,0.494215317069962
1-0,1-0,0.0,0.466900106545482,0.4981604861059405
1-0,1-0,0.0,0.4612819982018068,0.49503962766913406
0-1,1-0,0.0,0.4586685501717279,0.49595497840463243
1-0,1-0,0.0,0.46441386298030274,0.5016301330243511
1-0,1-0,0.0,0.463968460887806,0.5021870151732861
0-1,1-0,0.0,0.45694365914836965,0.5101246389837603
0-1,1-0,0.0,0.4476619756393486,0.5004393657867001
1-0,1-0,0.0,0.4569564528129848,0.4966040560942253
0-1,1-0,0.0,0.44221585704288907,0.5250305228639289
0-1,1-0,0.0,0.46705856278223523,0.4939904053706037
1-0,1-0,0.0,0.4680536431316271,0.4956061589821785
1-0,1-0,0.0,0.45991879172636624,0.5068943242356537
0-1,1-0,0.0,0.46124992050873453,0.49505011276661376
1-0,1-0,0.0,0.4599896533131692,0.4954782784736707
1-0,1-0,0.0,0.464383562519262,0.5016683988295504
1-0,1-0,0.0,0.4646270648458798,0.5013591634827055
0-1,1-0,0.0,0.46809572858401044,0.49525993042599925
1-0,1-0,0.0,0.4675631679826235,0.4969672589429676
1-0,1-0,0.0,0.4671941128622731,0.49402314795618235
1-0,1-0,0.0,0.45814557371660675,0.5088350536004839
1-0,1-0,0.0,0.44665870535168495,0.500868717132034
1-0,1-0,0.0,0.4319547346362956,0.5349131042664038
1-0,1-0,0.0,0.4680159031904331,0.4957793174979039
1-0,1-0,0.0,0.46558177605412737,0.49397264782455563
1-0,1-0,0.0,0.45451311584398346,0.4975735749610567
1-0,1-0,0.0,0.4667208630849275,0.4939413179802558
1-0,1-0,0.0,0.4617245131244906,0.49489739861154247
0-1,1-0,0.0,0.45529398721798875,0.4972592639952685
1/2-1/2,1-0,0.0,0.45968594683227115,0.4955856321273188
1-0,1-0,0.0,0.4483174716909482,0.5001596817074453
1-0,1-0,0.0,0.46181846635192303,0.504747635241514
0-1,1-0,0.0,0.4305474350050153,0.507785891864886
0-1,1-0,0.0,0.45544969963151727,0.4971970441835613
1-0,1-0,0.0,0.4654557679158827,0.49398781832405136
0-1,1-0,0.0,0.4638577936793888,0.49429371724893084
0-1,1-0,0.0,0.46362765116139554,0.5026057435097736
0-1,1-0,0.0,0.46734231995012443,0.49407058260544917
0-1,1-0,0.0,0.43837327187256847,0.5044388855529267
0-1,1-0,0.0,0.45666585699849327,0.4967170298061499
0-1,1-0,0.0,0.4675247581449913,0.4941514083766031
0-1,1-0,0.0,0.4585511164940159,0.49599848037195415
0-1,1-0,0.0,0.45067343294889267,0.516625472736701
1-0,1-0,0.0,0.45497731912790823,0.5121990640933082
1-0,1-0,0.0,0.46642654382604837,0.4988980268381536
0-1,1-0,0.0,0.44979602394858276,0.49953186341534916
0-1,1-0,0.0,0.45886785255507406,0.5080506160652993
1-0,1-0,0.0,0.4671609751959835,0.4940142982606143
0-1,1-0,0.0,0.4679823669115706,0.49590651600175817
0-1,1-0,0.0,0.45832766227924365,0.49608170872492663
1/2-1/2,1-0,0.0,0.3494016701303153,0.5341977732017598
1-0,1-0,0.0,0.46388197596848396,0.5022938393871865
0-1,1-0,0.0,0.46738870319327924,0.4940884631813822
1-0,1-0,0.0,0.46774617691703996,0.49430207104825463
1-0,1-0,0.0,0.4670703524845469,0.49399290650342875
1-0,1-0,0.0,0.4546990618578061,0.4974983980112167
0-1,1-0,0.0,0.4595422200835226,0.4956369308563299
1-0,1-0,0.0,0.4444663817967899,0.5018108883495767
1-0,1-0,0.0,0.46286531117458973,0.49455488483411714
1-0,1-0,0.0,0.4529239456401504,0.4982234387924531
1-0,1-0,0.0,0.46061916606583614,0.49526066039164124
0-1,1-0,0.0,0.45114278970224303,0.4989646290408373
1-0,1-0,0.0,0.46433264673620944,0.5017325677251107
0-1,1-0,0.0,0.4680958046701809,0.49509102399291666
1-0,1-0,0.0,0.4410083078032876,0.5262082826286494
1/2-1/2,1-0,0.0,0.4617682639064401,0.49488359257266784
0-1,1-0,0.0,0.46666133256528686,0.4985400501635502
1-0,1-0,0.0,0.4478349723442108,0.500365482377042
1-0,1-0,0.0,0.46805601046936707,0.495593502539148
0-1,1-0,0.0,0.4428653728617782,0.5025010488240295
1-0,1-0,0.0,0.46793067902499413,0.49607680415171634
1-0,1-0,0.0,0.45590226434452047,0.4970171426989542
1-0,1-0,0.0,0.45628115304223243,0.49686766382061076
0-1,1-0,0.0,0.4670235299297428,0.49398333071728856
0-1,1-0,0.0,0.4650728838727767,0.5007817470155194
1-0,1-0,0.0,0.4661011066251799,0.49937489948827224
1-0,1-0,0.0,0.4558515316518752,0.4970372381560468
1-0,1-0,0.0,0.46460697157724457,0.49412815748781286
1-0,1-0,0.0,0.45798453233673325,0.4962106147139639
0-1,1-0,0.0,0.4601288548133332,0.4954295689027886
0-1,1-0,0.0,0.46673836846719546,0.4939429332135901
1-0,1-0,0.0,0.463351136029862,0.49442197359642237
0-1,1-0,0.0,0.4670662290630614,0.49399202470624254
1-0,1-0,0.0,0.4667042380736191,0.4939398653744694
0-1,1-0,0.0,0.41856002144929916,0.5127488949923146
1-0,1-0,0.0,0.4575756293056111,0.49636586638768293
1-0,1-0,0.0,0.4675580732879069,0.4941696488729338
1-0,1-0,0.0,0.46750379994627167,0.4941405588025463
0-1,1-0,0.0,0.4680670029928997,0.49486191408358937
0-1,1-0,0.0,0.46522462387387997,0.49401988373555866
1-0,1-0,0.0,0.46713575138713676,0.49400794357461164
1-0,1-0,0.0,0.4608658522722799,0.5058344875183604
1-0,1-0,0.0,0.468065355341497,0.49554018271811545
0-1,1-0,0.0,0.46809646968097135,0.4952417752874641
0-1,1-0,0.0,0.4474581380105781,0.5005264811661867
0-1,1-0,0.0,0.4479347676069503,0.5193818762500941
1-0,1-0,0.0,0.4586277935612095,0.5083121942990082
0-1,1-0,0.0,0.45622162069353345,0.49689107873600247
0-1,1-0,0.0,0.442119456050575,0.5028228955879666
1-0,1-0,0.0,0.4680735151610843,0.4948946000267035
1-0,1-0,0.0,0.46656862731599863,0.49393080353712887
0-1,1-0,0.0,0.4657239128450146,0.4939576975600007
1-0,1-0,0.0,0.45321484555965247,0.49810357544362965
0-1,1-0,0.0,0.46704138722641125,0.49792660759813806
0-1,1-0,0.0,0.4554755454242637,0.4971867322168192
0-1,1-0,0.0,0.4674922179681986,0.49711029756664754
0-1,1-0,0.0,0.45477101246000756,0.5124145196651962
1-0,1-0,0.0,0.46657462427195584,0.4939311045974601
0-1,1-0,0.0,0.4659559091985127,0.4995817371226785
0-1,1-0,0.0,0.35257088740882414,0.5335471184852519
1-0,1-0,0.0,0.4680510653640023,0.4947960816862512
0-1,1-0,0.0,0.42817039438935167,0.5087886842441086
1-0,1-0,0.0,0.462017021242549,0.4948060294406413
0-1,1-0,0.0,0.46400891970610947,0.49425780542706427
1-0,1-0,0.0,0.4599185881183234,0.4955032677921998
1-0,1-0,0.0,0.46034378631313394,0.5064210143551664
0-1,1-0,0.0,0.46532081135145054,0.49400590707415526
1-0,1-0,0.0,0.42505318411584814,0.510090875360254
0-1,1-0,0.0,0.4590526064674067,0.5078486878626469
0-1,1-0,0.0,0.46791139058243575,0.49448807660537625
1/2-1/2,1-0,0.0,0.4680800092280349,0.49544006099282073
0-1,1-0,0.0,0.4672658720575389,0.4975363073981989
0-1,1-0,0.0,0.4542787847363307,0.49766859153796233
0-1,1-0,0.0,0.4680792523288845,0.49492785493470753
0-1,1-0,0.0,0.46664161283663563,0.49393508080585213
1-0,1-0,0.0,0.4653971810114093,0.4939954455040543
0-1,1-0,0.0,0.45276261883826463,0.5144935121339533
1-0,1-0,0.0,0.46680526802871625,0.4983133850265314
1/2-1/2,1-0,0.0,0.4651097060450404,0.4940376912506591
1-0,1-0,0.0,0.46677230666518016,0.4939463216316751
1/2-1/2,1-0,0.0,0.45906432683399495,0.495809635671845
0-1,1-0,0.0,0.46278218256503173,0.5036216400142682
0-1,1-0,0.0,0.4650829028814065,0.5007685844622566
0-1,1-0,0.0,0.46806861470877986,0.4948696007569226
1-0,1-0,0.0,0.4678679389861737,0.49442912796805755
1-0,1-0,0.0,0.46228845938911417,0.4947233069524708
1-0,1-0,0.0,0.46174554069581497,0.4948907571425085
1-0,1-0,0.0,0.45588407084293164,0.49702434709729404
0-1,1-0,0.0,0.42423663309689813,0.5104293516057238
1-0,1-0,0.0,0.4464924063182163,0.5009400148606058
0-1,1-0,0.0,0.4513321292773832,0.5159562988542097
0-1,1-0,0.0,0.4668598424630533,0.4939567126499406
1-0,1-0,0.0,0.46177211424748127,0.4948823798579144
0-1,1-0,0.0,0.46751988306002906,0.4941488429979555
1-0,1-0,0.0,0.4680276859511354,0.49572974687382315
0-1,1-0,0.0,0.46760375887004135,0.49419683817065946
0-1,1-0,0.0,0.4415361535613267,0.5030746319945324
0-1,1-0,0.0,0.46663960538284716,0.4939349448860924
1-0,1-0,0.0,0.4674567431564945,0.4941178116816697
1-0,1-0,0.0,0.4674083946511836,0.4972728224199247
1-0,1-0,0.0,0.46732122445547275,0.4974356774692487
1-0,1-0,0.0,0.4426288481731674,0.5246266475776407
1-0,1-0,0.0,0.4591324099870899,0.507761296445401
1-0,1-0,0.0,0.4656687825749955,0.49396321189594977
1/2-1/2,1-0,0.0,0.4680245773966735,0.494711886456043
0-1,1-0,0.0,0.45351281805484056,0.4979811939386501
0-1,1-0,0.0,0.46587552377504143,0.49969488436356524
0-1,1-0,0.0,0.4635297496735432,0.5027249667199379
1-0,1-0,0.0,0.44888906704155584,0.49991643014789994
1-0,1-0,0.0,0.4513786356858466,0.515908952411626
1-0,1-0,0.0,0.43439822224070124,0.506146206802437
1-0,1-0,0.0,0.41780598500875393,0.5130523027869038
1-0,1-0,0.0,0.4634301992466962,0.49440121719150604
1-0,1-0,0.0,0.4541112205901383,0.4977367190077296
0-1,1-0,0.0,0.4676297170366755,0.49421352836818766
1-0,1-0,0.0,0.4598759279965091,0.5069418668239563
1-0,1-0,0.0,0.45920720376086144,0.49575766918518316
0-1,1-0,0.0,0.4591287135399598,0.49578618317359546
1-0,1-0,0.0,0.4595973479228477,0.5072500291884376
1-0,1-0,0.0,0.4657998324969723,0.49980059665446863
1-0,1-0,0.0,0.45492939576030095,0.5122491468028065
1-0,1-0,0.0,0.4657410148636068,0.49988221476104394
0-1,1-0,0.0,0.46497846733995013,0.4940594171895658
1-0,1-0,0.0,0.4680746225854876,0.4954800744930462
1-0,1-0,0.0,0.46753127432751723,0.4970322449723546
1-0,1-0,0.0,0.45978784762958236,0.4955494514242818
0-1,1-0,0.0,0.4653949559963805,0.49399574208503794
1-0,1-0,0.0,0.4679983832717824,0.49584793551220446
0-1,1-0,0.0,0.46679244876732695,0.49394849735396973
0-1,1-0,0.0,0.4665397671867997,0.4939294765963924
1-0,1-0,0.0,0.46441310717273293,0.5016310882359183
0-1,1-0,0.0,0.4656175615520389,0.5000521042048736
1-0,1-0,0.0,0.45108399178202085,0.4989892846883318
0-1,1-0,0.0,0.46800249148651807,0.4946555002666853
0-1,1-0,0.0,0.46809455112565646,0.49528299842275986
1-0,1-0,0.0,0.45970923358997035,0.4955773499400747
0-1,1-0,0.0,0.46388007583900426,0.49428835010255145
1-0,1-0,0.0,0.4513890587987852,0.5158983391747678
1-0,1-0,0.0,0.4664874148652527,0.49392757019616734
0-1,1-0,0.0,0.4490811293401168,0.4998348411243823
0-1,1-0,0.0,0.4548215809436596,0.49744897425147977
1-0,1-0,0.0,0.4673169008998703,0.49406144612590086
1-0,1-0,0.0,0.46332559128577294,0.49442873486304717
1-0,1-0,0.0,0.466532345178074,0.4939291675217705
0-1,1-0,0.0,0.4665067744243712,0.4987771807323092
0-1,1-0,0.0,0.44796118166892135,0.5193554724290885
1-0,1-0,0.0,0.4665514860559359,0.493929991255899
1-0,1-0,0.0,0.46687752887358414,0.4939591175208568
0-1,1-0,0.0,0.4646324779615716,0.4941231214089226
0-1,1-0,0.0,0.46195394030402687,0.49482554452645144
1-0,1-0,0.0,0.46287222305602926,0.49455293305212855
0-1,1-0,0.0,0.46532448244883357,0.5004484280609024
0-1,1-0,0.0,0.464283426978784,0.501794445092193
0-1,1-0,0.0,0.4680723601933883,0.49488846491209426
1-0,1-0,0.0,0.4639726582966988,0.494266316040296
0-1,1-0,0.0,0.4676720428196833,0.49424291608958243
0-1,1-0,0.0,0.468011162729417,0.4957984260876526
1-0,1-0,0.0,0.45068329967786486,0.5166154682352955
0-1,1-0,0.0,0.46512387576438613,0.49403543255615356
0-1,1-0,0.0,0.45716531331601545,0.49652331379213954
1-0,1-0,0.0,0.4553037849724052,0.5118573271057594
1-0,1-0,0.0,0.4678197281600144,0.49437326015236166
1-0,1-0,0.0,0.4673389870550447,0.4974029483845989
0-1,1-0,0.0,0.44159266958520466,0.5256389091392782
1-0,1-0,0.0,0.4679592872418245,0.4945663864011265
0-1,1-0,0.0,0.4665562458704116,0.49870192581012157
1-0,1-0,0.0,0.45764995197031577,0.49633752109915547
1-0,1-0,0.0,0.4620865183449328,0.49478465394691384
1-0,1-0,0.0,0.46802670874336455,0.49471787717397026
0-1,1-0,0.0,0.46782119282611134,0.4943748355704488
0-1,1-0,0.0,0.4660885469244424,0.4939314059791859
1-0,1-0,0.0,0.4676902620741073,0.49425648020961943
1-0,1-0,0.0,0.46479528230727973,0.49409204390111683
1-0,1-0,0.0,0.4607582417475195,0.4952135513494696
1/2-1/2,1-0,0.0,0.4567207309285884,0.49669564175916425
0-1,1-0,0.0,0.46801288311418665,0.49468084545956836
0-1,1-0,0.0,0.4676998338096897,0.4942638456520528
0-1,1-0,0.0,0.4545823091735504,0.49754557728614796
0-1,1-0,0.0,0.4487615206978271,0.4999706543173753
1/2-1/2,1-0,0.0,0.4434918601122591,0.5022308495835841
0-1,1-0,0.0,0.46727791232067206,0.4975145871235741
1-0,1-0,0.0,0.4627614333323208,0.5036462121049433
0-1,1-0,0.0,0.4590263657263251,0.5078774010835848
1-0,1-0,0.0,0.4438904569381259,0.5020590186611338
0-1,1-0,0.0,0.44072153958795907,0.5034261988475078
0-1,1-0,0.0,0.46702240143193896,0.493983111512987
1/2-1/2,1-0,0.0,0.4678182317473296,0.4963896813804238
1-0,1-0,0.0,0.4638835168815437,0.5022919395613794
1/2-1/2,1-0,0.0,0.4599205874616523,0.5068923317287576
1-0,1-0,0.0,0.46522969489017185,0.49401912529428543
1-0,1-0,0.0,0.46726080678986454,0.49404281012134815
1-0,1-0,0.0,0.452445483790457,0.4984213668139771
0-1,1-0,0.0,0.4539531043594004,0.513265069635227
0-1,1-0,0.0,0.46735628062216056,0.49407579570601295
1-0,1-0,0.0,0.44260952599872183,0.5246455558132327
0-1,1-0,0.0,0.4587338748948447,0.5081967126653038
1/2-1/2,1-0,0.0,0.44815974056033253,0.5191568847470244
1-0,1-0,0.0,0.4576421002397216,0.4963405130056643
0-1,1-0,0.0,0.4634893025658345,0.5027740919367674
1-0,1-0,0.0,0.42971060783930826,0.5081398174874532
0-1,1-0,0.0,0.4374302126467809,0.5048449325577679
1-0,1-0,0.0,0.4476114195877947,0.5004609662515709
0-1,1-0,0.0,0.4542583710805196,0.5129482797269249
0-1,1-0,0.0,0.4530134797207899,0.49818650735382763
1/2-1/2,1-0,0.0,0.4567976856624941,0.49666569000964356
1-0,1-0,0.0,0.44594823769941383,0.5011735407106443
0-1,1-0,0.0,0.45961320800532046,0.4956115553467138
0-1,1-0,0.0,0.4680204447921929,0.4947005779125103
1-0,1-0,0.0,0.46533029017681254,0.49400457742451165
0-1,1-0,0.0,0.46264606709803896,0.5037825491636031
1-0,1-0,0.0,0.46448170001264893,0.501544246866483
1-0,1-0,0.0,0.46651221011491645,0.49876894040548914
0-1,1-0,0.0,0.45944766318117847,0.5074150340710188
1-0,1-0,0.0,0.4656488871754918,0.4939652916706896
1-0,1-0,0.0,0.4620434474863518,0.5044873887809231
0-1,1-0,0.0,0.46224145041792236,0.49473748383395305
1-0,1-0,0.0,0.44001008708971817,0.5037331796918878
1-0,1-0,0.0,0.44673084282070136,0.5205819472438139
1-0,1-0,0.0,0.4588640471149648,0.49588293548862644
1-0,1-0,0.0,0.46794541692811686,0.4960306220021973
0-1,1-0,0.0,0.40978568789920106,0.5162040033261013
1-0,1-0,0.0,0.45717577784049485,0.4965192787100156
1-0,1-0,0.0,0.45567551780730636,0.497107100071731
1-0,1-0,0.0,0.46480730321863767,0.494089824735655
0-1,1-0,0.0,0.44544446633188,0.5218573023616301
0-1,1-0,0.0,0.45839230049274726,0.4960575735766959
1/2-1/2,1-0,0.0,0.45423348883945486,0.4976869928871953
0-1,1-0,0.0,0.45820726725645183,0.5087683467833196
1-0,1-0,0.0,0.46768841979355846,0.49425508187667533
1-0,1-0,0.0,0.4482497766792363,0.5190667735578223
0-1,1-0,0.0,0.46697026074702913,0.49804533120193184
0-1,1-0,0.0,0.4669199964972531,0.49812802355194963
1-0,1-0,0.0,0.4680739135568354,0.49548501340891354
1-0,1-0,0.0,0.46809675435617976,0.4952334326691728
1-0,1-0,0.0,0.4607300035717317,0.5059876823929332
1-0,1-0,0.0,0.4677137823971731,0.4966414563013771
0-1,1-0,0.0,0.4678015645774703,0.49435428293830885
0-1,1-0,0.0,0.4554463152483898,0.497198394816843
1-0,1-0,0.0,0.46377300813276967,0.5024278760252529
1-0,1-0,0.0,0.44653181149149285,0.500923117563564
1-0,1-0,0.0,0.46524163844152056,0.4940173483263703
1/2-1/2,1-0,0.0,0.4670089391906449,0.49798102819005535
1-0,1-0,0.0,0.46078768028757616,0.4952036274870193
1-0,1-0,0.0,0.45336817266951235,0.5138699963651339
0-1,1-0,0.0,0.46717757869703536,0.4976929552308941
1-0,1-0,0.0,0.4469951877920421,0.5007245631066173
1-0,1-0,0.0,0.4401299827375271,0.5036814535395459
1-0,1-0,0.0,0.4680610966547814,0.4955652127791175
0-1,1-0,0.0,0.4670756648851562,0.49786862312518926
0-1,1-0,0.0,0.46650251578536445,0.4939280552658073
0-1,1-0,0.0,0.46809102343187553,0.49533424236090356
0-1,1-0,0.0,0.46763350486226085,0.49681941578252914
1-0,1-0,0.0,0.46085205626174663,0.495181985408527
0-1,1-0,0.0,0.45417012321582906,0.49771275354590666
0-1,1-0,0.0,0.4679977972381589,0.49585014241619846
1-0,1-0,0.0,0.46736264520268367,0.4940782196720619
1-0,1-0,0.0,0.46683090520075987,0.4982723494409843
1-0,1-0,0.0,0.4458602973427275,0.5012113095593405
1-0,1-0,0.0,0.46805614963777575,0.49481539641060085
0-1,1-0,0.0,0.45862528052735285,0.5083149279581807
1-0,1-0,0.0,0.4585259294830353,0.4960078322275714
1-0,1-0,0.0,0.4634710644819494,0.5027962185089474
0-1,1-0,0.0,0.4658344883260344,0.49394778512179666
1-0,1-0,0.0,0.45729736475326577,0.5097470207797857
1-0,1-0,0.0,0.4621904645159156,0.49475293200190656
1/2-1/2,1-0,0.0,0.4656761954315011,0.4999716491860498
0-1,1-0,0.0,0.44847169905091067,0.5188444987740906
1-0,1-0,0.0,0.45352742687364767,0.5137055626702554
0-1,1-0,0.0,0.4600639799862044,0.506733028233839
1-0,1-0,0.0,0.4678408388764698,0.4963311186627573
1-0,1-0,0.0,0.4637428256915961,0.49432179371096957
1-0,1-0,0.0,0.467711151865701,0.4942727781982483
1-0,1-0,0.0,0.4678857400859505,0.4944521427936654
0-1,1-0,0.0,0.464639760954499,0.5013429286849802
1/2-1/2,1-0,0.0,0.45175676484856037,0.49870784042384525
1-0,1-0,0.0,0.4637930775427582,0.4943094433980161
0-1,1-0,0.0,0.4656503163751537,0.5000072104867548
1-0,1-0,0.0,0.4676258052857868,0.4942109516096788
0-1,1-0,0.0,0.467753489662558,0.496548897162173
0-1,1-0,0.0,0.4656805830140322,0.4939620006140402
0-1,1-0,0.0,0.45998408304694427,0.5068218391649092
1-0,1-0,0.0,0.4538246698797483,0.5133981255488663
1-0,1-0,0.0,0.46566643867027774,0.49396345447368367
1-0,1-0,0.0,0.4627741996496321,0.494580767083333
0-1,1-0,0.0,0.45197879194622154,0.4986152968926232
1-0,1-0,0.0,0.4225499924546321,0.5111248046263557
0-1,1-0,0.0,0.4410562166285377,0.503281765356092
0-1,1-0,0.0,0.45557131792618777,0.4971485600600479
0-1,1-0,0.0,0.45797782459662606,0.4962131474715266
0-1,1-0,0.0,0.46461137345249637,0.5013792126566828
0-1,1-0,0.0,0.4676888272949709,0.4966979855503811
1-0,1-0,0.0,0.4679673082876538,0.4959587253933282
1/2-1/2,1-0,0.0,0.4672196537952542,0.49403037569344566
1-0,1-0,0.0,0.4663711968785643,0.49392550514247835
1-0,1-0,0.0,0.45830771780016194,0.49608916543085546
1-0,1-0,0.0,0.4658882583308265,0.49394354639217514
1-0,1-0,0.0,0.4668463124159959,0.49395494432245707
0-1,1-0,0.0,0.45154422314414155,0.5157402637492846
1-0,1-0,0.0,0.46431687409243916,0.49418840014695536
1-0,1-0,0.0,0.4584695497128275,0.5084841469603151
1-0,1-0,0.0,0.4393690670377593,0.5040096670708026
1-0,1-0,0.0,0.4511411992956292,0.49896529580184884
1-0,1-0,0.0,0.4630396399633311,0.5033154006446586
0-1,1-0,0.0,0.45348582726754083,0.4979922623825257
0-1,1-0,0.0,0.46590644006630577,0.493942202852881
0-1,1-0,0.0,0.4660931176458911,0.49393120042530003
0-1,1-0,0.0,0.4630548451909213,0.49450197958247594
1-0,1-0,0.0,0.4678463155518994,0.49440299628917456
0-1,1-0,0.0,0.4083611765060901,0.5167485081873218
0-1,1-0,0.0,0.46358710079252136,0.5026551801916417
0-1,1-0,0.0,0.4579495355639995,0.5090466724649058
1-0,1-0,0.0,0.45325750969458256,0.5139841448145338
1/2-1/2,1-0,0.0,0.46719947316086835,0.4976545230223551
0-1,1-0,0.0,0.4588945402282214,0.4958717418588396
1-0,1-0,0.0,0.46798939349216195,0.4946260202804684
0-1,1-0,0.0,0.4627774066458038,0.5036272972522147
1-0,1-0,0.0,0.46785828281128033,0.496284667979806
1-0,1-0,0.0,0.46277290547035294,0.5036326282802812
0-1,1-0,0.0,0.45094430924013956,0.4990479003026828
0-1,1-0,0.0,0.4082229245626769,0.5168010964767268
1-0,1-0,0.0,0.4680431114505941,0.4947682548127171
1-0,1-0,0.0,0.46076970689831603,0.5059429523499834
0-1,1-0,0.0,0.46581325800668055,0.4939495656175714
1-0,1-0,0.0,0.4652637505357461,0.4940140934010771
1-0,1-0,0.0,0.45069925192941895,0.499150876303767
1-0,1-0,0.0,0.4634596876067148,0.4943935425881911
0-1,1-0,0.0,0.4604196951017619,0.5063360947040637
0-1,1-0,0.0,0.44833058169395695,0.5189858679135936
0-1,1-0,0.0,0.439736824918615,0.5274436034481075
1-0,1-0,0.0,0.46485534721802485,0.49408106278858194
0-1,1-0,0.0,0.46493335991016904,0.500964155446289
1-0,1-0,0.0,0.46807369691128337,0.49548650937745964
0-1,1-0,0.0,0.4679948584476377,0.49463801616552405
1-0,1-0,0.0,0.467240944072369,0.49758099287640756
1-0,1-0,0.0,0.46658380317230974,0.49865974905277044
0-1,1-0,0.0,0.46469909872404613,0.5012668989334379
1-0,1-0,0.0,0.46717285919590434,0.49401740519329035
1-0,1-0,0.0,0.4667059072161394,0.49394000767716945
0-1,1-0,0.0,0.4564689816101448,0.49679396961766414
1-0,1-0,0.0,0.46104312873366016,0.4951182411584609
0-1,1-0,0.0,0.45573515661018454,0.5114042267487658
1-0,1-0,0.0,0.4647454664823644,0.4941013529718077
0-1,1-0,0.0,0.46604555782266066,0.4939335015608175
0-1,1-0,0.0,0.46725320378679336,0.49755906345507267
0-1,1-0,0.0,0.44503008207326367,0.501568229927823
1-0,1-0,0.0,0.461405849326097,0.49499936080963103
1-0,1-0,0.0,0.44658730394410917,0.5008993250723215
1-0,1-0,0.0,0.4604236307040477,0.5063316886639219
1-0,1-0,0.0,0.46245504587439257,0.4946735937814362
0-1,1-0,0.0,0.45652889220348103,0.5105655904472307
0-1,1-0,0.0,0.468068334083874,0.49552180807963586
1-0,1-0,0.0,0.46449820097985717,0.4941501192576998
1-0,1-0,0.0,0.45232298353901806,0.49847219046477687
1-0,1-0,0.0,0.4350503045057114,0.5319590507711877
0-1,1-0,0.0,0.4184865793009922,0.5127784972031336
1/2-1/2,1-0,0.0,0.46807731039226014,0.49491602008309915
1-0,1-0,0.0,0.46382377851362244,0.4943019576158205
0-1,1-0,0.0,0.46717727947985765,0.49769347866748276
1-0,1-0,0.0,0.4680670381386269,0.49552989826892613
0-1,1-0,0.0,0.45694249798479225,0.4966094646302875
0-1,1-0,0.0,0.46152780416818934,0.505081738046756
0-1,1-0,0.0,0.4672801229090082,0.49404899958529636
0-1,1-0,0.0,0.45535639300581804,0.4972343086496928
0-1,1-0,0.0,0.4630052142552012,0.4945157079753781
0-1,1-0,0.0,0.4570165613202842,0.4965807791581606
1-0,1-0,0.0,0.46800137845615397,0.49583657366833245
1-0,1-0,0.0,0.4673516947061331,0.497379395817335
0-1,1-0,0.0,0.4663289580354727,0.49904314945921513
1-0,1-0,0.0,0.46806905361426615,0.4955172484010699
0-1,1-0,0.0,0.4680918483166105,0.49532371605342507
1-0,1-0,0.0,0.4652900299355539,0.500494425648411
0-1,1-0,0.0,0.46555064507369376,0.493976234205994
0-1,1-0,0.0,0.46438672266470615,0.4941734148368177
0-1,1-0,0.0,0.45931575929355956,0.49571837244649736
1-0,1-0,0.0,0.4552927466951558,0.5118688979402585
0-1,1-0,0.0,0.4561657910972019,0.496913061997418
0-1,1-0,0.0,0.4597990495671161,0.49554548386386493
1-0,1-0,0.0,0.46808074865571025,0.4949374573447423
0-1,1-0,0.0,0.4680593396744454,0.4955751668923666
0-1,1-0,0.0,0.46503980813659984,0.5008251384915956
0-1,1-0,0.0,0.4679375250670878,0.4960555526599382
1-0,1-0,0.0,0.4409278297221757,0.5262866143541487
1-0,1-0,0.0,0.46527974491252555,0.5005081345649739
1-0,1-0,0.0,0.46796660464953893,0.49596110565126245
0-1,1-0,0.0,0.4676495750639335,0.49422696360517143
0-1,1-0,0.0,0.4348287001816255,0.5059619210402446
0-1,1-0,0.0,0.4554521102767364,0.4971960821943848
1-0,1-0,0.0,0.45056182497057534,0.5167385994452652
1-0,1-0,0.0,0.457292455974042,0.496474356334735
0-1,1-0,0.0,0.4628833173931559,0.5035016436293386
1-0,1-0,0.0,0.46769834125297294,0.49667657309098984
0-1,1-0,0.0,0.4611143916464522,0.5055531122336973
1-0,1-0,0.0,0.4661107815695948,0.4939304377442279
0-1,1-0,0.0,0.4669120850462445,0.4981409530779594
1-0,1-0,0.0,0.46438885060978013,0.49417296293837765
0-1,1-0,0.0,0.4680830175561822,0.49495296218084317
1-0,1-0,0.0,0.4671768381704856,0.4976942505864913
1-0,1-0,0.0,0.4611287855540352,0.49508991018785126
1-0,1-0,0.0,0.4609267044615573,0.4951569933800054
1-0,1-0,0.0,0.46809672957064685,0.4951136853152883
0-1,1-0,0.0,0.4383668233156872,0.5044416636628918
1-0,1-0,0.0,0.465450812433421,0.5002787336519755
0-1,1-0,0.0,0.46809594432979795,0.4952550433033339
0-1,1-0,0.0,0.46528229843676155,0.4940113984460933
0-1,1-0,0.0,0.45526686000384997,0.5118960290674262
0-1,1-0,0.0,0.462429436734135,0.49468118179643383
0-1,1-0,0.0,0.4648273946937389,0.501101623321564
0-1,1-0,0.0,0.46231483892060776,0.4947153796697636
0-1,1-0,0.0,0.450621028563047,0.4991837835934192
0-1,1-0,0.0,0.4641158668722134,0.5020040004398468
1-0,1-0,0.0,0.46100877225400483,0.49512964777176977
1-0,1-0,0.0,0.45130518236473766,0.5159837263348005
1/2-1/2,1-0,0.0,0.44396296422733905,0.5233180297052371
0-1,1-0,0.0,0.4384302865818441,0.5044143221087739
1-0,1-0,0.0,0.4602524005196975,0.5065230915917028
0-1,1-0,0.0,0.46697269318589624,0.4980413048704844
1-0,1-0,0.0,0.4611817923350146,0.49507245637323566
1-0,1-0,0.0,0.4669206641753185,0.4939654402059297
0-1,1-0,0.0,0.46791208242846377,0.49448909628152077
1-0,1-0,0.0,0.4653847864852062,0.49399710397290564
1-0,1-0,0.0,0.4575622329071769,0.49637098134621377
0-1,1-0,0.0,0.393767730108362,0.522032234646928
1-0,1-0,0.0,0.4660022780316514,0.49393590094387146
1-0,1-0,0.0,0.4178404803723898,0.513038447895499
1-0,1-0,0.0,0.461093713272366,0.4951014916083936
1-0,1-0,0.0,0.4531876914622903,0.498114748245818
0-1,1-0,0.0,0.46778122154437046,0.49433417751837355
1-0,1-0,0.0,0.4057538992951597,0.5177324697633635
1-0,1-0,0.0,0.45998770687943047,0.49547896182877565
1-0,1-0,0.0,0.43638076770409145,0.5052961422164723
1-0,1-0,0.0,0.4489857477151877,0.4998753501063344
0-1,1-0,0.0,0.4469348242271607,0.5203790737390152
0-1,1-0,0.0,0.44851650422033684,0.500074909130997
1-0,1-0,0.0,0.4678906699851691,0.4961950386620982
0-1,1-0,0.0,0.46761004296859904,0.4968694780482348
0-1,1-0,0.0,0.46089352655519117,0.4951680874324236
1-0,1-0,0.0,0.46668183982994743,0.49850812093754315
0-1,1-0,0.0,0.4678484667287354,0.49440551320980364
1-0,1-0,0.0,0.4233646842853296,0.5430133491646337
0-1,1-0,0.0,0.4680048054627538,0.4946609819371919
0-1,1-0,0.0,0.4677588409508002,0.49431332792337757
0-1,1-0,0.0,0.46739301720082177,0.4940902098357658
1/2-1/2,1-0,0.0,0.4675323104275755,0.4941554336785551
0-1,1-0,0.0,0.45762819678736455,0.5093924338504648
0-1,1-0,0.0,0.4388805313278665,0.5042202923598168
1-0,1-0,0.0,0.4678794210010413,0.4962267115617344
1-0,1-0,0.0,0.4631238706439803,0.49448303843858094
1/2-1/2,1-0,0.0,0.4594290281057002,0.5074355490650351
1-0,1-0,0.0,0.46672091535021026,0.4984469561338477
1-0,1-0,0.0,0.4665682365803419,0.498683596966265
1-0,1-0,0.0,0.4517446034941262,0.4987129144584257
1-0,1-0,0.0,0.4676165788528595,0.4942049617539607
1-0,1-0,0.0,0.4657232570871284,0.4999067685222618
0-1,1-0,0.0,0.4658260622392318,0.49394848464181634
1-0,1-0,0.0,0.46251996399675593,0.5039310369076471
0-1,1-0,0.0,0.4458720796825392,0.5012062487941424
0-1,1-0,0.0,0.4673058672095724,0.49405761834900597
1-0,1-0,0.0,0.46792855854136745,0.4960833194255759
1-0,1-0,0.0,0.466268992756225,0.49913137942430424
1-0,1-0,0.0,0.4469414931218533,0.500747556749039
0-1,1-0,0.0,0.4459864237140589,0.5213208191322506
1-0,1-0,0.0,0.46357387285655666,0.5026712900395355
1-0,1-0,0.0,0.4617075784458484,0.504875370095549
1-0,1-0,0.0,0.4588049228905009,0.5081192726503231
0-1,1-0,0.0,0.434656533030719,0.5323359922805869
1-0,1-0,0.0,0.4499510975469255,0.4994663009982935
1-0,1-0,0.0,0.4507380704371573,0.49913455253940864
1-0,1-0,0.0,0.4535721030486314,0.4979568943870972
0-1,1-0,0.0,0.4562894679452351,0.4968643956305476
0-1,1-0,0.0,0.43945679490542305,0.5039718353081573
0-1,1-0,0.0,0.46808519250967207,0.494969120049624
0-1,1-0,0.0,0.4625081707897851,0.49465791714392715
1-0,1-0,0.0,0.44725432683386285,0.5200609395007387
1-0,1-0,0.0,0.46358346608511475,0.4943617360076389
0-1,1-0,0.0,0.4680207983398221,0.4947015301290143
0-1,1-0,0.0,0.45922757060686487,0.5076569512534301
1-0,1-0,0.0,0.4467175621903371,0.5205951494908557
1-0,1-0,0.0,0.46797831262053047,0.4946028907560942
1-0,1-0,0.0,0.44915962691471106,0.49980151735042017
0-1,1-0,0.0,0.44889012617497087,0.4999159800132867
1-0,1-0,0.0,0.45929479771621007,0.49572594771278977
1/2-1/2,1-0,0.0,0.46734079143205015,0.4940700203746481
0-1,1-0,0.0,0.46640137399217285,0.4939257663407964
0-1,1-0,0.0,0.46204212007469875,0.49479829450893714
1-0,1-0,0.0,0.4663723558155819,0.49897885398185293
1-0,1-0,0.0,0.4540135304252366,0.497776506035451
0-1,1-0,0.0,0.45128140569516,0.49890654643953714
0-1,1-0,0.0,0.4680910577832846,0.4950224937197688
0-1,1-0,0.0,0.46339258383871107,0.49441105998084317
0-1,1-0,0.0,0.46705400030993416,0.4939894539589717
0-1,1-0,0.0,0.453997680431272,0.5132188585016803
0-1,1-0,0.0,0.4622962546011456,0.4947209623000696
1-0,1-0,0.0,0.46396839866696943,0.49426732024389525
1/2-1/2,1-0,0.0,0.46576300568095375,0.49395401441610837
1-0,1-0,0.0,0.4130126478841553,0.5149530618300842
0-1,1-0,0.0,0.46776551832966223,0.4943194170142782
1-0,1-0,0.0,0.4582267391277867,0.5087472815170677
1-0,1-0,0.0,0.4499164154647144,0.517391392296116
1-0,1-0,0.0,0.4636609069258703,0.49434218092183313
1-0,1-0,0.0,0.46640668580091466,0.49392583179331523
0-1,1-0,0.0,0.46648324269609565,0.4988127752365428
1-0,1-0,0.0,0.46809328158073665,0.4953036007286284
0-1,1-0,0.0,0.4463252011558881,0.5209848548208265
1-0,1-0,0.0,0.45200960865867196,0.5152652210060307
0-1,1-0,0.0,0.46734858915236177,0.4940729061280754
0-1,1-0,0.0,0.4658091455596276,0.49978763168668777
1-0,1-0,0.0,0.4648590580746627,0.5010606398819766
0-1,1-0,0.0,0.44418604807713524,0.5230985977368053
0-1,1-0,0.0,0.4415863426356122,0.5256450794922689
1-0,1-0,0.0,0.4634089642032587,0.4944067664786298
1-0,1-0,0.0,0.468033999089459,0.4957017691190843
0-1,1-0,0.0,0.46140714157158147,0.4949989425027105
0-1,1-0,0.0,0.4638202324353217,0.49430281992237346
1/2-1/2,1-0,0.0,0.4607990737535509,0.49519979125102376
0-1,1-0,0.0,0.46783320230205255,0.4943880221012677
1-0,1-0,0.0,0.4351149891507542,0.5058392675322273
0-1,1-0,0.0,0.4679034456346438,0.4944765656552892
1-0,1-0,0.0,0.4674587690531934,0.49717592118031284
1-0,1-0,0.0,0.46799327570772653,0.49463449914611124
1-0,1-0,0.0,0.46807431180817677,0.4954822474992848
1-0,1-0,0.0,0.4598049185651829,0.5070205518004312
1-0,1-0,0.0,0.46807734390217626,0.4954604556505197
0-1,1-0,0.0,0.44960247680693494,0.5177080855909055
0-1,1-0,0.0,0.4665456184713497,0.49871814137570314
0-1,1-0,0.0,0.46794357332962816,0.4945387976240364
1-0,1-0,0.0,0.4680813513339741,0.49542926604412313
0-1,1-0,0.0,0.467970100834747,0.49458667564762354
0-1,1-0,0.0,0.4655152791501669,0.4939804386619254
0-1,1-0,0.0,0.4574352591470188,0.49641954902562496
1-0,1-0,0.0,0.44929257134652656,0.4997451102398647
1-0,1-0,0.0,0.4522569192574051,0.4984996237438745
1-0,1-0,0.0,0.4676946820306582,0.4942598602994824
1/2-1/2,1-0,0.0,0.4552183130750861,0.5119468927958036
1-0,1-0,0.0,0.46704462154684684,0.49398752675748575
1-0,1-0,0.0,0.46791246496653555,0.49448966130357513
0-1,1-0,0.0,0.46665224825703433,0.49393581865475794
0-1,1-0,0.0,0.45273096160629345,0.5145260349404396
1-0,1-0,0.0,0.4654215276729475,0.5003182186376774
1-0,1-0,0.0,0.45992133927216267,0.4955022988664888
1-0,1-0,0.0,0.4680437736623552,0.4956560479819973
1-0,1-0,0.0,0.4668452147028418,0.4939548035336652
0-1,1-0,0.0,0.4657374032393938,0.49988721182381257
0-1,1-0,0.0,0.4669611109544857,0.4980604558275492
1/2-1/2,1-0,0.0,0.45582573390139997,0.4970474638539068
0-1,1-0,0.0,0.4658705384963545,0.49394489980582185
0-1,1-0,0.0,0.45256309293911606,0.4983726280949955
1-0,1-0,0.0,0.4622758402225306,0.504216968810568
1/2-1/2,1-0,0.0,0.46784344577853926,0.4963242502355177
1-0,1-0,0.0,0.4579012647095636,0.49624208936191355
1-0,1-0,0.0,0.46421477425779956,0.4942108225111306
1-0,1-0,0.0,0.4675199171117372,0.49414886082790904
1-0,1-0,0.0,0.4616711320465013,0.5049172789738011
1-0,1-0,0.0,0.4641872004718848,0.49421698060433733
1-0,1-0,0.0,0.4664322852358294,0.4939262305123723
1-0,1-0,0.0,0.4340999301893129,0.5328682067978959
1-0,1-0,0.0,0.4507392213247267,0.49913406864069354
0-1,1-0,0.0,0.4638542737127997,0.49429456735108757
0-1,1-0,0.0,0.44233995408450166,0.5027277443963832
0-1,1-0,0.0,0.46808597807885405,0.4953885220104812
0-1,1-0,0.0,0.4665802039718223,0.4986652683699411
0-1,1-0,0.0,0.46070925586879563,0.49523010202346307
1-0,1-0,0.0,0.4662842587799617,0.4939257672930377
1-0,1-0,0.0,0.4638972818867099,0.502274962836915
1-0,1-0,0.0,0.46806948076544985,0.4948738327963358
1-0,1-0,0.0,0.46803468304552465,0.4947413492688412
0-1,1-0,0.0,0.43606443502073494,0.5309866043215509
1-0,1-0,0.0,0.46808820791785405,0.495366233128054
0-1,1-0,0.0,0.43738190806386346,0.5297195713549907
1/2-1/2,1-0,0.0,0.4637414979488289,0.4943221216519367
1-0,1-0,0.0,0.4604518629353457,0.4953178121479329
0-1,1-0,0.0,0.46658972987554453,0.4939319022092231
0-1,1-0,0.0,0.46059900083211186,0.5061350243221754
1-0,1-0,0.0,0.4666622192333451,0.4985386720270454
1-0,1-0,0.0,0.41409831179693707,0.5145269048084167
0-1,1-0,0.0,0.46058967382458715,0.5061455003744731
0-1,1-0,0.0,0.4679582236511211,0.4959890863157546
0-1,1-0,0.0,0.4475011639791612,0.5005080875764226
