y_true,y_pred,prob_1-0,prob_0-1,prob_1/2-1/2
1-0,1-0,0.0,0.4639589976898741,0.5013902078822694
0-1,1-0,0.0,0.4646775848878434,0.5029550653535005
1-0,1-0,0.0,0.46455792224096043,0.5033213170261785
0-1,1-0,0.0,0.4647026837124664,0.5024787044229231
1-0,1-0,0.0,0.4525582053999068,0.4983123151612375
0-1,1-0,0.0,0.45636489199735425,0.49911479888581345
0-1,1-0,0.0,0.4642524717271584,0.5016373092448879
0-1,1-0,0.0,0.4312021445401676,0.49221734008049794
0-1,1-0,0.0,0.46252552161985466,0.5006680642436975
0-1,1-0,0.0,0.4407034698950267,0.49534270762814675
0-1,1-0,0.0,0.4645783753838559,0.5020733943906145
1-0,1-0,0.0,0.46266690003593147,0.5055095544627919
1-0,1-0,0.0,0.45768172678052693,0.49939432498908726
1-0,1-0,0.0,0.4581373245723647,0.4994932416631337
1-0,1-0,0.0,0.46444997772953184,0.503543293309653
1-0,1-0,0.0,0.4639850786560365,0.5014094778156198
1-0,1-0,0.0,0.45170412066211185,0.49812690001955434
0-1,1-0,0.0,0.45791041331257254,0.4994437813638094
1-0,1-0,0.0,0.46383549361038917,0.5043950911872472
1-0,1-0,0.0,0.45961193419283053,0.4998284899995657
0-1,1-0,0.0,0.4647109518672834,0.5027102050576812
0-1,1-0,0.0,0.45322088911698566,0.4984542051807861
0-1,1-0,0.0,0.46289300048925874,0.5008141411725427
0-1,1-0,0.0,0.46409458830082884,0.5014953694663326
1-0,1-0,0.0,0.46341935869122924,0.5010600252721448
0-1,1-0,0.0,0.4358350334480278,0.49382831454658166
1-0,1-0,0.0,0.45841238090741643,0.49955379462516536
0-1,1-0,0.0,0.4636376270855373,0.5011806760224975
1-0,1-0,0.0,0.461672499525675,0.500378819780196
0-1,1-0,0.0,0.4559663710309665,0.49903124633142787
0-1,1-0,0.0,0.46465261193654567,0.5022541534975701
1-0,1-0,0.0,0.46098980575302273,0.5001798422019496
0-1,1-0,0.0,0.44868790918873647,0.4974427607002633
0-1,1-0,0.0,0.4644046656874182,0.5018051454601019
0-1,1-0,0.0,0.4424738576632459,0.49584838934936437
1-0,1-0,0.0,0.44146625018322233,0.495563492496754
1-0,1-0,0.0,0.4646010021683408,0.5032137984607353
0-1,1-0,0.0,0.4644936315845286,0.5019270581929315
0-1,1-0,0.0,0.4431506114790697,0.4960354616699553
0-1,1-0,0.0,0.4634626129164583,0.501082856509641
0-1,1-0,0.0,0.46467096056596097,0.5029842958742814
1-0,1-0,0.0,0.46420121804916886,0.5039381851507312
0-1,1-0,0.0,0.4611219939030465,0.5002167078941564
1-0,1-0,0.0,0.46073438225259267,0.5001104943992825
1-0,1-0,0.0,0.46285851787765764,0.500799694068498
0-1,1-0,0.0,0.4627439979755672,0.5007528828963262
0-1,1-0,0.0,0.46310838799382814,0.5009085129343376
1-0,1-0,0.0,0.4641246958881327,0.5015205859038598
1-0,1-0,0.0,0.4596503119222222,0.5076361127832667
1-0,1-0,0.0,0.4515405085684941,0.49809101458974425
0-1,1-0,0.0,0.4645559152682533,0.502030492382813
1/2-1/2,1-0,0.0,0.4549413924486543,0.49881687359911137
1-0,1-0,0.0,0.43844979508325893,0.49466438721191464
1-0,1-0,0.0,0.4607234027286073,0.5001075652274761
0-1,1-0,0.0,0.44243824755172134,0.49583845098479257
0-1,1-0,0.0,0.4644478420648724,0.5035472336785213
1-0,1-0,0.0,0.46291747078967904,0.5008244975585215
0-1,1-0,0.0,0.46281269897964633,0.5007807546402671
0-1,1-0,0.0,0.45964402965713014,0.49983614780591396
0-1,1-0,0.0,0.4640950334868075,0.504081266359174
0-1,1-0,0.0,0.46239779358650945,0.5006208773959935
0-1,1-0,0.0,0.464318780466324,0.5037648455786924
0-1,1-0,0.0,0.46461030906019707,0.5021419068348583
1-0,1-0,0.0,0.4646008150280616,0.5032143023594116
0-1,1-0,0.0,0.4646703059643871,0.5029870617616445
1-0,1-0,0.0,0.45735698050793494,0.499324667872981
0-1,1-0,0.0,0.4496096939318156,0.4976572531175436
0-1,1-0,0.0,0.4515432392807431,0.4980916145474011
0-1,1-0,0.0,0.4570468726410286,0.49925866835249605
0-1,1-0,0.0,0.46407527101046514,0.5041067785394436
1-0,1-0,0.0,0.4617865952918789,0.5061996380815507
1-0,1-0,0.0,0.4499051629423808,0.4977249437689392
0-1,1-0,0.0,0.45183921283417666,0.49815643750863126
0-1,1-0,0.0,0.46389928346200454,0.5043217312073796
0-1,1-0,0.0,0.4503247560853392,0.4978202222586772
0-1,1-0,0.0,0.4628556614667696,0.5007985048774071
0-1,1-0,0.0,0.4628062751101931,0.5007781221628184
0-1,1-0,0.0,0.45051094982039597,0.4978621916773362
0-1,1-0,0.0,0.46458433625101636,0.5032572819500913
1-0,1-0,0.0,0.4643648184178911,0.5017572023878087
1-0,1-0,0.0,0.4637489800516794,0.5044914238452439
0-1,1-0,0.0,0.46434575359866426,0.5037221915804883
0-1,1-0,0.0,0.4646626063774379,0.5030182085959026
1-0,1-0,0.0,0.46244093002900943,0.5056949109293742
1-0,1-0,0.0,0.4519709042481339,0.4981851527094611
1-0,1-0,0.0,0.44502160567320675,0.4965350733989862
0-1,1-0,0.0,0.4637191255715025,0.501229650474029
1-0,1-0,0.0,0.4591899794302071,0.5079169392730154
1-0,1-0,0.0,0.4539450644549452,0.4986076592112301
0-1,1-0,0.0,0.4498664013769422,0.49771609218015395
1-0,1-0,0.0,0.4548005070676587,0.4987873794229746
1-0,1-0,0.0,0.45178444690748365,0.4981444730683563
0-1,1-0,0.0,0.4580977790155215,0.4994845916616885
0-1,1-0,0.0,0.46471233471463474,0.502606314322015
1-0,1-0,0.0,0.46424716728433707,0.5016321019074486
1-0,1-0,0.0,0.4545935314092771,0.4987440077020049
0-1,1-0,0.0,0.4547496216380799,0.4987767213928218
1-0,1-0,0.0,0.4646815797261138,0.5029361663978918
0-1,1-0,0.0,0.4634206211299759,0.504830937012644
0-1,1-0,0.0,0.46013840768427094,0.4999568077370153
0-1,1-0,0.0,0.4612780230616289,0.5002611708960202
1-0,1-0,0.0,0.4644174332095619,0.5018212636883237
1-0,1-0,0.0,0.44685203371690513,0.49699960745990396
1-0,1-0,0.0,0.46218241870150045,0.5005447779115509
1-0,1-0,0.0,0.464583709960307,0.5020841592916344
1/2-1/2,1-0,0.0,0.4643634201689392,0.5036935446750189
1-0,1-0,0.0,0.46440647830402765,0.5018074098893625
0-1,1-0,0.0,0.4490295725533579,0.4975228614451189
1-0,1-0,0.0,0.44479137781195244,0.4964749694829236
0-1,1-0,0.0,0.46457291853525323,0.5032856205793242
1-0,1-0,0.0,0.4646014459979324,0.502121835327397
1-0,1-0,0.0,0.4572351738134811,0.509031575658892
1-0,1-0,0.0,0.46146713102943804,0.5003165691901386
0-1,1-0,0.0,0.4624631054743458,0.5056770075891031
1-0,1-0,0.0,0.45955830709613293,0.5076928929083621
1-0,1-0,0.0,0.46127465837453946,0.5002602006418927
1-0,1-0,0.0,0.4646326796809194,0.5021972384742259
1-0,1-0,0.0,0.4631466211812116,0.5050906174927696
0-1,1-0,0.0,0.45224998831820484,0.4982457580695554
1-0,1-0,0.0,0.44907092432837264,0.4975325077055671
0-1,1-0,0.0,0.4591616769051971,0.499722969624674
1-0,1-0,0.0,0.46015793003846106,0.49996168688030174
0-1,1-0,0.0,0.4642796309306366,0.5038246641519314
0-1,1-0,0.0,0.45973497224998827,0.49985795451952414
1-0,1-0,0.0,0.43825921288940045,0.49460523328922273
0-1,1-0,0.0,0.4583362847887975,0.4995369711570783
0-1,1-0,0.0,0.4605400482828436,0.5000592304066466
1/2-1/2,1-0,0.0,0.4638507598887638,0.5013143438661762
1-0,1-0,0.0,0.46436094039465514,0.501752711330999
1/2-1/2,1-0,0.0,0.46360494619998294,0.5046448971998484
0-1,1-0,0.0,0.4614046769235497,0.5002980804115089
0-1,1-0,0.0,0.4590569880834748,0.4996988970077445
1-0,1-0,0.0,0.46178813976709365,0.5061984940847457
1/2-1/2,1-0,0.0,0.46192242062368544,0.5004579253889756
0-1,1-0,0.0,0.46405162089015084,0.5014606418165678
1-0,1-0,0.0,0.45821390472251655,0.4995100308445833
1-0,1-0,0.0,0.4632462988208606,0.5049981880187738
1-0,1-0,0.0,0.46440998125090266,0.503614976214014
0-1,1-0,0.0,0.46468633410436144,0.5023811400330916
1-0,1-0,0.0,0.4615797368795422,0.5003504159028452
1-0,1-0,0.0,0.45034695292042215,0.49782523545539487
0-1,1-0,0.0,0.4646935791775779,0.5024186881194646
0-1,1-0,0.0,0.4537691398359121,0.49857051255955054
0-1,1-0,0.0,0.45733397226109956,0.4993197551258581
0-1,1-0,0.0,0.44775897840412365,0.4972212758104929
1-0,1-0,0.0,0.4638733873597018,0.501329695050583
1-0,1-0,0.0,0.4619707211249665,0.5004736852830897
0-1,1-0,0.0,0.4612513125165073,0.5065850264320876
1-0,1-0,0.0,0.458585249161552,0.49959223232106265
0-1,1-0,0.0,0.45986465555247985,0.4998893398775801
0-1,1-0,0.0,0.4327279637006615,0.49276614119263595
1-0,1-0,0.0,0.4473198441609491,0.49711462969196984
1-0,1-0,0.0,0.4594131226265791,0.49978147527161054
1-0,1-0,0.0,0.46194435084266866,0.5004650608849972
1/2-1/2,1-0,0.0,0.46458032405596594,0.5032673639682702
1/2-1/2,1-0,0.0,0.45260960115281407,0.49832337711702346
0-1,1-0,0.0,0.45452132362560754,0.4987288626590695
1-0,1-0,0.0,0.4629782790166142,0.5008506214736348
0-1,1-0,0.0,0.45557144578584247,0.4989486300885014
1-0,1-0,0.0,0.4490564946984119,0.49752914283714095
1-0,1-0,0.0,0.4571889336350104,0.4992888472261122
1-0,1-0,0.0,0.46382782453100097,0.5012990362941142
0-1,1-0,0.0,0.4592478443408041,0.49974290592434095
0-1,1-0,0.0,0.4644554619306389,0.5018718068504903
0-1,1-0,0.0,0.4453424865063257,0.4966182103168765
0-1,1-0,0.0,0.4620807422596136,0.505977980600646
0-1,1-0,0.0,0.4627076730317484,0.505475380705591
0-1,1-0,0.0,0.46439320839180964,0.5017910080828292
0-1,1-0,0.0,0.46268715637245955,0.5007302763320577
0-1,1-0,0.0,0.46471246328674337,0.5026687706462145
0-1,1-0,0.0,0.4597567463454398,0.4998631999800649
0-1,1-0,0.0,0.4646821422406378,0.502361868382158
1-0,1-0,0.0,0.450587403855403,0.4978793709786358
1-0,1-0,0.0,0.46434422434778133,0.5037246439725565
1-0,1-0,0.0,0.46362652612328414,0.5011741868950194
0-1,1-0,0.0,0.4644030600634878,0.5036269619534995
0-1,1-0,0.0,0.45430447376208455,0.49868332884115085
0-1,1-0,0.0,0.4609651499677086,0.5001730428494816
1-0,1-0,0.0,0.46362132886056173,0.5011711630620155
0-1,1-0,0.0,0.46194869506846503,0.5004664783216826
1-0,1-0,0.0,0.4184824864189477,0.48696557516188876
1-0,1-0,0.0,0.4640768075564054,0.5014808258738039
1/2-1/2,1-0,0.0,0.46280569347733636,0.5053922319468134
0-1,1-0,0.0,0.45534972313832767,0.49890227537174076
1-0,1-0,0.0,0.46470201053226423,0.5024734832030308
1/2-1/2,1-0,0.0,0.46384458556562,0.5043847626763939
1-0,1-0,0.0,0.46447508191094006,0.5034958979746036
1-0,1-0,0.0,0.4646458015717088,0.5030792341399427
0-1,1-0,0.0,0.4646319892990358,0.50219541315293
1-0,1-0,0.0,0.46469236929188595,0.5028783540511061
1-0,1-0,0.0,0.45811385392034926,0.4994881062092149
1-0,1-0,0.0,0.440788238050038,0.4953674622387849
1-0,1-0,0.0,0.452510045408721,0.4983019403434425
0-1,1-0,0.0,0.45684693872424864,0.4992163348630546
1-0,1-0,0.0,0.46458916888545765,0.5032449488063152
1-0,1-0,0.0,0.4558188906282794,0.49900038058053875
0-1,1-0,0.0,0.45844050447504786,0.4995600267959949
1/2-1/2,1-0,0.0,0.4580883013758976,0.49948252052792685
1-0,1-0,0.0,0.4578191919548545,0.49942400953500077
1-0,1-0,0.0,0.4610898900530807,0.5066973143461322
0-1,1-0,0.0,0.463767945242832,0.5012601975107936
1-0,1-0,0.0,0.4625954962173556,0.5006946359322001
1-0,1-0,0.0,0.4559521511387141,0.49902826931604705
0-1,1-0,0.0,0.4520648124891705,0.49820558284005834
1-0,1-0,0.0,0.46126965938403003,0.5002587600709486
1-0,1-0,0.0,0.46268620899327356,0.5007299029056195
1-0,1-0,0.0,0.4630982898173154,0.5051346814484768
0-1,1-0,0.0,0.46471262797374335,0.502620900075834
0-1,1-0,0.0,0.45933021957455217,0.4997620733022289
1-0,1-0,0.0,0.45103889877201414,0.4979801978499807
1-0,1-0,0.0,0.45911280253978626,0.49971171137450354
0-1,1-0,0.0,0.4641563077951966,0.5040000243657968
1-0,1-0,0.0,0.46064925104304255,0.5000878876839516
0-1,1-0,0.0,0.46204821462462403,0.5004993170033493
0-1,1-0,0.0,0.4601217773135225,0.4999526588068593
0-1,1-0,0.0,0.4646967742711572,0.5028505635728602
1-0,1-0,0.0,0.4632674410646459,0.5009834430741378
0-1,1-0,0.0,0.45632162163105683,0.4991057134376993
1-0,1-0,0.0,0.45874829499456304,0.49962878743764066
0-1,1-0,0.0,0.4621087317479344,0.5005196432718289
1-0,1-0,0.0,0.4613665230993771,0.5065038344668132
1-0,1-0,0.0,0.4590175380725048,0.4996898664164297
1-0,1-0,0.0,0.4644397536908661,0.5035620353758276
1-0,1-0,0.0,0.4635442538970018,0.501127340596722
0-1,1-0,0.0,0.4541755290494914,0.4986562122629295
0-1,1-0,0.0,0.4432923922802989,0.49607422153638353
1-0,1-0,0.0,0.460300922547259,0.49999772074703397
1-0,1-0,0.0,0.45609050523361383,0.4990572451627054
0-1,1-0,0.0,0.4530965998624746,0.4984277099770507
0-1,1-0,0.0,0.45263968268347643,0.5112941452482451
0-1,1-0,0.0,0.4487096666001455,0.49744788301545906
0-1,1-0,0.0,0.45759947931294026,0.49937662375248904
1-0,1-0,0.0,0.4634419524883734,0.5048099274896465
1-0,1-0,0.0,0.46426632992240296,0.501651084546874
1-0,1-0,0.0,0.45998469514046014,0.5074268233530976
1-0,1-0,0.0,0.45853899209504156,0.49958191592466283
1-0,1-0,0.0,0.46376060928062296,0.5012555455690779
1-0,1-0,0.0,0.46454186971607964,0.5020053890220417
1-0,1-0,0.0,0.4633447862546306,0.5010217645500986
0-1,1-0,0.0,0.4494818639457216,0.4976278111194869
1-0,1-0,0.0,0.4600577065626574,0.4999367373085925
1-0,1-0,0.0,0.4644402142996194,0.5018510563507639
0-1,1-0,0.0,0.4396659802961737,0.49503528285873366
1/2-1/2,1-0,0.0,0.45198486799343235,0.49818819300847456
1/2-1/2,1-0,0.0,0.45360921719238273,0.49853667534284424
1-0,1-0,0.0,0.45905574243366976,0.4996986115286772
1/2-1/2,1-0,0.0,0.4578184150361431,0.4994238413994659
1-0,1-0,0.0,0.46449868865070776,0.5034493164231993
0-1,1-0,0.0,0.462056817779186,0.5059963064549611
0-1,1-0,0.0,0.46358005108541955,0.5011474611410571
0-1,1-0,0.0,0.46113112908140413,0.5002192820527307
1/2-1/2,1-0,0.0,0.4388502246087445,0.4947877621827834
1-0,1-0,0.0,0.4645196032281647,0.5034061448633801
1-0,1-0,0.0,0.4181935529084999,0.4868327000159053
0-1,1-0,0.0,0.4598866408864939,0.49989469579253354
0-1,1-0,0.0,0.4594548164310021,0.4997912768639151
0-1,1-0,0.0,0.46295778630454293,0.5008417544039222
1-0,1-0,0.0,0.461819075586972,0.5004247345441648
0-1,1-0,0.0,0.4463562757517495,0.4968760940177145
0-1,1-0,0.0,0.4564799661901657,0.49913898096288256
0-1,1-0,0.0,0.4564321756224806,0.4991289344004094
1-0,1-0,0.0,0.45494474972638504,0.5102123524487326
0-1,1-0,0.0,0.45703197952903873,0.4992555095308515
0-1,1-0,0.0,0.4632059451286941,0.5050358681155755
0-1,1-0,0.0,0.4638942682911544,0.5013440899589682
0-1,1-0,0.0,0.45850828163565666,0.4995750795200952
1-0,1-0,0.0,0.46430660391491335,0.5037837030646526
1-0,1-0,0.0,0.46179379106207985,0.5061943064526382
1-0,1-0,0.0,0.46363540370506223,0.5011793729887937
0-1,1-0,0.0,0.4617035538415045,0.500388439096074
1-0,1-0,0.0,0.43737695375315316,0.49432773884680153
1-0,1-0,0.0,0.4580300428692,0.49946980567959975
1-0,1-0,0.0,0.4620691137559302,0.5005063051366115
0-1,1-0,0.0,0.4576621724477623,0.4993901126202175
0-1,1-0,0.0,0.4527958797700814,0.49836338612874437
1-0,1-0,0.0,0.46413179196248583,0.5015266424034484
0-1,1-0,0.0,0.45867283697802624,0.4996118315280694
1-0,1-0,0.0,0.4572017710385271,0.4992915788074251
0-1,1-0,0.0,0.464174590977969,0.5015641545003546
1-0,1-0,0.0,0.4592356838138328,0.49974008546309207
0-1,1-0,0.0,0.42267034378802243,0.48882523140279355
1-0,1-0,0.0,0.45792510390819086,0.5086510814269181
0-1,1-0,0.0,0.44932716674562123,0.4975920525085253
1-0,1-0,0.0,0.4221144348157718,0.4885855872564016
1-0,1-0,0.0,0.4589057700387246,0.4996643971075872
0-1,1-0,0.0,0.46422963686653235,0.5038979191204318
0-1,1-0,0.0,0.4644256825530919,0.5035873469700579
0-1,1-0,0.0,0.4144841048516182,0.4850755708650278
1/2-1/2,1-0,0.0,0.4528860908122401,0.4983827157181098
1-0,1-0,0.0,0.4493057719863029,0.4975870958982147
1-0,1-0,0.0,0.4610529442412567,0.5001973627025089
1-0,1-0,0.0,0.4392317707631291,0.49490416990487607
1-0,1-0,0.0,0.4143743071208349,0.4850221297456967
0-1,1-0,0.0,0.4593647776118463,0.4997701470860505
0-1,1-0,0.0,0.46099126849443234,0.5001802463245278
1-0,1-0,0.0,0.46443652712877104,0.5035678876140892
1-0,1-0,0.0,0.4537908171430596,0.4985750939385066
0-1,1-0,0.0,0.4533111380371001,0.49847341255574334
1-0,1-0,0.0,0.4616962847109254,0.5003861823361405
0-1,1-0,0.0,0.4641848134441841,0.50157337789929
0-1,1-0,0.0,0.46438543819420386,0.5017815872770826
1/2-1/2,1-0,0.0,0.4515255888339442,0.4980877359943433
0-1,1-0,0.0,0.4645223570139792,0.5019723657807211
0-1,1-0,0.0,0.4387910769846317,0.49476961619935406
1-0,1-0,0.0,0.4640149269244895,0.5014320581251325
0-1,1-0,0.0,0.45735796654724414,0.4993248784747676
1/2-1/2,1-0,0.0,0.46468121727640066,0.5029379266600247
0-1,1-0,0.0,0.4646148804661349,0.5031752960687005
1-0,1-0,0.0,0.45177768935203366,0.4981429958411562
0-1,1-0,0.0,0.46459396582162976,0.5032324905407551
0-1,1-0,0.0,0.4601190428870704,0.4999519772746815
0-1,1-0,0.0,0.4481034365307935,0.4973040476517155
0-1,1-0,0.0,0.462935553104528,0.5008322072757764
1-0,1-0,0.0,0.45160031685435703,0.4981041469120193
1-0,1-0,0.0,0.4625202691486793,0.5006660909594417
0-1,1-0,0.0,0.46470270613920267,0.5024788814104223
1-0,1-0,0.0,0.4604998066023861,0.5000487629288136
0-1,1-0,0.0,0.4646963103639859,0.502434744344577
1-0,1-0,0.0,0.46374890488944565,0.501248169432329
1-0,1-0,0.0,0.46210102977023587,0.5005170408243788
0-1,1-0,0.0,0.4644358633709245,0.5018452583008037
1-0,1-0,0.0,0.463637602862085,0.5011806618170322
0-1,1-0,0.0,0.45309395654710855,0.49842714593593523
1-0,1-0,0.0,0.4592659697580053,0.4997471141523396
0-1,1-0,0.0,0.4506675497895838,0.4978973465127727
0-1,1-0,0.0,0.46084825193564183,0.5068623973768243
1-0,1-0,0.0,0.46286032144303996,0.5053452531969893
1-0,1-0,0.0,0.45834440632783,0.508413296261147
1-0,1-0,0.0,0.4638536169341305,0.5013162683137126
1-0,1-0,0.0,0.4627470975329499,0.5007541272188548
0-1,1-0,0.0,0.4533162691378477,0.4984745038182607
0-1,1-0,0.0,0.4618080085635163,0.5004212214772615
0-1,1-0,0.0,0.46408006568644966,0.50148347217147
1-0,1-0,0.0,0.4620790411075051,0.5005096361108363
0-1,1-0,0.0,0.45618396756467733,0.499076834488985
1-0,1-0,0.0,0.46026978289655857,0.507244529657218
1-0,1-0,0.0,0.4459477219576566,0.496773033455586
0-1,1-0,0.0,0.44648807528782664,0.4969090949417502
1-0,1-0,0.0,0.4505717184144315,0.4978758489845411
0-1,1-0,0.0,0.4646227507230757,0.5031523544840476
0-1,1-0,0.0,0.4646610125268758,0.5022811796484049
0-1,1-0,0.0,0.4637273656833785,0.5012347397772792
1-0,1-0,0.0,0.46031578860108574,0.5072147586903432
0-1,1-0,0.0,0.4471598702039547,0.4970754615803477
0-1,1-0,0.0,0.4547823846858644,0.5102917971016996
0-1,1-0,0.0,0.46184270913609593,0.5004322629460989
1-0,1-0,0.0,0.46278120048533766,0.5007678992396342
1-0,1-0,0.0,0.46253791557196633,0.5006727320723681
0-1,1-0,0.0,0.46334582617346226,0.5010222889616222
1-0,1-0,0.0,0.459549354708442,0.4998136144198431
1-0,1-0,0.0,0.46469918357419887,0.5024532118829822
1-0,1-0,0.0,0.4586805955997609,0.4996135718604353
0-1,1-0,0.0,0.4619691381425893,0.5004731661921935
1-0,1-0,0.0,0.4553553517327959,0.4989034521207101
0-1,1-0,0.0,0.45581157434133707,0.4989988498985495
0-1,1-0,0.0,0.4569336285643499,0.49923467165176777
1-0,1-0,0.0,0.4615168023162388,0.5003314163376834
1-0,1-0,0.0,0.4636461069385917,0.5011856612510021
0-1,1-0,0.0,0.44203216378261345,0.49572444425825896
1-0,1-0,0.0,0.461649596784531,0.5003717615067441
0-1,1-0,0.0,0.45390763347271845,0.4985997619994158
1-0,1-0,0.0,0.46075329428770107,0.5001155494271312
1-0,1-0,0.0,0.4535183818359194,0.49851742454867726
1-0,1-0,0.0,0.45904649657228563,0.49969649323977217
1-0,1-0,0.0,0.4647040925375285,0.5027943628967786
0-1,1-0,0.0,0.46450442396987596,0.5019436617412395
0-1,1-0,0.0,0.44532299218116583,0.4966131804813434
1-0,1-0,0.0,0.4632463307081054,0.5009732088617854
1-0,1-0,0.0,0.4559242508974727,0.4990224288933085
1-0,1-0,0.0,0.4580228466152718,0.49946823702221954
0-1,1-0,0.0,0.46320906866686873,0.5050329644507621
0-1,1-0,0.0,0.44371418597392154,0.496188651526382
0-1,1-0,0.0,0.4574942931424739,0.49935404615778556
0-1,1-0,0.0,0.4640553293294562,0.5041322078754951
0-1,1-0,0.0,0.45543990872882667,0.49892112980398484
0-1,1-0,0.0,0.4647125177400945,0.5026660869806572
1-0,1-0,0.0,0.46360037306817947,0.5011590612977724
1-0,1-0,0.0,0.4417939006832022,0.4956569746651568
1-0,1-0,0.0,0.45619898292206723,0.499079982957499
1-0,1-0,0.0,0.46270119352398853,0.5007358220680376
0-1,1-0,0.0,0.45292671929896106,0.49839141168727547
1-0,1-0,0.0,0.46321953524095555,0.5009603511353576
0-1,1-0,0.0,0.4645946343207483,0.5032307365248785
1-0,1-0,0.0,0.44850122682342414,0.49739868921900615
0-1,1-0,0.0,0.4240092861259564,0.48939323449949196
1-0,1-0,0.0,0.43960043942975763,0.4950155850959782
1-0,1-0,0.0,0.45318429037872165,0.4984464085559994
1-0,1-0,0.0,0.45763572348560644,0.4993844189206766
1-0,1-0,0.0,0.464696767411978,0.5024375631977083
0-1,1-0,0.0,0.4503069594284992,0.4978162009075477
0-1,1-0,0.0,0.4242790038298021,0.48950607241863714
0-1,1-0,0.0,0.463464183197723,0.5047878954595868
1-0,1-0,0.0,0.4551081321464016,0.4988517580157575
1-0,1-0,0.0,0.4617889452237901,0.5061978974016628
0-1,1-0,0.0,0.455873395696873,0.49901178533396023
1-0,1-0,0.0,0.45310255387285087,0.49842898038155425
1-0,1-0,0.0,0.46466674987074325,0.50230101261942
1/2-1/2,1-0,0.0,0.46214605092314986,0.5059276696340237
1-0,1-0,0.0,0.454643899291526,0.49875456747608465
1-0,1-0,0.0,0.45623148461712726,0.4990867993497938
0-1,1-0,0.0,0.4613649330781106,0.5002864156006392
0-1,1-0,0.0,0.4600750787679074,0.49994104453044985
1-0,1-0,0.0,0.4566993416677715,0.49918517446342087
1-0,1-0,0.0,0.4538415424325089,0.4985858097605325
1-0,1-0,0.0,0.46292983305339713,0.5052847745826096
0-1,1-0,0.0,0.46170774508596385,0.5003897417261594
0-1,1-0,0.0,0.4592339084719697,0.4997396738903241
1-0,1-0,0.0,0.4643368945485567,0.5017254908211558
1-0,1-0,0.0,0.4640780339964346,0.5014818210357472
0-1,1-0,0.0,0.45497563763022714,0.498824039947185
0-1,1-0,0.0,0.46466053552455067,0.5022795847977624
1-0,1-0,0.0,0.44693177868669415,0.497019318805798
0-1,1-0,0.0,0.4604354571766209,0.5000321247002042
0-1,1-0,0.0,0.45493812006432177,0.49881618874740097
1-0,1-0,0.0,0.464668224237095,0.5029957271822265
1-0,1-0,0.0,0.46300733941482014,0.5052163635068014
1/2-1/2,1-0,0.0,0.44514579230922874,0.4965673360778251
1-0,1-0,0.0,0.46367569333124786,0.5012032514208421
1-0,1-0,0.0,0.4616105425992189,0.5003597948000114
1-0,1-0,0.0,0.4620474556961194,0.5060034627055834
0-1,1-0,0.0,0.44844874802336915,0.497386260890507
0-1,1-0,0.0,0.46414270668327223,0.5015360460231734
1-0,1-0,0.0,0.45753929763595397,0.4993636980557977
1-0,1-0,0.0,0.4543715960965398,0.4986974318485715
1-0,1-0,0.0,0.45980595356140747,0.49987508980257706
1-0,1-0,0.0,0.4645140444098307,0.5034178103385998
1-0,1-0,0.0,0.42234160738907395,0.4886837875053766
0-1,1-0,0.0,0.45685724943444717,0.49921851438195947
1-0,1-0,0.0,0.4641815342178559,0.5015704075574402
1-0,1-0,0.0,0.46405150313004356,0.5014605485556779
1-0,1-0,0.0,0.464475309751622,0.5018999040545967
0-1,1-0,0.0,0.4632421626592534,0.5050020669783891
0-1,1-0,0.0,0.4640460817681039,0.5041438971238043
1-0,1-0,0.0,0.4616533758770576,0.5003729240800224
1-0,1-0,0.0,0.46076505495482967,0.5001186991147092
0-1,1-0,0.0,0.44803077614424996,0.4972866514422934
1-0,1-0,0.0,0.46413772525912084,0.5015317408882016
0-1,1-0,0.0,0.4639609371786179,0.5042486991614729
1-0,1-0,0.0,0.4593440179811065,0.49976529466409125
1-0,1-0,0.0,0.46150165196592186,0.5003268741260756
1-0,1-0,0.0,0.4542607565107347,0.4986741389249333
0-1,1-0,0.0,0.4626898849364579,0.5007313524499776
0-1,1-0,0.0,0.46353676142781997,0.5011231783869499
0-1,1-0,0.0,0.45465155479605196,0.49875617216528634
1-0,1-0,0.0,0.46415505433501303,0.5015468161687738
1-0,1-0,0.0,0.46408561793542913,0.5014880009324095
0-1,1-0,0.0,0.4640992404864195,0.5040757939434279
0-1,1-0,0.0,0.4619929712581223,0.5060449451528093
0-1,1-0,0.0,0.4585381172278308,0.499581721032454
0-1,1-0,0.0,0.4569417983309453,0.49923640116770895
0-1,1-0,0.0,0.46020105604876554,0.4999724990459204
1-0,1-0,0.0,0.46083186484944644,0.5068734688491393
1/2-1/2,1-0,0.0,0.4572851407537683,0.4993093375367311
1-0,1-0,0.0,0.46291217160941905,0.500822247371063
0-1,1-0,0.0,0.4635073442273801,0.5011069955376298
0-1,1-0,0.0,0.46136225770555955,0.5065068565603492
1-0,1-0,0.0,0.45788849795068487,0.4994390257397811
0-1,1-0,0.0,0.45099967488612636,0.4979714800314041
1/2-1/2,1-0,0.0,0.4604991473554608,0.50709507854298
0-1,1-0,0.0,0.46342256438600976,0.5048290283089293
0-1,1-0,0.0,0.46272992094280924,0.5007472469199249
0-1,1-0,0.0,0.436948860349078,0.49419092427121225
0-1,1-0,0.0,0.46469470456719064,0.5024251500134028
1-0,1-0,0.0,0.46468835055513835,0.5023909829090238
1-0,1-0,0.0,0.4645521984300853,0.5033345333977122
0-1,1-0,0.0,0.4644183055902743,0.5018223796201993
1-0,1-0,0.0,0.4626293551172947,0.5007076880434439
1-0,1-0,0.0,0.4646486472509013,0.5022421029920643
0-1,1-0,0.0,0.44047463043103724,0.49527560651052105
0-1,1-0,0.0,0.4481674414968094,0.49731934354425356
0-1,1-0,0.0,0.45998298253791364,0.49991829116371406
0-1,1-0,0.0,0.4627977087188551,0.5007746202757172
1-0,1-0,0.0,0.43302877420876795,0.4928722282597367
1-0,1-0,0.0,0.46225709357558376,0.5058411320698751
0-1,1-0,0.0,0.4588371538390398,0.49964884267036774
1/2-1/2,1-0,0.0,0.4564524466233005,0.4991331951202381
0-1,1-0,0.0,0.45211512697987316,0.4982165133127353
0-1,1-0,0.0,0.4620801003313304,0.5005099919589213
1-0,1-0,0.0,0.453743766336333,0.49856514846292166
1-0,1-0,0.0,0.4647055756871797,0.5027803931895664
1-0,1-0,0.0,0.46205385818247835,0.5005012008412506
1-0,1-0,0.0,0.4647103678295027,0.5025608016083828
0-1,1-0,0.0,0.45767405139663037,0.4993926712731379
1-0,1-0,0.0,0.4647070998525394,0.5027644782944508
1-0,1-0,0.0,0.4594798769708589,0.4997971827286978
0-1,1-0,0.0,0.4626910232072598,0.5007318016385587
0-1,1-0,0.0,0.4635697207715779,0.5011416143537499
1-0,1-0,0.0,0.45376795664841013,0.49857026246448294
0-1,1-0,0.0,0.45918462104279373,0.5079201614771066
0-1,1-0,0.0,0.4248919283012592,0.4897605105877735
0-1,1-0,0.0,0.46466932116641413,0.502310328158857
0-1,1-0,0.0,0.45092930809495135,0.49795582090022933
0-1,1-0,0.0,0.4646784962601399,0.5023462084390332
1-0,1-0,0.0,0.4420404503988584,0.4957267830982279
1-0,1-0,0.0,0.46369255426592976,0.5012134163938867
1-0,1-0,0.0,0.4558479822323181,0.4990064674424981
1-0,1-0,0.0,0.4628373527326722,0.5053650633225149
1-0,1-0,0.0,0.4640458397663877,0.5014560753145755
0-1,1-0,0.0,0.46029681782400506,0.5072270472207117
1-0,1-0,0.0,0.4646889424267872,0.5023939522035588
0-1,1-0,0.0,0.45962078888749014,0.4998306007292998
1-0,1-0,0.0,0.46463325482145185,0.5021987656301108
0-1,1-0,0.0,0.4512000328460766,0.4980159302286853
1-0,1-0,0.0,0.46471175325691944,0.5026924444570291
1-0,1-0,0.0,0.4644507480379835,0.5018653179771283
1-0,1-0,0.0,0.46451839237668174,0.5019658924993761
0-1,1-0,0.0,0.4646731655638697,0.502974825897137
1-0,1-0,0.0,0.4646903442232515,0.5028901538860023
1-0,1-0,0.0,0.4567989460080734,0.49920619482559386
0-1,1-0,0.0,0.45736153495267645,0.4993256406700598
0-1,1-0,0.0,0.45232823891575397,0.4982626920209737
0-1,1-0,0.0,0.4635352467289974,0.501122338965487
0-1,1-0,0.0,0.46455354505692836,0.5033314430475854
0-1,1-0,0.0,0.4646973062668961,0.5028469698288042
0-1,1-0,0.0,0.4615270155974301,0.5003344852143803
0-1,1-0,0.0,0.4625606023522724,0.5006813190102819
0-1,1-0,0.0,0.46459557231834275,0.5032282678396571
1-0,1-0,0.0,0.46389526264981573,0.5013447810783058
1-0,1-0,0.0,0.46439914007201105,0.5017982898561443
0-1,1-0,0.0,0.46301585211201907,0.5008670512409209
0-1,1-0,0.0,0.46312454202172687,0.5009159037475803
0-1,1-0,0.0,0.4633699103461579,0.50488038525968
1-0,1-0,0.0,0.4613479267512945,0.5002814476552492
0-1,1-0,0.0,0.45909448647970386,0.49970750127256164
0-1,1-0,0.0,0.46469840083292846,0.5028393832866174
1-0,1-0,0.0,0.46061703584978897,0.5000793945916203
1-0,1-0,0.0,0.43591819267308873,0.493855718746155
1-0,1-0,0.0,0.45499407646693835,0.49882789816020606
1-0,1-0,0.0,0.45959297112257297,0.5076715397434172
1-0,1-0,0.0,0.46208736632286745,0.5005124352854066
1-0,1-0,0.0,0.45839131831078106,0.4995491323618698
0-1,1-0,0.0,0.45607566613795797,0.4990541361605634
1-0,1-0,0.0,0.46467127076344444,0.5029829780921302
1-0,1-0,0.0,0.4631054271742497,0.5009071633730195
0-1,1-0,0.0,0.4381098935403428,0.4945586909187514
0-1,1-0,0.0,0.46061227357168066,0.5000781418942248
0-1,1-0,0.0,0.4620882831949918,0.5005127438872972
1-0,1-0,0.0,0.4614113205378878,0.5003000378798003
0-1,1-0,0.0,0.4645849355849936,0.5032557638681842
0-1,1-0,0.0,0.45835381137886844,0.5084079024403464
1-0,1-0,0.0,0.46420291006568964,0.503935813515143
0-1,1-0,0.0,0.464684696553307,0.5029206090479666
0-1,1-0,0.0,0.44923009661491525,0.4975695419793943
1-0,1-0,0.0,0.45882352474296895,0.5081349726062636
0-1,1-0,0.0,0.46173011011038667,0.5003967104704655
1-0,1-0,0.0,0.4286128116563268,0.49124540984225745
1/2-1/2,1-0,0.0,0.46198490140966675,0.5004783431898121
1-0,1-0,0.0,0.4540061839997625,0.49862054714757864
0-1,1-0,0.0,0.4569637941893441,0.5091778196641062
0-1,1-0,0.0,0.44804999321555117,0.4972912556567917
1-0,1-0,0.0,0.46454774216826583,0.5033446791177515
1-0,1-0,0.0,0.46144965836925983,0.5003113767725099
1-0,1-0,0.0,0.4608137793535918,0.5001317993158477
1-0,1-0,0.0,0.44242351554040277,0.49583433667271254
1-0,1-0,0.0,0.4620349840015221,0.5004949098541521
1-0,1-0,0.0,0.4646053189437027,0.5021304940376423
1-0,1-0,0.0,0.45830193694614124,0.49952939584035977
1-0,1-0,0.0,0.43937559805619736,0.4949477601588274
1-0,1-0,0.0,0.4632545742637461,0.5049904154415298
1-0,1-0,0.0,0.4645142521681909,0.5034173769320215
0-1,1-0,0.0,0.394868870011051,0.47431165524665714
0-1,1-0,0.0,0.4354473518492749,0.49369985260763927
1-0,1-0,0.0,0.4423249497094431,0.49580676760958553
1-0,1-0,0.0,0.46467638463599725,0.5029605426690539
0-1,1-0,0.0,0.4573415977550864,0.499321383026064
1-0,1-0,0.0,0.4467205832108602,0.49696702138026266
1-0,1-0,0.0,0.455825516158171,0.499001766783106
1-0,1-0,0.0,0.4567203244631738,0.49918960001830787
1-0,1-0,0.0,0.45788630791329993,0.4994385506987104
1-0,1-0,0.0,0.4541805662505163,0.4986572721907372
0-1,1-0,0.0,0.4520567084732016,0.4982038212831206
0-1,1-0,0.0,0.4616253266284998,0.5003643146568371
1-0,1-0,0.0,0.4490742469344368,0.4975332823307899
0-1,1-0,0.0,0.46440703821590196,0.5018081109354516
1-0,1-0,0.0,0.464710417761121,0.5027199060561272
0-1,1-0,0.0,0.45752295238421203,0.49936019119883196
1-0,1-0,0.0,0.461363979673688,0.5065056366727231
1-0,1-0,0.0,0.46470723162971617,0.5027630089847479
1-0,1-0,0.0,0.45254930322022774,0.5113346461296726
0-1,1-0,0.0,0.46167781004527303,0.5062797220246151
1-0,1-0,0.0,0.44522544575245654,0.496587971376092
1-0,1-0,0.0,0.4631107731525552,0.5009096012440256
0-1,1-0,0.0,0.46005614503865944,0.49993635049944707
0-1,1-0,0.0,0.4567358911850919,0.49919288413778307
1-0,1-0,0.0,0.45523758911229023,0.4988788305130457
0-1,1-0,0.0,0.4287892294155945,0.4913132417052379
0-1,1-0,0.0,0.4644297725922682,0.5035800452386194
1-0,1-0,0.0,0.4548097710881036,0.49878931946726707
0-1,1-0,0.0,0.46465817882986266,0.5030351078213238
1-0,1-0,0.0,0.452840139863694,0.4983728734471606
1/2-1/2,1-0,0.0,0.4640660743595622,0.5014721660869189
1-0,1-0,0.0,0.46469357173524695,0.5028710808175018
1-0,1-0,0.0,0.46206052701078815,0.5059934688445958
1-0,1-0,0.0,0.4634358633828637,0.501068679628862
1-0,1-0,0.0,0.46361766125706094,0.5011690346225235
0-1,1-0,0.0,0.4647115512466959,0.5026974344784703
0-1,1-0,0.0,0.4640277164236239,0.5014419142793882
0-1,1-0,0.0,0.4646810793773988,0.5023572063071778
0-1,1-0,0.0,0.4607604831602373,0.50011747415388
1-0,1-0,0.0,0.4617412102057502,0.5004001803466566
1-0,1-0,0.0,0.4595579434362412,0.4998156517360551
1-0,1-0,0.0,0.4641118780378259,0.5015097569638081
1-0,1-0,0.0,0.46388423836776377,0.5013371475615782
1-0,1-0,0.0,0.46428656263946183,0.5038142402996245
0-1,1-0,0.0,0.4551335073849801,0.49885706523815565
1/2-1/2,1-0,0.0,0.44496434817546066,0.49652016116403713
0-1,1-0,0.0,0.43826858607880387,0.49460814914265894
1-0,1-0,0.0,0.4645417397056408,0.5020051621640258
0-1,1-0,0.0,0.46410763665039534,0.501506204540456
0-1,1-0,0.0,0.4635586076101682,0.5011353613459253
0-1,1-0,0.0,0.462718229552207,0.5007425849467755
0-1,1-0,0.0,0.4607258711034633,0.5001082233984336
1-0,1-0,0.0,0.4644446855600967,0.5018570705579387
1-0,1-0,0.0,0.46328139032157234,0.504965119956465
0-1,1-0,0.0,0.4570877731649384,0.49926734809703077
1-0,1-0,0.0,0.4605693272347437,0.5070488239406278
1-0,1-0,0.0,0.44735226371301207,0.4971225465240261
0-1,1-0,0.0,0.4545575872778505,0.4987364696707049
1-0,1-0,0.0,0.4624972718424807,0.5006574852168016
1-0,1-0,0.0,0.4601637541017409,0.4999631443028356
1-0,1-0,0.0,0.46470152228116546,0.5024698009546764
1-0,1-0,0.0,0.45863295662211595,0.4996028969010827
0-1,1-0,0.0,0.46356797024033924,0.501140626867082
1-0,1-0,0.0,0.46456899337401797,0.5020550222555386
1-0,1-0,0.0,0.4620525558602699,0.5005007659110291
1-0,1-0,0.0,0.46371392415191676,0.5045295232828549
1-0,1-0,0.0,0.46320688869932963,0.5009543331174487
1-0,1-0,0.0,0.4641300355370452,0.5015251391473523
0-1,1-0,0.0,0.4617825363615588,0.5004131651277522
0-1,1-0,0.0,0.45558872684136253,0.49895224329273274
0-1,1-0,0.0,0.4591954804798126,0.499730777145565
1-0,1-0,0.0,0.4568801060463085,0.49922334725003364
1-0,1-0,0.0,0.45399422049615157,0.49861802515297277
1-0,1-0,0.0,0.46460213392315847,0.5021233610885494
0-1,1-0,0.0,0.4636286098953722,0.504620216624568
1-0,1-0,0.0,0.46450917814749154,0.5034279059637894
1-0,1-0,0.0,0.44969148335723913,0.4976760410436795
1-0,1-0,0.0,0.46471260275589754,0.5026612286147449
0-1,1-0,0.0,0.44761325442764066,0.4971860266921166
0-1,1-0,0.0,0.45541516224159845,0.49891595627787955
1/2-1/2,1-0,0.0,0.46437402109154047,0.5017679782373564
0-1,1-0,0.0,0.4619526801784922,0.5004677797404966
1-0,1-0,0.0,0.44903253277652627,0.4975235523304429
1-0,1-0,0.0,0.4417281112641968,0.4956382693971131
1-0,1-0,0.0,0.4450277891044606,0.49653668241572196
0-1,1-0,0.0,0.45267878706550035,0.4983382521023708
1-0,1-0,0.0,0.45712945217734235,0.4992762004208655
1-0,1-0,0.0,0.4594958504123512,0.4998009528565091
0-1,1-0,0.0,0.4642224327931003,0.5039082151607934
1-0,1-0,0.0,0.4583644624295216,0.4995431941073586
1-0,1-0,0.0,0.4536155778438433,0.4985380224884678
0-1,1-0,0.0,0.4639375877986719,0.5013746931203892
0-1,1-0,0.0,0.4647096391478188,0.5027322685690897
0-1,1-0,0.0,0.45786091217728153,0.49943304468507016
0-1,1-0,0.0,0.46434590313128954,0.5017355657105602
1-0,1-0,0.0,0.45457227862986765,0.4987395509018484
1-0,1-0,0.0,0.463813797754981,0.5012897953778416
0-1,1-0,0.0,0.4627597133105756,0.5007592044745838
1-0,1-0,0.0,0.4643437842359533,0.503725348975013
0-1,1-0,0.0,0.46184387325443677,0.5061570773531124
0-1,1-0,0.0,0.4601848175115212,0.49996842235065203
1-0,1-0,0.0,0.4442573389206149,0.49633407841610444
1-0,1-0,0.0,0.44631411583630554,0.4968655124353229
0-1,1-0,0.0,0.4646618161719396,0.5030212742325271
1-0,1-0,0.0,0.4629115736438078,0.5008219937175483
0-1,1-0,0.0,0.4643063549889696,0.5016923557710847
0-1,1-0,0.0,0.4632707897927764,0.50098507514731
1-0,1-0,0.0,0.45497670263671186,0.498824262800786
0-1,1-0,0.0,0.4626383390082733,0.5055333539946829
1-0,1-0,0.0,0.46385499287824544,0.5013171965349116
1-0,1-0,0.0,0.4541519963557848,0.498651259818035
1-0,1-0,0.0,0.4603976502110718,0.5000224052938779
0-1,1-0,0.0,0.4520635711979724,0.49820531304092314
0-1,1-0,0.0,0.4484313549523369,0.49738213794271724
1-0,1-0,0.0,0.46467580827258337,0.5023352192282506
1-0,1-0,0.0,0.4623552303847526,0.5057635528843084
0-1,1-0,0.0,0.4496742677669195,0.49767208965578885
1-0,1-0,0.0,0.4611958385710564,0.5002376180727304
1-0,1-0,0.0,0.46344798865126385,0.5010750824975577
0-1,1-0,0.0,0.4553015303324092,0.4988921996571466
1-0,1-0,0.0,0.4643206474808277,0.501707673438861
1-0,1-0,0.0,0.4516717072923512,0.49811980056446004
1-0,1-0,0.0,0.4633657857266251,0.5010324031977238
0-1,1-0,0.0,0.46430369732590976,0.5016895427015342
1-0,1-0,0.0,0.44296797632424056,0.49598531303834653
1-0,1-0,0.0,0.44751325561446426,0.4971617573724885
0-1,1-0,0.0,0.4609701822837474,0.5001744287093464
1-0,1-0,0.0,0.46173469729172517,0.5003981435130678
1-0,1-0,0.0,0.4567877537322286,0.49920383121529527
1-0,1-0,0.0,0.4575053060903389,0.49935640696209344
1-0,1-0,0.0,0.46442543897231403,0.5018315771118342
0-1,1-0,0.0,0.4647058716087846,0.5027774426687892
1-0,1-0,0.0,0.4640486819334349,0.5014583173099856
1-0,1-0,0.0,0.44106725227696636,0.4954485553841013
0-1,1-0,0.0,0.46471094468495916,0.5025709311080414
1-0,1-0,0.0,0.4633136543688076,0.5010061800532882
0-1,1-0,0.0,0.46185944187080136,0.5004376149931579
1-0,1-0,0.0,0.46284353112527016,0.5007934674125762
0-1,1-0,0.0,0.4646085826086223,0.5031930555613324
0-1,1-0,0.0,0.46337462302139854,0.5010369114908138
0-1,1-0,0.0,0.46363897896357287,0.5011814691277593
1-0,1-0,0.0,0.4625990831053828,0.5055658835397739
0-1,1-0,0.0,0.4608054286634816,0.5001295482255407
1-0,1-0,0.0,0.4624116765736656,0.5057184385258006
1-0,1-0,0.0,0.4618770918938171,0.5004432803473517
0-1,1-0,0.0,0.4637260255277915,0.501233910261734
0-1,1-0,0.0,0.46450782979989935,0.5034306845877379
1-0,1-0,0.0,0.45799647218506845,0.49946249139559856
0-1,1-0,0.0,0.460700350282151,0.5001014283520425
0-1,1-0,0.0,0.46465346786351747,0.5030524015340659
1-0,1-0,0.0,0.44348704812439194,0.4961271937342574
1-0,1-0,0.0,0.4597043912507764,0.49985060349054605
0-1,1-0,0.0,0.4620732622064855,0.5005076961792462
1-0,1-0,0.0,0.4639528896324954,0.5013857543308741
0-1,1-0,0.0,0.45796070697431934,0.4994547087609959
1-0,1-0,0.0,0.4489408497792984,0.49750212973336033
0-1,1-0,0.0,0.4549757405992223,0.4988240614935843
1-0,1-0,0.0,0.46055713735119014,0.500063690414353
1-0,1-0,0.0,0.4626604673358949,0.5007197975150705
1-0,1-0,0.0,0.46455510182579524,0.5033278559822422
0-1,1-0,0.0,0.4620707118965409,0.5005068408649825
0-1,1-0,0.0,0.4496993496895828,0.4976778459838568
1-0,1-0,0.0,0.4644515408428326,0.5035404006231379
1-0,1-0,0.0,0.46436806216915494,0.501760981435833
1-0,1-0,0.0,0.4541015600309062,0.4986406415886285
0-1,1-0,0.0,0.46467122509999104,0.50231741622916
1-0,1-0,0.0,0.45620504315299515,0.4990812537950122
1-0,1-0,0.0,0.44750055468369204,0.49715867019019483
0-1,1-0,0.0,0.45284672457500263,0.49837428429795483
1-0,1-0,0.0,0.4583780179736586,0.49954619056324817
0-1,1-0,0.0,0.4647115785198722,0.5025841807662375
1-0,1-0,0.0,0.459542037271022,0.499811879726634
0-1,1-0,0.0,0.4646752700527413,0.5029655531565644
1-0,1-0,0.0,0.4623326959874965,0.5005974391796045
1-0,1-0,0.0,0.4641541348909853,0.5015460092643449
1-0,1-0,0.0,0.4639624255553712,0.5013927169516821
1-0,1-0,0.0,0.46441421988756726,0.5018171696447087
1-0,1-0,0.0,0.4509481872263539,0.4979600246573555
1-0,1-0,0.0,0.4611806403896212,0.5066343931763907
0-1,1-0,0.0,0.4621934276597136,0.5005485706140322
1-0,1-0,0.0,0.4604828181198461,0.5000443585368156
1-0,1-0,0.0,0.46099046262419296,0.5001800236703788
0-1,1-0,0.0,0.4646697218339485,0.5029895130215418
1-0,1-0,0.0,0.4632843042169508,0.5009916860261941
0-1,1-0,0.0,0.46436599448133,0.5036893203176257
0-1,1-0,0.0,0.4599591910964194,0.4999124450396149
1/2-1/2,1-0,0.0,0.4610563638074081,0.500198316149836
1-0,1-0,0.0,0.4606831585429009,0.5000968631851357
0-1,1-0,0.0,0.4640843073595871,0.5014869297555166
1-0,1-0,0.0,0.4582159517883301,0.4995104803478097
1-0,1-0,0.0,0.46296176285989715,0.5008434699428086
0-1,1-0,0.0,0.4638440422695721,0.5013098345187537
0-1,1-0,0.0,0.4637395729430129,0.5045016979889708
1-0,1-0,0.0,0.45509284879749107,0.4988485613255385
1-0,1-0,0.0,0.45327009487657965,0.4984646806820401
1-0,1-0,0.0,0.46441391811444255,0.5018167864733208
1/2-1/2,1-0,0.0,0.4594066220080217,0.4997799497556263
1-0,1-0,0.0,0.4647088792847911,0.5027429398047787
0-1,1-0,0.0,0.45310658784873137,0.49842984104168536
0-1,1-0,0.0,0.46444139412429863,0.5035590486945214
1-0,1-0,0.0,0.46448433836193864,0.5019131298264476
0-1,1-0,0.0,0.4647115307379666,0.502583072804402
0-1,1-0,0.0,0.4620564481678709,0.5005020661827585
0-1,1-0,0.0,0.46304305805339546,0.5008790906514639
0-1,1-0,0.0,0.46452884150393164,0.5019831193710389
1-0,1-0,0.0,0.4532865958069107,0.49846819186911895
1/2-1/2,1-0,0.0,0.4630174243884814,0.5008677437077609
1-0,1-0,0.0,0.4572648330815955,0.4993050086616703
1-0,1-0,0.0,0.4633853934383616,0.5010424313426556
0-1,1-0,0.0,0.4606221540974812,0.5070138377884419
1-0,1-0,0.0,0.4514563765335415,0.49807251290878135
0-1,1-0,0.0,0.45869485006675864,0.49961677109523606
1-0,1-0,0.0,0.46127116062779605,0.5002591925678652
1-0,1-0,0.0,0.460324359718569,0.5000036782442793
0-1,1-0,0.0,0.4591926338550715,0.4997301190020889
1-0,1-0,0.0,0.4608879962853756,0.5068354814076728
0-1,1-0,0.0,0.46224750536312675,0.500567347412276
0-1,1-0,0.0,0.4643921679982486,0.5036455975588727
1-0,1-0,0.0,0.4646684851859818,0.5023072680945153
1-0,1-0,0.0,0.4634847421207927,0.5010947294046191
1-0,1-0,0.0,0.4533869678341308,0.4984895314429757
1-0,1-0,0.0,0.45985681768715997,0.499887432984872
1-0,1-0,0.0,0.4620114023845324,0.5004870867017484
0-1,1-0,0.0,0.4533229150264114,0.49847591711787126
1-0,1-0,0.0,0.46034661948491673,0.5000093502978843
0-1,1-0,0.0,0.4641254517859882,0.5015212289521036
1-0,1-0,0.0,0.45113239386036663,0.4980009466716544
1-0,1-0,0.0,0.4643367109261107,0.5017252869466952
0-1,1-0,0.0,0.46427456665934475,0.5038322365591118
1-0,1-0,0.0,0.4536759462549864,0.4985508025834019
1-0,1-0,0.0,0.46013906280741673,0.4999569713160696
0-1,1-0,0.0,0.4568967683375815,0.4992268715597223
1-0,1-0,0.0,0.45653629554437875,0.4991508297418059
1/2-1/2,1-0,0.0,0.4575923416398685,0.49937508958751425
0-1,1-0,0.0,0.4557064667427486,0.4989768640605017
1-0,1-0,0.0,0.4414378492652802,0.4955553511344302
1-0,1-0,0.0,0.4498964582893768,0.49772295671862005
0-1,1-0,0.0,0.4554575932266046,0.49892482695191864
0-1,1-0,0.0,0.4440522415916723,0.49627941826762173
0-1,1-0,0.0,0.4637382816568823,0.5045031053738037
0-1,1-0,0.0,0.46443040430266486,0.503578913487579
0-1,1-0,0.0,0.46460916017486786,0.5021392527094831
1-0,1-0,0.0,0.45972111745981165,0.4998546218108055
1-0,1-0,0.0,0.4634118801676702,0.5010561267009468
0-1,1-0,0.0,0.46457207411779156,0.5032876745629262
0-1,1-0,0.0,0.4641876068083889,0.501575916897692
0-1,1-0,0.0,0.41567760320015884,0.4856512055763507
1-0,1-0,0.0,0.46358045837544104,0.5011476923438258
0-1,1-0,0.0,0.45170847923639257,0.4981278543041891
1-0,1-0,0.0,0.4461380826762043,0.4968211975478219
1-0,1-0,0.0,0.4642679242910488,0.5038421145044215
0-1,1-0,0.0,0.46466411121913137,0.5022917367205894
1-0,1-0,0.0,0.45389590279673087,0.4985972863603444
1-0,1-0,0.0,0.46325868954629107,0.5009791890385037
0-1,1-0,0.0,0.46365412294696146,0.5045933825662724
1-0,1-0,0.0,0.45658740622275124,0.5093776460176813
0-1,1-0,0.0,0.46430931540576126,0.5016955021165147
0-1,1-0,0.0,0.4580649049123863,0.4994774109323894
0-1,1-0,0.0,0.4638398963732994,0.5013070622631978
0-1,1-0,0.0,0.46449495709065897,0.5034568225190954
0-1,1-0,0.0,0.44498144730345257,0.4965246169506268
1-0,1-0,0.0,0.46099493033530725,0.5001812583747534
0-1,1-0,0.0,0.4608856768534019,0.5001512838311546
1-0,1-0,0.0,0.4604720397633922,0.5000415685989092
1-0,1-0,0.0,0.4414238727477392,0.49555134240326654
1-0,1-0,0.0,0.4646800452905089,0.5023527488483817
0-1,1-0,0.0,0.42742229033014645,0.49078154097684296
0-1,1-0,0.0,0.4453002972924645,0.49660732144618824
1-0,1-0,0.0,0.4643888106558259,0.5036512877166541
1-0,1-0,0.0,0.46464582909478197,0.5022337792387416
1-0,1-0,0.0,0.46469918218090117,0.502833795756394
1-0,1-0,0.0,0.4573594260897006,0.5089639900639682
1-0,1-0,0.0,0.45572597132433534,0.4989809433689971
1/2-1/2,1-0,0.0,0.4511584498588663,0.49800672134849666
1-0,1-0,0.0,0.4641595996463257,0.5039955613877938
0-1,1-0,0.0,0.45719879285999365,0.4992909450333137
0-1,1-0,0.0,0.4447380393859082,0.4964609903995897
0-1,1-0,0.0,0.46466146039560163,0.5030226472293431
0-1,1-0,0.0,0.45738392771217173,0.49933042519423715
0-1,1-0,0.0,0.4544655777418968,0.4987171648387093
1-0,1-0,0.0,0.4555227786335512,0.49893845496602074
1/2-1/2,1-0,0.0,0.45706796565829816,0.4992631437472132
0-1,1-0,0.0,0.4616734398182193,0.5003791102134633
1-0,1-0,0.0,0.42825101970053664,0.49110556909729497
0-1,1-0,0.0,0.45307708401952995,0.4984235450554337
1-0,1-0,0.0,0.4643149677239865,0.5017015474848159
1-0,1-0,0.0,0.4531462064085578,0.49843829089162867
1-0,1-0,0.0,0.4450025585015894,0.4965301153321023
1-0,1-0,0.0,0.45347161922031265,0.4985075048699234
1-0,1-0,0.0,0.44678399085554343,0.4969827545556023
0-1,1-0,0.0,0.46455688724357325,0.5033237226891639
1-0,1-0,0.0,0.458681012989339,0.49961366550464714
1-0,1-0,0.0,0.45135531142260193,0.49805024283750876
0-1,1-0,0.0,0.4629074423897539,0.5008202427010906
0-1,1-0,0.0,0.4622717818443365,0.5005758575308962
1-0,1-0,0.0,0.4639340536761264,0.5013721575502392
1-0,1-0,0.0,0.45960569616408276,0.4998270039028882
1-0,1-0,0.0,0.4626457444322667,0.5007140530189759
1-0,1-0,0.0,0.41877407260733235,0.48709907840864186
1-0,1-0,0.0,0.4639143720586766,0.5013581649070484
0-1,1-0,0.0,0.46292972585230435,0.5008297173839578
1/2-1/2,1-0,0.0,0.4527011680483094,0.49834306014223234
1-0,1-0,0.0,0.44608837019795283,0.4968086439051567
1-0,1-0,0.0,0.46434203601205354,0.501731223266148
0-1,1-0,0.0,0.4645022426636614,0.5019402672298809
1-0,1-0,0.0,0.46307809857548,0.5051529518219167
0-1,1-0,0.0,0.46433391856383877,0.5017221937915539
0-1,1-0,0.0,0.4645006848215616,0.5019378551388208
0-1,1-0,0.0,0.46288343898627954,0.5008101181924258
0-1,1-0,0.0,0.46413750633398543,0.5015315522024482
0-1,1-0,0.0,0.46237060886844344,0.5006110414069056
0-1,1-0,0.0,0.4616340005829241,0.5063117046574559
0-1,1-0,0.0,0.45793548760167657,0.49944922689396987
0-1,1-0,0.0,0.4490711352641636,0.49753255688466985
0-1,1-0,0.0,0.46468440127827204,0.5029221169429486
0-1,1-0,0.0,0.4639585858434222,0.5013899068980916
1-0,1-0,0.0,0.4645564276675538,0.5033247886180297
1-0,1-0,0.0,0.45961953885355555,0.4998303026637614
0-1,1-0,0.0,0.4561012787934458,0.4990595025760476
0-1,1-0,0.0,0.45834175963262386,0.4995381796596274
1-0,1-0,0.0,0.45929450236987296,0.49975374917017273
0-1,1-0,0.0,0.4341437123976857,0.49325936026068984
0-1,1-0,0.0,0.45239406704713303,0.4982769182875397
0-1,1-0,0.0,0.45781819425706066,0.49942379362071887
1-0,1-0,0.0,0.45676928827182256,0.49919993254633077
1-0,1-0,0.0,0.4633806567131413,0.5010400003087202
1-0,1-0,0.0,0.4585031021137578,0.4995739275022116
0-1,1-0,0.0,0.46457452892508494,0.5032816880171842
1-0,1-0,0.0,0.4647045906728062,0.5024945562909335
1/2-1/2,1-0,0.0,0.46194737782770623,0.5060794463438532
1-0,1-0,0.0,0.4646357480135996,0.5022054559677924
0-1,1-0,0.0,0.4616338343678321,0.5003669212840175
0-1,1-0,0.0,0.4644626162416526,0.5018817867414747
1-0,1-0,0.0,0.455112281623502,0.49885262590289886
1-0,1-0,0.0,0.4645894041223452,0.5020959250808493
1-0,1-0,0.0,0.4566100186265621,0.499166349794265
0-1,1-0,0.0,0.46435816605266733,0.5017495161657974
1-0,1-0,0.0,0.46471262704173527,0.5026596204027398
1-0,1-0,0.0,0.46454889800403226,0.5020177999530415
0-1,1-0,0.0,0.4639187627599989,0.5042988948363458
0-1,1-0,0.0,0.4644004830119907,0.5036313957717269
1-0,1-0,0.0,0.4459084213115336,0.4967630583123896
1-0,1-0,0.0,0.4645933859581856,0.5021043319437473
1-0,1-0,0.0,0.4646646960892617,0.5022937691972722
1-0,1-0,0.0,0.4579559300781025,0.4994536700448165
1-0,1-0,0.0,0.46393049149433047,0.5042850408415512
0-1,1-0,0.0,0.46001668213312996,0.4999265940841046
1-0,1-0,0.0,0.45613793610327613,0.4990671847790503
1-0,1-0,0.0,0.46094083695489146,0.500166360894828
1-0,1-0,0.0,0.46025872482714336,0.49998703161784525
0-1,1-0,0.0,0.4643428117355942,0.501732092198499
0-1,1-0,0.0,0.4488611716519094,0.4974834705093268
0-1,1-0,0.0,0.4622544028809134,0.5058432442844225
0-1,1-0,0.0,0.4614200265039178,0.500302606315363
1-0,1-0,0.0,0.450153095888323,0.49778136118471134
0-1,1-0,0.0,0.4550163543895685,0.498832559318388
1-0,1-0,0.0,0.45171424820559286,0.4981291172528662
1-0,1-0,0.0,0.46464965383702994,0.5022451236462546
0-1,1-0,0.0,0.42914752608760953,0.4914502824735103
0-1,1-0,0.0,0.46328896031217437,0.5009939727677014
1/2-1/2,1-0,0.0,0.4284572210568777,0.4911853913142978
1-0,1-0,0.0,0.46210718293782627,0.5005191195701687
1-0,1-0,0.0,0.46178195149005247,0.5004129806226827
1-0,1-0,0.0,0.45696345088798307,0.4992409861845719
0-1,1-0,0.0,0.4645943274007254,0.5032315423787942
0-1,1-0,0.0,0.4642398337983897,0.501624960556797
0-1,1-0,0.0,0.4626918955995237,0.5007321460113845
1-0,1-0,0.0,0.46465540790900073,0.5022629102087296
0-1,1-0,0.0,0.46141416739604535,0.5003008773454523
1-0,1-0,0.0,0.4606542401029767,0.5069925159772347
0-1,1-0,0.0,0.4646497735994959,0.503065520544595
1-0,1-0,0.0,0.4629781372355083,0.500850559900949
1/2-1/2,1-0,0.0,0.46375997931326246,0.5012551471299146
1-0,1-0,0.0,0.45900135260750985,0.5080297515532142
0-1,1-0,0.0,0.4545655771286368,0.4987381454296715
1-0,1-0,0.0,0.4625001661913054,0.5006585652725372
0-1,1-0,0.0,0.45749839638716294,0.499354925673165
1-0,1-0,0.0,0.4556725031956587,0.49896976122705305
0-1,1-0,0.0,0.43290146260413714,0.4928274140701944
1-0,1-0,0.0,0.4644369248208611,0.5035671678737683
0-1,1-0,0.0,0.46187279837700035,0.5004419003085989
1-0,1-0,0.0,0.44188361422591305,0.49568242936237705
0-1,1-0,0.0,0.4646684020826954,0.5023069655827386
0-1,1-0,0.0,0.41382101387423975,0.484751593133393
0-1,1-0,0.0,0.46436840332535073,0.5017613800967103
1-0,1-0,0.0,0.45539300184831355,0.4989113233932097
0-1,1-0,0.0,0.46450856941249724,0.501950168777875
0-1,1-0,0.0,0.4602260665439299,0.49997879113318194
1-0,1-0,0.0,0.46470961650446113,0.502732603905236
1-0,1-0,0.0,0.46224332821902164,0.5058519298190185
0-1,1-0,0.0,0.4516748878320975,0.49812049740738745
1-0,1-0,0.0,0.46081824473645394,0.5068826592960232
1-0,1-0,0.0,0.46092725438567017,0.506808805021732
1-0,1-0,0.0,0.4530064085250079,0.4984084512191864
1-0,1-0,0.0,0.44492431731855525,0.4965097214925588
1-0,1-0,0.0,0.45273182273554324,0.49834964255354086
1-0,1-0,0.0,0.40899602735945456,0.4823064018527008
1-0,1-0,0.0,0.4646456799858096,0.5022333441320335
1-0,1-0,0.0,0.46465164712828605,0.5022511826505288
1-0,1-0,0.0,0.46233174602663696,0.5005971000548949
0-1,1-0,0.0,0.4576548688998983,0.49938853993101084
1-0,1-0,0.0,0.4646373550681416,0.5031072004642397
1-0,1-0,0.0,0.4647121818370511,0.5026008100754398
0-1,1-0,0.0,0.46054393462699983,0.5000602439027378
1-0,1-0,0.0,0.462163103270599,0.5005381474281336
1-0,1-0,0.0,0.46383923944072647,0.5013066237381371
0-1,1-0,0.0,0.4591215384365128,0.4997137211141414
1-0,1-0,0.0,0.454214676281095,0.49866444826080103
0-1,1-0,0.0,0.463909493223589,0.5013547292549765
1-0,1-0,0.0,0.4636864832724233,0.5045589983464405
1-0,1-0,0.0,0.4592044342890055,0.4997328480829977
0-1,1-0,0.0,0.4641705980283345,0.5039805724250543
0-1,1-0,0.0,0.4634447502474848,0.5048071624830205
1-0,1-0,0.0,0.45697208370198605,0.4992428147226593
0-1,1-0,0.0,0.46319937786657417,0.5009507740254752
1-0,1-0,0.0,0.46470918759529367,0.5027387457717156
1-0,1-0,0.0,0.4644233030234874,0.5018288093956742
1-0,1-0,0.0,0.45037277942267656,0.4978310650409925
1-0,1-0,0.0,0.464590753965564,0.5020987580050673
1-0,1-0,0.0,0.4606041589819755,0.5000760090402215
1-0,1-0,0.0,0.46438781248727057,0.5036529746586316
1-0,1-0,0.0,0.42801949204365,0.4910155618889278
0-1,1-0,0.0,0.4643639427912467,0.5017561857946858
1-0,1-0,0.0,0.4637279828248527,0.5012351220054911
1-0,1-0,0.0,0.4588338568375715,0.5081288884374942
0-1,1-0,0.0,0.45873647892739355,0.4996261278353413
0-1,1-0,0.0,0.46187607046116663,0.5004429519237628
0-1,1-0,0.0,0.4630949344509102,0.5009023932549002
1-0,1-0,0.0,0.4612975423078358,0.500266809822918
1-0,1-0,0.0,0.4284401725098816,0.4911788038159939
0-1,1-0,0.0,0.4610804096681094,0.5002050340459326
1-0,1-0,0.0,0.45805348554781106,0.4994749186752617
0-1,1-0,0.0,0.46454811192672235,0.5033438419234475
1-0,1-0,0.0,0.4530951808184926,0.4984274071787339
0-1,1-0,0.0,0.44271219050973953,0.49591466077331997
0-1,1-0,0.0,0.45819278715563233,0.4995053959459307
0-1,1-0,0.0,0.46374172585190204,0.5012436727374826
0-1,1-0,0.0,0.46461208388604697,0.5021460392264936
0-1,1-0,0.0,0.45145771964211795,0.49807280853867386
0-1,1-0,0.0,0.4644287702226004,0.5018359174997779
1/2-1/2,1-0,0.0,0.4646536256579566,0.5030518328504743
1-0,1-0,0.0,0.46340624184188967,0.5048450284699747
1-0,1-0,0.0,0.4554876269347004,0.4989311058951635
0-1,1-0,0.0,0.46386745049631406,0.5013256427731365
1-0,1-0,0.0,0.4606938954799905,0.5000997131699777
0-1,1-0,0.0,0.4641827097951012,0.5015714711319149
0-1,1-0,0.0,0.4625630029788441,0.5006822309032969
0-1,1-0,0.0,0.46410163027903484,0.501501199556705
1/2-1/2,1-0,0.0,0.46064978396825124,0.5000880284628775
0-1,1-0,0.0,0.4642405797163582,0.5016256839025197
1-0,1-0,0.0,0.44858310086335124,0.49741804460612404
1-0,1-0,0.0,0.4490452173304985,0.49752651217140104
0-1,1-0,0.0,0.4605724303495094,0.5000676892911426
1-0,1-0,0.0,0.4642798496730676,0.5038243362594244
1-0,1-0,0.0,0.4574372179284135,0.499341822215388
0-1,1-0,0.0,0.45696731174322003,0.4992418039262336
1/2-1/2,1-0,0.0,0.4638743189909675,0.5013303325534463
0-1,1-0,0.0,0.4598846242107109,0.4998942040687903
1-0,1-0,0.0,0.4641919764059469,0.5015799049123816
0-1,1-0,0.0,0.45295452804706815,0.498397360406179
0-1,1-0,0.0,0.4642388234276087,0.5016239818450217
1/2-1/2,1-0,0.0,0.4546625362914967,0.4987584738846204
0-1,1-0,0.0,0.4511146106202932,0.4979970035094097
0-1,1-0,0.0,0.46283194230138447,0.500788673850362
1-0,1-0,0.0,0.4536004535511171,0.4985348190745773
1-0,1-0,0.0,0.4605901176777621,0.5000723233011963
1-0,1-0,0.0,0.4581065482196659,0.49948650865267635
0-1,1-0,0.0,0.46449243139306357,0.5034618713624414
1-0,1-0,0.0,0.46440282268399447,0.5018028509805906
0-1,1-0,0.0,0.4610195108568172,0.5001880654873382
0-1,1-0,0.0,0.4610563626739279,0.5001983158337194
0-1,1-0,0.0,0.4602960345128832,0.4999964801244106
0-1,1-0,0.0,0.45583440516950147,0.5097675200187602
1-0,1-0,0.0,0.45521566998068624,0.49887424723984974
0-1,1-0,0.0,0.4642371279219797,0.5016223422590126
0-1,1-0,0.0,0.43849984525068736,0.49467987559759796
0-1,1-0,0.0,0.4494527633694296,0.4976210952448192
0-1,1-0,0.0,0.45172123416871574,0.49813064642328114
0-1,1-0,0.0,0.45236573667824503,0.49827079790040624
0-1,1-0,0.0,0.4640800654587404,0.5014834719862324
1-0,1-0,0.0,0.46143503294827626,0.5003070424074929
1-0,1-0,0.0,0.451373846569322,0.49805433080008116
0-1,1-0,0.0,0.4629216699875622,0.5008262836139242
1-0,1-0,0.0,0.4645126249250026,0.5034207662614755
1-0,1-0,0.0,0.46294465602354884,0.5052717725641235
0-1,1-0,0.0,0.46428256939079826,0.5038202537403533
0-1,1-0,0.0,0.4585477992162642,0.4995838783262244
1/2-1/2,1-0,0.0,0.46141801727103304,0.5003020132161794
1-0,1-0,0.0,0.4560433244495642,0.4990473611803928
1-0,1-0,0.0,0.4626268275951982,0.5055429145852611
0-1,1-0,0.0,0.4646714459711746,0.5023182495675008
0-1,1-0,0.0,0.464712419976301,0.5026707384520678
0-1,1-0,0.0,0.4589520520508406,0.5080590311032464
1-0,1-0,0.0,0.45303929878629684,0.49841547755968363
0-1,1-0,0.0,0.4412241928811692,0.4954939086117802
0-1,1-0,0.0,0.46445786263788763,0.5018751377651849
1-0,1-0,0.0,0.4579457397476085,0.4994514547870228
1-0,1-0,0.0,0.46381146714720317,0.5012882686442055
0-1,1-0,0.0,0.457022125516845,0.49925342000001155
0-1,1-0,0.0,0.46294818229107604,0.5008376211204406
0-1,1-0,0.0,0.45001818726339055,0.49775070540239164
0-1,1-0,0.0,0.4639409560086508,0.5013771162850047
1-0,1-0,0.0,0.4542981957833506,0.4986820093547716
1-0,1-0,0.0,0.4620722765893569,0.5005073655679984
0-1,1-0,0.0,0.4608978097790801,0.5001545904414716
1-0,1-0,0.0,0.4542637141534889,0.49867476077438155
1-0,1-0,0.0,0.46147799502620024,0.5003198055750735
1-0,1-0,0.0,0.4443751964263943,0.4963653496840686
1-0,1-0,0.0,0.4640641582394419,0.5014706293379666
0-1,1-0,0.0,0.4602502776354127,0.49998489751403885
1-0,1-0,0.0,0.44966037174747814,0.49766889893728744
1-0,1-0,0.0,0.46154385614720206,0.5063770465270325
1-0,1-0,0.0,0.45663418416124324,0.49917144034273475
0-1,1-0,0.0,0.43804611786693914,0.4945387597873289
0-1,1-0,0.0,0.4645877326569895,0.5020924407819926
1/2-1/2,1-0,0.0,0.46189699374587423,0.5061173537977256
1-0,1-0,0.0,0.45772329622795865,0.4994032881265113
0-1,1-0,0.0,0.4630456990068878,0.5008802658847801
1-0,1-0,0.0,0.4646204412170875,0.5031591782208149
1-0,1-0,0.0,0.45102998540238703,0.497978217465414
1-0,1-0,0.0,0.46465802055382377,0.5022713019249148
1-0,1-0,0.0,0.46396961653065966,0.5042382353337648
0-1,1-0,0.0,0.46258783089608224,0.5006916989932689
1-0,1-0,0.0,0.4645434428231794,0.5020081416779077
1-0,1-0,0.0,0.45067840592260616,0.49789977877255526
0-1,1-0,0.0,0.4469331834670939,0.4970196656534869
1-0,1-0,0.0,0.4645096229713268,0.5034269875289032
1-0,1-0,0.0,0.4488873086999834,0.49748959563411027
0-1,1-0,0.0,0.4602500354331864,0.4999848363515118
1-0,1-0,0.0,0.4604023352295804,0.5000236075062777
0-1,1-0,0.0,0.4581575261005971,0.5085199171717523
1/2-1/2,1-0,0.0,0.4628571409054386,0.5053480014079555
1-0,1-0,0.0,0.46351127897374966,0.5047407427086725
1-0,1-0,0.0,0.4568010646842178,0.4992066422997089
1-0,1-0,0.0,0.4549693541234185,0.49882272509834336
1-0,1-0,0.0,0.460859842110136,0.5001442610228714
1-0,1-0,0.0,0.458476482545198,0.499568011279202
0-1,1-0,0.0,0.4622689964690697,0.5005748785262436
1-0,1-0,0.0,0.44384926985963297,0.4962250216851548
0-1,1-0,0.0,0.4549077275675299,0.49880982767546583
1-0,1-0,0.0,0.4646724250560602,0.502321972370964
0-1,1-0,0.0,0.4645163160369757,0.5019625320766368
0-1,1-0,0.0,0.464259299612536,0.503854850795793
0-1,1-0,0.0,0.4626854378572946,0.5054940462638561
1-0,1-0,0.0,0.46164752321826846,0.5003711239578111
0-1,1-0,0.0,0.4583098894494382,0.4995311487448789
1-0,1-0,0.0,0.4629958730307184,0.5008582868192383
0-1,1-0,0.0,0.46469889295064,0.5024512571815171
0-1,1-0,0.0,0.4586422541860845,0.4996049782658123
0-1,1-0,0.0,0.4637191269452828,0.50452390083924
0-1,1-0,0.0,0.4587800973642516,0.49963595400361765
1-0,1-0,0.0,0.4629847382053141,0.500853429921309
1-0,1-0,0.0,0.4600666697328843,0.5073747837869393
1-0,1-0,0.0,0.4643620737033711,0.5017540207847815
1-0,1-0,0.0,0.4480451948871709,0.49729010624875253
1-0,1-0,0.0,0.46471222951577373,0.5026024396429153
0-1,1-0,0.0,0.4532370389730957,0.49845764420645916
1-0,1-0,0.0,0.4632696778663431,0.5049761889124669
0-1,1-0,0.0,0.463877099086078,0.5013322375421079
0-1,1-0,0.0,0.46013686838097617,0.49995642342691315
0-1,1-0,0.0,0.46337544116697976,0.5010373298087478
1-0,1-0,0.0,0.4615860311022541,0.5003523279268284
1-0,1-0,0.0,0.4646266589003844,0.5021815962980336
1-0,1-0,0.0,0.4630401339848031,0.5051870913565903
1-0,1-0,0.0,0.4551152455713681,0.4988532458235381
1-0,1-0,0.0,0.4571225160525285,0.49927472671126805
1-0,1-0,0.0,0.4643185106942626,0.5017053626899638
1-0,1-0,0.0,0.46471137317125527,0.50257956465579
1-0,1-0,0.0,0.45643428562907334,0.49912937785362654
1/2-1/2,1-0,0.0,0.44798015655693646,0.49727451212069695
1-0,1-0,0.0,0.46468887195600017,0.5023935966578489
1-0,1-0,0.0,0.46427923451685027,0.5038252581988419
0-1,1-0,0.0,0.4588416623089913,0.4996498628374897
0-1,1-0,0.0,0.4645680144817368,0.5020531442186557
1-0,1-0,0.0,0.46464050795212875,0.502218562580754
1-0,1-0,0.0,0.4645955132117917,0.5021088866703429
1/2-1/2,1-0,0.0,0.4446151687749418,0.49642871000591593
0-1,1-0,0.0,0.45866817519342695,0.49961078618036203
1/2-1/2,1-0,0.0,0.4540420862610943,0.4986281136507452
1-0,1-0,0.0,0.4627452360849209,0.5054436857278654
1-0,1-0,0.0,0.45726342489377436,0.499304708561192
1-0,1-0,0.0,0.45912746783470193,0.4997150858401786
1-0,1-0,0.0,0.45960684678364894,0.4998272779619708
1-0,1-0,0.0,0.4641811466551415,0.5015700572296803
1-0,1-0,0.0,0.46446294456349363,0.5018822486362371
0-1,1-0,0.0,0.4612007259560922,0.5002390103163771
0-1,1-0,0.0,0.45179719822733094,0.4981472599928096
0-1,1-0,0.0,0.4636024755101755,0.5011602689617668
0-1,1-0,0.0,0.46471223378024334,0.5026780590936877
1-0,1-0,0.0,0.4545879968408179,0.4987428471426626
1-0,1-0,0.0,0.45594703167574757,0.49902719758309494
1/2-1/2,1-0,0.0,0.4591188366782703,0.49971309944111947
1-0,1-0,0.0,0.44712663733865265,0.4970673033597813
1-0,1-0,0.0,0.4645176126539917,0.5019646282011868
1-0,1-0,0.0,0.46099973665961214,0.5001825875294339
1-0,1-0,0.0,0.46237802722233573,0.5006137185832573
0-1,1-0,0.0,0.44729602274792435,0.49710880806266106
0-1,1-0,0.0,0.4633316173104477,0.5049172796505659
1-0,1-0,0.0,0.4644505358475305,0.503542261308096
0-1,1-0,0.0,0.4647125079240458,0.502613923774528
0-1,1-0,0.0,0.46317711886504276,0.5050625651574292
1-0,1-0,0.0,0.46078316373711053,0.5001235582440291
1-0,1-0,0.0,0.46358465041639296,0.5011500750368244
1-0,1-0,0.0,0.46032229825460935,0.5000031536434689
1-0,1-0,0.0,0.4197003641715252,0.48751922172666
0-1,1-0,0.0,0.46375228636319904,0.5044878038584024
1-0,1-0,0.0,0.4583493294630942,0.4995398510799792
0-1,1-0,0.0,0.4601338164312264,0.49995566163491156
1-0,1-0,0.0,0.4572275221406753,0.49929706053342254
1-0,1-0,0.0,0.4369715281597889,0.4941982042189559
0-1,1-0,0.0,0.4621002570956577,0.5005167799958317
1-0,1-0,0.0,0.4571157576418685,0.49927329096398454
0-1,1-0,0.0,0.4500723048713541,0.49776301496277947
1-0,1-0,0.0,0.4312064740264628,0.4922189224984275
0-1,1-0,0.0,0.4597192843745566,0.49985418115743424
1/2-1/2,1-0,0.0,0.4541170383971709,0.49864390078596105
0-1,1-0,0.0,0.45730455908667594,0.4993134787520468
0-1,1-0,0.0,0.46466325654441015,0.5022887899267061
0-1,1-0,0.0,0.46150053792390716,0.5003265406023162
0-1,1-0,0.0,0.46459429822736426,0.5032316189278432
1-0,1-0,0.0,0.46358708985810476,0.5046633921092276
1-0,1-0,0.0,0.4638242200737826,0.5044078416611594
1-0,1-0,0.0,0.4646303189261225,0.5031294124302156
1-0,1-0,0.0,0.46464611850306176,0.5030781539860475
0-1,1-0,0.0,0.4646480397546655,0.5030715545325836
0-1,1-0,0.0,0.4646839454770821,0.5029244300379286
1-0,1-0,0.0,0.46407410489495765,0.5041082740979623
1-0,1-0,0.0,0.46455770755686543,0.5020337848125169
0-1,1-0,0.0,0.43808486933918594,0.49455087411530585
1-0,1-0,0.0,0.46092535278384106,0.5001621170714087
0-1,1-0,0.0,0.46275679096431166,0.5007580265566368
0-1,1-0,0.0,0.46361507834789656,0.5011675383450513
0-1,1-0,0.0,0.4612217573353288,0.5002450134133616
1-0,1-0,0.0,0.4542017190293203,0.49866172259145314
0-1,1-0,0.0,0.4645387688665481,0.5020000044231268
1-0,1-0,0.0,0.4630426992952875,0.5008789310929032
0-1,1-0,0.0,0.46042348361344315,0.500029042115371
1-0,1-0,0.0,0.45810242903876686,0.49948560809906434
0-1,1-0,0.0,0.46352583834030914,0.5011171400989552
1-0,1-0,0.0,0.4624405813450152,0.500636502782434
0-1,1-0,0.0,0.46463537783438674,0.5031135350594462
1-0,1-0,0.0,0.4573197242779106,0.49931671424870855
0-1,1-0,0.0,0.46344193150778323,0.5048099482162685
1-0,1-0,0.0,0.4644404936997904,0.5035606890178963
0-1,1-0,0.0,0.4640651452339057,0.5014714205725356
0-1,1-0,0.0,0.46143759121093075,0.5003077997901416
1-0,1-0,0.0,0.46379665046450175,0.5044387674043588
1-0,1-0,0.0,0.4633425221657781,0.501020623679272
1-0,1-0,0.0,0.4639483547936162,0.5013824620687367
0-1,1-0,0.0,0.4628837703510066,0.5053249409405243
1-0,1-0,0.0,0.4569117134445918,0.49923003352540674
0-1,1-0,0.0,0.45979362613784497,0.507546986214295
1-0,1-0,0.0,0.46091257441203637,0.506818790769444
1-0,1-0,0.0,0.44914721811032166,0.49755027785240064
0-1,1-0,0.0,0.4641993493863154,0.5015866798145492
1-0,1-0,0.0,0.4635868474643402,0.5011513260215823
1-0,1-0,0.0,0.46464884538416135,0.5022426955417666
0-1,1-0,0.0,0.4554330786600226,0.49891970190234586
1-0,1-0,0.0,0.45777586779136065,0.4994146400865284
0-1,1-0,0.0,0.46398449717111717,0.5042201842942069
1-0,1-0,0.0,0.4632459718580787,0.5049984947916397
0-1,1-0,0.0,0.443553468841073,0.4961452048778209
0-1,1-0,0.0,0.4647127318281503,0.5026500437140202
1-0,1-0,0.0,0.4579079442177251,0.4994432453921664
1/2-1/2,1-0,0.0,0.46470493239328575,0.5024975912058872
1-0,1-0,0.0,0.46420668012457866,0.5015934739854991
1-0,1-0,0.0,0.46436806216915494,0.501760981435833
1-0,1-0,0.0,0.45836855776064844,0.5083994398932776
1-0,1-0,0.0,0.45390634270269486,0.49859948961194006
0-1,1-0,0.0,0.4298495095337963,0.4917159617661148
1-0,1-0,0.0,0.4631651604196534,0.5050735880587154
1-0,1-0,0.0,0.4576010727441506,0.4993769662859895
1-0,1-0,0.0,0.4645987409733317,0.5032198617596105
1/2-1/2,1-0,0.0,0.4613388309002628,0.5002787962289423
1-0,1-0,0.0,0.4640551860511309,0.501463470075174
0-1,1-0,0.0,0.464641967698374,0.5022226750187128
1-0,1-0,0.0,0.46220686070973677,0.5005532119711876
1-0,1-0,0.0,0.4641125088419854,0.5015102865974561
0-1,1-0,0.0,0.46194613522889155,0.5004656429369803
1-0,1-0,0.0,0.45868880283384816,0.4996154135811709
1-0,1-0,0.0,0.4607943202307617,0.5001265575328602
1-0,1-0,0.0,0.45432485880206364,0.49868761279744156
1-0,1-0,0.0,0.45527104410892055,0.49888582560030065
1-0,1-0,0.0,0.4605884472828639,0.5070361780123901
1-0,1-0,0.0,0.4322986941463939,0.4926135467573163
1-0,1-0,0.0,0.44492915409889233,0.49651098349052386
1-0,1-0,0.0,0.46052461636704933,0.5000552105477747
1-0,1-0,0.0,0.45543098820768907,0.5099712680121634
0-1,1-0,0.0,0.4635450208625833,0.5011277676040903
0-1,1-0,0.0,0.4588160856705569,0.49964407879841455
0-1,1-0,0.0,0.4570344592613916,0.49925603541749675
1-0,1-0,0.0,0.45994906087701987,0.4999099596825403
0-1,1-0,0.0,0.45916415469186345,0.4997235413284976
1-0,1-0,0.0,0.4576561361764993,0.49938881279200625
1-0,1-0,0.0,0.45287709349892324,0.498380789172511
1-0,1-0,0.0,0.4609964053747153,0.5001816661902959
1-0,1-0,0.0,0.4553847454497623,0.49890959729135986
1-0,1-0,0.0,0.4562859306465199,0.49909822228570494
1-0,1-0,0.0,0.45363692871800554,0.4985425436481701
0-1,1-0,0.0,0.4604050039833477,0.5000242926075218
0-1,1-0,0.0,0.4615354644876527,0.5003370281223148
0-1,1-0,0.0,0.4646773994184311,0.5023416711486043
1-0,1-0,0.0,0.4631280366024862,0.5051076171777737
1-0,1-0,0.0,0.4478709826540279,0.4972482742639918
0-1,1-0,0.0,0.4615755926639883,0.5003491581852713
0-1,1-0,0.0,0.4647106465476777,0.5025655205509962
0-1,1-0,0.0,0.46303095180695725,0.5008737182068526
0-1,1-0,0.0,0.4487457872198999,0.4974563803639156
0-1,1-0,0.0,0.4645717940241086,0.5020604349996681
1-0,1-0,0.0,0.4646979188384051,0.50244485552257
1-0,1-0,0.0,0.46252236788525714,0.5056288658826228
1-0,1-0,0.0,0.463786964538865,0.5012723637441732
1-0,1-0,0.0,0.4643008063681518,0.5016864949280258
1-0,1-0,0.0,0.44960706556190366,0.49765664870804327
1/2-1/2,1-0,0.0,0.4643798332654568,0.5017748722786164
1-0,1-0,0.0,0.4646623987618052,0.5022858595667757
0-1,1-0,0.0,0.4645205636075244,0.5019694282551651
0-1,1-0,0.0,0.44442195098867066,0.496377727141047
1-0,1-0,0.0,0.45197343243238963,0.49818570322931294
0-1,1-0,0.0,0.45161792594162065,0.4981080102206446
1-0,1-0,0.0,0.4421645270359809,0.4957617410309335
0-1,1-0,0.0,0.4633613767031162,0.5010301609143227
1-0,1-0,0.0,0.46443774512219094,0.5035656818990852
0-1,1-0,0.0,0.4583325284049694,0.49953614214947173
1/2-1/2,1-0,0.0,0.4613408575940892,0.5002793866656172
1-0,1-0,0.0,0.46032207585705154,0.5000030970547039
1-0,1-0,0.0,0.4646919867556937,0.5024098730299777
0-1,1-0,0.0,0.460694780605575,0.5000999482854602
1-0,1-0,0.0,0.45624912277515794,0.4990904992854306
1-0,1-0,0.0,0.4645830200657887,0.5032606046731023
0-1,1-0,0.0,0.46347523384447553,0.501089611637481
0-1,1-0,0.0,0.4644617284797037,0.5035213625521897
0-1,1-0,0.0,0.4641310143523052,0.5015259765387707
0-1,1-0,0.0,0.4646899340271459,0.5023990146502874
0-1,1-0,0.0,0.43864381469280117,0.4947243202817839
0-1,1-0,0.0,0.4586309560749417,0.49960244918398766
1-0,1-0,0.0,0.4619176862241266,0.5004563892763921
1-0,1-0,0.0,0.4638576864280845,0.5013190162928428
1-0,1-0,0.0,0.46469741336648546,0.5024416193700041
1-0,1-0,0.0,0.4582661217944137,0.5084580880461846
1-0,1-0,0.0,0.46450010035032363,0.5034464619688022
0-1,1-0,0.0,0.46415140434651236,0.5015436176472154
0-1,1-0,0.0,0.46467118798621326,0.502317276431162
0-1,1-0,0.0,0.4519593794795833,0.4981826428011335
0-1,1-0,0.0,0.45098276414791233,0.4979677190842464
0-1,1-0,0.0,0.4646068762765029,0.5021340239916097
0-1,1-0,0.0,0.4622721758375342,0.5005759960663171
0-1,1-0,0.0,0.4631184494531496,0.5009131107434828
0-1,1-0,0.0,0.4635545453866499,0.5011330850897912
1-0,1-0,0.0,0.4298424216459651,0.4917132978757604
1-0,1-0,0.0,0.45812723513747017,0.499491033487172
1-0,1-0,0.0,0.45651896282564697,0.4991471829803138
0-1,1-0,0.0,0.46416429065455017,0.5039891830658756
1-0,1-0,0.0,0.46271331986716746,0.5054706291228921
1-0,1-0,0.0,0.4647071969204786,0.5025197014398906
0-1,1-0,0.0,0.45731733087326143,0.4993162035378152
1-0,1-0,0.0,0.4623933562246404,0.5006192670740663
1/2-1/2,1-0,0.0,0.46440728581780055,0.5018084211865597
1-0,1-0,0.0,0.44934985451545006,0.49759730570277433
0-1,1-0,0.0,0.46232101388762087,0.5005932745058511
0-1,1-0,0.0,0.4627778224749077,0.5007665283560291
0-1,1-0,0.0,0.4485558609123218,0.4974116096170792
1-0,1-0,0.0,0.46000559736406876,0.4999238601282374
0-1,1-0,0.0,0.4552334383128747,0.49887796259799666
1-0,1-0,0.0,0.43975589610229576,0.4950622526616621
0-1,1-0,0.0,0.462979983139148,0.5052406310778607
0-1,1-0,0.0,0.4647087002329985,0.5025370668153788
1-0,1-0,0.0,0.4596358680482892,0.49983419863093287
1-0,1-0,0.0,0.4626057643723702,0.5006985804435272
0-1,1-0,0.0,0.464443433569571,0.5018553807469738
1-0,1-0,0.0,0.4578829069064755,0.49943781305646223
1-0,1-0,0.0,0.4612905955101147,0.5002648009416706
1-0,1-0,0.0,0.4570882259833418,0.4992674442320037
1-0,1-0,0.0,0.4439533839045992,0.4962529620445647
1-0,1-0,0.0,0.4641086522487078,0.50150705378938
0-1,1-0,0.0,0.4617892627065229,0.5004152885744911
1-0,1-0,0.0,0.4404386981753587,0.4952650340052665
0-1,1-0,0.0,0.46017745912056407,0.4999665772225742
1-0,1-0,0.0,0.46385481323246586,0.5043730946585516
1-0,1-0,0.0,0.4364279731539268,0.49402254231578935
0-1,1-0,0.0,0.4582338323325855,0.4995144082357905
1-0,1-0,0.0,0.46443443511365257,0.5035716664779111
1-0,1-0,0.0,0.45640031820879173,0.49912224026893265
1-0,1-0,0.0,0.46002158618371886,0.499927804531524
1-0,1-0,0.0,0.46197357361377483,0.5004746211167928
1-0,1-0,0.0,0.454769200185812,0.49878082250666494
0-1,1-0,0.0,0.45956987162117435,0.4998184834435401
1-0,1-0,0.0,0.46469864525615545,0.5028376514993053
1-0,1-0,0.0,0.46131403672189,0.5065409346844307
0-1,1-0,0.0,0.4645768761007903,0.5020704117036926
0-1,1-0,0.0,0.4543964123626551,0.4987026439120475
0-1,1-0,0.0,0.46470490017365906,0.5024973021899518
1-0,1-0,0.0,0.42455748030150103,0.4896220157173112
0-1,1-0,0.0,0.46350448752008744,0.5011054372792165
1-0,1-0,0.0,0.4629847637673971,0.5008534410487315
1-0,1-0,0.0,0.44800500682989963,0.4972804736454645
0-1,1-0,0.0,0.4624598878966812,0.5006436121633321
1-0,1-0,0.0,0.4546912064752171,0.4987644823914481
0-1,1-0,0.0,0.45627860329157405,0.49909668466110896
0-1,1-0,0.0,0.46087007170538463,0.5001470388809521
1-0,1-0,0.0,0.46391435159977906,0.5043040848989572
0-1,1-0,0.0,0.45584641477921073,0.49900613946433997
0-1,1-0,0.0,0.45254803080785666,0.49831012406306124
1/2-1/2,1-0,0.0,0.4644370248962031,0.501846800983215
0-1,1-0,0.0,0.46469697379621067,0.5024388497657326
0-1,1-0,0.0,0.4627273911884376,0.5007462367287608
0-1,1-0,0.0,0.46399283311387357,0.5042100097507355
0-1,1-0,0.0,0.4646972364633266,0.5024404998728014
0-1,1-0,0.0,0.4627065084403152,0.5007379281282939
1-0,1-0,0.0,0.45689276781597027,0.49922602530073806
0-1,1-0,0.0,0.45841898529111397,0.4995552574369177
1-0,1-0,0.0,0.44141469394206556,0.4955487089415323
1-0,1-0,0.0,0.4504243443437134,0.49784269349638055
1-0,1-0,0.0,0.4645388108406332,0.5020000769495404
1-0,1-0,0.0,0.44004174616891994,0.4951475800698217
1-0,1-0,0.0,0.42845027607755,0.4911827080629291
0-1,1-0,0.0,0.4640919920378709,0.5040852134606774
0-1,1-0,0.0,0.4630282368856753,0.5008725167273402
0-1,1-0,0.0,0.4647126045989771,0.5026193566125029
1-0,1-0,0.0,0.46457481636089343,0.5032809839536128
1-0,1-0,0.0,0.4615578441546972,0.5003437823549199
0-1,1-0,0.0,0.45751052757159916,0.4993575265166334
1-0,1-0,0.0,0.45905826310570536,0.49969918924116297
0-1,1-0,0.0,0.46202359579496005,0.5004911267604276
1-0,1-0,0.0,0.4472250282201297,0.49709143553270624
0-1,1-0,0.0,0.46372321306812037,0.5012321717147169
1-0,1-0,0.0,0.4619468634295796,0.5004658805335309
0-1,1-0,0.0,0.4646095092551027,0.5031904736833648
0-1,1-0,0.0,0.44561301820128246,0.4966877333860746
0-1,1-0,0.0,0.45412080387572906,0.49864469358501523
0-1,1-0,0.0,0.4582356735098949,0.4995148128584037
1-0,1-0,0.0,0.4573795281388159,0.4993294849546169
0-1,1-0,0.0,0.45990431410304333,0.49989900881842336
0-1,1-0,0.0,0.46462696989586394,0.50218238943928
1-0,1-0,0.0,0.46312991477212423,0.5009183723589976
1-0,1-0,0.0,0.4628836974860977,0.5008102267825437
0-1,1-0,0.0,0.45002242587976937,0.49775167010880245
1-0,1-0,0.0,0.44565189261829913,0.49669768106465756
0-1,1-0,0.0,0.4644749061661592,0.5018993196108805
0-1,1-0,0.0,0.4580441186952596,0.4994728751708468
1-0,1-0,0.0,0.4646357384049658,0.5022054299601775
0-1,1-0,0.0,0.46317833935428315,0.505061438442899
1-0,1-0,0.0,0.46256375079547424,0.5006825150943229
1-0,1-0,0.0,0.4620977100162447,0.5059649498353791
0-1,1-0,0.0,0.45530256016013393,0.49889241496924525
1-0,1-0,0.0,0.4599727347983002,0.4999157714767246
0-1,1-0,0.0,0.4638264581008243,0.5044053153419927
0-1,1-0,0.0,0.4378079190212123,0.4944640403147412
0-1,1-0,0.0,0.46297869650677687,0.5052417691314379
0-1,1-0,0.0,0.4603231547589903,0.5000033715924423
1-0,1-0,0.0,0.4538091788979163,0.4985789736505751
0-1,1-0,0.0,0.4557799410435322,0.49899223219987227
1-0,1-0,0.0,0.4646724543763477,0.5029779067846456
0-1,1-0,0.0,0.46460436438057456,0.5021283442236606
0-1,1-0,0.0,0.45189493808394815,0.4981685977338544
1-0,1-0,0.0,0.46013034215502435,0.4999547947061467
1-0,1-0,0.0,0.45771716647353183,0.49940196572065215
1-0,1-0,0.0,0.46171104646417566,0.5003907685235757
1-0,1-0,0.0,0.45724231736133353,0.4993002114678891
0-1,1-0,0.0,0.46098199172611526,0.5001776847719136
1-0,1-0,0.0,0.4646579167760637,0.5030360876210213
0-1,1-0,0.0,0.45782653047894806,0.4994255979005883
1/2-1/2,1-0,0.0,0.4643691040304238,0.5036842001142884
1-0,1-0,0.0,0.460021443845269,0.4999277693908114
0-1,1-0,0.0,0.4576370938911657,0.5088114861301364
0-1,1-0,0.0,0.4647073415488737,0.5025212584421277
1-0,1-0,0.0,0.42003588962811667,0.48766991496935214
0-1,1-0,0.0,0.4625829492126527,0.500689832001656
1-0,1-0,0.0,0.4426692153163689,0.49590274239051063
1-0,1-0,0.0,0.459141870277294,0.4997184028983873
1-0,1-0,0.0,0.4546483679509401,0.4987555041725427
0-1,1-0,0.0,0.4555234492341737,0.498938595168723
0-1,1-0,0.0,0.4536007403189239,0.49853487981961514
0-1,1-0,0.0,0.46448711763236095,0.5034724122906821
0-1,1-0,0.0,0.4610602220513553,0.5001993924774542
1-0,1-0,0.0,0.463879832334142,0.5013341142519356
1-0,1-0,0.0,0.45639660484413247,0.4991214601362437
1-0,1-0,0.0,0.4621687828192305,0.5005400939290346
1-0,1-0,0.0,0.4390131765541455,0.49483761506394897
1-0,1-0,0.0,0.440261566153077,0.4952127714415252
0-1,1-0,0.0,0.4643943590336071,0.5036418705625398
1-0,1-0,0.0,0.44778941729101296,0.4972286211381472
0-1,1-0,0.0,0.46448753850409574,0.501917889038548
1-0,1-0,0.0,0.46020523001459823,0.4999735480078176
1-0,1-0,0.0,0.4646511210911531,0.5022495734719891
1-0,1-0,0.0,0.46419331025889043,0.5039492275159764
1-0,1-0,0.0,0.4625827857437843,0.5006897695289786
1-0,1-0,0.0,0.46321579268448887,0.5050267064668666
1-0,1-0,0.0,0.46211235909630854,0.5005208705217724
1-0,1-0,0.0,0.4602969293110026,0.4999967071834416
1-0,1-0,0.0,0.4586517406561477,0.49960710293214394
0-1,1-0,0.0,0.46224134398522604,0.5005651956066982
0-1,1-0,0.0,0.4617230135785041,0.5003944960038696
1/2-1/2,1-0,0.0,0.46426724721190715,0.5038431179955137
0-1,1-0,0.0,0.46452225858378016,0.5019722041522122
0-1,1-0,0.0,0.4646993221732171,0.5024541517046305
0-1,1-0,0.0,0.46251965974319637,0.5006658622021196
1/2-1/2,1-0,0.0,0.45907329427996285,0.4997026361071173
1-0,1-0,0.0,0.4571099841343296,0.49927206460651735
0-1,1-0,0.0,0.46409410301664256,0.501494969184453
0-1,1-0,0.0,0.46300889167589515,0.505214982441617
0-1,1-0,0.0,0.45930824515474333,0.4997569495788745
0-1,1-0,0.0,0.46260520277339323,0.500698364398756
0-1,1-0,0.0,0.4637646693445813,0.5012581174045644
1-0,1-0,0.0,0.4640618379240269,0.5014687721149554
0-1,1-0,0.0,0.45846765844532156,0.49956605174450863
1-0,1-0,0.0,0.4637875696486793,0.5012727533585504
1/2-1/2,1-0,0.0,0.4647120924165781,0.5026827921089241
0-1,1-0,0.0,0.46471198717112566,0.5026860026684605
1-0,1-0,0.0,0.4636348757826582,0.5011790638418752
1-0,1-0,0.0,0.45170912992228834,0.49812799676063846
1-0,1-0,0.0,0.46254880437584994,0.5006768465600518
0-1,1-0,0.0,0.46014050166296616,0.5073276557504794
1-0,1-0,0.0,0.45922278698924945,0.49973709673797045
1-0,1-0,0.0,0.45760543262045295,0.4993779035912242
0-1,1-0,0.0,0.46127098093584035,0.500259140794553
1-0,1-0,0.0,0.464069011911093,0.5014745274248932
0-1,1-0,0.0,0.4647100824571594,0.5027254448360213
0-1,1-0,0.0,0.45842937580980025,0.4995575597325472
0-1,1-0,0.0,0.4632335667533541,0.5009670658458795
1-0,1-0,0.0,0.46166177009309334,0.5003755093587945
1-0,1-0,0.0,0.46425132682232934,0.5016361822871475
0-1,1-0,0.0,0.45765718979309117,0.49938903965706766
1-0,1-0,0.0,0.4564041682040788,0.5094737077101508
0-1,1-0,0.0,0.4579432561844118,0.499450915010386
0-1,1-0,0.0,0.46147804362552725,0.500319820066483
1-0,1-0,0.0,0.46468724681139856,0.5029072575708676
0-1,1-0,0.0,0.42879395035179957,0.4913150536609105
1-0,1-0,0.0,0.46465246777222646,0.5022537079684706
1/2-1/2,1-0,0.0,0.43317404797814435,0.4929232129410825
1-0,1-0,0.0,0.4634292522014152,0.5010652046146422
1-0,1-0,0.0,0.4502523109425794,0.49780384163788144
0-1,1-0,0.0,0.4562906562036258,0.4990992139853285
0-1,1-0,0.0,0.46267533456092774,0.5007256242847157
0-1,1-0,0.0,0.46152033094722694,0.5003324759918114
1-0,1-0,0.0,0.4600868927968619,0.49994397779024374
0-1,1-0,0.0,0.4609853003425056,0.5001785979816183
0-1,1-0,0.0,0.4553768233419675,0.49890794107198383
0-1,1-0,0.0,0.45876768051497857,0.49963315444342504
1-0,1-0,0.0,0.45746923861134137,0.49934867790168713
0-1,1-0,0.0,0.46308357290539814,0.5051480061722505
1-0,1-0,0.0,0.443860820825204,0.4962281254594882
1-0,1-0,0.0,0.46471087082355916,0.5025695512779175
1-0,1-0,0.0,0.4619732347747123,0.5004745099216531
0-1,1-0,0.0,0.4592202779098804,0.507898700068978
0-1,1-0,0.0,0.4578754046725804,0.4994361862029756
1-0,1-0,0.0,0.4625303017849388,0.5006698626237511
1-0,1-0,0.0,0.4481439886401543,0.4973137418298801
1-0,1-0,0.0,0.4252626505710124,0.489913065233228
0-1,1-0,0.0,0.4644572678831352,0.5035297382783328
1-0,1-0,0.0,0.4568942029358799,0.4992263288751995
0-1,1-0,0.0,0.4587212457030407,0.4996227015492148
1/2-1/2,1-0,0.0,0.46458668598261776,0.5032513118218966
0-1,1-0,0.0,0.4592151338850863,0.49973532441332263
0-1,1-0,0.0,0.4601286622521309,0.5073352296823442
1-0,1-0,0.0,0.4530353361109682,0.4984146312104935
1-0,1-0,0.0,0.4642249120381836,0.501610631077498
1-0,1-0,0.0,0.4567342067006886,0.49919252872434283
0-1,1-0,0.0,0.4524725963922059,0.49829386664303554
0-1,1-0,0.0,0.461006227663526,0.5001843840066789
0-1,1-0,0.0,0.46464776355262144,0.5022394720654952
0-1,1-0,0.0,0.46464776228058974,0.5030725131953737
0-1,1-0,0.0,0.4644721800469314,0.5018953865959843
0-1,1-0,0.0,0.4475201726458807,0.4971634382296426
1-0,1-0,0.0,0.46215341069074767,0.5059219733353214
1-0,1-0,0.0,0.46469782826683187,0.5028433852470398
0-1,1-0,0.0,0.4611260683763454,0.5002178555870096
1-0,1-0,0.0,0.4613443976592834,0.5002804184620072
1-0,1-0,0.0,0.4525826917242002,0.49831758664615955
0-1,1-0,0.0,0.4596622627359838,0.4998405068923118
0-1,1-0,0.0,0.45733513363281997,0.4993200030376239
0-1,1-0,0.0,0.44397484859354314,0.4962587124916045
0-1,1-0,0.0,0.45802941893265126,0.4994696696558643
0-1,1-0,0.0,0.4631669090299901,0.5050719781358121
0-1,1-0,0.0,0.4643036849055699,0.5016895295802972
1-0,1-0,0.0,0.4647124357251645,0.5026105118811772
1-0,1-0,0.0,0.45131352254303236,0.4980410201225582
1-0,1-0,0.0,0.455552013189779,0.509910505643102
0-1,1-0,0.0,0.4647009824830066,0.5028202977934114
0-1,1-0,0.0,0.45135183062791867,0.498049474956493
0-1,1-0,0.0,0.45424544182844373,0.498670918714247
1-0,1-0,0.0,0.46075451846977167,0.5069255214983809
1-0,1-0,0.0,0.4624133638956588,0.5006265428272683
1-0,1-0,0.0,0.4589243130120241,0.4996686110470583
1-0,1-0,0.0,0.4613857308405798,0.5064902098261165
1-0,1-0,0.0,0.44769563268083146,0.4972059702152781
0-1,1-0,0.0,0.4550679154252074,0.4988433459057083
0-1,1-0,0.0,0.4611368261820287,0.5002208891924438
0-1,1-0,0.0,0.46467864859963837,0.5023468446484081
1-0,1-0,0.0,0.46416348268046537,0.5039902832139204
0-1,1-0,0.0,0.44810134691910214,0.49730354783439
0-1,1-0,0.0,0.45836425386069896,0.4995431480172208
1-0,1-0,0.0,0.4641436559558808,0.5040170799200763
1-0,1-0,0.0,0.46446579165013835,0.5035136772742443
1-0,1-0,0.0,0.4589422287593703,0.49967268676140464
0-1,1-0,0.0,0.4628043402872411,0.5007773303633614
1-0,1-0,0.0,0.4632951057203951,0.5009969981672324
1-0,1-0,0.0,0.4612158113464456,0.5002433142365769
0-1,1-0,0.0,0.45764576143353586,0.4993865792775321
1-0,1-0,0.0,0.44556687067714346,0.49667591072662504
0-1,1-0,0.0,0.45943927552005215,0.4997876199276057
1-0,1-0,0.0,0.45934488037490007,0.5078233376666453
1/2-1/2,1-0,0.0,0.45029946041732033,0.49781450590454035
1-0,1-0,0.0,0.45569866512145235,0.49897523244337955
0-1,1-0,0.0,0.46013262561353274,0.49995536445921474
0-1,1-0,0.0,0.4630084683438083,0.5008638046297623
1-0,1-0,0.0,0.43645888745408973,0.49403259424920043
1-0,1-0,0.0,0.46413966962050485,0.5015334185887647
0-1,1-0,0.0,0.46377595982233927,0.5012653055316797
0-1,1-0,0.0,0.4647123763246588,0.5026726020245994
0-1,1-0,0.0,0.43389085267804034,0.49317240135520674
0-1,1-0,0.0,0.4596400306144351,0.5076424745776161
1-0,1-0,0.0,0.46428473928497793,0.5038169889496552
0-1,1-0,0.0,0.45918869836136433,0.49972920931336395
0-1,1-0,0.0,0.46254027032848405,0.5006736207735396
1-0,1-0,0.0,0.4596311225318426,0.5076479832278623
1-0,1-0,0.0,0.4482723515405024,0.49734435833197016
0-1,1-0,0.0,0.4645498837762023,0.5033398185759163
1-0,1-0,0.0,0.455537094309462,0.49894144796912376
1-0,1-0,0.0,0.46226485749565005,0.500573425004449
0-1,1-0,0.0,0.4352216826153595,0.4936245399233223
0-1,1-0,0.0,0.46338227261079223,0.5010408290256042
0-1,1-0,0.0,0.43901186460160435,0.4948372145067738
1-0,1-0,0.0,0.4206033455198138,0.4879229582049875
1-0,1-0,0.0,0.4640928299281779,0.5014939199948358
1-0,1-0,0.0,0.4593836239127492,0.4997745584751409
0-1,1-0,0.0,0.4638426947379225,0.5013089325614484
0-1,1-0,0.0,0.46470432226262237,0.5027922798809883
0-1,1-0,0.0,0.4624991621565778,0.5006581905085139
0-1,1-0,0.0,0.46290850997703437,0.5008206949535867
1-0,1-0,0.0,0.4646625966564289,0.5030182464454725
1-0,1-0,0.0,0.46201950962480415,0.5060247747048728
0-1,1-0,0.0,0.46291738666758897,0.5008244618053793
0-1,1-0,0.0,0.46437564128403785,0.5036733721161284
1-0,1-0,0.0,0.4563707359348483,0.4991160262349261
1-0,1-0,0.0,0.4611516414761184,0.5002250749951207
0-1,1-0,0.0,0.43521094784923486,0.49362094759764163
0-1,1-0,0.0,0.4311326155714991,0.49219190778759636
1-0,1-0,0.0,0.44700121211451543,0.49703644633634214
1-0,1-0,0.0,0.46402549360695083,0.5014401932538379
0-1,1-0,0.0,0.4639929267721424,0.5014153591192669
0-1,1-0,0.0,0.4622536746953579,0.5005695052529175
0-1,1-0,0.0,0.45362844554143095,0.4985407474418569
0-1,1-0,0.0,0.4546557809284125,0.5103533845334246
0-1,1-0,0.0,0.4558324753402549,0.49900322283225124
1-0,1-0,0.0,0.4471999311560441,0.49708528617099984
0-1,1-0,0.0,0.45546961674198844,0.4989273406167855
1-0,1-0,0.0,0.4644878759270643,0.5019183930887766
1-0,1-0,0.0,0.4162819664927969,0.48593899399776236
1-0,1-0,0.0,0.4509489551008743,0.4979601955990919
1-0,1-0,0.0,0.4647082127705353,0.5027514817443876
0-1,1-0,0.0,0.46275068674374215,0.5007555696390068
0-1,1-0,0.0,0.45993193880470673,0.5074601582182516
1-0,1-0,0.0,0.46438145358026534,0.5017768066867861
0-1,1-0,0.0,0.45080959656403113,0.49792912255167326
0-1,1-0,0.0,0.46224659444901744,0.5058493695714117
1-0,1-0,0.0,0.45769910125060265,0.49939806986018176
0-1,1-0,0.0,0.4646944991704917,0.5024239553351059
1-0,1-0,0.0,0.4590220464929457,0.49969089734819344
1-0,1-0,0.0,0.44308620038280633,0.49601780374490767
1-0,1-0,0.0,0.45956368977413753,0.49981701556901853
0-1,1-0,0.0,0.46460129365833464,0.5032130128275585
0-1,1-0,0.0,0.46389950962918153,0.5013477387551245
0-1,1-0,0.0,0.43362334515656115,0.49307986849500135
1/2-1/2,1-0,0.0,0.4572486548756968,0.4993015614885283
0-1,1-0,0.0,0.46400101538248606,0.5014214619018224
0-1,1-0,0.0,0.45564165979370347,0.49896331141719213
0-1,1-0,0.0,0.4634791005849432,0.5010916898955619
0-1,1-0,0.0,0.46403608482930625,0.5014484243205898
0-1,1-0,0.0,0.45952394601755897,0.4998075951331067
1-0,1-0,0.0,0.4534881949337896,0.49851102178036516
0-1,1-0,0.0,0.4642623344832526,0.5016470872290538
0-1,1-0,0.0,0.4517058258469135,0.4981272733702702
1-0,1-0,0.0,0.46465460122094954,0.5022603606901482
1-0,1-0,0.0,0.4627310486745403,0.5007476975081439
1-0,1-0,0.0,0.45378823736995955,0.49857454878115626
0-1,1-0,0.0,0.4643030223887927,0.5037892050773228
0-1,1-0,0.0,0.462531125470681,0.5056217143910264
1-0,1-0,0.0,0.4602491297130763,0.4999846076466183
0-1,1-0,0.0,0.4646968449846357,0.5024380457581961
1/2-1/2,1-0,0.0,0.460661494774226,0.5000911243433597
0-1,1-0,0.0,0.4516533210511338,0.4981157713019788
0-1,1-0,0.0,0.4644298302356146,0.5018373047833211
1/2-1/2,1-0,0.0,0.46261183992478155,0.5007009199608304
0-1,1-0,0.0,0.45505166616280734,0.49883994675682286
1-0,1-0,0.0,0.4524982331869319,0.49829939432168896
0-1,1-0,0.0,0.45986271435140796,0.4998888674756045
0-1,1-0,0.0,0.46410570733849216,0.501504593615193
1-0,1-0,0.0,0.42875227945188277,0.49129905403054297
0-1,1-0,0.0,0.4595454405441262,0.49981268639520304
0-1,1-0,0.0,0.4531162041256492,0.4984318924820925
0-1,1-0,0.0,0.46461614495288545,0.502155647206586
0-1,1-0,0.0,0.46264172373456414,0.5007124886529837
1-0,1-0,0.0,0.46414111071644437,0.5040204927124587
1-0,1-0,0.0,0.4463909464452653,0.4968847867136359
0-1,1-0,0.0,0.4277633658164182,0.49091552302882746
1-0,1-0,0.0,0.4646368126692301,0.5031089457083661
0-1,1-0,0.0,0.4633336939701253,0.5010161864559137
1-0,1-0,0.0,0.46470486654771664,0.5027872317267292
0-1,1-0,0.0,0.46415975222130523,0.5015509516023069
0-1,1-0,0.0,0.4514689079280979,0.4980752708442725
1-0,1-0,0.0,0.46465176066176955,0.5030585098781011
0-1,1-0,0.0,0.461420267494912,0.5003026774662662
1-0,1-0,0.0,0.42570419466188464,0.49009344099579294
1-0,1-0,0.0,0.46281139362819695,0.5007802192635262
0-1,1-0,0.0,0.46354677667549204,0.5011287458139198
1/2-1/2,1-0,0.0,0.45328948068846864,0.49846880564675033
0-1,1-0,0.0,0.46325484375740633,0.5009773247284423
1-0,1-0,0.0,0.4647043840541848,0.5024927527761814
0-1,1-0,0.0,0.462981143727385,0.5008518662362548
0-1,1-0,0.0,0.463696372012164,0.5012157325377333
1-0,1-0,0.0,0.46432927590798934,0.5017170805561454
0-1,1-0,0.0,0.4622877630101021,0.5058170011415286
1-0,1-0,0.0,0.4601417480619333,0.4999576419137165
0-1,1-0,0.0,0.4620530529027992,0.5005009318909643
0-1,1-0,0.0,0.463989160157763,0.501412531575936
1-0,1-0,0.0,0.4637428885680067,0.5044980810434687
1-0,1-0,0.0,0.46126448711036167,0.5065757872414342
1-0,1-0,0.0,0.46399731561133895,0.5042045196417667
0-1,1-0,0.0,0.46204459674328535,0.500498110590162
1-0,1-0,0.0,0.46346605138136027,0.5047860375017155
1-0,1-0,0.0,0.4639910890635443,0.5014139784481416
0-1,1-0,0.0,0.46226770116122146,0.5005744234809576
1-0,1-0,0.0,0.46098035302866364,0.5001772326330169
0-1,1-0,0.0,0.4618441718715653,0.5004327300816934
1-0,1-0,0.0,0.4575968137224046,0.4993760507762032
1-0,1-0,0.0,0.46200990529789937,0.5004865914156074
1-0,1-0,0.0,0.4589144524293502,0.4996663696410625
1-0,1-0,0.0,0.44747261314303205,0.4971518747628593
1-0,1-0,0.0,0.4501614365814486,0.49778325314149136
1-0,1-0,0.0,0.4409633896458422,0.49541843782558753
0-1,1-0,0.0,0.43380520292438834,0.4931428344824653
0-1,1-0,0.0,0.45934418771219043,0.4997653343087646
1-0,1-0,0.0,0.45982835657652094,0.5075252597458438
0-1,1-0,0.0,0.46443673697639065,0.5018464182332951
1/2-1/2,1-0,0.0,0.46464973388344494,0.5030656596158533
1-0,1-0,0.0,0.4639012821797368,0.5013489760119947
1-0,1-0,0.0,0.462938778106894,0.5008335874649563
0-1,1-0,0.0,0.46193827095952383,0.500463079334517
1-0,1-0,0.0,0.4592389725887451,0.49974084802040847
0-1,1-0,0.0,0.4627548391934738,0.5007572404607948
0-1,1-0,0.0,0.46400714310147245,0.501426113537147
1-0,1-0,0.0,0.4629033580227164,0.5053079040853546
0-1,1-0,0.0,0.4613100766231656,0.5002704401809576
1-0,1-0,0.0,0.45551168306399936,0.5099307880747603
1-0,1-0,0.0,0.46219598366451214,0.5005494526097304
0-1,1-0,0.0,0.45639424153518493,0.4991209636497572
0-1,1-0,0.0,0.45359842337435013,0.4985343890226411
1-0,1-0,0.0,0.4638030770927657,0.5012827926851445
1-0,1-0,0.0,0.448360297209134,0.49736527421317334
1-0,1-0,0.0,0.46110952531566624,0.5002132000774016
0-1,1-0,0.0,0.46337072173745747,0.5048795994355075
1-0,1-0,0.0,0.45848268966448513,0.49956939015511537
1-0,1-0,0.0,0.45993794619856043,0.5074563684591651
0-1,1-0,0.0,0.46277112655366864,0.5007638153764009
0-1,1-0,0.0,0.4553467921706682,0.4989016626035792
1-0,1-0,0.0,0.46363449119989475,0.5046140517557131
0-1,1-0,0.0,0.4612470968666761,0.5002522723289563
0-1,1-0,0.0,0.4639686677662849,0.5042393814603194
0-1,1-0,0.0,0.46265789077500374,0.500718790369655
0-1,1-0,0.0,0.46396361082914195,0.5013935861655592
1-0,1-0,0.0,0.4625076965740237,0.5006613793840801
1-0,1-0,0.0,0.4388980476815069,0.4948024141873783
1-0,1-0,0.0,0.44999058521839724,0.4977444207226422
0-1,1-0,0.0,0.4599452242080461,0.4999090189917661
0-1,1-0,0.0,0.4637702982282274,0.5012616943619563
0-1,1-0,0.0,0.46468784203422353,0.5029040511183502
1-0,1-0,0.0,0.456270578620244,0.4990950008243554
0-1,1-0,0.0,0.4463516840781295,0.4968749421636586
0-1,1-0,0.0,0.46376479587621033,0.5012581976656334
1-0,1-0,0.0,0.4523015596932122,0.4982569212888877
1-0,1-0,0.0,0.4644879587857177,0.5019185169307964
0-1,1-0,0.0,0.4461590126655539,0.49682647775439387
0-1,1-0,0.0,0.439635931639276,0.495026256078477
1-0,1-0,0.0,0.39081594144867504,0.47180425872317444
0-1,1-0,0.0,0.46298172699487816,0.5052390881294099
0-1,1-0,0.0,0.4647063277604386,0.502510751171417
0-1,1-0,0.0,0.4563595958574034,0.4991136866486382
0-1,1-0,0.0,0.4638631260173994,0.5013227021137264
0-1,1-0,0.0,0.4425502135332681,0.49586966734243193
0-1,1-0,0.0,0.46469552239286704,0.502429978359272
1-0,1-0,0.0,0.4381851237200901,0.49458216143948824
1-0,1-0,0.0,0.46210500307443564,0.5059593403071505
1-0,1-0,0.0,0.46400963485650276,0.5041893617465362
0-1,1-0,0.0,0.4644097632366848,0.5018115335121847
1/2-1/2,1-0,0.0,0.4629702421087685,0.5008471361710243
1-0,1-0,0.0,0.4627288988824265,0.5054574960602627
1-0,1-0,0.0,0.4544827469301174,0.49872076818595273
1-0,1-0,0.0,0.45869730813186654,0.49961732301654227
1-0,1-0,0.0,0.4554794066749773,0.49892938733264375
0-1,1-0,0.0,0.45951505862220254,0.49980549247415973
1/2-1/2,1-0,0.0,0.45520245943674587,0.4988714848339308
1-0,1-0,0.0,0.4549719565013718,0.49882326966029306
1-0,1-0,0.0,0.4565365004095452,0.49915087284957305
0-1,1-0,0.0,0.4616722330429266,0.5003787374795825
1-0,1-0,0.0,0.45904570945751644,0.4996963129621819
1-0,1-0,0.0,0.456753426102973,0.4991965844096167
1-0,1-0,0.0,0.4516319394774391,0.4981110836611896
0-1,1-0,0.0,0.463839375254468,0.5013067143817193
1-0,1-0,0.0,0.45111469009499033,0.4979970211352206
1/2-1/2,1-0,0.0,0.4639665006152508,0.5013957089196276
1-0,1-0,0.0,0.46024518600846226,0.49998361206531905
0-1,1-0,0.0,0.45687752847444024,0.49922280214711157
1-0,1-0,0.0,0.46458505891255153,0.5032554510901412
0-1,1-0,0.0,0.46333971593751205,0.5010192112696582
1-0,1-0,0.0,0.46444365529818543,0.5018556796841238
1-0,1-0,0.0,0.4640891259425201,0.5014908748494279
0-1,1-0,0.0,0.4420911937510526,0.49574109377600406
0-1,1-0,0.0,0.4638664686486617,0.5013249742986915
1-0,1-0,0.0,0.4646098215020984,0.5021407785098344
0-1,1-0,0.0,0.4641174718863404,0.5040519048101276
1-0,1-0,0.0,0.464708701887014,0.5025370875840967
1-0,1-0,0.0,0.44473898779217647,0.49646123913966544
0-1,1-0,0.0,0.45262876130894725,0.49832749837813195
1-0,1-0,0.0,0.45619180907976875,0.4990784786755367
1-0,1-0,0.0,0.46471185976595153,0.5026896141405179
1-0,1-0,0.0,0.46388488881866313,0.5013375962043771
1-0,1-0,0.0,0.45929305292036215,0.49975341180022637
1-0,1-0,0.0,0.46359051375996746,0.5011534169957592
1-0,1-0,0.0,0.4528334899766876,0.498371448472699
1-0,1-0,0.0,0.4645653122627299,0.5020479963099729
1-0,1-0,0.0,0.460599882767724,0.5000748859086875
0-1,1-0,0.0,0.4578821435675448,0.49943764750808445
1-0,1-0,0.0,0.4587326830957867,0.4996252738109099
1-0,1-0,0.0,0.4646499712360116,0.502246081489375
1-0,1-0,0.0,0.4616958155249464,0.506266533260338
1-0,1-0,0.0,0.4647110541646955,0.502708192563858
1-0,1-0,0.0,0.4637948449347305,0.5012774501688833
0-1,1-0,0.0,0.4632841303436874,0.5009916007229471
1/2-1/2,1-0,0.0,0.44839628539928506,0.4973738190687362
1-0,1-0,0.0,0.46343082402585806,0.5048209038748458
1-0,1-0,0.0,0.4609675617636899,0.5001737069173695
0-1,1-0,0.0,0.45722903763662054,0.4992973832400965
1-0,1-0,0.0,0.44097648879417467,0.49542224077332747
1-0,1-0,0.0,0.4632781062394291,0.5049682268623081
0-1,1-0,0.0,0.4635427349986486,0.5011264954699282
0-1,1-0,0.0,0.45937369235029546,0.507805829412259
0-1,1-0,0.0,0.4647043650195566,0.5027918891571171
1-0,1-0,0.0,0.4632574617296414,0.5009785934972688
1-0,1-0,0.0,0.46018546546330513,0.5072988328059561
1-0,1-0,0.0,0.4625104906129511,0.5006624250209506
0-1,1-0,0.0,0.4616585041041603,0.5003745030055519
0-1,1-0,0.0,0.45891866323687397,0.4996673266417185
1-0,1-0,0.0,0.46205905664326496,0.5059945938529407
1-0,1-0,0.0,0.4613831848650997,0.5002917629160957
1/2-1/2,1-0,0.0,0.4287452565837843,0.49129635629601726
1-0,1-0,0.0,0.4644749757043684,0.5034961029026634
0-1,1-0,0.0,0.464316684940282,0.5017033941360878
0-1,1-0,0.0,0.45926817253940605,0.49974762593050104
1-0,1-0,0.0,0.4580865648951061,0.4994821411387808
0-1,1-0,0.0,0.4597403278322079,0.49985924381245156
1-0,1-0,0.0,0.4613733790896005,0.5002888880597539
1-0,1-0,0.0,0.46269053584666087,0.5007316092953394
0-1,1-0,0.0,0.4631211228967176,0.5051139232897459
0-1,1-0,0.0,0.4563140778521287,0.49910412986928737
1-0,1-0,0.0,0.4646671810802251,0.5029999979271859
0-1,1-0,0.0,0.4628310373351101,0.5007883002998071
0-1,1-0,0.0,0.4538857503628486,0.49859514352302037
1-0,1-0,0.0,0.46471275081801044,0.5026333978466261
0-1,1-0,0.0,0.4642384143382995,0.5016235859280832
0-1,1-0,0.0,0.4608081259957049,0.5001302750749158
1/2-1/2,1-0,0.0,0.46400759447246454,0.5041918793927657
0-1,1-0,0.0,0.45566995756221645,0.4989692288803417
1-0,1-0,0.0,0.4557720725866789,0.49899058623214687
0-1,1-0,0.0,0.45933350731295974,0.49976284057160936
1-0,1-0,0.0,0.46138016979582863,0.5002908784599066
0-1,1-0,0.0,0.4605261637627383,0.5000556133028634
1-0,1-0,0.0,0.4629933803753901,0.505228763342797
0-1,1-0,0.0,0.4647047364204714,0.5027884536477659
1-0,1-0,0.0,0.45532022564976554,0.49889610835885856
1-0,1-0,0.0,0.4620738268425059,0.5005078856115008
1-0,1-0,0.0,0.4476834271962517,0.4972030181111654
0-1,1-0,0.0,0.46066156804142155,0.5000911437263692
0-1,1-0,0.0,0.4608069620308732,0.5001299613902113
0-1,1-0,0.0,0.4574059543994255,0.49933513410921304
0-1,1-0,0.0,0.4629473218354925,0.5008372514940778
1-0,1-0,0.0,0.4641121755176891,0.5015100066908569
0-1,1-0,0.0,0.4525488845647857,0.49831030793505704
1-0,1-0,0.0,0.46450335392943476,0.5034398516877048
0-1,1-0,0.0,0.45247542865802115,0.49829447744966326
1-0,1-0,0.0,0.4606223390337912,0.500080790420247
0-1,1-0,0.0,0.46149540723616483,0.5003250054066616
0-1,1-0,0.0,0.4614268389304891,0.5003046187549867
0-1,1-0,0.0,0.444712716970495,0.49645434664839394
1-0,1-0,0.0,0.4569449280865217,0.49923706379509647
1-0,1-0,0.0,0.4625167441300987,0.5006647682860069
1-0,1-0,0.0,0.4635290262548189,0.5047227994735329
1-0,1-0,0.0,0.46213295930690823,0.5005278597321382
1-0,1-0,0.0,0.4615615603427789,0.5003449065278707
0-1,1-0,0.0,0.45799290975812895,0.49946171574966647
0-1,1-0,0.0,0.4639368591934354,0.5013741697984286
0-1,1-0,0.0,0.4603115405863385,0.5000004179068095
0-1,1-0,0.0,0.45748561059218334,0.4993521854039472
0-1,1-0,0.0,0.4446491026518463,0.49643763596714957
0-1,1-0,0.0,0.4555040712799922,0.4989345438459625
0-1,1-0,0.0,0.4646017896542296,0.5032116738670322
1/2-1/2,1-0,0.0,0.44937170003118254,0.4976023609917156
1/2-1/2,1-0,0.0,0.46069219827657865,0.5069672208814463
1-0,1-0,0.0,0.42251618986979933,0.4887590015301594
1-0,1-0,0.0,0.46188594480256084,0.5061256365161946
1-0,1-0,0.0,0.4617155633433933,0.5062520383746585
1-0,1-0,0.0,0.46458816689998117,0.5032475234738543
0-1,1-0,0.0,0.46349497856460475,0.504757137887857
0-1,1-0,0.0,0.4614809412096648,0.5003206842924536
1-0,1-0,0.0,0.45666036189076153,0.499176956662058
0-1,1-0,0.0,0.4377048644602359,0.4944315777929546
0-1,1-0,0.0,0.45860320447049346,0.49959624309204764
1-0,1-0,0.0,0.4646389916107565,0.5031018993472296
0-1,1-0,0.0,0.46105161711055564,0.5001969927975594
1-0,1-0,0.0,0.46414887917769476,0.5015414121498837
0-1,1-0,0.0,0.4647127030530216,0.5026270372017808
1-0,1-0,0.0,0.46135449807587814,0.5002833656459074
1-0,1-0,0.0,0.4626671201250194,0.5007224016347341
0-1,1-0,0.0,0.4647016138314407,0.5028153303466057
0-1,1-0,0.0,0.4646471047149856,0.503074777528043
0-1,1-0,0.0,0.4543245962629461,0.49868755762924416
1-0,1-0,0.0,0.46456163620354524,0.5020410768106413
0-1,1-0,0.0,0.460447675980254,0.5000352746869994
1-0,1-0,0.0,0.4532553120976746,0.4984615343626469
1-0,1-0,0.0,0.4554871366925632,0.4989310034028329
0-1,1-0,0.0,0.4380514200964223,0.494540418033463
1-0,1-0,0.0,0.45934562901019155,0.49976567097677627
0-1,1-0,0.0,0.4559386315422225,0.49902543912156977
1-0,1-0,0.0,0.46099743048700187,0.5001819496611013
1-0,1-0,0.0,0.43931794720386574,0.49493030680832445
1/2-1/2,1-0,0.0,0.464517963178839,0.5034096016822722
0-1,1-0,0.0,0.4595968598664991,0.49982490006681923
1-0,1-0,0.0,0.46453592509912905,0.5033710130385532
1-0,1-0,0.0,0.4637624421234492,0.504476655182851
1-0,1-0,0.0,0.45687495512341353,0.5092252947955153
0-1,1-0,0.0,0.46469666780857427,0.5024369453660507
0-1,1-0,0.0,0.4638417566069269,0.501308305143216
1/2-1/2,1-0,0.0,0.4593318053801151,0.4997624433644027
1/2-1/2,1-0,0.0,0.45786189513011977,0.49943325770992014
0-1,1-0,0.0,0.45046710876576906,0.49785232643631167
1-0,1-0,0.0,0.4620365766029172,0.506011768030407
1-0,1-0,0.0,0.46453996132538866,0.502002068693841
1-0,1-0,0.0,0.4636715381179109,0.5045749276097213
1-0,1-0,0.0,0.46166838890554973,0.5003775507145032
0-1,1-0,0.0,0.39143535107640626,0.47219329737966514
1-0,1-0,0.0,0.4210583387435628,0.48812419656713224
0-1,1-0,0.0,0.46471097151507956,0.5027098229565269
0-1,1-0,0.0,0.4596304185394557,0.5076484184326737
1/2-1/2,1-0,0.0,0.46459410529231826,0.5021058670890387
0-1,1-0,0.0,0.45595092051456826,0.4990280116886142
0-1,1-0,0.0,0.4646035424061109,0.5032069204351428
1-0,1-0,0.0,0.45066771622008606,0.4978973838053391
0-1,1-0,0.0,0.46326743197102693,0.5009834386454115
0-1,1-0,0.0,0.45910147807322926,0.49970910777558264
1-0,1-0,0.0,0.4530866667055369,0.4984255902789989
1-0,1-0,0.0,0.44871547463662276,0.49744924989667433
1-0,1-0,0.0,0.45876484463427863,0.49963251531606323
1/2-1/2,1-0,0.0,0.454771226593042,0.4987812469518399
1-0,1-0,0.0,0.44034437457877407,0.4952372338144267
0-1,1-0,0.0,0.4646885542224015,0.5029001662141568
1-0,1-0,0.0,0.45924325956721784,0.5078848432057383
1-0,1-0,0.0,0.4634200546853548,0.5010603888154355
0-1,1-0,0.0,0.4598284373603365,0.4998805392129487
1-0,1-0,0.0,0.4591393003067092,0.4997178107784646
0-1,1-0,0.0,0.4645936921000503,0.5021049846622101
1-0,1-0,0.0,0.4631504436836498,0.5009278535657875
0-1,1-0,0.0,0.4565941868839268,0.4991630156769619
0-1,1-0,0.0,0.4614891769761499,0.5064163832611766
0-1,1-0,0.0,0.46127591268874524,0.5002605622800913
1-0,1-0,0.0,0.4551302972574457,0.49885639386125474
1-0,1-0,0.0,0.4636036326365102,0.5046462614696245
0-1,1-0,0.0,0.4616521381176935,0.5062984818502788
0-1,1-0,0.0,0.4506710287715783,0.4978981260280348
1-0,1-0,0.0,0.4646809246875934,0.5029393406590593
1-0,1-0,0.0,0.4628107784486727,0.5007799670332836
1-0,1-0,0.0,0.4643327972609536,0.5037428368907165
0-1,1-0,0.0,0.46342614537890237,0.504825508257162
0-1,1-0,0.0,0.4603606077689832,0.5000129216508971
0-1,1-0,0.0,0.4639718300528429,0.501399637046974
1/2-1/2,1-0,0.0,0.4621949153780976,0.5005490839126612
0-1,1-0,0.0,0.46160565545636806,0.5003583033728516
1-0,1-0,0.0,0.4637622282573692,0.5012565702857414
0-1,1-0,0.0,0.4609566787028579,0.5001707121263347
1-0,1-0,0.0,0.4641640625755698,0.5039894936869201
1-0,1-0,0.0,0.4620483782644863,0.5004993715934548
1-0,1-0,0.0,0.46135997764261155,0.5002849665664686
1-0,1-0,0.0,0.45940887061287455,0.49978047735997705
0-1,1-0,0.0,0.45447705299392593,0.49871957323635424
0-1,1-0,0.0,0.446046176485979,0.4967979754456401
1-0,1-0,0.0,0.4605608649843127,0.5000646644657022
0-1,1-0,0.0,0.46397781231023166,0.5014040670553332
1-0,1-0,0.0,0.46410977435876916,0.5015079931106234
1-0,1-0,0.0,0.4633506637623263,0.5010247317713896
1-0,1-0,0.0,0.4630787742256752,0.5051523417377709
0-1,1-0,0.0,0.45204960718552845,0.4982022774549612
1-0,1-0,0.0,0.464243258283839,0.5038782794715634
1-0,1-0,0.0,0.45749234013893403,0.4993536275726936
0-1,1-0,0.0,0.4557262207419724,0.4989809955352241
1-0,1-0,0.0,0.46237051691897263,0.5006110082561176
1-0,1-0,0.0,0.4644317479200275,0.5018398221797618
0-1,1-0,0.0,0.4645266069206422,0.5019793898565612
0-1,1-0,0.0,0.4594253474312273,0.49978434604649036
0-1,1-0,0.0,0.4633405319446138,0.5010196217888105
1-0,1-0,0.0,0.4603707479601723,0.5000155139375599
0-1,1-0,0.0,0.4632711978572885,0.500985274189062
1/2-1/2,1-0,0.0,0.4582352501416368,0.49951471981501067
0-1,1-0,0.0,0.4391540893685365,0.4948805605566777
0-1,1-0,0.0,0.4553800389887496,0.49890861334531617
1-0,1-0,0.0,0.46405034712538384,0.5014596335871289
1-0,1-0,0.0,0.45927694649993883,0.5078644966197657
1-0,1-0,0.0,0.4640857299708867,0.5014880925657507
0-1,1-0,0.0,0.4636702276996307,0.5011999785156058
1-0,1-0,0.0,0.4646188128921731,0.5021620798230041
0-1,1-0,0.0,0.4580736855943924,0.49947932803030237
1-0,1-0,0.0,0.4638663233133525,0.5013248753903499
1-0,1-0,0.0,0.45852833055211845,0.4995795414361681
0-1,1-0,0.0,0.46228112385130976,0.5005791460077954
0-1,1-0,0.0,0.46451721044411676,0.503411183998378
1-0,1-0,0.0,0.4646763735161215,0.5023374941018484
1-0,1-0,0.0,0.4598036117506888,0.5075407446427294
1/2-1/2,1-0,0.0,0.4647103650064815,0.5025607552765617
1-0,1-0,0.0,0.4510064780692084,0.4979729926501449
1-0,1-0,0.0,0.4622715336020337,0.5058297832416583
0-1,1-0,0.0,0.46057841057980975,0.5000692549970769
0-1,1-0,0.0,0.46447539869460425,0.5019000329317728
0-1,1-0,0.0,0.4562257664471992,0.49908559997635416
0-1,1-0,0.0,0.464501106406966,0.5034444226950083
1-0,1-0,0.0,0.46375256259036596,0.5044875012132374
1-0,1-0,0.0,0.46067742135704287,0.500095341878725
0-1,1-0,0.0,0.45888646693917506,0.4996600152049682
1-0,1-0,0.0,0.4617762325439504,0.5004111776325939
0-1,1-0,0.0,0.4629117402905581,0.5008220644028301
0-1,1-0,0.0,0.46178258533290245,0.5004131805773468
1-0,1-0,0.0,0.46354500404366694,0.5011277582382885
0-1,1-0,0.0,0.45966853561664534,0.49984200806934753
0-1,1-0,0.0,0.4637786984993142,0.5012670572289872
1-0,1-0,0.0,0.4268038928278888,0.49053640268970594
0-1,1-0,0.0,0.464659394873083,0.5022758023167404
1-0,1-0,0.0,0.46127335879147574,0.5002598260279914
0-1,1-0,0.0,0.464694621537946,0.5024246662319696
0-1,1-0,0.0,0.4625019927809557,0.5056454668353323
1-0,1-0,0.0,0.4582402248328764,0.4995158132028056
0-1,1-0,0.0,0.45329487881750286,0.4984699540640155
0-1,1-0,0.0,0.46426662446974437,0.5016513800725974
0-1,1-0,0.0,0.4575282687748329,0.49936133165229996
