y_true,y_pred,prob_1-0,prob_0-1,prob_1/2-1/2
1-0,1-0,0.4577938301763713,0.49576809511735953,0.046438074706269206
1-0,1-0,0.46717496689310006,0.4947179732958893,0.03810705981101072
1-0,1-0,0.4678380366312054,0.4951150732029653,0.03704689016582939
0-1,1-0,0.4677544369565082,0.4950369907107175,0.03720857233277425
1-0,1-0,0.4635865670437192,0.4946382665634749,0.041775166392805874
1-0,1-0,0.4305726603628698,0.5335151028967461,0.035912236740384164
0-1,1-0,0.4511525702070481,0.49743939685871735,0.05140803293423453
1-0,1-0,0.4652308996436942,0.5013319770654182,0.03343712329088764
1-0,1-0,0.4673649651382721,0.4983383023226792,0.0342967325390486
1-0,1-0,0.44933422552632774,0.5172426981050999,0.033423076368572294
0-1,1-0,0.467852993377451,0.49513062028849925,0.0370163863340498
0-1,1-0,0.4665956847167645,0.49953474923424523,0.03386956604899023
0-1,1-0,0.4586685425397848,0.5084201929195408,0.03291126454067449
1-0,1-0,0.46462234423808974,0.5020668715035729,0.033310784258337285
1-0,1-0,0.46811055305122456,0.49555566025841885,0.03633378669035662
1-0,1-0,0.4678103411208998,0.4974777755944253,0.0347118832846748
1-0,1-0,0.4339818635326912,0.5017533982092668,0.0642647382580421
0-1,1-0,0.46778240863276666,0.4975394156244395,0.034678175742793825
1-0,1-0,0.44506500385772335,0.4990235515302335,0.0559114446120431
1-0,1-0,0.46770362232652735,0.49770581948712056,0.034590558186352
1-0,1-0,0.46768349941939374,0.4949802454283013,0.03733625515230494
1-0,1-0,0.46676381055515215,0.49929050142340475,0.03394568802144307
0-1,1-0,0.4562309350225071,0.496144890303333,0.047624174674160004
1-0,1-0,0.4681575354952466,0.4963917214506701,0.03545074305408327
1-0,1-0,0.4680444488364387,0.4954004290258311,0.03655512213773014
1-0,1-0,0.4653314586972344,0.49450046066075565,0.04016808064200993
1/2-1/2,1-0,0.4628862661174721,0.4947353621374255,0.04237837174510236
0-1,1-0,0.3422338053517561,0.5047175564441669,0.15304863820407702
0-1,1-0,0.45799896661446293,0.4957199328291318,0.04628110055640532
0-1,1-0,0.4550933752463571,0.4964277803753213,0.048478844378321555
0-1,1-0,0.4590635323576693,0.5080256578696809,0.03291080977264984
1-0,1-0,0.44030181428520604,0.5002325576670268,0.05946562804776731
0-1,1-0,0.46328351602939905,0.5036005271989241,0.033115956771676835
0-1,1-0,0.4560121941392586,0.49619880508832354,0.04778900077241791
0-1,1-0,0.4681861227900998,0.4960774876529039,0.0357363895569963
0-1,1-0,0.4680125971805191,0.4969650315753121,0.03502237124416877
1-0,1-0,0.4646068308239237,0.5020852396363813,0.03330792953969494
1-0,1-0,0.43894841100972304,0.5264144902347497,0.03463709875552711
0-1,1-0,0.46816786496440066,0.4963195578584635,0.03551257717713588
0-1,1-0,0.46700361775091553,0.49466386115632865,0.03833252109275585
1/2-1/2,1-0,0.4532484501752235,0.4968969766616519,0.04985457316312453
0-1,1-0,0.446716055435432,0.5196022062023832,0.03368173836218465
0-1,1-0,0.44196360032711235,0.4998157750210405,0.0582206246518471
1/2-1/2,1-0,0.46385655459934433,0.49460596592984457,0.04153747947081111
0-1,1-0,0.46693690374951086,0.4990307202396154,0.03403237601087374
0-1,1-0,0.44634849918616476,0.49869144162775364,0.054960059186081586
1/2-1/2,1-0,0.45928241922404045,0.4954273532415458,0.04529022753441381
1-0,1-0,0.46477001105626453,0.494523855231063,0.0407061337126724
1-0,1-0,0.46180192212777077,0.5052080567976908,0.03299002107453854
0-1,1-0,0.45328714130144027,0.49688703805141743,0.04982582064714229
1-0,1-0,0.4659484500020172,0.49450881842724254,0.03954273157074034
0-1,1-0,0.46387000315696064,0.5029403788977701,0.0331896179452693
1-0,1-0,0.4602012000647644,0.49522926713265625,0.044569532802579415
0-1,1-0,0.45773542792629945,0.5093428548785218,0.03292171719517863
1/2-1/2,1-0,0.46817992708356077,0.4962037943999218,0.03561627851651745
1-0,1-0,0.46673766791093296,0.4946004621903247,0.038661869898742346
1-0,1-0,0.46656363286179164,0.4995805202327571,0.03385584690545123
0-1,1-0,0.4634850579130997,0.5033754636746108,0.03313947841228954
0-1,1-0,0.46656732981188653,0.4945701962917002,0.03886247389641324
0-1,1-0,0.4669336391331315,0.49903570808274206,0.034030652784126425
0-1,1-0,0.46286544856585254,0.4947385092911946,0.04239604214295282
0-1,1-0,0.4675485644696212,0.4980088216390498,0.03444261389132909
1-0,1-0,0.46775734420863085,0.49759347352696104,0.0346491822644081
1-0,1-0,0.46632747866623864,0.49453843174490203,0.039134089588859396
1-0,1-0,0.45160851540817065,0.5151602259645173,0.03323125862731213
1/2-1/2,1-0,0.38880921795441314,0.5081794293745845,0.10301135267100239
0-1,1-0,0.46741293928496397,0.49481683875913157,0.03777022195590443
1-0,1-0,0.4642413393402736,0.5025134365938121,0.03324522406591424
0-1,1-0,0.46441035815614246,0.5023164740347884,0.03327316780906915
1-0,1-0,0.4672230257098651,0.49473546013163816,0.038041514158496756
1-0,1-0,0.4657867520385111,0.4945024351261301,0.03971081283535884
1-0,1-0,0.466295103055972,0.4999553606866945,0.03374953625733348
1-0,1-0,0.4679245661266231,0.4952135363042188,0.036861897569158114
0-1,1-0,0.41868138752251455,0.504885727405139,0.07643288507234637
1-0,1-0,0.46302169347828404,0.5038903488541513,0.033087957667564734
0-1,1-0,0.452530592475265,0.5143059091320541,0.03316349839268093
0-1,1-0,0.4670533961487099,0.498850244792428,0.034096359058862116
1-0,1-0,0.4243522315621888,0.5038262009297368,0.0718215675080743
0-1,1-0,0.4664825825605687,0.49969522781094805,0.03382218962848332
1-0,1-0,0.4676304423660875,0.4949423274097417,0.03742723022417085
1-0,1-0,0.4389645292527284,0.5005633167061824,0.0604721540410893
0-1,1-0,0.4600541106848137,0.49526022442688067,0.044685664888305665
1-0,1-0,0.4505635572879982,0.4975928070569222,0.05184363565507956
0-1,1-0,0.46252445523138314,0.4947919559747047,0.042683588793912194
0-1,1-0,0.4396596599256917,0.5258007598189676,0.03453958025534062
1-0,1-0,0.46716707426517634,0.49471520604389124,0.038117719690932486
1-0,1-0,0.4578957014118972,0.5091852603205353,0.03291903826756746
0-1,1-0,0.46503000419101886,0.501577881612561,0.033392114196420186
1-0,1-0,0.4574045683389133,0.49586039202467097,0.04673503963641576
0-1,1-0,0.4666486694256045,0.49458376560337236,0.03876756497102307
0-1,1-0,0.4586450935017845,0.495570618683662,0.0457842878145535
0-1,1-0,0.44509180251470215,0.4990166384386633,0.05589155904663457
0-1,1-0,0.4602742325194343,0.4952140126234739,0.044511754857091794
0-1,1-0,0.4672592482536912,0.4947493988991623,0.037991352847146484
0-1,1-0,0.43616558342680994,0.5012405667773243,0.06259384979586571
1-0,1-0,0.43964457374180316,0.5003956611817986,0.059959765076398296
1-0,1-0,0.4362315914636816,0.5287424761972119,0.035025932339106614
0-1,1-0,0.4530763431589411,0.5137972544789892,0.033126402362069735
0-1,1-0,0.4681216425994838,0.49657908298613995,0.0352992744143763
0-1,1-0,0.46494014716905324,0.5016867642568956,0.03337308857405108
1-0,1-0,0.45960370946490503,0.5074818856057628,0.03291440492933221
1/2-1/2,1-0,0.4638136952032463,0.4946108799033193,0.041575424893434354
0-1,1-0,0.45859457626673233,0.49558215346776696,0.045823270265500746
0-1,1-0,0.4681544727958002,0.49571573592500734,0.03612979127919248
0-1,1-0,0.4674095668477382,0.4948151980310658,0.037775235121196016
1-0,1-0,0.46726675255324446,0.49475237224904417,0.03798087519771135
0-1,1-0,0.46780010031018443,0.4950779167518511,0.03712198293796448
1-0,1-0,0.4414393084649365,0.5242568758372474,0.03430381569781597
0-1,1-0,0.4671191294859246,0.49469899772628817,0.03818187278778717
0-1,1-0,0.4681457720344104,0.4964607825862075,0.035393445379382146
1-0,1-0,0.4599741947502595,0.5071059029872471,0.0329199022624933
0-1,1-0,0.41396768662505734,0.5056673306807385,0.08036498269420408
1-0,1-0,0.45820571628236295,0.4956717475881682,0.046122536129468865
1-0,1-0,0.46749496090166903,0.4981077844361149,0.03439725466221614
1-0,1-0,0.46656316918768564,0.4995811806287921,0.03385565018352224
1-0,1-0,0.4665357760395753,0.4945653387251472,0.038898885235277465
1-0,1-0,0.46812997681253365,0.4956169393594453,0.03625308382802109
1-0,1-0,0.45972094616786424,0.495331447831645,0.04494760600049072
1-0,1-0,0.4681539059964163,0.4957130286629861,0.036133065340597466
1/2-1/2,1-0,0.4665953810041358,0.4945747020611298,0.038829916934734324
1-0,1-0,0.46812918167303946,0.4956142026204606,0.036256615706499934
0-1,1-0,0.4446123183606002,0.521472766255355,0.033914915384044834
0-1,1-0,0.4552387789463805,0.4963912977270485,0.04836992332657098
0-1,1-0,0.41111707448310386,0.5060945589685317,0.08278836654836437
1-0,1-0,0.4678395688400291,0.4974115241531985,0.034748907006772384
0-1,1-0,0.45490627135631806,0.49647484957298177,0.04861887907070018
1-0,1-0,0.4609176023127298,0.5061360274883215,0.03294637019894877
1-0,1-0,0.44993733952360293,0.5166936526127162,0.03336900786368089
1-0,1-0,0.46798762786217424,0.4970374263969105,0.03497494574091524
0-1,1-0,0.4590173247432622,0.5080719425237982,0.032910732732939554
1-0,1-0,0.4565780599912736,0.5104710140417961,0.03295092596693041
0-1,1-0,0.45924202269067893,0.5078465356428039,0.032911441666517265
0-1,1-0,0.46175396117737233,0.5052589151455177,0.032987123677110014
1/2-1/2,1-0,0.46747876563411805,0.49813719883566837,0.034384035530213596
1-0,1-0,0.46488225648089865,0.5017565700064902,0.03336117351261117
1-0,1-0,0.46316310653066634,0.49469487056380196,0.0421420229055317
0-1,1-0,0.4383996030177104,0.5007017026417042,0.06089869434058529
0-1,1-0,0.45923818987238435,0.495437153109225,0.04532465701839067
1-0,1-0,0.4650225593643931,0.5015869278495949,0.03339051278601209
0-1,1-0,0.42550019457116417,0.5377137102272924,0.03678609520154369
0-1,1-0,0.46264523377436156,0.49477262740418637,0.04258213882145215
0-1,1-0,0.4550585300528703,0.49643653590354525,0.048504934043584545
0-1,1-0,0.4652975993982722,0.49450113744886565,0.04020126315286217
1-0,1-0,0.4634494079136095,0.49465584590790784,0.04189474617848269
1/2-1/2,1-0,0.4665533040617224,0.49456800990186195,0.03887868603641555
0-1,1-0,0.4556245415965069,0.49629494237076544,0.04808051603272767
0-1,1-0,0.4599441670499534,0.4952835624921823,0.044772270457864284
1-0,1-0,0.46154277493132406,0.4949631682006919,0.04349405686798407
1-0,1-0,0.46414055931367254,0.49457559584491834,0.04128384484140916
1-0,1-0,0.46695736151710066,0.49899938058109206,0.034043257901807254
0-1,1-0,0.46322819147193384,0.5036620026165632,0.03310980591150302
1-0,1-0,0.4677754542432973,0.4975545282594077,0.034670017497295036
1-0,1-0,0.4514500954404463,0.49736202054489054,0.05118788401466313
1-0,1-0,0.45931942434935,0.49541917131099295,0.04526140433965698
1-0,1-0,0.4031006487816979,0.5071055308400002,0.08979382037830205
0-1,1-0,0.45603403441378276,0.49619341077885337,0.047772554807363914
1-0,1-0,0.46658492570806764,0.4945730017137706,0.03884207257816175
0-1,1-0,0.46732754760206974,0.49477760901163775,0.03789484338629249
1-0,1-0,0.46818315598264204,0.4959336244306228,0.03588321958673513
1-0,1-0,0.4518563184239204,0.4972565349525162,0.05088714662356345
0-1,1-0,0.46494763162973124,0.4945138209424776,0.04053854742779121
1-0,1-0,0.46775914633493243,0.497589623887893,0.03465122977717456
1-0,1-0,0.46557507773364915,0.5009018264471805,0.03352309581917036
1-0,1-0,0.44882096924883685,0.49804754318376504,0.05313148756739809
1-0,1-0,0.46451672838387703,0.4945418400814421,0.040941431534680876
1-0,1-0,0.4668554777634733,0.4991540783000616,0.03399044393646515
1-0,1-0,0.43343641399697225,0.5311121797161036,0.03545140628692433
0-1,1-0,0.4568931932291194,0.49598328916478474,0.04712351760609574
0-1,1-0,0.46641385505064425,0.4945485516283665,0.03903759332098936
1-0,1-0,0.4451147074495233,0.5210279568551931,0.03385733569528352
1-0,1-0,0.4493064817310387,0.5172679021444091,0.033425616124552186
0-1,1-0,0.4541893426459328,0.49665637663019596,0.04915428072387129
1/2-1/2,1-0,0.46796720012867077,0.4952713472584229,0.03676145261290638
1/2-1/2,1-0,0.4621335161950328,0.49485728603907947,0.04300919776588776
0-1,1-0,0.45713958746419214,0.5099257488573992,0.03293466367840873
1-0,1-0,0.44637591216843964,0.5199060930331988,0.033717994798361524
1-0,1-0,0.46708618393459606,0.49468843377089994,0.03822538229450408
1-0,1-0,0.4651780223625599,0.4945043368927152,0.04031764074472489
1-0,1-0,0.4455878220968195,0.52060800078931,0.033804177113870376
1-0,1-0,0.4663539188872392,0.49987448752139385,0.03377159359136687
1-0,1-0,0.4643020173420194,0.49456014634240786,0.04113783631557275
1-0,1-0,0.44831957141446277,0.4981783869920123,0.05350204159352497
1-0,1-0,0.465328849025848,0.49450050912431004,0.04017064184984196
1/2-1/2,1-0,0.44615534024091735,0.5201028476831164,0.0337418120759661
0-1,1-0,0.46151592102294864,0.49496816629209617,0.04351591268495522
0-1,1-0,0.46232873742100833,0.49482415164526117,0.04284711093373055
0-1,1-0,0.46655926078719556,0.49456893310497313,0.03887180610783122
1-0,1-0,0.4594925877422506,0.49538109806075975,0.04512631419698953
0-1,1-0,0.41336278670187016,0.5474870172149247,0.03915019608320506
0-1,1-0,0.4680019127227017,0.49532468236381744,0.0366734049134809
0-1,1-0,0.46456019567851825,0.5021403574688977,0.033299446852583944
0-1,1-0,0.4671663528334312,0.498670116300538,0.03416353086603085
1-0,1-0,0.4649091010494049,0.501724233008869,0.03336666594172611
1-0,1-0,0.4675787856143833,0.4949085453436768,0.03751266904193993
1-0,1-0,0.4680698903130004,0.4954532344311639,0.03647687525583574
1-0,1-0,0.4647199052206804,0.501950972440049,0.033329122339270476
1-0,1-0,0.45022214351323553,0.4976818334085765,0.05209602307818789
1-0,1-0,0.4681055053617281,0.4966476504618557,0.03524684417641619
0-1,1-0,0.46201399576626856,0.4948780487987795,0.04310795543495197
1-0,1-0,0.46609054670540595,0.5002319191145362,0.03367753418005779
1-0,1-0,0.4666882116038795,0.49459093544314026,0.03872085295298023
1-0,1-0,0.4639881971074119,0.5028053037581189,0.033206499134469165
1-0,1-0,0.46389792343190467,0.5029085369314564,0.03319353963663899
1-0,1-0,0.4642067226532377,0.5025535643982652,0.033239712948497105
1-0,1-0,0.4612502995284553,0.5057892426034873,0.03296045786805725
1-0,1-0,0.3965328724903406,0.5077174632530697,0.09574966425658984
0-1,1-0,0.4511553145450922,0.5155779048608632,0.03326678059404459
1-0,1-0,0.45550615401653594,0.49632444342701837,0.04816940255644576
1-0,1-0,0.468070379734593,0.49677948558183643,0.035150134683570596
0-1,1-0,0.4681529938219265,0.49570872727317256,0.03613827890490096
0-1,1-0,0.4669722480852238,0.49897648384154514,0.03405126807323106
1-0,1-0,0.4681766069347986,0.49585643574440547,0.03596695732079584
1-0,1-0,0.4627386736261383,0.4947579692292876,0.042503357144574205
0-1,1-0,0.4366785940708375,0.5011180510633101,0.06220335486585248
0-1,1-0,0.46704559320553163,0.4946760250200819,0.03827838177438653
0-1,1-0,0.4597040814251299,0.4953350921504403,0.0449608264244297
0-1,1-0,0.464625603495543,0.5020630103821248,0.03331138612233223
0-1,1-0,0.4681642249682948,0.4957673551941048,0.03606841983760038
1-0,1-0,0.46210519789372473,0.5048849179342053,0.033009884172069875
0-1,1-0,0.4669312087620709,0.49464437032928144,0.03842442090864757
0-1,1-0,0.4549559573306222,0.49646233698043096,0.048581705688946875
1-0,1-0,0.4676792434887603,0.4977553894327763,0.034565367078463395
1/2-1/2,1-0,0.46781304647129845,0.4950902497469025,0.03709670378179895
1-0,1-0,0.4681516977374751,0.49570272851771574,0.03614557374480912
1-0,1-0,0.4669296760324666,0.4946439771870318,0.0384263467805015
1-0,1-0,0.4645882785738282,0.49453634607175584,0.04087537535441598
0-1,1-0,0.4668993133933521,0.4946363482557896,0.03846433835085831
1-0,1-0,0.4681759156969061,0.49624889938223055,0.03557518492086336
1-0,1-0,0.46815110189899234,0.49570001345439435,0.036148884646613345
0-1,1-0,0.4532843456557617,0.5136027718331425,0.03311288251109592
0-1,1-0,0.4558077889581011,0.4962494067366861,0.04794280430521278
0-1,1-0,0.46105664766447246,0.4950558882640396,0.04388746407148791
0-1,1-0,0.46774865401646676,0.4950320719278955,0.03721927405563773
1-0,1-0,0.4622671245759934,0.5047112487568961,0.03302162666711061
0-1,1-0,0.4649813805435202,0.494512173371222,0.04050644608525782
1-0,1-0,0.4681732299438211,0.4962746163313106,0.03555215372486832
1-0,1-0,0.46405839040228,0.49458397788340175,0.04135763171431835
0-1,1-0,0.46346537783506386,0.4946537605020648,0.04188086166287136
1-0,1-0,0.46417561924524825,0.5025895599630541,0.033234820791697685
1-0,1-0,0.41942226811847766,0.5047545601252599,0.07582317175626241
1-0,1-0,0.4611283005344455,0.4950419344038585,0.043829765061695995
1-0,1-0,0.46493491215842714,0.49451446394237686,0.04055062389919597
1-0,1-0,0.4443282987500532,0.5217237287395246,0.03394797251042233
0-1,1-0,0.46628072276888194,0.49997503723906106,0.03374423999205695
1-0,1-0,0.46314512273854447,0.5037540678314476,0.03310080943000789
1-0,1-0,0.46553089729249836,0.49449866908576356,0.03997043362173797
1-0,1-0,0.453744577410976,0.513171194901818,0.03308422768720606
0-1,1-0,0.46754433095872977,0.4980167317817816,0.03443893725948868
0-1,1-0,0.46070625285687006,0.4951254483327948,0.04416829881033512
1-0,1-0,0.46795223461681423,0.4971343225845749,0.034913442798610805
1-0,1-0,0.45555930462859645,0.49631119095358855,0.048129504417815036
1-0,1-0,0.46798295853041694,0.4952947651375713,0.036722276332011757
0-1,1-0,0.462073896437838,0.49486759892635945,0.0430585046358024
0-1,1-0,0.45828483311420437,0.4956534069388803,0.04606175994691528
1-0,1-0,0.4509559240838785,0.5157612234452918,0.03328285247082959
0-1,1-0,0.46801834641262374,0.49535238823367056,0.0366292653537057
1-0,1-0,0.4219153396697499,0.5042970136986363,0.07378764663161376
0-1,1-0,0.4672721727554479,0.4947545386155951,0.037973288628957
1-0,1-0,0.46708431334094686,0.494687847440947,0.038227839218106095
0-1,1-0,0.4614947352596563,0.4949721200681152,0.043533144672228616
1-0,1-0,0.4652080341418101,0.501360145521422,0.0334318203367678
0-1,1-0,0.4541120158932401,0.49667605695547673,0.04921192715128324
1-0,1-0,0.4485520702278123,0.4981177231123121,0.05333020665987552
1-0,1-0,0.46818373986518075,0.49614548628675187,0.03567077384806736
1-0,1-0,0.4539612901418649,0.4967144694993166,0.04932424035881854
0-1,1-0,0.46785904694887337,0.49513706981349254,0.0370038832376341
0-1,1-0,0.4633211613275793,0.4946729496191299,0.042005889053290814
0-1,1-0,0.4575756841542716,0.49581967815305766,0.04660463769267076
0-1,1-0,0.45773227673032,0.5093459498940109,0.03292177337566902
0-1,1-0,0.44709197756576424,0.4984982564425214,0.05440976599171436
1-0,1-0,0.4665991683401757,0.49952976003070715,0.033871071629117164
1-0,1-0,0.4681701599602983,0.4963011845655477,0.03552865547415396
0-1,1-0,0.46774379438695796,0.4950279814061099,0.03722822420693208
0-1,1-0,0.4562511231924081,0.49613992712406324,0.047608949683528606
0-1,1-0,0.46738280999634074,0.4948024562245607,0.03781473377909862
1-0,1-0,0.46787913313391344,0.4973185684693016,0.0348022983967849
0-1,1-0,0.46720535765016413,0.4986065895013372,0.03418805284849876
1-0,1-0,0.4666399820690259,0.49458224187535843,0.03877777605561571
1-0,1-0,0.46059101177673684,0.495148783018646,0.0442602052046171
0-1,1-0,0.44820120337540226,0.4982092644037117,0.05358953222088598
1-0,1-0,0.46517736366678036,0.4945043579125336,0.040318278420686034
0-1,1-0,0.46818523400886025,0.4959762101987717,0.03583855579236807
0-1,1-0,0.467276026479032,0.4984895531191535,0.03423442040181457
1-0,1-0,0.46592278914704255,0.4945075798617395,0.039569630991217936
1-0,1-0,0.43202469820142414,0.5322997780815985,0.035675523716977624
0-1,1-0,0.46246141702385135,0.49480221005199204,0.042736372924156524
1-0,1-0,0.4676755580714553,0.4977628126973277,0.03456162923121701
0-1,1-0,0.46317208353112405,0.49469360144412716,0.042134315024748875
1-0,1-0,0.4310537590025459,0.5331131181297722,0.03583312286768205
0-1,1-0,0.46654483453660245,0.4996072548331677,0.03384791063022981
1-0,1-0,0.4621072467276202,0.4948618191505363,0.04303093412184361
0-1,1-0,0.46439613047428335,0.5023331218798337,0.03327074764588305
1-0,1-0,0.46578926865746123,0.49450250936522516,0.03970822197731369
0-1,1-0,0.445588004267122,0.520607838884985,0.03380415684789283
0-1,1-0,0.4510300592912029,0.5156930950888357,0.033276845619961484
0-1,1-0,0.43562986819734106,0.5292547189949678,0.03511541280769118
1-0,1-0,0.37683092086880177,0.5083284616718394,0.11484061745935852
1-0,1-0,0.4612001964216999,0.49502802986600086,0.04377177371229932
0-1,1-0,0.46626114867195306,0.5000017609414964,0.03373709038655055
1-0,1-0,0.462993814139168,0.5039210476668574,0.033085138193974656
1-0,1-0,0.4590284133148216,0.508060838672993,0.03291074801218542
0-1,1-0,0.4681260349747593,0.4965591960601263,0.0353147689651145
0-1,1-0,0.46558358456017246,0.4944988585310089,0.03991755690881862
1-0,1-0,0.45540350195952156,0.5116000067955171,0.03299649124496142
1-0,1-0,0.46805743195352345,0.4954265301733553,0.03651603787312119
1-0,1-0,0.4660302097231827,0.4945133653455596,0.039456424931257644
0-1,1-0,0.4674970070418953,0.49486045391818095,0.037642539039923685
0-1,1-0,0.44627646548956523,0.519994831071379,0.03372870343905581
1-0,1-0,0.4606497828102655,0.5064133050901555,0.032936912099579094
0-1,1-0,0.4662698759272406,0.494532439331333,0.03919768474142631
0-1,1-0,0.46799800943701697,0.49531835266624263,0.036683637896740506
1-0,1-0,0.46378384911928155,0.49461435069832843,0.041601800182390014
1-0,1-0,0.4665092823176143,0.4996576000784445,0.03383311760394125
0-1,1-0,0.45602981041405644,0.5109998530232429,0.032970336562700736
1-0,1-0,0.4517211647307693,0.4972916084047124,0.05098722686451834
1/2-1/2,1-0,0.46756448646097337,0.4979789193643256,0.03445659417470106
1-0,1-0,0.46042808516034167,0.4951821379985139,0.044389776841144424
1-0,1-0,0.4588365879211777,0.508252646239691,0.03291076583913128
0-1,1-0,0.466250910404952,0.5000157117968085,0.03373337779823952
1-0,1-0,0.44410936347508634,0.521916937068243,0.033973699456670704
0-1,1-0,0.46796573120071505,0.497098077144602,0.03493619165468297
1-0,1-0,0.4675054653458225,0.49486515121396185,0.037629383440215644
0-1,1-0,0.44213614770415754,0.49977216145803594,0.05809169083780661
0-1,1-0,0.4665874231859915,0.4995465698589064,0.033866006955102175
1-0,1-0,0.46669481638820576,0.4993916163463919,0.033913567265402414
0-1,1-0,0.4367648974896546,0.5010973667662817,0.06213773574406378
0-1,1-0,0.46647232290653384,0.4945562203936256,0.03897145669984055
0-1,1-0,0.46255910209991125,0.5043959649737821,0.03304493292630656
0-1,1-0,0.46660034062694083,0.49457551744477607,0.03882414192828309
1-0,1-0,0.456729566223146,0.5103242668948147,0.032946166882039295
1-0,1-0,0.4675938099678897,0.4979231912981377,0.03448299873397251
0-1,1-0,0.4457126823974804,0.4988562094089718,0.05543110819354774
1-0,1-0,0.4672355341223269,0.4985569302938655,0.034207535583807576
0-1,1-0,0.46774584401047364,0.4976179101681413,0.03463624582138514
1/2-1/2,1-0,0.4603775357323963,0.4951925709813728,0.04442989328623086
0-1,1-0,0.46815836925956666,0.4957351274418383,0.036106503298594994
1-0,1-0,0.46797275805376226,0.4970788746133402,0.03494836733289749
1/2-1/2,1-0,0.44869011530009745,0.49808169678356146,0.05322818791634107
0-1,1-0,0.46816594175312776,0.49633416532657787,0.03549989292029437
1-0,1-0,0.4657719402654344,0.4945020136417436,0.03972604609282193
0-1,1-0,0.4677779538249779,0.4950575887439403,0.03716445743108197
0-1,1-0,0.46332211882306096,0.4946728196111561,0.04200506156578296
1-0,1-0,0.43552654886523295,0.5013921147564557,0.06308133637831131
0-1,1-0,0.4265037945651745,0.5033917213302793,0.07010448410454613
0-1,1-0,0.45989547153051363,0.5071860108955408,0.03291851757394552
1-0,1-0,0.44263759835802285,0.523210386133369,0.03415201550860803
1-0,1-0,0.46426590971326087,0.5024849115981549,0.03324917868858424
1-0,1-0,0.46243436228311036,0.49480664500514515,0.04275899271174447
1-0,1-0,0.46690261584500353,0.49908292848156244,0.03401445567343401
1-0,1-0,0.46729435923043483,0.4947635736129331,0.03794206715663198
1-0,1-0,0.4599761601026774,0.4952767540383658,0.04474708585895678
0-1,1-0,0.43682615933948993,0.5010826714281418,0.06209116923236825
0-1,1-0,0.4493985526056859,0.4978967677185247,0.05270467967578936
1-0,1-0,0.4496742405788858,0.5169334359432697,0.033392323477844495
0-1,1-0,0.4433344078491488,0.5225991484418521,0.03406644370899915
1-0,1-0,0.4594156565700413,0.4953979688870869,0.04518637454287182
0-1,1-0,0.4532995714577652,0.49688384584824274,0.04981658269399203
0-1,1-0,0.4650318119393389,0.4945098724352955,0.0404583156253656
0-1,1-0,0.45885599486325357,0.49552273664198043,0.0456212684947659
0-1,1-0,0.4545518206815082,0.4965643762796638,0.04888380303882803
1-0,1-0,0.466013219478545,0.49451234356182006,0.039474436959634845
0-1,1-0,0.4639275315884113,0.5028747256876909,0.03319774272389782
0-1,1-0,0.44280125745055676,0.5230670071135541,0.034131735435889154
1-0,1-0,0.46526912638892315,0.4945017861837374,0.04022908742733937
1-0,1-0,0.46797326883067697,0.4952802200299097,0.03674651113941332
1-0,1-0,0.4599911623173966,0.49527356624517066,0.04473527143743276
1-0,1-0,0.4345433715918224,0.5016229087042989,0.06383371970387859
1-0,1-0,0.4675684145928327,0.49490209931552526,0.037529486091642056
0-1,1-0,0.46809147596305195,0.4955041926106456,0.0364043314263024
1-0,1-0,0.46642047208338766,0.4945493854573068,0.03903014245930555
1-0,1-0,0.4664288397009236,0.49455045217371585,0.039020708125360654
1-0,1-0,0.45172858699117624,0.5150493260698806,0.0332220869389432
0-1,1-0,0.4667350451357939,0.4945999408835104,0.038665013980695793
0-1,1-0,0.46665278812638467,0.49458449440951624,0.038762717464099004
0-1,1-0,0.4680379228804884,0.4953878996388532,0.03657417748065848
1-0,1-0,0.44877563251232044,0.49805937670234063,0.05316499078533888
1-0,1-0,0.4657884395812474,0.4945024848232998,0.03970907559545289
1-0,1-0,0.46234474283102905,0.49482147943491406,0.04283377773405692
0-1,1-0,0.45810828131975695,0.5089756837441418,0.03291603493610125
1-0,1-0,0.4629974591032557,0.4947187899745291,0.042283750922215306
0-1,1-0,0.45291546633835944,0.5139474376806518,0.03313709598098889
0-1,1-0,0.4608407723948183,0.506215737561613,0.032943490043568745
1-0,1-0,0.46782183290389506,0.4974519521627551,0.03472621493334985
0-1,1-0,0.4656863433978833,0.49450008395976985,0.03981357264234683
0-1,1-0,0.4561213858721639,0.4961718604543095,0.04770675367352673
1-0,1-0,0.46649920266562567,0.49455997930420875,0.03894081803016561
0-1,1-0,0.4681863086205021,0.4960209084696087,0.03579278290988908
0-1,1-0,0.4513800240027496,0.4973802356210543,0.05123974037619602
0-1,1-0,0.4681612303752384,0.49636751090078646,0.035471258723975156
1-0,1-0,0.462778305000533,0.5041573510600368,0.03306434393943023
0-1,1-0,0.45072782982244375,0.4975499958800362,0.051722174297520095
1-0,1-0,0.46818336258808096,0.49593705439066793,0.03587958302125108
0-1,1-0,0.4523362564911163,0.5144864839881595,0.03317725952072406
1-0,1-0,0.423075350129835,0.5396961961733311,0.03722845369683371
1-0,1-0,0.4673687120044208,0.49479593413705997,0.037835353858519175
1-0,1-0,0.45313843432546946,0.513739235553653,0.033122330120877605
0-1,1-0,0.4618291857524798,0.5051791171059783,0.03299169714154184
0-1,1-0,0.4670349615469201,0.49887914160757785,0.03408589684550209
0-1,1-0,0.4643688436982653,0.5023650146776624,0.03326614162407234
0-1,1-0,0.4634104438472189,0.5034589936853419,0.03313056246743924
0-1,1-0,0.46403172447014057,0.49458677058617284,0.041381504943686614
0-1,1-0,0.4655667759256409,0.4944987665702037,0.03993445750415545
0-1,1-0,0.4425349341437639,0.5233002722081509,0.03416479364808525
0-1,1-0,0.4680673291560724,0.49679009853684397,0.03514257230708352
0-1,1-0,0.46331822704844644,0.50356189097133,0.03311988198022372
0-1,1-0,0.4003666714580775,0.5073843505069412,0.09224897803498112
0-1,1-0,0.46804671210631743,0.4954048630380763,0.03654842485560632
0-1,1-0,0.46273081715611014,0.504209189290974,0.03305999355291587
1-0,1-0,0.45418302079132633,0.512758378082143,0.03305860112653065
0-1,1-0,0.4498018139769836,0.5168172209303801,0.033380965092636335
0-1,1-0,0.4118743970809907,0.5486604084029446,0.039465194516064846
0-1,1-0,0.4434212503598941,0.5225228274782157,0.034055922161890184
1-0,1-0,0.45487660325326834,0.49648232546775567,0.04864107127897601
1-0,1-0,0.4673659413698326,0.4983366153234619,0.03429744330670548
1-0,1-0,0.46778659585379634,0.49506540949199535,0.03714799465420828
1-0,1-0,0.4679833037388241,0.4952952922434137,0.03672140401776221
0-1,1-0,0.44582380325494847,0.5203981396534288,0.03377805709162264
0-1,1-0,0.46323980846151036,0.4946841194296304,0.04207607210885922
0-1,1-0,0.46660192397025696,0.49457577895227217,0.03882229707747082
0-1,1-0,0.4679560248581712,0.4952554568777491,0.03678851826407962
1-0,1-0,0.4382445533502001,0.5270200586546521,0.034735387995148075
1-0,1-0,0.46763679821204907,0.4949466885163263,0.03741651327162461
1-0,1-0,0.4649777332298521,0.49451234730106897,0.04050991946907894
0-1,1-0,0.4666991848032125,0.4945929946088004,0.038707820587987066
1-0,1-0,0.4645010007549551,0.49454308959076976,0.040955909654275154
0-1,1-0,0.41815824787575956,0.5049770019548404,0.07686475016940025
0-1,1-0,0.4638649009127471,0.4946050187193733,0.04153008036787961
1-0,1-0,0.4589725769764914,0.4954964640720841,0.04553095895142448
0-1,1-0,0.44632410800599215,0.5199523248863781,0.033723567107629755
1-0,1-0,0.46797421470759415,0.49528161904868573,0.036744166243720094
0-1,1-0,0.4649018487375484,0.5017329746971897,0.03336517656526191
0-1,1-0,0.467395110999926,0.4982859197576129,0.034318969242461105
1-0,1-0,0.46476789135281543,0.4945239883313953,0.04070812031578925
1-0,1-0,0.4560289963022383,0.5110006358331385,0.03297036786462324
0-1,1-0,0.4600932532143462,0.49525195616671513,0.04465479061893861
1-0,1-0,0.431029246202232,0.5331336162384152,0.03583713755935295
0-1,1-0,0.466753348449283,0.49460361733176583,0.03864303421895109
1-0,1-0,0.4523756061453116,0.5144499436360498,0.03317445021863867
1-0,1-0,0.4674791831662639,0.4948507492243415,0.03767006760939455
1-0,1-0,0.4633458786882452,0.5035310754851463,0.03312304582660844
1-0,1-0,0.46444533190121917,0.4945476308991297,0.04100703719965121
1-0,1-0,0.45533369133114543,0.4963675307898127,0.048298777879041764
1-0,1-0,0.460701691697702,0.49512636774028274,0.044171940562015254
1-0,1-0,0.464464683478751,0.4945460314448343,0.04098928507641476
1/2-1/2,1-0,0.4643596221260179,0.49455497606217713,0.041085401811805
0-1,1-0,0.46656309078879404,0.4945695308681838,0.03886737834302219
0-1,1-0,0.44964830239104103,0.49783157381116533,0.052520123797793625
1-0,1-0,0.4681857499164506,0.49599234448765067,0.03582190559589879
0-1,1-0,0.4681763595922525,0.4962443649660433,0.03557927544170422
0-1,1-0,0.46124302302014764,0.5057968561178342,0.032960120862018175
1/2-1/2,1-0,0.46018234046579387,0.5068935130368307,0.03292414649737547
0-1,1-0,0.45758747625852875,0.49581688044837013,0.04659564329310116
0-1,1-0,0.46213429363856506,0.494857152145603,0.04300855421583208
1-0,1-0,0.46816487419775177,0.49577120686786147,0.036063918934386714
0-1,1-0,0.45303493900800684,0.5138359260548204,0.03312913493717277
0-1,1-0,0.45587798406149566,0.5111457181728597,0.0329762977656447
1-0,1-0,0.4680472895783581,0.496857264495915,0.03509544592572688
1-0,1-0,0.4593107839909279,0.4954210803003349,0.04526813570873727
1-0,1-0,0.46816433054961537,0.495767977292302,0.0360676921580827
0-1,1-0,0.4588724103773457,0.5082168722388448,0.03291071738380956
1-0,1-0,0.4625689914694327,0.5043852361907617,0.033045772339805754
0-1,1-0,0.46753703603751207,0.4948832296221888,0.037579734340299174
0-1,1-0,0.4570571207732558,0.49594370153521233,0.04699917769153182
1-0,1-0,0.4645505856883456,0.49453920112543165,0.040910213186222795
0-1,1-0,0.4675250839129042,0.4980524856384485,0.034422430448647304
1-0,1-0,0.45975482604197765,0.5073288366989137,0.03291633725910863
0-1,1-0,0.46815416413068817,0.4957142582777616,0.03613157759155021
1-0,1-0,0.4679426155398421,0.495237106841403,0.03682027761875491
1-0,1-0,0.4681806573380085,0.49619427154160617,0.03562507112038537
1-0,1-0,0.4366307169575018,0.5011295166679437,0.06223976637455451
0-1,1-0,0.4515271937559441,0.5152352782830656,0.03323752796099036
1/2-1/2,1-0,0.44987030392552163,0.49777363223805504,0.052356063836423376
1-0,1-0,0.4634318782818252,0.5034350233743443,0.03313309834383047
0-1,1-0,0.467104840271071,0.4946943602179817,0.0382007995109473
1-0,1-0,0.4667421399188242,0.4946013552874005,0.03865650479377524
0-1,1-0,0.4676423453064191,0.49782892570763704,0.034528728985943925
1-0,1-0,0.4166031802675964,0.5052416963980317,0.07815512333437188
1-0,1-0,0.4681800817481204,0.4962018216854336,0.03561809656644607
1/2-1/2,1-0,0.46211988770938317,0.5048691963652049,0.033010915925411964
1-0,1-0,0.4671773270595269,0.4947188063969221,0.0381038665435509
0-1,1-0,0.4678510456110261,0.49512856473742245,0.0370203896515514
0-1,1-0,0.46817506858828767,0.4958428862764199,0.035982045135292386
1-0,1-0,0.46670841669830254,0.4945947508814288,0.038696832420268605
1-0,1-0,0.46814261233920607,0.49647775254403376,0.03537963511676024
0-1,1-0,0.4478621237119561,0.4982976825528095,0.05384019373523437
1-0,1-0,0.46075178096623903,0.506307896050877,0.032940322982883866
0-1,1-0,0.4666228968017755,0.49949569941526456,0.03388140378295996
1-0,1-0,0.46782619428319816,0.4951031368064877,0.037070668910314145
1-0,1-0,0.44978890454303055,0.49779487585445337,0.052416219602516065
0-1,1-0,0.46152892776930526,0.49496574356547585,0.043505328665218924
0-1,1-0,0.4529153038349032,0.49698268986904187,0.05010200629605489
0-1,1-0,0.4487099591925699,0.5178087297473919,0.03348131106003827
1-0,1-0,0.41597207541682646,0.5053462672082132,0.07868165737496043
1-0,1-0,0.4681469386212662,0.4964543712160565,0.035398690162677215
1-0,1-0,0.4425272980966059,0.5233069561030065,0.0341657458003876
0-1,1-0,0.4677035998073689,0.4949955684254255,0.037300831767205514
0-1,1-0,0.45362618819808426,0.49680010108767775,0.04957371071423796
0-1,1-0,0.4668567012504864,0.49462613716610826,0.03851716158340523
1-0,1-0,0.46682675506470994,0.4991970923128164,0.03397615262247373
0-1,1-0,0.4412916318361552,0.5243854495278047,0.03432291863603995
1-0,1-0,0.46184404489649733,0.5051633355540831,0.03299261954941952
0-1,1-0,0.45872135583021645,0.49555325291268915,0.04572539125709444
0-1,1-0,0.46710003398494027,0.4946928196536832,0.038207146361376496
1-0,1-0,0.468185772803922,0.4960933471321017,0.03572088006397632
1-0,1-0,0.4513194591573192,0.5154267892475924,0.0332537515950882
0-1,1-0,0.40135689864324614,0.5568009906491737,0.04184211070758012
0-1,1-0,0.4649789654001991,0.49451228842997946,0.04050874616982137
1-0,1-0,0.46755829923437636,0.49489591410737405,0.03754578665824953
0-1,1-0,0.46394681222899625,0.5028526832743472,0.03320050449665656
1-0,1-0,0.44798946164502373,0.4982644844545652,0.053746053900411046
1-0,1-0,0.4675380991048631,0.4948838538243786,0.037578047070758375
0-1,1-0,0.4627231212626585,0.5042175825315355,0.03305929620580606
0-1,1-0,0.4637644018716886,0.5030604531028152,0.033175145025496205
1/2-1/2,1-0,0.45652453205442184,0.4960729324135771,0.04740253553200119
0-1,1-0,0.4129926163253781,0.5058173789878158,0.08119000468680602
0-1,1-0,0.45826061501118553,0.49565901520505873,0.046080369783755716
0-1,1-0,0.40030345305582504,0.5576018647461589,0.04209468219801589
0-1,1-0,0.4307028104988839,0.5024952922896286,0.0668018972114875
1-0,1-0,0.46715191495134695,0.4947099708189991,0.03813811422965397
0-1,1-0,0.4681577647723582,0.4957320239394269,0.036110211288214906
1-0,1-0,0.4617863753571736,0.4949185381567977,0.043295086486028755
1-0,1-0,0.4484079381039539,0.5180817759900607,0.03351028590598536
0-1,1-0,0.46738406963218154,0.4983051755949216,0.03431075477289687
1-0,1-0,0.46805261837006445,0.4968398069362025,0.03510757469373299
1-0,1-0,0.4639299013705965,0.4945977520547175,0.04147234657468595
0-1,1-0,0.46815899429222585,0.495738376119261,0.03610262958851301
1-0,1-0,0.4606884014013228,0.4951290486814773,0.044182549917199936
1-0,1-0,0.46194512773535434,0.4948901704685155,0.043164701796130106
0-1,1-0,0.4623128442963452,0.5046620640341304,0.03302509166952439
1-0,1-0,0.43697131882067647,0.5281111132074044,0.03491756797191909
1-0,1-0,0.4675007774488741,0.49809716719790154,0.03440205535322429
0-1,1-0,0.4652899853240649,0.4945013038606654,0.04020871081526977
1-0,1-0,0.46767470984429693,0.4949737175715215,0.03735157258418161
0-1,1-0,0.4632648239359423,0.49468065891235224,0.04205451715170542
1-0,1-0,0.46211768262172226,0.4948600162430765,0.04302230113520124
0-1,1-0,0.46623113790788084,0.4945287327908625,0.0392401293012566
0-1,1-0,0.4536292437257687,0.5132795134769716,0.033091242797259716
1-0,1-0,0.4504197192492368,0.516252903563026,0.03332737718773723
0-1,1-0,0.45024463198715203,0.4976759675601361,0.05207940045271187
1-0,1-0,0.45331320483135046,0.5135757608420526,0.03311103432659703
0-1,1-0,0.4670681382575734,0.4988270395679134,0.03410482217451328
1-0,1-0,0.4613659201009369,0.5056680880966933,0.0329659918023698
0-1,1-0,0.4648974115458566,0.49451642897261283,0.040586159481530625
1-0,1-0,0.4496546309873754,0.49782992192760733,0.0525154470850173
1-0,1-0,0.4321993998562375,0.5021610416877341,0.06563955845602855
0-1,1-0,0.45938939630945513,0.4954037438824954,0.04520685980804948
0-1,1-0,0.4681624691053296,0.4957572406473392,0.0360802902473311
0-1,1-0,0.4592995164328086,0.4954235710381545,0.04527691252903684
0-1,1-0,0.4650801995519284,0.49450785032685884,0.04041195012121269
1-0,1-0,0.4666859000383591,0.494590505567513,0.03872359439412792
1-0,1-0,0.46813634769926743,0.4956397363954184,0.03622391590531415
1-0,1-0,0.4659704695929245,0.4945099520205399,0.03951957838653566
0-1,1-0,0.46628845928159535,0.4999644560040387,0.03374708471436601
1-0,1-0,0.4681813156487938,0.49618518245384463,0.03563350189736156
1-0,1-0,0.4573667537385844,0.5097040603584343,0.03292918590298131
1-0,1-0,0.46703822391340527,0.4946738413948999,0.03828793469169475
0-1,1-0,0.46798707176940924,0.497038997372217,0.034973930858373706
1-0,1-0,0.4681628115015947,0.4963566634412962,0.03548052505710905
1-0,1-0,0.4674506266129726,0.49483572745066606,0.037713645936361395
1-0,1-0,0.36827211197441806,0.5080016177856593,0.12372627023992273
0-1,1-0,0.39862405779423427,0.5075441931795347,0.09383174902623105
0-1,1-0,0.43116969843908276,0.5023918208679357,0.06643848069298153
1-0,1-0,0.43632846925442115,0.501201748450193,0.06246978229538583
0-1,1-0,0.45113991413688437,0.5155920734599205,0.03326801240319516
0-1,1-0,0.46166142449092484,0.49494126853722664,0.043397306971848446
0-1,1-0,0.4634145704110533,0.4946604296456436,0.041924999943303114
1-0,1-0,0.46813179789244547,0.4956232941699404,0.03624490793761416
0-1,1-0,0.4665741252717811,0.49956556302254296,0.033860311705675925
1-0,1-0,0.45343163411041254,0.5134648446911916,0.03310352119839586
1-0,1-0,0.4665467922189019,0.49960447439179845,0.0338487333892995
1-0,1-0,0.4580883612177151,0.508995349495266,0.032916289287018785
0-1,1-0,0.46749939896430376,0.4948617761751164,0.03763882486057987
1-0,1-0,0.46583587972342777,0.4945040242435651,0.0396600960330071
1-0,1-0,0.46811967830337264,0.49558310697181013,0.03629721472481722
0-1,1-0,0.465213382940255,0.501353560507514,0.033433056552230986
0-1,1-0,0.45762917697133304,0.4958069952940296,0.046563827734637325
0-1,1-0,0.46114893396041995,0.5058951845465427,0.03295588149303729
0-1,1-0,0.45706146026272904,0.4959426559566064,0.04699588378066453
0-1,1-0,0.46409790426306574,0.5026792562356024,0.033222839501331806
1-0,1-0,0.46630873073269885,0.494536416921186,0.039154852346115224
0-1,1-0,0.4616937118559688,0.49493536184459025,0.04337092629944102
1-0,1-0,0.4638726743655343,0.5029373342336813,0.03318999140078441
1-0,1-0,0.46214052005950446,0.49485608036296763,0.04300339957752788
1-0,1-0,0.46723088779521177,0.49856460643140366,0.034204505773384554
0-1,1-0,0.4642740298175572,0.5024754766534044,0.03325049352903836
1-0,1-0,0.44272307702280406,0.49962336435732535,0.05765355861987056
0-1,1-0,0.464658583757633,0.49453125923414143,0.040810157008225524
0-1,1-0,0.4681731572606203,0.49582736046944265,0.035999482269937
1-0,1-0,0.4603568603169616,0.5067147634776581,0.03292837620538034
0-1,1-0,0.46785453617297346,0.4951322551902218,0.03701320863680475
0-1,1-0,0.4667997694767743,0.49923727941241836,0.03396295111080725
0-1,1-0,0.46100304042571694,0.5060472249710918,0.03294973460319135
0-1,1-0,0.44948420096630826,0.49787440952774364,0.0526413895059481
1-0,1-0,0.45955056407460193,0.4953684313347185,0.04508100459067955
0-1,1-0,0.46801396644082466,0.495344829451269,0.036641204107906396
0-1,1-0,0.4656688795589851,0.49449979356131896,0.03983132687969595
1-0,1-0,0.4589300405614965,0.4955060334135596,0.04556392602494391
0-1,1-0,0.4642470936000846,0.5025067593930672,0.033246147006848206
0-1,1-0,0.46612793935503816,0.5001818800631618,0.03369018058180006
1-0,1-0,0.4679341567790633,0.4952259063950098,0.036839936825926956
0-1,1-0,0.4597122270868513,0.4953333314908834,0.044954441422265304
1/2-1/2,1-0,0.46805578275605564,0.49542312217931755,0.03652109506462679
1-0,1-0,0.4661261911178117,0.49451992911206144,0.03935387977012688
1-0,1-0,0.4536099948465533,0.5132975806459852,0.03309242450746151
1-0,1-0,0.462926096382923,0.49472937949188145,0.042344524125195564
0-1,1-0,0.45013929311211914,0.5165093061177366,0.033351400770144354
0-1,1-0,0.4675073440887592,0.49486620276849946,0.037626453142741316
1-0,1-0,0.4657359073677156,0.4945010973275814,0.03976299530470294
0-1,1-0,0.4542947747206129,0.5126528864594723,0.03305233881991491
1-0,1-0,0.4430716407164967,0.4995346847521124,0.05739367453139093
0-1,1-0,0.46795708606197695,0.49525694174734614,0.03678597219067696
0-1,1-0,0.4548168606563264,0.49649738968031426,0.04868574966335942
0-1,1-0,0.4433244151907285,0.4994702357092035,0.057205349100067936
0-1,1-0,0.4668859999711886,0.4991080892362163,0.034005910792595066
1-0,1-0,0.4623661990210476,0.5046045805281014,0.03302922045085103
0-1,1-0,0.46095812937285463,0.506093925925411,0.03294794470173434
1-0,1-0,0.46639155468855453,0.4998223936922903,0.03378605161915511
1-0,1-0,0.46468018066696903,0.4945297602154789,0.04079005911755198
1/2-1/2,1-0,0.44277068872622366,0.49961126468611006,0.057618046587666255
1-0,1-0,0.4662160091925172,0.5000631316986721,0.033720859108810765
0-1,1-0,0.4548736137379377,0.5121046626186888,0.03302172364337339
0-1,1-0,0.4678434124149864,0.49740266688932994,0.03475392069568375
0-1,1-0,0.46513282017440977,0.5014524710590901,0.03341470876650016
0-1,1-0,0.46612158698012324,0.494519582704298,0.03935883031557867
0-1,1-0,0.4659729948668738,0.5003878404166985,0.03363916471642773
1-0,1-0,0.4681825131925986,0.4959236177392619,0.03589386906813955
0-1,1-0,0.45081124173669385,0.4975282648935407,0.05166049336976549
1-0,1-0,0.4650760193848106,0.5015218655164416,0.033402115098747874
1-0,1-0,0.4422734677760774,0.5235290003359234,0.03419753188799905
1-0,1-0,0.46752728269670707,0.4948775505306778,0.03759516677261511
1-0,1-0,0.46623271423749496,0.5000404609996043,0.03372682476290069
0-1,1-0,0.4680134766688157,0.495343992368739,0.03664253096244541
1-0,1-0,0.4510039008949667,0.49747809233393564,0.051518006771097705
0-1,1-0,0.4071111958682206,0.5066353752224744,0.08625342890930492
1-0,1-0,0.45258440471576106,0.5142558569158293,0.03315973836840959
1-0,1-0,0.4648588949215342,0.4945185533711027,0.04062255170736318
0-1,1-0,0.4596244137416202,0.5074609413105149,0.03291464494786491
0-1,1-0,0.46782490974242524,0.4951018611145836,0.03707322914299108
1-0,1-0,0.46144967370231416,0.494980560599721,0.043569765697964856
0-1,1-0,0.4681831213979667,0.49615685599802367,0.03566002260400967
1-0,1-0,0.4666234355223666,0.49457938986241623,0.03879717461521714
0-1,1-0,0.45866250219888727,0.5084262070962438,0.03291129070486892
0-1,1-0,0.4677943173528073,0.497513324497525,0.034692358149667674
1-0,1-0,0.45590215469589396,0.4962260202617553,0.04787182504235079
0-1,1-0,0.46818592971447565,0.49599939917571567,0.035814671109808696
0-1,1-0,0.4654731826054725,0.49449878839114086,0.04002802900338668
0-1,1-0,0.45307698141023167,0.49694106273804933,0.04998195585171894
1-0,1-0,0.43859985122267103,0.5267145951123492,0.034685553664979905
0-1,1-0,0.466273825562905,0.49998446149701964,0.033741712940075386
0-1,1-0,0.45826842409955776,0.49565720625622683,0.04607436964421547
1-0,1-0,0.46808735162291687,0.49671821926212867,0.035194429114954386
0-1,1-0,0.45372115630922044,0.49677580200762733,0.04950304168315223
0-1,1-0,0.4623073916928188,0.5046679333974069,0.033024674909774385
0-1,1-0,0.448312758605852,0.49818016432236556,0.053507077071782386
0-1,1-0,0.46757291564796466,0.49490488376132413,0.037522200590711215
0-1,1-0,0.46664183467425213,0.4994684175700471,0.033889747755700805
1-0,1-0,0.45930096377125645,0.49542325101618,0.045275785212563514
0-1,1-0,0.4659511922230256,0.4945089560121554,0.03953985176481895
0-1,1-0,0.45169819433484276,0.49729757172131844,0.05100423394383876
0-1,1-0,0.4677321697958621,0.49764668341166607,0.034621146792471844
0-1,1-0,0.46798956116953394,0.4970319515755921,0.03497848725487399
1-0,1-0,0.4655486467260132,0.4944987006118885,0.03995265266209829
0-1,1-0,0.44271923130140145,0.4996243414915006,0.057656427207098015
0-1,1-0,0.4556322532404366,0.496293022917633,0.04807472384193042
1-0,1-0,0.4676702534562881,0.49777346601680234,0.03455628052690953
1-0,1-0,0.4557494341320231,0.4962638902666837,0.047986675601293195
1-0,1-0,0.4659289435622507,0.5004457529166698,0.03362530352107938
1-0,1-0,0.4651412641566237,0.5014421310191044,0.03341660482427188
0-1,1-0,0.4675717562779954,0.4949041646339775,0.03752407908802703
1-0,1-0,0.45459958367996345,0.4965522862335739,0.04884813008646265
0-1,1-0,0.4527199726021187,0.5141296634290116,0.03315036396886977
0-1,1-0,0.46120827269321224,0.5058331976879338,0.03295852961885401
1-0,1-0,0.4556125539338324,0.4962979266817248,0.04808951938444282
0-1,1-0,0.4681417890559925,0.4964820850259848,0.03537612591802267
1-0,1-0,0.4676214150390379,0.4949362132197104,0.037442371741251756
1-0,1-0,0.4599582607813386,0.5071221268602424,0.03291961235841894
1-0,1-0,0.4648520532925522,0.49451894181794115,0.04062900488950659
1-0,1-0,0.4661436040445918,0.5001608515408179,0.03369554441459035
1-0,1-0,0.46505042199814,0.4945090729592243,0.040440505042635744
0-1,1-0,0.4649907871722165,0.5016254829726293,0.03338372985515414
1-0,1-0,0.46814903437689753,0.4964426392678572,0.035408326355245184
1-0,1-0,0.46813744364194193,0.4965043962194266,0.03535816013863141
1-0,1-0,0.4632447479472966,0.4946834343215337,0.04207181773116974
0-1,1-0,0.46715739293533237,0.4986846081028901,0.034157998961777514
1-0,1-0,0.4541954353260038,0.512746664704123,0.033057899969873135
1-0,1-0,0.4664557099479506,0.4945539716168545,0.038990318435194855
1-0,1-0,0.45078859775476393,0.5159148576722142,0.03329654457302169
0-1,1-0,0.42809554973928277,0.5030592880870506,0.06884516217366678
1-0,1-0,0.46310876085316155,0.5037942791119573,0.0330969600348812
1/2-1/2,1-0,0.46615237163373785,0.494521961222393,0.03932566714386912
0-1,1-0,0.46582043558673913,0.5005872727978358,0.03359229161542514
0-1,1-0,0.4620914296019852,0.4948645568974985,0.0430440135005164
0-1,1-0,0.4667545489793524,0.49460386162939374,0.038641589391253874
0-1,1-0,0.4659711113833498,0.5003903221707865,0.033638566445863674
1-0,1-0,0.4671577179177156,0.4986840831187305,0.034158198963553925
0-1,1-0,0.46817422698883515,0.49626538242896556,0.035560390582199244
0-1,1-0,0.4663959451722289,0.49981629861196525,0.03378775621580587
1-0,1-0,0.4558599458396621,0.49623647542050303,0.047903578739834814
1-0,1-0,0.4661346122264986,0.4945205711468377,0.039344816626663746
1-0,1-0,0.46454468335474236,0.49453965613812717,0.04091566050713046
0-1,1-0,0.46818265040704526,0.49616484095067787,0.03565250864227689
1-0,1-0,0.46794707750912395,0.49714796308091996,0.03490495940995608
1-0,1-0,0.4680388390938431,0.49538963640959377,0.036571524496563056
1-0,1-0,0.46771738570596644,0.4976774613843914,0.03460515290964218
1-0,1-0,0.4602583801446571,0.5068157070434723,0.032925912811870545
1/2-1/2,1-0,0.4543776051993778,0.5125746253405385,0.03304776946008364
0-1,1-0,0.4673265356435285,0.4947771715452797,0.037896292811191855
1-0,1-0,0.4609962991631661,0.5060542379418915,0.03294946289494234
0-1,1-0,0.44842963598918606,0.49814967098937085,0.05342069302144311
0-1,1-0,0.4680644727508775,0.496799936400442,0.035135590848680544
0-1,1-0,0.4590059834038683,0.5080832974015544,0.032910719194577207
0-1,1-0,0.46107283990534004,0.4950527266361405,0.04387443345851948
0-1,1-0,0.4665820392723725,0.49955426456499413,0.03386369616263334
0-1,1-0,0.46804167234749133,0.49539505275646417,0.03656327489604446
1-0,1-0,0.4574198032795003,0.49585675845090205,0.04672343826959757
1-0,1-0,0.4665720029285734,0.49457093453092077,0.03885706254050584
1-0,1-0,0.46805316115329193,0.49541776194843035,0.03652907689827769
1-0,1-0,0.43950474184026217,0.500430228256464,0.06006502990327386
1-0,1-0,0.4661548094758813,0.4945221558875909,0.03932303463652789
1-0,1-0,0.449495783009901,0.49787138612998455,0.052632830860114437
0-1,1-0,0.46757311367547455,0.49490500672621784,0.03752187959830761
0-1,1-0,0.4502458063404473,0.49767566125043144,0.0520785324091213
0-1,1-0,0.4635768920799669,0.49463948164866894,0.04178362627136414
1-0,1-0,0.4671370625446972,0.49871735519693666,0.034145582258366225
1-0,1-0,0.4663935672971811,0.4998196001634878,0.033786832539331076
1-0,1-0,0.46651332734895556,0.4945620152272785,0.03892465742376583
1-0,1-0,0.46801695268481086,0.49695200007985807,0.035031047235331
0-1,1-0,0.4274339165497252,0.5031985851697559,0.06936749828051889
1-0,1-0,0.4680599621811102,0.49543181423535676,0.03650822358353296
1-0,1-0,0.46017572553631814,0.49523460642649947,0.0445896680371824
1-0,1-0,0.456646421523269,0.49604320309296585,0.04731037538376513
1-0,1-0,0.4573981381342142,0.5096733810525885,0.032928480813197304
1-0,1-0,0.4675836439243182,0.49491160214359314,0.03750475393208866
0-1,1-0,0.4681763759047205,0.495854331780865,0.035969292314414474
1-0,1-0,0.4642020439798163,0.5025589825540082,0.03323897346617556
1-0,1-0,0.440408875096941,0.5251522597674871,0.034438865135571775
0-1,1-0,0.4585438388311176,0.5085442422859396,0.0329119188829428
1-0,1-0,0.45902553763565856,0.4954845765250424,0.04548988583929899
0-1,1-0,0.4524017412104215,0.49711525736840306,0.05048300142117544
1-0,1-0,0.4679908227285572,0.4970283678945971,0.034980809376845626
1-0,1-0,0.4592529364395464,0.507835565801714,0.03291149775873968
1-0,1-0,0.46723965302914783,0.49474177470247227,0.038018572268379736
1-0,1-0,0.4520865023458357,0.5147181395151545,0.033195358139009846
0-1,1-0,0.4375873320419033,0.5275839365188931,0.03482873143920355
0-1,1-0,0.4484542418963064,0.49814325071615834,0.05340250738753536
0-1,1-0,0.4611587324364535,0.5058849547572968,0.03295631280624986
1-0,1-0,0.4647804911446869,0.501878655254684,0.033340853600629154
1-0,1-0,0.46781398469545327,0.4950911570512494,0.037094858253297294
1-0,1-0,0.4645783776565083,0.5021188858341329,0.03330273650935882
0-1,1-0,0.4673427527832023,0.49478425624349215,0.03787299097330548
0-1,1-0,0.46766943461973365,0.4977751072282903,0.03455545815197599
1-0,1-0,0.4492364966860047,0.49793907293783457,0.052824430376160844
1-0,1-0,0.4681660021119436,0.4957780539327283,0.03605594395532806
1-0,1-0,0.465493039611354,0.49449870948352037,0.04000825090512553
0-1,1-0,0.44911221902864856,0.4979715160686361,0.052916264902715296
1-0,1-0,0.43311558180621806,0.5019527824058632,0.06493163578791894
1-0,1-0,0.4670604530257768,0.4946804921105863,0.038259054863636933
1/2-1/2,1-0,0.44195690089353123,0.5238055591060351,0.034237540000433754
0-1,1-0,0.44345369424491055,0.5224943061454028,0.034051999609686676
0-1,1-0,0.46385367677090933,0.5029589798628566,0.033187343366233996
0-1,1-0,0.4639879424589858,0.4945914313094454,0.04142062623156895
1-0,1-0,0.4677540923825495,0.49760040589891563,0.03464550171853485
0-1,1-0,0.4651087098971315,0.5014819609720496,0.0334093291308189
1-0,1-0,0.4679359729687306,0.49717696612700857,0.03488706090426091
1-0,1-0,0.4667259633319972,0.4945981498737805,0.03867588679422236
1-0,1-0,0.46088189915429695,0.4950903107233756,0.04402779012232742
1/2-1/2,1-0,0.43491361287948654,0.501536339100638,0.06355004801987545
1-0,1-0,0.46781764922049546,0.4974613862001773,0.034720964579327246
0-1,1-0,0.44909554293530346,0.49797586937623817,0.0529285876884584
0-1,1-0,0.46782212418517866,0.4950991072713371,0.037078768543484214
1-0,1-0,0.45514371087732525,0.49641514114556656,0.04844114797710821
0-1,1-0,0.4632595514137842,0.5036271719491163,0.03311327663709947
0-1,1-0,0.4681221527143193,0.49657680366902524,0.03530104361665559
0-1,1-0,0.4660616215180484,0.4945153636381599,0.03942301484379162
1-0,1-0,0.46074829506974124,0.49511699013575544,0.04413471479450332
1/2-1/2,1-0,0.4663550107706909,0.4945415060900756,0.03910348313923345
0-1,1-0,0.46705589426395394,0.49467911251741237,0.03826499321863377
1-0,1-0,0.4654344115391432,0.5010790812809955,0.033486507179861236
1-0,1-0,0.425912532928168,0.5035128416039392,0.07057462546789281
0-1,1-0,0.43801573900004026,0.5272165450880479,0.03476771591191193
1-0,1-0,0.4681857169128366,0.49599115649593206,0.03582312659123128
1-0,1-0,0.4447754159397482,0.5213284876451435,0.03389609641510831
0-1,1-0,0.4680031636442996,0.4953267304282302,0.036670105927470054
0-1,1-0,0.46810050795863484,0.49666768285905105,0.035231809182314104
0-1,1-0,0.43296482582833634,0.5019872372563493,0.06504793691531438
1-0,1-0,0.44039300830158934,0.5251660153585426,0.03444097633986827
0-1,1-0,0.46805240423860867,0.49684051375853333,0.03510708200285801
0-1,1-0,0.46179607746190365,0.5052142580240343,0.03298966451406204
0-1,1-0,0.4658717330427493,0.5005205649362846,0.03360770202096603
0-1,1-0,0.46815096791719063,0.4964315543125883,0.03541747777022106
0-1,1-0,0.4677652819389055,0.495046368558573,0.0371883495025216
0-1,1-0,0.45257124174225427,0.497071449907665,0.050357308350080766
1-0,1-0,0.42388195994242556,0.5039188402821078,0.07219919977546656
0-1,1-0,0.4571377976425632,0.5099274929395805,0.03293470941785631
0-1,1-0,0.4594749816295969,0.49538495275771793,0.045140065612685215
0-1,1-0,0.4667680204214243,0.4992842894660618,0.03394769011251391
0-1,1-0,0.43699331333048386,0.528092312708166,0.034914373961350116
0-1,1-0,0.45941888125738584,0.49539726029785186,0.045183858444762276
1/2-1/2,1-0,0.4373562993293452,0.5009550651283692,0.06168863554228558
1/2-1/2,1-0,0.45632218294352334,0.49612247497951517,0.0475553420769615
1-0,1-0,0.43126157829267875,0.5023713720017404,0.06636704970558081
1/2-1/2,1-0,0.4645956304157978,0.5020984908358019,0.033305878748400256
1-0,1-0,0.4681837297176121,0.49614568244770785,0.035670587834680044
1-0,1-0,0.467728250806971,0.4950151533121446,0.037256595880884376
0-1,1-0,0.46633288130211603,0.49453902411421335,0.03912809458367062
0-1,1-0,0.4653341314225959,0.5012041973017629,0.0334616712756412
1-0,1-0,0.4680744607543224,0.49676510849017974,0.03516043075549777
0-1,1-0,0.4675689498828815,0.4949024294089923,0.03752862070812617
1-0,1-0,0.4601084706097108,0.4952487475688372,0.044642781821452045
0-1,1-0,0.4194496335233909,0.5047496727637061,0.07580069371290316
1-0,1-0,0.43379982383698223,0.50179549266727,0.06440468349574782
1-0,1-0,0.45975684195234484,0.49532370326998126,0.044919454777673846
1-0,1-0,0.45453331829887716,0.5124273338548434,0.0330393478462794
1-0,1-0,0.4617482637186857,0.4949254343490951,0.0433263019322193
0-1,1-0,0.4616123047863663,0.49495029811606184,0.04343739709757189
1-0,1-0,0.44185145308159374,0.4998440890551939,0.05830445786321223
0-1,1-0,0.4642776303080267,0.49456239040694583,0.041159979285027425
0-1,1-0,0.45256743321228216,0.5142716449482664,0.03316092183945153
0-1,1-0,0.46698048977256995,0.49465743600439843,0.0383620742230316
1-0,1-0,0.44940742214784984,0.4978944523297675,0.052698125522382684
1-0,1-0,0.44606958729758783,0.4987637750414626,0.05516663766094961
1-0,1-0,0.4681435751945013,0.495667756762168,0.036188668043330645
0-1,1-0,0.45365301324340285,0.4967932350712254,0.04955375168537169
1-0,1-0,0.465658375603285,0.49449963535023084,0.039841989046484186
0-1,1-0,0.46770304526817075,0.4949951381025416,0.037301816629287686
1-0,1-0,0.46540383294786747,0.4944993678048984,0.04009679924723413
1-0,1-0,0.45937486667050437,0.49540694265547813,0.045218190674017514
0-1,1-0,0.4619927535512364,0.505005043437273,0.03300220301149056
1-0,1-0,0.46814913018485094,0.4964420960759508,0.03540877373919827
1/2-1/2,1-0,0.46818591437018364,0.4960875999517384,0.035726485678078
0-1,1-0,0.4607792718673599,0.5062794459728797,0.03294128215976046
1-0,1-0,0.44030890739984546,0.5002307918346905,0.059460300765464075
0-1,1-0,0.46647151343665966,0.49455610951522927,0.03897237704811103
0-1,1-0,0.4430429709698087,0.5228550425125538,0.03410198651763746
1/2-1/2,1-0,0.4680067817008189,0.4953327087192509,0.03666050957993014
0-1,1-0,0.46816611289667986,0.4963328915923749,0.0355009955109452
1-0,1-0,0.46781926583266076,0.49745774531011494,0.034722988857224316
1-0,1-0,0.46427796085713285,0.5024709076667715,0.03325113147609572
0-1,1-0,0.4590105496179647,0.4954879376852689,0.04550151269676636
1-0,1-0,0.46677410160360155,0.4992753074470111,0.03395059094938735
1-0,1-0,0.4574494375282574,0.5096232067603098,0.032927355711432925
0-1,1-0,0.4661463783440416,0.5001571231629972,0.033696498492961226
1-0,1-0,0.4675814589376896,0.49491022440672505,0.03750831665558545
1-0,1-0,0.46411062575763007,0.4945786098667897,0.04131076437558031
0-1,1-0,0.45791155600912137,0.4957404132809186,0.04634803070995993
0-1,1-0,0.4541766504419281,0.5127643881120734,0.033058961445998514
1-0,1-0,0.46398622097701003,0.49459161646410066,0.04142216255888932
0-1,1-0,0.4666990469103505,0.4993854528614999,0.03391550022814948
0-1,1-0,0.4229636067077736,0.5397871832728125,0.03724921001941386
0-1,1-0,0.46798979777703803,0.49703128012451386,0.034978922098448106
1-0,1-0,0.408001912083307,0.5065212180404071,0.08547686987628587
1/2-1/2,1-0,0.46115400264593825,0.4950369524410589,0.043809044913002894
1-0,1-0,0.46026092077284747,0.506813105369568,0.03292597385758453
1-0,1-0,0.4621702892944886,0.49485096958338953,0.042978741122121765
0-1,1-0,0.46563034267708314,0.4944992729140774,0.03987038440883944
0-1,1-0,0.45000543157192835,0.4977383707847505,0.05225619764332117
1-0,1-0,0.465716505847003,0.49450066698327116,0.039782827169725775
1-0,1-0,0.46585621498455987,0.4945047696108271,0.039639015404613016
0-1,1-0,0.4626702912753716,0.5042751423669143,0.03305456635771403
1-0,1-0,0.46697691480819903,0.49465645989292983,0.03836662529887116
0-1,1-0,0.46769707542944255,0.4977192125783911,0.034583711992166415
1-0,1-0,0.45796850620857676,0.5091135555014407,0.03291793828998251
0-1,1-0,0.4672259080338369,0.4985728211701897,0.03420127079597339
1-0,1-0,0.46519449146697084,0.5013768065818409,0.033428701951188244
0-1,1-0,0.4652815254701038,0.5012694383627609,0.03344903616713524
0-1,1-0,0.4680106588779149,0.49697078986786225,0.03501855125422287
0-1,1-0,0.4681853213259819,0.4961084622672144,0.03570621640680383
1-0,1-0,0.46578321537075623,0.500635461207184,0.033581323422059654
1/2-1/2,1-0,0.46220579037592474,0.5047771270446612,0.03301708257941403
0-1,1-0,0.46816535206908744,0.4957740830720698,0.036060564858842716
1-0,1-0,0.4609324505663042,0.5061206068276372,0.03294694260605858
0-1,1-0,0.4673246615234082,0.49477636297687566,0.037898975499716055
1-0,1-0,0.44282479731971736,0.5230463751058094,0.0341288275744731
1-0,1-0,0.46669543444275025,0.49939071618849196,0.03391384936875772
1-0,1-0,0.45680657347511944,0.4960042767795129,0.04718914974536767
0-1,1-0,0.4639295480595374,0.49459779101998846,0.04147266092047405
0-1,1-0,0.46310060078435705,0.503803295712134,0.03309610350350894
1/2-1/2,1-0,0.46402522602168367,0.502762833187629,0.0332119407906873
0-1,1-0,0.4555378220980438,0.5114716390954457,0.03299053880651051
1-0,1-0,0.4679616844691592,0.49710903053401156,0.0349292849968293
0-1,1-0,0.46613628079822517,0.5001706872821884,0.03369303191958658
0-1,1-0,0.4656943439644503,0.49450022849640174,0.039805427539147946
0-1,1-0,0.4221313943046467,0.5042562029060743,0.07361240278927897
1-0,1-0,0.4594081434034014,0.5076793391984491,0.03291251739814961
0-1,1-0,0.4615084693548976,0.4949695558864039,0.04352197475869853
1-0,1-0,0.46816693379261093,0.4963267127196474,0.03550635348774169
1-0,1-0,0.4516158690179539,0.5151534369819117,0.033230694000134356
0-1,1-0,0.42260700155986036,0.5041657216742939,0.07322727676584576
0-1,1-0,0.46546523775176457,0.4944988309418767,0.04003593130635875
1-0,1-0,0.4674906464872459,0.4981156414969556,0.03439371201579851
0-1,1-0,0.4665911378585082,0.49457400897270626,0.03883485316878566
1-0,1-0,0.4650239672898935,0.4945102175079883,0.04046581520211828
1-0,1-0,0.45848681302991795,0.508600889621896,0.03291229734818597
0-1,1-0,0.46413861835893594,0.49457578989266954,0.041285591748394544
1-0,1-0,0.4625548647595799,0.5044005609522643,0.033044574288155736
1-0,1-0,0.4591678586745874,0.49545278204814946,0.04537935927726308
1-0,1-0,0.46725810199927875,0.49474894736795727,0.03799295063276407
0-1,1-0,0.46811595237555753,0.4966040090593032,0.035280038565139414
1-0,1-0,0.4644239549165299,0.49454942323915413,0.041026621844315984
0-1,1-0,0.46781895719221506,0.495095996953744,0.03708504585404103
0-1,1-0,0.41323396458654227,0.5475887874278581,0.039177247985599815
1-0,1-0,0.45759042962044727,0.5094851299601588,0.032924440419393804
0-1,1-0,0.4602035545520833,0.49522877412379956,0.04456767132411712
1-0,1-0,0.46787301069695936,0.49733322323833423,0.03479376606470644
1-0,1-0,0.46742974638998536,0.4982249698815367,0.03434528372847799
1-0,1-0,0.4663538898612917,0.4945413782070225,0.03910473193168578
0-1,1-0,0.46757089071657515,0.4949036286175704,0.03752548066585454
0-1,1-0,0.45759663699217723,0.5094790449198053,0.0329243180880173
1-0,1-0,0.46603367726461337,0.5003076079612402,0.033658714774146566
1-0,1-0,0.4565320003089795,0.5105155739010613,0.03295242578995927
0-1,1-0,0.46462582112413586,0.49453359065323416,0.04084058822262997
1-0,1-0,0.4628785173039226,0.49473653196852485,0.04238495072755256
1-0,1-0,0.45331636436316447,0.49687953381635974,0.04980410182047576
1-0,1-0,0.459804424636236,0.4953134630401853,0.044882112323578624
1-0,1-0,0.467455086769512,0.49483803217659283,0.037706881053895185
1/2-1/2,1-0,0.4483537218935709,0.49816947753635454,0.053476800570074555
1-0,1-0,0.44688862056853784,0.49855114564119,0.05456023379027208
0-1,1-0,0.46740888007218995,0.4948148648767213,0.03777625505108871
1-0,1-0,0.4657866793492086,0.4945024329932004,0.03971088765759104
1-0,1-0,0.46768899243767204,0.49498437754256536,0.03732663001976253
1-0,1-0,0.46286719492724776,0.49473824474839784,0.04239456032435442
1-0,1-0,0.46391414189168234,0.49459949580585305,0.04148636230246457
1-0,1-0,0.4670710947017391,0.4988223754025187,0.03410652989574217
1-0,1-0,0.46812873622847595,0.49654665671792914,0.03532460705359489
1-0,1-0,0.46423232914437695,0.4945666445634186,0.04120102629220447
0-1,1-0,0.4647384424285764,0.5019288742677415,0.033332683303682144
1-0,1-0,0.46067555017941897,0.5063866978869606,0.03293775193362046
1-0,1-0,0.4471760318597657,0.5191903308021257,0.033633637338108716
1-0,1-0,0.4602924028613264,0.49521022957382277,0.044497367564850836
1-0,1-0,0.467155429386413,0.49471117526226077,0.038133395351326274
1-0,1-0,0.4671490624049753,0.4947089972851467,0.038141940309878046
1-0,1-0,0.4679773040981262,0.4952862194434706,0.03673647645840313
0-1,1-0,0.45523096036542327,0.49639325725246825,0.04837578238210844
0-1,1-0,0.46807050091677205,0.4954545895094135,0.03647490957381445
0-1,1-0,0.46804053356163544,0.4953928673685236,0.03656659906984089
1-0,1-0,0.4681395844475745,0.49649351750372395,0.035366898048701606
1-0,1-0,0.4661463234721578,0.5001571969173171,0.03369647961052503
0-1,1-0,0.46367057320467503,0.5031666760577088,0.03316275073761629
0-1,1-0,0.46140381810101927,0.4949891926320872,0.04360698926689363
0-1,1-0,0.4594226410056116,0.5076647249588588,0.03291263403552963
1-0,1-0,0.4325394663079362,0.5318674294473681,0.03559310424469574
1-0,1-0,0.4679622052882257,0.49526417492432456,0.03677361978744971
1-0,1-0,0.46817326170005935,0.49627432733331717,0.03555241096662344
0-1,1-0,0.4489270742113222,0.4980198469863676,0.05305307880231018
1-0,1-0,0.46779737876342964,0.49750657267002957,0.0346960485665408
0-1,1-0,0.4650537752903921,0.4945089317833454,0.04043729292626238
1-0,1-0,0.4673686619386429,0.4983319107387609,0.034299427322596276
0-1,1-0,0.4666176452052872,0.4945784072116168,0.03880394758309606
0-1,1-0,0.44647819656706944,0.49865777827159813,0.05486402516133244
1-0,1-0,0.455246507949009,0.49638936090159397,0.048364131149396986
1-0,1-0,0.45809847820094424,0.4956966948690274,0.04620482693002844
0-1,1-0,0.45410290914232776,0.5128339323519535,0.03306315850571861
0-1,1-0,0.4648501454812868,0.501795177657253,0.03335467686146016
1-0,1-0,0.4680547169157998,0.49542093453779534,0.03652434854640485
1-0,1-0,0.44614318789786583,0.5201136808932741,0.033743131208859856
1-0,1-0,0.45992826300055056,0.5071526571260128,0.03291907987343664
0-1,1-0,0.4649786016843034,0.5016402479863502,0.033381150329346465
0-1,1-0,0.4626427269309577,0.5043051351963136,0.033052137872728725
1-0,1-0,0.4438592721849644,0.4993334949657481,0.05680723284928748
1-0,1-0,0.4602670219272314,0.4952155152226698,0.0445174628500988
0-1,1-0,0.4563361623897237,0.5107047633713458,0.03295907423893045
0-1,1-0,0.4649176139405766,0.5017139665949755,0.033368419464447935
0-1,1-0,0.4660954833056936,0.5002253254926355,0.03367919120167083
0-1,1-0,0.46566772859839717,0.49449977562491837,0.03983249577668445
0-1,1-0,0.4629428265166736,0.5039771138105187,0.03308005967280776
1-0,1-0,0.46143845765766567,0.4949826679864833,0.043578874355851
0-1,1-0,0.43995969207534324,0.500317588665379,0.05972271925927767
0-1,1-0,0.4611116630159171,0.49504516593525033,0.04384317104883255
0-1,1-0,0.43675296049604523,0.5282976736540232,0.03494936584993157
0-1,1-0,0.458734555816564,0.49555025299788064,0.04571519118555532
1-0,1-0,0.4676299541460094,0.4949419943534009,0.03742805150058971
1-0,1-0,0.4671117676198191,0.4946965976792116,0.0381916347009694
0-1,1-0,0.46458024114261465,0.5021166839259698,0.03330307493141558
1-0,1-0,0.46723544666819194,0.498557074878217,0.03420747845359101
1-0,1-0,0.45758659526504025,0.5094888884950378,0.032924516239921965
0-1,1-0,0.46816605705553477,0.4963333077260946,0.03550063521837068
1-0,1-0,0.4424846142631871,0.5233443132140692,0.034171072522743706
0-1,1-0,0.4664416207862943,0.49975266127761503,0.03380571793609063
1-0,1-0,0.4646763025932627,0.49453002715624267,0.04079367025049457
0-1,1-0,0.3454748907849701,0.5053172675459294,0.1492078416691005
1-0,1-0,0.44845660001495075,0.5180378171524542,0.03350558283259515
0-1,1-0,0.46353659897628013,0.5033176171410544,0.03314578388266557
0-1,1-0,0.44779261092983597,0.4983158015325379,0.05389158753762608
0-1,1-0,0.46806241470622173,0.4954370018060276,0.03650058348775059
1-0,1-0,0.4561593185987973,0.5108752323107572,0.03296544909044561
1-0,1-0,0.45467758391984964,0.4965325594842831,0.04878985659586717
1-0,1-0,0.46740796871078344,0.49481442328084124,0.03777760800837537
0-1,1-0,0.45355547517935185,0.49681820939823623,0.04962631542241188
0-1,1-0,0.46766675207198055,0.4977804778474923,0.03455277008052719
1-0,1-0,0.46716707323715745,0.4947152056853228,0.03811772107751978
0-1,1-0,0.458782966781908,0.4955392657963485,0.04567776742174342
1-0,1-0,0.46789857616616226,0.49518163073313975,0.036919793100698
1-0,1-0,0.46146178865760623,0.49497828721627724,0.04355992412611657
1-0,1-0,0.4450296851915019,0.5211033157498753,0.03386699905862272
0-1,1-0,0.4679722115268215,0.49708037664896276,0.034947411824215846
0-1,1-0,0.46707330038243167,0.4946844242048066,0.03824227541276166
1-0,1-0,0.42837676471161923,0.5029996064579687,0.06862362883041202
1-0,1-0,0.4672587231824682,0.4985184519264908,0.034222824891041045
1-0,1-0,0.4448583367507667,0.4990768307404842,0.056064832508749156
1-0,1-0,0.45219774926833123,0.4971680431340162,0.05063420759765256
1-0,1-0,0.45094126503680787,0.4974944008033211,0.051564334159870995
1-0,1-0,0.4681688558711774,0.49631176084428746,0.03551938328453517
1-0,1-0,0.4559616134395016,0.5110654030252921,0.0329729835352063
0-1,1-0,0.467656937268335,0.49780004943022066,0.03454301330144437
1-0,1-0,0.4509997965433486,0.49747916088226946,0.05152104257438191
1-0,1-0,0.4598686000746431,0.49529969906914495,0.04483170085621195
0-1,1-0,0.44144318385198633,0.5242535006078168,0.0343033155401969
1-0,1-0,0.42405225973810734,0.5038853902220412,0.07206235003985141
0-1,1-0,0.4680335240197284,0.49690116955668756,0.0350653064235839
1-0,1-0,0.37637489840667177,0.5083202446342989,0.11530485695902959
1-0,1-0,0.4638353579058118,0.49460838579673144,0.04155625629745679
1-0,1-0,0.4648055029087594,0.5018487216759021,0.03334577541533845
1-0,1-0,0.45827024623594054,0.4956567842428168,0.0460729695212427
1/2-1/2,1-0,0.46139919312771555,0.49499006562776837,0.043610741244516166
0-1,1-0,0.42467190496552937,0.5037627475401294,0.0715653474943413
1-0,1-0,0.4604197092241989,0.49518386400458986,0.044396426771211236
1-0,1-0,0.4646420735740435,0.5020434876389803,0.033314438786976194
1-0,1-0,0.4564384829414566,0.49609397212739326,0.04746754493115017
1-0,1-0,0.4643889358506168,0.4945524165433404,0.04105864760604278
1-0,1-0,0.4671777697604528,0.49471896295186796,0.038103267287679266
0-1,1-0,0.4372211655501174,0.5278974527465378,0.034881381703344864
1-0,1-0,0.46625370953379563,0.5000118994818094,0.033734390984395075
1-0,1-0,0.4674239926385841,0.4982351540152614,0.034340853346154464
1-0,1-0,0.46742874867043355,0.4982267375641732,0.034344513765393235
0-1,1-0,0.46799525525795366,0.49701570534304707,0.03498903939899928
0-1,1-0,0.46473349337848296,0.49452619075261994,0.04074031586889713
0-1,1-0,0.4599511317132233,0.4952820791485228,0.044766789138253944
0-1,1-0,0.46319735533111883,0.5036962115405501,0.03310643312833112
1-0,1-0,0.4305666252117726,0.5025253344554905,0.06690804033273695
0-1,1-0,0.46689840889781975,0.49463612557471454,0.03846546552746578
1/2-1/2,1-0,0.46805479103227837,0.49542108628826953,0.036524122679452146
0-1,1-0,0.4433498088422799,0.5225856157203366,0.034064575437383456
0-1,1-0,0.4586640037405078,0.49556630725725564,0.04576968900223648
0-1,1-0,0.4606911141608659,0.495128501220648,0.044180384618486127
0-1,1-0,0.4300767152270721,0.502632883576815,0.06729040119611289
1-0,1-0,0.46812431553146744,0.49559792548815007,0.03627775898038242
1-0,1-0,0.46818631304361685,0.49606455463638277,0.035749132320000286
1-0,1-0,0.4659367982537841,0.4945082451185072,0.03955495662770873
1-0,1-0,0.44464166892406437,0.5214468111721805,0.03391151990375519
1-0,1-0,0.45919800822500934,0.495446075417613,0.04535591635737768
1-0,1-0,0.45971162550902517,0.49533346149098256,0.044954912999992186
0-1,1-0,0.4547664573959309,0.49651010924014727,0.048723433363921854
0-1,1-0,0.457242257230961,0.509825635685965,0.03293210708307408
1/2-1/2,1-0,0.4680424044137646,0.49539646363905393,0.03656113194718149
0-1,1-0,0.44799281617149067,0.5184562448032737,0.033550939025235565
0-1,1-0,0.4648636572042873,0.4945182849477962,0.04061805784791641
1-0,1-0,0.44685819277905003,0.49855905633246617,0.054582750888483786
1-0,1-0,0.4650644918895196,0.5015359151241747,0.03339959298630573
0-1,1-0,0.4564170033203709,0.4960992306544857,0.047483766025143384
1-0,1-0,0.4681282479131179,0.49654894190721205,0.03532281017967011
0-1,1-0,0.45660805896926365,0.49605255042597884,0.04733939060475755
1-0,1-0,0.45989712968154645,0.4952935978132667,0.04480927250518674
0-1,1-0,0.4288170883298971,0.502905592043025,0.068277319627078
1-0,1-0,0.45624738465495196,0.5107903843818592,0.03296223096318884
1-0,1-0,0.46788820762478395,0.4951695080442945,0.036942284330921546
0-1,1-0,0.4655130305750661,0.4944986700192075,0.03998829940572641
1-0,1-0,0.4527893386999208,0.4970151593755672,0.05019550192451212
1-0,1-0,0.4298913763171797,0.5340832089506052,0.03602541473221501
0-1,1-0,0.4529232463160534,0.5139401795467111,0.03313657413723549
1-0,1-0,0.44338091982390887,0.49945581326583005,0.05716326691026108
0-1,1-0,0.467468954623124,0.4948452955872246,0.03768574978965131
1-0,1-0,0.468130240184882,0.49653956567343027,0.0353301941416877
0-1,1-0,0.466955022175437,0.49465057982194177,0.038394398002621226
1-0,1-0,0.4681639555733513,0.49576577526716925,0.03607026915947949
1-0,1-0,0.4617331625168028,0.49492817588377025,0.04333866159942694
1-0,1-0,0.45476883467725926,0.49650950910990527,0.048721656212835494
1-0,1-0,0.46563361059615865,0.49449931071830855,0.03986707868553281
0-1,1-0,0.44724142614422574,0.519131686851536,0.033626887004238125
0-1,1-0,0.45725844570275614,0.4958953267984966,0.04684622749874717
1-0,1-0,0.467224411683485,0.498575287122921,0.034200301193593956
1-0,1-0,0.4678359134128121,0.49741991545476716,0.03474417113242076
1-0,1-0,0.4544053135871255,0.5125484316720309,0.03304625474084374
0-1,1-0,0.46760654501167953,0.49789871058442126,0.03449474440389912
0-1,1-0,0.4655416694315967,0.5009441169387197,0.03351421362968371
1-0,1-0,0.46789758225285094,0.49727375225187437,0.034828665495274726
1-0,1-0,0.46340350527185453,0.49466189537583677,0.04193459935230872
0-1,1-0,0.46809944521743463,0.49667187944780405,0.035228675334761254
0-1,1-0,0.4669601699623702,0.49899506693549783,0.03404476310213196
1-0,1-0,0.4667494401059869,0.49460282472265726,0.038647735171355835
0-1,1-0,0.4611828947208796,0.495031367034053,0.04378573824506743
0-1,1-0,0.4664365840038407,0.49455145174366905,0.03901196425249025
0-1,1-0,0.44993609356787667,0.4977564637807824,0.052307442651340914
1-0,1-0,0.4572754598616122,0.5097932314141629,0.032931308724224874
1-0,1-0,0.4565227004534159,0.5105245679561833,0.03295273159040072
1-0,1-0,0.4638474973316449,0.5029660166511649,0.033186486017190174
1-0,1-0,0.46168866599099706,0.5053280514029824,0.032983282606020556
1-0,1-0,0.451129218095294,0.49744547361291414,0.0514253082917918
1-0,1-0,0.45462611955909327,0.4965455727431041,0.048828307697802616
1-0,1-0,0.4671327026929584,0.4947034836225385,0.03816381368450305
0-1,1-0,0.4610469003392545,0.49505779380725806,0.04389530585348743
0-1,1-0,0.4680891678119941,0.49549841582922566,0.03641241635878016
0-1,1-0,0.46752337320690607,0.49487529806774566,0.03760132872534829
0-1,1-0,0.46131012788460896,0.49500696100601993,0.04368291110937106
1-0,1-0,0.4663747121844219,0.499845740244032,0.033779547571546095
1-0,1-0,0.4553156932030395,0.49637203476878006,0.04831227202818049
0-1,1-0,0.4580268356114456,0.495713416429702,0.04625974795885234
0-1,1-0,0.46818389850440706,0.4959465534110733,0.03586954808451968
0-1,1-0,0.4614951869157889,0.5055322277901064,0.03297258529410461
1-0,1-0,0.4622743764073422,0.4948332784945236,0.04289234509813426
0-1,1-0,0.4663562990657524,0.4945416533572125,0.03910204757703515
0-1,1-0,0.4672121950747062,0.49473142153248173,0.03805638339281204
1/2-1/2,1-0,0.46814466556174894,0.495672215991614,0.0361831184466371
1-0,1-0,0.46730011089603524,0.49844905346800955,0.034250835635955136
1-0,1-0,0.4429164889179662,0.49957418557258126,0.057509325509452466
1-0,1-0,0.4680241951485006,0.49536269272974764,0.03661311212175185
1-0,1-0,0.4677694481181884,0.49505002566827844,0.037180526213533266
0-1,1-0,0.46611215259570216,0.5002030328478592,0.033684814556438576
0-1,1-0,0.4365840327632201,0.5284418921974124,0.03497407503936742
1-0,1-0,0.45803156472899376,0.5090513898264198,0.032917045444586325
1-0,1-0,0.46817779678210797,0.4958677151350818,0.035954488082810265
0-1,1-0,0.44349936043634447,0.5224541535048222,0.034046486058833356
0-1,1-0,0.4643004655628485,0.49456028816493797,0.041139246272213575
1-0,1-0,0.42282225287010156,0.5399022342675995,0.037275512862299055
1-0,1-0,0.4681034203252203,0.4955355746480841,0.03636100502669553
0-1,1-0,0.4363649117229888,0.5286288207178651,0.035006267559146105
0-1,1-0,0.4681564046848433,0.4963988482733803,0.035444747041776345
1-0,1-0,0.4486414221824854,0.5178707366706987,0.033487841146815925
1-0,1-0,0.4497055522227821,0.4978166307907206,0.05247781698649729
0-1,1-0,0.4508309257734934,0.4975231374263318,0.05164593680017481
1-0,1-0,0.4667533148434134,0.49930596704505864,0.03394071811152793
1-0,1-0,0.46813593466544967,0.4965119401430492,0.035352125191501084
0-1,1-0,0.4225028923468255,0.5041856032333273,0.07331150441984739
1-0,1-0,0.4594970461944998,0.4953801225193102,0.04512283128619005
1-0,1-0,0.46622395171223646,0.500052358742658,0.03372368954510566
1-0,1-0,0.45993460440861844,0.5071462045970776,0.032919190994304036
1/2-1/2,1-0,0.4658433342527726,0.5005575377171692,0.0335991280300583
0-1,1-0,0.4567002775022027,0.4960300955227197,0.04726962697507766
0-1,1-0,0.46468765129138007,0.4945292487542682,0.04078309995435176
1-0,1-0,0.44730746507763425,0.4984421766193535,0.054250358303012246
1-0,1-0,0.41030973179671365,0.5062091995379044,0.08348106866538174
1-0,1-0,0.4596861757398901,0.4953389653918106,0.04497485886829918
1-0,1-0,0.4681599822574576,0.4963758578655752,0.03546415987696717
1-0,1-0,0.45583655889114594,0.49624227213911676,0.04792116896973727
0-1,1-0,0.46641910296705685,0.4997840865828806,0.03379681045006254
1-0,1-0,0.4527936615783272,0.5140610105778908,0.03314532784378207
1-0,1-0,0.46472899079417845,0.5019401446489692,0.03333086455685245
1-0,1-0,0.4604627401129716,0.5066060098519224,0.03293125003510612
1-0,1-0,0.46648553404717963,0.49455804909643286,0.03895641685638743
0-1,1-0,0.4632968617032933,0.4946762604257567,0.04202687787094993
1-0,1-0,0.46805950213805625,0.49543084842582125,0.03650964943612253
1-0,1-0,0.46483363021724705,0.4945200042897358,0.04064636549301718
0-1,1-0,0.4491850950218912,0.4979524915788095,0.05286241339929925
1-0,1-0,0.4308135624304551,0.5024708142072921,0.06671562336225284
0-1,1-0,0.4681847653907804,0.495964458405838,0.035850776203381646
0-1,1-0,0.4666905013258954,0.4993978981972904,0.033911600476814074
1-0,1-0,0.46407047957113684,0.4945827233874588,0.04134679704140444
0-1,1-0,0.46792545602600993,0.49720399520405156,0.0348705487699385
0-1,1-0,0.45975707158209816,0.4953236537807195,0.0449192746371823
0-1,1-0,0.4653620925987281,0.4944999385271918,0.040137968874080096
0-1,1-0,0.4465476631759078,0.5197527213637414,0.03369961546035078
0-1,1-0,0.46737900395541326,0.4983139827000468,0.03430701334453991
1-0,1-0,0.4681828057480849,0.49592805719268646,0.03588913705922862
1-0,1-0,0.46558538259252247,0.5008887569691037,0.033525860438373814
1-0,1-0,0.45057155129483745,0.5161138692378907,0.033314579467271996
1-0,1-0,0.46782049914660456,0.4950975085899244,0.03708199226347097
1-0,1-0,0.4678832324129428,0.4973086971619194,0.03480807042513783
0-1,1-0,0.46490267206740815,0.4945161471290933,0.040581180803498644
1-0,1-0,0.4495583445063968,0.4978550552322713,0.05258660026133193
0-1,1-0,0.43942595747834773,0.5004496829892521,0.06012435953240023
0-1,1-0,0.4369940745471175,0.5010423383537113,0.06196358709917133
1-0,1-0,0.4644834407157346,0.5022307567214847,0.033285802562780714
1-0,1-0,0.4616728851321657,0.4949391692972245,0.04338794557060984
0-1,1-0,0.46181532556690696,0.4949133216577209,0.04327135277537215
0-1,1-0,0.4681835693347998,0.49614873688240096,0.03566769378279923
0-1,1-0,0.4650860552892899,0.5015096246521158,0.033404320058594325
0-1,1-0,0.4649889474207899,0.49451181574059183,0.040499236838618266
0-1,1-0,0.4591115065272027,0.4954653444912017,0.045423148981595676
0-1,1-0,0.46792784574768764,0.49521772816931287,0.036854426082999554
0-1,1-0,0.467515704303604,0.4948709187284711,0.03761337696792496
0-1,1-0,0.46721848559742946,0.49858504207085186,0.03419647233171854
0-1,1-0,0.46577326164644456,0.49450205017334375,0.03972468818021181
0-1,1-0,0.45029048138648825,0.5163711317846611,0.03333838682885064
0-1,1-0,0.46758781048668735,0.494914242893356,0.037497946619956715
0-1,1-0,0.46818608796353345,0.4960067614914602,0.035807150545006335
1-0,1-0,0.46747901487083826,0.49485065881974155,0.03767032630942012
0-1,1-0,0.4681782109815819,0.49587183435279586,0.0359499546656222
0-1,1-0,0.44597281156678414,0.5202654873115036,0.033761701121712416
1-0,1-0,0.4607608123249103,0.4951144776137325,0.04412471006135723
1-0,1-0,0.4650313107601767,0.5015762935207756,0.03339239571904776
0-1,1-0,0.4588719604179791,0.508217321717021,0.03291071786499981
1-0,1-0,0.46484167011484673,0.494519537678363,0.040638792206790286
1-0,1-0,0.4385795575169313,0.5006577097530869,0.060762732729981644
0-1,1-0,0.46498852825639564,0.4945118354377971,0.04049963630580724
0-1,1-0,0.4627225852546253,0.4947604742976032,0.04251694044777144
0-1,1-0,0.4679053471208944,0.49725457887291047,0.03484007400619524
1-0,1-0,0.454336000473609,0.4966191020670812,0.04904489745930985
1-0,1-0,0.46324788228923747,0.49468300004684707,0.042069117663915585
0-1,1-0,0.4670234563234651,0.49466952776613266,0.038307015910402205
1-0,1-0,0.46513307636391443,0.5014521574352154,0.033414766200870076
1/2-1/2,1-0,0.4681833072963328,0.4959361250300892,0.03588056767357797
1-0,1-0,0.45526647310812124,0.49638435894596783,0.04834916794591101
0-1,1-0,0.45535485208172227,0.4963622371389123,0.0482829107793654
0-1,1-0,0.46744135669237225,0.4982043459600223,0.03435429734760551
1-0,1-0,0.4549241068789036,0.4964703569070568,0.048605536214039534
0-1,1-0,0.46817150204227026,0.49581486640381284,0.036013631553916924
1-0,1-0,0.4366144359906981,0.5284159430994122,0.03496962090988967
0-1,1-0,0.4159579290312389,0.5454282476620538,0.0386138233067072
0-1,1-0,0.4511379766740333,0.4974431943715479,0.05141882895441869
0-1,1-0,0.4662795990903659,0.4945334099572134,0.03918699095242067
1-0,1-0,0.4629915721160721,0.5039235151137619,0.033084912770165974
0-1,1-0,0.40386351418095096,0.5070216683087014,0.0891148175103476
0-1,1-0,0.4635987107973381,0.4946367468776064,0.04176454232505545
1-0,1-0,0.452266028076801,0.4971503675706035,0.050583604352595506
0-1,1-0,0.4396958254276305,0.5003829795939055,0.05992119497846383
1/2-1/2,1-0,0.4665747664785876,0.4995646481417949,0.033860585379617544
1-0,1-0,0.46486268842523715,0.5017801064779474,0.03335720509681551
1-0,1-0,0.4681551950676402,0.4957192254331612,0.03612557949919861
0-1,1-0,0.44875081078366835,0.49806585535439846,0.053183333861933135
1-0,1-0,0.4551546961414784,0.4964123841142575,0.048432919744264134
0-1,1-0,0.45888360407208806,0.49551650187862933,0.04559989404928252
1-0,1-0,0.44017625318232023,0.5002637966509348,0.059559950166744896
0-1,1-0,0.46313714892580155,0.49469855627447623,0.042164294799722335
1-0,1-0,0.45014920264988195,0.49770086066949365,0.05214993668062432
1-0,1-0,0.4645935765241862,0.4945359518583275,0.040870471617486276
0-1,1-0,0.4668419717710073,0.4946227376008788,0.038535290628113894
0-1,1-0,0.4680687568719184,0.49678514543730534,0.035146097690776264
1-0,1-0,0.4481522501954128,0.5183125362579217,0.033535213546665395
0-1,1-0,0.4680042951495842,0.4969895237866567,0.035006181063759224
1-0,1-0,0.45395758068182823,0.5129708496521339,0.03307156966603789
1-0,1-0,0.4676868770447086,0.49498278139709306,0.037330341558198366
1-0,1-0,0.4668001712478256,0.49461344020823805,0.03858638854393631
0-1,1-0,0.43980444676794417,0.5256755985872594,0.0345199546447965
1-0,1-0,0.4668726622950469,0.49462989560992976,0.03849744209502327
1-0,1-0,0.45636018599360356,0.5106815787786199,0.032958235227776515
0-1,1-0,0.4595007496771473,0.5075859240896429,0.03291332623320984
1-0,1-0,0.4637743173973862,0.4946154674978095,0.04161021510480436
1/2-1/2,1-0,0.46764740195411386,0.49781894845051505,0.03453364959537109
0-1,1-0,0.46667397028988067,0.4994219195238822,0.03390411018623714
0-1,1-0,0.46817096675953196,0.4962944449617519,0.03553458827871622
0-1,1-0,0.46201792903217,0.49487735994138105,0.04310471102644901
1/2-1/2,1-0,0.4550251610824565,0.496444925003313,0.04852991391423052
1-0,1-0,0.46154756078244247,0.5054770576254035,0.032975381592154025
0-1,1-0,0.455656172998317,0.5113583798605005,0.03298544714118247
0-1,1-0,0.4272212276368838,0.5362971320320667,0.036481640331049524
1-0,1-0,0.46414064206034944,0.5026299720321314,0.03322938590751915
1-0,1-0,0.46482788105245926,0.494520340739299,0.04065177820824175
1/2-1/2,1-0,0.4626016691891475,0.4947795502959749,0.042618780514877594
1-0,1-0,0.45478306840684934,0.49650591632331526,0.04871101526983545
0-1,1-0,0.45865389543748025,0.49556861145557923,0.04577749310694048
0-1,1-0,0.4681748295332455,0.4962596311612337,0.03556553930552085
1-0,1-0,0.4169168398553765,0.505189109756211,0.07789405038841253
1-0,1-0,0.4679028022006259,0.4951866670189087,0.0369105307804654
1-0,1-0,0.4453041386623696,0.4989618290575543,0.05573403228007604
0-1,1-0,0.4681858449483713,0.49599593759583,0.03581821745579865
1-0,1-0,0.4659913943207582,0.49451109082262956,0.0394975148566122
1-0,1-0,0.4473253295100931,0.49843752591596224,0.05423714457394468
1-0,1-0,0.4681552007498343,0.4957192530652775,0.03612554618488823
1-0,1-0,0.4657280144318382,0.49450091698159604,0.03977106858656579
0-1,1-0,0.4630584318864243,0.4947098764307958,0.04223169168277999
1-0,1-0,0.46420638453081536,0.49456913041745426,0.04122448505173035
0-1,1-0,0.46809538634699266,0.49551418259313235,0.036390431059875016
0-1,1-0,0.44183233844632136,0.4998489123774935,0.058318749176185194
0-1,1-0,0.4569414147219874,0.4959716258873015,0.04708695939071111
0-1,1-0,0.4619266315159153,0.5050755063485577,0.03299786213552689
0-1,1-0,0.46293326614370794,0.4947283080244103,0.04233842583188167
1-0,1-0,0.46357822280891264,0.494639314293455,0.04178246289763241
0-1,1-0,0.46592892612334286,0.49450786807482644,0.03956320580183077
1-0,1-0,0.4644508993256625,0.5022689663067439,0.03328013436759358
1-0,1-0,0.4597517498989923,0.5073319563784201,0.0329162937225875
0-1,1-0,0.4673951911751689,0.4982857796328884,0.034319029191942636
1/2-1/2,1-0,0.4647908451507657,0.5018662694314141,0.03334288541782026
0-1,1-0,0.4555235095713278,0.511485326107255,0.03299116432141729
1-0,1-0,0.46698505821254904,0.4946586899650553,0.038356251822395646
1-0,1-0,0.46695433761545335,0.4990040220772919,0.034041640307254796
1-0,1-0,0.4678202029406698,0.4974556321887141,0.03472416487061618
1-0,1-0,0.4406251298604688,0.5001519498485604,0.05922292029097077
1-0,1-0,0.4679969404286673,0.4953166349589893,0.03668642461234344
0-1,1-0,0.4680098063141825,0.496973314817354,0.03501687886846347
0-1,1-0,0.45484041805381825,0.5121361869695339,0.03302339497664776
0-1,1-0,0.468185483771001,0.49610344722180955,0.03571106900718949
1-0,1-0,0.4514820166053306,0.49735372440243336,0.05116425899223602
0-1,1-0,0.4681786917351271,0.49621881588273725,0.03560249238213565
1-0,1-0,0.45564573574506384,0.5113683739039279,0.032985890351008296
0-1,1-0,0.4628625767856127,0.49473894452609796,0.04239847868828929
1-0,1-0,0.4681272312667507,0.4965536732219585,0.03531909551129084
1-0,1-0,0.4519438744307324,0.49723382640509983,0.05082229916416775
0-1,1-0,0.4613945722446035,0.505638011905445,0.03296741584995151
0-1,1-0,0.4667691012195992,0.49928269386862434,0.03394820491177647
1-0,1-0,0.44292802178577406,0.5229558746868106,0.034116103527415446
0-1,1-0,0.4496200828109188,0.5169827419128709,0.03339717527621041
0-1,1-0,0.4445396486690503,0.5215370123098372,0.03392333902111266
0-1,1-0,0.45799681803886816,0.5090856514475082,0.03291753051362369
1-0,1-0,0.46802172133443043,0.49535830414843146,0.03661997451713806
0-1,1-0,0.46784669512489224,0.4951240073567795,0.03702929751832826
1-0,1-0,0.4329730888758771,0.5019853506466386,0.0650415604774844
1-0,1-0,0.4637340687345043,0.49462022745015777,0.041645703815337984
0-1,1-0,0.4499183657512596,0.49776108990438,0.052320544344360495
1-0,1-0,0.46818642525279414,0.49604950303031475,0.035764071716891055
0-1,1-0,0.4654312165016946,0.49449908326035735,0.040069700237948036
0-1,1-0,0.46220914052294443,0.4948443335472689,0.04294652592978666
0-1,1-0,0.4656208755687164,0.49449916996805615,0.03987995446322753
0-1,1-0,0.4677729304053866,0.4950531061981559,0.037173963396457455
0-1,1-0,0.45216846707433267,0.4971756257426866,0.05065590718298085
0-1,1-0,0.4593407143271127,0.5077472624845906,0.03291202318829666
0-1,1-0,0.4628609820640555,0.4947391863286695,0.042399831607275
1-0,1-0,0.42689889492125593,0.5033100666156848,0.06979103846305929
1-0,1-0,0.45386321768810534,0.5130596530229101,0.033077129288984465
1-0,1-0,0.465482707892277,0.4944987456307881,0.040018546476934896
0-1,1-0,0.4505549859608915,0.49759504130918847,0.05184997272992004
1-0,1-0,0.46654873695552124,0.4945673073920736,0.038883955652405135
0-1,1-0,0.4469568188178399,0.5193867547656402,0.033656426416519954
0-1,1-0,0.45219995911913485,0.4971674709481224,0.05063256993274269
0-1,1-0,0.4680164734599496,0.496953440255926,0.03503008628412434
1-0,1-0,0.46150045378101856,0.4949710519320095,0.04352849428697195
1-0,1-0,0.46812445392700985,0.4955983777336118,0.03627716833937831
0-1,1-0,0.46783033628017323,0.4974326584662476,0.03473700525357909
1-0,1-0,0.46801748337699295,0.49535088835068025,0.036631628272326855
1-0,1-0,0.4677832254677277,0.49506234276390176,0.03715443176837044
0-1,1-0,0.4675223740832585,0.49487472459168586,0.03760290132505555
0-1,1-0,0.4609958200049515,0.5060547363717199,0.03294944362332855
0-1,1-0,0.46782973964153834,0.49510667686126014,0.03706358349720157
1-0,1-0,0.4558953745152385,0.49622769912516296,0.047876926359598525
1-0,1-0,0.450130101216405,0.5165177021569052,0.033352196626689784
1-0,1-0,0.4557716893854296,0.49625836464287254,0.04796994597169793
1-0,1-0,0.46747863255154565,0.4948504535305026,0.037670913917951625
1-0,1-0,0.43240294737809537,0.5021150081026158,0.06548204451928898
1-0,1-0,0.4621214057064626,0.5048675713735752,0.033011022919962156
1-0,1-0,0.4465888932894322,0.49862903349146087,0.05478207321910694
1-0,1-0,0.4628497329542942,0.4947408942895951,0.042409372756110696
1-0,1-0,0.46818116742461596,0.49618727539992924,0.03563155717545476
1-0,1-0,0.4602284667256813,0.4952235626944401,0.044547970579878624
1-0,1-0,0.4668600689110048,0.49462692366258876,0.038513007426406565
1-0,1-0,0.4681614266310148,0.4957514294907063,0.036087143878278924
0-1,1-0,0.46600310482431156,0.49451175468403846,0.03948514049164993
1-0,1-0,0.46048408504154426,0.49517062625712216,0.044345288701333536
0-1,1-0,0.45876941766461626,0.4955423384783981,0.04568824385698555
0-1,1-0,0.45676148120622007,0.4960152209849272,0.047223297808852725
1-0,1-0,0.4657944494543474,0.5006209352036151,0.03358461534203744
1-0,1-0,0.4490132597584918,0.49799734917817945,0.052989391063328735
1/2-1/2,1-0,0.4670687809040473,0.4988260260118942,0.034105193084058474
1-0,1-0,0.4593269459469489,0.4954175102044959,0.045255543848555235
0-1,1-0,0.4459721646215734,0.5202660634757451,0.033761771902681606
0-1,1-0,0.44755501143205145,0.4983777123960898,0.054067276171858615
1-0,1-0,0.46040285541695275,0.5066675489134824,0.032929595669564854
1-0,1-0,0.4611443797732748,0.4950388162337942,0.04381680399293103
0-1,1-0,0.46215418137649944,0.4948537322037518,0.04299208641974878
0-1,1-0,0.4678396174774185,0.49511669108398365,0.037043691438597835
1/2-1/2,1-0,0.45181622132212157,0.514968321217891,0.03321545745998728
0-1,1-0,0.4649856593139356,0.4945119706119724,0.04050237007409203
1-0,1-0,0.4647787966991106,0.49452330682908296,0.040697896471806494
0-1,1-0,0.45037587588168343,0.4976417389196969,0.05198238519861973
1-0,1-0,0.4643938714885805,0.4945519903985068,0.041054138112912725
1-0,1-0,0.45677464107539867,0.5102805557822283,0.032944803142372976
1-0,1-0,0.4595759191934556,0.4953629046891243,0.0450611761174201
1-0,1-0,0.45062004218290436,0.4975780845129192,0.05180187330417648
1-0,1-0,0.4191953169757285,0.5047949762292405,0.07600970679503094
1-0,1-0,0.4414061125806549,0.49995626584377656,0.058637621575568635
1-0,1-0,0.4518944844086388,0.5148959323226756,0.03320958326868563
1-0,1-0,0.45352778023445534,0.49682530504821526,0.04964691471732949
0-1,1-0,0.45751301750565004,0.49583456344783366,0.04665241904651626
0-1,1-0,0.4496782939560865,0.49782374550879244,0.05249796053512116
1-0,1-0,0.4605809349202812,0.4951508337392163,0.04426823134050253
0-1,1-0,0.45676727285956864,0.510287702720748,0.032945024419683375
0-1,1-0,0.4623182082634903,0.504656289148173,0.033025502588336704
0-1,1-0,0.45914377762342873,0.5079451946896787,0.03291102768689248
1-0,1-0,0.4657283634130009,0.4945009248022574,0.03977071178474177
0-1,1-0,0.4238731540198897,0.5039205669131209,0.0722062790669893
0-1,1-0,0.45448905483866947,0.4965802758268943,0.048930669334436266
1-0,1-0,0.46685769899735613,0.4991507413304592,0.03399155967218471
0-1,1-0,0.4508888179955678,0.5158228606152049,0.03328832138922735
1-0,1-0,0.45150224857453125,0.5152582911041005,0.03323946032136827
1-0,1-0,0.467375001535121,0.498320929255931,0.0343040692089479
0-1,1-0,0.46707487837279504,0.4988164010181365,0.03410872060906831
1-0,1-0,0.45364784860633256,0.49679455684197904,0.0495575945516884
0-1,1-0,0.4633226662322821,0.5035569460806015,0.03312038768711634
1-0,1-0,0.46563139636989487,0.4944992849760367,0.039869318654068536
1-0,1-0,0.4625212081090009,0.49479248142403415,0.04268631046696495
0-1,1-0,0.46770405896299483,0.4977049240786621,0.03459101695834306
1-0,1-0,0.4675626035533578,0.49798246831745147,0.03445492812919063
0-1,1-0,0.46633798165218315,0.49453958820464056,0.03912243014317629
0-1,1-0,0.4667453552688539,0.494602000730071,0.038652644001075036
0-1,1-0,0.4372027113659526,0.5009921144370242,0.06180517419702324
1-0,1-0,0.46799091077677035,0.4970281174467723,0.034980971776457426
0-1,1-0,0.4681170790536629,0.49659914368484315,0.03528377726149396
1-0,1-0,0.4597161815721,0.4953324770479182,0.0449513413799817
1-0,1-0,0.4552801962612124,0.49638092179287374,0.04833888194591372
0-1,1-0,0.45691092242701,0.5101482501099585,0.03294082746303149
0-1,1-0,0.46634846661317614,0.494540762753511,0.03911077063331281
0-1,1-0,0.4622704512137946,0.5047076722528029,0.033021876533402356
0-1,1-0,0.4655443998924365,0.4944986901062289,0.03995691000133449
0-1,1-0,0.4529755985341297,0.5138913264758638,0.033133074990006506
1-0,1-0,0.4676402427493232,0.49783306521221343,0.03452669203846338
1-0,1-0,0.4659756723074458,0.5003843116403953,0.03364001605215883
1-0,1-0,0.4604834864859119,0.5065846726147245,0.03293184089936356
1-0,1-0,0.467877227203803,0.4951570167185407,0.036965756077656356
1-0,1-0,0.4500416434349695,0.49772892233282634,0.05222943423220423
1-0,1-0,0.44684140239578785,0.5194900738948258,0.03366852370938635
0-1,1-0,0.4594087581316641,0.49539948515740284,0.04519175671093313
0-1,1-0,0.4655069100773354,0.4944986778127565,0.03999441210990802
1-0,1-0,0.46769059703897214,0.4949855923524016,0.03732381060862624
0-1,1-0,0.44891885638147333,0.4980219921157078,0.053059151502818924
0-1,1-0,0.4654276099143427,0.49449911661309587,0.04007327347256153
*,1-0,0.467084483310245,0.4946879006582956,0.03822761603145945
0-1,1-0,0.4486678645813472,0.5178468168131588,0.03348531860549413
1-0,1-0,0.4663809375365371,0.49983711730132563,0.03378194516213723
1-0,1-0,0.46391057200796404,0.5028940984085769,0.03319532958345897
0-1,1-0,0.46783017658650217,0.4951071151098474,0.037062708303650396
1-0,1-0,0.43918545100971257,0.500508977798543,0.060305571191744345
0-1,1-0,0.46683060865983506,0.49919133585609127,0.03397805548407364
1-0,1-0,0.4583903967176343,0.5086965545238838,0.03291304875848178
0-1,1-0,0.44736572876395375,0.49842700781160115,0.05420726342444508
0-1,1-0,0.4078240193679141,0.506544297753262,0.08563168287882378
1-0,1-0,0.4598432704861788,0.49530512509073904,0.0448516044230822
0-1,1-0,0.4681862633254858,0.4960173457483138,0.03579639092620036
0-1,1-0,0.46796069392172795,0.49711170027057594,0.03492760580769611
0-1,1-0,0.4677415176380356,0.49762704635329313,0.03463143600867127
0-1,1-0,0.4681648182621425,0.49577087251574387,0.03606430922211361
1-0,1-0,0.46725521966205874,0.49474781502970994,0.03799696530823135
0-1,1-0,0.45831631056062405,0.4956461254651845,0.04603756397419147
0-1,1-0,0.46818618731043127,0.4960737066840603,0.03574010600550833
1-0,1-0,0.4590644674146734,0.5080247208898315,0.03291081169549503
1-0,1-0,0.46139366708907387,0.4949911092728971,0.04361522363802904
1-0,1-0,0.46787239224208166,0.497334697794856,0.03479290996306233
1-0,1-0,0.46806609230591706,0.495444906295811,0.03648900139827196
0-1,1-0,0.4600541199832206,0.49526022246017604,0.044685657556603364
0-1,1-0,0.44668519076131147,0.49860401830642653,0.05471079093226193
0-1,1-0,0.46805722958782436,0.4968244738947847,0.035118296517390936
1-0,1-0,0.4681682754701354,0.4963163515209673,0.03551537300889725
0-1,1-0,0.46397244540820465,0.4945931032314237,0.04143445136037158
0-1,1-0,0.46690361536363745,0.49463741096523944,0.03845897367112308
0-1,1-0,0.4657699812600263,0.49450195986623435,0.03972805887373949
0-1,1-0,0.46818522978058735,0.4959760945481657,0.03583867567124696
1-0,1-0,0.4630378296448843,0.4947128742374123,0.042249296117703436
1-0,1-0,0.46816929312126415,0.49579931340795225,0.03603139347078359
0-1,1-0,0.4645150329128181,0.5021935957115744,0.03329137137560756
1-0,1-0,0.4350954394551574,0.5297086889432043,0.035195871601638305
1-0,1-0,0.46818613254131325,0.4960769426898793,0.03573692476880748
1-0,1-0,0.45758450725843325,0.49581758475194654,0.0465979079896202
0-1,1-0,0.46549572076228063,0.5010020838494132,0.03350219538830608
0-1,1-0,0.4648666494387946,0.5017753445504086,0.03335800601079687
1-0,1-0,0.4680383315661072,0.49538867346079274,0.036572994973100036
0-1,1-0,0.46813474410537953,0.4965178232390098,0.03534743265561065
0-1,1-0,0.46666712142795214,0.49458706309331224,0.03874581547873552
0-1,1-0,0.45723462993540054,0.5098330776123187,0.03293229245228084
1-0,1-0,0.46180380251364506,0.5052060614908712,0.03299013599548371
1-0,1-0,0.4665924455589459,0.494574222134954,0.0388333323061001
1-0,1-0,0.46564668980369733,0.49449947374065817,0.039853836455644394
1-0,1-0,0.46817853957054895,0.49622058507311906,0.03560087535633193
0-1,1-0,0.4639077544539033,0.5028973154075798,0.03319493013851698
1-0,1-0,0.4541809210073471,0.49665851912055775,0.04916055987209514
0-1,1-0,0.466208787593264,0.4945267088012911,0.03926450360544482
1-0,1-0,0.46812305483497996,0.49559383320011907,0.036283111964900944
1-0,1-0,0.4577022519481502,0.5093754326594248,0.03292231539242517
0-1,1-0,0.4633710583195951,0.5035029860984108,0.033125955581994077
0-1,1-0,0.4652961617355475,0.5012513132278811,0.03345252503657137
1-0,1-0,0.4546174781185186,0.5123476332438658,0.03303488863761553
0-1,1-0,0.46763344603963264,0.4978464106622831,0.034520143298084366
1-0,1-0,0.43216060365519504,0.5021698003219676,0.06566959602283744
0-1,1-0,0.468176428801623,0.4962436496175544,0.03557992158082251
0-1,1-0,0.46817123782519077,0.49629214435633334,0.035536617818475905
1/2-1/2,1-0,0.45866717185223205,0.5084215577195601,0.03291127042820792
1-0,1-0,0.46803865480597057,0.4953892865005897,0.03657205869343984
1-0,1-0,0.4681139113735786,0.496612739518862,0.0352733491075593
1-0,1-0,0.46761445495919973,0.49493156197393157,0.03745398306686864
0-1,1-0,0.4656772418169414,0.5007717208977336,0.03355103728532492
1-0,1-0,0.4624453434824821,0.5045191400456384,0.033035516471879633
0-1,1-0,0.4681614266310148,0.4957514294907063,0.036087143878278924
1-0,1-0,0.46787408500669303,0.49733065930170195,0.03479525569160506
0-1,1-0,0.4378190494677865,0.5008430482796654,0.061337902252548065
0-1,1-0,0.4544207030357076,0.49659760548945986,0.04898169147483258
0-1,1-0,0.46271348480442664,0.504228089175739,0.03305842601983438
1-0,1-0,0.46803242817960694,0.49690459586645913,0.03506297595393394
0-1,1-0,0.46800100839503916,0.4953232077096451,0.03667578389531575
0-1,1-0,0.46464235100155826,0.494532405775182,0.04082524322325978
0-1,1-0,0.4678554066409544,0.49737479602347023,0.03476979733557529
0-1,1-0,0.43329179422680425,0.5312341185939755,0.03547408717922025
0-1,1-0,0.4537057363829148,0.5132076859928669,0.03308657762421826
1-0,1-0,0.4331270426762081,0.5313729539287225,0.03550000339506934
1-0,1-0,0.45279685609019626,0.5140580334363956,0.03314511047340821
1-0,1-0,0.44746558499600764,0.5189304978890455,0.03360391711494686
0-1,1-0,0.4659482120150819,0.4945088065346531,0.039542981450264934
1/2-1/2,1-0,0.44906092803201436,0.49798490556772984,0.05295416640025575
1-0,1-0,0.45728172881779267,0.4958897502168443,0.04682852096536304
1-0,1-0,0.45656033606052604,0.5104881637399342,0.03295150019953983
1-0,1-0,0.4676111881648634,0.4949293973921777,0.037459414442958826
1-0,1-0,0.46804432245966937,0.49540018281558584,0.03655549472474475
0-1,1-0,0.45426719634108836,0.49663658086647916,0.049096222792432406
1-0,1-0,0.44036393155314785,0.500217089580432,0.059418978866420114
1-0,1-0,0.4666897586915263,0.4945912239063726,0.03871901740210117
0-1,1-0,0.46616805106823195,0.4945232296181375,0.03930871931363063
0-1,1-0,0.4325599004382944,0.5020794199395969,0.06536067962210855
1-0,1-0,0.46556318595873664,0.4944987507823409,0.0399380632589224
1-0,1-0,0.45489743710712166,0.5120820322411582,0.033020530651720184
0-1,1-0,0.4589043721085821,0.495511817223758,0.04558381066765986
0-1,1-0,0.4661475451759951,0.500155554687144,0.03369690013686095
1-0,1-0,0.459857252884415,0.5072248589973066,0.03291788811827847
0-1,1-0,0.4419258425882405,0.5238326705336483,0.03424148687811108
1-0,1-0,0.4644711402102942,0.4945455026918603,0.04098335709784545
1-0,1-0,0.4678289486650552,0.4974358179455637,0.03473523338938105
0-1,1-0,0.4562738649878406,0.49613433878638624,0.04759179622577318
0-1,1-0,0.4531598330438923,0.4969197526852273,0.04992041427088041
1-0,1-0,0.4478457241150916,0.4983019574560395,0.05385231842886895
1-0,1-0,0.45559314142175716,0.4963027607946293,0.04810409778361347
0-1,1-0,0.4646183943178702,0.5020715498448961,0.033310055837233565
1-0,1-0,0.46633134487912176,0.4945388551154117,0.039129800005466654
0-1,1-0,0.4614665298974396,0.4949773983400614,0.04355607176249904
0-1,1-0,0.44936496212718197,0.49790553653800773,0.052729501334810386
1-0,1-0,0.4540521052198737,0.49669131717830484,0.04925657760182147
0-1,1-0,0.4677562919613751,0.49759571872362296,0.03464798931500203
0-1,1-0,0.4524506800348397,0.5143801973205446,0.033169122644615676
1-0,1-0,0.4622631334943182,0.49483517583789555,0.042901690667786256
1-0,1-0,0.4394811067909338,0.5004360662155583,0.060082826993507844
0-1,1-0,0.45978750950615593,0.4953170999431763,0.044895390550667796
1-0,1-0,0.4590222400911006,0.5080670206523886,0.032910739256510696
1-0,1-0,0.46778201219029497,0.49754027955480645,0.034677708254898576
1-0,1-0,0.46290200165812545,0.4947329924873649,0.04236500585450962
0-1,1-0,0.46556965203625583,0.4944987801943857,0.03993156776935846
1-0,1-0,0.4466406834960398,0.498615581031734,0.05474373547222622
0-1,1-0,0.45923663965180916,0.4954374969954381,0.04532586335275285
0-1,1-0,0.46782276931086436,0.495099743533929,0.0370774871552067
0-1,1-0,0.4358786193510806,0.501308768308575,0.06281261234034441
0-1,1-0,0.457801918029636,0.4957661897967355,0.046431892173628586
1-0,1-0,0.4643170911622724,0.4945587755944607,0.041124133243266955
1-0,1-0,0.45183960063576056,0.49726087205914116,0.05089952730509825
0-1,1-0,0.4664794524576243,0.4996996290352086,0.03382091850716713
1-0,1-0,0.45608899820831805,0.5109429216442356,0.03296808014744634
1-0,1-0,0.4623975155407676,0.4948127176184123,0.0427897668408202
1-0,1-0,0.45428430882525106,0.5126627706141031,0.03305292056064579
1-0,1-0,0.46726350396020017,0.4947510814052778,0.03798541463452197
0-1,1-0,0.4608256250368484,0.50623143671869,0.03294293824446165
0-1,1-0,0.4661988842682236,0.4945258382711204,0.03927527746065601
1-0,1-0,0.4659860689233146,0.5003705995087878,0.033643331567897505
1-0,1-0,0.46612920542668324,0.4945201576692071,0.03935063690410969
0-1,1-0,0.46451204159730686,0.5021971171200053,0.03329084128268796
1-0,1-0,0.46722754637799496,0.4985701199111058,0.03420233371089927
1-0,1-0,0.46581283126847356,0.5005971323766243,0.033590036354902236
1-0,1-0,0.46773799584873527,0.49763446100966147,0.03462754314160336
0-1,1-0,0.4663788822666885,0.49454428513631454,0.03907683259699701
0-1,1-0,0.4675574823168997,0.4979921035171919,0.03445041416590833
1-0,1-0,0.4589637273146532,0.5081255853974772,0.03291068728786962
1-0,1-0,0.4561188286814538,0.4961724907715154,0.04770868054703075
0-1,1-0,0.4668027429584575,0.49461399756825686,0.038583259473285725
0-1,1-0,0.4681162965119938,0.49660252649002645,0.035281176997979564
0-1,1-0,0.4630692676169639,0.4947083055238846,0.0422224268591515
0-1,1-0,0.46073439082554934,0.4951197841576178,0.044145825016832806
1-0,1-0,0.4666889411068167,0.49459107138752295,0.03871998750566036
0-1,1-0,0.4526439220385819,0.5142004725230519,0.033155605438366244
1-0,1-0,0.46814784091122824,0.4964493548437148,0.03540280424505695
0-1,1-0,0.46815671624579874,0.496396896889291,0.03544638686491032
1-0,1-0,0.4677394282550334,0.4950243391382983,0.03723623260666828
0-1,1-0,0.4680247412899932,0.4969283652176866,0.035046893492320284
0-1,1-0,0.4537851840668578,0.4967594331008751,0.049455382832267046
0-1,1-0,0.46816673347360344,0.496328231317666,0.035505035208730495
1-0,1-0,0.4601485194712325,0.49524031900566207,0.04461116152310539
1/2-1/2,1-0,0.4681659375886319,0.4957776566985486,0.036056405712819546
1-0,1-0,0.46339220657277,0.5034793726141659,0.03312842081306408
0-1,1-0,0.4644960866230138,0.4945434830526425,0.04096043032434377
0-1,1-0,0.46812667399709046,0.49655625183952856,0.03531707416338095
1-0,1-0,0.44689177654580997,0.5194449880096221,0.033663235444567875
1-0,1-0,0.4627437635931313,0.5041950649241269,0.03306117148274172
0-1,1-0,0.44146028269472043,0.5242386078392662,0.03430110946601342
0-1,1-0,0.4645238313297944,0.5021832346973727,0.03329293397283296
1-0,1-0,0.46388681518707103,0.4946025469334725,0.041510637879456504
1-0,1-0,0.4615967533161115,0.5054251719119836,0.03297807477190492
1-0,1-0,0.4676736886537598,0.49497296576084804,0.037353345585392224
1-0,1-0,0.39397723072592655,0.5079015092649388,0.09812126000913476
1-0,1-0,0.4586400067954546,0.49557177902253113,0.04578821418201418
0-1,1-0,0.4673200911398188,0.49477439985099336,0.03790550900918783
1-0,1-0,0.46451830677756734,0.5021897410066134,0.03329195221581938
1-0,1-0,0.466402621797098,0.4945471556037521,0.039050222599149934
1-0,1-0,0.46634887986555135,0.49988144165160636,0.03376967848284239
1-0,1-0,0.4649550318660082,0.5016687731574095,0.033376194976582334
1-0,1-0,0.4481858167392357,0.518282262769095,0.03353192049166941
1-0,1-0,0.4680746758392294,0.49676434488862026,0.03516097927215034
1-0,1-0,0.46811574193474387,0.49660491414222924,0.03527934392302682
1-0,1-0,0.46326696883844726,0.4946803632597354,0.04205266790181746
1-0,1-0,0.4447369278636989,0.49910810196980043,0.056154970166500624
0-1,1-0,0.4670120602168378,0.4989148579332754,0.034073081849886826
1-0,1-0,0.4470973768015139,0.5192608374029412,0.03364178579554495
0-1,1-0,0.46818579078831823,0.49609265294940186,0.03572155626227988
1-0,1-0,0.4680938447775429,0.4955102130194857,0.036395942202971404
1-0,1-0,0.4680408426892135,0.49687803198497066,0.03508112532581587
0-1,1-0,0.4598755499066218,0.5072062640943431,0.03291818599903499
0-1,1-0,0.4493992557489138,0.4978965841632046,0.052704160087881674
1-0,1-0,0.45495778624208544,0.5120246809032146,0.03301753285469992
1-0,1-0,0.45300812404669294,0.5138609640264123,0.03313091192689473
1-0,1-0,0.4655365085640912,0.500950639019604,0.03351285241630477
1-0,1-0,0.45066529775633635,0.49756629031363,0.05176841193003373
1-0,1-0,0.4673224282383444,0.49841122864659065,0.03426634311506491
1-0,1-0,0.4550445418960494,0.49644005205140096,0.048515406052549635
0-1,1-0,0.46688410840683225,0.4991109479104324,0.034004943682735315
1-0,1-0,0.46758547420004387,0.4949127599701268,0.03750176582982935
0-1,1-0,0.4632088439190529,0.5036834709668846,0.033107685114062424
1-0,1-0,0.4115836588439045,0.506027018426517,0.08238932272957875
0-1,1-0,0.4628735095840734,0.4947372890010464,0.04238920141488009
1-0,1-0,0.4677590832973923,0.49758975864084853,0.03465115806175913
0-1,1-0,0.46686498396187764,0.499139786326724,0.03399522971139835
1-0,1-0,0.45921023972820957,0.4954433574880372,0.04534640278375329
0-1,1-0,0.4580301504970039,0.49571264176862373,0.04625720773437243
1/2-1/2,1-0,0.46818565508161186,0.4959890031919838,0.03582534172640437
0-1,1-0,0.4638507711868749,0.49460662414864887,0.04154260466447628
0-1,1-0,0.4681751709215319,0.4958437558430866,0.03598107323538151
1-0,1-0,0.4587751627594018,0.4955410353732081,0.045683801867390204
0-1,1-0,0.466187483365882,0.5001017349011535,0.03371078173296444
1/2-1/2,1-0,0.4674295202018124,0.4948250222034904,0.03774545759469719
0-1,1-0,0.4671478153654314,0.4987000583439045,0.03415212629066406
1-0,1-0,0.45108436929328394,0.5156431622083146,0.03327246849840145
1-0,1-0,0.4587121548909439,0.4955553450077786,0.045732500101277454
1-0,1-0,0.4428772830259263,0.5230003646321336,0.03412235234193991
0-1,1-0,0.43329554956191485,0.5312309530234834,0.035473497414601526
1-0,1-0,0.4417130670393407,0.49987899177537765,0.05840794118528164
1-0,1-0,0.4647853153970761,0.49452290334046284,0.040691781262461015
0-1,1-0,0.46692892573350103,0.4946437850214503,0.03842728924504855
1-0,1-0,0.46356828945324835,0.5032819891872863,0.03314972135946527
0-1,1-0,0.46659645298762537,0.499533649172626,0.03386989783974874
1-0,1-0,0.46790083369587626,0.4951843140779961,0.03691485222612761
0-1,1-0,0.46812148886614957,0.4955888171114521,0.03628969402239844
0-1,1-0,0.45965795302456897,0.50742699665027,0.03291505032516103
1-0,1-0,0.44958116273063864,0.4978490989466054,0.05256973832275594
0-1,1-0,0.45796733324761196,0.49572733728235224,0.0463053294700358
1-0,1-0,0.46569017777053684,0.5007551607339513,0.033554661495511895
0-1,1-0,0.46687636732311716,0.49463077930599353,0.03849285337088935
0-1,1-0,0.4673196121639838,0.4947741948282988,0.03790619300771735
1-0,1-0,0.46325289422774135,0.49468230636661303,0.04206479940564564
1-0,1-0,0.4681578521611927,0.4957324703160985,0.036109677522708744
1-0,1-0,0.46816475198372376,0.49634288939837984,0.035492358617896326
1-0,1-0,0.4558560298401018,0.4962374458590835,0.0479065243008146
0-1,1-0,0.4658220383951693,0.5005851936835467,0.033592767921284065
0-1,1-0,0.4599133449412593,0.5071678335502665,0.032918821508474236
1/2-1/2,1-0,0.4556494114949073,0.5113648543708935,0.03298573413419918
1-0,1-0,0.4517498643230753,0.497284158668454,0.05096597700847077
0-1,1-0,0.45574857442527417,0.496264103765441,0.04798732180928483
1-0,1-0,0.4607663216272881,0.49511337260042193,0.044120305772289974
0-1,1-0,0.46294868000122075,0.5039706823843142,0.03308063761446514
1-0,1-0,0.44507247016956264,0.5210653977445567,0.0338621320858804
1-0,1-0,0.4448019931111651,0.49909134578363884,0.05610666110519609
0-1,1-0,0.457453011187576,0.4958488441097671,0.04669814470265689
0-1,1-0,0.4679028569469474,0.495186732633069,0.03691041041998353
1-0,1-0,0.4583672015132776,0.4956343721564759,0.04599842633024658
1-0,1-0,0.4670103648358169,0.4946657720659976,0.03832386309818549
1-0,1-0,0.467161956765507,0.49867723115025725,0.034160812084235735
0-1,1-0,0.4680177434165472,0.4969496202698433,0.03503263631360952
1/2-1/2,1-0,0.4548530772189997,0.5121241664022304,0.03302275637876988
1-0,1-0,0.46801200723465913,0.4953414905723085,0.03664650219303231
0-1,1-0,0.4647940413033594,0.4945223677966626,0.04068359089997801
1-0,1-0,0.4655428677258982,0.4944986867745678,0.03995844549953394
0-1,1-0,0.4636600604379992,0.4946291633307245,0.04171077623127632
1-0,1-0,0.4664617677694207,0.4945547851105893,0.038983447119989974
1/2-1/2,1-0,0.46196839678052554,0.49488606209903735,0.043145541120437135
0-1,1-0,0.4606157214568231,0.4951437613556872,0.04424051718748971
0-1,1-0,0.46521052131878354,0.5013570838311648,0.03343239485005166
1-0,1-0,0.468177398977604,0.4958638568038908,0.035958744218505194
1/2-1/2,1-0,0.4525454257501463,0.4970781187974749,0.050376455452378836
0-1,1-0,0.45634189938437103,0.5106992273292199,0.032958873286409146
0-1,1-0,0.46802494846394826,0.4969277305115134,0.03504732102453835
1-0,1-0,0.46802426291612953,0.49536281358344153,0.03661292350042898
1-0,1-0,0.4630486495232903,0.5038606377674433,0.03309071270926642
0-1,1-0,0.46409152263096093,0.49458055713892596,0.04132792023011316
0-1,1-0,0.46557968660132065,0.5008959825596108,0.03352433083906858
1-0,1-0,0.42326100095953584,0.5395449582514343,0.037194040789029915
1-0,1-0,0.4389883563399901,0.5005574620098128,0.06045418165019716
1-0,1-0,0.4388849791765997,0.5005828530049902,0.06053216781841007
1-0,1-0,0.45886630232297493,0.4955204080680801,0.04561328960894502
0-1,1-0,0.4668067709034329,0.4946148743427119,0.038578354753855175
0-1,1-0,0.4602801731374796,0.4952127752513298,0.04450705161119071
0-1,1-0,0.46786773458136227,0.49514649105714986,0.03698577436148793
1-0,1-0,0.45709534311239125,0.4959344963522652,0.04697016053534351
0-1,1-0,0.4523116556497195,0.49713855994505607,0.05054978440522445
0-1,1-0,0.4624112828543464,0.4948104443011501,0.04277827284450348
0-1,1-0,0.4561853389412982,0.4961561079643123,0.047658553094389496
1-0,1-0,0.4681648997275542,0.49634181813541123,0.03549328213703455
0-1,1-0,0.39138558973288595,0.5080567410894034,0.10055766917771056
1/2-1/2,1-0,0.46388885897197923,0.49460231753751344,0.041508823490507385
1-0,1-0,0.4671845669739513,0.49472137819210704,0.03809405483394167
0-1,1-0,0.4641531302660088,0.49457434374609627,0.04127252598789486
1-0,1-0,0.46677379019689624,0.4992757676541082,0.033950442148995466
0-1,1-0,0.46797984966431355,0.4970592498110674,0.034960900524619025
1-0,1-0,0.4593856353752266,0.4954045716322156,0.045209792992557805
0-1,1-0,0.4681240060302729,0.49559691627656044,0.036279077693166795
0-1,1-0,0.46292289426054667,0.4947298585652182,0.0423472471742352
1/2-1/2,1-0,0.4663474571572196,0.4998834041956531,0.03376913864712729
0-1,1-0,0.46681828647872986,0.4946174067905931,0.038564306730677025
0-1,1-0,0.4680009606445221,0.4969992385446454,0.03499980081083245
1-0,1-0,0.4676444026862573,0.49495196881041126,0.03740362850333149
0-1,1-0,0.46817977859502,0.49588851714170895,0.03593170426327107
1-0,1-0,0.4653518911928741,0.5011821116731691,0.03346599713395684
1-0,1-0,0.46751933378913957,0.49806310240801943,0.03441756380284094
1-0,1-0,0.44312856490878,0.4995201810681352,0.05735125402308477
1-0,1-0,0.4310331113401242,0.5024221673731513,0.06654472128672456
1-0,1-0,0.44966922289241357,0.49782611319139297,0.05250466391619348
1-0,1-0,0.4631143666066387,0.4947018105452485,0.04218382284811273
1-0,1-0,0.4474236290859607,0.49841193123923305,0.05416443967480628
0-1,1-0,0.4659085700749309,0.4945069312288949,0.03958449869617423
1-0,1-0,0.46797830404932367,0.49706354866414615,0.03495814728653017
1-0,1-0,0.4437865988685176,0.4993521031602037,0.05686129797127869
0-1,1-0,0.4681709600726538,0.4958109403058477,0.036018099621498344
0-1,1-0,0.4670564407578405,0.4946792774701002,0.0382642817720593
1-0,1-0,0.46731779688634734,0.4947734190321405,0.03790878408151201
1-0,1-0,0.4681694578994738,0.49630692488740796,0.03552361721311826
1-0,1-0,0.46768245032240613,0.494979460879552,0.03733808879804178
1-0,1-0,0.46676562537569477,0.49928782413599765,0.03394655048830758
1-0,1-0,0.46621181207994467,0.5000688201669897,0.033719367753065645
1-0,1-0,0.4677553779281268,0.49503779639259715,0.037206825679275954
1/2-1/2,1-0,0.4680545967016408,0.49683325509286275,0.03511214820549645
1-0,1-0,0.434329642709081,0.5303576046452282,0.0353127526456908
0-1,1-0,0.457605558519165,0.5094702983177918,0.03292414316304329
1-0,1-0,0.4365402760316064,0.5284792330837534,0.0349804908846401
0-1,1-0,0.46258540709502266,0.5043674197575573,0.033047173147420145
1-0,1-0,0.45393800592839534,0.5129892774325118,0.033072716639092864
0-1,1-0,0.43122912795887947,0.5023785974146392,0.0663922746264813
1-0,1-0,0.46728625531885387,0.4984723923705478,0.03424135231059838
1-0,1-0,0.452220777867863,0.49716208082440666,0.0506171413077303
1-0,1-0,0.4389154751050442,0.5264428661052704,0.03464165878968554
0-1,1-0,0.4410513962491045,0.5000453113262913,0.05890329242460416
1-0,1-0,0.4670778722290482,0.49468583936434946,0.03823628840660234
0-1,1-0,0.46124851335125167,0.4950187408351638,0.043732745813584536
1-0,1-0,0.46684189590370323,0.4991744493037281,0.03398365479256858
1-0,1-0,0.46801383461044943,0.49534460397736535,0.03664156141218522
1/2-1/2,1-0,0.4663866365416173,0.49982921680166853,0.033784146656714246
1-0,1-0,0.4561154116126205,0.5109175028638859,0.032967085523493644
1-0,1-0,0.459006987223306,0.49548873693049356,0.045504275846200426
0-1,1-0,0.4651377108455969,0.50144648297121,0.03341580618319315
1-0,1-0,0.46091137633162044,0.49508446606525863,0.04400415760312087
0-1,1-0,0.46504549344274143,0.49450928205433525,0.04044522450292331
1-0,1-0,0.4643357465914386,0.5024036365403679,0.03326061686819337
1-0,1-0,0.4470858584161195,0.5192711598379967,0.03364298174588393
1-0,1-0,0.4470389489190051,0.5193131916943555,0.033647859386639375
1-0,1-0,0.46265007927945123,0.5042971377086574,0.03305278301189129
0-1,1-0,0.46557930884374366,0.4944988323095534,0.03992185884670294
1-0,1-0,0.4680554736648441,0.4954224865753741,0.0365220397597819
1-0,1-0,0.46702450178832283,0.4988954791130857,0.034080019098591506
1-0,1-0,0.468186336437713,0.4960623911982532,0.03575127236403379
0-1,1-0,0.4409802509248153,0.5246562733013823,0.034363475773802256
0-1,1-0,0.45375063686966255,0.49676826382716704,0.04948109930317038
1-0,1-0,0.4653862919853844,0.49449958766489127,0.040114120349724246
1-0,1-0,0.4643931163212476,0.4945520555096861,0.04105482816906631
1-0,1-0,0.4681613695675793,0.4957511153259198,0.03608751510650093
1-0,1-0,0.46708156529338296,0.49880582816388114,0.03411260654273586
0-1,1-0,0.4645430984293537,0.5021605278372626,0.03329637373338359
1/2-1/2,1-0,0.4450259512462018,0.4990336239356836,0.05594042481811459
0-1,1-0,0.46496138067196036,0.49451313942833136,0.04052547989970831
1-0,1-0,0.3969702758076373,0.5076829023218814,0.09534682187048134
1-0,1-0,0.46818490046634503,0.4959676499670445,0.03584744956661047
1-0,1-0,0.4577581646287721,0.4957765033193944,0.04646533205183348
0-1,1-0,0.4425260149466921,0.49967339812517014,0.05780058692813783
0-1,1-0,0.4663953481068722,0.49981712770987025,0.03378752418325747
1/2-1/2,1-0,0.45254178744587653,0.5142954982021647,0.03316271435195879
1/2-1/2,1-0,0.4680329394577583,0.4953785757352428,0.036588484806998854
1/2-1/2,1-0,0.45969004009183473,0.49533812913400593,0.04497183077415932
0-1,1-0,0.46388774953252465,0.5029201445354692,0.03319210593200615
1-0,1-0,0.46723927256313563,0.4947416286403207,0.03801909879654372
0-1,1-0,0.45120738888538103,0.5155299838023963,0.03326262731222266
0-1,1-0,0.46682790155574266,0.49461955087604637,0.03855254756821105
0-1,1-0,0.4664515223415449,0.4945534136116734,0.03899506404678167
0-1,1-0,0.4675452416691041,0.49488807465232126,0.03756668367857463
0-1,1-0,0.46041529347420407,0.5066547734709601,0.03292993305483586
1-0,1-0,0.43939314266181884,0.5260309502682087,0.03457590706997261
1-0,1-0,0.4674346852220353,0.4948276116441655,0.03773770313379922
1-0,1-0,0.4493966082515878,0.5171860094222319,0.03341738232618034
0-1,1-0,0.46422529356714526,0.5025320456677503,0.03324266076510427
0-1,1-0,0.46392400642803366,0.4945984029525431,0.04147759061942324
0-1,1-0,0.44745966676187615,0.5189358130536188,0.033604520184505
1-0,1-0,0.4542653533576415,0.512680669956571,0.03305397668578743
1/2-1/2,1-0,0.4618739618673385,0.494902814879844,0.043223223252817515
1-0,1-0,0.46079733940431494,0.4951071609159058,0.044095499679779354
1-0,1-0,0.4355674789939801,0.5013824440157724,0.06305007699024757
0-1,1-0,0.4555575929582445,0.496311617540145,0.048130789501610476
0-1,1-0,0.4681741120934301,0.49626646395903773,0.0355594239475322
1-0,1-0,0.4644339096417383,0.4945485852788856,0.04101750507937617
0-1,1-0,0.4659989910340998,0.4945115192912515,0.03948948967464873
0-1,1-0,0.46816677805416357,0.4957828861481944,0.036050335797642
0-1,1-0,0.4677366886947317,0.4976372079718456,0.03462610333342272
1-0,1-0,0.46387215885655503,0.5029379218434203,0.033189919300024594
0-1,1-0,0.4570189954771612,0.5100431702412556,0.032937834281583304
0-1,1-0,0.46807160963783,0.49545706175335436,0.03647132860881557
1-0,1-0,0.4633709161374164,0.4946662395447461,0.041962844317837575
0-1,1-0,0.4632921480843832,0.5035909238036785,0.0331169281119383
1-0,1-0,0.46811134629916795,0.4966235654839267,0.03526508821690532
0-1,1-0,0.4516558068374067,0.5151165590392591,0.033227634123334134
1-0,1-0,0.46346347877438926,0.5033996469963055,0.03313687422930527
1-0,1-0,0.468174609946602,0.4958390397730478,0.035986350280350195
0-1,1-0,0.45218248158010055,0.5146291699348097,0.03318834848508979
0-1,1-0,0.46172064722333206,0.4949304518144154,0.043348900962252565
1/2-1/2,1-0,0.45986538661460485,0.4953003869726542,0.04483422641274094
0-1,1-0,0.46213888334941905,0.49485636200285565,0.04300475464772533
1/2-1/2,1-0,0.4677763431433259,0.49755260156440817,0.03467105529226597
0-1,1-0,0.4675822815035609,0.4949107425026461,0.03750697599379305
1-0,1-0,0.4549680660708098,0.5120149082352361,0.033017025693954025
0-1,1-0,0.45810810848657674,0.4956944504694157,0.046197441044007644
0-1,1-0,0.4678842890718047,0.4973061448237947,0.03480956610440059
0-1,1-0,0.44359410196439275,0.4994013494748259,0.05700454856078133
1-0,1-0,0.46805491140538424,0.4954213328660017,0.03652375572861406
1-0,1-0,0.46056803435931903,0.5064976214178891,0.03293434422279198
1-0,1-0,0.45846298239140704,0.4956123159842097,0.04592470162438326
1/2-1/2,1-0,0.45620059139588987,0.5108354784060939,0.03296393019801626
1-0,1-0,0.46238528308902965,0.49481474183725,0.0427999750737203
1-0,1-0,0.46302248094494197,0.4947151169308207,0.042262402124237285
0-1,1-0,0.4468242803015106,0.49856787203533176,0.054607847663157634
1-0,1-0,0.44238001807241945,0.523435824855643,0.03418415707193769
1-0,1-0,0.4613851948226575,0.4949927105381795,0.043622094639163
1-0,1-0,0.4653649959304647,0.494499893543667,0.04013511052586838
1-0,1-0,0.4681736025641616,0.49583086394521314,0.03599553349062536
0-1,1-0,0.4681466938942335,0.4964557230485318,0.03539758305723458
0-1,1-0,0.4654939861715849,0.4944987067065256,0.04000730712188945
1-0,1-0,0.4660061888841709,0.4945119327124813,0.039481878403347784
1-0,1-0,0.4666331402578768,0.49948095362032485,0.033885906121798454
1-0,1-0,0.4673592857161241,0.4983481046562533,0.03429260962762257
0-1,1-0,0.46284565269080896,0.5040836921749067,0.033070655134284345
1-0,1-0,0.46650513288103257,0.49456082893690234,0.03893403818206508
0-1,1-0,0.44496400607534226,0.4990495964327272,0.0559863974919305
0-1,1-0,0.46717726177282687,0.4986524218299096,0.03417031639726346
0-1,1-0,0.4679161576134455,0.4972275576784219,0.03485628470813247
0-1,1-0,0.4652576251745599,0.49450206856968215,0.04024030625575793
0-1,1-0,0.4662564242544373,0.4945311233426561,0.03921245240290666
0-1,1-0,0.4604925084723529,0.49516889891786053,0.04433859260978665
0-1,1-0,0.463521799776511,0.49464647350196694,0.04183172672152199
1-0,1-0,0.4505961048675826,0.49758432342657816,0.051819571705839174
0-1,1-0,0.46573986850624666,0.5006913619377703,0.033568769555982994
0-1,1-0,0.46583223952587793,0.5005719532961975,0.033595807177924375
1/2-1/2,1-0,0.4286318110280956,0.5029452348135606,0.068422954158344
1-0,1-0,0.4678016999867839,0.49749701062154345,0.034701289391672725
0-1,1-0,0.46556384608288665,0.5009160579367031,0.03352009598041031
0-1,1-0,0.4396866436992598,0.5003852519668373,0.05992810433390289
1-0,1-0,0.4680059379079458,0.4969847124284368,0.03500934966361743
1-0,1-0,0.42936071559155864,0.5027885766050926,0.06785070780334887
1-0,1-0,0.4487647613355973,0.49806221417355206,0.05317302449085069
1-0,1-0,0.45912431970692097,0.49546248499152684,0.045413195301552176
0-1,1-0,0.4676536258388617,0.49495846631998075,0.03738790784115756
0-1,1-0,0.463309800981518,0.5035712746041825,0.0331189244142995
1-0,1-0,0.4536006094557451,0.5133063887308491,0.03309300181340578
0-1,1-0,0.46786771232966495,0.49514646667173484,0.03698582099860028
0-1,1-0,0.458442068199044,0.4956171247860931,0.04594080701486283
1-0,1-0,0.465593796820133,0.5008780765550541,0.03352812662481298
1-0,1-0,0.46818639485016367,0.4960302568660267,0.035783348283809586
1-0,1-0,0.4681849272416885,0.4961193125340926,0.03569576022421892
0-1,1-0,0.4601554290592319,0.5069210215818046,0.032923549358963564
0-1,1-0,0.464592482138043,0.49453603314620387,0.04087148471575304
0-1,1-0,0.46795842245983227,0.497117805685796,0.034923771854371795
0-1,1-0,0.4464946029322643,0.49865351875720115,0.05485187831053455
1/2-1/2,1-0,0.466610752676117,0.4945772478075644,0.03881199951631864
0-1,1-0,0.4676246916203818,0.4949384217089867,0.037436886670631414
0-1,1-0,0.4681770486887605,0.4962371358814258,0.03558581542981362
1-0,1-0,0.4679096354482651,0.49724390664782514,0.034846457903909625
1-0,1-0,0.4664847781556248,0.4945579434909182,0.038957278353457025
1-0,1-0,0.46777325754952087,0.4975592834125891,0.034667459037890015
0-1,1-0,0.4647406617016008,0.4945257252080005,0.040733613090398704
1-0,1-0,0.46816619831989953,0.4963322539981671,0.03550154768193329
1-0,1-0,0.46781447142846194,0.4950916284772548,0.03709390009428337
0-1,1-0,0.4393782784437496,0.5004614492502663,0.0601602723059841
0-1,1-0,0.4679105892225786,0.49519609734918696,0.0368933134282344
1-0,1-0,0.4385394640549004,0.5006675185517264,0.060793017393373075
0-1,1-0,0.46462002252838447,0.5020696214997069,0.033310355971908644
1/2-1/2,1-0,0.41498646572719317,0.5055062528967467,0.07950728137606018
1-0,1-0,0.46158266424110417,0.4949557720336898,0.04346156372520604
0-1,1-0,0.4666606486637993,0.49944122648367734,0.03389812485252345
0-1,1-0,0.40196579959634465,0.5072254035170959,0.09080879688655966
0-1,1-0,0.46562155248797227,0.5008427889610068,0.033535658551020975
1-0,1-0,0.46533079536951455,0.4945004729203182,0.040168731710167244
1-0,1-0,0.468116909509544,0.49659987796822164,0.03528321252223437
1-0,1-0,0.4641298466769223,0.5026424307488553,0.03322772257422229
0-1,1-0,0.4515414073804898,0.4973382920811856,0.05112030053832464
0-1,1-0,0.46412714912381864,0.49457694047173445,0.041295910404446884
1-0,1-0,0.4671353272086074,0.49872014180499585,0.034144530986396714
1-0,1-0,0.4309378925192673,0.5024432856094507,0.0666188218712819
1-0,1-0,0.4665817658115577,0.494572492740732,0.0388457414477103
1-0,1-0,0.4636926790953476,0.5031416887082206,0.033165632196431774
0-1,1-0,0.46798974730787746,0.495305248311358,0.036705004380764406
1-0,1-0,0.4568642784349235,0.5101935584746823,0.03294216309039414
1-0,1-0,0.466391546462117,0.4998224051090655,0.033786048428817446
0-1,1-0,0.4662100747645362,0.49452682312620777,0.039263102109256015
1/2-1/2,1-0,0.4633168055816554,0.49467354147061926,0.04200965294772537
0-1,1-0,0.46812965704735243,0.4956158360587248,0.03625450689392272
0-1,1-0,0.46452117241748747,0.5021863663715669,0.033292461210945735
1-0,1-0,0.46674611328062376,0.49460215329639523,0.038651733422981
1-0,1-0,0.4597328238158588,0.4953288833725429,0.04493829281159834
1-0,1-0,0.4660173269465834,0.5003292789073825,0.033653394146034105
1-0,1-0,0.46775844079262313,0.49504042932169134,0.0372011298856855
1-0,1-0,0.4681792790273501,0.4962118282246749,0.035608892747974935
1-0,1-0,0.4674717643686769,0.4981498489018039,0.034378386729519234
0-1,1-0,0.4523261760685135,0.5144958428749807,0.03317798105650582
1-0,1-0,0.4670785214150717,0.4988106431812609,0.03411083540366732
1/2-1/2,1-0,0.4635378769066872,0.5033161813270628,0.033145941766250124
1-0,1-0,0.46794256752394436,0.49523704246649036,0.036820390009565294
1-0,1-0,0.4623328831943,0.4948234588222038,0.0428436579834962
1-0,1-0,0.4675370728324974,0.49488325120989746,0.037579675957605134
1-0,1-0,0.4633974905440231,0.4946626940863682,0.04193981536960863
0-1,1-0,0.464643502802912,0.5020417926195999,0.03331470457748805
1-0,1-0,0.442259490475737,0.5235412197038135,0.034199289820449515
0-1,1-0,0.46244147313746187,0.5045233231000342,0.033035203762503844
1/2-1/2,1-0,0.46693189747863517,0.4990383675884684,0.034029734932896356
0-1,1-0,0.46346323072242385,0.5033999248615167,0.03313684441605948
1-0,1-0,0.4653900790541685,0.49449953773248206,0.04011038321334942
0-1,1-0,0.46783018725253517,0.4974329979983728,0.03473681474909206
0-1,1-0,0.46559890309268037,0.4944989684240519,0.03990212848326775
1-0,1-0,0.46704858562250484,0.49885779826242865,0.03409361611506657
1-0,1-0,0.46797002393425974,0.49527545380390314,0.03675452226183704
0-1,1-0,0.466780207062003,0.49460917725133263,0.038610615686664414
1-0,1-0,0.4670125506717404,0.49466639472470586,0.03832105460355373
1-0,1-0,0.466466976538853,0.4945554905518906,0.03897753290925642
1-0,1-0,0.4614272805784239,0.4949847706114531,0.04358794881012302
1-0,1-0,0.46814285719571924,0.4956648560589161,0.03619228674536465
0-1,1-0,0.46735145887925605,0.4947881257617755,0.03786041535896854
0-1,1-0,0.46395558033673423,0.5028426527145308,0.03320176694873513
1-0,1-0,0.46581350329251386,0.49450326367807895,0.03968323302940717
1-0,1-0,0.46817906884464944,0.49588073158079843,0.03594019957455221
1-0,1-0,0.4573023121763977,0.5097670145298152,0.03293067329378703
1-0,1-0,0.4681796906000235,0.4962067681819649,0.03561354121801156
1-0,1-0,0.4343060359015906,0.5016781821293305,0.06401578196907896
0-1,1-0,0.4680704676623867,0.49545451559236403,0.0364750167452493
1-0,1-0,0.4677946226205989,0.4975126520704945,0.0346927253089066
1/2-1/2,1-0,0.46738996759689394,0.49829489992690607,0.03431513247620005
0-1,1-0,0.43695008206233815,0.5010529129366298,0.061997005001032085
1-0,1-0,0.415671902787153,0.5456559629551402,0.03867213425770685
1-0,1-0,0.46777915370771195,0.49505866627651396,0.037162180015774086
0-1,1-0,0.46531424927063836,0.5012288859847918,0.03345686474456991
0-1,1-0,0.4667366987404622,0.4993303889734323,0.03393291228610545
0-1,1-0,0.4554886017719795,0.511518699515506,0.03299269871251453
0-1,1-0,0.4641494873448256,0.5026197589435313,0.03323075371164308
1-0,1-0,0.45813741390748225,0.49568762555757134,0.046174960534946366
1-0,1-0,0.4599745176911582,0.49527710321931295,0.04474837908952878
1-0,1-0,0.46518477124472135,0.5013887548149194,0.03342647394035914
1-0,1-0,0.4435379892494969,0.5224201816156234,0.03404182913487986
0-1,1-0,0.46037581343063594,0.5066953132188541,0.032928873350509945
1-0,1-0,0.462548434435029,0.49478808496766225,0.04266348059730876
0-1,1-0,0.4668872259874046,0.49910623577560936,0.03400653823698597
0-1,1-0,0.4644786971197593,0.4945448869802759,0.04097641589996483
1-0,1-0,0.46055171385212734,0.4951567896960162,0.04429149645185657
0-1,1-0,0.4670677169277651,0.4988277039818609,0.03410457909037389
1-0,1-0,0.4678859401939626,0.49516690001100383,0.036947159795033546
1-0,1-0,0.45585066703724453,0.49623877495697705,0.04791055800577848
0-1,1-0,0.4675811758341506,0.4979473091672429,0.034471514998606505
1-0,1-0,0.467296027853486,0.4947642641878368,0.03793970795867715
1-0,1-0,0.46667922145124,0.49941429664365916,0.033906481905100844
1-0,1-0,0.4660001890944408,0.49451158760006475,0.03948822330549434
0-1,1-0,0.4669284316834282,0.49904365680220947,0.034027911514362394
1-0,1-0,0.4534351371875971,0.4968490548340144,0.04971580797838849
1-0,1-0,0.46340643605672466,0.49466150669371245,0.041932057249562955
1-0,1-0,0.4556286345158801,0.4962939235957871,0.04807744188833269
1-0,1-0,0.40667893630057217,0.5066895077777034,0.08663155592172456
0-1,1-0,0.45033259092652067,0.4976530267814744,0.05201438229200492
0-1,1-0,0.4618466827088765,0.5051605333345054,0.032992783956618074
1-0,1-0,0.4401559933013339,0.5253713810163428,0.03447262568232312
1-0,1-0,0.4514900184168971,0.4973516449505745,0.05115833663252839
0-1,1-0,0.45928522798631355,0.4954267316628225,0.045288040350864096
1-0,1-0,0.42953806878922374,0.5343772999129598,0.0360846312978166
0-1,1-0,0.4610208759919185,0.5060286653372333,0.03295045867084821
1-0,1-0,0.4439101579494536,0.5220925508006294,0.03399729124991704
0-1,1-0,0.4451297525394044,0.4990068470174138,0.055863400443181825
1-0,1-0,0.4639526855977438,0.4945952517153248,0.041452062686931496
0-1,1-0,0.46143020845760224,0.5056005749442487,0.03296921659814899
1-0,1-0,0.4594135979412933,0.49539842131256895,0.04518798074613782
1-0,1-0,0.4261212438084794,0.5034702348184498,0.07040852137307077
1-0,1-0,0.44815189591739346,0.4982221250519319,0.05362597903067472
0-1,1-0,0.46106393518294075,0.4950544647373456,0.043881600079713735
1-0,1-0,0.43955406715453516,0.5004180402759545,0.06002789256951036
0-1,1-0,0.4681772525450154,0.4958624593940997,0.03596028806088496
1-0,1-0,0.4647571481773695,0.4945246676102231,0.04071818421240731
1-0,1-0,0.45833365116393826,0.49564211799528823,0.04602423084077347
0-1,1-0,0.46652481759831405,0.4996356350908977,0.033839547310788344
0-1,1-0,0.4189220106520014,0.5430565620614793,0.0380214272865192
0-1,1-0,0.46266855438620147,0.5042770330725592,0.033054412541239336
0-1,1-0,0.467770119321781,0.497566061515059,0.034663819163159984
1-0,1-0,0.46320171127926346,0.49468943312407115,0.042108855596665454
0-1,1-0,0.46204360472083233,0.5049507657144185,0.03300562956474905
0-1,1-0,0.4642201290761364,0.5025380319610142,0.03324183896284949
1-0,1-0,0.46740676891426236,0.4982654985861958,0.03432773249954193
1-0,1-0,0.459290256005657,0.49542561918951383,0.045284124804829316
1-0,1-0,0.4628919894677475,0.5040329153323558,0.03307509519989671
1-0,1-0,0.45508981932156,0.49642867364883375,0.048481507029606324
1-0,1-0,0.46368799308058817,0.5031469875066229,0.03316501941278897
1-0,1-0,0.45222005917859087,0.4971622668869405,0.05061767393446866
1-0,1-0,0.46812375429424957,0.49559609762161166,0.03628014808413871
0-1,1-0,0.46008464059420134,0.49525377359715683,0.044661585808641754
0-1,1-0,0.4671853860120573,0.4986392078168346,0.03417540617110814
0-1,1-0,0.46605755778210717,0.5002758846683105,0.03366655754958224
0-1,1-0,0.4681099182060733,0.49555382701486445,0.036336254779062306
1-0,1-0,0.4547880697523795,0.4965046540919499,0.04870727615567054
1-0,1-0,0.45409378689665497,0.49668069903867607,0.049225514064668935
0-1,1-0,0.4681764885216734,0.4962430304839966,0.035580480994330116
0-1,1-0,0.4487080034580538,0.5178104995124277,0.03348149702951856
1/2-1/2,1-0,0.46348087527874055,0.5033801527118476,0.0331389720094118
0-1,1-0,0.4664554015098213,0.4997333780523028,0.033811220437875975
0-1,1-0,0.4454981665937102,0.49891169374745953,0.055590139658830154
1-0,1-0,0.46299347926068396,0.5039214162280389,0.033085104511277205
1/2-1/2,1-0,0.46645098216239145,0.4945533418894953,0.03899567594811328
1-0,1-0,0.46116497786964655,0.5058784331824552,0.03295658894789826
1-0,1-0,0.4679989402341591,0.49531985379272553,0.036681205973115395
0-1,1-0,0.46596884838359526,0.4945098663050225,0.03952128531138225
1-0,1-0,0.4674107541253613,0.498258496101078,0.03433074977356075
1-0,1-0,0.46768849458361406,0.4949840013437303,0.0373275040726557
0-1,1-0,0.45677447029570745,0.5102807214404839,0.03294480826380873
0-1,1-0,0.46795600299888757,0.4952554263433683,0.03678857065774418
0-1,1-0,0.4663004084675338,0.49994809183505184,0.03375149969741437
0-1,1-0,0.4618470730687586,0.49490762312837666,0.04324530380286479
1-0,1-0,0.46648679605390025,0.4945582256758696,0.03895497827023005
0-1,1-0,0.4562229002773838,0.5108139826741099,0.032963117048506234
0-1,1-0,0.44722746439068456,0.4984630005918494,0.05430953501746609
0-1,1-0,0.467959487859446,0.4952603207601435,0.03678019138041047
0-1,1-0,0.4583004951104194,0.49564978283623323,0.04604972205334737
0-1,1-0,0.4681053804712902,0.49554098564242655,0.036353633886283286
1-0,1-0,0.4611950071157525,0.4950290301848101,0.04377596269943743
1-0,1-0,0.46648834361140173,0.49968712176935065,0.03382453461924753
0-1,1-0,0.4632928592231961,0.4946768078617979,0.04203033291500609
1-0,1-0,0.4529878619584904,0.5138798795957554,0.03313225844575409
0-1,1-0,0.46551331335131463,0.5009799165507949,0.03350677009789043
0-1,1-0,0.440805777579332,0.5248078581074067,0.034386364313261295
0-1,1-0,0.4597389165075183,0.49532756862757243,0.044933514864909235
0-1,1-0,0.4663869467144272,0.4945452481963044,0.03906780508926838
1-0,1-0,0.46412072062993015,0.49457758830745224,0.04130169106261754
0-1,1-0,0.4641183748675992,0.4945778252271925,0.04130379990520826
