y_true,y_pred,prob_1-0,prob_0-1,prob_1/2-1/2
1-0,1-0,0.0,0.4639287218307844,0.5021365143126592
1-0,1-0,0.0,0.45907562210221947,0.5076851288753177
1-0,1-0,0.0,0.4567377071727959,0.49875100035959186
1-0,1-0,0.0,0.4598086452155945,0.49765402246932716
1/2-1/2,1-0,0.0,0.40726503063516295,0.5181671620226317
1-0,1-0,0.0,0.46559174706656925,0.49978850429964783
0-1,1-0,0.0,0.4664778279683076,0.4973722829531984
1-0,1-0,0.0,0.45734660844595804,0.509500720483935
1-0,1-0,0.0,0.46647534848440125,0.49735100966080587
0-1,1-0,0.0,0.44828497750096274,0.5021326059459286
0-1,1-0,0.0,0.4571300383198014,0.49860427025387266
0-1,1-0,0.0,0.4661020719186079,0.4967238054098851
1-0,1-0,0.0,0.46613648060702156,0.49878133725042106
1/2-1/2,1-0,0.0,0.461753533607585,0.49705141834881555
0-1,1-0,0.0,0.46285945192107664,0.49676601521936276
0-1,1-0,0.0,0.46612956877917383,0.4967431812908615
0-1,1-0,0.0,0.45884012145873454,0.4979854254383976
0-1,1-0,0.0,0.4645454845425002,0.4964848115561989
1-0,1-0,0.0,0.44905179628714065,0.5018160068684678
1-0,1-0,0.0,0.4645989962950846,0.5012539069213342
0-1,1-0,0.0,0.45786164724876605,0.49833503323073763
0-1,1-0,0.0,0.45787776752279674,0.49832917075711664
0-1,1-0,0.0,0.4664407063926392,0.4971838362343944
0-1,1-0,0.0,0.46617155948667893,0.4967757738043832
0-1,1-0,0.0,0.4649606935289888,0.4964676016674528
0-1,1-0,0.0,0.4587750077102313,0.49800826770449735
1-0,1-0,0.0,0.46167990473579235,0.4970722164487124
0-1,1-0,0.0,0.4644277001206067,0.4964948923695981
0-1,1-0,0.0,0.46321516618669334,0.4966874793170495
1-0,1-0,0.0,0.45204690825293237,0.5005917440158053
1-0,1-0,0.0,0.45623615831554076,0.49894069723903006
1-0,1-0,0.0,0.45994237967593793,0.49760962407222675
1-0,1-0,0.0,0.4579144953999092,0.508909877709377
0-1,1-0,0.0,0.4646041866909445,0.5012468304369544
0-1,1-0,0.0,0.457671942149469,0.4984042591752562
0-1,1-0,0.0,0.4664630030889524,0.49778589746704055
0-1,1-0,0.0,0.46591905613294265,0.49921794921321055
1-0,1-0,0.0,0.4554612529914375,0.5114309033601678
1-0,1-0,0.0,0.46460128078636675,0.5012507928282799
0-1,1-0,0.0,0.44804464204066236,0.5187119725387781
0-1,1-0,0.0,0.45117916210005254,0.5009439177517276
1-0,1-0,0.0,0.44162461505158784,0.504901575904859
0-1,1-0,0.0,0.45959112461907575,0.49772698977695967
0-1,1-0,0.0,0.4460921834853484,0.5030420554692661
0-1,1-0,0.0,0.46470963930925774,0.4964743172062019
1-0,1-0,0.0,0.45620013754289,0.49895440670159996
1-0,1-0,0.0,0.4654366454358711,0.5000374897676454
1-0,1-0,0.0,0.4639452999862374,0.496554590163548
0-1,1-0,0.0,0.4582962158661091,0.5085098591311931
1-0,1-0,0.0,0.45629199191674924,0.49891946899631107
1-0,1-0,0.0,0.45261336177515493,0.5142751248790328
0-1,1-0,0.0,0.46307521757617637,0.4967174514105928
0-1,1-0,0.0,0.4482901146347834,0.5021304819057113
1-0,1-0,0.0,0.46590539366541717,0.4992434266080969
0-1,1-0,0.0,0.46502892944629326,0.49646803978661314
1-0,1-0,0.0,0.4491381812110758,0.5017804030394116
1/2-1/2,1-0,0.0,0.4664112590702298,0.4980345406549544
1-0,1-0,0.0,0.4664584283765887,0.49781435344846203
0-1,1-0,0.0,0.4591034002318487,0.4978937448200341
1-0,1-0,0.0,0.4656415039561726,0.4997062063346838
0-1,1-0,0.0,0.4661820623715757,0.4967845647369322
0-1,1-0,0.0,0.45892531839440304,0.4979556369677668
0-1,1-0,0.0,0.46412712738236805,0.49652894531476766
0-1,1-0,0.0,0.4641770655340568,0.4965225299321313
0-1,1-0,0.0,0.4641929618747011,0.4965205477190036
1-0,1-0,0.0,0.46333706584893475,0.502876207025263
0-1,1-0,0.0,0.453412499904793,0.5000432152329507
1-0,1-0,0.0,0.43652935325774295,0.5070107847687211
1-0,1-0,0.0,0.4656712402669708,0.4996563827939681
1-0,1-0,0.0,0.4664453370457424,0.4971999026274439
1-0,1-0,0.0,0.46161971751163366,0.50489508618182
1-0,1-0,0.0,0.46175782369563195,0.4970502125132654
0-1,1-0,0.0,0.45923184348374907,0.49784942805098475
1-0,1-0,0.0,0.46575470423567666,0.49951371022354624
0-1,1-0,0.0,0.46143217090025557,0.5051073462354454
1-0,1-0,0.0,0.454016457977884,0.49980332061376476
1-0,1-0,0.0,0.46171857525263665,0.49706126897764097
0-1,1-0,0.0,0.4612820503887951,0.4971877844463495
0-1,1-0,0.0,0.4465554365785568,0.5028495446047275
1-0,1-0,0.0,0.46597435479861404,0.49911284864629885
1-0,1-0,0.0,0.4663662835723384,0.4970069307987494
0-1,1-0,0.0,0.4610841962905936,0.49724711309597447
0-1,1-0,0.0,0.46541127777649355,0.49649354888243424
1-0,1-0,0.0,0.4578811582040088,0.4983279380710504
0-1,1-0,0.0,0.4614027413474817,0.49715218076814416
0-1,1-0,0.0,0.46480408580122384,0.50097077641175
0-1,1-0,0.0,0.4657807864451008,0.4994681890893417
0-1,1-0,0.0,0.4600348232541891,0.4975791482660433
1-0,1-0,0.0,0.4632000205524561,0.5030435325289994
0-1,1-0,0.0,0.46386588365799547,0.49656684409022334
1-0,1-0,0.0,0.4601082090339486,0.4975550835441849
1-0,1-0,0.0,0.44048897617283206,0.5053735436904214
1-0,1-0,0.0,0.46637293558696596,0.4970189934601604
1-0,1-0,0.0,0.4542987527215873,0.4996918532397805
0-1,1-0,0.0,0.4584903704659141,0.5083054504164309
1-0,1-0,0.0,0.44433355379798123,0.5037738797685694
0-1,1-0,0.0,0.46648350112712555,0.4974452509900934
0-1,1-0,0.0,0.4643910229141757,0.49649843120364706
0-1,1-0,0.0,0.45641927342660205,0.49887117722386154
1-0,1-0,0.0,0.4503617362745406,0.5012777321953035
0-1,1-0,0.0,0.4662035601862507,0.4968034552485415
0-1,1-0,0.0,0.4593688294478457,0.4978024740360383
0-1,1-0,0.0,0.45946704553000306,0.497769012344611
0-1,1-0,0.0,0.46645165497924423,0.4972237424411262
0-1,1-0,0.0,0.4642590990226172,0.4965126208826172
1-0,1-0,0.0,0.4625448415780791,0.4968414517060967
0-1,1-0,0.0,0.46535540866386615,0.4964869712899252
1-0,1-0,0.0,0.4664495270881591,0.49786418005106536
0-1,1-0,0.0,0.4651261652584472,0.5005090495063766
0-1,1-0,0.0,0.46233051641057304,0.4968956640588997
0-1,1-0,0.0,0.4582044767371087,0.4982110607177028
0-1,1-0,0.0,0.46630562786689467,0.496914583821572
1-0,1-0,0.0,0.4664843383908763,0.49746530782424986
0-1,1-0,0.0,0.4602649183873964,0.4975040871250862
1-0,1-0,0.0,0.45344803151675084,0.5000290515752907
0-1,1-0,0.0,0.4392606779342885,0.5058830276785813
1-0,1-0,0.0,0.4659229481044497,0.4966257225606327
1-0,1-0,0.0,0.4590458196251598,0.4979137007684665
0-1,1-0,0.0,0.4627079315925281,0.5036341430318585
1-0,1-0,0.0,0.46647330403325815,0.4977098300845035
1-0,1-0,0.0,0.4606343401952653,0.5059969871431134
1-0,1-0,0.0,0.4658196525581904,0.4965852768217057
0-1,1-0,0.0,0.4664815314557883,0.49741320679512985
0-1,1-0,0.0,0.4659407287140956,0.4991771492271831
1-0,1-0,0.0,0.4624807633030128,0.49685743279869177
1/2-1/2,1-0,0.0,0.4464492887045301,0.5028936418666362
0-1,1-0,0.0,0.46639335250025554,0.49810100340044355
1-0,1-0,0.0,0.4663458299376355,0.49825613048686296
1-0,1-0,0.0,0.44910866454432646,0.5017925669069682
0-1,1-0,0.0,0.46518106526111164,0.49647310122155475
0-1,1-0,0.0,0.45845290465829186,0.4981221918850018
0-1,1-0,0.0,0.4656420992910126,0.4965343906227013
1-0,1-0,0.0,0.4444029267798111,0.5037449935512297
0-1,1-0,0.0,0.4600568928201421,0.5066292238589037
1-0,1-0,0.0,0.4578712828541887,0.5089550119180348
0-1,1-0,0.0,0.46319738973394176,0.49669121615711576
0-1,1-0,0.0,0.4661865636397204,0.4967884178331673
1-0,1-0,0.0,0.46465958088088477,0.49647705034069944
0-1,1-0,0.0,0.46183387126635844,0.497028949039555
1-0,1-0,0.0,0.4660770615128882,0.49890763128394133
0-1,1-0,0.0,0.4612782081386596,0.5052806498723014
1-0,1-0,0.0,0.46093452418764025,0.5056646278608797
0-1,1-0,0.0,0.4468126293790664,0.502742736338278
0-1,1-0,0.0,0.46410253494112114,0.49653220748523963
1-0,1-0,0.0,0.4602315077576826,0.4975149140252324
1-0,1-0,0.0,0.4659814995513404,0.4966532609835966
0-1,1-0,0.0,0.45380779619890094,0.49988599117920834
0-1,1-0,0.0,0.43034655116209164,0.509525481947847
1-0,1-0,0.0,0.45979942503246796,0.4976570967019854
0-1,1-0,0.0,0.4590098713866893,0.507755145972785
1-0,1-0,0.0,0.4646198018029847,0.4964795205357739
1-0,1-0,0.0,0.46419532039294326,0.49652025612476386
1-0,1-0,0.0,0.4629367448524868,0.49674830413128923
1-0,1-0,0.0,0.4608900970629828,0.4973064146752902
1-0,1-0,0.0,0.46086423827191014,0.49731439369728125
0-1,1-0,0.0,0.45373320858883787,0.49991559751064496
1-0,1-0,0.0,0.4655008349811243,0.4999357308585661
0-1,1-0,0.0,0.4653070588512448,0.4964821603478405
0-1,1-0,0.0,0.4612324345819101,0.4972025520977464
0-1,1-0,0.0,0.4657933975494786,0.49944600527165345
0-1,1-0,0.0,0.46219672108974974,0.49693056488952514
1-0,1-0,0.0,0.45845765864882676,0.4981204995634131
0-1,1-0,0.0,0.46414347569463327,0.49652681400311005
0-1,1-0,0.0,0.4418444203400815,0.5048101468005995
1-0,1-0,0.0,0.4573534239880233,0.5094936580676439
1-0,1-0,0.0,0.45919158884067274,0.4978632872747956
1-0,1-0,0.0,0.4502802055399345,0.5013111231911078
1-0,1-0,0.0,0.46115047042384927,0.49722711061959096
0-1,1-0,0.0,0.4416390832953775,0.5048955584435254
0-1,1-0,0.0,0.4284007637450459,0.5103030232735244
0-1,1-0,0.0,0.46090180834251143,0.5057009823061721
1-0,1-0,0.0,0.46477268934807237,0.49647149688866066
0-1,1-0,0.0,0.46124898033605893,0.49719761907508436
0-1,1-0,0.0,0.45254659517820767,0.5003901438989184
1-0,1-0,0.0,0.46314565116257694,0.49670220993940034
1-0,1-0,0.0,0.46321631015567594,0.4966872395562955
1-0,1-0,0.0,0.4582571739751004,0.49819213961461684
1-0,1-0,0.0,0.4259750089251329,0.5112615579239379
0-1,1-0,0.0,0.4628609033915462,0.49676567949815215
0-1,1-0,0.0,0.46252217842210575,0.49684708115783094
0-1,1-0,0.0,0.4663900613213679,0.497052492218733
0-1,1-0,0.0,0.4664195792009597,0.49712122773723844
0-1,1-0,0.0,0.46576195466914727,0.4965664537947164
0-1,1-0,0.0,0.4640973291932861,0.5019196695745072
0-1,1-0,0.0,0.46648255340575606,0.4976038938992211
1-0,1-0,0.0,0.4661378258803574,0.4967492888101459
1-0,1-0,0.0,0.4664539937926058,0.4978399537462919
1/2-1/2,1-0,0.0,0.45325986670139257,0.5136357488361307
1-0,1-0,0.0,0.462084384551727,0.49696045919655074
0-1,1-0,0.0,0.46648361209189326,0.49744754612186776
0-1,1-0,0.0,0.4624419640393324,0.5039475122279733
0-1,1-0,0.0,0.4658894953824457,0.4966115767052664
1-0,1-0,0.0,0.4630615600487559,0.4967204427746024
0-1,1-0,0.0,0.447876467406377,0.5023016294687936
0-1,1-0,0.0,0.46383938943201347,0.4965710662611231
0-1,1-0,0.0,0.46361227803347604,0.5025358832996711
1-0,1-0,0.0,0.45929993758200083,0.49782604706353784
0-1,1-0,0.0,0.4551328492227039,0.49936526953962446
0-1,1-0,0.0,0.4615608038519869,0.49710626137892067
1-0,1-0,0.0,0.46576530504332464,0.49656748142396845
0-1,1-0,0.0,0.45988660890693506,0.4976280953700599
1-0,1-0,0.0,0.45817329746945407,0.49822227308633277
0-1,1-0,0.0,0.46485241284317985,0.49646898250515675
0-1,1-0,0.0,0.46517023812308445,0.4964725398339378
0-1,1-0,0.0,0.4585498208037538,0.4980877550557464
1-0,1-0,0.0,0.4654345158628638,0.5000408370703047
0-1,1-0,0.0,0.45803539056057985,0.508783447059527
1-0,1-0,0.0,0.4472155014902065,0.5025755494011789
0-1,1-0,0.0,0.4664034066358088,0.4970815326445601
1-0,1-0,0.0,0.46557077227885163,0.4965191492663608
0-1,1-0,0.0,0.46626832159095877,0.49847106048576595
1-0,1-0,0.0,0.4605597008369017,0.49740967961263505
1-0,1-0,0.0,0.46643230148167114,0.4971570948184304
0-1,1-0,0.0,0.45418564051009713,0.4997364636329637
1-0,1-0,0.0,0.4496959101089565,0.5015508763415237
0-1,1-0,0.0,0.44059002680590065,0.5053315790738788
0-1,1-0,0.0,0.43971588464961264,0.505694352659724
1-0,1-0,0.0,0.45770684659694927,0.4983914898751488
1-0,1-0,0.0,0.46153310835374084,0.49711424756659267
1-0,1-0,0.0,0.45083450874174014,0.5160183007981604
0-1,1-0,0.0,0.465213577622571,0.5003793335264525
0-1,1-0,0.0,0.4664404660356376,0.4971830305076677
1-0,1-0,0.0,0.4585712872506814,0.49808014564296993
1-0,1-0,0.0,0.4608087832098008,0.5058041743858565
0-1,1-0,0.0,0.4586580885562813,0.4980494447023572
1-0,1-0,0.0,0.4555252505292625,0.4992132152542706
1-0,1-0,0.0,0.4663225921631926,0.4969377412494876
0-1,1-0,0.0,0.4174144602780869,0.5145358972608945
0-1,1-0,0.0,0.4640857200405934,0.49653447625993874
0-1,1-0,0.0,0.4457303611374048,0.5031925131545734
1-0,1-0,0.0,0.46190927123645925,0.49700807913431194
1-0,1-0,0.0,0.46398692792858354,0.5020619982688341
1-0,1-0,0.0,0.45596489906942667,0.5109195448586483
1/2-1/2,1-0,0.0,0.45152240289876827,0.5008043209685933
1-0,1-0,0.0,0.46459693526785084,0.496481056330185
1/2-1/2,1-0,0.0,0.46622349110180084,0.4985824304663006
1-0,1-0,0.0,0.45744792762620534,0.49848654669258763
1-0,1-0,0.0,0.44964905474586125,0.5015701350661665
0-1,1-0,0.0,0.4634344677818602,0.4966431642296769
1-0,1-0,0.0,0.46367534504139934,0.5024570191043938
0-1,1-0,0.0,0.4622056172712432,0.4969282201750387
0-1,1-0,0.0,0.46303725246527044,0.4967257951763078
1-0,1-0,0.0,0.46510504812133907,0.4964698298647091
0-1,1-0,0.0,0.453933515964518,0.4998361541513352
1-0,1-0,0.0,0.4518558542440109,0.5006690675974278
0-1,1-0,0.0,0.4611013008254971,0.4972419384583251
0-1,1-0,0.0,0.448911561122287,0.5018738335963968
1-0,1-0,0.0,0.4654059730001336,0.49649287526497365
1-0,1-0,0.0,0.45237705764132025,0.5004584377276062
0-1,1-0,0.0,0.4260410343370263,0.5112356344649651
0-1,1-0,0.0,0.4258499913469818,0.5113106172213677
1-0,1-0,0.0,0.46297516441501047,0.5033152827458992
1-0,1-0,0.0,0.4599040177937831,0.5067951687856548
1-0,1-0,0.0,0.4603864388787245,0.4974649217315442
0-1,1-0,0.0,0.46289419554111166,0.5034123443458957
0-1,1-0,0.0,0.4664669134272358,0.4972951897615855
0-1,1-0,0.0,0.4624208080389361,0.4968725632130718
1-0,1-0,0.0,0.4663388046650151,0.4982771885161774
1-0,1-0,0.0,0.46584476366377675,0.4965942607661647
0-1,1-0,0.0,0.42684827237123035,0.5109179248808555
1-0,1-0,0.0,0.455426479465183,0.4992513854961105
1-0,1-0,0.0,0.4655442818893214,0.49986585117440735
1-0,1-0,0.0,0.4299899189439779,0.5096685427645943
1-0,1-0,0.0,0.46648443168809917,0.49756131330948394
0-1,1-0,0.0,0.4651870451646395,0.500418933791719
0-1,1-0,0.0,0.46600325471853155,0.4990565348351768
0-1,1-0,0.0,0.46184815370996074,0.4970249793913333
1-0,1-0,0.0,0.44201596943466537,0.5047387756421662
0-1,1-0,0.0,0.45617577866129444,0.49896368390818296
1/2-1/2,1-0,0.0,0.46570309008825983,0.49654961066646913
1-0,1-0,0.0,0.46269322733181756,0.4968052263633661
0-1,1-0,0.0,0.46156430442117136,0.49710525380616555
0-1,1-0,0.0,0.46403526592781436,0.5019998445610369
1-0,1-0,0.0,0.4664755502418704,0.49768956983053037
0-1,1-0,0.0,0.4629936000551651,0.4967354973142354
1-0,1-0,0.0,0.46302832663626153,0.49672776965558774
1-0,1-0,0.0,0.4611675565058393,0.49722197468314033
1-0,1-0,0.0,0.45892746564455356,0.4979548876674262
1-0,1-0,0.0,0.46516772247482036,0.49647241404658043
1-0,1-0,0.0,0.4609012687200885,0.4973029731420985
1-0,1-0,0.0,0.45352431000264626,0.4999986658983109
1-0,1-0,0.0,0.458507763601617,0.4981026826578334
1-0,1-0,0.0,0.4664027631483606,0.49708006324449927
1-0,1-0,0.0,0.4664808132997117,0.4974039539545955
0-1,1-0,0.0,0.4463400096348102,0.5203375984344139
0-1,1-0,0.0,0.4656126836140872,0.4997540329224982
0-1,1-0,0.0,0.46540430071973815,0.5000881404208587
1-0,1-0,0.0,0.4499854293931996,0.5168428985418115
0-1,1-0,0.0,0.46648442474652374,0.49756153755628435
0-1,1-0,0.0,0.46648457879537014,0.49755629073708585
0-1,1-0,0.0,0.4554048924500909,0.5114879512642659
0-1,1-0,0.0,0.45973920710688415,0.49767721602668563
1-0,1-0,0.0,0.46463724391798356,0.49647840555941497
0-1,1-0,0.0,0.4565284784678718,0.4988298585036888
0-1,1-0,0.0,0.4645656459808512,0.5012992729548025
1-0,1-0,0.0,0.465985413397694,0.4966552396617167
1-0,1-0,0.0,0.4663845092990173,0.49704121265907697
0-1,1-0,0.0,0.46463800050494136,0.4964783583141606
0-1,1-0,0.0,0.4616699643833233,0.49707503906398515
1-0,1-0,0.0,0.4643785850027248,0.4964996725919249
0-1,1-0,0.0,0.4535079223782551,0.5000051915583578
1/2-1/2,1-0,0.0,0.45248566859957207,0.5004146736119846
1-0,1-0,0.0,0.4660890911464381,0.49671514000962064
0-1,1-0,0.0,0.4479699251857882,0.5022629408898969
1/2-1/2,1-0,0.0,0.46348238861237195,0.5026972526565254
0-1,1-0,0.0,0.4644177434345254,0.5014984135109766
0-1,1-0,0.0,0.46648316488326524,0.497438742965815
1-0,1-0,0.0,0.45169129145114273,0.5007357707318038
1-0,1-0,0.0,0.46524741513309337,0.5003285289260557
1-0,1-0,0.0,0.4049357962310453,0.5189582232486909
0-1,1-0,0.0,0.46646057663978496,0.49780128323435874
0-1,1-0,0.0,0.4646198815319629,0.49647951532720486
1-0,1-0,0.0,0.4624960616171332,0.5038840748530666
0-1,1-0,0.0,0.4642538658601896,0.4965132289536281
0-1,1-0,0.0,0.4636456897616175,0.5024941454398121
0-1,1-0,0.0,0.46630862763773995,0.49836364767615504
0-1,1-0,0.0,0.46635668541419084,0.4982227798617155
0-1,1-0,0.0,0.46510514850138723,0.49646983317919724
0-1,1-0,0.0,0.46510972792294863,0.5005332085055535
0-1,1-0,0.0,0.46599299158923657,0.499076650431284
0-1,1-0,0.0,0.4532082333098895,0.5001247557708048
1-0,1-0,0.0,0.4656585000719906,0.4996777900932584
0-1,1-0,0.0,0.4561262007812769,0.51075515545854
1-0,1-0,0.0,0.45947954407062785,0.4977647666042305
1-0,1-0,0.0,0.465427475931094,0.49649567168456676
1-0,1-0,0.0,0.4634131595641853,0.4966473198535752
0-1,1-0,0.0,0.4565123132385672,0.4988359679812651
1/2-1/2,1-0,0.0,0.46366648959548296,0.5024681135604289
1-0,1-0,0.0,0.4655130473667242,0.4999161736504042
0-1,1-0,0.0,0.45286820045795606,0.5002609119716108
0-1,1-0,0.0,0.46155713183800584,0.49710731874393366
1-0,1-0,0.0,0.45197697580383367,0.5006200322181091
1-0,1-0,0.0,0.45494337704290067,0.49943906907018715
1-0,1-0,0.0,0.46561630443697677,0.4997480484499882
0-1,1-0,0.0,0.4251638571887345,0.5115792546128455
1-0,1-0,0.0,0.453384873784502,0.5000542317579411
1-0,1-0,0.0,0.45740322525862914,0.509442032378889
1/2-1/2,1-0,0.0,0.46324008791954047,0.49668227580100804
0-1,1-0,0.0,0.4619591163336496,0.5045075045305155
1-0,1-0,0.0,0.4663914851210345,0.49705545588964967
1-0,1-0,0.0,0.4379426529976524,0.528177228133146
0-1,1-0,0.0,0.46392860303882255,0.5021366660346869
0-1,1-0,0.0,0.4457776983463819,0.5031728245184361
1-0,1-0,0.0,0.4607188062451606,0.4973595998193543
0-1,1-0,0.0,0.4419379136670168,0.524478192231685
1-0,1-0,0.0,0.4604352502924649,0.4974492864484697
1-0,1-0,0.0,0.46512001107483564,0.49647035259622857
0-1,1-0,0.0,0.4664826657122191,0.497601905767264
0-1,1-0,0.0,0.45247319739900127,0.500419696463832
0-1,1-0,0.0,0.45593285982687837,0.5109521609331718
1-0,1-0,0.0,0.46107237282377367,0.49725069498997887
1-0,1-0,0.0,0.4636182231011546,0.5025284637358015
1-0,1-0,0.0,0.425854424831087,0.5113088780238747
0-1,1-0,0.0,0.4650573780902201,0.4964685426539683
0-1,1-0,0.0,0.4620742781569898,0.4969631742409107
0-1,1-0,0.0,0.46244033286222885,0.5039494227124061
1-0,1-0,0.0,0.4579941579867986,0.5088265941343624
1-0,1-0,0.0,0.46078611926959034,0.4973386070069793
0-1,1-0,0.0,0.4648679177832913,0.49646863668396307
0-1,1-0,0.0,0.44828585908707513,0.5021322414356013
1-0,1-0,0.0,0.4655251762713025,0.4965107089288099
1-0,1-0,0.0,0.4609000854231056,0.497303337506964
1-0,1-0,0.0,0.44049503899866677,0.5053710260956218
1-0,1-0,0.0,0.4580317851714897,0.49827332165789895
0-1,1-0,0.0,0.4557993983860768,0.4991076514786879
0-1,1-0,0.0,0.46610915325145846,0.4967286592685027
1-0,1-0,0.0,0.4612545464409072,0.5053072109922546
0-1,1-0,0.0,0.44215129398410097,0.5046824671038819
0-1,1-0,0.0,0.46648369646587157,0.49744934852527123
1-0,1-0,0.0,0.4637280470373517,0.5023908478875333
1-0,1-0,0.0,0.44789952602382593,0.5022920828747657
1-0,1-0,0.0,0.46067678756873975,0.4973727634502352
0-1,1-0,0.0,0.46400141975358344,0.4965463067281253
1-0,1-0,0.0,0.4651865224178872,0.4964733965748468
1-0,1-0,0.0,0.4650284781098316,0.49646803336329487
1-0,1-0,0.0,0.46451305163880746,0.5013704623367798
1-0,1-0,0.0,0.43755464100452496,0.5065884061908463
0-1,1-0,0.0,0.44702351831296927,0.5196874358730101
1-0,1-0,0.0,0.464609979610294,0.49648017000985273
0-1,1-0,0.0,0.46564633978439607,0.4996981374938634
0-1,1-0,0.0,0.46148417735154024,0.49712841977385125
1-0,1-0,0.0,0.4452256849189606,0.5034024871320799
0-1,1-0,0.0,0.46588871270372556,0.49927428938774154
0-1,1-0,0.0,0.46505793506246396,0.4964685544450056
1-0,1-0,0.0,0.4622873495971515,0.4969068383769892
0-1,1-0,0.0,0.46119357497197916,0.49721417038543886
0-1,1-0,0.0,0.4474229413819546,0.5193064820523778
1-0,1-0,0.0,0.4584202612098309,0.4981338208346214
1-0,1-0,0.0,0.4619241930071314,0.497003974536332
0-1,1-0,0.0,0.4648419246774071,0.496469243442867
1-0,1-0,0.0,0.46015827089384964,0.5065188600041673
1-0,1-0,0.0,0.46525612014322987,0.49647791767706373
0-1,1-0,0.0,0.46641374465287916,0.4980248230774011
1/2-1/2,1-0,0.0,0.44829375771665547,0.5021289756313067
1-0,1-0,0.0,0.434678745283398,0.5077697163201647
1-0,1-0,0.0,0.4664274389407679,0.49796857105435033
0-1,1-0,0.0,0.46640539887144566,0.497086130460426
1/2-1/2,1-0,0.0,0.46220097068425076,0.49692944442724807
0-1,1-0,0.0,0.4612382113096697,0.49720082885508826
0-1,1-0,0.0,0.46378478346889834,0.4965799733143009
1-0,1-0,0.0,0.46628863391886655,0.4984179296569423
1-0,1-0,0.0,0.4632261096019524,0.4966851892878721
1-0,1-0,0.0,0.46423414159417004,0.5017413698160091
0-1,1-0,0.0,0.45879798520741494,0.498000199657202
0-1,1-0,0.0,0.4530626566103249,0.5001829850598374
0-1,1-0,0.0,0.4664794943200536,0.4976476535485244
1-0,1-0,0.0,0.44599560509636377,0.5206643955479431
1-0,1-0,0.0,0.4459265219319574,0.503110933464803
1/2-1/2,1-0,0.0,0.459262817310172,0.497838782902475
1-0,1-0,0.0,0.4527307207896848,0.5003161036734242
0-1,1-0,0.0,0.4612869941766683,0.4971863171072079
1-0,1-0,0.0,0.46623456287905035,0.4968330698179283
0-1,1-0,0.0,0.4636805158091637,0.5024505377675863
1-0,1-0,0.0,0.4636655151869461,0.5024693339178359
1-0,1-0,0.0,0.4663874083349852,0.4981218905885138
1-0,1-0,0.0,0.4654409821942282,0.5000306676400219
1-0,1-0,0.0,0.4221815501186794,0.5127344029133197
1-0,1-0,0.0,0.4661265465804736,0.49880291570343965
1-0,1-0,0.0,0.445784685615131,0.503169918454965
1-0,1-0,0.0,0.4575432982866308,0.4984514440945519
0-1,1-0,0.0,0.46240816215820424,0.49687577606992506
1-0,1-0,0.0,0.4661946813947854,0.49865048186722116
1-0,1-0,0.0,0.4570669818170573,0.5097899040234531
1-0,1-0,0.0,0.46384279015277424,0.5022458980160053
0-1,1-0,0.0,0.46069716152609697,0.4973663750431282
0-1,1-0,0.0,0.4623012719201493,0.4969032253363576
0-1,1-0,0.0,0.435150833045941,0.5075765663252265
0-1,1-0,0.0,0.4652281090231595,0.49647592664564916
0-1,1-0,0.0,0.45747450408894946,0.4984767545535098
1-0,1-0,0.0,0.4648863528893908,0.4964682883805571
1-0,1-0,0.0,0.46137356531553997,0.497160745600955
1-0,1-0,0.0,0.4545501463911764,0.49959297055637636
0-1,1-0,0.0,0.45492580764773094,0.5119715170020039
0-1,1-0,0.0,0.4648602642216123,0.5008918658984471
1-0,1-0,0.0,0.4649293129002762,0.4964677483979752
0-1,1-0,0.0,0.45852640997903055,0.49809606126858647
0-1,1-0,0.0,0.4536742111112466,0.5132241646800965
1-0,1-0,0.0,0.4662589606451415,0.49685865534139295
1-0,1-0,0.0,0.4574658956011935,0.4984799255000349
0-1,1-0,0.0,0.444960866814432,0.5035127077349308
1-0,1-0,0.0,0.463203301583401,0.4966899710936122
1-0,1-0,0.0,0.4657424799692905,0.4965606315418105
1-0,1-0,0.0,0.46295549397284674,0.49674405981419456
0-1,1-0,0.0,0.46574937621682344,0.4995229514217847
0-1,1-0,0.0,0.45733727194934004,0.4985274019811052
1-0,1-0,0.0,0.4664199208265622,0.49800005911523215
1-0,1-0,0.0,0.4628787626073237,0.4967615584232055
1-0,1-0,0.0,0.466115513012253,0.49882665286004363
1/2-1/2,1-0,0.0,0.4653358976205477,0.4964849347816308
0-1,1-0,0.0,0.4475008765989426,0.502457221783085
1/2-1/2,1-0,0.0,0.4534199760077139,0.5000402345971635
0-1,1-0,0.0,0.4649005233599771,0.49646806779905145
1-0,1-0,0.0,0.46116665697400516,0.5054057042966058
1-0,1-0,0.0,0.4659402477087357,0.4966334736692717
1/2-1/2,1-0,0.0,0.44921818998171326,0.5017474393598503
0-1,1-0,0.0,0.4649689029896557,0.5007374201222479
1-0,1-0,0.0,0.45730383143297004,0.498539774913752
1-0,1-0,0.0,0.4664115137093914,0.4971007273616113
1-0,1-0,0.0,0.46413611105771435,0.5018693503758526
1-0,1-0,0.0,0.4564317939630342,0.49886643453620816
0-1,1-0,0.0,0.46004481783036066,0.5066423520113531
0-1,1-0,0.0,0.45259024791850094,0.5003725779189048
1/2-1/2,1-0,0.0,0.4345253441656536,0.5078324085450143
1-0,1-0,0.0,0.46118067368133003,0.4972180376376215
0-1,1-0,0.0,0.4661844178567256,0.4986741590214222
1-0,1-0,0.0,0.46535553393308926,0.4964869847899752
0-1,1-0,0.0,0.4663995590810069,0.49807861132978726
0-1,1-0,0.0,0.46555483351026256,0.49984875006966234
0-1,1-0,0.0,0.4659533162483323,0.49663953765882757
1/2-1/2,1-0,0.0,0.40590954943468166,0.5186295171544221
1-0,1-0,0.0,0.4639541425566174,0.5021040135609232
1-0,1-0,0.0,0.4663012155607457,0.49690883592452467
0-1,1-0,0.0,0.466473447290653,0.4973366231921356
0-1,1-0,0.0,0.45251948932045183,0.5004010551990311
0-1,1-0,0.0,0.44027645120659287,0.5054617788265151
1-0,1-0,0.0,0.4638113255033404,0.49657560981112686
1-0,1-0,0.0,0.4662495377248928,0.4968485129170024
1-0,1-0,0.0,0.4644962114706239,0.496488783993659
0-1,1-0,0.0,0.4378046194736671,0.5064852391739324
1-0,1-0,0.0,0.44916355062596236,0.5176369586004088
0-1,1-0,0.0,0.45468794802086954,0.49953892821838897
1-0,1-0,0.0,0.46242313625380893,0.49687197250944243
0-1,1-0,0.0,0.46504486811608314,0.49646829761983663
1-0,1-0,0.0,0.4417888649559906,0.5048332573729561
1-0,1-0,0.0,0.4636631219700942,0.4966007720547871
1-0,1-0,0.0,0.4664540726709327,0.4972335665835176
1-0,1-0,0.0,0.4621931185935428,0.5042374614079266
1-0,1-0,0.0,0.4423008838965631,0.5046202149806355
1-0,1-0,0.0,0.43784137768864545,0.5064700630960959
0-1,1-0,0.0,0.4664777859625904,0.49737189257374015
1-0,1-0,0.0,0.46443273583523337,0.49649442089060886
1-0,1-0,0.0,0.45673185968466684,0.5101350575673517
1-0,1-0,0.0,0.4634266894122666,0.49664467731782425
0-1,1-0,0.0,0.45796025389058875,0.508862051799593
1-0,1-0,0.0,0.459002257154532,0.49792883426519935
0-1,1-0,0.0,0.45440819004622623,0.49964876183579365
1-0,1-0,0.0,0.4629160363786487,0.5033862022805589
1-0,1-0,0.0,0.4651683698155499,0.5004466864196074
1-0,1-0,0.0,0.43590211942312157,0.5072685348866943
0-1,1-0,0.0,0.4663099214556052,0.49692028217665984
1-0,1-0,0.0,0.46568066161168864,0.49964049194794197
0-1,1-0,0.0,0.46563085556611444,0.4965318128082014
0-1,1-0,0.0,0.45488368616276575,0.5120139188523842
0-1,1-0,0.0,0.4651759501085415,0.5004354335260539
0-1,1-0,0.0,0.4629000781746177,0.503405306069043
1-0,1-0,0.0,0.4502625337647322,0.5013183628243614
1-0,1-0,0.0,0.454342835281333,0.5125568114344137
0-1,1-0,0.0,0.45949045632970054,0.4977610620439688
1-0,1-0,0.0,0.44356013301205566,0.5040959500064849
0-1,1-0,0.0,0.45603888132316134,0.4990159144188729
1/2-1/2,1-0,0.0,0.4652340043582984,0.49647632612959824
1-0,1-0,0.0,0.4376613340853773,0.5065443820895367
0-1,1-0,0.0,0.4659630580892166,0.496644179269103
0-1,1-0,0.0,0.45779570667242075,0.49835904687304294
1-0,1-0,0.0,0.4505096020792604,0.5163343710614122
0-1,1-0,0.0,0.44369807198371053,0.5040385081760614
0-1,1-0,0.0,0.46634028114273585,0.4982727951022788
1-0,1-0,0.0,0.4534742360170555,0.5000186097882929
0-1,1-0,0.0,0.4536712848644366,0.5132270765870571
0-1,1-0,0.0,0.46644330820785784,0.49719273195754404
0-1,1-0,0.0,0.4534850960963422,0.5000142833109524
0-1,1-0,0.0,0.45774561878924386,0.5090860967909332
0-1,1-0,0.0,0.4607379723012116,0.4973536105388642
1-0,1-0,0.0,0.45938234354153595,0.5073573452754692
0-1,1-0,0.0,0.45462021383751877,0.4995654773672571
1-0,1-0,0.0,0.4661888657258152,0.4967904088334313
0-1,1-0,0.0,0.46567983944152325,0.499641880755945
0-1,1-0,0.0,0.46629795581189076,0.49690465749676876
1-0,1-0,0.0,0.45690896784302293,0.5099528366161911
1-0,1-0,0.0,0.4544353343135386,0.5124641639637207
0-1,1-0,0.0,0.46539845531703605,0.5000972515828782
1-0,1-0,0.0,0.4663928890647791,0.4981026507812682
0-1,1-0,0.0,0.46638404393947375,0.497040286512253
1-0,1-0,0.0,0.446032061509005,0.5030670507421509
1-0,1-0,0.0,0.4664847747945208,0.4974804132057606
1-0,1-0,0.0,0.4468295518879866,0.5198721594835006
1-0,1-0,0.0,0.46548370130574196,0.4999630604289704
0-1,1-0,0.0,0.46642562585748504,0.49797631282008376
1-0,1-0,0.0,0.4660802482298767,0.4989010170628715
1-0,1-0,0.0,0.46239096580302586,0.49688015691972126
1-0,1-0,0.0,0.45452317006541326,0.5123761117433462
1-0,1-0,0.0,0.44419410009783655,0.503831948817476
0-1,1-0,0.0,0.4661404694107696,0.4967512739156004
0-1,1-0,0.0,0.46336178595134164,0.5028458795502301
1-0,1-0,0.0,0.4571354154711108,0.5097192334332084
1/2-1/2,1-0,0.0,0.4379291107057182,0.506433835501424
1-0,1-0,0.0,0.4529172766726699,0.5002412295566175
0-1,1-0,0.0,0.4599774748647935,0.49759803330204117
1-0,1-0,0.0,0.46477568491570564,0.49647138075022157
1-0,1-0,0.0,0.4530714484943831,0.5138224365941371
0-1,1-0,0.0,0.46125728650005743,0.4971951457785924
0-1,1-0,0.0,0.4549171039755115,0.49944932116027974
1-0,1-0,0.0,0.43549748133945176,0.5074345357232616
1-0,1-0,0.0,0.44884511836168495,0.5019012435621447
1-0,1-0,0.0,0.46555907706726174,0.49984185773008144
1-0,1-0,0.0,0.45571003104105573,0.49914200061827735
0-1,1-0,0.0,0.4660802002509422,0.496709371863439
1-0,1-0,0.0,0.44864733658884415,0.5019828792674913
1-0,1-0,0.0,0.4663593506388541,0.4969948508594374
0-1,1-0,0.0,0.46644133146060673,0.4971859440259663
0-1,1-0,0.0,0.45454450618226266,0.5123547118462315
0-1,1-0,0.0,0.46096930617341814,0.5056259409938934
0-1,1-0,0.0,0.45725094676961514,0.49855936672675283
0-1,1-0,0.0,0.4647230389361014,0.49647365870392485
1-0,1-0,0.0,0.46108385729424606,0.49724721573808217
1-0,1-0,0.0,0.45765981661483807,0.4984086984773993
1-0,1-0,0.0,0.46647970841566344,0.49764503450008285
1/2-1/2,1-0,0.0,0.4600298693274977,0.4975807768866984
0-1,1-0,0.0,0.46355883603312714,0.5026024459690215
1-0,1-0,0.0,0.4614955123453554,0.49712512968124484
1-0,1-0,0.0,0.4660697856228776,0.4967027809841792
1-0,1-0,0.0,0.4656038297025401,0.4997686379680051
1/2-1/2,1-0,0.0,0.43489137746588585,0.5076827600459296
1-0,1-0,0.0,0.4656624222284985,0.49653922560207686
1-0,1-0,0.0,0.4626746895945683,0.4968096906202733
1-0,1-0,0.0,0.38278117381687693,0.5256035896720033
1/2-1/2,1-0,0.0,0.39781276024842777,0.5212726067111483
1-0,1-0,0.0,0.46615427428536627,0.4987421684806826
1-0,1-0,0.0,0.46628723005564665,0.49689129748867317
1-0,1-0,0.0,0.4611248192608849,0.4972348372950152
1-0,1-0,0.0,0.4229409354887302,0.5124422415607024
0-1,1-0,0.0,0.4599461957515794,0.49760836251649493
0-1,1-0,0.0,0.4631618178933452,0.503089940134783
0-1,1-0,0.0,0.44248190334299975,0.5045448734524717
1-0,1-0,0.0,0.44830759931607195,0.502123252837657
1-0,1-0,0.0,0.4597126979447165,0.4976860954272061
0-1,1-0,0.0,0.4569937090643807,0.5098655000404975
0-1,1-0,0.0,0.44999807267472913,0.501426793671497
0-1,1-0,0.0,0.4619229968498903,0.5045489750386918
0-1,1-0,0.0,0.45907300251767136,0.5076879200805263
1-0,1-0,0.0,0.4651932192425211,0.49647377048138264
0-1,1-0,0.0,0.45398025792809904,0.4998176462831609
1-0,1-0,0.0,0.45217163332996474,0.5005413355521086
0-1,1-0,0.0,0.4442264658818302,0.5038184713802243
1-0,1-0,0.0,0.4591651488302232,0.49787240517208964
1-0,1-0,0.0,0.4401345321686924,0.5055206821867472
1-0,1-0,0.0,0.4660325391509755,0.49899838467210245
0-1,1-0,0.0,0.465611555723249,0.49975589569802614
1-0,1-0,0.0,0.46647198038725024,0.49732638045835703
1-0,1-0,0.0,0.4613126215329035,0.5052419852910078
1-0,1-0,0.0,0.4639868505105588,0.4965484265206991
0-1,1-0,0.0,0.46626587456725066,0.4984773379624922
1-0,1-0,0.0,0.46485074841544677,0.5009052763135812
0-1,1-0,0.0,0.466372437287142,0.497018072915011
0-1,1-0,0.0,0.4469806994641331,0.5026729705805547
0-1,1-0,0.0,0.46648463044670513,0.4974747503996963
0-1,1-0,0.0,0.46238255387484706,0.5040170092048968
1-0,1-0,0.0,0.4646282335573421,0.4964789753830653
0-1,1-0,0.0,0.4656337047519078,0.49653245959800857
1-0,1-0,0.0,0.39632455992633975,0.5217355699091822
1-0,1-0,0.0,0.4569439088182901,0.5099168373277854
0-1,1-0,0.0,0.4646685194190313,0.49647653120080854
0-1,1-0,0.0,0.4657308935045556,0.4965572870233674
1-0,1-0,0.0,0.4306391680868693,0.5094079217225894
0-1,1-0,0.0,0.46629473837288593,0.49690058835005874
1-0,1-0,0.0,0.44865073769383507,0.5019814748983813
1-0,1-0,0.0,0.4663663224714361,0.49819225625257746
0-1,1-0,0.0,0.4635061866967744,0.4966294270051694
0-1,1-0,0.0,0.4525057081270377,0.5004066038542322
0-1,1-0,0.0,0.44761867560743085,0.5024084041621376
0-1,1-0,0.0,0.46112644973776307,0.4972343455864453
0-1,1-0,0.0,0.4597072814372237,0.4976879113939792
0-1,1-0,0.0,0.4630621947211986,0.4967203035090804
0-1,1-0,0.0,0.4647150680615912,0.49647404663904227
0-1,1-0,0.0,0.4663648050199655,0.497004313862518
1/2-1/2,1-0,0.0,0.4653160026171527,0.49648299122735967
1-0,1-0,0.0,0.4658072883495512,0.49658103572156603
1/2-1/2,1-0,0.0,0.4607971904669046,0.497335165594099
0-1,1-0,0.0,0.46082727013669467,0.5057836878765452
0-1,1-0,0.0,0.4626992280071221,0.5036444583216575
0-1,1-0,0.0,0.4652028774122522,0.5003953283749356
0-1,1-0,0.0,0.45243100039198464,0.5004366960869053
0-1,1-0,0.0,0.4561235551846567,0.4989835903393024
1-0,1-0,0.0,0.46315040280450587,0.49670119304868326
0-1,1-0,0.0,0.45276584394175623,0.5003019958183657
1-0,1-0,0.0,0.45804123729110074,0.5087773266119763
1-0,1-0,0.0,0.46583390120446866,0.49659031234437434
1/2-1/2,1-0,0.0,0.46647917288466684,0.49765149995673497
0-1,1-0,0.0,0.454900741348291,0.4994557083354306
1-0,1-0,0.0,0.4649282233148833,0.5007955487787864
0-1,1-0,0.0,0.46615439312445545,0.4987419045564986
1-0,1-0,0.0,0.45692545336434925,0.5099358538303971
0-1,1-0,0.0,0.4655913519325756,0.4997891527355105
1-0,1-0,0.0,0.465082334560881,0.5005733141065039
1-0,1-0,0.0,0.46572003497661063,0.4965542312370666
0-1,1-0,0.0,0.46473359167470873,0.49647316230858235
1-0,1-0,0.0,0.46057730316811235,0.4974041079946631
1-0,1-0,0.0,0.4613101586098654,0.49717945185123835
1-0,1-0,0.0,0.45989485325706886,0.5068050988598629
0-1,1-0,0.0,0.46376102324314317,0.49658393336480244
1-0,1-0,0.0,0.46290118778312483,0.5034039782425888
1-0,1-0,0.0,0.4626430365408264,0.4968173543642643
1-0,1-0,0.0,0.46564096928513377,0.49970709767443633
0-1,1-0,0.0,0.464250618110712,0.4965136080051343
1-0,1-0,0.0,0.4664357956733762,0.49793149141896575
0-1,1-0,0.0,0.46621622927444195,0.4968151972732797
0-1,1-0,0.0,0.46643536721815765,0.49716652480814727
1-0,1-0,0.0,0.46286427426804416,0.4967649002803496
0-1,1-0,0.0,0.4427523154252815,0.5044323083944601
1-0,1-0,0.0,0.4563831042520097,0.49888488565890754
1/2-1/2,1-0,0.0,0.4664447817211509,0.497888521725278
1-0,1-0,0.0,0.44889737846865624,0.5018796838024326
1-0,1-0,0.0,0.4593778581602116,0.5073621527845056
1-0,1-0,0.0,0.4233627375497506,0.5122793690310943
0-1,1-0,0.0,0.46020547193253,0.4975233683691682
0-1,1-0,0.0,0.4647775386712509,0.49647130970790804
1-0,1-0,0.0,0.4659755352269779,0.4966502806111184
0-1,1-0,0.0,0.4593643033643108,0.49780402018892544
1/2-1/2,1-0,0.0,0.4596454466670187,0.4977086824016203
0-1,1-0,0.0,0.4658282960415119,0.4965883122419201
0-1,1-0,0.0,0.4656258019665881,0.4997323182721982
0-1,1-0,0.0,0.4625948528035999,0.4968291185032374
1-0,1-0,0.0,0.465934610187369,0.49663091380564717
1-0,1-0,0.0,0.4664829917052391,0.49759587808225514
1/2-1/2,1-0,0.0,0.45919754544952235,0.4978612347502559
0-1,1-0,0.0,0.46588229677558846,0.4966086707348153
0-1,1-0,0.0,0.4663838851869892,0.4970399712283467
0-1,1-0,0.0,0.45911809287255506,0.49788866146082056
1-0,1-0,0.0,0.45819086399662967,0.4982159544129741
1-0,1-0,0.0,0.4656429173864238,0.49653458085423313
1-0,1-0,0.0,0.44718890364406916,0.5025865822971202
1-0,1-0,0.0,0.4507747287018067,0.5011088501182306
0-1,1-0,0.0,0.4654814819167466,0.4999665913921161
0-1,1-0,0.0,0.465457183637888,0.4964998294465011
0-1,1-0,0.0,0.4532875740240081,0.5000930608816399
0-1,1-0,0.0,0.4477054311747468,0.502372461822707
1-0,1-0,0.0,0.46594826349158397,0.4991628493744072
1-0,1-0,0.0,0.46278784462570893,0.5035392315418421
0-1,1-0,0.0,0.41910323694517587,0.5139042912474892
0-1,1-0,0.0,0.44145823150560576,0.5049707689550795
1-0,1-0,0.0,0.45030712445911825,0.5013000967197347
1-0,1-0,0.0,0.465034080960345,0.4964681165135823
1-0,1-0,0.0,0.46310208479376347,0.49671160061094116
1-0,1-0,0.0,0.46339426509516035,0.49665103261603966
1-0,1-0,0.0,0.4607014856330989,0.4973650205514303
0-1,1-0,0.0,0.46637347344696123,0.49816898449056257
0-1,1-0,0.0,0.45960337849154514,0.507119896933906
0-1,1-0,0.0,0.4355607361868614,0.5074086004972209
0-1,1-0,0.0,0.4262313349362554,0.5111608637754703
0-1,1-0,0.0,0.4484810842934437,0.5020515497427862
0-1,1-0,0.0,0.4642163596205944,0.4965176838384149
0-1,1-0,0.0,0.42319054886861046,0.5123459076937446
0-1,1-0,0.0,0.46507420317754317,0.5005851820952752
0-1,1-0,0.0,0.4642355178675997,0.49651538716108035
0-1,1-0,0.0,0.46612997163544534,0.49674347605116725
1-0,1-0,0.0,0.46648512814127596,0.4975250121663538
1-0,1-0,0.0,0.45852689612677455,0.49809588870239185
0-1,1-0,0.0,0.46633309698445546,0.496953006794359
0-1,1-0,0.0,0.46574309508559075,0.49953382122986884
1-0,1-0,0.0,0.46642911560798006,0.4971476467567896
1-0,1-0,0.0,0.4643691015800564,0.4965006329547194
1-0,1-0,0.0,0.45710697797094635,0.509748608407519
0-1,1-0,0.0,0.46157728137744686,0.5049432285678221
1-0,1-0,0.0,0.44634162690944174,0.502938376799119
1-0,1-0,0.0,0.4634408333075017,0.496641929314243
0-1,1-0,0.0,0.4529146778320565,0.5002422715834935
0-1,1-0,0.0,0.46496679619572706,0.4964675980764784
1-0,1-0,0.0,0.46294171628111674,0.49674717672915475
1-0,1-0,0.0,0.4662270088095542,0.49682557389658183
1-0,1-0,0.0,0.42322241478963185,0.5123335990363712
0-1,1-0,0.0,0.46210182833900015,0.4969557828094343
1-0,1-0,0.0,0.45074851946230654,0.5011195543337605
0-1,1-0,0.0,0.4651193129178806,0.5005191294871537
0-1,1-0,0.0,0.46615915997376733,0.49676573945057306
1-0,1-0,0.0,0.4603424457482411,0.49747906129805286
1-0,1-0,0.0,0.4641669690974498,0.5018291880969048
0-1,1-0,0.0,0.45833693017403127,0.5084670488418087
1/2-1/2,1-0,0.0,0.45338642838248905,0.5000536117313564
1-0,1-0,0.0,0.46634259984453713,0.49826586128170824
1-0,1-0,0.0,0.4581666202007745,0.508645938366288
0-1,1-0,0.0,0.42831745176954855,0.5103361474179489
0-1,1-0,0.0,0.4654415334697204,0.5000297998988134
1-0,1-0,0.0,0.46511926097767825,0.4964703250101781
1-0,1-0,0.0,0.46422768737820874,0.49651632057882544
1-0,1-0,0.0,0.4646756482813079,0.5011489482716608
0-1,1-0,0.0,0.45768952476590574,0.4983978250317128
1-0,1-0,0.0,0.4458090327991706,0.5031597924669692
1-0,1-0,0.0,0.4592415716221464,0.49784608289617893
1-0,1-0,0.0,0.4644523589518955,0.4964926173179372
0-1,1-0,0.0,0.44739825668202016,0.5024997618153414
1-0,1-0,0.0,0.46487960082344976,0.5008645585063223
0-1,1-0,0.0,0.4526130220207618,0.500363416599667
1/2-1/2,1-0,0.0,0.4590703844853316,0.4979051805827353
0-1,1-0,0.0,0.46633324236620627,0.4969532234687821
0-1,1-0,0.0,0.4591662245304058,0.4978720339852409
0-1,1-0,0.0,0.45926045197010534,0.4978395952475844
1-0,1-0,0.0,0.46645835303032995,0.4972521206882005
1-0,1-0,0.0,0.4589652178681025,0.4979417256491506
1-0,1-0,0.0,0.453906766035861,0.49984675123282185
1-0,1-0,0.0,0.4586312926091156,0.5081566673307203
0-1,1-0,0.0,0.4656875721487819,0.4965455330641952
1-0,1-0,0.0,0.46175951891270434,0.4970497362141713
0-1,1-0,0.0,0.46647003635236395,0.49773638815193344
1-0,1-0,0.0,0.44931758246532966,0.501706506291293
1-0,1-0,0.0,0.4531457936166345,0.5001497193448597
0-1,1-0,0.0,0.4191337436985379,0.5138928139704174
0-1,1-0,0.0,0.45893771190310406,0.4979513131555908
1-0,1-0,0.0,0.465840415614064,0.49936223461435497
1-0,1-0,0.0,0.4658812108643315,0.4992880846828518
0-1,1-0,0.0,0.46634659073868895,0.4969737988211182
1-0,1-0,0.0,0.4656512974343842,0.49968985198366267
1-0,1-0,0.0,0.4583932597281295,0.49814345111924935
1-0,1-0,0.0,0.4664841449915346,0.49745998054292123
0-1,1-0,0.0,0.46320949058960936,0.49668867013052315
1-0,1-0,0.0,0.4646434380656856,0.5011931729466856
1-0,1-0,0.0,0.46070086328718857,0.49736521546676987
1-0,1-0,0.0,0.4635544829021587,0.496620398682212
1-0,1-0,0.0,0.46647302061442003,0.49771225611721015
1/2-1/2,1-0,0.0,0.4655338868503753,0.49988264797220167
1-0,1-0,0.0,0.4439449881885697,0.5039356844515881
0-1,1-0,0.0,0.456904320615462,0.5099576233581836
0-1,1-0,0.0,0.46067772120503553,0.5059491209680653
1-0,1-0,0.0,0.46034125788295366,0.4974794437037167
1-0,1-0,0.0,0.46593110898164486,0.4991953187008727
1-0,1-0,0.0,0.4628905668884076,0.5034166848020499
0-1,1-0,0.0,0.46190395434795833,0.49700954373500056
1-0,1-0,0.0,0.44530254973094463,0.5033704998081746
1-0,1-0,0.0,0.466226835681142,0.49682540431114797
1-0,1-0,0.0,0.44409636448590084,0.5038726475204663
1-0,1-0,0.0,0.46219852352953367,0.4969300895581589
1-0,1-0,0.0,0.45458716076691635,0.49957844307854316
1-0,1-0,0.0,0.46613957641662246,0.4967506017014811
1-0,1-0,0.0,0.459903899564842,0.4976223619074224
1-0,1-0,0.0,0.4376968120321145,0.5065297402224869
0-1,1-0,0.0,0.46461102364589135,0.5012375023873982
0-1,1-0,0.0,0.46504983221293866,0.49646839032796153
1/2-1/2,1-0,0.0,0.4657014187102026,0.49654916449996667
1-0,1-0,0.0,0.46174771869224346,0.5047494544144604
0-1,1-0,0.0,0.46324241702796437,0.49668179162083087
1-0,1-0,0.0,0.46635948852782394,0.4969950864890431
0-1,1-0,0.0,0.4578917263695562,0.5089336629841786
1-0,1-0,0.0,0.4664851618886808,0.4975183226991688
0-1,1-0,0.0,0.45520302047674116,0.4993379991402599
1-0,1-0,0.0,0.4645130782780702,0.4964873836697789
1-0,1-0,0.0,0.4657746584419505,0.49947892721512177
1-0,1-0,0.0,0.4460129374403192,0.5030750019102879
0-1,1-0,0.0,0.44495988154158395,0.5035131178611346
1-0,1-0,0.0,0.45634469865263355,0.49889945435173155
1-0,1-0,0.0,0.46411821103296647,0.4965301203205913
0-1,1-0,0.0,0.4664850241450199,0.49753486511874445
1-0,1-0,0.0,0.4634865637070058,0.5026920870667051
0-1,1-0,0.0,0.46292185102810807,0.50337923761888
1-0,1-0,0.0,0.46641246073094067,0.4980298595576933
0-1,1-0,0.0,0.4654909448648394,0.49650498670799204
1-0,1-0,0.0,0.4573222124329613,0.49853297247759343
0-1,1-0,0.0,0.459742152976346,0.5069702626179503
0-1,1-0,0.0,0.4534126579511016,0.5000431522189542
0-1,1-0,0.0,0.46642461678764374,0.49713485812193453
0-1,1-0,0.0,0.4664154701829252,0.49711059381745776
1-0,1-0,0.0,0.46211419948528715,0.5043288075113038
1-0,1-0,0.0,0.4650651056431812,0.4964687130061398
1-0,1-0,0.0,0.4553267672496433,0.4992899908400247
0-1,1-0,0.0,0.4644647657621999,0.49649150492385896
0-1,1-0,0.0,0.4589515178505965,0.49794649943876607
1/2-1/2,1-0,0.0,0.45978287545340335,0.49766261895251496
0-1,1-0,0.0,0.465262928353124,0.4964784375897947
0-1,1-0,0.0,0.44795104460631063,0.5022707559379178
0-1,1-0,0.0,0.46641746230167364,0.4980100271232256
0-1,1-0,0.0,0.45685888151100923,0.5100044112754353
1-0,1-0,0.0,0.4640267527997166,0.49654267292325477
0-1,1-0,0.0,0.4621795732716692,0.4969350939469952
0-1,1-0,0.0,0.46634432751496374,0.49826066711207145
1-0,1-0,0.0,0.4644587141188616,0.49649204479353476
1/2-1/2,1-0,0.0,0.459369893135915,0.49780211072264274
0-1,1-0,0.0,0.4430549520080308,0.5043063087250037
0-1,1-0,0.0,0.4514017408417699,0.5008533528082446
0-1,1-0,0.0,0.4612075239725709,0.49720999467423993
0-1,1-0,0.0,0.4639690656166842,0.49655104347993945
0-1,1-0,0.0,0.40093228221747984,0.5202788260501413
0-1,1-0,0.0,0.46535356615968115,0.5001668023389745
1-0,1-0,0.0,0.46515368498703746,0.4964717439884497
1-0,1-0,0.0,0.4588246247795078,0.5079519584882068
1-0,1-0,0.0,0.46578639398959926,0.49657413045064386
0-1,1-0,0.0,0.4509829844820321,0.501023862932317
1-0,1-0,0.0,0.46264258576806977,0.49681746387533343
1-0,1-0,0.0,0.4647499088763578,0.49647243372533584
1-0,1-0,0.0,0.46223907118381896,0.5041841411641548
0-1,1-0,0.0,0.4646216767980952,0.4964793983163184
0-1,1-0,0.0,0.4629067370661946,0.4967551395921594
0-1,1-0,0.0,0.4660764525410034,0.49670697984695444
1-0,1-0,0.0,0.41476584761093926,0.5155112987194492
1-0,1-0,0.0,0.44347193560235926,0.5041326774923685
1-0,1-0,0.0,0.45344695086866177,0.5000294822554033
1-0,1-0,0.0,0.45566836292699203,0.5112209679798266
1-0,1-0,0.0,0.46648495549738117,0.4974893099969208
1-0,1-0,0.0,0.4659349270587744,0.4966310568088235
1-0,1-0,0.0,0.466230551351384,0.4968290655182916
0-1,1-0,0.0,0.4625073367053087,0.49685078131924165
1-0,1-0,0.0,0.4662187166225789,0.4985938805372716
1-0,1-0,0.0,0.46624187641186376,0.49853764039221804
0-1,1-0,0.0,0.4095117943304151,0.5173886990848772
1-0,1-0,0.0,0.4578885370250626,0.49832525598062843
1-0,1-0,0.0,0.46425515110063187,0.501713789668714
1-0,1-0,0.0,0.4628731549346222,0.4967628504737792
0-1,1-0,0.0,0.44413900449076255,0.5038548914223125
1-0,1-0,0.0,0.4650104992261385,0.5006775960825061
1-0,1-0,0.0,0.4596382557810078,0.49771110264037255
1-0,1-0,0.0,0.4644197470612117,0.49649564412205544
0-1,1-0,0.0,0.4641045107960168,0.49653194292178054
0-1,1-0,0.0,0.44001461289196564,0.5055704429508291
0-1,1-0,0.0,0.4587487719202662,0.4980174896423357
1-0,1-0,0.0,0.458014231030612,0.5088055925192152
0-1,1-0,0.0,0.46488858477657,0.49646825090125135
1-0,1-0,0.0,0.46578214992283673,0.49657276694629215
1/2-1/2,1-0,0.0,0.4624318353904613,0.5039593730405969
0-1,1-0,0.0,0.44574292256258186,0.5031872884511751
0-1,1-0,0.0,0.46491430937711453,0.4964678931245186
0-1,1-0,0.0,0.4661478062674539,0.4967568610531206
0-1,1-0,0.0,0.46595603448449435,0.4991480368225921
0-1,1-0,0.0,0.45926190684123025,0.49783909557974537
1-0,1-0,0.0,0.43287926329430704,0.5085028433850155
1-0,1-0,0.0,0.4660476162174703,0.4989679847687195
0-1,1-0,0.0,0.46161624003317125,0.49709035411021213
1/2-1/2,1-0,0.0,0.4639795460108571,0.4965494974619774
1-0,1-0,0.0,0.45715075832759394,0.49859656428073196
0-1,1-0,0.0,0.4655170476084761,0.4965093037627592
1-0,1-0,0.0,0.4635425901153053,0.5026226332815746
1-0,1-0,0.0,0.46641500021748605,0.4971094033316761
1-0,1-0,0.0,0.4642744235420667,0.5016884412220206
0-1,1-0,0.0,0.46063325421760914,0.49738644896140505
0-1,1-0,0.0,0.466483027000165,0.49743623976738893
0-1,1-0,0.0,0.4634395146494172,0.49664218488725415
1-0,1-0,0.0,0.45691519598185926,0.4986844310749386
1-0,1-0,0.0,0.433111101156878,0.5084086797321752
1/2-1/2,1-0,0.0,0.4536877038175903,0.49993367383580467
1-0,1-0,0.0,0.46562828192976,0.49653123229425683
0-1,1-0,0.0,0.46640541100185084,0.49708615868433675
0-1,1-0,0.0,0.4649578151485697,0.4964676062071092
0-1,1-0,0.0,0.4401419049516833,0.5055176224836869
0-1,1-0,0.0,0.4606655577941352,0.4973762891482819
1-0,1-0,0.0,0.46277792503440746,0.5035510327483353
1-0,1-0,0.0,0.4647135299073492,0.49647412277878766
1-0,1-0,0.0,0.4555216593320331,0.49921460182867866
1-0,1-0,0.0,0.4592090430521961,0.5075427840940456
0-1,1-0,0.0,0.4616884534836916,0.5048169617764273
1-0,1-0,0.0,0.46483826434087455,0.5009228422651715
1-0,1-0,0.0,0.4518783641016097,0.500659950742006
1-0,1-0,0.0,0.462509422853279,0.49685026058190007
0-1,1-0,0.0,0.46321910792215926,0.5030203078565414
1-0,1-0,0.0,0.4567196367831676,0.49875779489550326
0-1,1-0,0.0,0.46637226939924636,0.49701776339764764
0-1,1-0,0.0,0.4664034969408889,0.4980640665079076
1-0,1-0,0.0,0.45593793603006116,0.5109469941370441
1/2-1/2,1-0,0.0,0.4598584974234666,0.4976374298708311
0-1,1-0,0.0,0.46044588209048243,0.49744588832298947
1-0,1-0,0.0,0.45828432064773716,0.5085223613473939
0-1,1-0,0.0,0.4653686109949786,0.5001435730081798
1-0,1-0,0.0,0.46641365277302005,0.49710601815130245
0-1,1-0,0.0,0.4655933744903875,0.49652369946842934
0-1,1-0,0.0,0.46536947145000895,0.4964885211762369
1-0,1-0,0.0,0.4581030150136135,0.4982475941048187
1-0,1-0,0.0,0.46390858610394087,0.49656017911949
1-0,1-0,0.0,0.4615085722577628,0.49712134418054615
1-0,1-0,0.0,0.4660533158086228,0.4966927076857072
1-0,1-0,0.0,0.4664775883516401,0.49766918956720674
1-0,1-0,0.0,0.4664278157486632,0.4979669494994387
1-0,1-0,0.0,0.46621073574010397,0.4968100473540819
1-0,1-0,0.0,0.4420724235646685,0.5047152859277713
0-1,1-0,0.0,0.4536401133373917,0.4999525898699377
0-1,1-0,0.0,0.4657708497087277,0.49656919918062314
0-1,1-0,0.0,0.4647942168480542,0.5009845750839451
0-1,1-0,0.0,0.4663209280692678,0.49693539099631273
1-0,1-0,0.0,0.46521092663343083,0.5003832993901306
0-1,1-0,0.0,0.4663698652491568,0.49818079683237987
0-1,1-0,0.0,0.4655657250936218,0.4965181670860493
1-0,1-0,0.0,0.4617096003347054,0.5047928897850128
0-1,1-0,0.0,0.4628574017092797,0.49676648962938974
0-1,1-0,0.0,0.46636808880855635,0.4981865596699977
1-0,1-0,0.0,0.46554933711713786,0.4998576646242656
1-0,1-0,0.0,0.4628795358913668,0.4967613803923148
1-0,1-0,0.0,0.46432408016233867,0.49650535301298093
0-1,1-0,0.0,0.4589888520874239,0.49793349731075554
1-0,1-0,0.0,0.45703897484475614,0.5098188077420805
1-0,1-0,0.0,0.46461516562677196,0.501231847535904
0-1,1-0,0.0,0.4442424723194124,0.503811806181144
1-0,1-0,0.0,0.4658766364636518,0.49929647154679524
1-0,1-0,0.0,0.43912494536037416,0.5059392516548136
0-1,1-0,0.0,0.46476656122646987,0.4964717396091282
0-1,1-0,0.0,0.4557535472282978,0.4991252670750657
0-1,1-0,0.0,0.4654227740081456,0.4964950451771062
1-0,1-0,0.0,0.46569539585180536,0.4996155349166888
1-0,1-0,0.0,0.4664802236771201,0.49763852526299485
0-1,1-0,0.0,0.4474563451902079,0.5024756803784739
0-1,1-0,0.0,0.4652102758042842,0.500384272711262
0-1,1-0,0.0,0.4628267674996044,0.5034928702421761
1/2-1/2,1-0,0.0,0.4563701396734615,0.5105059524160982
0-1,1-0,0.0,0.45818845814006637,0.5086230277574557
0-1,1-0,0.0,0.447808938227016,0.5023295914042891
0-1,1-0,0.0,0.46582842189008083,0.4993837684100524
1-0,1-0,0.0,0.4656919906810622,0.4965466793988356
0-1,1-0,0.0,0.4625166286699668,0.4968484635079779
0-1,1-0,0.0,0.4571093850993497,0.49861195582123097
1/2-1/2,1-0,0.0,0.46569244712226365,0.49654679847983024
1-0,1-0,0.0,0.4660351954907207,0.49668209416869924
0-1,1-0,0.0,0.4624292392211192,0.4968704252936568
1-0,1-0,0.0,0.4557694849357891,0.4991191421041682
0-1,1-0,0.0,0.4664851172498789,0.4975264171550042
1-0,1-0,0.0,0.46626525787091366,0.49847891605259204
0-1,1-0,0.0,0.4376515699030668,0.5065484115539081
0-1,1-0,0.0,0.44270478731993396,0.5044520944117049
1/2-1/2,1-0,0.0,0.4664612848013671,0.4972658426347708
0-1,1-0,0.0,0.4558078333110785,0.49910441263824995
1-0,1-0,0.0,0.46555612518829975,0.49984665304280806
1-0,1-0,0.0,0.46648516706220794,0.4975155433371234
0-1,1-0,0.0,0.4453159182566553,0.5033649367301251
1/2-1/2,1-0,0.0,0.42235647064687454,0.5126672272176397
1-0,1-0,0.0,0.4564650344054219,0.4988538500904364
0-1,1-0,0.0,0.4664129451085723,0.49802796376324143
1-0,1-0,0.0,0.46620389943601764,0.49680376355543543
1-0,1-0,0.0,0.46235050626578844,0.5040544253097216
1-0,1-0,0.0,0.45904715896137,0.49791323597361525
1-0,1-0,0.0,0.4565880790012523,0.498807353727559
1-0,1-0,0.0,0.4640146585538064,0.49654439943681994
1-0,1-0,0.0,0.4564183502169335,0.4988715269841579
1-0,1-0,0.0,0.45961343886212563,0.4977194627974161
0-1,1-0,0.0,0.46634070364792823,0.4969645539194772
0-1,1-0,0.0,0.4651212340395813,0.49647039788731095
0-1,1-0,0.0,0.4637487877985491,0.5023647376778815
1/2-1/2,1-0,0.0,0.46585971468276705,0.4965998553445981
1-0,1-0,0.0,0.4483246939815864,0.5021161854533478
0-1,1-0,0.0,0.46636500901975214,0.4981964710428933
0-1,1-0,0.0,0.4599184197136118,0.49761755183043993
0-1,1-0,0.0,0.4660555236148689,0.49895190823191843
1-0,1-0,0.0,0.46641310682049836,0.4971046582125729
0-1,1-0,0.0,0.4658147237413887,0.49658357206782194
0-1,1-0,0.0,0.46525967288420506,0.4964781872053996
1-0,1-0,0.0,0.45241172204374874,0.5004444649360126
0-1,1-0,0.0,0.4664435711675657,0.4971936493933287
0-1,1-0,0.0,0.4656797583506398,0.4965435341137167
1/2-1/2,1-0,0.0,0.4622027169793884,0.49692898421667636
1-0,1-0,0.0,0.45992787318137973,0.49761442250521437
0-1,1-0,0.0,0.45864653489572865,0.4980535247703843
0-1,1-0,0.0,0.46447835539917726,0.4964903115936239
1-0,1-0,0.0,0.46560182144287365,0.4997719451000117
1-0,1-0,0.0,0.4642785996423468,0.5016829423305506
1-0,1-0,0.0,0.4580272069835908,0.5087920128164632
1-0,1-0,0.0,0.4620350319810172,0.4969737568218104
1-0,1-0,0.0,0.4640983584697002,0.49653276811725994
1-0,1-0,0.0,0.4247565114225621,0.5117382423367638
0-1,1-0,0.0,0.45799542150996675,0.4982864808372318
0-1,1-0,0.0,0.4637281734726544,0.4965894908243197
1-0,1-0,0.0,0.45625354853895633,0.4989340825070401
1/2-1/2,1-0,0.0,0.4642996716146581,0.5016551617446364
1-0,1-0,0.0,0.4657880585610393,0.4965746687863654
0-1,1-0,0.0,0.46146300093455833,0.49713457775743275
1-0,1-0,0.0,0.46634842899434487,0.49697674367157363
0-1,1-0,0.0,0.4660269191125119,0.49667740218583895
1-0,1-0,0.0,0.45195431812722126,0.5006292011432056
1-0,1-0,0.0,0.44806831154386456,0.5022222244842122
0-1,1-0,0.0,0.4663044544029009,0.49691304462882857
0-1,1-0,0.0,0.4342166778321737,0.5079584479182488
1-0,1-0,0.0,0.45319154411666723,0.5001314264224267
0-1,1-0,0.0,0.4543573092248075,0.49966878775164825
0-1,1-0,0.0,0.465671910462739,0.49654156230594015
1/2-1/2,1-0,0.0,0.43211966229330473,0.5088107333120977
0-1,1-0,0.0,0.46475080458738016,0.5010450550828899
1-0,1-0,0.0,0.45968517930121106,0.49769532733724153
1-0,1-0,0.0,0.46648224156436857,0.49742336017838595
0-1,1-0,0.0,0.46232916224335247,0.5040793169571989
1/2-1/2,1-0,0.0,0.46492850035933064,0.5007951541274245
1-0,1-0,0.0,0.447237673189727,0.5025663530441439
0-1,1-0,0.0,0.4656809183455781,0.4996400581922194
0-1,1-0,0.0,0.44432997813583625,0.5037753686573266
0-1,1-0,0.0,0.4497170830133961,0.5015421752662924
0-1,1-0,0.0,0.46595157239842344,0.4966387178282507
0-1,1-0,0.0,0.46427156409089265,0.5016922051344938
0-1,1-0,0.0,0.4663579683660208,0.49699249881760654
0-1,1-0,0.0,0.46549719271779494,0.49994155109546606
1-0,1-0,0.0,0.4502357747666069,0.5013293266761936
0-1,1-0,0.0,0.4659816768694707,0.4966533502329169
0-1,1-0,0.0,0.46312362417334874,0.49670694276664346
0-1,1-0,0.0,0.46102791722692027,0.49726419856409015
0-1,1-0,0.0,0.46647803334239174,0.49737420913735697
0-1,1-0,0.0,0.4350893072630529,0.507601757235966
1-0,1-0,0.0,0.4410355178214711,0.5051464960304596
0-1,1-0,0.0,0.46471320173365505,0.4964741390770351
0-1,1-0,0.0,0.46544948695814103,0.5000172671565088
0-1,1-0,0.0,0.46034696960278787,0.4974776052459316
0-1,1-0,0.0,0.4633593928781829,0.49665795293103526
1-0,1-0,0.0,0.4650705968771397,0.500590440268408
0-1,1-0,0.0,0.45715559822243335,0.4985947649205781
0-1,1-0,0.0,0.4658693703690896,0.4993097549852031
0-1,1-0,0.0,0.4654529625479488,0.5000117825268937
1-0,1-0,0.0,0.4441293993080089,0.5038588911873868
1/2-1/2,1-0,0.0,0.46179235477355357,0.5046985189548487
1-0,1-0,0.0,0.4404297209081088,0.5053981481788625
0-1,1-0,0.0,0.4633347842920867,0.4966628887697071
1-0,1-0,0.0,0.4631120425522063,0.5031502569226941
1-0,1-0,0.0,0.45472507634470893,0.49952438740389576
1-0,1-0,0.0,0.45580394435204913,0.5110832770917337
1-0,1-0,0.0,0.4640746477720346,0.4965359869875394
0-1,1-0,0.0,0.4575318750500417,0.4984556431753879
1/2-1/2,1-0,0.0,0.41965734175159725,0.5136954559334017
0-1,1-0,0.0,0.4634682510235026,0.496636644866358
0-1,1-0,0.0,0.4600914908315437,0.49756055566205004
1-0,1-0,0.0,0.4596513225544353,0.4977067054815683
1/2-1/2,1-0,0.0,0.46558140345668225,0.4965212583103738
1-0,1-0,0.0,0.46519416028006005,0.5004083342845358
0-1,1-0,0.0,0.4324296081819371,0.5086852208247037
1-0,1-0,0.0,0.4634411986020809,0.4966418585383156
1-0,1-0,0.0,0.4385012902735923,0.506197365927192
0-1,1-0,0.0,0.45698453717898857,0.49865850787988186
1-0,1-0,0.0,0.45616188711200195,0.4989689768214693
0-1,1-0,0.0,0.46591200198181537,0.4992311264750759
1-0,1-0,0.0,0.4620132392039297,0.496979659874048
0-1,1-0,0.0,0.450101714773732,0.5013842802083734
1-0,1-0,0.0,0.4662777802048713,0.49687999166137303
0-1,1-0,0.0,0.4656187663085869,0.496529116357692
1/2-1/2,1-0,0.0,0.4623217615405109,0.4968979236560566
0-1,1-0,0.0,0.4631131484827664,0.4967092044522126
0-1,1-0,0.0,0.45812589827075884,0.4982393427681182
1-0,1-0,0.0,0.4531593446200906,0.5001443001096325
1-0,1-0,0.0,0.46632447408736755,0.4969404209555741
0-1,1-0,0.0,0.4664025184402343,0.4980677065100152
1-0,1-0,0.0,0.42725548809247593,0.5107571246924985
0-1,1-0,0.0,0.45103677694787714,0.5010019306105336
1-0,1-0,0.0,0.4623595638146329,0.4968881917685364
1-0,1-0,0.0,0.4595592747925499,0.49773774941110993
1-0,1-0,0.0,0.4418692739964284,0.5047998074593895
0-1,1-0,0.0,0.4656441775742679,0.4965348745995558
1-0,1-0,0.0,0.45242765925945727,0.5004380424034345
1-0,1-0,0.0,0.46419881276884545,0.49651982554088814
1-0,1-0,0.0,0.44003710133126467,0.5055611121494855
0-1,1-0,0.0,0.41708409089648446,0.5146585852274725
1-0,1-0,0.0,0.4660166652581695,0.4990300474135838
1-0,1-0,0.0,0.46560645722984795,0.4997643079263303
1/2-1/2,1-0,0.0,0.46521098049117926,0.5003832188397963
0-1,1-0,0.0,0.4582281920527699,0.4982025410800533
0-1,1-0,0.0,0.4638950217293178,0.5021794991495627
1-0,1-0,0.0,0.4663409972176166,0.4982706582643676
0-1,1-0,0.0,0.46345670938230465,0.4966388625120553
0-1,1-0,0.0,0.4664851676329608,0.49751376650196083
1-0,1-0,0.0,0.46450408617703676,0.5013825554196688
0-1,1-0,0.0,0.46646714667238776,0.4977577678496205
0-1,1-0,0.0,0.4478512335193742,0.5188971292759685
0-1,1-0,0.0,0.464100590895641,0.4965324682078248
0-1,1-0,0.0,0.46204389733464674,0.5044099444249276
1-0,1-0,0.0,0.44748011569304924,0.5024658270530136
1-0,1-0,0.0,0.4308955589267595,0.5093047847801165
1-0,1-0,0.0,0.4664824894708424,0.497605007446612
1-0,1-0,0.0,0.46506296975518513,0.5006015503013291
1-0,1-0,0.0,0.46329563813051966,0.5029269307779174
0-1,1-0,0.0,0.46598995029155865,0.49665755639668
1-0,1-0,0.0,0.45296133087806745,0.5002235700948853
1-0,1-0,0.0,0.4652583589547391,0.4964780870727411
1-0,1-0,0.0,0.461731371336254,0.49705765818118836
0-1,1-0,0.0,0.4662214731625761,0.49682019934318267
1-0,1-0,0.0,0.4632798953418558,0.5029461733138284
0-1,1-0,0.0,0.45835785616713276,0.49815609336935307
1-0,1-0,0.0,0.4628123994649264,0.49677696197291055
0-1,1-0,0.0,0.4509493536223946,0.5010375791402623
1-0,1-0,0.0,0.46618619389126376,0.49678809934588747
1-0,1-0,0.0,0.4549416447666751,0.4994397448882179
1-0,1-0,0.0,0.46566634491243625,0.4965401854378812
0-1,1-0,0.0,0.45330069785864147,0.5000878210040857
1-0,1-0,0.0,0.4664844247922562,0.49746789357593835
0-1,1-0,0.0,0.46591240287858127,0.49662114644879446
1-0,1-0,0.0,0.4589975018744037,0.49793048809203994
0-1,1-0,0.0,0.4591414765374671,0.4978805785605077
1-0,1-0,0.0,0.46454414087975054,0.4964849150712936
1-0,1-0,0.0,0.46625420277162344,0.4985069438863693
1-0,1-0,0.0,0.46529478478258846,0.5002568139144432
1-0,1-0,0.0,0.45800839609120053,0.4982817837102075
0-1,1-0,0.0,0.4649224700454481,0.49646780849697597
0-1,1-0,0.0,0.4656695590240205,0.4965409784184371
1-0,1-0,0.0,0.43990428510326346,0.5056162140433542
1-0,1-0,0.0,0.4637812146098078,0.4965805648969459
1-0,1-0,0.0,0.4507600960674913,0.5011148260584919
1-0,1-0,0.0,0.46480231071155853,0.5009732597031897
0-1,1-0,0.0,0.4663374921839826,0.49695962577976444
1-0,1-0,0.0,0.4600084273532647,0.49758783197088274
1-0,1-0,0.0,0.4640527303397132,0.4965390163385584
1-0,1-0,0.0,0.46551852486773604,0.4965095569523429
0-1,1-0,0.0,0.46593576960013866,0.496631437553474
1-0,1-0,0.0,0.46255163498541363,0.5038187497408809
1-0,1-0,0.0,0.46646426337116365,0.49728081329343954
0-1,1-0,0.0,0.46641522254094436,0.4971099658686156
1-0,1-0,0.0,0.46103201110545666,0.5055561001861033
1-0,1-0,0.0,0.4644997958260575,0.49648848292567327
0-1,1-0,0.0,0.4642732783594059,0.496510990152414
1-0,1-0,0.0,0.4612371039798435,0.5053267785817538
0-1,1-0,0.0,0.4530081220568625,0.5002048227396141
0-1,1-0,0.0,0.4570122011363087,0.5098464286027011
1-0,1-0,0.0,0.4625940457094671,0.5037687877191519
0-1,1-0,0.0,0.4445879961498261,0.5036679364218056
1-0,1-0,0.0,0.4515859896378496,0.5007785007953113
0-1,1-0,0.0,0.46372397232358964,0.49659020838949347
1-0,1-0,0.0,0.46391061625151114,0.502159622390671
1-0,1-0,0.0,0.4448952675460182,0.5035400144913248
0-1,1-0,0.0,0.4659924202559939,0.49665882819717055
1-0,1-0,0.0,0.44557586888416006,0.5032567781434842
0-1,1-0,0.0,0.4496927663547689,0.5015521683585457
1-0,1-0,0.0,0.4455418576032766,0.5032709275917375
1-0,1-0,0.0,0.43620442753245736,0.5071443709180635
0-1,1-0,0.0,0.4495555524605356,0.5016085804841648
0-1,1-0,0.0,0.46027983054909605,0.5063861805965233
1/2-1/2,1-0,0.0,0.4664341677758207,0.4971627939742552
1-0,1-0,0.0,0.46404166365296706,0.49654056538035474
0-1,1-0,0.0,0.46007149229461813,0.49756710935921844
0-1,1-0,0.0,0.4632668835747581,0.49667672759325954
1-0,1-0,0.0,0.46540103571968217,0.5000932311171894
1-0,1-0,0.0,0.45805356127779395,0.4982654494293051
1-0,1-0,0.0,0.46447526025174535,0.4964905810611306
0-1,1-0,0.0,0.44941153695924885,0.5016678301985794
1-0,1-0,0.0,0.4610001909364177,0.49727264896149553
0-1,1-0,0.0,0.44126769722357384,0.5050499882907074
1-0,1-0,0.0,0.46574430747719414,0.4995317251779857
0-1,1-0,0.0,0.46569568819812607,0.4996150384209198
1-0,1-0,0.0,0.4615951711346038,0.4970963874116585
0-1,1-0,0.0,0.45856597235609214,0.4980820290439626
0-1,1-0,0.0,0.4651386236335063,0.49647108439232923
0-1,1-0,0.0,0.4584263898392698,0.49813163642588676
0-1,1-0,0.0,0.4615036446476561,0.4971227718165722
1-0,1-0,0.0,0.4515149790485476,0.5008073363633236
0-1,1-0,0.0,0.4663625406121218,0.4970003493571109
1-0,1-0,0.0,0.4585950338312839,0.5081949829611012
0-1,1-0,0.0,0.4547033337222046,0.4995329015729972
1-0,1-0,0.0,0.45846109783913347,0.4981192754815877
0-1,1-0,0.0,0.46284936874867116,0.5034659089101069
0-1,1-0,0.0,0.4652799038516054,0.4964797965531059
0-1,1-0,0.0,0.4457992765329681,0.5031638500565223
1-0,1-0,0.0,0.4605144642736095,0.49742403303376964
0-1,1-0,0.0,0.4564091845112908,0.5104659970730764
1-0,1-0,0.0,0.4580568548450004,0.4982642593069618
1-0,1-0,0.0,0.46645104651872044,0.4972213362324317
1-0,1-0,0.0,0.4653642456289844,0.4964879370999575
1-0,1-0,0.0,0.4634734372601876,0.4966356516396925
0-1,1-0,0.0,0.46648112454959645,0.4976263190952683
1-0,1-0,0.0,0.46599657066792566,0.4966609821793204
0-1,1-0,0.0,0.43981548192757186,0.5056530484532311
1-0,1-0,0.0,0.46638652905374123,0.4970452662699229
1-0,1-0,0.0,0.45883005100292557,0.4979889539550244
1-0,1-0,0.0,0.4332466262330461,0.5083535938184185
0-1,1-0,0.0,0.4636686040747094,0.4965998074460006
1-0,1-0,0.0,0.4563037080452595,0.5105738897390695
0-1,1-0,0.0,0.4648457482448713,0.496469145808263
0-1,1-0,0.0,0.46017248958107854,0.5065033602729545
1-0,1-0,0.0,0.453044624037382,0.5001902045241435
0-1,1-0,0.0,0.46369552906313777,0.49659510675066965
1-0,1-0,0.0,0.45738110201145155,0.5094649705498738
1-0,1-0,0.0,0.4652523590450327,0.5003210769594055
0-1,1-0,0.0,0.4630315894953738,0.5032474008291443
1-0,1-0,0.0,0.46645717848150353,0.49724686748172714
0-1,1-0,0.0,0.46642958968618503,0.4979592552081731
1-0,1-0,0.0,0.46620878098348056,0.496808236631592
0-1,1-0,0.0,0.4654314936118395,0.49649621376751524
1-0,1-0,0.0,0.4638592528376836,0.4965678946044259
1-0,1-0,0.0,0.4655095659571635,0.4965080362058229
0-1,1-0,0.0,0.4602770961133396,0.49750014710959006
0-1,1-0,0.0,0.46490974112216266,0.4964679466110853
0-1,1-0,0.0,0.46531044330575555,0.4964824716744599
0-1,1-0,0.0,0.4663089330511894,0.4983628015334237
1-0,1-0,0.0,0.46500613266413626,0.4964677749749195
1-0,1-0,0.0,0.4664841653199787,0.4975692881669281
1-0,1-0,0.0,0.46613910688266014,0.496750248924805
0-1,1-0,0.0,0.4659826951963179,0.4966538635106999
1-0,1-0,0.0,0.42106980679618106,0.5131596192388197
1-0,1-0,0.0,0.46594851674748405,0.49663728926206646
0-1,1-0,0.0,0.4664835961244703,0.49744721075952497
1-0,1-0,0.0,0.4632990407809118,0.4966701338471841
1-0,1-0,0.0,0.45995239496496937,0.49760631375969316
0-1,1-0,0.0,0.4585318012915629,0.4980941477221937
0-1,1-0,0.0,0.46572174709819747,0.49655470807801205
1-0,1-0,0.0,0.4648184801538855,0.4964699043301604
1-0,1-0,0.0,0.45889629300730583,0.5078758941995254
1-0,1-0,0.0,0.4656600927219628,0.4996751190240244
1-0,1-0,0.0,0.4662240686310313,0.4985810405481351
0-1,1-0,0.0,0.46480657186222163,0.4964702805039483
1-0,1-0,0.0,0.4607261332953626,0.4973573090386224
1-0,1-0,0.0,0.456459201381443,0.5104147859932123
0-1,1-0,0.0,0.44747914078527884,0.5024662311583457
1-0,1-0,0.0,0.46635944334287815,0.4969950092552682
0-1,1-0,0.0,0.46143335733164786,0.5051060075107102
0-1,1-0,0.0,0.4536251428877022,0.49995854259825573
0-1,1-0,0.0,0.46476596899642475,0.4964717634302609
0-1,1-0,0.0,0.4641977206533144,0.49651996003719995
1-0,1-0,0.0,0.4664144477869303,0.49710801046301833
0-1,1-0,0.0,0.46648130388442327,0.49741017796656645
1-0,1-0,0.0,0.46469350979932683,0.49647515121242447
0-1,1-0,0.0,0.4650976181562793,0.5005509617859355
0-1,1-0,0.0,0.460223146297656,0.5064480975473579
1-0,1-0,0.0,0.466479434793651,0.4973882326170862
1-0,1-0,0.0,0.46637005448911273,0.4981801809088881
0-1,1-0,0.0,0.4544334675972262,0.49963881859821374
0-1,1-0,0.0,0.4382026722153959,0.5063208208406531
1-0,1-0,0.0,0.4662665940909338,0.4984754947396242
0-1,1-0,0.0,0.4661829445456099,0.4967853157607022
0-1,1-0,0.0,0.46290509274245706,0.49675551565128667
1-0,1-0,0.0,0.4639878639423964,0.5020607970905067
1/2-1/2,1-0,0.0,0.44277384921305585,0.5044233436696751
1-0,1-0,0.0,0.4403667266897549,0.5054243025282429
1-0,1-0,0.0,0.4545149093163158,0.4996068081432384
1-0,1-0,0.0,0.46256686504449623,0.4968360052688877
0-1,1-0,0.0,0.46398811435398607,0.5020604757238436
0-1,1-0,0.0,0.45865236277171056,0.4980514664639066
1-0,1-0,0.0,0.46645924540252337,0.49725620157217537
0-1,1-0,0.0,0.4540866477694419,0.4997755641813703
0-1,1-0,0.0,0.4627557239269069,0.4967903089557731
0-1,1-0,0.0,0.42772749762925055,0.5105703020086608
0-1,1-0,0.0,0.4591098911740176,0.49789149864410104
0-1,1-0,0.0,0.43639086102560476,0.5070677393925701
1-0,1-0,0.0,0.46281492015455156,0.5035069910693233
1-0,1-0,0.0,0.4663180658058102,0.4983372434864398
1-0,1-0,0.0,0.46354700809752986,0.49662178404780327
0-1,1-0,0.0,0.4658460165923355,0.4993521382204478
1-0,1-0,0.0,0.41772841387552834,0.5144190394562058
1-0,1-0,0.0,0.45998985160671446,0.49759395177194143
1-0,1-0,0.0,0.4626021777884694,0.49682732254685114
0-1,1-0,0.0,0.4654600963093579,0.5000005098519167
1-0,1-0,0.0,0.4575519411182143,0.5092876512883853
1-0,1-0,0.0,0.4663664813872836,0.4970072826413906
0-1,1-0,0.0,0.46605958905579464,0.4989436060810391
0-1,1-0,0.0,0.44629061219389693,0.5029595770583486
0-1,1-0,0.0,0.44620590582030506,0.5029947826522617
1-0,1-0,0.0,0.46130560323554,0.4971808006175495
1-0,1-0,0.0,0.4663240902247695,0.4983201003500842
1-0,1-0,0.0,0.463144591847796,0.5031108332387783
0-1,1-0,0.0,0.45307473987927377,0.5001781482477163
1/2-1/2,1-0,0.0,0.45216420499144416,0.5147174127007891
1-0,1-0,0.0,0.456133627613014,0.49897974917276783
1-0,1-0,0.0,0.4664813326758407,0.49762332074766286
1-0,1-0,0.0,0.4530648289392087,0.5138289900748694
1-0,1-0,0.0,0.46188072343925557,0.5045974416578606
0-1,1-0,0.0,0.4653251126625486,0.49648386474385975
1-0,1-0,0.0,0.46637116480026714,0.49817655920509646
0-1,1-0,0.0,0.46645814540268415,0.4972511825005555
1-0,1-0,0.0,0.4589686066072868,0.4979405452994755
0-1,1-0,0.0,0.45873356100960383,0.49802284107665423
1-0,1-0,0.0,0.4568107737470243,0.4987235588795682
1-0,1-0,0.0,0.46606764171091314,0.49892708620311677
0-1,1-0,0.0,0.4643895589908955,0.49649857623723875
1-0,1-0,0.0,0.4664850363004518,0.49749458451135165
0-1,1-0,0.0,0.4664066788942399,0.497089124270235
0-1,1-0,0.0,0.4616886237614059,0.5048167680146108
1-0,1-0,0.0,0.46644597996353565,0.49788249660212214
1-0,1-0,0.0,0.44973431588608564,0.5170859288371065
0-1,1-0,0.0,0.46627591886275477,0.4984514071474578
1-0,1-0,0.0,0.46598711203558374,0.4966561041425317
0-1,1-0,0.0,0.45429175354712525,0.4996946115413722
0-1,1-0,0.0,0.4640401749306307,0.4965407747500986
0-1,1-0,0.0,0.4653879268230365,0.500113630126659
0-1,1-0,0.0,0.4547601297280419,0.5121381947214467
1-0,1-0,0.0,0.4647405800930735,0.49647284444249784
1-0,1-0,0.0,0.46336768381250915,0.49665629969166697
0-1,1-0,0.0,0.42855438658792666,0.5102419072451113
1-0,1-0,0.0,0.4138989714516008,0.5158264056390148
0-1,1-0,0.0,0.4664480769333203,0.4978717589473995
1-0,1-0,0.0,0.4623818924076225,0.5040177819892511
0-1,1-0,0.0,0.4659980355198865,0.49906678089796086
1-0,1-0,0.0,0.4655826484470613,0.4998034158511209
1-0,1-0,0.0,0.4664718550179746,0.4977219718927482
1-0,1-0,0.0,0.369883971428,0.5286744716876346
1-0,1-0,0.0,0.46461285130241176,0.49647997852581227
1-0,1-0,0.0,0.4664690060239249,0.49774420678956854
0-1,1-0,0.0,0.45938118692037594,0.49779825445059794
1-0,1-0,0.0,0.45419479356956177,0.5127049232387185
1-0,1-0,0.0,0.4580019015376187,0.508818493145014
0-1,1-0,0.0,0.43762584551645745,0.5065590269349458
1-0,1-0,0.0,0.46232638618712657,0.4968967296248775
1-0,1-0,0.0,0.4628749108880546,0.4967624456974225
0-1,1-0,0.0,0.45618871487206186,0.49895875645973403
1-0,1-0,0.0,0.4318286051545694,0.5089284456188392
0-1,1-0,0.0,0.4150235048183557,0.515417243243323
1-0,1-0,0.0,0.4654346560593385,0.5000406167616949
0-1,1-0,0.0,0.465978440178895,0.4991049490987698
1-0,1-0,0.0,0.46647445751215943,0.4973440938165214
0-1,1-0,0.0,0.4572567663682797,0.498557209314642
0-1,1-0,0.0,0.46076131686201477,0.49734632836326464
1-0,1-0,0.0,0.46239536692167144,0.49687903441514325
1-0,1-0,0.0,0.46635156717429344,0.4982386329191272
0-1,1-0,0.0,0.46439016192203525,0.501535199253649
1-0,1-0,0.0,0.4457560128478527,0.5031818438674457
0-1,1-0,0.0,0.4621929153298584,0.4969315689822556
1-0,1-0,0.0,0.4659778293955191,0.49910613136548004
0-1,1-0,0.0,0.4521971293582631,0.5146850432207959
1-0,1-0,0.0,0.4662487772252588,0.49852052467591956
1-0,1-0,0.0,0.4656313933199124,0.4965319345507049
1-0,1-0,0.0,0.4591630289913168,0.4978731367117914
0-1,1-0,0.0,0.44011857638230634,0.5055273036959949
0-1,1-0,0.0,0.466161594707561,0.4987258510636619
1-0,1-0,0.0,0.46372131702238917,0.496590662712531
0-1,1-0,0.0,0.4622072508947993,0.4969277899779497
0-1,1-0,0.0,0.4528356217792913,0.5002739835950527
1-0,1-0,0.0,0.4646349658955637,0.501204776165429
0-1,1-0,0.0,0.45301533129841315,0.5002019351368926
1-0,1-0,0.0,0.46579919161837324,0.4994357739070844
1-0,1-0,0.0,0.4585749127846543,0.49807886112296273
1-0,1-0,0.0,0.454516148030117,0.49960632157454227
1-0,1-0,0.0,0.45595985167533204,0.49904613690480704
0-1,1-0,0.0,0.4622085659309975,0.504219548313168
0-1,1-0,0.0,0.4619416292972382,0.49699918911165186
1-0,1-0,0.0,0.45022712207437793,0.5013328722761895
1-0,1-0,0.0,0.4644621854841855,0.4964917344763812
0-1,1-0,0.0,0.46029440693758317,0.49749455209321847
0-1,1-0,0.0,0.46323399626086553,0.49668354387067765
0-1,1-0,0.0,0.4652462648451559,0.4964771901874619
1-0,1-0,0.0,0.4660591393789566,0.49894452562118785
0-1,1-0,0.0,0.46415128796216465,0.4965258061542245
0-1,1-0,0.0,0.45989853541259723,0.49762413997288124
0-1,1-0,0.0,0.4609600034513299,0.4972849355736623
0-1,1-0,0.0,0.465533384612271,0.49651215782353764
1-0,1-0,0.0,0.4664787968085174,0.4973816442760384
1-0,1-0,0.0,0.4636254817400853,0.4966074628496909
0-1,1-0,0.0,0.46286743351690046,0.50344433739464
0-1,1-0,0.0,0.463230028772913,0.49668437109973396
0-1,1-0,0.0,0.4584882890779715,0.49810960341184296
1/2-1/2,1-0,0.0,0.4663538913741981,0.4969856655026392
1-0,1-0,0.0,0.4498522253744328,0.5169718613285019
1-0,1-0,0.0,0.461917611541795,0.49700578387651995
1-0,1-0,0.0,0.45636616301861244,0.5105100207401287
0-1,1-0,0.0,0.4628895742016077,0.4967590723811949
0-1,1-0,0.0,0.4420504156792513,0.5047244432245678
0-1,1-0,0.0,0.4649912824898349,0.4964676670695959
1-0,1-0,0.0,0.4662291516168901,0.4985687610003469
1-0,1-0,0.0,0.4514922719554059,0.5008165605498232
0-1,1-0,0.0,0.45417738668457264,0.49973972168401054
0-1,1-0,0.0,0.46497002422913425,0.5007358127322649
0-1,1-0,0.0,0.44743510621889365,0.5024844848700611
1-0,1-0,0.0,0.4664453388845896,0.4971999092249182
0-1,1-0,0.0,0.45842349178158537,0.49813266930641903
1-0,1-0,0.0,0.4657843474189009,0.49946193680341455
1-0,1-0,0.0,0.4492063476559159,0.5017523176583023
1-0,1-0,0.0,0.45885981062067066,0.4979785312203384
1-0,1-0,0.0,0.44877786760493127,0.5019289944788622
0-1,1-0,0.0,0.4600401814760139,0.5066473917824605
1-0,1-0,0.0,0.4641145346413871,0.4965306073703587
1-0,1-0,0.0,0.46415244781440335,0.5018481016745822
1-0,1-0,0.0,0.4584528222489391,0.4981222212238171
0-1,1-0,0.0,0.4650794765521786,0.5005774873552434
1-0,1-0,0.0,0.46634418567500957,0.4969699882344006
1-0,1-0,0.0,0.44193788914113513,0.5244782150975608
0-1,1-0,0.0,0.46629603457684954,0.4983980833611421
0-1,1-0,0.0,0.4660477087715035,0.49668937231628546
1-0,1-0,0.0,0.4487812539738455,0.5019275969179267
0-1,1-0,0.0,0.465709309673954,0.49959184705477805
1-0,1-0,0.0,0.46491810629283187,0.4964678520032523
1-0,1-0,0.0,0.4451329348899057,0.5034410880819814
0-1,1-0,0.0,0.46564673546295654,0.4965354735048005
1-0,1-0,0.0,0.4664734359232424,0.4973365411830474
1-0,1-0,0.0,0.4542393143195046,0.4997152861685101
0-1,1-0,0.0,0.43027286121706354,0.5095550619346264
0-1,1-0,0.0,0.45464096988088465,0.5122579046856042
1-0,1-0,0.0,0.4619351876139066,0.5045349843947332
0-1,1-0,0.0,0.4571722095082525,0.49858859109219145
0-1,1-0,0.0,0.4643593393436281,0.4965016339741354
0-1,1-0,0.0,0.4542946117423281,0.4996934851226514
1-0,1-0,0.0,0.46643866236831605,0.49791817347212325
0-1,1-0,0.0,0.4616864786098095,0.4970703516742667
1-0,1-0,0.0,0.46488034415206647,0.5008635072360126
0-1,1-0,0.0,0.46643709880479445,0.4979254790001677
1-0,1-0,0.0,0.44719615453194445,0.5025835745273572
1-0,1-0,0.0,0.4642356784423276,0.4965153680970464
0-1,1-0,0.0,0.46610772205038437,0.4967276708723718
0-1,1-0,0.0,0.3868649170437078,0.5245043670383568
0-1,1-0,0.0,0.45948333950003584,0.4977634778628382
0-1,1-0,0.0,0.46480788811928075,0.5009654550517125
0-1,1-0,0.0,0.45257972740118224,0.5003768107043545
1-0,1-0,0.0,0.46646005578437993,0.49780449691793666
0-1,1-0,0.0,0.4518228046331413,0.5006824563866781
1-0,1-0,0.0,0.46565735409583514,0.49653799835121354
0-1,1-0,0.0,0.4662618119775593,0.4984877050354376
1-0,1-0,0.0,0.46321952211875533,0.49668656683606643
1-0,1-0,0.0,0.40059773802532717,0.5203868963935415
1-0,1-0,0.0,0.4664846777776349,0.49755255510861374
0-1,1-0,0.0,0.4626254198680703,0.5037317654367115
0-1,1-0,0.0,0.4353827147686187,0.5074815771769289
0-1,1-0,0.0,0.46338576548676214,0.496652711262351
1-0,1-0,0.0,0.4500146941111104,0.5014199739836719
1-0,1-0,0.0,0.4664322851752028,0.49794736477764995
0-1,1-0,0.0,0.46556086398119195,0.4965172326063285
0-1,1-0,0.0,0.46443916266685303,0.5014697727761447
1-0,1-0,0.0,0.46411448282911943,0.5018974340500065
0-1,1-0,0.0,0.4363091957152047,0.507101312582654
1-0,1-0,0.0,0.46540133410487583,0.4964922948240486
0-1,1-0,0.0,0.456561058487913,0.4988175524656774
1-0,1-0,0.0,0.4654960352412618,0.4999433995123094
0-1,1-0,0.0,0.43516828411458464,0.5075694202346858
0-1,1-0,0.0,0.4553111720655974,0.49929603518202487
1-0,1-0,0.0,0.465396115950037,0.5001008943486741
0-1,1-0,0.0,0.45610715280021147,0.5107745841513084
1-0,1-0,0.0,0.46236605176974566,0.49688652799944366
1-0,1-0,0.0,0.4655887123014423,0.4997934825040254
1-0,1-0,0.0,0.4553877481179562,0.5115052978556007
1-0,1-0,0.0,0.4646573743430228,0.4964771805441421
0-1,1-0,0.0,0.4625743014446675,0.4968341716433984
1-0,1-0,0.0,0.4637249858863939,0.4965900351301765
1-0,1-0,0.0,0.44726372066942255,0.5025555497451131
0-1,1-0,0.0,0.4394329147688003,0.5058116593149397
1-0,1-0,0.0,0.4593756819203384,0.49780013385547417
0-1,1-0,0.0,0.4179691390051834,0.514329263481057
1-0,1-0,0.0,0.4648840251831735,0.4964683285533709
1-0,1-0,0.0,0.4655348266930747,0.49988113137009244
0-1,1-0,0.0,0.46548373614219996,0.4965038458263294
0-1,1-0,0.0,0.4305445344817799,0.5094459587069671
1-0,1-0,0.0,0.46182482336374936,0.4970314677351709
0-1,1-0,0.0,0.4628648562680676,0.4967647658088984
1/2-1/2,1-0,0.0,0.4602878659920023,0.49749666538766985
1-0,1-0,0.0,0.466345838151648,0.49697260131693505
1-0,1-0,0.0,0.46599644719774047,0.4990698922079749
0-1,1-0,0.0,0.46156192821333747,0.4971059377075549
1-0,1-0,0.0,0.46138487858067107,0.49715742129130613
0-1,1-0,0.0,0.4662396288177635,0.4985431779743786
1-0,1-0,0.0,0.464880245728024,0.4964683961333757
1-0,1-0,0.0,0.4560962551611758,0.5107856976512198
0-1,1-0,0.0,0.4664374556536249,0.497923820620064
1-0,1-0,0.0,0.44694994357699447,0.5026857353843547
1-0,1-0,0.0,0.45292698704201195,0.500237336360452
1-0,1-0,0.0,0.4641035855334302,0.49653206675939626
1-0,1-0,0.0,0.4618622761333907,0.5046185683198694
0-1,1-0,0.0,0.4441461845476237,0.5038519015271092
1-0,1-0,0.0,0.46191059016419095,0.4970077159871631
0-1,1-0,0.0,0.4586654169612072,0.49804685776595853
0-1,1-0,0.0,0.46431257732496184,0.5016381190070812
0-1,1-0,0.0,0.4662216863799891,0.4985867669721824
0-1,1-0,0.0,0.4646175793583792,0.4964796661360848
0-1,1-0,0.0,0.4664765492850833,0.49736089559143476
1/2-1/2,1-0,0.0,0.342368355818372,0.5330350026322013
0-1,1-0,0.0,0.46517104711776724,0.49647258065634153
0-1,1-0,0.0,0.46646475306407276,0.4977743316059163
1-0,1-0,0.0,0.4610027712155262,0.49727186163137954
1-0,1-0,0.0,0.46356766700564955,0.49661796595070895
0-1,1-0,0.0,0.4648583390422309,0.49646884467423813
0-1,1-0,0.0,0.46416112728152714,0.5018367998852611
0-1,1-0,0.0,0.4625982313441416,0.4968282898108183
1-0,1-0,0.0,0.46619993696582085,0.4968001828918192
0-1,1-0,0.0,0.4664851093315583,0.49752734556254996
0-1,1-0,0.0,0.46076931422429873,0.49734383690655937
1-0,1-0,0.0,0.45805231003993413,0.4982659015973794
0-1,1-0,0.0,0.4661275219999875,0.4967416887393626
1-0,1-0,0.0,0.4663435685176755,0.4982629519596592
0-1,1-0,0.0,0.4611532299083014,0.497226280557107
1-0,1-0,0.0,0.4629656089338789,0.4967417785997921
0-1,1-0,0.0,0.46540188867682764,0.5000919015964033
1-0,1-0,0.0,0.46415331701587187,0.4965255455200321
1-0,1-0,0.0,0.44555487192036825,0.5032655132814269
1-0,1-0,0.0,0.45741650308780857,0.49849813525842873
0-1,1-0,0.0,0.4647099165382107,0.49647430326492076
1/2-1/2,1-0,0.0,0.46519403297698175,0.5004085240575833
0-1,1-0,0.0,0.45360759629560016,0.49996552110455694
1-0,1-0,0.0,0.44930966576245307,0.501709765958924
1-0,1-0,0.0,0.46544116101485666,0.49649754384378614
0-1,1-0,0.0,0.3845887878535624,0.5251243555210222
0-1,1-0,0.0,0.4647640319511534,0.5010266646033009
1-0,1-0,0.0,0.41081574641730384,0.5169301071867158
1-0,1-0,0.0,0.4656634219366518,0.49653946939122734
1-0,1-0,0.0,0.4657805740550533,0.496572263958432
1-0,1-0,0.0,0.4663576838998617,0.4982196592173212
1-0,1-0,0.0,0.4657709000970829,0.496569214889435
0-1,1-0,0.0,0.4396210246969693,0.5057336847662249
1-0,1-0,0.0,0.4659414644587828,0.49663403054850264
0-1,1-0,0.0,0.45941405678488056,0.49778704389422573
1-0,1-0,0.0,0.4565616225680839,0.49881733948831336
0-1,1-0,0.0,0.4663559783855451,0.49822498397641213
1-0,1-0,0.0,0.4660055285433785,0.49666570456867454
0-1,1-0,0.0,0.4490580359167864,0.5018134347328982
0-1,1-0,0.0,0.46320401789441623,0.5030386708392962
1-0,1-0,0.0,0.44675555252871074,0.5027664346510334
0-1,1-0,0.0,0.43949720842188994,0.505785011929756
0-1,1-0,0.0,0.46012711443274024,0.49754890278635316
1-0,1-0,0.0,0.4656873716097973,0.49654548131183723
1-0,1-0,0.0,0.4647171782781871,0.5010916631031487
1-0,1-0,0.0,0.4663726320112422,0.4970184323072154
0-1,1-0,0.0,0.46437257726612924,0.5015585972242299
1-0,1-0,0.0,0.45463786116864674,0.4995585575880666
0-1,1-0,0.0,0.4596892686944136,0.49769395451181575
1-0,1-0,0.0,0.4653590699330169,0.5001583137759268
1-0,1-0,0.0,0.4664469411234306,0.4978776063502099
0-1,1-0,0.0,0.4557184252944257,0.5111701509391122
1-0,1-0,0.0,0.46289503433218687,0.5034113409025405
1-0,1-0,0.0,0.4662354369593841,0.4968339495500173
1-0,1-0,0.0,0.45916726393769525,0.5075873964147034
1-0,1-0,0.0,0.4581279532714938,0.508686485050478
1/2-1/2,1-0,0.0,0.4621757981367711,0.5042575335391959
0-1,1-0,0.0,0.4640096050588394,0.49654512534856765
0-1,1-0,0.0,0.46622052544219783,0.49858955110137443
1-0,1-0,0.0,0.4564030389600546,0.5104722871955013
0-1,1-0,0.0,0.4662892801032594,0.4984162077354606
0-1,1-0,0.0,0.4536173414279002,0.5132807423635183
1-0,1-0,0.0,0.46524053062447396,0.496476780449163
1-0,1-0,0.0,0.45955753024082235,0.49773833930800093
0-1,1-0,0.0,0.4594580403211582,0.49777207315921673
1-0,1-0,0.0,0.463968043056447,0.4965511949169429
0-1,1-0,0.0,0.44971765640100253,0.5015419396439657
0-1,1-0,0.0,0.4633940776014229,0.4966510695889422
1-0,1-0,0.0,0.4664583883311221,0.4978145926083204
1-0,1-0,0.0,0.46571320505982167,0.4995851938709718
1-0,1-0,0.0,0.4664102379151469,0.49803849433079583
1-0,1-0,0.0,0.4594660945261593,0.5072675003775788
0-1,1-0,0.0,0.4632045623106466,0.5030380086177056
1/2-1/2,1-0,0.0,0.4400650509740607,0.50554951487657
0-1,1-0,0.0,0.4520913229956055,0.5005737870217527
1-0,1-0,0.0,0.41242028870688147,0.5163590832286199
0-1,1-0,0.0,0.45867653748812304,0.49804293372428027
1-0,1-0,0.0,0.46014805227203687,0.5065299961049572
1-0,1-0,0.0,0.46637605780297486,0.49702482653695884
1-0,1-0,0.0,0.4649437277108946,0.500773437004334
0-1,1-0,0.0,0.4597986167180954,0.49765736629391555
0-1,1-0,0.0,0.460547814316701,0.5060922984216093
1-0,1-0,0.0,0.4649583308703042,0.5007525622538093
0-1,1-0,0.0,0.4625180138292775,0.5038582897905484
1-0,1-0,0.0,0.46633500360319746,0.49695586059046315
1-0,1-0,0.0,0.46544227931550564,0.4964977000643217
1-0,1-0,0.0,0.46577849590183873,0.4994722059578893
0-1,1-0,0.0,0.4623484576024615,0.5040568154465863
0-1,1-0,0.0,0.4663053003686725,0.49691415347737933
1-0,1-0,0.0,0.4629212160456999,0.5033799982877902
0-1,1-0,0.0,0.46542272917048444,0.496495039243534
1-0,1-0,0.0,0.4464973845248797,0.5028736602223253
0-1,1-0,0.0,0.4495707967760225,0.5016023112379515
1-0,1-0,0.0,0.46459079273596465,0.5012650826179376
1-0,1-0,0.0,0.46460514674253983,0.49648049523530846
1-0,1-0,0.0,0.4662609990844231,0.49848977131585315
0-1,1-0,0.0,0.46634087363621224,0.4969648169924323
1-0,1-0,0.0,0.4563042687175779,0.4989148048957131
0-1,1-0,0.0,0.4561027114273919,0.4989915418894347
0-1,1-0,0.0,0.4637865978825501,0.49657967299262823
1-0,1-0,0.0,0.44694755276855086,0.5026867276932335
1-0,1-0,0.0,0.4628139512474844,0.49677659899531085
1-0,1-0,0.0,0.46133693285674177,0.4971715375263417
0-1,1-0,0.0,0.45612470188261073,0.49898315299804097
0-1,1-0,0.0,0.4032313036975212,0.5195265848829373
0-1,1-0,0.0,0.46225799008573587,0.49691448558765555
0-1,1-0,0.0,0.4655365392643591,0.49651272275726066
1-0,1-0,0.0,0.4410390318326841,0.5051450356239443
1-0,1-0,0.0,0.46641822826676593,0.4980069377118122
0-1,1-0,0.0,0.4664759216723247,0.4973556413505281
0-1,1-0,0.0,0.4630932672522695,0.4967135158111088
1-0,1-0,0.0,0.4635223594611126,0.5026477417873707
0-1,1-0,0.0,0.46644936445049034,0.49786503656993225
1-0,1-0,0.0,0.4579348344858865,0.4983084428934634
1-0,1-0,0.0,0.4589697734791813,0.5077978038507482
1-0,1-0,0.0,0.42690261943154867,0.5108964848332751
0-1,1-0,0.0,0.4662310402988995,0.4985641766949703
0-1,1-0,0.0,0.4563681256568889,0.49889056606299664
0-1,1-0,0.0,0.448895851968674,0.5018803134894068
1-0,1-0,0.0,0.43661252028098124,0.5069765708504945
0-1,1-0,0.0,0.4638656232710802,0.4965668852647414
1-0,1-0,0.0,0.4506617401425625,0.501155009408052
1-0,1-0,0.0,0.46641028443535604,0.49803831469278914
1-0,1-0,0.0,0.4579104683242397,0.5089140851266739
1-0,1-0,0.0,0.45082300702240186,0.5010891374859315
0-1,1-0,0.0,0.46358958202685907,0.4966139528828685
1-0,1-0,0.0,0.4572243667800839,0.498569224907689
1-0,1-0,0.0,0.4568574891132777,0.4987060410921877
1-0,1-0,0.0,0.4664734294416468,0.4977087481408029
0-1,1-0,0.0,0.46520809270174396,0.4964746465736337
1-0,1-0,0.0,0.46373048667370476,0.4965890963813285
0-1,1-0,0.0,0.4634710853359058,0.5027112305556531
0-1,1-0,0.0,0.4595724024064433,0.49773331229795015
0-1,1-0,0.0,0.4565445117848843,0.498823801230461
1-0,1-0,0.0,0.4483620481069154,0.5021007437693177
1-0,1-0,0.0,0.4535779243962466,0.5133199405939073
0-1,1-0,0.0,0.4539068799724689,0.5129923953810148
1-0,1-0,0.0,0.4650460316713876,0.5006261716514581
0-1,1-0,0.0,0.4660493178425787,0.4989645330603799
0-1,1-0,0.0,0.46251447436837456,0.5038624489291345
1-0,1-0,0.0,0.45201781943272384,0.5006035085439744
1-0,1-0,0.0,0.436378289371481,0.5070729082467179
1-0,1-0,0.0,0.4610998007187316,0.49724239194687025
0-1,1-0,0.0,0.45806764815152806,0.4982603601461662
0-1,1-0,0.0,0.464840695172834,0.49646927544720376
1-0,1-0,0.0,0.44065537490852863,0.5053044374998873
0-1,1-0,0.0,0.46642573258902037,0.49713797298343665
0-1,1-0,0.0,0.46452823192902454,0.496486161371879
0-1,1-0,0.0,0.450636710543865,0.5011652393782569
1-0,1-0,0.0,0.4664840953139703,0.49757120567729246
1/2-1/2,1-0,0.0,0.4474304175373836,0.5024864286031506
1-0,1-0,0.0,0.45821056584917774,0.5085998259694609
0-1,1-0,0.0,0.466230836677338,0.49682934854734734
0-1,1-0,0.0,0.44763804939853574,0.5191009998280867
1-0,1-0,0.0,0.45148381264713816,0.5008199973522457
1-0,1-0,0.0,0.464533035659264,0.49648578104297253
1/2-1/2,1-0,0.0,0.4579341715071438,0.49830868346898566
0-1,1-0,0.0,0.4520702061556808,0.5005823237264255
0-1,1-0,0.0,0.4628777295722582,0.49676179630865175
1-0,1-0,0.0,0.46127262683934883,0.49719058348172424
0-1,1-0,0.0,0.4621770951411144,0.4969357494989184
0-1,1-0,0.0,0.4511007532235779,0.5157587889182532
1-0,1-0,0.0,0.45885723445836324,0.49797943292957725
1-0,1-0,0.0,0.4612831685104214,0.49718745251680874
1-0,1-0,0.0,0.46378788382353253,0.49657946032351663
0-1,1-0,0.0,0.46482166197903,0.5009461550131011
1/2-1/2,1-0,0.0,0.45532545611625475,0.5115682980898738
1-0,1-0,0.0,0.4524133685255029,0.500443801375264
1-0,1-0,0.0,0.4664842218136054,0.4975676926811544
1-0,1-0,0.0,0.45939992690477055,0.4977918606574567
0-1,1-0,0.0,0.4535374853120838,0.4999934203538202
1-0,1-0,0.0,0.45994662984510387,0.5067489707628736
1-0,1-0,0.0,0.42662415611656107,0.5110062725823078
0-1,1-0,0.0,0.46647526718238247,0.4973503647398178
1-0,1-0,0.0,0.4660008031612559,0.4966632008384992
1-0,1-0,0.0,0.46577407297730106,0.4994799517276457
1-0,1-0,0.0,0.4602399894531922,0.4975121631148936
1-0,1-0,0.0,0.44919596636791126,0.5017565943157445
1-0,1-0,0.0,0.46608186758311393,0.4967104434960728
1-0,1-0,0.0,0.46647385318150697,0.49733958060004063
1-0,1-0,0.0,0.458908856216379,0.5078625502317219
1-0,1-0,0.0,0.4655747354122653,0.49651992907544257
0-1,1-0,0.0,0.46289477534617146,0.4967578787868693
1-0,1-0,0.0,0.4421903986151781,0.5242426858146645
1-0,1-0,0.0,0.45909979574338344,0.4978949924454696
0-1,1-0,0.0,0.4630714016805801,0.4967182860322913
1-0,1-0,0.0,0.45771032037094017,0.5091228735824102
0-1,1-0,0.0,0.46275233735772986,0.5035814479236115
1-0,1-0,0.0,0.4641275142756329,0.49652889453003707
0-1,1-0,0.0,0.465785515427828,0.4965738471260072
0-1,1-0,0.0,0.45314823029862994,0.5001487448205267
0-1,1-0,0.0,0.44795182135713535,0.5022704344160404
1-0,1-0,0.0,0.4557304592279411,0.49913414343075924
0-1,1-0,0.0,0.46190170868653724,0.49701016265366443
0-1,1-0,0.0,0.46480552424727956,0.49647031488793664
1-0,1-0,0.0,0.45151016031205476,0.5153588125469507
1-0,1-0,0.0,0.4648244085513873,0.5009423020697108
0-1,1-0,0.0,0.46609903835278427,0.4988616682949659
1/2-1/2,1-0,0.0,0.46623295536867637,0.4968314586965654
1/2-1/2,1-0,0.0,0.4249053027066431,0.511680212191203
0-1,1-0,0.0,0.4592483868473258,0.5075007394888492
0-1,1-0,0.0,0.463453723852243,0.5027326805028397
1-0,1-0,0.0,0.43049850427606046,0.5094644540346268
1-0,1-0,0.0,0.4663997536186769,0.4970732892366671
1-0,1-0,0.0,0.4664728025080538,0.4977141054923838
0-1,1-0,0.0,0.46008777278459095,0.49756177345078173
1-0,1-0,0.0,0.450549540975703,0.5012008797163164
1-0,1-0,0.0,0.448401462390422,0.5183698722939496
0-1,1-0,0.0,0.4616732374784323,0.5048342717764417
0-1,1-0,0.0,0.4664574589878406,0.49724811025382454
0-1,1-0,0.0,0.4647515621068618,0.501044002747406
0-1,1-0,0.0,0.466484932032374,0.4975407205957443
1-0,1-0,0.0,0.4658829419829231,0.4992849058543902
0-1,1-0,0.0,0.4330976221850908,0.5084141567941861
0-1,1-0,0.0,0.4517129936971101,0.5007269688120061
1-0,1-0,0.0,0.46013468342664293,0.5065445612738699
1-0,1-0,0.0,0.4548977873111095,0.49945686163293634
0-1,1-0,0.0,0.46418022160972805,0.4965221340510132
0-1,1-0,0.0,0.44189072037709953,0.5047908853651061
1-0,1-0,0.0,0.4256746703098209,0.5113793586700316
1/2-1/2,1-0,0.0,0.4497527516294739,0.501527519284433
1-0,1-0,0.0,0.4653999375188211,0.49649212164338546
0-1,1-0,0.0,0.4664616206990888,0.497267475386396
0-1,1-0,0.0,0.4644141788513674,0.49649617562292164
0-1,1-0,0.0,0.4629028256933392,0.4967560343827078
1-0,1-0,0.0,0.4577537362339319,0.5090776366409842
0-1,1-0,0.0,0.4585846381851914,0.49807541637187214
1-0,1-0,0.0,0.43959353606344176,0.505745081089578
0-1,1-0,0.0,0.45351265622522,0.5133848171021712
0-1,1-0,0.0,0.4648113109309236,0.5009606624230672
0-1,1-0,0.0,0.46600034100921983,0.4990622591229013
0-1,1-0,0.0,0.46367936365873874,0.49659792160428345
0-1,1-0,0.0,0.45818966705399994,0.5086217592285605
0-1,1-0,0.0,0.4663259648792744,0.496942560408173
0-1,1-0,0.0,0.4645345018810866,0.49648566564551966
1-0,1-0,0.0,0.46305441357616195,0.49672201262956267
1-0,1-0,0.0,0.42771870691487696,0.5105737856447161
1-0,1-0,0.0,0.45791350484253834,0.4983161855328688
0-1,1-0,0.0,0.45685328792683866,0.49870761562475807
1/2-1/2,1-0,0.0,0.4664494307784314,0.49721506726006837
0-1,1-0,0.0,0.45271993124980076,0.5003204385174786
1-0,1-0,0.0,0.4662975017003227,0.4983941156474795
1-0,1-0,0.0,0.45665720371864205,0.5102117446892207
1-0,1-0,0.0,0.46641258232413046,0.4980293841414726
0-1,1-0,0.0,0.44636752454985124,0.5029276151972939
0-1,1-0,0.0,0.46591070684950836,0.4966204206931883
0-1,1-0,0.0,0.4631152950246421,0.4967087404513357
1-0,1-0,0.0,0.46503660385604983,0.4964681563849919
1-0,1-0,0.0,0.45942427336520386,0.497783563365671
1-0,1-0,0.0,0.4650008982255281,0.5006914397866673
1-0,1-0,0.0,0.4592248212573358,0.507525926602857
1-0,1-0,0.0,0.4394233128600746,0.5058156386548838
0-1,1-0,0.0,0.44994145232657057,0.5014500293981866
0-1,1-0,0.0,0.4622108500974362,0.496926842569994
1-0,1-0,0.0,0.46633304330460074,0.4969529268294267
0-1,1-0,0.0,0.4548074887146751,0.4994921425411509
0-1,1-0,0.0,0.46647333311339406,0.4973358014467846
1-0,1-0,0.0,0.4654691879090221,0.49650160940852617
1-0,1-0,0.0,0.4664843513090212,0.49746568534555446
1-0,1-0,0.0,0.4658164870786067,0.49940508234571407
1-0,1-0,0.0,0.46427323870457016,0.49651099467854154
0-1,1-0,0.0,0.44467599873188823,0.5036312972409286
0-1,1-0,0.0,0.4661088600445607,0.4988408533281087
1-0,1-0,0.0,0.45469150395464014,0.49953753521336036
1-0,1-0,0.0,0.4663631197877163,0.4970013584466096
0-1,1-0,0.0,0.46318652490122764,0.49669351033370657
1-0,1-0,0.0,0.4536143181346792,0.5132837493493565
1-0,1-0,0.0,0.46466549137791907,0.5011629127766271
1-0,1-0,0.0,0.4599320390364051,0.5067647943659983
1-0,1-0,0.0,0.44658583642125144,0.5028369171586448
0-1,1-0,0.0,0.43293294097817137,0.5084810494567589
0-1,1-0,0.0,0.4596402454706931,0.507080187469152
0-1,1-0,0.0,0.46648201382263893,0.4974199753788368
0-1,1-0,0.0,0.4660667353934458,0.4967008836028041
0-1,1-0,0.0,0.45638653796158585,0.5104891740411557
0-1,1-0,0.0,0.46517089343109885,0.5004429419165184
1-0,1-0,0.0,0.4632084597810241,0.49668888663640104
1/2-1/2,1-0,0.0,0.45736829596278583,0.49851593401253025
1-0,1-0,0.0,0.46634226174762283,0.4982668749631285
1-0,1-0,0.0,0.4643346161134466,0.5016089651927076
0-1,1-0,0.0,0.46639401001839637,0.4970607864959756
1-0,1-0,0.0,0.4664227204401547,0.4979885181342501
1-0,1-0,0.0,0.4657006204909003,0.49960665402168614
0-1,1-0,0.0,0.4481809025491163,0.5021756457599416
0-1,1-0,0.0,0.4482040564929088,0.5021660691983285
0-1,1-0,0.0,0.46512219671626737,0.49647043381351136
1-0,1-0,0.0,0.43828011489648655,0.5062888131858131
0-1,1-0,0.0,0.46621455758061325,0.49681362048903865
1/2-1/2,1-0,0.0,0.4600490866682045,0.4975744620165716
1-0,1-0,0.0,0.4421721847558474,0.504673773845605
1-0,1-0,0.0,0.45783404563864344,0.4983450785077526
0-1,1-0,0.0,0.45507093289281775,0.4993893596366497
0-1,1-0,0.0,0.4650060073000234,0.5006840756840959
0-1,1-0,0.0,0.4633661028534654,0.4966566145605936
1/2-1/2,1-0,0.0,0.4664401210501702,0.4979112637513826
1-0,1-0,0.0,0.4642500592065177,0.5017204790811804
0-1,1-0,0.0,0.4247122663666368,0.5117554887083877
1/2-1/2,1-0,0.0,0.44876624404265436,0.5019337916904428
0-1,1-0,0.0,0.4655306938816266,0.4965116795289932
1-0,1-0,0.0,0.45656372339413587,0.5103076664485263
1-0,1-0,0.0,0.4397400488019602,0.5056843322234907
1-0,1-0,0.0,0.46620768451557676,0.49680722587948306
1/2-1/2,1-0,0.0,0.45393390011719104,0.49983600199547557
1-0,1-0,0.0,0.46077416331111015,0.49734232706181425
1-0,1-0,0.0,0.4630931679047441,0.4967135374174817
1-0,1-0,0.0,0.4664068523441547,0.49805144887589653
1-0,1-0,0.0,0.4631196475986577,0.4967078004846352
0-1,1-0,1.6192804876695202e-51,0.46349182960668356,0.4966321457444986
0-1,1-0,0.0,0.4507207359974439,0.5161290559729647
1-0,1-0,0.0,0.45204548636265274,0.5005923190070765
0-1,1-0,0.0,0.44648414749979576,0.5028791594319499
0-1,1-0,0.0,0.4658480907920779,0.49934839263531317
0-1,1-0,0.0,0.46614411169445874,0.49876462261026444
1-0,1-0,0.0,0.4547768510027654,0.4995041249292358
1-0,1-0,0.0,0.4547773726635013,0.49950392085841233
0-1,1-0,0.0,0.4433361906295492,0.5041892037105193
1-0,1-0,0.0,0.44923586617902456,0.5017401583593534
1-0,1-0,0.0,0.4629000239225066,0.4967566758722722
1-0,1-0,0.0,0.46028034435435644,0.4974990967308243
0-1,1-0,0.0,0.4660902518168539,0.49888014382444046
0-1,1-0,0.0,0.45797582908287465,0.4982935778161091
0-1,1-0,0.0,0.46112300970345094,0.4972353831005383
1-0,1-0,0.0,0.44798760135840604,0.502255624795806
1-0,1-0,0.0,0.46445019149124095,0.4964928138819487
0-1,1-0,0.0,0.4664700609228861,0.49731388811740285
0-1,1-0,0.0,0.46398306460082667,0.4965489809106406
0-1,1-0,0.0,0.4639968488174403,0.4965469694487204
1-0,1-0,0.0,0.4662117285596374,0.49681097135749475
1-0,1-0,0.0,0.4663409667801255,0.4982707491742873
1-0,1-0,0.0,0.4648236110499804,0.5009434209720044
0-1,1-0,0.0,0.464294982038253,0.5016613492601867
1-0,1-0,0.0,0.4575505985910429,0.49844876134457666
1-0,1-0,0.0,0.4616905865439397,0.49706918717385823
0-1,1-0,0.0,0.4264198627890924,0.511086711983201
1-0,1-0,0.0,0.46057049568120906,0.49740626184494763
1-0,1-0,0.0,0.4615768108854166,0.497101657447429
0-1,1-0,0.0,0.46644065592412104,0.49718366683481446
1-0,1-0,0.0,0.4612990217377874,0.4971827504197787
1-0,1-0,0.0,0.46568745735130906,0.49962899732151683
1-0,1-0,0.0,0.45538689261178156,0.49926670374108145
1-0,1-0,0.0,0.45335994841719196,0.5135364668901629
0-1,1-0,0.0,0.46112452621044114,0.5054528268366191
1-0,1-0,0.0,0.45027396363652245,0.5013136802383041
1-0,1-0,0.0,0.4434674019026149,0.5041345654177054
1-0,1-0,0.0,0.46645141461116707,0.49785411304645233
1-0,1-0,0.0,0.46647902763802496,0.49765320619132986
1-0,1-0,0.0,0.4637176610494251,0.49659128925257795
0-1,1-0,0.0,0.46648483885629094,0.4974832665138045
0-1,1-0,0.0,0.45989791810747027,0.5068017782180613
0-1,1-0,0.0,0.45519822024423057,0.49933986356195575
1-0,1-0,0.0,0.4597979479982321,0.49765758933755744
0-1,1-0,0.0,0.46643345341636816,0.4979421328702043
1/2-1/2,1-0,0.0,0.46275442818154355,0.4967906161321847
0-1,1-0,0.0,0.45891711381858624,0.49795850069074993
1-0,1-0,0.0,0.45495404600887,0.49943490718724126
1-0,1-0,0.0,0.4664121811003308,0.4980309516571701
1-0,1-0,0.0,0.4625202175668252,0.49684756940330715
1-0,1-0,0.0,0.4474298200425244,0.5024866763015129
0-1,1-0,0.0,0.466467276271397,0.4972972478663581
1-0,1-0,0.0,0.45837097983846664,0.4981514050234487
1-0,1-0,0.0,0.45109991841027297,0.5009761971661219
1-0,1-0,0.0,0.4519737696293382,0.5006213295567
0-1,1-0,0.0,0.4620597994915319,0.49696707111400595
1-0,1-0,0.0,0.43997878289434306,0.50558530857492
0-1,1-0,0.0,0.45571397496743143,0.49914048343712053
0-1,1-0,0.0,0.4566747769512784,0.49877467572765904
1-0,1-0,0.0,0.4405789861973275,0.5053361643841227
1-0,1-0,0.0,0.459592992652139,0.49772635929879294
0-1,1-0,0.0,0.46543199282838865,0.49649628156021103
0-1,1-0,0.0,0.46624293950049334,0.4985350149160179
0-1,1-0,0.0,0.46551654877637355,0.49650921848468843
1-0,1-0,0.0,0.46609454395540817,0.4967187441610376
1-0,1-0,0.0,0.46605876227056114,0.4989452965276122
0-1,1-0,0.0,0.45916342687826206,0.4978729993984015
0-1,1-0,0.0,0.4606671371347921,0.505960804334864
1-0,1-0,0.0,0.46417481780492253,0.4965228125762516
1-0,1-0,0.0,0.4551333815775685,0.4993650625260261
1/2-1/2,1-0,0.0,0.4585667162844201,0.49808176539885335
1/2-1/2,1-0,0.0,0.45720356860557587,0.4985769439089768
1-0,1-0,0.0,0.4598128914416559,0.4976526072418621
1-0,1-0,0.0,0.45657849945164525,0.49881096870555636
1-0,1-0,0.0,0.4460218130627182,0.5030713116858244
0-1,1-0,0.0,0.46298472116126793,0.49673748472601187
0-1,1-0,0.0,0.4660257434112425,0.4990119818761541
1-0,1-0,0.0,0.46367973970156867,0.4965978558721022
0-1,1-0,0.0,0.4608841008821668,0.49730826325300914
0-1,1-0,0.0,0.4663668836237874,0.4981904500623967
0-1,1-0,0.0,0.4600895571434453,0.4975611889746527
0-1,1-0,0.0,0.46457969927585757,0.5012801780432634
1-0,1-0,0.0,0.46428370651372536,0.4965098066537478
1-0,1-0,0.0,0.46508191376802827,0.4964691342932569
0-1,1-0,0.0,0.4657233272715289,0.4995678608999248
1-0,1-0,0.0,0.4572724720156937,0.49855138880179883
0-1,1-0,0.0,0.464195087902724,0.49652028483971233
1-0,1-0,0.0,0.46557441629185303,0.49981687209547243
0-1,1-0,0.0,0.4600245742722354,0.5066643530932119
1-0,1-0,0.0,0.4627556517420336,0.496790326065942
1-0,1-0,0.0,0.4579398405195062,0.49830662652745755
1-0,1-0,0.0,0.4607822678523435,0.5058335397934453
0-1,1-0,0.0,0.44899802185896803,0.5018381769486254
0-1,1-0,0.0,0.44065078692393106,0.505306343157217
1-0,1-0,0.0,0.45026667656290353,0.5013166655676351
0-1,1-0,0.0,0.4267889401372688,0.5109413243942921
0-1,1-0,0.0,0.4306665646099922,0.5348008062108623
0-1,1-0,0.0,0.45988061023486615,0.5068205276582285
1-0,1-0,0.0,0.46597849311878553,0.4966517534317482
1-0,1-0,0.0,0.46609093050329,0.4967163500411154
0-1,1-0,0.0,0.46460601262177464,0.4964804366928815
1-0,1-0,0.0,0.4654919556235095,0.49650514842836824
1-0,1-0,0.0,0.4577244113954793,0.498385069475659
0-1,1-0,0.0,0.4604407969867563,0.49744751328470166
1-0,1-0,0.0,0.4364601987411171,0.5070392274595533
0-1,1-0,0.0,0.46611073282987087,0.4967297545300008
0-1,1-0,0.0,0.4654349329701935,0.5000401815936465
0-1,1-0,0.0,0.4660445154951678,0.49668749350368
1-0,1-0,0.0,0.46322106105417454,0.4966862447613094
0-1,1-0,0.0,0.46615350289981333,0.4967612797382711
1-0,1-0,0.0,0.45468292514687814,0.4995408960175037
1-0,1-0,0.0,0.4651606834500308,0.4964720713233371
0-1,1-0,0.0,0.4486938344182679,0.5019636812082905
1-0,1-0,0.0,0.4251215752346612,0.5115957746845692
1-0,1-0,0.0,0.4664274747471958,0.4979684171544978
0-1,1-0,0.0,0.4658934991709056,0.4966132135995584
0-1,1-0,0.0,0.43329931094375285,0.5083321713753226
1-0,1-0,0.0,0.4656548701596165,0.49653740212308944
0-1,1-0,0.0,0.46551052092421347,0.4965081966339645
1-0,1-0,0.0,0.4637923952985595,0.5023097116409067
0-1,1-0,1.646727603503286e-217,0.4634788689217408,0.4966346135952213
1-0,1-0,0.0,0.45578511631960794,0.4991131367676264
1-0,1-0,0.0,0.4640987043615066,0.49653272161358364
1-0,1-0,0.0,0.46445215258284017,0.49649263600478927
1-0,1-0,0.0,0.4461059061646438,0.5030363506888601
1-0,1-0,0.0,0.4660568532274779,0.4989491957649932
1-0,1-0,0.0,0.46199036868306703,0.4969858751563556
1-0,1-0,0.0,0.45498532868140446,0.4994227083530925
0-1,1-0,0.0,0.4507523755407366,0.5160982639555257
0-1,1-0,0.0,0.46616794957290536,0.49677281488723657
1-0,1-0,0.0,0.4661143714058998,0.49673229518082557
1-0,1-0,0.0,0.4621475828701315,0.49694357642244286
1-0,1-0,0.0,0.462253879120248,0.496915559375363
1-0,1-0,0.0,0.45262405735869154,0.5003589781773895
0-1,1-0,0.0,0.4645859014822281,0.49648182703031435
0-1,1-0,0.0,0.4652352498677668,0.5003468338531061
1-0,1-0,0.0,0.45915852113249767,0.497874692588565
0-1,1-0,0.0,0.45062355057707754,0.5011706187162057
0-1,1-0,0.0,0.4581779826204569,0.4982205874415815
1-0,1-0,0.0,0.46388988581551843,0.49656307633830543
1-0,1-0,0.0,0.4654133099715661,0.5000740725889891
1-0,1-0,0.0,0.4587173737737736,0.49802853982130685
0-1,1-0,0.0,0.46601465593425173,0.4966706219731017
0-1,1-0,0.0,0.4610950817979612,0.4972438189218315
1-0,1-0,0.0,0.46064201289626117,0.5059885251058044
1/2-1/2,1-0,0.0,0.4527673899740981,0.5003013749443428
0-1,1-0,0.0,0.46613541545574916,0.49674749144145147
1-0,1-0,0.0,0.43714571017456166,0.5067570201619271
1-0,1-0,0.0,0.46440547888462214,0.4964970145402403
1-0,1-0,0.0,0.46034160512889344,0.49747933191258126
0-1,1-0,0.0,0.46648487719621556,0.4974851111877483
1-0,1-0,0.0,0.4664124979516091,0.4980297140632962
1-0,1-0,0.0,0.4663195895163187,0.49693351345180753
1-0,1-0,0.0,0.45874000682592364,0.5080416414813077
1-0,1-0,0.0,0.46631201320931764,0.49835423759034264
1-0,1-0,0.0,0.46021281153236016,0.49752098353152663
1-0,1-0,0.0,0.4631741536751706,0.5030749659065029
0-1,1-0,0.0,0.4657922402883252,0.49657603008874257
1-0,1-0,0.0,0.4588691057251082,0.4979752786016213
0-1,1-0,0.0,0.466393162560833,0.4970589864594033
0-1,1-0,0.0,0.4556171585141265,0.4991777617628978
1-0,1-0,0.0,0.4653273410077071,0.49648408262270405
0-1,1-0,0.0,0.4568677975309477,0.49870217840543546
1-0,1-0,0.0,0.46474117433997547,0.4964728178148928
0-1,1-0,0.0,0.46080312815779795,0.505810439047214
1-0,1-0,0.0,0.4549601355289061,0.5119369473149398
1-0,1-0,0.0,0.4567723290380501,0.5100934566445212
1-0,1-0,0.0,0.4659642317784548,0.4991323392235367
0-1,1-0,0.0,0.4661377854111095,0.49674925853412794
1-0,1-0,0.0,0.4618555808134442,0.49702291812298954
0-1,1-0,0.0,0.4627705659470374,0.4967867968619576
1/2-1/2,1-0,0.0,0.464228854310502,0.49651618101140865
1-0,1-0,0.0,0.4629891477914485,0.4967364933018757
0-1,1-0,0.0,0.443288054955453,0.5232162066611246
1-0,1-0,0.0,0.454913382172589,0.4994507738188715
1-0,1-0,0.0,0.4454624111106088,0.5033039812114151
0-1,1-0,0.0,0.46648175312775275,0.4976170172828039
1-0,1-0,0.0,0.45882000359240205,0.497992475954491
1-0,1-0,0.0,0.4664802113960835,0.4973968051564776
0-1,1-0,0.0,0.4637915886305958,0.4965788484568743
0-1,1-0,0.0,0.4504443447627648,0.5012439165890136
1-0,1-0,0.0,0.46314633738956734,0.5031087170248032
1-0,1-0,0.0,0.4622408413953378,0.49691896970659244
1-0,1-0,0.0,0.4652548108613194,0.49647781932420576
1-0,1-0,0.0,0.46551956301846503,0.49650973545953425
0-1,1-0,0.0,0.4598880048618925,0.5068125180092202
1-0,1-0,0.0,0.45368376151694695,0.51321466055694
1-0,1-0,0.0,0.4526064716571351,0.5003660513945204
1-0,1-0,0.0,0.4618416957219374,0.5046421213918608
0-1,1-0,0.0,0.45648124011667024,0.4988477183893814
1-0,1-0,0.0,0.46561470500561436,0.4997506928234048
1-0,1-0,0.0,0.46458665387951886,0.4964817738687417
0-1,1-0,0.0,0.46081082895846226,0.5058019078709299
0-1,1-0,0.0,0.45989878126582645,0.5068008429802774
0-1,1-0,0.0,0.46561112958598855,0.4965274524647233
0-1,1-0,0.0,0.4606859928831642,0.49736987574336883
0-1,1-0,0.0,0.4640458664030687,0.5019861806557466
0-1,1-0,0.0,0.4660015829327232,0.4966636120473608
1-0,1-0,0.0,0.4548948215558426,0.49945801956212704
0-1,1-0,0.0,0.4655542725321209,0.4998496605668577
1-0,1-0,0.0,0.45868377280234335,0.49804038162227676
1-0,1-0,0.0,0.46229522510849813,0.4969047935154227
0-1,1-0,0.0,0.4614153375221675,0.4971484914828554
0-1,1-0,0.0,0.4664775682965004,0.4973698886080053
1-0,1-0,0.0,0.45789727608472036,0.49832208033108805
0-1,1-0,0.0,0.4590157341939116,0.49792414909756627
0-1,1-0,0.0,0.45406749696555704,0.499783134673058
0-1,1-0,0.0,0.46645988963784374,0.49725919838518223
1-0,1-0,0.0,0.46438231447854833,0.49649929819360616
0-1,1-0,0.0,0.43860257118145196,0.5061554738963724
1-0,1-0,0.0,0.45619287980538753,0.498957170323183
1-0,1-0,0.0,0.46647308676043653,0.4977116922531718
0-1,1-0,0.0,0.46129874803692805,0.4971828315341046
1-0,1-0,0.0,0.46549015534161087,0.4965048606860667
1-0,1-0,0.0,0.46572255911218435,0.4995691785503977
1/2-1/2,1-0,0.0,0.46562526666849596,0.4997332061229705
0-1,1-0,0.0,0.4640272939969399,0.5020101122563121
