y_true,y_pred,prob_1-0,prob_0-1,prob_1/2-1/2
1-0,0-1,0.0,0.537232615163667,0.45440794049620575
0-1,1-0,0.0,0.49468711424267553,0.4999061860867598
1-0,1-0,0.0,0.49140851505535643,0.5025151703766283
0-1,0-1,0.0,0.5070767461359601,0.48165585993315774
1-0,1-0,0.0,0.4690203279641728,0.513739484177934
0-1,1-0,0.0,0.4621968484928562,0.48098839808042687
0-1,0-1,0.0,0.4973645570677459,0.47614193793416804
0-1,1-0,0.0,0.2661752707325826,0.5748276096190655
0-1,1-0,0.0,0.46942053583315124,0.521285698215021
0-1,0-1,0.0,0.44857971266517904,0.4477062299961115
0-1,1-0,0.0,0.48570646513460164,0.5085931051731416
1-0,0-1,0.0,0.5307061511343402,0.46190715690802625
1-0,1-0,0.0,0.31028252744665796,0.6793241407901804
1-0,0-1,0.0,0.4970887462174071,0.48522550987859736
1-0,1-0,0.0,0.49325118001000345,0.5014040444472986
1-0,0-1,0.0,0.5040195321427028,0.4852714151542488
1-0,0-1,0.0,0.5110427860617345,0.46644418959360306
0-1,0-1,0.0,0.537144847950338,0.444385800423222
1-0,1-0,0.0,0.4780252195522464,0.5154184554777348
1-0,0-1,0.0,0.5348616667643745,0.4513815717210925
0-1,0-1,0.0,0.5265899428750439,0.4665075374046988
0-1,1-0,0.0,0.46989621559656847,0.499788249400147
0-1,0-1,0.0,0.5025005061478136,0.47139861449229203
0-1,0-1,0.0,0.5046033084676855,0.47032983995685124
1-0,1-0,0.0,0.4779438941639527,0.5151395024710647
0-1,1-0,0.0,0.41480465189742516,0.5346759430279454
1-0,0-1,0.0,0.5112959019075041,0.4228454917305808
0-1,0-1,0.0,0.5021102945939474,0.4849714195790199
1-0,1-0,0.0,0.4749219419504556,0.5172219422543396
0-1,0-1,0.0,0.4915954524643253,0.4783858089117355
0-1,0-1,0.0,0.5142893843228404,0.46935151130761016
1-0,0-1,0.0,0.5009041167630074,0.47724102461154266
0-1,1-0,0.0,0.4631081389062718,0.4959772844246814
0-1,1-0,0.0,0.38134332279532696,0.6144907588732041
0-1,1-0,0.0,0.4638210824047739,0.5017623036281224
1-0,0-1,0.0,0.48000262895775264,0.4687974955389211
1-0,1-0,0.0,0.4861704399026508,0.4960109453944401
0-1,0-1,0.0,0.39241614375432476,0.3635902200679822
0-1,1-0,0.0,0.3710227425861962,0.5115532545710842
0-1,0-1,0.0,0.5321967463026634,0.45750073409179803
0-1,0-1,0.0,0.493726929755285,0.48538620904684315
1-0,1-0,0.0,0.4697888265490369,0.5202466833171618
0-1,1-0,0.0,0.4864341882420447,0.49569089447436165
1-0,1-0,0.0,0.434986990616748,0.545775049519264
1-0,1-0,0.0,0.4679714421484658,0.5206312932160486
0-1,0-1,0.0,0.5338337509268686,0.454716818410663
0-1,0-1,0.0,0.522583493383378,0.4503232212119229
1-0,1-0,0.0,0.48902145382811163,0.5046162470504806
1-0,1-0,0.0,0.32993265792358023,0.36132161056918144
1-0,0-1,0.0,0.5439293623594234,0.44640063168944344
0-1,0-1,0.0,0.4965844174534111,0.4779248280046705
1/2-1/2,1-0,0.0,0.46744511141694,0.4989662508447077
1-0,1-0,0.0,0.41708280855236407,0.4672618413626489
1-0,1-0,0.0,0.4869818578629652,0.5004522821460441
0-1,1-0,0.0,0.4152747299412936,0.4204012354737739
0-1,1-0,0.0,0.439342234261878,0.5532092981682843
1-0,0-1,0.0,0.5258672976805482,0.45479281462731325
0-1,1-0,0.0,0.46170033070726996,0.5237416140526049
0-1,1-0,0.0,0.0929261898482784,0.9066786340294781
0-1,1-0,0.0,0.427703086187112,0.5668374233926704
0-1,1-0,0.0,0.4888264869361299,0.5011133393988132
0-1,0-1,0.0,0.5123508116185566,0.47533312226048197
0-1,0-1,0.0,0.5015485891730919,0.4921757142208233
1-0,0-1,0.0,0.5123056703481998,0.47872114456823867
0-1,0-1,0.0,0.5047572951237491,0.48576849247705983
1-0,0-1,0.0,0.45931879576206236,0.43539127315125936
0-1,0-1,0.0,0.4143582418812352,0.404795024171683
0-1,1-0,0.0,0.4083425675351685,0.46033154587095315
0-1,1-0,0.0,0.4001520826359392,0.5249169945899813
0-1,1-0,0.0,0.4748608512379399,0.5198939501317155
1-0,1-0,0.0,0.46858500764760935,0.5143382030624879
1-0,1-0,0.0,0.43372022589942333,0.5470736185983045
0-1,1-0,0.0,0.47298613155787156,0.5059107466101946
0-1,0-1,0.0,0.5174189932328648,0.47267023481802856
0-1,0-1,0.0,0.4137056969847229,0.4126549539502867
0-1,1-0,0.0,0.37850728004629003,0.5728455780055369
0-1,1-0,0.0,0.4945541789018869,0.4973524619136261
0-1,1-0,0.0,0.4806527166381459,0.4968979571710033
0-1,0-1,0.0,0.47872398594907617,0.3754581133459946
1-0,0-1,0.0,0.5005474455326802,0.49328086479518135
1-0,1-0,0.0,0.42873608066318036,0.542137998934099
0-1,0-1,0.0,0.5003256498477398,0.4988541085848623
0-1,1-0,0.0,0.44524030268496506,0.5544982479205244
1-0,1-0,0.0,0.47162596386035693,0.5218441918361423
1-0,1-0,0.0,0.47245641682372463,0.47364256633951607
1-0,1/2-1/2,0.0,0.2631478619278984,0.26921715050968387
0-1,0-1,0.0,0.5300471066620053,0.43585987553901967
1-0,1-0,0.0,0.4114841016204021,0.5825652401665521
1-0,1-0,0.0,0.28836605285502653,0.7044758487984446
0-1,0-1,0.0,0.4733082561905586,0.3758646784779308
1-0,0-1,0.0,0.39992689434100964,0.3530540529726187
1-0,0-1,0.0,0.47002977202589896,0.42473000236142144
0-1,1-0,0.0,0.3853737979825496,0.598501827856499
0-1,1-0,0.0,0.4018705783489962,0.5933142677798607
1-0,0-1,0.0,0.5055146956159703,0.469828632462524
1-0,1-0,0.0,0.48112553256792095,0.4987669196368931
0-1,1-0,0.0,0.4012968291445973,0.4611646271330691
1-0,1-0,0.0,0.48597589439140415,0.5031612875501436
0-1,1-0,0.0,0.45938106781591415,0.5311085852872659
0-1,1-0,0.0,0.4793467664693077,0.5070354962987795
0-1,1-0,0.0,0.4894907684360851,0.49543327640821516
1-0,0-1,0.0,0.548827518979027,0.4361995333308702
1-0,0-1,0.0,0.505792563402018,0.47509081407902787
1-0,0-1,0.0,0.5079775942755512,0.4827315225857231
1-0,1-0,0.0,0.46098640846241873,0.5322433945545451
1/2-1/2,1-0,0.0,0.4263516158872103,0.5565374787740804
1-0,1-0,0.0,0.46279913905567704,0.5281275680253293
0-1,1-0,0.0,0.3952227710115858,0.561167862913768
1-0,1-0,0.0,0.4514095881753915,0.4597665409131785
0-1,0-1,0.0,0.5022012242008825,0.4902150415379359
1-0,1-0,0.0,0.4595758283944051,0.4829129788273892
1-0,1-0,0.0,0.419605000363117,0.540559371381908
1-0,0-1,0.0,0.4288220373153634,0.4197529182877206
0-1,0-1,0.0,0.5109626405354164,0.47788446707413795
1-0,0-1,0.0,0.5378687218930404,0.4515559568114491
1-0,0-1,0.0,0.5477462749939058,0.43510959858184733
1-0,1-0,0.0,0.48514519202291995,0.5070424908396667
1-0,1-0,0.0,0.38847973997497875,0.606340734701301
0-1,1-0,0.0,0.3760875700109518,0.5979613741688604
1-0,1-0,0.0,0.4524479523228434,0.4740068089848798
0-1,1-0,0.0,0.4475579976239281,0.5342172978134521
1-0,1/2-1/2,0.0,0.2536891530198202,0.2361347611118649
0-1,0-1,0.0,0.5308697087894912,0.46441132981757605
0-1,0-1,0.0,0.49466225171019673,0.4938503428991461
1-0,1-0,0.0,0.38234086193643346,0.5648014027391857
0-1,1-0,0.0,0.4717518705191914,0.5179897918350622
0-1,1-0,0.0,0.44862262665637465,0.5423815597211202
1/2-1/2,1-0,0.0,0.48775347776841377,0.4965836061207754
1-0,0-1,0.0,0.5330045090289025,0.46024827449368616
1/2-1/2,0-1,0.0,0.3583445338652413,0.3470858669472672
0-1,0-1,0.0,0.5547751324675942,0.428680994996846
0-1,0-1,0.0,0.5115465256350726,0.44802218694229823
1-0,0-1,0.0,0.5066732765616089,0.4811005065020827
1/2-1/2,0-1,0.0,0.4931940683273529,0.46160152965017476
0-1,0-1,0.0,0.4861741011226597,0.4696384484602469
1-0,1-0,0.0,0.477512171040013,0.5001381031274296
1-0,1-0,0.0,0.43480974781630255,0.555905519566385
1-0,0-1,0.0,0.5238871457548114,0.46995925216239315
0-1,0-1,0.0,0.5023712019809125,0.4629671268300135
1-0,1-0,0.0,0.31828653401631923,0.6718660624912827
1-0,0-1,0.0,0.470372001031389,0.46104513932878927
0-1,1-0,0.0,0.48655840997094074,0.5066865632827098
0-1,1-0,0.0,0.45966835304817044,0.5116919766973906
0-1,1-0,0.0,0.4849619498331347,0.4944493416172038
0-1,0-1,0.0,0.47674758656905053,0.4746856854018267
1-0,0-1,0.0,0.5107008695267703,0.4654979753732042
1-0,1-0,0.0,0.48584275650583264,0.5013378461349073
0-1,1-0,0.0,0.477800196779642,0.5147757123931671
1-0,0-1,0.0,0.49047484383570633,0.4796338355946109
0-1,0-1,0.0,0.4873801473533189,0.4816677625345261
0-1,1/2-1/2,0.0,0.1530574477749854,0.15400289655704377
1-0,0-1,0.0,0.4820664637025801,0.4709022362883496
1-0,1-0,0.0,0.4691460991006407,0.5138033173769744
1-0,1-0,0.0,0.489537700841861,0.5020929544799566
1/2-1/2,1-0,0.0,0.24399209938486066,0.7512726804460589
1/2-1/2,1-0,0.0,0.4270200631226732,0.45672390040819266
0-1,1-0,0.0,0.47153443731621564,0.4913745497676386
1-0,0-1,0.0,0.5233655943150282,0.43957331689211565
0-1,1-0,0.0,0.42686288514315956,0.4345316849203607
1-0,1-0,0.0,0.4785901421841351,0.49095784341501725
1-0,0-1,0.0,0.47953867842216386,0.4699193552924318
1-0,0-1,0.0,0.5052646137864902,0.45639172582920357
0-1,0-1,0.0,0.5288122213749307,0.4019417128185154
0-1,0-1,0.0,0.4997161560091881,0.47225973022520723
0-1,0-1,0.0,0.4973997827134834,0.4590614530460772
0-1,1-0,0.0,0.41550636432159516,0.5742919270835514
0-1,1-0,0.0,0.48538741584638545,0.5036331104252506
0-1,1-0,0.0,0.4939287761505687,0.49957529402514644
0-1,1-0,0.0,0.4367244815021483,0.48274801456474825
0-1,0-1,0.0,0.5084300598163206,0.48355645334820213
0-1,0-1,0.0,0.4941857287082514,0.4801753058809322
0-1,0-1,0.0,0.5061425052475337,0.4831042319233719
1-0,1-0,0.0,0.35225766971873845,0.4004852403666556
1-0,0-1,0.0,0.5136636591545264,0.4811109968875444
1-0,1-0,0.0,0.47579484175366354,0.5139407798101294
0-1,0-1,0.0,0.5232146805057014,0.46390658545711994
0-1,0-1,0.0,0.48411422611752514,0.4841124538856371
0-1,0-1,0.0,0.5010675927562805,0.48410164706137987
1-0,0-1,0.0,0.4989851774109998,0.4678589733703344
0-1,0-1,0.0,0.5362845135397944,0.443587616236472
1-0,1-0,0.0,0.28807387542675356,0.366925449752787
1-0,1-0,0.0,0.44637394764058574,0.4533064887805781
1/2-1/2,0-1,0.0,0.42509641402773474,0.38753247575680183
0-1,0-1,0.0,0.5107615903883471,0.4698156840265968
1-0,0-1,0.0,0.5085617739201963,0.48300474043756536
1/2-1/2,1/2-1/2,0.0,0.21123661426897872,0.18716133536296023
1-0,1-0,0.0,0.4955126251364781,0.49693264843648705
1-0,1-0,0.0,0.3514639388947728,0.6442838033741431
0-1,1-0,0.0,0.48975182298233366,0.5013754069117026
1-0,0-1,0.0,0.509675860070464,0.4840505949758058
1-0,1-0,0.0,0.486407278771091,0.4992086488423421
1-0,1-0,0.0,0.2855527569677654,0.6889780496042265
1-0,0-1,0.0,0.5061189424665405,0.4782252488148464
0-1,1-0,0.0,0.4651291215621347,0.5182521374440201
1-0,0-1,0.0,0.5146730830965778,0.4589804142465679
1-0,0-1,0.0,0.49472368529585103,0.4809914520143921
0-1,1-0,0.0,0.4765524538958938,0.4809195745570431
1/2-1/2,0-1,0.0,0.4835152066754901,0.46901706586273817
1-0,1-0,0.0,0.4801160218748946,0.4812789654759634
1-0,1-0,0.0,0.4068337088483536,0.5875942196842305
0-1,0-1,0.0,0.4515487931391422,0.40538849354143147
1-0,0-1,0.0,0.4947747811141629,0.4935422475543277
1-0,0-1,0.0,0.5072169933458764,0.4690019093291842
0-1,0-1,0.0,0.5309040842133955,0.44381659964841724
1-0,1-0,0.0,0.4565754349215086,0.5300062137876254
1-0,1-0,0.0,0.47817245934810476,0.5109819688220597
1-0,1-0,0.0,0.48591520516047726,0.5079419839610488
0-1,1-0,0.0,0.45619093048907217,0.5382209401343683
0-1,0-1,0.0,0.5196788240339303,0.4685130062021688
1-0,0-1,0.0,0.4811659892068422,0.474424236594554
1-0,0-1,0.0,0.45396578597633624,0.4536242611525651
0-1,0-1,0.0,0.5309397938905404,0.46364302162901605
1-0,0-1,0.0,0.5039646729407409,0.45018269204041467
0-1,0-1,0.0,0.49920796161608033,0.4521321346217682
0-1,0-1,0.0,0.488024656800592,0.46410083046036743
0-1,0-1,0.0,0.5186767573866161,0.47514532034138623
1-0,1-0,0.0,0.4955391133638737,0.49629786696658007
0-1,0-1,0.0,0.48321437119684946,0.47361047415419044
1-0,1-0,0.0,0.47423976520235267,0.5003077143657603
0-1,0-1,0.0,0.5461535137265083,0.43635577947967524
1-0,1-0,0.0,0.4757738932949601,0.5183648954294771
1-0,1-0,0.0,0.4313230859157361,0.4353003018509198
1-0,1-0,0.0,0.470196298914787,0.5244060106688901
1-0,0-1,0.0,0.521764032399986,0.459799156264004
0-1,0-1,0.0,0.48073672883249235,0.47257424234765044
0-1,1-0,0.0,0.24325468904745068,0.4475718025551768
1-0,1-0,0.0,0.4490029654644764,0.5419733878738581
1-0,0-1,0.0,0.5058531290124284,0.4705393153854289
0-1,0-1,0.0,0.4546890923835508,0.44714521587492667
0-1,1-0,0.0,0.35021393117188715,0.6431511598672461
0-1,1-0,0.0,0.46769317723094445,0.4999594515088364
0-1,0-1,0.0,0.4915997656222216,0.48173431983954457
1-0,0-1,0.0,0.503371006990062,0.48965963053449507
1-0,1/2-1/2,0.0,0.043012634955291576,0.03957782193142657
1-0,1-0,0.0,0.4231137504163881,0.5711407135377199
1-0,0-1,0.0,0.5004332298269661,0.4851002835927259
1-0,0-1,0.0,0.49086339801731815,0.4869823983965298
1-0,0-1,0.0,0.5294968685625191,0.46358772344356214
1-0,0-1,0.0,0.506136399317835,0.4780987650176822
0-1,0-1,0.0,0.5137153342894549,0.4440947684821694
1-0,0-1,0.0,0.4700324992103435,0.4690356661225045
1-0,0-1,0.0,0.499009682924536,0.4885551181814468
0-1,1-0,0.0,0.4265561750982963,0.46414890841219064
1/2-1/2,1-0,0.0,0.23585757368310273,0.4929471348622359
1/2-1/2,1-0,0.0,0.4349055845831634,0.53481056597314
1-0,0-1,0.0,0.4303978985396866,0.3340123291900686
1/2-1/2,0-1,0.0,0.3823027339675365,0.3418153432054803
1-0,0-1,0.0,0.5186690719951604,0.43019359920475014
0-1,0-1,0.0,0.5006887167683308,0.4932895284623429
0-1,1-0,0.0,0.45901599479618255,0.5276041001444064
0-1,1-0,0.0,0.470243088733835,0.5149779283749485
1/2-1/2,1-0,0.0,0.39270405669979824,0.5082291190941932
1-0,1-0,0.0,0.48901017230676125,0.5016796865559766
1-0,1-0,0.0,0.3780072053609892,0.4161219687014597
0-1,0-1,0.0,0.5008021141369553,0.46585591096644996
0-1,0-1,0.0,0.5092185084300457,0.47489978259725785
0-1,0-1,0.0,0.4995878107201589,0.48796759087503566
1-0,1-0,0.0,0.49129284113294996,0.491774553191219
0-1,1-0,0.0,0.43284311664310654,0.4882142725283947
0-1,0-1,0.0,0.5395260249671231,0.4079037204736903
0-1,0-1,0.0,0.5384292760201068,0.45328936630577127
1-0,1-0,0.0,0.44280087465619544,0.5284330900901826
0-1,0-1,0.0,0.4946617900824692,0.49072341658610075
0-1,1-0,0.0,0.48334004657066315,0.509672738936305
0-1,0-1,0.0,0.4960609742196825,0.49316911854974865
0-1,0-1,0.0,0.5156004144827437,0.4675393495829322
1-0,1-0,0.0,0.4828004260022047,0.5119318099094586
1-0,0-1,0.0,0.5044256622698534,0.47660453127991353
1-0,0-1,0.0,0.5197061268536635,0.4641436696665104
0-1,1-0,0.0,0.4468413400845501,0.5400178939804725
1-0,1-0,0.0,0.40210416285597833,0.4861805859809654
1-0,1-0,0.0,0.4841140352359987,0.4973121679988836
1-0,0-1,0.0,0.49781779249799263,0.48552457771505503
0-1,1-0,0.0,0.4915012353698749,0.49455516278503286
0-1,1-0,0.0,0.397146131504446,0.5854558906839965
1-0,1-0,0.0,0.25563817196513644,0.7191424221499139
0-1,1-0,0.0,0.35315935662140346,0.6386092293678656
1-0,0-1,0.0,0.4939721035189353,0.4681328537851411
0-1,1-0,0.0,0.4062985375836704,0.5884982699235694
1-0,1-0,0.0,0.48322551808277303,0.505216212522876
0-1,1/2-1/2,0.0,0.07533584338261903,0.06453360572060127
1-0,1-0,0.0,0.44369947964388656,0.547297997844222
0-1,1-0,0.0,0.47754535315528057,0.48985610948797753
1-0,1-0,0.0,0.24319176909993406,0.5958928033287841
1-0,0-1,0.0,0.5216420713110379,0.4648288569277538
0-1,0-1,0.0,0.5158013431541398,0.47030392424229817
0-1,0-1,0.0,0.500422542244318,0.49170233792783785
0-1,1-0,0.0,0.39847594404043196,0.46285108443566736
1/2-1/2,0-1,0.0,0.4648090484810434,0.42756068000938285
1-0,1-0,0.0,0.4420060143388696,0.4612075108072788
1-0,0-1,0.0,0.501336154065608,0.48635508596009114
1-0,0-1,0.0,0.5041012431086157,0.45192789067370587
1-0,1/2-1/2,0.0,0.11130051357318563,0.1415224904700132
0-1,0-1,0.0,0.4897719038426421,0.466918417986841
0-1,1-0,0.0,0.4816706424530168,0.5100744638716559
1-0,0-1,0.0,0.5326705819924087,0.46101263316905433
1-0,1-0,0.0,0.479644307848328,0.4875036391974305
0-1,1-0,0.0,0.44662574692997914,0.4788248444776993
1-0,0-1,0.0,0.509722583331884,0.4696905413118244
0-1,1-0,0.0,0.45355047737424736,0.49758971368177357
0-1,0-1,0.0,0.5270852332292111,0.46384941949224323
1/2-1/2,1-0,0.0,0.44192613157144195,0.45939173078039813
0-1,0-1,0.0,0.5166095720472282,0.45964879454237473
0-1,1/2-1/2,0.0,0.2746538398888888,0.2168140075955369
1-0,1-0,0.0,0.47726118085121194,0.5155605023601174
0-1,1-0,0.0,0.4205829464850929,0.562121658602813
1/2-1/2,0-1,0.0,0.5012936202395389,0.4918353091861143
0-1,0-1,0.0,0.5226935117076524,0.47143148439771304
1-0,0-1,0.0,0.5034612793013165,0.45977705801926977
0-1,0-1,0.0,0.5297475777418978,0.4601663030217928
0-1,0-1,0.0,0.49660643018881245,0.4922603882140588
0-1,0-1,0.0,0.4369405196835512,0.4314908606452593
0-1,1-0,0.0,0.4843648058851235,0.5086557852830816
1-0,1-0,0.0,0.45218038851400155,0.5256028628765078
1-0,1-0,0.0,0.495099644369534,0.49557322589142305
0-1,1-0,0.0,0.4858417153330742,0.5074334627246069
1-0,0-1,0.0,0.49223537661436106,0.4782174005061308
0-1,0-1,0.0,0.5027350743144018,0.4875867597868868
1-0,0-1,0.0,0.5196718543942244,0.4453018153263952
1-0,0-1,0.0,0.5110535984904594,0.46775038868162133
0-1,1-0,0.0,0.48725422307934496,0.5017239939061939
1-0,0-1,0.0,0.5166442826376985,0.45522493107090434
0-1,0-1,0.0,0.5123959560653963,0.42660824600473535
1-0,0-1,0.0,0.48767285930376814,0.4209042372236315
0-1,1-0,0.0,0.4621375354276717,0.4796113878426079
0-1,1-0,0.0,0.4806827663864895,0.512755429706383
1-0,1-0,0.0,0.46389962577144395,0.5256689195430172
1-0,1-0,0.0,0.4096700120961318,0.5830700209860379
1-0,1-0,0.0,0.4886338740794303,0.5044444740830474
1-0,1-0,0.0,0.4833856792358441,0.5028119192974456
0-1,0-1,0.0,0.41513058313065093,0.3942080385009643
0-1,0-1,0.0,0.5605307450856775,0.4303870779404745
0-1,1-0,0.0,0.44359059607418516,0.5410509612813179
1-0,1-0,0.0,0.11804863434379778,0.88139326822248
0-1,0-1,0.0,0.5179605646047287,0.45518984609281565
1-0,1-0,0.0,0.49079002839670005,0.5027843159178191
1-0,1-0,0.0,0.44686006861773947,0.5137863292291222
0-1,1-0,0.0,0.3806244135968398,0.4481870094536496
1-0,1-0,0.0,0.4841389741733068,0.48936234029798825
0-1,0-1,0.0,0.4806189995645855,0.4668239321689037
0-1,0-1,0.0,0.5298700694375709,0.46338326569491134
0-1,0-1,0.0,0.5069061156055034,0.4825855755317278
1-0,0-1,0.0,0.517919244388062,0.46995810988171777
0-1,1-0,0.0,0.33076422862209676,0.37766139872218896
0-1,1-0,0.0,0.446133107651982,0.5423476426301077
0-1,0-1,0.0,0.5543195623010018,0.4366142052645308
1-0,0-1,0.0,0.4914283031901676,0.4899698100660458
1-0,1-0,0.0,0.4795001193829806,0.512799891578275
0-1,1-0,0.0,0.4528845473280355,0.5362147584450766
1-0,0-1,0.0,0.5049344349004556,0.4414982958578433
1-0,1-0,0.0,0.48258605930717324,0.5117328701329706
1-0,0-1,0.0,0.42161345746119916,0.41282107168639554
0-1,1-0,0.0,0.48977662124194976,0.49843741455437984
1-0,1-0,0.0,0.44374529661381107,0.4476230530438348
0-1,0-1,0.0,0.4767927407947999,0.47163192859205105
0-1,0-1,0.0,0.49971805758203347,0.42008111821211086
1-0,1-0,0.0,0.4060364105072183,0.5866440694460993
1-0,1-0,0.0,0.45846362640730015,0.5307876299775101
0-1,0-1,0.0,0.4922841458864559,0.46185170147787574
1-0,0-1,0.0,0.5018798807384198,0.4872970695233823
0-1,0-1,0.0,0.49424748004316005,0.4731515643815549
1-0,1-0,0.0,0.46123638454469923,0.5303243339323611
1-0,1-0,0.0,0.4756640133699131,0.48435974191486375
1-0,0-1,0.0,0.5156220016068089,0.4380071801848452
1-0,0-1,0.0,0.4717668596751966,0.458032495564785
0-1,1-0,0.0,0.4869858479945148,0.4876520160446635
0-1,1-0,0.0,0.4096236829155031,0.5656342298156796
1-0,1-0,0.0,0.4846612147883067,0.5028211867344762
1-0,0-1,0.0,0.5419475055905322,0.4335905743203692
1-0,1-0,0.0,0.444084809543794,0.49928307486881174
0-1,1-0,0.0,0.4484897530992298,0.4994814297368122
0-1,0-1,0.0,0.4845945561970816,0.39775404573350875
0-1,0-1,0.0,0.5359145120395821,0.4468437773522743
0-1,0-1,0.0,0.5239307851170245,0.46838393074428764
0-1,1-0,0.0,0.40358997930151064,0.5536770896309111
0-1,1-0,0.0,0.48885602482683127,0.5049654789076317
1-0,0-1,0.0,0.49410668578958594,0.46994303507075674
1-0,1-0,0.0,0.44865052316169063,0.47863647103561086
1-0,1/2-1/2,0.0,0.3229968041880038,0.32776751787198644
1-0,0-1,0.0,0.4611491220551998,0.42325389213025166
0-1,0-1,0.0,0.46048413449290704,0.4549434615348554
1-0,0-1,0.0,0.5014764535164515,0.47124652068013373
0-1,0-1,0.0,0.4970602758898348,0.49632791291284745
1-0,1-0,0.0,0.38247155015932893,0.5887955281870052
0-1,1-0,0.0,0.41844856594573376,0.42331932948883255
1-0,1-0,0.0,0.38732756807071755,0.4975248386072928
1-0,0-1,0.0,0.47112464814515603,0.46264037176758716
1-0,1-0,0.0,0.43703740000663815,0.540664407480715
1-0,1-0,0.0,0.4071538411697154,0.5800252433118434
0-1,1-0,0.0,0.42518917378324117,0.43981477046958467
0-1,1-0,0.0,0.3374232398902541,0.40555645733346135
0-1,1-0,0.0,0.4905723829047799,0.5013757950141686
1-0,1-0,0.0,0.47193710045398984,0.5041203073433199
1-0,1-0,0.0,0.47843468819815893,0.5143473626057503
0-1,1-0,0.0,0.3617699358381899,0.6293225990817387
1-0,1-0,0.0,0.4754976449974277,0.5075110391633043
1-0,1-0,0.0,0.49146811091961284,0.49886453381787815
1/2-1/2,0-1,0.0,0.4156531886290038,0.39100741150875606
1-0,0-1,0.0,0.5186604764438812,0.4362975143649806
1-0,0-1,0.0,0.3691993891935087,0.33186730280137794
0-1,1-0,0.0,0.46816617625205686,0.5198437021473032
0-1,1-0,0.0,0.4362561136848077,0.5419293055391706
1-0,0-1,0.0,0.5253177343736286,0.4508284294596176
1-0,1-0,0.0,0.45214772016228005,0.5225782512210241
1-0,1-0,0.0,0.4286530908785823,0.5630025988691225
0-1,0-1,0.0,0.4957236901785689,0.4808954323783194
0-1,1-0,0.0,0.4804043378978659,0.49888930764919504
1-0,1-0,0.0,0.47510332925466975,0.5189462594830503
1-0,1-0,0.0,0.49181293523873115,0.5016780245711081
0-1,0-1,0.0,0.5169533103591339,0.46353064455327575
0-1,0-1,0.0,0.4938843221183103,0.4875488670413362
1-0,1-0,0.0,0.30736242054751506,0.6532642738217327
0-1,0-1,0.0,0.5287415360069848,0.4656839195450385
0-1,1-0,0.0,0.4263401329965415,0.4290481175049598
1-0,0-1,0.0,0.5456104964152417,0.44185946934959985
1-0,1-0,0.0,0.4342378012903003,0.5563780438076161
1/2-1/2,1/2-1/2,0.0,0.048621418517616165,0.05354887935920007
1-0,0-1,0.0,0.5183616363189117,0.46733680080220485
1-0,0-1,0.0,0.4997127120506313,0.4880485687984755
1-0,0-1,0.0,0.5230051632827359,0.4704726161872185
0-1,1-0,0.0,0.4818768692743116,0.49321434106103845
0-1,1-0,0.0,0.48640443204751166,0.5001574997420966
1-0,1-0,0.0,0.45731168284881984,0.5173138684250298
1-0,0-1,0.0,0.49395564429898975,0.4791777840911369
1-0,1-0,0.0,0.48277214541515656,0.5047107608309762
1-0,0-1,0.0,0.4877235709749863,0.45403095509209906
1-0,1-0,0.0,0.25631508245154533,0.647399090641176
0-1,1/2-1/2,0.0,0.2145342545063348,0.2266000476600975
1-0,0-1,0.0,0.4879905511537111,0.4720287559986165
1-0,0-1,0.0,0.5119290502980486,0.4803664599778939
1-0,0-1,0.0,0.4886003973983381,0.47594323675239797
0-1,0-1,0.0,0.511033483125159,0.47691899227885326
0-1,1-0,0.0,0.4907674319511034,0.5010157082380082
1-0,0-1,0.0,0.500585762261288,0.46012507386271856
1-0,0-1,0.0,0.49454918043273577,0.4933438245826
0-1,0-1,0.0,0.4799460071320659,0.4666246417974363
1-0,1-0,0.0,0.3867378892048769,0.603523473912937
0-1,1-0,0.0,0.4694717787616565,0.5002212654959973
1-0,0-1,0.0,0.47727098976769716,0.4040520200690969
1-0,0-1,0.0,0.48258157494841736,0.4141622256822468
1-0,1-0,0.0,0.4601696481516783,0.4834268260004232
0-1,0-1,0.0,0.45344786847093077,0.37835300926260385
0-1,1-0,0.0,0.41807398644325144,0.44357371617473096
0-1,0-1,0.0,0.5291979270200663,0.4670789425289416
1-0,1-0,0.0,0.41689722161041487,0.5760976532028067
1-0,1-0,0.0,0.4116770054493075,0.5421817605885675
0-1,1-0,0.0,0.46081988835428606,0.507061959565258
0-1,1-0,0.0,0.3837371607496975,0.5741008645866753
0-1,0-1,0.0,0.525037080894357,0.4400919913223597
0-1,0-1,0.0,0.4751824587347248,0.45971932155474027
0-1,0-1,0.0,0.502031859873221,0.4805036849223147
1-0,1-0,0.0,0.40829722419442144,0.5273383309565329
1/2-1/2,0-1,0.0,0.37587414883622133,0.34025552691863464
1-0,1-0,0.0,0.4813008896194369,0.5075529703473289
0-1,1-0,0.0,0.4900717510288804,0.4914479767986282
0-1,0-1,0.0,0.4954156183788901,0.49437424528532264
1-0,1-0,0.0,0.44700504820608333,0.477545415690387
0-1,0-1,0.0,0.4798378650144016,0.47563422012657547
1/2-1/2,1-0,0.0,0.40738533815500755,0.4603359008378183
0-1,0-1,0.0,0.5028373304408724,0.4899431309612506
0-1,0-1,0.0,0.4905119527804357,0.4882206234186552
0-1,1-0,0.0,0.32313192745953817,0.418022954552115
0-1,1-0,0.0,0.4375812753117653,0.5573542345279309
1-0,0-1,0.0,0.4877898072655355,0.4713461365405702
1-0,0-1,0.0,0.49897064633582716,0.49315174695801917
0-1,0-1,0.0,0.5022776598835137,0.4903247998483392
1-0,0-1,0.0,0.483769679587765,0.46127502467216525
1-0,0-1,0.0,0.5301480289275999,0.4650738539152211
0-1,0-1,0.0,0.4481581204885431,0.4334034447727378
0-1,1-0,0.0,0.3979268338851025,0.5732301954859721
0-1,0-1,0.0,0.4769826237687357,0.4348582222817061
0-1,0-1,0.0,0.47962991593927357,0.4258184208735238
1-0,1-0,0.0,0.30747845784056027,0.5870867503318516
1-0,0-1,0.0,0.48651155030542037,0.4762731140593536
0-1,1-0,0.0,0.4865097529547834,0.49196069399490794
1/2-1/2,1-0,0.0,0.39571484036199533,0.47312467825426163
0-1,1-0,0.0,0.47590086927743136,0.49819658276178547
0-1,1-0,0.0,0.48806282406000134,0.5007627722723454
1-0,1-0,0.0,0.45484814558491915,0.5207327532355014
1-0,0-1,0.0,0.5226716436034723,0.46916214146312907
1-0,0-1,0.0,0.4763766985398051,0.44064055808015934
1-0,0-1,0.0,0.5099594752819927,0.4749453742443189
0-1,0-1,0.0,0.507012848662113,0.4804134139271624
1-0,0-1,0.0,0.4881727166170249,0.4780343423044769
1-0,1-0,0.0,0.492311049546218,0.49518644883715895
0-1,1-0,0.0,0.47650201988892116,0.49354613813673126
0-1,0-1,0.0,0.5060858765075654,0.47531355551169674
1-0,1-0,0.0,0.3672754461670674,0.3734641457399898
0-1,1-0,0.0,0.4877433672109416,0.5017511961228964
0-1,0-1,0.0,0.44586218628237095,0.42979525540652747
0-1,0-1,0.0,0.5061541462019177,0.48494739695454614
0-1,0-1,0.0,0.41956210934897303,0.38249568563020564
0-1,1-0,0.0,0.49100638374907885,0.5084728937940028
1-0,1-0,0.0,0.17562944294759728,0.8028610712793408
1-0,0-1,0.0,0.523450038853342,0.4387496076396398
1-0,0-1,0.0,0.5062123822899758,0.4620144527766517
1-0,1-0,0.0,0.47322371080021935,0.519284288803036
1-0,1-0,0.0,0.40452836923786817,0.5905404778300233
0-1,1-0,0.0,0.4545704762871155,0.5374317160478066
1-0,0-1,0.0,0.5403039057556669,0.44857374606217665
0-1,1-0,0.0,0.46816577534845616,0.5205632353763593
1-0,0-1,0.0,0.5108091985159899,0.4763672377384967
0-1,1-0,0.0,0.4618712500312702,0.5156336520460294
1-0,1-0,0.0,0.4457255403676935,0.549220350984992
1-0,0-1,0.0,0.5175114994558513,0.46767631328324055
1-0,0-1,0.0,0.5023572137087262,0.4903539413126858
0-1,1-0,0.0,0.4674834483033424,0.5127048094112611
1-0,0-1,0.0,0.4977337843956849,0.40182554021618655
1-0,1-0,0.0,0.46358983540385656,0.4892636750302199
0-1,1-0,0.0,0.4554734520089298,0.5135596884791297
0-1,1-0,0.0,0.46528746252500786,0.5160896868994806
0-1,0-1,0.0,0.5138458626488468,0.4697482158183895
0-1,0-1,0.0,0.5148481418701715,0.47036647334279696
0-1,1-0,0.0,0.4720872649531304,0.5003264131126574
0-1,1-0,0.0,0.44263204427170527,0.5498716627630464
0-1,1-0,0.0,0.4905090714899425,0.5019841806475206
0-1,0-1,0.0,0.5023121635495659,0.4732496125896087
1-0,0-1,0.0,0.5085402687857993,0.4840506715368287
1-0,1-0,0.0,0.4279304490563864,0.5660138939251971
0-1,1-0,0.0,0.4843749455858288,0.506816757580002
0-1,1-0,0.0,0.49479840112811485,0.4960966358956014
0-1,0-1,0.0,0.5066826792186613,0.479786890563976
1-0,0-1,0.0,0.487774713542807,0.4827342360244433
0-1,0-1,0.0,0.5045291212287086,0.4402028296948763
0-1,0-1,0.0,0.4975414100269496,0.49381104242383644
1-0,1-0,0.0,0.48770868199132034,0.5005344848935954
1-0,1-0,0.0,0.2824506628057923,0.36088247085470004
1-0,1-0,0.0,0.47930557080818176,0.4963369802039785
1-0,1-0,0.0,0.4701457820133087,0.5234195952616644
1-0,0-1,0.0,0.5047172130255958,0.48749430147401784
1-0,0-1,0.0,0.5094108264403305,0.47338975175020515
0-1,0-1,0.0,0.5068917035626161,0.4744681592435023
1-0,1-0,0.0,0.47707716482359824,0.5122565555580241
1-0,0-1,0.0,0.506186914885034,0.48152402444925646
0-1,0-1,0.0,0.4696915225589107,0.3912278926921713
0-1,0-1,0.0,0.45035395725955507,0.42799306752376226
0-1,0-1,0.0,0.5282525343407152,0.4511772678578946
1-0,1-0,0.0,0.49501590573555176,0.49619712231630886
0-1,1-0,0.0,0.4861626391273274,0.497221432188041
0-1,0-1,0.0,0.5050419379829068,0.4883937132636513
1-0,0-1,0.0,0.5104374503393234,0.45557688312851163
0-1,0-1,0.0,0.5595810938731111,0.43125551433389764
0-1,1-0,0.0,0.39011329799720623,0.46396819084062446
1-0,0-1,0.0,0.47524152999814856,0.470830429082425
0-1,0-1,0.0,0.4919379471112054,0.48997074117861245
1-0,1-0,0.0,0.33945805913202154,0.553379287688981
1/2-1/2,0-1,0.0,0.48574023733975574,0.4695153921477344
1-0,1-0,0.0,0.4757078574693888,0.4938062178732279
0-1,1-0,0.0,0.43959411370767276,0.551788137097502
0-1,1-0,0.0,0.4638102492553874,0.47941532230234907
1-0,0-1,0.0,0.5002247362612546,0.492475989319387
1-0,1-0,0.0,0.4945840594915391,0.4969771162955985
1-0,1-0,0.0,0.18723124213471623,0.8105292781955946
1-0,0-1,0.0,0.4200784688460847,0.4156073587532911
1-0,0-1,0.0,0.4979669222993557,0.48323489070128817
1-0,1-0,0.0,0.48543475728332725,0.5089557796206545
1-0,0-1,0.0,0.4920011610404322,0.48970676148939957
1-0,1/2-1/2,0.0,0.2150536979062135,0.24087278684020053
1-0,1-0,0.0,0.488186438044889,0.5064132497601105
1-0,0-1,0.0,0.42296262031739496,0.34669941887876743
0-1,1/2-1/2,0.0,0.06612075521357307,0.08767328809680194
0-1,0-1,0.0,0.5028497746188723,0.43601634721420895
1-0,1-0,0.0,0.3362812357965715,0.6398804345897188
1-0,0-1,0.0,0.5140308423487833,0.4615020059962294
0-1,0-1,0.0,0.5154739061923345,0.47116050454771724
1-0,0-1,0.0,0.5003720124300343,0.45952007561231806
1-0,1-0,0.0,0.3258839203592505,0.6093110433276155
1-0,1-0,0.0,0.4651377444556106,0.5139151774244439
1-0,1-0,0.0,0.48767533800359497,0.4965209150237733
1-0,1-0,0.0,0.46997796316920504,0.48036903137123643
0-1,1-0,0.0,0.453572283432977,0.5262123257349097
0-1,1-0,0.0,0.4521972271270805,0.5393883836127642
1-0,1-0,0.0,0.4547938639776894,0.5095962737630992
0-1,1-0,0.0,0.47848577077022636,0.5120880928119471
1-0,0-1,0.0,0.5081091009040735,0.47941301697434247
0-1,1-0,0.0,0.4836652472924979,0.4925782698702342
1-0,0-1,0.0,0.5244634356497644,0.470363591627007
1-0,0-1,0.0,0.5350535399008272,0.4415386890142713
1-0,1-0,0.0,0.35986159471296064,0.6331448722702137
0-1,1-0,0.0,0.48921654574245726,0.4977750163474452
1-0,1-0,0.0,0.48557189147556606,0.48652947270689567
1-0,0-1,0.0,0.5114757284503013,0.47831020511401817
0-1,0-1,0.0,0.5289789780666798,0.455079718402329
0-1,1-0,0.0,0.4623022863177218,0.5046480700769271
1-0,0-1,0.0,0.5148912317316355,0.47133473970261175
0-1,1-0,0.0,0.3387050817474284,0.47555407678720185
0-1,0-1,0.0,0.5144637833966813,0.4766048942575422
1-0,0-1,0.0,0.5014848855786377,0.4620787215090275
0-1,0-1,0.0,0.4978365450895617,0.4931622536941532
1-0,0-1,0.0,0.5032285260046244,0.46413567379487364
1/2-1/2,1-0,0.0,0.34542851692674326,0.3603238286006298
1-0,0-1,0.0,0.5075655273511416,0.4837743179633585
1-0,0-1,0.0,0.5409930507793601,0.4448936046556911
1-0,0-1,0.0,0.4994332341835137,0.48294527476131777
1-0,0-1,0.0,0.49681365552097406,0.4902856687377258
0-1,0-1,0.0,0.511863071952917,0.48046124376343036
0-1,0-1,0.0,0.5189599665279696,0.47181855149484275
0-1,1-0,0.0,0.4509895311865258,0.5265962390409282
0-1,0-1,0.0,0.4889074943873386,0.43510480517505085
1-0,1-0,0.0,0.4407200687537982,0.5144995759546693
1-0,0-1,0.0,0.4925142027753703,0.4733237820193217
1-0,1-0,0.0,0.47979084519291987,0.5094387180902457
1-0,1-0,0.0,0.48532727296415995,0.5035113331923923
1-0,1-0,0.0,0.44321352556240945,0.5564509384772919
0-1,1-0,0.0,0.47465284568583804,0.5081069499376473
1/2-1/2,1/2-1/2,0.0,0.2226268339840224,0.21523806344703916
0-1,1-0,0.0,0.4291152772892422,0.5036708136383775
1-0,0-1,0.0,0.5194454809388321,0.45509735327123535
0-1,0-1,0.0,0.5377816044940349,0.45281507719739283
0-1,0-1,0.0,0.5074760195089453,0.4872771181360463
0-1,0-1,0.0,0.4976386814608319,0.4907886601709932
0-1,1-0,0.0,0.4755084974561706,0.5063344271225908
1-0,0-1,0.0,0.4214296425980739,0.37692515913832003
1-0,1-0,0.0,0.08771355647068693,0.9119798604598297
0-1,1-0,0.0,0.4226843687363109,0.5206294940042652
1-0,1-0,0.0,0.4925704037812954,0.4984810526874892
1-0,1-0,0.0,0.47122887649892625,0.47604327937279856
0-1,1-0,0.0,0.46251922934347084,0.505262472826751
1-0,1-0,0.0,0.4785807010874887,0.5103700714704387
1-0,1-0,0.0,0.4295658570686875,0.5426139123328746
1-0,0-1,0.0,0.5331075718533812,0.452288721616388
1-0,1-0,0.0,0.3806033815266372,0.6058866058828725
0-1,0-1,0.0,0.5001798482480414,0.4886437744873104
1-0,1-0,0.0,0.2974405023631308,0.7001056732914923
1-0,0-1,0.0,0.5116530330504138,0.48017181476416526
1-0,1-0,0.0,0.467695980454516,0.5133863177306758
1-0,1-0,0.0,0.4846898364411295,0.5066639924237584
1-0,1-0,0.0,0.47522014572762583,0.5173187442890793
0-1,1-0,0.0,0.4768916651034424,0.5152188284831836
0-1,1-0,0.0,0.4807113961413346,0.48668908119093107
0-1,1-0,0.0,0.48537967722079717,0.49679766556885774
1-0,1-0,0.0,0.45977661323719904,0.516282435685087
1-0,1-0,0.0,0.3325035220857733,0.3387393136573801
1-0,0-1,0.0,0.49511550661859394,0.4814834806848921
0-1,0-1,0.0,0.5015576385084428,0.49151270428110677
1-0,1-0,0.0,0.4259579067473737,0.5686616407199899
1-0,1-0,0.0,0.4418951732217398,0.5291671816078649
1-0,0-1,0.0,0.5171296450216575,0.477294168862507
0-1,0-1,0.0,0.47355447490532204,0.46809160241953846
0-1,0-1,0.0,0.4887967011187121,0.48338508470219416
1/2-1/2,1-0,0.0,0.4891270491331441,0.4969572897560039
0-1,0-1,0.0,0.5086241430446236,0.4783953567799189
1-0,1-0,0.0,0.4730628508333804,0.4937460898257771
1-0,0-1,0.0,0.4650732825486979,0.43865944891094905
1-0,1-0,0.0,0.38949759227691844,0.5539879558872883
0-1,1-0,0.0,0.4538799992766127,0.5119248718373368
1-0,1-0,0.0,0.4468791953225969,0.5089938051333822
1-0,0-1,0.0,0.49752801825796167,0.448196295781415
0-1,0-1,0.0,0.5564746234949086,0.4384196949991477
1-0,1-0,0.0,0.4894800998934127,0.4939393462658397
1-0,1-0,0.0,0.4612581874009332,0.5062811942351758
0-1,1-0,0.0,0.46918382643671175,0.5221824826312844
0-1,1-0,0.0,0.47530860820912735,0.5169571409221378
0-1,1-0,0.0,0.4902486542085034,0.49389655464126936
0-1,1-0,0.0,0.48784205642796824,0.49734926402797097
1-0,1-0,0.0,0.4456061903625419,0.5319856931918473
1-0,0-1,0.0,0.5005634719326328,0.48853996804942684
0-1,1-0,0.0,0.4829919163297608,0.4891046502513488
1-0,1-0,0.0,0.46530322862265405,0.5287238201252202
0-1,1-0,0.0,0.47539556071168815,0.5187932748342887
0-1,1-0,0.0,0.46672853412661464,0.5200297263802474
1-0,1-0,0.0,0.4402260541082864,0.5122376177948562
1-0,0-1,0.0,0.4895812455997914,0.4586445214104711
0-1,1-0,0.0,0.43129778956327275,0.5637079260134267
1-0,1-0,0.0,0.44192310934042794,0.5428819098576425
0-1,0-1,0.0,0.5140452313308085,0.45959171427676154
0-1,0-1,0.0,0.44232493833256975,0.4092364933178353
1-0,1-0,0.0,0.46426248389593733,0.46751883354945734
0-1,1-0,0.0,0.4648160862428859,0.5256167887002144
1-0,0-1,0.0,0.5004125907135303,0.4914071966823224
1-0,1-0,0.0,0.49011394305156214,0.49376920055153406
1-0,1-0,0.0,0.44388939613297607,0.5433956668160398
0-1,1-0,0.0,0.20687745866661889,0.7929926508622815
0-1,1-0,0.0,0.45037940513165375,0.5387127795759179
1-0,0-1,0.0,0.5088638936666467,0.47370129048183995
1-0,1-0,0.0,0.32040717517242207,0.6753213265661833
0-1,1-0,0.0,0.4618305611181275,0.4977824492434751
1-0,1-0,0.0,0.4800826993660086,0.5079606548066846
1-0,1-0,0.0,0.48706052409487505,0.5063916308686506
0-1,1-0,0.0,0.4704974203049142,0.5080806857260114
1-0,1-0,0.0,0.47353449376554185,0.516590568454142
1-0,0-1,0.0,0.46952919769303736,0.42451753821114246
1-0,1-0,0.0,0.4716260182815836,0.5197812505603672
0-1,1-0,0.0,0.4612883899186795,0.5299421487121098
1-0,1/2-1/2,0.0,0.14242455029777615,0.11341902814646578
1-0,0-1,0.0,0.5132210675013745,0.45651923671610695
0-1,0-1,0.0,0.5053437142123652,0.48432064511679856
1-0,1-0,0.0,0.45493138337933453,0.4887889675732463
1-0,0-1,0.0,0.5314186077250991,0.44131353626734293
1-0,0-1,0.0,0.5141137900206554,0.47302184621794224
1-0,0-1,0.0,0.5021896090892153,0.47177282756117883
0-1,0-1,0.0,0.49959843799679,0.4934938983540564
1-0,1-0,0.0,0.10067008421830652,0.8989400357198416
1-0,1/2-1/2,0.0,0.27191383924202794,0.34058325922997057
0-1,1-0,0.0,0.21620272382960873,0.7812414847307122
1-0,1-0,0.0,0.4846787083435964,0.5076817897468631
0-1,1-0,0.0,0.49120224512869665,0.4957688367737838
1-0,1-0,0.0,0.47412138455569,0.5067507350222336
0-1,0-1,0.0,0.5100901097082556,0.4813233414109327
0-1,0-1,0.0,0.5022693763030219,0.48849920049156187
0-1,0-1,0.0,0.5068257501237163,0.4809066801494409
1-0,1-0,0.0,0.4189596211058819,0.5738950605724227
0-1,0-1,0.0,0.5046683674922194,0.4534611502373653
1-0,0-1,0.0,0.49725140275254665,0.49086639400797016
1-0,1-0,0.0,0.35683533954841173,0.4851852088041496
0-1,0-1,0.0,0.5230146830112928,0.4650092795572858
0-1,1-0,0.0,0.4352109771276833,0.5585030854623142
1-0,1-0,0.0,0.4818868121429217,0.4964701271965902
0-1,1-0,0.0,0.4879189205535045,0.49836820097818935
0-1,1-0,0.0,0.48345789156342306,0.48837920060980394
1-0,1-0,0.0,0.4125446850612961,0.5387625806084002
1-0,1-0,0.0,0.2245060283897492,0.7706877067005988
0-1,1-0,0.0,0.258048427670614,0.7419408209579202
1-0,0-1,0.0,0.4885759430834247,0.4087021856944755
0-1,1-0,0.0,0.3717876843946637,0.38298685872141475
1-0,0-1,0.0,0.43134873452491046,0.4215493523396645
0-1,1-0,0.0,0.4078510510446367,0.5606928267006007
1-0,1-0,0.0,0.4787140789463364,0.4923554981240056
1-0,0-1,0.0,0.4780565998769163,0.46748532681447835
1-0,0-1,0.0,0.5449587403663592,0.4482403453529838
0-1,0-1,0.0,0.5050433519489844,0.47497891108788065
0-1,0-1,0.0,0.5152282309842325,0.45909994676268506
1-0,1-0,0.0,0.4927658540238624,0.4963246921081986
1-0,1-0,0.0,0.4746983382335396,0.519417585517891
1-0,1/2-1/2,0.0,0.15983069086315255,0.16839145364295524
0-1,0-1,0.0,0.5421456713818478,0.42409533436136726
1-0,0-1,0.0,0.5136080351880656,0.46071548943051227
1-0,1-0,0.0,0.42990257004155,0.5069121297601341
0-1,1-0,0.0,0.4823873670595103,0.49056396275636815
1-0,1-0,0.0,0.4733652080592569,0.4899831221108841
0-1,0-1,0.0,0.5152691619426899,0.4751603818410026
1-0,1-0,0.0,0.4890178198412157,0.5008938365296373
0-1,1-0,0.0,0.4889039336542779,0.5052418464277674
1-0,1-0,0.0,0.48897806939897154,0.4890239559552977
1-0,0-1,0.0,0.49563953243774134,0.44104622763349305
1-0,1-0,0.0,0.47360921556452235,0.5122278719559064
1-0,1-0,0.0,0.47313741532226017,0.5116990043573298
1-0,0-1,0.0,0.44912821329764896,0.42966492068943746
1-0,1-0,0.0,0.4872325037194146,0.5054802283479278
0-1,0-1,0.0,0.4970065925274492,0.491852787019729
1-0,0-1,0.0,0.5038646016582895,0.48071257983640914
1-0,1-0,0.0,0.4841386208216591,0.504088470764695
0-1,0-1,0.0,0.5453592366353063,0.44887986957459136
1-0,0-1,0.0,0.507006402053257,0.4829226901813678
0-1,0-1,0.0,0.5335920615545285,0.45393440469491997
0-1,1-0,0.0,0.45832716540647167,0.5298827074682856
1/2-1/2,1/2-1/2,0.0,0.10989588566663067,0.10054686026305446
1-0,0-1,0.0,0.41798268564115093,0.33490993458109847
0-1,1-0,0.0,0.2072212052709954,0.7927688985752468
1-0,0-1,0.0,0.4369512717779419,0.4063690629947021
1-0,1-0,0.0,0.4723540995325607,0.5167493301343647
0-1,1-0,0.0,0.44691181396781526,0.545204253157243
0-1,0-1,0.0,0.5112480125115243,0.4804492914570433
1-0,1-0,0.0,0.4553875288198093,0.48304055819121383
1-0,1-0,0.0,0.4777449847703388,0.5002111414718101
1-0,0-1,0.0,0.45749199636080046,0.4203678719188961
1/2-1/2,0-1,0.0,0.5103873707629678,0.4802887661070571
1-0,1-0,0.0,0.47562319270308157,0.5176486539426465
0-1,0-1,0.0,0.49942610500573503,0.4765177468246764
0-1,0-1,0.0,0.538150924881938,0.44963918994930235
1-0,1-0,0.0,0.3928571107482872,0.6013851475703983
0-1,1-0,0.0,0.48987359860435814,0.5021488326007553
0-1,1-0,0.0,0.48484929320161035,0.5057952446185745
0-1,1-0,0.0,0.46222022843702665,0.5137416290911337
0-1,0-1,0.0,0.5475926659099911,0.44319129224422055
1-0,1-0,0.0,0.4352370556057473,0.46175655301149066
1/2-1/2,0-1,0.0,0.476456519867912,0.4658058447163486
1-0,0-1,0.0,0.4317950003364782,0.4312244551787077
1-0,0-1,0.0,0.500273810674802,0.48494226984238054
0-1,0-1,0.0,0.48094788481053186,0.44203062814975536
1-0,1-0,0.0,0.46591021253926107,0.511872688802633
0-1,0-1,0.0,0.4954219617863969,0.48268805558097394
1-0,1-0,0.0,0.4773592893168716,0.5052506604922319
1-0,0-1,0.0,0.5142076609508904,0.46770967126365887
0-1,0-1,0.0,0.5273919720251176,0.46063975704168386
1-0,1-0,0.0,0.47716851785146364,0.5133938753512872
0-1,0-1,0.0,0.5294996876381102,0.41026034365416486
0-1,1-0,0.0,0.3518308424484963,0.6429592851208762
1-0,0-1,0.0,0.5351658979008724,0.45977639592084657
1-0,1-0,0.0,0.4153441629331365,0.4290211245018498
1-0,1-0,0.0,0.4856700607099233,0.49467275566546676
1-0,1-0,0.0,0.4631115732736122,0.5221598782853001
1-0,1-0,0.0,0.470144055104739,0.5203997314154504
0-1,1-0,0.0,0.4529692019746568,0.5230817298111591
1-0,0-1,0.0,0.5140643119356305,0.46882656639456094
0-1,0-1,0.0,0.49762314711881867,0.477485348264301
1-0,1-0,0.0,0.4294733939799748,0.5481468838705311
1-0,0-1,0.0,0.5219564710169007,0.44766468347663296
0-1,1-0,0.0,0.4796706025444105,0.5111325096358207
1-0,1-0,0.0,0.47383438804035727,0.5029904439810748
1-0,1-0,0.0,0.4510364564753928,0.5356604736332607
0-1,0-1,0.0,0.4845999187977786,0.4101818402094873
1-0,0-1,0.0,0.49661553688558374,0.4843470238008922
1/2-1/2,0-1,0.0,0.4547857973080729,0.397872608896508
0-1,1-0,0.0,0.4818590818668357,0.5037149539628267
1-0,1-0,0.0,0.41837167622138116,0.5324522327156664
1-0,1-0,0.0,0.3652740316110982,0.5808486987330599
0-1,1-0,0.0,0.4831180754162159,0.4906890895898147
0-1,1/2-1/2,0.0,0.273812818473482,0.23247786215105762
0-1,1-0,0.0,0.4719522016547177,0.5218858145576786
0-1,0-1,0.0,0.4134747934815549,0.3715600973225995
0-1,1-0,0.0,0.4475954383749065,0.5396035316005883
1-0,1-0,0.0,0.4636287717741778,0.5267116743332629
1-0,0-1,0.0,0.5424421376364005,0.4494101206349782
0-1,1-0,0.0,0.4698065511824719,0.5239999030664738
0-1,1-0,0.0,0.4726897719321494,0.5162623589261116
0-1,1-0,0.0,0.3989419096162115,0.4515588886513786
1-0,1-0,0.0,0.49008082830015215,0.4988566754400117
0-1,1-0,0.0,0.42715891266423184,0.5571456139219512
1-0,1-0,0.0,0.4592335764123232,0.49279263572355253
1-0,1-0,0.0,0.46583190069918373,0.5283204465648894
0-1,1-0,0.0,0.47822160795909485,0.4847817370655957
1-0,0-1,0.0,0.49607352274050764,0.4836511218411084
1-0,0-1,0.0,0.4964350126969048,0.4844948959166864
0-1,1-0,0.0,0.4603285279329611,0.5340274055179599
1-0,1-0,0.0,0.4870937521996311,0.5006944822612204
0-1,0-1,0.0,0.49894441912447246,0.4916631551369794
0-1,1-0,0.0,0.47642115431179394,0.49822596861090107
0-1,0-1,0.0,0.5145044202878858,0.4633226900747626
0-1,0-1,0.0,0.5054625140981494,0.47503608920170065
0-1,1-0,0.0,0.4703601852892411,0.4919122757137715
1-0,0-1,0.0,0.5280700713104023,0.45775018029586956
0-1,0-1,0.0,0.5482451069076618,0.4482748077501832
1-0,0-1,0.0,0.48778498367720774,0.4724967058951013
1-0,1-0,0.0,0.46360328906389925,0.49155979023699453
1-0,1-0,0.0,0.4831904208693355,0.48804183026715814
0-1,1/2-1/2,0.0,0.279942533745254,0.24652217539005164
0-1,1/2-1/2,0.0,0.32344247795741965,0.32366394220401407
1-0,0-1,0.0,0.5222589591939844,0.46933135444851626
1-0,1-0,0.0,0.4518698869556647,0.5392921794650132
1-0,1-0,0.0,0.45346480213837853,0.5401960842382115
1-0,1-0,0.0,0.47092147476410273,0.5216040094229559
1-0,0-1,0.0,0.35682534343415473,0.2936827113627895
1/2-1/2,1/2-1/2,0.0,0.02895337750046883,0.0275842520423717
1-0,1-0,0.0,0.48167454519751784,0.5119799004568292
0-1,0-1,0.0,0.5001170537206261,0.477932111735664
0-1,1-0,0.0,0.30880445791528466,0.3760815753427679
0-1,1-0,0.0,0.48657841448898836,0.5052746770343545
0-1,1-0,0.0,0.4797692868935874,0.5060753105142919
0-1,1-0,0.0,0.46462481009133993,0.5168996408535275
1-0,1-0,0.0,0.47645265304171164,0.47807193195887404
1/2-1/2,1-0,0.0,0.42785698775718367,0.5088765159929296
0-1,1-0,0.0,0.41593185631500956,0.5703988662930712
1-0,1/2-1/2,0.0,0.19102786840517708,0.19709494245579715
0-1,0-1,0.0,0.5134477414363656,0.4702479342400677
1-0,0-1,0.0,0.5169636559834161,0.4727892758227917
1-0,1-0,0.0,0.47044612399765606,0.5020252958926638
1-0,1-0,0.0,0.34195850629175945,0.6364240428385711
1-0,1-0,0.0,0.44365331369220967,0.4436787655438417
1-0,0-1,0.0,0.49912494625160636,0.4026946047277447
0-1,0-1,0.0,0.5108668642741926,0.47972304357501744
1-0,0-1,0.0,0.44740621719742024,0.42630553346802036
1-0,1-0,0.0,0.3761651934009489,0.597557010228497
0-1,0-1,0.0,0.5007963331863173,0.4866934685694644
0-1,0-1,0.0,0.5318464912861611,0.4524721129487046
1-0,0-1,0.0,0.5041570453487765,0.4766891356472131
1-0,0-1,0.0,0.4874762315203132,0.4369160855606684
1-0,0-1,0.0,0.5016616336489822,0.48910852286835566
1-0,1-0,0.0,0.2892921015519012,0.36921207599749956
1-0,0-1,0.0,0.5097368779531857,0.47699534635251
0-1,1-0,0.0,0.361090100971331,0.6387070614951098
1/2-1/2,1-0,0.0,0.4265659095600764,0.5379327700516289
1-0,1-0,0.0,0.3878305121585728,0.43250980869301847
1-0,0-1,0.0,0.49622264788281534,0.4775830976946579
0-1,1-0,0.0,0.4343451644796514,0.5584686252278488
1-0,1-0,0.0,0.47739086037034534,0.5171436215173085
0-1,0-1,0.0,0.5133241734968149,0.4715963879413073
0-1,0-1,0.0,0.5667498111816559,0.4213961730872424
0-1,1-0,0.0,0.46864078111696766,0.5098415794117216
0-1,1-0,0.0,0.4825659373967554,0.5098836057250558
0-1,1-0,0.0,0.49221173086974085,0.49802479106814934
0-1,0-1,0.0,0.5361006962904585,0.45829786795362143
0-1,1-0,0.0,0.4912952424076169,0.49408904526042324
0-1,1-0,0.0,0.4325237193693842,0.5062198127799166
0-1,0-1,0.0,0.5159715724826937,0.47813898518923026
0-1,0-1,0.0,0.5502710427264891,0.43766093756165536
1-0,1-0,0.0,0.4768071574398972,0.5174637707793964
1-0,0-1,0.0,0.5062832574294402,0.44816538333735767
0-1,1-0,0.0,0.46407547239463653,0.5087613739846735
0-1,1-0,0.0,0.46216708391805145,0.5237169189588695
1-0,0-1,0.0,0.4895476207882926,0.4883983649924179
0-1,1-0,0.0,0.4026054110308985,0.46298515340932933
0-1,0-1,0.0,0.5355029984123792,0.4396267192213531
0-1,1-0,0.0,0.4711450401425348,0.5093951871857998
1-0,0-1,0.0,0.49159495447003926,0.48006483374117964
1-0,1-0,0.0,0.4561268835475127,0.5350196673422379
1-0,1-0,0.0,0.4809010026984318,0.5028284591876591
0-1,1-0,0.0,0.4832754217076065,0.5046882703316218
1-0,1-0,0.0,0.47020750140003525,0.5223497743167983
1/2-1/2,1-0,0.0,0.4589915389496486,0.5265325496382117
1-0,1-0,0.0,0.48880424776325854,0.5055892896654226
0-1,0-1,0.0,0.5161949420608489,0.4711768021174759
0-1,0-1,0.0,0.5312411100199231,0.4573740967746115
1-0,1-0,0.0,0.36308043151070796,0.6196507296381228
1-0,0-1,0.0,0.5411145588024038,0.4564428078823399
1-0,1-0,0.0,0.002038587905641636,0.997961372008245
0-1,1-0,0.0,0.4296351114982411,0.466423293060671
1-0,1-0,0.0,0.049404296989381216,0.9505654020157168
1-0,1-0,0.0,0.3790275028710472,0.615487293680807
0-1,0-1,0.0,0.5520242897611709,0.4449123709512761
0-1,1-0,0.0,0.4178780373325574,0.568857884518284
1-0,1-0,0.0,0.47774874040264165,0.48016191577459844
1-0,0-1,0.0,0.5126083916372521,0.47585797251135925
1-0,0-1,0.0,0.4926012085743624,0.4755949408891573
1-0,0-1,0.0,0.47945966099730214,0.44254392675142606
1-0,1-0,0.0,0.4121628820000286,0.5285910408857293
0-1,1-0,0.0,0.47402516145870255,0.515792951589958
1-0,0-1,0.0,0.5314001753536467,0.45824637522314726
1-0,0-1,0.0,0.5423238289098078,0.45464027140433094
1-0,0-1,0.0,0.5603866417373433,0.4310558471051137
0-1,0-1,0.0,0.517650108369533,0.4613950438089004
0-1,1-0,0.0,0.44850851217825316,0.5158000070355326
0-1,0-1,0.0,0.5424341421363719,0.4516102408057331
0-1,0-1,0.0,0.5174440975369673,0.4660558580605938
1-0,1-0,0.0,0.4455037810380928,0.5144039741472348
0-1,1-0,0.0,0.44877680007599774,0.45770647956367333
1-0,1-0,0.0,0.45540547102344203,0.5224114640263731
1-0,1-0,0.0,0.49422179067437283,0.4960432424592399
0-1,0-1,0.0,0.3842541570183354,0.32424093301656204
0-1,0-1,0.0,0.5295484953787339,0.42905552762027904
1/2-1/2,1-0,0.0,0.4049948319886002,0.4113019191695038
1-0,1-0,0.0,0.406961784440958,0.47364467675886107
1-0,0-1,0.0,0.47401286992996994,0.4413148552847535
1-0,1-0,0.0,0.4585543519375082,0.4916364255449233
0-1,0-1,0.0,0.4973918711932467,0.49320462350542066
0-1,0-1,0.0,0.525899339865276,0.44118281758675193
0-1,1-0,0.0,0.47447649736368963,0.508408808702593
1-0,0-1,0.0,0.5104173876652794,0.4760353994694498
0-1,1-0,0.0,0.49048808314834724,0.49199201649767893
1-0,1-0,0.0,0.3869830402578585,0.604730813516754
0-1,1-0,0.0,0.4384176405739441,0.5496857706242958
1-0,0-1,0.0,0.5050683160653298,0.4881505270397784
1/2-1/2,1/2-1/2,0.0,0.25465993557396177,0.33406713331890187
1-0,1-0,0.0,0.45494955925743386,0.5385404961212237
0-1,1-0,0.0,0.44058331840319603,0.46425793742866744
1-0,1-0,0.0,0.4922278743352482,0.49697366003567944
0-1,0-1,0.0,0.5343054877579371,0.45183561999095734
1-0,0-1,0.0,0.5411471923105959,0.4439997966515506
0-1,1/2-1/2,0.0,0.20378321030986501,0.28724746251679684
1-0,0-1,0.0,0.515347123852006,0.47307311151706183
0-1,1-0,0.0,0.437419576876696,0.5225671288481618
1-0,1-0,0.0,0.21910914830050426,0.7645633134965721
0-1,0-1,0.0,0.5083785044032455,0.48024102150718945
0-1,1/2-1/2,0.0,0.21576897945754975,0.2534361650881562
0-1,0-1,0.0,0.42666885628476886,0.3530955472050008
1-0,0-1,0.0,0.5078424095507285,0.4734526233278647
0-1,0-1,0.0,0.5332510052011028,0.4505931073859823
0-1,1-0,0.0,0.46842759558817787,0.5129154956267963
1-0,1-0,0.0,0.4925795914994216,0.5013805058153935
1-0,1-0,0.0,0.4259681992076593,0.5451536646312045
0-1,1-0,0.0,0.486173682849025,0.4881888447064968
1-0,1-0,0.0,0.45534227226378465,0.512392732960881
1-0,1-0,0.0,0.4150515192797408,0.5794425217555284
1-0,1-0,0.0,0.47969626863055714,0.4856261861935528
1-0,1-0,0.0,0.40663819161197173,0.4919583651030065
1-0,0-1,0.0,0.4956511266138005,0.48575611614191205
1-0,1/2-1/2,0.0,0.10171888158267664,0.12172351582161742
1-0,1-0,0.0,0.4953427182767758,0.4961255702245804
1-0,1-0,0.0,0.4769428664099691,0.5135965340838263
1-0,0-1,0.0,0.5223837845794754,0.44872184328785913
0-1,1-0,0.0,0.366715631311789,0.6331688171731378
1-0,1-0,0.0,0.031065102681764482,0.9688622299738112
1-0,0-1,0.0,0.4961978539231236,0.49058522313741476
0-1,0-1,0.0,0.5101344340342875,0.45341222795234765
1-0,0-1,0.0,0.5124380849379614,0.4400374262349253
1-0,0-1,0.0,0.5331488213153768,0.4608094870783713
0-1,1-0,0.0,0.47172552386065547,0.5003016135162058
1-0,1-0,0.0,0.46464001828941753,0.5198457026090091
0-1,0-1,0.0,0.5084150302655802,0.483468488033372
1-0,0-1,0.0,0.49945645489509943,0.4931245043666693
1-0,1-0,0.0,0.4098997843119638,0.5801642636769425
0-1,1-0,0.0,0.4772112522853748,0.515086565798069
0-1,1-0,0.0,0.436387268802955,0.5572872208310025
1-0,1-0,0.0,0.4682577236384263,0.5061095884088014
0-1,1-0,0.0,0.4907288089962571,0.5012985528595731
1-0,1-0,0.0,0.3810160773380834,0.41789781875113435
1-0,1-0,0.0,0.43118501791797326,0.5613515972677607
1-0,1-0,0.0,0.3799627122073255,0.5974984315184256
1-0,0-1,0.0,0.48399380061035163,0.461356519331924
1-0,0-1,0.0,0.5157262470932901,0.44832276757173645
1-0,1-0,0.0,0.4507487051718457,0.5418099420342167
1-0,1-0,0.0,0.4183969493394564,0.5081753083956874
0-1,0-1,0.0,0.5493735291766565,0.4334665223933939
1-0,0-1,0.0,0.5035866649523963,0.4896521834276252
1-0,1-0,0.0,0.4916795509053603,0.49950806403855325
0-1,1-0,0.0,0.4579473570403382,0.5099872555474277
0-1,1-0,0.0,0.4751563383376861,0.4901050692858887
0-1,1-0,0.0,0.4907629802696317,0.5022870407540894
1-0,0-1,0.0,0.4784329403189664,0.47839404547508735
1-0,0-1,0.0,0.3722286309698195,0.34558683487495495
0-1,0-1,0.0,0.5104077213952781,0.46498928555677654
1-0,1-0,0.0,0.4857804560894588,0.49471863706995656
0-1,0-1,0.0,0.5031539112558585,0.49003204246199505
1-0,1-0,0.0,0.48643693369559804,0.4952650003651924
0-1,0-1,0.0,0.5232652536741134,0.4578336214851095
0-1,0-1,0.0,0.5256134777659494,0.45686946398582085
0-1,1-0,0.0,0.46550946400419857,0.5253983446564665
0-1,1-0,0.0,0.47868694887134094,0.5121752265984995
0-1,1-0,0.0,0.4664586929999224,0.4994185034246028
0-1,1-0,0.0,0.49453359262229785,0.49663470192778686
1/2-1/2,1-0,0.0,0.4686531366302554,0.5189671103300075
1-0,1-0,0.0,0.1733410685864059,0.8259117797394449
1-0,1-0,0.0,0.445639305873809,0.5360428930218103
0-1,1-0,0.0,0.49279321118412706,0.5001252823186895
1-0,0-1,0.0,0.5043518481798903,0.4829785476781795
0-1,1-0,0.0,0.46970301020053223,0.5207872731091404
0-1,0-1,0.0,0.504892545929944,0.4400034790538445
0-1,0-1,0.0,0.5016824983867171,0.4915708923199919
1/2-1/2,0-1,0.0,0.5087699189965347,0.4701542100370152
0-1,0-1,0.0,0.5071268686145549,0.4800764293502266
1-0,1-0,0.0,0.4736638778273438,0.5027608757513238
1-0,1-0,0.0,0.25001750536213196,0.6586380974924894
0-1,1-0,0.0,0.40573878379744344,0.5313927349523936
1-0,0-1,0.0,0.5094838142956073,0.48193977363753593
1-0,0-1,0.0,0.5087391552619654,0.46603675827929986
0-1,1-0,0.0,0.4753284723056592,0.5072274805795198
1/2-1/2,0-1,0.0,0.49766924723973566,0.45281752700846095
0-1,0-1,0.0,0.5111350544056307,0.47800727587100045
1-0,0-1,0.0,0.4887586176310652,0.4418590618259019
0-1,1-0,0.0,0.4438579459333836,0.4662392517318719
0-1,0-1,0.0,0.4896938223330466,0.45309934256783474
1/2-1/2,1-0,0.0,0.4472105391246074,0.44828030935214896
0-1,1-0,0.0,0.47641553649498897,0.47940469324422463
0-1,1-0,0.0,0.4493113424394144,0.5436821914726649
1-0,0-1,0.0,0.48229349689837575,0.448362063302977
1-0,1-0,0.0,0.4911101438640046,0.495009205017004
1-0,0-1,0.0,0.48819598428751737,0.4763635805277201
0-1,0-1,0.0,0.5456022987057307,0.4489981001900379
1-0,0-1,0.0,0.5089866538784357,0.4833691612828578
0-1,1-0,0.0,0.47945010593587745,0.48829404090695155
0-1,1-0,0.0,0.47320552578669467,0.5028770901448055
0-1,0-1,0.0,0.48985469196169174,0.47795098027124117
0-1,1-0,0.0,0.4461519479121943,0.5444126403214555
1-0,1-0,0.0,0.4736419152275296,0.5107174656641043
0-1,1-0,0.0,0.45312159139396535,0.5399176685016759
0-1,1-0,0.0,0.41562652803183553,0.45265088510340334
0-1,1-0,0.0,0.44065336704127434,0.5024796678871779
0-1,0-1,0.0,0.5114574116332542,0.4343107215757385
0-1,1-0,0.0,0.47938455349662074,0.49269464040798916
0-1,1-0,0.0,0.41481587102176753,0.5797137468622162
1-0,1/2-1/2,0.0,0.2987602822802784,0.2527244306549508
1-0,1-0,0.0,0.1484152226840427,0.849878329544833
0-1,1-0,0.0,0.4820183443158077,0.4942891772446551
1-0,0-1,0.0,0.5143963409820375,0.46615723604730674
1-0,1-0,0.0,0.45462213524560585,0.5277302490940334
0-1,0-1,0.0,0.512688450495531,0.4586335834410585
0-1,1-0,0.0,0.4830962213504108,0.4990855387444829
1/2-1/2,1-0,0.0,0.48127335731803356,0.5039987515801231
1-0,1-0,0.0,0.478958488554293,0.5086910262421643
1-0,0-1,0.0,0.49373251399042933,0.48194031377611285
0-1,0-1,0.0,0.4992866165618047,0.4713163717807875
0-1,0-1,0.0,0.5245665756669071,0.46312685427621875
0-1,0-1,0.0,0.5028573935490062,0.49058564757168327
1-0,0-1,0.0,0.5391561207973029,0.42530053581491156
0-1,1-0,0.0,0.452459273288034,0.476394091365727
0-1,0-1,0.0,0.5161032567185054,0.4632061651856564
1-0,1-0,0.0,0.48749257868952794,0.4984240522698555
1-0,0-1,0.0,0.47730298852884545,0.44375897103184375
0-1,1-0,0.0,0.4791002536226119,0.4897069950523652
0-1,0-1,0.0,0.503799533362256,0.48485288865053283
0-1,1-0,0.0,0.45451273611555654,0.5263295553339823
0-1,0-1,0.0,0.5115365341465209,0.4765896836257891
1-0,0-1,0.0,0.4398946195210178,0.4329483106246034
1-0,0-1,0.0,0.4962315217809431,0.492948634486516
0-1,0-1,0.0,0.5587289575533757,0.43572060713457134
1-0,1-0,0.0,0.4580495451772491,0.5272021151908739
1-0,1-0,0.0,0.060615636192469506,0.9388156823502211
1-0,1-0,0.0,0.41376248618658945,0.43842557586551284
1-0,1-0,0.0,0.48567122406577945,0.502204267098191
0-1,1-0,0.0,0.467734663653561,0.5212630973959091
1-0,1-0,0.0,0.471302735619198,0.504973189285853
1-0,1-0,0.0,0.43601710038843455,0.5585911543257706
1-0,1-0,0.0,0.45266094843876326,0.5100266414681955
0-1,1-0,0.0,0.2775288302463228,0.6592656067969132
0-1,1-0,0.0,0.42101655444964725,0.5727331415896498
1/2-1/2,1-0,0.0,0.47870904111070156,0.5150853239497731
1-0,1/2-1/2,0.0,0.1555742734782858,0.1707137362971196
0-1,0-1,0.0,0.508984259792646,0.48184550966180734
1-0,1-0,0.0,0.4161385353172403,0.44949794696705525
1-0,1-0,0.0,0.4229125465446425,0.501203203243898
1-0,0-1,0.0,0.4374523214597904,0.35239737520370734
1-0,0-1,0.0,0.5057644890079613,0.4792354291173768
0-1,1-0,0.0,0.4278512727486632,0.5619099782796628
1-0,0-1,0.0,0.5084343211880802,0.4849293267505057
1-0,1-0,0.0,0.4473155074635103,0.5179280158511408
0-1,1-0,0.0,0.4804060005772626,0.4818092851734803
1-0,1-0,0.0,0.4709532420646482,0.5220278548443381
1-0,0-1,0.0,0.47906175756811703,0.46700636316581745
0-1,1-0,0.0,0.4284901933570597,0.5476746296797145
1-0,1-0,0.0,0.49049900662354573,0.49475526235352635
0-1,1-0,0.0,0.4454390526793,0.546658618900983
1/2-1/2,1-0,0.0,0.33939316150446325,0.36823518227281704
1-0,1-0,0.0,0.4903302313555923,0.49235928469077267
1-0,1-0,0.0,0.4409897661457333,0.5108944408452801
1-0,1-0,0.0,0.42932581844645645,0.54793186374171
1-0,1-0,0.0,0.31765056115660945,0.6581336878061849
1-0,0-1,0.0,0.50308082878621,0.39307738937767006
0-1,1-0,0.0,0.4867615141141672,0.49609611253467933
1-0,1-0,0.0,0.4037911260997377,0.40476839352232663
0-1,1-0,0.0,0.1805569695029558,0.8194345346082431
1-0,1-0,0.0,0.49017923885618514,0.5036483289011173
0-1,0-1,0.0,0.4965428203140829,0.3624405717350954
0-1,1-0,0.0,0.4678807115786555,0.5149105177733115
0-1,0-1,0.0,0.5086318625531662,0.4813862199088402
1-0,1/2-1/2,0.0,0.22893784981175672,0.22068368919390446
0-1,1-0,0.0,0.46516036641132014,0.4656819900542262
1-0,0-1,0.0,0.5169718753180735,0.4700617172842523
0-1,0-1,0.0,0.5195468177160272,0.4698414482638197
0-1,1/2-1/2,0.0,0.1986968396674167,0.19833491010333199
0-1,1-0,0.0,0.4580698153646962,0.5330328549536678
0-1,0-1,0.0,0.4326852895811292,0.4167661036166013
1-0,1-0,0.0,0.49120029472401483,0.5001748788252793
1-0,0-1,0.0,0.520611100704501,0.47145448581829547
1-0,1-0,0.0,0.47582274996247476,0.5183246638302744
1-0,1-0,0.0,0.46010261701688876,0.461110953373864
1-0,0-1,0.0,0.51330152055207,0.47978476425728367
0-1,0-1,0.0,0.49398032822656307,0.40824295445161896
1-0,0-1,0.0,0.5071820826806573,0.4763460464183705
0-1,1-0,0.0,0.4326500297964579,0.5548527081667561
0-1,1-0,0.0,0.4765142222458568,0.5144573689632326
0-1,1-0,0.0,0.4527659496547271,0.4990831631964156
1-0,1-0,0.0,0.47565784606310946,0.4997559113386854
1-0,1-0,0.0,0.459311341906712,0.5281962824655395
1-0,1-0,0.0,0.39878851626637946,0.5960421383459229
1-0,1-0,0.0,0.4499136710807934,0.5359952313754938
1-0,0-1,0.0,0.5028800322025972,0.48355983922547435
1-0,1-0,0.0,0.47237013109252557,0.5217613160821366
1-0,0-1,0.0,0.5316027355509741,0.4600116333234239
1-0,1-0,0.0,0.3779393186174651,0.42615761862431917
1/2-1/2,1/2-1/2,0.0,0.2800147229889026,0.26586312212843677
1-0,1-0,0.0,0.4857988154562977,0.5010434879213125
1-0,1-0,0.0,0.4851735015186115,0.5027068496644741
0-1,1-0,0.0,0.3577512250180259,0.6339115509478284
0-1,1-0,0.0,0.4886386824487847,0.5015491776238968
1-0,0-1,0.0,0.5530881229401813,0.44282234371222945
1-0,0-1,0.0,0.5199769700881547,0.4714761528207679
1/2-1/2,0-1,0.0,0.4835026630738118,0.41088920121328276
0-1,1-0,0.0,0.4486018106363455,0.5176581853230723
1/2-1/2,0-1,0.0,0.4895258327174971,0.48430777773645445
1-0,1-0,0.0,0.4375903227985972,0.5303835920614133
1-0,1-0,0.0,0.4695528928130007,0.5037929079215836
1-0,1-0,0.0,0.4237799014397998,0.5594620808628672
1-0,0-1,0.0,0.47884993774238893,0.47555947508717455
1-0,0-1,0.0,0.4926555783741783,0.4888762732388499
1-0,0-1,0.0,0.5005528567406015,0.49097343041842284
0-1,0-1,0.0,0.49726303863747257,0.4726660298690102
0-1,1-0,0.0,0.47769772274921773,0.4867522690670306
0-1,1-0,0.0,0.4831563359980598,0.5082800700751421
0-1,0-1,0.0,0.5390288500338112,0.4477463832537392
1-0,0-1,0.0,0.4990371038008778,0.48091835579456654
1-0,0-1,0.0,0.5111338241515916,0.47232888734497347
1/2-1/2,0-1,0.0,0.5101087487132936,0.449520098308991
1-0,1-0,0.0,0.4616963213943849,0.4744027114515668
1-0,1-0,0.0,0.4912617566318583,0.4971891347283039
1-0,1-0,0.0,0.4699815639452679,0.5164463173328216
1-0,1-0,0.0,0.4925572244641988,0.49902147218023324
0-1,1-0,0.0,0.4528349286126651,0.4755689309019515
0-1,0-1,0.0,0.518548491895249,0.4748649137089897
1-0,1-0,0.0,0.48651265580718445,0.5053797007698582
0-1,0-1,0.0,0.5035978044120759,0.4900271332442371
0-1,0-1,0.0,0.5257149679541923,0.4602256787186222
1-0,0-1,0.0,0.5205150785481636,0.4660772591230428
1-0,0-1,0.0,0.4824692583234655,0.45687542885154386
1-0,0-1,0.0,0.49197031908025324,0.4907955396987643
1-0,1-0,0.0,0.28935519476875243,0.48419259057737163
0-1,0-1,0.0,0.5074745873574493,0.48587088325692934
1-0,0-1,0.0,0.48424087484891293,0.48106177598224414
0-1,0-1,0.0,0.4832092295039833,0.44379676598529194
1-0,1-0,0.0,0.48076843006493736,0.5044174162783894
1-0,1-0,0.0,0.3764919315258676,0.42836559165357196
0-1,1-0,0.0,0.441463200157848,0.5496027159757315
1-0,1/2-1/2,0.0,0.0625235739775866,0.09882612093890586
0-1,0-1,0.0,0.4410011528015006,0.4209013384155522
1-0,1-0,0.0,0.4068139208582805,0.46169338557718115
0-1,0-1,0.0,0.503865340681585,0.48050847085674053
1/2-1/2,1-0,0.0,0.44875712167957327,0.48053300747544425
0-1,1-0,0.0,0.4598061778528167,0.5291276224990071
0-1,1-0,0.0,0.4937000505005015,0.5007533831628402
0-1,0-1,0.0,0.5082975222240547,0.4601803442382555
0-1,0-1,0.0,0.519845109980774,0.4438956952083737
1-0,1-0,0.0,0.44317834716655213,0.4953583484245101
1-0,0-1,0.0,0.5216709396813506,0.4708709018558408
1-0,1-0,0.0,0.4845849634617761,0.5081935236390789
1-0,1-0,0.0,0.4664053182836751,0.5282044011041134
0-1,1/2-1/2,0.0,0.004940192943855994,0.005501909256915841
0-1,0-1,0.0,0.5195988701920286,0.47387552514457276
1-0,0-1,0.0,0.5105773765677862,0.4811912668112817
1-0,0-1,0.0,0.5062213992841901,0.4850713777264934
0-1,1/2-1/2,0.0,0.16871485273389492,0.1754627029039346
1-0,1-0,0.0,0.472891865244171,0.513363067785773
0-1,0-1,0.0,0.5233925480138559,0.4506981450925733
0-1,0-1,0.0,0.5252707188954173,0.4605128859748892
0-1,0-1,0.0,0.5237877808239306,0.4448901536951344
1-0,1-0,0.0,0.4099348735316357,0.5161044306382552
0-1,1-0,0.0,0.4510816090736139,0.5276611911367172
1-0,1-0,0.0,0.49087731513172905,0.49397605406055944
0-1,1-0,0.0,0.4256241004658704,0.5642144743591316
1-0,0-1,0.0,0.5221955118251989,0.4650322080773329
0-1,1-0,0.0,0.48868364430023686,0.4976980696436564
1-0,1-0,0.0,0.48333913687176844,0.5008170284370946
0-1,0-1,0.0,0.5007074246921909,0.4869672716168669
1-0,1-0,0.0,0.48197327639136284,0.5057933254222136
0-1,1-0,0.0,0.46677619186222685,0.527053757425358
1-0,0-1,0.0,0.5037411638945952,0.4521465777304024
0-1,0-1,0.0,0.5133162486550426,0.47845933400907104
0-1,0-1,0.0,0.5278773714604231,0.4369585057020622
1-0,0-1,0.0,0.4981265056917817,0.49645005933167163
1-0,1-0,0.0,0.40330967393553696,0.5913953983669802
1-0,1-0,0.0,0.47494379068782794,0.5178522293739679
0-1,1-0,0.0,0.4891399894415888,0.5034888072932885
1-0,1-0,0.0,0.4195429136814052,0.5397210727414989
0-1,1-0,0.0,0.41460062397690634,0.5556358161462249
1-0,1-0,0.0,0.4728857289986046,0.5207300192073357
1-0,0-1,0.0,0.4849617790939804,0.4751399141566566
0-1,1-0,0.0,0.4844119426802679,0.4872216255422398
1-0,1-0,0.0,0.4726578301170837,0.5171056198137306
1-0,1-0,0.0,0.3128963614054517,0.6839221661543671
0-1,1-0,0.0,0.47714309990638004,0.5032314706057982
1-0,1-0,0.0,0.4863009376204578,0.4983805956013765
0-1,1-0,0.0,0.4883772070194938,0.49581665501045036
1-0,1-0,0.0,0.43439749819070983,0.5208768796855134
0-1,1-0,0.0,0.45863697324641295,0.5055521922017844
0-1,0-1,0.0,0.519390770323497,0.47009904229613697
1-0,0-1,0.0,0.5372694730043795,0.4432510272267146
1/2-1/2,0-1,0.0,0.5656933195793339,0.4167895940838921
1-0,1-0,0.0,0.4710326400068405,0.5190100713915504
1-0,1-0,0.0,0.4746983382335396,0.519417585517891
1-0,1-0,0.0,0.048632236176185256,0.95128100645207
1-0,1-0,0.0,0.44605781886004114,0.5323766121887584
0-1,1-0,0.0,0.3775508829944751,0.5658626511872215
1-0,0-1,0.0,0.5039366014265719,0.48850615714639695
1-0,1-0,0.0,0.4538904356473651,0.5288071716106523
1-0,1-0,0.0,0.467875936466754,0.5222614780300483
1/2-1/2,1/2-1/2,0.0,0.09576496714635051,0.10091876123192293
1-0,0-1,0.0,0.5050020590831277,0.476083391363492
0-1,0-1,0.0,0.5051475748321036,0.48814206910699126
1-0,0-1,0.0,0.47465074372524063,0.4434233424666709
1-0,1-0,0.0,0.4481391337691705,0.47925482998741975
0-1,1-0,0.0,0.48325946696196265,0.5073084002752349
1-0,0-1,0.0,0.49340481254413804,0.48588389386106406
1-0,0-1,0.0,0.4920499882569216,0.4810372109432513
1-0,1-0,0.0,0.4655610497356222,0.5190309274247348
1-0,1-0,0.0,0.4692908002779495,0.4813311471067902
1-0,0-1,0.0,0.5065008061672693,0.48671786051551175
1-0,1-0,0.0,0.3643193186475426,0.48094551103186706
1-0,1-0,0.0,0.47271480216536954,0.48796002228677227
1-0,0-1,0.0,0.509948256393579,0.46257047205055685
1-0,1-0,0.0,0.4018686432286681,0.5911884189857315
0-1,1-0,0.0,0.48612081237722615,0.49955868891268745
0-1,1-0,0.0,0.4817261841639068,0.506645393110033
0-1,0-1,0.0,0.48474798836365446,0.4769820008412854
1-0,0-1,0.0,0.49223137626482166,0.4746295017871541
0-1,1-0,0.0,0.44024360405458524,0.5496609247698979
1-0,0-1,0.0,0.5090439644247788,0.4311578988382591
1-0,1-0,0.0,0.011633389421568979,0.9883615532401554
1-0,1-0,0.0,0.38559772467263326,0.6046449834378609
1-0,0-1,0.0,0.4873724199287706,0.4553389748549979
1-0,1-0,0.0,0.4662954520770927,0.5185809829580819
1-0,1-0,0.0,0.4548826472921818,0.522620179460545
0-1,0-1,0.0,0.54575073549236,0.4444054324978256
0-1,1-0,0.0,0.4799255248242087,0.49517914101910154
0-1,0-1,0.0,0.5014895252321996,0.4887833865606637
1-0,1-0,0.0,0.48667202806670734,0.5078119913213409
1-0,1-0,0.0,0.4055982924250999,0.5734694052271253
0-1,0-1,0.0,0.5505333997280791,0.43211150490060035
0-1,0-1,0.0,0.5010043499110198,0.4871642511159685
0-1,0-1,0.0,0.5111757410130788,0.4799727601311856
0-1,1-0,0.0,0.42841424686817725,0.4457214169584153
0-1,1-0,0.0,0.39690877315189615,0.5729706645857975
1-0,1-0,0.0,0.4906962192255262,0.5015633046653211
1-0,0-1,0.0,0.5464215581993775,0.44509597000956497
1-0,0-1,0.0,0.4993843596290647,0.49308987505211677
1-0,0-1,0.0,0.5059174760811616,0.48632247446723104
1-0,0-1,0.0,0.4912104131584803,0.4298056829158687
1/2-1/2,0-1,0.0,0.40398448676066256,0.349741712651665
1-0,0-1,0.0,0.5083835567652696,0.4802203661533402
0-1,1-0,0.0,0.48586015263720145,0.5069361304382104
0-1,1/2-1/2,0.0,0.3182396320988162,0.3163978078031632
1-0,1-0,0.0,0.39819200856571874,0.4509756708978355
0-1,0-1,0.0,0.3485257353250096,0.3362816727653484
1-0,1-0,0.0,0.4141042400372494,0.4529871976391318
0-1,1-0,0.0,0.4709693895916359,0.5190351619722238
1-0,0-1,0.0,0.5074509593272081,0.4802283808538057
0-1,1-0,0.0,0.4790007164661507,0.4944994128148714
1/2-1/2,0-1,0.0,0.49228869187363933,0.4641034326334737
1-0,1-0,0.0,0.49062550696698326,0.4921592487796868
1-0,1-0,0.0,0.46971750327565204,0.5235268462726647
0-1,0-1,0.0,0.5298132821050789,0.4683078496640841
1-0,0-1,0.0,0.5121536610662415,0.4647674872965463
1-0,1-0,0.0,0.4371119418380414,0.5362044039545002
0-1,1-0,0.0,0.48071302799677396,0.5118133737908274
0-1,0-1,0.0,0.5238333826232082,0.4714419075079382
0-1,1-0,0.0,0.4470084829182085,0.5460728861507074
0-1,1-0,0.0,0.4591556348733907,0.5249435450708376
0-1,1/2-1/2,0.0,0.17973122191098934,0.21766113706116566
0-1,1-0,0.0,0.4812135194230945,0.4943582393368296
1-0,0-1,0.0,0.5047682474574267,0.48754033603927177
1-0,1-0,0.0,0.325747707535671,0.35259273795549734
1-0,1-0,0.0,0.4450829493243395,0.5292043479386319
1-0,1-0,0.0,0.37598143901887937,0.6169548870749954
1-0,0-1,0.0,0.4956261667052297,0.49343398071295325
0-1,1-0,0.0,0.47952376054519513,0.509211874410832
0-1,0-1,0.0,0.5197646811665043,0.4510982206800649
0-1,0-1,0.0,0.49497117223522774,0.4819384383400505
0-1,1-0,0.0,0.47453641170779903,0.49865847258193075
0-1,1-0,0.0,0.4515067278517249,0.47940811027395447
0-1,0-1,0.0,0.5306283749424847,0.45050058714375324
0-1,0-1,0.0,0.5257037742352343,0.46168476615796894
0-1,1-0,0.0,0.48300834274173166,0.5048902092428608
1-0,1-0,0.0,0.3682926802700426,0.5574234049621469
1-0,0-1,0.0,0.5004407936019444,0.48101897409997185
1-0,1-0,0.0,0.4770994497355333,0.49435495242042043
0-1,0-1,0.0,0.5343148031267136,0.4558247700747003
1-0,0-1,0.0,0.5001584185014927,0.4928792165694002
1-0,0-1,0.0,0.43789750996897386,0.43445837110771673
0-1,1-0,0.0,0.4798957571670352,0.5005740575615321
1-0,1-0,0.0,0.47026546029917393,0.5177553695864768
1/2-1/2,0-1,0.0,0.4821407705825864,0.46203615582087043
1-0,1-0,0.0,0.4790984209272951,0.47923218743453083
0-1,1-0,0.0,0.44780280787194726,0.541828615451769
0-1,1-0,0.0,0.47217045914605416,0.5273180654564903
0-1,1-0,0.0,0.41722145744316397,0.5636073395693713
1-0,0-1,0.0,0.5096026879778169,0.47175971773364617
0-1,1-0,0.0,0.4235296174925519,0.5557331659856652
1-0,1-0,0.0,0.44964151230331667,0.5100555308147591
0-1,1-0,0.0,0.43629586453617303,0.5555195732018687
0-1,1-0,0.0,0.49364058062253185,0.49579544436459644
1-0,1-0,0.0,0.4434418840048138,0.49154958253442566
1-0,0-1,0.0,0.4996563740933136,0.49137027145846934
0-1,0-1,0.0,0.5257139896314237,0.45649724634053807
1-0,1-0,0.0,0.4708781173335958,0.5136340520017532
1-0,1-0,0.0,0.4642169657361175,0.5258175401242864
1-0,1-0,0.0,0.4684727925489306,0.5087984727107385
1-0,1-0,0.0,0.4418572407195675,0.5070742110290202
1-0,1-0,0.0,0.46362844087951216,0.5292917284009108
0-1,0-1,0.0,0.4935833822108609,0.4756498669595099
1-0,1-0,0.0,0.477261703542312,0.483995431429345
0-1,0-1,0.0,0.5358012762671012,0.45164707408160715
1-0,1-0,0.0,0.4887462168323218,0.5026373049457159
1-0,1-0,0.0,0.4526317305733549,0.4951283352281984
0-1,0-1,0.0,0.4869797990653287,0.4860743523190193
1-0,1-0,0.0,0.01296511951591228,0.9870337110580966
1-0,1-0,0.0,0.4804982996051782,0.4937423051724486
1-0,1-0,0.0,0.48255852479533173,0.5055698617183739
1-0,1-0,0.0,0.4776163103771782,0.49038888979779316
1-0,1-0,0.0,0.477493493790124,0.5010040349473737
0-1,0-1,0.0,0.4872483462869003,0.4761597043457191
1-0,0-1,0.0,0.5133683314479047,0.47422191162413835
1-0,1-0,0.0,0.3735637038766762,0.6186826868191934
0-1,1-0,0.0,0.483030713589447,0.5050441478784914
0-1,1-0,0.0,0.3925917040447831,0.6071774144255379
0-1,0-1,0.0,0.5209978981847936,0.47275475523040617
1-0,1-0,0.0,0.31745381955375607,0.6144644842532738
0-1,0-1,0.0,0.5358958893296467,0.4493806500189573
1-0,1-0,0.0,0.4495919721718596,0.5430869528108803
1-0,1-0,0.0,0.4585133566709341,0.5092993999065684
0-1,1-0,0.0,0.038994109824238864,0.9609553738372898
1-0,0-1,0.0,0.547670999361928,0.4347663478876345
0-1,1-0,0.0,0.46888819302061135,0.5040575392753174
0-1,1-0,0.0,0.45440767299432483,0.5335072887795931
1-0,1-0,0.0,0.3958928438864267,0.5969487612543347
0-1,1-0,0.0,0.4831961722131338,0.49912066309330155
0-1,1-0,0.0,0.42938520002725367,0.5496981955956652
1/2-1/2,0-1,0.0,0.4284901310169559,0.42536189798759433
0-1,0-1,0.0,0.5073252600318544,0.4838479417523977
0-1,0-1,0.0,0.542711967312958,0.4411839627240862
0-1,0-1,0.0,0.5237235528761076,0.4694445590960857
0-1,1-0,0.0,0.48657802565123826,0.5059936402786992
0-1,0-1,0.0,0.4868297734314138,0.4267817630616234
1-0,1-0,0.0,0.4793233871060868,0.5049667019165569
0-1,0-1,0.0,0.49197693542880816,0.4649532642233221
1-0,1-0,0.0,0.44372209495479353,0.48221633762106797
1-0,0-1,0.0,0.4734637832894137,0.47081346088582965
1-0,1-0,0.0,0.42888257543460356,0.5649985685381158
1-0,1-0,0.0,0.34824207052996836,0.393318039611452
1-0,0-1,0.0,0.41434452887223305,0.3690598975221991
0-1,1-0,0.0,0.488932198370617,0.504660473267034
0-1,1-0,0.0,0.4719565648138776,0.5196929464817638
0-1,0-1,0.0,0.48040850488384795,0.47954055259568373
1-0,1-0,0.0,0.4649442431210053,0.5121548800698299
1-0,0-1,0.0,0.4807784322964671,0.45370692913959254
0-1,1-0,0.0,0.4817371004116585,0.5026858877622619
1-0,1-0,0.0,0.4753421746994369,0.5104562057161717
0-1,0-1,0.0,0.5157754217212707,0.47199655172398663
1-0,0-1,0.0,0.4799861968995644,0.4699983024676748
0-1,0-1,0.0,0.5393975587511336,0.44552054275483477
1-0,1-0,0.0,0.47045494763926327,0.5059971122229384
0-1,0-1,0.0,0.5004126308343149,0.4913594552895768
0-1,1-0,0.0,0.4421173292781897,0.45383672014442566
0-1,1/2-1/2,0.0,0.27886473572273257,0.3313724405123213
0-1,1-0,0.0,0.46082438478416615,0.49378926853455685
1-0,0-1,0.0,0.5068242562987184,0.4768703830295882
0-1,0-1,0.0,0.47985323167785104,0.42352298245918574
0-1,1-0,0.0,0.47688728144096976,0.5170923092142071
1-0,0-1,0.0,0.49742078348402924,0.4819361633982644
1-0,0-1,0.0,0.49023236145609755,0.4901488315931304
0-1,0-1,0.0,0.49216177690489304,0.47390235637796096
1-0,0-1,0.0,0.4812502111852294,0.4641626952118035
0-1,0-1,0.0,0.5027116966263804,0.4872053016095197
0-1,1-0,0.0,0.41944297590925417,0.5697544669433136
1-0,0-1,0.0,0.5131172511244709,0.4704604089747704
0-1,1-0,0.0,0.42847425474332734,0.5517497537338804
1-0,1-0,0.0,0.4596484650109191,0.530648069702989
1-0,0-1,0.0,0.4854914271498866,0.46546394297347743
0-1,1-0,0.0,0.37128543330646835,0.607631848040958
1-0,1-0,0.0,0.4635313787473406,0.5264426958005186
0-1,1-0,0.0,0.4586591936099356,0.5328737336372956
0-1,0-1,0.0,0.4971657653587688,0.4270316404034753
0-1,0-1,0.0,0.5311937615742556,0.455805526515354
0-1,0-1,0.0,0.535556651485551,0.45254482411100355
1-0,1-0,0.0,0.4735428712035737,0.5080869530070571
0-1,1-0,0.0,0.4858416132710365,0.49700440100028664
1-0,1-0,0.0,0.4939606754480926,0.4944419871201541
0-1,1-0,0.0,0.4182645686626126,0.5268920954095259
0-1,1-0,0.0,0.46854706997158185,0.5116826575553577
1-0,0-1,0.0,0.49718613178530624,0.45494770666130746
1-0,1-0,0.0,0.4890904397616304,0.490850694556074
1-0,0-1,0.0,0.4590398239723764,0.4281279426118751
1-0,0-1,0.0,0.4726657536094909,0.4582056944563711
0-1,0-1,0.0,0.5148747668148633,0.45257335901814216
1-0,0-1,0.0,0.5095039013163744,0.47461451041427577
0-1,1-0,0.0,0.4645194485100912,0.5243367311916217
1/2-1/2,0-1,0.0,0.5344544509368316,0.43132654933869524
1-0,1-0,0.0,0.4610969502061528,0.5191647552635705
0-1,0-1,0.0,0.5129066684114028,0.4798084962181051
0-1,1-0,0.0,0.4845850415401703,0.5097461867885449
1-0,1-0,0.0,0.3020295919983495,0.5538674966743364
0-1,0-1,0.0,0.5000805096223181,0.49282133737390915
1-0,1-0,0.0,0.4328762709337049,0.5127314258852023
1-0,1-0,0.0,0.4131693227544297,0.5446965373876422
1-0,1-0,0.0,0.47081883851012457,0.5145987178616201
0-1,0-1,0.0,0.4790513153628482,0.47538128989385614
0-1,1-0,0.0,0.4642897438848583,0.49103638227806223
0-1,0-1,0.0,0.5270129330725201,0.4675489749693355
0-1,0-1,0.0,0.41883643908957485,0.39077211476256124
1-0,1-0,0.0,0.44211908501683234,0.552125155453757
1-0,0-1,0.0,0.4382541102797183,0.4156747480342556
1-0,0-1,0.0,0.4419834439200726,0.43994641541989093
1-0,1-0,0.0,0.23389639264038922,0.3984062293701803
1-0,0-1,0.0,0.40016229813469695,0.3898774214651509
0-1,1-0,0.0,0.4400657367976876,0.5543944201384426
1-0,1-0,0.0,0.4681771301179206,0.5057687880460033
0-1,1-0,0.0,0.4894447640652506,0.5044989046748917
1-0,0-1,0.0,0.49076970582318147,0.46161179977581246
1-0,1-0,0.0,0.47647841029800797,0.5171421929938962
1-0,0-1,0.0,0.5188677610922673,0.46957069130712614
1-0,1-0,0.0,0.47966157740098353,0.5098001189022318
1-0,0-1,0.0,0.5456418675349151,0.4481162018290833
1-0,1-0,0.0,0.441892234422535,0.5450206236749262
1-0,1-0,0.0,0.13720112472676418,0.8620091011591952
1-0,1-0,0.0,0.29927385140637086,0.6956248053807765
0-1,1/2-1/2,0.0,0.007451151224205142,0.008871740700762536
0-1,0-1,0.0,0.40985789361825337,0.3688593377438813
1/2-1/2,1-0,0.0,0.4500299788388409,0.5449745289100397
0-1,1-0,0.0,0.4860431359608998,0.4986023919533895
0-1,0-1,0.0,0.49627656162988276,0.49041383507830294
0-1,1-0,0.0,0.4664608013000843,0.5256998354959631
1/2-1/2,0-1,0.0,0.514220967523008,0.44563259603734395
1-0,1-0,0.0,0.02618986692376193,0.9736938292015677
0-1,0-1,0.0,0.5674216458753356,0.4236390671512857
0-1,1-0,0.0,0.43849996515038614,0.5487954962280952
0-1,1-0,0.0,0.49182522451783894,0.4969402603862231
0-1,0-1,0.0,0.5064388974270537,0.4843127159639692
0-1,1-0,0.0,0.4798291139209673,0.512074871462381
1-0,1-0,0.0,0.46739285473707054,0.5234234728486303
0-1,0-1,0.0,0.5087622655462289,0.4678056043141681
1-0,1-0,0.0,0.4924582190364332,0.49959124196018884
1/2-1/2,1-0,0.0,0.43335329047005205,0.440880204416936
0-1,0-1,0.0,0.49805246287252664,0.4955904970758099
1-0,0-1,0.0,0.49581752251455924,0.4919707955447088
1-0,0-1,0.0,0.4563341860938694,0.45247391098344103
1-0,1-0,0.0,0.45948181432003987,0.5324667513081885
0-1,1-0,0.0,0.41551143064335205,0.5755492220458579
1-0,1-0,0.0,0.4882451198690314,0.49752061377960344
1-0,1-0,0.0,0.48943171446647926,0.49738110562415633
0-1,0-1,0.0,0.48690826126488407,0.483441083255387
1-0,1-0,0.0,0.47507565220250986,0.5179954694969847
0-1,0-1,0.0,0.500971429341998,0.49069630068108855
0-1,0-1,0.0,0.5115010691003545,0.4663885297172293
0-1,0-1,0.0,0.5104256267451802,0.476820554136776
1-0,1-0,0.0,0.47240190701933493,0.506387998361847
1-0,0-1,0.0,0.4983858268252977,0.49380759582725653
0-1,0-1,0.0,0.36898768614062866,0.35325653585205563
1-0,1-0,0.0,0.4895506496119613,0.5023047789113397
0-1,1-0,0.0,0.37120611271927206,0.383623500946541
0-1,1-0,0.0,0.4314410316643828,0.5594249329469809
1-0,1-0,0.0,0.4838377712691839,0.5053321616494146
0-1,1-0,0.0,0.3145188541868979,0.5678190230358746
1-0,0-1,0.0,0.5395943859551695,0.451775575694226
1/2-1/2,1/2-1/2,0.0,0.27025748491844553,0.22907634390453446
1-0,1-0,0.0,0.48606044576011614,0.5009634262927026
1-0,1-0,0.0,0.4582506528414998,0.5086848076666058
0-1,0-1,0.0,0.5177335513985781,0.4658213593962318
0-1,0-1,0.0,0.5055343995726639,0.4696945661571798
0-1,0-1,0.0,0.4035486213382913,0.35107255955850597
1-0,1-0,0.0,0.3749234544455746,0.5957900083784186
0-1,0-1,0.0,0.5573115562665071,0.4370043339149366
0-1,0-1,0.0,0.5029204419061777,0.46204490451084
0-1,0-1,0.0,0.49810138101987683,0.4801227002904177
1-0,1-0,0.0,0.47525882712816636,0.505561142730715
0-1,1-0,0.0,0.46136379580227704,0.5324431190253537
1-0,0-1,0.0,0.4882352380807713,0.4528956769225583
1-0,0-1,0.0,0.4986076012865569,0.49365420960161505
1-0,0-1,0.0,0.49512238072421105,0.487112517434742
0-1,0-1,0.0,0.5238712546524954,0.45838096147131757
0-1,1-0,0.0,0.45802483594375937,0.5256052327814361
1-0,1-0,0.0,0.4601335613251118,0.5283462686759662
1-0,1-0,0.0,0.475361948568368,0.4878613433664453
1-0,1/2-1/2,0.0,0.13876141198527153,0.1224408837111351
0-1,0-1,0.0,0.5035231579205826,0.4894395458111922
1-0,1-0,0.0,0.44096781697166526,0.4525198324289829
0-1,1-0,0.0,0.4656148542918216,0.4728931225738342
1/2-1/2,0-1,0.0,0.4886729562526656,0.42577503919232856
0-1,0-1,0.0,0.4716347274521766,0.4632171078236363
0-1,0-1,0.0,0.4986356556357956,0.4904646006758031
1-0,1-0,0.0,0.40296566418193724,0.45533787100478024
1-0,1-0,0.0,0.49047232798476564,0.5028966760257836
1-0,1-0,0.0,0.1135768043268968,0.8489570083048104
0-1,0-1,0.0,0.49835330383073845,0.43917748292223485
0-1,1-0,0.0,0.47630260622116705,0.5147091892513878
0-1,0-1,0.0,0.4954084730716474,0.491894293693937
0-1,0-1,0.0,0.5343900547384626,0.45308491547102486
0-1,0-1,0.0,0.49387096890497684,0.47830262853521016
0-1,0-1,0.0,0.5019052554545669,0.46953259215700865
1-0,1-0,0.0,0.4862915953509407,0.5080042856790071
1-0,0-1,0.0,0.5076461541776228,0.48405497484051074
0-1,1-0,0.0,0.48596048283129545,0.5052241246080454
1-0,0-1,0.0,0.5282496151732895,0.4546558655177654
1-0,1-0,0.0,0.4682307960944453,0.4835706691677447
0-1,0-1,0.0,0.49515959114874447,0.4932851534829816
0-1,0-1,0.0,0.48440301801756164,0.4654520602609396
0-1,0-1,0.0,0.5156584539202017,0.43304131025303794
0-1,0-1,0.0,0.495955039298605,0.46575871609790676
0-1,1-0,0.0,0.484200364773962,0.5100224812447447
0-1,1-0,0.0,0.4635530713989125,0.5239436043374119
1-0,1-0,0.0,0.4851488490292369,0.5044504728174749
1-0,0-1,0.0,0.5294760021559318,0.43223184950778093
1-0,1-0,0.0,0.4352761493153024,0.5486253965285285
0-1,1-0,0.0,0.4884116838628013,0.5047442805927399
0-1,0-1,0.0,0.4393308814463884,0.4212225605946204
0-1,1-0,0.0,0.4680047323173949,0.5099274269983904
1-0,1-0,0.0,0.4571306606441891,0.536596668503259
1-0,1-0,0.0,0.03226595183589391,0.9677057751656265
1-0,0-1,0.0,0.4354408519309594,0.42933926872592704
1-0,1-0,0.0,0.4847532331499756,0.505110764732243
1-0,0-1,0.0,0.4854724473961531,0.42099970557855104
0-1,1/2-1/2,0.0,0.19796175335548136,0.21816834323295275
0-1,0-1,0.0,0.5581305333726521,0.4365440457766446
0-1,1-0,0.0,0.4815032545820622,0.49408661464998865
1-0,0-1,0.0,0.5427484263271836,0.4479155874358184
0-1,0-1,0.0,0.3803463619396234,0.3345908974300383
0-1,0-1,0.0,0.4313895817066933,0.3983565703148873
1-0,1-0,0.0,0.48588803048831103,0.500359503079275
1-0,1-0,0.0,0.48000036742161617,0.5146816375299895
1-0,0-1,0.0,0.41859199005550146,0.401947322212989
0-1,0-1,0.0,0.5086860863715936,0.4756797953077707
1-0,1-0,0.0,0.47745656064444636,0.513473181619656
1-0,0-1,0.0,0.4808034379845844,0.4308896336293307
0-1,1-0,0.0,0.4776983767743059,0.4989382942375901
1-0,1-0,0.0,0.4152231761776575,0.5507166262020384
0-1,1-0,0.0,0.49093250184175274,0.4973102178136975
1-0,1-0,0.0,0.4054633924293006,0.5890539920530999
1/2-1/2,1-0,0.0,0.42874293530219654,0.45725097698810074
1-0,0-1,0.0,0.4455821369249093,0.41488028657528464
0-1,1-0,0.0,0.4821099954024371,0.507169340227898
0-1,0-1,0.0,0.5084702951186479,0.4791339607907692
1-0,1/2-1/2,0.0,0.24454876734397618,0.29306299546515074
1-0,1-0,0.0,0.4506160160682861,0.5427628541741154
0-1,0-1,0.0,0.4417663568179263,0.40030157887970946
0-1,1-0,0.0,0.4762262085961669,0.5162957941461107
0-1,1-0,0.0,0.34121015015811856,0.4990167861496147
0-1,0-1,0.0,0.5389586897332227,0.4523331842025168
1-0,0-1,0.0,0.49484263293024544,0.4928810890235587
0-1,0-1,0.0,0.49649767798381617,0.4811820538943939
0-1,0-1,0.0,0.4928650482667312,0.46040155779032127
1-0,0-1,0.0,0.5063607129611808,0.4850713477153907
1-0,1-0,0.0,0.4557391979427276,0.4950483330412745
0-1,1-0,0.0,0.4770191382493462,0.5170069806432952
1-0,1-0,0.0,0.349287211044757,0.6288061260875564
1-0,1-0,0.0,0.4914854285277912,0.4965069955126917
0-1,0-1,0.0,0.45556702236838187,0.44427542972705814
0-1,0-1,0.0,0.5325208951616629,0.4620396662466595
0-1,1-0,0.0,0.3857892697157497,0.5766282898297874
1-0,1/2-1/2,0.0,0.15918272079059034,0.2109552510495959
1-0,0-1,0.0,0.5241674242662954,0.4649131560690846
1-0,0-1,0.0,0.5422107845433799,0.4281289886331042
0-1,0-1,0.0,0.5032089012991547,0.4760925984509752
0-1,0-1,0.0,0.5326859169117543,0.446969230121933
0-1,0-1,0.0,0.49291751822672836,0.4879654912082075
0-1,1-0,0.0,0.4584538834764075,0.5342899917475973
1-0,0-1,0.0,0.46106369071757153,0.42248613251559863
1-0,0-1,0.0,0.49323518474816885,0.490391206613568
0-1,0-1,0.0,0.5625932992879957,0.426906091149761
0-1,0-1,0.0,0.5144613902173041,0.47515407903203605
1-0,1-0,0.0,0.43713816641423553,0.5429403872681475
1-0,0-1,0.0,0.5101319682735312,0.4728579039072205
0-1,0-1,0.0,0.45291195200892703,0.4358160547185838
0-1,1-0,0.0,0.40240873307250663,0.4918763450868803
1-0,1-0,0.0,0.4180397470518247,0.5577150124780411
1-0,0-1,0.0,0.5490370213280551,0.4441044147850611
0-1,0-1,0.0,0.45867523318690356,0.4265712341409423
0-1,0-1,0.0,0.41629733768546023,0.4100635713679271
0-1,0-1,0.0,0.5037830461778312,0.493354478052613
0-1,0-1,0.0,0.5294735975754089,0.44841328698482535
0-1,1-0,0.0,0.47905600047088237,0.4821307801565241
1-0,1-0,0.0,0.4562343322721043,0.48038834704508226
0-1,1-0,0.0,0.483385918523109,0.48560214250720346
1-0,0-1,0.0,0.504441317001774,0.4849851776487109
1-0,1-0,0.0,0.23978487034299173,0.6715981879504817
1-0,1-0,0.0,0.4721332894304335,0.48586991298525084
1-0,0-1,0.0,0.536201250710976,0.4584163126628281
0-1,0-1,0.0,0.5047033253593428,0.4819394903457852
0-1,0-1,0.0,0.5019590682040108,0.4905715323830535
1-0,0-1,0.0,0.5121314916419587,0.46835395924269807
0-1,0-1,0.0,0.4894230419730268,0.4845703388854254
0-1,0-1,0.0,0.4099375319685933,0.3578708797085517
1-0,1-0,0.0,0.47881244047671423,0.5090913940191101
0-1,1-0,0.0,0.48526429452660086,0.5007872895234541
1-0,0-1,0.0,0.5447804638478363,0.4027900192814788
1-0,1-0,0.0,0.4476103395030208,0.4608942151789008
1-0,1-0,0.0,0.4836698718262565,0.5013362449252191
0-1,0-1,0.0,0.5485510535840551,0.44074584467468586
0-1,1-0,0.0,0.35853486610845703,0.641346945341707
0-1,0-1,0.0,0.3805485922917192,0.332087986348794
1/2-1/2,0-1,0.0,0.4599737142906341,0.4339511210808339
0-1,1-0,0.0,0.47998939942914803,0.5131281033536411
0-1,1-0,0.0,0.4725023778374408,0.5032692871036031
0-1,0-1,0.0,0.4983034031398105,0.4939219212392845
0-1,1-0,0.0,0.31077028744673796,0.6860531007071271
0-1,0-1,0.0,0.559057353523294,0.42985768997647084
1-0,0-1,0.0,0.48557646229985774,0.4826362496736311
0-1,0-1,0.0,0.5618529276692772,0.43379369799612266
0-1,1-0,0.0,0.47198686124435,0.49752867202821055
1-0,0-1,0.0,0.49935681991764175,0.4734363415907947
1-0,0-1,0.0,0.4548397129048183,0.41805123468240096
1-0,1-0,0.0,0.4865789255049607,0.4920944903765692
0-1,0-1,0.0,0.5462715061959456,0.43654210263218823
0-1,0-1,0.0,0.49426505178859054,0.45325682963925906
1-0,1-0,0.0,0.44248102895723024,0.5210019189279472
0-1,1-0,0.0,0.46980577276680213,0.524615699176568
1/2-1/2,1-0,0.0,0.4110235873563844,0.4337948807993997
0-1,1/2-1/2,0.0,0.14283456738983313,0.12157751599795343
0-1,1-0,0.0,0.4988950831070239,0.500393800254952
1/2-1/2,0-1,0.0,0.5023683123529589,0.47858218540707104
0-1,1-0,0.0,0.4808789168841922,0.49219681393347353
1-0,1-0,0.0,0.4762273736621775,0.48346995611921717
0-1,1-0,0.0,0.4633819219521206,0.5089594969375876
0-1,1-0,0.0,0.4475278512483589,0.5450699110629974
1-0,1/2-1/2,0.0,0.24202810027913654,0.29826807160672525
0-1,0-1,0.0,0.5259951371087602,0.465499669193281
0-1,1/2-1/2,0.0,0.3494785683776062,0.27732453195492646
0-1,1-0,0.0,0.4636341564556371,0.52506137990729
0-1,0-1,0.0,0.5010244946344042,0.48217040558726343
1-0,0-1,0.0,0.4961583637341701,0.48563622630222814
1-0,1-0,0.0,0.426413278289702,0.42929350473173605
0-1,1/2-1/2,0.0,0.216250386399328,0.3295405172916577
1-0,1/2-1/2,0.0,0.1491017059660183,0.11422558009120512
0-1,0-1,0.0,0.5074239923485628,0.45852311117915523
1-0,1-0,0.0,0.45982697370735964,0.529928879423959
0-1,0-1,0.0,0.5129778078092512,0.4782386953175657
0-1,0-1,0.0,0.4893164665765941,0.48670178520089624
1-0,1-0,0.0,0.4846992128656729,0.5085348246775182
0-1,1-0,0.0,0.4755998011646667,0.5157458754862165
1-0,0-1,0.0,0.3648832102491189,0.33373491682149026
1-0,0-1,0.0,0.5029405181961646,0.4855665018661265
0-1,1-0,0.0,0.496036122317382,0.49739975809778164
1/2-1/2,0-1,0.0,0.49895528929871225,0.4414463797361123
0-1,0-1,0.0,0.5033138958717299,0.48697992486444547
1-0,0-1,0.0,0.5296424919888321,0.46258730245566354
0-1,1-0,0.0,0.4799661335237885,0.5109574354170481
0-1,0-1,0.0,0.5169570202737648,0.4635020404699412
1-0,1-0,0.0,0.484741384292565,0.5013658517180192
0-1,0-1,0.0,0.516787285308516,0.4776427559206981
1-0,0-1,0.0,0.5065204881112279,0.4768430366909341
0-1,0-1,0.0,0.49379204097846713,0.4895776137194979
0-1,0-1,0.0,0.5286190304337196,0.45855761586507715
1-0,1-0,0.0,0.4791465613077017,0.48677327142320564
1-0,1-0,0.0,0.4574642818927697,0.534656892963564
1-0,1-0,0.0,0.49375266842690124,0.5004019105210072
0-1,1-0,0.0,0.4855589995689637,0.491983747739866
1-0,0-1,0.0,0.5141047007820813,0.4762916388275107
1-0,1-0,0.0,0.45804853225794445,0.5325307591142823
0-1,0-1,0.0,0.4985027441734623,0.4575158323489153
1-0,1-0,0.0,0.47788007333060994,0.5076427052510852
0-1,1-0,0.0,0.46963363991270307,0.486215326698969
1-0,1-0,0.0,0.4752330909397052,0.4827906456181664
1-0,0-1,0.0,0.38586812814471694,0.35172469705709813
1-0,1-0,0.0,0.4826566000823682,0.505142284283963
1-0,0-1,0.0,0.5129992470369025,0.43807589979771794
1-0,1-0,0.0,0.4442975335076304,0.4829293421482276
1-0,1-0,0.0,0.4478197260472964,0.5146928608493999
0-1,1-0,0.0,0.3046259671954484,0.5698047965881438
0-1,1-0,0.0,0.46385392088724103,0.5247125797509428
1-0,0-1,0.0,0.5010210470261228,0.4873667245477972
0-1,0-1,0.0,0.4937759975359499,0.4320390713473955
1/2-1/2,1/2-1/2,0.0,0.33079408896325996,0.2911466122287973
1-0,0-1,0.0,0.5107291255032596,0.48116177251925873
1-0,1-0,0.0,0.46399240164812827,0.5097086002077543
0-1,1-0,0.0,0.48001367612781115,0.5072455417520916
1-0,1-0,0.0,0.4710637682791451,0.5115715018198062
0-1,0-1,0.0,0.5035444054402684,0.49482349076011256
0-1,0-1,0.0,0.506694651649057,0.4831075980046081
1-0,0-1,0.0,0.5270049006811193,0.46608076821095357
0-1,1-0,0.0,0.4753740994624336,0.5164052893212782
1-0,0-1,0.0,0.5054788398891158,0.4863665347292747
1-0,1-0,0.0,0.4932130785451151,0.4965000144964011
0-1,0-1,0.0,0.4891632530245577,0.4799201317328126
0-1,0-1,0.0,0.48615954876776124,0.45816109256116866
1-0,0-1,0.0,0.5069253422628088,0.47800848070356267
1-0,1-0,0.0,0.46723596458949235,0.5022597200713456
1-0,0-1,0.0,0.38056099330769144,0.3429129313573036
0-1,1-0,0.0,0.4129934750528858,0.5824646391126341
1-0,0-1,0.0,0.5530822635931819,0.44037250276153556
1-0,1-0,0.0,0.4634723552788054,0.5300569939936578
0-1,1-0,0.0,0.45332059775522443,0.5395489698091225
0-1,0-1,0.0,0.5405862898576371,0.43892755422548224
1-0,1-0,0.0,0.4954324138633645,0.49785349525287964
0-1,1-0,0.0,0.4901171186993954,0.49829558280865427
0-1,1-0,0.0,0.46975482788966494,0.5222991199532395
0-1,0-1,0.0,0.5041720588697264,0.4830167976821676
0-1,1-0,0.0,0.4020838296762964,0.4368546486943154
1-0,1-0,0.0,0.35509298314014126,0.6404182365842946
1-0,1-0,0.0,0.2951757050349131,0.575561860177033
1-0,0-1,0.0,0.5076287357088324,0.4888772077715304
0-1,1-0,0.0,0.4632381025656217,0.5206726154747133
0-1,1-0,0.0,0.48239211757503264,0.5082070615129393
0-1,1-0,0.0,0.4969827874972198,0.49724310789465964
1-0,0-1,0.0,0.545207365852657,0.4494282728840204
0-1,1-0,0.0,0.43623402668539685,0.531879032751193
0-1,1-0,0.0,0.4944733649200465,0.4970019155439843
1-0,1-0,0.0,0.48535302780514067,0.49628457714462315
1-0,1-0,0.0,0.494813136679361,0.4951777299952771
0-1,1-0,0.0,0.44338564128646013,0.5326518718274287
0-1,0-1,0.0,0.48736713951799493,0.444913810319575
1-0,1/2-1/2,0.0,0.012619718749432962,0.011725844940462176
0-1,1-0,0.0,0.49390184637577594,0.4997610766076879
0-1,1-0,0.0,0.4852092248139474,0.5031548565062036
0-1,0-1,0.0,0.4738430693568259,0.3971016256582606
0-1,1-0,0.0,0.4883250282577028,0.49693658943419505
0-1,1-0,0.0,0.4427266123652553,0.48807543845530227
0-1,1-0,0.0,0.46205218098230333,0.5247684796873058
1-0,1/2-1/2,0.0,0.29446287572744273,0.2647203930613478
1-0,0-1,0.0,0.5137835817093995,0.48029446037249696
1-0,1-0,0.0,0.4654972170509599,0.5292676758214834
0-1,1-0,0.0,0.4804970256534716,0.48709909609496416
1/2-1/2,1-0,0.0,0.390623959871771,0.6040688797371551
1-0,1-0,0.0,0.4183200445273048,0.5753653761006012
1-0,1-0,0.0,0.4148895742478266,0.5402898582874374
1-0,1-0,0.0,0.4729686321204902,0.5170645304553744
1-0,1-0,0.0,0.4742897153823979,0.5076903583522779
0-1,0-1,0.0,0.49047133960165107,0.47763758062820244
1/2-1/2,1/2-1/2,0.0,0.22068944164264992,0.2183765039863026
1-0,0-1,0.0,0.48523685755883433,0.47601990408810246
1-0,0-1,0.0,0.4853472757088888,0.4749702069888393
0-1,0-1,0.0,0.49649696668501114,0.4958010247753716
1-0,0-1,0.0,0.3921958171965338,0.3721802972630238
1-0,0-1,0.0,0.5051502617193684,0.48231120234877656
1-0,1-0,0.0,0.15446933303970317,0.8424365974319268
0-1,0-1,0.0,0.5338123900155476,0.4596871442402548
1-0,1-0,0.0,0.44128291972400935,0.5236900323712073
1/2-1/2,0-1,0.0,0.4960903355991111,0.43947805637914955
1-0,1-0,0.0,0.4847499634361808,0.4936790837667239
0-1,1-0,0.0,0.48940174815183257,0.4928118377491591
1-0,1-0,0.0,0.44598652723491683,0.5474724594749023
0-1,1-0,0.0,0.4790134396245248,0.5119317252809603
1-0,1-0,0.0,0.4833796812404325,0.5108545337946192
1-0,0-1,0.0,0.5134215224129967,0.47806665353741845
0-1,0-1,0.0,0.47359742568613034,0.46893402268008505
0-1,0-1,0.0,0.4664916338588563,0.3811041051585943
1-0,0-1,0.0,0.5477342764213586,0.44581605724451573
0-1,1-0,0.0,0.48773097953658345,0.4992909693365239
1-0,1-0,0.0,0.006936812047599856,0.9930629485898571
1-0,1-0,0.0,0.4512370963596824,0.5135423245778504
0-1,1-0,0.0,0.46365288575030544,0.5192894774594474
1-0,1-0,0.0,0.46432173425016743,0.519468625566727
1-0,1-0,0.0,0.48330050239629485,0.5058063167471065
1-0,0-1,0.0,0.4951396537198522,0.49355597995738304
1-0,1-0,0.0,0.4398834378509263,0.5434498067591631
1-0,0-1,0.0,0.5068046369462811,0.48300234133566644
1-0,1-0,0.0,0.41858153483098337,0.4694140697735742
1-0,1-0,0.0,0.4777911746695536,0.5081161452554427
1-0,0-1,0.0,0.4939212721764447,0.4908298619253254
0-1,1-0,0.0,0.4571446940954242,0.5297747925495219
1-0,1-0,0.0,0.48284987306960697,0.4955317741709322
1-0,0-1,0.0,0.5133325035340282,0.4781360690816138
1-0,0-1,0.0,0.518251488152075,0.4682431046862206
1-0,0-1,0.0,0.5393310529582033,0.45395563333463673
1-0,0-1,0.0,0.5615544264403048,0.43243463942620025
0-1,0-1,0.0,0.4917582787236028,0.36813813348907465
1/2-1/2,1-0,0.0,0.3672088623538815,0.43812273388621026
1-0,1/2-1/2,0.0,0.26640983165194165,0.2371724775458809
1-0,0-1,0.0,0.5403970818166874,0.44398085908558915
0-1,0-1,0.0,0.5012265664668961,0.4779736439196277
1-0,1-0,0.0,0.3383996971803006,0.42684994722146913
1-0,0-1,0.0,0.40656623321539015,0.3691629657966565
0-1,0-1,0.0,0.49923486280359924,0.48621849569781705
0-1,1-0,0.0,0.39880924890355124,0.5953336072329638
0-1,1-0,0.0,0.4807589207221095,0.5001637580458239
1-0,1-0,0.0,0.43679773365874824,0.5248909796340129
1-0,1-0,0.0,0.48196109792657515,0.5109438738462568
1-0,0-1,0.0,0.49949351686945953,0.4896719469881247
0-1,0-1,0.0,0.49376443297243555,0.4935379092062816
0-1,0-1,0.0,0.513421669356094,0.4741839570256582
1-0,0-1,0.0,0.500863971004724,0.49172958402005246
1-0,0-1,0.0,0.49892995379602667,0.4874238636768561
1/2-1/2,1/2-1/2,0.0,0.31674339616143066,0.2778846955762519
1-0,1-0,0.0,0.4793094862404356,0.4987280985751477
0-1,0-1,0.0,0.48241838096283884,0.4422300320991425
0-1,0-1,0.0,0.4538690261859423,0.37503556339331473
1-0,1-0,0.0,0.48690851154787324,0.48892586192090165
0-1,0-1,0.0,0.4650138765475664,0.4062972642633503
1-0,1-0,0.0,0.4900612372522614,0.5014438026120631
1-0,1-0,0.0,0.4749147291194093,0.4836581072155391
0-1,0-1,0.0,0.4995944892035073,0.4914651101971718
0-1,1-0,0.0,0.45992165042622596,0.5279140875152539
1-0,1-0,0.0,0.4238745526328299,0.5710035473539619
0-1,0-1,0.0,0.5167502608293,0.4745999801245036
0-1,1-0,0.0,0.43047668750672324,0.5524355116763712
1-0,0-1,0.0,0.5291735585214224,0.46053093621745556
0-1,1-0,0.0,0.46231139125320575,0.5258144815717134
0-1,1-0,0.0,0.48023745753011604,0.48923731751416255
1/2-1/2,0-1,0.0,0.5284979848371404,0.4141975969953453
0-1,1-0,0.0,0.46836879202146753,0.5108645398356307
1-0,1-0,0.0,0.4375096553523067,0.49632492954586926
0-1,0-1,0.0,0.5140411874550406,0.40349868123545723
1-0,0-1,0.0,0.5238186197324236,0.4312376508305429
0-1,0-1,0.0,0.5237557305222703,0.4734745410517389
1-0,0-1,0.0,0.5321650617802791,0.4633444739595374
0-1,0-1,0.0,0.5277161556548833,0.4419162300620653
1-0,1-0,0.0,0.46285710308781836,0.5066697961603612
1-0,1-0,0.0,0.4224507550577105,0.5710335647128246
1-0,1-0,0.0,0.4683983921073834,0.4919759222663517
0-1,1-0,0.0,0.4615993089844297,0.5263452874569283
0-1,0-1,0.0,0.3637959653150899,0.35855332968467346
0-1,0-1,0.0,0.484889082049622,0.44085833777277633
0-1,0-1,0.0,0.490954361962381,0.4639614266211615
1-0,0-1,0.0,0.5044309490732091,0.47234410621871326
0-1,0-1,0.0,0.5034301692578271,0.48102375115116636
1-0,0-1,0.0,0.513053852679387,0.47799857671388984
0-1,1-0,0.0,0.45697039324369837,0.5184372031243936
1-0,1-0,0.0,0.48690057489860855,0.5032902247458758
0-1,0-1,0.0,0.49869151382383214,0.4789836290028576
0-1,0-1,0.0,0.5289643261424459,0.45918181998565416
0-1,1-0,0.0,0.37370710183070294,0.5287401838976764
1-0,0-1,0.0,0.4947679635653736,0.4354901370466108
1-0,0-1,0.0,0.47986407095997025,0.45959469435124906
1-0,0-1,0.0,0.3769883830400561,0.3530925162550916
1-0,1-0,0.0,0.4650585633781983,0.5262233668027593
1-0,1-0,0.0,0.47158123144039726,0.5197561036192587
0-1,1/2-1/2,0.0,0.336068936840156,0.28483840854475145
0-1,0-1,0.0,0.510351206160502,0.4738667248381201
0-1,1-0,0.0,0.4788992751140035,0.5032017075940922
0-1,0-1,0.0,0.5322326725848288,0.4271327029412511
0-1,1-0,0.0,0.4748488340363774,0.4926715539197656
0-1,0-1,0.0,0.49718142033618157,0.4718676242790347
0-1,1-0,0.0,0.4820031393612947,0.5072586609066129
1/2-1/2,1-0,0.0,0.3759871307250945,0.3930005929366879
1/2-1/2,1-0,0.0,0.42203038410548827,0.509017274332538
1-0,1/2-1/2,0.0,0.20552675816591767,0.2185187238723695
1-0,1-0,0.0,0.4731723074721867,0.5207603327205237
1-0,1-0,0.0,0.474849826642035,0.5099054023006412
1-0,1-0,0.0,0.41461008661133564,0.5807410391369068
0-1,1-0,0.0,0.4711183514358222,0.523411623243482
0-1,0-1,0.0,0.47869154195341385,0.4422504909537045
1-0,0-1,0.0,0.4877486289519246,0.4868342501426877
0-1,1-0,0.0,0.42539508803553244,0.45327928863191497
0-1,0-1,0.0,0.491300812849416,0.47199682515786723
1-0,0-1,0.0,0.49900047219397825,0.4879327408921718
0-1,1-0,0.0,0.44967377521149815,0.5347213865972497
1-0,0-1,0.0,0.5177915300325361,0.464768002445424
0-1,1-0,0.0,0.19526684019069698,0.8037769307256352
1-0,1-0,0.0,0.41771648630108477,0.5752361768236238
1-0,1-0,0.0,0.4266649057043572,0.5658071690226505
0-1,1-0,0.0,0.43617009948781416,0.45145145114896607
0-1,0-1,0.0,0.5001547140963432,0.48883167359749674
0-1,1-0,0.0,0.47727419506003765,0.5067967621606039
1-0,1-0,0.0,0.39463544895426617,0.6009978131827196
0-1,1-0,0.0,0.4828078033155771,0.5157580456833216
1-0,0-1,0.0,0.5241118674493542,0.4567028104800748
1-0,1-0,0.0,0.47088383136726414,0.507975569776488
0-1,0-1,0.0,0.4567004615313444,0.3665511428241758
1-0,1-0,0.0,0.033454070904546315,0.9665167242146607
0-1,1-0,0.0,0.45686048335583646,0.5232765407436284
1-0,1-0,0.0,0.4393228032878796,0.5338150965322143
1-0,1-0,0.0,0.40742185926252095,0.44894836266833626
1/2-1/2,0-1,0.0,0.5640254673923106,0.4286549076654251
0-1,1-0,0.0,0.470937822810718,0.5281595075534137
1-0,1-0,0.0,0.3023898538093912,0.6949437746713775
1-0,1-0,0.0,0.2660898256330303,0.7316344298429832
1-0,1-0,0.0,0.16560065467124555,0.8335541649444292
0-1,0-1,0.0,0.504010133305722,0.4642059083697062
0-1,0-1,0.0,0.529368207241473,0.45957047681997426
1/2-1/2,0-1,0.0,0.5134001343615424,0.46596542970585725
1/2-1/2,0-1,0.0,0.47816882918507936,0.4698529145081867
0-1,1-0,0.0,0.4088900551523443,0.52184296755792
1-0,1-0,0.0,0.44953051516756104,0.5445392484646214
1-0,1-0,0.0,0.42320011519828543,0.5718263848458288
1-0,1-0,0.0,0.47803505518461015,0.5141151513378293
1-0,1-0,0.0,0.4869715084321365,0.4949473386167089
0-1,1/2-1/2,0.0,0.27366843406496943,0.29216426409511864
1-0,1-0,0.0,0.230387279168543,0.4091085267911917
0-1,1-0,0.0,0.4733850073878818,0.511345611359248
0-1,0-1,0.0,0.5259938804250313,0.46852349047141173
1/2-1/2,0-1,0.0,0.4698622420293043,0.39882973018387713
0-1,1-0,0.0,0.4817910607779277,0.5033044794193696
0-1,1-0,0.0,0.48922948852847326,0.5029457453716843
1-0,0-1,0.0,0.49093913815646556,0.4882129241756141
0-1,0-1,0.0,0.4887776027414885,0.4286219941238311
0-1,1-0,0.0,0.49396512347015153,0.49461332115067913
1-0,0-1,0.0,0.48603335522096436,0.46703697885888795
1-0,1-0,0.0,0.4605703832733509,0.5098328048892444
1-0,1-0,0.0,0.052379092190401794,0.9475477773809937
1/2-1/2,0-1,0.0,0.5271285781448181,0.4432509196373985
1-0,0-1,0.0,0.48884132707882516,0.4677529156326121
0-1,1-0,0.0,0.4441688480348623,0.5487970655787894
1-0,1-0,0.0,0.3389023987746466,0.6539008602447713
1-0,1-0,0.0,0.4328729615412506,0.5583229335460509
0-1,0-1,0.0,0.5081920959828993,0.46933432270511416
1-0,1-0,0.0,0.48111433234388595,0.5084962522077336
0-1,1-0,0.0,0.4404109588950665,0.5510179540562681
1-0,1-0,0.0,0.48826627203388223,0.4967952409308734
0-1,0-1,0.0,0.4632770975218931,0.4515057798224073
0-1,1-0,0.0,0.4929044624756415,0.49464274152088156
0-1,0-1,0.0,0.5522061099731603,0.4441321560867349
1-0,1-0,0.0,0.4518240646735446,0.5180556473142772
1-0,0-1,0.0,0.5164096632189475,0.4783842145379054
0-1,1-0,0.0,0.48301252358642804,0.5107957767599386
0-1,0-1,0.0,0.5023094379813687,0.42591021347129765
1-0,0-1,0.0,0.5236533481047653,0.47073817354846414
1-0,1-0,0.0,0.4685068446079231,0.5148095538465493
1-0,0-1,0.0,0.5006102130957363,0.49257970620457747
0-1,0-1,0.0,0.5312555402366278,0.4620880944212424
0-1,1-0,0.0,0.4944446542763978,0.4949584173360844
0-1,0-1,0.0,0.5073376924629109,0.47693445237875526
1/2-1/2,1-0,0.0,0.4741843966064051,0.5129119010725928
0-1,1-0,0.0,0.488670020716495,0.4980424491124176
1-0,1-0,0.0,0.4931420372665607,0.4959649181278281
0-1,0-1,0.0,0.5033630823937889,0.4831242545616346
1-0,1-0,0.0,0.4596509019711863,0.533239163615501
1-0,0-1,0.0,0.5139143703861042,0.4711795315641755
1-0,1-0,0.0,0.4554929842478985,0.45886039302552595
1-0,0-1,0.0,0.5523822526026425,0.4334703933344197
0-1,1-0,0.0,0.015993413977345092,0.9840065857113379
0-1,1-0,0.0,0.3995914269855718,0.4001825347532984
1-0,0-1,0.0,0.5112298619272198,0.45732929841393566
0-1,1-0,0.0,0.4775289832600786,0.5133660970694517
1-0,0-1,0.0,0.5048946560309645,0.4805305172707419
1-0,0-1,0.0,0.4730853640624788,0.43644832851809784
1-0,1-0,0.0,0.42859650434890206,0.5644427009287005
0-1,1/2-1/2,0.0,0.21639286112320685,0.16475826635852278
1-0,1-0,0.0,0.4228182914307698,0.5160455881199616
1-0,1-0,0.0,0.22242435624242676,0.7734269565213906
0-1,1-0,0.0,0.3939879274103668,0.5900432969241202
1-0,1-0,0.0,0.4878807684391025,0.5012396086114215
1-0,1-0,0.0,0.4945478630954289,0.49830670015078876
0-1,1-0,0.0,0.49176803752518483,0.5024205921623911
0-1,0-1,0.0,0.4816414401941691,0.4637756959479883
0-1,0-1,0.0,0.5105347500730183,0.47272228497169927
1-0,0-1,0.0,0.46104072064403534,0.4361976563206258
0-1,1-0,0.0,0.4589089368938928,0.5343242328862593
1/2-1/2,1-0,0.0,0.35264932905344354,0.3922855435508904
0-1,0-1,0.0,0.47869394946185045,0.44950565975526224
0-1,0-1,0.0,0.5324560982309178,0.42001524226029624
1-0,0-1,0.0,0.5452482752481279,0.4109015652766279
1-0,0-1,0.0,0.5364035257881908,0.4553821490392726
1-0,0-1,0.0,0.49533735025810216,0.49503899139395396
0-1,0-1,0.0,0.5022600189236115,0.48248767303258966
1-0,0-1,0.0,0.4977327939206759,0.470060393874454
0-1,0-1,0.0,0.4953516494745113,0.48170389893367344
1-0,1-0,0.0,0.4761710964403081,0.5168806970650007
1-0,1-0,0.0,0.47983305236705137,0.5015039994750415
0-1,1/2-1/2,0.0,0.06894559571996374,0.0632145922005475
0-1,1-0,0.0,0.4231579722846376,0.5537305823514774
1-0,0-1,0.0,0.5107738303156443,0.47949318453071793
1-0,1-0,0.0,0.4121245832170536,0.5730019836501521
1/2-1/2,0-1,0.0,0.46393833071076307,0.4062895534859384
1-0,0-1,0.0,0.4849927049094291,0.48128842212550327
1-0,1-0,0.0,0.4852844721242656,0.5081873346066194
0-1,1-0,0.0,0.45094900266231414,0.5390998129185168
0-1,1-0,0.0,0.486810945149588,0.5074379226538455
0-1,1-0,0.0,0.4377896418136536,0.5123985740849339
0-1,1-0,0.0,0.43770251839514557,0.5548979916992176
1-0,1-0,0.0,0.4678819688351304,0.49884770947126267
1-0,1-0,0.0,0.4327663638874363,0.5562479015880867
0-1,0-1,0.0,0.5557477065380291,0.4331755229917416
1-0,1-0,0.0,0.1479900553026773,0.850014417201115
0-1,0-1,0.0,0.5231273066257726,0.456079304946433
0-1,0-1,0.0,0.5133756867641188,0.4685768870293777
1-0,0-1,0.0,0.502601296938154,0.48435660561472127
0-1,1-0,0.0,0.4813100588523917,0.5044915491330263
0-1,0-1,0.0,0.5287220825561485,0.4420832362232105
1-0,1-0,0.0,0.24006894373216434,0.7153739388007772
0-1,0-1,0.0,0.4954112832942566,0.4752069489211294
1-0,1-0,0.0,0.4676134680925967,0.509210010897712
0-1,1-0,0.0,0.47707090124397616,0.5125974448701942
0-1,0-1,0.0,0.5037924486255523,0.48994201986848623
1-0,0-1,0.0,0.5009372229689486,0.4445991468830576
0-1,0-1,0.0,0.4902436046721582,0.46041276180854157
0-1,0-1,0.0,0.5248796424096388,0.46443385266546683
0-1,1-0,0.0,0.4860900990748447,0.4998445249872986
