WhiteElo,BlackElo,MovesCount,GameElo,EloDiff,Result
1247,1218,15,1233,29,1-0
1577,1593,52,1585,-16,0-1
1043,1000,44,1022,43,1-0
2015,2028,29,2022,-13,1-0
1756,1737,21,1747,19,1-0
1638,1696,45,1667,-58,1-0
1841,1825,45,1833,16,1-0
1496,1575,24,1536,-79,1-0
1314,1334,8,1324,-20,0-1
1953,1951,37,1952,2,1-0
1443,1491,32,1467,-48,1-0
1268,1272,16,1270,-4,1-0
1892,1886,18,1889,6,1-0
1622,1607,18,1615,15,1-0
1356,1614,51,1485,-258,0-1
1355,1368,31,1362,-13,0-1
2558,2659,77,2609,-101,1/2-1/2
1326,1323,26,1325,3,1-0
1433,1491,50,1462,-58,0-1
1922,1948,29,1935,-26,1-0
1683,1641,57,1662,42,0-1
2080,2082,15,2081,-2,1-0
1587,1584,50,1586,3,0-1
944,1064,17,1004,-120,1-0
1493,1520,11,1507,-27,1-0
1902,1895,16,1899,7,1-0
1940,1922,45,1931,18,0-1
1474,1473,43,1474,1,0-1
2139,2159,19,2149,-20,0-1
2541,2376,48,2459,165,0-1
1682,1652,22,1667,30,0-1
2005,1944,7,1975,61,0-1
2300,2331,40,2316,-31,0-1
1442,1447,8,1445,-5,0-1
808,797,22,803,11,1-0
2138,2125,32,2132,13,0-1
1769,1910,26,1840,-141,0-1
1362,1354,51,1358,8,1-0
2007,2108,35,2058,-101,1-0
1711,1691,17,1701,20,1-0
1166,1285,18,1226,-119,1-0
993,1075,23,1034,-82,1-0
1339,1406,6,1373,-67,0-1
1990,1801,33,1896,189,1-0
1451,1492,45,1472,-41,1-0
1487,1503,28,1495,-16,0-1
1876,1893,28,1885,-17,1-0
1490,1545,76,1518,-55,0-1
1384,1393,19,1389,-9,1-0
1447,1403,54,1425,44,1-0
1677,1628,25,1653,49,1-0
1038,1062,15,1050,-24,1-0
1697,1701,14,1699,-4,0-1
1243,1262,8,1253,-19,1-0
1825,1810,69,1818,15,1-0
1803,1797,41,1800,6,1/2-1/2
1522,1533,28,1528,-11,1-0
1426,1468,25,1447,-42,0-1
1769,1777,27,1773,-8,0-1
1104,1080,36,1092,24,1-0
1244,1321,37,1283,-77,1-0
855,970,28,913,-115,0-1
1676,1690,26,1683,-14,1-0
1496,1403,31,1450,93,1-0
2060,2129,24,2095,-69,1-0
1204,1208,25,1206,-4,0-1
1565,1539,41,1552,26,0-1
1368,1376,18,1372,-8,1-0
1895,1822,29,1859,73,0-1
1928,1917,13,1923,11,0-1
1769,1743,44,1756,26,0-1
1667,1652,14,1660,15,1-0
1780,1811,17,1796,-31,1-0
852,854,20,853,-2,0-1
2146,2130,35,2138,16,1-0
1842,1939,31,1891,-97,0-1
1525,1494,45,1510,31,1-0
1617,1737,42,1677,-120,0-1
1962,1965,34,1964,-3,0-1
1764,1772,30,1768,-8,1-0
1155,1139,19,1147,16,1-0
2142,2070,45,2106,72,1-0
2415,2291,23,2353,124,1-0
2023,2011,36,2017,12,1-0
1781,1867,27,1824,-86,1-0
1535,1507,32,1521,28,0-1
1312,1371,21,1342,-59,0-1
1287,1219,29,1253,68,1-0
1928,1916,38,1922,12,0-1
1591,1539,22,1565,52,0-1
1935,1932,27,1934,3,0-1
2251,2154,44,2203,97,1-0
2048,2039,32,2044,9,0-1
1534,1530,15,1532,4,1-0
1651,1662,48,1657,-11,1-0
1491,1485,44,1488,6,0-1
896,1148,1,1022,-252,1-0
1552,1554,35,1553,-2,0-1
1672,1688,47,1680,-16,1-0
1614,1624,41,1619,-10,0-1
1493,1503,42,1498,-10,0-1
1474,1479,77,1477,-5,0-1
1610,1599,13,1605,11,1-0
1438,1454,34,1446,-16,1-0
2435,2407,19,2421,28,0-1
2014,1960,50,1987,54,0-1
1709,1588,44,1649,121,0-1
1959,1931,34,1945,28,1-0
1816,1886,49,1851,-70,1-0
1880,1829,54,1855,51,1-0
1560,1567,31,1564,-7,0-1
1469,1379,43,1424,90,0-1
1770,1798,50,1784,-28,1-0
1917,1919,19,1918,-2,0-1
2034,2035,44,2035,-1,0-1
1809,1818,31,1814,-9,1-0
1719,1739,0,1729,-20,0-1
1742,1749,1,1746,-7,1-0
1599,1589,21,1594,10,1-0
1770,1770,16,1770,0,0-1
1719,1711,50,1715,8,1-0
2077,2039,36,2058,38,1-0
1682,1626,31,1654,56,1-0
1875,2049,40,1962,-174,1-0
1019,774,35,897,245,1-0
1860,1857,42,1859,3,1-0
1948,1963,35,1956,-15,0-1
1375,1398,37,1387,-23,0-1
941,1047,40,994,-106,1-0
1202,1315,25,1259,-113,0-1
1740,1752,36,1746,-12,1-0
2162,2159,32,2161,3,0-1
1529,1490,34,1510,39,0-1
1943,1906,40,1925,37,0-1
1390,1434,25,1412,-44,0-1
1844,1843,13,1844,1,1-0
1389,1523,22,1456,-134,0-1
2023,2014,22,2019,9,0-1
1543,1424,9,1484,119,0-1
1860,1859,70,1860,1,1/2-1/2
1388,1337,19,1363,51,0-1
1014,894,18,954,120,1-0
2296,2320,17,2308,-24,0-1
1264,1276,14,1270,-12,1-0
794,809,15,802,-15,0-1
2096,2088,21,2092,8,0-1
2268,2191,46,2230,77,1-0
1836,1850,21,1843,-14,1-0
1880,1869,37,1875,11,0-1
2288,2342,28,2315,-54,1-0
1267,1248,39,1258,19,1-0
1402,1402,67,1402,0,0-1
2302,2223,46,2263,79,0-1
2169,2153,43,2161,16,0-1
1553,1618,27,1586,-65,0-1
2911,2999,43,2955,-88,0-1
1654,1693,36,1674,-39,0-1
1916,2000,44,1958,-84,1-0
1288,1280,41,1284,8,0-1
1202,1165,30,1184,37,1-0
1726,1709,40,1718,17,1-0
1063,1002,25,1033,61,1-0
1291,1380,5,1336,-89,1-0
1854,1872,15,1863,-18,1-0
1264,1220,10,1242,44,1-0
2010,2012,35,2011,-2,0-1
1747,1737,33,1742,10,0-1
2078,2073,25,2076,5,0-1
1796,1722,36,1759,74,1-0
1654,1617,28,1636,37,1-0
1610,1680,28,1645,-70,0-1
1854,1811,50,1833,43,1-0
1714,1719,34,1717,-5,1-0
1236,1179,31,1208,57,0-1
2308,2231,36,2270,77,1-0
1354,1386,37,1370,-32,0-1
985,992,54,989,-7,0-1
1978,1965,29,1972,13,1-0
1293,1332,33,1313,-39,0-1
1985,1867,58,1926,118,1/2-1/2
1027,1069,17,1048,-42,0-1
2044,2042,40,2043,2,0-1
1578,1623,42,1601,-45,0-1
1524,1529,12,1527,-5,1-0
924,859,16,892,65,1-0
1413,1353,24,1383,60,1-0
1834,1827,41,1831,7,1/2-1/2
2006,2018,29,2012,-12,0-1
1769,1761,26,1765,8,0-1
2114,2160,30,2137,-46,0-1
1997,1953,46,1975,44,1-0
1166,1284,20,1225,-118,1-0
1609,1599,30,1604,10,0-1
821,784,68,803,37,1-0
1353,1337,34,1345,16,1-0
1656,1658,33,1657,-2,0-1
980,922,10,951,58,1-0
2090,2162,26,2126,-72,1-0
1535,1580,25,1558,-45,0-1
1698,1701,14,1700,-3,1-0
1965,2226,28,2096,-261,1-0
1397,1404,26,1401,-7,0-1
1387,1364,14,1376,23,1-0
1414,1411,43,1413,3,0-1
1245,1313,8,1279,-68,1-0
1431,1423,30,1427,8,1/2-1/2
1349,1350,12,1350,-1,0-1
816,988,21,902,-172,1-0
1533,1634,35,1584,-101,0-1
1435,1427,42,1431,8,1-0
1443,1479,15,1461,-36,1-0
1411,1386,29,1399,25,0-1
1909,1908,19,1909,1,0-1
1744,1733,38,1739,11,0-1
1768,1773,24,1771,-5,0-1
1378,1305,14,1342,73,1-0
1996,1979,36,1988,17,1/2-1/2
2049,2050,77,2050,-1,1/2-1/2
954,1029,33,992,-75,0-1
2185,2231,75,2208,-46,0-1
1844,1834,63,1839,10,1/2-1/2
1660,1683,49,1672,-23,0-1
1542,1590,22,1566,-48,0-1
1685,1673,45,1679,12,0-1
1904,1906,27,1905,-2,0-1
1714,1705,32,1710,9,0-1
1695,1693,44,1694,2,0-1
1749,1797,33,1773,-48,1-0
1453,1456,35,1455,-3,0-1
1698,1699,39,1699,-1,0-1
2359,2351,40,2355,8,1-0
1199,1191,24,1195,8,1-0
2045,2058,16,2052,-13,0-1
1448,1481,7,1465,-33,0-1
2347,2290,33,2319,57,1-0
2161,2252,26,2207,-91,0-1
2376,2376,48,2376,0,1-0
1964,1959,56,1962,5,1/2-1/2
1849,1868,18,1859,-19,1-0
2011,1994,25,2003,17,1-0
1273,1280,28,1277,-7,1-0
2341,2304,60,2323,37,1-0
2080,2099,40,2090,-19,0-1
1150,1163,6,1157,-13,0-1
1298,1361,28,1330,-63,1-0
1774,1770,25,1772,4,1-0
2110,2109,27,2110,1,0-1
2267,2282,48,2275,-15,0-1
1982,1563,53,1773,419,1-0
1473,1471,57,1472,2,1-0
1494,1498,21,1496,-4,0-1
1108,1156,19,1132,-48,1-0
1268,1196,26,1232,72,0-1
1597,1646,37,1622,-49,1-0
1360,1338,16,1349,22,0-1
1657,1610,33,1634,47,0-1
2271,2248,45,2260,23,0-1
1910,1974,56,1942,-64,1-0
2020,1615,29,1818,405,0-1
1173,1189,30,1181,-16,0-1
1527,1626,48,1577,-99,1/2-1/2
1242,1301,33,1272,-59,1-0
1523,1465,24,1494,58,0-1
1748,1757,39,1753,-9,1-0
1802,1773,52,1788,29,1-0
1904,1914,28,1909,-10,1-0
1680,1647,44,1664,33,0-1
1220,1142,18,1181,78,0-1
1422,1420,47,1421,2,1-0
1883,1854,52,1869,29,0-1
1329,1380,12,1355,-51,1-0
1677,1673,23,1675,4,0-1
1312,1354,20,1333,-42,0-1
1084,1116,42,1100,-32,0-1
1795,1800,6,1798,-5,0-1
1600,1646,38,1623,-46,1-0
1188,1212,33,1200,-24,0-1
1597,1496,37,1547,101,0-1
1216,1230,37,1223,-14,1-0
2321,2242,53,2282,79,1-0
1417,1437,15,1427,-20,0-1
1471,1473,19,1472,-2,0-1
2087,1969,25,2028,118,1-0
1723,1763,28,1743,-40,1-0
1812,1821,27,1817,-9,1-0
1258,1284,27,1271,-26,1-0
1292,1304,28,1298,-12,0-1
1917,1913,20,1915,4,0-1
1826,1818,36,1822,8,0-1
2163,2163,34,2163,0,0-1
1359,1330,41,1345,29,1-0
1511,1495,29,1503,16,0-1
1513,1524,32,1519,-11,1-0
1883,1891,53,1887,-8,1-0
1781,1783,31,1782,-2,1-0
2109,2120,54,2115,-11,0-1
2087,2048,52,2068,39,0-1
1944,1856,51,1900,88,0-1
1094,1075,16,1085,19,1-0
1566,1558,28,1562,8,1/2-1/2
1484,1539,42,1512,-55,1-0
1633,1634,35,1634,-1,1-0
2655,2665,74,2660,-10,1/2-1/2
1807,1844,39,1826,-37,0-1
1749,1720,17,1735,29,0-1
1348,1368,19,1358,-20,1-0
1195,1193,4,1194,2,0-1
1792,1761,32,1777,31,1-0
972,940,37,956,32,1-0
2170,2132,14,2151,38,1-0
1651,1651,14,1651,0,0-1
2092,2096,21,2094,-4,0-1
1920,1925,37,1923,-5,1-0
1125,1163,29,1144,-38,0-1
1333,1335,46,1334,-2,0-1
2344,2335,47,2340,9,0-1
1841,1836,17,1839,5,0-1
1228,1304,29,1266,-76,0-1
2096,2098,54,2097,-2,0-1
1915,1916,50,1916,-1,0-1
1673,1543,53,1608,130,0-1
1708,1738,40,1723,-30,1-0
1727,1809,66,1768,-82,1-0
1439,1444,16,1442,-5,1-0
1647,1657,17,1652,-10,0-1
2119,2140,20,2130,-21,0-1
2070,2088,52,2079,-18,1-0
1306,1380,25,1343,-74,0-1
1860,1869,34,1865,-9,0-1
1736,1740,39,1738,-4,0-1
1683,1680,22,1682,3,1-0
1205,1170,25,1188,35,1-0
2524,2422,44,2473,102,0-1
2150,2156,19,2153,-6,0-1
2197,2266,37,2232,-69,0-1
1700,1719,44,1710,-19,0-1
1305,1282,43,1294,23,1-0
1458,1470,43,1464,-12,0-1
1805,1760,23,1783,45,0-1
2685,2713,83,2699,-28,1-0
1827,1883,41,1855,-56,1-0
2253,2290,24,2272,-37,1-0
1184,1269,63,1227,-85,0-1
1604,1572,43,1588,32,1-0
1534,1540,33,1537,-6,1-0
839,867,23,853,-28,1-0
1477,1500,12,1489,-23,1-0
1298,1302,14,1300,-4,0-1
1148,1064,47,1106,84,1-0
1913,1927,32,1920,-14,0-1
1511,1526,34,1519,-15,1-0
2103,2111,52,2107,-8,0-1
1067,1118,23,1093,-51,0-1
2025,2046,13,2036,-21,1-0
971,1093,20,1032,-122,0-1
1500,1500,0,1500,0,0-1
1074,1411,0,1243,-337,0-1
1115,1539,0,1327,-424,0-1
2493,2384,30,2439,109,1-0
1032,1014,17,1023,18,1-0
1328,1326,22,1327,2,1-0
2182,2250,20,2216,-68,1-0
2066,2073,40,2070,-7,1-0
2207,2205,64,2206,2,1-0
1459,1420,26,1440,39,0-1
1500,1461,26,1481,39,0-1
1507,1571,46,1539,-64,0-1
881,802,12,842,79,1-0
1717,1703,19,1710,14,0-1
1698,1695,36,1697,3,1-0
1961,1941,45,1951,20,0-1
2136,2079,21,2108,57,1-0
2182,2400,32,2291,-218,1-0
1258,1854,31,1556,-596,0-1
1807,2017,10,1912,-210,0-1
2133,1936,20,2035,197,1-0
1785,1965,41,1875,-180,0-1
2122,1888,0,2005,234,0-1
1475,1532,26,1504,-57,0-1
2095,2158,45,2127,-63,1-0
1852,1621,0,1737,231,0-1
1740,1912,1,1826,-172,1-0
1883,1889,55,1886,-6,0-1
1794,1796,6,1795,-2,1-0
866,926,34,896,-60,0-1
2049,2169,54,2109,-120,0-1
1790,1790,23,1790,0,1-0
1744,1675,24,1710,69,1-0
1747,1786,28,1767,-39,0-1
1653,1646,19,1650,7,0-1
1708,1745,40,1727,-37,1-0
1946,1984,61,1965,-38,1-0
2044,2086,49,2065,-42,1-0
1438,1438,32,1438,0,1-0
1578,1607,34,1593,-29,1-0
1171,1142,55,1157,29,1-0
1323,1445,21,1384,-122,0-1
1987,1970,75,1979,17,1-0
1940,1820,33,1880,120,0-1
1302,1321,6,1312,-19,0-1
1813,1720,30,1767,93,0-1
1262,1278,33,1270,-16,1-0
1426,1448,14,1437,-22,1-0
1978,1621,20,1800,357,0-1
1833,1855,101,1844,-22,0-1
1412,1306,17,1359,106,0-1
1522,1563,25,1543,-41,0-1
1458,1496,28,1477,-38,1-0
1997,1992,38,1995,5,0-1
1863,1843,38,1853,20,0-1
1376,1339,4,1358,37,1-0
1016,1017,7,1017,-1,1-0
2071,2393,19,2232,-322,0-1
1977,1924,46,1951,53,0-1
1691,1735,47,1713,-44,0-1
1986,1987,26,1987,-1,0-1
2007,2089,19,2048,-82,1-0
2419,2262,13,2341,157,0-1
2427,2138,30,2283,289,1-0
2260,2216,71,2238,44,0-1
1558,1577,49,1568,-19,1-0
1191,1308,30,1250,-117,0-1
947,1008,22,978,-61,1-0
1470,1481,42,1476,-11,1-0
850,913,9,882,-63,1-0
1080,1119,25,1100,-39,0-1
2008,2013,25,2011,-5,1-0
1307,1402,14,1355,-95,1-0
1998,1947,55,1973,51,0-1
1240,1290,41,1265,-50,1-0
1617,1535,27,1576,82,0-1
1834,1863,11,1849,-29,1-0
1313,1330,22,1322,-17,0-1
1356,1378,33,1367,-22,0-1
1894,1896,33,1895,-2,1-0
1310,1292,31,1301,18,1-0
1115,1068,29,1092,47,0-1
1807,1793,26,1800,14,0-1
1739,1734,30,1737,5,0-1
1734,1672,30,1703,62,1-0
1403,1500,37,1452,-97,1-0
1231,1211,30,1221,20,1-0
1845,1822,69,1834,23,1/2-1/2
2173,2296,3,2235,-123,1-0
1839,2167,33,2003,-328,0-1
1682,1547,43,1615,135,0-1
1871,1882,45,1877,-11,0-1
1973,1911,20,1942,62,1-0
1693,1698,53,1696,-5,0-1
1759,1704,29,1732,55,1-0
1137,1184,31,1161,-47,0-1
2083,2162,42,2123,-79,0-1
1313,1586,6,1450,-273,0-1
1418,1477,35,1448,-59,1-0
1678,1708,20,1693,-30,1-0
1326,1484,9,1405,-158,1-0
1119,1107,5,1113,12,1-0
1451,1408,20,1430,43,1-0
1700,1694,21,1697,6,0-1
1515,1496,16,1506,19,0-1
1705,1761,35,1733,-56,1-0
875,967,32,921,-92,1-0
859,854,34,857,5,0-1
1559,1628,35,1594,-69,1-0
1481,1480,29,1481,1,0-1
1336,1342,43,1339,-6,0-1
1520,1517,25,1519,3,1-0
1891,1913,38,1902,-22,0-1
1244,1153,41,1199,91,1/2-1/2
1720,1699,58,1710,21,0-1
1487,1441,27,1464,46,1-0
2191,2102,37,2147,89,0-1
2229,2243,41,2236,-14,1-0
1260,1273,23,1267,-13,0-1
1407,1369,53,1388,38,1-0
756,683,46,720,73,1-0
1567,1582,35,1575,-15,0-1
1700,1686,60,1693,14,1-0
994,1027,30,1011,-33,0-1
779,902,30,841,-123,1-0
1788,1799,22,1794,-11,1-0
1257,1230,17,1244,27,1-0
2470,2551,46,2511,-81,0-1
2032,2003,25,2018,29,1-0
1795,1936,30,1866,-141,0-1
1678,1786,35,1732,-108,1-0
1469,1527,30,1498,-58,1-0
1417,1403,23,1410,14,1-0
1460,1445,18,1453,15,1-0
2176,2173,25,2175,3,1/2-1/2
2256,2200,37,2228,56,0-1
1501,1536,30,1519,-35,1-0
1134,1015,21,1075,119,1-0
2127,2009,34,2068,118,0-1
2143,2138,42,2141,5,1-0
1771,1755,39,1763,16,1-0
1575,1652,45,1614,-77,1-0
1865,1810,32,1838,55,0-1
1371,1481,27,1426,-110,0-1
1633,1648,27,1641,-15,1-0
2000,1950,35,1975,50,1-0
1574,1473,47,1524,101,1-0
1653,1628,20,1641,25,1-0
1743,1731,60,1737,12,1/2-1/2
1406,1374,49,1390,32,1-0
1271,1277,16,1274,-6,0-1
2176,2104,13,2140,72,1-0
1685,1582,33,1634,103,1-0
1723,1737,22,1730,-14,1-0
1746,1749,73,1748,-3,1-0
1533,1496,71,1515,37,0-1
1142,1109,60,1126,33,1/2-1/2
1626,1619,55,1623,7,0-1
1852,1919,57,1886,-67,0-1
991,938,30,965,53,0-1
1170,1270,9,1220,-100,0-1
1818,1833,20,1826,-15,0-1
2410,2332,28,2371,78,1-0
1907,1985,28,1946,-78,0-1
1267,1143,24,1205,124,0-1
1622,1625,22,1624,-3,0-1
2211,2200,28,2206,11,1-0
2062,2058,37,2060,4,0-1
2558,2558,23,2558,0,0-1
1515,1511,45,1513,4,1-0
1686,1703,36,1695,-17,0-1
1900,1906,4,1903,-6,0-1
1583,1535,32,1559,48,0-1
1977,1979,45,1978,-2,1-0
1282,1333,20,1308,-51,1-0
1112,1030,26,1071,82,0-1
1814,1768,16,1791,46,0-1
1544,1528,35,1536,16,1/2-1/2
2054,2093,30,2074,-39,0-1
1444,1520,19,1482,-76,1-0
1071,1062,69,1067,9,1/2-1/2
1658,1789,36,1724,-131,0-1
1256,1241,33,1249,15,1-0
1448,1383,52,1416,65,0-1
1808,1853,43,1831,-45,0-1
949,977,31,963,-28,1-0
1094,1041,7,1068,53,1-0
1498,1564,46,1531,-66,1-0
1211,1225,21,1218,-14,0-1
1275,1319,5,1297,-44,1-0
1353,1374,36,1364,-21,0-1
1676,1684,47,1680,-8,1/2-1/2
1500,1492,49,1496,8,0-1
1883,1869,33,1876,14,1-0
1056,916,45,986,140,1-0
1749,1731,44,1740,18,0-1
1564,1557,26,1561,7,0-1
1670,1687,34,1679,-17,1-0
1972,1978,21,1975,-6,1-0
1761,1816,49,1789,-55,0-1
1131,1163,40,1147,-32,1-0
1112,1036,30,1074,76,1-0
1221,1227,20,1224,-6,0-1
1281,1256,34,1269,25,0-1
1278,1266,24,1272,12,1-0
1462,1474,56,1468,-12,1/2-1/2
1203,1264,18,1234,-61,1-0
1401,1400,1,1401,1,1-0
1132,1111,17,1122,21,0-1
1352,1363,47,1358,-11,0-1
1096,1053,49,1075,43,1-0
1364,1363,34,1364,1,1-0
1805,1616,37,1711,189,1-0
2101,2118,42,2110,-17,1-0
1906,1907,20,1907,-1,1-0
1753,1753,32,1753,0,1-0
1387,1379,19,1383,8,0-1
2140,2162,41,2151,-22,0-1
2040,2015,32,2028,25,0-1
1913,1913,30,1913,0,0-1
2168,2192,34,2180,-24,0-1
1728,1698,30,1713,30,0-1
2212,2373,36,2293,-161,0-1
1846,1871,34,1859,-25,1-0
1969,1944,41,1957,25,0-1
1791,1800,39,1796,-9,1-0
2002,1973,33,1988,29,0-1
1598,1630,1,1614,-32,1-0
1635,1693,64,1664,-58,1-0
1840,1721,40,1781,119,1-0
2015,1961,66,1988,54,0-1
1398,1370,20,1384,28,1-0
769,768,4,769,1,0-1
1545,1538,28,1542,7,1-0
1162,1223,40,1193,-61,1-0
1517,1537,41,1527,-20,1-0
2437,2369,31,2403,68,0-1
1865,1861,42,1863,4,1-0
1093,983,27,1038,110,0-1
1663,1677,44,1670,-14,1-0
2634,2520,42,2577,114,1-0
1716,1687,36,1702,29,1-0
1771,1746,37,1759,25,1-0
1836,1823,41,1830,13,1-0
1840,1845,30,1843,-5,1-0
2006,2013,48,2010,-7,0-1
1307,1334,23,1321,-27,1-0
1614,1631,47,1623,-17,0-1
1409,1341,14,1375,68,1-0
1839,1817,32,1828,22,0-1
1534,1542,33,1538,-8,1-0
1932,1863,41,1898,69,0-1
1703,1692,28,1698,11,1-0
1727,1715,33,1721,12,1-0
1298,1302,65,1300,-4,0-1
2039,2072,44,2056,-33,0-1
946,939,19,943,7,0-1
1788,1788,65,1788,0,0-1
1853,1858,38,1856,-5,1-0
1888,1871,37,1880,17,1-0
1722,1721,76,1722,1,1/2-1/2
2023,2086,36,2055,-63,0-1
1794,1795,31,1795,-1,0-1
1799,1796,40,1798,3,0-1
1898,1892,48,1895,6,1-0
1852,1850,45,1851,2,0-1
1692,1697,45,1695,-5,0-1
2405,2430,66,2418,-25,0-1
2174,2208,33,2191,-34,1-0
1966,1959,42,1963,7,0-1
1644,1687,31,1666,-43,0-1
2281,2365,47,2323,-84,1-0
2155,2097,58,2126,58,0-1
1923,1939,37,1931,-16,1-0
1993,2004,40,1999,-11,1-0
1957,1945,46,1951,12,0-1
2222,2216,53,2219,6,0-1
1850,1845,47,1848,5,1-0
1843,1815,30,1829,28,1-0
1710,1717,15,1714,-7,1-0
1529,1519,39,1524,10,0-1
1054,932,26,993,122,1-0
1377,1118,41,1248,259,1/2-1/2
1453,1461,34,1457,-8,1-0
1530,1555,11,1543,-25,1-0
2052,2028,51,2040,24,1/2-1/2
1575,1537,104,1556,38,1/2-1/2
1500,1484,58,1492,16,1/2-1/2
1893,1886,34,1890,7,1-0
1359,1297,17,1328,62,0-1
2081,2052,60,2067,29,1-0
1548,1503,27,1526,45,1-0
1959,1968,52,1964,-9,1-0
2092,2130,47,2111,-38,1-0
2004,1995,37,2000,9,0-1
1861,1809,28,1835,52,1-0
1950,1992,47,1971,-42,1-0
1580,1634,46,1607,-54,1-0
2701,2527,26,2614,174,1-0
1220,1287,19,1254,-67,1-0
2251,2257,24,2254,-6,0-1
2057,2032,38,2045,25,0-1
2299,2314,42,2307,-15,0-1
1954,1939,55,1947,15,0-1
2149,2168,26,2159,-19,1-0
1902,1904,44,1903,-2,1-0
1516,1535,47,1526,-19,1-0
2394,2433,44,2414,-39,0-1
2426,2414,39,2420,12,1-0
1751,1875,52,1813,-124,0-1
1092,1077,39,1085,15,0-1
1780,1774,24,1777,6,1-0
1143,1140,15,1142,3,1-0
1434,1437,44,1436,-3,0-1
2202,2272,30,2237,-70,0-1
1679,1666,23,1673,13,0-1
1720,1731,31,1726,-11,0-1
1660,1553,36,1607,107,1-0
1527,1520,35,1524,7,0-1
1028,933,32,981,95,0-1
1689,1681,22,1685,8,1-0
1814,1861,23,1838,-47,0-1
1358,1083,14,1221,275,0-1
2010,2031,61,2021,-21,0-1
2139,2107,30,2123,32,1-0
1034,1024,30,1029,10,0-1
1826,1846,33,1836,-20,0-1
1513,1500,43,1507,13,1-0
1476,1484,15,1480,-8,0-1
1645,1593,55,1619,52,0-1
1369,1436,23,1403,-67,1-0
1726,1728,58,1727,-2,1-0
1530,1543,33,1537,-13,1-0
1929,1930,27,1930,-1,1-0
866,847,25,857,19,0-1
1333,1354,24,1344,-21,0-1
1803,1809,37,1806,-6,0-1
2040,1474,25,1757,566,1-0
1924,1892,41,1908,32,1-0
1776,1748,17,1762,28,1-0
2138,2185,36,2162,-47,1-0
1856,1865,24,1861,-9,1-0
1452,1470,25,1461,-18,1-0
2095,2072,30,2084,23,0-1
797,851,32,824,-54,1-0
1618,1616,15,1617,2,1-0
1373,1385,30,1379,-12,0-1
2032,2006,47,2019,26,0-1
1768,1768,40,1768,0,0-1
2553,2337,41,2445,216,1-0
2274,2351,30,2313,-77,1-0
2106,2063,59,2085,43,1-0
2237,2239,25,2238,-2,1-0
1761,1798,21,1780,-37,0-1
2196,2192,26,2194,4,1-0
1203,1259,9,1231,-56,1-0
970,996,20,983,-26,1-0
1583,1555,27,1569,28,1-0
1193,1236,34,1215,-43,0-1
2005,2014,34,2010,-9,0-1
1440,1508,16,1474,-68,1-0
1790,1732,50,1761,58,0-1
1748,1762,29,1755,-14,0-1
3033,1855,35,2444,1178,1-0
1057,986,40,1022,71,1-0
2069,2065,47,2067,4,0-1
1508,1525,32,1517,-17,0-1
1547,1553,45,1550,-6,1-0
1614,1635,69,1625,-21,1/2-1/2
1499,1502,39,1501,-3,0-1
1652,1727,37,1690,-75,0-1
1605,1599,32,1602,6,0-1
2637,2613,45,2625,24,1-0
1265,1208,19,1237,57,0-1
2408,2345,22,2377,63,0-1
2032,2045,47,2039,-13,1-0
1497,1468,58,1483,29,1-0
1869,1926,54,1898,-57,1/2-1/2
1433,1458,45,1446,-25,0-1
1189,1190,11,1190,-1,0-1
1591,1539,28,1565,52,1-0
1401,1431,54,1416,-30,1-0
852,919,35,886,-67,1/2-1/2
1500,488,21,994,1012,1-0
990,1009,64,1000,-19,1/2-1/2
1960,2012,26,1986,-52,0-1
1359,1379,25,1369,-20,1-0
1071,1096,78,1084,-25,1/2-1/2
1691,1766,43,1729,-75,1-0
626,757,33,692,-131,1-0
1824,1802,18,1813,22,1-0
1240,1243,23,1242,-3,1-0
1480,1481,26,1481,-1,0-1
1370,1212,23,1291,158,1-0
1430,1433,40,1432,-3,0-1
1467,1531,39,1499,-64,1-0
1814,1841,33,1828,-27,1-0
1277,1185,21,1231,92,0-1
1412,1402,26,1407,10,0-1
1135,1140,42,1138,-5,0-1
1578,1599,33,1589,-21,0-1
1764,1747,35,1756,17,1-0
2125,2135,43,2130,-10,0-1
1032,939,23,986,93,1-0
1308,1340,17,1324,-32,1-0
1442,1416,30,1429,26,1-0
1889,1893,23,1891,-4,1-0
1733,1717,31,1725,16,0-1
1211,1184,33,1198,27,0-1
1860,1880,22,1870,-20,1-0
2187,2158,32,2173,29,1-0
2113,1626,47,1870,487,1-0
2418,2232,29,2325,186,1-0
2050,2122,12,2086,-72,1-0
1570,1658,21,1614,-88,0-1
2034,1968,27,2001,66,0-1
2298,2125,40,2212,173,1-0
1948,1924,25,1936,24,0-1
1897,1717,40,1807,180,0-1
1234,1263,44,1249,-29,1-0
1751,1745,35,1748,6,0-1
1599,1589,39,1594,10,1-0
1896,1886,14,1891,10,0-1
1826,1773,53,1800,53,1-0
978,900,73,939,78,1/2-1/2
1221,1224,18,1223,-3,1-0
1919,1908,38,1914,11,1-0
1932,1940,33,1936,-8,0-1
1657,1708,20,1683,-51,0-1
1955,1975,31,1965,-20,1-0
1880,1876,67,1878,4,0-1
1861,1851,43,1856,10,0-1
1520,1350,32,1435,170,1-0
1867,1871,44,1869,-4,1/2-1/2
1763,1763,38,1763,0,0-1
1656,1643,31,1650,13,0-1
1885,1880,41,1883,5,1-0
1769,1771,37,1770,-2,1-0
1997,1976,29,1987,21,1-0
647,598,30,623,49,0-1
2038,1917,67,1978,121,1-0
1621,1731,18,1676,-110,0-1
1935,1931,11,1933,4,0-1
982,890,16,936,92,1-0
1510,1524,61,1517,-14,0-1
1656,1657,27,1657,-1,1-0
2040,2064,51,2052,-24,1-0
1940,1981,31,1961,-41,1-0
1333,1295,24,1314,38,1-0
2022,2135,30,2079,-113,0-1
1013,1044,11,1029,-31,0-1
1896,1879,41,1888,17,1-0
1361,1381,17,1371,-20,0-1
2156,2158,29,2157,-2,1-0
1762,1714,29,1738,48,1-0
1478,1479,26,1479,-1,0-1
1519,1487,41,1503,32,0-1
2492,2541,46,2517,-49,1-0
1019,1005,20,1012,14,0-1
995,891,24,943,104,1-0
1573,1569,32,1571,4,0-1
1662,1640,26,1651,22,1-0
1384,1493,21,1439,-109,0-1
1613,1609,39,1611,4,1-0
1403,1425,14,1414,-22,0-1
1353,1374,35,1364,-21,1-0
1076,1079,15,1078,-3,1-0
1875,1803,42,1839,72,1-0
1564,1494,9,1529,70,1-0
1082,1082,30,1082,0,1-0
1946,2041,54,1994,-95,0-1
1798,1756,38,1777,42,1-0
2076,2053,72,2065,23,1-0
2379,2403,35,2391,-24,1-0
1382,1339,14,1361,43,0-1
1786,1786,37,1786,0,1-0
1751,1694,16,1723,57,1-0
2031,1937,67,1984,94,0-1
1646,1700,10,1673,-54,1-0
1813,1873,21,1843,-60,0-1
2089,2108,36,2099,-19,1-0
2236,2298,27,2267,-62,0-1
2313,2259,21,2286,54,0-1
2269,2272,13,2271,-3,1-0
1696,1732,33,1714,-36,1-0
1973,1920,19,1947,53,1-0
1252,1314,15,1283,-62,0-1
1824,1810,53,1817,14,1-0
1882,1896,41,1889,-14,0-1
1352,1386,24,1369,-34,1-0
1151,1237,15,1194,-86,0-1
1738,1768,46,1753,-30,1-0
1661,1681,48,1671,-20,0-1
2159,2143,27,2151,16,1-0
1538,1623,20,1581,-85,1-0
1776,1782,46,1779,-6,0-1
1303,1352,17,1328,-49,0-1
2025,1914,13,1970,111,1-0
1855,1828,10,1842,27,1-0
1922,1929,31,1926,-7,0-1
1302,1303,52,1303,-1,1-0
1921,1929,57,1925,-8,1-0
883,808,24,846,75,1-0
1608,1616,19,1612,-8,1-0
1934,1940,41,1937,-6,0-1
1341,1245,28,1293,96,0-1
1861,1841,36,1851,20,1-0
1631,1730,36,1681,-99,0-1
1484,1523,30,1504,-39,0-1
961,969,5,965,-8,1-0
1826,1807,57,1817,19,1-0
1876,1886,58,1881,-10,1-0
1423,1437,18,1430,-14,1-0
1772,1778,21,1775,-6,1-0
1045,1132,33,1089,-87,1-0
1354,1347,18,1351,7,1-0
1257,1237,11,1247,20,1-0
1433,1478,30,1456,-45,1-0
1889,1921,34,1905,-32,0-1
1547,1586,37,1567,-39,1-0
2002,2012,40,2007,-10,0-1
1966,2001,35,1984,-35,1-0
1532,1520,37,1526,12,1-0
1344,1334,26,1339,10,1-0
2317,2167,62,2242,150,0-1
2474,2654,23,2564,-180,0-1
2333,2345,44,2339,-12,1-0
1353,1365,17,1359,-12,1-0
1271,1225,41,1248,46,1-0
1945,1858,43,1902,87,0-1
1735,1697,28,1716,38,0-1
2636,2629,52,2633,7,1-0
1826,1782,15,1804,44,1-0
1118,1016,25,1067,102,0-1
2130,2185,52,2158,-55,0-1
2024,2087,37,2056,-63,1-0
1998,1604,33,1801,394,1-0
1937,1975,31,1956,-38,1-0
1566,1478,66,1522,88,1-0
1578,1599,68,1589,-21,0-1
1473,1442,34,1458,31,0-1
1632,1624,22,1628,8,1-0
1697,1777,67,1737,-80,1-0
2074,2081,46,2078,-7,1/2-1/2
1141,1268,44,1205,-127,1-0
1893,1880,49,1887,13,1-0
1021,918,15,970,103,1-0
2026,2031,49,2029,-5,0-1
1848,1871,14,1860,-23,1-0
1638,1545,61,1592,93,0-1
2046,2050,55,2048,-4,1/2-1/2
1648,1719,33,1684,-71,1-0
661,532,10,597,129,0-1
1393,1343,49,1368,50,1/2-1/2
1907,1935,49,1921,-28,1-0
2586,2480,48,2533,106,0-1
2350,2277,33,2314,73,0-1
1833,1808,22,1821,25,1-0
2164,2167,27,2166,-3,0-1
2139,2110,18,2125,29,1-0
1746,1724,39,1735,22,0-1
1982,1978,31,1980,4,0-1
1893,1902,35,1898,-9,0-1
1742,1768,21,1755,-26,0-1
2031,2050,29,2041,-19,0-1
1356,1404,11,1380,-48,0-1
1537,1632,68,1585,-95,0-1
1248,1181,20,1215,67,1-0
1092,1116,20,1104,-24,1-0
1306,1254,32,1280,52,1-0
1792,1810,25,1801,-18,0-1
1418,1422,90,1420,-4,1-0
1068,1010,39,1039,58,0-1
1737,1715,63,1726,22,0-1
920,865,1,893,55,1-0
1861,1885,24,1873,-24,1-0
1571,1551,44,1561,20,1-0
1546,1535,40,1541,11,1-0
1737,1769,29,1753,-32,0-1
1019,923,22,971,96,1-0
2039,2018,70,2029,21,0-1
1626,1625,57,1626,1,1-0
1504,1507,37,1506,-3,1-0
1665,1665,49,1665,0,1/2-1/2
1409,1475,20,1442,-66,1-0
1997,1958,73,1978,39,0-1
1582,1595,34,1589,-13,1-0
1400,1350,70,1375,50,0-1
2074,2085,20,2080,-11,1-0
1660,1656,5,1658,4,1-0
1947,1912,35,1930,35,0-1
1803,1858,34,1831,-55,0-1
2095,2183,35,2139,-88,0-1
1785,1772,49,1779,13,1-0
1149,1058,6,1104,91,0-1
2078,2134,48,2106,-56,0-1
1629,1592,51,1611,37,1-0
1784,1730,25,1757,54,1-0
1874,1800,43,1837,74,1-0
1798,1748,12,1773,50,0-1
1605,1563,38,1584,42,1-0
1643,1645,18,1644,-2,1-0
2060,2049,33,2055,11,1-0
1500,1574,18,1537,-74,0-1
1145,1062,24,1104,83,0-1
2061,2076,20,2069,-15,0-1
1844,1808,25,1826,36,0-1
1452,1452,32,1452,0,1-0
2422,2387,78,2405,35,0-1
1929,1994,20,1962,-65,0-1
2334,2334,40,2334,0,0-1
2131,1946,67,2039,185,1/2-1/2
2058,2002,34,2030,56,1/2-1/2
1760,1856,64,1808,-96,1-0
2415,2501,32,2458,-86,0-1
1845,1870,64,1858,-25,1/2-1/2
1694,1704,24,1699,-10,0-1
1247,1294,45,1271,-47,1-0
1186,1245,52,1216,-59,1-0
1826,1841,34,1834,-15,0-1
1554,1459,33,1507,95,1-0
1601,1610,17,1606,-9,1-0
1060,1102,14,1081,-42,0-1
1995,1939,13,1967,56,1-0
1891,1853,27,1872,38,1-0
983,1020,12,1002,-37,0-1
1593,1541,33,1567,52,0-1
1760,1729,30,1745,31,0-1
1233,1111,30,1172,122,1-0
1082,1075,15,1079,7,1-0
1834,1869,36,1852,-35,1-0
1165,1147,42,1156,18,0-1
1903,1875,28,1889,28,0-1
1695,1690,34,1693,5,1-0
1372,1328,24,1350,44,1-0
2375,2323,39,2349,52,1/2-1/2
1535,1462,23,1499,73,0-1
1808,1801,14,1805,7,0-1
1174,1238,56,1206,-64,1-0
1252,1241,28,1247,11,1-0
2466,2497,31,2482,-31,1-0
1705,1663,44,1684,42,0-1
1402,1439,20,1421,-37,1-0
2621,2660,34,2641,-39,1-0
2452,2437,59,2445,15,0-1
1786,1805,41,1796,-19,0-1
1973,1950,18,1962,23,1-0
1859,1866,9,1863,-7,1-0
1813,1846,28,1830,-33,0-1
2072,2202,45,2137,-130,1-0
1624,1630,29,1627,-6,0-1
1978,1988,24,1983,-10,1-0
2261,2295,40,2278,-34,1-0
1577,1605,35,1591,-28,1-0
1704,1699,33,1702,5,1-0
1971,1997,47,1984,-26,1/2-1/2
2215,2191,41,2203,24,0-1
1848,2001,48,1925,-153,0-1
1887,2049,10,1968,-162,0-1
2404,2426,60,2415,-22,0-1
935,1001,24,968,-66,1-0
1393,1396,19,1395,-3,0-1
662,621,39,642,41,1-0
1963,1967,54,1965,-4,1-0
1328,1313,26,1321,15,1-0
2422,2289,78,2356,133,1-0
1284,1293,34,1289,-9,1-0
1923,1945,21,1934,-22,0-1
1424,1407,39,1416,17,0-1
1332,1344,6,1338,-12,1-0
1777,1856,31,1817,-79,1-0
1103,1117,26,1110,-14,1-0
1456,1504,50,1480,-48,0-1
1085,1078,20,1082,7,0-1
1480,1480,17,1480,0,1-0
1255,1300,41,1278,-45,0-1
1353,1356,35,1355,-3,0-1
2280,2262,124,2271,18,1/2-1/2
1971,1957,25,1964,14,0-1
1539,1538,28,1539,1,0-1
1603,1533,7,1568,70,1-0
2048,2065,35,2057,-17,1-0
1846,1894,28,1870,-48,0-1
1637,1638,55,1638,-1,1-0
2023,2072,35,2048,-49,0-1
856,882,37,869,-26,0-1
1930,1931,25,1931,-1,0-1
1225,1236,3,1231,-11,1-0
944,967,38,956,-23,1-0
1769,1840,34,1805,-71,0-1
1963,1964,73,1964,-1,0-1
1454,1443,56,1449,11,0-1
1502,1466,29,1484,36,1-0
1077,1040,30,1059,37,1-0
2189,2251,50,2220,-62,1-0
2063,2054,28,2059,9,1-0
1670,1671,20,1671,-1,0-1
1542,1577,35,1560,-35,1-0
1742,1681,30,1712,61,0-1
2389,2359,39,2374,30,1-0
1586,1654,30,1620,-68,1-0
1889,1886,29,1888,3,1-0
1870,1862,47,1866,8,0-1
2433,2476,36,2455,-43,1-0
2131,2136,36,2134,-5,0-1
1742,1745,18,1744,-3,0-1
2000,1984,13,1992,16,0-1
1684,1688,33,1686,-4,1-0
1632,1573,36,1603,59,1/2-1/2
1721,1740,41,1731,-19,1-0
2709,2612,14,2661,97,1-0
1796,1745,35,1771,51,1-0
1799,1859,21,1829,-60,0-1
1330,1326,40,1328,4,1-0
1903,1918,21,1911,-15,0-1
1210,1229,32,1220,-19,0-1
1419,1451,48,1435,-32,1-0
2773,2748,60,2761,25,1-0
1948,1931,30,1940,17,0-1
934,953,16,944,-19,1-0
1367,1380,36,1374,-13,1-0
2111,2017,24,2064,94,0-1
1599,1351,57,1475,248,1-0
1803,1724,30,1764,79,0-1
1460,1467,35,1464,-7,0-1
2087,1464,15,1776,623,1-0
1825,1862,20,1844,-37,1-0
1941,1794,23,1868,147,0-1
1898,1916,40,1907,-18,1-0
1565,1466,15,1516,99,0-1
853,907,59,880,-54,1/2-1/2
2072,2093,34,2083,-21,0-1
1964,1873,14,1919,91,1-0
1720,1596,23,1658,124,1-0
1831,1841,35,1836,-10,1-0
1250,1261,45,1256,-11,1-0
2066,2068,31,2067,-2,1-0
2109,2094,31,2102,15,0-1
1738,1740,23,1739,-2,0-1
1975,2001,72,1988,-26,1-0
1849,1849,19,1849,0,1-0
2151,2193,30,2172,-42,1-0
1490,1466,51,1478,24,1-0
2476,2618,72,2547,-142,0-1
1908,1910,34,1909,-2,1-0
1520,1517,27,1519,3,1-0
1670,1552,19,1611,118,1-0
1842,1829,53,1836,13,0-1
2082,2079,38,2081,3,1-0
2335,2405,48,2370,-70,1-0
1692,1656,36,1674,36,0-1
1861,1891,44,1876,-30,0-1
2019,2055,19,2037,-36,0-1
798,753,21,776,45,1-0
1480,1501,25,1491,-21,0-1
1206,1164,26,1185,42,0-1
1761,1709,34,1735,52,1-0
2244,2167,17,2206,77,0-1
2142,2158,28,2150,-16,0-1
2672,2493,44,2583,179,1-0
1827,1889,24,1858,-62,1-0
1012,1008,25,1010,4,1-0
1485,1467,34,1476,18,1-0
1446,1421,37,1434,25,1-0
1614,1576,25,1595,38,1-0
2057,2165,50,2111,-108,0-1
813,722,17,768,91,0-1
1696,1707,22,1702,-11,0-1
1336,1323,23,1330,13,0-1
1994,2122,23,2058,-128,0-1
1284,1254,63,1269,30,0-1
1716,1712,38,1714,4,0-1
845,815,23,830,30,1-0
1503,1559,33,1531,-56,1-0
1435,1406,71,1421,29,0-1
1499,1477,10,1488,22,0-1
1582,1590,21,1586,-8,0-1
899,942,48,921,-43,0-1
1168,1198,35,1183,-30,0-1
974,1058,36,1016,-84,0-1
1225,1235,24,1230,-10,0-1
2676,2722,18,2699,-46,0-1
1878,1788,58,1833,90,1-0
1598,1688,65,1643,-90,0-1
2018,2049,50,2034,-31,1/2-1/2
2134,2127,46,2131,7,1-0
1746,1763,25,1755,-17,1-0
2299,2418,25,2359,-119,1-0
1881,1876,34,1879,5,1-0
1482,1476,28,1479,6,0-1
1790,1771,18,1781,19,1-0
1973,1960,25,1967,13,1-0
2666,2639,61,2653,27,1-0
2185,2108,57,2147,77,0-1
1843,1865,52,1854,-22,0-1
1267,1272,11,1270,-5,1-0
1812,1808,49,1810,4,1-0
1659,1692,38,1676,-33,1-0
1312,1321,37,1317,-9,0-1
1955,1955,39,1955,0,0-1
1695,1733,23,1714,-38,0-1
1652,1560,34,1606,92,0-1
1534,1518,29,1526,16,0-1
1812,1820,44,1816,-8,0-1
1202,1295,32,1249,-93,0-1
1472,1449,49,1461,23,0-1
1773,1782,7,1778,-9,0-1
1812,1801,25,1807,11,1-0
795,856,16,826,-61,1-0
1198,1276,20,1237,-78,1-0
1570,1578,37,1574,-8,1-0
1926,1909,19,1918,17,0-1
2302,2353,38,2328,-51,1-0
1500,1505,46,1503,-5,1-0
1655,1696,38,1676,-41,0-1
1819,1824,24,1822,-5,0-1
1931,1881,38,1906,50,0-1
1240,1250,20,1245,-10,0-1
2023,2027,34,2025,-4,1-0
1352,1351,44,1352,1,1-0
959,970,33,965,-11,0-1
1498,1484,50,1491,14,1-0
1861,1831,75,1846,30,0-1
1708,1711,20,1710,-3,1-0
2037,2014,46,2026,23,0-1
855,784,11,820,71,1-0
1708,1709,32,1709,-1,1-0
1694,1718,36,1706,-24,1-0
1995,1992,67,1994,3,0-1
1185,1143,31,1164,42,1-0
1500,1450,51,1475,50,0-1
1883,1861,37,1872,22,1-0
1438,1439,30,1439,-1,0-1
1935,1902,35,1919,33,1-0
1485,1490,18,1488,-5,1-0
1916,1697,31,1807,219,0-1
1443,1496,26,1470,-53,0-1
2078,2067,48,2073,11,1/2-1/2
1332,1379,26,1356,-47,0-1
1052,1073,29,1063,-21,1-0
1408,1437,42,1423,-29,0-1
2065,2046,30,2056,19,1/2-1/2
2235,2408,66,2322,-173,0-1
1816,1795,31,1806,21,1-0
1544,1602,27,1573,-58,1-0
2030,1932,14,1981,98,1-0
1572,1503,54,1538,69,1-0
2132,2127,28,2130,5,1-0
1544,1525,18,1535,19,1-0
1317,1315,37,1316,2,0-1
2128,2157,30,2143,-29,0-1
1920,2145,36,2033,-225,0-1
1237,1112,48,1175,125,1/2-1/2
1244,1240,30,1242,4,0-1
1061,923,17,992,138,0-1
1952,1871,30,1912,81,0-1
1306,1320,20,1313,-14,1/2-1/2
1534,1450,16,1492,84,0-1
1073,1062,23,1068,11,0-1
1335,1448,25,1392,-113,0-1
872,830,30,851,42,0-1
2077,2082,23,2080,-5,1-0
1258,1318,16,1288,-60,0-1
2876,2702,23,2789,174,1-0
1934,1931,43,1933,3,1-0
1674,1656,46,1665,18,1-0
1325,1295,15,1310,30,1-0
2055,2108,34,2082,-53,1-0
1237,1294,30,1266,-57,0-1
2658,2636,62,2647,22,1-0
1464,1384,49,1424,80,0-1
1799,1816,20,1808,-17,0-1
1696,1685,25,1691,11,0-1
1284,1367,20,1326,-83,0-1
2149,2162,49,2156,-13,0-1
1648,1653,9,1651,-5,0-1
1970,1938,16,1954,32,0-1
2111,2085,23,2098,26,1-0
1665,1672,21,1669,-7,1-0
1164,1166,19,1165,-2,1-0
1851,1902,52,1877,-51,1-0
1379,1370,19,1375,9,0-1
1766,1768,40,1767,-2,1-0
1727,1681,31,1704,46,0-1
1196,1194,37,1195,2,0-1
1440,1453,10,1447,-13,0-1
1324,1248,49,1286,76,1-0
1407,1444,10,1426,-37,0-1
1367,1375,28,1371,-8,0-1
1470,1382,18,1426,88,0-1
1424,1010,20,1217,414,1-0
1655,1671,23,1663,-16,0-1
1514,1557,46,1536,-43,1-0
1667,1692,37,1680,-25,1-0
908,852,2,880,56,0-1
1270,1285,36,1278,-15,0-1
1463,1447,30,1455,16,0-1
1311,1439,16,1375,-128,0-1
1915,1998,13,1957,-83,1-0
1534,1567,43,1551,-33,1-0
1573,1569,33,1571,4,0-1
1717,1847,61,1782,-130,0-1
1991,2078,44,2035,-87,0-1
1350,1334,29,1342,16,1-0
2029,2037,37,2033,-8,0-1
1335,1332,23,1334,3,1-0
1021,884,34,953,137,0-1
1907,1875,25,1891,32,1-0
1137,1187,6,1162,-50,1-0
1660,1666,21,1663,-6,1-0
1839,1764,25,1802,75,1-0
1580,1523,35,1552,57,0-1
1129,1097,35,1113,32,0-1
1618,1618,43,1618,0,1-0
1713,1766,36,1740,-53,1-0
1789,1832,53,1811,-43,1-0
2105,2102,40,2104,3,0-1
1912,1910,24,1911,2,0-1
2109,2165,5,2137,-56,0-1
1947,1988,28,1968,-41,0-1
1426,1380,22,1403,46,0-1
923,929,13,926,-6,0-1
1771,1678,20,1725,93,0-1
1061,1021,30,1041,40,1-0
1185,1143,66,1164,42,1/2-1/2
989,996,26,993,-7,0-1
1802,1804,40,1803,-2,0-1
838,753,19,796,85,1-0
1557,1558,15,1558,-1,1-0
1864,1855,28,1860,9,1-0
1650,1632,31,1641,18,1-0
1254,1228,34,1241,26,1-0
1498,1414,42,1456,84,1-0
1299,1329,30,1314,-30,1-0
1782,1752,47,1767,30,0-1
2053,2020,40,2037,33,0-1
1809,1798,44,1804,11,0-1
1994,2001,15,1998,-7,1-0
2007,2020,57,2014,-13,0-1
1538,1523,17,1531,15,0-1
2406,2324,34,2365,82,0-1
1665,1685,19,1675,-20,0-1
2068,2040,41,2054,28,1-0
1624,1791,29,1708,-167,0-1
1541,1469,37,1505,72,0-1
1654,1622,33,1638,32,0-1
1875,1500,29,1688,375,1-0
1884,1884,24,1884,0,1-0
1382,1497,28,1440,-115,1-0
1919,1980,34,1950,-61,0-1
1982,2010,36,1996,-28,1-0
1335,1318,26,1327,17,1-0
2023,2018,46,2021,5,1-0
883,913,10,898,-30,1-0
2446,2488,31,2467,-42,0-1
1592,1589,30,1591,3,0-1
2235,2217,28,2226,18,1-0
2210,2166,52,2188,44,0-1
2111,2134,25,2123,-23,1-0
2034,2035,32,2035,-1,1-0
1001,1004,19,1003,-3,1-0
1748,1746,36,1747,2,1/2-1/2
1859,1926,40,1893,-67,0-1
1487,1448,27,1468,39,0-1
1256,1246,52,1251,10,0-1
1145,1158,26,1152,-13,0-1
1665,1631,32,1648,34,0-1
2326,1878,49,2102,448,1-0
1817,1828,52,1823,-11,0-1
1512,1535,16,1524,-23,0-1
1368,1435,20,1402,-67,0-1
1016,971,12,994,45,0-1
1550,1567,27,1559,-17,0-1
1501,1437,61,1469,64,1/2-1/2
1639,1618,36,1629,21,0-1
849,908,30,879,-59,1-0
916,925,27,921,-9,0-1
1117,1154,27,1136,-37,0-1
2185,2146,59,2166,39,0-1
671,638,22,655,33,0-1
1639,1778,26,1709,-139,0-1
1637,1629,36,1633,8,1-0
1601,2595,52,2098,-994,0-1
1623,1427,23,1525,196,1-0
1942,1935,54,1939,7,1-0
1679,1671,14,1675,8,1-0
626,639,15,633,-13,1-0
1602,1516,51,1559,86,1-0
1239,1215,9,1227,24,1-0
1762,1755,44,1759,7,1/2-1/2
1391,1398,57,1395,-7,0-1
1227,1234,17,1231,-7,0-1
946,966,32,956,-20,1-0
1549,1534,33,1542,15,0-1
2179,2127,55,2153,52,0-1
1855,1826,36,1841,29,1-0
1691,1754,22,1723,-63,1-0
627,758,18,693,-131,0-1
1622,1565,29,1594,57,0-1
2226,2251,45,2239,-25,0-1
1987,2016,35,2002,-29,0-1
1285,1164,21,1225,121,1-0
1877,1871,14,1874,6,1-0
1382,1362,34,1372,20,0-1
2126,2092,38,2109,34,0-1
2081,2089,33,2085,-8,0-1
1784,1825,47,1805,-41,1-0
1448,1438,28,1443,10,0-1
1451,1466,19,1459,-15,1-0
2303,2332,29,2318,-29,0-1
1945,1984,37,1965,-39,0-1
1389,1385,11,1387,4,1-0
1395,1412,31,1404,-17,1-0
1639,1624,50,1632,15,0-1
1805,1744,31,1775,61,0-1
1307,1329,9,1318,-22,0-1
1779,1769,26,1774,10,0-1
1664,1662,22,1663,2,1-0
1638,1613,27,1626,25,1-0
1889,1799,53,1844,90,0-1
1232,1123,14,1178,109,1-0
1411,1534,21,1473,-123,0-1
1585,1537,53,1561,48,1-0
2026,2038,52,2032,-12,0-1
1904,1967,45,1936,-63,1-0
1524,1496,26,1510,28,1-0
2253,2173,27,2213,80,0-1
1495,1469,27,1482,26,1-0
922,998,24,960,-76,0-1
1535,1528,19,1532,7,0-1
1837,1861,18,1849,-24,1-0
1833,1824,59,1829,9,1-0
1947,1930,55,1939,17,1/2-1/2
2043,2029,37,2036,14,1-0
1702,1698,26,1700,4,0-1
1204,1212,24,1208,-8,1-0
1962,1952,52,1957,10,1-0
1655,1596,32,1626,59,0-1
2455,2429,46,2442,26,1-0
2002,2027,30,2015,-25,1-0
1558,1536,29,1547,22,1-0
2056,2133,99,2095,-77,1/2-1/2
1706,1605,32,1656,101,0-1
2020,1801,38,1911,219,1-0
1951,1953,43,1952,-2,0-1
1839,1783,20,1811,56,0-1
1874,1938,50,1906,-64,0-1
1784,1687,18,1736,97,1-0
1168,1115,38,1142,53,0-1
1018,986,34,1002,32,1-0
1590,1585,30,1588,5,0-1
1839,1880,17,1860,-41,1-0
1590,1539,29,1565,51,1-0
1820,1806,25,1813,14,1-0
1397,1434,12,1416,-37,1-0
1244,1295,12,1270,-51,1-0
1666,1657,38,1662,9,0-1
1675,1671,45,1673,4,0-1
2157,2145,17,2151,12,0-1
2268,2343,27,2306,-75,0-1
1607,1640,31,1624,-33,1-0
1714,1732,23,1723,-18,1-0
1872,1924,24,1898,-52,0-1
1373,1349,31,1361,24,1-0
2008,2035,34,2022,-27,0-1
1524,1534,24,1529,-10,1-0
2470,2244,4,2357,226,1-0
1824,1784,64,1804,40,1-0
2251,2321,11,2286,-70,1-0
2462,2396,21,2429,66,0-1
1798,1773,11,1786,25,1-0
1233,1242,21,1238,-9,0-1
974,937,14,956,37,1-0
1974,1937,3,1956,37,1-0
1975,1999,26,1987,-24,0-1
1479,1612,50,1546,-133,0-1
1127,1117,16,1122,10,1-0
2029,2030,37,2030,-1,1-0
1309,1363,40,1336,-54,1-0
1273,1289,39,1281,-16,1-0
1800,1858,45,1829,-58,1-0
2252,2151,64,2202,101,0-1
1299,1287,55,1293,12,1-0
1524,1484,29,1504,40,1-0
1848,1954,44,1901,-106,1-0
1773,1796,25,1785,-23,0-1
1451,1454,35,1453,-3,1-0
1477,1466,34,1472,11,0-1
1369,1363,32,1366,6,0-1
1196,1175,49,1186,21,1-0
1699,1691,61,1695,8,1-0
1434,1417,43,1426,17,0-1
2042,2181,60,2112,-139,1-0
1789,1894,37,1842,-105,1-0
2289,2250,0,2270,39,0-1
2095,1808,50,1952,287,1-0
1214,1137,19,1176,77,1-0
1698,1688,53,1693,10,0-1
1540,1439,43,1490,101,0-1
1610,1593,30,1602,17,1-0
1647,1630,40,1639,17,1-0
1896,2019,35,1958,-123,1-0
1891,1845,47,1868,46,1-0
1844,1837,45,1841,7,1-0
1176,1271,44,1224,-95,1-0
2313,2316,31,2315,-3,0-1
1646,1686,25,1666,-40,1-0
1071,1022,52,1047,49,0-1
2188,2315,47,2252,-127,0-1
2151,2151,38,2151,0,0-1
1244,1215,46,1230,29,1-0
1845,1838,24,1842,7,1-0
2319,2241,55,2280,78,1-0
1860,1957,29,1909,-97,0-1
2133,2127,30,2130,6,0-1
1142,1197,24,1170,-55,0-1
770,778,23,774,-8,0-1
2010,1917,43,1964,93,0-1
1068,1022,24,1045,46,1-0
1696,1702,18,1699,-6,1-0
1341,1313,28,1327,28,0-1
867,930,75,899,-63,0-1
1353,1352,16,1353,1,0-1
1030,1147,7,1089,-117,0-1
1551,1551,46,1551,0,1-0
2297,2305,35,2301,-8,1-0
1827,1818,29,1823,9,0-1
2162,2165,54,2164,-3,1-0
2002,1941,44,1972,61,1-0
2331,2333,24,2332,-2,1-0
1923,1904,66,1914,19,1-0
1344,1356,28,1350,-12,0-1
1654,1647,37,1651,7,0-1
1611,1619,58,1615,-8,1-0
1473,1543,52,1508,-70,0-1
1809,1786,25,1798,23,1-0
1558,1580,45,1569,-22,0-1
2033,2038,47,2036,-5,0-1
2048,2087,60,2068,-39,0-1
2212,2198,39,2205,14,0-1
1861,1850,8,1856,11,0-1
2016,1976,26,1996,40,1-0
765,802,21,784,-37,0-1
1846,1914,63,1880,-68,1-0
952,990,64,971,-38,1/2-1/2
1587,1595,42,1591,-8,1-0
1734,1824,55,1779,-90,1-0
1644,1665,46,1655,-21,0-1
1838,1845,25,1842,-7,0-1
1273,1282,19,1278,-9,0-1
1728,1682,57,1705,46,1-0
2218,2115,30,2167,103,1-0
1260,1272,18,1266,-12,1-0
2208,2214,21,2211,-6,0-1
1037,1084,39,1061,-47,1-0
1974,1981,14,1978,-7,1-0
1622,1659,34,1641,-37,1-0
1588,1629,28,1609,-41,1-0
1395,1472,25,1434,-77,0-1
2538,2605,34,2572,-67,0-1
2160,2097,37,2129,63,1/2-1/2
2453,2242,29,2348,211,1-0
2006,1950,49,1978,56,0-1
1862,1848,28,1855,14,0-1
2072,2047,48,2060,25,0-1
1967,2022,44,1995,-55,1-0
2359,2306,42,2333,53,1-0
2379,2425,44,2402,-46,0-1
1800,1781,36,1791,19,1-0
1450,1451,13,1451,-1,1-0
1392,1271,33,1332,121,0-1
1495,1530,32,1513,-35,0-1
965,924,26,945,41,0-1
2027,2036,44,2032,-9,1-0
1929,1865,34,1897,64,1-0
1273,1206,13,1240,67,1-0
1794,1816,32,1805,-22,1-0
1415,1303,38,1359,112,1-0
2105,2096,51,2101,9,0-1
1759,1764,61,1762,-5,1/2-1/2
1686,1704,50,1695,-18,0-1
2077,2074,30,2076,3,1-0
1928,1750,21,1839,178,0-1
2564,2552,43,2558,12,0-1
1231,1242,11,1237,-11,1-0
1682,1709,49,1696,-27,1-0
1102,1101,24,1102,1,0-1
1740,1724,27,1732,16,0-1
1995,1983,30,1989,12,1-0
980,972,19,976,8,1-0
2045,1917,14,1981,128,0-1
2060,2069,16,2065,-9,1-0
1400,1402,29,1401,-2,1-0
810,854,26,832,-44,0-1
1394,1385,28,1390,9,1-0
1521,1629,24,1575,-108,0-1
1816,1828,35,1822,-12,1-0
946,955,64,951,-9,1/2-1/2
1657,1658,38,1658,-1,1-0
1749,1775,23,1762,-26,1-0
1195,1294,19,1245,-99,1-0
1365,1353,19,1359,12,1-0
1952,2032,41,1992,-80,1-0
1958,1992,30,1975,-34,1-0
1902,1928,64,1915,-26,1-0
1752,1720,26,1736,32,0-1
1950,1952,47,1951,-2,1-0
1910,1909,26,1910,1,0-1
1680,1641,25,1661,39,1-0
2105,2001,21,2053,104,0-1
1597,1572,98,1585,25,1/2-1/2
1431,1415,62,1423,16,0-1
1826,1755,37,1791,71,0-1
1282,1297,25,1290,-15,0-1
693,830,18,762,-137,1-0
2133,2211,36,2172,-78,1-0
1382,1386,30,1384,-4,0-1
1836,1867,67,1852,-31,1/2-1/2
1896,1970,33,1933,-74,1-0
2071,2034,28,2053,37,1-0
1827,1841,25,1834,-14,0-1
2445,2413,51,2429,32,1-0
2202,2184,47,2193,18,1-0
2376,2288,37,2332,88,1-0
1558,1540,30,1549,18,1-0
1166,1228,37,1197,-62,0-1
1706,1693,38,1700,13,1-0
2045,2010,30,2028,35,1-0
1089,1008,28,1049,81,1-0
1826,1801,34,1814,25,1-0
1702,1704,38,1703,-2,0-1
1655,1664,18,1660,-9,0-1
1218,1193,28,1206,25,1-0
1435,1390,37,1413,45,1-0
1840,1827,33,1834,13,0-1
2107,2119,33,2113,-12,1-0
1745,1744,61,1745,1,1-0
1502,1489,10,1496,13,1-0
1770,1773,36,1772,-3,1-0
1731,1708,39,1720,23,1/2-1/2
1021,1096,42,1059,-75,1-0
1528,1536,13,1532,-8,1-0
1318,1311,24,1315,7,1-0
1965,2031,26,1998,-66,0-1
1770,1747,25,1759,23,0-1
1609,1906,36,1758,-297,0-1
2555,2451,29,2503,104,1-0
1385,1376,39,1381,9,0-1
1465,1542,29,1504,-77,0-1
1369,1368,36,1369,1,1-0
2277,2102,41,2190,175,1-0
2367,2014,19,2191,353,1-0
1589,1944,45,1767,-355,0-1
1976,2028,44,2002,-52,0-1
2031,2043,37,2037,-12,1-0
1757,1755,40,1756,2,0-1
1953,1945,21,1949,8,1-0
1651,1602,57,1627,49,0-1
2164,2180,27,2172,-16,1-0
1972,1962,55,1967,10,0-1
1800,1764,35,1782,36,0-1
1244,1335,35,1290,-91,1-0
1439,1347,22,1393,92,1-0
1665,1727,66,1696,-62,0-1
1091,1015,30,1053,76,1-0
2199,2170,81,2185,29,1/2-1/2
1809,1807,29,1808,2,1-0
1937,1914,23,1926,23,1-0
1541,1574,33,1558,-33,1-0
992,958,36,975,34,1-0
1716,1728,26,1722,-12,1-0
1201,1207,16,1204,-6,0-1
957,1032,18,995,-75,1-0
1260,1171,39,1216,89,1-0
2165,2196,19,2181,-31,0-1
1220,1175,43,1198,45,1-0
1825,1816,55,1821,9,0-1
1897,1895,34,1896,2,1-0
1025,1139,39,1082,-114,0-1
1510,1492,33,1501,18,0-1
1457,1466,43,1462,-9,1-0
1278,1266,10,1272,12,0-1
1685,1752,43,1719,-67,0-1
1795,1773,37,1784,22,0-1
1919,1880,35,1900,39,1-0
1526,1573,10,1550,-47,1-0
1928,1987,37,1958,-59,0-1
2288,2329,60,2309,-41,0-1
1999,2023,31,2011,-24,1-0
1206,1169,6,1188,37,0-1
1612,1671,35,1642,-59,0-1
1822,1816,23,1819,6,1-0
1770,2098,38,1934,-328,0-1
1789,1847,24,1818,-58,0-1
1685,1684,16,1685,1,1-0
1215,1221,53,1218,-6,1-0
1790,1844,38,1817,-54,1-0
2019,2099,24,2059,-80,0-1
1724,1758,61,1741,-34,1-0
2679,2498,36,2589,181,1-0
1509,1503,50,1506,6,0-1
1682,1675,28,1679,7,1-0
2289,2295,45,2292,-6,0-1
1552,1669,28,1611,-117,0-1
2106,2140,37,2123,-34,0-1
1988,1982,54,1985,6,1-0
1900,1866,73,1883,34,0-1
1483,1475,48,1479,8,1-0
1512,1544,20,1528,-32,1-0
1433,1423,47,1428,10,1-0
922,960,19,941,-38,0-1
1542,1579,53,1561,-37,0-1
1058,1086,32,1072,-28,0-1
1280,1351,17,1316,-71,1-0
1169,1165,25,1167,4,0-1
1690,1707,45,1699,-17,1-0
1265,1264,33,1265,1,0-1
1234,1193,42,1214,41,1-0
1495,1515,39,1505,-20,0-1
1758,1560,36,1659,198,1-0
2169,2104,33,2137,65,0-1
1606,1621,30,1614,-15,1-0
2065,2094,11,2080,-29,0-1
1040,1146,20,1093,-106,0-1
2255,2241,27,2248,14,0-1
683,784,14,734,-101,1-0
1767,1775,24,1771,-8,1-0
1585,1573,21,1579,12,0-1
1411,1414,50,1413,-3,0-1
2156,2187,36,2172,-31,0-1
1649,1663,18,1656,-14,0-1
1877,1896,54,1887,-19,0-1
1689,1735,41,1712,-46,1-0
1565,1435,34,1500,130,1-0
887,924,25,906,-37,0-1
1083,1076,44,1080,7,1-0
1545,1525,31,1535,20,1-0
1280,1261,34,1271,19,0-1
1150,1115,46,1133,35,0-1
1891,1975,38,1933,-84,0-1
1470,1435,42,1453,35,0-1
1975,1990,39,1983,-15,0-1
926,929,28,928,-3,1-0
1779,1829,56,1804,-50,1-0
1676,1715,56,1696,-39,1-0
1377,1340,22,1359,37,0-1
2009,1993,43,2001,16,1-0
1588,1635,62,1612,-47,0-1
1648,1630,38,1639,18,0-1
1225,1201,15,1213,24,1-0
1583,1546,12,1565,37,1-0
1963,1954,14,1959,9,1-0
1357,1299,22,1328,58,0-1
2190,2170,43,2180,20,0-1
1696,1652,17,1674,44,1-0
1884,1884,17,1884,0,0-1
2225,1666,60,1946,559,1-0
1729,1724,56,1727,5,1-0
1760,1855,38,1808,-95,0-1
1562,1519,61,1541,43,0-1
943,953,20,948,-10,0-1
1598,1605,34,1602,-7,1-0
1665,1673,31,1669,-8,1-0
1744,1748,48,1746,-4,1-0
1313,1402,9,1358,-89,0-1
1880,2169,12,2025,-289,0-1
1556,1461,24,1509,95,1-0
1646,1636,39,1641,10,1-0
1586,1569,15,1578,17,0-1
1294,1360,21,1327,-66,0-1
1900,1921,61,1911,-21,0-1
1449,1401,34,1425,48,1-0
2655,2580,41,2618,75,0-1
2145,2136,10,2141,9,1-0
1758,1773,33,1766,-15,1-0
1676,1693,27,1685,-17,0-1
1745,1743,2,1744,2,1-0
1998,1958,37,1978,40,0-1
1901,1879,39,1890,22,1-0
1537,1438,52,1488,99,1-0
1340,1446,13,1393,-106,1-0
1173,1127,47,1150,46,0-1
1576,1646,56,1611,-70,1/2-1/2
1014,891,52,953,123,0-1
1192,1259,7,1226,-67,1-0
1563,1512,37,1538,51,1-0
2161,2125,37,2143,36,0-1
1798,1500,34,1649,298,0-1
1819,1890,41,1855,-71,0-1
1958,2096,39,2027,-138,1/2-1/2
1688,1657,26,1673,31,0-1
1103,1104,30,1104,-1,1-0
1282,1320,29,1301,-38,0-1
1167,1065,27,1116,102,1-0
2181,2154,29,2168,27,1-0
1906,1911,47,1909,-5,0-1
1783,1800,31,1792,-17,0-1
922,837,54,880,85,1-0
1761,1741,36,1751,20,0-1
1604,1582,24,1593,22,1-0
1867,1888,64,1878,-21,1/2-1/2
1738,1730,52,1734,8,1-0
1944,1938,52,1941,6,1-0
1642,1623,27,1633,19,1-0
1049,1034,29,1042,15,0-1
2040,2106,73,2073,-66,1/2-1/2
613,590,37,602,23,0-1
1362,1362,61,1362,0,1/2-1/2
1259,1304,24,1282,-45,0-1
1818,1762,38,1790,56,1-0
2015,1903,17,1959,112,1-0
985,938,18,962,47,0-1
2056,2019,29,2038,37,1-0
1500,1497,43,1499,3,1-0
1576,1564,37,1570,12,0-1
1248,1225,21,1237,23,1-0
762,734,35,748,28,1-0
1982,1923,43,1953,59,1-0
2094,2031,40,2063,63,1-0
1136,1011,23,1074,125,0-1
1493,1485,29,1489,8,1-0
797,840,37,819,-43,0-1
1750,1628,29,1689,122,1-0
1227,1091,17,1159,136,1-0
2102,1256,13,1679,846,1-0
1804,2260,52,2032,-456,0-1
934,947,27,941,-13,0-1
1006,959,29,983,47,0-1
1528,1525,38,1527,3,0-1
994,1040,16,1017,-46,1-0
1553,1635,63,1594,-82,1-0
1915,1907,14,1911,8,0-1
2335,2345,39,2340,-10,1/2-1/2
1772,1769,29,1771,3,0-1
1886,1854,50,1870,32,1-0
1819,1841,32,1830,-22,1-0
2091,2108,36,2100,-17,0-1
1661,1679,29,1670,-18,0-1
879,831,60,855,48,1/2-1/2
1812,1810,27,1811,2,1-0
926,878,12,902,48,1-0
1429,1376,12,1403,53,0-1
1090,1112,21,1101,-22,0-1
1592,1597,23,1595,-5,1-0
1715,1699,26,1707,16,1-0
1123,1134,27,1129,-11,0-1
1763,1722,18,1743,41,1-0
2208,2261,33,2235,-53,0-1
1642,1662,17,1652,-20,1-0
1835,1852,25,1844,-17,1-0
2131,2014,33,2073,117,0-1
1470,1241,13,1356,229,0-1
2315,1268,0,1792,1047,0-1
1115,1082,8,1099,33,1-0
1412,1438,29,1425,-26,0-1
1307,1334,27,1321,-27,0-1
2042,1632,44,1837,410,1-0
2466,2481,48,2474,-15,0-1
1586,1595,25,1591,-9,0-1
1870,1880,30,1875,-10,0-1
2673,2608,59,2641,65,1/2-1/2
1974,1950,36,1962,24,0-1
1678,1728,33,1703,-50,1-0
1207,1233,28,1220,-26,1-0
2170,2170,45,2170,0,0-1
1639,1630,38,1635,9,0-1
1587,1496,26,1542,91,1-0
2395,2338,52,2367,57,0-1
1989,2002,31,1996,-13,1-0
967,1049,13,1008,-82,0-1
1674,1647,35,1661,27,1-0
2133,2189,40,2161,-56,0-1
1361,1352,41,1357,9,0-1
1541,1434,29,1488,107,0-1
2403,2455,65,2429,-52,1-0
1422,1361,10,1392,61,0-1
1158,1179,32,1169,-21,1-0
1435,1491,55,1463,-56,0-1
1358,1350,49,1354,8,1-0
1846,1869,19,1858,-23,1-0
1256,1263,24,1260,-7,1-0
1166,1121,33,1144,45,1-0
1533,1533,25,1533,0,0-1
1961,1984,30,1973,-23,0-1
1462,1477,20,1470,-15,0-1
1630,1628,50,1629,2,1-0
1535,1578,9,1557,-43,0-1
987,962,34,975,25,1-0
1372,1478,4,1425,-106,1-0
2296,2339,42,2318,-43,0-1
1721,1798,42,1760,-77,0-1
843,778,19,811,65,1-0
1148,1130,27,1139,18,1-0
2219,2134,28,2177,85,0-1
2017,2125,16,2071,-108,0-1
1769,1787,53,1778,-18,0-1
2331,2358,38,2345,-27,1-0
2237,2291,34,2264,-54,0-1
1758,1772,27,1765,-14,0-1
1664,1664,88,1664,0,1-0
1052,1117,28,1085,-65,1-0
1549,1551,27,1550,-2,1-0
1686,1685,36,1686,1,1-0
1599,1621,56,1610,-22,0-1
2285,2328,28,2307,-43,0-1
1751,1675,32,1713,76,1-0
2509,2370,41,2440,139,1-0
817,782,36,800,35,1-0
2045,1988,22,2017,57,0-1
977,977,47,977,0,1-0
1852,1849,33,1851,3,0-1
1779,1771,41,1775,8,1-0
1948,1883,56,1916,65,1/2-1/2
2078,2082,27,2080,-4,0-1
1661,1653,32,1657,8,0-1
1697,1691,25,1694,6,0-1
1347,1254,45,1301,93,1-0
2047,2016,29,2032,31,1-0
1305,1351,25,1328,-46,1-0
1895,1817,30,1856,78,1-0
1575,1701,33,1638,-126,0-1
2421,1701,31,2061,720,1-0
2229,1647,46,1938,582,1-0
2356,2114,38,2235,242,1-0
2519,1182,28,1851,1337,1-0
1155,1124,9,1140,31,0-1
1778,1723,15,1751,55,1-0
1660,1668,54,1664,-8,1-0
1337,1353,36,1345,-16,1-0
1458,1396,21,1427,62,1-0
1853,1852,36,1853,1,1/2-1/2
1891,1936,18,1914,-45,0-1
1467,1483,51,1475,-16,1-0
1311,1300,47,1306,11,1-0
1604,1564,36,1584,40,1-0
1755,1773,37,1764,-18,0-1
1830,1840,22,1835,-10,1-0
2161,2080,62,2121,81,0-1
1089,1181,36,1135,-92,1-0
1645,1619,43,1632,26,0-1
1636,1607,19,1622,29,1-0
1662,1674,24,1668,-12,1-0
1563,1591,45,1577,-28,0-1
1558,1570,37,1564,-12,0-1
1800,1825,34,1813,-25,0-1
1297,1249,18,1273,48,0-1
1217,1219,45,1218,-2,1/2-1/2
2223,2225,42,2224,-2,1-0
2037,2045,15,2041,-8,0-1
1923,1973,8,1948,-50,0-1
2003,1989,61,1996,14,1-0
1609,1642,30,1626,-33,1-0
1096,1099,26,1098,-3,0-1
2305,2322,21,2314,-17,1-0
1143,1152,27,1148,-9,0-1
1581,1525,34,1553,56,1-0
2186,2304,26,2245,-118,0-1
822,833,25,828,-11,0-1
1467,1518,22,1493,-51,0-1
2515,2613,31,2564,-98,0-1
1665,1780,6,1723,-115,1-0
930,1026,26,978,-96,1-0
1383,1398,26,1391,-15,0-1
2029,1967,22,1998,62,1-0
2062,2097,56,2080,-35,0-1
1207,1592,15,1400,-385,0-1
2431,2134,46,2283,297,1-0
2104,2089,17,2097,15,1-0
1702,1752,47,1727,-50,1-0
1592,1651,34,1622,-59,1-0
1514,1567,47,1541,-53,1-0
1938,1979,36,1959,-41,1-0
1089,940,21,1015,149,0-1
1855,1883,58,1869,-28,1-0
1059,1037,22,1048,22,1-0
1587,1491,10,1539,96,1-0
906,868,21,887,38,0-1
1212,1160,47,1186,52,0-1
1273,1289,43,1281,-16,1-0
1726,1698,29,1712,28,0-1
2011,2007,35,2009,4,0-1
1932,1930,38,1931,2,1-0
1334,1411,32,1373,-77,1-0
1842,1819,20,1831,23,0-1
1850,1845,47,1848,5,0-1
1143,1209,25,1176,-66,1-0
1308,1310,11,1309,-2,1-0
1859,1871,66,1865,-12,0-1
1390,1408,33,1399,-18,1-0
1499,1455,15,1477,44,0-1
2337,2340,23,2339,-3,1-0
2077,2048,39,2063,29,1-0
2115,2104,22,2110,11,0-1
2093,1995,21,2044,98,0-1
1382,1333,8,1358,49,1-0
1901,1830,18,1866,71,1-0
1394,1404,16,1399,-10,1-0
1432,1461,35,1447,-29,1-0
1511,1462,42,1487,49,0-1
1500,1575,29,1538,-75,0-1
1325,1331,30,1328,-6,1-0
1616,1660,10,1638,-44,0-1
1440,1455,20,1448,-15,1-0
1219,1259,17,1239,-40,1-0
1614,1606,48,1610,8,0-1
1666,1662,36,1664,4,1-0
989,843,40,916,146,0-1
1189,1271,84,1230,-82,0-1
1150,1209,21,1180,-59,0-1
2093,2105,31,2099,-12,1-0
1586,1616,26,1601,-30,1-0
2335,2245,55,2290,90,1-0
928,915,24,922,13,1-0
1085,1073,20,1079,12,0-1
2132,2143,44,2138,-11,1/2-1/2
1307,1263,41,1285,44,0-1
1504,1496,11,1500,8,1-0
1878,1897,28,1888,-19,0-1
1333,1340,15,1337,-7,1-0
2223,2222,25,2223,1,1-0
1992,1983,20,1988,9,0-1
1200,1220,35,1210,-20,0-1
1231,1221,44,1226,10,0-1
1243,1310,59,1277,-67,1-0
1616,1655,40,1636,-39,1/2-1/2
2369,2264,20,2317,105,1-0
1744,1725,36,1735,19,0-1
2065,2099,40,2082,-34,0-1
1762,1771,26,1767,-9,1-0
1595,1553,39,1574,42,0-1
1487,1542,26,1515,-55,0-1
1929,1907,43,1918,22,1-0
2564,2496,8,2530,68,1-0
1923,1883,38,1903,40,0-1
1926,1926,36,1926,0,0-1
845,838,22,842,7,1-0
1774,1738,29,1756,36,0-1
2087,2081,18,2084,6,0-1
2240,2209,21,2225,31,0-1
1433,1388,29,1411,45,0-1
2049,2025,28,2037,24,1-0
1610,1606,19,1608,4,1-0
881,930,25,906,-49,0-1
1271,1295,30,1283,-24,1/2-1/2
1837,1906,22,1872,-69,1-0
1469,1514,40,1492,-45,0-1
1234,1200,16,1217,34,0-1
1696,1774,32,1735,-78,1-0
1527,1606,13,1567,-79,1-0
1979,2085,33,2032,-106,0-1
1618,1617,53,1618,1,1/2-1/2
1456,1456,7,1456,0,0-1
1684,1666,36,1675,18,0-1
1631,1620,25,1626,11,0-1
1557,1582,35,1570,-25,0-1
1755,1791,22,1773,-36,1-0
1402,1365,32,1384,37,0-1
1234,1260,36,1247,-26,0-1
1000,997,31,999,3,0-1
1836,1791,60,1814,45,0-1
1575,1581,31,1578,-6,1-0
1065,1038,25,1052,27,1-0
1535,1541,28,1538,-6,1-0
1315,1279,45,1297,36,0-1
2139,2051,25,2095,88,1-0
1403,1390,60,1397,13,1-0
2016,2010,27,2013,6,0-1
1553,1572,24,1563,-19,1-0
2123,2241,30,2182,-118,0-1
1920,1930,32,1925,-10,1-0
1279,1300,65,1290,-21,0-1
1516,1603,11,1560,-87,0-1
1306,1195,27,1251,111,1-0
1437,1446,31,1442,-9,0-1
973,1002,21,988,-29,1-0
1314,1319,81,1317,-5,0-1
893,951,26,922,-58,1-0
1768,1718,11,1743,50,0-1
1670,1681,12,1676,-11,0-1
1280,1348,22,1314,-68,0-1
1431,1415,29,1423,16,1-0
2110,2082,68,2096,28,1/2-1/2
1248,1255,43,1252,-7,0-1
1535,1564,18,1550,-29,1-0
1699,1678,26,1689,21,1-0
1514,1434,19,1474,80,1-0
2173,2150,23,2162,23,1-0
1931,1885,58,1908,46,0-1
1636,1626,21,1631,10,0-1
1997,2114,77,2056,-117,0-1
2320,2224,19,2272,96,0-1
1661,1647,29,1654,14,1-0
1813,1780,37,1797,33,1-0
1619,1623,22,1621,-4,0-1
1038,1007,31,1023,31,0-1
2531,2445,51,2488,86,1-0
1566,1471,31,1519,95,0-1
1576,1616,16,1596,-40,1-0
1072,1091,34,1082,-19,0-1
1724,1717,41,1721,7,1-0
1699,1622,9,1661,77,1-0
2179,2167,33,2173,12,1-0
1803,1846,47,1825,-43,0-1
1480,1464,31,1472,16,1-0
1318,1320,26,1319,-2,0-1
1015,870,24,943,145,1-0
1690,1688,37,1689,2,0-1
1780,1779,23,1780,1,1-0
2406,2352,56,2379,54,1-0
774,800,8,787,-26,1-0
1317,1297,34,1307,20,1-0
2090,2058,49,2074,32,0-1
1836,1892,47,1864,-56,1/2-1/2
1993,1992,30,1993,1,1-0
1733,1775,32,1754,-42,0-1
1491,1449,15,1470,42,1-0
1708,1707,45,1708,1,1-0
1653,1570,27,1612,83,0-1
940,910,26,925,30,0-1
1389,1490,23,1440,-101,0-1
1303,1256,26,1280,47,1-0
1979,1981,50,1980,-2,0-1
1729,1759,28,1744,-30,0-1
1348,1311,66,1330,37,1-0
1590,1572,50,1581,18,1-0
866,870,6,868,-4,1-0
1800,1765,35,1783,35,1-0
1083,1028,38,1056,55,1-0
1690,1726,12,1708,-36,1-0
499,581,11,540,-82,0-1
1140,1254,17,1197,-114,0-1
859,981,30,920,-122,1-0
1856,1893,28,1875,-37,1-0
2166,2151,74,2159,15,1-0
1559,1564,31,1562,-5,0-1
1941,1983,26,1962,-42,0-1
1447,1503,48,1475,-56,0-1
1162,1213,32,1188,-51,0-1
1030,956,21,993,74,1-0
1828,1879,16,1854,-51,0-1
2270,2291,50,2281,-21,1/2-1/2
2020,2045,43,2033,-25,1-0
1815,1757,40,1786,58,0-1
1471,1471,33,1471,0,1-0
1724,1732,13,1728,-8,1-0
2008,2026,45,2017,-18,1-0
1355,1330,24,1343,25,0-1
1779,1770,20,1775,9,1-0
1855,1847,48,1851,8,0-1
1310,1280,31,1295,30,1-0
1659,1667,42,1663,-8,1-0
1607,1623,29,1615,-16,1-0
896,866,35,881,30,1-0
2159,2163,47,2161,-4,1-0
1601,1730,72,1666,-129,1-0
1791,1864,32,1828,-73,0-1
1301,1309,25,1305,-8,0-1
1454,1398,20,1426,56,1-0
1728,1746,27,1737,-18,0-1
1995,2009,31,2002,-14,0-1
1232,1211,30,1222,21,0-1
1359,1312,25,1336,47,0-1
1965,2088,47,2027,-123,1/2-1/2
1866,1844,26,1855,22,1-0
2285,2425,46,2355,-140,0-1
1333,1285,48,1309,48,1/2-1/2
2569,2477,41,2523,92,0-1
2313,2316,50,2315,-3,1-0
1969,2019,46,1994,-50,0-1
1743,1742,57,1743,1,0-1
540,506,18,523,34,0-1
2336,2443,21,2390,-107,0-1
1725,1741,35,1733,-16,1-0
2145,2099,34,2122,46,1-0
1767,1770,20,1769,-3,1-0
1652,1709,37,1681,-57,0-1
1534,1570,27,1552,-36,1-0
1339,1302,27,1321,37,1-0
1594,1587,21,1591,7,1-0
1995,1998,19,1997,-3,1-0
1737,1754,15,1746,-17,1-0
1618,1621,38,1620,-3,0-1
1263,1244,38,1254,19,0-1
1562,1601,20,1582,-39,0-1
772,846,8,809,-74,0-1
2385,2348,7,2367,37,1-0
2079,2138,50,2109,-59,1-0
1151,1180,47,1166,-29,1-0
1927,1947,26,1937,-20,1-0
1672,1686,39,1679,-14,1-0
1521,1542,25,1532,-21,1-0
1453,1499,55,1476,-46,0-1
1783,1777,27,1780,6,0-1
1460,1430,28,1445,30,0-1
675,1152,38,914,-477,0-1
1230,1373,33,1302,-143,0-1
1156,944,1,1050,212,1-0
1075,1137,22,1106,-62,0-1
2151,2100,52,2126,51,0-1
1537,1444,2,1491,93,0-1
1826,2103,15,1965,-277,0-1
1606,1807,48,1707,-201,1-0
1610,1500,16,1555,110,1-0
781,788,49,785,-7,1-0
1372,1378,14,1375,-6,1-0
1508,1503,15,1506,5,0-1
1883,1930,48,1907,-47,0-1
1421,1410,51,1416,11,1-0
1519,1524,23,1522,-5,1-0
1545,1570,31,1558,-25,1-0
1844,1856,51,1850,-12,1-0
1659,1711,25,1685,-52,0-1
1639,1641,19,1640,-2,0-1
1936,1938,34,1937,-2,1-0
1844,1835,26,1840,9,1-0
1970,1950,29,1960,20,1-0
1923,1923,42,1923,0,1-0
1708,1704,34,1706,4,0-1
2558,2463,34,2511,95,1-0
1678,1674,47,1676,4,1/2-1/2
1273,1239,24,1256,34,0-1
1986,1999,25,1993,-13,0-1
1456,1425,46,1441,31,1-0
1908,1907,49,1908,1,1-0
2021,2018,33,2020,3,1-0
1267,1303,33,1285,-36,0-1
1857,1855,42,1856,2,1/2-1/2
1234,1158,32,1196,76,0-1
1760,1719,32,1740,41,0-1
835,924,19,880,-89,1-0
762,717,18,740,45,0-1
1710,1646,26,1678,64,1-0
1803,1831,34,1817,-28,1-0
2167,2173,37,2170,-6,0-1
1514,1462,39,1488,52,1-0
1255,1266,22,1261,-11,1-0
1549,1546,52,1548,3,1-0
1335,1345,13,1340,-10,1-0
1736,1755,13,1746,-19,1-0
1871,1792,25,1832,79,0-1
2356,2298,46,2327,58,1/2-1/2
1694,1669,46,1682,25,1-0
1616,1608,31,1612,8,1-0
1894,1896,28,1895,-2,0-1
1909,1607,32,1758,302,1-0
2263,2287,48,2275,-24,1-0
1684,1688,35,1686,-4,1-0
1562,1467,37,1515,95,0-1
1435,1446,4,1441,-11,1-0
2101,2170,30,2136,-69,1-0
1873,1881,29,1877,-8,1-0
1923,1896,43,1910,27,1-0
1796,1731,42,1764,65,1-0
2324,2301,64,2313,23,1-0
2050,2065,48,2058,-15,0-1
2201,2018,31,2110,183,1/2-1/2
1092,1113,5,1103,-21,1-0
1717,1719,44,1718,-2,1-0
2957,2801,28,2879,156,1-0
1240,1192,31,1216,48,0-1
1174,1232,67,1203,-58,1-0
2178,2183,40,2181,-5,1-0
2845,2829,59,2837,16,0-1
1919,1953,26,1936,-34,1-0
2340,2481,24,2411,-141,0-1
1679,1660,49,1670,19,1/2-1/2
1782,1773,39,1778,9,0-1
1090,1124,27,1107,-34,0-1
2122,2137,52,2130,-15,1-0
2339,2491,31,2415,-152,0-1
2374,2239,20,2307,135,1-0
1020,1081,30,1051,-61,1-0
1272,1298,43,1285,-26,1-0
2648,2776,64,2712,-128,1/2-1/2
1461,1436,43,1449,25,0-1
1894,1954,20,1924,-60,0-1
2141,2074,66,2108,67,0-1
2053,2008,54,2031,45,1/2-1/2
2173,2242,30,2208,-69,1-0
1100,1109,24,1105,-9,1-0
1528,1530,19,1529,-2,0-1
1596,1667,57,1632,-71,1/2-1/2
1509,1448,20,1479,61,0-1
1421,1387,7,1404,34,1-0
1219,1328,21,1274,-109,1-0
1864,1837,21,1851,27,0-1
2022,1857,53,1940,165,1-0
2244,2057,34,2151,187,1-0
1948,1922,30,1935,26,1-0
1533,1512,46,1523,21,1-0
1895,1900,25,1898,-5,1-0
2008,2003,41,2006,5,1-0
2428,2308,26,2368,120,1-0
2100,2076,21,2088,24,0-1
1398,1421,25,1410,-23,1-0
1753,1708,17,1731,45,0-1
1777,1777,82,1777,0,1-0
591,1609,15,1100,-1018,0-1
1940,2028,34,1984,-88,0-1
1722,1763,42,1743,-41,0-1
1665,1649,20,1657,16,1-0
1649,1639,14,1644,10,0-1
2503,2491,27,2497,12,1-0
1990,2007,22,1999,-17,0-1
1880,1903,32,1892,-23,0-1
2162,2145,30,2154,17,1-0
1477,1451,27,1464,26,0-1
1803,1844,40,1824,-41,0-1
1718,1798,37,1758,-80,1-0
1320,1334,33,1327,-14,1-0
1565,1580,35,1573,-15,0-1
1623,1635,36,1629,-12,1-0
1865,1814,59,1840,51,0-1
1623,1538,37,1581,85,1-0
738,709,15,724,29,0-1
1177,1169,37,1173,8,0-1
1805,1811,22,1808,-6,1-0
1374,1481,29,1428,-107,0-1
2210,2268,26,2239,-58,0-1
2209,2104,11,2157,105,1-0
1904,1901,33,1903,3,0-1
908,1014,9,961,-106,1-0
1002,981,27,992,21,0-1
1646,1578,16,1612,68,1-0
1279,1181,43,1230,98,1-0
1865,1915,20,1890,-50,1-0
960,971,43,966,-11,0-1
1201,1143,31,1172,58,1-0
1682,1652,59,1667,30,1-0
1755,1722,36,1739,33,1-0
1543,1571,22,1557,-28,0-1
2038,2129,50,2084,-91,0-1
1277,1344,43,1311,-67,1-0
654,536,9,595,118,1-0
1613,1572,24,1593,41,1-0
1116,1139,33,1128,-23,0-1
1701,1715,39,1708,-14,1-0
1022,984,61,1003,38,0-1
1902,1899,15,1901,3,1-0
955,954,32,955,1,0-1
1699,1618,21,1659,81,1-0
2037,2035,19,2036,2,0-1
2064,2056,32,2060,8,1-0
2542,2356,35,2449,186,1-0
2196,2206,35,2201,-10,0-1
2803,2879,22,2841,-76,1-0
2228,2281,16,2255,-53,1-0
1428,1500,37,1464,-72,1-0
1372,1343,37,1358,29,0-1
1846,1909,46,1878,-63,1-0
1605,1633,25,1619,-28,1-0
2224,2282,46,2253,-58,1-0
1766,1834,30,1800,-68,0-1
1940,1911,38,1926,29,0-1
2571,2671,50,2621,-100,0-1
2448,2417,32,2433,31,0-1
2403,2312,45,2358,91,0-1
1591,1590,68,1591,1,1-0
2292,2300,53,2296,-8,1-0
1964,2037,16,2001,-73,1-0
2531,2468,42,2500,63,0-1
1212,1243,27,1228,-31,0-1
1517,1609,33,1563,-92,1-0
1890,1868,40,1879,22,1-0
1972,2010,37,1991,-38,1-0
1072,1016,46,1044,56,0-1
1081,1108,42,1095,-27,0-1
701,829,29,765,-128,0-1
1292,1294,27,1293,-2,0-1
2030,2077,33,2054,-47,1-0
1492,1452,69,1472,40,1/2-1/2
1306,1324,26,1315,-18,1-0
1629,1612,38,1621,17,1-0
1935,1923,36,1929,12,0-1
1874,1870,45,1872,4,0-1
1576,1648,53,1612,-72,1-0
1331,1392,32,1362,-61,1-0
756,834,13,795,-78,1-0
1323,1301,39,1312,22,0-1
924,1028,36,976,-104,1-0
1458,1501,38,1480,-43,1-0
1453,1447,21,1450,6,0-1
1071,1178,16,1125,-107,1-0
1182,1207,30,1195,-25,0-1
1697,1737,32,1717,-40,1-0
1577,1579,36,1578,-2,1-0
1420,1371,30,1396,49,0-1
1356,1358,42,1357,-2,1-0
1080,1107,36,1094,-27,1-0
1259,1287,25,1273,-28,1-0
1921,2033,47,1977,-112,0-1
1440,1422,37,1431,18,1-0
1545,1538,13,1542,7,0-1
1201,1153,40,1177,48,1-0
2247,2029,49,2138,218,0-1
1474,1500,18,1487,-26,0-1
1715,1726,24,1721,-11,0-1
1353,1294,17,1324,59,0-1
1816,1811,22,1814,5,1-0
1166,1146,23,1156,20,0-1
1512,1452,24,1482,60,1-0
1634,1617,43,1626,17,1-0
1566,1565,31,1566,1,1-0
1395,1361,32,1378,34,0-1
1625,1704,34,1665,-79,0-1
1707,1713,7,1710,-6,1-0
1327,1355,23,1341,-28,0-1
1506,1545,25,1526,-39,0-1
1906,1877,79,1892,29,1/2-1/2
777,858,33,818,-81,0-1
1811,1749,33,1780,62,0-1
1397,1333,43,1365,64,0-1
1727,1754,52,1741,-27,0-1
1721,1658,48,1690,63,1-0
1642,1575,36,1609,67,0-1
1807,1814,41,1811,-7,1-0
1522,1497,29,1510,25,1-0
1840,1855,40,1848,-15,1-0
1547,1530,29,1539,17,1-0
972,1426,31,1199,-454,1-0
1979,1956,62,1968,23,0-1
2423,2479,26,2451,-56,0-1
2816,2713,27,2765,103,1-0
1999,1995,22,1997,4,0-1
1631,1639,47,1635,-8,0-1
2183,2184,62,2184,-1,0-1
2565,2503,41,2534,62,1-0
2195,2213,67,2204,-18,1/2-1/2
2001,2027,39,2014,-26,0-1
2145,2041,36,2093,104,0-1
2376,2362,30,2369,14,0-1
2162,2150,27,2156,12,1-0
1829,1855,39,1842,-26,0-1
2339,2358,36,2349,-19,0-1
1282,1264,16,1273,18,0-1
909,974,64,942,-65,1-0
1399,1434,43,1417,-35,1-0
2014,2011,50,2013,3,0-1
2109,2091,44,2100,18,0-1
1300,1323,57,1312,-23,0-1
1363,1252,10,1308,111,1-0
1787,1741,48,1764,46,1-0
1475,1551,27,1513,-76,0-1
1165,1192,35,1179,-27,1-0
1926,1897,51,1912,29,0-1
1729,1657,20,1693,72,0-1
1352,1747,53,1550,-395,0-1
1645,1650,27,1648,-5,0-1
1623,1593,29,1608,30,0-1
1328,1300,48,1314,28,1-0
1286,1259,28,1273,27,0-1
1585,1577,32,1581,8,0-1
1937,1896,36,1917,41,1-0
1521,1413,40,1467,108,1-0
1338,1369,24,1354,-31,0-1
2398,2401,31,2400,-3,1-0
1775,1751,33,1763,24,0-1
1539,1519,39,1529,20,0-1
2279,2185,44,2232,94,1-0
1408,1422,65,1415,-14,1-0
1278,857,37,1068,421,1-0
1938,1868,47,1903,70,0-1
1334,1374,23,1354,-40,1-0
892,907,23,900,-15,1-0
1856,1818,41,1837,38,0-1
2119,2128,36,2124,-9,1-0
2179,2197,35,2188,-18,1-0
1275,1365,42,1320,-90,1-0
1400,1438,27,1419,-38,1-0
1766,1748,16,1757,18,0-1
1885,1887,20,1886,-2,1-0
2012,1989,35,2001,23,0-1
2052,2030,43,2041,22,0-1
1578,1641,41,1610,-63,0-1
2151,2131,37,2141,20,0-1
1675,1654,26,1665,21,1-0
1238,1221,38,1230,17,1-0
1835,1835,29,1835,0,0-1
1879,1839,48,1859,40,0-1
1701,1694,15,1698,7,0-1
1653,1673,43,1663,-20,1-0
1821,1743,41,1782,78,1-0
1485,1441,20,1463,44,0-1
1367,1349,39,1358,18,0-1
1770,1688,59,1729,82,0-1
1303,1233,17,1268,70,0-1
1328,1387,36,1358,-59,1-0
1468,1477,49,1473,-9,0-1
1667,1737,10,1702,-70,0-1
2065,2256,29,2161,-191,0-1
1923,1798,31,1861,125,1-0
2041,1951,19,1996,90,1-0
1632,1647,49,1640,-15,0-1
1812,1836,19,1824,-24,0-1
2054,1982,11,2018,72,1-0
1571,1577,28,1574,-6,0-1
1549,1359,1,1454,190,1-0
1822,1819,38,1821,3,1-0
1473,1562,37,1518,-89,0-1
1632,1636,36,1634,-4,1/2-1/2
1685,1729,15,1707,-44,1-0
1327,1374,26,1351,-47,0-1
1130,1090,40,1110,40,1-0
1620,1610,21,1615,10,1-0
1407,1397,45,1402,10,0-1
1529,1505,20,1517,24,1-0
1570,1604,42,1587,-34,1-0
1731,1725,11,1728,6,0-1
2251,2091,42,2171,160,1-0
1967,1967,36,1967,0,0-1
1841,1836,30,1839,5,0-1
1651,1715,20,1683,-64,1-0
1466,1487,24,1477,-21,0-1
1794,1806,71,1800,-12,1/2-1/2
1147,1067,16,1107,80,0-1
1943,1909,33,1926,34,1-0
1994,1978,64,1986,16,1-0
1186,1193,4,1190,-7,0-1
1469,1436,25,1453,33,1-0
1403,1397,42,1400,6,1-0
1992,1994,19,1993,-2,0-1
1113,1133,20,1123,-20,0-1
1606,1655,51,1631,-49,1/2-1/2
1782,1814,25,1798,-32,1-0
1295,1214,18,1255,81,1-0
1039,1109,57,1074,-70,1-0
2101,2117,39,2109,-16,1-0
1295,1268,38,1282,27,0-1
1892,1875,47,1884,17,1-0
2160,2124,27,2142,36,1-0
1331,1385,12,1358,-54,1-0
2058,2058,29,2058,0,0-1
1056,1053,22,1055,3,0-1
1694,1775,11,1735,-81,0-1
2168,2192,37,2180,-24,0-1
1495,1496,25,1496,-1,0-1
2001,2012,34,2007,-11,1-0
1970,1982,33,1976,-12,0-1
1791,1794,45,1793,-3,1-0
1470,1455,34,1463,15,1/2-1/2
1597,1592,40,1595,5,0-1
1901,1970,66,1936,-69,0-1
1687,1711,28,1699,-24,0-1
1789,1723,31,1756,66,1-0
1992,1994,82,1993,-2,0-1
1135,1053,49,1094,82,0-1
985,1022,34,1004,-37,1-0
2152,2162,28,2157,-10,1-0
2264,2236,24,2250,28,1-0
1597,1562,46,1580,35,1-0
1431,1476,34,1454,-45,1/2-1/2
1647,1631,57,1639,16,0-1
2026,2114,35,2070,-88,0-1
1975,2052,21,2014,-77,0-1
2270,2324,40,2297,-54,1-0
2231,2259,26,2245,-28,0-1
1463,1449,31,1456,14,0-1
1307,1285,24,1296,22,1-0
1277,1274,70,1276,3,0-1
2149,2146,44,2148,3,1-0
1272,1288,23,1280,-16,1-0
1665,1657,27,1661,8,1-0
2277,2193,37,2235,84,1-0
1406,1378,18,1392,28,0-1
2071,2042,34,2057,29,0-1
1929,1883,43,1906,46,1-0
1263,1265,20,1264,-2,0-1
1793,1821,47,1807,-28,1-0
1417,1429,14,1423,-12,0-1
1110,1279,24,1195,-169,0-1
1048,955,8,1002,93,1-0
1266,1282,16,1274,-16,1-0
1874,1879,27,1877,-5,1-0
1342,1318,21,1330,24,0-1
1075,1185,17,1130,-110,1-0
2041,2019,34,2030,22,1-0
1413,1418,44,1416,-5,1-0
1854,1847,28,1851,7,1-0
2007,2039,52,2023,-32,1-0
2255,2215,41,2235,40,1/2-1/2
1555,1520,24,1538,35,0-1
1002,1036,16,1019,-34,1-0
1349,1321,24,1335,28,0-1
1318,1261,23,1290,57,1-0
1360,1440,51,1400,-80,1-0
1894,1903,25,1899,-9,0-1
1976,1919,49,1948,57,1-0
1475,1458,35,1467,17,0-1
1596,1596,41,1596,0,1-0
1617,1646,73,1632,-29,0-1
1836,1824,50,1830,12,1-0
1819,1814,40,1817,5,1-0
1121,1177,9,1149,-56,0-1
1536,1541,22,1539,-5,0-1
1358,1379,38,1369,-21,0-1
2029,1984,29,2007,45,1-0
1091,1032,30,1062,59,1-0
1665,1714,67,1690,-49,0-1
1545,1551,28,1548,-6,1-0
1186,1166,24,1176,20,1-0
1847,1772,14,1810,75,0-1
1429,1380,36,1405,49,0-1
1349,1379,37,1364,-30,1-0
1306,1345,26,1326,-39,0-1
1597,1597,46,1597,0,1-0
1597,1577,27,1587,20,0-1
1235,1231,26,1233,4,1-0
818,1216,27,1017,-398,0-1
568,418,69,493,150,1/2-1/2
2126,2141,35,2134,-15,0-1
1374,1427,7,1401,-53,1-0
1637,1619,42,1628,18,0-1
997,913,10,955,84,1-0
1238,1205,17,1222,33,1-0
1723,1658,49,1691,65,1-0
1796,1769,26,1783,27,1-0
991,992,8,992,-1,0-1
1436,1399,35,1418,37,1-0
1389,1263,28,1326,126,1-0
1694,1624,31,1659,70,0-1
1691,1727,27,1709,-36,0-1
1813,1782,26,1798,31,0-1
1452,1375,49,1414,77,1-0
1020,1070,16,1045,-50,0-1
1563,1558,22,1561,5,0-1
2269,2248,30,2259,21,1-0
1942,1897,18,1920,45,1-0
2122,2082,61,2102,40,1-0
2185,2239,34,2212,-54,1-0
1492,1523,28,1508,-31,0-1
1549,1536,23,1543,13,0-1
1750,1734,55,1742,16,1-0
2062,2056,38,2059,6,0-1
2578,2604,21,2591,-26,0-1
1130,1058,22,1094,72,1-0
2293,2179,24,2236,114,0-1
1345,1274,13,1310,71,0-1
1965,1983,25,1974,-18,1-0
956,1005,21,981,-49,0-1
1659,1588,35,1624,71,1-0
1773,1829,68,1801,-56,1-0
1232,1222,25,1227,10,0-1
1587,1593,26,1590,-6,0-1
1452,1478,43,1465,-26,0-1
1564,1567,61,1566,-3,0-1
1721,1665,22,1693,56,0-1
1367,1407,77,1387,-40,1/2-1/2
1949,1930,31,1940,19,1-0
1978,1973,46,1976,5,1-0
2148,2087,37,2118,61,1-0
1062,1050,21,1056,12,1-0
1488,1491,32,1490,-3,1-0
1154,1214,33,1184,-60,0-1
2497,2443,47,2470,54,1-0
1044,1007,28,1026,37,0-1
1573,1574,53,1574,-1,0-1
1545,1557,21,1551,-12,1-0
1774,1747,37,1761,27,1-0
1842,1866,39,1854,-24,0-1
1234,1166,30,1200,68,0-1
2019,2047,17,2033,-28,1-0
1415,1364,26,1390,51,1-0
1623,1670,57,1647,-47,0-1
1603,1593,16,1598,10,1-0
1691,1704,25,1698,-13,0-1
1474,1537,71,1506,-63,0-1
1696,2075,35,1886,-379,0-1
1837,1817,79,1827,20,1/2-1/2
1522,1487,48,1505,35,0-1
1816,1756,27,1786,60,1-0
1704,2387,63,2046,-683,0-1
1883,2208,41,2046,-325,1-0
1913,2368,58,2141,-455,0-1
1367,1381,38,1374,-14,1-0
1098,914,26,1006,184,1-0
2140,2132,33,2136,8,0-1
1625,1620,10,1623,5,1-0
1556,1612,43,1584,-56,0-1
1754,1739,25,1747,15,1-0
1614,1620,23,1617,-6,0-1
1031,994,19,1013,37,1-0
1328,1336,22,1332,-8,0-1
1671,1635,22,1653,36,0-1
2053,2056,44,2055,-3,1/2-1/2
1845,1780,36,1813,65,0-1
2113,2119,19,2116,-6,0-1
1793,1763,32,1778,30,0-1
1603,1614,7,1609,-11,1-0
2131,2157,34,2144,-26,1-0
895,896,22,896,-1,1-0
1598,1589,24,1594,9,1-0
1992,1978,28,1985,14,0-1
1423,1432,62,1428,-9,1-0
1854,1879,55,1867,-25,1/2-1/2
1495,1462,28,1479,33,1-0
1560,1586,48,1573,-26,0-1
1630,1676,45,1653,-46,0-1
1329,1330,17,1330,-1,0-1
676,537,39,607,139,0-1
1413,1429,34,1421,-16,0-1
1474,1468,75,1471,6,0-1
1260,1268,30,1264,-8,0-1
1994,1995,45,1995,-1,0-1
1837,1939,38,1888,-102,0-1
2115,1720,32,1918,395,1-0
1560,1584,24,1572,-24,1-0
1227,1275,53,1251,-48,0-1
2047,2089,49,2068,-42,1-0
2090,2108,25,2099,-18,0-1
1316,1301,11,1309,15,0-1
2139,2119,72,2129,20,0-1
1694,1696,42,1695,-2,0-1
1500,1439,6,1470,61,0-1
1614,1585,22,1600,29,1-0
1789,1750,76,1770,39,0-1
1628,1615,30,1622,13,1-0
1995,1982,45,1989,13,1-0
1589,1536,27,1563,53,1-0
1638,1593,29,1616,45,1-0
1914,1972,73,1943,-58,1-0
1263,1269,24,1266,-6,0-1
2134,2139,48,2137,-5,1-0
2027,2026,31,2027,1,1-0
1791,1820,25,1806,-29,0-1
1507,1460,26,1484,47,0-1
1861,1880,44,1871,-19,1-0
2098,2033,52,2066,65,1-0
2172,2301,74,2237,-129,1-0
2148,2241,26,2195,-93,1-0
2113,2123,37,2118,-10,0-1
1521,1521,33,1521,0,0-1
1750,1779,20,1765,-29,0-1
1483,1429,29,1456,54,1-0
1369,1259,27,1314,110,0-1
1859,1862,17,1861,-3,1-0
2070,2076,29,2073,-6,1-0
1984,1986,27,1985,-2,1-0
1708,1668,50,1688,40,1-0
1539,1550,6,1545,-11,0-1
1882,1971,36,1927,-89,1-0
1795,1788,40,1792,7,1-0
1626,1627,33,1627,-1,0-1
1092,1099,25,1096,-7,1-0
2014,2053,35,2034,-39,0-1
2133,2126,46,2130,7,0-1
1890,1948,19,1919,-58,1-0
1363,1360,23,1362,3,1-0
1855,1864,33,1860,-9,1-0
1095,1176,57,1136,-81,1-0
1440,1446,43,1443,-6,1-0
1690,1709,24,1700,-19,0-1
883,760,33,822,123,0-1
923,969,24,946,-46,0-1
1722,1691,14,1707,31,1-0
1328,1339,20,1334,-11,0-1
1557,1553,24,1555,4,0-1
1852,1789,26,1821,63,1-0
2492,2505,65,2499,-13,0-1
2024,2481,30,2253,-457,0-1
2197,2304,28,2251,-107,0-1
2101,2006,36,2054,95,0-1
2076,2114,34,2095,-38,1-0
1711,1310,34,1511,401,1-0
1600,1405,38,1503,195,1-0
2098,2027,26,2063,71,1-0
1417,1426,19,1422,-9,1-0
1410,1380,14,1395,30,1-0
2315,2258,60,2287,57,1-0
1483,1201,36,1342,282,0-1
1707,1718,26,1713,-11,0-1
1613,1607,17,1610,6,1-0
1916,1925,74,1921,-9,0-1
2089,2090,20,2090,-1,1-0
1635,1681,32,1658,-46,1-0
1769,1796,9,1783,-27,1-0
1695,1682,83,1689,13,1-0
1531,1518,52,1525,13,1-0
1868,1874,9,1871,-6,1-0
1755,1752,55,1754,3,0-1
1706,1703,28,1705,3,0-1
1643,1611,37,1627,32,1-0
1764,1766,18,1765,-2,1-0
1547,1553,25,1550,-6,1-0
1394,1432,34,1413,-38,0-1
1263,1286,26,1275,-23,0-1
1784,1766,51,1775,18,1-0
994,1113,30,1054,-119,0-1
1219,1252,18,1236,-33,0-1
2247,2426,30,2337,-179,0-1
1591,1605,23,1598,-14,0-1
1557,1572,30,1565,-15,0-1
1470,1441,24,1456,29,1-0
2040,2033,54,2037,7,0-1
1100,1080,28,1090,20,0-1
2431,2471,34,2451,-40,0-1
1246,1237,46,1242,9,0-1
2108,2161,29,2135,-53,0-1
2045,2051,42,2048,-6,1-0
1588,1589,21,1589,-1,0-1
1502,1333,41,1418,169,1-0
1070,981,25,1026,89,1-0
1720,1725,16,1723,-5,0-1
2459,2477,51,2468,-18,0-1
1225,1311,43,1268,-86,0-1
1719,1724,16,1722,-5,0-1
1635,1505,24,1570,130,0-1
1698,1708,31,1703,-10,1-0
1225,1187,51,1206,38,1-0
1732,1760,45,1746,-28,0-1
1488,1487,13,1488,1,1-0
1501,1489,47,1495,12,1-0
1861,1837,24,1849,24,1-0
2857,3005,149,2931,-148,1/2-1/2
2253,2210,31,2232,43,0-1
1902,1897,42,1900,5,1-0
1381,1380,22,1381,1,1-0
1803,1848,37,1826,-45,1-0
1143,1166,22,1155,-23,0-1
1001,1010,31,1006,-9,1-0
1246,1308,38,1277,-62,0-1
1973,2072,52,2023,-99,0-1
1718,1611,63,1665,107,1-0
1742,1798,42,1770,-56,0-1
1395,1406,49,1401,-11,0-1
1548,1526,25,1537,22,0-1
1534,1577,30,1556,-43,0-1
1287,1213,22,1250,74,0-1
1461,1423,9,1442,38,1-0
1353,1347,15,1350,6,0-1
1507,1519,25,1513,-12,1-0
1713,1718,15,1716,-5,1-0
1889,1882,32,1886,7,1-0
1011,978,19,995,33,1-0
1184,1042,34,1113,142,0-1
1935,1760,18,1848,175,1-0
1365,1370,34,1368,-5,0-1
1773,1769,27,1771,4,0-1
1698,1718,10,1708,-20,1-0
2163,2135,50,2149,28,1-0
1748,1748,27,1748,0,1-0
1822,1836,26,1829,-14,1-0
2025,2040,43,2033,-15,0-1
1684,1677,15,1681,7,0-1
1562,1614,24,1588,-52,1-0
1281,1261,45,1271,20,0-1
1578,1601,19,1590,-23,1-0
1921,1842,19,1882,79,0-1
2300,2245,31,2273,55,1-0
1791,1734,33,1763,57,1-0
1979,1797,34,1888,182,1-0
1942,1674,36,1808,268,1-0
1385,2013,24,1699,-628,0-1
2028,1988,47,2008,40,0-1
1476,1522,58,1499,-46,1-0
1457,1486,32,1472,-29,0-1
1576,1517,33,1547,59,1-0
1169,1114,4,1142,55,1-0
1779,1777,29,1778,2,1-0
2248,2244,42,2246,4,1-0
2151,2212,50,2182,-61,1/2-1/2
1866,1840,63,1853,26,0-1
2474,2472,46,2473,2,1-0
1035,1069,34,1052,-34,1-0
2354,2427,43,2391,-73,0-1
2127,2141,51,2134,-14,1-0
1797,1808,27,1803,-11,0-1
1321,1311,25,1316,10,1-0
2029,1939,38,1984,90,0-1
2061,2094,42,2078,-33,1-0
1773,1755,40,1764,18,1-0
1774,1753,55,1764,21,1/2-1/2
1362,1455,27,1409,-93,0-1
1632,1621,50,1627,11,1-0
1294,1302,18,1298,-8,0-1
1585,1550,23,1568,35,0-1
1209,1313,24,1261,-104,1-0
1947,1926,19,1937,21,0-1
1851,1850,38,1851,1,1-0
1123,1083,54,1103,40,0-1
1239,1209,34,1224,30,1-0
1077,987,15,1032,90,0-1
1736,1763,41,1750,-27,0-1
1675,1690,36,1683,-15,0-1
2101,2188,25,2145,-87,0-1
1231,1224,31,1228,7,1-0
1500,1500,1,1500,0,1-0
1396,1449,20,1423,-53,0-1
1475,1499,18,1487,-24,1-0
1595,1611,20,1603,-16,0-1
1962,2031,67,1997,-69,1/2-1/2
1328,1490,32,1409,-162,1-0
1011,998,36,1005,13,1-0
1985,1956,75,1971,29,1-0
1811,1794,30,1803,17,0-1
2160,2224,22,2192,-64,0-1
2433,2431,28,2432,2,0-1
1305,1307,32,1306,-2,0-1
1672,1627,34,1650,45,1-0
2286,2244,58,2265,42,0-1
1704,1687,40,1696,17,1-0
2587,2699,22,2643,-112,1-0
1235,1279,30,1257,-44,1-0
1846,1843,26,1845,3,1-0
895,883,26,889,12,1-0
1603,1608,32,1606,-5,0-1
1319,1413,48,1366,-94,0-1
1924,1976,33,1950,-52,1-0
2414,2509,25,2462,-95,1-0
2234,2221,37,2228,13,0-1
1390,1391,67,1391,-1,0-1
2199,2161,39,2180,38,1-0
1459,1454,31,1457,5,0-1
2052,2063,29,2058,-11,0-1
2384,2326,54,2355,58,0-1
1731,1710,35,1721,21,1-0
2072,2023,38,2048,49,1-0
1799,1787,29,1793,12,1-0
1930,1925,37,1928,5,0-1
2177,2221,13,2199,-44,1-0
1887,1858,12,1873,29,1-0
1610,1582,32,1596,28,0-1
1864,1895,42,1880,-31,1-0
1501,1547,45,1524,-46,0-1
1529,1543,36,1536,-14,1-0
1739,2104,31,1922,-365,0-1
1625,1708,21,1667,-83,1-0
799,1358,0,1079,-559,0-1
1695,1288,51,1492,407,1-0
1714,1686,25,1700,28,1-0
2029,2052,36,2041,-23,1-0
1869,1852,41,1861,17,1-0
1336,1365,28,1351,-29,0-1
1834,1848,14,1841,-14,1-0
1315,1317,14,1316,-2,0-1
1668,1658,38,1663,10,1-0
1704,1712,26,1708,-8,0-1
2126,2091,70,2109,35,0-1
1286,1307,5,1297,-21,1-0
1239,1271,13,1255,-32,1-0
2053,2064,25,2059,-11,0-1
1467,1488,53,1478,-21,1-0
1541,1506,34,1524,35,1-0
1471,1434,36,1453,37,1-0
1083,1080,62,1082,3,1/2-1/2
2560,2538,28,2549,22,1-0
2418,2497,55,2458,-79,1/2-1/2
1729,1709,37,1719,20,0-1
1281,1233,27,1257,48,1-0
2101,2214,45,2158,-113,0-1
1754,1828,32,1791,-74,0-1
1555,1549,38,1552,6,0-1
1308,1132,18,1220,176,0-1
1958,1937,32,1948,21,0-1
2076,2095,50,2086,-19,1-0
1400,1502,21,1451,-102,0-1
2186,2202,34,2194,-16,1-0
1641,1629,49,1635,12,0-1
1618,1582,21,1600,36,0-1
1820,1968,34,1894,-148,1/2-1/2
935,944,18,940,-9,1-0
1683,1690,25,1687,-7,0-1
1536,1529,29,1533,7,0-1
2002,2047,29,2025,-45,1-0
1770,1790,29,1780,-20,1-0
2019,2019,38,2019,0,1-0
2158,2178,39,2168,-20,0-1
1786,1791,14,1789,-5,1-0
1921,1850,38,1886,71,0-1
1763,1755,24,1759,8,1-0
1251,1363,20,1307,-112,0-1
1786,1786,15,1786,0,1-0
1907,1837,48,1872,70,0-1
1594,1614,25,1604,-20,1-0
1118,1078,39,1098,40,1-0
1175,1240,34,1208,-65,0-1
1510,1603,22,1557,-93,1-0
1831,1792,23,1812,39,0-1
1505,1449,47,1477,56,1-0
1270,1257,48,1264,13,0-1
1435,1448,15,1442,-13,1-0
1749,1774,28,1762,-25,0-1
1940,1871,25,1906,69,1-0
2026,2027,29,2027,-1,1-0
1070,1035,4,1053,35,1-0
1622,1624,19,1623,-2,0-1
1688,1696,82,1692,-8,1/2-1/2
1643,1658,33,1651,-15,1-0
1807,1832,23,1820,-25,1-0
2024,2135,32,2080,-111,0-1
1695,1766,65,1731,-71,1-0
1159,1838,46,1499,-679,0-1
1619,1812,53,1716,-193,0-1
2434,2130,32,2282,304,1-0
1843,1854,58,1849,-11,1-0
1434,1465,31,1450,-31,0-1
1644,1613,27,1629,31,1-0
1851,1856,32,1854,-5,1-0
2114,2082,48,2098,32,1-0
1815,1820,32,1818,-5,1-0
1580,1519,23,1550,61,0-1
1114,1145,25,1130,-31,0-1
2034,2001,52,2018,33,1-0
1984,1962,45,1973,22,1-0
2493,2497,68,2495,-4,0-1
1720,1686,51,1703,34,1-0
1780,1778,41,1779,2,1-0
2150,2171,28,2161,-21,1-0
1709,1705,31,1707,4,0-1
2082,2186,27,2134,-104,0-1
2048,2052,25,2050,-4,1-0
1241,1175,20,1208,66,1-0
1904,1892,33,1898,12,0-1
1424,1429,60,1427,-5,1-0
1822,1881,10,1852,-59,1/2-1/2
2117,2114,59,2116,3,0-1
1633,1681,53,1657,-48,0-1
1042,1160,40,1101,-118,0-1
1450,1439,10,1445,11,1-0
1365,1369,8,1367,-4,1-0
1371,1349,18,1360,22,1-0
1522,1558,20,1540,-36,0-1
1784,1755,32,1770,29,0-1
1350,1326,20,1338,24,1-0
1892,1884,26,1888,8,0-1
1322,1320,34,1321,2,1-0
1912,1923,29,1918,-11,1-0
2033,2072,27,2053,-39,0-1
1164,1152,11,1158,12,0-1
2002,1974,18,1988,28,1-0
1185,1260,34,1223,-75,0-1
1511,1392,23,1452,119,1-0
1584,1623,25,1604,-39,0-1
1485,1458,33,1472,27,1-0
1460,2087,16,1774,-627,0-1
2122,2059,52,2091,63,0-1
1359,1351,24,1355,8,0-1
1476,1482,24,1479,-6,1-0
1704,1698,20,1701,6,0-1
1630,1583,41,1607,47,0-1
1425,1386,53,1406,39,1-0
1768,1791,25,1780,-23,1-0
1276,1275,11,1276,1,1-0
1007,989,28,998,18,0-1
1869,1811,37,1840,58,1-0
1732,1734,36,1733,-2,1-0
1464,1472,16,1468,-8,1-0
1556,1571,20,1564,-15,1-0
1288,1306,47,1297,-18,1/2-1/2
2397,2385,48,2391,12,0-1
2197,2181,50,2189,16,1-0
1325,1331,33,1328,-6,1-0
962,1013,21,988,-51,0-1
1386,1485,29,1436,-99,0-1
1098,1069,33,1084,29,0-1
1854,1854,35,1854,0,1-0
1638,1664,32,1651,-26,0-1
2033,2011,50,2022,22,1-0
1356,1359,25,1358,-3,1-0
1604,1592,51,1598,12,1/2-1/2
1893,1881,56,1887,12,1-0
1154,1138,51,1146,16,1-0
1836,1825,8,1831,11,0-1
1584,1588,33,1586,-4,1-0
2190,2174,36,2182,16,1-0
1559,1530,35,1545,29,1-0
1556,1537,29,1547,19,1-0
2199,2205,36,2202,-6,1-0
854,883,54,869,-29,0-1
1781,1786,41,1784,-5,1-0
2106,2100,22,2103,6,1-0
1980,2004,47,1992,-24,1-0
1851,1862,33,1857,-11,0-1
1622,1560,4,1591,62,1-0
1864,1873,34,1869,-9,1-0
2299,2295,38,2297,4,1-0
1686,1654,14,1670,32,1-0
1347,1365,10,1356,-18,0-1
1745,1722,33,1734,23,1-0
1920,1907,82,1914,13,1-0
1052,1122,28,1087,-70,1-0
1766,1803,32,1785,-37,1-0
1810,1886,22,1848,-76,0-1
1291,1268,13,1280,23,0-1
2092,2016,19,2054,76,1-0
1088,1577,23,1333,-489,0-1
1149,1193,33,1171,-44,1-0
1251,1248,33,1250,3,0-1
921,909,25,915,12,1-0
1605,1703,52,1654,-98,0-1
1298,1138,28,1218,160,0-1
1593,1793,44,1693,-200,1-0
1583,1714,40,1649,-131,0-1
1620,1603,37,1612,17,0-1
1809,1791,43,1800,18,1-0
1316,1349,41,1333,-33,1-0
1583,1575,58,1579,8,1/2-1/2
1358,1458,11,1408,-100,1-0
1660,1677,12,1669,-17,1-0
1562,1527,62,1545,35,1-0
1114,1146,25,1130,-32,1-0
2041,2059,22,2050,-18,1-0
1866,1845,31,1856,21,0-1
874,941,32,908,-67,1-0
1368,1367,22,1368,1,1-0
1729,1763,37,1746,-34,0-1
1829,1793,28,1811,36,1-0
1141,1260,28,1201,-119,0-1
1511,1537,32,1524,-26,1-0
1716,1689,21,1703,27,1-0
2024,1995,17,2010,29,1-0
2107,2107,37,2107,0,0-1
1853,1937,31,1895,-84,1-0
2061,2029,28,2045,32,0-1
1033,965,34,999,68,0-1
1555,1544,29,1550,11,1-0
1509,1468,39,1489,41,0-1
1446,1447,51,1447,-1,1-0
1995,1947,53,1971,48,0-1
1657,1671,55,1664,-14,1-0
1280,1270,40,1275,10,0-1
1123,1252,54,1188,-129,1-0
1766,1803,31,1785,-37,1-0
1741,1746,20,1744,-5,1-0
977,964,12,971,13,1-0
1380,1325,15,1353,55,1-0
2095,2207,54,2151,-112,1-0
1309,1242,23,1276,67,1-0
1494,1493,42,1494,1,0-1
2136,2082,24,2109,54,1-0
1348,1368,38,1358,-20,0-1
1436,1479,45,1458,-43,1-0
2153,2192,50,2173,-39,0-1
1118,1018,38,1068,100,1-0
779,932,48,856,-153,0-1
2185,2099,58,2142,86,0-1
1665,1684,35,1675,-19,0-1
1940,1944,55,1942,-4,1-0
1554,1631,31,1593,-77,1-0
1707,1702,37,1705,5,1-0
1209,1186,28,1198,23,0-1
1984,1913,23,1949,71,0-1
1246,1288,22,1267,-42,0-1
1134,1159,18,1147,-25,1-0
705,664,6,685,41,1-0
1508,1385,49,1447,123,0-1
1167,1164,57,1166,3,1-0
1421,1366,3,1394,55,1-0
1091,1218,45,1155,-127,0-1
1431,1437,24,1434,-6,1-0
1313,1303,28,1308,10,1-0
1633,1637,23,1635,-4,0-1
2038,2034,27,2036,4,1-0
1647,1743,22,1695,-96,1-0
1373,1339,31,1356,34,1-0
1089,1176,19,1133,-87,1-0
1259,1267,7,1263,-8,1-0
1824,1773,27,1799,51,1-0
1875,1933,53,1904,-58,0-1
2169,2087,35,2128,82,1-0
1946,1939,32,1943,7,1-0
1934,1956,27,1945,-22,1-0
1008,1125,22,1067,-117,0-1
1855,1893,57,1874,-38,1/2-1/2
1246,1255,38,1251,-9,1-0
2021,2043,34,2032,-22,0-1
1979,1989,17,1984,-10,0-1
1497,1554,15,1526,-57,0-1
2336,2294,28,2315,42,1-0
2179,2059,43,2119,120,1-0
1974,1977,32,1976,-3,0-1
1507,1534,22,1521,-27,0-1
1847,1908,21,1878,-61,0-1
2184,2266,65,2225,-82,0-1
1149,1149,20,1149,0,1-0
1149,1127,17,1138,22,0-1
1985,2019,13,2002,-34,0-1
1732,1728,26,1730,4,0-1
1177,1193,66,1185,-16,0-1
1439,1371,35,1405,68,0-1
2104,2094,44,2099,10,0-1
1659,1659,29,1659,0,1-0
1844,1821,14,1833,23,1-0
1454,1543,43,1499,-89,0-1
1547,1643,23,1595,-96,1-0
1286,1257,18,1272,29,0-1
1986,2001,30,1994,-15,1-0
2231,2085,33,2158,146,1-0
1515,1480,30,1498,35,0-1
2657,2704,23,2681,-47,0-1
1643,1611,28,1627,32,1-0
1881,1766,25,1824,115,1-0
2161,2162,32,2162,-1,0-1
2511,2458,40,2485,53,1-0
2004,1975,24,1990,29,0-1
1577,1568,28,1573,9,1-0
2328,2398,23,2363,-70,1-0
2134,2093,6,2114,41,0-1
2217,2218,32,2218,-1,1-0
1732,1745,35,1739,-13,1-0
1703,1687,29,1695,16,0-1
1584,1585,26,1585,-1,1-0
911,915,45,913,-4,1/2-1/2
2323,2265,43,2294,58,0-1
1225,1194,16,1210,31,1-0
1899,1891,22,1895,8,1-0
1381,1357,48,1369,24,0-1
1619,2167,40,1893,-548,0-1
862,1014,41,938,-152,0-1
1368,1362,1,1365,6,0-1
1463,1712,83,1588,-249,1/2-1/2
1862,1854,47,1858,8,1/2-1/2
1700,1572,37,1636,128,0-1
2017,2049,24,2033,-32,1-0
1850,1844,52,1847,6,0-1
2156,2149,21,2153,7,0-1
1551,1507,22,1529,44,1-0
1349,1362,49,1356,-13,0-1
1753,1269,55,1511,484,1-0
1785,1654,69,1720,131,1-0
1594,1592,37,1593,2,1-0
1149,1115,14,1132,34,0-1
1199,1164,27,1182,35,1-0
2196,2290,61,2243,-94,1-0
1941,1955,36,1948,-14,1-0
2314,2321,47,2318,-7,1/2-1/2
1532,1522,30,1527,10,1-0
2140,2133,55,2137,7,0-1
707,728,25,718,-21,1-0
1429,1424,32,1427,5,0-1
1608,1639,86,1624,-31,0-1
1481,1485,26,1483,-4,0-1
2036,2061,49,2049,-25,1-0
1344,1312,18,1328,32,0-1
1887,1872,35,1880,15,0-1
899,1051,32,975,-152,0-1
1734,1734,34,1734,0,0-1
1683,1696,55,1690,-13,1-0
1478,1487,89,1483,-9,1/2-1/2
1920,2076,37,1998,-156,0-1
1624,1619,54,1622,5,1-0
1519,1545,40,1532,-26,0-1
1607,1554,23,1581,53,0-1
1095,1158,9,1127,-63,0-1
1222,1233,40,1228,-11,0-1
1717,1844,45,1781,-127,0-1
1889,1852,35,1871,37,1-0
2239,2260,25,2250,-21,0-1
1749,1869,20,1809,-120,1-0
1839,1790,12,1815,49,0-1
1555,1241,40,1398,314,0-1
1722,1785,29,1754,-63,1-0
1613,1711,60,1662,-98,1-0
1794,1959,42,1877,-165,1/2-1/2
1621,1907,26,1764,-286,0-1
1975,1931,34,1953,44,1-0
1513,2034,40,1774,-521,1/2-1/2
1939,2502,37,2221,-563,0-1
2021,2107,43,2064,-86,0-1
2197,2167,28,2182,30,1/2-1/2
1865,1801,28,1833,64,0-1
1542,1926,19,1734,-384,0-1
2571,2757,82,2664,-186,0-1
1475,1483,11,1479,-8,1-0
1699,1766,41,1733,-67,0-1
1764,1764,44,1764,0,1-0
2497,2441,50,2469,56,1-0
1323,1288,26,1306,35,0-1
2188,2173,37,2181,15,1-0
1669,1632,31,1651,37,1-0
2308,2332,24,2320,-24,1-0
1283,1282,20,1283,1,0-1
1270,1192,45,1231,78,1-0
1411,1406,12,1409,5,1-0
1068,1057,22,1063,11,0-1
1374,1353,45,1364,21,1-0
966,876,24,921,90,1-0
1679,1691,42,1685,-12,1-0
1050,1036,18,1043,14,1-0
1860,1801,27,1831,59,1-0
2391,2411,52,2401,-20,1-0
2446,2559,57,2503,-113,0-1
2201,2208,60,2205,-7,0-1
1636,1569,29,1603,67,1-0
1197,1244,26,1221,-47,1-0
1974,1997,58,1986,-23,0-1
1429,1369,28,1399,60,1-0
799,949,36,874,-150,0-1
1352,1300,20,1326,52,1-0
1610,1592,38,1601,18,1-0
761,770,9,766,-9,1-0
980,994,12,987,-14,1-0
2088,2097,24,2093,-9,0-1
1749,1806,31,1778,-57,1-0
1896,1964,66,1930,-68,1-0
1632,1664,43,1648,-32,0-1
2034,2045,87,2040,-11,1/2-1/2
1670,1685,65,1678,-15,0-1
1196,1185,18,1191,11,1-0
1534,1565,47,1550,-31,0-1
1650,1535,107,1593,115,1-0
2358,2235,84,2297,123,0-1
1905,1929,31,1917,-24,0-1
878,921,39,900,-43,1-0
1972,1956,43,1964,16,1-0
1132,1127,42,1130,5,1-0
1558,1581,20,1570,-23,0-1
1511,1841,40,1676,-330,0-1
1881,1855,12,1868,26,0-1
2244,2190,59,2217,54,0-1
1292,1309,6,1301,-17,0-1
1758,1740,47,1749,18,0-1
1400,1463,31,1432,-63,0-1
1385,1354,64,1370,31,0-1
1568,1574,30,1571,-6,0-1
1617,1592,9,1605,25,0-1
1303,1290,25,1297,13,0-1
2544,2555,61,2550,-11,1-0
2245,2185,33,2215,60,1-0
2011,1988,18,2000,23,1-0
1922,1920,21,1921,2,0-1
2328,2328,28,2328,0,0-1
1887,1891,53,1889,-4,1/2-1/2
1686,1693,31,1690,-7,0-1
2051,2033,24,2042,18,1-0
924,967,31,946,-43,1-0
1489,1486,16,1488,3,1-0
1578,1592,32,1585,-14,1-0
2025,2008,23,2017,17,0-1
2069,2098,56,2084,-29,0-1
1964,1963,41,1964,1,1-0
2438,2389,57,2414,49,1-0
1933,1872,48,1903,61,1/2-1/2
1176,1201,12,1189,-25,0-1
1758,1662,33,1710,96,0-1
1564,1544,26,1554,20,1-0
1361,1377,34,1369,-16,0-1
1947,1988,47,1968,-41,0-1
1815,1763,25,1789,52,0-1
1526,1540,35,1533,-14,0-1
1417,1379,21,1398,38,1-0
1466,1448,24,1457,18,0-1
1489,1493,14,1491,-4,0-1
2474,2499,61,2487,-25,1-0
1446,1370,15,1408,76,1-0
1898,1905,46,1902,-7,1-0
901,846,24,874,55,0-1
2649,2579,51,2614,70,0-1
1941,1912,33,1927,29,1-0
2026,2103,17,2065,-77,0-1
1950,1963,58,1957,-13,0-1
1290,1279,32,1285,11,1-0
2344,2284,26,2314,60,1/2-1/2
2017,2018,58,2018,-1,1/2-1/2
1464,1496,28,1480,-32,1-0
2351,2357,48,2354,-6,1-0
1775,1886,34,1831,-111,0-1
2133,2129,38,2131,4,0-1
1395,1415,45,1405,-20,1/2-1/2
1323,1199,4,1261,124,1-0
1331,1354,44,1343,-23,1/2-1/2
1591,1615,27,1603,-24,1-0
1723,1685,21,1704,38,1-0
1761,1776,43,1769,-15,0-1
1736,1752,53,1744,-16,1-0
2052,2044,30,2048,8,1-0
1382,1359,43,1371,23,0-1
1849,1885,27,1867,-36,1-0
1549,1552,41,1551,-3,1-0
2319,2184,22,2252,135,1-0
2017,2014,51,2016,3,1-0
1931,1923,18,1927,8,1-0
2123,2253,47,2188,-130,1-0
2073,2123,20,2098,-50,1-0
1721,1689,33,1705,32,0-1
2243,2176,28,2210,67,0-1
1286,1280,25,1283,6,1-0
1871,1889,31,1880,-18,1-0
1245,1268,28,1257,-23,0-1
1824,1746,22,1785,78,1-0
1968,1923,54,1946,45,1-0
2503,2472,25,2488,31,0-1
1831,1833,56,1832,-2,1-0
2307,2396,27,2352,-89,1-0
2574,2712,51,2643,-138,0-1
1977,1983,30,1980,-6,1-0
1623,1800,17,1712,-177,1-0
2151,2035,33,2093,116,1-0
1726,1715,23,1721,11,0-1
1627,1635,29,1631,-8,0-1
1641,1705,33,1673,-64,0-1
1791,1796,43,1794,-5,0-1
1136,1109,27,1123,27,1-0
1202,1095,26,1149,107,1-0
1482,1477,47,1480,5,1-0
1388,1392,21,1390,-4,1-0
2194,2334,38,2264,-140,0-1
1865,1960,25,1913,-95,0-1
1554,1668,82,1611,-114,0-1
1519,1527,38,1523,-8,1-0
1049,951,36,1000,98,1-0
1911,1914,49,1913,-3,1-0
1944,1927,31,1936,17,0-1
1784,1811,51,1798,-27,1-0
2284,2223,34,2254,61,1-0
1651,1668,21,1660,-17,1-0
2376,2382,47,2379,-6,1-0
1619,1636,68,1628,-17,0-1
1604,1594,33,1599,10,1-0
1855,1862,33,1859,-7,0-1
1081,1054,46,1068,27,0-1
2262,2304,38,2283,-42,0-1
1908,1857,22,1883,51,1-0
2264,2293,28,2279,-29,1-0
2634,2609,45,2622,25,1-0
1746,1754,29,1750,-8,0-1
1130,1138,45,1134,-8,1/2-1/2
2133,2140,51,2137,-7,1-0
2196,2162,54,2179,34,1-0
1523,1541,32,1532,-18,1-0
1959,1914,12,1937,45,0-1
1458,1519,23,1489,-61,1-0
1404,1410,39,1407,-6,0-1
1340,1889,45,1615,-549,0-1
1702,1565,29,1634,137,1-0
2122,2075,26,2099,47,0-1
2089,2304,17,2197,-215,0-1
1786,2008,22,1897,-222,1-0
1670,1674,26,1672,-4,0-1
1908,1889,64,1899,19,0-1
1746,1798,67,1772,-52,1-0
1539,1585,30,1562,-46,0-1
2085,2022,36,2054,63,1/2-1/2
2210,2183,52,2197,27,1-0
1718,1706,16,1712,12,0-1
1819,1819,33,1819,0,1-0
1635,1629,35,1632,6,1-0
1965,1954,56,1960,11,1-0
1460,1457,43,1459,3,1-0
1264,1282,36,1273,-18,0-1
1329,1337,50,1333,-8,0-1
1790,1288,66,1539,502,1-0
1555,2234,31,1895,-679,0-1
1696,1702,46,1699,-6,0-1
1593,1919,24,1756,-326,0-1
1582,1530,73,1556,52,1/2-1/2
2178,2111,42,2145,67,1-0
1247,1257,27,1252,-10,0-1
1485,1408,24,1447,77,0-1
1874,1865,37,1870,9,1-0
2281,2254,38,2268,27,1-0
2304,2410,44,2357,-106,1-0
1760,1779,36,1770,-19,0-1
965,946,19,956,19,0-1
1653,1630,48,1642,23,1/2-1/2
1407,1305,38,1356,102,1-0
1835,1796,31,1816,39,0-1
1945,1962,39,1954,-17,1-0
2053,2051,49,2052,2,0-1
1665,1735,48,1700,-70,1/2-1/2
1587,1593,28,1590,-6,0-1
1939,1931,43,1935,8,1-0
1545,1529,21,1537,16,1-0
1084,1085,7,1085,-1,1-0
1350,1357,24,1354,-7,1-0
1591,1566,66,1579,25,0-1
2053,2067,49,2060,-14,0-1
1617,1725,30,1671,-108,0-1
1458,1480,35,1469,-22,0-1
1919,2059,37,1989,-140,0-1
1343,1521,39,1432,-178,0-1
1641,1602,39,1622,39,0-1
1885,1676,39,1781,209,1-0
1432,1441,43,1437,-9,1-0
1219,1152,20,1186,67,1-0
1523,1509,20,1516,14,0-1
1637,1611,31,1624,26,0-1
1509,1377,38,1443,132,0-1
1734,1729,36,1732,5,1-0
1427,1427,23,1427,0,0-1
2149,2263,37,2206,-114,1/2-1/2
1704,1722,25,1713,-18,1-0
1885,1827,40,1856,58,1-0
1211,1204,21,1208,7,1-0
1497,1567,12,1532,-70,1-0
1677,1679,22,1678,-2,0-1
1970,1963,77,1967,7,0-1
908,1030,17,969,-122,0-1
1075,1099,54,1087,-24,0-1
1212,1206,53,1209,6,1-0
1892,1904,23,1898,-12,0-1
1837,1850,36,1844,-13,0-1
2162,2123,40,2143,39,0-1
1297,1344,15,1321,-47,0-1
1860,1931,8,1896,-71,1-0
1474,1578,33,1526,-104,0-1
1324,1351,33,1338,-27,0-1
1416,1476,31,1446,-60,0-1
1495,1490,16,1493,5,0-1
1541,1532,23,1537,9,0-1
1279,1264,14,1272,15,1-0
631,771,43,701,-140,0-1
1785,1822,45,1804,-37,1-0
1965,1939,34,1952,26,0-1
1704,1692,26,1698,12,0-1
1731,1781,20,1756,-50,0-1
2038,1980,21,2009,58,0-1
1655,1655,59,1655,0,1-0
1564,1588,5,1576,-24,0-1
1392,1381,23,1387,11,0-1
2610,2533,32,2572,77,1-0
990,976,17,983,14,0-1
1605,1513,22,1559,92,1-0
2411,2439,34,2425,-28,0-1
1752,1838,57,1795,-86,0-1
2244,2241,21,2243,3,1/2-1/2
1952,1987,17,1970,-35,1-0
2018,2001,40,2010,17,0-1
1945,1922,43,1934,23,1/2-1/2
1711,1740,50,1726,-29,1-0
1896,1865,24,1881,31,0-1
2374,2343,39,2359,31,1-0
1830,1830,34,1830,0,1-0
1999,2000,58,2000,-1,1/2-1/2
2121,2106,57,2114,15,0-1
1280,1189,31,1235,91,1-0
1901,1905,48,1903,-4,1-0
1869,1872,42,1871,-3,1-0
1639,1617,19,1628,22,1-0
1786,1848,27,1817,-62,0-1
1509,1465,34,1487,44,1-0
1973,2006,41,1990,-33,0-1
1730,1732,21,1731,-2,0-1
2430,2421,39,2426,9,0-1
2006,2131,31,2069,-125,0-1
1479,1470,34,1475,9,0-1
1482,1561,24,1522,-79,0-1
1905,1884,30,1895,21,0-1
2159,2138,32,2149,21,0-1
1718,1679,22,1699,39,1-0
1642,1679,34,1661,-37,0-1
2208,2338,28,2273,-130,0-1
1783,1806,44,1795,-23,1-0
1922,1934,35,1928,-12,1-0
1832,1853,36,1843,-21,0-1
1621,1571,24,1596,50,1-0
2132,2081,67,2107,51,0-1
1805,1774,43,1790,31,1-0
1197,1151,21,1174,46,1-0
1094,1515,26,1305,-421,0-1
1739,1735,41,1737,4,1-0
1655,1683,40,1669,-28,1-0
1468,1594,16,1531,-126,0-1
1213,1211,6,1212,2,1-0
2342,2359,40,2351,-17,0-1
1835,1836,42,1836,-1,0-1
1875,1867,27,1871,8,1-0
1243,1228,73,1236,15,1-0
1724,1706,17,1715,18,0-1
2236,2200,29,2218,36,0-1
2071,1916,25,1994,155,1-0
1025,1071,24,1048,-46,1-0
1267,1245,33,1256,22,0-1
1385,1351,23,1368,34,1-0
1110,1121,36,1116,-11,0-1
991,946,35,969,45,1/2-1/2
1422,1442,2,1432,-20,1-0
1471,1459,42,1465,12,0-1
1194,1168,23,1181,26,1-0
1700,1739,27,1720,-39,0-1
1622,1614,32,1618,8,1-0
1420,1477,31,1449,-57,0-1
1420,1327,35,1374,93,1-0
2054,1918,32,1986,136,1-0
1256,1575,33,1416,-319,1-0
1820,1809,12,1815,11,0-1
2313,1552,32,1933,761,1-0
1672,1636,30,1654,36,1-0
1399,1391,19,1395,8,0-1
1517,1600,24,1559,-83,0-1
1337,1219,19,1278,118,1-0
1463,1413,59,1438,50,0-1
1525,1077,1,1301,448,1-0
1617,1624,13,1621,-7,0-1
1593,1111,15,1352,482,1-0
2461,2416,31,2439,45,1-0
1411,1453,4,1432,-42,1-0
2067,2065,32,2066,2,1-0
3007,2907,64,2957,100,0-1
1501,1368,24,1435,133,1-0
1846,1671,52,1759,175,1-0
1262,1116,24,1189,146,0-1
1031,1275,24,1153,-244,0-1
1259,1159,38,1209,100,0-1
2211,2241,29,2226,-30,1-0
1189,1202,40,1196,-13,1-0
1404,1426,31,1415,-22,1-0
1962,1956,31,1959,6,1-0
1519,1565,13,1542,-46,0-1
1374,1368,46,1371,6,1-0
1858,1877,50,1868,-19,1-0
1164,1073,55,1119,91,1-0
1440,1409,30,1425,31,0-1
1259,1261,53,1260,-2,1/2-1/2
892,1033,22,963,-141,1-0
1822,1809,17,1816,13,0-1
1399,1287,13,1343,112,1-0
2290,2244,41,2267,46,1/2-1/2
732,766,38,749,-34,1-0
1628,1638,23,1633,-10,0-1
1231,1254,39,1243,-23,1-0
2413,2315,37,2364,98,1-0
1845,1924,21,1885,-79,1/2-1/2
1822,1818,63,1820,4,0-1
1914,2037,12,1976,-123,1-0
1705,1705,50,1705,0,0-1
1043,1014,17,1029,29,1-0
961,949,17,955,12,1-0
773,855,23,814,-82,0-1
833,963,29,898,-130,1-0
1605,1913,28,1759,-308,1-0
1700,1650,26,1675,50,0-1
1306,1308,26,1307,-2,0-1
1816,1766,18,1791,50,0-1
1080,1093,14,1087,-13,0-1
1253,1281,43,1267,-28,1-0
1490,1455,6,1473,35,1-0
1556,1492,19,1524,64,1-0
2081,2019,20,2050,62,1-0
1659,1910,36,1785,-251,1-0
1878,1870,29,1874,8,0-1
1040,1027,28,1034,13,1-0
2117,2117,45,2117,0,0-1
1319,1310,26,1315,9,0-1
2124,2119,38,2122,5,1-0
1447,1477,40,1462,-30,0-1
1668,1674,21,1671,-6,0-1
2171,2146,30,2159,25,0-1
941,1071,21,1006,-130,0-1
1594,1611,45,1603,-17,0-1
1707,1746,32,1727,-39,0-1
1648,1649,19,1649,-1,0-1
1339,1254,68,1297,85,1/2-1/2
1149,1151,19,1150,-2,0-1
1507,1585,29,1546,-78,1-0
1907,1889,54,1898,18,1-0
1771,1770,30,1771,1,1-0
1401,1477,12,1439,-76,0-1
1674,1724,52,1699,-50,1-0
1806,1796,48,1801,10,1-0
1818,1823,21,1821,-5,0-1
1952,1969,28,1961,-17,1-0
2139,2107,34,2123,32,1-0
1976,1964,50,1970,12,0-1
1586,1548,36,1567,38,1-0
2388,2534,29,2461,-146,0-1
1443,1461,34,1452,-18,1-0
1153,1112,17,1133,41,0-1
2106,2084,23,2095,22,1-0
1213,1205,37,1209,8,1-0
1392,1440,45,1416,-48,1-0
1400,1395,28,1398,5,1-0
1459,1458,25,1459,1,0-1
1868,2008,32,1938,-140,0-1
1629,1615,60,1622,14,1/2-1/2
2104,2241,44,2173,-137,1-0
1612,1566,29,1589,46,1-0
1670,1650,25,1660,20,1-0
1837,1848,17,1843,-11,1-0
1535,1544,42,1540,-9,1-0
2406,2564,52,2485,-158,0-1
1127,1033,20,1080,94,1-0
2505,2410,27,2458,95,0-1
2337,2384,32,2361,-47,0-1
1921,1947,25,1934,-26,1-0
1867,1805,15,1836,62,0-1
2330,2169,21,2250,161,1-0
1487,1512,28,1500,-25,1-0
2026,2021,37,2024,5,0-1
1751,1803,24,1777,-52,0-1
1636,1521,52,1579,115,0-1
1543,1614,48,1579,-71,0-1
2483,2531,40,2507,-48,1/2-1/2
1077,1121,25,1099,-44,1-0
1582,1587,52,1585,-5,1-0
1688,1621,59,1655,67,1-0
1042,960,9,1001,82,1-0
1880,1834,11,1857,46,1-0
1259,1155,20,1207,104,1-0
1678,1684,54,1681,-6,1-0
1862,1862,34,1862,0,0-1
1322,1271,28,1297,51,1-0
1925,1897,44,1911,28,1-0
1424,1410,47,1417,14,0-1
1091,1096,17,1094,-5,0-1
1348,1779,25,1564,-431,0-1
1153,1241,30,1197,-88,0-1
1995,1930,57,1963,65,1-0
1267,1268,28,1268,-1,0-1
1270,1282,19,1276,-12,0-1
1446,1499,46,1473,-53,0-1
2169,2314,35,2242,-145,0-1
1530,1529,34,1530,1,0-1
1656,1625,35,1641,31,0-1
1285,1293,32,1289,-8,1-0
1734,1720,34,1727,14,1-0
1380,1397,34,1389,-17,1-0
1603,1573,15,1588,30,0-1
1840,1868,33,1854,-28,1-0
1689,1699,22,1694,-10,0-1
1728,1723,33,1726,5,0-1
1401,1463,16,1432,-62,0-1
653,643,6,648,10,0-1
957,837,29,897,120,1-0
1111,1191,55,1151,-80,1-0
1319,1241,35,1280,78,0-1
1961,1948,44,1955,13,0-1
1518,1540,34,1529,-22,1-0
1628,1671,7,1650,-43,1-0
1554,1452,74,1503,102,1/2-1/2
1626,1625,26,1626,1,0-1
1506,1501,36,1504,5,1-0
1763,1766,39,1765,-3,0-1
1458,1486,49,1472,-28,1-0
849,835,4,842,14,1-0
1126,1135,23,1131,-9,1-0
1363,1319,18,1341,44,1-0
1770,1767,42,1769,3,1-0
1995,1973,50,1984,22,0-1
1733,1696,24,1715,37,0-1
1787,1702,71,1745,85,1/2-1/2
1695,1661,34,1678,34,1-0
1156,1187,36,1172,-31,0-1
1207,1210,63,1209,-3,1-0
1666,1665,25,1666,1,1-0
1865,1963,24,1914,-98,0-1
1657,1885,30,1771,-228,0-1
2309,2303,41,2306,6,1-0
2167,2102,31,2135,65,1-0
1392,1409,44,1401,-17,0-1
1294,1291,52,1293,3,1-0
1913,2041,25,1977,-128,1-0
1482,1512,38,1497,-30,1-0
1794,1745,29,1770,49,1-0
2459,2381,61,2420,78,0-1
1671,1713,39,1692,-42,1-0
1414,1410,32,1412,4,1-0
1874,1867,34,1871,7,1-0
1175,1076,58,1126,99,1-0
1209,1238,32,1224,-29,1-0
1917,1909,18,1913,8,0-1
2030,2037,28,2034,-7,1-0
2317,2297,39,2307,20,0-1
1978,1965,36,1972,13,0-1
1835,1786,66,1811,49,0-1
1717,1648,47,1683,69,0-1
984,971,33,978,13,1-0
1897,1908,31,1903,-11,1-0
2081,2073,51,2077,8,1-0
1724,1746,54,1735,-22,0-1
1952,1940,60,1946,12,1-0
1294,1229,13,1262,65,0-1
1932,1476,40,1704,456,1-0
2425,2173,34,2299,252,1-0
2449,2032,33,2241,417,1-0
2165,2102,67,2134,63,1/2-1/2
2399,2151,67,2275,248,1-0
2187,2202,30,2195,-15,1-0
1701,1739,31,1720,-38,0-1
1221,1295,26,1258,-74,1-0
1378,1393,31,1386,-15,0-1
1530,1658,60,1594,-128,1/2-1/2
2667,2672,51,2670,-5,0-1
2192,2207,36,2200,-15,0-1
1344,1338,35,1341,6,1-0
2295,2295,21,2295,0,1-0
2177,2162,30,2170,15,1-0
1405,1453,66,1429,-48,0-1
2406,2339,68,2373,67,1-0
1803,1831,21,1817,-28,1-0
1962,2009,25,1986,-47,1-0
1402,1461,37,1432,-59,0-1
908,1507,47,1208,-599,1/2-1/2
1564,1794,29,1679,-230,0-1
1804,1772,33,1788,32,0-1
1342,1348,15,1345,-6,1-0
1987,1969,35,1978,18,0-1
1587,1670,34,1629,-83,0-1
1947,1962,64,1955,-15,0-1
1018,935,46,977,83,1-0
1741,1718,1,1730,23,1-0
1483,1482,61,1483,1,0-1
1913,1910,23,1912,3,1-0
1887,1888,17,1888,-1,1-0
1293,1373,27,1333,-80,1-0
1500,1500,1,1500,0,1-0
1562,1557,44,1560,5,1-0
918,838,31,878,80,1-0
2082,2104,26,2093,-22,0-1
1812,1812,52,1812,0,1-0
1443,1473,31,1458,-30,1-0
2129,2115,57,2122,14,0-1
1277,1259,51,1268,18,0-1
1862,1836,43,1849,26,1-0
1358,1403,14,1381,-45,0-1
1114,1220,30,1167,-106,0-1
1250,1233,34,1242,17,1-0
985,942,30,964,43,1/2-1/2
910,868,45,889,42,1-0
1705,1768,31,1737,-63,0-1
1004,1036,13,1020,-32,1-0
1942,1946,52,1944,-4,1-0
970,890,13,930,80,1-0
1047,958,38,1003,89,0-1
2155,2102,45,2129,53,0-1
1337,1331,37,1334,6,0-1
2044,2051,34,2048,-7,1-0
1913,1950,35,1932,-37,0-1
1757,1761,11,1759,-4,1-0
2252,2207,44,2230,45,1-0
1599,1629,27,1614,-30,1-0
1785,1766,37,1776,19,0-1
1742,1717,38,1730,25,1-0
1913,1966,40,1940,-53,0-1
2052,2092,19,2072,-40,1-0
1575,1587,57,1581,-12,1/2-1/2
1634,1687,35,1661,-53,1-0
2709,2709,60,2709,0,1-0
1573,1552,42,1563,21,1-0
2036,2069,44,2053,-33,0-1
1403,1402,25,1403,1,1-0
1781,1808,23,1795,-27,0-1
1629,1688,23,1659,-59,0-1
1325,1307,22,1316,18,0-1
1597,1612,77,1605,-15,0-1
1030,938,18,984,92,1-0
1897,2027,50,1962,-130,1-0
1411,1382,28,1397,29,1-0
1250,1248,58,1249,2,0-1
1581,1566,34,1574,15,1-0
1472,1468,29,1470,4,0-1
1431,1458,7,1445,-27,1-0
1892,1868,23,1880,24,0-1
1343,1318,27,1331,25,0-1
1308,1261,17,1285,47,0-1
1545,1541,33,1543,4,0-1
1635,1683,42,1659,-48,1-0
1888,1871,31,1880,17,1-0
1380,1350,58,1365,30,1-0
2177,2421,38,2299,-244,0-1
1647,2178,22,1913,-531,0-1
2535,2229,33,2382,306,1-0
1701,2113,64,1907,-412,0-1
1524,983,52,1254,541,1-0
1400,1403,11,1402,-3,1-0
1344,1339,34,1342,5,1-0
2197,2303,13,2250,-106,0-1
1736,1668,38,1702,68,0-1
1456,1467,60,1462,-11,1/2-1/2
1208,1237,25,1223,-29,0-1
1744,1779,43,1762,-35,0-1
1996,1979,25,1988,17,0-1
1157,1147,45,1152,10,1-0
1642,1685,48,1664,-43,1-0
1517,1607,13,1562,-90,1-0
1845,1821,38,1833,24,0-1
779,884,16,832,-105,1-0
1329,1301,32,1315,28,1-0
1658,1656,40,1657,2,1-0
1389,1374,30,1382,15,1-0
2037,2027,16,2032,10,1-0
1532,1557,21,1545,-25,0-1
1576,1616,26,1596,-40,1-0
1120,1134,22,1127,-14,1-0
1433,1439,61,1436,-6,1-0
2136,2153,50,2145,-17,0-1
1915,1850,15,1883,65,1-0
1893,1802,21,1848,91,1-0
1772,1703,29,1738,69,1-0
2156,2164,56,2160,-8,0-1
1512,1496,49,1504,16,1-0
2443,2488,62,2466,-45,1/2-1/2
1849,1810,35,1830,39,0-1
1492,1475,34,1484,17,1-0
1959,1936,47,1948,23,1-0
1392,1417,51,1405,-25,0-1
2707,2656,33,2682,51,0-1
1197,1174,24,1186,23,0-1
1299,1335,25,1317,-36,1-0
2001,1960,35,1981,41,0-1
1522,1604,22,1563,-82,1-0
1847,1704,23,1776,143,0-1
1137,1068,21,1103,69,0-1
1933,1910,34,1922,23,1-0
2204,2209,24,2207,-5,0-1
1618,1620,18,1619,-2,0-1
1979,2140,38,2060,-161,1-0
2276,1776,17,2026,500,1-0
1327,1320,36,1324,7,0-1
1315,1261,66,1288,54,1-0
1615,1539,43,1577,76,0-1
869,1342,38,1106,-473,0-1
1559,1583,38,1571,-24,1-0
1503,1422,25,1463,81,1-0
1355,1392,24,1374,-37,0-1
1154,1138,31,1146,16,1-0
1640,1645,40,1643,-5,1-0
2178,2069,28,2124,109,1-0
1874,1892,44,1883,-18,1-0
1395,1390,52,1393,5,1-0
1010,1015,6,1013,-5,1-0
1571,1569,42,1570,2,0-1
1537,1564,18,1551,-27,1-0
1736,1781,43,1759,-45,1-0
1250,1192,25,1221,58,1-0
1234,1227,28,1231,7,1-0
2535,2543,16,2539,-8,1-0
1911,1997,39,1954,-86,1-0
2041,2036,29,2039,5,0-1
1707,1748,21,1728,-41,1-0
1362,1319,58,1341,43,0-1
1073,1027,74,1050,46,0-1
1410,1509,39,1460,-99,0-1
1925,2031,21,1978,-106,1-0
1887,1883,27,1885,4,1-0
1528,1530,31,1529,-2,0-1
1692,1593,40,1643,99,0-1
1181,1230,32,1206,-49,0-1
1249,1324,40,1287,-75,0-1
1560,1588,13,1574,-28,1-0
1647,1617,10,1632,30,0-1
805,829,20,817,-24,1-0
2345,2326,30,2336,19,1-0
1867,1827,40,1847,40,0-1
1698,1674,44,1686,24,0-1
1538,1602,53,1570,-64,1/2-1/2
2124,2102,51,2113,22,1-0
1630,1643,10,1637,-13,0-1
1408,1389,45,1399,19,0-1
2282,2151,45,2217,131,1-0
1846,1875,41,1861,-29,0-1
2005,1947,23,1976,58,1-0
1228,1182,19,1205,46,1-0
2124,2227,37,2176,-103,0-1
1352,1372,34,1362,-20,0-1
1725,1711,46,1718,14,1-0
1656,1694,22,1675,-38,0-1
1506,1501,38,1504,5,1-0
1453,1532,24,1493,-79,0-1
852,1507,9,1180,-655,0-1
1345,1361,45,1353,-16,0-1
1583,1600,37,1592,-17,0-1
2456,2541,48,2499,-85,1-0
1725,1753,38,1739,-28,0-1
1886,1885,30,1886,1,1-0
1254,1272,20,1263,-18,0-1
2255,2249,37,2252,6,1-0
1615,1697,20,1656,-82,0-1
2050,2073,19,2062,-23,1-0
2039,2045,44,2042,-6,1-0
2128,2436,38,2282,-308,0-1
1847,1916,29,1882,-69,0-1
1441,1432,12,1437,9,0-1
1579,1539,25,1559,40,0-1
1502,1538,14,1520,-36,0-1
1793,1809,40,1801,-16,0-1
1426,1400,27,1413,26,0-1
1313,1298,30,1306,15,0-1
1942,1951,25,1947,-9,1-0
2096,2088,32,2092,8,0-1
1463,1461,25,1462,2,0-1
1767,1742,28,1755,25,1-0
2198,2354,35,2276,-156,0-1
1588,1631,32,1610,-43,0-1
1921,1922,55,1922,-1,0-1
1762,1663,36,1713,99,0-1
1304,1262,34,1283,42,1/2-1/2
1256,941,20,1099,315,1-0
699,626,13,663,73,1-0
2004,1958,26,1981,46,1-0
1750,1793,52,1772,-43,1/2-1/2
1655,1500,47,1578,155,1-0
1552,1558,16,1555,-6,0-1
1362,1274,31,1318,88,1-0
758,764,4,761,-6,1-0
1762,1785,25,1774,-23,1-0
1415,1415,14,1415,0,0-1
1019,1012,44,1016,7,1-0
1848,1817,66,1833,31,1-0
1520,1483,27,1502,37,0-1
909,839,21,874,70,0-1
1955,2067,22,2011,-112,0-1
1617,1651,50,1634,-34,0-1
1429,1380,29,1405,49,1-0
1682,1714,35,1698,-32,1-0
1929,1945,5,1937,-16,0-1
1516,1537,15,1527,-21,0-1
1757,1764,12,1761,-7,1-0
2076,2080,24,2078,-4,1-0
1373,1379,13,1376,-6,0-1
1508,1500,7,1504,8,1-0
1693,1702,26,1698,-9,0-1
1114,1183,57,1149,-69,1-0
1355,1284,31,1320,71,1-0
1752,1778,35,1765,-26,1/2-1/2
1646,1526,31,1586,120,0-1
1224,1247,29,1236,-23,1-0
947,914,35,931,33,1-0
1830,1806,12,1818,24,1-0
1419,1415,45,1417,4,0-1
1066,972,19,1019,94,1-0
1834,1881,22,1858,-47,1-0
1788,1789,42,1789,-1,1-0
1703,1748,19,1726,-45,1-0
2872,3044,26,2958,-172,0-1
1087,978,18,1033,109,1-0
1327,1326,27,1327,1,0-1
2106,2126,21,2116,-20,1-0
2468,2442,46,2455,26,1-0
1920,1941,27,1931,-21,0-1
1727,1725,35,1726,2,0-1
1973,1972,29,1973,1,1-0
2194,2146,41,2170,48,0-1
1237,1236,29,1237,1,1/2-1/2
2001,1995,50,1998,6,0-1
1481,1494,32,1488,-13,0-1
2170,2189,17,2180,-19,1-0
1331,1335,34,1333,-4,1-0
2234,2013,57,2124,221,1-0
1726,1603,18,1665,123,0-1
1812,1398,25,1605,414,1-0
2054,2050,39,2052,4,1-0
1574,2074,31,1824,-500,0-1
1797,1878,30,1838,-81,1-0
1092,1537,20,1315,-445,1-0
1655,1432,15,1544,223,1-0
1629,1517,33,1573,112,0-1
2042,2052,48,2047,-10,1-0
2062,2119,76,2091,-57,1-0
1561,1535,20,1548,26,0-1
1115,1163,40,1139,-48,1-0
1452,1354,32,1403,98,1/2-1/2
1622,1268,0,1445,354,0-1
1796,1703,52,1750,93,0-1
2319,2396,27,2358,-77,0-1
1189,1213,26,1201,-24,1-0
1886,1924,34,1905,-38,1-0
2204,2179,53,2192,25,1-0
2073,2073,34,2073,0,1-0
1727,1710,32,1719,17,1-0
2645,2675,27,2660,-30,1-0
2164,2146,49,2155,18,0-1
2142,2029,39,2086,113,0-1
1669,1699,4,1684,-30,1-0
1548,1480,28,1514,68,0-1
1763,1729,22,1746,34,1-0
1936,1925,26,1931,11,0-1
2053,2066,13,2060,-13,1-0
2012,2019,30,2016,-7,0-1
1983,1974,50,1979,9,0-1
1510,1524,50,1517,-14,1/2-1/2
1595,1599,44,1597,-4,0-1
1798,1842,19,1820,-44,0-1
2389,2272,76,2331,117,1/2-1/2
1285,1292,5,1289,-7,0-1
1701,1676,22,1689,25,0-1
1464,1438,35,1451,26,0-1
1782,1767,16,1775,15,0-1
1882,1886,26,1884,-4,1-0
1464,1478,54,1471,-14,1-0
2042,2025,48,2034,17,0-1
1326,1298,35,1312,28,1-0
1550,1530,37,1540,20,0-1
1461,1439,56,1450,22,1-0
1694,1675,33,1685,19,0-1
2329,2322,61,2326,7,0-1
1149,1130,36,1140,19,0-1
1670,1671,35,1671,-1,1-0
1233,1195,83,1214,38,1/2-1/2
2224,2063,40,2144,161,1-0
1463,1469,52,1466,-6,0-1
1816,1821,40,1819,-5,0-1
1951,1934,28,1943,17,1-0
1983,1977,51,1980,6,1/2-1/2
2091,2102,36,2097,-11,0-1
936,1004,31,970,-68,1-0
2622,2535,55,2579,87,0-1
1677,1629,14,1653,48,0-1
1600,1497,27,1549,103,0-1
1741,1732,36,1737,9,0-1
1344,1329,22,1337,15,0-1
2309,2472,41,2391,-163,1-0
2122,2125,38,2124,-3,1-0
2004,2033,45,2019,-29,1-0
2181,2222,33,2202,-41,0-1
1425,1488,52,1457,-63,1-0
2235,2227,21,2231,8,1-0
2108,2104,34,2106,4,0-1
1776,1777,27,1777,-1,1-0
1870,1875,40,1873,-5,1-0
2138,2084,36,2111,54,1-0
2041,2031,32,2036,10,1-0
1191,1310,19,1251,-119,0-1
1520,1506,29,1513,14,0-1
1459,1484,21,1472,-25,1-0
1866,1886,33,1876,-20,1-0
1544,1563,59,1554,-19,0-1
1746,1729,42,1738,17,0-1
1619,1684,8,1652,-65,0-1
2170,2266,42,2218,-96,0-1
1841,1846,45,1844,-5,0-1
2371,2202,51,2287,169,1-0
2190,2065,38,2128,125,1-0
1566,1544,61,1555,22,1-0
1146,1161,23,1154,-15,1-0
1470,1495,36,1483,-25,1-0
1231,1235,31,1233,-4,0-1
1500,1560,27,1530,-60,0-1
1358,1271,20,1315,87,1-0
1754,1726,38,1740,28,0-1
1776,1776,41,1776,0,0-1
713,680,18,697,33,0-1
1548,1469,32,1509,79,0-1
1296,1307,40,1302,-11,0-1
1936,1500,1,1718,436,1-0
1999,1996,19,1998,3,1-0
2145,2145,22,2145,0,1-0
1527,1475,20,1501,52,0-1
1953,1938,59,1946,15,1-0
2115,2112,18,2114,3,1-0
2798,2950,31,2874,-152,0-1
1622,1563,20,1593,59,0-1
1648,1709,38,1679,-61,0-1
935,939,17,937,-4,0-1
2352,2352,42,2352,0,0-1
1723,1788,33,1756,-65,0-1
1079,1126,29,1103,-47,1-0
1256,1241,45,1249,15,0-1
1821,1818,46,1820,3,0-1
1586,1632,36,1609,-46,1-0
1446,1539,22,1493,-93,0-1
2150,2119,39,2135,31,0-1
2498,2329,55,2414,169,1-0
2320,2329,46,2325,-9,0-1
1580,1563,15,1572,17,0-1
2304,2206,31,2255,98,1-0
1683,1681,28,1682,2,0-1
2820,2778,17,2799,42,1-0
1628,1664,48,1646,-36,0-1
2034,2117,41,2076,-83,0-1
1860,1905,24,1883,-45,1-0
1376,1392,13,1384,-16,1-0
1997,2021,32,2009,-24,1-0
2227,2555,42,2391,-328,0-1
1889,1872,86,1881,17,1/2-1/2
2444,2464,14,2454,-20,0-1
1294,1297,42,1296,-3,0-1
1609,1617,21,1613,-8,1-0
1712,1807,35,1760,-95,1-0
1995,1917,38,1956,78,1-0
1857,1855,33,1856,2,0-1
1344,1375,30,1360,-31,1-0
1034,983,12,1009,51,1-0
2055,2035,31,2045,20,1-0
2067,2075,29,2071,-8,0-1
1314,1224,65,1269,90,0-1
1894,1824,29,1859,70,1-0
1574,1484,15,1529,90,0-1
856,1423,0,1140,-567,0-1
1662,1702,72,1682,-40,1-0
2272,1948,16,2110,324,1-0
1745,1715,36,1730,30,1-0
1628,1607,40,1618,21,0-1
1748,1755,27,1752,-7,0-1
876,835,43,856,41,0-1
1401,1470,20,1436,-69,1-0
1219,1245,40,1232,-26,1-0
1307,1271,23,1289,36,1-0
1065,1011,39,1038,54,1-0
1514,1525,5,1520,-11,1-0
1504,1485,28,1495,19,1-0
1551,1576,17,1564,-25,0-1
1861,1883,7,1872,-22,0-1
1166,1195,45,1181,-29,0-1
1870,1864,29,1867,6,0-1
1913,2004,46,1959,-91,0-1
1308,1327,26,1318,-19,0-1
1629,1743,61,1686,-114,0-1
2429,2282,52,2356,147,1-0
1737,1720,30,1729,17,1/2-1/2
1974,1991,8,1983,-17,1-0
1008,1011,42,1010,-3,1-0
1367,1370,45,1369,-3,0-1
2114,1866,50,1990,248,1-0
2178,1761,25,1970,417,0-1
1661,1890,11,1776,-229,0-1
1932,1914,22,1923,18,1-0
1742,1523,48,1633,219,1/2-1/2
1837,1986,40,1912,-149,0-1
1896,1981,40,1939,-85,0-1
1312,1355,33,1334,-43,0-1
1014,1161,37,1088,-147,1-0
932,964,30,948,-32,0-1
2003,1981,40,1992,22,0-1
1299,1367,42,1333,-68,0-1
2153,2177,38,2165,-24,0-1
2026,1879,35,1953,147,0-1
803,866,9,835,-63,0-1
2332,2209,53,2271,123,0-1
1728,1726,40,1727,2,0-1
2447,2342,21,2395,105,0-1
1274,1349,28,1312,-75,0-1
788,752,36,770,36,0-1
2108,2133,32,2121,-25,0-1
1642,1633,31,1638,9,1-0
1487,1530,18,1509,-43,1/2-1/2
1731,1786,27,1759,-55,1-0
2182,2208,42,2195,-26,1-0
1617,1590,31,1604,27,1-0
2099,2055,29,2077,44,0-1
1796,1825,21,1811,-29,1-0
1618,1641,33,1630,-23,0-1
1311,1267,19,1289,44,1-0
1971,2113,39,2042,-142,1-0
915,1032,23,974,-117,1-0
1120,1131,16,1126,-11,0-1
1346,1332,55,1339,14,1/2-1/2
2304,2197,25,2251,107,1-0
2305,2320,34,2313,-15,0-1
1138,1089,41,1114,49,1/2-1/2
1985,1957,49,1971,28,1-0
2008,1878,64,1943,130,1-0
1426,1453,40,1440,-27,0-1
1895,1902,22,1899,-7,1-0
1938,1944,31,1941,-6,1-0
2233,2255,50,2244,-22,1-0
1763,1702,45,1733,61,0-1
1183,1205,16,1194,-22,1-0
2049,1980,23,2015,69,1-0
1517,1520,55,1519,-3,1-0
1920,1913,37,1917,7,0-1
1011,918,16,965,93,1-0
1580,1545,9,1563,35,0-1
2040,2066,51,2053,-26,0-1
1737,1718,38,1728,19,0-1
1623,1637,27,1630,-14,0-1
2155,2148,11,2152,7,0-1
1680,1680,36,1680,0,0-1
1196,1187,11,1192,9,0-1
1682,1640,25,1661,42,1/2-1/2
1171,1043,55,1107,128,1-0
996,995,46,996,1,0-1
1885,1805,27,1845,80,0-1
1520,1542,30,1531,-22,0-1
2166,2211,36,2189,-45,1-0
1686,1746,29,1716,-60,1-0
1774,1781,20,1778,-7,1-0
1738,1877,29,1808,-139,1-0
1382,1374,27,1378,8,1-0
807,829,20,818,-22,0-1
1394,1390,85,1392,4,1-0
1989,1989,53,1989,0,1-0
1665,1646,29,1656,19,0-1
1929,1972,20,1951,-43,0-1
1897,1917,57,1907,-20,0-1
1692,1699,24,1696,-7,1-0
1643,1881,27,1762,-238,0-1
2563,2440,56,2502,123,1/2-1/2
2041,2024,14,2033,17,1-0
1931,1466,52,1699,465,1-0
2239,2234,48,2237,5,1-0
2023,2053,38,2038,-30,0-1
1530,1592,43,1561,-62,1-0
2053,2013,39,2033,40,0-1
2311,2178,28,2245,133,1-0
1748,1730,34,1739,18,0-1
1881,1851,31,1866,30,0-1
1910,1917,65,1914,-7,1-0
1970,1964,39,1967,6,1-0
1884,1886,26,1885,-2,1-0
2374,2342,66,2358,32,0-1
1523,1505,31,1514,18,1-0
1597,1597,51,1597,0,1/2-1/2
1075,1032,32,1054,43,0-1
1196,1101,32,1149,95,1-0
2440,2399,41,2420,41,1-0
1813,1787,21,1800,26,0-1
1992,2001,30,1997,-9,1-0
1946,1979,41,1963,-33,0-1
1336,1254,25,1295,82,1-0
1200,1243,52,1222,-43,0-1
2146,2155,20,2151,-9,1-0
1000,953,4,977,47,1-0
1700,1665,25,1683,35,1-0
1365,1312,39,1339,53,1-0
1783,1838,37,1811,-55,0-1
2018,2094,52,2056,-76,0-1
2379,2356,39,2368,23,0-1
647,748,15,698,-101,0-1
1606,1591,27,1599,15,1-0
1947,1907,40,1927,40,1-0
1730,1742,38,1736,-12,1-0
2196,2163,19,2180,33,0-1
2240,2305,50,2273,-65,1-0
1865,1993,53,1929,-128,0-1
2370,1553,37,1962,817,1-0
2254,1975,23,2115,279,1-0
2452,2265,42,2359,187,0-1
1471,1381,22,1426,90,0-1
681,852,49,767,-171,1-0
1090,1119,18,1105,-29,0-1
1299,1298,77,1299,1,0-1
1684,1693,20,1689,-9,0-1
990,989,13,990,1,1/2-1/2
1870,1823,77,1847,47,1-0
1955,1977,38,1966,-22,1-0
1817,1792,28,1805,25,1-0
2084,2109,36,2097,-25,0-1
1614,1641,22,1628,-27,0-1
1924,1978,41,1951,-54,0-1
1347,1384,33,1366,-37,1-0
1330,1278,29,1304,52,1-0
1835,1836,46,1836,-1,0-1
1487,1460,36,1474,27,1-0
1553,1568,13,1561,-15,1-0
1263,1215,62,1239,48,1-0
1602,1590,49,1596,12,0-1
2258,2223,29,2241,35,1-0
1720,1719,27,1720,1,0-1
1584,1573,27,1579,11,1-0
2113,2064,45,2089,49,1-0
1749,1776,56,1763,-27,1/2-1/2
1747,1747,41,1747,0,0-1
1321,1384,66,1353,-63,1-0
1692,1803,33,1748,-111,0-1
1138,1152,36,1145,-14,1-0
1447,1476,17,1462,-29,0-1
1593,1613,51,1603,-20,1-0
1442,1438,30,1440,4,1-0
1840,1855,33,1848,-15,0-1
1923,1922,31,1923,1,0-1
2017,2027,48,2022,-10,1-0
1697,1614,28,1656,83,0-1
1430,1459,17,1445,-29,1-0
2128,2096,32,2112,32,1-0
1963,1948,10,1956,15,1-0
1677,1586,34,1632,91,1-0
1524,1485,56,1505,39,1-0
2046,2062,50,2054,-16,1-0
1425,1426,29,1426,-1,0-1
1720,1733,20,1727,-13,0-1
2390,2461,46,2426,-71,1-0
2130,2070,16,2100,60,0-1
1826,1791,34,1809,35,1-0
1785,1775,18,1780,10,0-1
2006,2036,36,2021,-30,0-1
2190,2220,28,2205,-30,0-1
1751,1747,67,1749,4,1-0
1544,1568,65,1556,-24,1/2-1/2
1826,1860,67,1843,-34,1-0
2249,2243,28,2246,6,1-0
1004,1011,25,1008,-7,0-1
1266,1235,22,1251,31,1-0
1865,1975,50,1920,-110,0-1
1560,1657,36,1609,-97,0-1
2110,2036,15,2073,74,1-0
1699,1711,33,1705,-12,1-0
2137,2164,37,2151,-27,1-0
1820,1740,39,1780,80,0-1
2231,2182,45,2207,49,0-1
841,966,20,904,-125,0-1
2264,2257,40,2261,7,1-0
1857,1831,39,1844,26,0-1
2490,2629,30,2560,-139,0-1
2021,2014,42,2018,7,0-1
1388,1361,18,1375,27,1-0
1417,1545,28,1481,-128,1-0
1527,1502,43,1515,25,1-0
1136,1111,24,1124,25,1-0
1785,1785,28,1785,0,1-0
810,770,17,790,40,0-1
1496,1438,27,1467,58,1-0
1292,1601,48,1447,-309,0-1
1820,1833,35,1827,-13,1-0
1813,1773,32,1793,40,0-1
1547,1646,30,1597,-99,1-0
1020,976,69,998,44,1/2-1/2
1504,1512,29,1508,-8,0-1
1349,1302,26,1326,47,1-0
2181,2175,30,2178,6,1-0
1279,1270,45,1275,9,1/2-1/2
1095,1087,38,1091,8,1-0
1406,1398,22,1402,8,0-1
1512,1565,28,1539,-53,1-0
1935,1882,41,1909,53,0-1
1190,1240,30,1215,-50,0-1
1420,1382,38,1401,38,1-0
1744,1744,30,1744,0,0-1
1942,1891,44,1917,51,1-0
1478,1462,30,1470,16,0-1
1599,1606,16,1603,-7,1-0
1275,1207,35,1241,68,1-0
1452,1450,28,1451,2,0-1
718,862,23,790,-144,0-1
2025,1959,31,1992,66,1-0
1924,1892,31,1908,32,0-1
1833,1644,48,1739,189,1-0
1852,1902,41,1877,-50,1-0
1576,1390,33,1483,186,1-0
1347,1718,64,1533,-371,0-1
1792,1892,55,1842,-100,1-0
1740,1666,39,1703,74,0-1
1453,1492,20,1473,-39,0-1
1144,1162,14,1153,-18,0-1
1678,1665,34,1672,13,0-1
1650,1625,17,1638,25,1-0
2237,2251,51,2244,-14,1-0
2143,2153,33,2148,-10,1-0
1765,1776,22,1771,-11,1-0
1901,1970,41,1936,-69,0-1
1076,1036,22,1056,40,0-1
2201,2192,21,2197,9,1-0
2416,2407,17,2412,9,1-0
1479,1451,27,1465,28,1-0
1879,2031,49,1955,-152,0-1
1774,1784,29,1779,-10,0-1
1633,2337,43,1985,-704,0-1
2112,2184,34,2148,-72,0-1
1257,1126,11,1192,131,1-0
1293,1264,32,1279,29,1-0
1166,1245,13,1206,-79,1-0
1400,1402,15,1401,-2,1-0
1117,1215,22,1166,-98,1-0
1484,1330,34,1407,154,0-1
1330,1471,64,1401,-141,0-1
1560,1609,27,1585,-49,0-1
1129,1259,19,1194,-130,0-1
2035,2037,39,2036,-2,1-0
1334,1365,15,1350,-31,1-0
1204,1162,39,1183,42,0-1
1244,1242,56,1243,2,1-0
1234,1224,28,1229,10,0-1
1015,1044,28,1030,-29,0-1
1610,1658,40,1634,-48,1-0
1672,1660,75,1666,12,1-0
2128,2154,24,2141,-26,1-0
2073,2070,36,2072,3,1-0
1828,1824,18,1826,4,1-0
1700,1738,49,1719,-38,1-0
1551,1562,25,1557,-11,0-1
1924,1973,32,1949,-49,0-1
1860,1849,49,1855,11,0-1
1624,1666,32,1645,-42,0-1
1699,1779,39,1739,-80,0-1
1212,1195,42,1204,17,1-0
1713,1729,22,1721,-16,0-1
1809,1859,33,1834,-50,0-1
1908,1981,30,1945,-73,0-1
1208,1163,30,1186,45,1-0
1412,1462,24,1437,-50,1-0
2092,2073,15,2083,19,1-0
1606,1640,30,1623,-34,1-0
931,967,14,949,-36,1-0
1349,1384,30,1367,-35,0-1
2438,2127,41,2283,311,1-0
1033,1064,18,1049,-31,0-1
1751,2081,33,1916,-330,0-1
2105,1878,51,1992,227,0-1
1742,1824,20,1783,-82,1-0
1822,1803,75,1813,19,0-1
1983,2168,41,2076,-185,0-1
906,1638,31,1272,-732,0-1
1593,1589,50,1591,4,0-1
1290,1258,23,1274,32,0-1
1549,1575,25,1562,-26,1-0
2022,1991,26,2007,31,1-0
1614,1616,28,1615,-2,1-0
1148,1099,28,1124,49,0-1
1985,2109,23,2047,-124,0-1
1478,1457,36,1468,21,1-0
1935,1922,22,1929,13,1-0
1776,1785,31,1781,-9,0-1
1827,1824,58,1826,3,0-1
1770,1787,43,1779,-17,0-1
1634,1635,20,1635,-1,1-0
1705,1727,47,1716,-22,0-1
1912,1900,36,1906,12,0-1
1598,1614,15,1606,-16,0-1
1155,1188,65,1172,-33,1-0
837,914,21,876,-77,1-0
1500,1500,2,1500,0,1-0
1475,1690,77,1583,-215,1/2-1/2
2158,2171,42,2165,-13,1-0
1615,1564,24,1590,51,0-1
1446,1466,55,1456,-20,1-0
1340,1374,20,1357,-34,1-0
2228,2270,27,2249,-42,1-0
2198,2168,45,2183,30,1-0
1930,1855,36,1893,75,1-0
1982,2066,50,2024,-84,0-1
1661,1641,37,1651,20,1-0
1666,1662,54,1664,4,1-0
1059,1079,37,1069,-20,1-0
1575,1492,34,1534,83,0-1
1902,1900,25,1901,2,0-1
1442,1424,16,1433,18,0-1
871,900,9,886,-29,0-1
1673,1684,40,1679,-11,1-0
1837,1849,27,1843,-12,0-1
1818,1817,10,1818,1,0-1
1410,1395,22,1403,15,1-0
1132,1223,39,1178,-91,1-0
1809,1802,20,1806,7,0-1
1308,1299,24,1304,9,1-0
1192,1228,21,1210,-36,1-0
1691,1544,30,1618,147,1-0
1593,1543,50,1568,50,0-1
919,1019,13,969,-100,0-1
1242,1281,32,1262,-39,0-1
1722,1696,39,1709,26,1-0
1920,1934,30,1927,-14,1-0
1519,1431,13,1475,88,0-1
1427,1373,34,1400,54,1-0
1665,1667,31,1666,-2,0-1
1676,1726,23,1701,-50,0-1
1232,1317,14,1275,-85,0-1
1835,1830,56,1833,5,0-1
720,761,5,741,-41,1-0
2240,2412,19,2326,-172,1-0
2240,2207,54,2224,33,0-1
1121,1014,19,1068,107,1-0
1659,1648,21,1654,11,1-0
2020,1988,16,2004,32,1-0
1618,1611,28,1615,7,0-1
1963,1931,4,1947,32,1-0
1914,1952,19,1933,-38,1-0
1315,1305,23,1310,10,0-1
1510,1505,2,1508,5,1-0
872,907,3,890,-35,0-1
1707,1708,16,1708,-1,0-1
1621,1559,24,1590,62,0-1
2302,2169,64,2236,133,1-0
1322,1385,26,1354,-63,1-0
1766,1774,76,1770,-8,1/2-1/2
1937,1887,60,1912,50,1-0
1014,1032,30,1023,-18,1-0
2111,2163,47,2137,-52,1-0
2102,2145,44,2124,-43,0-1
1466,1422,35,1444,44,1-0
2020,2014,33,2017,6,1-0
1756,1701,30,1729,55,1-0
2131,2151,65,2141,-20,1/2-1/2
1380,1360,34,1370,20,1-0
1615,1587,8,1601,28,1-0
1202,1184,33,1193,18,1-0
1932,1789,23,1861,143,0-1
2089,2076,37,2083,13,1-0
2044,2049,38,2047,-5,0-1
2424,2457,44,2441,-33,0-1
1125,1174,37,1150,-49,0-1
1984,1954,45,1969,30,1-0
1254,1306,16,1280,-52,1-0
1432,1419,28,1426,13,0-1
2408,2337,62,2373,71,1-0
1482,1574,39,1528,-92,0-1
1466,1390,25,1428,76,1-0
1333,1500,15,1417,-167,1-0
1447,1485,80,1466,-38,0-1
1521,1516,41,1519,5,0-1
1211,1229,38,1220,-18,1-0
1921,1833,23,1877,88,1-0
1693,1709,33,1701,-16,1-0
1401,1441,25,1421,-40,1-0
1752,1714,14,1733,38,1-0
1564,1630,56,1597,-66,1-0
2186,2285,45,2236,-99,1/2-1/2
1848,1858,26,1853,-10,0-1
1344,1389,66,1367,-45,1/2-1/2
1577,1608,25,1593,-31,0-1
1083,1202,42,1143,-119,1-0
1958,1959,29,1959,-1,0-1
1455,1518,36,1487,-63,1-0
1874,1823,41,1849,51,0-1
2013,2031,30,2022,-18,1/2-1/2
2036,2031,37,2034,5,0-1
988,921,47,955,67,1-0
1540,1527,10,1534,13,0-1
1739,1784,36,1762,-45,1-0
1048,978,47,1013,70,1-0
905,874,36,890,31,1-0
1698,1661,31,1680,37,0-1
1820,1817,57,1819,3,0-1
1921,1899,35,1910,22,1-0
1087,1142,16,1115,-55,1-0
2192,2126,57,2159,66,1-0
2498,2570,51,2534,-72,1-0
1880,1798,32,1839,82,1-0
1680,1680,41,1680,0,1-0
1947,2012,32,1980,-65,1-0
1702,1713,27,1708,-11,0-1
1065,1150,29,1108,-85,1-0
2289,2278,22,2284,11,1-0
2023,2058,34,2041,-35,0-1
1609,1563,29,1586,46,1-0
2049,2054,35,2052,-5,1-0
1901,1923,32,1912,-22,1-0
1808,1800,45,1804,8,1-0
1431,1440,27,1436,-9,0-1
1679,1707,63,1693,-28,1-0
949,1019,27,984,-70,0-1
1162,1176,19,1169,-14,1-0
1111,1089,20,1100,22,1-0
1495,1485,38,1490,10,1-0
2198,2185,38,2192,13,0-1
1858,1920,25,1889,-62,0-1
1452,1460,24,1456,-8,1-0
2034,2097,38,2066,-63,1-0
1362,1372,26,1367,-10,1-0
1235,1245,31,1240,-10,1-0
1680,1738,51,1709,-58,0-1
1725,1733,41,1729,-8,0-1
1294,1374,45,1334,-80,0-1
2078,2086,33,2082,-8,0-1
1215,1185,44,1200,30,1-0
1794,1765,26,1780,29,1-0
1842,1927,37,1885,-85,0-1
2196,2186,34,2191,10,1-0
1648,1662,28,1655,-14,1-0
1833,1840,36,1837,-7,1-0
1584,1570,22,1577,14,0-1
2126,2134,60,2130,-8,0-1
1799,1798,16,1799,1,0-1
1294,1367,35,1331,-73,0-1
1994,2028,25,2011,-34,1-0
1563,1550,52,1557,13,0-1
2165,2170,45,2168,-5,1-0
1943,1996,23,1970,-53,1-0
1807,1849,43,1828,-42,1/2-1/2
2081,2055,69,2068,26,0-1
2185,2194,38,2190,-9,1-0
1441,1430,31,1436,11,1-0
2159,2164,51,2162,-5,1-0
1769,1739,28,1754,30,1-0
1679,1687,17,1683,-8,1-0
1080,1115,20,1098,-35,0-1
2338,2315,30,2327,23,1-0
2184,2183,40,2184,1,0-1
1328,1240,22,1284,88,1-0
2112,2119,28,2116,-7,0-1
2413,2320,40,2367,93,1-0
1062,1053,45,1058,9,0-1
1360,1323,17,1342,37,0-1
1613,1617,27,1615,-4,0-1
1534,1530,6,1532,4,1/2-1/2
969,1018,32,994,-49,0-1
1761,1717,9,1739,44,1-0
1893,1864,20,1879,29,0-1
2060,2059,65,2060,1,0-1
1067,1122,19,1095,-55,0-1
1345,1422,67,1384,-77,1/2-1/2
1826,1706,17,1766,120,0-1
1298,1330,22,1314,-32,1-0
1240,1228,25,1234,12,1-0
1587,1570,19,1579,17,1-0
1039,984,6,1012,55,0-1
1348,1369,17,1359,-21,0-1
1478,1456,11,1467,22,0-1
1497,1500,28,1499,-3,0-1
1935,1883,45,1909,52,1-0
1035,1091,35,1063,-56,0-1
1685,1671,44,1678,14,1-0
2116,2134,22,2125,-18,0-1
2383,2341,28,2362,42,0-1
1947,1961,30,1954,-14,0-1
1742,1792,27,1767,-50,1-0
1876,1865,28,1871,11,1-0
1547,1545,52,1546,2,1-0
1819,1864,27,1842,-45,1-0
1785,1786,31,1786,-1,1-0
2181,2322,32,2252,-141,0-1
2663,2567,41,2615,96,1-0
1549,1532,29,1541,17,0-1
1996,1968,28,1982,28,0-1
2484,2450,53,2467,34,0-1
1122,1153,19,1138,-31,0-1
1864,1862,40,1863,2,1-0
1315,1368,23,1342,-53,1-0
1566,1587,26,1577,-21,0-1
1765,1781,51,1773,-16,0-1
1325,1340,27,1333,-15,0-1
1791,1786,32,1789,5,1-0
1822,1820,27,1821,2,1-0
1926,1925,22,1926,1,1-0
2380,2364,47,2372,16,1-0
1727,1664,22,1696,63,0-1
949,938,30,944,11,0-1
1903,1903,38,1903,0,0-1
1928,1792,85,1860,136,1-0
1642,1707,44,1675,-65,0-1
1856,1773,38,1815,83,0-1
1558,1566,42,1562,-8,1-0
994,988,31,991,6,0-1
1626,1654,42,1640,-28,0-1
2070,2076,22,2073,-6,1-0
2147,2101,49,2124,46,1-0
2216,2191,60,2204,25,1-0
2020,2009,65,2015,11,0-1
1516,1483,20,1500,33,0-1
1625,1588,30,1607,37,1-0
1111,1079,12,1095,32,1-0
1257,1282,63,1270,-25,1-0
1605,1610,36,1608,-5,1-0
1867,1914,53,1891,-47,0-1
2081,2065,37,2073,16,0-1
1388,1413,25,1401,-25,1-0
1078,1038,25,1058,40,1-0
1643,1615,81,1629,28,1-0
1525,1553,26,1539,-28,1-0
2096,2117,51,2107,-21,0-1
1719,1896,43,1808,-177,0-1
2150,1882,28,2016,268,1-0
2126,2059,14,2093,67,1-0
1536,1530,23,1533,6,0-1
2471,2474,36,2473,-3,1-0
1806,1829,28,1818,-23,0-1
1866,1846,16,1856,20,0-1
2161,2138,37,2150,23,1-0
2244,2264,60,2254,-20,0-1
1756,1745,24,1751,11,1-0
2265,2368,28,2317,-103,0-1
1361,1300,51,1331,61,1-0
2014,1990,46,2002,24,1/2-1/2
1945,1929,9,1937,16,0-1
1405,1426,6,1416,-21,0-1
1500,1632,16,1566,-132,0-1
1030,1045,17,1038,-15,1-0
1231,1232,37,1232,-1,1/2-1/2
2006,2012,29,2009,-6,0-1
1513,1576,28,1545,-63,1-0
1978,1989,27,1984,-11,0-1
1698,1724,42,1711,-26,0-1
1916,1893,39,1905,23,1-0
1191,1134,34,1163,57,0-1
1589,1612,57,1601,-23,1-0
1274,1469,38,1372,-195,0-1
762,779,17,771,-17,0-1
1642,1675,16,1659,-33,0-1
2179,2168,36,2174,11,0-1
1974,1918,20,1946,56,1-0
1892,1817,29,1855,75,1-0
1977,1921,14,1949,56,0-1
1509,1718,18,1614,-209,0-1
2150,2143,76,2147,7,1-0
1223,1269,48,1246,-46,0-1
1107,1055,54,1081,52,1-0
1115,1168,23,1142,-53,1-0
1369,1431,8,1400,-62,0-1
894,1037,30,966,-143,0-1
1293,1280,22,1287,13,1-0
1921,1937,27,1929,-16,1-0
1460,1539,30,1500,-79,1-0
1879,1804,26,1842,75,0-1
1994,1998,28,1996,-4,0-1
1641,1680,41,1661,-39,0-1
1731,1753,19,1742,-22,0-1
1687,1697,49,1692,-10,0-1
1318,1292,11,1305,26,1-0
1484,1458,36,1471,26,0-1
1760,1827,43,1794,-67,0-1
1053,1059,23,1056,-6,0-1
1064,1104,12,1084,-40,0-1
1226,1248,2,1237,-22,1-0
1884,2141,55,2013,-257,0-1
1618,1652,32,1635,-34,1-0
1232,1180,102,1206,52,0-1
1691,1694,43,1693,-3,0-1
1594,1597,42,1596,-3,0-1
1690,1682,57,1686,8,1-0
1292,1340,19,1316,-48,0-1
1727,1744,37,1736,-17,1-0
1956,1339,0,1648,617,0-1
1500,1216,0,1358,284,0-1
2368,2338,42,2353,30,1-0
1157,1185,25,1171,-28,1-0
1424,1440,25,1432,-16,1-0
651,773,16,712,-122,0-1
1718,1722,21,1720,-4,0-1
1005,982,21,994,23,0-1
1515,1437,15,1476,78,0-1
2330,2333,67,2332,-3,0-1
2308,2322,32,2315,-14,1-0
1939,1958,38,1949,-19,1-0
1585,1569,33,1577,16,1-0
1889,1883,39,1886,6,0-1
1771,1745,28,1758,26,1-0
1415,1371,12,1393,44,1-0
1606,1653,41,1630,-47,0-1
1154,1261,28,1208,-107,0-1
1712,1966,26,1839,-254,0-1
1375,1844,37,1610,-469,1-0
1943,1765,19,1854,178,1-0
1541,1587,33,1564,-46,0-1
1699,1755,42,1727,-56,0-1
2033,1961,48,1997,72,1-0
2284,2248,38,2266,36,0-1
2308,2280,32,2294,28,1-0
1927,1373,37,1650,554,1/2-1/2
1540,1459,47,1500,81,1-0
1269,1285,46,1277,-16,1-0
1822,1849,32,1836,-27,0-1
1450,1386,42,1418,64,0-1
1535,1535,16,1535,0,1-0
1313,1639,1,1476,-326,1-0
1620,1611,33,1616,9,1-0
1828,1750,23,1789,78,0-1
1859,1929,21,1894,-70,1-0
1852,1932,45,1892,-80,0-1
1580,1567,32,1574,13,0-1
1583,1539,8,1561,44,0-1
2492,2525,41,2509,-33,1-0
1670,1652,33,1661,18,1-0
1885,1884,48,1885,1,1-0
2391,2322,39,2357,69,1-0
1275,1278,33,1277,-3,0-1
1744,1693,44,1719,51,0-1
1020,925,20,973,95,1-0
2043,2029,73,2036,14,1-0
1675,1686,22,1681,-11,0-1
1072,1096,18,1084,-24,0-1
1873,1869,64,1871,4,1-0
1887,1913,24,1900,-26,1-0
1926,1934,15,1930,-8,1-0
1403,1405,29,1404,-2,0-1
1766,1779,6,1773,-13,0-1
1372,1416,15,1394,-44,1-0
2065,2005,38,2035,60,1-0
1121,1093,17,1107,28,0-1
1193,1216,50,1205,-23,1-0
1562,1600,60,1581,-38,1/2-1/2
1508,1540,22,1524,-32,0-1
1225,1265,7,1245,-40,0-1
1742,1746,20,1744,-4,0-1
1679,1746,44,1713,-67,0-1
1139,1168,9,1154,-29,1-0
1696,1717,20,1707,-21,0-1
1663,1568,9,1616,95,1-0
1554,1532,18,1543,22,1-0
1052,1054,21,1053,-2,0-1
1953,1874,43,1914,79,1-0
879,790,45,835,89,0-1
933,928,12,931,5,1-0
957,1050,18,1004,-93,1-0
2135,2165,32,2150,-30,1-0
1392,1473,16,1433,-81,0-1
1296,1332,12,1314,-36,1-0
1862,1886,60,1874,-24,0-1
2274,2252,38,2263,22,1-0
2387,1740,30,2064,647,1-0
2063,2013,55,2038,50,0-1
1121,1230,30,1176,-109,0-1
1588,1584,48,1586,4,1-0
1492,1490,35,1491,2,1-0
1408,1478,21,1443,-70,0-1
1491,1498,29,1495,-7,0-1
1542,1540,41,1541,2,1-0
2113,2059,18,2086,54,1-0
1645,1619,21,1632,26,0-1
839,898,25,869,-59,1-0
1633,1646,23,1640,-13,0-1
1490,1471,44,1481,19,0-1
1726,1720,32,1723,6,1-0
655,698,3,677,-43,0-1
1621,1626,32,1624,-5,1-0
1408,1414,102,1411,-6,1/2-1/2
1848,1855,39,1852,-7,0-1
1211,1225,8,1218,-14,0-1
1780,1761,30,1771,19,0-1
1589,1557,27,1573,32,1-0
1667,1671,29,1669,-4,0-1
1500,1309,21,1405,191,1-0
2129,2128,35,2129,1,0-1
1916,1888,37,1902,28,1-0
1644,1653,23,1649,-9,0-1
1985,1981,26,1983,4,0-1
1901,1905,24,1903,-4,1-0
1411,1385,35,1398,26,0-1
1714,1717,48,1716,-3,0-1
1152,1139,37,1146,13,0-1
1540,1481,39,1511,59,1-0
1086,1016,51,1051,70,1-0
2278,2287,21,2283,-9,0-1
1322,1357,30,1340,-35,0-1
1708,1623,26,1666,85,1-0
1512,1506,53,1509,6,0-1
1841,1938,32,1890,-97,1-0
1253,1436,45,1345,-183,1/2-1/2
1771,1824,19,1798,-53,0-1
1717,1806,32,1762,-89,1-0
1515,1479,28,1497,36,1-0
1516,1526,36,1521,-10,0-1
1469,1461,30,1465,8,1-0
1533,1540,54,1537,-7,1-0
1115,1177,65,1146,-62,0-1
1604,1685,41,1645,-81,1-0
1181,1500,1,1341,-319,1-0
1500,1500,1,1500,0,1-0
2344,992,38,1668,1352,1-0
1021,533,35,777,488,1-0
1563,1612,25,1588,-49,0-1
1739,1781,51,1760,-42,0-1
2485,2510,46,2498,-25,1-0
2566,2649,28,2608,-83,0-1
1868,1867,44,1868,1,0-1
2050,2008,27,2029,42,1-0
2099,2128,33,2114,-29,1-0
1625,1876,44,1751,-251,0-1
2528,2615,56,2572,-87,0-1
2546,2492,11,2519,54,0-1
1064,1088,22,1076,-24,1-0
1926,1884,28,1905,42,1-0
1922,2022,22,1972,-100,0-1
1855,1864,77,1860,-9,1-0
2234,2323,35,2279,-89,0-1
1426,1406,52,1416,20,1/2-1/2
1366,1320,52,1343,46,1-0
1594,1586,26,1590,8,1-0
1287,1246,30,1267,41,1-0
2064,2075,21,2070,-11,1-0
2007,2039,67,2023,-32,1/2-1/2
1718,1765,35,1742,-47,0-1
1466,1478,34,1472,-12,0-1
1869,1867,29,1868,2,1-0
1695,1655,83,1675,40,1/2-1/2
1503,1512,38,1508,-9,1-0
1401,1423,18,1412,-22,0-1
1652,1656,54,1654,-4,1-0
1632,1640,24,1636,-8,1-0
1503,1459,55,1481,44,1-0
2177,2156,32,2167,21,0-1
2068,2101,16,2085,-33,1-0
1775,1773,9,1774,2,1-0
1957,1972,61,1965,-15,0-1
1712,1704,20,1708,8,0-1
1868,1877,29,1873,-9,1-0
2270,2275,35,2273,-5,1-0
1854,1862,32,1858,-8,1-0
1838,1971,38,1905,-133,0-1
1628,1587,30,1608,41,0-1
1889,1886,38,1888,3,0-1
1613,1711,41,1662,-98,1-0
1525,1522,9,1524,3,1-0
1036,1001,42,1019,35,1-0
1753,1753,39,1753,0,1-0
2128,2161,34,2145,-33,1-0
1370,1342,28,1356,28,1-0
1338,1327,24,1333,11,1-0
1405,1373,30,1389,32,1-0
1683,1683,22,1683,0,0-1
1859,1855,21,1857,4,1-0
958,983,26,971,-25,1-0
2065,2094,32,2080,-29,1-0
2145,2144,36,2145,1,0-1
1506,1582,14,1544,-76,1-0
2033,2024,16,2029,9,1-0
1975,1966,42,1971,9,1-0
1153,1081,26,1117,72,0-1
1839,1893,17,1866,-54,1-0
884,935,15,910,-51,1-0
2190,2191,13,2191,-1,0-1
2059,2037,15,2048,22,0-1
2476,2426,41,2451,50,1-0
2237,2262,26,2250,-25,1-0
1708,1800,33,1754,-92,0-1
1684,1698,17,1691,-14,0-1
1386,1420,22,1403,-34,0-1
1574,1491,56,1533,83,0-1
1042,1024,14,1033,18,1-0
1752,1782,39,1767,-30,1-0
1410,1429,30,1420,-19,0-1
1537,1582,22,1560,-45,0-1
733,659,5,696,74,1-0
1579,1562,33,1571,17,0-1
1868,1868,18,1868,0,0-1
1068,1191,12,1130,-123,1-0
1513,1508,26,1511,5,0-1
1200,1217,47,1209,-17,1-0
1911,1915,40,1913,-4,0-1
1741,1639,37,1690,102,1-0
1781,1781,10,1781,0,1-0
868,945,26,907,-77,0-1
2065,2065,46,2065,0,0-1
1642,1714,58,1678,-72,0-1
1758,1772,21,1765,-14,1-0
1790,1795,41,1793,-5,1-0
1881,1827,17,1854,54,0-1
1188,1156,13,1172,32,1-0
1515,1529,21,1522,-14,1-0
1200,1231,33,1216,-31,0-1
1852,1913,47,1883,-61,1-0
1488,1476,28,1482,12,0-1
2102,2289,62,2196,-187,1-0
1553,1814,39,1684,-261,0-1
1911,1850,27,1881,61,1-0
2358,1740,33,2049,618,1-0
1991,2109,60,2050,-118,1/2-1/2
1815,1692,28,1754,123,1-0
1953,1977,44,1965,-24,1-0
1727,1772,23,1750,-45,0-1
1551,1501,59,1526,50,0-1
1455,1463,77,1459,-8,1/2-1/2
511,619,9,565,-108,1-0
1416,1453,40,1435,-37,0-1
1003,1121,39,1062,-118,1-0
1715,1675,17,1695,40,1-0
1313,1324,12,1319,-11,0-1
1637,1584,11,1611,53,0-1
1213,1247,33,1230,-34,0-1
1895,1877,67,1886,18,0-1
1843,1849,53,1846,-6,0-1
1753,1703,23,1728,50,1-0
1805,1814,16,1810,-9,1-0
1969,1951,21,1960,18,1-0
2053,2050,48,2052,3,1/2-1/2
1234,1329,32,1282,-95,0-1
2052,2022,27,2037,30,1-0
1042,1103,30,1073,-61,0-1
1731,1851,23,1791,-120,0-1
1225,1305,33,1265,-80,1-0
1139,1172,16,1156,-33,0-1
1506,1442,37,1474,64,1-0
755,759,31,757,-4,0-1
1401,1382,66,1392,19,1-0
1408,1436,25,1422,-28,1-0
1370,1310,32,1340,60,1-0
2008,2020,30,2014,-12,0-1
1015,1005,37,1010,10,1-0
2139,2108,12,2124,31,0-1
2289,2288,39,2289,1,0-1
1399,1406,24,1403,-7,1-0
1851,1829,33,1840,22,1-0
1722,1702,39,1712,20,0-1
752,716,23,734,36,0-1
1874,1894,55,1884,-20,1/2-1/2
1381,1387,28,1384,-6,0-1
1782,1783,28,1783,-1,0-1
1528,1528,23,1528,0,0-1
1563,1548,31,1556,15,0-1
1749,1780,33,1765,-31,0-1
2181,2283,46,2232,-102,1-0
1180,1202,56,1191,-22,1-0
2085,2015,53,2050,70,1-0
1289,1447,31,1368,-158,1-0
2223,2241,28,2232,-18,1/2-1/2
1081,1095,8,1088,-14,1-0
2231,2162,16,2197,69,1-0
1997,2016,27,2007,-19,0-1
1302,1293,62,1298,9,0-1
1592,1586,33,1589,6,0-1
2243,2284,33,2264,-41,1-0
1656,1771,36,1714,-115,0-1
2032,1994,29,2013,38,1-0
1347,1350,32,1349,-3,0-1
1158,1172,21,1165,-14,1-0
1765,1785,36,1775,-20,1-0
2487,2503,38,2495,-16,1-0
1215,1277,6,1246,-62,0-1
1701,1287,31,1494,414,0-1
1614,1646,21,1630,-32,0-1
1243,1240,33,1242,3,0-1
1225,1217,28,1221,8,1-0
1959,1883,19,1921,76,0-1
1475,1481,46,1478,-6,1-0
2027,2018,29,2023,9,0-1
1681,1679,26,1680,2,1-0
2144,2137,49,2141,7,0-1
1461,1341,49,1401,120,0-1
2208,2212,35,2210,-4,1-0
1603,1576,48,1590,27,0-1
1772,1798,20,1785,-26,0-1
1810,1817,16,1814,-7,1-0
2177,2156,50,2167,21,1-0
2494,2370,34,2432,124,0-1
1485,1521,40,1503,-36,1-0
1639,1648,17,1644,-9,1-0
1663,1220,33,1442,443,1-0
1878,1902,36,1890,-24,0-1
1378,1372,23,1375,6,1-0
1944,2041,29,1993,-97,1-0
2290,2306,54,2298,-16,0-1
1189,1142,30,1166,47,1-0
1805,1818,28,1812,-13,1-0
1380,1418,36,1399,-38,1-0
954,1079,29,1017,-125,1-0
1555,1569,18,1562,-14,1-0
1699,1795,24,1747,-96,1-0
1892,1890,37,1891,2,0-1
1877,1829,40,1853,48,1-0
1480,1500,21,1490,-20,1-0
1299,1411,20,1355,-112,0-1
2603,2533,15,2568,70,1-0
2092,2160,44,2126,-68,1-0
1643,1648,30,1646,-5,0-1
1955,1971,36,1963,-16,0-1
2236,2195,69,2216,41,0-1
2024,2050,30,2037,-26,0-1
1272,1288,28,1280,-16,0-1
2298,2253,25,2276,45,1-0
1897,1916,26,1907,-19,0-1
1808,1965,28,1887,-157,1-0
1412,1439,67,1426,-27,1/2-1/2
1381,1396,31,1389,-15,1-0
1556,1617,59,1587,-61,1/2-1/2
1452,1442,20,1447,10,0-1
1198,1246,34,1222,-48,0-1
2021,1974,34,1998,47,1-0
1713,1727,38,1720,-14,0-1
1807,1817,20,1812,-10,0-1
1767,1742,34,1755,25,0-1
1869,1843,43,1856,26,1-0
1370,1355,21,1363,15,1-0
1796,1759,32,1778,37,1-0
1312,1336,17,1324,-24,0-1
995,996,29,996,-1,1-0
1891,2000,21,1946,-109,0-1
1426,1408,18,1417,18,1-0
1213,1258,20,1236,-45,1-0
2217,2228,60,2223,-11,0-1
1466,1521,27,1494,-55,0-1
2075,2033,54,2054,42,1-0
1736,1747,24,1742,-11,1-0
2051,2059,62,2055,-8,0-1
2288,2278,45,2283,10,1-0
1612,1579,26,1596,33,0-1
1545,1512,26,1529,33,1-0
1712,1667,19,1690,45,1-0
1314,1341,64,1328,-27,1/2-1/2
1242,1280,25,1261,-38,1-0
1362,1396,19,1379,-34,0-1
1144,1160,17,1152,-16,0-1
1215,1230,33,1223,-15,1-0
1874,1862,36,1868,12,0-1
1718,1733,51,1726,-15,1-0
1712,1719,46,1716,-7,1/2-1/2
2013,1990,36,2002,23,0-1
1851,1831,40,1841,20,1-0
1495,1431,28,1463,64,1-0
2168,2236,25,2202,-68,1-0
1786,1785,31,1786,1,1-0
1531,1497,42,1514,34,1-0
2287,2283,25,2285,4,0-1
1828,1813,54,1821,15,1-0
1925,1956,35,1941,-31,1-0
2283,2267,28,2275,16,1-0
1683,1640,31,1662,43,1-0
1399,1367,20,1383,32,1-0
2129,2091,24,2110,38,1-0
1537,1566,30,1552,-29,0-1
2216,2193,0,2205,23,0-1
1968,2308,64,2138,-340,0-1
1625,1943,17,1784,-318,0-1
1301,1332,47,1317,-31,1-0
1926,1975,31,1951,-49,1-0
1367,1407,12,1387,-40,1-0
1536,1482,24,1509,54,1-0
1868,1738,52,1803,130,1-0
1283,1205,46,1244,78,1-0
1407,1395,35,1401,12,1-0
1167,1184,34,1176,-17,1-0
1130,1140,21,1135,-10,0-1
2085,1994,33,2040,91,0-1
1601,1589,17,1595,12,0-1
921,843,16,882,78,1/2-1/2
1685,1685,38,1685,0,1/2-1/2
1637,1609,11,1623,28,0-1
2132,2128,29,2130,4,1-0
2034,1876,47,1955,158,1-0
1539,1413,15,1476,126,1-0
906,902,14,904,4,1-0
1147,1144,15,1146,3,1-0
1718,1735,28,1727,-17,1-0
825,831,12,828,-6,1-0
1688,1604,24,1646,84,0-1
1272,1241,31,1257,31,0-1
975,1066,29,1021,-91,1-0
1475,1423,21,1449,52,1-0
1605,1582,31,1594,23,0-1
886,791,20,839,95,0-1
1425,1397,35,1411,28,1-0
1214,1306,4,1260,-92,0-1
1546,1487,20,1517,59,0-1
1640,1664,35,1652,-24,1-0
1392,1337,38,1365,55,0-1
1482,1486,41,1484,-4,0-1
1127,1144,34,1136,-17,1-0
1344,1355,50,1350,-11,1-0
1891,1857,54,1874,34,1-0
1934,1898,19,1916,36,0-1
1543,1525,67,1534,18,1-0
1616,1618,29,1617,-2,0-1
1890,1898,42,1894,-8,0-1
954,956,19,955,-2,1-0
1977,1925,36,1951,52,1-0
2346,2300,66,2323,46,0-1
1371,1430,37,1401,-59,1-0
2141,2062,48,2102,79,1-0
1331,1292,81,1312,39,1-0
1689,1786,30,1738,-97,0-1
1349,1359,21,1354,-10,0-1
1269,1254,32,1262,15,0-1
1668,1658,62,1663,10,0-1
853,864,57,859,-11,1-0
1862,1852,35,1857,10,0-1
1430,1489,22,1460,-59,0-1
1873,1887,32,1880,-14,0-1
1505,1469,16,1487,36,1-0
1305,1328,37,1317,-23,0-1
935,978,17,957,-43,1-0
1504,1509,37,1507,-5,0-1
1004,1068,32,1036,-64,0-1
1701,1741,10,1721,-40,1-0
1056,1205,23,1131,-149,0-1
1522,1471,70,1497,51,1-0
1438,1417,40,1428,21,1-0
813,844,20,829,-31,1-0
991,998,2,995,-7,0-1
1406,1391,29,1399,15,0-1
1568,1626,27,1597,-58,1-0
1386,1316,45,1351,70,1-0
1592,1557,36,1575,35,1-0
1208,1135,43,1172,73,0-1
1980,2017,47,1999,-37,0-1
1690,1772,17,1731,-82,0-1
1639,1651,43,1645,-12,1-0
1687,1668,34,1678,19,0-1
1222,1299,70,1261,-77,0-1
849,726,23,788,123,1-0
1937,1937,34,1937,0,1-0
903,1000,6,952,-97,0-1
2371,2357,23,2364,14,1-0
2008,2078,28,2043,-70,1-0
1896,1846,37,1871,50,1-0
2065,2230,35,2148,-165,0-1
1651,1613,6,1632,38,1-0
1240,1237,31,1239,3,1-0
1773,1793,65,1783,-20,0-1
1287,1180,47,1234,107,1-0
1932,1920,26,1926,12,0-1
1516,1490,30,1503,26,0-1
1566,1528,41,1547,38,0-1
1667,1683,33,1675,-16,1-0
1350,1388,45,1369,-38,0-1
1717,1702,32,1710,15,1-0
1763,1750,22,1757,13,1-0
1795,1806,42,1801,-11,0-1
1108,1236,36,1172,-128,0-1
1914,1907,36,1911,7,1-0
2349,2422,68,2386,-73,0-1
2069,2106,24,2088,-37,0-1
1716,1663,30,1690,53,0-1
2562,2542,67,2552,20,1-0
2204,2198,38,2201,6,1-0
1454,1416,34,1435,38,0-1
2752,2810,67,2781,-58,1/2-1/2
1787,1809,25,1798,-22,0-1
2108,2114,26,2111,-6,0-1
1167,1118,35,1143,49,1-0
793,648,28,721,145,0-1
1376,1356,24,1366,20,0-1
1362,1254,40,1308,108,1-0
1405,1363,55,1384,42,0-1
1639,1700,36,1670,-61,0-1
1437,1447,39,1442,-10,1-0
2116,2127,27,2122,-11,0-1
1588,1638,30,1613,-50,0-1
2027,2007,41,2017,20,0-1
1170,1281,21,1226,-111,0-1
1967,1954,19,1961,13,0-1
1583,1563,30,1573,20,0-1
1919,1902,24,1911,17,0-1
2539,2468,25,2504,71,1-0
1873,1895,29,1884,-22,1-0
2499,2333,29,2416,166,1-0
1844,1867,36,1856,-23,1-0
2869,3003,70,2936,-134,1-0
1158,1096,12,1127,62,1-0
1941,1932,35,1937,9,1-0
1143,1214,30,1179,-71,0-1
1615,1615,36,1615,0,1-0
1830,1806,31,1818,24,1-0
1664,1641,60,1653,23,1-0
2058,2185,50,2122,-127,0-1
1030,1053,19,1042,-23,1-0
1500,1363,46,1432,137,1-0
1556,1512,17,1534,44,1-0
1334,1312,61,1323,22,1-0
1900,1881,28,1891,19,0-1
907,879,47,893,28,1-0
1760,1776,34,1768,-16,1-0
984,981,44,983,3,0-1
1029,1028,10,1029,1,1-0
1975,1937,53,1956,38,1/2-1/2
1918,1911,29,1915,7,0-1
2090,2164,22,2127,-74,0-1
2318,2295,30,2307,23,0-1
1686,1653,28,1670,33,1-0
1726,1777,66,1752,-51,1-0
1440,1433,52,1437,7,1/2-1/2
1606,1586,27,1596,20,0-1
2017,1985,64,2001,32,1-0
1378,1423,31,1401,-45,1-0
1585,1570,7,1578,15,0-1
2134,2154,33,2144,-20,1-0
1706,1647,26,1677,59,0-1
1868,1898,24,1883,-30,0-1
1434,1381,42,1408,53,0-1
1704,1820,37,1762,-116,1-0
1435,1860,25,1648,-425,0-1
1999,1859,39,1929,140,1-0
2215,2169,6,2192,46,0-1
1648,1636,27,1642,12,1-0
1987,1959,30,1973,28,0-1
2344,2388,48,2366,-44,1-0
1500,1535,40,1518,-35,0-1
1785,1815,32,1800,-30,1-0
1425,1371,49,1398,54,1-0
1724,1752,14,1738,-28,0-1
1481,1457,19,1469,24,0-1
1666,1651,31,1659,15,1-0
2545,2564,54,2555,-19,0-1
1279,1310,42,1295,-31,1-0
2021,1948,30,1985,73,0-1
1694,1666,38,1680,28,1-0
1697,1699,43,1698,-2,0-1
2352,2363,17,2358,-11,1-0
1241,1265,31,1253,-24,0-1
1335,1327,54,1331,8,0-1
1817,1905,38,1861,-88,1-0
1093,1162,69,1128,-69,1-0
1090,1018,27,1054,72,0-1
1358,1351,30,1355,7,0-1
764,734,21,749,30,0-1
1494,1472,33,1483,22,1-0
1820,1774,50,1797,46,1-0
1725,1659,22,1692,66,1-0
1578,1704,51,1641,-126,0-1
1451,1407,25,1429,44,0-1
1424,1952,29,1688,-528,0-1
1752,1830,59,1791,-78,0-1
1378,1470,43,1424,-92,1-0
1971,1970,8,1971,1,0-1
1656,1671,20,1664,-15,1-0
2046,2035,44,2041,11,1-0
1881,1852,11,1867,29,0-1
1061,997,45,1029,64,1-0
1423,1467,38,1445,-44,0-1
1907,1888,25,1898,19,1-0
2068,2086,13,2077,-18,1-0
1784,1788,32,1786,-4,1-0
1713,1725,27,1719,-12,1-0
2382,2335,33,2359,47,1-0
1365,1500,12,1433,-135,1-0
1762,1729,21,1746,33,1-0
1931,1908,32,1920,23,1-0
2272,2255,31,2264,17,1-0
1244,1248,25,1246,-4,0-1
1265,1299,31,1282,-34,1-0
2158,2178,42,2168,-20,1-0
2125,2006,77,2066,119,1-0
1797,1797,29,1797,0,0-1
1388,1348,20,1368,40,1-0
1087,1212,30,1150,-125,0-1
2190,2154,14,2172,36,1-0
839,895,31,867,-56,0-1
1540,1502,19,1521,38,1-0
1693,1694,42,1694,-1,0-1
1891,1922,44,1907,-31,0-1
1387,1430,16,1409,-43,1-0
2317,2372,18,2345,-55,1-0
2169,2251,20,2210,-82,1-0
1755,1842,26,1799,-87,0-1
1188,1219,21,1204,-31,1-0
1354,1449,35,1402,-95,0-1
1895,1874,48,1885,21,1-0
1145,1138,26,1142,7,1-0
2397,2424,20,2411,-27,1-0
2040,2144,33,2092,-104,1-0
1901,1905,29,1903,-4,1-0
1872,1872,36,1872,0,0-1
1624,1598,17,1611,26,1-0
1848,2076,38,1962,-228,1-0
1540,923,21,1232,617,1-0
2000,1484,40,1742,516,1-0
1610,1600,50,1605,10,1-0
1455,2088,57,1772,-633,0-1
1987,1951,25,1969,36,1-0
2009,2017,19,2013,-8,0-1
1945,1941,33,1943,4,1-0
1813,1807,22,1810,6,1-0
2274,2308,20,2291,-34,1-0
2051,2027,31,2039,24,0-1
918,914,26,916,4,0-1
954,1000,22,977,-46,1-0
1572,1480,26,1526,92,0-1
1464,1333,34,1399,131,1-0
2196,2202,48,2199,-6,0-1
1692,1670,43,1681,22,1-0
2121,2195,37,2158,-74,1-0
2004,2002,27,2003,2,1-0
1608,1626,29,1617,-18,1-0
1929,1849,35,1889,80,1-0
2253,2268,39,2261,-15,0-1
1326,1464,17,1395,-138,0-1
1486,1452,29,1469,34,1/2-1/2
1809,1809,42,1809,0,0-1
2017,1983,20,2000,34,1-0
1049,906,35,978,143,0-1
1705,1757,31,1731,-52,1-0
1300,1323,33,1312,-23,1-0
2211,2126,45,2169,85,0-1
1001,866,30,934,135,1-0
1430,1407,32,1419,23,0-1
1820,1824,34,1822,-4,0-1
1780,1793,38,1787,-13,0-1
2047,2019,44,2033,28,0-1
1287,1244,6,1266,43,1-0
1898,1955,50,1927,-57,1-0
1960,1905,21,1933,55,0-1
1288,1286,8,1287,2,1-0
1059,991,52,1025,68,1-0
1661,1681,41,1671,-20,0-1
1069,1072,32,1071,-3,1/2-1/2
1809,1878,25,1844,-69,0-1
906,861,70,884,45,1-0
1278,1228,31,1253,50,1-0
1775,2277,19,2026,-502,0-1
1882,1834,18,1858,48,1-0
2015,2026,52,2021,-11,0-1
1348,1401,17,1375,-53,0-1
2638,2518,21,2578,120,1-0
2093,2135,59,2114,-42,0-1
1540,1608,34,1574,-68,0-1
1347,1328,31,1338,19,1-0
1929,1887,33,1908,42,1-0
1407,1463,30,1435,-56,1-0
1663,1612,17,1638,51,1-0
2010,2012,31,2011,-2,1-0
1814,1870,45,1842,-56,1-0
1170,1135,38,1153,35,1-0
2187,2179,26,2183,8,1-0
2007,1940,39,1974,67,1-0
1230,1185,24,1208,45,1-0
2151,2157,19,2154,-6,1-0
1896,2003,57,1950,-107,1-0
2536,2405,42,2471,131,1-0
2114,2423,27,2269,-309,1-0
1184,977,23,1081,207,1-0
1124,1142,38,1133,-18,0-1
1070,815,18,943,255,1-0
2167,1980,50,2074,187,1-0
2228,1384,28,1806,844,1-0
2127,1967,10,2047,160,0-1
1909,1398,36,1654,511,0-1
2112,2196,32,2154,-84,0-1
1925,2081,30,2003,-156,1-0
1596,2021,29,1809,-425,0-1
2013,2197,27,2105,-184,1-0
1806,2116,32,1961,-310,1-0
1312,1032,19,1172,280,0-1
1332,1228,37,1280,104,0-1
1197,1218,33,1208,-21,0-1
2484,2478,55,2481,6,0-1
1956,1936,34,1946,20,0-1
1780,1804,46,1792,-24,1-0
808,858,14,833,-50,1-0
2378,2497,36,2438,-119,0-1
1697,1682,34,1690,15,1-0
2112,2057,26,2085,55,0-1
1787,1739,26,1763,48,0-1
867,1002,27,935,-135,0-1
1869,1835,38,1852,34,0-1
1204,1086,29,1145,118,1-0
1969,1974,24,1972,-5,0-1
1501,1457,39,1479,44,1-0
1431,1436,50,1434,-5,1-0
1023,1069,41,1046,-46,0-1
1129,1018,24,1074,111,1-0
1779,1737,26,1758,42,0-1
1941,1859,32,1900,82,0-1
803,806,14,805,-3,1-0
1469,1464,50,1467,5,1-0
1857,1886,49,1872,-29,1-0
1147,1169,23,1158,-22,0-1
1486,1479,17,1483,7,0-1
2114,2257,53,2186,-143,1-0
1630,1626,46,1628,4,0-1
2099,2041,25,2070,58,0-1
1357,1401,19,1379,-44,1-0
1431,1408,62,1420,23,1/2-1/2
2123,2052,36,2088,71,1-0
1152,1138,24,1145,14,1-0
1364,1381,26,1373,-17,0-1
2007,2006,44,2007,1,1-0
1351,1271,35,1311,80,0-1
1734,1733,9,1734,1,0-1
1595,1682,35,1639,-87,0-1
1634,1365,34,1500,269,1-0
1335,1292,27,1314,43,0-1
1873,1904,16,1889,-31,0-1
1390,1392,17,1391,-2,0-1
1135,1194,21,1165,-59,0-1
1831,1857,26,1844,-26,0-1
1131,1169,16,1150,-38,0-1
1621,1669,11,1645,-48,0-1
1382,1371,22,1377,11,0-1
1969,1933,19,1951,36,1-0
1824,1798,32,1811,26,1-0
1449,1468,52,1459,-19,1-0
1921,1919,24,1920,2,1-0
1714,1748,35,1731,-34,1-0
1604,1632,55,1618,-28,0-1
1938,1935,23,1937,3,1-0
2105,2082,70,2094,23,1-0
2039,2034,34,2037,5,0-1
1850,1864,43,1857,-14,0-1
1498,1496,47,1497,2,0-1
1540,1512,9,1526,28,1-0
1807,1744,36,1776,63,0-1
2307,2309,35,2308,-2,1-0
1821,1811,53,1816,10,1-0
1268,1181,61,1225,87,1-0
2104,2118,39,2111,-14,1-0
1143,1165,43,1154,-22,0-1
1932,1963,18,1948,-31,1-0
1482,1402,20,1442,80,1-0
2183,2176,52,2180,7,0-1
2148,1734,24,1941,414,1-0
1788,1706,36,1747,82,0-1
1856,1900,63,1878,-44,0-1
1477,1479,75,1478,-2,1/2-1/2
815,840,23,828,-25,1-0
1792,1794,42,1793,-2,1-0
1768,1768,19,1768,0,1-0
931,1028,16,980,-97,1-0
1739,1779,33,1759,-40,0-1
2324,2302,53,2313,22,1-0
1531,1511,79,1521,20,0-1
2443,2561,45,2502,-118,1-0
726,732,27,729,-6,1-0
1872,1629,45,1751,243,0-1
2231,2200,53,2216,31,0-1
1656,1674,28,1665,-18,0-1
1181,1181,18,1181,0,0-1
1551,1531,26,1541,20,1-0
1384,1416,21,1400,-32,1-0
2066,2064,40,2065,2,1-0
2333,2261,43,2297,72,0-1
2005,2039,28,2022,-34,0-1
1560,1581,10,1571,-21,1-0
1506,1531,13,1519,-25,1-0
1313,1205,44,1259,108,0-1
1609,1563,17,1586,46,0-1
1644,1618,20,1631,26,0-1
2004,1979,20,1992,25,1-0
2135,2165,32,2150,-30,0-1
1332,1313,49,1323,19,0-1
1555,1440,33,1498,115,1-0
1268,1222,43,1245,46,1-0
2074,2055,32,2065,19,1-0
1917,1914,30,1916,3,0-1
2199,2194,35,2197,5,0-1
1696,1699,51,1698,-3,1-0
1914,1912,24,1913,2,0-1
1151,1182,28,1167,-31,0-1
1858,1842,25,1850,16,1-0
2269,2211,37,2240,58,0-1
1742,1805,38,1774,-63,0-1
2546,2474,34,2510,72,0-1
1677,1714,27,1696,-37,0-1
2176,2208,34,2192,-32,1-0
1513,1588,35,1551,-75,0-1
1298,1293,22,1296,5,0-1
2285,2249,52,2267,36,1-0
1704,1670,39,1687,34,1-0
1261,1270,30,1266,-9,1-0
1272,1280,25,1276,-8,0-1
2212,2219,44,2216,-7,0-1
1347,1334,27,1341,13,1-0
1765,1759,80,1762,6,0-1
2010,1947,67,1979,63,0-1
1123,1076,23,1100,47,0-1
1508,1467,50,1488,41,1-0
1878,1848,44,1863,30,0-1
1384,1400,48,1392,-16,1-0
1463,1450,27,1457,13,1-0
1148,1208,46,1178,-60,0-1
1898,1936,25,1917,-38,1-0
2201,2077,12,2139,124,1-0
1235,1208,48,1222,27,1-0
1805,1786,19,1796,19,1-0
1669,1693,28,1681,-24,1-0
1947,1837,40,1892,110,1-0
2045,2225,45,2135,-180,1-0
1765,1796,54,1781,-31,0-1
1373,1343,35,1358,30,0-1
1430,1414,14,1422,16,0-1
1061,910,39,986,151,1-0
2032,1935,33,1984,97,0-1
1256,1214,36,1235,42,1-0
1838,1831,15,1835,7,0-1
1603,1603,38,1603,0,1-0
1629,1619,37,1624,10,1-0
2093,2110,54,2102,-17,1-0
1678,1709,34,1694,-31,1-0
2112,2150,30,2131,-38,0-1
1527,1491,22,1509,36,0-1
2205,2247,34,2226,-42,1-0
1445,1453,28,1449,-8,0-1
1074,1063,28,1069,11,0-1
2153,2165,37,2159,-12,0-1
1936,1859,19,1898,77,0-1
1823,1826,27,1825,-3,0-1
1681,1685,57,1683,-4,1-0
1209,1240,33,1225,-31,1-0
1756,1733,28,1745,23,*
1012,1019,37,1016,-7,0-1
1212,1259,30,1236,-47,0-1
753,654,48,704,99,0-1
1966,1849,36,1908,117,1-0
1383,1404,37,1394,-21,1-0
1303,1263,29,1283,40,0-1
1549,1527,22,1538,22,1-0
1593,1574,24,1584,19,0-1
1097,1012,42,1055,85,0-1
646,750,13,698,-104,1-0
1450,1419,26,1435,31,1-0
1684,1640,24,1662,44,1-0
1320,1359,26,1340,-39,1-0
959,966,50,963,-7,1-0
2041,1912,35,1977,129,0-1
1698,1694,19,1696,4,0-1
1831,1804,17,1818,27,1-0
2354,2221,31,2288,133,1-0
1436,1468,32,1452,-32,0-1
1383,1411,34,1397,-28,0-1
1161,1113,27,1137,48,0-1
2304,2438,36,2371,-134,0-1
1586,1556,33,1571,30,0-1
1012,1082,34,1047,-70,0-1
2155,2069,44,2112,86,1-0
1304,1382,19,1343,-78,0-1
1749,1836,25,1793,-87,0-1
2019,2012,71,2016,7,0-1
1182,1227,21,1205,-45,1-0
1729,1611,27,1670,118,1-0
2039,2038,21,2039,1,1-0
1970,1980,23,1975,-10,0-1
2208,2190,20,2199,18,0-1
2169,2254,12,2212,-85,1-0
2152,2107,26,2130,45,1-0
1317,1310,29,1314,7,1-0
1597,1577,55,1587,20,0-1
1480,1510,23,1495,-30,1-0
1298,1291,32,1295,7,1-0
1990,2049,29,2020,-59,1-0
1983,1941,26,1962,42,1-0
1229,1198,53,1214,31,0-1
1381,1348,30,1365,33,1-0
2520,2641,26,2581,-121,0-1
1430,1341,54,1386,89,0-1
975,1058,13,1017,-83,1-0
2095,2094,19,2095,1,0-1
2031,1948,19,1990,83,1-0
2393,2407,35,2400,-14,0-1
1476,1476,17,1476,0,0-1
1768,1789,46,1779,-21,1-0
1599,1593,41,1596,6,0-1
1896,1901,30,1899,-5,1-0
1566,1513,34,1540,53,0-1
1243,1226,52,1235,17,1-0
1770,1859,36,1815,-89,1-0
906,954,23,930,-48,0-1
1112,1113,47,1113,-1,1-0
1944,1889,59,1917,55,0-1
1657,1660,98,1659,-3,1/2-1/2
1554,1528,10,1541,26,0-1
1696,1701,31,1699,-5,0-1
1588,1617,51,1603,-29,0-1
2285,2382,43,2334,-97,1-0
1967,2015,54,1991,-48,0-1
1447,1449,19,1448,-2,1-0
1796,1778,55,1787,18,0-1
1739,1733,26,1736,6,1-0
1680,1684,57,1682,-4,1-0
1267,1280,26,1274,-13,1-0
1910,1859,61,1885,51,0-1
2150,2133,28,2142,17,0-1
1895,1898,48,1897,-3,1-0
1411,1440,39,1426,-29,0-1
1720,1760,42,1740,-40,0-1
1353,1316,49,1335,37,1-0
1274,1290,37,1282,-16,1-0
2010,2021,25,2016,-11,0-1
2193,2081,47,2137,112,1-0
1921,1905,13,1913,16,0-1
1704,1710,35,1707,-6,1-0
1153,1233,48,1193,-80,1/2-1/2
1817,1776,34,1797,41,1-0
1607,1630,17,1619,-23,0-1
729,815,14,772,-86,0-1
1714,1694,32,1704,20,1-0
1196,1231,26,1214,-35,1-0
1928,1928,43,1928,0,1-0
1613,1571,7,1592,42,0-1
1541,1516,34,1529,25,1-0
1630,1658,37,1644,-28,1-0
2289,2359,32,2324,-70,0-1
1378,1377,11,1378,1,0-1
2774,2902,36,2838,-128,0-1
2675,2562,34,2619,113,1-0
1662,1697,7,1680,-35,0-1
2301,2276,31,2289,25,1-0
1979,1981,24,1980,-2,0-1
2180,2184,44,2182,-4,0-1
1890,1870,35,1880,20,0-1
1569,1563,24,1566,6,0-1
1868,1778,46,1823,90,1-0
1243,1260,42,1252,-17,0-1
2021,2021,14,2021,0,1-0
2273,2264,55,2269,9,1-0
1590,1585,31,1588,5,1-0
1794,1900,53,1847,-106,0-1
2041,2047,39,2044,-6,0-1
1457,1408,41,1433,49,1-0
1962,1965,41,1964,-3,0-1
1348,1277,39,1313,71,0-1
1740,1628,14,1684,112,1-0
2070,2055,36,2063,15,0-1
1605,1622,30,1614,-17,1-0
2118,2163,36,2141,-45,1-0
2620,2545,31,2583,75,0-1
1973,1989,55,1981,-16,1-0
1743,1748,37,1746,-5,0-1
2032,2018,39,2025,14,0-1
2218,2327,35,2273,-109,1-0
1957,1971,34,1964,-14,0-1
1805,1837,18,1821,-32,0-1
1409,1372,34,1391,37,0-1
1721,1826,13,1774,-105,1-0
1923,1863,11,1893,60,1-0
1217,1292,14,1255,-75,0-1
1621,1598,31,1610,23,0-1
2840,2588,37,2714,252,1-0
1400,1501,45,1451,-101,1-0
1719,1859,21,1789,-140,0-1
1712,1715,62,1714,-3,0-1
1588,1536,8,1562,52,1-0
1145,1145,42,1145,0,0-1
1914,1922,56,1918,-8,1-0
2345,2364,15,2355,-19,0-1
1662,1642,58,1652,20,1-0
1987,2034,37,2011,-47,0-1
2386,2257,61,2322,129,1-0
1910,1906,22,1908,4,1-0
2296,2329,50,2313,-33,1-0
1692,1808,28,1750,-116,0-1
2405,1864,0,2135,541,1-0
1263,1199,17,1231,64,0-1
1606,1608,45,1607,-2,1-0
2034,2045,90,2040,-11,1-0
2190,2201,19,2196,-11,1-0
1461,1466,12,1464,-5,0-1
1341,1385,23,1363,-44,0-1
1770,1780,46,1775,-10,1-0
870,839,21,855,31,1-0
1603,1596,34,1600,7,1-0
1731,1712,41,1722,19,1-0
2019,2017,36,2018,2,1-0
1414,1456,29,1435,-42,1-0
1643,1604,28,1624,39,0-1
1382,1383,38,1383,-1,0-1
1266,1262,11,1264,4,0-1
1236,1235,21,1236,1,1-0
1419,1399,17,1409,20,1-0
2263,2402,24,2333,-139,0-1
1344,1376,37,1360,-32,0-1
1626,1629,36,1628,-3,1-0
1889,1813,16,1851,76,0-1
1632,1639,49,1636,-7,1-0
1186,1225,24,1206,-39,1-0
1986,1959,22,1973,27,0-1
1307,1300,38,1304,7,1-0
2259,2343,67,2301,-84,0-1
1162,1199,32,1181,-37,1-0
1669,1650,25,1660,19,1-0
1206,1251,29,1229,-45,1-0
1976,1968,50,1972,8,0-1
1443,1388,26,1416,55,0-1
1500,1360,39,1430,140,0-1
1306,1303,30,1305,3,1-0
1570,1588,28,1579,-18,0-1
1017,1143,23,1080,-126,1-0
1749,1693,71,1721,56,0-1
896,951,61,924,-55,0-1
1719,1651,31,1685,68,1-0
2125,2440,37,2283,-315,1-0
1781,1762,46,1772,19,1-0
1967,1618,24,1793,349,1-0
1584,1061,25,1323,523,1-0
1969,1776,19,1873,193,1-0
701,717,2,709,-16,1-0
1638,1566,99,1602,72,0-1
1000,856,40,928,144,1-0
1182,1201,11,1192,-19,0-1
1666,1681,64,1674,-15,0-1
1316,1252,21,1284,64,1-0
1758,1771,35,1765,-13,1-0
2235,2339,48,2287,-104,1/2-1/2
1241,1204,4,1223,37,1/2-1/2
1439,1419,36,1429,20,0-1
1826,1808,26,1817,18,1-0
1618,1615,10,1617,3,1-0
1327,1321,40,1324,6,0-1
987,1036,24,1012,-49,0-1
1364,1359,34,1362,5,0-1
1694,1652,39,1673,42,1-0
1777,1781,32,1779,-4,0-1
1523,1650,21,1587,-127,0-1
1345,1318,37,1332,27,1-0
1882,1837,73,1860,45,1/2-1/2
1734,1696,45,1715,38,1-0
2103,2113,73,2108,-10,1-0
1651,1667,33,1659,-16,1-0
2076,2098,29,2087,-22,1-0
1531,1603,39,1567,-72,1-0
1850,1857,36,1854,-7,0-1
964,940,34,952,24,1-0
1688,1660,16,1674,28,0-1
2203,2219,32,2211,-16,1-0
1761,1746,21,1754,15,0-1
1785,1779,36,1782,6,0-1
1805,1855,43,1830,-50,1/2-1/2
1636,1611,44,1624,25,1-0
1795,1790,32,1793,5,1-0
1189,1182,25,1186,7,1-0
1283,1270,68,1277,13,0-1
1318,1417,45,1368,-99,0-1
1191,1078,17,1135,113,1-0
2298,2247,37,2273,51,0-1
2168,1618,53,1893,550,1-0
1905,1874,29,1890,31,1-0
1406,1605,36,1506,-199,0-1
1084,1011,35,1048,73,0-1
1947,1952,59,1950,-5,0-1
1522,1529,15,1526,-7,0-1
2367,2342,39,2355,25,1-0
1924,1901,23,1913,23,1-0
2550,2480,61,2515,70,0-1
1705,1686,6,1696,19,1-0
1328,1314,25,1321,14,1-0
1402,1416,25,1409,-14,0-1
1840,1854,18,1847,-14,0-1
1266,1155,32,1211,111,0-1
1815,1806,27,1811,9,1-0
1650,1675,21,1663,-25,0-1
1649,1593,36,1621,56,0-1
1570,1552,21,1561,18,0-1
1539,1500,26,1520,39,1-0
2391,2391,40,2391,0,0-1
2063,2054,36,2059,9,0-1
1848,1882,34,1865,-34,0-1
1620,1579,24,1600,41,0-1
1559,1560,20,1560,-1,1-0
1708,1701,49,1705,7,0-1
1791,1786,49,1789,5,1-0
1838,1825,28,1832,13,1-0
1356,1359,43,1358,-3,1-0
1755,1744,48,1750,11,0-1
2011,1971,28,1991,40,1-0
1906,1938,22,1922,-32,1-0
2071,2085,23,2078,-14,1-0
1316,1286,61,1301,30,1/2-1/2
1457,1491,47,1474,-34,1-0
1500,1552,35,1526,-52,1-0
1343,1355,17,1349,-12,0-1
1848,1786,70,1817,62,1/2-1/2
1559,1505,27,1532,54,1-0
2034,1986,48,2010,48,1-0
1579,1648,9,1614,-69,0-1
1159,1196,51,1178,-37,1/2-1/2
1264,1246,32,1255,18,0-1
1872,1902,50,1887,-30,0-1
1660,1659,27,1660,1,1-0
1566,1564,30,1565,2,1-0
1609,1557,19,1583,52,1-0
1343,1365,35,1354,-22,1-0
1846,1813,20,1830,33,0-1
2066,2072,47,2069,-6,1-0
1721,1692,28,1707,29,1-0
1414,1383,30,1399,31,0-1
1689,1650,18,1670,39,1-0
1252,1197,50,1225,55,1-0
1549,1458,22,1504,91,1-0
916,828,27,872,88,0-1
1054,1053,10,1054,1,1-0
1802,1780,61,1791,22,1-0
1394,1411,20,1403,-17,0-1
2188,2062,26,2125,126,1-0
1643,1622,19,1633,21,1-0
1729,1649,12,1689,80,1-0
1842,1844,25,1843,-2,1-0
1918,1910,46,1914,8,0-1
1908,1922,19,1915,-14,1-0
1309,1256,38,1283,53,1-0
1110,1131,13,1121,-21,0-1
1462,1427,33,1445,35,1-0
1040,890,22,965,150,1-0
1419,1390,58,1405,29,0-1
2151,2157,36,2154,-6,1-0
1504,1493,49,1499,11,0-1
1729,1721,41,1725,8,0-1
1560,1565,32,1563,-5,1-0
2036,2002,55,2019,34,1-0
1610,1600,50,1605,10,0-1
1539,1518,17,1529,21,1-0
1677,1650,75,1664,27,1-0
1331,1339,25,1335,-8,0-1
1097,1176,23,1137,-79,1-0
1848,1887,33,1868,-39,0-1
2144,2129,48,2137,15,1-0
1796,1780,20,1788,16,1-0
1513,1521,45,1517,-8,1-0
2287,2343,21,2315,-56,0-1
2245,2156,36,2201,89,0-1
1887,1876,30,1882,11,1-0
2072,2067,41,2070,5,0-1
1810,1809,27,1810,1,1-0
1592,1614,30,1603,-22,0-1
1722,1691,37,1707,31,1-0
1282,1288,43,1285,-6,0-1
1562,1526,40,1544,36,1-0
1494,1502,21,1498,-8,1-0
1993,1801,40,1897,192,0-1
1617,1711,29,1664,-94,0-1
1285,1226,12,1256,59,0-1
1858,1806,46,1832,52,0-1
1381,1399,29,1390,-18,0-1
1562,1502,29,1532,60,0-1
763,840,51,802,-77,0-1
1662,1696,36,1679,-34,0-1
1864,1863,64,1864,1,0-1
1463,1480,42,1472,-17,0-1
3156,3153,48,3155,3,1/2-1/2
1667,1663,17,1665,4,0-1
1453,1406,46,1430,47,0-1
1875,1787,36,1831,88,1-0
1932,1992,37,1962,-60,0-1
1719,1728,44,1724,-9,1-0
1018,1149,50,1084,-131,0-1
704,746,12,725,-42,1-0
884,779,21,832,105,1-0
1867,1840,63,1854,27,0-1
1704,1664,18,1684,40,0-1
1770,1697,22,1734,73,0-1
1228,1237,26,1233,-9,0-1
2071,2089,38,2080,-18,0-1
1771,1783,33,1777,-12,0-1
1080,1092,33,1086,-12,1-0
1787,1781,43,1784,6,0-1
2328,2254,37,2291,74,1-0
1022,1004,23,1013,18,1-0
1848,1800,8,1824,48,0-1
1315,1294,31,1305,21,1-0
1941,1875,38,1908,66,1-0
1395,1398,35,1397,-3,0-1
1566,1558,23,1562,8,1-0
2114,2165,53,2140,-51,1/2-1/2
2215,2200,32,2208,15,1-0
2048,2008,32,2028,40,1-0
1239,1056,38,1148,183,1-0
2564,2443,38,2504,121,0-1
2081,2075,40,2078,6,1/2-1/2
1714,1720,19,1717,-6,1-0
2049,2043,60,2046,6,1-0
1167,1202,24,1185,-35,1-0
1602,1657,53,1630,-55,0-1
1358,1438,27,1398,-80,1-0
1449,1522,15,1486,-73,0-1
1629,1640,49,1635,-11,1-0
1811,1899,22,1855,-88,0-1
2053,2054,58,2054,-1,0-1
2024,2032,61,2028,-8,1-0
1900,1972,21,1936,-72,1-0
2133,2096,18,2115,37,1-0
1558,1553,38,1556,5,0-1
1863,1850,46,1857,13,1-0
2357,2477,61,2417,-120,1/2-1/2
1622,1670,28,1646,-48,1-0
1665,1662,21,1664,3,0-1
2258,2312,22,2285,-54,1-0
1718,1740,63,1729,-22,1-0
1405,1425,26,1415,-20,1-0
1592,1576,31,1584,16,1-0
2136,2119,34,2128,17,1-0
1833,1833,30,1833,0,0-1
1749,1753,11,1751,-4,1-0
2133,2117,30,2125,16,1-0
1925,1989,24,1957,-64,0-1
1629,1644,40,1637,-15,0-1
1768,1771,26,1770,-3,1-0
1235,1317,57,1276,-82,0-1
1727,1727,15,1727,0,1-0
1781,1802,29,1792,-21,0-1
1670,1699,65,1685,-29,0-1
2430,2135,27,2283,295,1-0
1848,1714,45,1781,134,1-0
1496,1488,55,1492,8,0-1
1620,1884,32,1752,-264,0-1
1954,1992,37,1973,-38,0-1
1871,1860,52,1866,11,1/2-1/2
2317,2396,34,2357,-79,0-1
1809,1834,25,1822,-25,1-0
2158,2176,46,2167,-18,1-0
1846,1861,33,1854,-15,0-1
1953,1945,24,1949,8,1-0
1118,1130,32,1124,-12,1-0
1773,1781,20,1777,-8,0-1
1916,1902,29,1909,14,1-0
1691,1671,29,1681,20,0-1
1273,1263,50,1268,10,1/2-1/2
2048,2018,29,2033,30,0-1
1091,1057,17,1074,34,0-1
1970,2011,37,1991,-41,0-1
1393,1453,27,1423,-60,0-1
2122,2107,33,2115,15,1-0
2230,2295,34,2263,-65,1-0
1771,2052,41,1912,-281,0-1
1233,1245,19,1239,-12,1-0
1623,1675,14,1649,-52,1-0
2953,2795,19,2874,158,0-1
1355,1361,23,1358,-6,1-0
1244,1296,23,1270,-52,0-1
1691,1691,34,1691,0,1-0
901,1013,5,957,-112,0-1
1078,1032,18,1055,46,0-1
778,857,36,818,-79,0-1
1853,1880,20,1867,-27,1-0
1571,1578,1,1575,-7,0-1
1580,1502,18,1541,78,1-0
2172,2153,63,2163,19,1/2-1/2
1914,1877,27,1896,37,0-1
2014,2045,48,2030,-31,0-1
1683,1637,28,1660,46,1-0
1571,1600,35,1586,-29,1-0
2033,2180,27,2107,-147,0-1
1325,1221,8,1273,104,1-0
2645,2499,77,2572,146,1-0
2254,2270,33,2262,-16,0-1
2168,2185,29,2177,-17,1-0
1456,1451,28,1454,5,1-0
2466,2576,66,2521,-110,1-0
1754,1500,16,1627,254,1-0
1231,1249,21,1240,-18,0-1
2150,2167,51,2159,-17,1-0
1582,1581,49,1582,1,1-0
1442,1393,26,1418,49,1-0
1614,1621,17,1618,-7,1-0
2027,1997,75,2012,30,1-0
1329,1274,23,1302,55,1-0
2175,2301,67,2238,-126,0-1
1513,1526,91,1520,-13,1-0
1850,1877,52,1864,-27,0-1
1913,1894,53,1904,19,1-0
1244,1265,32,1255,-21,1-0
1918,1940,52,1929,-22,0-1
2123,2152,29,2138,-29,1-0
1330,1450,2,1390,-120,0-1
1731,1753,46,1742,-22,1/2-1/2
1774,1792,30,1783,-18,1-0
1989,1906,23,1948,83,0-1
2127,2161,45,2144,-34,0-1
2264,2250,15,2257,14,0-1
1847,1831,48,1839,16,0-1
1942,1953,45,1948,-11,1-0
1218,1249,57,1234,-31,1/2-1/2
2043,2056,65,2050,-13,1-0
1820,1814,49,1817,6,0-1
1500,1564,20,1532,-64,0-1
1099,1056,35,1078,43,0-1
1289,1260,26,1275,29,0-1
1673,1639,24,1656,34,0-1
1714,1810,61,1762,-96,0-1
1926,1903,35,1915,23,1-0
2265,2321,24,2293,-56,1-0
1977,1975,33,1976,2,0-1
1424,1435,15,1430,-11,0-1
860,884,27,872,-24,0-1
1570,1600,25,1585,-30,1-0
1231,1200,23,1216,31,1-0
1475,1473,75,1474,2,1-0
1774,1820,25,1797,-46,1-0
2046,2003,54,2025,43,1-0
1878,1860,61,1869,18,1-0
1791,1819,40,1805,-28,0-1
1193,1069,42,1131,124,0-1
1507,1510,15,1509,-3,1-0
2503,1875,35,2189,628,1-0
2002,2204,49,2103,-202,0-1
2027,1939,37,1983,88,0-1
1619,1714,47,1667,-95,0-1
1260,1123,21,1192,137,0-1
1352,1246,72,1299,106,1/2-1/2
2200,2481,18,2341,-281,0-1
1989,1996,45,1993,-7,0-1
2077,1698,71,1888,379,1-0
2024,2082,43,2053,-58,0-1
2108,2210,35,2159,-102,1-0
1588,1468,29,1528,120,1-0
1773,1763,15,1768,10,0-1
1396,1390,33,1393,6,0-1
1249,1313,34,1281,-64,0-1
2295,2226,47,2261,69,0-1
1878,1867,24,1873,11,0-1
1382,1350,28,1366,32,0-1
2798,2672,26,2735,126,0-1
1984,2035,40,2010,-51,0-1
1185,1189,30,1187,-4,1-0
1890,1886,5,1888,4,1-0
1435,1429,44,1432,6,0-1
2114,2122,35,2118,-8,1-0
1627,1592,31,1610,35,1-0
1500,1411,11,1456,89,0-1
1184,1147,14,1166,37,1-0
1348,1184,23,1266,164,1-0
1537,1504,32,1521,33,1-0
1256,1236,24,1246,20,0-1
2163,2232,23,2198,-69,0-1
1004,1023,7,1014,-19,1-0
2005,1985,43,1995,20,1-0
1878,1905,19,1892,-27,0-1
1932,1903,29,1918,29,1-0
1405,1398,39,1402,7,1-0
1345,1304,9,1325,41,1-0
1808,1811,31,1810,-3,0-1
1310,1329,25,1320,-19,1-0
1112,1116,31,1114,-4,1-0
1415,1428,46,1422,-13,1-0
1727,1753,22,1740,-26,1-0
1662,1668,9,1665,-6,1-0
1760,1765,14,1763,-5,0-1
2043,1944,28,1994,99,1-0
971,955,16,963,16,0-1
1289,1223,24,1256,66,0-1
1785,1784,34,1785,1,0-1
1142,1144,54,1143,-2,1-0
1157,1159,26,1158,-2,1-0
1874,1861,32,1868,13,0-1
1700,1760,33,1730,-60,1-0
1394,1404,42,1399,-10,1-0
2840,2768,35,2804,72,1-0
1795,1765,41,1780,30,1-0
1354,1356,30,1355,-2,0-1
1542,1507,52,1525,35,1-0
2056,2052,39,2054,4,1-0
1889,1871,51,1880,18,1-0
1821,1837,20,1829,-16,0-1
1893,1902,44,1898,-9,0-1
2018,2018,39,2018,0,1-0
1495,1472,25,1484,23,1-0
1471,1361,19,1416,110,1-0
1796,1813,37,1805,-17,0-1
1054,1030,28,1042,24,1-0
2194,2325,35,2260,-131,0-1
1865,1884,41,1875,-19,0-1
2007,1914,46,1961,93,1-0
1779,1788,13,1784,-9,0-1
1085,1089,12,1087,-4,0-1
1053,1026,3,1040,27,1-0
1108,1096,65,1102,12,1/2-1/2
1500,1452,33,1476,48,0-1
1354,1335,30,1345,19,1-0
2031,2151,37,2091,-120,1-0
1555,1506,19,1531,49,1-0
1659,1802,19,1731,-143,0-1
1038,1021,33,1030,17,1-0
699,645,31,672,54,1-0
1331,1325,20,1328,6,0-1
1357,1339,67,1348,18,0-1
1794,1791,19,1793,3,0-1
1549,1451,32,1500,98,0-1
931,997,31,964,-66,1-0
1378,1369,54,1374,9,0-1
1185,1240,25,1213,-55,1-0
2065,2081,52,2073,-16,0-1
864,925,34,895,-61,0-1
1468,1469,26,1469,-1,1-0
2026,2012,27,2019,14,0-1
1648,1654,17,1651,-6,0-1
1593,1689,35,1641,-96,1-0
1832,1909,42,1871,-77,1-0
2085,2018,30,2052,67,1-0
1238,1175,9,1207,63,0-1
935,908,12,922,27,1-0
855,864,2,860,-9,1-0
1924,1394,34,1659,530,1-0
1862,1671,22,1767,191,0-1
1903,1446,39,1675,457,1-0
1222,1867,58,1545,-645,0-1
1757,2003,48,1880,-246,0-1
1871,1864,47,1868,7,0-1
1847,1272,24,1560,575,1-0
2063,1855,28,1959,208,0-1
1801,1802,49,1802,-1,1-0
2153,1373,28,1763,780,1-0
1122,1059,26,1091,63,0-1
1866,1544,42,1705,322,1-0
1923,2313,25,2118,-390,0-1
1323,1792,28,1558,-469,0-1
1735,1651,36,1693,84,0-1
1613,1581,15,1597,32,1-0
1570,1549,52,1560,21,0-1
1700,1788,33,1744,-88,0-1
1418,1475,28,1447,-57,1-0
1826,1815,57,1821,11,1-0
737,878,4,808,-141,1-0
944,940,27,942,4,1-0
1359,1304,29,1332,55,1-0
1384,1397,63,1391,-13,1-0
2131,2208,45,2170,-77,1-0
1360,1379,16,1370,-19,0-1
1095,1008,27,1052,87,1-0
1679,1699,34,1689,-20,1-0
1965,1921,73,1943,44,0-1
1266,1159,2,1213,107,0-1
1621,1873,29,1747,-252,0-1
1786,1834,31,1810,-48,1-0
2280,2218,50,2249,62,1/2-1/2
1379,1354,43,1367,25,0-1
1544,1557,33,1551,-13,0-1
1132,1225,30,1179,-93,1-0
2094,2097,27,2096,-3,0-1
2017,2076,46,2047,-59,0-1
2117,2173,59,2145,-56,0-1
2570,2653,27,2612,-83,1-0
1584,1590,31,1587,-6,0-1
1835,1848,59,1842,-13,0-1
1961,2014,24,1988,-53,1-0
1927,1914,19,1921,13,0-1
1075,1067,29,1071,8,1-0
1524,1509,35,1517,15,1-0
1945,1976,45,1961,-31,0-1
1289,1290,15,1290,-1,1-0
1410,1383,17,1397,27,1-0
1980,1958,32,1969,22,1-0
1493,1547,49,1520,-54,0-1
1874,1874,32,1874,0,0-1
1065,1121,21,1093,-56,0-1
1600,1624,42,1612,-24,1/2-1/2
1258,1297,27,1278,-39,1-0
1178,1161,35,1170,17,1-0
1257,1255,8,1256,2,1-0
1343,1334,12,1339,9,1-0
1114,1148,51,1131,-34,0-1
1535,1523,32,1529,12,1-0
1818,1815,60,1817,3,1-0
1792,1683,40,1738,109,1-0
1552,1467,33,1510,85,1-0
1851,1856,31,1854,-5,0-1
1635,1660,15,1648,-25,1-0
1312,1331,44,1322,-19,1-0
1131,1199,14,1165,-68,0-1
770,782,57,776,-12,0-1
1515,1611,30,1563,-96,0-1
1625,1644,33,1635,-19,0-1
1556,1531,58,1544,25,0-1
1166,1277,32,1222,-111,1-0
1517,1504,54,1511,13,0-1
1532,488,13,1010,1044,1-0
1313,1302,23,1308,11,1-0
929,919,29,924,10,0-1
1163,1189,25,1176,-26,1-0
1905,1824,41,1865,81,1-0
1326,1350,46,1338,-24,0-1
1616,1594,23,1605,22,1-0
1703,1725,54,1714,-22,1-0
1633,1654,20,1644,-21,0-1
1834,1873,49,1854,-39,1-0
1904,1892,33,1898,12,0-1
1260,1274,32,1267,-14,1-0
1716,1691,26,1704,25,1-0
2265,2207,26,2236,58,1-0
2677,2662,34,2670,15,1-0
2203,2133,30,2168,70,1-0
1354,1296,35,1325,58,1-0
1971,2059,20,2015,-88,1-0
1834,1844,20,1839,-10,0-1
896,817,5,857,79,1-0
1677,1776,31,1727,-99,0-1
2112,2094,49,2103,18,1/2-1/2
1908,1887,48,1898,21,1-0
1397,1359,9,1378,38,1-0
2115,2122,25,2119,-7,0-1
1934,1951,55,1943,-17,1-0
1783,1780,28,1782,3,1-0
1244,1255,32,1250,-11,1-0
1727,1713,45,1720,14,0-1
1456,1423,20,1440,33,1-0
1266,1259,60,1263,7,1-0
1810,1806,19,1808,4,0-1
1397,1397,6,1397,0,1-0
1613,1633,29,1623,-20,0-1
1682,1639,53,1661,43,1-0
1612,1632,40,1622,-20,1-0
1416,1369,32,1393,47,1-0
2385,2347,60,2366,38,1-0
1114,978,2,1046,136,1-0
1805,1692,34,1749,113,0-1
1518,1518,41,1518,0,0-1
1957,2015,16,1986,-58,1-0
1837,1900,27,1869,-63,1-0
1506,1483,40,1495,23,1-0
1563,1609,9,1586,-46,1-0
1544,1491,18,1518,53,1-0
1586,1601,10,1594,-15,1-0
1766,1765,9,1766,1,1-0
2013,1954,22,1984,59,0-1
1080,1095,29,1088,-15,0-1
1716,1717,41,1717,-1,0-1
2217,2145,11,2181,72,1-0
1762,1761,39,1762,1,1-0
1882,1879,41,1881,3,1-0
1802,1783,61,1793,19,1-0
2206,2255,23,2231,-49,1-0
1489,1474,34,1482,15,0-1
2004,2155,54,2080,-151,1/2-1/2
1510,1520,62,1515,-10,0-1
1805,1808,22,1807,-3,1-0
1357,1331,23,1344,26,0-1
2464,2383,44,2424,81,0-1
1940,1928,54,1934,12,1-0
1967,1987,28,1977,-20,0-1
1452,1462,37,1457,-10,0-1
782,914,27,848,-132,0-1
2651,2700,51,2676,-49,0-1
1196,1192,33,1194,4,1-0
1633,1653,64,1643,-20,1-0
1768,1784,46,1776,-16,0-1
2210,2235,33,2223,-25,1-0
1003,1010,24,1007,-7,1-0
1892,1899,30,1896,-7,1-0
1829,1840,34,1835,-11,0-1
1598,1606,31,1602,-8,0-1
1642,1644,16,1643,-2,1-0
1508,1519,9,1514,-11,1-0
1634,1641,48,1638,-7,0-1
1607,1616,41,1612,-9,0-1
830,877,21,854,-47,1-0
1942,1969,56,1956,-27,1/2-1/2
1924,1838,51,1881,86,1-0
1683,1610,29,1647,73,1-0
1596,1527,25,1562,69,1-0
1230,1253,17,1242,-23,0-1
2172,2162,35,2167,10,1-0
2264,2280,16,2272,-16,1-0
2134,2137,52,2136,-3,0-1
1276,1259,16,1268,17,0-1
2041,1890,38,1966,151,1-0
1116,1145,27,1131,-29,1-0
1093,1110,22,1102,-17,1-0
1447,1433,20,1440,14,1-0
1459,1501,35,1480,-42,0-1
1813,1843,35,1828,-30,0-1
1681,1678,27,1680,3,1-0
1400,1379,33,1390,21,1-0
2105,2165,36,2135,-60,1-0
1731,1785,32,1758,-54,0-1
1206,1205,22,1206,1,1-0
1450,1454,60,1452,-4,1-0
2054,2042,51,2048,12,1-0
1036,1084,33,1060,-48,0-1
1425,1429,42,1427,-4,0-1
2384,2443,35,2414,-59,0-1
1434,1467,36,1451,-33,0-1
1935,1947,19,1941,-12,1-0
1018,1044,33,1031,-26,1-0
1689,1699,42,1694,-10,1-0
2445,2447,31,2446,-2,1-0
1560,1677,4,1619,-117,0-1
2405,2331,19,2368,74,0-1
931,928,36,930,3,1-0
1398,1351,44,1375,47,0-1
2608,2562,59,2585,46,1-0
1960,1973,32,1967,-13,0-1
1271,1350,33,1311,-79,0-1
1490,1535,29,1513,-45,1-0
2528,2561,32,2545,-33,1-0
1919,1895,27,1907,24,0-1
1743,1741,43,1742,2,1-0
2044,2064,21,2054,-20,1-0
2118,2138,28,2128,-20,0-1
2315,2365,13,2340,-50,1-0
1512,1508,40,1510,4,1-0
1724,1748,20,1736,-24,0-1
2125,2032,42,2079,93,1-0
1765,1873,41,1819,-108,1-0
1417,1467,43,1442,-50,0-1
1988,1973,40,1981,15,1-0
1381,1365,79,1373,16,1-0
1529,1536,39,1533,-7,0-1
1279,1339,41,1309,-60,0-1
1656,1651,36,1654,5,0-1
980,1011,38,996,-31,1-0
1665,1627,15,1646,38,0-1
2005,2104,62,2055,-99,1-0
1255,1263,60,1259,-8,1-0
2022,2007,31,2015,15,0-1
971,974,36,973,-3,1-0
1546,1707,33,1627,-161,0-1
1796,1142,18,1469,654,1-0
1579,1920,21,1750,-341,0-1
1887,1957,13,1922,-70,0-1
1585,1519,1,1552,66,1-0
1936,1941,38,1939,-5,1-0
2090,1816,32,1953,274,1-0
1562,1464,20,1513,98,1-0
1709,1685,73,1697,24,1/2-1/2
1199,1228,30,1214,-29,0-1
1571,1579,62,1575,-8,1/2-1/2
997,1006,3,1002,-9,0-1
1497,1399,34,1448,98,1-0
1977,1917,30,1947,60,1-0
1848,1841,58,1845,7,0-1
1627,1674,28,1651,-47,0-1
1602,1603,46,1603,-1,0-1
1750,1750,13,1750,0,1-0
2021,1982,29,2002,39,1-0
1261,1151,19,1206,110,0-1
1886,1895,23,1891,-9,0-1
1434,1461,6,1448,-27,0-1
1876,1849,15,1863,27,1-0
1951,1945,45,1948,6,0-1
1728,1755,32,1742,-27,1-0
2380,2443,37,2412,-63,0-1
2033,2050,30,2042,-17,0-1
1399,1356,9,1378,43,0-1
2134,2148,25,2141,-14,1-0
2342,2292,15,2317,50,0-1
2487,2469,32,2478,18,0-1
2241,2187,18,2214,54,1-0
1301,1291,30,1296,10,0-1
1570,1615,35,1593,-45,0-1
2094,2167,34,2131,-73,1-0
1252,1244,15,1248,8,0-1
1641,1615,37,1628,26,1-0
978,851,14,915,127,1-0
972,861,19,917,111,0-1
1671,1702,60,1687,-31,1/2-1/2
1322,1228,34,1275,94,1-0
1543,1457,5,1500,86,0-1
1358,1333,48,1346,25,0-1
1249,1200,45,1225,49,0-1
1115,1184,34,1150,-69,0-1
1471,1588,22,1530,-117,1-0
1061,939,33,1000,122,1-0
1117,990,36,1054,127,1-0
2080,2039,35,2060,41,1-0
2309,2267,63,2288,42,1-0
1833,1792,50,1813,41,1-0
1314,1319,24,1317,-5,1-0
2020,1979,32,2000,41,1-0
1444,1326,27,1385,118,1-0
886,1009,25,948,-123,1-0
1492,1493,59,1493,-1,0-1
1966,1879,32,1923,87,0-1
1575,1571,25,1573,4,0-1
1719,1604,39,1662,115,0-1
2188,2047,20,2118,141,0-1
1578,1576,52,1577,2,0-1
1651,1633,62,1642,18,0-1
1845,2223,32,2034,-378,0-1
2337,2188,29,2263,149,1-0
901,812,0,857,89,0-1
557,708,39,633,-151,0-1
1331,1326,22,1329,5,1-0
1582,1599,59,1591,-17,1-0
2312,2149,56,2231,163,1-0
1120,1087,35,1104,33,0-1
1470,1541,33,1506,-71,0-1
1956,1955,39,1956,1,0-1
1816,1863,35,1840,-47,1-0
1680,1641,57,1661,39,0-1
1719,1719,60,1719,0,0-1
1630,1583,20,1607,47,1-0
2098,2072,37,2085,26,0-1
1463,1469,29,1466,-6,1-0
1718,1807,41,1763,-89,1/2-1/2
2188,2188,38,2188,0,1-0
1292,1322,46,1307,-30,1-0
2132,2104,61,2118,28,1/2-1/2
1578,1556,32,1567,22,1-0
1970,1974,35,1972,-4,0-1
1440,1450,29,1445,-10,1-0
2760,2568,31,2664,192,1-0
2100,2104,35,2102,-4,1-0
1399,1441,20,1420,-42,1-0
1033,1040,8,1037,-7,1-0
1521,1579,30,1550,-58,0-1
1546,1529,35,1538,17,1-0
773,831,8,802,-58,0-1
1491,1395,28,1443,96,0-1
1878,1900,30,1889,-22,1-0
1844,1734,10,1789,110,0-1
2095,2079,20,2087,16,1-0
1296,1390,15,1343,-94,1-0
1635,1649,30,1642,-14,0-1
1300,1341,24,1321,-41,1-0
2067,2082,43,2075,-15,0-1
2264,2246,40,2255,18,1-0
1918,1936,25,1927,-18,0-1
852,894,17,873,-42,0-1
1631,1673,52,1652,-42,1-0
1561,1541,46,1551,20,0-1
1446,1466,39,1456,-20,1-0
1701,1650,43,1676,51,1-0
1258,1270,5,1264,-12,0-1
1043,1026,27,1035,17,0-1
2101,2132,25,2117,-31,0-1
1907,1900,53,1904,7,1/2-1/2
1614,1628,47,1621,-14,0-1
1230,1207,62,1219,23,1/2-1/2
1247,1237,12,1242,10,0-1
1291,1341,11,1316,-50,1-0
935,976,66,956,-41,0-1
1914,1915,16,1915,-1,1-0
1421,1421,35,1421,0,1-0
1130,1145,56,1138,-15,1-0
1375,1354,35,1365,21,0-1
2078,2176,58,2127,-98,1-0
1924,2183,41,2054,-259,0-1
1852,1684,30,1768,168,0-1
1698,1940,56,1819,-242,1-0
1743,1912,32,1828,-169,1-0
1945,2086,32,2016,-141,0-1
1385,1403,35,1394,-18,1-0
1752,1753,32,1753,-1,0-1
2264,2278,40,2271,-14,1-0
1900,1842,29,1871,58,0-1
1800,1804,25,1802,-4,0-1
1738,1734,22,1736,4,0-1
1829,1822,27,1826,7,1-0
1301,1313,35,1307,-12,1-0
1903,1903,21,1903,0,1-0
1631,1639,24,1635,-8,1-0
1613,1618,4,1616,-5,1-0
1493,1597,30,1545,-104,1-0
1214,1316,33,1265,-102,0-1
1944,1976,36,1960,-32,0-1
1531,1538,31,1535,-7,1-0
785,928,20,857,-143,0-1
1813,1843,28,1828,-30,0-1
2089,2070,9,2080,19,1-0
1446,1455,19,1451,-9,1-0
1433,1425,8,1429,8,0-1
1938,1884,23,1911,54,1-0
1593,1643,38,1618,-50,0-1
1244,1212,30,1228,32,0-1
1146,1107,42,1127,39,1/2-1/2
2121,2111,38,2116,10,1-0
1956,2126,47,2041,-170,0-1
1255,1803,39,1529,-548,0-1
2011,1862,48,1937,149,1-0
1309,1298,32,1304,11,0-1
929,1019,28,974,-90,1-0
2152,2300,27,2226,-148,1-0
1999,1978,65,1989,21,0-1
1710,1649,26,1680,61,0-1
2367,2473,52,2420,-106,0-1
1129,1123,13,1126,6,1-0
1886,1896,53,1891,-10,1/2-1/2
1784,1845,43,1815,-61,1-0
1545,1532,16,1539,13,0-1
2016,2022,21,2019,-6,1-0
1739,1731,41,1735,8,1-0
1586,1573,28,1580,13,0-1
2102,2054,24,2078,48,0-1
1977,1964,31,1971,13,0-1
2110,2058,49,2084,52,1-0
1587,1600,18,1594,-13,0-1
1509,1405,45,1457,104,1-0
1962,1916,43,1939,46,0-1
1584,1567,9,1576,17,0-1
1707,1753,29,1730,-46,1-0
1157,1073,39,1115,84,1/2-1/2
1603,1604,29,1604,-1,1-0
1285,1259,24,1272,26,0-1
913,1008,10,961,-95,1/2-1/2
2082,2025,33,2054,57,1-0
1712,1626,22,1669,86,1-0
1626,1436,18,1531,190,0-1
1652,1999,49,1826,-347,0-1
1685,1944,40,1815,-259,0-1
1631,1309,24,1470,322,1-0
2595,1677,28,2136,918,1-0
2028,2042,33,2035,-14,1-0
1385,1601,25,1493,-216,0-1
2088,2087,30,2088,1,0-1
1901,1877,29,1889,24,1-0
1557,1564,25,1561,-7,0-1
1916,1902,44,1909,14,0-1
1834,1799,30,1817,35,1-0
1861,1873,43,1867,-12,0-1
1377,1379,44,1378,-2,1-0
989,1035,56,1012,-46,0-1
1985,2019,59,2002,-34,0-1
1781,1781,26,1781,0,1-0
1515,1480,22,1498,35,0-1
1067,1069,26,1068,-2,1-0
1770,1751,37,1761,19,0-1
1608,1615,59,1612,-7,1-0
1882,1877,74,1880,5,1/2-1/2
1953,1966,31,1960,-13,0-1
2027,2043,25,2035,-16,1-0
1141,1239,40,1190,-98,0-1
2497,2356,51,2427,141,1-0
1482,1514,19,1498,-32,0-1
1636,1551,17,1594,85,1-0
981,1004,51,993,-23,0-1
1805,1744,44,1775,61,1-0
1339,1338,28,1339,1,1-0
1870,1864,26,1867,6,1-0
1400,1378,11,1389,22,0-1
2115,2114,35,2115,1,1-0
1582,1589,16,1586,-7,1-0
1755,1718,60,1737,37,1/2-1/2
1487,1469,38,1478,18,1-0
1529,1484,26,1507,45,1-0
1352,1356,54,1354,-4,0-1
1044,1029,26,1037,15,1-0
2010,2068,76,2039,-58,0-1
1436,1396,33,1416,40,0-1
1635,1611,26,1623,24,1-0
2177,2128,68,2153,49,1-0
2103,2091,44,2097,12,1/2-1/2
1636,1631,18,1634,5,1-0
1187,1081,47,1134,106,0-1
1272,1658,24,1465,-386,0-1
1824,1733,20,1779,91,0-1
2027,2003,34,2015,24,0-1
752,643,16,698,109,1-0
1641,1650,36,1646,-9,1/2-1/2
1988,1989,32,1989,-1,0-1
1712,1698,33,1705,14,1-0
2057,2062,36,2060,-5,1-0
1930,1927,48,1929,3,1-0
1899,1914,21,1907,-15,1-0
1586,1523,29,1555,63,0-1
1671,1688,11,1680,-17,1-0
1329,1310,20,1320,19,1-0
1010,1011,26,1011,-1,0-1
1838,1902,39,1870,-64,0-1
1817,1780,39,1799,37,0-1
1606,1623,40,1615,-17,0-1
1535,1543,42,1539,-8,0-1
1747,1693,67,1720,54,0-1
1827,1834,64,1831,-7,0-1
1379,1411,30,1395,-32,0-1
1866,1934,21,1900,-68,1-0
1692,1748,22,1720,-56,1-0
2051,2049,43,2050,2,1-0
974,1015,34,995,-41,1-0
756,691,24,724,65,1-0
1548,1488,22,1518,60,0-1
1184,1140,31,1162,44,0-1
2365,2232,23,2299,133,1-0
1716,1745,13,1731,-29,1-0
2261,2272,54,2267,-11,1-0
2502,2468,56,2485,34,1-0
1553,1593,50,1573,-40,1-0
1901,1955,95,1928,-54,1-0
1798,1893,10,1846,-95,0-1
1780,1768,16,1774,12,0-1
1464,1450,13,1457,14,1-0
1988,1959,25,1974,29,0-1
1611,1615,20,1613,-4,0-1
2039,1998,51,2019,41,0-1
1663,1670,42,1667,-7,0-1
2312,2422,25,2367,-110,0-1
2112,2143,44,2128,-31,0-1
1889,2119,13,2004,-230,1-0
1961,2059,66,2010,-98,0-1
1976,2122,30,2049,-146,0-1
2111,1946,34,2029,165,1-0
1610,2003,32,1807,-393,0-1
1718,1654,19,1686,64,0-1
1824,2088,12,1956,-264,0-1
1910,2271,55,2091,-361,0-1
1759,2075,31,1917,-316,0-1
1430,1382,32,1406,48,0-1
2016,2082,32,2049,-66,0-1
1619,1612,4,1616,7,1-0
833,896,20,865,-63,1-0
1642,1649,34,1646,-7,0-1
2652,2667,59,2660,-15,0-1
1166,1164,39,1165,2,1-0
2189,2198,49,2194,-9,1-0
2119,2116,46,2118,3,0-1
2542,2452,57,2497,90,0-1
1778,1732,17,1755,46,1-0
1295,1282,9,1289,13,1-0
1173,1273,83,1223,-100,1-0
1779,1642,12,1711,137,1-0
1567,1588,45,1578,-21,0-1
1254,1261,41,1258,-7,1-0
1346,1294,31,1320,52,1-0
1494,1523,24,1509,-29,0-1
1541,1548,27,1545,-7,0-1
1153,1139,34,1146,14,1-0
2086,2115,24,2101,-29,0-1
1303,1292,20,1298,11,1-0
1352,1394,29,1373,-42,0-1
1802,1879,61,1841,-77,1/2-1/2
1773,1701,29,1737,72,1-0
1130,1031,40,1081,99,0-1
1461,1564,64,1513,-103,1/2-1/2
2493,2448,30,2471,45,1/2-1/2
992,1018,23,1005,-26,0-1
1032,1057,28,1045,-25,0-1
1862,1843,42,1853,19,0-1
1140,1255,27,1198,-115,0-1
1751,1739,15,1745,12,0-1
2484,2586,48,2535,-102,1-0
2097,2086,29,2092,11,0-1
2409,2338,56,2374,71,1-0
1463,1465,18,1464,-2,1-0
1681,1721,29,1701,-40,0-1
1541,1544,34,1543,-3,0-1
1761,1784,30,1773,-23,0-1
1524,1519,25,1522,5,1-0
1634,1647,27,1641,-13,1-0
1677,1674,28,1676,3,0-1
1586,1608,9,1597,-22,0-1
2003,2057,43,2030,-54,1/2-1/2
1963,1967,51,1965,-4,1-0
1495,1402,33,1449,93,1-0
1600,1615,24,1608,-15,0-1
1856,1834,38,1845,22,1/2-1/2
1337,1398,24,1368,-61,1-0
1641,1624,22,1633,17,0-1
1653,1687,54,1670,-34,1-0
1853,1864,38,1859,-11,0-1
1966,2007,28,1987,-41,1/2-1/2
2020,2164,33,2092,-144,1-0
1535,1565,38,1550,-30,0-1
1711,1784,26,1748,-73,0-1
1716,1780,11,1748,-64,0-1
807,796,21,802,11,1-0
1646,1656,19,1651,-10,0-1
1481,1460,34,1471,21,1-0
1160,1140,4,1150,20,0-1
1923,1897,23,1910,26,0-1
983,1055,11,1019,-72,0-1
1783,1808,30,1796,-25,1-0
1404,1445,34,1425,-41,1/2-1/2
1585,1589,34,1587,-4,0-1
1688,1686,33,1687,2,0-1
1303,1222,51,1263,81,0-1
1589,1589,14,1589,0,0-1
1497,1549,32,1523,-52,0-1
1479,1441,63,1460,38,0-1
1741,1742,45,1742,-1,0-1
1570,1490,48,1530,80,0-1
1115,1096,47,1106,19,1-0
1706,1691,33,1699,15,1-0
1227,1296,30,1262,-69,0-1
1499,1464,17,1482,35,0-1
1650,1625,11,1638,25,0-1
1446,1423,10,1435,23,1-0
959,921,22,940,38,1-0
1591,1187,25,1389,404,1-0
2121,2117,36,2119,4,1-0
1303,1372,39,1338,-69,1-0
2326,2419,27,2373,-93,0-1
1456,1535,34,1496,-79,1-0
2040,2099,32,2070,-59,0-1
1095,1052,26,1074,43,1-0
2216,2239,44,2228,-23,1-0
946,1022,24,984,-76,0-1
2026,1969,35,1998,57,1-0
2024,1991,62,2008,33,1/2-1/2
1820,1839,39,1830,-19,1-0
1859,1886,22,1873,-27,0-1
1166,1179,14,1173,-13,1-0
2427,2288,46,2358,139,1-0
2179,2092,48,2136,87,1-0
1772,1844,29,1808,-72,0-1
1697,1708,36,1703,-11,0-1
1919,1850,41,1885,69,1-0
2277,2227,22,2252,50,0-1
1689,1675,38,1682,14,0-1
1988,1973,64,1981,15,0-1
1080,1115,28,1098,-35,1-0
1553,1502,27,1528,51,1-0
3049,1855,33,2452,1194,1-0
2153,2012,54,2083,141,1/2-1/2
1642,1642,23,1642,0,1-0
1650,1665,47,1658,-15,0-1
1447,1498,50,1473,-51,0-1
2174,2170,44,2172,4,1-0
1231,1204,45,1218,27,0-1
1764,1744,29,1754,20,1-0
1525,1520,24,1523,5,0-1
1780,1815,34,1798,-35,0-1
1530,1564,30,1547,-34,1-0
1669,1703,40,1686,-34,0-1
1698,1671,47,1685,27,0-1
2242,2214,36,2228,28,1-0
1642,1616,24,1629,26,0-1
1895,1885,42,1890,10,1-0
1289,1254,21,1272,35,1-0
1813,1748,18,1781,65,0-1
1649,1658,66,1654,-9,1-0
1682,1746,58,1714,-64,0-1
2095,2112,29,2104,-17,0-1
974,1000,42,987,-26,1-0
1949,1900,17,1925,49,0-1
1862,1861,20,1862,1,1-0
1321,1328,24,1325,-7,1-0
1703,1677,64,1690,26,1-0
2359,2300,56,2330,59,1-0
1931,1904,24,1918,27,0-1
2249,2317,26,2283,-68,1-0
951,838,31,895,113,0-1
1565,1601,36,1583,-36,1-0
2134,2235,36,2185,-101,1-0
2123,2103,43,2113,20,1-0
2334,2338,17,2336,-4,1-0
1324,1240,14,1282,84,0-1
1685,1710,31,1698,-25,1-0
2669,2639,67,2654,30,1/2-1/2
1415,1491,28,1453,-76,1-0
1400,1332,24,1366,68,0-1
2493,2356,44,2425,137,0-1
1717,1731,39,1724,-14,0-1
1857,1829,20,1843,28,0-1
1918,1915,31,1917,3,1-0
1913,1874,32,1894,39,1-0
1463,1396,23,1430,67,1-0
841,870,28,856,-29,1-0
1414,1441,55,1428,-27,0-1
2082,2126,20,2104,-44,0-1
1748,1782,32,1765,-34,0-1
1596,1615,34,1606,-19,1-0
1687,1630,24,1659,57,0-1
1034,1016,18,1025,18,0-1
1413,1387,16,1400,26,1-0
1297,1781,27,1539,-484,0-1
966,1040,26,1003,-74,0-1
2073,2239,42,2156,-166,1-0
1973,1918,34,1946,55,1-0
1674,1673,45,1674,1,0-1
1229,1251,72,1240,-22,1/2-1/2
1702,1703,20,1703,-1,1-0
1084,1083,38,1084,1,1-0
727,717,12,722,10,1-0
1277,1258,35,1268,19,1-0
1531,1560,21,1546,-29,1-0
1087,1133,14,1110,-46,1-0
1636,1592,42,1614,44,1-0
1709,1690,28,1700,19,0-1
1875,1619,42,1747,256,1-0
2404,2453,38,2429,-49,1-0
1915,1911,45,1913,4,1-0
1952,1999,13,1976,-47,0-1
1849,1824,30,1837,25,1-0
1525,1538,55,1532,-13,1/2-1/2
833,795,50,814,38,1-0
1157,1224,19,1191,-67,0-1
1709,1720,21,1715,-11,0-1
1473,1454,63,1464,19,1/2-1/2
913,794,37,854,119,1-0
1438,1832,38,1635,-394,0-1
1518,1534,27,1526,-16,0-1
1203,937,44,1070,266,0-1
1309,1293,25,1301,16,0-1
2062,2044,28,2053,18,0-1
1018,1092,21,1055,-74,1-0
1505,1465,22,1485,40,0-1
2037,1990,59,2014,47,0-1
1424,1394,23,1409,30,1-0
2137,2163,36,2150,-26,0-1
1759,1752,11,1756,7,0-1
998,939,32,969,59,1-0
1113,1107,29,1110,6,1-0
938,1135,21,1037,-197,0-1
1264,1258,36,1261,6,0-1
650,732,13,691,-82,1-0
1411,1411,45,1411,0,1-0
2436,2304,33,2370,132,0-1
1159,1188,40,1174,-29,0-1
1687,1690,23,1689,-3,1-0
1935,1945,36,1940,-10,0-1
1446,1477,49,1462,-31,1-0
2009,2035,42,2022,-26,0-1
2168,2160,36,2164,8,0-1
2108,2094,45,2101,14,1-0
1536,1549,34,1543,-13,1-0
953,825,31,889,128,1-0
2174,2178,25,2176,-4,1-0
2133,2432,18,2283,-299,0-1
1527,1660,27,1594,-133,0-1
1731,1704,53,1718,27,1-0
1775,1740,31,1758,35,0-1
1928,1935,30,1932,-7,1-0
1163,1222,57,1193,-59,1-0
1699,1714,66,1707,-15,1-0
1669,1650,30,1660,19,1-0
1799,1755,15,1777,44,0-1
1867,1835,63,1851,32,1-0
1314,1268,11,1291,46,0-1
1704,1700,50,1702,4,0-1
1707,1735,7,1721,-28,1-0
1948,1983,12,1966,-35,0-1
1151,1068,8,1110,83,0-1
1777,1984,20,1881,-207,1-0
887,874,10,881,13,1-0
1192,1263,18,1228,-71,0-1
1679,1636,14,1658,43,0-1
1436,1456,38,1446,-20,1-0
1680,1698,4,1689,-18,1-0
1339,1222,26,1281,117,1-0
1429,1348,68,1389,81,1/2-1/2
1146,1216,1,1181,-70,1-0
1064,990,43,1027,74,1-0
1955,2029,34,1992,-74,1-0
1355,1385,37,1370,-30,0-1
1920,2042,31,1981,-122,0-1
1481,1430,10,1456,51,1-0
1119,1130,19,1125,-11,1-0
2373,2382,35,2378,-9,1-0
2220,2334,34,2277,-114,1-0
1745,1745,24,1745,0,0-1
1173,1140,25,1157,33,0-1
1949,1934,41,1942,15,1-0
2378,2397,55,2388,-19,0-1
1486,1366,34,1426,120,1-0
1912,1782,19,1847,130,0-1
1963,2039,34,2001,-76,1-0
1643,1657,29,1650,-14,0-1
2098,2130,23,2114,-32,0-1
1344,1307,38,1326,37,1-0
2502,2418,42,2460,84,1-0
1517,1466,63,1492,51,0-1
1753,1613,8,1683,140,1-0
1787,1790,36,1789,-3,0-1
1937,1893,28,1915,44,0-1
1494,1541,43,1518,-47,1-0
1382,1357,11,1370,25,1-0
1994,1997,39,1996,-3,0-1
997,1025,20,1011,-28,1-0
1486,1442,51,1464,44,0-1
2413,2260,49,2337,153,1-0
1961,2317,25,2139,-356,1-0
658,723,22,691,-65,0-1
999,995,32,997,4,1-0
1601,1582,64,1592,19,1-0
1148,1203,58,1176,-55,1-0
1823,1786,30,1805,37,0-1
1565,1547,25,1556,18,0-1
1533,1430,23,1482,103,1-0
1317,1333,13,1325,-16,0-1
1119,1123,21,1121,-4,0-1
1338,1345,29,1342,-7,1-0
1303,1236,55,1270,67,1-0
1817,2096,26,1957,-279,1-0
2238,2205,24,2222,33,0-1
1788,1808,46,1798,-20,0-1
1668,1647,7,1658,21,1-0
1210,1264,34,1237,-54,0-1
1639,1573,73,1606,66,1-0
1559,1561,22,1560,-2,0-1
1860,1860,29,1860,0,0-1
1395,1443,10,1419,-48,1-0
1467,1470,27,1469,-3,1-0
2073,2099,17,2086,-26,1-0
1695,1705,34,1700,-10,1-0
1594,1470,26,1532,124,1-0
1448,1444,28,1446,4,1-0
2248,2243,6,2246,5,0-1
2156,2225,38,2191,-69,0-1
2151,2142,36,2147,9,0-1
2064,2050,23,2057,14,1-0
2299,2386,33,2343,-87,0-1
1601,1600,34,1601,1,1-0
946,891,28,919,55,0-1
2001,1952,18,1977,49,1-0
2314,2358,40,2336,-44,0-1
2139,2037,34,2088,102,0-1
2737,2961,79,2849,-224,1-0
1849,1796,30,1823,53,1-0
1335,1425,24,1380,-90,0-1
2011,2003,31,2007,8,1-0
1859,1875,22,1867,-16,1-0
1527,1519,32,1523,8,1-0
1591,1690,18,1641,-99,1-0
1059,1074,16,1067,-15,0-1
1492,1487,11,1490,5,1-0
1287,1382,50,1335,-95,0-1
2170,2216,54,2193,-46,1/2-1/2
1764,1765,22,1765,-1,0-1
920,923,9,922,-3,1-0
1310,1203,29,1257,107,1-0
1875,1768,45,1822,107,0-1
1016,1111,30,1064,-95,1-0
1027,1023,39,1025,4,1-0
1366,1346,32,1356,20,0-1
2189,2111,45,2150,78,1-0
1889,1952,55,1921,-63,0-1
2646,2664,29,2655,-18,1-0
2447,2282,35,2365,165,0-1
1606,1599,38,1603,7,1-0
2037,2018,24,2028,19,1-0
2227,2243,44,2235,-16,0-1
1754,1760,53,1757,-6,0-1
1807,1954,42,1881,-147,0-1
970,1118,40,1044,-148,0-1
1482,1478,29,1480,4,0-1
1466,1393,31,1430,73,0-1
1778,1786,14,1782,-8,0-1
1543,1528,34,1536,15,0-1
2289,2284,35,2287,5,0-1
1567,1573,32,1570,-6,0-1
1625,1645,42,1635,-20,0-1
1389,1338,35,1364,51,0-1
2304,2372,60,2338,-68,1-0
1091,1116,13,1104,-25,1/2-1/2
973,1035,13,1004,-62,1-0
964,958,33,961,6,0-1
1660,1641,36,1651,19,1/2-1/2
1191,1170,8,1181,21,1-0
1291,1279,33,1285,12,0-1
1454,1431,46,1443,23,0-1
1731,1706,63,1719,25,1-0
1898,1917,63,1908,-19,1/2-1/2
1705,1605,2,1655,100,1/2-1/2
1083,995,22,1039,88,1-0
1415,1381,41,1398,34,1-0
1219,1256,30,1238,-37,1-0
1941,1943,66,1942,-2,1/2-1/2
2034,1956,42,1995,78,1-0
1541,1518,19,1530,23,0-1
1429,1421,35,1425,8,1-0
2074,2126,53,2100,-52,1-0
1370,1357,7,1364,13,1-0
1308,1341,39,1325,-33,0-1
1884,1886,7,1885,-2,1-0
1987,1980,24,1984,7,1-0
1778,1682,32,1730,96,1-0
1329,1315,37,1322,14,1-0
1060,1101,14,1081,-41,0-1
2091,2203,23,2147,-112,0-1
1812,1815,40,1814,-3,0-1
1625,1681,8,1653,-56,0-1
2156,2118,31,2137,38,0-1
1930,1877,16,1904,53,0-1
1774,1767,18,1771,7,0-1
1790,1828,29,1809,-38,1-0
1522,1413,51,1468,109,0-1
1945,1935,72,1940,10,1/2-1/2
2113,2140,47,2127,-27,1-0
1208,1253,22,1231,-45,1-0
1758,1728,61,1743,30,0-1
1637,1645,42,1641,-8,0-1
1979,1990,38,1985,-11,1-0
2384,2220,25,2302,164,1-0
1673,1692,61,1683,-19,1/2-1/2
1560,1535,34,1548,25,0-1
1927,1934,40,1931,-7,1-0
1668,1667,69,1668,1,0-1
1729,1691,16,1710,38,1-0
1229,1271,21,1250,-42,0-1
843,938,36,891,-95,1-0
1717,1721,30,1719,-4,1-0
1058,1021,25,1040,37,1-0
1364,1317,34,1341,47,0-1
1724,1763,3,1744,-39,0-1
1822,1825,71,1824,-3,1/2-1/2
1829,1878,48,1854,-49,0-1
943,1089,21,1016,-146,0-1
1809,1809,63,1809,0,1-0
1926,1975,15,1951,-49,1-0
2248,1923,32,2086,325,1-0
1978,1982,34,1980,-4,1-0
2227,2149,30,2188,78,1-0
1120,1116,27,1118,4,1-0
1516,1601,16,1559,-85,0-1
2120,2079,33,2100,41,1-0
1491,1514,53,1503,-23,1/2-1/2
1876,1919,60,1898,-43,1/2-1/2
1935,1936,49,1936,-1,1-0
2262,2211,32,2237,51,1-0
2293,2331,46,2312,-38,1-0
2563,2613,34,2588,-50,1-0
2077,2062,23,2070,15,0-1
1964,1949,7,1957,15,1-0
1790,1780,35,1785,10,1-0
1596,1625,13,1611,-29,0-1
1823,1860,44,1842,-37,1-0
1929,1939,26,1934,-10,0-1
1252,1276,51,1264,-24,0-1
1993,2015,26,2004,-22,0-1
1757,1764,46,1761,-7,1-0
1795,1801,30,1798,-6,0-1
1637,1636,19,1637,1,0-1
1279,1284,26,1282,-5,0-1
1578,1456,31,1517,122,0-1
1754,1752,59,1753,2,1-0
1302,1240,22,1271,62,1-0
738,831,21,785,-93,0-1
1611,1591,23,1601,20,0-1
1478,1486,4,1482,-8,1-0
1943,2023,35,1983,-80,1-0
1354,1355,11,1355,-1,1-0
1149,1171,36,1160,-22,0-1
1736,1736,41,1736,0,0-1
984,965,17,975,19,0-1
1405,1431,47,1418,-26,1/2-1/2
1996,1980,23,1988,16,0-1
1504,1535,23,1520,-31,1-0
1654,1638,34,1646,16,0-1
1991,1966,46,1979,25,1-0
1917,1846,37,1882,71,1-0
1284,1362,24,1323,-78,0-1
1269,1247,7,1258,22,1-0
2442,2487,38,2465,-45,0-1
2151,2067,47,2109,84,1/2-1/2
2279,2321,31,2300,-42,0-1
1575,1575,26,1575,0,1-0
1725,1714,35,1720,11,1-0
1539,1115,0,1327,424,0-1
1411,788,0,1100,623,0-1
1323,1337,22,1330,-14,1-0
1631,1656,9,1644,-25,1-0
1618,1619,35,1619,-1,0-1
1477,1533,62,1505,-56,0-1
1364,1476,22,1420,-112,1-0
1118,1131,13,1125,-13,1-0
1022,910,32,966,112,1-0
1719,1783,22,1751,-64,1-0
1060,1027,62,1044,33,0-1
1935,1889,50,1912,46,0-1
1174,1160,34,1167,14,0-1
1697,1027,20,1362,670,1-0
1709,1879,34,1794,-170,1-0
1995,1931,43,1963,64,1/2-1/2
1896,1895,56,1896,1,0-1
1921,1915,35,1918,6,0-1
2254,2292,33,2273,-38,1-0
1569,1464,35,1517,105,1/2-1/2
1538,1533,46,1536,5,1-0
2003,1974,63,1989,29,1/2-1/2
1688,1736,26,1712,-48,0-1
2260,2253,23,2257,7,1-0
2082,2076,15,2079,6,0-1
1805,1907,22,1856,-102,0-1
1802,1799,71,1801,3,1-0
1803,1786,48,1795,17,1/2-1/2
1986,1986,26,1986,0,0-1
1309,1309,39,1309,0,0-1
1126,1120,34,1123,6,1-0
2000,2033,28,2017,-33,0-1
1728,1739,54,1734,-11,1-0
1531,1580,11,1556,-49,0-1
2203,2234,47,2219,-31,0-1
1972,1950,23,1961,22,1-0
1413,1454,23,1434,-41,1-0
1397,1361,54,1379,36,0-1
1344,1322,31,1333,22,1-0
1666,1625,37,1646,41,1-0
1275,1200,35,1238,75,1-0
1901,1889,48,1895,12,0-1
2073,2141,49,2107,-68,0-1
1758,1757,31,1758,1,1-0
1958,2015,49,1987,-57,1-0
1540,1537,29,1539,3,1-0
1184,1045,62,1115,139,1/2-1/2
1913,1912,34,1913,1,1-0
1819,1803,27,1811,16,1-0
1317,1285,11,1301,32,1-0
1806,1926,34,1866,-120,1-0
1911,1890,29,1901,21,1-0
1865,1801,31,1833,64,1-0
1609,1874,32,1742,-265,0-1
707,798,12,753,-91,0-1
889,826,11,858,63,0-1
1565,1583,26,1574,-18,1-0
2010,1958,42,1984,52,0-1
2266,2123,30,2195,143,0-1
1580,1625,16,1603,-45,1-0
895,940,46,918,-45,1-0
2053,2014,51,2034,39,1-0
1701,1636,52,1669,65,0-1
2064,2090,19,2077,-26,1-0
1434,1403,35,1419,31,1-0
1827,1751,45,1789,76,0-1
2094,2167,65,2131,-73,0-1
1772,1776,29,1774,-4,1-0
1350,1346,26,1348,4,0-1
2085,2089,19,2087,-4,1-0
1267,1213,26,1240,54,1-0
1400,1368,24,1384,32,0-1
1908,1940,47,1924,-32,1-0
2006,1995,35,2001,11,1-0
2299,2286,52,2293,13,0-1
1823,1829,28,1826,-6,1-0
1636,1648,11,1642,-12,1-0
1575,1570,37,1573,5,0-1
1966,2027,39,1997,-61,1-0
1815,1785,47,1800,30,0-1
1779,1799,38,1789,-20,1-0
2162,2203,65,2183,-41,0-1
2147,2089,31,2118,58,1-0
1989,2006,75,1998,-17,1-0
1425,1466,28,1446,-41,1-0
1919,1885,21,1902,34,0-1
1859,1851,33,1855,8,1-0
1618,1675,37,1647,-57,0-1
773,890,21,832,-117,0-1
1739,1784,36,1762,-45,1-0
1815,1849,57,1832,-34,1-0
1387,1415,25,1401,-28,1-0
930,980,33,955,-50,1-0
1297,1385,22,1341,-88,1-0
1449,1529,29,1489,-80,1-0
1362,1636,35,1499,-274,1-0
1245,1391,17,1318,-146,0-1
1184,1466,73,1325,-282,0-1
1410,1673,37,1542,-263,1-0
1507,1621,62,1564,-114,0-1
2168,2116,55,2142,52,1/2-1/2
1816,2055,24,1936,-239,0-1
1563,1527,30,1545,36,1-0
1711,1808,44,1760,-97,1-0
1030,1055,75,1043,-25,1-0
1882,1809,19,1846,73,0-1
1707,1797,32,1752,-90,1-0
2099,2186,30,2143,-87,1-0
1904,1930,30,1917,-26,0-1
1686,1706,29,1696,-20,1-0
2324,2268,53,2296,56,1-0
2244,2197,29,2221,47,0-1
1029,1047,66,1038,-18,1-0
1570,1572,33,1571,-2,0-1
1491,1492,28,1492,-1,0-1
1425,1453,63,1439,-28,0-1
1652,1728,57,1690,-76,0-1
2054,2055,42,2055,-1,0-1
1064,1037,6,1051,27,0-1
895,799,15,847,96,0-1
1323,1296,40,1310,27,0-1
1617,1544,48,1581,73,1-0
1726,1675,46,1701,51,0-1
1518,1517,49,1518,1,0-1
884,892,15,888,-8,1-0
1427,1427,27,1427,0,0-1
1534,1527,50,1531,7,1-0
1397,1421,31,1409,-24,1-0
1820,1789,51,1805,31,0-1
1755,1734,68,1745,21,0-1
1956,2055,27,2006,-99,0-1
1801,2123,33,1962,-322,0-1
1883,1590,24,1737,293,1-0
1680,2097,29,1889,-417,0-1
2151,2102,44,2127,49,1-0
2036,1893,32,1965,143,1-0
1660,1670,25,1665,-10,1-0
1865,1827,18,1846,38,0-1
1717,1719,27,1718,-2,0-1
1274,1279,20,1277,-5,1-0
1836,1885,21,1861,-49,0-1
1421,1390,26,1406,31,0-1
1169,1225,6,1197,-56,0-1
1157,1114,25,1136,43,0-1
980,1006,20,993,-26,1-0
1273,1258,48,1266,15,0-1
1440,1370,30,1405,70,0-1
1728,1738,28,1733,-10,1-0
2363,2372,59,2368,-9,1/2-1/2
1175,1290,33,1233,-115,0-1
1939,1932,33,1936,7,1-0
1849,1814,14,1832,35,1-0
2463,2378,59,2421,85,0-1
1535,1531,23,1533,4,1-0
1521,1501,34,1511,20,0-1
1867,1850,24,1859,17,1-0
2124,2131,41,2128,-7,0-1
1930,1890,21,1910,40,1-0
2430,2544,55,2487,-114,1/2-1/2
2004,1622,33,1813,382,1-0
2370,2285,82,2328,85,1-0
1915,1890,58,1903,25,0-1
1483,1491,45,1487,-8,0-1
1427,1385,19,1406,42,0-1
1234,1207,42,1221,27,1-0
1446,1454,55,1450,-8,0-1
2195,2352,40,2274,-157,0-1
1101,1139,29,1120,-38,0-1
1533,1498,62,1516,35,1-0
1773,1833,60,1803,-60,0-1
2403,2390,26,2397,13,1-0
2086,1987,42,2037,99,1-0
2126,2159,54,2143,-33,1-0
1952,1954,67,1953,-2,1-0
1880,1880,34,1880,0,1-0
1738,1688,19,1713,50,0-1
1320,1337,19,1329,-17,0-1
1071,1162,18,1117,-91,1-0
2351,2376,20,2364,-25,0-1
1682,1695,22,1689,-13,0-1
1847,1866,36,1857,-19,1-0
1692,1654,36,1673,38,0-1
2122,1822,61,1972,300,0-1
2255,1378,36,1817,877,1-0
1991,1860,56,1926,131,0-1
1433,1454,18,1444,-21,0-1
1315,1307,46,1311,8,1-0
1965,2044,19,2005,-79,1-0
922,863,30,893,59,1-0
1131,1075,29,1103,56,0-1
1400,1397,27,1399,3,1-0
1768,1802,57,1785,-34,0-1
1657,1682,34,1670,-25,0-1
1614,1611,25,1613,3,1-0
1744,1756,13,1750,-12,1-0
1590,1597,37,1594,-7,1-0
1639,1616,47,1628,23,1-0
1949,1950,36,1950,-1,0-1
2350,2399,28,2375,-49,0-1
2122,2079,29,2101,43,1-0
1696,1734,57,1715,-38,1-0
2203,2217,38,2210,-14,1-0
2051,2065,18,2058,-14,0-1
1061,1074,26,1068,-13,0-1
1244,1230,27,1237,14,0-1
1883,1941,33,1912,-58,1-0
1978,1962,11,1970,16,0-1
1737,1669,45,1703,68,1-0
1839,1844,39,1842,-5,0-1
1486,1426,16,1456,60,1-0
1350,1268,16,1309,82,1-0
1625,1669,20,1647,-44,0-1
1782,1779,14,1781,3,1-0
1456,1466,27,1461,-10,1-0
1403,1385,39,1394,18,0-1
1747,1741,19,1744,6,1-0
2064,2006,22,2035,58,0-1
1489,1496,12,1493,-7,0-1
1090,1031,31,1061,59,0-1
1573,1541,18,1557,32,0-1
2187,2206,33,2197,-19,0-1
2296,2230,36,2263,66,1-0
1738,1686,26,1712,52,1-0
1772,1764,31,1768,8,1/2-1/2
1177,1298,23,1238,-121,1-0
1681,1665,58,1673,16,0-1
1625,1595,15,1610,30,0-1
1973,1983,47,1978,-10,0-1
1853,1842,56,1848,11,1-0
1315,1369,30,1342,-54,1-0
1429,1450,25,1440,-21,0-1
1300,1369,87,1335,-69,0-1
1740,1740,61,1740,0,1/2-1/2
1514,1522,48,1518,-8,1-0
1512,1463,32,1488,49,0-1
1775,1800,19,1788,-25,1-0
1758,1742,41,1750,16,0-1
1646,1677,17,1662,-31,0-1
1902,1862,48,1882,40,0-1
1081,1180,54,1131,-99,1/2-1/2
1544,1531,16,1538,13,1-0
1982,1964,28,1973,18,0-1
1854,1852,24,1853,2,0-1
1589,1540,59,1565,49,1-0
1691,1719,29,1705,-28,0-1
1969,1956,66,1963,13,1-0
1385,1468,31,1427,-83,1-0
1613,1551,35,1582,62,1-0
1597,1756,39,1677,-159,1-0
1382,1650,31,1516,-268,0-1
1971,1926,47,1949,45,1-0
1649,1925,28,1787,-276,1-0
2435,1856,33,2146,579,1-0
1422,1597,14,1510,-175,0-1
1760,1856,53,1808,-96,0-1
1928,1837,61,1883,91,1-0
1679,1746,47,1713,-67,1-0
1951,2222,50,2087,-271,0-1
2139,2399,48,2269,-260,0-1
1593,1951,36,1772,-358,0-1
2152,2007,33,2080,145,1-0
1668,1659,40,1664,9,0-1
2433,2131,42,2282,302,1-0
1016,1138,8,1077,-122,1-0
1802,1777,33,1790,25,1-0
2071,2057,32,2064,14,1-0
1824,1826,8,1825,-2,0-1
1383,1345,25,1364,38,0-1
1181,1244,24,1213,-63,1-0
2563,2433,49,2498,130,1/2-1/2
1878,1945,54,1912,-67,1-0
1732,1732,42,1732,0,1-0
1276,1332,46,1304,-56,0-1
1620,1585,38,1603,35,0-1
1494,1425,16,1460,69,0-1
2253,2270,40,2262,-17,1-0
1989,1964,35,1977,25,1-0
1748,1677,8,1713,71,1-0
1989,1991,25,1990,-2,0-1
2182,2190,30,2186,-8,1-0
2635,2604,29,2620,31,0-1
1362,1447,23,1405,-85,0-1
1954,1962,33,1958,-8,0-1
2225,2283,39,2254,-58,1-0
1891,1889,23,1890,2,1-0
1794,1756,25,1775,38,0-1
1613,1642,34,1628,-29,0-1
1731,1714,66,1723,17,0-1
1826,1795,43,1811,31,1-0
1876,1903,49,1890,-27,0-1
1595,1506,49,1551,89,1-0
1341,1312,44,1327,29,1-0
2084,2142,44,2113,-58,0-1
1606,1608,48,1607,-2,0-1
1837,1875,40,1856,-38,0-1
1492,1501,41,1497,-9,1-0
1380,1378,42,1379,2,0-1
1625,1661,14,1643,-36,0-1
1366,1585,28,1476,-219,1-0
1499,1402,21,1451,97,0-1
1601,1549,24,1575,52,1-0
1958,1924,46,1941,34,0-1
1349,1367,38,1358,-18,1-0
1837,1874,66,1856,-37,0-1
1332,1301,34,1317,31,1/2-1/2
2052,2120,11,2086,-68,0-1
2332,2394,43,2363,-62,1-0
2421,2383,43,2402,38,0-1
963,1037,28,1000,-74,0-1
1082,1116,19,1099,-34,0-1
1785,1767,25,1776,18,1-0
1742,1667,34,1705,75,1-0
1991,2023,22,2007,-32,1-0
1230,1258,27,1244,-28,1-0
1888,1867,61,1878,21,1/2-1/2
2082,2058,27,2070,24,0-1
1922,1908,60,1915,14,1/2-1/2
1367,1286,31,1327,81,1-0
1192,1198,51,1195,-6,1/2-1/2
1057,1039,39,1048,18,0-1
1890,1890,17,1890,0,1-0
1738,1604,23,1671,134,0-1
1139,1133,18,1136,6,1-0
1784,1788,17,1786,-4,1-0
1164,1189,18,1177,-25,1-0
1917,2029,22,1973,-112,1-0
1713,1720,37,1717,-7,0-1
1683,1600,39,1642,83,0-1
1443,1456,13,1450,-13,1-0
2214,2067,62,2141,147,1-0
1493,1500,45,1497,-7,0-1
1608,1610,54,1609,-2,1-0
1838,1877,34,1858,-39,0-1
1404,1408,23,1406,-4,1-0
1706,1877,28,1792,-171,0-1
1700,1766,26,1733,-66,0-1
2276,2189,45,2233,87,0-1
1886,1929,48,1908,-43,1-0
1638,1634,51,1636,4,1-0
1058,1062,68,1060,-4,1-0
1713,1681,19,1697,32,1-0
1468,1490,54,1479,-22,0-1
1745,1726,16,1736,19,1-0
2096,1975,47,2036,121,0-1
1785,1759,23,1772,26,0-1
1823,1870,68,1847,-47,0-1
1354,1334,47,1344,20,0-1
1925,1879,20,1902,46,1/2-1/2
1641,1640,27,1641,1,0-1
1321,1328,58,1325,-7,0-1
1539,1558,34,1549,-19,1-0
745,710,33,728,35,1-0
1517,1535,35,1526,-18,0-1
1745,1775,32,1760,-30,1-0
1745,1702,39,1724,43,1-0
2209,2232,58,2221,-23,1-0
2097,2110,33,2104,-13,1-0
2000,1989,17,1995,11,1-0
2409,2519,26,2464,-110,1/2-1/2
1361,1500,15,1431,-139,1-0
1794,1776,32,1785,18,0-1
1341,1317,34,1329,24,1-0
1958,1960,32,1959,-2,0-1
1673,1677,45,1675,-4,1-0
1594,1603,27,1599,-9,1-0
1504,1485,31,1495,19,1-0
1808,1828,52,1818,-20,0-1
1844,1943,43,1894,-99,0-1
2246,2278,20,2262,-32,0-1
1419,1434,20,1427,-15,0-1
1464,1510,32,1487,-46,1-0
2067,2085,29,2076,-18,1-0
1958,1984,35,1971,-26,0-1
1867,1861,33,1864,6,0-1
1446,1398,47,1422,48,0-1
1278,1255,31,1267,23,0-1
1207,1214,67,1211,-7,0-1
1664,1567,15,1616,97,1-0
1729,1709,16,1719,20,1-0
1674,1668,17,1671,6,1-0
2124,2110,57,2117,14,1/2-1/2
1319,1305,48,1312,14,0-1
905,839,54,872,66,1/2-1/2
1080,1138,5,1109,-58,0-1
1927,1999,15,1963,-72,1-0
2552,2577,57,2565,-25,1-0
994,986,12,990,8,1-0
1616,1725,65,1671,-109,0-1
1303,1355,21,1329,-52,1-0
1090,1046,28,1068,44,0-1
750,758,18,754,-8,1-0
1749,1775,41,1762,-26,1-0
1886,1906,60,1896,-20,1-0
2142,2032,65,2087,110,0-1
1500,1443,27,1472,57,1-0
1536,1553,22,1545,-17,1-0
965,942,35,954,23,1-0
1326,1237,13,1282,89,1-0
1353,1284,34,1319,69,1/2-1/2
1251,1045,27,1148,206,1-0
1667,1654,39,1661,13,1-0
1127,1113,10,1120,14,0-1
1067,1090,41,1079,-23,1-0
1695,1705,53,1700,-10,0-1
951,1028,26,990,-77,0-1
1936,1916,23,1926,20,1-0
1716,1706,30,1711,10,1-0
933,994,4,964,-61,1-0
1960,2015,22,1988,-55,0-1
1931,1937,33,1934,-6,1-0
2117,2133,29,2125,-16,0-1
1190,1231,39,1211,-41,0-1
2282,2251,26,2267,31,0-1
2362,2373,40,2368,-11,0-1
2138,2147,44,2143,-9,1-0
1713,1734,15,1724,-21,0-1
1885,1886,33,1886,-1,1-0
2043,2105,54,2074,-62,1-0
2426,2491,21,2459,-65,0-1
1371,1332,37,1352,39,0-1
1847,1856,41,1852,-9,0-1
1648,1683,17,1666,-35,1-0
844,1038,24,941,-194,1-0
462,548,37,505,-86,0-1
1629,1625,54,1627,4,0-1
1306,1281,28,1294,25,0-1
1277,1277,34,1277,0,1-0
1775,1718,32,1747,57,0-1
1200,1179,26,1190,21,0-1
1435,1414,62,1425,21,1/2-1/2
1031,1088,32,1060,-57,0-1
1850,1862,56,1856,-12,1-0
1612,1592,12,1602,20,1-0
1481,1511,37,1496,-30,1-0
1500,1206,19,1353,294,0-1
1335,1307,30,1321,28,0-1
1812,1794,48,1803,18,1-0
1591,1569,20,1580,22,1-0
1691,1674,33,1683,17,0-1
1537,1513,33,1525,24,0-1
1791,1712,12,1752,79,1-0
1869,1863,4,1866,6,1-0
1698,1619,20,1659,79,1-0
1709,1728,25,1719,-19,1-0
1668,1583,31,1626,85,1-0
1840,1802,24,1821,38,0-1
1924,1947,29,1936,-23,1-0
1453,1474,33,1464,-21,1-0
784,761,24,773,23,1-0
1302,1267,60,1285,35,0-1
1282,1285,31,1284,-3,0-1
2024,2031,17,2028,-7,0-1
1890,1864,14,1877,26,1-0
1787,1785,23,1786,2,0-1
1500,1393,10,1447,107,1-0
989,999,20,994,-10,1-0
1562,1984,39,1773,-422,0-1
1636,1632,60,1634,4,1-0
1497,1532,29,1515,-35,1-0
1767,1751,31,1759,16,0-1
1896,1818,29,1857,78,0-1
1744,1743,33,1744,1,1-0
2196,2188,48,2192,8,1-0
2270,2333,50,2302,-63,1-0
1813,1781,11,1797,32,1-0
2147,2477,28,2312,-330,0-1
2006,2098,24,2052,-92,1-0
1578,1599,10,1589,-21,0-1
1300,1300,37,1300,0,0-1
1537,1629,23,1583,-92,0-1
1970,1903,34,1937,67,1-0
1986,1972,28,1979,14,1-0
2256,2443,52,2350,-187,0-1
2094,1573,26,1834,521,1-0
2483,2273,11,2378,210,1-0
1772,1732,32,1752,40,1-0
1777,1780,22,1779,-3,0-1
1635,1614,38,1625,21,1-0
2024,2088,40,2056,-64,1-0
1721,1700,43,1711,21,0-1
1371,1312,25,1342,59,0-1
1793,1782,28,1788,11,0-1
1572,1594,10,1583,-22,0-1
2019,1993,32,2006,26,1-0
1804,1810,29,1807,-6,1-0
2257,2234,35,2246,23,1-0
1671,1685,42,1678,-14,0-1
1274,1212,12,1243,62,1-0
1638,1645,39,1642,-7,1-0
2082,2131,51,2107,-49,0-1
1981,1947,28,1964,34,0-1
1615,1624,49,1620,-9,1-0
2460,2481,28,2471,-21,1-0
1774,1705,41,1740,69,1-0
2339,2332,44,2336,7,1-0
1457,1404,31,1431,53,1-0
1632,1636,15,1634,-4,1-0
2178,2158,42,2168,20,1-0
1141,1208,28,1175,-67,1-0
1604,1589,29,1597,15,1-0
2325,2323,47,2324,2,1-0
1582,1590,35,1586,-8,0-1
1652,1649,30,1651,3,0-1
1519,1530,30,1525,-11,1-0
1127,1348,37,1238,-221,1/2-1/2
1298,1710,19,1504,-412,1/2-1/2
2185,2540,35,2363,-355,0-1
1604,2036,33,1820,-432,0-1
2221,2401,34,2311,-180,0-1
1359,1160,19,1260,199,1-0
1249,1017,23,1133,232,1-0
1609,1656,13,1633,-47,1-0
901,590,8,746,311,1-0
640,657,26,649,-17,1-0
1940,1898,47,1919,42,1-0
1707,1682,25,1695,25,1-0
1244,1247,19,1246,-3,0-1
1584,1595,63,1590,-11,0-1
2249,2173,49,2211,76,1-0
1219,1222,20,1221,-3,1-0
1389,1368,35,1379,21,0-1
1874,1777,47,1826,97,1/2-1/2
1345,1357,46,1351,-12,0-1
1516,1572,29,1544,-56,0-1
1757,1766,13,1762,-9,0-1
1390,1513,28,1452,-123,0-1
1987,1976,31,1982,11,1-0
1191,1066,37,1129,125,0-1
1753,1688,23,1721,65,1-0
1309,1353,41,1331,-44,0-1
1969,2048,35,2009,-79,1-0
1810,1849,33,1830,-39,1/2-1/2
1877,1876,45,1877,1,1/2-1/2
1484,1467,16,1476,17,0-1
1758,1669,18,1714,89,1-0
2138,2070,44,2104,68,0-1
1718,1662,34,1690,56,1-0
2063,2164,37,2114,-101,1-0
2181,2182,24,2182,-1,1-0
1299,1358,30,1329,-59,0-1
1982,1966,31,1974,16,1-0
1019,976,14,998,43,1-0
1491,1414,10,1453,77,1-0
1271,1273,34,1272,-2,0-1
1354,1407,29,1381,-53,1-0
964,987,7,976,-23,1-0
1263,1241,18,1252,22,0-1
1357,1365,35,1361,-8,1-0
1133,1113,24,1123,20,1-0
1797,1792,38,1795,5,1-0
1866,1894,60,1880,-28,1-0
1715,1704,34,1710,11,1-0
2838,2945,35,2892,-107,0-1
1483,1473,11,1478,10,0-1
2646,2530,51,2588,116,1-0
1956,2021,42,1989,-65,1-0
863,814,29,839,49,0-1
1342,1305,37,1324,37,0-1
1573,1569,19,1571,4,0-1
1797,1888,42,1843,-91,0-1
1961,1939,41,1950,22,1-0
804,926,11,865,-122,0-1
1363,1401,61,1382,-38,1/2-1/2
1970,1977,19,1974,-7,0-1
1524,1596,36,1560,-72,1-0
1455,1512,16,1484,-57,0-1
1695,1671,25,1683,24,1-0
1762,1765,61,1764,-3,1-0
1806,1785,28,1796,21,1-0
1984,2131,30,2058,-147,1-0
1661,1653,14,1657,8,1-0
1262,1304,12,1283,-42,1-0
2054,2054,29,2054,0,1-0
1279,1271,24,1275,8,0-1
1501,1555,9,1528,-54,0-1
1675,1671,81,1673,4,1-0
1709,1707,11,1708,2,0-1
2108,2148,18,2128,-40,1-0
1462,1473,10,1468,-11,1-0
1764,1806,42,1785,-42,1-0
1310,1282,27,1296,28,0-1
1559,1586,55,1573,-27,0-1
1847,1865,18,1856,-18,0-1
2029,2051,39,2040,-22,1-0
2430,2486,27,2458,-56,0-1
2270,2195,37,2233,75,1-0
2171,2164,25,2168,7,1-0
2103,1634,17,1869,469,1-0
1950,2039,35,1995,-89,1/2-1/2
1899,1891,30,1895,8,1-0
1078,1141,30,1110,-63,1-0
2063,2095,43,2079,-32,0-1
2303,2379,23,2341,-76,1-0
1346,1280,24,1313,66,0-1
906,742,30,824,164,1-0
2326,2316,35,2321,10,1-0
1907,1927,35,1917,-20,0-1
1629,1551,26,1590,78,1-0
1883,1879,36,1881,4,0-1
1716,1687,50,1702,29,1-0
1427,1486,33,1457,-59,0-1
1791,1819,35,1805,-28,0-1
1921,2250,43,2086,-329,1-0
1857,1860,14,1859,-3,1-0
1323,1306,22,1315,17,1-0
1102,1206,42,1154,-104,1-0
1920,1941,9,1931,-21,1-0
1454,1381,28,1418,73,0-1
1613,1600,33,1607,13,1-0
1234,1218,47,1226,16,1-0
1917,1918,50,1918,-1,0-1
1900,1879,29,1890,21,1-0
941,947,31,944,-6,0-1
1802,1743,24,1773,59,0-1
1513,1596,52,1555,-83,0-1
1812,1854,32,1833,-42,0-1
1141,1046,25,1094,95,1-0
2065,2054,31,2060,11,1-0
2619,2524,41,2572,95,1-0
518,1007,8,763,-489,0-1
1080,1092,30,1086,-12,1-0
1617,1877,22,1747,-260,0-1
2143,2138,35,2141,5,0-1
2036,2035,43,2036,1,1/2-1/2
1579,1556,26,1568,23,0-1
953,980,82,967,-27,1-0
2323,2273,44,2298,50,1-0
1190,1204,39,1197,-14,0-1
1988,2019,31,2004,-31,0-1
1097,1151,52,1124,-54,0-1
1270,1288,27,1279,-18,0-1
2002,1963,35,1983,39,1-0
1099,1166,9,1133,-67,1-0
1687,1721,24,1704,-34,1-0
1548,1583,18,1566,-35,1-0
944,925,4,935,19,1-0
2150,2116,26,2133,34,1-0
1688,1712,46,1700,-24,0-1
2011,1964,32,1988,47,0-1
971,979,12,975,-8,0-1
1917,2017,26,1967,-100,1-0
791,823,8,807,-32,1-0
1864,1901,9,1883,-37,1-0
2058,2141,44,2100,-83,0-1
1469,1481,28,1475,-12,0-1
1287,1352,14,1320,-65,1-0
1432,1436,24,1434,-4,1-0
1528,1574,15,1551,-46,1-0
1227,1278,32,1253,-51,0-1
1651,1612,35,1632,39,1-0
915,952,50,934,-37,1-0
1209,1224,20,1217,-15,1-0
1061,1142,21,1102,-81,0-1
1060,1005,25,1033,55,1-0
1174,1194,46,1184,-20,0-1
2012,2012,44,2012,0,0-1
1790,1804,19,1797,-14,0-1
1420,1401,24,1411,19,1-0
1515,1528,35,1522,-13,0-1
1696,1668,29,1682,28,1/2-1/2
1723,1717,28,1720,6,0-1
2116,2284,47,2200,-168,0-1
1024,1096,30,1060,-72,0-1
1841,1844,57,1843,-3,1-0
1203,1310,38,1257,-107,0-1
2070,2116,19,2093,-46,0-1
1860,1856,35,1858,4,1-0
1168,1166,43,1167,2,1-0
1556,1551,28,1554,5,1-0
1620,1605,14,1613,15,1-0
1954,2006,37,1980,-52,1-0
1409,1399,33,1404,10,0-1
1569,1612,40,1591,-43,0-1
1901,1892,36,1897,9,1-0
2402,2418,42,2410,-16,1-0
1748,1767,27,1758,-19,0-1
2177,2191,24,2184,-14,1-0
1922,1941,47,1932,-19,0-1
1179,1307,33,1243,-128,1-0
1208,1163,23,1186,45,1-0
1557,1467,35,1512,90,0-1
1941,1952,39,1947,-11,0-1
2299,2282,25,2291,17,1-0
1674,1705,31,1690,-31,1-0
2056,1936,21,1996,120,0-1
1674,1735,67,1705,-61,0-1
1572,1658,53,1615,-86,1-0
1898,1994,40,1946,-96,0-1
1557,1664,38,1611,-107,0-1
1716,1695,54,1706,21,1-0
1760,1898,31,1829,-138,1-0
1592,2105,30,1849,-513,1-0
1514,2503,35,2009,-989,0-1
2091,1922,32,2007,169,1-0
1899,1893,34,1896,6,0-1
2192,2201,53,2197,-9,0-1
1635,1702,39,1669,-67,1-0
1089,1080,36,1085,9,0-1
928,940,26,934,-12,1-0
1746,1780,41,1763,-34,1-0
1500,1409,14,1455,91,0-1
611,769,17,690,-158,0-1
1006,939,31,973,67,1-0
1260,1281,55,1271,-21,0-1
1544,1519,25,1532,25,0-1
1387,1370,9,1379,17,1-0
1500,1509,34,1505,-9,1-0
1500,1476,61,1488,24,0-1
1561,1567,56,1564,-6,1-0
1869,1923,29,1896,-54,1-0
1553,1562,35,1558,-9,0-1
1779,1803,46,1791,-24,1-0
1105,1026,24,1066,79,1-0
1239,1297,42,1268,-58,0-1
1964,2098,74,2031,-134,0-1
1719,1769,57,1744,-50,0-1
1202,1123,55,1163,79,1-0
1309,1371,35,1340,-62,0-1
1486,1489,33,1488,-3,1-0
1502,1523,11,1513,-21,0-1
970,982,20,976,-12,1-0
2073,1956,28,2015,117,1-0
1793,2228,30,2011,-435,0-1
2038,1773,30,1906,265,1-0
1985,1711,26,1848,274,1-0
1384,2022,35,1703,-638,0-1
2008,1989,22,1999,19,1-0
2023,1918,28,1971,105,0-1
2256,2145,33,2201,111,1-0
1328,1293,24,1311,35,1-0
1698,1700,37,1699,-2,1/2-1/2
1705,1706,26,1706,-1,1-0
1678,1671,25,1675,7,1-0
1771,1753,32,1762,18,1-0
701,754,6,728,-53,0-1
2140,2120,31,2130,20,0-1
1466,1470,19,1468,-4,1-0
1451,1464,9,1458,-13,0-1
1809,1811,47,1810,-2,0-1
1857,1828,17,1843,29,1-0
2007,2032,15,2020,-25,1-0
2057,2075,34,2066,-18,1-0
2175,2188,34,2182,-13,1-0
1338,1353,14,1346,-15,1-0
1011,999,33,1005,12,1-0
1578,1598,35,1588,-20,0-1
1447,1448,42,1448,-1,0-1
1548,1563,30,1556,-15,0-1
1869,1912,43,1891,-43,1-0
1471,1465,42,1468,6,1-0
2307,1908,37,2108,399,1-0
1698,1777,22,1738,-79,0-1
1564,1651,59,1608,-87,1-0
1514,1509,45,1512,5,1-0
2102,2040,53,2071,62,0-1
1756,1758,55,1757,-2,1-0
1946,2020,21,1983,-74,0-1
1673,1710,33,1692,-37,0-1
1491,1473,24,1482,18,0-1
1412,1412,33,1412,0,0-1
2407,2230,45,2319,177,1-0
1636,1600,13,1618,36,0-1
1193,1169,29,1181,24,1-0
1866,1816,64,1841,50,1/2-1/2
1635,1654,28,1645,-19,0-1
2315,2387,33,2351,-72,0-1
2210,2173,40,2192,37,1-0
2809,2803,34,2806,6,0-1
1906,2025,44,1966,-119,0-1
2512,2345,40,2429,167,1-0
2045,2069,47,2057,-24,1-0
1790,1809,25,1800,-19,1-0
2080,2088,33,2084,-8,1-0
1558,1614,37,1586,-56,0-1
1435,1554,51,1495,-119,1-0
2217,2234,52,2226,-17,1-0
971,1102,19,1037,-131,0-1
1294,1343,33,1319,-49,1/2-1/2
1017,921,14,969,96,1-0
768,897,25,833,-129,1-0
1737,1713,41,1725,24,1/2-1/2
1517,1516,26,1517,1,1-0
1440,1406,40,1423,34,0-1
1581,1628,67,1605,-47,1-0
2143,2242,49,2193,-99,0-1
1321,1333,12,1327,-12,1-0
1652,1637,12,1645,15,1-0
1554,1560,34,1557,-6,0-1
1738,1764,54,1751,-26,1/2-1/2
1739,1783,35,1761,-44,0-1
1270,1266,21,1268,4,1-0
1766,1768,15,1767,-2,1-0
1088,1059,19,1074,29,0-1
1389,1391,46,1390,-2,1-0
1875,1888,33,1882,-13,0-1
1670,1560,73,1615,110,1-0
1734,1859,33,1797,-125,0-1
2007,2018,35,2013,-11,1-0
1500,1500,22,1500,0,1-0
1564,1546,16,1555,18,1-0
984,850,14,917,134,1-0
2035,2021,53,2028,14,1-0
1872,1861,30,1867,11,1-0
1130,1130,28,1130,0,1-0
1945,1934,54,1940,11,0-1
2516,2505,41,2511,11,0-1
1342,1315,24,1329,27,1-0
1611,1617,86,1614,-6,0-1
1274,1180,45,1227,94,0-1
1374,1395,28,1385,-21,1-0
892,798,36,845,94,1-0
1678,1650,51,1664,28,1-0
2046,2016,46,2031,30,1-0
1305,1330,61,1318,-25,1/2-1/2
1683,1722,26,1703,-39,1-0
1945,1893,47,1919,52,1-0
1083,1087,36,1085,-4,0-1
1073,1044,33,1059,29,0-1
2094,2116,31,2105,-22,1-0
1010,1014,16,1012,-4,1-0
1915,1897,61,1906,18,1/2-1/2
1808,1761,20,1785,47,0-1
1371,1364,25,1368,7,0-1
1669,1600,14,1635,69,0-1
1468,1478,6,1473,-10,0-1
1826,1829,49,1828,-3,0-1
1748,1784,31,1766,-36,1-0
2358,2363,62,2361,-5,0-1
1201,1226,38,1214,-25,0-1
1179,1135,34,1157,44,0-1
1776,1744,35,1760,32,1-0
1671,1671,28,1671,0,0-1
2148,2092,37,2120,56,1-0
1963,1910,44,1937,53,0-1
1589,1590,21,1590,-1,0-1
1425,1375,54,1400,50,0-1
1970,1971,60,1971,-1,1-0
1351,1307,19,1329,44,0-1
1917,1871,43,1894,46,1-0
1907,1964,26,1936,-57,0-1
1281,1207,26,1244,74,0-1
1806,1691,69,1749,115,1-0
1124,1089,47,1107,35,1-0
1810,1738,25,1774,72,1-0
1772,1938,28,1855,-166,0-1
1866,1521,41,1694,345,1-0
1599,1643,38,1621,-44,0-1
1694,1961,28,1828,-267,0-1
1930,1624,27,1777,306,1-0
1456,1523,25,1490,-67,0-1
1583,1525,37,1554,58,0-1
1913,1918,43,1916,-5,1-0
1150,1167,23,1159,-17,0-1
1918,1902,20,1910,16,0-1
2202,2173,32,2188,29,0-1
1670,1653,36,1662,17,0-1
1774,1804,39,1789,-30,1-0
2033,2033,20,2033,0,0-1
1688,1718,34,1703,-30,0-1
1993,2015,36,2004,-22,0-1
1569,1577,31,1573,-8,1-0
2099,2082,10,2091,17,1-0
1827,1817,26,1822,10,0-1
1650,1650,24,1650,0,0-1
1492,1487,35,1490,5,0-1
1506,1563,44,1535,-57,0-1
1689,1720,20,1705,-31,0-1
2644,2433,30,2539,211,1-0
1638,1592,32,1615,46,1-0
2086,2172,53,2129,-86,0-1
1945,1927,40,1936,18,1-0
1420,1432,39,1426,-12,1-0
1875,1878,44,1877,-3,0-1
1376,1373,45,1375,3,0-1
1643,1684,62,1664,-41,1-0
1077,1088,39,1083,-11,1-0
1746,1710,38,1728,36,1-0
1138,1153,78,1146,-15,1/2-1/2
1385,1355,30,1370,30,0-1
2222,2354,35,2288,-132,0-1
2111,2209,67,2160,-98,0-1
1470,1341,17,1406,129,0-1
1012,1048,15,1030,-36,0-1
1432,1425,29,1429,7,0-1
1491,1470,41,1481,21,1-0
1076,1076,22,1076,0,0-1
1625,1709,22,1667,-84,0-1
913,918,29,916,-5,0-1
1842,1880,46,1861,-38,1-0
1965,2047,7,2006,-82,0-1
1565,1520,19,1543,45,1-0
2004,1968,18,1986,36,1-0
2018,2048,40,2033,-30,0-1
1484,1414,33,1449,70,1-0
1832,1824,30,1828,8,0-1
1400,1381,28,1391,19,0-1
1803,1757,30,1780,46,0-1
1821,1918,28,1870,-97,1-0
1464,1510,29,1487,-46,0-1
1543,1536,36,1540,7,0-1
1265,1253,26,1259,12,1-0
1681,1570,31,1626,111,1-0
1294,1388,22,1341,-94,1-0
1663,1729,24,1696,-66,1-0
1912,1919,21,1916,-7,0-1
1287,1287,63,1287,0,1/2-1/2
1879,1857,29,1868,22,0-1
1474,1454,26,1464,20,0-1
1266,1158,38,1212,108,0-1
