y_true,y_pred,prob_1-0,prob_0-1,prob_1/2-1/2
0-1,1-0,0.0,0.4668357866810338,0.49636246552474694
1-0,1-0,0.0,0.4655784445487608,0.49449669333890933
1-0,1-0,0.0,0.4649741252417125,0.4988650141322314
1-0,1-0,0.0,0.4670554654180877,0.49590101225290945
0-1,1-0,0.0,0.46535884111928244,0.49841549249735034
1-0,1-0,0.0,0.4629912893858785,0.49499976142926283
0-1,1-0,0.0,0.46684184291226605,0.4963513159827077
0-1,1-0,0.0,0.4654488424623239,0.4945076090719166
1-0,1-0,0.0,0.4582374903085267,0.4965046376899394
1-0,1-0,0.0,0.4671270015322616,0.4949287521217395
1-0,1-0,0.0,0.4563109041079318,0.5072876071875123
0-1,1-0,0.0,0.46235920183102763,0.5016313551213186
0-1,1-0,0.0,0.4655576271151472,0.49817551411504835
1-0,1-0,0.0,0.4639366284571201,0.5000087337107755
1-0,1-0,0.0,0.46719178564163116,0.4954042951025401
1-0,1-0,0.0,0.46586084611128575,0.4944829303786575
1-0,1-0,0.0,0.4487388720746642,0.5138245263666481
1-0,1-0,0.0,0.4589443307136482,0.5048975337215793
0-1,1-0,0.0,0.4354758830622223,0.5245910608944101
1-0,1-0,0.0,0.4671823152034609,0.4950856578294422
1-0,1-0,0.0,0.4645700323477242,0.4993205023081336
0-1,1-0,0.0,0.46504276264078354,0.49455641583408727
0-1,1-0,0.0,0.4667264637639788,0.4945958179042012
1-0,1-0,0.0,0.46622253595559243,0.49449219309733383
0-1,1-0,0.0,0.4302855493186452,0.5286397893319249
1-0,1-0,0.0,0.45412971305900296,0.4979780180929179
0-1,1-0,0.0,0.4620412916725241,0.49526657980829675
1-0,1-0,0.0,0.4665934123607192,0.49455268231768623
1-0,1-0,0.0,0.460012772122627,0.4959025906951272
0-1,1-0,0.0,0.46663040092624625,0.4967129695271751
1-0,1-0,0.0,0.4671965872483981,0.49535784989888665
1-0,1-0,0.0,0.44397006245355664,0.5177752614463047
0-1,1-0,0.0,0.4651885803096008,0.4986166300424856
0-1,1-0,0.0,0.46119358623148343,0.4955234888729354
1-0,1-0,0.0,0.46267018160769585,0.4950869839114167
1-0,1-0,0.0,0.46513001973314233,0.49454428231633735
0-1,1-0,0.0,0.46390908373027145,0.5000380750543024
1-0,1-0,0.0,0.4663886829036033,0.4945108931024304
1-0,1-0,0.0,0.4670577609039169,0.49482248731834255
1-0,1-0,0.0,0.43413486526591566,0.5256449664147779
0-1,1-0,0.0,0.46582875945309876,0.49783738593309435
0-1,1-0,0.0,0.46357152018699566,0.5003942650364842
0-1,1-0,0.0,0.45994556265104825,0.4959247654992264
1-0,1-0,0.0,0.46538032478829805,0.494514379754449
1-0,1-0,0.0,0.46704224059840804,0.494804184535882
1-0,1-0,0.0,0.4447426058481376,0.5171420533665333
1-0,1-0,0.0,0.46494631007674964,0.49457074757003533
1-0,1-0,0.0,0.45710328676888506,0.5065769774759943
1-0,1-0,0.0,0.4655844327855161,0.4944962526250735
0-1,1-0,0.0,0.4622742379125758,0.5017160320953808
1/2-1/2,1-0,0.0,0.46326499179536523,0.49492821753858457
0-1,1-0,0.0,0.44580798200540983,0.5162647094429466
1-0,1-0,0.0,0.4626970785743986,0.5012922534769744
1/2-1/2,1-0,0.0,0.4656236513222852,0.4944935131199215
0-1,1-0,0.0,0.4602186288965135,0.4958350334236678
1-0,1-0,0.0,0.4616370527251837,0.49538721262458557
1-0,1-0,0.0,0.45627830612955794,0.5073167033341561
1-0,1-0,0.0,0.4386074205496102,0.5221075503307062
1-0,1-0,0.0,0.46713244168331,0.49493970359634665
0-1,1-0,0.0,0.4632410170749245,0.5007374970868514
1-0,1-0,0.0,0.4587825754756226,0.5050468854327435
0-1,1-0,0.0,0.4615728411386401,0.5024068922052538
1-0,1-0,0.0,0.4648366316350903,0.49902169351688763
0-1,1-0,0.0,0.4631817329193792,0.5007985425201441
0-1,1-0,0.0,0.4665616549942934,0.4945445057370672
0-1,1-0,0.0,0.4671980992608005,0.4951961722297912
0-1,1-0,0.0,0.46718947902629515,0.49512318448678516
1-0,1-0,0.0,0.46653290938615616,0.49453769937638303
0-1,1-0,0.0,0.4649200471148361,0.49892686317657814
1-0,1-0,0.0,0.4371843369803196,0.5041649544201124
1-0,1-0,0.0,0.46059262539678486,0.4957137857537733
1-0,1-0,0.0,0.44161381753234125,0.5025864346295978
0-1,1-0,0.0,0.45264550578490176,0.5105013052371341
0-1,1-0,0.0,0.4556700931496287,0.49741690519677684
0-1,1-0,0.0,0.46557654226685635,0.49815235742327174
0-1,1-0,0.0,0.44637535607571605,0.5008462296658183
1-0,1-0,0.0,0.4584646491012553,0.5053393514914896
0-1,1-0,0.0,0.4655386184620484,0.4981987258636297
1-0,1-0,0.0,0.4637675736660629,0.4948047055712705
0-1,1-0,0.0,0.4672004908032148,0.49528025662766684
1-0,1-0,0.0,0.46709957850016964,0.49578243416615975
0-1,1-0,0.0,0.4664037120834077,0.49705877336255466
1-0,1-0,0.0,0.45618363205682916,0.507401147373532
1-0,1-0,0.0,0.44476910489280674,0.5014372184066722
1-0,1-0,0.0,0.46685312732923284,0.49465482244878317
1/2-1/2,1-0,0.0,0.4665957793239484,0.4967679947809239
1-0,1-0,0.0,0.46714429984753475,0.49563877885180274
1-0,1-0,0.0,0.4664863048978521,0.4945277702438712
0-1,1-0,0.0,0.4402451698173447,0.5030789653712998
0-1,1-0,0.0,0.46357423066817144,0.49485090869660414
1-0,1-0,0.0,0.4572208016505629,0.49686140587369876
0-1,1-0,0.0,0.46689599930897585,0.4946804337730458
0-1,1-0,0.0,0.45327773644215963,0.4982910325932026
0-1,1-0,0.0,0.44832954740880576,0.5001235302011112
0-1,1-0,0.0,0.464907402077199,0.49894128256281867
0-1,1-0,0.0,0.46640749656962754,0.49451376691592136
1-0,1-0,0.0,0.40199832846628186,0.514447840650462
1-0,1-0,0.0,0.46686251936933404,0.496312787867838
1-0,1-0,0.0,0.4662677961275777,0.4972530031600302
1-0,1-0,0.0,0.43028544416872827,0.5286398705419664
0-1,1-0,0.0,0.4596710352566147,0.5042216402152941
0-1,1-0,0.0,0.463448599127618,0.4948818345204629
0-1,1-0,0.0,0.4558062783669414,0.497367683283994
1-0,1-0,0.0,0.4607399882645438,0.5032108681287277
1-0,1-0,0.0,0.4657149285409145,0.49448816955380587
1-0,1-0,0.0,0.46623283481496897,0.4944930369124664
1-0,1-0,0.0,0.4670869127608406,0.49486137706976907
0-1,1-0,0.0,0.466609279716053,0.49455704255606325
1-0,1-0,0.0,0.46690178781919117,0.4962374407110247
1-0,1-0,0.0,0.4583915385336376,0.505406410600148
1-0,1-0,0.0,0.464250282024511,0.49967135390584794
1-0,1-0,0.0,0.46185322642909266,0.5021323835532069
1-0,1-0,0.0,0.4435936023294099,0.5180829419085722
0-1,1-0,0.0,0.46120944971022015,0.4955185493068428
0-1,1-0,0.0,0.4574639975211548,0.5062512233696629
1-0,1-0,0.0,0.4406894160686734,0.5204380841563819
1-0,1-0,0.0,0.46174807819221625,0.5022355752163038
1-0,1-0,0.0,0.4581686870958084,0.5056103776613111
1-0,1-0,0.0,0.4652627130736495,0.4945274710257329
0-1,1-0,0.0,0.46053519205237964,0.503406214551138
1-0,1-0,0.0,0.46711833241878176,0.4949123638699111
0-1,1-0,0.0,0.46462032308146906,0.49462553469948534
1-0,1-0,0.0,0.462768313285721,0.49505997662961765
0-1,1-0,0.0,0.4549757148606763,0.4976689327029701
0-1,1-0,0.0,0.46456498912071936,0.4993260965062311
1-0,1-0,0.0,0.46336619807371476,0.5006080894465968
0-1,1-0,0.0,0.46575635463579523,0.4979290655793525
1-0,1-0,0.0,0.46693662775744715,0.49470826120209094
0-1,1-0,0.0,0.43061960467588556,0.5283816274435519
1-0,1-0,0.0,0.4659820623624316,0.4976394023657272
0-1,1-0,0.0,0.46396225642566097,0.494760031411363
0-1,1-0,0.0,0.46488492043185947,0.49458034329033884
0-1,1-0,0.0,0.4485743709440125,0.5000327962510502
1-0,1-0,0.0,0.4659820630665157,0.4976394014432759
1-0,1-0,0.0,0.46704990918092976,0.4959149191932009
1-0,1-0,0.0,0.46606525447620606,0.4975294799581871
0-1,1-0,0.0,0.45856622812939335,0.5052460597264661
1-0,1-0,0.0,0.46695962673636304,0.49472585937301644
0-1,1-0,0.0,0.4659171878541884,0.4977238662780274
1/2-1/2,1-0,0.0,0.4508375581739002,0.5120504220715891
0-1,1-0,0.0,0.4626393698843134,0.4950955247156882
0-1,1-0,0.0,0.4552737666465764,0.5082083539048774
0-1,1-0,0.0,0.4671505707503833,0.49498093466839665
0-1,1-0,0.0,0.4665604489661883,0.4968232239284846
1-0,1-0,0.0,0.46152867653267127,0.49542015752368884
1-0,1-0,0.0,0.45998251785388083,0.5039292871798184
0-1,1-0,0.0,0.46367883098051926,0.5002816874323754
1-0,1-0,0.0,0.45954569288543445,0.5043388191863817
0-1,1-0,0.0,0.46206141152862507,0.5019271567332865
1-0,1-0,0.0,0.46164029054624495,0.49538623211958255
1-0,1-0,0.0,0.45847941562972766,0.5053257984329569
1-0,1-0,0.0,0.4667577223050723,0.4946084538376032
0-1,1-0,0.0,0.4622811128229182,0.4951968420485853
1-0,1-0,0.0,0.46622147514391044,0.4944921083380716
1-0,1-0,0.0,0.4672005396119608,0.4952764086543322
1-0,1-0,0.0,0.46643330946555445,0.4945179938229383
1-0,1-0,0.0,0.46633426451504956,0.4971590219997737
1-0,1-0,0.0,0.45462790056729074,0.5087768670413346
1-0,1-0,0.0,0.4170192931123713,0.510614873179163
1-0,1-0,0.0,0.4624382162710793,0.5015523987826439
1-0,1-0,0.0,0.4662822635011559,0.49723270005741677
1-0,1-0,0.0,0.4670216510326654,0.4947819616661019
0-1,1-0,0.0,0.4652105849980361,0.49453382885320696
0-1,1-0,0.0,0.46720058150587507,0.4952594677451154
1-0,1-0,0.0,0.44159379108920577,0.5025936697243194
0-1,1-0,0.0,0.4547892135347778,0.49773689641809415
1-0,1-0,0.0,0.46074843087146095,0.4956638839245628
0-1,1-0,0.0,0.46247150920375923,0.49514254718122586
0-1,1-0,0.0,0.4660696869450957,0.49752356918311125
1-0,1-0,0.0,0.46634738171555995,0.49714025551785845
1/2-1/2,1-0,0.0,0.46652627504509486,0.496875830306941
1/2-1/2,1-0,0.0,0.465501223427995,0.49824421960040366
1-0,1-0,0.0,0.4620395918388837,0.4952670791968152
1-0,1-0,0.0,0.45764910419779153,0.506083472067511
0-1,1-0,0.0,0.4428765063522349,0.5021286673903581
1-0,1-0,0.0,0.4332442858613175,0.5055270298623973
1-0,1-0,0.0,0.4517808151435242,0.5112447884075233
0-1,1-0,0.0,0.46719733850927064,0.4951865991671217
0-1,1-0,0.0,0.46606414838719673,0.49753095406285786
0-1,1-0,0.0,0.4560697215226824,0.5075026327408007
1-0,1-0,0.0,0.46626290705849444,0.49725984588522304
1-0,1-0,0.0,0.46315697527112665,0.49495612322057103
0-1,1-0,0.0,0.4306177793744878,0.5283830389401192
1-0,1-0,0.0,0.4666625537100215,0.494573142723312
0-1,1-0,0.0,0.45699409829342935,0.4969418566995749
1-0,1-0,0.0,0.46706849374709186,0.49586760763684085
1-0,1-0,0.0,0.44241348475710324,0.5022968830257603
1-0,1-0,0.0,0.4478978454869978,0.5002834403029781
1-0,1-0,0.0,0.45079569003552183,0.4992089151200628
1-0,1-0,0.0,0.46512710921276407,0.4986883599166972
1-0,1-0,0.0,0.4309438866241667,0.5063015697299867
0-1,1-0,0.0,0.4371309017301538,0.5041837080346999
1-0,1-0,0.0,0.4590898612106071,0.4962116703216577
1-0,1-0,0.0,0.4143097392486989,0.5406259726537191
0-1,1-0,0.0,0.46411333813004224,0.49981942026044285
1-0,1-0,0.0,0.4656340427253311,0.4980815899827874
0-1,1-0,0.0,0.45657654087110605,0.5070501074277306
0-1,1-0,0.0,0.46705143492006557,0.49591111938224763
1-0,1-0,0.0,0.4496548324523245,0.4996321000061421
0-1,1-0,0.0,0.4668066478677606,0.49463061705674194
1-0,1-0,0.0,0.45616462407196423,0.5074180908057697
1-0,1-0,0.0,0.46420168557013297,0.49972403871372817
1-0,1-0,0.0,0.466569260523821,0.49454639929121474
1-0,1-0,0.0,0.4615369037527769,0.4954176481099742
1-0,1-0,0.0,0.4584938132660347,0.4964158797417839
1-0,1-0,0.0,0.46434361896008275,0.4946786486826382
1-0,1-0,0.0,0.42366223151902777,0.5086415884966651
0-1,1-0,0.0,0.443257796277684,0.5183569179793005
1-0,1-0,0.0,0.43797196316868797,0.5226141229083215
0-1,1-0,0.0,0.46669671836135507,0.49660475360001516
0-1,1-0,0.0,0.4642927693439919,0.49962516082802183
1-0,1-0,0.0,0.4480910202718164,0.5143674644374471
1-0,1-0,0.0,0.4664817491542813,0.49452686879574437
1-0,1-0,0.0,0.435873639135124,0.5046227943408127
1-0,1-0,0.0,0.4663614464156885,0.4945070280981309
0-1,1-0,0.0,0.4613035857546897,0.49548933256031513
1-0,1-0,0.0,0.44558895853677977,0.5011359842795562
1-0,1-0,0.0,0.46706378878492905,0.4948300077650298
0-1,1-0,0.0,0.4589562114159396,0.5048865490010274
0-1,1-0,0.0,0.46430940667721954,0.4946855851811305
1-0,1-0,0.0,0.46183079442381564,0.4953289381484023
1-0,1-0,0.0,0.45978456118332334,0.5041152804892004
1-0,1-0,0.0,0.4632967856423452,0.49492008905736184
1-0,1-0,0.0,0.46471282503023686,0.4991612331050281
1-0,1-0,0.0,0.4403010386206728,0.503058938994767
0-1,1-0,0.0,0.4639699121969411,0.49475831507559864
1-0,1-0,0.0,0.46690388567929525,0.4946855415655786
1/2-1/2,1-0,0.0,0.45728637661884547,0.49683819103236954
1-0,1-0,0.0,0.4650220721949935,0.4945594109893052
0-1,1-0,0.0,0.46689450820239975,0.4962516418312403
0-1,1-0,0.0,0.4219089884096603,0.5091779552754403
1-0,1-0,0.0,0.4658098207765435,0.4944842689188175
0-1,1-0,0.0,0.45900423145182934,0.4962408060389439
0-1,1-0,0.0,0.4451902198896848,0.5167740323812454
1-0,1-0,0.0,0.4665845993804973,0.49678556849406336
1-0,1-0,0.0,0.4401805395822892,0.5208475386452329
0-1,1-0,0.0,0.4624431887647366,0.5015474230985477
0-1,1-0,0.0,0.4631558651700129,0.4949564122905577
0-1,1-0,0.0,0.4494750219293462,0.5132049663861322
0-1,1-0,0.0,0.4662668100623083,0.4972543839980775
0-1,1-0,0.0,0.4657122297612423,0.49448830591898124
1-0,1-0,0.0,0.4657757399267187,0.49790462611635933
0-1,1-0,0.0,0.4480218137096253,0.5144253395145549
1-0,1-0,0.0,0.46192586637517813,0.49530064634995835
1-0,1-0,0.0,0.46715710249413334,0.4949981078801231
1-0,1-0,0.0,0.45532636651600167,0.5081618951768826
0-1,1-0,0.0,0.46718005737313795,0.4950756382159214
0-1,1-0,0.0,0.4309149231372653,0.5063112188629909
1-0,1-0,0.0,0.4541871742978883,0.49795696448359883
1-0,1-0,0.0,0.46134676966389,0.49547598517316105
1-0,1-0,0.0,0.4450464527552724,0.5013354183932268
1/2-1/2,1-0,0.0,0.46130736303183173,0.49548816366298604
0-1,1-0,0.0,0.46305942356131463,0.5009240157962683
1-0,1-0,0.0,0.45920091043307387,0.5046598348950596
1/2-1/2,1-0,0.0,0.44554114949230533,0.5011535754084919
0-1,1-0,0.0,0.4586922561147975,0.49634753848913316
0-1,1-0,0.0,0.4317193858685834,0.5275293977632575
0-1,1-0,0.0,0.464546615272012,0.49934646039848063
1-0,1-0,0.0,0.4653393554707701,0.4984387055349921
1-0,1-0,0.0,0.4581902808666417,0.4965210418897545
1-0,1-0,0.0,0.467084518785791,0.4958247789493391
0-1,1-0,0.0,0.4648747693848302,0.4945819641218596
0-1,1-0,0.0,0.45437179870990024,0.49788937429791513
1-0,1-0,0.0,0.4069675826811416,0.5132807116445028
1-0,1-0,0.0,0.46077994842290537,0.5031726503475406
1-0,1-0,0.0,0.39358407779664945,0.5161853926781472
1-0,1-0,0.0,0.43802006224451334,0.5225758269014275
0-1,1-0,0.0,0.4648993406528048,0.4989504668522958
1/2-1/2,1-0,0.0,0.4326910619732506,0.5267734603099907
1-0,1-0,0.0,0.4577456327266099,0.505995832054566
1-0,1-0,0.0,0.45780001872005804,0.4966572850957057
0-1,1-0,0.0,0.4560857463889746,0.49726691040466875
0-1,1-0,0.0,0.46688795409020395,0.4946753571598139
1-0,1-0,0.0,0.46521556157393834,0.4985850024325684
0-1,1-0,0.0,0.4655258967554917,0.4945008075860023
1-0,1-0,0.0,0.437704088241931,0.5039821611254192
0-1,1-0,0.0,0.4654728806893392,0.49827855425768686
1-0,1-0,0.0,0.46692052523721106,0.4946967695893325
1-0,1-0,0.0,0.44311259520396257,0.5184752460461054
0-1,1-0,0.0,0.4555986066077597,0.4974427716603894
0-1,1-0,0.0,0.4668440694025916,0.4963472019715869
0-1,1-0,0.0,0.44354905464772376,0.518119313068797
1-0,1-0,0.0,0.46557719584176577,0.4944967859767855
0-1,1-0,0.0,0.4671729037936812,0.4955195258320969
1-0,1-0,0.0,0.46457169335146364,0.4946344637356518
1-0,1-0,0.0,0.45837414860554715,0.5054223505583313
0-1,1-0,0.0,0.4603423576424084,0.503589380865106
0-1,1-0,0.0,0.46706395171902293,0.49483021449052306
0-1,1-0,0.0,0.4661010445452369,0.4974815885372691
0-1,1-0,0.0,0.4635181427473063,0.4948646308694278
1-0,1-0,0.0,0.4412217049766993,0.5027279467689809
0-1,1-0,0.0,0.4572456585146604,0.5064485791308384
1-0,1-0,0.0,0.46164690948147125,0.5023345794643018
0-1,1-0,0.0,0.439687669114227,0.5212432372086757
1-0,1-0,0.0,0.4670919770602649,0.49486885916142426
1-0,1-0,0.0,0.4530652255381147,0.5101386051091378
1-0,1-0,0.0,0.46473366849636805,0.49460544986019456
1-0,1-0,0.0,0.46541283285910146,0.4983508950422207
0-1,1-0,0.0,0.4660480141914148,0.49448319376621497
1-0,1-0,0.0,0.4468097696719736,0.5154351843851327
1-0,1-0,0.0,0.46142037016929704,0.4954533188184879
1-0,1-0,0.0,0.46627872461716724,0.497237674034457
1-0,1-0,0.0,0.4545939780634828,0.49780815367100845
0-1,1-0,0.0,0.46031636256176767,0.5036140172330661
0-1,1-0,0.0,0.4593556313024143,0.496121707176361
0-1,1-0,0.0,0.4629666556008308,0.5010187754258482
1-0,1-0,0.0,0.4672005991103085,0.4952659000478829
0-1,1-0,0.0,0.46068772968413024,0.5032607975086004
0-1,1-0,0.0,0.4623736340604007,0.4951703347946639
1-0,1-0,0.0,0.46462020128460185,0.49462555683458703
0-1,1-0,0.0,0.43268052183967376,0.5267816753882673
1-0,1-0,0.0,0.46228517627100585,0.4951956730951183
1-0,1-0,0.0,0.461299147956912,0.5026728929622761
0-1,1-0,0.0,0.4664692065451312,0.4969620565817148
0-1,1-0,0.0,0.45005994235614544,0.5127106120751788
0-1,1-0,0.0,0.463710893854367,0.49481806837330733
0-1,1-0,0.0,0.4541919789541174,0.4979552044381038
0-1,1-0,0.0,0.4633105805226392,0.5006656713415425
0-1,1-0,0.0,0.46610798731648634,0.4944852250196087
1-0,1-0,0.0,0.4650209110225903,0.49455958038626685
1-0,1-0,0.0,0.464722651678182,0.4991502083476712
1-0,1-0,0.0,0.4607900980674705,0.4956506029415571
0-1,1-0,0.0,0.46617290965921127,0.49738423313131047
0-1,1-0,0.0,0.4381302482909306,0.5038317740997529
0-1,1-0,0.0,0.46715877367771497,0.4955828151712133
1-0,1-0,0.0,0.45985967365841635,0.4959531851946803
0-1,1-0,0.0,0.4668850843264122,0.4962698626790271
0-1,1-0,0.0,0.46421401868681117,0.49470532174181747
0-1,1-0,0.0,0.4649894469167832,0.49884743592821473
0-1,1-0,0.0,0.46718395311266603,0.49545925020783266
0-1,1-0,0.0,0.46577239767672257,0.49448559508123735
0-1,1-0,0.0,0.46606310526211026,0.4975323439316557
0-1,1-0,0.0,0.4419025033301544,0.5194582078605171
0-1,1-0,0.0,0.46712501263001016,0.495704854129807
0-1,1-0,0.0,0.43614550663331075,0.5240626851452947
0-1,1-0,0.0,0.4562901517318807,0.4971934174625686
1-0,1-0,0.0,0.46656126811020826,0.4968219533926025
1/2-1/2,1-0,0.0,0.46669827376447787,0.4945853247173294
0-1,1-0,0.0,0.4606316280103291,0.49570125884655813
1-0,1-0,0.0,0.45626637248037505,0.5073273523717334
0-1,1-0,0.0,0.46234088833412723,0.5016496262380449
0-1,1-0,0.0,0.45570282269054746,0.49740506900112863
0-1,1-0,0.0,0.45692832784088355,0.49696525118393714
0-1,1-0,0.0,0.4620065770698258,0.4952767922566924
1-0,1-0,0.0,0.46333033412857455,0.500645236076889
0-1,1-0,0.0,0.4671370926385792,0.49566440323211297
1-0,1-0,0.0,0.46711194335043565,0.49574581295798464
0-1,1-0,0.0,0.4653570401941836,0.4945168279824762
1-0,1-0,0.0,0.46658502404550933,0.4967849026382621
1-0,1-0,0.0,0.46296933190368755,0.49500561725474745
1-0,1-0,0.0,0.459207208448615,0.49617185981136375
1-0,1-0,0.0,0.4601099294381116,0.49587063684946675
1-0,1-0,0.0,0.46371697131005685,0.4948166281667064
1-0,1-0,0.0,0.46367456908099125,0.5002861697481382
1-0,1-0,0.0,0.4583735144035216,0.5054229318041898
1-0,1-0,0.0,0.46197053270873084,0.5020168969514771
1-0,1-0,0.0,0.46614749442347014,0.4974188518972307
1-0,1-0,0.0,0.45887377052241624,0.504962729991095
1-0,1-0,0.0,0.46572689927484356,0.49796605698476337
0-1,1-0,0.0,0.4663804827407604,0.49450969330708316
0-1,1-0,0.0,0.46214031327442895,0.5018490462181052
1-0,1-0,0.0,0.4537112865270837,0.5095778613627243
0-1,1-0,0.0,0.46545498517183853,0.4983001696626801
1-0,1-0,0.0,0.4654264185093288,0.49450975224428745
1-0,1-0,0.0,0.4562161601467086,0.5073721440899667
1-0,1-0,0.0,0.46540728847934865,0.494511636942061
0-1,1-0,0.0,0.4545752938311351,0.4978149787568685
0-1,1-0,0.0,0.44851603071013113,0.5140115197386219
1-0,1-0,0.0,0.4408743967226127,0.5028530221496024
0-1,1-0,0.0,0.46579943657021494,0.49787464669142373
0-1,1-0,0.0,0.466675401638715,0.496639971452147
0-1,1-0,0.0,0.450091537382852,0.4994700911655306
1-0,1-0,0.0,0.4608528785038002,0.49563064495372705
1/2-1/2,1-0,0.0,0.44018589665259855,0.5208432330307228
1-0,1-0,0.0,0.4671090970243453,0.4948961449185406
1-0,1-0,0.0,0.4582112785618029,0.5055714457638086
0-1,1-0,0.0,0.44970621464516236,0.49961303844739285
1-0,1-0,0.0,0.46154412810536033,0.49541544571750556
1-0,1-0,0.0,0.46701898450799556,0.49598916748738453
0-1,1-0,0.0,0.4651246244807256,0.49454500860408174
1-0,1-0,0.0,0.4609037717812285,0.4956145130790858
0-1,1-0,0.0,0.4348888887185802,0.5049637299540203
1-0,1-0,0.0,0.4569929813257832,0.5066763022701889
1-0,1-0,0.0,0.4660764588335305,0.4944840280081148
0-1,1-0,0.0,0.46714930154953754,0.4949777633363381
1-0,1-0,0.0,0.45738539965691444,0.49680318416255304
1-0,1-0,0.0,0.45684756381217373,0.5068070414188557
1-0,1-0,0.0,0.46714701297712663,0.49497216778640307
0-1,1-0,0.0,0.42836602961063397,0.530116982957506
0-1,1-0,0.0,0.46673792868527997,0.4965353757567915
1-0,1-0,0.0,0.46190046076838,0.5020859286349776
1-0,1-0,0.0,0.4624715882355969,0.49514252485122134
1-0,1-0,0.0,0.46719947888922553,0.495313610205388
1/2-1/2,1-0,0.0,0.46683407642520874,0.49636560343148173
0-1,1-0,0.0,0.4592419936399665,0.5046216819591539
0-1,1-0,0.0,0.46272861512949026,0.5012604001014783
1-0,1-0,0.0,0.43240206032020906,0.5058124552060882
1-0,1-0,0.0,0.4508546316953836,0.4991870598116018
1-0,1-0,0.0,0.4659319856399648,0.4944820254261717
1-0,1-0,0.0,0.4554935719078235,0.49748081202245564
1/2-1/2,1-0,0.0,0.46702996045443246,0.49479067145826056
0-1,1-0,0.0,0.46669878893418265,0.49458550926812317
0-1,1-0,0.0,0.46572001321799705,0.4979746803097111
0-1,1-0,0.0,0.4606178235568505,0.4957056899376922
1-0,1-0,0.0,0.4591640278993587,0.4961864929982002
0-1,1-0,0.0,0.4671457143252546,0.4949690597033005
1-0,1-0,0.0,0.45581918961300816,0.5077253975453843
1-0,1-0,0.0,0.46485405695266246,0.49900193949189525
0-1,1-0,0.0,0.46703629574681693,0.4947975430776528
0-1,1-0,0.0,0.46224851317564813,0.4952062358108264
0-1,1-0,0.0,0.4543585508139643,0.5090129302338194
0-1,1-0,0.0,0.465764021959054,0.4979194083019481
1-0,1-0,0.0,0.46719008200834655,0.49512690076173255
0-1,1-0,0.0,0.443998647396892,0.5017194087577056
1-0,1-0,0.0,0.45571769455293143,0.5078154748444191
0-1,1-0,0.0,0.4657452037332007,0.49794308955908145
0-1,1-0,0.0,0.4571941274696122,0.49687085637258815
0-1,1-0,0.0,0.44720399182291765,0.5005401802642635
0-1,1-0,0.0,0.46677837038744935,0.4964654437640104
0-1,1-0,0.0,0.4635929978230817,0.5003717799297251
0-1,1-0,0.0,0.467195834417879,0.49536640637474677
1-0,1-0,0.0,0.46623856058096425,0.49729378553847237
0-1,1-0,0.0,0.4630537367439626,0.49498319903778354
0-1,1-0,0.0,0.4613576335543097,0.49547263291742366
1-0,1-0,0.0,0.43672342060265,0.5236055192162147
0-1,1-0,0.0,0.4671618313603089,0.4955700063402069
1-0,1-0,0.0,0.4556797194703584,0.5078491532543696
1-0,1-0,0.0,0.4671960913838204,0.49517318308096564
1-0,1-0,0.0,0.4626395549715435,0.4950954733252025
1-0,1-0,0.0,0.46719972897953604,0.4952241699918998
1-0,1-0,0.0,0.46716754926578413,0.49554484315286973
1-0,1-0,0.0,0.4539838917245376,0.49803148186983753
0-1,1-0,0.0,0.467178743884778,0.4950700988980699
1-0,1-0,0.0,0.46684465821754983,0.4946501561448546
0-1,1-0,0.0,0.46152893457380856,0.49542007879680444
1-0,1-0,0.0,0.4642831854119691,0.49469095302638316
1-0,1-0,0.0,0.4563103199286367,0.5072881287045872
1-0,1-0,0.0,0.4662779312058482,0.4972387885111517
1-0,1-0,0.0,0.452412173481993,0.4986103607843486
0-1,1-0,0.0,0.46677749445794836,0.4946170389955387
1-0,1-0,0.0,0.46692821451282523,0.49470217684457823
1-0,1-0,0.0,0.46279824621249716,0.4950517987018927
1/2-1/2,1-0,0.0,0.46200733747447154,0.5019805822443772
1-0,1-0,0.0,0.46630451704754444,0.49450000970310004
1-0,1-0,0.0,0.45913508771515094,0.4961963108168507
1-0,1-0,0.0,0.4202140448910957,0.5362762395124162
0-1,1-0,0.0,0.42712528138917943,0.5310662452073628
1-0,1-0,0.0,0.45278297540975954,0.5103826454232446
0-1,1-0,0.0,0.46611186089408074,0.49746703953591875
1-0,1-0,0.0,0.4436183530420686,0.5180627306511774
1-0,1-0,0.0,0.46691318024287864,0.4962149850595125
1-0,1-0,0.0,0.46597773316924934,0.49448207548603307
1-0,1-0,0.0,0.4669178641818333,0.49620566734354155
0-1,1-0,0.0,0.4510114970902691,0.5119022674670394
1-0,1-0,0.0,0.4668560842074419,0.49465648036985116
0-1,1-0,0.0,0.44812576666143455,0.500199028485239
0-1,1-0,0.0,0.4575275336279035,0.4967530430786648
0-1,1-0,0.0,0.4617871017737495,0.5021973130777115
1-0,1-0,0.0,0.4491587076613759,0.5134715328248974
0-1,1-0,0.0,0.46209862388858086,0.4952497774409873
1-0,1-0,0.0,0.4671184762922073,0.4949126261284992
0-1,1-0,0.0,0.4522702404726111,0.4986628215851777
0-1,1-0,0.0,0.4528078575831921,0.4984642450129934
1-0,1-0,0.0,0.43240126794901057,0.5058127227419775
1-0,1-0,0.0,0.4533247706121538,0.5099136994115722
0-1,1-0,0.0,0.46620844932501,0.49733545864801765
0-1,1-0,0.0,0.46653080748874126,0.49686889700045767
1-0,1-0,0.0,0.4404640724732482,0.5206195155187326
0-1,1-0,0.0,0.4666878641214858,0.4945816509414404
1-0,1-0,0.0,0.4516265047316467,0.5113769599724746
1-0,1-0,0.0,0.4398375044147122,0.5032248834853873
0-1,1-0,0.0,0.46715859199962306,0.4955835636106523
0-1,1-0,0.0,0.45166301871065134,0.5113456981833044
1-0,1-0,0.0,0.46398828007367343,0.49995359333727996
1-0,1-0,0.0,0.4668264006465226,0.4963796299178992
1-0,1-0,0.0,0.46720012482797013,0.49523485497799274
0-1,1-0,0.0,0.4659493753169922,0.49448198406194355
0-1,1-0,0.0,0.4474168637891194,0.5004614540546275
1-0,1-0,0.0,0.45634408931629417,0.49717405603821324
1-0,1-0,0.0,0.4631148429920031,0.4949671262853762
0-1,1-0,0.0,0.4652814437779285,0.4945252675919438
0-1,1-0,0.0,0.4648968927867495,0.4945784439564993
0-1,1-0,0.0,0.46519232407044064,0.49861224689864037
1-0,1-0,0.0,0.4580023064719668,0.49658652635478856
1-0,1-0,0.0,0.46319024861332314,0.5007897831261916
1-0,1-0,0.0,0.4656518171837386,0.4980595974209658
0-1,1-0,0.0,0.45552916308551267,0.5079825444540248
0-1,1-0,0.0,0.4563333296495188,0.507267584554804
0-1,1-0,0.0,0.4570758400290263,0.49691281486769123
0-1,1-0,0.0,0.46672686909363603,0.49459597481571776
1-0,1-0,0.0,0.46474347507902397,0.4946037617122676
0-1,1-0,0.0,0.4558819858193281,0.5076696172676854
1-0,1-0,0.0,0.4666483688713928,0.4966840324712786
1/2-1/2,1-0,0.0,0.4670727044396843,0.4958565525219378
0-1,1-0,0.0,0.46471956660232483,0.4991536704876371
0-1,1-0,0.0,0.46271870716248537,0.5012704114776805
1-0,1-0,0.0,0.46628206975999104,0.49723297249323933
1-0,1-0,0.0,0.45642630788884464,0.49714456904634463
1-0,1-0,0.0,0.4631239191564294,0.500857929546357
1-0,1-0,0.0,0.4632989504246509,0.49491953704515396
0-1,1-0,0.0,0.4603473052109927,0.503584690425359
1/2-1/2,1-0,0.0,0.4563704259952379,0.49716460714625244
0-1,1-0,0.0,0.4454877779136258,0.5011732097442236
1-0,1-0,0.0,0.46719357314946547,0.49538886236729024
1-0,1-0,0.0,0.46620622854766497,0.49449093400219113
1-0,1-0,0.0,0.4671994630361391,0.4953139551449994
1/2-1/2,1-0,0.0,0.464921595895789,0.4945745675334433
1-0,1-0,0.0,0.46709672602566094,0.49487610528257653
0-1,1-0,0.0,0.4670380210591722,0.495944060287195
0-1,1-0,0.0,0.454851862829109,0.5085801286720054
0-1,1-0,0.0,0.4651507322369322,0.49866084739566013
0-1,1-0,0.0,0.4663610277889158,0.49450697134180716
1-0,1-0,0.0,0.46506332500181014,0.4987623261686666
1-0,1-0,0.0,0.4600121799139964,0.4959027858367192
1-0,1-0,0.0,0.46651227068173534,0.4945331397124122
1-0,1-0,0.0,0.4639611957847319,0.4999825266450505
0-1,1-0,0.0,0.46690463123562576,0.49468603136249967
0-1,1-0,0.0,0.45611706998551826,0.5074604643225219
1-0,1-0,0.0,0.46512468366421766,0.4945450006195525
1/2-1/2,1-0,0.0,0.4600406796549736,0.5038745085324379
1-0,1-0,0.0,0.4665858173176899,0.494550661360991
1-0,1-0,0.0,0.4664727567232816,0.4969567480818988
1-0,1-0,0.0,0.4668848808134147,0.49627025418925685
1-0,1-0,0.0,0.4379960493503838,0.5038791802926516
1-0,1-0,0.0,0.4671895215371626,0.49512344278006437
0-1,1-0,0.0,0.46644319527393974,0.4945197027658252
0-1,1-0,0.0,0.4644543900981823,0.49944827319121476
0-1,1-0,0.0,0.4654724300512894,0.498279099165701
1-0,1-0,0.0,0.4671018651231224,0.4948842157082074
1-0,1-0,0.0,0.46651107143272336,0.49689899309539565
1-0,1-0,0.0,0.46243731605561794,0.5015532994883177
0-1,1-0,0.0,0.46383212648411604,0.49478967820636344
1-0,1-0,0.0,0.4636781857226388,0.500282366122243
1-0,1-0,0.0,0.4660312241281444,0.4975746737681113
1-0,1-0,0.0,0.4629275122643439,0.49501681568649836
0-1,1-0,0.0,0.45775898350895877,0.5059837017735175
0-1,1-0,0.0,0.4609820871169154,0.49558977326049053
0-1,1-0,0.0,0.466881922637896,0.4946716369269039
1-0,1-0,0.0,0.4671910675395703,0.4951332371558412
0-1,1-0,0.0,0.46591591261841936,0.4977255162183994
1-0,1-0,0.0,0.45426276246318886,0.49792928158704897
0-1,1-0,0.0,0.4582343110157727,0.4965057418793271
1/2-1/2,1-0,0.0,0.45566593867555,0.4974184079026096
1-0,1-0,0.0,0.4670401992720487,0.49480188223906163
0-1,1-0,0.0,0.45583407304622225,0.5077121803282946
1-0,1-0,0.0,0.4516233430741418,0.49890219307457545
1-0,1-0,0.0,0.4629601877910741,0.4950080607737053
0-1,1-0,0.0,0.43411121276382364,0.5052310609615301
1/2-1/2,1-0,0.0,0.4671993741957775,0.49521660373655535
1-0,1-0,0.0,0.45459064221252643,0.4978093721387502
0-1,1-0,0.0,0.46454584109827024,0.49934731782870706
1/2-1/2,1-0,0.0,0.4594351446106419,0.496094934392624
0-1,1-0,0.0,0.46614732147060933,0.4974190867573536
1/2-1/2,1-0,0.0,0.4671370464430234,0.49566456354400745
1-0,1-0,0.0,0.46350477218616165,0.5004639985893833
0-1,1-0,0.0,0.4492196040759201,0.5134202551278756
0-1,1-0,0.0,0.4668557499787208,0.49465629221011614
1-0,1-0,0.0,0.46719683591481737,0.49535485954990016
0-1,1-0,0.0,0.4642405165255885,0.49469978165275086
0-1,1-0,0.0,0.46671439910346835,0.49657520511118164
1-0,1-0,0.0,0.46679522834445925,0.4964356895103141
0-1,1-0,0.0,0.417702723345936,0.5381375762235544
0-1,1-0,0.0,0.44175503348757456,0.5195776177130123
1-0,1-0,0.0,0.4565309321886199,0.5070909361908443
1-0,1-0,0.0,0.4672003714857661,0.495244177749009
1-0,1-0,0.0,0.4640003392159942,0.49475152514766285
1-0,1-0,0.0,0.43049855678645893,0.5064496420505787
1-0,1-0,0.0,0.4649065075213187,0.49894230203849393
0-1,1-0,0.0,0.4618563641640687,0.5021292995264796
0-1,1-0,0.0,0.4320624687529918,0.5059269418417859
1-0,1-0,0.0,0.46688598971047096,0.4962681199376046
1-0,1-0,0.0,0.4666071683159763,0.49674999653336477
1-0,1-0,0.0,0.4645628611609406,0.4946361048227619
0-1,1-0,0.0,0.448909195726756,0.5136814304462243
0-1,1-0,0.0,0.42191901349791233,0.5350029865897654
1-0,1-0,0.0,0.46708819576573785,0.4958146437155837
1-0,1-0,0.0,0.42486239280777366,0.5327864599432675
0-1,1-0,0.0,0.45473279384485304,0.5086847760940838
1-0,1-0,0.0,0.4618333444366695,0.5021519188769361
0-1,1-0,0.0,0.4615664462052656,0.4954086486149919
0-1,1-0,0.0,0.4606128020983623,0.503332286759931
1-0,1-0,0.0,0.4652980225813094,0.49848777442538866
0-1,1-0,0.0,0.4672005877664265,0.4952702298248188
1/2-1/2,1-0,0.0,0.46423650582649895,0.49470061739662213
0-1,1-0,0.0,0.42702882989429014,0.531139856434256
0-1,1-0,0.0,0.4664426950460673,0.49451961506521874
1-0,1-0,0.0,0.4652820196655137,0.49452520053827614
0-1,1-0,0.0,0.4618978879598456,0.4953089508190288
0-1,1-0,0.0,0.4303165062805566,0.5065099954299856
0-1,1-0,0.0,0.4671490824913541,0.4956210283423486
0-1,1-0,0.0,0.45143461044508704,0.49897209852473395
1-0,1-0,0.0,0.42180476513907234,0.5092094950867462
0-1,1-0,0.0,0.45652569043876373,0.49710896945536626
1-0,1-0,0.0,0.4531016607652902,0.49835589757511717
0-1,1-0,0.0,0.4653998648415987,0.4945123820934657
0-1,1-0,0.0,0.43950667751170724,0.5033430212736025
0-1,1-0,0.0,0.4561695777555652,0.49723674671348633
1-0,1-0,0.0,0.4599838004978483,0.5039280797988204
1-0,1-0,0.0,0.45387565178231076,0.5094347094066689
0-1,1-0,0.0,0.45850957873141596,0.5052981048228723
0-1,1-0,0.0,0.46679801094297296,0.4964307415956462
1-0,1-0,0.0,0.4617263469126789,0.5022568646134271
1-0,1-0,0.0,0.4604717759653138,0.5034665319917472
1-0,1-0,0.0,0.46438816920565,0.49466973254153157
1-0,1-0,0.0,0.46720035522052167,0.4952877290021719
0-1,1-0,0.0,0.46186795609010545,0.5021179036411629
0-1,1-0,0.0,0.4651006831687823,0.4987190603892312
1-0,1-0,0.0,0.4658091534956994,0.49448429006204697
1-0,1-0,0.0,0.45220703745787283,0.4986861899730726
0-1,1-0,0.0,0.46518524973931225,0.49862052799957074
1-0,1-0,0.0,0.46464162988308916,0.49924085812179925
1-0,1-0,0.0,0.455703649913573,0.4974047699010175
0-1,1-0,0.0,0.46557038995977024,0.498159895860557
1-0,1-0,0.0,0.4604330338809468,0.4957652797159431
0-1,1-0,0.0,0.46691828026428644,0.49620483716435754
0-1,1-0,0.0,0.45864615908127154,0.5051725499331652
1-0,1-0,0.0,0.4535806896471056,0.4981795577501132
1-0,1-0,0.0,0.4671996384066501,0.4953099978179577
0-1,1-0,0.0,0.4638785236497683,0.5000705773147461
1-0,1-0,0.0,0.45856606467145516,0.5052462099624981
1-0,1-0,0.0,0.4510875302585145,0.5118374485828724
1-0,1-0,0.0,0.4597619397018328,0.49598563332128914
1-0,1-0,0.0,0.44376310974058136,0.5179444742326075
1-0,1-0,0.0,0.46258107316307473,0.49511176198177564
1-0,1-0,0.0,0.4620727092951363,0.5019159836224757
0-1,1-0,0.0,0.46068900483400427,0.5032595798706283
0-1,1-0,0.0,0.4668532560001311,0.4963301397709714
1-0,1-0,0.0,0.4566728340335843,0.5069638354213987
0-1,1-0,0.0,0.44361113837978194,0.5180686223462748
1/2-1/2,1-0,0.0,0.3908370343057815,0.5570143518767839
0-1,1-0,0.0,0.44560032860099874,0.5164360969891241
1-0,1-0,0.0,0.4634589924196142,0.49487925033514857
0-1,1-0,0.0,0.4663480511519146,0.49713929573656496
0-1,1-0,0.0,0.4581735792358397,0.49652684943459496
0-1,1-0,0.0,0.4409189779309262,0.520253068156582
0-1,1-0,0.0,0.4668792887154729,0.4962809801204742
1-0,1-0,0.0,0.4654535974836337,0.4983018437837981
0-1,1-0,0.0,0.4541637806187195,0.509183268038369
1-0,1-0,0.0,0.462906721429085,0.5010798152588305
0-1,1-0,0.0,0.46714001229958274,0.49495594179112834
0-1,1-0,0.0,0.4657586204260732,0.4979262129628861
1-0,1-0,0.0,0.46709768103433613,0.49578789645195775
1-0,1-0,0.0,0.44330677005548313,0.5183169892763808
0-1,1-0,0.0,0.46719223363736156,0.49540057460014364
1/2-1/2,1-0,0.0,0.45837262163002895,0.49645777925496976
1-0,1-0,0.0,0.45379209355126915,0.49810187634068304
0-1,1-0,0.0,0.46719228153474607,0.49540017145029464
0-1,1-0,0.0,0.46084048538544775,0.5031146883739188
0-1,1-0,0.0,0.4047807673748897,0.5474536192646837
0-1,1-0,0.0,0.45812299353391,0.5056521190163051
0-1,1-0,0.0,0.4575303160228156,0.5061911692288267
0-1,1-0,0.0,0.4665717607356929,0.4945470305073423
1-0,1-0,0.0,0.4670930784563753,0.49580098779183646
1-0,1-0,0.0,0.46113181518476026,0.49554276646761203
1-0,1-0,0.0,0.4666037243380568,0.4967554494951764
0-1,1-0,0.0,0.45821214129607823,0.5055706569142135
1-0,1-0,0.0,0.4596092436839688,0.49603655421591025
1-0,1-0,0.0,0.4647654001753943,0.4946000168963863
0-1,1-0,0.0,0.46602084871508653,0.4975883885979699
1-0,1-0,0.0,0.4647215165681839,0.4991514822909084
1-0,1-0,0.0,0.4649991520812019,0.4945627800616574
1-0,1-0,0.0,0.45751426513311666,0.4967577184302889
1-0,1-0,0.0,0.46127182367471464,0.49549917208225036
1-0,1-0,0.0,0.4662805686371408,0.494497459426969
1-0,1-0,0.0,0.44897031699567036,0.5136300433108217
1-0,1-0,0.0,0.4650207426289991,0.49455960496372386
0-1,1-0,0.0,0.46713235313822477,0.49493952081820153
0-1,1-0,0.0,0.42741151281077017,0.5308476416808269
0-1,1-0,0.0,0.43820830611442924,0.5224258744296214
1-0,1-0,0.0,0.46710191320088207,0.4948842929692746
0-1,1-0,0.0,0.463425229969144,0.4948876616001519
1-0,1-0,0.0,0.4660809314774706,0.4975085487605152
0-1,1-0,0.0,0.46675029229919934,0.4946053495535725
1-0,1-0,0.0,0.466628737823701,0.4945626539953337
1-0,1-0,0.0,0.46644691330409915,0.496995231809017
1-0,1-0,0.0,0.46650691209748874,0.49453199874999454
0-1,1-0,0.0,0.45679998393007787,0.5068497693123348
1-0,1-0,0.0,0.46471307399590034,0.4991609538894175
0-1,1-0,0.0,0.45917616419530205,0.49618237830927076
1-0,1-0,0.0,0.4637351152329527,0.5002224029966625
1-0,1-0,0.0,0.465558865463347,0.49817399989451766
1/2-1/2,1-0,0.0,0.36728659509004574,0.5195590313782629
0-1,1-0,0.0,0.44832787481795455,0.5001241499718379
1-0,1-0,0.0,0.4626216711184697,0.5013682743130766
1-0,1-0,0.0,0.4657183401496976,0.494487999118416
0-1,1-0,0.0,0.45253378428093954,0.5105976451046245
0-1,1-0,0.0,0.45869937247939135,0.5051235619190891
0-1,1-0,0.0,0.45977696765500264,0.4959806365380146
0-1,1-0,0.0,0.4665693317914473,0.49454641722357573
0-1,1-0,0.0,0.4632429182784151,0.5007355368831604
1-0,1-0,0.0,0.46709561898410645,0.4948743954178066
1-0,1-0,0.0,0.46565630143519754,0.4944914318112565
0-1,1-0,0.0,0.46449731450527904,0.49464846547598385
0-1,1-0,0.0,0.460377364815358,0.4957833290123514
1-0,1-0,0.0,0.4473409212607945,0.5004895442113999
1/2-1/2,1-0,0.0,0.4515614103922976,0.4989251296393444
0-1,1-0,0.0,0.4494405023269875,0.5132340829409757
0-1,1-0,0.0,0.4661136152104839,0.49448546972610397
0-1,1-0,0.0,0.45092390236071217,0.49916137641171326
0-1,1-0,0.0,0.4459893009484151,0.5009885670848754
1-0,1-0,0.0,0.4091831148632122,0.5127276130011712
1-0,1-0,0.0,0.46534548635818657,0.4945180697197906
1-0,1-0,0.0,0.4334665295228805,0.5261681340303314
0-1,1-0,0.0,0.4669993569016726,0.49603394006577156
1-0,1-0,0.0,0.42927861955028357,0.5068520741300752
0-1,1-0,0.0,0.44859790697974383,0.5000240720160393
0-1,1-0,0.0,0.4647369564886989,0.499134144144555
0-1,1-0,0.0,0.43897151707985016,0.5035335882360888
1-0,1-0,0.0,0.4670237231173228,0.4947841025614668
0-1,1-0,0.0,0.4660696258726902,0.4975236506628733
0-1,1-0,0.0,0.46340303789456055,0.4948932162426546
0-1,1-0,0.0,0.44785396864247445,0.5145656047658573
1-0,1-0,0.0,0.45900342166208913,0.4962410819096025
0-1,1-0,0.0,0.467095374409993,0.4948740193895544
1-0,1-0,0.0,0.4201715933657723,0.5096985932277819
1/2-1/2,1-0,0.0,0.4296613884530872,0.5067263153647367
0-1,1-0,0.0,0.4662910243618358,0.4944985447387679
1-0,1-0,0.0,0.4507947284005329,0.4992092717015794
0-1,1-0,0.0,0.4669590773122136,0.49612130529392345
1-0,1-0,0.0,0.4596947768850961,0.496007997409087
0-1,1-0,0.0,0.4523915918351946,0.4986179666135557
1-0,1-0,0.0,0.466362314212431,0.4945071460030829
1-0,1-0,0.0,0.44912219592979,0.5135022680708622
1-0,1-0,0.0,0.4665310325253114,0.49686855241928274
0-1,1-0,0.0,0.4581106238984081,0.50566341413362
1-0,1-0,0.0,0.46436951550862754,0.49954140109471745
0-1,1-0,0.0,0.4666661301338987,0.4945743095940225
0-1,1-0,0.0,0.4571927084289688,0.49687135924741455
0-1,1-0,0.0,0.4670543038114193,0.49481828249837256
1-0,1-0,0.0,0.46515370659022065,0.494541132096088
1-0,1-0,0.0,0.4658628237209733,0.49448288978406624
1-0,1-0,0.0,0.4671181189893841,0.4949119753931337
0-1,1-0,0.0,0.45435674537564785,0.4978948820027424
1-0,1-0,0.0,0.4554263346000843,0.5080735307914845
0-1,1-0,0.0,0.46719690030113725,0.49535407016065636
0-1,1-0,0.0,0.4493083785675299,0.5133454675736833
1-0,1-0,0.0,0.46444464433951055,0.49945899389330667
0-1,1-0,0.0,0.4665733062842823,0.49454742288674214
0-1,1-0,0.0,0.4527226616574765,0.5104347224650683
1-0,1-0,0.0,0.4611596854316594,0.4955340601877723
0-1,1-0,0.0,0.4669853710407806,0.49606490861153124
0-1,1-0,0.0,0.45664170168102153,0.49706747468374957
0-1,1-0,0.0,0.44222861207155983,0.5191938594150417
1-0,1-0,0.0,0.4607790543683108,0.5031735057879032
0-1,1-0,0.0,0.4671892505108182,0.4954238912260325
1-0,1-0,0.0,0.4664029972323171,0.49705981684477385
0-1,1-0,0.0,0.4617952177353571,0.5021893502717888
1-0,1-0,0.0,0.4484134435115594,0.5140975191321107
0-1,1-0,0.0,0.45881356041241644,0.505018305747865
0-1,1-0,0.0,0.46094709563142244,0.503012420633145
1-0,1-0,0.0,0.4661548884187123,0.49448756247757725
1-0,1-0,0.0,0.4671998944254247,0.49522824675344335
0-1,1-0,0.0,0.46510971386756694,0.49454703250683224
1-0,1-0,0.0,0.46219531862680924,0.5017944815741319
1-0,1-0,0.0,0.46415296766678604,0.4947182496037317
0-1,1-0,0.0,0.465434400942345,0.4983249731623135
0-1,1-0,0.0,0.4586133600383101,0.5052027248420491
1-0,1-0,0.0,0.4401501592110715,0.5208719541992913
1-0,1-0,0.0,0.4586413704879013,0.5051769563439198
0-1,1-0,0.0,0.4618673690254941,0.5021184808674913
0-1,1-0,0.0,0.467195359069286,0.49516622053070924
1-0,1-0,0.0,0.4669015705472887,0.49623786620187144
0-1,1-0,0.0,0.46255035433129343,0.4951203583662085
1-0,1-0,0.0,0.45207229298761853,0.5109947151025883
1-0,1-0,0.0,0.4135516905795476,0.5411777980404987
1-0,1-0,0.0,0.4599977356931112,0.5039149603967794
1-0,1-0,0.0,0.4512476806870015,0.5117008050698709
1-0,1-0,0.0,0.45807494319420194,0.5056959843674071
1-0,1-0,0.0,0.4546828691485014,0.497775696487406
1-0,1-0,0.0,0.45751351062429585,0.50620639208184
0-1,1-0,0.0,0.4645978882950147,0.49462963140224797
0-1,1-0,0.0,0.4606210248918615,0.495704662082886
0-1,1-0,0.0,0.45622104001933034,0.4972182452970612
1-0,1-0,0.0,0.4269741788038556,0.5075991434302
0-1,1-0,0.0,0.46109596139388903,0.4955539870260231
1-0,1-0,0.0,0.46683212282039915,0.4963691821462691
0-1,1-0,0.0,0.4438457718594381,0.5017752900929533
1-0,1-0,0.0,0.46415273564245485,0.4947182991641164
1/2-1/2,1-0,0.0,0.46685966994221123,0.4963181414312956
1-0,1-0,0.0,0.4540386759652175,0.5092925220003968
1-0,1-0,0.0,0.4475482204897679,0.500412855797385
0-1,1-0,0.0,0.46692864158343694,0.49470248140417966
1/2-1/2,1-0,0.0,0.4653150886804071,0.4984675419414666
0-1,1-0,0.0,0.4607768541524575,0.495654821303623
1-0,1-0,0.0,0.46709340021570767,0.49580007966789125
0-1,1-0,0.0,0.45088698462061233,0.512008340759363
1-0,1-0,0.0,0.46476551177957787,0.49459999793923354
1-0,1-0,0.0,0.4660122170569617,0.4944824611075907
1/2-1/2,1-0,0.0,0.4515426488520843,0.4989320784935762
1-0,1-0,0.0,0.4652340330245019,0.4985632982268837
1-0,1-0,0.0,0.4285422974915336,0.5070926676885381
1-0,1-0,0.0,0.45162340859219524,0.49890216881176264
0-1,1-0,0.0,0.45894350599135625,0.5048982961704322
1-0,1-0,0.0,0.4565796015519221,0.5070473667479539
0-1,1-0,0.0,0.446809234964876,0.5154356283614269
1-0,1-0,0.0,0.43617547422170644,0.524039005352936
1-0,1-0,0.0,0.46717789109405067,0.4950666048957137
1-0,1-0,0.0,0.46562404037964383,0.49449348723876024
0-1,1-0,0.0,0.4612438766971763,0.49550784527482195
0-1,1-0,0.0,0.467191436141077,0.4951356992347925
1-0,1-0,0.0,0.4620285402755623,0.4952703276953978
0-1,1-0,0.0,0.4648301945239136,0.4945891930948139
0-1,1-0,0.0,0.4641120767388816,0.4998207784441483
1-0,1-0,0.0,0.4607112898064821,0.495675745402112
0-1,1-0,0.0,0.4411956963429492,0.5027373219769532
1/2-1/2,1-0,0.0,0.4643084267009486,0.49468578499661925
0-1,1-0,0.0,0.4622408391334036,0.5017492556616816
0-1,1-0,0.0,0.4662087962168841,0.4973349804133234
0-1,1-0,0.0,0.4654789689281801,0.49827118936137105
1-0,1-0,0.0,0.46397063875222744,0.49475815235477644
1-0,1-0,0.0,0.459030858129852,0.5048174839889328
0-1,1-0,0.0,0.46562486953922494,0.4944934321668355
0-1,1-0,0.0,0.45451894527792713,0.49783556794165645
1/2-1/2,1-0,0.0,0.46337070148993575,0.5006034208226048
1-0,1-0,0.0,0.4648531616967574,0.49458544582181646
1-0,1-0,0.0,0.46323928274779363,0.49493481908743675
1-0,1-0,0.0,0.4562768457896079,0.4971981958239641
1-0,1-0,0.0,0.46637549013393254,0.4945089782055719
0-1,1-0,0.0,0.4091741371465971,0.5127298943634364
0-1,1-0,0.0,0.46625112824454007,0.4944946308090689
1-0,1-0,0.0,0.45219230611030964,0.5108915902747353
1-0,1-0,0.0,0.46525029777995147,0.49854415147076525
1-0,1-0,0.0,0.4629159950280303,0.5010703797203501
0-1,1-0,0.0,0.46703444957473983,0.4959526621553429
1-0,1-0,0.0,0.43692422520760305,0.5042561735598164
0-1,1-0,0.0,0.44467645543686307,0.5014712003338551
1-0,1-0,0.0,0.4644722103764166,0.4946532826424079
1-0,1-0,0.0,0.4449995973844978,0.5013526242860435
0-1,1-0,0.0,0.462939472803165,0.4950136068419237
1-0,1-0,0.0,0.4654327367336583,0.498326975743716
0-1,1-0,0.0,0.4634288290442012,0.50054307683788
1-0,1-0,0.0,0.46410147324617224,0.49472932668355
0-1,1-0,0.0,0.46405083678549325,0.49474036903810353
1-0,1-0,0.0,0.46713818147198616,0.49566061088499497
0-1,1-0,0.0,0.46713470257286355,0.4949444242895487
0-1,1-0,0.0,0.4667284217736124,0.4945965775239619
1-0,1-0,0.0,0.4537509295824542,0.4981169949534351
1-0,1-0,0.0,0.4647893677696725,0.49459597037913794
1-0,1-0,0.0,0.46238326931220225,0.49516758754893264
0-1,1-0,0.0,0.45849363128745174,0.49641594256634075
0-1,1-0,0.0,0.46677640094510636,0.4964688956131691
0-1,1-0,0.0,0.45812607301794434,0.4965433800795089
0-1,1-0,0.0,0.46719863547440327,0.4952038821635509
1-0,1-0,0.0,0.4664329017912686,0.4945179244386111
0-1,1-0,0.0,0.4644060792441575,0.4995013471456916
1-0,1-0,0.0,0.46694671238335295,0.4947157972815039
1/2-1/2,1-0,0.0,0.4500304397328727,0.49949275693518785
0-1,1-0,0.0,0.4611402896645687,0.502826453066776
0-1,1-0,0.0,0.4662626130952811,0.497260257021186
0-1,1-0,0.0,0.4671387186053683,0.4949530771254311
0-1,1-0,0.0,0.4603398463346618,0.4957955182072525
1-0,1-0,0.0,0.4671948741267279,0.49537644483442583
0-1,1-0,0.0,0.4628122950576879,0.5011757034470637
0-1,1-0,0.0,0.44109766633309605,0.5201089212947154
1-0,1-0,0.0,0.46656030452148095,0.49682344792220257
0-1,1-0,0.0,0.43278260162755794,0.5056837525867186
0-1,1-0,0.0,0.4662311393469904,0.49449289537475766
1/2-1/2,1-0,0.0,0.4475766744185067,0.5004023268445995
0-1,1-0,0.0,0.4603114142815961,0.4958047684834085
1-0,1-0,0.0,0.46699026708466,0.49475180148000253
0-1,1-0,0.0,0.4554540875782089,0.4974951225731955
1-0,1-0,0.0,0.46476539349602025,0.4946000180309827
1-0,1-0,0.0,0.4654006949133674,0.4983654534390848
0-1,1-0,0.0,0.46109500750573046,0.4955542858586622
0-1,1-0,0.0,0.46695211836517136,0.4947199513280729
0-1,1-0,0.0,0.4651432222082339,0.49866960101935187
1-0,1-0,0.0,0.46713618842248134,0.49494758462097166
0-1,1-0,0.0,0.45582031798065537,0.4973626130782683
0-1,1-0,0.0,0.43933935513582756,0.5034026757115473
0-1,1-0,0.0,0.46552661386579125,0.4945007485101815
1-0,1-0,0.0,0.45680835890639365,0.5068422501278814
0-1,1-0,0.0,0.46705827468783273,0.4948231188338609
0-1,1-0,0.0,0.4492439730081929,0.49978450665830765
1-0,1-0,0.0,0.45400174225478185,0.5093247529836393
1-0,1-0,0.0,0.4670741915018093,0.4958526158523457
0-1,1-0,0.0,0.46591596137725655,0.49448212747524256
1-0,1-0,0.0,0.4671935870962486,0.49538873522159144
1-0,1-0,0.0,0.45971741030421526,0.5041782189692283
1-0,1-0,0.0,0.4314942974371985,0.5061177087872136
0-1,1-0,0.0,0.3629048653519332,0.5198031124869767
1-0,1-0,0.0,0.454787197568473,0.5086369764325862
1-0,1-0,0.0,0.46133512073921784,0.5026380366378365
1/2-1/2,1-0,0.0,0.4458481459694803,0.5010405668678484
1-0,1-0,0.0,0.4203141639335246,0.5362016863464012
1-0,1-0,0.0,0.43821414194593766,0.5038021157348512
0-1,1-0,0.0,0.42668031140227697,0.5314056271521985
1-0,1-0,0.0,0.4342354000190876,0.525566150001814
0-1,1-0,0.0,0.4671949877181488,0.4951628888766344
0-1,1-0,0.0,0.4662909312154873,0.49449853487916146
0-1,1-0,0.0,0.44839070062166153,0.5141165774243331
1-0,1-0,0.0,0.4582589582469587,0.5055278347955682
1-0,1-0,0.0,0.44481249019992514,0.5170846512687546
0-1,1-0,0.0,0.4552786439090692,0.49755877718706565
1-0,1-0,0.0,0.45502874370294183,0.4976496279636572
0-1,1-0,0.0,0.4671986271440248,0.49520375449392806
1-0,1-0,0.0,0.46656142146454865,0.4945444482227916
1-0,1-0,0.0,0.46214599592346495,0.49523595506693885
0-1,1-0,0.0,0.4512501798411411,0.5116986715098086
0-1,1-0,0.0,0.4647834360076838,0.4990818210380539
1/2-1/2,1-0,0.0,0.46709514063189256,0.4957951493636574
1-0,1-0,0.0,0.4521128580900678,0.4987210195672216
1-0,1-0,0.0,0.4671991122022469,0.4953210672643592
1-0,1-0,0.0,0.4653873781807417,0.4945136526206909
0-1,1-0,0.0,0.43850269960071026,0.5036999717241533
1-0,1-0,0.0,0.4630229888109918,0.4949913369819835
1-0,1-0,0.0,0.44918105278692755,0.513452719434027
1-0,1-0,0.0,0.46683278336579953,0.49636797279972955
1-0,1-0,0.0,0.442449113369285,0.519014889409369
0-1,1-0,0.0,0.46371533583913616,0.5002432557423261
0-1,1-0,0.0,0.44884136336640024,0.5137384371667982
0-1,1-0,0.0,0.4666131617133676,0.49674048522779146
0-1,1-0,0.0,0.4548543047760095,0.5085779812479982
0-1,1-0,0.0,0.44764693211245093,0.5003763263538575
1-0,1-0,0.0,0.4657209341464322,0.4979735275736615
0-1,1-0,0.0,0.46663187985737986,0.49456358835875097
1-0,1-0,0.0,0.4612619554403417,0.5027088984981727
1/2-1/2,1-0,1.4389330359976813e-30,0.46683653264059444,0.4946457906891437
1-0,1-0,0.0,0.46719105051821475,0.49513312473480575
1-0,1-0,0.0,0.4554654067034053,0.5080389696277291
1-0,1-0,0.0,0.4429277748688381,0.502110017237239
1-0,1-0,0.0,0.4543155441947949,0.4979099596623531
1-0,1-0,0.0,0.4655963750584617,0.4981280128450371
1-0,1-0,0.0,0.4647658448694251,0.49459994136674335
1-0,1-0,0.0,0.4593099180973502,0.4961371294978774
0-1,1-0,0.0,0.4428503074964344,0.5021381960062707
0-1,1-0,0.0,0.46175844291796136,0.49535060484415216
0-1,1-0,0.0,0.46692029110953653,0.4946966071782301
0-1,1-0,0.0,0.45801662222478473,0.5057491862799888
1-0,1-0,0.0,0.44770196251469135,0.5003559584660494
1-0,1-0,0.0,0.44525396350789126,0.5012591809805206
1/2-1/2,1-0,0.0,0.46691297315746466,0.49621539584448177
1-0,1-0,0.0,0.45229247491036567,0.498654601805272
1-0,1-0,0.0,0.43746539882385443,0.5040661922497583
1/2-1/2,1-0,0.0,0.45540048054192295,0.508096392420713
0-1,1-0,0.0,0.46234715990664205,0.49517789619134744
0-1,1-0,0.0,0.4653135270666572,0.49846939490351266
1-0,1-0,0.0,0.43251362490960393,0.5269117119605091
1-0,1-0,0.0,0.465959669269619,0.49448199421527056
0-1,1-0,0.0,0.4669074178697764,0.4946878728449367
0-1,1-0,0.0,0.4630949084196341,0.49497235489626096
0-1,1-0,0.0,0.4603149259779349,0.5036153783516424
1-0,1-0,0.0,0.4411760874899378,0.5200456226167344
0-1,1-0,0.0,0.4574386531279768,0.5062741602132454
0-1,1-0,0.0,0.4645392001076816,0.49464053010392667
0-1,1-0,0.0,0.45902961220600397,0.5048186374286815
0-1,1-0,0.0,0.4663530239826688,0.49713215986017906
1-0,1-0,0.0,0.4645469931352848,0.4946390679671482
1-0,1-0,0.0,0.43665579840709007,0.5043501239229214
1-0,1-0,0.0,0.463269578188731,0.5007080329730129
0-1,1-0,0.0,0.46712251116057774,0.4949201108784836
1-0,1-0,0.0,0.45238542481419636,0.5107254486173626
1-0,1-0,0.0,0.46265457782779484,0.5013351247328229
1-0,1-0,0.0,0.46447257946377624,0.49465321149188135
1-0,1-0,0.0,0.4668987915656002,0.4946822270982718
0-1,1-0,0.0,0.4042780658768829,0.5139251371419442
1-0,1-0,0.0,0.4603536912847166,0.503578635543351
0-1,1-0,0.0,0.46143125010309,0.4954499771028539
0-1,1-0,0.0,0.46061412875979996,0.5033310219797638
0-1,1-0,0.0,0.4667594239966588,0.4964984498830589
1-0,1-0,0.0,0.46669678891045047,0.49660463631813745
0-1,1-0,0.0,0.46668626646519623,0.4966220755027538
1-0,1-0,0.0,0.4664552419781645,0.49698286944987685
0-1,1-0,0.0,0.4590918063094738,0.49621100932634943
0-1,1-0,0.0,0.4459589489567669,0.5161399894654102
0-1,1-0,0.0,0.46713794757868204,0.49566142776842004
1-0,1-0,0.0,0.4405751198000242,0.502960594082371
1-0,1-0,0.0,0.45527153858401526,0.5082103212968991
0-1,1-0,0.0,0.4519315388541874,0.49878810129313855
0-1,1-0,0.0,0.4671950375272452,0.49516332873366486
0-1,1-0,0.0,0.46551168777009844,0.4982315113654358
1-0,1-0,0.0,0.4469213983079563,0.5006446293864548
1-0,1-0,0.0,0.46674075932435244,0.4946014601415437
0-1,1-0,0.0,0.4670708347275264,0.4948391213281424
1-0,1-0,0.0,0.4111428453215841,0.5429213691310202
1-0,1-0,0.0,0.4667664753444167,0.49648621775993285
1-0,1-0,0.0,0.46039526563336175,0.5035391980222849
1-0,1-0,0.0,0.4215163021507174,0.5353044294723536
0-1,1-0,0.0,0.4636563155945178,0.5003053566186847
1-0,1-0,0.0,0.44352900093757497,0.5181356834299014
1-0,1-0,0.0,0.46336033381602376,0.5006141674439257
1-0,1-0,0.0,0.45727314216198445,0.49684287422081463
1-0,1-0,0.0,0.46585776168431836,0.49448299540465873
1-0,1-0,0.0,0.4553360783995397,0.49753792681535897
0-1,1-0,0.0,0.46077307177857385,0.4956560265537899
1-0,1-0,0.0,0.4609674816152956,0.5029928366810857
1-0,1-0,0.0,0.4584948872836155,0.49641550896378306
1-0,1-0,0.0,0.46548825090047197,0.49450401952891565
1-0,1-0,0.0,0.4602554464089866,0.5036716988737991
1/2-1/2,1-0,0.0,0.4633119910446471,0.5006642127259197
0-1,1-0,0.0,0.4644554130047129,0.49944714753900205
1-0,1-0,0.0,0.4509372391658018,0.4991564317832455
1-0,1-0,0.0,0.4070530660717649,0.5132597415126781
0-1,1-0,0.0,0.4531561503802305,0.4983358183485494
1-0,1-0,0.0,0.4671803601697373,0.49507694393699836
0-1,1-0,0.0,0.4671688797423127,0.4950336210640839
0-1,1-0,0.0,0.4646020691903956,0.4992849171906918
0-1,1-0,0.0,0.4665123854280763,0.49453316433493744
1-0,1-0,0.0,0.46015855027141456,0.5037633059337916
0-1,1-0,0.0,0.46631119027746465,0.497191853653127
0-1,1-0,0.0,0.46717867584763145,0.4950698172735585
0-1,1-0,0.0,0.44137502802338063,0.5026726506054533
0-1,1-0,0.0,0.46584476800179647,0.4944832920824571
0-1,1-0,0.0,0.4168255702489946,0.5106699690014563
1-0,1-0,0.0,0.45492056744494264,0.4976890180770649
1-0,1-0,0.0,0.4592078905218144,0.49617162881877813
0-1,1-0,0.0,0.46588643620449177,0.4977635465213954
1-0,1-0,0.0,0.46463754946184804,0.49462241572347443
0-1,1-0,0.0,0.467190171041512,0.4954170327294938
0-1,1-0,0.0,0.4492447822653716,0.49978420649866223
0-1,1-0,0.0,0.4653651254552555,0.49451596960211386
1-0,1-0,0.0,0.44439395852838115,0.5015747351202305
1-0,1-0,0.0,0.46531186394665736,0.49847136795133606
1-0,1-0,0.0,0.46026324936880897,0.5036643141681991
1-0,1-0,0.0,0.46703995048888874,0.49480160322499334
0-1,1-0,0.0,0.3766306594486774,0.5187292949014106
0-1,1-0,0.0,0.4671900772614962,0.49512687105267406
1-0,1-0,0.0,0.4494130542294499,0.5132572302656417
0-1,1-0,0.0,0.4574215819089492,0.506289605577873
1-0,1-0,0.0,0.4670212539326895,0.49598388237930385
0-1,1-0,0.0,0.4671798696112312,0.495483136432741
0-1,1-0,0.0,0.435881902920359,0.5046199220600684
1-0,1-0,0.0,0.46704572825056206,0.4959252602286345
1-0,1-0,0.0,0.46668815245671846,0.49458175129665405
1-0,1-0,0.0,0.4430136230057565,0.5185558536249575
0-1,1-0,0.0,0.45835289050107525,0.5054418306735676
0-1,1-0,0.0,0.4516484317502595,0.51135818795146
0-1,1-0,0.0,0.46717551638190125,0.4950572597693268
1-0,1-0,0.0,0.46107741223211746,0.4955598009472843
0-1,1-0,0.0,0.46182553842154345,0.49533050821630287
1-0,1-0,0.0,0.4633596860463508,0.4949041255704114
0-1,1-0,0.0,0.46369213971887696,0.4948225236935676
1-0,1-0,0.0,0.4484562990226539,0.5140615995978242
0-1,1-0,0.0,0.4525707329763445,0.49855178381409426
0-1,1-0,0.0,0.44557727998543695,0.5011402816237874
0-1,1-0,0.0,0.4669810198681105,0.4947436420126348
0-1,1-0,0.0,0.4224247997706608,0.5346237709121897
0-1,1-0,0.0,0.4550842458185411,0.4976294324815759
1/2-1/2,1-0,0.0,0.46580974610147663,0.4978615671637399
1-0,1-0,0.0,0.4666990397761577,0.4945855992224858
0-1,1-0,0.0,0.4573201860680406,0.49682623191001707
0-1,1-0,0.0,0.46712900512721894,0.4956917927122924
1-0,1-0,0.0,0.45921404303739627,0.5046476418111943
0-1,1-0,0.0,0.4508290409128757,0.5120576721462164
1/2-1/2,1-0,0.0,0.46119218952466046,0.5027763493486774
1-0,1-0,0.0,0.44701498324995664,0.500610047718081
1-0,1-0,0.0,0.46280030235718356,0.49505123799399087
0-1,1-0,0.0,0.46660305238826233,0.4967565123598802
0-1,1-0,0.0,0.4669762564412566,0.4947395544465918
0-1,1-0,0.0,0.46718787834974673,0.4951138307025407
1-0,1-0,0.0,0.4496932253094612,0.5130207675376575
1-0,1-0,0.0,0.4664740375926851,0.494525369803525
1-0,1-0,0.0,0.4660339134718087,0.49448286375908157
0-1,1-0,0.0,0.42705879126001345,0.5311169928777659
1-0,1-0,0.0,0.4629835116483395,0.5010015830387436
0-1,1-0,0.0,0.4671955273085413,0.4953697121654963
0-1,1-0,0.0,0.46382177134852626,0.49479207480879545
1-0,1-0,0.0,0.44743315694592833,0.5004554268054402
1-0,1-0,0.0,0.4636310638671513,0.4948371473266294
0-1,1-0,0.0,0.4462018181571177,0.5159391333546925
1-0,1-0,0.0,0.4332736032856267,0.5055170566152459
1-0,1-0,0.0,0.460827316141838,0.49563876356786674
0-1,1-0,0.0,0.46207575580866933,0.4952564697890795
0-1,1-0,0.0,0.4561189886042063,0.5074587551463754
1-0,1-0,0.0,0.46117881446975784,0.5027892675137411
0-1,1-0,0.0,0.45831163236674416,0.4964789101039428
0-1,1-0,0.0,0.41494987042696124,0.5401588152909579
1-0,1-0,0.0,0.46694916523426555,0.49614201217422266
0-1,1-0,0.0,0.45168746965593815,0.4988784472012766
0-1,1-0,0.0,0.4671689290757049,0.49503378535599896
1-0,1-0,0.0,0.46195955647675246,0.4952906706307477
0-1,1-0,0.0,0.4624727993918549,0.495142182667826
1-0,1-0,0.0,0.4621286283986126,0.5018606256644222
1-0,1-0,0.0,0.4598369459814435,0.504066128093186
0-1,1-0,0.0,0.46552639042429694,0.4945007669088249
1-0,1-0,0.0,0.4651218865807226,0.4986944336796385
0-1,1-0,0.0,0.4648521895735083,0.49900405781631807
1-0,1-0,0.0,0.464328511842414,0.4995862038559385
0-1,1-0,0.0,0.46528243849432077,0.49452515179788264
1-0,1-0,0.0,0.46713702758029174,0.4956646289895635
0-1,1-0,0.0,0.46698381969792385,0.49474608070133846
0-1,1-0,0.0,0.4664435128439681,0.49451975851095936
0-1,1-0,0.0,0.4598474976885001,0.49595722140105947
1/2-1/2,1-0,0.0,0.4665246215287983,0.49687835645495787
0-1,1-0,0.0,0.46344814500729375,0.4948819475366796
0-1,1-0,0.0,0.4499819583260544,0.4995107425514368
0-1,1-0,0.0,0.4347153696053863,0.525189436433752
0-1,1-0,0.0,0.46535835333929854,0.4945166879765992
1-0,1-0,0.0,0.46497469110797274,0.4988643653628575
0-1,1-0,0.0,0.46449397985229035,0.49940464859821776
1-0,1-0,0.0,0.4656996369693647,0.49448896009043586
0-1,1-0,0.0,0.4662611865009923,0.494495560086449
1-0,1-0,0.0,0.466933552735492,0.49617407576414224
1-0,1-0,0.0,0.45178812934827656,0.49884118011267065
1-0,1-0,0.0,0.4669782210214015,0.4960804690285603
0-1,1-0,0.0,0.46379515372534974,0.4947982598557058
1-0,1-0,0.0,0.4653201831631641,0.4984614947166326
1-0,1-0,0.0,0.4671575879449597,0.49558767565661915
0-1,1-0,0.0,0.4463588501781379,0.5158091253802651
1-0,1-0,0.0,0.45062780537936203,0.4992711731296659
0-1,1-0,0.0,0.46233905939506137,0.49518021359204406
0-1,1-0,0.0,0.46343014939718913,0.5005417043123225
0-1,1-0,0.0,0.4546939048720765,0.5087189292464901
0-1,1-0,0.0,0.45647838351723163,0.5071379511688705
0-1,1-0,0.0,0.4668878154621428,0.494675270839794
1-0,1-0,0.0,0.45520547031395014,0.5082686401125432
0-1,1-0,0.0,0.4655601382858635,0.4944980767056505
1-0,1-0,0.0,0.43844618611952624,0.5222362119135046
1-0,1-0,0.0,0.44469086095857,0.5014659175149251
0-1,1-0,0.0,0.4458543800985908,0.516226388769462
0-1,1-0,0.0,0.4584680667611431,0.505336214948236
0-1,1-0,0.0,0.46646023323621705,0.49452276941012857
0-1,1-0,0.0,0.4638511371247523,0.4947852924716996
1-0,1-0,0.0,0.45349601802432826,0.509765040752573
0-1,1-0,0.0,0.4668765674774736,0.49628617760662597
1-0,1-0,0.0,0.45147804000411884,0.49895601015924956
0-1,1-0,0.0,0.46537995986707537,0.4945144175586202
0-1,1-0,0.0,0.46606606279035034,0.4944836965974427
1-0,1-0,0.0,0.45552683342476674,0.5079846068801096
0-1,1-0,0.0,0.45801731041891497,0.5057485587427263
0-1,1-0,0.0,0.4651497496945898,0.4986619930157202
0-1,1-0,0.0,0.4671270385846729,0.49492882486815654
0-1,1-0,0.0,0.4585939613963113,0.5052205644236644
1-0,1-0,0.0,0.44136321136447937,0.5026769140280533
0-1,1-0,0.0,0.4488625797864332,0.4999259477183923
1-0,1-0,0.0,0.46260749004271073,0.4951043916303493
0-1,1-0,0.0,0.46007727200876486,0.5038400133938001
0-1,1-0,0.0,0.46709713047168583,0.49487673318093384
1/2-1/2,1-0,0.0,0.46656795302761817,0.4945460709242667
1-0,1-0,0.0,0.4600132149511467,0.4959024447794277
0-1,1-0,0.0,0.4587360368727516,0.49633250694182773
0-1,1-0,0.0,0.4522485153227804,0.5108432584215831
1-0,1-0,0.0,0.4374667373354558,0.504065721427349
0-1,1-0,0.0,0.4661321855177088,0.49743960336791465
0-1,1-0,0.0,0.4649548064519493,0.49888714335268164
1-0,1-0,0.0,0.46712687017986926,0.49492849442843195
0-1,1-0,0.0,0.46516862635639705,0.49453918033365446
0-1,1-0,0.0,0.46221438451744734,0.49521609973155567
1-0,1-0,0.0,0.4389069930132358,0.5218682630919428
1-0,1-0,0.0,0.46666596101538016,0.49457425415945677
1-0,1-0,0.0,0.43352712191141796,0.5261207591047953
0-1,1-0,0.0,0.46718844123465497,0.4951170411539275
1-0,1-0,0.0,0.44462870533704224,0.5014887091314244
1-0,1-0,0.0,0.4636818845055424,0.4948249669923905
1-0,1-0,0.0,0.4671558205899474,0.494994616940438
0-1,1-0,0.0,0.464311047727396,0.4946852507134336
0-1,1-0,0.0,0.4610049148240545,0.5029568521810649
0-1,1-0,0.0,0.46617678516478644,0.49448889299580157
0-1,1-0,0.0,0.44909586778441585,0.5135244265135336
1-0,1-0,0.0,0.4590023432148106,0.5048438764655955
0-1,1-0,0.0,0.46128606082044893,0.5026855662008684
0-1,1-0,0.0,0.4419041316276685,0.5194568889343131
0-1,1-0,0.0,0.45813918978686446,0.4965388141513329
1/2-1/2,1-0,0.0,0.4627205104798564,0.5012685896039298
1-0,1-0,0.0,0.4667750627954754,0.4964712381723499
0-1,1-0,0.0,0.4432317167565957,0.5183781769573071
0-1,1-0,0.0,0.4656276046073026,0.49808954208930595
0-1,1-0,0.0,0.43838792509290486,0.5037406241800371
0-1,1-0,0.0,0.46237287366478225,0.4951705517096109
0-1,1-0,0.0,0.4287404080334463,0.5070281074499515
0-1,1-0,0.0,0.4667552345496162,0.4965056890430067
1-0,1-0,0.0,0.4663241019225016,0.49450226849153034
0-1,1-0,0.0,0.4380241493034833,0.5225725724686869
0-1,1-0,0.0,0.46719534986233247,0.49516613642525836
1-0,1-0,0.0,0.46659617449472396,0.4967673719218358
1-0,1-0,0.0,0.4575152187892724,0.4967573823576851
1-0,1-0,0.0,0.45489977787500424,0.49769659234802616
1-0,1-0,0.0,0.45017330106160747,0.4994397593211574
0-1,1-0,0.0,0.46010531599745297,0.4958721513889644
1-0,1-0,0.0,0.4670061321340546,0.49601866737096867
1-0,1-0,0.0,0.44892642392176596,0.5136669479683605
1-0,1-0,0.0,0.45838036736473825,0.5054166507834731
0-1,1-0,0.0,0.4575127819550987,0.4967582411202909
1-0,1-0,0.0,0.46005096826680336,0.49589001394788434
1-0,1-0,0.0,0.4667811437167502,0.49461867693176154
0-1,1-0,0.0,0.466640755190058,0.4966963271402982
1/2-1/2,1-0,0.0,0.45660951162790214,0.5070205787425432
1-0,1-0,0.0,0.46637542788400677,0.4970998718998309
0-1,1-0,0.0,0.46132168141229707,0.49548373521161787
1-0,1-0,0.0,0.46696457987682605,0.49610968514739157
0-1,1-0,0.0,0.46232760097531406,0.5016628761139429
0-1,1-0,0.0,0.4224836571836363,0.5345795975204775
1-0,1-0,0.0,0.45363263362866507,0.4981604621802346
0-1,1-0,0.0,0.4668621729054403,0.4946599423634796
0-1,1-0,0.0,0.4482168582172765,0.5142621697104715
1-0,1-0,0.0,0.45686216380371847,0.506793925425143
0-1,1-0,0.0,0.460192222961627,0.49584366795005314
0-1,1-0,0.0,0.46186755347002545,0.5021182995149976
1-0,1-0,0.0,0.4391427134150575,0.5034726996228824
0-1,1-0,0.0,0.4164731563175882,0.5390428275357824
0-1,1-0,0.0,0.4670282527397842,0.49478885404133777
1-0,1-0,0.0,0.44222814400306926,0.5023641041397132
0-1,1-0,0.0,0.46438671364058753,0.49467002174243646
0-1,1-0,0.0,0.465463097945154,0.4945062842807204
1-0,1-0,0.0,0.467024510619461,0.49597625613242013
1/2-1/2,1-0,0.0,0.46718797743059515,0.4954329722847225
1-0,1-0,0.0,0.46564799637817755,0.49806432972295517
1-0,1-0,0.0,0.4587011076591728,0.5051219638499237
1-0,1-0,0.0,0.46516718107101573,0.49864165149404704
1-0,1-0,0.0,0.4245049122679067,0.5083799342283817
1-0,1-0,0.0,0.4647559030024134,0.4946016339943656
0-1,1-0,0.0,0.4633401588621446,0.5006350657639463
0-1,1-0,0.0,0.4572433937791617,0.5064506233676227
0-1,1-0,0.0,0.4671019242798991,0.49488431077701717
0-1,1-0,0.0,0.46413709923134033,0.49979381692509467
0-1,1-0,0.0,0.46468435090759125,0.4946140609510808
1-0,1-0,0.0,0.4461379339817567,0.5009337868003779
1-0,1-0,0.0,0.46684479817693797,0.49634585359621886
1/2-1/2,1-0,0.0,0.4635495569070729,0.5004172348557605
0-1,1-0,0.0,0.4559301593536585,0.5076268006597213
0-1,1-0,0.0,0.4665613402060479,0.4945444282189677
1-0,1-0,0.0,0.46396182301625216,0.4947601286713203
0-1,1-0,0.0,0.4670539763760332,0.4948178881959111
1-0,1-0,0.0,0.4658466934503416,0.4978145057052198
0-1,1-0,0.0,0.46581772877799216,0.49785142420497447
1-0,1-0,0.0,0.46666626839173636,0.49457435493190743
0-1,1-0,0.0,0.4660209269168442,0.49758828533633126
0-1,1-0,0.0,0.4520405181288869,0.5110220028923944
1-0,1-0,0.0,0.4671767836893417,0.4954998285654461
1-0,1-0,0.0,0.46719992762240986,0.49522912213594344
0-1,1-0,0.0,0.4666838159883522,0.4945802503133672
0-1,1-0,0.0,0.4667815438610837,0.49461885757421403
0-1,1-0,0.0,0.41763071123933626,0.510440053156391
0-1,1-0,0.0,0.46174943553640874,0.4953533103040134
1-0,1-0,0.0,0.4650179336794505,0.49456001536428423
1-0,1-0,0.0,0.45767491833609925,0.4967011869149104
1/2-1/2,1-0,0.0,0.459760154584776,0.49598622704918927
0-1,1-0,0.0,0.4668647896242055,0.49466145043563564
1-0,1-0,0.0,0.4648292722214152,0.49458934456647785
1-0,1-0,0.0,0.46606294198059517,0.4975325614610177
1-0,1-0,0.0,0.4617975908417487,0.5021870216078507
1-0,1-0,0.0,0.4571912180118145,0.49687188742914573
0-1,1-0,0.0,0.45100768714128586,0.49913031452271284
0-1,1-0,0.0,0.46330970038522806,0.5006665814432695
0-1,1-0,0.0,0.4637879394743337,0.5001666095029974
0-1,1-0,0.0,0.46584569686737226,0.4978157789990918
1-0,1-0,0.0,0.4554628185933836,0.5080412593609757
0-1,1-0,0.0,0.45789236908129816,0.49662494558023185
1-0,1-0,0.0,0.4506884151437229,0.49924869559179813
0-1,1-0,0.0,0.4671810429073125,0.4950799298362363
1/2-1/2,1-0,0.0,0.4585849794364377,0.49638444139787496
0-1,1-0,0.0,0.4667911383247312,0.494623251582382
0-1,1-0,0.0,0.46610258538680965,0.49747951813604846
1-0,1-0,0.0,0.39980152309927053,0.5509269074122094
1-0,1-0,0.0,0.4467643580640222,0.5154728857080934
0-1,1-0,0.0,0.46041773653312007,0.5035178680879275
0-1,1-0,0.0,0.4565271512599945,0.5070943199080737
0-1,1-0,0.0,0.4653161878200251,0.49452129717246845
1-0,1-0,0.0,0.4669740814559628,0.49473771323529003
1-0,1-0,0.0,0.46600064097052746,0.49448229733826793
1-0,1-0,0.0,0.4629717547049518,0.5010135757605569
1-0,1-0,0.0,0.4431152452046451,0.5184730872346259
0-1,1-0,0.0,0.4549238830870945,0.49768781021149844
0-1,1-0,0.0,0.41877715127485976,0.5373432790169274
0-1,1-0,0.0,0.46640753624511255,0.4945137731577407
0-1,1-0,0.0,0.46613201218044803,0.49743983790224366
1-0,1-0,0.0,0.44830602149363846,0.5001322474776703
1-0,1-0,0.0,0.4622053603429366,0.501784510339441
0-1,1-0,0.0,0.4595807554866092,0.504306066394637
1-0,1-0,0.0,0.4531185354837083,0.5100924492359663
0-1,1-0,0.0,0.46554156760724197,0.49819512848029035
0-1,1-0,0.0,0.45708982402873044,0.506589107205931
1-0,1-0,0.0,0.45608336119264914,0.507490487516978
1-0,1-0,0.0,0.46570864542990104,0.49798889606333036
1-0,1-0,0.0,0.46437508532161387,0.4995353059019571
1-0,1-0,0.0,0.460982849401564,0.4955895329627984
0-1,1-0,0.0,0.4620644530091018,0.4952597822759099
1-0,1-0,0.0,0.4452192798439555,0.5012719275501683
1/2-1/2,1-0,0.0,0.4668508290779121,0.49633466115972746
0-1,1-0,0.0,0.45613293238180336,0.5074463324385242
1-0,1-0,0.0,0.4607872208033443,0.49565151914978817
0-1,1-0,0.0,0.4670279729124124,0.49478855761554635
0-1,1-0,0.0,0.46674058430919413,0.49460138969992407
0-1,1-0,0.0,0.4626512921267517,0.4950922165460643
1-0,1-0,0.0,0.4637130744495599,0.5002456385288248
1-0,1-0,0.0,0.46686494597731704,0.4946615409353565
1-0,1-0,0.0,0.4671661312196542,0.4950246991530091
1-0,1-0,0.0,0.45798619592098405,0.5057769248606363
0-1,1-0,0.0,0.46063075447692614,0.49570153915595816
1-0,1-0,0.0,0.4654198397669798,0.49451039458192764
1-0,1-0,0.0,0.4502888964905654,0.49939687835982044
0-1,1-0,0.0,0.4445287717085854,0.5015253413092111
1-0,1-0,0.0,0.4658082590067087,0.49448431854898706
1-0,1-0,0.0,0.46281093681072666,0.4950483401555189
1-0,1-0,0.0,0.4556522907230968,0.49742334494182683
1-0,1-0,0.0,0.4603431482570976,0.5035886313708935
1-0,1-0,0.0,0.46282118249425164,0.5011666927913767
1-0,1-0,0.0,0.46581659027613737,0.49785287164047304
1/2-1/2,1-0,0.0,0.4671779067687443,0.4950666684246172
1-0,1-0,0.0,0.46698367015320624,0.494745949758462
1-0,1-0,0.0,0.427992567025463,0.5304031653293728
0-1,1-0,0.0,0.4577904426455264,0.5059551099913612
1-0,1-0,0.0,0.44388426163426725,0.5178454366029102
1-0,1-0,0.0,0.46455270986744573,0.4993397087048023
0-1,1-0,0.0,0.4289838247094351,0.5296427010886816
1-0,1-0,0.0,0.4671908165817863,0.49541205677656214
1-0,1-0,0.0,0.4615765366943442,0.5024032876163809
0-1,1-0,0.0,0.4670687031928779,0.4958670608779406
1-0,1-0,0.0,0.4389250587163686,0.521853823080489
1-0,1-0,0.0,0.46324137056078013,0.500737132643169
0-1,1-0,0.0,0.46689928194096864,0.49468254374236686
0-1,1-0,0.0,0.46172653924971374,0.5022566762430728
1-0,1-0,0.0,0.43080442948155384,0.5282386530246865
0-1,1-0,0.0,0.4645389166808186,0.4946405833659397
0-1,1-0,0.0,0.4603421535227401,0.5035895743664
1-0,1-0,0.0,0.4669361958996475,0.4961686928365874
1-0,1-0,0.0,0.46292748872272743,0.49501682200714303
1-0,1-0,0.0,0.4589019573408816,0.4962756969465033
1-0,1-0,0.0,0.4567098715294575,0.5069306266613158
0-1,1-0,0.0,0.46640802308931656,0.4970524751579964
1-0,1-0,0.0,0.4670868995016859,0.494861357797957
0-1,1-0,0.0,0.4535079400600117,0.5097546833293247
1-0,1-0,0.0,0.46371938250734,0.4948160572605853
1-0,1-0,0.0,0.45034880285763157,0.49937465650829144
1/2-1/2,1-0,0.0,0.3906841483471109,0.5167127157373822
0-1,1-0,0.0,0.46618675248783686,0.4944895510558915
0-1,1-0,0.0,0.4173977645068877,0.5383624691783699
0-1,1-0,0.0,0.46001206472528405,0.4959028237936388
0-1,1-0,0.0,0.4621464908119868,0.4952358109614672
1-0,1-0,0.0,0.4651097621195791,0.4945470259179722
1-0,1-0,0.0,0.4670576343698471,0.4958955305417109
1-0,1-0,0.0,0.4662232869033341,0.4973149648569296
1/2-1/2,1-0,0.0,0.4623024299516453,0.4951907144858642
0-1,1-0,0.0,0.46692861446599376,0.4961840851338285
1-0,1-0,0.0,0.4606537342913863,0.49569416901451396
1-0,1-0,0.0,0.4632410183402214,0.500737495782341
0-1,1-0,0.0,0.4644644176907667,0.4946547871366821
0-1,1-0,0.0,0.46344910559903973,0.500521990033464
1-0,1-0,0.0,0.4631637028854493,0.5008170783437534
0-1,1-0,0.0,0.46689666665218177,0.49468086088205815
0-1,1-0,0.0,0.465018498743138,0.49881403745927566
1-0,1-0,0.0,0.46499097268074324,0.4945639952221156
1-0,1-0,0.0,0.450957279822244,0.5119484669924107
0-1,1-0,0.0,0.4203116865737878,0.5362035314228408
1-0,1-0,0.0,0.46715921560727386,0.49500400383166016
0-1,1-0,0.0,0.4671675037823284,0.49554505032043017
0-1,1-0,0.0,0.46404196318184615,0.49989611524229477
0-1,1-0,0.0,0.46628993624209397,0.49449842977582636
1-0,1-0,0.0,0.4639072408000838,0.5000400366245444
1-0,1-0,0.0,0.45785472383173825,0.4966381210859047
0-1,1-0,0.0,0.4522457385470601,0.5108456465380442
1-0,1-0,0.0,0.4521543442649059,0.49870567589191933
0-1,1-0,0.0,0.46383227767194657,0.49478964325531977
1-0,1-0,0.0,0.4552014661045472,0.5082721734188562
0-1,1-0,0.0,0.46327058387088177,0.5007069948418884
1-0,1-0,0.0,0.45658046636612665,0.49708936891208744
1-0,1-0,0.0,0.4639352224932879,0.49476611728699105
1-0,1-0,0.0,0.4440803396006785,0.5016895318627808
0-1,1-0,0.0,0.435757698060935,0.5243688647409721
1-0,1-0,0.0,0.4406387240587889,0.5204789138449077
0-1,1-0,0.0,0.46610135628923544,0.49748116971046846
0-1,1-0,0.0,0.4504749674411475,0.4993278590240623
0-1,1-0,0.0,0.4657853719400193,0.49448510322001304
1-0,1-0,0.0,0.45912728067064057,0.5047281481242412
1-0,1-0,0.0,0.444203776855732,0.51758395840232
1-0,1-0,0.0,0.433016399024235,0.5265197251197994
1-0,1-0,0.0,0.4641993530675921,0.49972656347795147
1-0,1-0,0.0,0.4554094241316637,0.5080884846672366
1-0,1-0,0.0,0.4379482959745251,0.5226329636527599
1-0,1-0,0.0,0.4660552292450986,0.4944833838386506
0-1,1-0,0.0,0.42734236656860264,0.5074809555367915
1-0,1-0,0.0,0.4284551773488993,0.5300486111315528
0-1,1-0,0.0,0.43729132918268354,0.5231552118377268
1-0,1-0,0.0,0.46523611269600307,0.4985608519128188
0-1,1-0,0.0,0.46401641840799657,0.4947479574942985
1-0,1-0,0.0,0.4257938372614732,0.5320801055558542
1-0,1-0,0.0,0.46474128827674965,0.4946041374559335
0-1,1-0,0.0,0.4527238757187679,0.5104336744478077
1-0,1-0,0.0,0.45131563442836997,0.4990161794618859
1-0,1-0,0.0,0.4519772384579611,0.5110763270962878
1-0,1-0,0.0,0.46043172143016586,0.49576570473512005
1-0,1-0,0.0,0.46564861574217986,0.4980635627809409
0-1,1-0,0.0,0.46022391089314746,0.5037015323222327
0-1,1-0,0.0,0.46294664141339825,0.5010391744318258
0-1,1-0,0.0,0.4522645464343909,0.510829470156166
1-0,1-0,0.0,0.4624737621593339,0.4951419106902955
1-0,1-0,0.0,0.456488636001744,0.49712223704797276
0-1,1-0,0.0,0.45917867056867695,0.4961815287327548
1-0,1-0,0.0,0.46589085437845185,0.4944824078011255
1-0,1-0,0.0,0.45627135075111,0.5073229101645983
1-0,1-0,0.0,0.4625850438166056,0.49511065284814826
0-1,1-0,0.0,0.4516823283239754,0.49888035089744776
1-0,1-0,0.0,0.4627959208373617,0.49505243299153184
1-0,1-0,0.0,0.46659374600323406,0.49455277206489745
0-1,1-0,0.0,0.46602310012817433,0.49758541504963616
1-0,1-0,0.0,0.4182595356236366,0.537726319965448
1-0,1-0,0.0,0.4663248883243146,0.49717239045098083
1-0,1-0,0.0,0.4659813244056514,0.4976403691247482
0-1,1-0,0.0,0.45062538226120574,0.499272071784011
0-1,1-0,0.0,0.44775637653219036,0.5003358165128466
0-1,1-0,0.0,0.4243632137505898,0.5084241050565229
1-0,1-0,0.0,0.4458461573322045,0.5010412992847272
1-0,1-0,0.0,0.4581979051413944,0.5055836726433218
1-0,1-0,0.0,0.4647367593166717,0.49913436569114955
0-1,1-0,0.0,0.4538403259280321,0.5094654933018239
1-0,1-0,0.0,0.46622217116738707,0.4944921639054409
0-1,1-0,0.0,0.4618677181530304,0.5021181375919443
1-0,1-0,0.0,0.4567716384500407,0.5068752128029622
0-1,1-0,0.0,0.46581637151298727,0.4978531497334938
0-1,1-0,0.0,0.4568013727844874,0.5068485224287289
0-1,1-0,0.0,0.4156083075948064,0.5396771787950682
0-1,1-0,0.0,0.46682293386626983,0.49638593512241797
0-1,1-0,0.0,0.4600636501547214,0.4958858423521722
1-0,1-0,0.0,0.4545934713215593,0.4978083387638106
1-0,1-0,0.0,0.46022360570996873,0.5037018209423518
1-0,1-0,0.0,0.46209937386679145,0.4952495581770929
0-1,1-0,0.0,0.45571908511966575,0.5078142413590508
1-0,1-0,0.0,0.4620954236749305,0.5018935084237305
1-0,1-0,0.0,0.4435926262104767,0.5180837389502494
0-1,1-0,0.0,0.4651707490453863,0.4986374833950897
1-0,1-0,0.0,0.45675728703191326,0.5068880916888915
1-0,1-0,0.0,0.46591542940164726,0.49448213190035206
1/2-1/2,1-0,0.0,0.46719837736257497,0.495333705077722
1-0,1-0,0.0,0.4407379957794762,0.5029020739356965
0-1,1-0,0.0,0.46441873822811075,0.4946636923222768
0-1,1-0,0.0,0.4539243825263283,0.4980533143926113
1-0,1-0,0.0,0.46103177599067235,0.5029310112932661
1-0,1-0,0.0,0.46710010199320073,0.4948814003964538
0-1,1-0,0.0,0.4415170484108978,0.5026213875578758
1-0,1-0,0.0,0.4457254324721156,0.5010857532024819
0-1,1-0,0.0,0.46018608558290097,0.5037372914734066
1-0,1-0,0.0,0.46718018512799586,0.495076187761403
1-0,1-0,0.0,0.45398086685274064,0.49803259142971795
0-1,1-0,0.0,0.4163747237489661,0.510797641332435
1-0,1-0,0.0,0.4614176448585467,0.4954541562462375
1-0,1-0,0.0,0.44544132120444146,0.5011902972033788
0-1,1-0,0.0,0.4620298191256588,0.49526995163973164
1-0,1-0,0.0,0.46420613978339575,0.4947069774048996
0-1,1-0,0.0,0.4663205680087902,0.49450184912644607
0-1,1-0,0.0,0.4602723064359053,0.4958175103939523
1-0,1-0,0.0,0.4590405352628332,0.4962284449125616
1-0,1-0,0.0,0.4670171896632217,0.4947774196344996
0-1,1-0,0.0,0.4652117606879075,0.49453368186864377
1-0,1-0,0.0,0.4553050082236032,0.5081807627970836
1-0,1-0,0.0,0.4564612043179758,0.5071533151835848
0-1,1-0,0.0,0.4636766507386024,0.5002839805496075
0-1,1-0,0.0,0.46407057647270084,0.499865407325259
1-0,1-0,0.0,0.4447090312281451,0.5014592536426856
1-0,1-0,0.0,0.4161560166076976,0.5392756719552098
1/2-1/2,1-0,0.0,0.44437722264422863,0.5015808649881573
0-1,1-0,0.0,0.4432326174456147,0.5183774427964664
0-1,1-0,0.0,0.4668496487909181,0.49633685641836295
1-0,1-0,0.0,0.46091829450887495,0.5030400730506068
1/2-1/2,1-0,0.0,0.4650177367284963,0.49456004416997007
1-0,1-0,0.0,0.4671984788815552,0.4953320940495068
1-0,1-0,0.0,0.4666529448690699,0.496676619285104
0-1,1-0,0.0,0.46515347551167485,0.49454116252377583
1-0,1-0,0.0,0.43869133303545005,0.5220405550469122
1-0,1-0,0.0,0.4497044227570298,0.49961370319801685
0-1,1-0,0.0,0.46675122766202826,0.49460573679790715
1-0,1-0,0.0,0.4662662805546554,0.49449604530380215
0-1,1-0,0.0,0.46251481365778707,0.49513033828559444
1-0,1-0,0.0,0.4636629935587199,0.49482948064795407
0-1,1-0,0.0,0.4634856226131311,0.5004839646631535
0-1,1-0,0.0,0.45556521020894747,0.507950625996885
1-0,1-0,0.0,0.46598328890889573,0.49448211696824584
0-1,1-0,0.0,0.45818923064546324,0.4965214070130166
0-1,1-0,0.0,0.4671107857964261,0.4948990240654444
1-0,1-0,0.0,0.46560514288836496,0.49449477395277686
1-0,1-0,0.0,0.4618565411108725,0.5021291256002975
1-0,1-0,0.0,0.46104467843635766,0.49557007547564896
1-0,1-0,0.0,0.46339016013706463,0.49489644885407735
1-0,1-0,0.0,0.45727346113040024,0.49684276133721955
1-0,1-0,0.0,0.4651292835513078,0.4986858302956274
1-0,1-0,0.0,0.46610091390523606,0.497481764042835
1-0,1-0,0.0,0.4602965735618454,0.49580960132331303
0-1,1-0,0.0,0.4577137613539636,0.5060247810765699
0-1,1-0,0.0,0.4643605893517664,0.49467523661008783
1-0,1-0,0.0,0.4562692220181269,0.5073248097042475
1-0,1-0,0.0,0.4657207932002807,0.4979737040080913
1-0,1-0,0.0,0.4461964912923979,0.5159435415648135
1-0,1-0,0.0,0.45484730712234767,0.4977157149261977
1-0,1-0,0.0,0.4671405233596624,0.4956523620792627
0-1,1-0,0.0,0.46362282566933305,0.49483913301687954
0-1,1-0,0.0,0.4505251160391587,0.5123161012770633
1-0,1-0,0.0,0.46444649158706397,0.4994569624020444
0-1,1-0,0.0,0.4656288251475822,0.4980880350886091
1-0,1-0,0.0,0.4666036382670184,0.4967555856582629
1-0,1-0,0.0,0.45420232457917253,0.49795141481314964
1-0,1-0,0.0,0.46633398161459466,0.494503468914234
1-0,1-0,0.0,0.46449716655331036,0.4946484937330787
0-1,1-0,0.0,0.46209960761726115,0.49524948984055295
0-1,1-0,0.0,0.4571738903033155,0.4968780290681439
0-1,1-0,0.0,0.4663887814573101,0.4945109077147987
1-0,1-0,0.0,0.44407366858177544,0.5016919720247248
1-0,1-0,0.0,0.46379423716893886,0.4947984734607312
0-1,1-0,0.0,0.4631215927838341,0.5008603162868669
1-0,1-0,0.0,0.449920412677894,0.49953357487669797
1/2-1/2,1-0,0.0,0.45727075346344415,0.4968437196056768
1-0,1-0,0.0,0.45876292653294226,0.49632328317656493
1-0,1-0,0.0,0.4541988244303833,0.509152642316591
0-1,1-0,0.0,0.4671291859769196,0.4956911942713234
1-0,1-0,0.0,0.459549113663707,0.49605667946345705
1-0,1-0,0.0,0.455406408959449,0.49751241055993195
1-0,1-0,0.0,0.4650867396287543,0.4945501984003947
1-0,1-0,0.0,0.4671797363753072,0.49548387881112016
0-1,1-0,0.0,0.46720047845139273,0.49528108292360906
1-0,1-0,0.0,0.4547026199088136,0.49776848787114814
1-0,1-0,0.0,0.4667782814790619,0.4946173908006575
1-0,1-0,0.0,0.44469425814955105,0.5014646716461137
0-1,1-0,0.0,0.46550099846031295,0.4982444926195343
1/2-1/2,1-0,0.0,0.4648821600536276,0.49458078309887554
0-1,1-0,0.0,0.4664826453625626,0.49452704519083246
0-1,1-0,0.0,0.46369346429140545,0.4948222084759553
0-1,1-0,0.0,0.44629014087554625,0.5158660239594591
0-1,1-0,0.0,0.4667342218527269,0.4965416903257064
1/2-1/2,1-0,0.0,0.452703945593871,0.4985025963346012
1-0,1-0,0.0,0.46684135133563803,0.49635222319863875
1-0,1-0,0.0,0.4585230318640037,0.5052857491091327
0-1,1-0,0.0,0.44621177513006827,0.500906562306012
1-0,1-0,0.0,0.46466554518141784,0.49921415968509986
1-0,1-0,0.0,0.4597412485131968,0.5041558849416092
1-0,1-0,0.0,0.4576977378453039,0.50603933072038
0-1,1-0,0.0,0.46317552642407295,0.49495129928154036
1-0,1-0,0.0,0.45415028773986743,0.49797047867627925
1/2-1/2,1-0,0.0,0.4668614973599783,0.4946595550221989
0-1,1-0,0.0,0.44657171442165755,0.5007737691927815
0-1,1-0,0.0,0.4585973143269508,0.505217481339874
0-1,1-0,0.0,0.4671958707124991,0.49536600916014917
0-1,1-0,0.0,0.4666616781164785,0.4945728587751581
1-0,1-0,0.0,0.4662021335999152,0.4944906324269084
0-1,1-0,0.0,0.4511567994886436,0.5117783657462124
1/2-1/2,1-0,0.0,0.4596383753307922,0.5042521982078004
0-1,1-0,0.0,0.46097982947768634,0.4955904850020282
1-0,1-0,0.0,0.4661329707413408,0.4974385408005232
0-1,1-0,0.0,0.46214025696931943,0.5018491020250574
0-1,1-0,0.0,0.3971658103787135,0.5154830942676127
1-0,1-0,0.0,0.4543256810938698,0.509041697824838
1-0,1-0,0.0,0.46327204871182137,0.5007054826571489
0-1,1-0,0.0,0.4659998951760712,0.4944822879878776
1-0,1-0,0.0,0.46720059779214496,0.49526712054706246
1-0,1-0,0.0,0.4609417991784819,0.495602487364334
1-0,1-0,0.0,0.4527247812295663,0.5104328927748014
0-1,1-0,0.0,0.4648367988287728,0.4945881106831446
1-0,1-0,0.0,0.38733282474822034,0.5172754206244352
1-0,1-0,0.0,0.46453727877576884,0.4946408912804001
1-0,1-0,0.0,0.4599713047808948,0.49591626553584983
0-1,1-0,0.0,0.4660815677835156,0.49448420223662337
1-0,1-0,0.0,0.46214282629564357,0.495236878169015
0-1,1-0,0.0,0.46639457335134443,0.49451177457397966
1-0,1-0,0.0,0.44453076438608746,0.5173159325005187
1-0,1-0,0.0,0.4650113310825409,0.498822285864933
0-1,1-0,0.0,0.46718919396803227,0.4954243040819952
0-1,1-0,0.0,0.4553562341762833,0.5081355037095966
1-0,1-0,0.0,0.43088011865225384,0.5281800735706051
1-0,1-0,0.0,0.46719515084007973,0.4951643373254244
1-0,1-0,0.0,0.4665705300777419,0.49680755533339205
1-0,1-0,0.0,0.46612866417729537,0.49448617139685747
0-1,1-0,0.0,0.4665417968719081,0.49685203164136493
0-1,1-0,0.0,0.46715593224916174,0.49499491853587113
1-0,1-0,0.0,0.4260723375450782,0.5318684419888382
0-1,1-0,0.0,0.4622613240551614,0.5017288823410921
1-0,1-0,0.0,0.4659946137453603,0.4944822258992542
1-0,1-0,0.0,0.46117275281313264,0.49552998291715106
0-1,1-0,0.0,0.4621445140334941,0.4952363866117887
1-0,1-0,0.0,0.46312038513001813,0.5008615551895761
0-1,1-0,0.0,0.466004870397244,0.4976094525288657
1-0,1-0,0.0,0.4668984078138837,0.4946819796588107
1-0,1-0,0.0,0.46582901085417444,0.4978370656797148
0-1,1-0,0.0,0.4230226001207938,0.5341746776255518
0-1,1-0,0.0,0.4666070523569248,0.4967501802828194
1-0,1-0,0.0,0.45611490967598045,0.5074623887628735
1-0,1-0,0.0,0.46490543968874254,0.494577096255298
1-0,1-0,0.0,0.46066587088208805,0.5032816651921269
1-0,1-0,0.0,0.4640790932732845,0.49473418902852695
0-1,1-0,0.0,0.467027782406106,0.4947883560295571
1-0,1-0,0.0,0.4580669251881478,0.5057033011652168
1-0,1-0,0.0,0.46709480047780216,0.4957961153982635
0-1,1-0,0.0,0.46679992198281267,0.4946273821894566
1-0,1-0,0.0,0.46481429248672795,0.49459181533828867
1-0,1-0,0.0,0.46555213552426306,0.4981822260501463
1-0,1-0,0.0,0.4666213431678767,0.4945604863262524
0-1,1-0,0.0,0.4484580041338698,0.51406017025962
0-1,1-0,0.0,0.4652913491510623,0.498495675535804
1/2-1/2,1-0,0.0,0.4571903872977498,0.49687218182755055
1-0,1-0,0.0,0.4660497780522752,0.49448323889744583
1-0,1-0,0.0,0.4630199736820939,0.49499213677549025
1-0,1-0,0.0,0.4671729620757297,0.49551923917562435
1-0,1-0,0.0,0.4489347789709866,0.49989917594820577
1-0,1-0,0.0,0.4641344763200261,0.4947222093738499
1-0,1-0,0.0,0.4671726362380623,0.49552083844949435
1-0,1-0,0.0,0.46589677089342735,0.497750235977104
1/2-1/2,1-0,0.0,0.4623142601381274,0.4951873191111552
1-0,1-0,0.0,0.4645116818537972,0.49464572905347176
0-1,1-0,0.0,0.4656747906418591,0.49449033598154263
0-1,1-0,0.0,0.4466299993920408,0.515584376551756
1-0,1-0,0.0,0.4368894748878265,0.523473960002173
1-0,1-0,0.0,0.4668614936438907,0.49465955289373303
1-0,1-0,0.0,0.4584064090089383,0.4964460858839477
1-0,1-0,0.0,0.4650236322229793,0.4988081265646594
0-1,1-0,0.0,0.46339134399166587,0.4948961513950113
1-0,1-0,0.0,0.4664722970625517,0.4969574358017822
1-0,1-0,0.0,0.4658865349218184,0.49776341949581876
1/2-1/2,1-0,0.0,0.46714192204074473,0.4949602435713363
0-1,1-0,0.0,0.442494712196575,0.5189778559330591
1-0,1-0,0.0,0.4649535519053094,0.4945696394067551
0-1,1-0,0.0,0.45895990765091893,0.4962559150055089
0-1,1-0,0.0,0.4625242672181996,0.5014661762436222
0-1,1-0,0.0,0.44207259236379326,0.5024204699785848
0-1,1-0,0.0,0.4595080181372652,0.5043739895764946
0-1,1-0,0.0,0.4669017621400617,0.4962374910046321
1-0,1-0,0.0,0.4545395446391337,0.49782804013186643
0-1,1-0,0.0,0.4573862894155513,0.5063215261479177
1-0,1-0,0.0,0.46712224065805374,0.4957137615398939
0-1,1-0,0.0,0.4562684113789757,0.5073255330528589
1-0,1-0,0.0,0.4423811291937516,0.5190700885704946
1-0,1-0,0.0,0.46034097107954736,0.5035906952827199
1-0,1-0,0.0,0.4627614207399047,0.5012272265956431
0-1,1-0,0.0,0.46671767164087735,0.4965697009279259
0-1,1-0,0.0,0.45524395748796775,0.49757137487126324
0-1,1-0,0.0,0.4667594039132901,0.49649848463616414
1-0,1-0,0.0,0.4608032948066567,0.5031503062848791
1-0,1-0,0.0,0.4668857172709751,0.4962686445185518
0-1,1-0,0.0,0.44947882989748533,0.5132017540532118
1-0,1-0,0.0,0.4670059682509245,0.49601903898749644
1/2-1/2,1-0,0.0,0.46665483284276116,0.49457066210850126
1-0,1-0,0.0,0.46665311336508297,0.49667634597393284
1-0,1-0,0.0,0.4637961492333427,0.5001579246982605
1-0,1-0,0.0,0.4662776663924321,0.49723916042986155
1-0,1-0,0.0,0.4643102935768978,0.49468540439754355
0-1,1-0,0.0,0.46631968698529347,0.49450174539186553
1-0,1-0,0.0,0.4604963646745027,0.5034431542479215
0-1,1-0,0.0,0.4574322592378294,0.4967866392997036
1-0,1-0,0.0,0.4467085198435623,0.5007232610121948
0-1,1-0,0.0,0.46323897284426113,0.4949348988195637
0-1,1-0,0.0,0.46646082327317073,0.4969745639647395
0-1,1-0,0.0,0.45811973284789814,0.5056550966456318
0-1,1-0,0.0,0.44488282973032806,0.5170268545818885
1/2-1/2,1-0,0.0,0.45597192776782414,0.5075896590452592
1-0,1-0,0.0,0.4603127074433603,0.5036174802666908
1-0,1-0,0.0,0.463825375554635,0.5001269772006178
1-0,1-0,0.0,0.4515520238045055,0.511440701644966
0-1,1-0,0.0,0.46475779043930204,0.49460131200445034
1-0,1-0,0.0,0.4599579874156856,0.5039523725749474
1-0,1-0,0.0,0.46637984881449984,0.4970934731720979
0-1,1-0,0.0,0.4621683572901323,0.4952294498465795
1-0,1-0,0.0,0.46623348579729174,0.49730083199448294
0-1,1-0,0.0,0.46567516378093765,0.49449031449304764
1-0,1-0,0.0,0.4645925806004977,0.4992954654374544
0-1,1-0,0.0,0.4670741670304224,0.4958526807749122
1-0,1-0,0.0,0.4508490232691018,0.5120406620610272
0-1,1-0,0.0,0.4667850692951955,0.4964536651103141
0-1,1-0,0.0,0.45727220094394355,0.49684320732342424
1-0,1-0,0.0,0.4569744442060104,0.49694884513461557
0-1,1-0,0.0,0.4628626018741072,0.4950343136939913
1-0,1-0,0.0,0.4669855492490981,0.4960645185089672
1-0,1-0,0.0,0.45422397974968737,0.4979434833323315
0-1,1-0,0.0,0.4665798949654094,0.49679293607986597
0-1,1-0,0.0,0.46376603589693555,0.4948050660613981
0-1,1-0,0.0,0.4432636080853647,0.5183521800619264
0-1,1-0,0.0,0.4656086405772257,0.49811292346662395
0-1,1-0,0.0,0.4666767055771371,0.49457782737220685
1-0,1-0,0.0,0.4657750498231803,0.4979054974548626
0-1,1-0,0.0,0.4636864317926101,0.5002736911768473
1-0,1-0,0.0,0.4532878115674607,0.4982873226196575
0-1,1-0,0.0,0.4600950591789525,0.4958755195798906
1-0,1-0,0.0,0.4671094627667324,0.49489676533732424
1-0,1-0,0.0,0.46318581543888254,0.49494862931885886
0-1,1-0,0.0,0.44316136950819585,0.5184355078598516
0-1,1-0,0.0,0.4647819760520057,0.49459721304622833
0-1,1-0,0.0,0.46705575538554944,0.4959002811586594
0-1,1-0,0.0,0.46629699399195745,0.49721194224783416
1-0,1-0,0.0,0.4640187892317981,0.49474743266436877
1-0,1-0,0.0,0.4670283565217093,0.4947889640774001
1-0,1-0,0.0,0.45858514079707813,0.49638438581565264
1-0,1-0,0.0,0.46671824226871167,0.49656874002552415
1-0,1-0,0.0,0.4647436839466855,0.4991265829508911
0-1,1-0,0.0,0.43796788687382454,0.5038891230885802
0-1,1-0,0.0,0.45863447283207603,0.4963674034006572
0-1,1-0,0.0,0.4623101799382024,0.4951884897471335
0-1,1-0,0.0,0.4552427584898225,0.49757181040632864
1-0,1-0,0.0,0.46673756543434136,0.4946001800302373
1-0,1-0,0.0,0.4670817959472101,0.4948540576771729
1-0,1-0,0.0,0.45783689885012385,0.5059128659341652
0-1,1-0,0.0,0.4663756739153383,0.4970995160416537
1-0,1-0,0.0,0.452037053359572,0.5110249779905187
0-1,1-0,0.0,0.4480082861143229,0.5144366494192503
0-1,1-0,0.0,0.44274452596963015,0.5187748258054808
0-1,1-0,0.0,0.45659566968591475,0.4970839313254731
0-1,1-0,0.0,0.4671269534548637,0.49492865776580586
0-1,1-0,0.0,0.4665370281979097,0.4945386414518682
0-1,1-0,0.0,0.4671942214975248,0.49515637054887884
1/2-1/2,1-0,0.0,0.4653377095918705,0.49451891545463267
1-0,1-0,0.0,0.4671991946206925,0.4952132085174364
1/2-1/2,1-0,0.0,0.4612097957329186,0.4955184416134927
0-1,1-0,0.0,0.46681033452611426,0.49463241731044216
0-1,1-0,0.0,0.4668075429093248,0.4946310523368729
0-1,1-0,0.0,0.46685335300459396,0.4963299588403802
0-1,1-0,0.0,0.45806701586466025,0.5057032184233259
0-1,1-0,0.0,0.46687041210258035,0.4962978822692808
1-0,1-0,0.0,0.46418996934273943,0.49973671704136935
1-0,1-0,0.0,0.455172748038635,0.497597250082473
0-1,1-0,0.0,0.44117263360368225,0.5200484109407649
1/2-1/2,1-0,0.0,0.4603891421416167,0.49577950683000777
1-0,1-0,0.0,0.4656430003666896,0.4944922574063152
0-1,1-0,0.0,0.4647191298670423,0.49460796744369295
0-1,1-0,0.0,0.4660280219506669,0.494482741929085
0-1,1-0,0.0,0.46142857504920415,0.49545079851699114
0-1,1-0,0.0,0.4559194649568357,0.5076363077360591
0-1,1-0,0.0,0.4660475398220479,0.4975530465330217
1-0,1-0,0.0,0.4584646906371736,0.5053393133730233
0-1,1-0,0.0,0.45598326636074066,0.49730382550997837
0-1,1-0,0.0,0.4633096376185247,0.4949168145557115
1-0,1-0,0.0,0.4606509878059555,0.5032958677904217
1-0,1-0,0.0,0.44105350861781273,0.5027885506991113
1/2-1/2,1-0,0.0,0.40779068818021125,0.5130775546444625
1-0,1-0,0.0,0.46354658569828566,0.4948576548587757
1-0,1-0,0.0,0.46418712488438685,0.49471098881340986
0-1,1-0,0.0,0.45596783134811913,0.49730938934202307
0-1,1-0,0.0,0.4666284188168745,0.4945625595771465
1-0,1-0,0.0,0.4669993600364074,0.4960339330417035
0-1,1-0,0.0,0.4671982418044294,0.4953358022696994
1-0,1-0,0.0,0.4632206199220315,0.5007585173360034
0-1,1-0,0.0,0.44259633114804203,0.5188952965531523
1-0,1-0,0.0,0.45310304147753844,0.49835538872648766
1-0,1-0,0.0,0.4626480946051407,0.4950931033701371
1-0,1-0,0.0,0.448200981872481,0.5142754585569395
1-0,1-0,0.0,0.4175271453593813,0.5382670867674723
1-0,1-0,0.0,0.45828851022536615,0.5055007896518726
1-0,1-0,0.0,0.44986869823538256,0.5128724518007939
0-1,1-0,0.0,0.4670601695360934,0.4948254629647185
0-1,1-0,0.0,0.4473102685242245,0.5150190281325956
0-1,1-0,0.0,0.4653594246841853,0.4984147964951718
0-1,1-0,0.0,0.460146371024856,0.4958586833084856
0-1,1-0,0.0,0.45344862924937124,0.4982281295129784
0-1,1-0,0.0,0.4450165900275304,0.5169168886725963
0-1,1-0,0.0,0.45798835414488626,0.5057749576689414
0-1,1-0,0.0,0.4536025070895961,0.5096724898344492
1-0,1-0,0.0,0.4630950020095742,0.49497233031507337
1-0,1-0,0.0,0.45463049222701307,0.5087745927906003
0-1,1-0,0.0,0.4664825789072325,0.49452703209511106
0-1,1-0,0.0,0.45929744890056273,0.5045701405202617
0-1,1-0,0.0,0.4671224679312725,0.4949200293240039
1-0,1-0,0.0,0.4670222183052134,0.4947825457724066
0-1,1-0,0.0,0.4564101744797214,0.507198935453629
1-0,1-0,0.0,0.46471232768156673,0.49916179086647494
1-0,1-0,0.0,0.43704322629655756,0.5042144625814632
0-1,1-0,0.0,0.43616321444544326,0.5045220354620533
1-0,1-0,0.0,0.46396291036298815,0.49998069630316333
1-0,1-0,0.0,0.4606586574574287,0.4956925910981482
1-0,1-0,0.0,0.46069138428352296,0.5032573076489092
1-0,1-0,0.0,0.4294308299380527,0.5068021215056552
0-1,1-0,0.0,0.4635949408638703,0.49484587712535316
0-1,1-0,0.0,0.4142012473592969,0.540705042009228
1-0,1-0,0.0,0.4537146575608143,0.5095749274483462
0-1,1-0,0.0,0.4505471802117174,0.5122973580745624
1-0,1-0,0.0,0.4671973986415314,0.49534772532900395
0-1,1-0,0.0,0.4568659515183096,0.5067905223352148
0-1,1-0,0.0,0.4650134137412361,0.49456067743841603
1-0,1-0,0.0,0.46376756395530555,0.5001881481674092
1-0,1-0,0.0,0.46619414420326794,0.4973551432977891
0-1,1-0,0.0,0.45363907374153895,0.4981580950541099
1-0,1-0,0.0,0.4582678417988919,0.49649410038486685
1-0,1-0,0.0,0.46157939294489253,0.4954047102883152
0-1,1-0,0.0,0.44054760720546926,0.5029704734801127
1-0,1-0,0.0,0.44419944310586906,0.5175875077489894
0-1,1-0,0.0,0.4667158164797688,0.4945917585177604
0-1,1-0,0.0,0.46452281972816084,0.4946436180892885
0-1,1-0,0.0,0.46641709626559674,0.4945152998124873
0-1,1-0,0.0,0.4671490185950552,0.4956212698516302
1-0,1-0,0.0,0.4561696044077784,0.4972367371285763
1-0,1-0,0.0,0.4620590480338325,0.5019294936735791
0-1,1-0,0.0,0.4671921311897156,0.49540143334153314
0-1,1-0,0.0,0.4639172227816391,0.4947701909500901
1-0,1-0,0.0,0.4660112882189294,0.4944824466688121
0-1,1-0,0.0,0.46499154777494983,0.49884502374390205
1-0,1-0,0.0,0.4547562254243298,0.4977489286840343
1-0,1-0,0.0,0.4565579529858029,0.5070667498336036
1/2-1/2,1-0,0.0,0.4671827945692196,0.49508787490312717
1-0,1-0,0.0,0.4670853806215958,0.49485916080503267
1-0,1-0,0.0,0.4614565195561722,0.4954422246911786
1-0,1-0,0.0,0.45116948655820405,0.49907033986755817
1-0,1-0,0.0,0.4157633822151425,0.5109695275854438
0-1,1-0,0.0,0.45812540769265286,0.5056499143401041
1-0,1-0,0.0,0.46667653151670085,0.49457776864763847
1-0,1-0,0.0,0.4667569416750143,0.49460812463129616
0-1,1-0,0.0,0.42386031658022855,0.5335437207555382
1-0,1-0,0.0,0.46134657832390275,0.4954760442348799
0-1,1-0,0.0,0.4404601906476349,0.5206226393036167
0-1,1-0,0.0,0.46115931885061245,0.4955341746123095
1-0,1-0,0.0,0.461503814339912,0.4954277491430844
1-0,1-0,0.0,0.4670300593316268,0.49479077713237535
0-1,1-0,0.0,0.46074358706669244,0.5032074276237932
1-0,1-0,0.0,0.4507680661917895,0.5121095626449242
1-0,1-0,0.0,0.46677819403301984,0.49461735167250986
1-0,1-0,0.0,0.4662474756891836,0.49449430271535416
0-1,1-0,0.0,0.46413242476643246,0.4947226499433165
0-1,1-0,0.0,0.4651039341810225,0.49454782356688903
1/2-1/2,1-0,0.0,0.4662359295908252,0.49449329794922786
0-1,1-0,0.0,0.461234462183254,0.49551077027058965
0-1,1-0,0.0,0.46003894273602997,0.5038761453004114
0-1,1-0,0.0,0.46257141040862026,0.501418832868326
0-1,1-0,0.0,0.4641507299660621,0.49471872771005815
0-1,1-0,0.0,0.4558078884505655,0.4973671017851118
1-0,1-0,0.0,0.46597764558935995,0.49448207489467655
1-0,1-0,0.0,0.4597122363965091,0.5041830651318123
1-0,1-0,0.0,0.4648767335149607,0.49458164976274055
0-1,1-0,0.0,0.42067616643906236,0.5359318998422077
0-1,1-0,0.0,0.46130681013727554,0.49548833474219206
1-0,1-0,0.0,0.46697812049107007,0.4960806865636181
0-1,1-0,0.0,0.46719983548716093,0.495226743163074
0-1,1-0,0.0,0.4663184518035071,0.4945016005036768
1-0,1-0,0.0,0.4568309405341403,0.49699993508972307
1-0,1-0,0.0,0.4570104199886964,0.506660608464488
0-1,1-0,0.0,0.44394616764406175,0.5017385962333069
1-0,1-0,0.0,0.4607836233935536,0.4956526648605827
0-1,1-0,0.0,0.4671812120521803,0.49547553532156413
0-1,1-0,0.0,0.42833134517257554,0.5301435780858937
1-0,1-0,0.0,0.4656323592029414,0.49808367010961924
1-0,1-0,0.0,0.4663805588076475,0.4970924446929038
0-1,1-0,0.0,0.4583728473544721,0.49645770110403165
0-1,1-0,0.0,0.4459909946973024,0.5161135022172124
0-1,1-0,0.0,0.46398811739493356,0.49995376725223667
0-1,1-0,0.0,0.460475059693664,0.4957516833807704
1-0,1-0,0.0,0.4669064932422335,0.49468725993070395
1-0,1-0,0.0,0.4620047066388636,0.4952773433240181
0-1,1-0,0.0,0.4653179205104273,0.4945211032006544
0-1,1-0,0.0,0.4548513581779302,0.5085805724510096
0-1,1-0,0.0,0.4514298267948278,0.5115452045326201
0-1,1-0,0.0,0.4582005952456246,0.5055812133562533
0-1,1-0,0.0,0.46585201871980714,0.4978076980985699
0-1,1-0,0.0,0.4547020215740735,0.4977687062343236
1-0,1-0,0.0,0.46373923028242753,0.49481136842632245
1-0,1-0,0.0,0.44120762887405557,0.5027330208894741
0-1,1-0,0.0,0.4639418544656825,0.49476462068260224
0-1,1-0,0.0,0.45048686386602493,0.5123485892982952
1-0,1-0,0.0,0.45917615565294084,0.49618238120495284
0-1,1-0,0.0,0.43825047468043266,0.5037892658736294
0-1,1-0,0.0,0.4671689178134405,0.49503374783652404
1-0,1-0,0.0,0.4650876316753433,0.4945500744103493
0-1,1-0,0.0,0.46327512747952965,0.4949256219416094
0-1,1-0,0.0,0.4644199390590819,0.4994861386634205
0-1,1-0,0.0,0.46719940516003644,0.4952172146273077
0-1,1-0,0.0,0.4625169267241321,0.49512974391360975
0-1,1-0,0.0,0.43730623368346927,0.5041221460764003
1-0,1-0,0.0,0.467057745235409,0.4948224680866428
0-1,1-0,0.0,0.45822282449793733,0.496509731877083
1-0,1-0,0.0,0.4636821871821933,0.4948248948090657
1-0,1-0,0.0,0.46711813796638885,0.4949120099068268
1-0,1-0,0.0,0.4664348633667505,0.494518259077011
0-1,1-0,0.0,0.4630410322537287,0.5009428294543324
1-0,1-0,0.0,0.44613716523011304,0.5009340701984213
1-0,1-0,0.0,0.46707469205230134,0.49484426767646467
1-0,1-0,0.0,0.4568952644544482,0.5067641807851929
0-1,1-0,0.0,0.46103431634040787,0.5029285665964488
0-1,1-0,0.0,0.46719990839594694,0.4953031386897576
1-0,1-0,0.0,0.4666277872818233,0.49671715651522413
0-1,1-0,0.0,0.4671095859483583,0.4948969746802551
0-1,1-0,0.0,0.4659359703007415,0.49769951952260266
0-1,1-0,0.0,0.4568480889445051,0.49699382408249243
1-0,1-0,0.0,0.4663096733676643,0.494500589035047
1-0,1-0,0.0,0.45566246414193906,0.5078644518307508
1-0,1-0,0.0,0.4669440444142816,0.494713776983922
0-1,1-0,0.0,0.46697877538666843,0.4960792688398142
0-1,1-0,0.0,0.46459367391108847,0.4992942504058382
0-1,1-0,0.0,0.46279845816956733,0.4950517408952301
1/2-1/2,1-0,0.0,0.46034260741656646,0.5035891440831936
0-1,1-0,0.0,0.4348863283820418,0.5049646128834403
0-1,1-0,0.0,0.4423746687922218,0.5190753331190326
1/2-1/2,1-0,0.0,0.45475387504502557,0.5086662568669152
0-1,1-0,0.0,0.4458138188478986,0.5162598892537604
1-0,1-0,0.0,0.4514475809313799,0.511530026937501
0-1,1-0,0.0,0.4671694265537693,0.49553618304908853
0-1,1-0,0.0,0.4655905643626941,0.49813515232954614
1-0,1-0,0.0,0.4670216842417174,0.49598287757412807
0-1,1-0,0.0,0.46506570873236697,0.4945531462294954
1-0,1-0,0.0,0.4633983431645397,0.5005747446890633
0-1,1-0,0.0,0.465236491330857,0.49856040646678124
0-1,1-0,0.0,0.45921875069007423,0.4961679515231435
1-0,1-0,0.0,0.4664296598154953,0.4970207239158662
1-0,1-0,0.0,0.418124517752476,0.5378261180837844
1-0,1-0,0.0,0.44906319041038156,0.49985155605140996
1-0,1-0,0.0,0.45598260156670645,0.49730406512644715
1/2-1/2,1-0,0.0,0.4290494138278548,0.5069271548497523
1-0,1-0,0.0,0.46081746498822784,0.5031367388042481
0-1,1-0,0.0,0.46220269034246503,0.49521948649238173
1-0,1-0,0.0,0.4653999055763134,0.4983663994445522
1-0,1-0,0.0,0.4573697827554204,0.49680870109937836
0-1,1-0,0.0,0.4638543044391402,0.5000962980103608
1-0,1-0,0.0,0.46706127996993385,0.4958862471395048
1-0,1-0,0.0,0.42081578625854993,0.5358277530956639
0-1,1-0,0.0,0.4568223380494748,0.4970030012615759
1-0,1-0,0.0,0.46637542922261616,0.497099869963751
1-0,1-0,0.0,0.4521560353443756,0.5109227669212193
0-1,1-0,0.0,0.4416016488405281,0.5197017307659134
1-0,1-0,0.0,0.4396016683263803,0.5213121950094829
0-1,1-0,0.0,0.46117299462873856,0.495529907495096
0-1,1-0,0.0,0.4555633405423128,0.5079522818116475
1-0,1-0,0.0,0.4538657728499275,0.4980748246724954
0-1,1-0,0.0,0.46700457975655707,0.4947650549836982
1-0,1-0,0.0,0.467200583764994,0.4952598596898513
0-1,1-0,0.0,0.4671181322115485,0.49572673731695444
0-1,1-0,0.0,0.4544680574014315,0.508917027514327
1-0,1-0,0.0,0.46510106672540863,0.4945482173828286
1-0,1-0,0.0,0.46487762134192484,0.4945815077829165
1-0,1-0,0.0,0.46703649940743885,0.49479776744451454
1-0,1-0,0.0,0.4226852955875108,0.5344281939427362
1-0,1-0,0.0,0.4646139663027252,0.4946266915121735
0-1,1-0,0.0,0.4663619883536174,0.49450710168983686
1-0,1-0,0.0,0.44192762628816423,0.5194378570760445
1-0,1-0,0.0,0.4659147014109431,0.49772708295679413
1-0,1-0,0.0,0.4509175876763974,0.4991637176126089
0-1,1-0,0.0,0.4424734581784976,0.5022751172916075
1-0,1-0,0.0,0.43701309728669335,0.5042250265549186
0-1,1-0,0.0,0.46646094303340635,0.4945229005601515
1-0,1-0,0.0,0.458312991458903,0.4964784388981413
0-1,1-0,0.0,0.4663383955932644,0.4945040187064942
1-0,1-0,0.0,0.44736503582714177,0.5004806250669477
0-1,1-0,0.0,0.4671910433813213,0.49513307763048375
1-0,1-0,0.0,0.45715131084084915,0.506533692130553
1-0,1-0,0.0,0.4670831911144234,0.49582840852894966
1-0,1-0,0.0,0.45239019300627475,0.4986184835614369
1-0,1-0,0.0,0.46347629423704145,0.49487495856207026
0-1,1-0,0.0,0.4572770629274157,0.5064202263321556
1-0,1-0,0.0,0.4496990456651005,0.4996156979781977
1/2-1/2,1-0,0.0,0.46571683572980876,0.4944880740069084
0-1,1-0,0.0,0.4651636830751305,0.4986457363692701
1-0,1-0,0.0,0.46706562739786583,0.49483235137099146
1-0,1-0,0.0,0.4554593855949503,0.49749320205027964
0-1,1-0,0.0,0.46080325230441926,0.5031503469729214
0-1,1-0,0.0,0.4584804378246479,0.5053248601293446
1-0,1-0,0.0,0.46719681736473573,0.49535508578948206
1-0,1-0,0.0,0.45895616559310426,0.5048865913721325
0-1,1-0,0.0,0.42963574991599135,0.5067347535305462
1-0,1-0,0.0,0.4482579836661211,0.5001500464232005
1-0,1-0,0.0,0.449850420738983,0.5128879084635255
1-0,1-0,0.0,0.4417527649588891,0.5025362138247207
0-1,1-0,0.0,0.46451350924471657,0.49464538208456854
1-0,1-0,0.0,0.4524971763485479,0.5106291945547586
1-0,1-0,0.0,0.456333858573348,0.5072671122447878
0-1,1-0,0.0,0.4665368613781608,0.49453860308449665
1-0,1-0,0.0,0.44884518882868585,0.5137352228593253
0-1,1-0,0.0,0.42166640133929223,0.5351921261233377
1-0,1-0,0.0,0.43985392814236157,0.5211098526598765
0-1,1-0,0.0,0.45485708821141824,0.5085755334611105
0-1,1-0,0.0,0.46055309275090794,0.4957265063096245
0-1,1-0,0.0,0.4507334987468288,0.512138970405326
1-0,1-0,0.0,0.4666374642226921,0.4967016263323726
0-1,1-0,0.0,0.46713078706376193,0.4949363135088506
1-0,1-0,0.0,0.4619266118188128,0.4953004253367977
0-1,1-0,0.0,0.4541665698708872,0.5091808307897321
0-1,1-0,0.0,0.46021671926110175,0.495835657544101
0-1,1-0,0.0,0.44662882098518575,0.5155853540279203
0-1,1-0,0.0,0.4565309427641123,0.49710708936770465
1-0,1-0,0.0,0.46704367551954395,0.49593030005421923
0-1,1-0,0.0,0.4633406245285547,0.500634583609611
1-0,1-0,0.0,0.4571507834944972,0.5065341675807542
0-1,1-0,0.0,0.4626156959994644,0.49510210636367
0-1,1-0,0.0,0.46711066897027737,0.4948988236968047
0-1,1-0,0.0,0.4641251216416902,0.494724220293357
0-1,1-0,0.0,0.46587957650178574,0.49777236781607265
1-0,1-0,0.0,0.44056248894070754,0.5205402997120359
1-0,1-0,0.0,0.460107998390656,0.4958712707562849
0-1,1-0,0.0,0.46027894916568374,0.49581534460979937
1-0,1-0,0.0,0.46527354505316937,0.49452619146313376
0-1,1-0,0.0,0.46711939780554074,0.49491431331598257
1-0,1-0,0.0,0.4503685286967332,0.4993673394933517
1-0,1-0,0.0,0.46710650880531457,0.49489180271357214
0-1,1-0,0.0,0.4545748508572745,0.49781514058075893
1-0,1-0,0.0,0.46538707300380217,0.49451368394074235
1-0,1-0,0.0,0.4427476548648922,0.5187722813456367
0-1,1-0,0.0,0.4665192972351833,0.4968864789185552
1-0,1-0,0.0,0.465864080770263,0.49779225510325026
0-1,1-0,0.0,0.46716025684318596,0.49500697727876725
1-0,1-0,0.0,0.4419305048890812,0.5024719156491047
1-0,1-0,0.0,0.4509392735598076,0.4991556775375369
0-1,1-0,0.0,0.38704111967894533,0.5173220085250025
1-0,1-0,0.0,0.43243152399646445,0.505802505766625
1-0,1-0,0.0,0.44873025253137205,0.49997501011996914
1-0,1-0,0.0,0.44002382363632003,0.5209734502187214
1/2-1/2,1-0,0.0,0.46699491358206924,0.49475601815058645
0-1,1-0,0.0,0.4666733590531335,0.4945767031964308
1-0,1-0,0.0,0.46660565343257776,0.49455602933472065
1-0,1-0,0.0,0.460190806359314,0.49584413143211614
0-1,1-0,0.0,0.42429357575349913,0.5084457873148921
1-0,1-0,0.0,0.4594220506960567,0.4960993385682044
1-0,1-0,0.0,0.4634761844572624,0.49487498575317845
1/2-1/2,1-0,0.0,0.4638490918265118,0.49478576343910247
0-1,1-0,0.0,0.4621956785758078,0.501794124205072
1-0,1-0,0.0,0.4666169229566732,0.49455921130427344
0-1,1-0,0.0,0.43849418006932384,0.5037029903959065
1-0,1-0,0.0,0.4666840105705613,0.49458031728334156
1-0,1-0,0.0,0.45511777798544106,0.49761723601883995
0-1,1-0,0.0,0.4664990188886942,0.4969172543892626
1-0,1-0,0.0,0.46631925698866084,0.49450169488049983
1-0,1-0,0.0,0.4566485414659664,0.49706503034210825
0-1,1-0,0.0,0.46711122241275943,0.4948997744969746
1-0,1-0,0.0,0.4670576672754639,0.4958954471423989
0-1,1-0,0.0,0.454628603981623,0.4977955078987112
1/2-1/2,1-0,0.0,0.4520243037558761,0.511035925040715
0-1,1-0,0.0,0.4528631493914503,0.4984438445918981
0-1,1-0,0.0,0.4640330032071045,0.4999057207787128
1-0,1-0,0.0,0.4652709927599489,0.49851974080508665
0-1,1-0,0.0,0.44769652492383144,0.5146970527922606
0-1,1-0,0.0,0.46720040384926037,0.49524573500537805
1-0,1-0,0.0,0.46634805895151255,0.49713928455298717
0-1,1-0,0.0,0.4629375359415934,0.5010484497819151
0-1,1-0,0.0,0.46630634358114537,0.49719872136547866
1-0,1-0,0.0,0.457896181237885,0.5058589200625824
1-0,1-0,0.0,0.4671461409459486,0.4949700755382848
0-1,1-0,0.0,0.4649065764713254,0.4989422234628295
