y_true,y_pred,prob_1-0,prob_0-1,prob_1/2-1/2
1-0,1-0,0.0002768159452565597,0.49668093877185776,0.4636753627268053
0-1,1-0,0.0002787118988313069,0.45205585228829975,0.5059745828343093
1-0,1-0,0.00028027217585822894,0.44375919416086407,0.513980781434292
0-1,1-0,0.0002772837154170513,0.4534807067677356,0.5047139826139669
1-0,1-0,0.00027723540915545395,0.4605013457509993,0.49464621357605215
0-1,1-0,0.0002765945285313961,0.44500808713746715,0.5133121784522019
0-1,1-0,0.00027471966988626016,0.4529650919272532,0.5068655474998176
0-1,1-0,0.0002714072670566372,0.39557165694775687,0.5687252144884085
0-1,1-0,0.0002765099179876712,0.4378673088932975,0.5234407793323639
0-1,1-0,0.0002759963502191212,0.5110310134374358,0.4462366141593161
0-1,1-0,0.0002777091232632561,0.4506837664337964,0.5086462895697239
1-0,1-0,0.00027035486009474157,0.4673053157922488,0.49246011942498236
1-0,1-0,0.0003412641849474387,0.35131943869581317,0.6078497217623874
1-0,1-0,0.0002733813683458166,0.46695774094718057,0.4918994162887827
1-0,1-0,0.00027916461863265393,0.4481564466763321,0.5096374697408677
1-0,1-0,0.000273974766315159,0.45885108747323267,0.5016247306999937
1-0,1-0,0.0002831930965256565,0.5146829295377988,0.4402984768425133
0-1,1-0,0.0002876739391190616,0.5263058655561101,0.4323893811454511
1-0,1-0,0.0002803888961812585,0.4327994742708857,0.5256510724661674
1-0,1-0,0.0002823081531443724,0.5149896423658659,0.44489066242485714
0-1,1-0,0.0002761088108953362,0.47258276868029675,0.4853044785673721
0-1,1-0,0.00027825022723320265,0.45202853861430176,0.5036564137286781
0-1,1-0,0.00027168856988597247,0.46198377569227095,0.4994935768766632
0-1,1-0,0.00027357424144488807,0.45906150309485744,0.5010964570256881
1-0,1-0,0.00027576201455492555,0.44700999079252385,0.513952229844554
0-1,1-0,0.0002650380387385819,0.4839985203131169,0.4802298566851381
1-0,1-0,0.00027657941842891966,0.5064998785646666,0.4533937313736338
0-1,1-0,0.0002733210593219521,0.4580600064951553,0.5028516116829018
1-0,1-0,0.00027543233470922923,0.4567292930210762,0.5035532135054906
0-1,1-0,0.00027372443439729953,0.4672766702457013,0.49018728985777554
0-1,1-0,0.0002757336941373002,0.459987057758715,0.4984400580882645
1-0,1-0,0.00027156356667133014,0.463793528944319,0.4974289575901344
0-1,1-0,0.0002748184271149718,0.4636500686364267,0.4912720100272621
0-1,1-0,0.00029730471767522364,0.4001152272892262,0.5597785956308343
0-1,1-0,0.0002738957661820556,0.5036097391664036,0.4554183056242274
1-0,1-0,0.00028466109820339715,0.5298370028099442,0.42833873850976917
1-0,1-0,0.0002818888246290165,0.43707204496166785,0.5203441360211928
0-1,1-0,0.00027508616404808936,0.45375438655767375,0.504740583891965
0-1,1-0,0.0002859859288662661,0.4192658356918848,0.5371503170170766
0-1,1-0,0.00027510025308393653,0.4914137871024226,0.46950251056364084
0-1,1-0,0.0002802188024707937,0.4424657166906343,0.5149646443365885
1-0,1-0,0.00028390667618446975,0.4277375712193751,0.5301656325751853
0-1,1-0,0.00027315936753619487,0.4499550530684864,0.5112703254912198
1-0,1-0,0.00028399550012011453,0.41390377349179386,0.5473607003147908
1-0,1-0,0.00027680104522788147,0.4351409828261965,0.5262793299777118
0-1,1-0,0.00027605172243023405,0.49734114891936587,0.4638892369116846
0-1,1-0,0.0002724143915319425,0.4818575229284971,0.47939547675383565
1-0,1-0,0.00027567605833181484,0.4538408734200675,0.506478839057537
1-0,1-0,0.00026514513975986763,0.4450328732774347,0.5177206124832412
1-0,0-1,0.0004981428284955791,0.6741594362603736,0.28074492993160316
0-1,1-0,0.00027654960263836923,0.4499064899130408,0.5089715908917058
1/2-1/2,1-0,0.0002789882607266681,0.4452625645685375,0.5115655079689512
1-0,1-0,0.00026854403295115603,0.4864473448867519,0.47249914688321953
1-0,1-0,0.00027375860014112254,0.45256667969955977,0.5081295169971435
0-1,1-0,0.00027179920812336834,0.49179795878430643,0.46383036854717347
0-1,1-0,0.0002902716297588344,0.41694044169977756,0.5409426567377156
1-0,1-0,0.0002729304446179931,0.4844115792782504,0.4769108952257069
0-1,1-0,0.0002776042002868224,0.4306579432021101,0.5308788578742091
0-1,1-0,0.00038663762558040665,0.3028526422691807,0.6582447759110999
0-1,1-0,0.00029029873987134315,0.41370994036288383,0.5446445937874624
0-1,1-0,0.00027364885307379317,0.452435227102109,0.5088593798655313
0-1,1-0,0.00027743263724557535,0.45068059425087026,0.5067101957303543
0-1,1-0,0.00027644158320745834,0.4579291284812363,0.5011551502687569
1-0,1-0,0.00027774881520601215,0.4541263761496343,0.5033280526254824
0-1,1-0,0.000278641772555772,0.44966879085948225,0.5079678099367386
1-0,1-0,0.0002712860637039107,0.46341142169157723,0.49602555736891657
0-1,1-0,0.0002735134592736602,0.4723507943453943,0.4822388510202132
0-1,1-0,0.0002855557353215119,0.43325383749971325,0.5222491529507064
0-1,1-0,0.0002946373550767369,0.402688369282199,0.5567173758604771
0-1,1-0,0.00028071987940793115,0.4372651472476027,0.5209486206814733
1-0,1-0,0.0002711281688117954,0.4315358553998733,0.5302209175204484
1-0,1-0,0.0002838205608778711,0.4356733769363781,0.5196704873345713
0-1,1-0,0.00027632209661249563,0.46323714472612637,0.49183157025353497
0-1,1-0,0.00027539145695191147,0.4535464901703406,0.5043617874791673
0-1,1-0,0.0002746265835223404,0.46442738879895806,0.49042887704331306
0-1,1-0,0.0002895837938303122,0.396931049431752,0.565068410034586
0-1,1-0,0.00027353687872051714,0.4596381988192596,0.5015169209390896
0-1,1-0,0.0002747661481388978,0.47882725118253155,0.4761552463045475
0-1,1-0,0.00027503005161907447,0.48174614506734037,0.4743129175538757
1-0,1-0,0.0002753431391605115,0.4617812547473826,0.49807891449994635
1-0,1-0,0.0002867807731126866,0.4152809269298543,0.543313790904491
0-1,0-1,0.00036621418942156477,0.614072952003104,0.34144049647022146
0-1,0-1,0.0004697170951552397,0.6806781570647197,0.27473087041533173
1-0,1-0,0.00027402225888669785,0.4315338414445791,0.5293054545059788
1-0,1-0,0.0002749374229996933,0.4656261238287318,0.4896643378620456
1-0,1-0,0.0002728099004865244,0.47058202454223297,0.4833363734904495
0-1,1-0,0.00027409617866809593,0.49067820772877985,0.4698626003154649
1-0,1-0,0.0002677837788914748,0.4251223640152273,0.5393825129951593
1-0,1-0,0.00037586199481011846,0.33943332744706706,0.6167901234486516
0-1,1-0,0.00031140373940212376,0.5602193814214314,0.39408717906448454
1-0,1-0,0.00027164377417883883,0.48696947509735067,0.4706442859125846
1-0,1-0,0.00027430781925766773,0.49299661226392516,0.4622633519891768
0-1,1-0,0.0003088072810124553,0.38439240043392703,0.5749173144647952
0-1,1-0,0.0002964499732110902,0.4064879934719609,0.5520874434659371
1-0,1-0,0.000274013229372617,0.4587719412452862,0.5010454236704716
1-0,1-0,0.00027629767680188347,0.46047245650450414,0.4956743199534598
0-1,1-0,0.00028623446906626463,0.42418544852160195,0.5334646703036761
1-0,1-0,0.00028172959638914774,0.4380148274746249,0.5197278365738547
0-1,1-0,0.00028121995616938307,0.4236144031475423,0.5355893097288497
0-1,1-0,0.0002750872832706896,0.44629655707869975,0.514066428411218
0-1,1-0,0.00027302766159384895,0.4526436496718655,0.5085399503066041
1-0,1-0,0.0002782543654201265,0.5026525970769754,0.45643735736739816
1-0,1-0,0.0003268707046534111,0.575089843551004,0.3820057429041216
1-0,1-0,0.0002729974025310492,0.4726206802332778,0.4885186575658079
1-0,1-0,0.00028289258267988934,0.43034753616627663,0.528918500474793
1/2-1/2,1-0,0.0002918817102579405,0.4127607403558362,0.5450341116609665
1-0,1-0,0.0002815033878879013,0.430438411043035,0.5293221612270793
0-1,1-0,0.0003066130921012174,0.401855206974019,0.5533737215656489
1-0,1-0,0.00027204161737098863,0.4855067006928109,0.4698278821939939
0-1,1-0,0.0002790393072111696,0.44805718060970157,0.5095225152896821
1-0,1-0,0.00028041233393019134,0.4354079678140684,0.5231688239150435
1-0,1-0,0.0002674797576917031,0.44517354738777104,0.5175619092831664
1-0,1-0,0.00027058326975609146,0.45104454043520537,0.5110264480137136
0-1,1-0,0.000270069486792857,0.4497884037989687,0.5106452801530417
1-0,1-0,0.00026281373082251696,0.4882258736360875,0.4752221442115335
1-0,1-0,0.00028700404085985846,0.5278934132332437,0.4331597033431537
1-0,1-0,0.0002792766745017426,0.44254508328463704,0.5163973162166813
1-0,1-0,0.00028954463026613245,0.40434575459801475,0.5556485634620763
0-1,1-0,0.00032650075207775914,0.3811957658898564,0.5745461343920913
1-0,1-0,0.00027549916806552196,0.4611383506454914,0.4935419087784791
0-1,1-0,0.00028345165197089794,0.4215570043570531,0.5384264421848903
1-0,1-0,0.00026837850499554337,0.46252578363944813,0.4994956684489291
0-1,1-0,0.0002767481249061418,0.4821053705817551,0.47528776698102626
0-1,1-0,0.00027361342547000924,0.46429618874887935,0.49546212174700616
1-0,1-0,0.00026781691140130077,0.43615329900276806,0.5255649466158062
0-1,1-0,0.00027716218655380925,0.45705987250451424,0.5007293552003452
0-1,1-0,0.000282036482200872,0.4261821272144636,0.5340097504722552
1/2-1/2,1-0,0.0002751227592219531,0.44619172741522906,0.5145126468120484
1-0,1-0,0.0002764634966875137,0.49087283631477907,0.4687938861723421
1/2-1/2,1-0,0.0002760603932942597,0.43994804227884,0.5181714749066911
0-1,1-0,0.0002962416459445278,0.5440370800073903,0.4170041477202551
0-1,1-0,0.0002725137389829709,0.4874281385433425,0.4727812677038364
1-0,1-0,0.0002677860229290416,0.4490266734796454,0.5125109620012281
1/2-1/2,1-0,0.00027074816954835844,0.46226829432877065,0.49949184521891055
0-1,1-0,0.00027419844469050303,0.4509524717475431,0.5092615744614909
1-0,1-0,0.0002758058289617823,0.4465230894012845,0.5126887637003558
1-0,1-0,0.0002836911170681168,0.41576556044211793,0.5438560797880299
1-0,1-0,0.00027623208093014454,0.4661747416847441,0.4912347861854695
0-1,1-0,0.00027661590506918086,0.4543024203996163,0.5036734762138921
1-0,1-0,0.0003114149218715646,0.3666372832726915,0.5952060168434867
1-0,1-0,0.0002738271923000833,0.475753804170937,0.47902448377297374
0-1,1-0,0.0002796279854924773,0.44374308142343455,0.5148572149763593
0-1,1-0,0.00028224103131465375,0.4401387395745291,0.5158462465866586
0-1,1-0,0.00027497729205962093,0.4556458918530165,0.5026744337104229
0-1,1-0,0.000273670384205886,0.4867183178862272,0.468165719078052
1-0,1-0,0.0002727615251496978,0.4651035606585416,0.49542519957259973
1-0,1-0,0.0002736554729659392,0.44898852143084744,0.5123779991967143
0-1,1-0,0.0002683587650813147,0.4374024418394167,0.5251550428858631
1-0,1-0,0.00027259190578743354,0.45967115146932824,0.5000520169125098
0-1,1-0,0.0002722472838071529,0.45477755527355485,0.5059925236514867
0-1,1-0,0.0002794944077513916,0.5249533485852166,0.43220173347005936
1-0,1-0,0.0002749638004083729,0.4958645796057913,0.45912021499734257
1-0,1-0,0.000277381259911487,0.4377390271269995,0.5222971381591861
1-0,1-0,0.00027376530022612654,0.45816394882672573,0.5027781922299743
1/2-1/2,1-0,0.00031824825585046417,0.3787132128159547,0.5795673324363534
1/2-1/2,1-0,0.000280365104902823,0.44283826233136514,0.513117417149116
0-1,1-0,0.0002773599835625175,0.45119883465817545,0.5053759025265054
1-0,1-0,0.00027292981828594566,0.48795797570838256,0.4733496626847717
0-1,1-0,0.00027534905624464266,0.4481025885412068,0.5100546036919739
1-0,1-0,0.0002739660309756699,0.4801931821443577,0.4747929264261107
1-0,1-0,0.000273002935962555,0.45841198893549573,0.5004774034636387
1-0,1-0,0.0002723881585021661,0.46525605851025803,0.49528990977406473
0-1,1-0,0.00029585640268501564,0.5456065324340168,0.41478168983548236
0-1,1-0,0.0002753639026908424,0.4536539343858147,0.5055580591051728
0-1,1-0,0.0002887076070352068,0.5311681200814181,0.4245548069877576
0-1,1-0,0.00027896417644303264,0.41390109649973156,0.5476558404635531
0-1,1-0,0.00027376315580932155,0.4353626476673496,0.5249019232420146
0-1,1-0,0.00027612218855352236,0.4542358544712363,0.5055604983883187
0-1,1-0,0.00027566489400878596,0.4309853275314007,0.5309028101280738
0-1,1-0,0.0002774276548147875,0.45534679893826796,0.5026867546371607
0-1,1-0,0.00027204259085035736,0.4601906559977674,0.5003597143412166
0-1,1-0,0.0002770415649165904,0.4537225018489304,0.5046989194822409
1-0,1-0,0.00028672492013959784,0.4316440592788851,0.5235921101084519
1-0,1-0,0.0002766480239440423,0.46279978620939866,0.49482703313121396
1-0,1-0,0.00027655664397827187,0.4396685753768597,0.5213097827813292
0-1,1-0,0.00027630902851453966,0.45920408095807985,0.4979863815973718
0-1,1-0,0.0002749708000950481,0.4641801607123081,0.49211251959929564
0-1,1-0,0.000272221860589171,0.4642974145841664,0.4966666125747929
1-0,1-0,0.00027249580517343567,0.45888131934456894,0.5020170549212721
0-1,1-0,0.00027675197308060925,0.5034894649159863,0.4578807964568384
1-0,1-0,0.00027080536012797436,0.5359893170104917,0.42737394407769214
1-0,1-0,0.00027572473552643477,0.4419214130592246,0.5181813427957931
1/2-1/2,1-0,0.0002703608218352607,0.44895616364745355,0.5105849965247599
0-1,1-0,0.0002766797696659868,0.494940717443187,0.46166906026561405
1-0,1-0,0.000276975036441239,0.45629108803068436,0.5020153203909722
1/2-1/2,1-0,0.00027401447137148096,0.45277511737318377,0.5044470157918907
1-0,1-0,0.0002800564207511584,0.4430077799194115,0.514599242011132
1-0,1-0,0.00030622238079774624,0.3933595976171779,0.564860023654255
0-1,1-0,0.00027866501181446975,0.4445544923371348,0.5143306832570608
1-0,1-0,0.0002773517034351899,0.4584180170052606,0.49946985508657443
1-0,1-0,0.00027493240759837923,0.45752743800767254,0.501071016263913
1-0,1-0,0.00030574470037092943,0.3592435929611273,0.6021517660386296
1-0,1-0,0.00028509362143130446,0.5155637022867542,0.4395467799389304
0-1,1-0,0.0002805943191485568,0.4389920819157142,0.5187125164083409
1-0,1-0,0.0002769907853605791,0.4562374054180524,0.5007842183885824
1-0,1-0,0.00027400293113101726,0.4707179259337149,0.4864513908779672
0-1,1-0,0.00027355830515445604,0.450305543717545,0.5095752565272316
1/2-1/2,1-0,0.0002722292659567469,0.45966748461634827,0.4999465250579595
1-0,1-0,0.00027372084084644236,0.4533147507911731,0.5059593417766463
1-0,1-0,0.0002748290653729386,0.4151824064292064,0.5477833465187395
0-1,1-0,0.0002717633755426356,0.46405293537105424,0.49642614814604796
1-0,1-0,0.00027298641107054833,0.45567186003120735,0.5057092429588149
1-0,1-0,0.00027448507412555404,0.486148011166399,0.4710938247711133
0-1,1-0,0.00030577136621156605,0.5501438665731303,0.4049061253370987
1-0,1-0,0.0002790256839934493,0.42771550734323865,0.5334896169716
1-0,1-0,0.00027508704175841636,0.4427433823926448,0.5186440631747457
1-0,1-0,0.0002754353592967315,0.43785040517357693,0.521767785684512
0-1,1-0,0.000285456291963111,0.4281706430478622,0.5303007074853332
0-1,1-0,0.00027668146154572663,0.49596898472041745,0.4634802174736157
1-0,1-0,0.00027418721571506187,0.47612022760904726,0.4788091601403896
1-0,1-0,0.00027214642959618785,0.44915286383732794,0.5116910711913655
0-1,1-0,0.0002756660588136584,0.4745663107481476,0.4829075504437364
1-0,1-0,0.0002708591062338269,0.47650868038352145,0.4848293483615355
0-1,1-0,0.0002706205027946328,0.4694356848892635,0.492300025126609
0-1,1-0,0.00027091498389956927,0.46121398735601493,0.49992525140234595
0-1,1-0,0.0002765452315437794,0.46644747789041296,0.49140239301594896
1-0,1-0,0.0002737220717740421,0.4581476408952327,0.5029409262114336
0-1,1-0,0.00027355050008863896,0.46116213149632485,0.496871998570773
1-0,1-0,0.0002757690223871057,0.443143270096222,0.5166602817159606
0-1,1-0,0.00028259739815506105,0.5191168926806815,0.4421710471239233
1-0,1-0,0.00026887282369584403,0.43968025169342123,0.522735273844129
1-0,1-0,0.0002722903320498464,0.44647922707778565,0.5144874059332617
1-0,1-0,0.0002834438200338106,0.4331327862008607,0.524773266190222
1-0,1-0,0.00027264514391680877,0.4765092737860929,0.48440372785182895
0-1,1-0,0.0002742992883043651,0.4653776123173537,0.49104828189188343
0-1,1-0,0.0003266327242228588,0.3721978700290145,0.5838552678344161
1-0,1-0,0.00028218026830578426,0.42695078033531186,0.5330144217759616
1-0,1-0,0.00027421845582790294,0.4837614954745756,0.4735858138684394
0-1,1-0,0.0002743183150337266,0.4632115084666499,0.49286474013911485
0-1,1-0,0.00029426584321850017,0.45332255506710734,0.5039527433759553
0-1,1-0,0.00027416258896816346,0.4684147658900876,0.48664618015146516
0-1,1-0,0.0002732635521047692,0.4622593373445122,0.4965125827782183
1-0,1-0,0.0002750268058321542,0.4461421498529508,0.5127157468837911
1-0,1-0,0.0002730121736052908,0.4591566744669328,0.4993929661815073
1-0,1-0,0.0002683971649113889,0.4252987585909093,0.5388931012141204
1-0,1-0,0.0002735372186410855,0.4712800325709324,0.4877025140972614
1-0,1-0,0.0002741316107046672,0.4493588284554722,0.5114375558712342
1-0,1-0,0.00027569303520253656,0.48280854072286133,0.47633518141843156
1-0,1-0,0.00027250618123078466,0.46223796134425493,0.49892193650315764
0-1,1-0,0.00029300561954434084,0.5350054551331707,0.4195662667238233
1-0,1-0,0.00027196048883989805,0.4496927431633777,0.5115794678275137
1-0,1-0,0.0002760394642510729,0.4513991635911712,0.5080882891418091
0-1,1-0,0.00026961524909884833,0.4890518899428563,0.469081208866149
1/2-1/2,1-0,0.00035808297566831704,0.34872705910291996,0.6084894981234731
1/2-1/2,1-0,0.0002932374668444988,0.41929581810349614,0.5367514223766536
1-0,1-0,0.0002826033752917393,0.5258406918424092,0.43492104268349413
1/2-1/2,1-0,0.00026954020034815806,0.47615735252681274,0.4840670443680721
1-0,1-0,0.00027525363968733846,0.4681564470623134,0.48843712852613985
0-1,1-0,0.00026961529860211316,0.4492991227801395,0.5118902975188554
0-1,1-0,0.00027909560976192437,0.42886155763502337,0.5322334419635503
0-1,1-0,0.0002761281751657065,0.4372588557668442,0.5238967143658214
1/2-1/2,1-0,0.0002680784824546557,0.45142006139234186,0.5079424662225652
1-0,1-0,0.0002814415256729068,0.43841167719712004,0.5191644583822809
1-0,1-0,0.00027452784229460613,0.5889513397258777,0.37625242726674996
0-1,1-0,0.0002711781030309118,0.46910813519302175,0.49166326814538414
0-1,1-0,0.00027291987565062964,0.4774153453467744,0.48247571643479525
0-1,1-0,0.0002727744399542477,0.4584280757253548,0.502906650616889
1-0,1-0,0.0002726315054152633,0.45305077120775894,0.5084093823216933
0-1,1-0,0.0002760932196721995,0.4522516366986592,0.5028436840422598
0-1,1-0,0.00032285816731744785,0.5740392107527127,0.3840267774538845
0-1,1-0,0.00033989540649879014,0.5807405755181292,0.3760058777419175
1-0,1-0,0.0002676499906234138,0.4649256800978132,0.49582501931749495
0-1,1-0,0.00027458335001664453,0.47050656335759816,0.48711385448677413
0-1,1-0,0.00027646117600297314,0.43508720819630065,0.5243648414342147
0-1,1-0,0.00027447306082094573,0.45295170275386093,0.5076800830542483
0-1,1-0,0.00027454735156141804,0.4886952870656545,0.47042537435305265
1-0,1-0,0.00028000704933073186,0.4434278983308943,0.5145301233086566
1-0,1-0,0.0002675920877642036,0.44836307880502113,0.5131308073289595
1-0,1-0,0.0002727166970374832,0.47374453484001183,0.48708994862752186
0-1,1-0,0.00028089170547843274,0.4215419061843625,0.5398847344223274
1-0,1-0,0.0002664476205197696,0.47276483615795334,0.48724298952641815
1-0,1-0,0.00027497022577061957,0.45339567056325136,0.5054468441279142
1-0,1-0,0.0002721402109812354,0.45829854907947887,0.5031867105153178
0-1,1-0,0.00027456704118424935,0.4651380411644145,0.49298508807460323
0-1,1-0,0.000313772045113644,0.39475615581004925,0.5607925599852245
1-0,1-0,0.00031064541198913656,0.37140791169766046,0.5892833575030428
0-1,1-0,0.0003213168481760399,0.3708222684751628,0.5883810278719547
1-0,1-0,0.0002724201240283857,0.46915745394835956,0.48951324867321455
0-1,1-0,0.000291274748871314,0.40745689913353933,0.5528741696801314
1-0,1-0,0.00027510812128638294,0.4542979035495428,0.505020473742768
0-1,0-1,0.0003437292781037606,0.6451389037961879,0.3121952198429841
1-0,1-0,0.0002629421267519139,0.4413806039536286,0.5231505881222218
0-1,1-0,0.00027401916510479043,0.477167391630327,0.4777373241050091
1-0,1-0,0.0002655463769628133,0.4173298952504929,0.5497796916312012
1-0,1-0,0.0002769850336814746,0.4981397074502269,0.4611027890047877
0-1,1-0,0.0002766822171599895,0.45257799583465297,0.5048289070936691
0-1,1-0,0.00027923968136695654,0.44538245904384033,0.5121843405232889
0-1,0-1,0.0002609537493255961,0.6093849199411662,0.35759866086969466
1/2-1/2,1-0,0.00027300997010655683,0.48300237277327046,0.47289908389300433
1-0,1-0,0.00027598444291209367,0.45917674705025957,0.49547990198950387
1-0,1-0,0.00027253774880460117,0.4657508209192926,0.4951113531867363
1-0,0-1,0.0003277325943159519,0.5928451430894528,0.367010861673506
1-0,1-0,0.0002745466315495619,0.5388428464873383,0.4191446308589643
0-1,1-0,0.00027131102395022726,0.4622805172551308,0.4982899931117272
0-1,1-0,0.0002748720076103628,0.45875517292600926,0.501338265514541
1-0,1-0,0.0002760754891808639,0.47427586739308714,0.4829798302597308
1-0,1-0,0.0002756995023976303,0.46101368512742913,0.49499182193251073
0-1,1-0,0.0002803014106855179,0.4427332659850573,0.5134622106280963
1-0,1-0,0.0002715177762553757,0.4709448796509827,0.49050016352243236
0-1,1-0,0.00027912732594363216,0.4317270590116837,0.5283127854861965
0-1,1-0,0.0002746332566854307,0.47825994349103973,0.48131563842346314
1/2-1/2,1-0,0.0002774910829680815,0.4530816866029893,0.5022196447233391
0-1,1-0,0.00027445804688013437,0.46529046336335594,0.49361679957835475
0-1,0-1,0.0003911633082574311,0.6311082431455575,0.32304313259819534
1-0,1-0,0.0002771485091799161,0.4426904534740774,0.5178154130381348
0-1,1-0,0.00029713943798198887,0.4042281213239348,0.5542294014220118
1/2-1/2,1-0,0.00027869350254149154,0.45029925406644444,0.507541261623752
0-1,1-0,0.0002765291985708487,0.4689081225495836,0.48863623884707386
1-0,1-0,0.0002774936903801008,0.5015573696587661,0.4534951914918746
0-1,1-0,0.0002760950001561901,0.46772148351112847,0.4894885951186518
0-1,1-0,0.0002733794910554996,0.46552002469805426,0.49452837358783586
0-1,1-0,0.00027316000986665024,0.47665002732014994,0.47774626106197426
0-1,1-0,0.0002745688608308294,0.455823315034421,0.50515956615269
1-0,1-0,0.0002826027528556982,0.44146758835071503,0.5136331939033202
1-0,1-0,0.0002732022326807776,0.4585400752472106,0.5027044215501097
0-1,1-0,0.0002799526316620357,0.44300449120953345,0.5155046374056034
1-0,1-0,0.0002716526917338563,0.45801548802134556,0.5031240257310686
0-1,1-0,0.0002776772552179527,0.4513272179753411,0.507023787720367
1-0,1-0,0.0002725760763583732,0.47856068736507373,0.4820247502090569
1-0,1-0,0.00027149831412790127,0.4712955466614193,0.49023147690421703
0-1,1-0,0.00027762787536816046,0.4438305223370625,0.515743715340811
1-0,1-0,0.0002722749061355626,0.47325011253974786,0.48754909765530036
0-1,1-0,0.0002869565642658783,0.5267171534020191,0.4290158675174393
1-0,1-0,0.0002713513222276038,0.48682383865885354,0.4739275504677955
0-1,1-0,0.000276086258286126,0.45998959357357794,0.49492649814367373
0-1,1-0,0.0002667623549835889,0.44146667173785636,0.5215853012918477
1-0,1-0,0.0002772856502573146,0.426148008133046,0.53399797470729
1-0,1-0,0.0002668684152452082,0.42953713470048355,0.5349164596548127
1-0,1-0,0.0002751732137666173,0.45287332908422234,0.5077887515909565
1-0,1-0,0.00027417048941218803,0.44550741341735184,0.5159586543378275
0-1,1-0,0.00027263518770222797,0.469361597128978,0.4870919802147421
0-1,1-0,0.0003155856991186971,0.5683411643175227,0.39255163770283735
0-1,1-0,0.00028312562528981885,0.42089136830250895,0.5395667987505234
1-0,1-0,0.00035043308503316203,0.32595935139056725,0.6359289723985075
0-1,1-0,0.0002771440333537595,0.5012256136725497,0.4562895359173358
1-0,1-0,0.0002645919598722458,0.4501519640757313,0.5134657410157616
1-0,1-0,0.00027331104406069936,0.4586883283457132,0.4973361085320021
0-1,1-0,0.0002830719385321546,0.43671364706531035,0.517975148111725
1-0,1-0,0.00027462000947430193,0.4801675272273695,0.474740854296955
0-1,1-0,0.0002802936056433759,0.44174613099222687,0.51532521035901
0-1,1-0,0.0002759051983168518,0.4805943220083273,0.4779901401353873
0-1,1-0,0.00027333745750573703,0.4628291703777519,0.49796448861583387
1-0,1-0,0.0002629760168792532,0.462954602944612,0.5002438711958651
0-1,1-0,0.00028306859440838014,0.43896588842813206,0.5154308410522447
0-1,1-0,0.00026320295302554333,0.4629347061832502,0.4992391045165385
0-1,1-0,0.00029993846580408565,0.5477201005851817,0.41322801839436324
1-0,1-0,0.00027287665231307017,0.4515273402043669,0.5099857017968074
1-0,1-0,0.000274956619617819,0.44911252929958706,0.5119699884354492
0-1,1-0,0.00028002322819687693,0.42582165505728314,0.5354353971929927
1-0,1-0,0.00027162850909669844,0.4846755676544356,0.4760449095974085
1-0,1-0,0.0002797174861383298,0.444709943168037,0.5139524128862618
1-0,1-0,0.00027113007733173456,0.45290645510226774,0.5078758215586314
0-1,1-0,0.0002733011029873088,0.45282457826724865,0.5084733812438305
1-0,1-0,0.00027503220605292394,0.45130224584232875,0.5065266575204099
0-1,1-0,0.0002740609610955656,0.4587347032452461,0.49900133339581526
0-1,1-0,0.0002758197060480491,0.5037131257321628,0.45506949742026703
1-0,1-0,0.00029242273736323636,0.4012649413316775,0.5596380416556838
1-0,1-0,0.00027950999190508313,0.4288694149420341,0.53213964356592
0-1,1-0,0.0002950235631682281,0.5459065794181267,0.4119255815592795
1-0,1-0,0.00027265082632133144,0.4658987680958,0.4951743943432169
0-1,1-0,0.00027413386722675994,0.47803657757466317,0.47799519617051034
1-0,1-0,0.0002785009696166279,0.4380883181577607,0.5220128790375153
1-0,1-0,0.00027590964694590366,0.4592446933425978,0.496712117393453
1-0,1-0,0.0002741946938721175,0.496813510315645,0.46342968565850357
1-0,1-0,0.0002798339459230988,0.4429013811330291,0.5143513200485803
0-1,1-0,0.00027751213246127307,0.4440961009712536,0.5150377412816135
0-1,1-0,0.0002717414853979395,0.44740907843056504,0.5116427405082984
1-0,1-0,0.000274572867757389,0.44580981754630566,0.5154528012000927
1-0,1-0,0.0003043343869966161,0.5505606715263779,0.40669885565624886
1-0,1-0,0.00028022899877937983,0.42785727100821186,0.5319866708452301
0-1,1-0,0.00027888064092742725,0.4259683314085526,0.5333801730311228
0-1,1-0,0.00033168654938628254,0.5820091106160912,0.3727021819483237
0-1,1-0,0.00028842533268143967,0.5268776958587001,0.43140143131142866
0-1,1-0,0.00027531210948401424,0.46086112788074834,0.49679087598913474
0-1,1-0,0.0003043967924067387,0.3972951866178205,0.5604300966091713
0-1,1-0,0.00027976874341540655,0.4452106431822956,0.5130609974099336
1-0,1-0,0.0002726865393210408,0.4558926268633218,0.5050465345814873
1-0,1-0,0.0002707381682358807,0.48984080319696355,0.46758381908951113
1-0,1-0,0.000273809582504578,0.4465597573995757,0.5126497942001809
1-0,1-0,0.0002704421230733021,0.4628457365689537,0.4988341398359394
0-1,1-0,0.0002745491289508052,0.46327713387002384,0.49263985528800375
1-0,1-0,0.0002720054620816767,0.46049148646596444,0.5008006468819223
0-1,1-0,0.000279568032913634,0.4464597053366616,0.5112348749682576
1-0,1-0,0.00031168270745456507,0.39357491115704935,0.5620059501210966
0-1,1-0,0.000288034931470948,0.5948975593059681,0.3706587335911207
1-0,1-0,0.0002697879731001136,0.4479362289514155,0.5105623403949175
1-0,1-0,0.0002742871961280266,0.4658245460987344,0.4901390742031162
1-0,1-0,0.0002891178856324614,0.41499815688004854,0.5438797714426733
1-0,1-0,0.00029475252559636343,0.4070514280030451,0.5514886930953578
0-1,1-0,0.00027671219817621066,0.4561801097602666,0.4986998849838669
0-1,1-0,0.0002718960170908287,0.5284145360731353,0.4358058299875846
0-1,1-0,0.0002768657682742922,0.4377295527607105,0.5212057296881392
1-0,1-0,0.00027852154249279217,0.44821360117576986,0.508462478864174
1-0,1-0,0.00027039586920558033,0.4358680411017435,0.5259422744788919
0-1,1-0,0.00033031006131577727,0.3746401895662959,0.5819239384160328
1-0,1-0,0.00027651256073649887,0.4649365170896683,0.490339438344438
1-0,1-0,0.000278874270374178,0.4446127418131841,0.5140348719141268
1/2-1/2,1-0,0.0002683350792791847,0.44693695677082623,0.5137653651708767
1-0,1-0,0.00028302179114584084,0.5184945698115588,0.43813589027905947
1-0,1-0,0.00027018327661911077,0.4774739218867753,0.48147800715041933
0-1,1-0,0.000276693601407602,0.43636596137798656,0.5247495400675489
0-1,1-0,0.0002844622569528939,0.4144964338549235,0.5464199710173595
1-0,1-0,0.0002803399226568273,0.5104806557110405,0.4473700604413284
1-0,1-0,0.00028562134651581074,0.43303535262883264,0.5229403754078532
1-0,1-0,0.0002824922927776442,0.4146713455478464,0.5455330782866868
0-1,1-0,0.0002717151245607256,0.457766662971814,0.503784996946917
0-1,1-0,0.00027470292903199016,0.447427487080071,0.5125957702297185
1-0,1-0,0.00027815245344676586,0.4439111713014675,0.5160679172181616
1-0,1-0,0.00027530245129115104,0.4556498790299491,0.5047307566364205
0-1,1-0,0.00027995239631846647,0.5063638697269339,0.4499979656655263
0-1,1-0,0.0002783141158628659,0.4455834750430234,0.5128751112934651
1-0,1-0,0.0003500336010300083,0.3532899538244913,0.603076046386172
0-1,0-1,0.0005286775344785923,0.7130593584907818,0.24658055629233214
0-1,1-0,0.0002749807343643241,0.4516971581085802,0.5059429927732447
1-0,1-0,0.00027645106138912446,0.4860110975173712,0.4710093199643762
1-0,1-0,0.00028220137977013243,0.41608553177837665,0.5439513837589208
1/2-1/2,1-0,0.0002794640109349453,0.4491753891288141,0.5042536109572989
1-0,1-0,0.00027282708545532745,0.47231203836142405,0.4884895903229935
1-0,1-0,0.00027248362320589077,0.4625179663882932,0.49864296164260213
1-0,1-0,0.0002686774789490798,0.46384535308764546,0.49705882054962647
0-1,1-0,0.00027503813573438946,0.4915774368832141,0.4637926843927883
0-1,1-0,0.00027632664052248496,0.4443505221991899,0.5158909546812318
1-0,1-0,0.0002816695726799796,0.4304434409471842,0.5283633732578129
1-0,1-0,0.0002743438309860516,0.4750858247604697,0.4811201219120332
1-0,1-0,0.0002747930013922447,0.45089044454539956,0.5090800045965043
1-0,1-0,0.00027864090801241225,0.44672230296675286,0.5102021802125273
1-0,1-0,0.000264688624449668,0.4179997707107347,0.5505819561206836
0-1,1-0,0.00027472450161237415,0.43788513762100356,0.522261454542559
1-0,1-0,0.000274726482862845,0.4503764958806785,0.50956808315335
1-0,1-0,0.00027403445927982184,0.4690767249324468,0.49128692870318336
1-0,1-0,0.00027644081096263366,0.44777030435088083,0.5113578479893921
0-1,1-0,0.00027328606585116,0.4484056003383223,0.5106609440508284
0-1,1-0,0.0002795891621379259,0.43811093818842295,0.5198955096152266
1-0,1-0,0.00027070425104173886,0.4676057805265064,0.49406359829647856
1-0,1-0,0.0002730282698158788,0.45998507134066097,0.5006822046472454
0-1,1-0,0.00027433753318419757,0.4915816106988826,0.4631545374181848
1-0,1-0,0.0002943719242056196,0.39879884610789407,0.5616693432311596
0-1,1-0,0.00028165635608687166,0.4294188055702767,0.5285841950265444
1-0,1-0,0.0002719370665425491,0.491894820626374,0.46898695997690165
1-0,1-0,0.00027067721049418196,0.4825380463899952,0.4792509532606155
1-0,1-0,0.0002782889687726408,0.4468434599701683,0.5098154054837294
0-1,1-0,0.0002713527146394776,0.4858537203707588,0.47566632278041304
0-1,1-0,0.0002753175545390556,0.43645851760161597,0.5246241619032406
0-1,0-1,0.0005291214833402425,0.6882153692111472,0.2676525785937005
1-0,1-0,0.00028909378682055915,0.41014860795262004,0.5502396214973072
1-0,1-0,0.0002861408856138098,0.41224508820746275,0.5481631051830224
0-1,1-0,0.00028366794884040846,0.42627968372492886,0.5315423639087222
0-1,1-0,0.000280891450219205,0.41150040709369456,0.5499588322058777
0-1,1-0,0.00027746508700548107,0.5064739760689679,0.45319163022863385
0-1,1-0,0.0002724981531094543,0.46082622243108085,0.4979984472671537
0-1,1-0,0.00027214055429675946,0.46664823437490044,0.49393148079024973
1-0,1-0,0.0002721274015660708,0.4247599807203104,0.5378299952363661
1/2-1/2,1-0,0.0002696796668344857,0.4735393094955367,0.4862878330934654
1-0,1-0,0.00027477005148388587,0.44449955165400834,0.5168636927901825
0-1,1-0,0.0002739247640323236,0.44893662897962155,0.5121550101304627
0-1,1-0,0.0002672240385690479,0.44449120748120896,0.517765757643168
1-0,1-0,0.00027674238810258405,0.4368313752963341,0.5230151562539729
0-1,1-0,0.00027424460811274396,0.4746429450439738,0.48028242469816107
1/2-1/2,1-0,0.0002675867513372746,0.4362741817644225,0.5264142522419064
0-1,1-0,0.0002750261634126787,0.44546756726907977,0.5134268548918774
0-1,1-0,0.00027273321283551423,0.4512269820154411,0.5103320708769765
0-1,1-0,0.0002683031911948136,0.45104048482768627,0.5076215906618832
0-1,1-0,0.0002881280699458539,0.4214563193359349,0.5373676145683739
1-0,1-0,0.00027828669618248757,0.44618070385259306,0.5118112710708241
1-0,1-0,0.0002796037166218613,0.44544064577376113,0.5121358098620329
0-1,1-0,0.0002754960008486362,0.457907276771423,0.5017652592650919
1-0,1-0,0.00027127200501553007,0.4564812423478585,0.5052237870210937
1-0,1-0,0.0002802961137915646,0.5017051848674561,0.4571277075187188
0-1,1-0,0.00028017933758439216,0.5212937739069772,0.43576031833121726
0-1,1-0,0.0003007939340494496,0.4058649674198296,0.5497447288362144
0-1,1-0,0.0002700111584901877,0.4697276113167943,0.49154491427161345
0-1,1-0,0.00027057955897685397,0.4704257747892724,0.49113467879524025
1-0,1-0,0.00026934207156381856,0.4080224044026323,0.556012303868476
1-0,1-0,0.0002701416500803396,0.4413796158062095,0.5194242694996084
0-1,1-0,0.00027380114299894857,0.45382464129709993,0.505872632029891
1/2-1/2,1-0,0.00028712576515136225,0.4162557647401023,0.5428506026145834
0-1,1-0,0.000276137426522229,0.4628748488528079,0.49229305363459136
0-1,1-0,0.0002735612592822198,0.45153998477539176,0.5097586353318162
1-0,1-0,0.00028444034211527655,0.4358029978585565,0.5200831791064192
1-0,1-0,0.00027628887342847085,0.46598953888979233,0.4917694251363939
1-0,1-0,0.00027025763040345495,0.46296925677602696,0.49889732636207834
1-0,1-0,0.00027711562500028924,0.45459511346539694,0.5033342045054504
0-1,1-0,0.00027556442534114236,0.4865033677134977,0.4714739520496702
1-0,1-0,0.0002798921957636013,0.442830464621821,0.51467108592589
1-0,1-0,0.00027374916437412076,0.4612207820595223,0.4984358788987725
0-1,1-0,0.0002737588105702801,0.4426635848259771,0.519015121403376
0-1,1-0,0.00027265423639745515,0.4614600539453008,0.49950533922684287
1-0,1-0,0.00027595334593973867,0.44986345844233316,0.507166133416422
0-1,1-0,0.0002617148972239568,0.4511250546736655,0.5131387120844425
0-1,0-1,0.0002979340455063083,0.6182026022796073,0.34781885975167365
0-1,1-0,0.00027680726576942546,0.4551680127317465,0.5034229778110906
0-1,1-0,0.0002732439734199619,0.48892985579579146,0.4660588657429386
0-1,0-1,0.00045325098071066994,0.6723625295797455,0.28419524746648245
1-0,1-0,0.0003679681805670097,0.30303218086651673,0.6578021200747622
1-0,1-0,0.0002730518880965454,0.48455706938573156,0.4760580553273469
1-0,1-0,0.0002740069001781463,0.4865741004602531,0.4708021051288969
1-0,1-0,0.0002759238156985612,0.43056321678879167,0.5295943090300794
1-0,1-0,0.00029111328442375274,0.4076045972579805,0.5528616309434283
0-1,1-0,0.0002671610038385014,0.432139933966808,0.5315117244999511
1-0,1-0,0.000276007710011158,0.48506081047738075,0.47297496426432367
0-1,1-0,0.00027791881794810794,0.43974266569913156,0.5199472561535738
1-0,1-0,0.00027598976599916246,0.4577786948669921,0.5008704095374801
0-1,1-0,0.0002784226622206053,0.4530670796650424,0.5019622378750742
1-0,1-0,0.0002871174464976552,0.4251288593588877,0.5333461274414526
1-0,1-0,0.0002743882711726978,0.46565254815382157,0.49365684761856454
1-0,1-0,0.0002759575691602351,0.4570082613070856,0.5023672998736544
0-1,1-0,0.0002848964779261878,0.42901677632856416,0.5285892264829044
1-0,1-0,0.0002751363966873879,0.47639727170227664,0.4801363847271085
1-0,1-0,0.0002772443220935449,0.4421433043640402,0.516438331608982
0-1,1-0,0.0002816199431673883,0.4300783359889339,0.5287444999123297
0-1,1-0,0.0002783168569075155,0.45494038597118186,0.5002018810735728
0-1,1-0,0.00027249601533975025,0.4684982958339219,0.4924688027801104
0-1,1-0,0.00027747224143827125,0.45397289550620734,0.5032433350877406
0-1,1-0,0.00028331218784854935,0.43271303895093616,0.5248704713374224
0-1,1-0,0.00028237043534080474,0.4244970291005764,0.5360996812763162
0-1,1-0,0.000273885122248185,0.45992496530791094,0.5010988744338549
0-1,1-0,0.00027884589165482626,0.4473072261937244,0.509873641249266
1-0,1-0,0.0002739161661038568,0.4680295124772553,0.4925524398831622
1-0,1-0,0.0002879301352142447,0.4157039367126817,0.5441794548744876
0-1,1-0,0.0002745735365711795,0.44865982667055393,0.5125629298506993
0-1,1-0,0.0002735652386163373,0.45640489568636655,0.5047831690385822
0-1,1-0,0.00027428291386976414,0.44554404643528084,0.5133334307122196
1-0,1-0,0.0002719567293169328,0.4527662051141134,0.5087966622330871
0-1,1-0,0.0002719268704660537,0.4863730549441321,0.47403057126519876
0-1,1-0,0.0002794253115837982,0.4462028005296334,0.5116560304039469
1-0,1-0,0.00027379764392360264,0.4541955550091917,0.5063473057602871
1-0,1-0,0.00026764870554625813,0.4555777324729104,0.5029605587877831
1-0,1-0,0.0002765135497976265,0.4560935443371442,0.5004930050020204
1-0,1-0,0.0002638866722523879,0.44372141043877394,0.5206381236127883
1-0,1-0,0.0002738944072367537,0.4757570974698052,0.4851241490809963
1-0,1-0,0.0002735375454236092,0.48090046689435656,0.47814051763780163
0-1,1-0,0.0002750814814027977,0.4864546168676023,0.4706637534766551
1-0,1-0,0.0002834112584708938,0.43323698592970633,0.5245178320190772
1-0,1-0,0.0002725695517487068,0.4638804631390227,0.4973770358938343
0-1,0-1,0.000350456238310615,0.6095151704816043,0.34781400339376556
0-1,1-0,0.0002700179602838739,0.458184952949842,0.50357429862079
0-1,1-0,0.0002737696491213829,0.49138830808371764,0.4700490337154695
1-0,1-0,0.0002734884353507849,0.4645573727669615,0.4961287279631452
0-1,1-0,0.00028195441696286805,0.4368221332282701,0.52060527762122
0-1,1-0,0.00026084559300967923,0.4709808212837973,0.493847990145665
1-0,1-0,0.0002762047380399634,0.45289366773851114,0.5043185506471921
0-1,1-0,0.0002829541259993805,0.513663542787191,0.4431378311112218
0-1,1-0,0.000289569814656226,0.4273833162310692,0.5274476408228819
1-0,1-0,0.0002604908730695903,0.4568720540728296,0.5067752555670878
0-1,1-0,0.0002724641994151599,0.4537502581582844,0.5077129230295108
1-0,1-0,0.0002623281003029992,0.45464327986015457,0.5116670741562681
1/2-1/2,1-0,0.00027125944556838523,0.4552510150973882,0.5065467358186421
1-0,1-0,0.00027685593504558805,0.455655473947668,0.5004491792411988
0-1,1-0,0.0002622087862245418,0.445925457170569,0.5184483887287316
0-1,1-0,0.0002735496157055622,0.4717397248605494,0.4830552823221975
1-0,1-0,0.00027929309650942725,0.4468610726935061,0.5107338832683602
1-0,1-0,0.0002736502223261154,0.4656001826379557,0.49503074126934987
1-0,1-0,0.00034910670599270664,0.32895210119451573,0.6325844909660656
1-0,1-0,0.000273346127307767,0.4991100566269319,0.4564571717818386
1-0,1-0,0.000271949879876939,0.458532289984476,0.5029955230254777
1-0,1-0,0.00027761119593897255,0.452923890576979,0.5063347340225566
1-0,1-0,0.0002736794713227691,0.4608048286405062,0.49824659065341736
1-0,1-0,0.0002700122360668956,0.4679557849509475,0.4875083323310846
1-0,1-0,0.0002753995313279421,0.4433721754017905,0.5159362888315376
1-0,1-0,0.00027490668261969043,0.46877085657505,0.48738910222592574
0-1,0-1,0.00034950978490350706,0.5773767402084967,0.3415784787807038
0-1,0-1,0.0003529337465753854,0.6311885318670056,0.33018908207136
1-0,1-0,0.00029224334174211277,0.3868135710812163,0.5735897212797312
1-0,1-0,0.0002770027016641597,0.4567124659207085,0.5005045775143727
0-1,1-0,0.00027784619631801853,0.4981916449448581,0.4596091936755427
1-0,1-0,0.000286756047432528,0.526477658895982,0.42873013436155843
1-0,1-0,0.0003326223016458849,0.3611656684043004,0.5977271302501036
1-0,1-0,0.0002803908239541413,0.4381557882221942,0.519708997022466
1-0,1-0,0.0002747129822396814,0.45846463439764096,0.5000486516881895
1-0,1-0,0.0002762960781173368,0.45455824859000016,0.501942539644655
0-1,1-0,0.00028242546071120665,0.44223074760124625,0.5129193575864518
0-1,1-0,0.0002801601197795755,0.4281818552394996,0.5327176853250867
1-0,1-0,0.00027759617846260365,0.4523374250099953,0.5026527237235211
0-1,1-0,0.00027879809046976235,0.4391740733348536,0.5205423897588076
1-0,1-0,0.0002777740652854982,0.4524884960418326,0.5052988643463001
0-1,1-0,0.00027480811644640984,0.45385402227654326,0.5047754973620613
1-0,1-0,0.0002683212840368952,0.475104763816431,0.4866369539773586
1-0,1-0,0.00027550651568962903,0.47686575066167686,0.48031925887459664
1-0,1-0,0.0002908347058779531,0.45554711177287477,0.5019357119926955
0-1,1-0,0.0002687698245664017,0.4401382080476572,0.5217028377953881
1-0,1-0,0.0002821135464212582,0.5190331557894499,0.43804120206547625
1-0,1-0,0.00027280586925632083,0.47041024963474415,0.4907790289844947
0-1,1-0,0.0002769997125183127,0.501523308873111,0.45882340559521473
0-1,1-0,0.0002797635040570133,0.43699595818559933,0.5212965004198513
1-0,1-0,0.0002829378118800366,0.5111227582928015,0.44506544391703295
0-1,1-0,0.0002641187656093219,0.4750653679672061,0.489162248684785
0-1,1-0,0.0002773503386437426,0.45406264134078445,0.503333869697117
1-0,1-0,0.00027406180276325575,0.48546630348969794,0.47121136066176345
0-1,1-0,0.0002797386566019004,0.4451975129318023,0.5124694111071015
1-0,1-0,0.0002760717892792782,0.49496303790255736,0.4604812056909072
1/2-1/2,1-0,0.000276294132777399,0.4382077393970232,0.5217586771788277
1-0,1-0,0.00027800322820572556,0.4528115677872426,0.5049481337726074
1-0,1-0,0.0002679512522492197,0.4771180922631845,0.4833840526226378
1-0,1-0,0.000272942804723501,0.4562821195433961,0.5048372565563504
1-0,1-0,0.0002737352435578566,0.45387081181115985,0.5070791178603439
0-1,1-0,0.00027705794883582397,0.45823782841250515,0.4997493964520853
0-1,1-0,0.00027377274250645425,0.4733947710265244,0.48696401260147787
0-1,1-0,0.0002858212614208223,0.4237865287161485,0.5346410386072388
0-1,1-0,0.000270216383969638,0.475129227293732,0.4864408992070391
1-0,1-0,0.00027824155045667805,0.42319379224595277,0.5387856954218055
1-0,1-0,0.00027160611489576963,0.4612915538549539,0.4992899111342258
1-0,1-0,0.00027725867092932204,0.44072604844763874,0.5196170876099695
1-0,1-0,0.0002757386193258941,0.4450288877311328,0.515647898397855
1-0,0-1,0.00044214229141195774,0.6759933816190801,0.2769676607331501
0-1,1-0,0.00027789370245714245,0.4533142234362435,0.5030413054167985
1/2-1/2,1-0,0.00027226042426824594,0.48621056065785995,0.4674098617668368
0-1,1-0,0.00026741433136665774,0.48426911174275805,0.47634230876614103
1-0,1-0,0.00027437649480683787,0.4680436356045441,0.4907357231938315
0-1,1-0,0.0002762259982748829,0.4938433488488962,0.4662521860201497
0-1,0-1,0.000510528384293852,0.7085488409852139,0.24984061064863303
0-1,1-0,0.00027283195213391535,0.45787741540680743,0.5034848588993185
0-1,1-0,0.0002749748087058111,0.44141531218082186,0.5196346040615796
1-0,1-0,0.0002739767304344575,0.4605025487153487,0.498167967628629
1-0,1-0,0.00031459303054717867,0.3813021327416267,0.5789599101516641
0-1,1-0,0.000289295790937613,0.41262128293898315,0.5465389102628048
1-0,1-0,0.00026497734521432567,0.44670086704771894,0.5165332362234631
1-0,1-0,0.00027314159436501886,0.4828366607869933,0.4721059230178615
0-1,1-0,0.0002809066490404718,0.441221243041232,0.5153259033050303
1-0,1-0,0.00027492675431519276,0.44324245660265366,0.5181526552178911
1-0,1-0,0.0002850752357001575,0.4114956223568757,0.5496745758715409
1-0,1-0,0.0002753808359635185,0.47541070304769656,0.4824679992084099
1-0,1-0,0.0003090200122127655,0.38262994934160705,0.5769976171806626
0-1,1-0,0.0002734762672499286,0.4573939913216651,0.5035781576214782
1-0,1-0,0.00031533603139687283,0.3790885485464032,0.5803552794500871
1-0,1-0,0.00027412320331386285,0.48119444728543526,0.4797555020347155
1-0,1-0,0.00028130010179977207,0.42698723183067144,0.5315472896677602
1-0,1-0,0.0002747168149008416,0.44855587336090413,0.5126066331896755
1-0,1-0,0.0002778940574478143,0.4402475091560591,0.5200930587391968
0-1,1-0,0.0002752383035508099,0.4499107247942824,0.5108235376257851
0-1,1-0,0.00027533660515440607,0.45685764124573724,0.5003953764065807
0-1,1-0,0.00027416509271658136,0.4522242942925407,0.5076124123748138
1-0,1-0,0.0002817149850967439,0.43322211411293654,0.5249365054086782
1-0,1-0,0.00027580233856655274,0.44861879933514553,0.5087127016692783
1-0,1-0,0.00027725313529647805,0.44796950639894095,0.5107318163852637
0-1,1-0,0.00027605460425328426,0.44510314997949474,0.5134661565155247
1-0,1-0,0.00029262969820776074,0.4135670573772669,0.5444395725193144
1-0,1-0,0.0002835415436078748,0.43728915231217486,0.5177847218740028
1-0,1-0,0.00027642521127742634,0.47019175485965387,0.4879776137930064
0-1,1-0,0.0002735623585784939,0.4868852794367259,0.4678942701723526
0-1,1-0,0.00027441482221755316,0.4653515129812817,0.4916258262429018
1/2-1/2,1-0,0.00027696100381313746,0.4449737775821427,0.5147200316227369
0-1,1-0,0.0002722041678595159,0.46992007683608983,0.4913822612270369
1-0,1-0,0.0002739907042514374,0.4731097335339299,0.4818451071825801
1-0,1-0,0.00028382043732519304,0.5269998833410808,0.42956010438704134
1-0,1-0,0.00029161269613206834,0.41227361097028287,0.5440544893610748
0-1,1-0,0.00028346066345534115,0.43837378175013914,0.5171745059824905
1-0,1-0,0.00028267233623905215,0.4267781749629393,0.5321336095461946
1-0,1-0,0.00027085446770004444,0.47586291079376647,0.48486132639339724
0-1,1-0,0.00028382733215501335,0.5157917298719262,0.4407652394299486
1-0,1-0,0.00027413753346435503,0.4585556442907614,0.5004512424498432
1-0,1-0,0.00028118983005477843,0.44247816313865423,0.5134863317552834
0-1,1-0,0.00027838258946151723,0.43574293185189894,0.5248950509874951
0-1,1-0,0.00028291453108208564,0.4344351985847232,0.5236912761425625
0-1,1-0,0.00027437036405483745,0.46122943061040633,0.4972597638741595
0-1,1-0,0.00027696681808060154,0.44427686756690743,0.515484187883588
1-0,1-0,0.00028885699787573494,0.4258222045417438,0.5305342059379107
1-0,1-0,0.0002738809855092276,0.45679711215697993,0.5039201624490987
0-1,1-0,0.0002731330794711574,0.4467982972449293,0.5148222436732651
1-0,1-0,0.0002846674411001063,0.42846234138874,0.5294655009769194
0-1,1-0,0.0002707659711033315,0.43706359403108014,0.5246780252424197
0-1,1-0,0.0002776840838847178,0.43595698986342507,0.524457583189676
1-0,1-0,0.00027147508638453903,0.46062335026709883,0.49612453220598896
1-0,1-0,0.0002805709974703803,0.514721656316753,0.44040526018809656
0-1,1-0,0.00029124755628084524,0.41697093824238635,0.5411920317285672
1-0,1-0,0.0002813133664102224,0.41943459760353385,0.5421450155579247
0-1,1-0,0.0002736495780099403,0.46596087452492047,0.4936291394477329
0-1,1-0,0.00027111718575250883,0.4596019337775783,0.5016251345974256
1-0,1-0,0.00027524843738088603,0.45443526384370053,0.5028209922815244
0-1,1-0,0.0002759719103334151,0.4270449751849909,0.5334853663978879
1-0,1-0,0.00027411510448560546,0.4592176191183586,0.5014405941603209
1-0,1-0,0.0002756643548833746,0.47781634512104404,0.477847063958641
1-0,1-0,0.0002832674384627606,0.4195890505458972,0.5410485137201866
0-1,0-1,0.0010971996304393636,0.8842265242340287,0.07066188176720727
0-1,0-1,0.0009405464154589745,0.8069512064672787,0.14699599309271072
1-0,1-0,0.00027652365158007536,0.4553403405639427,0.502938917295914
1-0,1-0,0.00029190075548724036,0.3951885321413217,0.566121313564392
0-1,1-0,0.0002764554919668657,0.45790895088928524,0.49695396965217625
1-0,1-0,0.00027464687058256554,0.44602960376716216,0.5149475405908035
1-0,1-0,0.00027470360745990524,0.4583733250552755,0.502477074618678
0-1,1-0,0.00027910860048418795,0.44655595462093745,0.5101648104716253
1-0,1-0,0.0002791688942363487,0.43644033046257896,0.5235009608338185
1-0,1-0,0.0002743435053843537,0.49316805006022113,0.4620394356027207
1-0,1-0,0.000276806479838514,0.4386753264056006,0.5224501876590643
0-1,1-0,0.00028119898181634456,0.4301116721131106,0.5299112069733344
1-0,1-0,0.00033176509179670227,0.5822550361740442,0.3703521750290602
1-0,1-0,0.0002998846233156244,0.5448665937847823,0.4102893680474315
0-1,1-0,0.0002731102530794113,0.47303499298755164,0.4875782845282492
1-0,1-0,0.0002743953420799663,0.4354902892374926,0.5264717999714327
1-0,1-0,0.0002850467942061985,0.5221366069787536,0.4358840121038491
1-0,1-0,0.00027747693458424536,0.49642409032919804,0.46146098966196586
1-0,1-0,0.0002750362957603748,0.45522577149657817,0.5040923139446134
0-1,1-0,0.000278656042403367,0.4499938980360069,0.5080251375239788
1-0,1-0,0.0003332038603919208,0.3483366046975821,0.6127217392245413
1-0,1-0,0.0002773004744489383,0.4385723256694845,0.5171152648216327
0-1,1-0,0.0003225453748043787,0.37156966465548197,0.5872657999607271
1-0,1-0,0.0002748409726139289,0.45020194352431187,0.5108569406761967
0-1,1-0,0.0002730122594562021,0.4536483974024617,0.5076779971056501
1-0,1-0,0.0002751382378656854,0.4388356167274092,0.5227237537201367
0-1,1-0,0.0002780014375667651,0.4529320461269923,0.5045709193994701
0-1,1-0,0.0002732798650342909,0.46169310258444907,0.4993749342519704
0-1,1-0,0.0002730796915984866,0.46226741425783197,0.49862343896333994
1-0,1-0,0.00028166173456289684,0.4129275856454171,0.5478729589352006
0-1,1-0,0.00027085566960665525,0.4750145686237158,0.4863678467201744
1-0,1-0,0.0002710648948381379,0.4418663444438614,0.5187931340438074
1-0,1-0,0.00028386074072685044,0.4049917778573946,0.5574618038064102
0-1,1-0,0.00027331328577735693,0.47750975897070996,0.48321597258941895
0-1,1-0,0.00029106790826190557,0.4161171758262278,0.5418108990246174
1-0,1-0,0.000275105198608761,0.4510267629611218,0.5079459996235294
0-1,1-0,0.00027352107849651743,0.4527946793352115,0.5079692306455765
0-1,1-0,0.0002816038019671401,0.4378491975764194,0.5194994155860666
1-0,1-0,0.000275870193536941,0.4370709425041414,0.5203269630228147
1-0,1-0,0.00034914547428813034,0.3320081533862421,0.6290740014012655
0-1,0-1,0.0008938891609275835,0.8445035257479233,0.11345621650251389
1-0,1-0,0.00027252171335456125,0.4799100304347894,0.480121822381007
0-1,1-0,0.0002734540484993461,0.4422778789710713,0.5182226410402188
1-0,1-0,0.0002733165469299625,0.4758150403607614,0.4786330381871671
0-1,1-0,0.00030565755636269065,0.3982605979658727,0.5588732178747378
1-0,1-0,0.000273372247080039,0.4457744618192492,0.5154430880910291
1-0,1-0,0.0002718184629613211,0.45152857808147984,0.5101947295159535
1-0,1-0,0.0002772457833100842,0.48885698215778894,0.4681687422590834
0-1,1-0,0.0002715438797471908,0.4651677172602676,0.49636168957469595
0-1,1-0,0.0002933941811842218,0.5341423750831238,0.42068167733038275
1-0,1-0,0.0002807760652655162,0.4395923898816585,0.5179210373390216
1-0,1-0,0.00027760512148737316,0.4492961537112708,0.5106256706169421
1-0,1-0,0.0002771970914413917,0.4407033243933443,0.5172572123419439
0-1,1-0,0.0002768398289618233,0.49525385698926916,0.4623615735872159
1-0,1-0,0.0002755837894438348,0.49428951992629255,0.4632115403768818
1-0,1-0,0.0002814346791640598,0.43959845783474094,0.5154327763671391
0-1,1-0,0.00027535308095370266,0.4671394666757861,0.48828326703795094
1-0,1-0,0.0002749076517549539,0.4455243567533188,0.5142271160074817
0-1,1-0,0.00027657834648617626,0.45980453905188035,0.49822747741838447
1-0,1-0,0.00027449213179157466,0.46306834222324933,0.49624465331562334
0-1,1-0,0.0002802031880131563,0.44468511102634883,0.5132907445104168
1-0,1-0,0.0002726042045924331,0.45075445510131934,0.5108765983937077
1-0,1-0,0.0002729003637249663,0.46519254008428335,0.4946124121799385
1-0,1-0,0.0002775911670746861,0.4368147135734668,0.5237751544486831
1-0,1-0,0.00027965735474718144,0.43518573390996546,0.5244280822706952
1-0,1-0,0.00027334824443269384,0.47640222341811517,0.478585498833461
1-0,1-0,0.00026736003157476224,0.4423109487053311,0.5202788141912109
0-1,1-0,0.0002727636791277161,0.45914890385308,0.5021545400465378
1-0,1-0,0.00027225621233971457,0.46830796619713017,0.4923666876563102
1-0,1-0,0.00027412981714062054,0.450051115781792,0.5107673840117383
0-1,1-0,0.0002787718201580883,0.4963269658304559,0.46098216710500195
1-0,1-0,0.0002729279957698339,0.4654385687179446,0.49568623393718825
0-1,1-0,0.0002754396442913403,0.46822741522370537,0.4888398661242844
0-1,1-0,0.00028008190586789546,0.43060828636530274,0.5295043973534358
1/2-1/2,1-0,0.0002677985166526179,0.46656633899394706,0.4957535711405511
1-0,1-0,0.00027454413579325657,0.5055461076531844,0.4561162442328406
0-1,0-1,0.0008887267799720324,0.834799005136052,0.11999235313102835
1-0,1-0,0.0002701099615545451,0.4658825032695576,0.4944434193631442
1-0,1-0,0.000276179446252292,0.43817396146151194,0.5231932860521392
0-1,1-0,0.0002821826742751517,0.4237016816963334,0.5370803189652954
0-1,1-0,0.0002754425568120416,0.4499458814196885,0.5083182561496036
1-0,1-0,0.00027878526618332477,0.44249372587768715,0.5148510536935594
1-0,1-0,0.00027650956507736444,0.461221620892829,0.49429013037927183
1-0,1-0,0.00027443764572511963,0.45617726432570654,0.5027920797349865
1/2-1/2,1-0,0.00027752594716894764,0.4943017297624548,0.4647090676945118
1-0,1-0,0.00028261205126875027,0.4356437188075091,0.5225304319619749
0-1,1-0,0.00027551252869065896,0.48815152974550213,0.46729880883284874
0-1,1-0,0.0002755211260447201,0.473572615657991,0.4833858979769994
1-0,1-0,0.00029551718628315207,0.40230344073858354,0.5573865091279452
0-1,1-0,0.00027992468654900805,0.44326063601507815,0.5149949686468281
0-1,1-0,0.00027411055166221747,0.4509647933994216,0.5101821705856173
0-1,1-0,0.00027681555948637577,0.4319026002262358,0.5296469612911445
0-1,1-0,0.00027859995784643317,0.5015447684136134,0.45733608112785984
1-0,1-0,0.00027956171434315614,0.4437097534807469,0.5126060645828129
1/2-1/2,1-0,0.0002721862733553324,0.4509190236627395,0.5106108213927345
1-0,1-0,0.0002730389471846288,0.45024860735662864,0.5093237253725379
1-0,1-0,0.0002729810744690867,0.45714632898991886,0.5039992222856936
0-1,1-0,0.0002629405151102475,0.45635701809083895,0.5062716205204827
1-0,1-0,0.00027761368701148217,0.4563641532432903,0.49867607420404286
0-1,1-0,0.00027276166334540616,0.463170849525508,0.49639027074672665
1-0,1-0,0.0002745193866934085,0.44236530738589813,0.5189492103091194
1-0,1-0,0.0002724963188119167,0.47996599060114736,0.4806958404563271
0-1,1-0,0.0002802532177305839,0.5079044820539076,0.4514625837345311
1-0,1-0,0.0002671050969657717,0.437948196991989,0.5250075390410555
0-1,1-0,0.0002810699879185216,0.5188857104265039,0.4425536840906721
0-1,1-0,0.0003046535652489791,0.39427993011487084,0.5639090241486713
1-0,1-0,0.0002789892526993287,0.49770766636607716,0.46088993225947145
1-0,1-0,0.0002742430067643636,0.4403550742077669,0.5207597654396501
1-0,1-0,0.0002754292557627621,0.4714638048765273,0.4840122973030525
1-0,1-0,0.00027868174347665695,0.4329512060538856,0.5273292327573552
1-0,1-0,0.0002763330291874192,0.4390589304936887,0.522125441691877
0-1,1-0,0.00028492309062370073,0.43539083799560685,0.5202768842032819
1-0,1-0,0.00027258309207010687,0.47985345051818845,0.48078433272504206
0-1,1-0,0.00027429656495517546,0.4534546421359462,0.5066787958476614
1-0,1-0,0.0002924373843752649,0.4223889368633173,0.5327531331976489
1-0,1-0,0.0002735827521155792,0.4745670077508487,0.4848303389658507
0-1,1-0,0.00028245523921464015,0.4325658859204485,0.5252165775799409
1-0,1-0,0.00027765776219998965,0.4549478274100237,0.5008007328283051
1-0,1-0,0.0002816598740060301,0.42432516622504596,0.5361264327456646
0-1,1-0,0.00027429481080833184,0.4994878159981533,0.4594114220810243
1-0,1-0,0.00027410443541073476,0.4713272940193011,0.48619449043076624
1/2-1/2,1-0,0.00027099188835763956,0.484713323576668,0.4749865461457759
0-1,1-0,0.0002762933173649728,0.46259865506161196,0.4939017533338354
1-0,1-0,0.0002691476118017788,0.4529480559199071,0.506017063142828
1-0,1-0,0.0003263188371508866,0.3817209612417857,0.5736961130167598
0-1,1-0,0.00027548197292662197,0.4587707103562607,0.49820694992228537
0-1,1-0,0.00029309574792017994,0.5408953141982239,0.41249803834545945
0-1,1-0,0.0002807567092761699,0.4304103917475097,0.5282415995956355
0-1,1-0,0.0002772453765179607,0.45082910465323356,0.5057485588253653
0-1,1-0,0.0002859639629018447,0.42189773501130956,0.5371107242929968
1-0,1-0,0.0002788204195072489,0.4390807977800437,0.5203780187571593
1-0,1-0,0.0002807492642860305,0.5107284779411388,0.45012800811677156
0-1,1-0,0.00028432715147289886,0.4313958084367687,0.5264491031387947
0-1,1-0,0.00027869001938466824,0.43605539529086096,0.5241610910141381
0-1,0-1,0.0002658099508619506,0.6054502269774894,0.36112770686448037
1-0,1-0,0.00027448294578447243,0.44945509531666444,0.5115373962678798
0-1,1-0,0.00028790929650481623,0.4304344787290038,0.5247169226742243
1-0,1-0,0.0002722458756765545,0.47259390638725196,0.4829625645187928
1-0,1-0,0.00028422460913704,0.4287399019308371,0.5292576505499588
0-1,1-0,0.00027968527980512916,0.4399497334682442,0.5183301143067394
1-0,1-0,0.0002751841427245437,0.4814712687177797,0.4742604383848555
1-0,1-0,0.0002728613005369863,0.4545046471852376,0.5067674271226901
0-1,1-0,0.0002819850458315188,0.4261089714714276,0.5327596397306499
1-0,1-0,0.0002579285689144363,0.467091555422452,0.49707796898211953
0-1,1-0,0.00027545675921395693,0.4536629822779394,0.506238361922042
0-1,1-0,0.0002758194007461049,0.4460659529950028,0.5131281914939582
0-1,1-0,0.000272679834481714,0.4683656351246091,0.49220294615378263
0-1,1-0,0.0002785798077162053,0.447528223611771,0.5096841915570473
0-1,1-0,0.0002729443961105561,0.49232745383761756,0.4642051300231959
1-0,1-0,0.00027561135668304333,0.4966181648288932,0.46427029087585564
0-1,0-1,0.0004387036521991266,0.6621413500114525,0.2978440223793523
1-0,1-0,0.0002713412408008175,0.45723223222531956,0.5040418092969597
1-0,1-0,0.00027408934673994105,0.5057988456074474,0.45310779906029996
1-0,1-0,0.0002797136800781083,0.4406500195474765,0.5175753369696708
0-1,0-1,0.0003248790351438625,0.6150255328922385,0.34496745311007765
0-1,1-0,0.0002722654615439893,0.4772462115942347,0.47679807223609016
1-0,1-0,0.0002763845988262907,0.46028351843948534,0.4970581293626627
1-0,1-0,0.00028563673639525367,0.42402407599455716,0.5348886869059706
1-0,1-0,0.00028706808906814915,0.42469342640873303,0.533466735677705
1-0,1-0,0.0002595513093060285,0.4556757600100821,0.5093821508214118
1-0,1-0,0.0002757901201600916,0.5091264801981898,0.4493189721686742
1/2-1/2,1-0,0.00027094598534614515,0.47146302464305595,0.4844456729930984
1-0,1-0,0.00028117991978584184,0.4354734496922742,0.5225220702435521
0-1,1-0,0.00027333861105480607,0.4726384103873409,0.48559060409037397
0-1,1-0,0.000284318343897365,0.4325843773727234,0.5220888490630482
0-1,1-0,0.00028153998117973867,0.43911714795257967,0.5186643897924738
0-1,1-0,0.0002764472469855555,0.45341915195372995,0.5044877484533351
0-1,1-0,0.0002808411861337108,0.4446796784977878,0.5113474163541687
1-0,1-0,0.00027489848124066953,0.4565877359310059,0.5008434627861796
1/2-1/2,1-0,0.0002862202594509429,0.4181241200660715,0.5410454013599324
0-1,1-0,0.0002879947671655849,0.4045318269143023,0.5570388395802196
1-0,1-0,0.00028269194017615303,0.539802446495979,0.41967185176127936
0-1,1-0,0.00028598708906978055,0.5183982320599978,0.4368724305039699
1-0,1-0,0.00027418922837574197,0.46793701625786527,0.4918519820508431
1-0,1-0,0.0002781951854386027,0.4527456507039257,0.5028531163135951
1-0,1-0,0.0003085120274984917,0.38020124589690824,0.5779000699137614
1-0,1-0,0.0002751796565687179,0.45717235449894617,0.4992304935542002
1-0,1-0,0.0003284993499103893,0.5763330595488829,0.37775529028497284
0-1,1-0,0.0002779844349360425,0.4522773278878153,0.505139317297137
1-0,1-0,0.0002705842701388592,0.4596794848589467,0.5009343625368287
1-0,1-0,0.0003253933666165086,0.38268174866652976,0.5728259589929244
0-1,1-0,0.0002726581331970776,0.45961304336452735,0.5017333443797866
0-1,1-0,0.0002749989390080685,0.4951733465282258,0.46618115264910875
1-0,1-0,0.0002734459889373363,0.45835124568052915,0.5021455124064585
1-0,1-0,0.0002703987984642623,0.4755640195780275,0.48538685776070134
1-0,1-0,0.000272918915718896,0.4643081438076982,0.4969266245525582
1-0,1-0,0.00027067810380280305,0.5343950851816117,0.429062363338745
1-0,1-0,0.0002733524369697703,0.46313504756369045,0.49740491022626526
0-1,0-1,0.0008492441451463964,0.8024237382732337,0.15537478268415092
1/2-1/2,1-0,0.0002966427744217317,0.41529743719774004,0.5404157545040681
1-0,1-0,0.00027742683535880903,0.4499902615778959,0.5046161565713386
1-0,1-0,0.0002752650764017659,0.4515279064153677,0.508074629497135
0-1,1-0,0.00028751996399270085,0.4174669754331915,0.542102269432332
1-0,1-0,0.0002760471301224528,0.4363501539571972,0.5233576754373122
0-1,1-0,0.00027417237886251855,0.4631582175198588,0.4965122830602931
0-1,1-0,0.00030022846860262777,0.549082024120942,0.4092019396304169
0-1,1-0,0.00027582874982071815,0.43552342200936445,0.5260636157049369
0-1,1-0,0.0002768051082978415,0.44503410499385526,0.5152790552276104
0-1,1-0,0.0002733460815883371,0.45580428906694437,0.5054550669380229
0-1,1-0,0.0002692021736828558,0.4823310111453431,0.4788201486391494
0-1,1-0,0.00027436741836551326,0.4630941252586506,0.4953526719962837
0-1,1-0,0.0002843261406336001,0.43605436941721787,0.5188214075835702
0-1,1-0,0.00027675460039482336,0.4648501377051527,0.4929767226661453
0-1,1-0,0.0002808810660972682,0.5121216120103977,0.4480506563772406
1-0,1-0,0.0002826567017291556,0.4361735932824209,0.5216762639084079
1-0,1-0,0.0002714692242752105,0.4816999253806294,0.47900314720589376
0-1,1-0,0.00028043697654284904,0.43858323006626443,0.5190051278685375
0-1,1-0,0.00028053662615286194,0.4345858190533063,0.5242790268230954
1-0,1-0,0.00027307417423941553,0.45593444759330515,0.5041592877628926
0-1,1-0,0.0002690760846746045,0.49979129162172714,0.461855207394459
0-1,1-0,0.0003141163854179705,0.5594132443269306,0.39574342779532173
0-1,1-0,0.0002779869557177352,0.4415472584917105,0.5171955910718004
1-0,1-0,0.0002735278765729696,0.4646726042568551,0.4934211018845565
1-0,1-0,0.00027955251454014576,0.42854119461400286,0.5326237930649204
1-0,1-0,0.0002755317603007183,0.44984887662849166,0.5092849064702287
0-1,1-0,0.00028256201889457924,0.43520480583810245,0.522334586998245
1-0,1-0,0.0002830468269224396,0.4329227232086611,0.525561357267835
1/2-1/2,1-0,0.0002730303566195751,0.4272178065267915,0.5343764867554012
1-0,1-0,0.00027727510628715253,0.4566522699690498,0.5024824102029718
0-1,1-0,0.00027282657670904233,0.4796246666068525,0.48153062722234874
0-1,1-0,0.0002747176332401418,0.47973215454215057,0.47951270985152505
1-0,1-0,0.0003308211548445404,0.37182230588060033,0.5852566569170958
1-0,0-1,0.000391836800700565,0.6355116686524755,0.32152688176163724
1-0,1-0,0.000396921939804402,0.29491155463367213,0.6680712941086124
0-1,1-0,0.0002796342204087291,0.4322575171899106,0.5271649478389215
1-0,1-0,0.0003337818621773058,0.3650931552042308,0.5943206151249559
1-0,1-0,0.0002986227407608724,0.3982084611004289,0.5612922146719754
0-1,1-0,0.00030149997054253484,0.5512205753187962,0.4048217247412322
0-1,1-0,0.0002937039261748487,0.4099849180924126,0.5478585682517805
1-0,1-0,0.00027448091198312456,0.4966072679674535,0.4591077152765767
1-0,1-0,0.0002755409085366833,0.4602044399165001,0.4986695021030269
1-0,1-0,0.00027780655367466066,0.4473383213304175,0.5109093971608563
1-0,1-0,0.0002709089123180618,0.470546755448062,0.489197988890851
1-0,1-0,0.0002884314518390712,0.414303988827137,0.5438957827124611
0-1,1-0,0.0002763851905582814,0.445819635073475,0.5140246872922497
1-0,1-0,0.00030775092931777174,0.5495234111376227,0.4070931553114585
1-0,0-1,0.0004649436798056806,0.6778176904650314,0.2821119570687597
1-0,0-1,0.00040065687255662585,0.6390364477604629,0.3209843418110276
0-1,1-0,0.00027380674081006957,0.4674917949642923,0.4920395446502222
0-1,1-0,0.0002792286009338049,0.44679551243113425,0.5082552958138313
0-1,1-0,0.00027117180735146624,0.48635773183491265,0.47369000257970045
0-1,1-0,0.0002724416885688234,0.4803342214015929,0.4808856617313969
1-0,1-0,0.00028303609742019275,0.4393951013443213,0.5155663911837406
0-1,1-0,0.00027595837711036483,0.44984523696825857,0.5076378027818809
1-0,1-0,0.00028152699646834695,0.44419622024469635,0.51091051194924
1-0,1-0,0.0002782402676482195,0.4466639229145221,0.5120761769402169
0-1,0-1,0.00035574171516580046,0.6482247736575941,0.31232503268025735
0-1,1-0,0.00027483993964708006,0.49719120962265867,0.4638062738487535
1/2-1/2,1-0,0.0002874481522293697,0.564177931610962,0.39924236394230644
1-0,1-0,0.0002771965624230556,0.4234347245291391,0.5387645984026586
1-0,1-0,0.0002701886663907412,0.46192870549194914,0.499963591921957
1-0,1-0,0.0002781774619198011,0.4383351171864525,0.5204464032147107
0-1,1-0,0.0002800168141007158,0.44385003625223196,0.5137006811955078
0-1,1-0,0.00027364624719340724,0.4808150984813834,0.47877895675045795
0-1,1-0,0.0002751491482321211,0.43904722716830846,0.5225248084229992
1-0,1-0,0.00027621898477459824,0.4569407673952225,0.5015629140036546
0-1,1-0,0.000272662183752258,0.4530168693701975,0.5083210600968955
1-0,1-0,0.0002755946629940331,0.4133628298354528,0.5498393940586719
0-1,1-0,0.00029072813329250385,0.41677564568519593,0.5410349896886345
1-0,1-0,0.00027452869585199095,0.47814683363860067,0.48277378084781614
1/2-1/2,1-0,0.00028313397772290646,0.4135637533841821,0.5472491459620266
1-0,1-0,0.00026337158495866135,0.440545363678759,0.524258666328579
0-1,1-0,0.0002785679216083702,0.44308587313043796,0.5140945764899179
1-0,1-0,0.0002732618121606049,0.45435201101758793,0.5069924977834775
0-1,1-0,0.0002895590218203767,0.5273869403499359,0.43068421536683305
1-0,1-0,0.0003101872621571553,0.5548519462863809,0.4018831370674829
0-1,1-0,0.00026736330499647524,0.445942242684893,0.5135655332325378
1-0,1-0,0.00027731107169151403,0.4536272498028413,0.5036747085701911
0-1,1-0,0.0002793809575963754,0.42025653781570516,0.5417217615884728
1-0,1-0,0.000340955980288536,0.3228810118008741,0.6383189141779329
0-1,1-0,0.0002766044749221459,0.45552216231611586,0.5029703882541979
0-1,1-0,0.00027380145966757793,0.5677906669049947,0.39182159937020566
0-1,1-0,0.0002731690234278064,0.4780524903142791,0.4806697550696519
1-0,1-0,0.0002759756829573747,0.4910014895580204,0.4656032057549367
0-1,1-0,0.00027467098902580166,0.48042894187124713,0.4785190787062701
0-1,1-0,0.0002766491915217409,0.4362938944311171,0.5244684305269403
1-0,1-0,0.00027924997892450143,0.4477700919487863,0.5104126244403363
1-0,1-0,0.0002777484574853937,0.41841226437460527,0.5427328089937042
0-1,1-0,0.00027482999245010293,0.47731389792099616,0.4777169861494284
1-0,1-0,0.000268160506150744,0.43349913189875944,0.5292904495766629
1-0,1-0,0.00027314740529262813,0.4179809257815167,0.5451854475530152
1-0,1-0,0.0002753994644714245,0.464107957884404,0.49149865486693445
1-0,1-0,0.0002791478114087228,0.4396570824100144,0.5158444777081633
1-0,1-0,0.00027637118806471563,0.48944900309397876,0.46575347452389304
1-0,1-0,0.0002731748273118224,0.57111070699044,0.38202536591977204
1-0,1-0,0.0002779390020933532,0.4482853557718027,0.5105201708089544
1-0,1-0,0.0002811013092662299,0.4363336132734837,0.5224666207860348
1-0,1-0,0.00027248875889636435,0.48560201391406604,0.4759290041753585
0-1,0-1,0.0009130063369119431,0.8263997031485318,0.13070387988720852
1-0,1-0,0.00031293662802568,0.3832110141520829,0.5764283475290779
1-0,1-0,0.0002792273346331134,0.4451683719894215,0.5128403009865332
0-1,1-0,0.00027135798545903833,0.4795554764317392,0.48162374046008505
1-0,1-0,0.00027162746619406407,0.4833364181152199,0.4783103483992858
1-0,1-0,0.00027937532751509876,0.5037135246093988,0.4568045310872777
0-1,1-0,0.0002757133046342182,0.44103890648498334,0.5191588883722048
1-0,1-0,0.00027989956727421074,0.4495227197342188,0.5061497601269411
0-1,1-0,0.0002738014249922904,0.4660185216214741,0.4945521282904841
1-0,1-0,0.0002766424418609505,0.44323553307003766,0.5152538490254831
1-0,1-0,0.0002973677264416009,0.39982934574483675,0.559619690589424
0-1,1-0,0.0002823246345127803,0.43181226131449657,0.5261466304637777
0-1,1-0,0.00028475017752077245,0.4164157834645224,0.5429033026476009
1-0,1-0,0.00027873951632968226,0.44055659743792946,0.5177089032767181
0-1,1-0,0.00027407860434456774,0.45480012309322887,0.5063078538326279
1-0,1-0,0.000284756054907535,0.4285608454127973,0.5286675391575988
1-0,1-0,0.0002876004480649742,0.41605018670160343,0.5437452399679966
1-0,1-0,0.00031999152702089973,0.3874842840712378,0.5678994974496412
1-0,1-0,0.00027669940593367,0.449339540584213,0.5091719406242801
1-0,1-0,0.00027215930446718926,0.4861522937028021,0.4750270552554385
1-0,1-0,0.00028794207001726956,0.4210468490367837,0.5368337671303242
1-0,1-0,0.0002701444317670122,0.540886523010683,0.42760316091497225
0-1,1-0,0.0002786132610824595,0.504674380857371,0.4545225394668408
1-0,1-0,0.0002740615609472429,0.46771025836236435,0.49302123580954027
1-0,1-0,0.00026091337124273907,0.4554864936585179,0.5090243363230543
0-1,1-0,0.00027897415584139564,0.4311700337257499,0.5288650897000793
0-1,1-0,0.00027316573574145145,0.4435523297820052,0.5182360986741522
0-1,1-0,0.0002741425191205014,0.46034387182875497,0.5006452155408552
1-0,1-0,0.00027199683078709227,0.44924222146939374,0.5124661969103972
1-0,1-0,0.0003061425035361373,0.5920497673016716,0.3695795899428263
0-1,1-0,0.00027143890438673546,0.47412103423485447,0.4871662044917024
1-0,1-0,0.0002745702222317778,0.4548435060084251,0.5040664265871984
0-1,1-0,0.00027872498680558613,0.4495904364051281,0.5080082997791968
1-0,1-0,0.00027546890141722907,0.4756407260367755,0.4796742093915675
0-1,0-1,0.0005810991294652116,0.7312644759451054,0.2251169367373531
0-1,1-0,0.00027837637189038247,0.5045256563203002,0.45435665318333834
0-1,1-0,0.00027850685397219383,0.4335782670553125,0.5272963654783138
0-1,1-0,0.00028030318742279644,0.43792256598965135,0.5210869677161272
0-1,1-0,0.0002776555036507318,0.4549762566480518,0.5001011983879948
0-1,1-0,0.0002765093263997875,0.4499596872562094,0.5096638732076539
1/2-1/2,1-0,0.00028508293935493263,0.42885783702102603,0.5288388784607986
1-0,1-0,0.00031557005410675823,0.37769238065442406,0.5822623074469067
1-0,1-0,0.000288709751263782,0.42467489832429084,0.5321219433172354
0-1,1-0,0.00027479590867071684,0.45555361516481224,0.5050900957429105
1-0,1-0,0.00027259105946894803,0.46976821271357494,0.4908773983647686
0-1,1-0,0.00027917362213574436,0.4348430384228126,0.5254043249208294
0-1,1-0,0.0002711110204677773,0.47730980864167827,0.48429277172134955
0-1,1-0,0.0002745919864206863,0.46253753476808157,0.4977899374339517
1/2-1/2,1-0,0.00027169654278667887,0.4727720000805324,0.4882136175929748
0-1,1-0,0.00027435504050907336,0.45901437584543897,0.5009531883572856
1-0,1-0,0.0002739195807995709,0.48177339350701276,0.4736778983237864
1-0,1-0,0.0003870390684190742,0.3299531933289701,0.6264643761962213
0-1,1-0,0.000285309654182537,0.4063854887020813,0.5554946126345058
1-0,1-0,0.00027763657502740676,0.4499208944277047,0.5076359833485611
1-0,1-0,0.0002733780449606637,0.4828189046545168,0.4757236212253581
0-1,1-0,0.00027753854038929584,0.44783087629980023,0.5100068761349689
1/2-1/2,1-0,0.00027248171426551905,0.46271017509148044,0.49774047563319607
0-1,1-0,0.0002744622713660258,0.48389553164475807,0.475910369648676
1-0,1-0,0.0002732139052203099,0.4615308661330167,0.49818999136167985
0-1,1-0,0.0002786689382111473,0.4473562459529137,0.5086771899642893
0-1,1-0,0.00027383919999345144,0.4571736865983726,0.5025017701432317
1/2-1/2,1-0,0.00027499894308123603,0.4542797305929767,0.5029628441945407
0-1,1-0,0.0002746313983169449,0.46985073958267753,0.4851170912274142
0-1,1-0,0.00028036810896456835,0.4276837509323941,0.5334356622485404
1-0,1-0,0.0002732092062295119,0.48041675751473595,0.4757738655169134
1-0,1-0,0.00027316548172324085,0.45590478788331373,0.5047856530837291
1-0,1-0,0.00027263364474949424,0.4599231162829053,0.49951289356660833
0-1,1-0,0.00027844281285479915,0.49487524737727767,0.46213925758572205
1-0,1-0,0.00027493019846986966,0.46313571064649234,0.496542335391247
0-1,1-0,0.00027280224892542394,0.4468651883736897,0.5146372636790426
0-1,1-0,0.00027460746696883026,0.4399642587487143,0.5214425729353667
0-1,1-0,0.00027172936180109577,0.45685728364540373,0.5042106771843611
0-1,1-0,0.00026128228391197043,0.4553913665883965,0.5082960085160171
1-0,1-0,0.00027804247906569276,0.45377570486721996,0.5025091120032539
0-1,1-0,0.00028221023557712695,0.4273605613589975,0.532830744106133
0-1,1-0,0.00026972302277492087,0.4922843975307914,0.4662593375208263
0-1,1-0,0.0002820829695249743,0.4412199996777601,0.5136433023845217
0-1,1-0,0.00028695420352591895,0.5259401131132033,0.42909692332010085
0-1,1-0,0.0002755970717878273,0.4655548098643207,0.489704000327351
0-1,1-0,0.00028916041120317617,0.41075148402110057,0.5497120220670724
1-0,1-0,0.0002697749689313608,0.48479150357287726,0.4772161190719578
1-0,1-0,0.0004434789027407024,0.28901304773357744,0.6682393497320042
0-1,1-0,0.0002737251239203702,0.4449544327996449,0.5165849535426138
1-0,1-0,0.00027732835168203064,0.4537179286462984,0.5033995011784086
1-0,1-0,0.0002786801327442259,0.4232373104011358,0.5367453586359979
0-1,1-0,0.00027651025028001296,0.4532445879294849,0.5039091238099784
0-1,1-0,0.0002749359316131992,0.4513878543736126,0.5078818500341913
1/2-1/2,1-0,0.00027413467289518325,0.44556303547980985,0.5156986664452422
1-0,1-0,0.0002766062968615799,0.4668398536424378,0.48949819933591526
1-0,1-0,0.0002717411530693877,0.4410861886210318,0.5191417393291564
0-1,1-0,0.00027710516645714335,0.4510345096081575,0.5071524679489471
0-1,1-0,0.0002759657934477236,0.46587592656954335,0.4918439410169075
0-1,1-0,0.0002616610345705648,0.4651894542865211,0.49936846349134517
1-0,1-0,0.00032572163272289194,0.5720945729525593,0.3834157733744623
0-1,1-0,0.0002719128824213388,0.4973788233543729,0.46045596333434696
0-1,1-0,0.0002742877299932898,0.46491263491135715,0.49428112371530836
1-0,1-0,0.0002748792228894362,0.4595393182732433,0.49886890381334803
1-0,1-0,0.0002725134711730168,0.45773572268553486,0.5028039159958976
0-1,1-0,0.0002752184548874826,0.4515988845946311,0.5068302788191295
0-1,1-0,0.0002726525985752216,0.4627829837811382,0.4985128041629199
0-1,1-0,0.0002764034904481282,0.4585108962431332,0.49680331440264586
0-1,1-0,0.0002734163678480372,0.4649898386014815,0.49551194113035385
1-0,1-0,0.0002740462635378953,0.4588990882611974,0.49813982517787053
1-0,1-0,0.0002728469452383932,0.4590933246786862,0.5021594972073833
0-1,0-1,0.0003829697550345178,0.6261131695571565,0.3341145725212583
1-0,1-0,0.00028181667339992637,0.4443730861669754,0.5112622765540966
1-0,1-0,0.00034634492934005267,0.3203550398353944,0.6428789314932011
1-0,1-0,0.00027178947137128097,0.47090928100975304,0.4841618816710647
1-0,1-0,0.00027619556978469904,0.4443629032813252,0.5160354776078033
0-1,1-0,0.0002775542400339725,0.4383838388487587,0.5218353605704477
1-0,1-0,0.0002745083840489504,0.47126999345817716,0.4838265145506288
1-0,1-0,0.0002733360749122217,0.4230362343802433,0.5393471625275899
1-0,1-0,0.00028243179588316697,0.4300440587976176,0.5282945738982348
0-1,1-0,0.0002979849592808648,0.36391099582127884,0.5978527381841248
0-1,1-0,0.0002908066709437097,0.4124223400991959,0.5468872547945549
1/2-1/2,1-0,0.0002707579169969758,0.4370172692621499,0.5246321441296073
1-0,1-0,0.0002754034404803834,0.4310406721882385,0.5300137144888272
0-1,1-0,0.0002729530555444187,0.46969100768815286,0.4914876897425548
1-0,1-0,0.00028482133037259337,0.42900071204750906,0.5280240089915017
1-0,1-0,0.0002898687942092011,0.4265181610501047,0.528715227550432
1-0,1-0,0.00027444045320463694,0.48059964867719723,0.4766989643106174
1-0,1-0,0.00027703037190227845,0.4452830470870097,0.5125675496796762
0-1,1-0,0.0002848715971425501,0.4121415420024291,0.5493742674951023
1-0,1-0,0.00027553259388425323,0.463428031198587,0.49586862025503803
1-0,1-0,0.00028355128738661347,0.43859730824967713,0.5164212975960277
0-1,1-0,0.00027449197203536694,0.49398256009865316,0.46140651094001883
1-0,1-0,0.0002843792580085888,0.4305130861072547,0.527257578379117
1-0,1-0,0.0002739666278906808,0.4864646810678812,0.4681962348064941
0-1,1-0,0.0002858463335873359,0.4102940228599976,0.5508412841576998
1-0,1-0,0.0002732118031081476,0.45536833103541086,0.5052442754719616
0-1,1-0,0.0002628759731219429,0.44046584081539275,0.524231963927856
1/2-1/2,1-0,0.0002757486793510718,0.4303137904473897,0.5293959311401266
1-0,1-0,0.00027692837029675774,0.4368366297525577,0.5219054979155443
1-0,1-0,0.00028459011420437077,0.4236034393170311,0.5351073626123816
1-0,1-0,0.00029641287354001205,0.4122901008261798,0.5444397795706132
1-0,1-0,0.0003107716075620348,0.36549135023027485,0.596602927675928
1-0,1-0,0.0002856040627636283,0.5291482663135457,0.4309078346187097
0-1,1-0,0.00027322035958188246,0.4486005057687382,0.512958028973476
1-0,1-0,0.00027187030598132693,0.48693103040985386,0.4679300121470549
0-1,0-1,0.0010845070435899894,0.8868996768616356,0.06891111028574275
1-0,1-0,0.0002784459377881669,0.44839743625439316,0.5104041808863019
0-1,1-0,0.00028560242256419585,0.5263382065988277,0.4312658622192109
0-1,1-0,0.00028427876057551317,0.42712061135201357,0.5305921724313483
0-1,1-0,0.00027122502713602026,0.44808515426435236,0.5120064421120545
1-0,1-0,0.00026923344200995524,0.45408036538991386,0.5081977530327351
0-1,1-0,0.0002729612910727012,0.45032031716220855,0.509746284596431
1-0,1-0,0.00027255078121783476,0.47463184845941886,0.48664014449948706
0-1,1-0,0.00027592242250897654,0.4637166447568943,0.494458131774316
0-1,1-0,0.00027020710813523857,0.44859239988239236,0.5128539520873947
0-1,1-0,0.00028322737384613237,0.42297197896471145,0.5357364402884099
0-1,1-0,0.0002706517406850951,0.4566753785930245,0.5041117510177436
1-0,1-0,0.0002738112607865165,0.45466060465057795,0.5065402229683516
1-0,1-0,0.0002632058633114384,0.4684067435347925,0.4950474822878442
1-0,1-0,0.00027750990518372876,0.4494113535612722,0.5105211073751255
1-0,1-0,0.0002732420546621679,0.477009040217712,0.4775867351220007
1-0,1-0,0.0002766433829797516,0.4615292822831477,0.4966314606487372
0-1,1-0,0.00028480014771250654,0.5241832287056082,0.4317870494267579
1-0,1-0,0.00027362772030892083,0.44609132626055736,0.5129257531972619
0-1,1-0,0.0002847300254703761,0.4157311599758917,0.5450788517449109
0-1,1-0,0.0002758149197653727,0.45270052824265583,0.5068898742806589
0-1,1-0,0.00027674488803957877,0.43181991023064525,0.5295212057198188
1-0,1-0,0.0002740040240522091,0.44161963422495576,0.5199959114354425
1-0,1-0,0.0002840119143316722,0.42705693323251104,0.5318440322317786
1-0,1-0,0.0002873284511346377,0.40699559717245853,0.5531553871840389
1-0,1-0,0.00028581703333269674,0.43337537928692027,0.5227451155922153
1-0,1-0,0.0002751023474237636,0.4819465643543999,0.47564463216752734
1-0,1-0,0.0002778427730855567,0.4471558286571543,0.5128614247043548
1-0,1-0,0.00027584516941238417,0.4759357149332224,0.4820023104580691
1-0,1-0,0.0002816823711722749,0.4259584372881281,0.5332801587794069
1/2-1/2,1-0,0.0002725652806438653,0.4819820122456918,0.472044549040625
1-0,1-0,0.0002802179834766317,0.4399623687918684,0.518433063041562
1-0,1-0,0.00028157552108336266,0.4347614672849136,0.5229063173434657
0-1,1-0,0.0003186004021859753,0.373112069135932,0.5862207026332127
0-1,1-0,0.0002783103512639755,0.4440836864821915,0.515065083537689
1-0,1-0,0.00029519654349307716,0.5378946134446914,0.42048738286749066
1-0,1-0,0.00027518217299775545,0.4686276607378593,0.4902931959033382
1/2-1/2,1-0,0.000306160414565609,0.5559487382794631,0.3987385836934288
0-1,1-0,0.0002815025329362134,0.424617592023947,0.535440326389276
1/2-1/2,1-0,0.00027470195878008096,0.4709195752054284,0.4850747498793469
1-0,1-0,0.0002789086013374949,0.4204479412387517,0.5398555933580795
1-0,1-0,0.0002780010368146616,0.44134385463998566,0.5172070948095773
1-0,1-0,0.0002913091517333379,0.40620025941356347,0.5537992893123143
1-0,1-0,0.00027222069577924535,0.4521406315692143,0.5086799704676788
1-0,1-0,0.0002754112497777209,0.4485099178837778,0.5115815191469438
1-0,1-0,0.0002759460653523016,0.4544167253321982,0.5050954589186627
0-1,1-0,0.0002711745365028132,0.4618225503818981,0.49965198301424685
0-1,1-0,0.0002752376111697107,0.4664699457275084,0.4886654155584907
0-1,1-0,0.00027545871915823255,0.44621465749809447,0.5147320727859261
0-1,1-0,0.00027582276062200706,0.4802751356086837,0.47722381266683495
1-0,1-0,0.0002750524588596553,0.4821043024214088,0.47401585310152333
1-0,1-0,0.00027686425910615275,0.49478254442342645,0.46211468962494
1/2-1/2,1-0,0.0002722246993544883,0.48528130012775444,0.4749801429990929
1-0,1-0,0.00027287064069917756,0.47607753004851794,0.47880858925414926
1-0,1-0,0.0002775676961308779,0.44565429402064677,0.5136295971058178
1-0,1-0,0.00027636938141723503,0.43746329824646696,0.523545520128256
1-0,1-0,0.00027352119527568894,0.4587880201874415,0.5023372840720483
0-1,1-0,0.00027357358176503067,0.4677997664199861,0.48701442113300564
0-1,1-0,0.0002731451034247622,0.4575192033910652,0.5013300556050329
1-0,1-0,0.0002816458345326496,0.4372541113290433,0.5203922831644138
0-1,1-0,0.00027757163331597307,0.45529599989740094,0.5029576308408157
0-1,1-0,0.00027164650497783283,0.45898641462526196,0.49996387722693486
1-0,1-0,0.0002740336554109456,0.4878622434744232,0.472867727713344
1-0,1-0,0.00027241907178590695,0.45548070011301617,0.5054484186781525
1-0,1-0,0.00027280544397698656,0.45633780505187305,0.5043477557312476
1-0,1-0,0.00026534399491801464,0.4811546483989141,0.4843808767627141
0-1,1-0,0.0002758066524057742,0.44951436057941224,0.5088018698777957
1-0,1-0,0.0002731139708939553,0.4552201532743587,0.5044255059350681
0-1,1-0,0.00027017875537243646,0.4681801080025302,0.49311179271833533
1-0,1-0,0.0002762797194135409,0.4542519800710594,0.5035814658502191
1-0,1-0,0.00026788365553883823,0.4833441814329861,0.4755057799529599
0-1,1-0,0.0002823095258358853,0.42004003222990566,0.5412286642271443
1-0,1-0,0.00030005623154594446,0.3829784310192914,0.5785287526093443
0-1,1-0,0.00027324501399331126,0.47931649391134956,0.4753692028201855
1-0,1-0,0.0002725347189411178,0.5199656196067743,0.443555302309586
0-1,1-0,0.00027258503119403145,0.4704755775408914,0.48962843261494676
1/2-1/2,1-0,0.0002800189218204975,0.441568455861087,0.5151379213164682
0-1,1-0,0.0002808785884160379,0.44280627204618095,0.5144181906557553
0-1,1-0,0.000277223856162762,0.4568361655379912,0.5021103576947161
0-1,1-0,0.0002710577217383904,0.4729599885840052,0.4885811220609194
0-1,1-0,0.0002759294085355218,0.463783389384765,0.4930231432970525
1-0,1-0,0.0002812632147196814,0.4250256677111478,0.5336133405337012
1-0,1-0,0.00027470783232763223,0.45873198642760893,0.499276386225715
1-0,1-0,0.0002818311513688066,0.4384007804575871,0.5193734298408287
1-0,1-0,0.0002841232219761217,0.4327582115498146,0.5252753264646273
0-1,1-0,0.0002844982333876696,0.4318523351620364,0.523978509043534
0-1,1-0,0.00027658938968234796,0.4654826352856077,0.49224813133141593
1-0,1-0,0.00027680761217349257,0.4501823009360715,0.5076014290018063
1-0,1-0,0.0002758925620885743,0.45740232757524013,0.5017514529539541
0-1,1-0,0.0002707137193331243,0.4914131005957914,0.4638447124221359
1-0,1-0,0.0002758302623507864,0.43973946919419643,0.5212238221344747
0-1,1-0,0.0002724995002528998,0.4839460088386224,0.47747556372036787
0-1,1-0,0.00027324511101466564,0.47992759271260743,0.480899684945662
0-1,1-0,0.0002734881214975793,0.4926569866393954,0.4687130525927754
1-0,1-0,0.00029684666153906834,0.4100776775263517,0.5469397272417507
0-1,1-0,0.0002840951062357669,0.42438839591102345,0.5347895725907699
1-0,1-0,0.00027341438330774967,0.45051301666306987,0.510868614103813
0-1,1-0,0.00028880757134809907,0.4092616070363353,0.5512135412356571
1-0,1-0,0.00027956754955269495,0.5048349714457856,0.45361396808033805
0-1,1-0,0.0002744196315155704,0.4478747324615005,0.5131903381735762
1-0,1-0,0.0002738366932360969,0.445717610545543,0.5158255426285494
0-1,1-0,0.0002795033248248195,0.4456053546647426,0.511879121783161
1-0,1-0,0.0002760656512772518,0.45987752431799056,0.4976742256123436
0-1,1-0,0.0002799576631577065,0.42812212671505984,0.5310488141183802
1-0,1-0,0.0002771489150161871,0.452454724458206,0.5044747810008393
0-1,1-0,0.0002739497713801039,0.4691502579942926,0.4911828932733534
0-1,1-0,0.0002749871727423717,0.49980297633510895,0.4616391990022941
1-0,1-0,0.0002766497121105848,0.4481547154616581,0.5102167887123328
1-0,1-0,0.0002907090430230486,0.4058864060396525,0.5550349017319396
1-0,1-0,0.00027731988983488296,0.44133342009746124,0.5192596927925548
0-1,1-0,0.0002741715540581677,0.43809639847137116,0.5218604171341628
1-0,1-0,0.000294070077320889,0.4066449425613964,0.5521802529078856
0-1,1-0,0.0002699839733813388,0.4270100409927166,0.5363683253671422
1-0,1-0,0.0002675448935659651,0.4378091130918215,0.5252184584907185
1-0,1-0,0.00027449151395597497,0.48847162379715287,0.46630102073677515
0-1,1-0,0.00027598664305229147,0.4447683008737008,0.5152352074809871
1-0,1-0,0.00027697395130844534,0.4377125077883088,0.5233077070298404
1-0,1-0,0.0003113906521592179,0.3829522659765449,0.5762413267650555
0-1,1-0,0.0002772932139291876,0.45336660081921093,0.5033440121398706
1-0,1-0,0.00027502306413311467,0.45771031734787454,0.5006622090137988
0-1,1-0,0.0002796784220367492,0.4358358006625962,0.5221420288730438
1-0,1-0,0.00028158620208222423,0.42004397026730816,0.5393420435872041
0-1,1-0,0.00027095156551367616,0.48739717903563123,0.47048355066594383
0-1,1-0,0.000276341274527159,0.46217871330538407,0.4956832429963081
1-0,1-0,0.00028755749618534517,0.5263669399651254,0.4323677557396616
1/2-1/2,1-0,0.00029570532478145905,0.5422036717199882,0.41453189665411744
1-0,1-0,0.0002790460293749163,0.43535495937527957,0.5248369651289357
1-0,1-0,0.00027760512148737316,0.4492961537112708,0.5106256706169421
1-0,1-0,0.0003265514748097326,0.4075331637369906,0.5513401637524559
1-0,1-0,0.0002884230112070096,0.4280275727646231,0.5278932837246101
0-1,1-0,0.00026153358529420654,0.48755226846399924,0.4817998951105594
1-0,1-0,0.0002737872930392952,0.4459061706723647,0.5134159630977154
1-0,1-0,0.0002837496697896021,0.42776764006792906,0.5307174666706609
1-0,1-0,0.0002853367443458469,0.42832305026972317,0.529375704528404
1/2-1/2,1-0,0.0002707170148662621,0.4396860703568929,0.5228832746094589
1-0,1-0,0.00027369775853747387,0.45839504880709303,0.5018915333382028
0-1,1-0,0.0002764233509367309,0.458529389540182,0.5003497271266092
1-0,1-0,0.0002704434468732941,0.4605663061656165,0.5012887529892357
1-0,1-0,0.0002777574239388483,0.4348590358601063,0.525267825841857
0-1,1-0,0.00027429846802360926,0.44978692349366783,0.5113276562997429
1-0,1-0,0.00027307488308205827,0.46104068755246397,0.4984716090809099
1-0,1-0,0.0002718008110619919,0.456682071695948,0.5045775800836377
1-0,1-0,0.00027969486892473965,0.45012974743745,0.505589908703037
1-0,1-0,0.0002762642268347933,0.45116580970064424,0.5061413867127091
1-0,1-0,0.0002647807179231458,0.45701457118195066,0.5061090900831059
1-0,1-0,0.0002645552005012781,0.47347491943329534,0.48932233260000957
1-0,1-0,0.0002736177268111305,0.4956018233120863,0.4608498785667421
1-0,1-0,0.0002714797309632832,0.47586884712057814,0.48517890432417227
1-0,1-0,0.0002647611591330073,0.44487974621169246,0.5188598320893898
0-1,1-0,0.0002747343015852481,0.4459133021476908,0.5151463058187441
0-1,1-0,0.0002755539332667811,0.45421418275880004,0.5047082022928894
0-1,1-0,0.0002734215052586576,0.4594327240548782,0.4991316613505184
1-0,1-0,0.0002715523013977143,0.46000277599854933,0.5008435096180992
0-1,1-0,0.0002865341346275691,0.4201711950349773,0.5389978611048868
1-0,1-0,0.00027509017006988317,0.5005199810154298,0.45872855902120135
1-0,1-0,0.000454554913284065,0.25826909184143104,0.7035070308881267
1-0,1-0,0.00029860411882120873,0.38922851635603944,0.5718852931178783
1-0,1-0,0.0002726774939570035,0.47491212486093387,0.48248853745362724
1-0,1-0,0.0002803264883739807,0.44279427564184853,0.514286793524387
1-0,1-0,0.0002843275078269093,0.43646550968369496,0.5193066501969634
0-1,1-0,0.0002950280728382544,0.5383092638069146,0.42191236352412226
0-1,1-0,0.000273335947190097,0.4450019538566557,0.5165869835024194
0-1,1-0,0.0002775472823290462,0.45100740365947645,0.507514196552081
1-0,1-0,0.0002751800790636973,0.440971948891448,0.518570918590221
1-0,1-0,0.0002902153890864069,0.417726592308357,0.5384485176643132
0-1,1-0,0.0002889503597389651,0.5320062307994329,0.4291414383403973
0-1,1-0,0.0002783837405681982,0.4486240109994017,0.5094502315713294
0-1,1-0,0.00027311766293813496,0.4725787200227113,0.488580592308248
0-1,1-0,0.00027563169371405254,0.4601018858674681,0.49444427899001964
0-1,1-0,0.000293284060828341,0.4056524065705184,0.5534449859302802
1-0,1-0,0.000279297898616685,0.44477085903874336,0.5137097280458613
1-0,1-0,0.00027096964372695567,0.4852980710441961,0.47428075865025426
1-0,1-0,0.0002741217194581353,0.4602349597060281,0.500486003378698
1-0,1-0,0.00027479783902827944,0.4613484390497391,0.4985833723323063
1-0,1-0,0.0002823372809761822,0.5178422736409666,0.4366261813500792
1/2-1/2,1-0,0.00027315047916909145,0.46749256785385784,0.4912826830448214
1-0,1-0,0.0002765368248061349,0.45566353611406907,0.5028693182436575
0-1,1-0,0.0002780895335913197,0.4451622258269196,0.5142618163478295
0-1,1-0,0.00027191857146366215,0.48236140278653067,0.4717487924424265
1-0,1-0,0.0002862913293877444,0.4309509297623265,0.5248236458602978
0-1,1-0,0.00027323181650305736,0.46755715061551,0.4880000696846958
1-0,1-0,0.000270051766161866,0.4730849988286705,0.483181064847056
0-1,1-0,0.0002768889061591393,0.43712521532704635,0.5240545319332678
1-0,1-0,0.0002784120935123003,0.4480813139301516,0.5092803576982488
0-1,1-0,0.00027493455105832593,0.44818623793839035,0.5112699783069956
1/2-1/2,1-0,0.0002707310501263067,0.4617520666057323,0.4999073642596822
1-0,1-0,0.00027295613647554336,0.4550741912981688,0.5056144821407113
1-0,1-0,0.00028262655348145773,0.43378766127461416,0.5248730442676176
0-1,0-1,0.0004881099605684924,0.6868705473262116,0.2727179343268531
1-0,1-0,0.0002752861295344076,0.4918511872065145,0.4656027751971221
1-0,1-0,0.0002900975541064053,0.417571312681178,0.5399615092537633
0-1,1-0,0.0002755419727385634,0.4468553023382433,0.5141297260514797
0-1,1-0,0.0002771386268778805,0.4806901726087923,0.476812184672497
0-1,1-0,0.0002829719486319305,0.42435773488064676,0.5360269469717613
0-1,1-0,0.00028492281010081527,0.4265075627775109,0.5319195229941319
0-1,1-0,0.00027190362547713486,0.4521460599859989,0.5036516195337833
0-1,1-0,0.0002745315904188804,0.4494351376030206,0.5102074596195891
1-0,1-0,0.0002743107864421966,0.4783536527939299,0.4823945382000955
1-0,1-0,0.00027665180461829787,0.433793922184494,0.5266664244585841
1-0,1-0,0.0002870274961867727,0.4216638667002034,0.5365964608350597
1-0,1-0,0.0002711106078183251,0.4233142075343774,0.5407499850445862
1-0,1-0,0.0002803702386393719,0.4415007326938465,0.515978554889746
0-1,1-0,0.00027743682964995257,0.440267201814582,0.5199983387943858
0-1,1-0,0.00027507379433618887,0.46704238158398487,0.49097759073667563
0-1,1-0,0.00027569233172561954,0.48851673281886493,0.4665445355039487
0-1,1-0,0.000275463267840801,0.4662355452312306,0.48872514235071135
0-1,1-0,0.0002809103874471045,0.4339573502848936,0.5245597443647286
0-1,1-0,0.00027432880340520327,0.4934755591577915,0.4679368492034979
0-1,1-0,0.00027349065217201424,0.4838704762530145,0.4773087117998817
0-1,1-0,0.0002752909370889943,0.44405458801590053,0.5169893858314346
1-0,1-0,0.0002620337538722374,0.47055002461492323,0.4965453173542102
1-0,1-0,0.00027316517748462966,0.47054156808139014,0.48834939908280045
1-0,1-0,0.0002762503119778374,0.4501349269424867,0.5077961052720495
0-1,1-0,0.0002749733085853715,0.46875487549350187,0.4885440631998611
1-0,1-0,0.0002721999007865424,0.4449985329723748,0.5151456086838744
1-0,1-0,0.0002799604459622432,0.44078493593711876,0.5167148102025699
0-1,1-0,0.00027611622143976146,0.45077313039090877,0.5074921482134968
1-0,1-0,0.00027616104990316783,0.43692411299470096,0.524532576949532
1/2-1/2,1-0,0.0002755545839237392,0.45002849519434945,0.5092122930959805
1-0,1-0,0.0002739187523640351,0.4800997736860071,0.47467165410840595
0-1,1-0,0.00028066367084948686,0.4230070805661121,0.5384225721937032
0-1,0-1,0.0005839738108592414,0.7405831039582935,0.21881645180876078
0-1,1-0,0.0002823310416811766,0.4330388181935288,0.5232016390555363
1-0,1-0,0.0002722467211976922,0.47545198718496456,0.48501293321901484
0-1,1-0,0.0002992753499029993,0.4078421501556153,0.5490259586501725
1-0,1-0,0.0002712302804607496,0.5020588104288171,0.4591681939970686
0-1,1-0,0.00028176651427256477,0.41677854073101966,0.5433124942944945
0-1,1-0,0.00027940529552478204,0.44437514392518623,0.5138247347913245
1-0,1-0,0.0002770648529944558,0.4298001955608849,0.5313597591047372
1-0,1-0,0.00027303428290433506,0.46306743569123904,0.49814858841249887
0-1,1-0,0.00027414068067002515,0.4735452343374643,0.48566857062014
1-0,1-0,0.0002783374895762109,0.4423318192635009,0.5161987937846539
1-0,1-0,0.0002776893643777747,0.43508307438107424,0.5258027511002329
1-0,1-0,0.000278934962441237,0.4403570040852164,0.5178988206180638
1-0,1-0,0.00027087095697052684,0.46442582490332734,0.49236791318110257
1-0,1-0,0.00027973942024592854,0.433631925847151,0.5267618896083986
0-1,1-0,0.0002713895474257705,0.45761984706938896,0.5040474619825599
1-0,1-0,0.00028594534707318645,0.5359807037625087,0.4242750996091402
0-1,1-0,0.000282099397841533,0.5146857450541372,0.44555855708905034
1-0,1-0,0.0002790781180951656,0.43656961025752494,0.5217267001142077
1-0,1-0,0.00027664208899372955,0.5259885225345019,0.4371167048455426
0-1,1-0,0.00027352173389496757,0.45612449948755107,0.5032295462073305
1-0,1-0,0.00030763790993124253,0.3942215647525667,0.5660224585820226
1-0,1-0,0.0002757951002406385,0.45343672101062243,0.504295809488435
1-0,1-0,0.0002747755582640225,0.45081994223185756,0.5092649961772288
1-0,1-0,0.0002730755070367903,0.444584679108257,0.517181886135
1-0,1-0,0.00027709522111428247,0.4553574011606567,0.5009723993525242
0-1,1-0,0.00027192755861767684,0.45687302810791247,0.5037753437546684
1-0,1-0,0.00027731857902832873,0.45563237289109865,0.5019777421386877
1-0,1-0,0.0002798748664356887,0.40796438876076774,0.5545968350808221
0-1,1-0,0.0002793218468165913,0.4399595537250301,0.519115124849348
0-1,0-1,0.0009357391083350671,0.8215706507609182,0.1343672572172414
0-1,1-0,0.00027602948761339753,0.4713591476298879,0.48695877621750905
1-0,1-0,0.00026120834409743406,0.45525288586928475,0.5146832049938352
0-1,1-0,0.0002751200718181097,0.49346494838295324,0.4673993448152938
1-0,1-0,0.0002804526599546269,0.4267481358222679,0.5344354489243648
1-0,1-0,0.0002745786582841103,0.46155494962634824,0.49375556897335793
0-1,1-0,0.0003467667513726881,0.32711522010070615,0.6354039276765786
1-0,1-0,0.0003357995569646004,0.5800739944423138,0.3761531200668695
0-1,1-0,0.00027880525993520305,0.4425972708921756,0.5151161113181597
0-1,1-0,0.0002800474943888417,0.42679195108879586,0.534082121453649
1-0,1-0,0.00029432996976517785,0.4044760064861083,0.5541792323255892
0-1,1-0,0.0002760013970404131,0.45935701099619497,0.49753924182531195
0-1,1-0,0.00029534338220974985,0.4181525441016857,0.5372383912457164
1/2-1/2,1-0,0.0002768704551912525,0.4436044666955409,0.5153657420839017
0-1,1-0,0.00027704912946009,0.45522427740721005,0.503131763556921
0-1,1-0,0.0002788176557147526,0.5088293801554414,0.45242325737316436
0-1,1-0,0.00027513214735589553,0.46195049172897346,0.4958035899549807
0-1,1-0,0.00027990184802680046,0.44257292643195234,0.5159500553137689
0-1,1-0,0.000270685265240517,0.47396358928182425,0.48762265988567366
1-0,1-0,0.00027666677412783487,0.4530763208270891,0.5045467359746436
0-1,1-0,0.0002716096631068969,0.4662882166928095,0.4935158867385262
1-0,1-0,0.0002699222561967713,0.4861712504198873,0.4715304593615463
1-0,1-0,0.0002741229747537052,0.4733078734375613,0.4815034119828795
1-0,1-0,0.0002887398398841567,0.41585779723157146,0.5436284809967707
1-0,1-0,0.00026934772913142534,0.4685153667570015,0.4879795363574727
1-0,0-1,0.00032289181929828206,0.619902583543135,0.342274843010003
0-1,1-0,0.0002797191285895224,0.43916358419620766,0.5188557490935153
0-1,1-0,0.0002763755146034848,0.4399640956093846,0.5212547783142165
0-1,1-0,0.00028032755772599833,0.44051899609511375,0.5171546125847919
1-0,1-0,0.00028538619646165233,0.42756808142872615,0.5298764595880393
1-0,1-0,0.0002704549707835658,0.4598784401322176,0.5019538328735329
0-1,1-0,0.00027593544858973496,0.45366308583281983,0.5044984180663724
1-0,1-0,0.0002765180531552737,0.44452597119367804,0.5149650198991532
0-1,1-0,0.0002726853680832315,0.47786813463326544,0.4834017925723252
1-0,1-0,0.0002745947179022759,0.4944123365254978,0.46055121415571626
0-1,1-0,0.00027587429269736185,0.49650204854727825,0.4640979561259947
1-0,1-0,0.0002749391032027053,0.43745595475728644,0.5242425494357993
0-1,1-0,0.0002793798017967193,0.4466663657648266,0.5109276424635806
0-1,1-0,0.00027212713217318065,0.47764502567751765,0.477268440270529
0-1,1-0,0.00028941889580634105,0.41766274278759663,0.5401275536029211
0-1,1-0,0.0002768938050521716,0.43753882185602055,0.5222793928699342
1-0,1-0,0.0002743558176314208,0.48215604443118026,0.47591874730024863
0-1,1-0,0.0002702591659393067,0.47840756859986094,0.48281017403156484
0-1,1-0,0.00027998170418390943,0.4409953418161638,0.5181057777520539
1-0,1-0,0.0002725275996110601,0.4558457153002825,0.5055111279718111
1-0,1-0,0.0002730152796148673,0.450500380337634,0.5109941704621229
0-1,1-0,0.00027556554823675024,0.4930510133749648,0.4617380076182053
1-0,1-0,0.0002771266628440611,0.5066042445971665,0.448794045797921
0-1,1-0,0.0002758123643371667,0.4546212495533176,0.5047965821740541
0-1,1-0,0.0002966953629256505,0.4058207208235676,0.5525484391860158
1-0,1-0,0.00027569126264997366,0.4594018094109976,0.4991335465552396
0-1,1-0,0.0002835711735224292,0.4151032094229326,0.5445660411858743
1-0,1-0,0.00027829115354929216,0.43074989449225226,0.5306236176053621
1-0,1-0,0.0002689098419465376,0.44433421674033535,0.5166503949279488
0-1,1-0,0.0003252589606294199,0.37608089394830563,0.581252327053623
1-0,1-0,0.00027874403004659015,0.4371062767640559,0.5227077779606205
0-1,1-0,0.00028374863982543667,0.42325111692098305,0.5352841342346579
0-1,0-1,0.0003424732226574144,0.6076069161764759,0.3514534863655221
0-1,1-0,0.00027071771926056215,0.46400614085913006,0.49520507335781117
0-1,1-0,0.00028204827841798443,0.5143513642449524,0.4459543446471562
1-0,1-0,0.00027765958970223044,0.4567289692426795,0.4989080749348393
0-1,1-0,0.0002755880550096767,0.4629303692498522,0.4938730757868507
1-0,1-0,0.00028044258705208527,0.4422275967150009,0.5154147024748504
0-1,1-0,0.00028799377067859755,0.41647736255563195,0.542267844408805
0-1,1-0,0.00027714781110481823,0.4593685637063346,0.4957079172844165
1-0,1-0,0.0002706451460856182,0.47088329297816184,0.49021769387112596
1-0,1-0,0.0002741665240868794,0.4589887719659869,0.4996378036429472
1-0,1-0,0.00026998027530323183,0.4611167723738477,0.500835090504363
1-0,1-0,0.00027235473657766387,0.45949436577175173,0.4996292118369923
0-1,1-0,0.0002717814361537635,0.48238148955724697,0.47894995442541677
1-0,1-0,0.0002780448016094265,0.45163273025420764,0.5057367138551748
0-1,1-0,0.0002797443605272271,0.4430941329474065,0.514749321415814
1/2-1/2,1-0,0.0002748319029733669,0.47556753572411853,0.4810472075870772
1-0,1-0,0.00027838963193326514,0.43093573587734124,0.5297520386725085
0-1,1-0,0.00025939031571882865,0.4792995682440912,0.48552848130850323
0-1,1-0,0.00027960368713066624,0.4456592100097995,0.5128960333699328
1-0,1-0,0.00026403209152489816,0.4707817323640995,0.49645966760172877
0-1,1-0,0.0002742024039965485,0.4739744403023967,0.48691095639721926
1-0,1-0,0.0002698499107410063,0.46186612560624685,0.49575840721150466
1-0,1-0,0.00028985774175115505,0.4040120073878276,0.5567544464640173
1-0,1-0,0.0002781415663422976,0.4562003126964876,0.49960132984325195
0-1,1-0,0.00027436025204565927,0.45942020554694735,0.4980025704748903
0-1,1-0,0.00027861168536018663,0.44844715292951753,0.5076542956670212
0-1,1-0,0.0002763802504404674,0.47340655118241093,0.48399910967765425
0-1,1-0,0.0002694140555212554,0.4612230342677607,0.5007728842300077
1-0,1-0,0.0002825625070344916,0.42597876096424514,0.5346348298033522
1-0,1-0,0.0002715016135419314,0.4639194327510929,0.4948740416873001
1-0,1-0,0.00027148616094263827,0.447619642510961,0.5143822959021103
1-0,1-0,0.00029508165286009264,0.39409090530906654,0.5634968810799713
1-0,1-0,0.00027652843748488226,0.5123217230973793,0.44391226105570797
0-1,1-0,0.00028952380365566087,0.418400807067971,0.5396063400854924
1-0,1-0,0.00027315605791966016,0.4772921072703833,0.47837165741186527
0-1,1-0,0.0002769499683976036,0.4518454773936024,0.5077368111179148
1-0,1-0,0.000270752933889236,0.46376072891485537,0.4974137048976747
1-0,1-0,0.00028055962739045946,0.4392063009700523,0.5197434882474186
1-0,1-0,0.0002762432427436713,0.45492563607118197,0.5025368567507897
1-0,1-0,0.00027483926309275936,0.4442410407045712,0.5171281561941431
1-0,1-0,0.00027385681906495735,0.4871047372230025,0.4712994747234008
1-0,1-0,0.0002816678800591273,0.4188324437905935,0.5427275453279133
1-0,1-0,0.000372486796124354,0.31431580776663465,0.6465794655182285
1-0,1-0,0.00034372969457371286,0.3500324141160405,0.6089695082076023
0-1,1-0,0.00027351623434361376,0.4272562876035805,0.5351291347782337
0-1,1-0,0.00026930740071156434,0.46840267801844215,0.4936086954403964
1/2-1/2,1-0,0.0002859488811443409,0.42565472085141565,0.5325045395872052
0-1,1-0,0.00027830784941626214,0.44203104764412593,0.5171770838326671
0-1,1-0,0.0002787479680613597,0.4459728239914404,0.5122652932007491
0-1,1-0,0.0002770115634500394,0.43820438869049494,0.5229409195607901
1/2-1/2,1-0,0.00027314714135097325,0.49093320660710615,0.4692729492279388
1-0,1-0,0.0004025313605553427,0.28418402976556806,0.6784237728186396
0-1,1-0,0.00031672634435599503,0.5710238729146349,0.38837079357196347
0-1,1-0,0.00028150696055198783,0.4175193027096317,0.5424661850367024
0-1,1-0,0.00027412339485625417,0.46353362406653065,0.49578794234046886
0-1,1-0,0.00027286208005533917,0.46912974302715993,0.4920937413082915
0-1,1-0,0.000276225602405761,0.4438821615723757,0.5169191881357351
1-0,1-0,0.00027910224716589337,0.43398619239198366,0.5264779790008733
0-1,1-0,0.000272732477060673,0.4792534683309076,0.48013218778407213
1-0,1-0,0.00027468215286890893,0.4535010157464482,0.5072474902570269
1/2-1/2,1-0,0.0002814992245721875,0.4369799669324632,0.520328743323186
0-1,1-0,0.00027847910388633897,0.4508004404028344,0.5073836636906615
1-0,1-0,0.00027390645786673056,0.4532126214493637,0.5077191501874421
1-0,1-0,0.00027457641711517395,0.46541465800761905,0.4898883245128098
1-0,1-0,0.00027836041194283326,0.43257805715243386,0.5286333178726477
0-1,1-0,0.00027070431185684355,0.42186324574284184,0.5417988528617557
1-0,1-0,0.00027411217593920024,0.4562581396483769,0.5033476125545534
1-0,1-0,0.00027491288453399785,0.46428762262461293,0.49368961562844516
0-1,1-0,0.0002720471019083428,0.45215411947073386,0.509385539659805
1-0,1-0,0.00027760677367757644,0.44151162192556864,0.5189209668019662
0-1,1-0,0.00027861043552879694,0.4493405209606265,0.508646251152638
0-1,1-0,0.00027314487170924815,0.48273512992962686,0.47656609843982967
0-1,1-0,0.00027253128512975136,0.46714088919923735,0.49404676070709524
1-0,1-0,0.0002748693583093505,0.4386159921151159,0.5229717346294441
1-0,1-0,0.0002752664382311592,0.45555168109831573,0.5045095550709892
0-1,1-0,0.0002704359339810445,0.4585116119006791,0.5016990242507541
1-0,1-0,0.0002576084071891257,0.47092729956582885,0.4938359077225535
0-1,1-0,0.0002736486258608725,0.4416408785813742,0.5188510270480788
0-1,1-0,0.0002854008301155752,0.41375447581783953,0.5472919615383621
1-0,1-0,0.0002820654320866286,0.4369809779897179,0.5208011118556276
0-1,1-0,0.00026319669766695046,0.43468929152958,0.5313304212853147
1-0,1-0,0.0002763896817431307,0.4879506536532577,0.47047185943247155
1/2-1/2,0-1,0.000335752340827541,0.6035815226356034,0.35363886556896196
1-0,1-0,0.0002746253116337704,0.4463142953428775,0.5148307747614695
1-0,1-0,0.0002786215400044656,0.45093848574776757,0.5040047909275723
0-1,1-0,0.0002788828310237059,0.5028263052527501,0.4543494325109978
0-1,1-0,0.00027148929537446813,0.46501108812236674,0.49652614756875696
0-1,1-0,0.0002694946153139146,0.47716418586563025,0.48480917896676634
1-0,1-0,0.0002998805866070578,0.3844391628318297,0.5770075471175113
0-1,0-1,0.0004087572696162149,0.6451140443602427,0.31511731184581643
0-1,1-0,0.0002738607808147445,0.4848583398227314,0.47221628256425535
0-1,1-0,0.00027254955892907275,0.4658673295727085,0.49374516816631586
1-0,1-0,0.00027716216981910205,0.44603982913177637,0.5123567058520462
0-1,1-0,0.00027872747058679695,0.4262051868692368,0.5336119829805065
1-0,1-0,0.0002872890115851914,0.5307698772866425,0.42529704937030455
1-0,1-0,0.00027846736014051953,0.4492783975491393,0.5089693041766129
1-0,1-0,0.00027223294054746946,0.4560838208951863,0.5054205318333427
0-1,1-0,0.0002601745506246026,0.4747676518607383,0.48903495330413793
0-1,1-0,0.00028215817159366177,0.43093228249450605,0.527716914955571
1-0,1-0,0.0002780541489269742,0.43020692108977776,0.5312669651883032
1-0,1-0,0.0002734674856361999,0.48054569847056583,0.4745013513067061
1-0,0-1,0.00032512796250516165,0.6155063590143022,0.3429601051040353
0-1,1-0,0.0002786598757195665,0.4486482152008486,0.5089231743682577
1-0,1-0,0.0002749950740895889,0.44522620370538585,0.5139232775869289
0-1,1-0,0.00027339985228836024,0.4471152420477463,0.5132324591154638
1/2-1/2,1-0,0.00027650997872010006,0.45784748357866156,0.49880581436882526
0-1,1-0,0.0002717633956740939,0.4537774053123713,0.5069411871439603
0-1,1-0,0.0002632975752985998,0.45167324605682313,0.5118913935872415
1-0,1-0,0.00028591390474641646,0.42967104533474365,0.5267130047038597
1-0,1-0,0.0002758975828561206,0.45266867335689215,0.5074857597439358
1-0,1-0,0.00038036820637702237,0.3001800313574803,0.6619874228223324
0-1,1-0,0.0002775004554603552,0.5044439484050928,0.450999740942877
0-1,1-0,0.00027552350110927415,0.4477767301670124,0.5126785985199048
0-1,1-0,0.000278093619794465,0.44663531781168586,0.5120187137229705
0-1,1-0,0.00027586854920287455,0.47237077149448853,0.48478173536194447
0-1,1-0,0.00027618587952571894,0.4493573462827344,0.5098294725204314
0-1,1-0,0.000286691171837594,0.5249311995761718,0.4304405014397269
1-0,1-0,0.00027102958123890043,0.4424605827052159,0.5187014258573471
1-0,1-0,0.0002779076860046928,0.4533649588366677,0.5044437447411797
0-1,1-0,0.00027421866710314606,0.456965053275591,0.5035200653602184
1-0,1-0,0.0002747123729179458,0.4943698488458748,0.4667979649391903
1-0,1-0,0.0002766882339114859,0.45666538341880974,0.49889250477146796
0-1,1-0,0.0002736264446945179,0.46498165290047966,0.49471839207673435
0-1,1-0,0.00027231063698271934,0.46320406401162706,0.49578781238275416
0-1,1-0,0.0003361431309963951,0.5863674095005045,0.369355891843245
0-1,1-0,0.0002718739315999314,0.4696310932694471,0.48975871294856627
0-1,1-0,0.000275855625359363,0.4379362384331159,0.5215735886492249
0-1,1-0,0.00028075634538710434,0.4304310540495531,0.5295363797515995
1-0,1-0,0.00028106018188465,0.4390422197244349,0.5190936458083422
1-0,1-0,0.00031144101070979224,0.5575223531113531,0.3973015533777822
1-0,1-0,0.00026573992052384744,0.4557697807737808,0.5064358634381305
0-1,1-0,0.0002805262328859934,0.4425634520084765,0.5154663593820584
0-1,1-0,0.00027333938448417106,0.4735778133319749,0.4816147481336822
0-1,1-0,0.00027969820272344723,0.4472163195575286,0.5088313414239568
1-0,1-0,0.00026831079114193697,0.43194050793038213,0.5313401188803438
1-0,1-0,0.0003479956823940469,0.32680283083781064,0.6356900400434562
1-0,1-0,0.00027142735203316507,0.45146990075778115,0.5094044214070879
1-0,1-0,0.0002681880131544391,0.43918914928417085,0.5231088556373565
1-0,1-0,0.00028797171979177467,0.5295139826231903,0.42475624486834346
0-1,1-0,0.0002800443483735312,0.43071416801577755,0.528022068990049
0-1,0-1,0.0003946662403305669,0.6353446053424641,0.32496113073575217
0-1,1-0,0.00028025383560616423,0.4388716179127027,0.519429078330892
1-0,1-0,0.0002751185499762632,0.4784575366433442,0.4786753714223753
0-1,1-0,0.0002779285321997881,0.5106656003420601,0.4433173448390463
0-1,1-0,0.0002698788568503487,0.4673230229291881,0.49314786995608245
1-0,1-0,0.00028088534011305673,0.43475540841215693,0.5230424335924616
1-0,1-0,0.0002813683177380737,0.4399158761972836,0.517959542301943
1-0,1-0,0.0002703305158864299,0.4569486190385669,0.5040309355624218
0-1,1-0,0.00027202901490716184,0.4664635146508338,0.4949423268115747
1-0,1-0,0.00027580131884640457,0.4423935003515469,0.5187715605987976
1-0,1-0,0.00026998421486719616,0.4719095693767618,0.4898618986382598
0-1,1-0,0.0002760326714202974,0.44778801565680804,0.510955559134316
1-0,1-0,0.000281149722721677,0.4300867314187752,0.5265647077317668
0-1,1-0,0.0002740196467758792,0.4610205152343433,0.4985068568267701
1-0,1-0,0.0002683243668913388,0.4229872132936818,0.5415848337513817
1/2-1/2,1-0,0.0002788818697535844,0.44951973076703333,0.5053886744405074
1-0,1-0,0.00027148564095421035,0.47048776928246244,0.48766180879021725
0-1,1-0,0.00027489378740483964,0.4517722314920086,0.50825237382161
0-1,1-0,0.0002724486575407982,0.46633448254994864,0.4949539315096009
1-0,1-0,0.0002679442164261199,0.46529456013555326,0.4921418316368798
1-0,1-0,0.0002822302493809169,0.42674618738657333,0.5336164891072597
0-1,1-0,0.0002718486466981282,0.4620499368711949,0.49841765867960297
0-1,1-0,0.000282518200055063,0.4353913986265954,0.5228201142845198
0-1,1-0,0.0002654200568315095,0.44454805511307366,0.51742801772013
0-1,1-0,0.0002638585757702201,0.49088813566705164,0.47247081676123676
1-0,1-0,0.00027998228104880485,0.43981003010376746,0.5177765286560059
0-1,1-0,0.0002723913396650967,0.4631944525797653,0.49680003523362093
0-1,1-0,0.0002709922230219905,0.46139325484711663,0.5002969048861324
1-0,1-0,0.0002621019888804173,0.4596815778536499,0.5042929338834122
1-0,1-0,0.0002755030308594076,0.45905543151954714,0.4958524687542381
0-1,1-0,0.000282811169843082,0.43550371030509616,0.5223182176306052
1-0,1-0,0.00033446496031773373,0.3653398964490678,0.5924054262355944
1-0,1-0,0.0002731436587309218,0.45349149373902287,0.5078868933991652
0-1,1-0,0.00029098780290881006,0.5528959081187682,0.4082033458607787
0-1,1-0,0.00028790894861811307,0.5238003807182736,0.4369217231788504
0-1,1-0,0.00026690859578522937,0.4383649040992666,0.5240628007504041
1-0,1-0,0.00027069221004183663,0.5082276854002449,0.4529680649155604
1-0,1-0,0.0002738136243044804,0.4765615377430866,0.48363924087583826
1-0,1-0,0.00028932610434821384,0.5326556053272627,0.4275235606604549
0-1,1-0,0.00027322125157729457,0.45823294800794867,0.5024012294823774
0-1,1-0,0.00027557474137429404,0.47319219324242845,0.4840550986995215
0-1,1-0,0.0002724990762515985,0.4533066709948552,0.5082615965245736
0-1,1-0,0.00027859909057958125,0.4330261830953705,0.5281123468990483
1-0,1-0,0.00027809583543465365,0.4500285170747779,0.5067737765949822
1-0,1-0,0.00026958878972133376,0.44122319730064946,0.5200561823664634
0-1,1-0,0.00030586886917261246,0.5577277122732595,0.403163147146028
0-1,1-0,0.0002772902500761104,0.4529346162435127,0.5044426781873913
1-0,1-0,0.00029158134431016497,0.41621212253441503,0.5414360889891813
1-0,1-0,0.00027190616082585197,0.4728236398916894,0.48831123298969675
0-1,1-0,0.0002931621789317501,0.5557723336757033,0.4049624923634161
0-1,1-0,0.0002679252648717306,0.504649108899505,0.4598867277871194
1-0,1-0,0.0002824201634041641,0.43014269150660644,0.5262691516606364
1-0,1-0,0.00028440698766367173,0.5191473017900914,0.4410023618397023
0-1,1-0,0.00027295239479727427,0.4564736043496729,0.5036679348976547
0-1,1-0,0.0002710394271465221,0.44921002821559575,0.5128031450720962
0-1,0-1,0.0010025454377817016,0.753322684714521,0.20188563708615143
0-1,1-0,0.0002554157909255125,0.5223731741839213,0.43959507700440287
0-1,1-0,0.00027495316287294043,0.45627822988213124,0.5012961203170595
1-0,1-0,0.0002733621056419499,0.46888839099703067,0.4860278902208901
0-1,1-0,0.0002749885587459872,0.4596970706191153,0.4974180747413555
1-0,1-0,0.00027569868481279653,0.45554161879923094,0.5038126332826193
1-0,1-0,0.00026778923750667225,0.4330979899825099,0.5350186796983366
1-0,1-0,0.0002753481853882196,0.46478417520221993,0.4901632452166456
1-0,1-0,0.0002776407363701277,0.4895241985311787,0.46828687044748346
0-1,1-0,0.0002723092046207264,0.4633318948366363,0.4980552779157681
0-1,1-0,0.0002631104523375523,0.45628696317518164,0.5075212641177901
1-0,1-0,0.0002742571103254851,0.46207331983569266,0.49740395665624165
0-1,1-0,0.00027506757216928064,0.48598517960833254,0.46892095043918713
0-1,1-0,0.0002669378694824725,0.4574989062600866,0.5028295446044706
1-0,1-0,0.0002765165400631377,0.45493106359027286,0.5029707295536657
0-1,1-0,0.0002804203668562889,0.43949385352769393,0.5188334116018697
1-0,0-1,0.00039548898673975153,0.6372598468015684,0.32250381883204277
1-0,1-0,0.00027171242699657646,0.49021783899895716,0.4659237040211906
1-0,1-0,0.0002745316844873546,0.45065899991076447,0.509320219931568
0-1,1-0,0.0002769315720770227,0.4892205978924211,0.4676283304219859
0-1,0-1,0.0008632553070752139,0.7879211762104704,0.1687966451048652
0-1,0-1,0.0003226082888840802,0.592915451222991,0.36578368239118103
1/2-1/2,1-0,0.0002712286248089153,0.46480742306049594,0.4945352364074833
0-1,1-0,0.0002766347995346361,0.4454807810354389,0.5150327002678019
0-1,1-0,0.0002782736943342115,0.4473203873495963,0.5097660343248487
0-1,1-0,0.00027377056367389803,0.46045972235234833,0.500505440654332
0-1,1-0,0.0003101054085375325,0.3771068345098459,0.5834746702088865
0-1,0-1,0.0004165421713147943,0.6483481352070611,0.31129010546884395
1-0,1-0,0.00027476444846659176,0.468709750114356,0.4870892427728238
0-1,1-0,0.0003257535719710289,0.5794248379341046,0.3797495927718411
0-1,1-0,0.0002765786912116612,0.45979179512168616,0.4953117787317959
1-0,1-0,0.0002770072799470732,0.4508699756913482,0.5074604195631764
1-0,1-0,0.0002704170290506603,0.4623602838934003,0.49931029048635966
1-0,1-0,0.00027529629330390207,0.46951745749505913,0.4862040290102681
0-1,1-0,0.0002753088463471521,0.4825845484386527,0.4741409707473982
0-1,1-0,0.00026962745977791066,0.4489272647962962,0.5112461003569655
1-0,1-0,0.0002803242826029502,0.4212693068456613,0.5400420317840012
0-1,1-0,0.0002819042622378638,0.43705014609275716,0.5216739992934443
1/2-1/2,1-0,0.00027310566539097013,0.4374470707410749,0.5245524306744633
0-1,1-0,0.00027459886156234163,0.5065206925176291,0.4491754383242849
0-1,0-1,0.0004749009235453701,0.6857792367944066,0.2717351932678692
1/2-1/2,1-0,0.00027188136009731267,0.46120755674112734,0.5003091786058084
0-1,1-0,0.0002759492473387885,0.4576202260064751,0.4990827613219414
1-0,1-0,0.0002754937155256209,0.46332051814006125,0.49211416658040474
0-1,1-0,0.0002769731469749055,0.43380561590666883,0.5269952931143045
0-1,1-0,0.00028281835016541636,0.4241539743187667,0.5362722340788634
1-0,1-0,0.0002680347575739865,0.49311121877454234,0.46799614702223025
0-1,1-0,0.000287248578228042,0.5207056458073213,0.4384127437072224
0-1,1-0,0.0002894301064987908,0.5361114850646128,0.4201720590785006
0-1,1-0,0.00028310969271001134,0.42928786571268857,0.5296812765749425
0-1,1-0,0.0002721245049498162,0.45982285840295367,0.5016628908182048
1-0,1-0,0.00027902819765274287,0.4403709624294207,0.5172754695668815
1-0,1-0,0.0002725705003707847,0.47708833203121825,0.47738894638139157
0-1,1-0,0.0002648684497564715,0.45433859009237343,0.5078349638044684
1-0,1-0,0.0002751584917055867,0.49079816990284986,0.4644501180450196
0-1,1-0,0.00027170625628074703,0.4677097152505026,0.49344897791428616
1-0,1-0,0.00028622809281357597,0.42583460611577895,0.5321785695347461
0-1,1-0,0.0002740313857266599,0.46715161368571106,0.49301674116131305
0-1,1-0,0.000275064957465598,0.48314444549415303,0.47183908955626724
1-0,1-0,0.0002815879019195911,0.4393646699134477,0.5184810206763946
0-1,1-0,0.0002755126819264734,0.4467046429604099,0.513998256651848
1-0,0-1,0.0003115041688979135,0.6136440924162545,0.3486575844518418
1-0,1-0,0.0002725853065208273,0.4623835846282105,0.49894894190969696
0-1,1-0,0.0002742571027547224,0.464528657555132,0.4962951894572346
1/2-1/2,1-0,0.0002762236794560334,0.5000354164204011,0.45585226036891563
0-1,1-0,0.000273058210058597,0.46257874150393735,0.4985627042783166
1-0,1-0,0.00027580455278997026,0.4756717935143693,0.4824647125382705
0-1,1-0,0.00027511823810689475,0.4449905186567917,0.5162673489183294
0-1,1-0,0.00027257454226259646,0.4709623561968269,0.48980194909828906
1-0,1-0,0.0002773704052836223,0.442419924938625,0.5174079423460155
0-1,1-0,0.0002699112102980651,0.46196161486064263,0.4986042289989768
1-0,1-0,0.0002722568373693857,0.4718432899185511,0.4886423108390331
0-1,1-0,0.00027245943150484955,0.45478664788336437,0.506708819557875
0-1,1-0,0.0002738938806653972,0.4813141114075721,0.47900988973827224
1-0,1-0,0.00027869574628793073,0.4343856267993074,0.5238893033795652
1-0,1-0,0.00027034133852633593,0.428996455519924,0.5336181399542703
1-0,1-0,0.00027834716180209144,0.4432685913255811,0.5148571502484625
0-1,1-0,0.0002728556914048686,0.4484800817183026,0.5131583682070691
1-0,1-0,0.0002739995984638975,0.45096365498712465,0.5077014231474938
1-0,1-0,0.00028052422761767274,0.4287013533402413,0.5318890778470009
0-1,1-0,0.00027076261415509903,0.4661615761830735,0.49555475183564357
1-0,1-0,0.0002748341534280453,0.4434402052284178,0.5175840981893297
0-1,1-0,0.0002731568067582314,0.44225966525560917,0.5196039312742476
1-0,1-0,0.0002744415864175901,0.45007333537519967,0.5090801332137074
1-0,1-0,0.00026935569976440596,0.46490074593920466,0.49710784257017876
1-0,1-0,0.0002753132213028244,0.453751963618116,0.5053556425966776
1-0,1-0,0.000304147580206982,0.550877862835724,0.4037420553961986
1-0,1-0,0.0002794727332640531,0.4481667209182967,0.5067077605133407
1-0,1-0,0.00026978264825119257,0.49231581275982816,0.4680202584926023
0-1,1-0,0.00027155404430317297,0.40624061357425073,0.5568377517652865
0-1,1-0,0.00027920289862491974,0.4364805411875805,0.5229900903675143
1-0,1-0,0.00026238458909159213,0.45452384614028946,0.5092501063039413
0-1,1-0,0.0002737128595904123,0.46612972716427253,0.49278306765492735
1/2-1/2,1-0,0.00027675669327098344,0.45624523137469,0.5000626627343892
1-0,1-0,0.0002737490975326726,0.4682380307653096,0.4923347368913312
1-0,1-0,0.00027619691394645187,0.43343168460103804,0.5281759867630066
0-1,1-0,0.0002744664482343434,0.44439799582654954,0.5169727046568907
1-0,1-0,0.00027705701340845153,0.439501953798966,0.5203960958458538
0-1,0-1,0.0005368679864966679,0.7204750188366067,0.23900242887561937
0-1,1-0,0.0002738822668720343,0.4612886615421314,0.49914504316264613
1-0,1-0,0.0002712432151264122,0.46427444883215196,0.49515711093995923
0-1,1-0,0.00027555255591998033,0.44922642191790985,0.5112484920406295
1-0,1-0,0.0002566655313746999,0.4882682804864639,0.4760452850834555
1-0,1-0,0.00027315686744866063,0.4565655156316012,0.5046918788767489
0-1,1-0,0.0002737598314824602,0.46352574604355606,0.4943220425931643
0-1,1-0,0.00027347692693708707,0.4780039230414715,0.47809783207534
1-0,1-0,0.00027317458980548543,0.4610587214868501,0.4996405335383894
1-0,1-0,0.00027379231662564814,0.4700621715774956,0.4851489230796934
1-0,1-0,0.0002689409212153161,0.46895245892649995,0.49308065458303196
0-1,1-0,0.0002873686396046989,0.41117697596603503,0.5483866825480884
1-0,0-1,0.0003726344690457868,0.6116052831313137,0.34691929509680003
1-0,1-0,0.0002652179887155643,0.4382898646192631,0.5257810500332997
0-1,1-0,0.0002795435970044752,0.43018767422546794,0.5309306100652242
0-1,1-0,0.0003056290484111575,0.5507571540086136,0.4059578713344628
1-0,1-0,0.00027685202723983236,0.44176797497602754,0.5168583961475589
0-1,1-0,0.00027335368243664815,0.4549817281762652,0.5059658456705476
0-1,1-0,0.00028267139440696967,0.4279967589795906,0.530271851342756
0-1,1-0,0.00027234292814561263,0.46333472596404907,0.4980518791851679
0-1,1-0,0.0002775026390706685,0.4328990482415277,0.5274572626207383
1-0,1-0,0.0003043139875881863,0.38390746588577956,0.5769411243724447
1-0,1-0,0.00029632352953382464,0.38084158376259514,0.5787563828013511
1-0,0-1,0.0010165862011015138,0.7482479487337287,0.20651351971974166
0-1,1-0,0.00027841861670788864,0.43269409985435003,0.5277478675262973
0-1,1-0,0.0002758997557706972,0.4442934384561185,0.5165173231437941
0-1,1-0,0.00027875207520093614,0.45093451058028283,0.5070663259534192
1-0,0-1,0.00048861010285831,0.6752892293551458,0.281667216810988
0-1,1-0,0.000276163985012705,0.44666545066328933,0.5095418644488763
0-1,1-0,0.0002744366128705639,0.45426505883132284,0.5065096409638431
1-0,1-0,0.0002755275473569647,0.4792742571310162,0.47582671646444386
1-0,1-0,0.00027685261178736584,0.4488445230354504,0.5105648555714895
0-1,1-0,0.0002712263312662515,0.47035354162622045,0.48724823655297217
0-1,1-0,0.00030454066866676726,0.5626144036127476,0.39589874333430913
1-0,0-1,0.0009212446016741837,0.7210929284682218,0.1890961451210024
0-1,1-0,0.000273976889163304,0.4419917121463773,0.5177533786383137
0-1,1-0,0.00028074656033414607,0.43925635765133275,0.5189870060264434
0-1,1-0,0.0002753279734850513,0.5039158324289096,0.45461581256887806
0-1,1-0,0.0002751307580712473,0.4465635988671154,0.5141260507239052
0-1,1-0,0.0002697842465831052,0.47726181360562203,0.47982587422672013
0-1,1-0,0.0002846186757567091,0.4276350327464629,0.5307858314602824
1-0,1-0,0.0002936048728481531,0.5456806404099568,0.4098934702468568
1-0,1-0,0.000269222059690885,0.45839338735728796,0.5025394120422029
1-0,1-0,0.00028248143545410535,0.43058458167535074,0.5277551966009253
0-1,1-0,0.0002773759395567349,0.44227936999987544,0.5171393685877889
1/2-1/2,1-0,0.0002938951055863592,0.40152923985576133,0.5592118440066048
1-0,1-0,0.0002825553572689869,0.41248799829494703,0.5481117282148229
1-0,1-0,0.00030025451574630413,0.405803009135962,0.5511519575668441
1-0,1-0,0.00027696391247085693,0.45448688545683474,0.5037565912669472
1-0,1-0,0.00027807942310710613,0.4510733080180163,0.5055847439519645
0-1,1-0,0.0002719757951031091,0.45857835125448293,0.5019399902319853
1/2-1/2,1-0,0.00027246514773791874,0.4532485206604421,0.5053780494442471
1-0,1-0,0.0002741206443781397,0.46531317804118083,0.49156440166640974
1-0,1-0,0.0002734452324725687,0.4616922634688854,0.4964640255120082
0-1,1-0,0.0002749446638297988,0.4773629059497528,0.48301388741996876
1-0,1-0,0.0002697485162107994,0.45925381021840445,0.5018980436967962
1-0,1-0,0.00027675173105611565,0.4902921976135585,0.46684152591654704
1-0,1-0,0.0004407669097187338,0.2906687933889904,0.6668177882208397
0-1,1-0,0.0002782785364337185,0.5007874509414477,0.45973981692651794
1-0,1-0,0.0002871331927734622,0.4316328847720996,0.5234824374990982
1/2-1/2,1-0,0.0002723688508720834,0.4672340313704317,0.4929685283139619
1-0,1-0,0.00027332155103064975,0.4498980731563483,0.5109229195075743
0-1,1-0,0.00027472424150719955,0.46243788654642515,0.4953105276694651
1-0,1-0,0.0002891356519985541,0.42031932247871256,0.5375833063445508
0-1,1-0,0.0002756312063123851,0.4434163373778453,0.5177229487590037
1-0,1-0,0.0002770027320738221,0.4530261825036171,0.5067192083678839
1-0,1-0,0.00027392599859755437,0.4685547818308432,0.4917383250906061
0-1,1-0,0.00027919762693392076,0.5173532326218896,0.4401276087351477
0-1,1-0,0.00027286177887123406,0.48620751314709765,0.4738647235717217
1-0,1-0,0.00028068550792605536,0.5067301679153235,0.4519049291050272
0-1,1-0,0.0002804831237043902,0.43561398866794643,0.5222163691820138
1-0,1-0,0.00030604744455394557,0.39311373645971137,0.5675049347629505
1-0,1-0,0.00027074774278055137,0.47094432499190025,0.4860718209354827
0-1,1-0,0.00027863166162596457,0.4544358813482174,0.50073084630294
1-0,1-0,0.00028107838513816136,0.44027079889294674,0.5168423143085658
1-0,1-0,0.0002816318065772857,0.43755355078627695,0.5204648805207355
1-0,1-0,0.00027452865738226636,0.45204912096504407,0.5085972873450623
1-0,1-0,0.00028577811590647847,0.4163729311496255,0.5436730524209432
1-0,1-0,0.00027320402341901747,0.4636800105877902,0.4972409786188902
1-0,1-0,0.0002850491572896691,0.43227714251936483,0.5238651673160563
1-0,1-0,0.0002800531855387989,0.436897711358598,0.5221967978363051
1-0,1-0,0.0002727365186514556,0.45801877644475614,0.5027533591461788
0-1,1-0,0.00028250203036956354,0.43216899940318054,0.5261563102382841
1-0,1-0,0.00027446956793430283,0.4505331521670811,0.5090885314843274
1-0,1-0,0.0002758927760590814,0.4616688748848839,0.4970174362541659
1-0,1-0,0.00026671945818701985,0.45696050095123214,0.5045609594325097
1-0,1-0,0.0002769745955932541,0.487080733525617,0.47064453495702313
1-0,0-1,0.0003671497043218833,0.6188992731671289,0.34059838476321386
0-1,1-0,0.00028339619468777653,0.5246408324067943,0.43599886377653535
1/2-1/2,1-0,0.0002892237438166504,0.42783335437833514,0.5268500099489041
1-0,1-0,0.0002722567165756512,0.45203065840830425,0.5060913446408928
1-0,1-0,0.000281697037784487,0.5156946007146078,0.44520337017204836
0-1,1-0,0.00027343641540699846,0.47397055066315913,0.4842325626236674
1-0,1-0,0.0002751785224731398,0.44035543461176696,0.5161037514418821
1-0,1-0,0.00027240526240720646,0.448566354002471,0.510058757009978
0-1,1-0,0.00027330512090531316,0.4557915754389277,0.505225392240541
0-1,1-0,0.00026970166543440415,0.4212012872118376,0.5431136015493203
0-1,1-0,0.00028218163463121244,0.43589337229909825,0.5218267953804521
1-0,1-0,0.0002801742567667411,0.4209298197837787,0.5405835546744933
1-0,1-0,0.0002646799717034129,0.4444388467226415,0.519292832977473
1-0,1-0,0.00027273131048855236,0.46071988340730824,0.5006067150107679
0-1,1-0,0.0002728150686495707,0.45652603878449516,0.5046986902517218
0-1,1-0,0.0002751704793164432,0.48847045303198194,0.47065959962781234
1-0,1-0,0.00026950833875483626,0.4465007173607415,0.5147092191690159
1-0,1-0,0.0002723692389922494,0.46157230157087004,0.4995642757010702
1/2-1/2,0-1,0.0003262413320327542,0.6128020713148736,0.3472282111175813
1-0,1-0,0.0002827653422605298,0.433397437236483,0.5239893023880021
0-1,1-0,0.00027394617662391787,0.45790414698262305,0.5014828246353698
0-1,1-0,0.0002731890001302049,0.4993200643523072,0.46161005148060663
1-0,1-0,0.00027389335382507426,0.45592347746567036,0.5032119476607307
0-1,1-0,0.0002702223981754936,0.48080101911041945,0.48041332816330584
1-0,1-0,0.0002738836567594532,0.4612040832808245,0.49938537752707934
1-0,1-0,0.00027308421348155366,0.44473740965184594,0.5169813654074638
0-1,1-0,0.00027409363427530604,0.4424142912192172,0.5170244735756594
0-1,1-0,0.00028130844413505417,0.4433460474265104,0.5132770876729689
1-0,1-0,0.00029290297573982595,0.41368548171963593,0.5444771433129512
0-1,1-0,0.0002736685784063046,0.48018292981687405,0.4809792607014473
0-1,1-0,0.0002956002987203147,0.41703409780817263,0.5387410902593308
1-0,1-0,0.0002757799760678621,0.47123941980831435,0.4865556037861003
0-1,1-0,0.0002806811556730849,0.42999038438657045,0.5301370541552165
0-1,1-0,0.00027290155113639947,0.4472256069135328,0.5141484817197967
1/2-1/2,1-0,0.0002735502213886182,0.48110335386659886,0.47568954424745397
0-1,1-0,0.0002797823349966715,0.44360665620325085,0.513369351570784
1-0,1-0,0.00028403299841352843,0.42738019616024686,0.5306460455080729
0-1,1-0,0.000283391027022789,0.5246114405006969,0.4359795360156112
1-0,1-0,0.00027479721003669384,0.5001531470592071,0.46133797614548017
0-1,0-1,0.0005366183883806549,0.7150138940275965,0.24455324921952057
1-0,1-0,0.0002739458760897433,0.48357499812706456,0.475388384318667
0-1,1-0,0.00027547274142657543,0.471577146279235,0.48555082614110046
1-0,1-0,0.00028083762079668357,0.4395223120481843,0.5175393515254965
1-0,1-0,0.0002869177760695825,0.41391754803677666,0.5468189543093223
1-0,1-0,0.00027318402739575476,0.4744744501646352,0.48067021530576615
0-1,1-0,0.00027855282360819293,0.432124060190108,0.528569476886866
0-1,1-0,0.0002701800472703714,0.4498240146631043,0.5122980548228295
0-1,1-0,0.0002712798820975959,0.47625622366973563,0.4829779226564168
0-1,1-0,0.0002715294192150025,0.45819313267578077,0.5033244071849344
1-0,1-0,0.0002737132132391431,0.45839542288654456,0.5017450586541687
0-1,1-0,0.0002836976263186071,0.5122343027518941,0.44287883124171096
1-0,1-0,0.00027763640977055467,0.45361430719511786,0.5037816371497544
0-1,1-0,0.0002823540420096318,0.4418585746793655,0.5134647841347109
1-0,1-0,0.000274158692000619,0.4566811154336927,0.5036004504136044
0-1,1-0,0.0002715740158805755,0.46070491677403597,0.5007545710561642
0-1,1-0,0.00027620795848601375,0.4977015898905727,0.4632903214093071
0-1,1-0,0.00029422034758213195,0.410389470582039,0.5455259888939542
1-0,1-0,0.00027253823565210277,0.48798114305763,0.4707869102249014
1-0,1-0,0.00027120930739964893,0.45554733229308225,0.5062164373892911
1-0,1-0,0.0002745609767751743,0.44409456808697995,0.514102311540028
1-0,1-0,0.00027726903541598754,0.4361185679192198,0.5250390301231189
1-0,1-0,0.0002761608486594939,0.44274853721246327,0.5180713032563928
0-1,1-0,0.0002707685984385808,0.4918990250916944,0.4685172466012993
0-1,1-0,0.0002732378410955583,0.4632932294351196,0.4971928123642486
0-1,1-0,0.00027461918019040544,0.4446450193280753,0.5161058966177181
0-1,1-0,0.0002876043171620976,0.5292168868961403,0.42962243575863845
0-1,1-0,0.00027539412181257065,0.5028847785306193,0.4542535131515553
0-1,1-0,0.00027358030805049185,0.47566471072580785,0.4814391309566253
0-1,1-0,0.0002827599998103836,0.4349498715933384,0.5226553582124093
1/2-1/2,1-0,0.00027734266756396025,0.4538644203946728,0.5007738712560773
1/2-1/2,1-0,0.00026979408208954345,0.429779289261616,0.5329256527854552
1-0,1-0,0.00028345020579372183,0.5579632559629014,0.4029973931205217
1-0,1-0,0.0002712296814670778,0.4347255523884056,0.5269757304129697
1-0,1-0,0.00027024091128335156,0.4339710872964433,0.527876820484994
1-0,1-0,0.0002946418922379159,0.41085473186166566,0.5472528591279477
0-1,1-0,0.0002791893242224934,0.4320302182348851,0.5270327044849868
0-1,1-0,0.00027009578177143945,0.4643134120437466,0.4975259954059268
1-0,1-0,0.0002743467219647109,0.4603192293558748,0.49760152410502145
0-1,1-0,0.00027205210036342406,0.5040518541011753,0.4551489946560714
0-1,1-0,0.0002719595540666595,0.4626712818829858,0.497197767227734
1-0,1-0,0.000279762942956233,0.44453221334022275,0.5129481320438496
0-1,1-0,0.0002805390400549341,0.4229231167314295,0.538309803052474
1-0,1-0,0.00027340349994795665,0.4686850812867735,0.49135991908597604
0-1,1-0,0.0003283333584510485,0.3678085507508223,0.5910522327584317
1-0,1-0,0.00028952364256111415,0.4089363099262272,0.5515996199990634
1-0,1-0,0.00028547090762257753,0.4130150216776081,0.5482793202061624
0-1,1-0,0.0002825650931913446,0.4345118863311116,0.52270641993906
0-1,1-0,0.0002795336118397959,0.4456713088722563,0.5118803014527178
0-1,1-0,0.00027684420324202905,0.4618359924651828,0.493908795553921
1-0,1-0,0.0002954926120116138,0.4049583627621639,0.5545281650436725
0-1,0-1,0.0009482277542690857,0.756391614252118,0.2024483868642705
1-0,1-0,0.00029193216771725307,0.5302805440921431,0.4251407681354094
1-0,1-0,0.00027899204608565324,0.4464582682407206,0.5103869561397654
0-1,0-1,0.00040410996547870804,0.6474837493221215,0.30896269270434906
1-0,1-0,0.0004020851586344239,0.29290261837391757,0.6684458137919583
0-1,1-0,0.0002838459227255864,0.43270847788083705,0.5244785773996483
1-0,1-0,0.0002814158661326143,0.4177624555562472,0.5438161217247135
1-0,1-0,0.00026886953531248014,0.4838338957473294,0.4740304205021993
1/2-1/2,1-0,0.000300752961272622,0.5497981849353617,0.4058337752874423
0-1,0-1,0.0009247952799556025,0.7672495541017111,0.1911484217767813
1-0,1-0,0.0003135071643205677,0.38492995338741565,0.5733690466159844
1-0,1-0,0.0003103138587669529,0.3835427123321989,0.5757002511877287
1-0,1-0,0.0003023056134761037,0.4063570744434458,0.5552609341601527
0-1,1-0,0.00027675110900712466,0.45430644007178467,0.503587502419189
0-1,1-0,0.0002742028183856693,0.4842870087835269,0.47626282514511825
1/2-1/2,1-0,0.0002728272985979442,0.4821167750987184,0.47789026356763953
1/2-1/2,1-0,0.0002726998715937097,0.4564229636539793,0.5030704937974828
0-1,1-0,0.0002981253853072721,0.41416591584744744,0.5410061570609153
1-0,1-0,0.00027452624652628743,0.424487520356339,0.537118550919268
1-0,1-0,0.00028933539674355575,0.4158578887124349,0.5436774731835421
1-0,1-0,0.0002797499988253952,0.4316403690424208,0.5270428742478835
1-0,1-0,0.0002730095144209849,0.44964162091088644,0.511820403725518
0-1,0-1,0.0006783056695270968,0.6659188121295454,0.24636643141001402
1-0,1-0,0.00026565087855558373,0.4594075461053605,0.5048251629454625
0-1,1-0,0.0002834539260396835,0.43216215974024985,0.5257619296118029
0-1,1-0,0.000265001615954247,0.48447614809253076,0.47917711460054824
1/2-1/2,1-0,0.00027413931009168476,0.4697191570763515,0.4882896992771115
0-1,1-0,0.0002763106532453707,0.46036280061517515,0.49638353069070773
0-1,1-0,0.0002811909920107461,0.4401380523028475,0.5175398108164763
1-0,1-0,0.00027658761542825655,0.49359774502610804,0.46138425534807526
0-1,1-0,0.00027114805946916763,0.47211653136999254,0.4890485566744492
0-1,1-0,0.0002740734181351424,0.466320673704675,0.49283083455040166
1-0,1-0,0.0002738991707918462,0.4754650933797217,0.4802749436138815
1-0,1-0,0.00027522019885225325,0.46079752793168416,0.4943695941878025
1-0,1-0,0.00042159214370001915,0.28793679877475087,0.6721494734486315
1/2-1/2,1-0,0.0002872341669109978,0.5252574935047061,0.4312473121763677
1-0,1-0,0.00029709461777446047,0.5530120357217057,0.4064956771901225
0-1,1-0,0.0002892526198490499,0.41997325245979733,0.5381027509596704
1-0,1-0,0.00027752364792059885,0.41270782443448123,0.5508888193897158
1-0,1-0,0.00028416194301790644,0.41593503139060195,0.5452620195148387
0-1,1-0,0.00027193362081279416,0.47449546306234,0.4859746088920275
1-0,1-0,0.00027555295853164293,0.45577796082824623,0.5032049002120327
0-1,1-0,0.0002872335676648311,0.41931664092560994,0.5398741380719551
1-0,1-0,0.00027384361791345897,0.4483053596683474,0.5130314694266805
0-1,1-0,0.00027275112916423004,0.45843096929196503,0.5002646778733808
0-1,1-0,0.0002677658452023348,0.44259780744053023,0.5194802318302855
0-1,0-1,0.0004042570128437452,0.6406401002136042,0.31957431212433507
1-0,1-0,0.00028520368782176725,0.4301472946517778,0.5268112770001451
1-0,1-0,0.00027434547823846793,0.46252061462571614,0.4958960964473508
0-1,1-0,0.0002694048230741211,0.4401282052867941,0.5218469586996782
0-1,1-0,0.00028770071047723244,0.527984627049426,0.42670272869919135
1-0,1-0,0.0002764926099081594,0.47317122695497854,0.4845819047036174
1-0,1-0,0.00027622968127427605,0.43496857110836445,0.5265874133479315
1-0,1-0,0.0002787945693962187,0.4463436142618502,0.5113250011609972
0-1,1-0,0.0002729985848180827,0.46842809136232944,0.4900404564928777
0-1,1-0,0.00027349865261956804,0.4633774913358077,0.4968028382298035
0-1,1-0,0.0002734683330708982,0.46053830748323243,0.4999084511275212
1/2-1/2,1-0,0.00027538332919781883,0.4396277405131202,0.5218300881266366
0-1,1-0,0.000273269683755679,0.45185649400521993,0.5093929910350482
1-0,1-0,0.0002744889545255401,0.4512109740481911,0.5095913615455885
0-1,1-0,0.0002723337262820426,0.46727655775251126,0.49360354163519077
1-0,1-0,0.0002853092584129933,0.42437391722912093,0.5337075448452538
1-0,1-0,0.0002721093889067019,0.4744597739117873,0.4869204662913783
1-0,1-0,0.00027176835549523186,0.44625025559136516,0.5157034257700412
1-0,1-0,0.0003062955915737708,0.554880802117013,0.4048812536813855
0-1,0-1,0.001245483184905744,0.9242542728400827,0.03101082072413245
0-1,1-0,0.00027244733849006724,0.4776128822411277,0.47670862385099644
1-0,1-0,0.0002714956393729438,0.4786813180932994,0.48244251152208034
0-1,1-0,0.00027715827680623647,0.440563240795836,0.5200044013740458
1-0,1-0,0.00027405709020590267,0.45781946684701197,0.5024056845377349
1-0,1-0,0.00027142250524518787,0.4605437940547129,0.5006115315685286
1-0,1-0,0.0002834850696934094,0.41443887487011816,0.5455296168949756
0-1,1-0,0.0003141324532228901,0.5674756848421798,0.38810878551089284
1-0,1-0,0.00028856161769701545,0.41754327962716786,0.5400990320893126
1-0,1-0,0.00037729204308017126,0.32223592878440765,0.6368942246762442
0-1,1-0,0.00031378104486492705,0.3888382877371703,0.5683320194145464
1-0,1-0,0.00027366409436317793,0.45095132364872015,0.5103947460179421
1-0,1-0,0.00027635996886638816,0.4523304114550388,0.5073390832579113
0-1,1-0,0.0002767075836505337,0.45515761632837703,0.5043226229851777
0-1,1-0,0.00027127057770685766,0.4587203831761731,0.5020340505401352
0-1,1-0,0.000272323833656176,0.466227481517476,0.49491923329654514
1-0,1-0,0.0002701115046126899,0.4597639318401507,0.5018242017643758
0-1,1-0,0.0002786963281480301,0.4340328166331452,0.5269962429565352
1/2-1/2,1-0,0.00027752308210961886,0.4279230885197183,0.5329260409556861
0-1,1-0,0.0002956865089892699,0.5514610875514385,0.4074299662793249
0-1,1-0,0.00030134247004033816,0.5486301532581846,0.40854767302203643
1-0,1-0,0.00028320230501885813,0.5208205979996934,0.4387776869612652
1-0,1-0,0.00026309810244975747,0.49049310667749596,0.47319906875312123
1-0,1-0,0.0002750829422519096,0.4521775176434572,0.5081756680780634
0-1,1-0,0.0002732397718328449,0.4577285869009089,0.5031482500165821
1-0,1-0,0.0002765579423153995,0.4516119854919188,0.5068762960093789
0-1,1-0,0.0002729910180525198,0.4646885106802489,0.4943666991134615
1-0,1-0,0.0002768612490701194,0.4432256966795904,0.51744753559026
1-0,1-0,0.00027550113722382897,0.4482095660416437,0.5111019057258961
0-1,1-0,0.00026845906177831394,0.4651668368926866,0.4967784105260295
0-1,1-0,0.00029262809648752236,0.41256549757022754,0.5450609406930598
1-0,1-0,0.00027641053361256656,0.45788998056618674,0.5005881455523928
1-0,1-0,0.00027040440351650105,0.4239706021649692,0.5396476802204023
1/2-1/2,1-0,0.00027587715693340833,0.4601460757102074,0.4970188064101955
1-0,1-0,0.0002744304162551494,0.4784986721820662,0.4764156439883433
1-0,1-0,0.00027174264725469505,0.4385052567665733,0.5225077231784583
0-1,1-0,0.0002814256076457799,0.4261899380146482,0.5342247115288381
0-1,1-0,0.000276860130710229,0.4539229092505094,0.5057297375146667
0-1,1-0,0.0002863704528280714,0.4220893861707274,0.5361650841895246
0-1,1-0,0.0002907341855225286,0.4164891531243287,0.5413817090621842
1-0,1-0,0.00028053283513043427,0.4293124737748499,0.5290363184168805
1-0,1-0,0.0002860992410792256,0.4132167640199054,0.5475183863128366
0-1,1-0,0.00032880855136513366,0.5779940319688034,0.3812019827727976
1-0,1-0,0.0003412472128914946,0.3302642058334045,0.6321066085616317
0-1,1-0,0.00027252735363853724,0.48148446687107194,0.4798607639790435
0-1,1-0,0.0002718411347948809,0.4744129711570953,0.4869881152161712
1-0,1-0,0.0002731471055318174,0.4588036870856088,0.5021929958863323
0-1,1-0,0.0002749532337347518,0.4486507199004557,0.5113630696355288
0-1,1-0,0.00027353408350493704,0.4861796453278938,0.47432838393450716
1-0,1-0,0.00026547156821145367,0.3870736806909381,0.5828301737953318
0-1,1-0,0.0002774845799050388,0.4486643542876839,0.5096335377629062
1-0,1-0,0.0002756112197615803,0.4356058621896904,0.5259036915347689
0-1,1-0,0.0002818259308553235,0.43540173865843296,0.5230549377368007
0-1,1-0,0.00027104024295667085,0.4491211111160647,0.5113221331561079
1-0,1-0,0.00027185889794631554,0.4833162326421524,0.4764177662657932
0-1,1-0,0.0002737933307502264,0.48132772332244134,0.4745327903592214
0-1,1-0,0.00027412369940654264,0.4758051207840358,0.48404046635317727
0-1,1-0,0.00027526510776163535,0.4595993916304709,0.4984193561345523
