y_true,y_pred,prob_1-0,prob_0-1,prob_1/2-1/2
0-1,1-0,0.0002859782095947309,0.45612485678166736,0.5002711808141193
0-1,1-0,0.00026879313189595783,0.47830814871719896,0.4837625407572128
1-0,1-0,0.0003290115394909575,0.43689678915520774,0.5111966684082856
1-0,1-0,0.00026670547477099704,0.5425997221034575,0.42099594412383795
0-1,1-0,0.0002915827578231321,0.4476589948339702,0.5060370778167881
0-1,1-0,0.00035205526084202944,0.43240978261681695,0.5128891342009241
1-0,1-0,0.00026374002270211275,0.4847518842799183,0.4793328861361429
1/2-1/2,1-0,0.0003296900332856913,0.36722625246266244,0.594474992584854
0-1,1-0,0.00031831486096561287,0.4475016272925668,0.5029020222606089
1-0,1-0,0.00028470240822730977,0.509135767151851,0.4501438317875158
1-0,1-0,0.0002790731614464733,0.4640831592987327,0.49735674779199995
0-1,1-0,0.00032793024408904546,0.5053520835830605,0.4487637672729887
1-0,1-0,0.0002979704015161173,0.41788561164899124,0.5331284062817788
1-0,1-0,0.0003031909554765448,0.4697357554182596,0.484219676935378
1-0,1-0,0.00027869834645163807,0.4662776512041183,0.4918669320469295
0-1,1-0,0.00034022203224450773,0.45484077130500494,0.49380884888527976
0-1,1-0,0.0003826831345911912,0.44359975869300283,0.5001011533720968
1-0,1-0,0.0002915171136792019,0.43816756251943006,0.5241463643635353
0-1,0-1,0.00021339279260910763,0.7317707620974413,0.24928140276021052
1-0,1-0,0.0003038861505890445,0.40494997784839293,0.5436160782975485
0-1,1-0,0.0002792792724708594,0.45722918345874,0.5003698919209252
0-1,1-0,0.0002716416053373587,0.46356138645052164,0.49680552653905025
0-1,1-0,0.00029006289366506117,0.4716191385927653,0.48464119672611145
1-0,1-0,0.0002962694720153425,0.4598710782666937,0.4944311057190847
0-1,1-0,0.00031888778865884907,0.4002573514451823,0.5609553914859505
0-1,1-0,0.0003749136385842614,0.46399809620530696,0.48256975807467734
1-0,1-0,0.0003268673788362889,0.4015220720646196,0.5615434655630753
0-1,1-0,0.0002849727687108222,0.4187768839494365,0.5357695971381814
0-1,1-0,0.00032311577503128255,0.4161553582428811,0.5292525058676345
0-1,1-0,0.00027971618279576925,0.5518077342791757,0.4089050290224071
0-1,1-0,0.00031682566573840734,0.45730073271576355,0.494140599841053
0-1,1-0,0.00028403829376860717,0.43773589692033393,0.5184504402719362
0-1,1-0,0.00027832368175727463,0.43722314231804205,0.5208288219632012
1-0,1-0,0.00029602503424105476,0.43103826505580656,0.5274673219560203
1-0,1-0,0.0002889343753155194,0.43589229424097936,0.528062704686883
0-1,1-0,0.0002758058585638268,0.4571747196822704,0.5053667982768038
0-1,1-0,0.00026645770435698864,0.4935822136414687,0.4692038077078131
0-1,1-0,0.000317440694504902,0.4900141894204541,0.46397918851839604
1-0,1-0,0.00028189764898071295,0.46114239646009736,0.5013406102884085
0-1,1-0,0.0003194008604407768,0.399886294723672,0.5446500150144404
0-1,0-1,0.000339946384373887,0.6886139644121801,0.27543939307578624
1-0,1-0,0.00027393913953891916,0.4625275910782674,0.4973123879762186
0-1,1-0,0.0002779819401138849,0.448801463821118,0.5093834314136418
1-0,1-0,0.00028586447491245966,0.46357703477603723,0.4918226351497866
1-0,1-0,0.0003156509035441896,0.3869522869536792,0.5679151528676167
1-0,1-0,0.00028724240999987693,0.4246367306209743,0.5295878325509144
1-0,1-0,0.0004084000811996927,0.4982989672371384,0.4491555200938293
0-1,1-0,0.0002945726121408142,0.43467777258559015,0.5256006523946397
0-1,1-0,0.00028419024723137863,0.49703438042324627,0.46133856817197894
1-0,1-0,0.00027907953333026954,0.45456492176218566,0.5031402661430325
0-1,1-0,0.0002896453044332011,0.3854641274275571,0.5676644052037623
1-0,1-0,0.0006131926891009893,0.5156410832501143,0.42356561910695056
0-1,1-0,0.0003624409580759374,0.4550457977903542,0.4905053392678914
1-0,1-0,0.00029267668998844004,0.4128537900622308,0.5356568405453495
1-0,1-0,0.0002939906331112565,0.47810606812994955,0.47568945341454455
1-0,1-0,0.000279582538284899,0.3962361796709894,0.5532740418590354
0-1,1-0,0.00028701196690524526,0.40412857404835983,0.5524328766783558
0-1,1-0,0.0002812360411658975,0.4749482056453983,0.48301131448845624
0-1,1-0,0.0002624184430018446,0.517632253368722,0.44636532564608444
0-1,1-0,0.00027161983133829943,0.46645434559582366,0.4973205183841529
0-1,1-0,0.0003125150051254167,0.403552425036573,0.5591321722156666
0-1,1-0,0.00029192350663915704,0.4390348918196047,0.5169159046027497
1/2-1/2,1-0,0.00028859709946722724,0.445955993230827,0.5124903531889842
0-1,1-0,0.0003526474962319346,0.36361284451584147,0.5999669798233703
1-0,1-0,0.00027904746216079866,0.4538549162535527,0.5094911274719892
0-1,1-0,0.00041880384903724533,0.30954848699638926,0.6480461940624519
1-0,1-0,0.00036113784503565287,0.4586252833685723,0.48854383930487344
1-0,1-0,0.0003599874600903861,0.4380606136298009,0.5068016454573271
0-1,1-0,0.00030365466411280174,0.4179954689452969,0.5402240672836023
1-0,1-0,0.0002906829976496776,0.447510928977413,0.5065342259870733
1-0,1-0,0.0002961293235917036,0.48162797784516614,0.4740330105024451
1-0,1-0,0.0003580593577560627,0.4394996986664981,0.5051875076173913
0-1,1-0,0.0003395329519682819,0.35867888801493425,0.5971773498862725
1-0,1-0,0.0002784868427824551,0.4645247118731951,0.4936158263123897
0-1,1-0,0.00027939464858031714,0.46535792004047527,0.49548710973437743
1-0,1-0,0.0002689800685261318,0.4864681904258213,0.47610183708985576
1-0,1-0,0.0003041947694993526,0.422712369933932,0.5414739251738869
1-0,1-0,0.0002837414203402419,0.5572921171557098,0.40323039891239576
1-0,1-0,0.00027267664745944046,0.5179888635154989,0.44293739367302637
1-0,1-0,0.00028560132480051165,0.43951079670656984,0.5238014305191399
1-0,1-0,0.00029870432597248485,0.49409043600228636,0.4626459896558347
1-0,1-0,0.00032549296311682927,0.42583888346110665,0.5203371431212006
1-0,1-0,0.000333470455903196,0.42241502607454895,0.5229843652136021
1-0,1-0,0.00026892424355683966,0.4648880442538705,0.49798167950122557
1-0,1-0,0.00031276588393639994,0.4390556325043581,0.51118462522142
1/2-1/2,1-0,0.00029758657264468316,0.4126043331603241,0.5406487892037267
0-1,1-0,0.00037223497750784755,0.46166960589931655,0.4848898727752146
1-0,1-0,0.00027694364546008364,0.47059840880690995,0.4925643800307777
1-0,1-0,0.0003253077140453029,0.375617627430473,0.5930390794058358
0-1,1-0,0.00035640946078120884,0.530369991020516,0.42367890796072616
0-1,1-0,0.00033797224556719047,0.4551676709779936,0.4936895833584935
1-0,1-0,0.0003562313063168434,0.4413121131331018,0.5043449815208799
1-0,0-1,0.0007172877294836802,0.6463776677020939,0.30103168038248385
1-0,1-0,0.00024856069455449366,0.4405719506706026,0.517497110134355
0-1,1-0,0.00033321149677067525,0.27154715264584195,0.6797444546432563
1-0,1-0,0.00026230354934381444,0.5485830808257411,0.4160234665187209
0-1,1-0,0.00031046941603576103,0.48029060648961763,0.4737150529993182
1-0,1-0,0.00029202832112482145,0.44023528068742646,0.5235500147357983
0-1,1-0,0.0002818581405284968,0.4707737450961737,0.4875433806038804
1-0,1-0,0.0005363570227301064,0.22337176616732604,0.7385239848420948
0-1,0-1,0.00033648991794231313,0.6325574034424469,0.32950291116242414
0-1,1-0,0.000417071079442652,0.3085956804559859,0.6514671697297856
1-0,1-0,0.00028246297873778134,0.4566252379893419,0.511602239059784
0-1,1-0,0.00044284813671399925,0.5036125166329976,0.4425510087591982
1-0,1-0,0.00028791836349172046,0.38681337296785073,0.5661768946964056
0-1,1-0,0.00028199594996185164,0.46250663277853077,0.4969922172342367
0-1,1-0,0.00031117822370332584,0.3950307579742301,0.5504962845206348
0-1,1-0,0.00029163189896887356,0.5137677944826624,0.44465685976555236
1-0,1-0,0.0002693110576503806,0.4746704224570697,0.4861731601386368
1-0,1-0,0.0002859936537167347,0.41284421723774284,0.5417969934616063
1-0,1-0,0.0003946478722488331,0.4299362400982953,0.5115631330161936
0-1,1-0,0.0002862394499084302,0.4380487960957242,0.5234682115652476
1-0,1-0,0.00030799628653681646,0.4625587082742161,0.49031898831895526
0-1,1-0,0.00036820208523832067,0.4557277105734851,0.4896137862294487
0-1,1-0,0.0002703530110978654,0.39356340452421934,0.5576720821468855
1-0,1-0,0.0002425837791562057,0.4840185430761242,0.48692071289918726
0-1,1-0,0.000273009507661948,0.48217806266775853,0.47805647096682385
1-0,1-0,0.00024588034658856506,0.5379297248302318,0.4283613163186033
0-1,1-0,0.00033827533889432495,0.37065625489124226,0.5863300581980749
0-1,1-0,0.00027374284718132254,0.4770953755437918,0.48526221292635596
1-0,1-0,0.0002882280573876313,0.4992931474133533,0.4588417102993695
1-0,1-0,0.00026687753619707237,0.4877045357002285,0.4755966687938256
0-1,1-0,0.00027119218721807905,0.43161158366588387,0.5210074147169823
0-1,1-0,0.0002846785773070423,0.4215047851091564,0.5283778994509379
1/2-1/2,1-0,0.0003577171954450363,0.3588030976040407,0.6048931750904686
1-0,1-0,0.0002961714809287222,0.42653749596830853,0.5303065626345003
1-0,1-0,0.00028892012777110177,0.44774580680251475,0.5149600996194873
0-1,1-0,0.00039397146073263316,0.32944402280992974,0.6293548787509439
0-1,0-1,0.00029957951404370285,0.7022182557966403,0.26649203954430994
0-1,1-0,0.00030765320851511963,0.4114604280109631,0.5467241481629481
0-1,1-0,0.00027603377901722195,0.4926687190457556,0.4674962039886201
0-1,1-0,0.0002879547163551454,0.4344102398288213,0.5270832905643564
0-1,1-0,0.00031622732584474087,0.407572967598132,0.553295910263278
1-0,1-0,0.00034558625495483214,0.43247599577374035,0.512822898920681
0-1,1-0,0.00048536484304157314,0.5019384776953052,0.44104495207525013
1-0,1-0,0.0003239824176405551,0.44115410346852213,0.5079483696522875
1-0,1-0,0.0002771985680175288,0.43287808518435006,0.5261540168075596
0-1,1-0,0.00027048531000674683,0.4755833875563939,0.48513897871638767
0-1,1-0,0.0002839084713536547,0.41305098583712174,0.5454992412427019
1-0,1-0,0.00035226770500342366,0.48365862093459355,0.4663742936849656
0-1,1-0,0.0006219972966835501,0.19785907873826586,0.7631047931375804
0-1,0-1,0.0005299114010563875,0.8379202729972154,0.12975309072720162
0-1,1-0,0.00033688429075728047,0.45498105843334957,0.4939763247063613
0-1,1-0,0.00026167893987805434,0.49546051358512067,0.46844152214854284
0-1,1-0,0.0002734998506239192,0.3639933983763062,0.5907945156861654
1-0,1-0,0.0002864388395710003,0.4410626374712521,0.5232773820739992
0-1,1-0,0.0002843391298059343,0.4433933551090825,0.5193170683723545
1-0,1-0,0.0002766442784680983,0.46957619780031745,0.48910073176195323
1-0,1-0,0.0002944064179901723,0.42916165039192694,0.5254678259324689
1-0,1-0,0.0002954060877021495,0.4263677991866142,0.5285549404150702
1-0,1-0,0.00027977736187374445,0.43280812896179305,0.5271356001901735
1-0,1-0,0.0002718668387229417,0.42539361624412764,0.5267064408178298
0-1,1-0,0.00027903851110768597,0.4714029128837785,0.48849076208975206
1-0,1-0,0.0002853357285511982,0.4398391264690286,0.5255756859888789
1-0,1-0,0.0002699558298191987,0.5165188762610808,0.4447841805023358
1-0,1-0,0.0002943895352642764,0.42850903521621414,0.525297130421469
0-1,1-0,0.00028402242378841813,0.4568827355540103,0.502628402512481
0-1,1-0,0.00028049582494932133,0.4649596414540067,0.49288931271545766
1-0,1-0,0.0002981909878751593,0.37505527800504235,0.570711976726406
0-1,1-0,0.0002712812780605721,0.481708380366375,0.47856910855857254
1-0,1-0,0.00031577746431264546,0.4024934690546634,0.5435381001512444
1-0,1-0,0.00033702423477133714,0.43880957476447235,0.5072375118553273
1/2-1/2,1-0,0.0003243318136922298,0.3989658829171485,0.5645059142577699
1-0,1-0,0.00034156852687479807,0.4543118277164257,0.4943124531830754
1-0,1-0,0.0003425464776458944,0.44110839818662434,0.5059108627126027
0-1,1-0,0.0002886032731453463,0.4985159423677,0.4563376482703458
0-1,1-0,0.00028595331896176973,0.45267421402229713,0.505731874971023
1-0,1-0,0.00028667226723673895,0.45005936284007714,0.5088632538218854
0-1,1-0,0.00030157637447002076,0.349933744873667,0.6034598169699708
0-1,1-0,0.00027246888901418973,0.46977468392944866,0.49220469922585214
0-1,1-0,0.000422799575937486,0.30929994395945565,0.649248473436628
1-0,1-0,0.0002926645592750068,0.4341877079825333,0.5267472171804035
0-1,1-0,0.00026082535529057865,0.5273296796103417,0.4371280508016805
0-1,1-0,0.00028227102933172494,0.4224284938381934,0.5341443839875721
0-1,1-0,0.0002979857236043197,0.4132614165251907,0.5372728735369023
0-1,1-0,0.00029322500700287553,0.3755449718416986,0.5806588852357101
0-1,1-0,0.0003501684317827303,0.42773823555008966,0.5168481906814483
0-1,1-0,0.0002689291666832877,0.39862485742277043,0.5526698394385633
1-0,1-0,0.000294230771460685,0.4719879988688646,0.4813691061213397
1-0,1-0,0.0002888090168575267,0.45002572104134586,0.5135787114084986
1-0,1-0,0.00028503152550755836,0.5127610321014224,0.4444908781991857
1-0,1-0,0.0002681825170570275,0.39950139987866273,0.5524602322362197
1/2-1/2,1-0,0.0002782560262118992,0.47341445186774783,0.49392301265403155
0-1,1-0,0.0002755079766650782,0.47339507984495743,0.48542300748983985
0-1,1-0,0.0002846147564423507,0.4514229875047735,0.5052736214856298
1-0,1-0,0.00029401459248714056,0.4214975191707931,0.5412862256742172
0-1,1-0,0.0003030951161094392,0.40547572918394514,0.5433245226277953
1-0,1-0,0.0002819165729169225,0.46182617725629077,0.4981969354850091
1/2-1/2,1-0,0.00028108126260134825,0.4205160784366735,0.5397035162575479
1-0,1-0,0.00027241799984217694,0.4828625735119114,0.48194338860644365
1-0,1-0,0.0003008680521808812,0.43998286227009775,0.5122582849122449
0-1,1-0,0.00028023843542404516,0.3963323254210451,0.5531258003232317
1-0,1-0,0.0003239232613781343,0.548297984156492,0.40619799270354845
1-0,1-0,0.0003402020336619762,0.45919726394669547,0.4883231825175896
1-0,1-0,0.00026036935218085304,0.43514932387006994,0.5196951355362499
1-0,1-0,0.0003637981200177426,0.3431865711985,0.612655748524304
0-1,1-0,0.00028343659962564436,0.45233007636876216,0.5099481897625625
1-0,1-0,0.00033420128498313606,0.37870884922634823,0.5791611656481547
1-0,1-0,0.0002786996433945737,0.48687871465657706,0.47157708695879935
0-1,1-0,0.00028175071874207887,0.4791229223130765,0.4773312824445211
1-0,1-0,0.0002731314819963046,0.5050849590498646,0.45613311996250494
1-0,1-0,0.00033769692250813907,0.432920151345873,0.51276944528011
0-1,1-0,0.00029489369315099543,0.48655760457066255,0.46743573851980186
1/2-1/2,1-0,0.00031988016393169583,0.5196410843115116,0.43448436701919924
1-0,1-0,0.0002798513449037581,0.43277135883638546,0.5272393102438572
1-0,1-0,0.00029787794176522596,0.42499737548501804,0.5381702534982328
1-0,1-0,0.00027863395033934343,0.4679313603045105,0.48963167898285803
0-1,1-0,0.00026568982045311967,0.49297181071667834,0.4700132979559749
0-1,1-0,0.00029295134917480453,0.37655397474525,0.5731651853972767
0-1,1-0,0.00027479835125105643,0.47963817507109735,0.4818153959105158
1-0,1-0,0.00026604834912032945,0.5477401675772605,0.4162517197248399
1-0,1-0,0.0002668404805539141,0.5070179908322517,0.45583671227477124
0-1,1-0,0.0002744726702807911,0.44556242658949174,0.5073481100379735
0-1,1-0,0.00040112666456193036,0.4563619069680208,0.4872389275261344
1-0,1-0,0.0002679755199320841,0.4964206886850903,0.46697761792332637
0-1,1-0,0.00028241054814358215,0.4237196050001226,0.5366399534005584
1-0,1-0,0.00029901557751252405,0.508851988628118,0.4457672172727721
0-1,1-0,0.0006013819258404063,0.5541848737851549,0.38931025268313885
0-1,1-0,0.00027071436650329237,0.4806030441852722,0.4810860347767001
0-1,1-0,0.0003044016620458361,0.42253734449533503,0.540077412435042
0-1,1-0,0.00028036852866427205,0.45131074940637655,0.5112795916371865
0-1,1-0,0.00037911581291951845,0.47864582986646487,0.4690478581112147
1-0,1-0,0.0002868582900985299,0.44864381659435437,0.5130053379181516
1/2-1/2,1-0,0.0002927619069229907,0.49215732353546937,0.4623844404084419
1-0,1-0,0.0002734367028800295,0.4720309646352657,0.4917263571799548
1-0,1-0,0.00031350947913937516,0.3617068732154087,0.5963540243850851
1-0,1-0,0.00043047804829273107,0.4748342653464093,0.4685300916764219
1-0,1-0,0.00029089815061493127,0.45043198512721216,0.5036971502116492
0-1,1-0,0.0004880258415849983,0.4916499375034752,0.4506855466652797
0-1,1-0,0.00033482014776470205,0.570411913692618,0.38817554813673977
0-1,1-0,0.0002804313476424257,0.5010777037086107,0.45800579028227045
1-0,1-0,0.0002529885848177656,0.41344486677407577,0.5460714556694136
0-1,1-0,0.0002849561340179781,0.43625549932628166,0.526341199544448
0-1,1-0,0.000287118783606788,0.44301860352420286,0.5187434173757675
1-0,1-0,0.0003239077811371658,0.40265441329191703,0.5419096968693974
1-0,1-0,0.00026899933890105264,0.3715307178440038,0.5825297595814682
0-1,1-0,0.0003552824978725389,0.49482408445322246,0.4561534300546162
1-0,1-0,0.0002963755584287859,0.43060589479241135,0.528577844076307
0-1,1-0,0.00029663778659153424,0.5421365417905795,0.41794080523888755
0-1,1-0,0.0003420602255053636,0.4603946824320616,0.488466593629066
1-0,1-0,0.0002987856277037658,0.4268386483841397,0.5321090704747367
1-0,1-0,0.00028426772268017286,0.45344842023370163,0.5072766967590191
0-1,1-0,0.0003855042370669722,0.5199084797511249,0.4310518082377257
1-0,1-0,0.00023628093114837914,0.48215866716019884,0.4807518751713107
1-0,1-0,0.000290591620925812,0.3504823388098151,0.5977535747870015
1-0,1-0,0.000325870486686914,0.4755903771751794,0.4742898840352257
1-0,1-0,0.0002616689836807893,0.27834191065673297,0.6790180442023943
0-1,1-0,0.00031581862679424844,0.43182512428859865,0.5173566213729788
1-0,1-0,0.00027129354719886953,0.48375315472756125,0.47982167255473407
0-1,1-0,0.00025168719704109514,0.418153635987555,0.5393354122384765
0-1,1-0,0.0002840361860648983,0.4576253121954378,0.5013690591799631
0-1,1-0,0.0002840985445402619,0.45644360464197775,0.5074414285394568
0-1,1-0,0.00041859462766573525,0.4681723322126422,0.47540186408263024
1-0,1-0,0.00027625262510228764,0.46603073161827263,0.493254426690027
0-1,1-0,0.00033511021623532886,0.49615164471734197,0.4561775051495015
0-1,1-0,0.0002790977060370762,0.45898556907594373,0.5033955841238585
0-1,1-0,0.0002736155755165882,0.4569968775507424,0.5057217898207353
1/2-1/2,1-0,0.00026827644785297304,0.47344605277738894,0.4900026039748325
1-0,1-0,0.00039686051057412103,0.3191317633138056,0.6425707501667453
1-0,1-0,0.00030420539734690824,0.5441083827597304,0.4121189696127213
1-0,1-0,0.0004177917360089394,0.45631682912470545,0.48613838122304026
0-1,1-0,0.00034462891097509737,0.4242389877026719,0.5206660466615763
1-0,1-0,0.00035874314162474786,0.36391351666310384,0.5978012595675611
0-1,1-0,0.0002732362771004119,0.3586223729299956,0.5915775522577604
0-1,1-0,0.0002558671673934251,0.42121393263308565,0.5417928112972191
0-1,1-0,0.00027934187311437616,0.42074414879585226,0.5298451963885475
1-0,1-0,0.00030362160261288295,0.3997372985180756,0.56143288831778
1-0,1-0,0.00029257847573897175,0.4334703160666078,0.5202590998447277
1-0,1-0,0.0003585278726904485,0.5715034833240524,0.38551731214623924
1-0,1-0,0.000271154237784906,0.4906316879119469,0.4701482395063082
0-1,1-0,0.0002958470547560607,0.43047522589561504,0.5279224272368991
0-1,1-0,0.00029446425116217583,0.480265443598872,0.47352790445950893
0-1,1-0,0.0002825473289502221,0.45841875014060995,0.5037162642645274
1-0,1-0,0.0003325155002853351,0.3832024385140528,0.5754379192780477
1-0,1-0,0.0002713927119642925,0.47695678031355765,0.48497142286244044
0-1,0-1,0.0008097046282984034,0.7508946496617264,0.21365126235214826
1-0,1-0,0.00027257487339042897,0.49875979488704775,0.462320235270912
1-0,1-0,0.0002905739275339103,0.4117688827993686,0.5368589443532522
1/2-1/2,1-0,0.0002708604195985175,0.4635022538261328,0.49871334127733996
0-1,1-0,0.0003051038684570949,0.4129912852908645,0.5441806898179687
1-0,1-0,0.00029441865270602954,0.43885891926233506,0.5243818325023623
0-1,1-0,0.00028653273854723605,0.4435883499698216,0.519583792449894
0-1,1-0,0.00029396846830756815,0.474686094649261,0.4788994894595099
1-0,1-0,0.00037428504683327416,0.4809668389890882,0.4659777554584223
0-1,1-0,0.0003524809703789999,0.5943762146496706,0.3612744788093205
0-1,1-0,0.00028131444786351083,0.45984949266399266,0.5050428877338818
0-1,1-0,0.00032220731316654426,0.4554186367607313,0.4951798357314188
0-1,1-0,0.0005083192577214859,0.5051315289659278,0.4376004486286426
0-1,1-0,0.00029192467702131053,0.43982581361174866,0.5156104687648261
1-0,1-0,0.00033824726354935575,0.3785598375704727,0.5815972816149519
1-0,1-0,0.0003002462427463026,0.3207923126878408,0.6279268342054618
1-0,1-0,0.00030877690729007334,0.39218649425943025,0.562485307769593
0-1,1-0,0.00031298531152696617,0.4161203880771713,0.5319971941323052
1-0,1-0,0.0002716000581389563,0.48626181987973605,0.47445244636998535
1-0,1-0,0.0002680073550913147,0.5537678618415661,0.40973626642958244
0-1,1-0,0.00027183625921299164,0.4671300629358539,0.49394642232509833
0-1,1-0,0.0002791687154343975,0.44923422939764635,0.5090897908552692
1-0,1-0,0.0002780028194840905,0.45494547834239646,0.5034886161896027
0-1,1-0,0.00028917835622882857,0.45036539011066257,0.5045177260288415
1-0,1-0,0.0002678695719827315,0.47170203154302337,0.4912192785649151
0-1,1-0,0.00026386471556972884,0.5344394544598798,0.4291541136293526
0-1,1-0,0.0003037832244797042,0.4610080498878121,0.4921834116573147
1/2-1/2,1-0,0.0002672956913747222,0.38098270124069467,0.569915616235717
1-0,1-0,0.00027552843234032184,0.47478228670699657,0.486616635472824
1-0,1-0,0.0002610100967418071,0.4125047344364549,0.5420247733450497
1-0,1-0,0.00029857068032175174,0.38532233649839315,0.5626586340976276
1-0,1-0,0.0002769828855188507,0.4486691718309006,0.5105465875054822
0-1,1-0,0.0003720107621395648,0.4666115118589951,0.48045165271729323
1-0,1-0,0.00032580334408552635,0.49370287815518715,0.45955283211798864
1-0,1-0,0.0002941760894416143,0.4306977346706387,0.5242977900489186
0-1,1-0,0.0002749664134759469,0.4551785249696399,0.5071510292538386
0-1,1-0,0.00027845214776629366,0.3828754722659702,0.5659433043135443
1-0,1-0,0.00028121972253593314,0.434670072687706,0.5267386829555397
0-1,1-0,0.0003062541191640232,0.3963863905434857,0.5661692332084975
0-1,1-0,0.0002765871988243522,0.4365367416647654,0.5223770225596662
0-1,1-0,0.00025526979255644904,0.4283875902759817,0.5276476935296068
1/2-1/2,1-0,0.00029778218075971456,0.34380979622561875,0.6060067913732711
1-0,1-0,0.00030702006617541207,0.41271722429944263,0.5459563026194435
1-0,1-0,0.00029270681003627503,0.4237436898084773,0.5253195257992322
1-0,0-1,0.0002864700270244225,0.7077099126304953,0.25748614956804344
0-1,1-0,0.00030895483419368284,0.49028876558181245,0.462106814397991
0-1,1-0,0.00026640360047326407,0.4833743016962324,0.4789674646270884
1-0,1-0,0.0002683676888423704,0.5336192246737398,0.4282041685478057
1-0,1-0,0.00029854151784289767,0.42708460992987207,0.5247097748442717
0-1,1-0,0.00033437752648249797,0.4180213307589193,0.5267260107596452
1-0,1-0,0.0003393104919171259,0.4307112580897006,0.5154053308697623
0-1,1-0,0.00030703266336287445,0.35308493929719437,0.6086047384583296
1-0,1-0,0.00029924778725142235,0.4498065779932931,0.5034030653442906
1-0,1-0,0.000514769426694737,0.26108691063409706,0.698358307477734
0-1,1-0,0.00036019874730814673,0.4370727328692685,0.5077199829309056
0-1,1-0,0.0002666551565336595,0.5135216080933115,0.44925996353202396
1-0,1-0,0.00027698274785772415,0.4642889992165876,0.4994868217040475
0-1,1-0,0.0002897066317052348,0.3863297309614212,0.565352339498007
1-0,1-0,0.00028362199874489165,0.4391916420041216,0.5169721950861559
0-1,1-0,0.0002794698742048813,0.448335184945004,0.5096919295144601
0-1,1-0,0.00029088519412075664,0.4393965237336563,0.5109856628607201
1-0,1-0,0.00027397968788413034,0.467746480340744,0.49529462635560423
1-0,1-0,0.00038702133528436975,0.5133815857505004,0.43697081700647356
0-1,1-0,0.00031117010588777456,0.4030481238547262,0.5427562654217304
1-0,1-0,0.00035798906917678254,0.4362493232725513,0.5081060794597988
1-0,1-0,0.0002960128954217959,0.43213568258748447,0.5298127937380254
0-1,1-0,0.0002705139699401169,0.48040164489182136,0.4832781943111847
1-0,1-0,0.000448810505563062,0.26842505970526687,0.6918346423641061
1/2-1/2,1-0,0.0002644649848897197,0.4938323944615987,0.4697271670759356
0-1,1-0,0.0002737099900241433,0.4725603563075812,0.4894460774961264
1-0,1-0,0.000311087264172875,0.40574084691821455,0.5403364617814598
0-1,1-0,0.00028875212723813065,0.4606391993060551,0.4945277831143311
0-1,1-0,0.0003362987801456735,0.4335916986464415,0.5123046413789951
1-0,1-0,0.00030608962945966934,0.5763303688254215,0.38180825627394394
1-0,1-0,0.00030288788511804527,0.4045125356348954,0.5496140672209998
1-0,1-0,0.0003260803873754765,0.39047685599419324,0.5691887769397078
1-0,1-0,0.0002745899586304471,0.5174723561793494,0.4438991474785175
1-0,1-0,0.0002882710437273398,0.407739224875185,0.545512668374824
1-0,1-0,0.00032543392669552476,0.4363908620780725,0.5104558266451966
0-1,1-0,0.0003054449674646696,0.4741362694882221,0.48017424574294004
1/2-1/2,1-0,0.0002758741849609079,0.40506965056891625,0.5451907659141649
0-1,1-0,0.00027587332357714505,0.441436959908355,0.5201438413432686
0-1,1-0,0.0002933208478654775,0.43314444925491646,0.5197851474753985
0-1,1-0,0.00039443668479463253,0.46294820129797076,0.48201839722989537
1-0,1-0,0.0002863145139708749,0.4799066011305154,0.47756445746992904
1-0,1-0,0.00026691228668305583,0.49284002364508556,0.4695740587141634
0-1,1-0,0.00031505449720444813,0.41113166921286975,0.5361501873035064
1-0,1-0,0.0002961328156807105,0.43090061293846005,0.5288123894845197
1-0,1-0,0.00028585828224619885,0.44805495957053276,0.5143685951730924
0-1,1-0,0.00029210814552042033,0.44440060457840197,0.5090783807171909
0-1,1-0,0.00030712926912308006,0.5867926918878602,0.3750289470186142
1-0,1-0,0.00032670691132494195,0.42556169599696236,0.5215402908296378
1-0,1-0,0.0002979420856290908,0.4229491346614653,0.5283343128948563
1-0,1-0,0.0004869631817599401,0.24649902800342754,0.7142924455799569
1-0,1-0,0.00029759593938620966,0.43292615675163854,0.516222455008987
0-1,1-0,0.0002772807567566734,0.38405974852141483,0.5775246512175697
1-0,1-0,0.00029792981259627396,0.42377708328982366,0.531498596587827
1-0,1-0,0.00027695490693805227,0.47154288832286967,0.48271150773174304
1/2-1/2,1-0,0.00028240589490663947,0.46412443432869316,0.5035423924551793
0-1,1-0,0.00028551265366753175,0.4166815333940825,0.5388039500271952
0-1,1-0,0.0003102494419883522,0.40907664237161856,0.549529598182545
0-1,1-0,0.00028101290996900897,0.42776595149273783,0.5295224195152257
1-0,1-0,0.0002659666322826235,0.3924890655956878,0.560292424787735
1-0,1-0,0.00035941389018882196,0.4078235874048556,0.5342233554735453
1-0,1-0,0.00026849021068546395,0.4680027611966604,0.49466490573401084
1-0,1-0,0.0003073941937531626,0.4041203792275068,0.5418274467230386
1/2-1/2,1-0,0.0004195449048261288,0.4670139164932897,0.4767190688840607
1-0,1-0,0.0003318902543045267,0.43237034307223404,0.5137155526217413
1-0,1-0,0.00035595068432704973,0.4352690364498158,0.5093795540484863
1-0,1-0,0.0002792608289156471,0.45943221006471363,0.5043088571772175
0-1,1-0,0.0002890080989287761,0.4234652397870266,0.539037751782105
0-1,1-0,0.0002970188233745366,0.4247151605352489,0.5310587388026629
0-1,1-0,0.0003309465660363039,0.4505356469106851,0.49692005004512446
1-0,1-0,0.0003411425143687946,0.5130156030789773,0.44084184375597085
0-1,1-0,0.00025271211363758864,0.47299851273363375,0.4986976252824874
0-1,1-0,0.0003278713245701193,0.4440748580401509,0.5047759699413014
1-0,1-0,0.000295021041367656,0.5289591690492889,0.4281139184608666
1-0,1-0,0.00029553007688206404,0.48070146106804396,0.47285815949554727
1-0,1-0,0.00026305110196596425,0.5161196519443685,0.44722835993361604
1-0,1-0,0.0002740220498801811,0.4633836403996045,0.49930174571956437
1-0,1-0,0.0002868683209975174,0.4501286981959166,0.5088485620436828
1-0,1-0,0.0002936847072620261,0.43267737238508025,0.5225133713073165
1-0,1-0,0.0003040550219713885,0.4101051513395714,0.5447863403707198
1-0,1-0,0.00040637661382314055,0.5006720965428654,0.4460827413917591
1/2-1/2,1-0,0.00028298413445655257,0.47665145770615774,0.4799125035964272
0-1,1-0,0.00027458676651461106,0.5048078815525099,0.4553643909964629
1-0,1-0,0.0002874498312383226,0.4446023400004602,0.5173980146760134
0-1,0-1,0.0004454523089992119,0.7002124632656629,0.2609997169853441
1-0,1-0,0.00031651521530753543,0.49899003599278413,0.4557346189695137
0-1,1-0,0.00026939256274805256,0.48101855179996783,0.4786498185325932
1-0,1-0,0.00036987386627047647,0.44532408046821415,0.4995110814740788
1-0,1-0,0.00026397319843913755,0.40543385849859875,0.5553341314563225
1-0,1-0,0.0003119802783752398,0.4496640227299143,0.5017012838232989
0-1,1-0,0.00029817293019603557,0.5820142607653118,0.3802071149716876
0-1,1-0,0.0002747543195126346,0.4763479668822993,0.4864091155654977
1-0,1-0,0.0003299409545987722,0.423447481016827,0.5227418787369873
0-1,1-0,0.00027988500349974385,0.4531189650568998,0.5110802319758061
0-1,0-1,0.000501486440708554,0.8578679710014094,0.11106159859714054
1-0,1-0,0.0005560690779678392,0.20890719736882243,0.7516908609113908
1-0,1-0,0.0002622179276417504,0.5298581588280616,0.4342126425239826
0-1,1-0,0.0003599201372712942,0.4601233167002347,0.4872369400249369
1-0,1-0,0.0002788561255020895,0.4549023744207827,0.5033360824826099
1-0,1-0,0.0002864553783171796,0.45288744520236673,0.5046472528679663
1-0,1-0,0.0002680797671657548,0.5288619773916958,0.433570642559468
0-1,1-0,0.00026564705258795893,0.4909919258177729,0.47250162333049517
0-1,1-0,0.00024097226233447535,0.4622935132740737,0.5015670133600693
1-0,1-0,0.0003081875069038957,0.4125532949798723,0.5505402061162129
1-0,1-0,0.00029128249427119355,0.45732399536293283,0.49662802745601553
0-1,1-0,0.000292156472783279,0.4383082943060858,0.5208708235101647
1-0,1-0,0.0004234787080926957,0.48001809816157986,0.4648296604372185
0-1,1-0,0.0003336134210504917,0.4250535227043751,0.520381322735017
1-0,1-0,0.0003364473477959458,0.3701195970202775,0.5912168848990291
0-1,1-0,0.000285021206636957,0.47281962823182366,0.4844733909210009
0-1,1-0,0.0004032974861323524,0.5061894124750997,0.4424074296637773
1-0,1-0,0.00033964348243659386,0.36607592158111185,0.5900401838297564
1-0,1-0,0.00032265136591004805,0.4927735358643328,0.46086120537531133
1-0,1-0,0.00034738937197765623,0.43377263773412095,0.5113540882460341
0-1,1-0,0.0002901315044977467,0.4431209677412158,0.5128361608510464
1-0,1-0,0.0003120994461148698,0.44674621087567484,0.5043681704764278
0-1,1-0,0.0003313228495812277,0.4209807046370177,0.5250159842792504
1-0,1-0,0.0003681787585471786,0.43847802530361635,0.505457411179857
0-1,1-0,0.0003388503733794022,0.45234230196739456,0.4962213738354018
1-0,1-0,0.00027492769955680154,0.4604628908042456,0.4991472698139347
1-0,1-0,0.00026226784395517544,0.507705562120293,0.45683555890772914
1-0,1-0,0.0002869377311840167,0.4281217794027236,0.5269791337836155
1-0,1-0,0.0003023155030551538,0.4254862894421645,0.522652364152891
0-1,1-0,0.0003750698397811884,0.34546561494044137,0.6146720083563065
1-0,1-0,0.0003511695685962538,0.4352934707540358,0.5102791904005599
1-0,1-0,0.0002688347625094609,0.4878806350360025,0.47395235303868694
1-0,1-0,0.00028372562924602765,0.4437723628645399,0.5197760842811149
1-0,1-0,0.0002764027314061413,0.45238557327527706,0.5091836558839647
0-1,1-0,0.0002715198899460158,0.46695626206920365,0.49417929848579717
0-1,1-0,0.00037414405775064517,0.3465590901180254,0.6128636590554828
0-1,1-0,0.00035693861999870434,0.5978316166868257,0.3578266943665474
0-1,1-0,0.00037266104042045164,0.4501213658674911,0.4947793370002653
0-1,1-0,0.000344949290629419,0.5455455883739941,0.4105959743354278
0-1,1-0,0.00027161044615445044,0.45959828088598154,0.503023137810043
1-0,1-0,0.00029395374415336323,0.4091940680005715,0.5599696790558338
1-0,1-0,0.00029110612394133914,0.4419494533162977,0.5123735527103068
0-1,1-0,0.00034743297734523155,0.47655075985717504,0.4735133495805611
0-1,1-0,0.00032560685188436956,0.40830131119766694,0.5368386011007137
0-1,1-0,0.00036724271466052514,0.3502726722075346,0.6085824479345482
1-0,1-0,0.00032161621931397946,0.42145076786457164,0.5246300137262564
0-1,1-0,0.0003052344708897288,0.472875260362727,0.4812476042443222
0-1,1-0,0.0003646769162242592,0.4727461850515804,0.47558965413868415
1-0,1-0,0.000272308771191551,0.46663962863627834,0.49384180530245614
0-1,1-0,0.0003057211590984465,0.46502281225526665,0.48833095187501196
0-1,1-0,0.0002932180131008899,0.4325514715394722,0.529842990949809
1-0,1-0,0.0002673908247842227,0.4858174025921879,0.4788111846987023
1-0,1-0,0.00034688791259806313,0.4723819083396208,0.4773214312954928
0-1,1-0,0.00029233005812201267,0.4380823043032394,0.5204141566030549
0-1,1-0,0.00026227426257419535,0.38530913408638423,0.5699018360624125
0-1,1-0,0.0003177985546927716,0.42859978992561776,0.5182388558506748
0-1,1-0,0.00027307462883080204,0.4719913583543196,0.4879470692927836
0-1,1-0,0.00028341593800136167,0.4529994932193147,0.5086531367273366
0-1,1-0,0.0002949329969929244,0.4281131901239892,0.5259312471255259
0-1,1-0,0.0003957687972734372,0.5086852019227296,0.4393037490199103
1-0,1-0,0.0002782714128660596,0.45177228697472865,0.5113677229351539
0-1,1-0,0.0002791899395253687,0.4602303907447377,0.51276831375432
1-0,1-0,0.00027818338989256153,0.40403423052084225,0.5613633818134467
1-0,1-0,0.0002795510891514456,0.4628811339549448,0.4949845379382968
1-0,1-0,0.00031383371902614116,0.40177954638669416,0.5434722357475216
1-0,1-0,0.00028853866205549595,0.4485687473993001,0.5061663195719881
0-1,1-0,0.00028202045697693217,0.45403700606071246,0.507324213264673
0-1,1-0,0.00027674343580997375,0.49014257512286863,0.46785931454278074
0-1,1-0,0.0003262072081207799,0.36098404598431666,0.6055705237286758
0-1,1-0,0.00039012002976861556,0.3260897839895316,0.6305221117568601
1-0,1-0,0.0002880726626547335,0.4529450317067223,0.5025818353006413
0-1,1-0,0.00028294629363941786,0.45441594962515763,0.5095864707833623
0-1,1-0,0.00027916230136504897,0.4577562877072971,0.5047249214055113
0-1,1-0,0.0003334305743137685,0.5769141216656389,0.37940151916649395
1/2-1/2,1-0,0.0003188976964293647,0.4582261380569803,0.49279598559834187
0-1,1-0,0.0003101972944294529,0.4098908867794891,0.5503176487487086
0-1,1-0,0.00028784210250642675,0.5322037493336845,0.4280286120302543
1-0,1-0,0.00025857058323954245,0.5119158893709959,0.45306842259391134
1/2-1/2,1-0,0.0002653400968646516,0.506812384416847,0.456657639984495
1-0,1-0,0.00026853614807913244,0.5519656771853058,0.41088101210411004
1-0,1-0,0.0003683929858557836,0.40746034458765956,0.5671421869741397
1-0,1-0,0.00028905816783634895,0.4455703726752468,0.5158509202549709
0-1,1-0,0.00026140788913618,0.4126453268436291,0.5414270364398994
0-1,1-0,0.0003524074271376355,0.4554307652602233,0.49212361090977097
1/2-1/2,1-0,0.0003264233450119206,0.4826858971060088,0.4677286731028122
0-1,1-0,0.0003008069926506654,0.42411635648459306,0.5371182235171506
0-1,1-0,0.0002861813508813627,0.4090079694588345,0.5470282430562871
1-0,1-0,0.0002694898859298348,0.47600673455396686,0.48763308315874815
0-1,1-0,0.00027506074737061574,0.47687919820009617,0.483117747695991
0-1,1-0,0.00026469410196844226,0.4038224543643648,0.5591268173376482
1-0,1-0,0.0002812503875891067,0.4348970078597156,0.5268184236220816
0-1,1-0,0.00027183739314422847,0.4607661062947918,0.5003143812670533
1-0,1-0,0.0003365859395675132,0.43752779492503024,0.5097711907049297
0-1,1-0,0.0003184807417584017,0.4142824889390734,0.5315122495319861
1-0,1-0,0.0004437019337635412,0.49961793803969307,0.44592981664400827
1-0,1-0,0.00027008284837340044,0.46363133493553477,0.4967967485804736
1-0,1-0,0.00032061807616795443,0.42243592486977727,0.5239781480089483
0-1,1-0,0.0003866887244453225,0.4587015062943989,0.4856917472944626
0-1,1-0,0.000276888131752542,0.47124022469968535,0.4904245169590956
1-0,1-0,0.00029600714853006085,0.4180485431384105,0.5351557549240185
0-1,1-0,0.00029536040097327503,0.40441900763184024,0.5567794404589504
1-0,1-0,0.0003038674745204078,0.4147591990073179,0.5424558298048121
1-0,1-0,0.0002762848104116608,0.48588118817903336,0.4737844978755453
0-1,1-0,0.0003403109107747718,0.5320081669195452,0.41984959755826445
1-0,1-0,0.0002870417168438214,0.44942943018628223,0.510478724589525
0-1,1-0,0.00030125085633614775,0.4852329992177173,0.47015479611727246
1-0,1-0,0.00028950374900705086,0.44673198269978903,0.5159575563794586
1-0,1-0,0.0003417492678184898,0.4481075025798504,0.49837876861410607
1-0,1-0,0.00029954464674096954,0.4222569438498725,0.5392052725448463
0-1,1-0,0.0002933266399388465,0.4978553358699133,0.45945046332297296
1-0,1-0,0.00026690171692434687,0.48362591836969254,0.4782096372629382
0-1,1-0,0.00027441635128679385,0.4467152256398478,0.5150428784971697
1-0,1-0,0.0003270971577638234,0.3922078602486768,0.5705467163804783
1-0,0-1,0.00026770755788481013,0.6155389190068922,0.3505466476296276
0-1,1-0,0.00029088944172052925,0.4419679607257663,0.5203127519181917
0-1,1-0,0.00035230392443477693,0.48938504013056044,0.45967495387058493
1-0,1-0,0.00029359265271730974,0.44638071075745184,0.5063780546382057
0-1,1-0,0.00029549946349551287,0.4684761186994147,0.48467733015301
0-1,1-0,0.00026169473065988517,0.542766188238736,0.42139570878638766
1-0,1-0,0.00030751228465840445,0.4139824767175646,0.5456535317648626
0-1,1-0,0.000330368305159432,0.4446155168793043,0.5039854673069614
0-1,1-0,0.0002959698605634876,0.4235804084513551,0.5387655981493052
0-1,1-0,0.0002873475819232918,0.47197019191882006,0.48326054949012615
0-1,1-0,0.000378121745879883,0.4415861027638431,0.5021102357402125
0-1,1-0,0.00028505201481907787,0.454083355331319,0.5081597411449917
0-1,1-0,0.0003248246084821005,0.3843145433955479,0.5724696253993511
0-1,0-1,0.0007681895830332053,0.7584656090206248,0.2063169054386795
1-0,1-0,0.00028574985315804613,0.37599107503624396,0.5719179196032375
0-1,1-0,0.00033090965363767757,0.3904758242575425,0.5708028883654797
1-0,1-0,0.0003376386728165713,0.4178519579372595,0.5273565453848614
0-1,1-0,0.0002978078072860376,0.3725960918176894,0.5830324776598963
0-1,1-0,0.0004076419988683266,0.3122558594402969,0.6447989717403516
1-0,1-0,0.00035845370591822205,0.45900906490633,0.48838701635049103
0-1,1-0,0.0003476779409858067,0.4291147965585789,0.5155049042680813
0-1,1-0,0.0004283552910672882,0.5043903817683607,0.44247272596962484
0-1,1-0,0.000324923390668107,0.42026153643254566,0.5264161033738697
1-0,1-0,0.0002869824812472482,0.3920126620109506,0.5616183168735607
0-1,1-0,0.0003852534224032038,0.45268945392083054,0.49171448921112665
1-0,1-0,0.0003418269684760479,0.38465105985936515,0.5867380697236992
1-0,1-0,0.0003585579059081852,0.4256458469442064,0.5182720619832264
1/2-1/2,1-0,0.00029520381100344497,0.40721310099571445,0.5542655759100696
1-0,1-0,0.00029495731184346483,0.3719843113524986,0.5916355432085318
1-0,1-0,0.00028934159701081744,0.4408412431295709,0.5218674413628256
1-0,1-0,0.0002704177687512162,0.4937184356403263,0.46837568001199775
0-1,1-0,0.00028139033359466623,0.46024202017947935,0.5033910908798871
1-0,1-0,0.00030187972622316614,0.5097926210044547,0.4449316684754115
0-1,1-0,0.0002799730869860261,0.47058358020411,0.4888671146267957
1-0,1-0,0.00027301775970735835,0.46236740717703734,0.5003253641192988
0-1,1-0,0.00028869814424468715,0.38893661764320503,0.5666011061374896
1-0,1-0,0.00030058913031259896,0.43152576772375933,0.5308656825737197
1-0,1-0,0.00025523372017186507,0.52296055608484,0.4438571670237104
0-1,1-0,0.0003168542527462535,0.4379650228086609,0.5097966463486979
0-1,1-0,0.0002845474983553447,0.4572457506851915,0.5011685121135275
1-0,1-0,0.0004072522777632606,0.4597127670412656,0.4838704328829521
1-0,1-0,0.00031237492031230903,0.40078638050022153,0.5558307280079807
1-0,1-0,0.00027155479998257473,0.4663110548806002,0.4959930041884549
0-1,1-0,0.00028423888962743094,0.45688722836861684,0.5022031051961829
1-0,1-0,0.0002688009838828322,0.500229834135026,0.4616395425632308
0-1,1-0,0.00026562234661098067,0.5178677333559074,0.4448418721323655
0-1,1-0,0.0002885158129144792,0.4220462551674185,0.5274783473668209
0-1,1-0,0.0002935147409499899,0.3640792760626166,0.5835724250522315
1-0,1-0,0.0002819842741134198,0.45915928372084014,0.5014845656872259
1-0,1-0,0.00035847234326093615,0.4423546436849292,0.5027111732889374
1-0,1-0,0.00026361526549364587,0.47354448723465653,0.4908789811829188
0-1,1-0,0.0002887185462017361,0.4476406656379125,0.509260984597121
0-1,1-0,0.000363669483494071,0.44399914317249906,0.5012901616417933
0-1,1-0,0.00025909518515721105,0.5237830601117035,0.4392146337564599
1-0,1-0,0.0002746211423441991,0.4523813670177848,0.5093479321221939
0-1,1-0,0.00031256828271591583,0.422542651160264,0.5262713466977362
0-1,1-0,0.0003428803611884751,0.45704391349943635,0.49154073761761485
1-0,1-0,0.00027730788944768545,0.4665194707759799,0.4972339761834465
0-1,1-0,0.0002971390331034036,0.41370509569371433,0.5479983259208163
0-1,1-0,0.00030640559632470136,0.41374018808423896,0.5446487100576499
0-1,1-0,0.0002691154920127334,0.45189763799339455,0.5021482519301358
1-0,1-0,0.00038739494805674953,0.45552337037528445,0.4890098193814801
1-0,1-0,0.00026286476163199133,0.5184504685387662,0.4452967531027238
1-0,1-0,0.0002878154577483674,0.4469422478922495,0.5128910463037882
0-1,1-0,0.0002894172685944715,0.38416918590251287,0.56915661239151
0-1,1-0,0.0003567942822134024,0.46814466144807493,0.48030919532358296
1-0,1-0,0.00027980054362358373,0.4519492335600074,0.505339907499893
1-0,1-0,0.0003220227862967786,0.4654506986796392,0.4860135283456182
0-1,1-0,0.0002561353157506955,0.418458788310807,0.5416911434264144
1-0,1-0,0.00032365730424161723,0.4125796428397569,0.532743318882635
0-1,1-0,0.0002818257912702109,0.5070583803859573,0.44907524516175373
1/2-1/2,0-1,0.001965533074821148,0.6296826202755536,0.2610918951394212
0-1,1-0,0.00029716528503535275,0.48298831029742845,0.4703831234150032
1/2-1/2,1-0,0.0002934840142312844,0.4344624424586694,0.5220645397068292
0-1,1-0,0.00029068805479089154,0.42085500536307996,0.5415472433915873
0-1,1-0,0.0002736535210936946,0.37327012452976155,0.5770263463003878
1-0,1-0,0.0003194409842469632,0.397558364116373,0.5636101877612993
1/2-1/2,1-0,0.00025036245736264067,0.42354501725421145,0.5392931820358318
0-1,1-0,0.0003019799048451626,0.46116503878393167,0.49229688778893477
0-1,1-0,0.0002926631951911343,0.4102023775301338,0.5503732676817581
1/2-1/2,1-0,0.0002707501296923771,0.4866563629283152,0.4862808727589418
1-0,1-0,0.0002602930626335672,0.5315011087613434,0.43311058521526724
1-0,1-0,0.00032136572213799176,0.41952094664588263,0.5276321762593686
0-1,1-0,0.00042449989744872894,0.30253127410787184,0.6551631106943456
1-0,0-1,0.00041720207339834923,0.6339138621428136,0.32425706962879164
1-0,1-0,0.0003624610694089031,0.5187140532796615,0.4339259566415772
0-1,1-0,0.00026384299613180305,0.48458021177837973,0.4793469655527523
0-1,1-0,0.0002952284123203549,0.4365497003072767,0.5164801881871101
1-0,1-0,0.00027844026512904114,0.43848328734162473,0.5223851739734859
0-1,1-0,0.00027520353711845964,0.5821668985478262,0.381722577935621
1-0,1-0,0.00034551373616685847,0.43229338983914417,0.5134622501985934
0-1,1-0,0.00030529584975172246,0.4758005884702613,0.47859863281496084
1-0,1-0,0.0002732530302935401,0.46478994807777413,0.4985292370255811
1-0,1-0,0.00027224371861800503,0.4673340493979569,0.4930224654082192
0-1,1-0,0.0003675915603762265,0.4411329703808352,0.5030414716051369
1-0,1-0,0.0005224315216993371,0.5064765391478913,0.4357063735321355
0-1,1-0,0.00032673870219619586,0.429286132529162,0.5182665906917909
0-1,1-0,0.0002917677386464025,0.4387343370657869,0.5226108038089322
1-0,1-0,0.00029313790732035373,0.42953557273393456,0.5323561622600492
1/2-1/2,1-0,0.0002943061396352488,0.43190522259037817,0.5238042482979133
0-1,1-0,0.00027132335448193693,0.5032676578984078,0.458044871302323
0-1,1-0,0.0002686302403579268,0.48385018875587754,0.48005758533320564
0-1,1-0,0.00027135360212017496,0.4688412116442545,0.49096658196429477
0-1,1-0,0.0003773375741313826,0.4528378324551582,0.49222212422664097
0-1,1-0,0.00037451062395463155,0.45696120579139,0.4888796212160672
0-1,1-0,0.000284049152227403,0.4316044416875435,0.5304666889687225
0-1,1-0,0.0002937766381813288,0.38587743829846416,0.5638977192449813
1-0,1-0,0.00032031766439955607,0.3853764928780746,0.5761266354343602
1/2-1/2,1-0,0.00026450732926663174,0.4729328981047315,0.4911071416971211
1-0,1-0,0.0004352789706665306,0.4778596165069185,0.4657834346732465
1-0,1-0,0.0002865654931090138,0.4472739818770358,0.5140940136747512
1-0,1-0,0.00037409720795655903,0.4680693442494604,0.4778249282967043
1-0,1-0,0.0002633374966301962,0.4146311570791574,0.5494263363858
1-0,1-0,0.00035265820822458915,0.43221913261079764,0.5122196841943839
0-1,1-0,0.0002712098327892267,0.48036026066707144,0.483941247995647
0-1,0-1,0.0004999336599852971,0.8812420732697023,0.0884098391996746
1-0,1-0,0.000333134642140981,0.37966734442974165,0.5783182616391364
1-0,1-0,0.00027600112243719146,0.4477623627036987,0.5137379314561578
0-1,1-0,0.0003115749082997084,0.40651769824519396,0.5561140694657938
1-0,1-0,0.0006636821068798221,0.5572744699061122,0.38420881197916945
1-0,1-0,0.00028077938698225103,0.4233486666023519,0.5347066781016875
0-1,1-0,0.0003124706626519994,0.4686076139921136,0.4837290777610543
1-0,1-0,0.0002872394369896679,0.4904881644889743,0.4671975394172181
1-0,1-0,0.00027758933885679447,0.4588368993912766,0.5043786000693327
1-0,1-0,0.0003412623364537678,0.3796654357449035,0.5814991394280397
1-0,1-0,0.0002935609377383912,0.43463023766916475,0.5289378042490225
1-0,1-0,0.0002619728686726577,0.417588047553317,0.5365400366530066
0-1,1-0,0.00026664073864150235,0.48111921930662666,0.4821582528794252
1-0,1-0,0.00026414194722464954,0.4950042710131565,0.4693208148000501
0-1,1-0,0.0002806448286127795,0.45852593274743275,0.5035946377662576
1-0,1-0,0.0003032661274214,0.41821070459233006,0.5413418588919814
1/2-1/2,1-0,0.0005913891556294015,0.5041877182484258,0.4347929416603835
1-0,1-0,0.0004039181448173861,0.2615447327950758,0.6947815434708964
1-0,1-0,0.00048017267713895397,0.22979912884595613,0.7289351586448646
0-1,1-0,0.0003274259019046871,0.35466741654373185,0.6053372991364392
0-1,1-0,0.00032103652456937586,0.4033295828212397,0.5591836513266117
1-0,1-0,0.0002686906670031593,0.47428860004915563,0.48853812768471516
0-1,1-0,0.0003868965983383725,0.48328882703266424,0.46423815793636264
1-0,1-0,0.0003160305473684713,0.4076900291806555,0.5556100086938363
0-1,1-0,0.0002717247646147033,0.4860892055855642,0.47617911088555603
0-1,1-0,0.0002641835018328975,0.4998135672518585,0.4633626467403734
0-1,1-0,0.00028752356456247113,0.5321167514622178,0.4280912820140887
0-1,1-0,0.00027806125292455984,0.47471665280475717,0.4851247194151248
1-0,1-0,0.0003282511839249231,0.441768234015323,0.5069230899675549
1-0,1-0,0.0005009458001899278,0.5041045357830174,0.438572105076046
0-1,1-0,0.00026731721360292884,0.5136223304625073,0.4488076036128898
0-1,0-1,0.0003740736530941183,0.6589561255044988,0.3003142412345247
0-1,1-0,0.0003401294686753453,0.3733716035696838,0.588878995281276
1-0,1-0,0.00028256461342776986,0.5589342429570479,0.4018798076484058
0-1,1-0,0.0002717837650507372,0.48537979181908286,0.4767727615599572
1-0,1-0,0.0005340406458799609,0.5144450014301964,0.4280569613878696
1/2-1/2,1-0,0.00026064071706320897,0.4999035584237662,0.46519182626646033
1-0,1-0,0.00027242852063764385,0.4572586922613924,0.5055212039824641
1-0,1-0,0.0003246405480446253,0.41436211854881083,0.5312958646064417
1-0,1-0,0.0003756389761930558,0.45065508750790434,0.4942886746483892
0-1,1-0,0.0002466024789853359,0.44489785756665023,0.514305522548093
1-0,1-0,0.00030984774757703514,0.4540363981152118,0.49782954722669237
1-0,1-0,0.00027596884243222513,0.37764726437111956,0.580964656154268
1-0,1-0,0.00035055057360700964,0.5218808242301652,0.43173377216513636
0-1,1-0,0.0002677471040287565,0.52092711755178,0.4416000994119816
0-1,1-0,0.0003135675524706135,0.568409424154179,0.38890575397993027
0-1,1-0,0.0003184414752726233,0.4724663149370728,0.48000075598106096
1/2-1/2,1-0,0.00026901404870865965,0.42838087438448247,0.524544125211135
1-0,1-0,0.00028658207774830266,0.3990682745119346,0.5493571391690829
0-1,1-0,0.00029197114575819607,0.42770665989310636,0.5337916561821383
0-1,1-0,0.00025680562529558374,0.42332478002308405,0.5389708188992118
0-1,1-0,0.00035906771689148625,0.47324794453021835,0.47545604337409036
1-0,1-0,0.000303766720543964,0.49522372312946805,0.4580765830020829
1-0,1-0,0.00029431877998322445,0.4003845309084257,0.5470089888227614
1/2-1/2,1-0,0.00029939432515502544,0.5131471344714607,0.4412728310408313
0-1,1-0,0.0002922789088524606,0.4328669429055193,0.5307055747073391
1-0,1-0,0.00034364809480287253,0.427204241893883,0.51815890142584
0-1,1-0,0.0003287984906774774,0.4537676641691156,0.49596300745558203
1-0,1-0,0.0002703720802297588,0.5109622094450579,0.4509245523135256
0-1,1-0,0.00037755375204049453,0.4820429319362808,0.46602211192410187
1-0,1-0,0.00034135144451682617,0.3893402228667452,0.58131085509427
1-0,1-0,0.00027725689906876613,0.486571413474418,0.47266486172836697
1-0,1-0,0.0003066195383367228,0.5335943398301917,0.42191893695957144
1/2-1/2,1-0,0.00030834753506731727,0.39798863472289037,0.556495672511618
0-1,1-0,0.000295903459752797,0.551666187066596,0.40722476449588435
1-0,1-0,0.00030922526011465377,0.41642011038478555,0.5448987202747095
0-1,1-0,0.00030773128003850063,0.4151673423701486,0.533698758572488
0-1,1-0,0.00043218416753150045,0.30470103423400036,0.6566917504400559
0-1,0-1,0.000961078742179044,0.920292464503754,0.036821300279741544
0-1,1-0,0.00025603996614898076,0.4438234540827596,0.5123995493297201
1-0,1-0,0.00026979395908330106,0.49934230283506004,0.4620458666507217
1-0,1-0,0.0002948482590624842,0.4257327758104008,0.5283618203806609
1-0,1-0,0.00027128342170482003,0.47441792768312185,0.48867884367370085
0-1,1-0,0.00030406372286262293,0.39616451221181614,0.5515730231780349
0-1,1-0,0.00027504036151016154,0.49149188090612717,0.4686147967319073
0-1,1-0,0.0003451566812664491,0.4269409781487529,0.5178459343655006
0-1,1-0,0.0002832851322911226,0.4449457862508547,0.5111150401148871
1-0,1-0,0.0003998965181613494,0.47857245784155805,0.4676210945997665
0-1,1-0,0.00032928527958778057,0.38199466282243555,0.5753600490965864
1-0,1-0,0.0002954372903946401,0.46621523255471853,0.48873470559148324
1-0,1-0,0.000277144222717932,0.35018586446953665,0.5988960955788547
1-0,1-0,0.00028673637768698824,0.4562228074479446,0.5082112420574711
1-0,1-0,0.0002621601620827384,0.5126423968676806,0.4514112647519391
0-1,1-0,0.00030643985965864563,0.511902625689244,0.44495833423421294
1-0,1-0,0.0002549509347642775,0.41859216621871786,0.5379388073870837
1-0,1-0,0.0003516571849375942,0.48740311232137734,0.463067180772332
1-0,1-0,0.0003627314899849224,0.5205240430729865,0.4321948566821125
1-0,1-0,0.00029903288361346665,0.4055701569240375,0.5637701935200758
0-1,1-0,0.0002986589907019972,0.42831534058669385,0.5341203854558605
0-1,1-0,0.0003133075035150299,0.40261947759267785,0.5554583157945794
1-0,1-0,0.0003166978065900571,0.4027113111898707,0.5573389499445194
0-1,1-0,0.00029792813461403095,0.40785794936283026,0.547554376699977
1-0,1-0,0.00029629533485393887,0.4326774385228874,0.5296812062299135
0-1,1-0,0.00035638993676606926,0.4464880565573445,0.49979056776577385
1-0,1-0,0.0002837808022787226,0.47617646869738117,0.48141669199666326
0-1,1-0,0.00027779267580648316,0.46305926945102177,0.5002119360646072
1-0,1-0,0.00028397195329529047,0.48181985199850214,0.47521068147874784
1-0,1-0,0.0003081483505333164,0.38718951773192906,0.5802313424084262
1-0,1-0,0.0003677912280442071,0.49769834882091546,0.4527677356623008
0-1,1-0,0.0003233373424857208,0.4333531939279999,0.5133663844059455
1-0,1-0,0.000281941283757207,0.4240586802812355,0.5334046854259106
0-1,0-1,0.0007339891895385926,0.7061910467588224,0.24495877614559974
1-0,1-0,0.00030235527863099304,0.4220469189678015,0.5394157930358411
1/2-1/2,1-0,0.00028197841980010435,0.4620089543516335,0.49801921355928314
1-0,1-0,0.00029452646445523174,0.4334377170016522,0.5297239187265961
0-1,1-0,0.0002744513715975957,0.4649614393045564,0.49843440468098754
0-1,1-0,0.00026244164483465077,0.4013504394675952,0.5587949014755671
1-0,1-0,0.0002832934307393501,0.39236564715589206,0.5724875954840639
0-1,1-0,0.000328646832843893,0.3894490855329321,0.570693428465361
1-0,1-0,0.0003036832478140776,0.3917948450248018,0.5689392206548888
1-0,1-0,0.00028664367007392907,0.4406310097052775,0.5224190211903629
1-0,1-0,0.0002775995091595706,0.4293607298916419,0.5396614840820931
1-0,1-0,0.0002784138983077204,0.43673159576116544,0.5232744481119764
1-0,1-0,0.000285535924722169,0.4659420440846896,0.49035969215068753
1-0,1-0,0.0002797797585359201,0.4633495960682021,0.498920820203321
1-0,1-0,0.000267418336182321,0.5033921793381121,0.4593201439720869
0-1,1-0,0.0003234026068816962,0.4531520958049233,0.49512843874253565
0-1,1-0,0.0002673696963321632,0.48059657601152117,0.48200911046807354
1-0,1-0,0.0003762824912154425,0.4491245046662895,0.4952052714136578
1-0,1-0,0.00047251490457155714,0.49013238847977053,0.45282327697850394
1-0,1-0,0.00027742520224947474,0.437707557946644,0.5218696393843735
0-1,0-1,0.0014816893427309636,0.9103201202223846,0.02992790951498956
1-0,1-0,0.0003214306826969246,0.40329001874305376,0.5589040216323093
1-0,1-0,0.00028088803904635146,0.36412768081263347,0.5945718758600699
1-0,1-0,0.00029490559170304895,0.4942491980397326,0.4601547714123111
1-0,1-0,0.00028376030751571367,0.4120593494941189,0.545523211644672
0-1,1-0,0.00034599326589958854,0.4258912480116154,0.5185956885006469
1-0,1-0,0.00033533434393219215,0.4130089202590641,0.5314324144607239
1-0,1-0,0.00027473933363448357,0.4545073052776723,0.5052641186348542
0-1,1-0,0.00030185016422584304,0.4158593079507031,0.5399871257252767
0-1,1-0,0.00032841592466458826,0.44113940241606975,0.5074457480382664
1-0,1-0,0.0002899719005992095,0.4450901555841386,0.5116270156103574
1/2-1/2,1-0,0.00027540593174100623,0.5300535862017522,0.4318132010105354
0-1,1-0,0.00036247492330734876,0.36174451572768124,0.6018151484122349
1-0,1-0,0.00026017033177673515,0.5126707358395262,0.4521037696390869
0-1,1-0,0.0003220329110258278,0.5386895183047766,0.41854601688681503
1-0,1-0,0.00037410247404859515,0.3472672272786783,0.6131571856856437
0-1,1-0,0.00041489231975654284,0.45817136382367746,0.4844631054931654
0-1,1-0,0.00031565969939918113,0.4908795625332205,0.46325746522020106
0-1,1-0,0.00028717103143842697,0.442139378231841,0.5195949460466198
0-1,1-0,0.00026572321216293966,0.49226556279975237,0.47199452590962515
1-0,1-0,0.00033543479993152826,0.4697091475108568,0.48071394257547884
1-0,1-0,0.0002942944996137774,0.4745453806144362,0.4810896998032806
1-0,1-0,0.0003045749494623681,0.45321755523383395,0.4993936750520151
1-0,1-0,0.0002883583915931764,0.4064530309706077,0.5615301625126504
1-0,1-0,0.00027675158250914026,0.49252539393477623,0.46683850831249923
1-0,1-0,0.00029362316050826403,0.4585796125053081,0.4960643825661869
0-1,1-0,0.0002704214414629747,0.4691063036999059,0.49409667477394653
0-1,1-0,0.0002738575309218807,0.4956610442470993,0.46393572462490207
0-1,1-0,0.00031790542957406816,0.39640574282032137,0.563438466490565
1-0,1-0,0.0003316231108183853,0.4272719631702963,0.5183071895637154
1-0,1-0,0.0002739510229775987,0.45639305458896123,0.5047589801916238
1-0,1-0,0.0002922862964510481,0.44791683486092626,0.5053618732316054
1-0,1-0,0.000311203501850975,0.44930995301214904,0.5021155448854573
0-1,1-0,0.00027834561815646335,0.45100472610668696,0.5213604656551237
0-1,0-1,0.00041917507265446224,0.737755706413648,0.22685370779117947
0-1,1-0,0.00037015817344858263,0.43631193396079326,0.507386510557732
0-1,1-0,0.0002710893053913106,0.47160793406502444,0.4894554466704093
1-0,1-0,0.0002370216807531703,0.5699373153359455,0.4003166190623246
0-1,1-0,0.0003271678788786714,0.44965677773375634,0.4999548491710052
1-0,1-0,0.00029073947984797514,0.3679344407914265,0.5790406953671521
1-0,1-0,0.000297736009294839,0.4345578758288754,0.5298700633504619
0-1,1-0,0.000304502514452191,0.4160081401446849,0.5424980068966291
1-0,1-0,0.0002831154757373301,0.43270708841247596,0.5289481206934864
1-0,1-0,0.0003205924201673485,0.45898225271186666,0.4921893437238162
1-0,1-0,0.00028327806622308434,0.39543480899448324,0.5701799984228778
0-1,1-0,0.0003493170537308192,0.4307850835378085,0.5143562550653086
0-1,1-0,0.00027614520823692265,0.3946504357724463,0.555314715775466
0-1,1-0,0.00029774496377541897,0.43857431691335674,0.5139603029069114
0-1,1-0,0.00025134230944415595,0.4594919297189028,0.4983086292907102
1-0,1-0,0.0002712656120676807,0.4572714901600858,0.5031140637306729
1/2-1/2,1-0,0.00028769062994883236,0.45448216963040733,0.5085981851195357
0-1,1-0,0.0002812244026002825,0.4643932770336845,0.493395494871818
1-0,1-0,0.00028126447998967803,0.4380511825838654,0.5232668214140727
1-0,1-0,0.0002786661329216382,0.4976968193368376,0.46101729784459167
0-1,1-0,0.00026613952080484763,0.4881954905463534,0.47695373105681327
0-1,1-0,0.00026923928030556294,0.5446651776084412,0.4187449712948551
0-1,1-0,0.0002678829199151781,0.4711666286611211,0.4915412563860505
1-0,1-0,0.0002694551004518983,0.4861027498450895,0.47734930488195104
1-0,1-0,0.0002710936955740596,0.3781349895302979,0.5796145716920612
1-0,1-0,0.0002932106745165177,0.43691955437108154,0.517940235826174
1-0,1-0,0.0002796290807434014,0.4644192688036937,0.4983967010844424
1-0,1-0,0.00031550335630867215,0.38798554564359394,0.5714408284540468
1-0,1-0,0.00032427119238528836,0.5492915313658701,0.40529763906368893
1-0,1-0,0.0002994352313222127,0.40175201717495396,0.559878873286505
0-1,1-0,0.00027699649223141394,0.46424188471085914,0.4999574837338638
1-0,1-0,0.0002968467646464177,0.41903634891758035,0.5434822941413457
0-1,1-0,0.0003080176363686415,0.44631297956183874,0.5027779529184326
1-0,1-0,0.00025878065134865986,0.4481296674307668,0.5076615456663344
1-0,1-0,0.00028797298626824627,0.44734377106522094,0.5131653879294266
1-0,1-0,0.00034352423996668113,0.4742134751358572,0.4760353178233521
0-1,1-0,0.00035699092757959626,0.4424689078220759,0.5033105930341529
1-0,1-0,0.00031404088054742894,0.42204573860114636,0.5265091021178423
1-0,1-0,0.0002812860142682058,0.4847856451967046,0.4725872023698807
0-1,1-0,0.0002877753046256918,0.44765859903685845,0.511618345595438
0-1,1-0,0.00031080449955878087,0.39670216869507696,0.5583014495023623
0-1,1-0,0.0002950845924078593,0.39724626597868157,0.549913304746647
1-0,1-0,0.0002823194008574765,0.4384416759057037,0.5179509595320403
0-1,1-0,0.00033979424782857416,0.48119713740096853,0.4697595629333822
1-0,1-0,0.00031613811316927076,0.4068156221267827,0.5389289436044081
0-1,1-0,0.0002684359522875138,0.5135955411477883,0.4481815910434582
0-1,1-0,0.00027923069037038537,0.4614294424879173,0.5028798302306369
1-0,1-0,0.00027949091589072033,0.46467816551950863,0.49676786956353636
1-0,1-0,0.0003107672957069859,0.39550163054933035,0.5503853634823845
1-0,1-0,0.0002839007625543247,0.5484173068466244,0.4130517001026759
0-1,1-0,0.00036369679269915387,0.4409035010822014,0.5034436566949142
0-1,1-0,0.0002753138238188392,0.46765992324124606,0.493857304717396
1-0,1-0,0.00026452315343130685,0.544515127996656,0.4194969922549645
0-1,1-0,0.00027949623069363597,0.40035345213231704,0.5647834675595275
1-0,1-0,0.0002751288015757135,0.4877767598224807,0.4716242262964902
0-1,1-0,0.00027085536477905215,0.49146085477179013,0.4706826259838363
1-0,1-0,0.00031241137869503335,0.4040588939047968,0.5430745563524292
1-0,1-0,0.00043777482297060625,0.22849092816672084,0.7278231509525738
0-1,1-0,0.00027566357790730073,0.46844118686020425,0.49354127068806597
1-0,1-0,0.0002513571126403669,0.5802655456464968,0.38539218017600235
1-0,1-0,0.00031844950325983046,0.3978084082113548,0.5610202075263222
1-0,1-0,0.0003106302339286592,0.4417626460216957,0.5067419093421046
1-0,1-0,0.00037255680094549576,0.45995023714085886,0.4863825501465969
1-0,1-0,0.00033391146275864997,0.46237094346441726,0.48751828825546356
0-1,1-0,0.00024640442502977215,0.4409994479050495,0.5203128945623873
1-0,1-0,0.0005279872245885603,0.22444242554527405,0.7364210961859812
1-0,1-0,0.0002512538157740073,0.4296336778063159,0.5276669347652189
0-1,1-0,0.00032694979925486557,0.43232223746577,0.5155390958087295
0-1,1-0,0.00041013058439319213,0.47467854583859204,0.4704594809015224
0-1,1-0,0.0002780207121231043,0.4134589769412979,0.5368810401473657
0-1,1-0,0.0003113935184513995,0.4091256663181747,0.537262626716686
1-0,1-0,0.0004348983240852624,0.4801079031911897,0.4634674761500722
0-1,1-0,0.0003322062151945484,0.4730753919409567,0.4779638656178308
0-1,1-0,0.00027861418045871297,0.4601715709655509,0.5034818720891896
0-1,1-0,0.000346190376915154,0.35402878625730416,0.6066113661758253
1-0,1-0,0.000420119496789194,0.5019780019776385,0.44520237317872813
1-0,1-0,0.0002957565139128543,0.4431049823770476,0.50896283298471
0-1,1-0,0.0002908641657698325,0.4900917529406115,0.4674803327799005
1-0,1-0,0.00035519876583151874,0.4369479251683167,0.5083656420852196
0-1,1-0,0.00027007980326809966,0.4642583273747972,0.4979176712238768
0-1,1-0,0.0005407225638591691,0.5185302351072364,0.42407466197843596
1-0,1-0,0.00038523675628010203,0.5710669521609576,0.3840287750539531
1-0,1-0,0.00026957309252481713,0.4677881959450265,0.4948132683643412
0-1,1-0,0.0003778570546207967,0.4559395857304658,0.48953901430038843
0-1,1-0,0.0003679128894433849,0.4254159269154706,0.5173420045578244
0-1,1-0,0.00034834856893946483,0.43310281536704315,0.5117453450689717
0-1,1-0,0.00028168482168415364,0.4433139835875275,0.5195451636700249
0-1,1-0,0.0002676251052875752,0.3818477112366658,0.5752980074254203
1-0,1-0,0.0002725766587454596,0.4558247114649134,0.5044901657288936
1-0,1-0,0.00028193003137243195,0.4489067568569196,0.5142850317922338
1/2-1/2,1-0,0.0003513432291543888,0.5957566607116722,0.3602498877783395
0-1,1-0,0.00028034810987025,0.37253832837353734,0.5759972552378035
1/2-1/2,1-0,0.00029547561272753593,0.39152100435105724,0.5680728443311825
0-1,1-0,0.00028288522276732057,0.5461685635190701,0.41338665601882213
0-1,1-0,0.0002664238574761536,0.3910570637614615,0.5662804110559746
0-1,1-0,0.0003138132346473227,0.410021358599048,0.5509617530159515
0-1,1-0,0.0002733078326934712,0.4537796549083123,0.5065246343690745
1-0,1-0,0.0002878786976226738,0.4756018552910648,0.4777071888081655
0-1,1-0,0.0003008375735911335,0.4011119062113169,0.5678724797863641
0-1,1-0,0.0003314030961155973,0.5040979422234014,0.4495167443861788
0-1,1-0,0.0002714016224579941,0.4851370844860868,0.4758587654975526
1-0,1-0,0.00026143052965093964,0.39943878660856413,0.5596412481973699
1-0,1-0,0.00026584172202186813,0.5282494803549863,0.43479338732362016
1-0,1-0,0.00040436630219901925,0.49242753756016405,0.4550235074890633
1-0,1-0,0.0002984383663379344,0.38596670646215575,0.5800554194291101
1-0,1-0,0.000273556048231268,0.5060981402677004,0.45460620990375
1-0,1-0,0.0002844144515731841,0.45013945908517017,0.5134483485022847
1-0,1-0,0.0002692346539042735,0.49510241014924944,0.46667200945320286
0-1,1-0,0.00028919379172744135,0.4407688633721038,0.523060932927887
0-1,1-0,0.0003574815741748707,0.5117883985569905,0.4405065146976328
1-0,1-0,0.0003503241862715758,0.44140702396534626,0.5048579877787338
0-1,1-0,0.0003310531851049474,0.43191317554219955,0.5154198028736957
1-0,0-1,0.00027028760196772455,0.7001696607704446,0.2710698942126928
1-0,1-0,0.00033341289383756586,0.3796093240113763,0.5839769870072765
1-0,1-0,0.0004411168342291563,0.4846184078497026,0.45959151133659315
1-0,1-0,0.0002792054693659418,0.46255886155099085,0.49564725490731343
0-1,1-0,0.00028196767708342046,0.46446342286720227,0.4918139921514533
0-1,1-0,0.000280942437021749,0.46967095577277995,0.4890152462554323
1-0,1-0,0.00028662482647902115,0.44664965482577207,0.5085453416323417
0-1,1-0,0.00027323944721388587,0.4615452028148675,0.5014833753227108
1-0,1-0,0.0003333998615855415,0.3796298653530822,0.5783541968253849
0-1,1-0,0.00027858795428901105,0.45483613113851823,0.5085192445564867
1-0,1-0,0.00028128122088554296,0.44778051489282894,0.509087586850424
0-1,1-0,0.0002686364616801822,0.4864126493771548,0.47665255093532877
1-0,1-0,0.0002732116167257033,0.47535615206282544,0.48787245864073037
1-0,1-0,0.0002819663654654155,0.46184859530427025,0.49809774732003925
0-1,1-0,0.00031076853965936435,0.5049232258582887,0.4479376487385045
1-0,1-0,0.00039572277566921055,0.223451066332731,0.7335028250632724
1-0,1-0,0.0002822745120867962,0.5086246649970156,0.44961058092597106
1-0,1-0,0.00029314598813636556,0.42594170072082427,0.5372722020838898
1-0,1-0,0.00026549673053942685,0.5043048521928931,0.459188454113617
0-1,1-0,0.0002619295220817441,0.5046517777704976,0.4591689645023109
1-0,1-0,0.0002698446664411949,0.3728593506303084,0.5810858894725079
1-0,1-0,0.0003136362462989364,0.4262617107857747,0.5207956266836898
1-0,1-0,0.000267304932312546,0.4765591710157859,0.486444312986802
1-0,1-0,0.00028683019881534956,0.43125265353729014,0.5302413361087321
1-0,1-0,0.00027549491009639954,0.4602043483705353,0.49933984927786534
1-0,1-0,0.00024072368598730657,0.4749094309530089,0.4862838918427755
0-1,1-0,0.0002849712188077905,0.4157029974681636,0.5338018605460388
0-1,1-0,0.00030562059237223356,0.4320116882559821,0.5187208827253976
1-0,1-0,0.00029824110190971345,0.42811903299848203,0.5352532248302923
1-0,1-0,0.0003742669714296605,0.4423872209896409,0.5014630898629596
1-0,0-1,0.0003128146148515566,0.6358966158236443,0.32736363104331406
1-0,1-0,0.0006287787050902632,0.2080106732526697,0.7530829694800468
1-0,1-0,0.0002538609344488793,0.4159722067368018,0.5431855241651489
0-1,1-0,0.0002577550982897905,0.5228902979734313,0.44235187496941847
1-0,1-0,0.00029821620759950927,0.48768261583713707,0.4657312739075531
1-0,1-0,0.00029663861757476195,0.4654335860611905,0.48912922623778116
1-0,1-0,0.00035819282670063537,0.4367482187139307,0.5076268133190752
1/2-1/2,1-0,0.0002877790135442666,0.45123179957422915,0.5035241338852523
1-0,1-0,0.0002533752029615,0.4223535247901308,0.5346392594719832
1/2-1/2,1-0,0.00035443370361790366,0.45600379455044027,0.4913258236135042
1-0,1-0,0.0002806731043800013,0.4638267955631749,0.498875504793648
1/2-1/2,1-0,0.0003093619637551278,0.5136306371439497,0.43975733958700075
1-0,1-0,0.00034706354919395626,0.423362359704527,0.520761740677162
1-0,1-0,0.0002492167076619044,0.469755607965984,0.4888470658746509
1-0,1-0,0.00031393332840965463,0.4253243390999243,0.5216373782338621
1-0,1-0,0.00027179602727035057,0.4696166293593582,0.49082131920466027
1-0,1-0,0.00030828860464618944,0.26615125403514117,0.6844747752050345
1-0,1-0,0.00027351554451554523,0.4573643753280831,0.5030791557570984
1-0,1-0,0.00026271586161282076,0.4883977355257254,0.477137597418448
1-0,1-0,0.00042024829708110436,0.5210249410727802,0.4276145994502686
0-1,1-0,0.00025708043725646907,0.4027864668505349,0.5562278751318087
1-0,1-0,0.00028097909399584805,0.3860411329048921,0.5624274496498342
1-0,1-0,0.00028353752007011105,0.5285355805323323,0.4320990835255694
1/2-1/2,1-0,0.0004276234686870905,0.45578217005084853,0.48635233860356947
0-1,1-0,0.00027920574074828474,0.4308368912465191,0.5278313253088583
0-1,1-0,0.0002876347154952831,0.4919953958722751,0.46392809452215805
0-1,1-0,0.00024074188259151462,0.46384686581436363,0.5026044268362535
0-1,1-0,0.00038976674255212764,0.4571399996396991,0.48751982490441936
0-1,1-0,0.0002942986007035244,0.3919601847856528,0.5580490663033177
0-1,1-0,0.00028194724669792175,0.46652655916766805,0.4916058884360571
0-1,1-0,0.00028091998730123905,0.46515287143423484,0.4946524852029893
1-0,1-0,0.00029559365151799247,0.47204260406946374,0.4831248351490801
1-0,1-0,0.00028420169314715717,0.4523718451606318,0.5090573913213363
1-0,1-0,0.00028281997094223695,0.5683598350955108,0.3932120824358136
0-1,1-0,0.0002716976409020726,0.4767215114239239,0.4863771439338935
0-1,1-0,0.00031013897918219497,0.5571937414009748,0.3993954730529988
1-0,1-0,0.000403770484718313,0.3284816732829191,0.6353665422555934
1-0,1-0,0.0003257332335187322,0.49828116453687515,0.4555699249505234
1-0,1-0,0.0002742547253540486,0.46182430486467085,0.5013813219230836
0-1,1-0,0.00032288337808787415,0.390733099334255,0.567304907840614
1-0,1-0,0.0002883846806007021,0.4531877911326195,0.5023349786161082
0-1,1-0,0.000259245118867617,0.40876212799679695,0.5480423542439147
1-0,1-0,0.00028649840115010125,0.44361294498223064,0.5182692913266775
0-1,1-0,0.00035678093004170664,0.4656302032244036,0.48259323506226715
1/2-1/2,1-0,0.0003209725186494986,0.423961253686886,0.5222396822592584
1-0,1-0,0.0002956668957919329,0.41283519261281193,0.556875386254655
0-1,1-0,0.0002851812768496928,0.4399998823284148,0.5225409667482361
1-0,1-0,0.00035810588883802754,0.49139278813221343,0.4590582182448688
1-0,1-0,0.00026960952752961534,0.480281214946889,0.4836713726972931
0-1,1-0,0.000297897809874396,0.4558209939926972,0.4978971519345932
1-0,1-0,0.00027859005401924475,0.47298569228804144,0.4867533384659628
0-1,1-0,0.00031407003407411246,0.26566061916431405,0.6881583558143376
0-1,1-0,0.00027581974952656333,0.46472978437535023,0.4991912674525165
1-0,1-0,0.0002759614880671164,0.45568614855521417,0.5063745571418802
0-1,1-0,0.00028648135434396356,0.4540152109555594,0.5092667021244675
1-0,1-0,0.0003306872041723384,0.42664739301761473,0.5190901035370502
1-0,1-0,0.00028739791530033786,0.44856999035447226,0.5147671368461665
1-0,1-0,0.0002965251984725485,0.43136919808597257,0.5281630897627784
1-0,1-0,0.000588998440186469,0.2234215287922241,0.7377330742604628
1-0,1-0,0.0002787047799420686,0.46742195804810116,0.49365147530096654
1-0,1-0,0.0003577793893216974,0.3351556190812855,0.6253599429180916
1-0,1-0,0.00030622509768014113,0.38966735368061384,0.5559465828740935
0-1,1-0,0.0002749558999220188,0.4558693493448427,0.5065728062229724
1/2-1/2,1-0,0.00035427302380779965,0.36592100601182853,0.5939336429121348
1-0,1-0,0.00026762735845973064,0.4770781928903865,0.48687789478862
0-1,1-0,0.0004526435972400911,0.26780310064741136,0.6929117163211169
0-1,1-0,0.00026844637692371336,0.3901618217487529,0.5617160391680823
0-1,1-0,0.0002962845388864675,0.5188998007298411,0.4372830684679084
1-0,1-0,0.0003956179486639503,0.4552032120926786,0.4884552401145737
0-1,1-0,0.0002646267143900583,0.5375467720052205,0.425506634601308
0-1,1-0,0.00025974594456262736,0.5147819072222984,0.45010062162245545
0-1,1-0,0.0002788494926816319,0.4600785104145047,0.5028837736672508
1-0,1-0,0.00031278417965201563,0.40728807249065835,0.5541413162609932
1-0,1-0,0.00036620798857842524,0.4728683273592247,0.4752546143160545
1-0,1-0,0.00029360322769822277,0.41867116692317796,0.5436995845675161
0-1,1-0,0.00030643041984463525,0.38861169233785875,0.5575453137388636
1-0,1-0,0.00028369739546664263,0.5045654924723649,0.45465639549175346
1-0,1-0,0.00027037331421336114,0.46991794389706515,0.49105873097052327
0-1,1-0,0.00033463028688818003,0.3758954433061916,0.5862991156776494
1/2-1/2,1-0,0.00030813996500335904,0.5024808582987039,0.45034202691345104
1-0,1-0,0.00027341725053945634,0.4244383266118825,0.5273936809852023
1-0,1-0,0.00028763629084865855,0.47262721222721854,0.48254311835940455
1-0,1-0,0.00031973246731205194,0.4487571218176717,0.49955364733819435
0-1,1-0,0.000277342165672683,0.4702894599843565,0.48833110425813686
0-1,0-1,0.0003478599034810033,0.6952775115603368,0.26939619100839796
0-1,1-0,0.00031644099098037434,0.4041754619289867,0.5418102267452074
1-0,1-0,0.00033970746518513316,0.4320545879474025,0.5139297780891555
0-1,1-0,0.00031804567280751135,0.4146683995689706,0.5313411545088026
0-1,1-0,0.0002840191709535779,0.414100728257758,0.5447142599373471
0-1,1-0,0.00028224432079222467,0.509030614377249,0.4501043351467717
1-0,1-0,0.0002950110564923059,0.4019584823700157,0.5661643031158465
1-0,1-0,0.000321487214416498,0.3949497996212442,0.5640089534007321
1-0,1-0,0.00028434844828950575,0.45521909094763574,0.5048699087572566
1-0,1-0,0.00025455567184222433,0.4223670003825586,0.5374923468278833
1-0,1-0,0.00029421665800789934,0.4339875505510226,0.5276947044588193
1-0,1-0,0.0002382950550144885,0.5851650269689854,0.38445788125089947
0-1,1-0,0.0002629972156367256,0.49655041571511105,0.46744553091406094
1-0,1-0,0.0002753789766561468,0.4571314514184446,0.5037571097701041
0-1,1-0,0.00029699399503562546,0.42381157480664994,0.5387558627228377
0-1,1-0,0.0003183284563825809,0.44053287361268983,0.5071770845329636
1-0,1-0,0.00026250841368742183,0.5344100459252014,0.4291025515567095
0-1,1-0,0.00045095000299105574,0.5213024498081155,0.42603721313240717
1-0,1-0,0.00028968641389609675,0.458991187428173,0.49633358685963913
1-0,1-0,0.0003158913824803501,0.407729069383326,0.5525278815342406
1-0,1-0,0.00027262793979292805,0.46598619475755193,0.4964520083135739
1-0,1-0,0.0003068322093252356,0.42123845732634635,0.5426081077729789
1-0,1-0,0.000291424649953025,0.43904490306329885,0.5221013677926738
1-0,1-0,0.00025614238299365464,0.4211552707956585,0.534632777920847
1-0,1-0,0.00027438902433716704,0.46854405963577533,0.49073363173019935
0-1,1-0,0.0002777191517352858,0.39033644899543163,0.5718644168856518
0-1,0-1,0.0005449158661244363,0.8388499028802501,0.12831542019282854
1-0,1-0,0.00030487935471461584,0.4178415986586992,0.5448224707597467
1-0,1-0,0.00032800818961783713,0.41951565778448796,0.5258209770101224
1-0,1-0,0.0003223035845686944,0.4820285592148688,0.4709016060040427
0-1,1-0,0.0003695665701699527,0.4600599595491798,0.4865169424356618
0-1,1-0,0.000281376019606932,0.5009158010100677,0.45800642293819915
1-0,1-0,0.0002742707927269705,0.4627925464778324,0.4989425830041247
1-0,1-0,0.00032023631613205256,0.4106795538250881,0.5347637632086355
1-0,1-0,0.0003441076100453389,0.4312675779766959,0.5138469066404561
0-1,1-0,0.0003951480827532813,0.488408313482999,0.45909411399713257
1-0,1-0,0.00028974385304824177,0.4661326728670851,0.4883977838230273
1-0,1-0,0.0002764650485942161,0.454476846619141,0.5086210115514159
1-0,1-0,0.0003437628053500274,0.4452896822983354,0.5020609187570709
0-1,1-0,0.0003230175556076322,0.465259033190248,0.4860423111082903
1-0,1-0,0.0003239047739738205,0.4482931647235656,0.499545352803484
0-1,1-0,0.0002801809678943604,0.41909647445898884,0.5313192737044516
0-1,1-0,0.0002620454467582711,0.3952955101413301,0.5609462179417742
1-0,1-0,0.00028775584792929427,0.4615757195751496,0.4939226016476652
1-0,1-0,0.0003198217325514421,0.4578484292378841,0.49298000195383096
1/2-1/2,1-0,0.00045427161758074,0.47476531781722636,0.4676531162279409
0-1,1-0,0.00027421333392057987,0.4527243645773585,0.5081577713558062
1-0,1-0,0.0002602357107346149,0.4035637908243124,0.5555876677967034
1-0,1-0,0.00029188702120728046,0.43708672681340244,0.5273837536595937
0-1,1-0,0.0002736374053250076,0.48011718589309754,0.4800054121150484
1/2-1/2,1-0,0.00029106086377406355,0.4412068385961884,0.5193045215748134
0-1,1-0,0.00032508709693667434,0.4307364365949522,0.515759703735496
1-0,1-0,0.00034274980155656217,0.4658312071075461,0.48364838229176976
1-0,1-0,0.0003072560040623542,0.40738879871546196,0.5488796663788715
0-1,1-0,0.00034736014541843707,0.44413792209441,0.502743245024334
1-0,1-0,0.0002795269723506797,0.4539278730777718,0.49881658858381667
1-0,1-0,0.00026711293672699194,0.4694930496631095,0.4919097249437101
1-0,1-0,0.00029078382280371234,0.441506798961538,0.5136650986378347
1-0,1-0,0.0002814746336299141,0.5295792587212356,0.4313978678333786
1-0,1-0,0.0003759955446317408,0.44857166354269673,0.49622200056746846
1-0,1-0,0.00025753755279874364,0.43850214912009283,0.5171669479242196
1-0,1-0,0.00032286176824110303,0.5122770377325819,0.44276374914332806
0-1,1-0,0.0003192438761893053,0.4744644098306107,0.4779022816734274
0-1,1-0,0.00027206168794017643,0.47273690366356386,0.4916538111163711
0-1,1-0,0.00026374648551520354,0.4007205896458546,0.559711525038272
0-1,1-0,0.00029897495831158593,0.4190835068703437,0.5360630983793842
0-1,1-0,0.00030454711944387727,0.4500345778800417,0.499712089955403
0-1,1-0,0.0002545884699513124,0.5046743840986632,0.4625881577828721
1-0,1-0,0.0002903676905195392,0.44252682012542627,0.5175664043614667
0-1,1-0,0.0002997649911020167,0.4091191303993282,0.544950924755114
1-0,1-0,0.00027271651052603887,0.458636040659656,0.5050237015926944
0-1,1-0,0.0004109935879904297,0.32286988691188007,0.6379571853481658
1-0,1-0,0.00035532087665833144,0.45368869727272865,0.49341914381677376
0-1,1-0,0.00039460025548261184,0.452268387908836,0.4913181003057313
0-1,1-0,0.00028454769914160833,0.4431960433840843,0.5122602270807304
0-1,1-0,0.0003001887146481614,0.4236917030336946,0.5368391539343771
1-0,1-0,0.0003077002368633397,0.4709630268715449,0.4827421232226392
1-0,1-0,0.00029888286903814715,0.4278892090088713,0.5320657581133126
1-0,1-0,0.0003208998980630045,0.5346403990237141,0.4223092713463281
0-1,1-0,0.0002667704310282431,0.4902874578284388,0.4738356828171469
1-0,1-0,0.0002733727913383901,0.45760489792616194,0.5028592684415405
1-0,1-0,0.00027202890613861077,0.4686391676392647,0.49576951231912236
1-0,1-0,0.00028622737616887617,0.4158127462892919,0.5531921395871477
0-1,1-0,0.00033662217664641,0.4315749712709869,0.5141341692228086
0-1,1-0,0.0002912067195497893,0.4801731455425411,0.4763412747771729
1-0,1-0,0.00029108304027734876,0.43915574077691216,0.5165834645362865
1-0,1-0,0.0003390906790760494,0.3608504173223384,0.5945040048156941
1-0,1-0,0.00026650586171606786,0.47337785319964315,0.4884557522840724
0-1,1-0,0.0004252456244486635,0.5260411171869841,0.4219375836128706
1-0,1-0,0.00031071800560316797,0.4159229804147437,0.5325196768164105
1-0,1-0,0.00027019571906134084,0.4724273053776291,0.4885747076042941
1-0,1-0,0.00027751901120452976,0.4510261489795294,0.5123001303492762
0-1,1-0,0.0002980094472007219,0.38350451833226573,0.5639329677556931
1-0,1-0,0.00030699506491918815,0.3656901779516766,0.5996256007304217
0-1,1-0,0.0002764464079167555,0.44876507627641327,0.5103331124534419
0-1,1-0,0.0003322128300540202,0.4934607020486529,0.4593759336384639
0-1,1-0,0.0002752664541762204,0.44998894883201224,0.511095373948564
1-0,1-0,0.00029836772378885064,0.42745071340286217,0.5339651903303425
1-0,1-0,0.0004569755584299153,0.5018978053323697,0.44328789726016493
0-1,1-0,0.0003384203960302346,0.41409036215020023,0.5301963201169635
1-0,1-0,0.00030396798511099927,0.44222648441207574,0.5094225998653267
0-1,1-0,0.000385173098770314,0.3288439676876757,0.62776521624356
1-0,1-0,0.0002915910028767549,0.3721708256476977,0.57817548084074
1-0,1-0,0.0002746117709263413,0.45927484799449453,0.49954105691994893
0-1,1-0,0.0002771719877424278,0.4639455128322792,0.4950189385112901
0-1,1-0,0.00028209477377438575,0.44710863880744445,0.5162712372293314
1-0,1-0,0.0002709410657750707,0.4690490916943541,0.4931239762506647
1-0,1-0,0.00033963419413363555,0.3728344816262236,0.5970517995129414
1-0,1-0,0.0003549835753269466,0.4470384623409728,0.4994125290225554
0-1,1-0,0.00027394769544222965,0.5312788571207354,0.430561795519684
1-0,1-0,0.00023843469134190662,0.5602189328679004,0.41045410810889227
0-1,1-0,0.0002621534214517784,0.4476998066755947,0.5211470660879476
0-1,1-0,0.00030501614714441636,0.39317690540270017,0.5528580593224866
0-1,1-0,0.0002715858095606299,0.37088063176913977,0.5826943414633908
0-1,1-0,0.0002720693674342414,0.4230264014936249,0.5288777349802598
1-0,1-0,0.0002777571530757855,0.44797073123995307,0.5138843387065023
0-1,1-0,0.0004979531613760374,0.5138494027013925,0.4303040966621651
0-1,1-0,0.00029994745224345607,0.439417801011508,0.5130359716214552
0-1,1-0,0.000287778572223541,0.46155390407746255,0.49371340590886675
1-0,1-0,0.00033657979723828336,0.5318642927819894,0.42343010700117356
1-0,1-0,0.00028418488772779496,0.40918036250589734,0.5577862103939959
0-1,1-0,0.00030950842392109685,0.39033688539215944,0.5648949805023343
0-1,1-0,0.0003024680790974167,0.45488694039551225,0.49818972154855157
1-0,1-0,0.00029205607300245533,0.4655940578806281,0.4865392862599831
0-1,1-0,0.0003242985632549105,0.4506999586554003,0.49923011139015766
0-1,1-0,0.0002877837777793294,0.5641588337979078,0.3964512194857726
0-1,1-0,0.00027395548954744044,0.4724381618273636,0.4912815548705463
0-1,1-0,0.0002896094896982133,0.46858991725462845,0.4857747163235893
1-0,1-0,0.0002896079416047901,0.4415861386476936,0.5198083760175782
1-0,1-0,0.00029261681895886626,0.4606112607667176,0.4942039606576158
1-0,1-0,0.0003165793159146415,0.44275200902000356,0.5053535020683505
1-0,1-0,0.00029753499799131954,0.4284163785340061,0.5337776892878516
1-0,1-0,0.0002493014616802245,0.42913035410059347,0.5319551618969033
0-1,1-0,0.0003410771467433251,0.44524634315201456,0.502391927707645
1-0,1-0,0.0002928386991791356,0.47659772414035445,0.4773448520746335
1-0,1-0,0.00024571558566429877,0.5660714550580578,0.40154141454681097
0-1,1-0,0.0003318895810321496,0.42095029794646793,0.5249055530272533
1/2-1/2,1-0,0.00027718371704377935,0.4740907752260291,0.48694186857778693
1-0,1-0,0.0003699940276540123,0.45772084225029047,0.4885681258527937
1-0,1-0,0.00030757614928030453,0.4533257799847956,0.49870295258681474
1-0,1-0,0.00028702075312694235,0.44420475252128416,0.5179092857064559
1-0,1-0,0.00030264237300226237,0.43866319252567376,0.5130842759720232
1-0,1-0,0.0002917638794989982,0.39389921785575555,0.5647033800140084
1-0,1-0,0.00027607156498156,0.4824443543682644,0.4775275949414546
0-1,1-0,0.00027856534689507656,0.46287882170365285,0.4999006211935757
0-1,1-0,0.00026769909239072695,0.5006645441962259,0.4621608366189824
0-1,1-0,0.0003642865273682639,0.4393644145950343,0.5049945485719308
1-0,1-0,0.0002848312044180457,0.45544444303853127,0.5067016679456655
1-0,1-0,0.00030750344392411946,0.3948693351228297,0.567128115848048
1-0,1-0,0.0003357225771354388,0.3830143091820179,0.5788790560223169
0-1,1-0,0.0003325659767261287,0.42031314107007595,0.525222800395601
0-1,1-0,0.0002961733179075864,0.430353752764261,0.5308102899632257
0-1,1-0,0.0002945971149845554,0.3924082854159435,0.5543202850110895
0-1,1-0,0.00027750234286438353,0.45775270389558204,0.5047613131270836
1-0,1-0,0.0003021411392455863,0.40177451442800033,0.5595544759363218
0-1,1-0,0.00038452105889253367,0.506931286545826,0.4430375054746904
0-1,1-0,0.000317948349157136,0.4040757125646656,0.5595724737752471
1-0,1-0,0.00032104643857279095,0.45181192321763236,0.4985750007003295
0-1,1-0,0.0004639169656681789,0.49564919099360194,0.448435935460788
0-1,1-0,0.0004262284285851455,0.3082112609358932,0.6508169877125988
0-1,1-0,0.00028512694173323216,0.5410590365390683,0.41943447656847144
0-1,1-0,0.00042803149210312745,0.5237769175985633,0.4249531604905661
1-0,1-0,0.0002974438740010958,0.42424680163658157,0.5367363928448602
1-0,1-0,0.0004680387719616929,0.518457139698802,0.42777385113544947
1-0,1-0,0.0002795032761148016,0.4720380003316229,0.48627482401334426
1-0,1-0,0.0003715012048115591,0.4489020845621056,0.4960835162386558
1-0,1-0,0.00028269522364601253,0.46103488258600767,0.49820820149524647
0-1,1-0,0.00027924495252475455,0.43756394103997315,0.5236628380497806
1-0,1-0,0.0002787755648607654,0.43730085479740255,0.5215664493805958
0-1,0-1,0.0007103049705333109,0.7889881115128832,0.17445081971172838
0-1,1-0,0.0002681638982099181,0.49608423344632724,0.4668090432843284
0-1,1-0,0.00027349833442637597,0.5142943487134747,0.4470013642058911
0-1,0-1,0.0002735873316147534,0.6236865564237469,0.3422843603362168
0-1,1-0,0.00027831312076197196,0.4624976173673905,0.5009056517464143
0-1,1-0,0.00031007780977300925,0.5144384723764641,0.43906600501218224
0-1,1-0,0.0002626236065245207,0.5301176885451181,0.43395785452282176
0-1,1-0,0.0003334436053685396,0.4250071471801214,0.5212384454358132
1-0,1-0,0.000362360018020328,0.4418307419662345,0.5034271475432353
0-1,1-0,0.00029482090992010275,0.368117799505156,0.5791515389317633
1-0,1-0,0.00037383195805433626,0.45814324810762214,0.4878936172656862
0-1,1-0,0.0002833383889775197,0.46777541288225244,0.48983788148651497
0-1,1-0,0.0002910082457531177,0.4650110731708018,0.4891138104575169
0-1,1-0,0.00027904490296343487,0.4419379051629407,0.5205972122752159
0-1,1-0,0.0003432035443474887,0.4370697918359237,0.5094325710571479
1-0,1-0,0.00026871000862999344,0.47870310266399,0.4839188938640262
0-1,1-0,0.0002591608761701865,0.47438776734641874,0.49810890416364667
0-1,1-0,0.00026354287458145827,0.39255110146000244,0.5668085506582878
1-0,1-0,0.0005743305026514202,0.19306465172314205,0.7708290651221923
0-1,1-0,0.0003054214356684663,0.41682461665032455,0.5424482408842947
1-0,1-0,0.0003060991041388168,0.41463032067468364,0.5440583787484219
0-1,1-0,0.0002874767550093343,0.43824628268972377,0.5165607081657332
0-1,1-0,0.00025388172451359584,0.4339908327521,0.5305295312265381
0-1,1-0,0.0003139801231330027,0.5966830083905739,0.36332796031050063
1-0,1-0,0.0002820102659284073,0.4409416207327407,0.5167833422915233
1-0,1-0,0.00025870349298947313,0.40049664179425826,0.557555951989379
0-1,1-0,0.00027627788348720853,0.40106086594799745,0.5490830702668812
1-0,1-0,0.0002751150336991474,0.4635099600993728,0.5083853496316936
1-0,1-0,0.00031671721222777653,0.5294807452906574,0.4242862805476268
0-1,1-0,0.0002708936945454827,0.47277948952922183,0.48829296168485925
0-1,1-0,0.0002731381502093574,0.4636281740419405,0.4967683722040906
0-1,1-0,0.000269261441291716,0.4862580966504378,0.4766444302488383
1-0,1-0,0.00033038141918440337,0.4459796969857309,0.5012550030857441
1-0,0-1,0.0003726094888468803,0.6737946847296943,0.2892027449488249
0-1,1-0,0.0002612344155345417,0.5201197707582743,0.4441628656039906
0-1,1-0,0.0002778921792077541,0.4407840893019978,0.5180147403793253
1-0,1-0,0.0003330715808760968,0.4310939270400676,0.5146795953890416
1-0,1-0,0.000265345112247558,0.4136038864240857,0.5394391535986143
1-0,1-0,0.00042510669320782314,0.4735776351231667,0.4704424979296886
1-0,1-0,0.00025251978659229904,0.418955428312281,0.5393221086595726
0-1,1-0,0.00025162589637061646,0.43411792012004896,0.5303778478581533
0-1,1-0,0.0005372646916247067,0.22894066605094926,0.7331524760683966
1-0,1-0,0.00032644000891586577,0.45273770030978455,0.49728866313377834
0-1,1-0,0.0002555677845008885,0.431762561817136,0.533394738153747
1-0,1-0,0.0003869791942685037,0.45282637028207223,0.49130155633701145
1-0,1-0,0.0006725254701357152,0.16992135773533257,0.7984208494536663
0-1,1-0,0.0003052441110255567,0.42049015527611994,0.5294519657864927
0-1,1-0,0.0002851575798553712,0.36887732491846836,0.592534079070333
1-0,1-0,0.0003808270071486279,0.34357030027407703,0.617556292064772
1-0,1-0,0.0002755937684502807,0.3832652452957367,0.5777259140762923
0-1,1-0,0.00030854459075885915,0.37819704745771904,0.5817854090631686
0-1,1-0,0.00029700507666412,0.4121814401594777,0.542435270302772
1-0,1-0,0.00029355933900411063,0.3694362368505593,0.5827132297469412
0-1,1-0,0.00029786164376897916,0.4089193578376135,0.5463488478110278
0-1,1-0,0.00029350431550659767,0.406695247767313,0.5446593025640143
1/2-1/2,1-0,0.00028254985272785306,0.4474424289645925,0.5171699976060624
1-0,1-0,0.000282566276996072,0.44540351419531826,0.5175416855049744
0-1,1-0,0.00027341303033931447,0.4690777831465961,0.49460333985485994
1-0,1-0,0.0003062194614913285,0.43809313211628886,0.5131206741607435
1-0,1-0,0.0002998415639314351,0.3859954020811721,0.5725460449000703
1-0,1-0,0.00028204706967322,0.43485742223711227,0.5273390180244426
0-1,1-0,0.000289752405048897,0.44460629809258734,0.517165739520796
0-1,1-0,0.00027452519873376547,0.5069281964420767,0.4537130206547661
1-0,1-0,0.00029067157606240036,0.4069842182049331,0.5414678307920391
1-0,1-0,0.000278770741646324,0.46356333285418594,0.4988733436358846
0-1,1-0,0.00030677889639444626,0.5122668607064416,0.44149705240138937
1-0,1-0,0.000289540415538864,0.4551998614123702,0.49950528352982054
0-1,1-0,0.00030016828019426017,0.4215991926835099,0.5357876649154899
0-1,1-0,0.0002876438964008593,0.44909061427095553,0.5131518247134242
0-1,1-0,0.0003789703096043759,0.34360625869925104,0.6182708347232525
0-1,1-0,0.0002831649252213239,0.4554831469485433,0.5094038598131085
0-1,1-0,0.00030184795292216994,0.4029422677609097,0.5586571049986213
1/2-1/2,1-0,0.0003211590930758137,0.44740814598330186,0.5024322652685095
0-1,1-0,0.00031352698208322063,0.5457017603759196,0.40959191473465123
0-1,1-0,0.00035370856163660544,0.5156619742976749,0.43716085941901556
1-0,1-0,0.0002830455355333069,0.41862305264467886,0.5391839281732871
0-1,1-0,0.00031075326472289284,0.5274280953070634,0.4298918936814246
1-0,1-0,0.00030924832919896207,0.4455518095577758,0.5057210938635077
0-1,1-0,0.0002993216142644659,0.4283564575846518,0.5320697434594326
1-0,1-0,0.00028257936872952215,0.412161807018068,0.5424491400742691
1-0,1-0,0.0004334491280183269,0.4766395799921917,0.4671097188353587
1-0,1-0,0.00030121272595549263,0.3826802400712918,0.5756968039902951
0-1,1-0,0.00033770830493647666,0.5263110995620776,0.4260477575393255
0-1,1-0,0.0002671847270613198,0.42063283875059343,0.5321646443819482
1-0,1-0,0.0003047290637171638,0.441930647018496,0.509831362338627
0-1,1-0,0.0002730510534681238,0.47906659275399927,0.486396327088577
1-0,1-0,0.00038017463116064897,0.45887156131041607,0.48674176896271737
0-1,1-0,0.0003636878907349051,0.47822958922744574,0.4705354957556319
1-0,1-0,0.00027617104396563476,0.3851839295789769,0.5765355718994063
1-0,1-0,0.000274832446856618,0.5166461350129194,0.44257336495078897
1-0,0-1,0.00028450994743699296,0.6106513313614237,0.35341842688825376
1-0,1-0,0.0002978356020323244,0.4634355104270301,0.49106471009205616
0-1,1-0,0.0003446076618184793,0.36648133692791923,0.5946194187015807
0-1,1-0,0.0003778616535639652,0.4446790584891252,0.4994930808814576
0-1,1-0,0.0004906875512147734,0.5118888900454098,0.4325225766624909
0-1,1-0,0.00033489169839278433,0.3620575257509034,0.599069458917968
0-1,1-0,0.00029845163492334164,0.42022154302497805,0.5279586164148287
0-1,1-0,0.0002823765563577944,0.4238017321906108,0.5331826088455464
0-1,1-0,0.0003104519695195348,0.4164655784240379,0.5454822389040749
1-0,1-0,0.0003115826387070049,0.3943040844626424,0.5604708702525734
0-1,1-0,0.0002742598705219121,0.4773769112898373,0.4849493181629124
1-0,1-0,0.0002552806225257807,0.5837136943844519,0.3831581154987988
0-1,1-0,0.00029403051637227917,0.4368349728355009,0.5250072418105013
1-0,1-0,0.0003259969379511508,0.49362017220526216,0.45943790853100125
0-1,1-0,0.00031949554236438896,0.5926437911889944,0.36581694554572575
0-1,1-0,0.00028508107721024147,0.5238079717427645,0.4359410127246711
0-1,1-0,0.00029389247992416304,0.44341844187141266,0.5092008837475398
0-1,1-0,0.00034156402382331163,0.4263984284345107,0.5189860232144633
0-1,1-0,0.00027150520982354597,0.4835074567145959,0.4797305642705409
1-0,1-0,0.0002710097109923394,0.4737460242102674,0.4888624849839946
0-1,1-0,0.00026997405832236243,0.4890537883376123,0.47351489133053226
0-1,1-0,0.00028441352128136786,0.45287544679941066,0.5089395726639467
0-1,1-0,0.0003668163835901804,0.4570658389720536,0.48942259748239064
0-1,1-0,0.0003004073328844831,0.48252128432571806,0.4703036137059197
1-0,1-0,0.0003066576182735195,0.49641047369600116,0.4589172910924929
0-1,1-0,0.00030105315519396756,0.4328244301869766,0.5159413809841205
1-0,1-0,0.00034849620724358775,0.4185298502058035,0.5250619293889603
1-0,1-0,0.0002942207792772458,0.43078888424370754,0.5247556343921432
1-0,1-0,0.00028063785586961225,0.4334818730753923,0.527171950630865
0-1,1-0,0.00035336495936185694,0.49685759855019507,0.454304696350047
1-0,1-0,0.00036087201470638925,0.45755772198831485,0.4894888121872285
0-1,1-0,0.0003114246462717163,0.39293541836928686,0.5530131773380628
0-1,1-0,0.0002930750692289557,0.4313467742625911,0.5317779970123019
1-0,1-0,0.0002702332211759461,0.46758207227869963,0.49424044922907046
0-1,1-0,0.0002876484588257347,0.44956302873133447,0.5140256452659163
1-0,1-0,0.0003009019676806466,0.4173976392932729,0.5380811973472315
0-1,1-0,0.00029831612191860045,0.4289437482798754,0.5229237183100774
0-1,0-1,0.00032118092600316966,0.6757764213388217,0.2897970175365504
1-0,1-0,0.00029249998100509,0.45063552808263796,0.5025065390277975
1-0,1-0,0.00029186491977879807,0.5962767995594299,0.36681633729773244
0-1,1-0,0.00033939842963848736,0.360101507910562,0.59726621043454
1/2-1/2,1-0,0.0002690303177599221,0.5292578013320671,0.43184754046076906
0-1,1-0,0.00027363875009059,0.4591096849731677,0.5026896984444926
1/2-1/2,1-0,0.0002838995629484899,0.4742399714212985,0.48268995202020987
1-0,1-0,0.00029089153212947036,0.43974773503986764,0.5165669324313473
0-1,1-0,0.0002765515001664258,0.5452337408345459,0.41590049996266687
1-0,1-0,0.00030841276353243936,0.46922112990934195,0.48417124221860147
0-1,1-0,0.00026549854849168217,0.5145789425374274,0.44868005480937295
1-0,1-0,0.0003849805069907759,0.46546877650666196,0.4796011205689076
1-0,1-0,0.0003451159139261204,0.5791961802798083,0.37917023829367785
1-0,1-0,0.0002836297755097727,0.4090856698961091,0.5481565043727956
0-1,1-0,0.0003674649173948571,0.3310104252126041,0.6260634307429378
1-0,1-0,0.000315178062235271,0.45598150372266105,0.49544503974964244
1-0,1-0,0.0003500751758631075,0.37130952534871026,0.5899022733627804
0-1,1-0,0.0002961993021115602,0.4721766881502973,0.48079596385929557
0-1,1-0,0.0002777255838394767,0.4395512854137475,0.518596139226523
1-0,0-1,0.0003181505411550398,0.690106533434266,0.2762291389376025
0-1,0-1,0.0005257119250959289,0.864943687454832,0.10314863415025502
0-1,1-0,0.00026827685256060053,0.47156759981466306,0.4912834337856435
0-1,1-0,0.0004344253901334661,0.47615054774350746,0.4675934165472841
0-1,1-0,0.0002731882978903542,0.4951207552808627,0.48024123831880405
0-1,1-0,0.0003102613575224425,0.46434010391266334,0.48826996202394446
0-1,1-0,0.0003059127613625527,0.46941736919555777,0.48415196040425096
0-1,1-0,0.0003871663618064936,0.44527812854236126,0.49837162450953876
0-1,1-0,0.0002989565375212545,0.4272841413111777,0.5332878605895573
1-0,1-0,0.00027858376245780273,0.44495643508147836,0.5177057324307549
1-0,1-0,0.00030593548235347375,0.5115180821904546,0.4422105854766405
1-0,1-0,0.0002936774216017708,0.42016811443731444,0.5427441984562268
0-1,1-0,0.00042066973715931133,0.47303291410074305,0.47122247884836177
0-1,1-0,0.0005393273942016488,0.23114883918078777,0.7314966299423638
0-1,1-0,0.00039012876522261016,0.4455919179797902,0.4975846542062707
1-0,0-1,0.0015965215143115424,0.8401531369382019,0.0995723128111261
1-0,1-0,0.00028167494543279237,0.6024327471635977,0.36229888403926147
1-0,1-0,0.0002846749682659391,0.4543143246686418,0.5073679764090842
1-0,1-0,0.0002502838253504122,0.43238696536487986,0.5296484155556828
0-1,1-0,0.000321110488904715,0.3858083061360598,0.5696978843146382
0-1,1-0,0.00029998294456940383,0.4261906188740281,0.5353712273592754
0-1,1-0,0.00027064429908488235,0.44279473931514185,0.5105004852027024
1-0,1-0,0.00027305297544082677,0.4685413538288821,0.4940124369856594
1-0,1-0,0.00040157284968183785,0.4596294219397899,0.484208590673699
0-1,1-0,0.0003028732840300446,0.45228185953050765,0.5005802097486255
0-1,1-0,0.00035898175318707903,0.44515055374251356,0.5007356132112087
0-1,1-0,0.00031103154514382756,0.4669800105484579,0.4857501153665053
1-0,1-0,0.0002802272320975189,0.48177347142971283,0.4762560534334544
0-1,1-0,0.0002718024844827049,0.47884027685211616,0.4822097293172242
1-0,1-0,0.0002712722997691633,0.46233523526430037,0.49941724823716555
1-0,1-0,0.0003132668312916638,0.4396864197587513,0.5106347936464686
1-0,1-0,0.00025638338893752146,0.4090386495389424,0.5481992458285581
1-0,1-0,0.0003559624020839861,0.4731096594001437,0.4756962515580278
0-1,1-0,0.00029685682518968895,0.47973754037884564,0.4758828303583287
1-0,1-0,0.00028258768842291654,0.4584663671849251,0.5029738166634751
1-0,1-0,0.00027209968084939253,0.4803485768259082,0.4819369325611947
0-1,1-0,0.0003306880555244232,0.40425222902292135,0.5404291376253276
1-0,1-0,0.00030833792718493695,0.38236782528396085,0.5781552684459472
1-0,1-0,0.00030636279559216915,0.4252784713496532,0.524746290928671
1-0,1-0,0.00030207640429629243,0.4261060463091854,0.5369643800990689
0-1,1-0,0.000302227959434099,0.4203094110304381,0.53916434218076
1-0,1-0,0.00040373968047861076,0.4667437396590236,0.4779709941829274
1-0,1-0,0.00033499875083835875,0.4209972355709286,0.5245168689463154
0-1,1-0,0.00030815618939872416,0.429968530365284,0.5178775644020248
0-1,1-0,0.00034073055364046824,0.3689225061108772,0.588330367970695
1-0,1-0,0.00029737529035179865,0.43158486030641124,0.5289603955488474
0-1,1-0,0.00027042210286798234,0.3968935708272591,0.5660254660521263
0-1,1-0,0.0002607118031269732,0.5049198178608129,0.4586998120354215
1-0,1-0,0.0002909708869252345,0.4694846071897074,0.4859528555978577
1-0,1-0,0.0003790096856824103,0.45214503981817333,0.49216841934477923
0-1,1-0,0.000262208112304192,0.5178876707889178,0.44625178620822176
1-0,1-0,0.0002865072673261322,0.4574087794925832,0.5081202387826244
1-0,1-0,0.00038769109567873215,0.46546174155173636,0.48027719534283403
1-0,1-0,0.00031697361999266606,0.4061227738203342,0.5401560670594822
0-1,1-0,0.0002984761327838742,0.3757697518810429,0.5810852381604117
1-0,1-0,0.00032850455802816184,0.47679485662353643,0.47481288306592423
1-0,1-0,0.00027092066633938977,0.4780841429886826,0.4835474701447206
1-0,1-0,0.00033403856189941707,0.44287281372670023,0.5037728470135581
1-0,1-0,0.0002911410160659851,0.44409072973107555,0.5105641031193688
1-0,1-0,0.0003039993339409041,0.4047072412124449,0.5651263146903933
1-0,1-0,0.0002841091580513758,0.43911937152140934,0.5164645457078273
1-0,1-0,0.00031193787813631624,0.4010715663662964,0.5621929936583663
1-0,1-0,0.0003318437727184171,0.3810613409689582,0.5768770048118982
1-0,1-0,0.000270854301859884,0.46567700392231043,0.4973695406181943
1-0,1-0,0.0002686724192313932,0.48703807390983644,0.47821244072768465
0-1,1-0,0.00031354901999554416,0.40402831343783857,0.5544743334841132
1/2-1/2,1-0,0.0003160409868031084,0.40970240676292585,0.5528258104845368
1-0,1-0,0.0002881433826698889,0.4607806336976965,0.4944242429631268
1-0,1-0,0.0003260935594025825,0.41354334075145854,0.5317078212812957
0-1,1-0,0.000342493468757292,0.3597051035244289,0.5988316971000833
0-1,1-0,0.0002869490839880152,0.4498825033672634,0.5094491068103303
1-0,1-0,0.00027495813379293615,0.46035757148652307,0.5045830603781772
0-1,1-0,0.00028475303560579257,0.44937602668524557,0.5154581461703105
0-1,1-0,0.0007595249742508698,0.5671784017125483,0.3718202120371179
0-1,1-0,0.00027381285084781344,0.45824112417459173,0.5032707684683372
0-1,1-0,0.0003535831898060614,0.34940627424344367,0.6073377475416716
0-1,1-0,0.0002991888758696015,0.42437625099443516,0.5340290519226468
0-1,1-0,0.00027192002509744066,0.4651545321449173,0.49616396854498396
0-1,1-0,0.000281721308587143,0.4607324840240447,0.5001097337976186
0-1,1-0,0.00026083229907580575,0.38934519803807194,0.5650756696667942
1-0,1-0,0.00027211748198990464,0.4073877860757846,0.5440905381482258
1-0,0-1,0.0015427450789450403,0.7601660470457337,0.1793597472762863
0-1,1-0,0.0003301257346005923,0.5869851776474565,0.3700002445611214
0-1,1-0,0.0002835628586581713,0.37243197272204576,0.5750017140786735
1-0,1-0,0.00026703200051520344,0.489240437639757,0.4731634749053022
0-1,1-0,0.0003208131787302406,0.5096519993951395,0.44559676421229405
0-1,1-0,0.0002827063239993698,0.46054580307634535,0.49885969086297244
1/2-1/2,1-0,0.00026184329001421283,0.5124481963006551,0.4408917404706648
1-0,1-0,0.0003795562205660375,0.4541358897569876,0.4909322898194446
0-1,1-0,0.00028335430852561064,0.43032034688752063,0.5309823797724912
1-0,1-0,0.0002734446109638802,0.45299258689756167,0.5078202831361185
1-0,1-0,0.00030020645051026843,0.4041581235679361,0.5573331306247467
1-0,1-0,0.0003091862990780486,0.40827720000342266,0.5495607531779279
0-1,0-1,0.0005199645696514438,0.8545372932815799,0.11356527738598064
1-0,1-0,0.00029718668452722344,0.4995693843868273,0.4546672737546378
1-0,1-0,0.00030551397079677184,0.4214097184727875,0.5428794628070609
1-0,1-0,0.0002880347927640739,0.45099848437726947,0.5056783321854489
1-0,1-0,0.00026941637954912875,0.5245429744061201,0.43744994179796737
0-1,1-0,0.0002977877420441672,0.4241303014073228,0.5318303535272788
1-0,1-0,0.0003962682977730884,0.45637721551345845,0.4877533337841267
0-1,0-1,0.0004613945990976737,0.6427196827781865,0.314055291696703
1-0,1-0,0.0003133336078777861,0.36988412526500763,0.5956418250229115
1/2-1/2,1-0,0.0002840884476165632,0.4548633187823013,0.5093378465744681
0-1,1-0,0.0003494731665398316,0.469598161764724,0.4796584405133457
1-0,0-1,0.00033010242913576943,0.6037889636374085,0.35417481119186356
1-0,1-0,0.0002820714324625185,0.43062685816598145,0.5254994644029111
0-1,1-0,0.0002937201227014065,0.48387372567791376,0.4700603480757739
1-0,1-0,0.00029977343103797385,0.47344649366584035,0.48141126710819354
1-0,1-0,0.0003931287274262718,0.3393060055235214,0.6225116640487125
1-0,1-0,0.00031536734929783885,0.399911090467304,0.5581302234141118
0-1,1-0,0.00027061965132450875,0.4764087226156573,0.4855032470146074
0-1,1-0,0.000310539975166114,0.3004149050763687,0.6486741676783423
1-0,1-0,0.00032810100408064714,0.27447857644236706,0.6754226520590825
1-0,1-0,0.0002825049158785548,0.46045138563112387,0.49953845313383705
1-0,1-0,0.0002724209903370326,0.47177167264435155,0.49187175387235854
1-0,1-0,0.0002901957626867172,0.44268422176192873,0.5176287913418399
0-1,1-0,0.00029199610533694917,0.44007230050161505,0.5219018676891882
0-1,1-0,0.0002713698857499336,0.46673439269253464,0.4959130125867906
1-0,1-0,0.00027982690154112463,0.458161014853854,0.505052217841714
0-1,0-1,0.000797574391662711,0.8572221297872484,0.10202303593152227
1-0,1-0,0.00044051169652438877,0.2758185319154473,0.6843856388480992
0-1,1-0,0.00032845076979210803,0.5271527520870748,0.4264708465206714
1-0,1-0,0.0003083588780121341,0.42236733160708817,0.5403795110176348
1-0,1-0,0.0002686282957217219,0.4628327190230421,0.4990080709135074
1-0,1-0,0.00027129086339061615,0.4741243410267243,0.4871446856397792
0-1,1-0,0.00027870504820440024,0.4573940135809973,0.5010911790806415
0-1,1-0,0.00026764656479166316,0.4776824471537448,0.4877826032141239
1-0,1-0,0.00028182164916969887,0.4378686976666646,0.5234323885567197
1-0,1-0,0.0003270266136359708,0.42170501933809323,0.5240349304827403
1-0,1-0,0.00028841456578546597,0.4697092453107655,0.4863056960484929
0-1,1-0,0.00027919288444580484,0.4418415812929481,0.515291651698602
0-1,1-0,0.00031039106479626577,0.3987699952555336,0.5565058175882619
0-1,1-0,0.00030749383350656216,0.35134048978792587,0.6093443895260199
1-0,1-0,0.00038746162486197095,0.46307602648967566,0.48159228617961763
0-1,0-1,0.00028552194066987994,0.6190736596453061,0.34471800701885247
0-1,1-0,0.0002917378698665939,0.4467086575163366,0.507025640516701
1-0,1-0,0.0002777921484482123,0.4465096292314211,0.5119497033943008
1-0,1-0,0.00028417002861504256,0.4340399110927492,0.5296484128710595
0-1,1-0,0.000309383503575211,0.4034822744860012,0.5597969450452167
1-0,1-0,0.0002920615627968509,0.43794089197616115,0.5195333117143426
0-1,1-0,0.00031671634587872793,0.4452600469511463,0.5050735419503252
0-1,1-0,0.00034296459815832026,0.37073285489306507,0.5875823258956698
0-1,1-0,0.0003094008416148991,0.4571447529903672,0.4952020715663214
0-1,1-0,0.0002799629009256481,0.4180486875897749,0.5323374188263652
1-0,1-0,0.00029275657335840863,0.42053664641843524,0.5419397833748887
0-1,1-0,0.00039583266758162544,0.48097409364584964,0.4657741440578581
0-1,0-1,0.0003690583573831451,0.6880208516145773,0.26546975122560307
1-0,1-0,0.0002771416255189455,0.4806382470489818,0.478306911754365
0-1,1-0,0.0003469180803157315,0.3594602882933949,0.6004194992532483
1-0,1-0,0.0002874652948924543,0.44532591750274153,0.5168794540960534
0-1,1-0,0.00032800578319770816,0.38878117061638523,0.5743022880316235
1-0,1-0,0.00029409769053723444,0.4382593324953291,0.5242647217730142
1-0,1-0,0.0003320495523336762,0.4274656249829558,0.5182431089893282
0-1,1-0,0.000286469720875623,0.43974401159275933,0.5243747387240904
1-0,1-0,0.0003070798444231248,0.5178603304331166,0.43685026762028023
0-1,1-0,0.0002987277546915818,0.4073477115304623,0.540051619710355
0-1,1-0,0.00027707947700887956,0.4944124213556141,0.4655349482924321
1/2-1/2,1-0,0.00028481668777488,0.4587553404888561,0.49705310326799435
0-1,1-0,0.0003303018925113558,0.46369180664980125,0.48664854154034437
0-1,1-0,0.0002857198146402061,0.4581977137153668,0.49905429281205066
0-1,1-0,0.00027993245616958967,0.4810883422569201,0.47737142247221437
0-1,1-0,0.0002739031857661244,0.4569932361531672,0.5061631451430387
1-0,0-1,0.0004059006396979218,0.7473546599977716,0.21838253956518275
0-1,1-0,0.0002694327179588155,0.4239977666313282,0.5284736572640015
1-0,1-0,0.0002968952683980843,0.38965695929553673,0.5592170345854176
1/2-1/2,1-0,0.0002715295061073411,0.4696353117760222,0.4954907363399519
1-0,1-0,0.0002838179205348209,0.4350428359405075,0.5272523357287222
1/2-1/2,1-0,0.00029066803943655136,0.4456132722208197,0.5172711942771523
0-1,1-0,0.00034110815812877897,0.41932761022271575,0.5251910193109312
0-1,1-0,0.00038258110293033234,0.4609805470438243,0.4846721717711263
0-1,1-0,0.0002809647290969184,0.4919896651956626,0.4663166429695632
1-0,1-0,0.00027204976589494746,0.47461148393219404,0.4857444472474596
1-0,1-0,0.00027625673340970315,0.4685312920052149,0.4944641727007614
1-0,1-0,0.000273853546208932,0.47772294470426657,0.48451154496893745
1-0,1-0,0.000276801329913702,0.47631410790961876,0.4842477070361975
0-1,1-0,0.000281455499336151,0.5040094100160987,0.4534708046707784
1-0,1-0,0.0002988312775105093,0.5156982646307787,0.4393037807367272
0-1,1-0,0.000260974280265291,0.4104380940262324,0.5435277115196891
0-1,1-0,0.0002644001850539052,0.4882970992688495,0.4750728139842503
1-0,1-0,0.0002884228258854525,0.44286490233810055,0.5183650205442563
0-1,1-0,0.0002692924388184431,0.47077338022531035,0.49095582396824355
1-0,1-0,0.00028365497930441934,0.4383677756181311,0.5175267616749941
0-1,1-0,0.00031396068346725887,0.5874636681278946,0.3738464736439755
0-1,1-0,0.0003685964115800481,0.3357161478872117,0.6204717298041056
0-1,1-0,0.00026842824228601316,0.48251689377408546,0.48011373303298016
1-0,1-0,0.00026876507576621895,0.46661464445014467,0.4954744156804077
1-0,1-0,0.00029147375568570075,0.4051607057777185,0.5465281691987618
1-0,1-0,0.0003496150869031632,0.48966790318489406,0.46131627151960425
1-0,1-0,0.0002361654202661334,0.4732991983002765,0.49057857903694924
1-0,1-0,0.000294041742768548,0.39352382954082127,0.5534423492737591
1-0,1-0,0.000276696451551666,0.4571502422374413,0.5060378571255656
1/2-1/2,0-1,0.0003753713359704155,0.6124599678654604,0.34641674193792565
0-1,0-1,0.0007150431965763645,0.7741780663801097,0.1898975290758432
0-1,1-0,0.0003331487051640404,0.4420507351350813,0.5061229804137225
0-1,1-0,0.00031430814170097166,0.4023985478334582,0.5435967967350049
1-0,1-0,0.0002853823862353367,0.4746378689029868,0.48131343735414606
1-0,1-0,0.0002606200722183289,0.4197633759845978,0.5346241196430523
1-0,1-0,0.00030297194390561434,0.5237188247740215,0.4314673953385419
1-0,1-0,0.00026674809654572424,0.48576544156067136,0.4752856176242295
1-0,1-0,0.00027355398619317574,0.47169720174368573,0.4931085257846455
1-0,1-0,0.0003068810186416734,0.4122181804391832,0.5457851908979102
0-1,0-1,0.0003545056189306304,0.6229674528810859,0.3379263541669057
1-0,1-0,0.0004009169963493438,0.4626388917352632,0.48126328670880403
1-0,1-0,0.0002903818091749798,0.4488341916513715,0.5152130836053932
0-1,1-0,0.000292444688546999,0.437239250822409,0.5228292931068064
1-0,1-0,0.0003066934139764587,0.41234949157285045,0.5345474966522172
1-0,1-0,0.00033911492866808677,0.44061203724155235,0.5067404359165996
1-0,1-0,0.0005090565499162279,0.5733729031107617,0.374613849306925
1-0,1-0,0.00033095489770785196,0.43062751011097505,0.5165776264364587
0-1,1-0,0.0002819368505111578,0.44908719220296944,0.5146915790052006
1-0,1-0,0.0002907957965981296,0.4782651620612792,0.47785133500048155
1-0,1-0,0.00029674007572770637,0.4294784539548716,0.5225019937175708
1-0,1-0,0.00031818068485620245,0.4009932520280629,0.5595731018990067
0-1,1-0,0.00027250036761020417,0.4687830656486804,0.4946775112350583
1-0,1-0,0.00029665487615266174,0.4764113723024471,0.47905245984484096
0-1,1-0,0.00026891996548694853,0.47639281740227424,0.4862788523374623
0-1,1-0,0.0002670252367909137,0.5340116653166354,0.4293221415908344
1-0,1-0,0.0003410476854791463,0.43262693556190196,0.5135603536128333
0-1,1-0,0.00035620648810312256,0.45412941784529465,0.49299654403046106
1-0,1-0,0.0002973538005653217,0.42584838666727337,0.5309853573296633
0-1,1-0,0.00027400358252954553,0.46132481749197773,0.49809369184699703
0-1,1-0,0.0002855044409754507,0.40724713829142684,0.5498064413415128
1-0,1-0,0.00028059759677195704,0.46222371292534087,0.4993170700969129
0-1,1-0,0.0002669347739722075,0.49845039887548837,0.46473094393173264
1-0,1-0,0.0002738132187206672,0.37675606773347237,0.5797644695486048
1-0,1-0,0.0002645021312760227,0.5469768235033625,0.4171685390978347
0-1,1-0,0.0002889106384961047,0.45469451746511086,0.5005508614241496
0-1,1-0,0.0002891911398405929,0.44764559840313944,0.5133615091117792
1-0,1-0,0.0002716138014567362,0.48203480165225526,0.47927944133942796
1-0,1-0,0.0002654087117902792,0.5027641329210212,0.46083012382861277
1-0,1-0,0.00027073268289039217,0.47055920965663245,0.49219967182161584
0-1,1-0,0.0003508492822514999,0.46112209653854236,0.48712560327979354
0-1,1-0,0.0002526366552553006,0.4215561345821007,0.5352887630833335
1-0,1-0,0.00027070254925075094,0.47059589562371756,0.4921493437903846
1-0,1-0,0.00028350368561870726,0.4343251293991189,0.5280719099575633
0-1,1-0,0.00028038782472049074,0.45342784876367537,0.5104709105787529
0-1,1-0,0.0002691397986727493,0.48737310795355515,0.4764507582560988
1-0,1-0,0.0005255542092747363,0.23913237316327504,0.7232422405184418
0-1,1-0,0.0003628826620929035,0.4451141554196151,0.5004608033383106
0-1,1-0,0.0003328836097044052,0.4200109676490971,0.5256937431340055
0-1,0-1,0.000960423946969814,0.7708859952036867,0.18405026692642623
1-0,1-0,0.00027539119800791046,0.4660536566453805,0.49799223622912897
0-1,1-0,0.0002744869691716559,0.4459299810329967,0.5152316386006877
0-1,1-0,0.00031079102003020263,0.5010950655170663,0.4544433595764964
1-0,1-0,0.00025758309445240605,0.42170751475735285,0.5338897915966934
0-1,1-0,0.00028091816635397455,0.45111384390093134,0.5143353025766799
0-1,1-0,0.00028067787165171983,0.46533415282385093,0.4946752377489814
1-0,1-0,0.00030323489566901404,0.43479913090492406,0.5138798809383645
1-0,1-0,0.00030636920015760747,0.5703424125380965,0.39040814147662867
1-0,1-0,0.0002989370598613598,0.4321578234014773,0.5198407548955265
0-1,1-0,0.00026611686816348874,0.4230478090751294,0.5423712431242358
1-0,1-0,0.0002965132672354435,0.39439376429149164,0.5647047696101587
0-1,0-1,0.0011214142820240864,0.710193779806499,0.2308782600252868
1-0,1-0,0.00028362536859007846,0.4567832923171977,0.5038513014210892
1-0,1-0,0.00028502599134166073,0.44999100160859334,0.512444062825217
1-0,1-0,0.0002824180787014394,0.4204735225567274,0.5384460976670296
0-1,1-0,0.000272223858400853,0.4675465747900734,0.4929491240282954
0-1,1-0,0.00028077079189964716,0.44511159292559144,0.5187973276263451
1-0,1-0,0.000296887043464694,0.5603484890697414,0.40072452589133956
1-0,1-0,0.00030985668540698145,0.4049267226478088,0.557235598894515
1-0,1-0,0.0003084550028466632,0.4123882619877537,0.5484009940984719
1/2-1/2,0-1,0.0007091593191124154,0.7701767897927,0.19560262102681428
0-1,1-0,0.00027464782009943426,0.47330434572444946,0.48606549585023745
0-1,1-0,0.0002749376348916578,0.5167160584400063,0.44447405774899285
0-1,1-0,0.00028314824054044097,0.4621574458419811,0.4962334565040415
0-1,1-0,0.00029274145072637377,0.4358598478771863,0.5196563924471186
1/2-1/2,1-0,0.00029399449032639716,0.42876888561536014,0.5262483592721957
0-1,1-0,0.00035327555831057275,0.48889958505037584,0.4616779970867441
1-0,1-0,0.0004022223520383389,0.4508552677562616,0.49214126873636704
0-1,1-0,0.0003089839920886576,0.40846740250406466,0.5377159596560114
1-0,1-0,0.00031520597116963217,0.3944658514161023,0.562145461213502
0-1,1-0,0.00031416264984625747,0.38668321468576555,0.5679986289285716
0-1,1-0,0.0002692339765212443,0.4755319910950526,0.48682960475757575
1/2-1/2,1-0,0.0002975887751306653,0.44743970270205297,0.5055166264027857
1-0,1-0,0.00036558135431571926,0.4365115784434946,0.5078080750223634
1/2-1/2,1-0,0.0003498519536074776,0.4254699667188441,0.5185053089255762
1-0,1-0,0.0005373946118110203,0.22971172776321774,0.7309997852494816
1-0,1-0,0.0002727557311512905,0.4588904377679445,0.5030901746582962
1-0,1-0,0.0002959695981486429,0.4288710330368611,0.5278947851273762
0-1,1-0,0.00027137833982879186,0.42306040619698515,0.5292129556607738
0-1,1-0,0.00027438372582634353,0.5373919163570733,0.424887271804665
1-0,1-0,0.00028038328811080587,0.39444092544272935,0.5694483437060107
0-1,1-0,0.00030359425893362267,0.41845725423078933,0.5292011516598504
1/2-1/2,1-0,0.00025482198235218025,0.4174153280932833,0.5382096043043508
1-0,1-0,0.0002967476385673523,0.4402860652310933,0.5232924425301869
0-1,1-0,0.0003615898038631458,0.4382468675381632,0.5065075320488628
1-0,1-0,0.00030696535098686666,0.479919494177598,0.47203831699866294
0-1,1-0,0.0003066928038122813,0.3954710394924857,0.5592901709292131
1-0,1-0,0.0002984077198588327,0.4209540656043768,0.5346366042119718
0-1,1-0,0.0002690742473203824,0.40879407429944536,0.5434285277773614
0-1,1-0,0.0002846688970792319,0.5182891333918096,0.4394684991328902
1/2-1/2,1-0,0.00027694971812698097,0.4745765807293726,0.4863714604417896
1-0,1-0,0.0003112477136496341,0.39497681329163914,0.5596347093304718
0-1,1-0,0.00028457487754040634,0.4532439474413185,0.5076434335658498
0-1,1-0,0.00028090831410249246,0.42762208704190485,0.5313644291716738
1-0,1-0,0.0002638267607259459,0.5551848917995176,0.40940324994041855
0-1,1-0,0.0002992497894135382,0.37571367192857436,0.5699053982379928
1-0,1-0,0.000345070575498726,0.43446876049001115,0.5115216163658818
1-0,1-0,0.0003124518091897646,0.42261462380650233,0.5262052141715113
0-1,1-0,0.0002845259945221443,0.3753696672805774,0.5723158408958925
1-0,1-0,0.0005899511723441054,0.20225309211886108,0.7585801601936292
1-0,1-0,0.0005917285617230612,0.5320405292017318,0.409643244484028
0-1,1-0,0.00026541220527528963,0.5470196648480213,0.41663496571679265
1-0,1-0,0.00034692251925274377,0.5742533452236753,0.3802962425396345
1-0,1-0,0.00027610607077969035,0.3815137554371003,0.5788014824993789
1-0,1-0,0.00029203298745404693,0.4389172581365677,0.5216329012324545
1-0,1-0,0.00036728135670951204,0.5459389801372575,0.4083485278855574
0-1,0-1,0.00028301977414371123,0.6329949897987355,0.3325210236089358
1-0,1-0,0.0002817479996336766,0.46148243123037586,0.4992521683127901
1-0,1-0,0.00027956533492176644,0.4705012123245817,0.4890584620354502
1-0,1-0,0.00028166037812507935,0.4501170041313008,0.5132082052213489
0-1,1-0,0.00023991764456102367,0.4912450061138447,0.47038941491925323
0-1,1-0,0.00026886046098771214,0.5059721437764798,0.45594042764212406
1/2-1/2,1-0,0.00031094940794789804,0.40885128836088386,0.5499753208262301
0-1,1-0,0.000336659835359865,0.4469592088362556,0.4998472403802589
1-0,1-0,0.0003058592915474017,0.38221231509642767,0.5782138205766322
1-0,1-0,0.000260573661341267,0.4575018314082623,0.49822458240845247
0-1,1-0,0.0003292639716140037,0.45845117215190234,0.4916653330621724
0-1,1-0,0.0003159339308160696,0.44245264309469945,0.5077713584082978
1-0,1-0,0.00036772275090710864,0.28469065762456497,0.6704925983483041
1-0,1-0,0.00027914265729262166,0.44413709999026313,0.5130531188586887
1-0,1-0,0.0003337653986056565,0.4210687452602077,0.5239409452522263
1-0,1-0,0.000300771047655924,0.45522063923986117,0.49813266809009105
0-1,1-0,0.0002716696522437213,0.4553031063187782,0.5054125854763976
0-1,1-0,0.00027517243167178015,0.5008006715229175,0.45879704790796183
1-0,1-0,0.00036762614540555117,0.443334705800866,0.5014991352249893
1-0,1-0,0.00028094014536922255,0.4737343142165257,0.48348598285806427
1-0,1-0,0.00030787161216250155,0.40967888613619835,0.5547594653038543
1/2-1/2,1-0,0.000320058482880314,0.44265661060410266,0.5069507407673852
1-0,1-0,0.00029771170109401827,0.4298963800924661,0.531931717883756
1-0,1-0,0.0002732249146904905,0.40925851245291983,0.5416557283419792
0-1,1-0,0.0003226468422442218,0.4570470289218401,0.49361976380280664
1-0,1-0,0.00030235651594998845,0.5287129527346841,0.4266654011261963
1-0,1-0,0.0002979014470452005,0.4853076971891294,0.46805436772954995
1-0,1-0,0.0002862936268491161,0.46353074615385004,0.4927447221056047
0-1,1-0,0.00033844536555197345,0.45853026247497514,0.4905004728075697
0-1,1-0,0.00027790211770185896,0.44830760698355093,0.5150045306424315
0-1,1-0,0.00028040028579022735,0.4444842136561582,0.5125110208958996
0-1,1-0,0.0003032608536193757,0.4559975891794498,0.49713688677880224
1-0,1-0,0.0003065176183750285,0.4167658245376492,0.5447640362777094
0-1,1-0,0.00028667241481435547,0.45072354950282445,0.5080920415794351
0-1,1-0,0.00028860843342895076,0.45496280230436503,0.500781599925927
1-0,1-0,0.00026937377169537025,0.4785890572790866,0.4832229524508894
1-0,1-0,0.0003778656261380997,0.48809706131710306,0.4605117145894835
1-0,1-0,0.00028868129671303874,0.49531735125479254,0.4601046500808288
1-0,1-0,0.0002748890629801304,0.45513853187510184,0.5035383758815912
0-1,1-0,0.000338450930952037,0.44135657324907196,0.5048318867282177
1-0,1-0,0.0002908160507836392,0.4408938306465463,0.5192836743034869
1-0,1-0,0.00037382102233987006,0.43207246917146686,0.5111196041303566
0-1,1-0,0.00028325919453039896,0.4426556526581895,0.519517942429263
1-0,1-0,0.00027633994225270784,0.35819467866407834,0.592002265208567
1-0,1-0,0.00026680093639223,0.5027759050848238,0.4603013004764514
1/2-1/2,1-0,0.0003526750380241695,0.4444083992558181,0.5019962790670581
0-1,1-0,0.00027071436693492165,0.36664525014827076,0.5906903990666412
1-0,1-0,0.00027150041577018834,0.4226315001696037,0.5294552024921959
0-1,1-0,0.0003279432148339944,0.41966238124552935,0.525666086078423
1-0,1-0,0.00029672236043738173,0.44713652651775226,0.5059128795857709
1-0,0-1,0.00027799463009540716,0.6095850154439272,0.3556918850978228
1-0,1-0,0.00029511131330992675,0.40285600548927175,0.5573737427298519
1-0,1-0,0.0002712775495922835,0.4691358830781684,0.4911895788908309
0-1,1-0,0.00045843070660999877,0.48276193155957114,0.4602850175810964
1/2-1/2,1-0,0.0002890620452879087,0.4452126479670509,0.5120953561774773
1-0,1-0,0.0002877034310355061,0.44162795639872654,0.5211319414042379
0-1,1-0,0.0003438184891416053,0.44781842254160914,0.49983712495270705
1-0,1-0,0.0002682398481158069,0.48521218390464943,0.4763266806007237
0-1,1-0,0.0003033751423387273,0.4590909270160069,0.49402248054291525
0-1,1-0,0.000271176178157189,0.4705211360603538,0.49310823839501566
0-1,1-0,0.00030012700631453957,0.3992884329858445,0.5474295276665279
1-0,1-0,0.0004190904557748042,0.5399461665908689,0.4093264012614666
1-0,1-0,0.0002579371163051896,0.5103462773188179,0.4550184750116488
1-0,1-0,0.00027621628264378763,0.467436163909161,0.49649290351097164
0-1,1-0,0.00028341763768389153,0.46061582844185756,0.49758149886392916
1-0,1-0,0.0003479790991203847,0.3475730424799653,0.6118153563888115
0-1,1-0,0.00030254693996006177,0.5094586094761019,0.444729014745824
0-1,1-0,0.0002800738004365919,0.4843992995318462,0.4738780351633911
0-1,1-0,0.00028510465836444423,0.4532587837527559,0.5072836627617221
0-1,1-0,0.00029845937833254373,0.38203635232397687,0.5651687885046514
0-1,1-0,0.0003068841151161135,0.46184576572608865,0.49106660344716924
1-0,1-0,0.0003061956372278306,0.4841919462402841,0.47034325079297207
1/2-1/2,1-0,0.00030845010778161587,0.3894267868498321,0.5722607156213485
1-0,1-0,0.0004456147727029321,0.27235454079240157,0.6884743226820613
1-0,1-0,0.00028637201657037204,0.4503334724004831,0.510302725972161
1-0,1-0,0.00026278389374985456,0.5033960369120009,0.46059581940600536
1-0,1-0,0.00026869280847826557,0.4781334729939075,0.48445434960864214
0-1,1-0,0.0002614615779129154,0.3985605929038241,0.5562736826847127
1-0,1-0,0.0002621873934852869,0.5048379108579539,0.4598069413007686
1-0,1-0,0.0003020010025460452,0.415217606275168,0.5323011220686927
1-0,1-0,0.0005286781778444076,0.24938973066341538,0.7120612412178189
1-0,1-0,0.000309670868814549,0.4030611575444635,0.5529724157764895
1-0,1-0,0.00047518039712454447,0.48611620820854773,0.45629102553196965
0-1,1-0,0.00028489906922000584,0.45897798381960797,0.4985828231075904
0-1,1-0,0.0002771105190823611,0.4551768050362959,0.5078182277044275
0-1,1-0,0.0002772552050291165,0.4527616747144583,0.5107489693695629
0-1,1-0,0.0002956693140071225,0.4323425853026851,0.5311872960693128
1-0,1-0,0.00027954688017324444,0.43554180424364475,0.5244544394121384
0-1,1-0,0.00027206268218730724,0.4834101927347001,0.4756031691740578
0-1,1-0,0.0004012994703248635,0.4595945267889021,0.4844499759402899
0-1,1-0,0.0003664400772762398,0.46683446120591404,0.479509340074201
1-0,1-0,0.00026986496449459116,0.41472924371186015,0.5371941884694095
1/2-1/2,1-0,0.00032763549981137214,0.4551860902544132,0.4946394262061237
0-1,1-0,0.0002857457360792979,0.4511717016880863,0.5089095011317176
1-0,1-0,0.0002806730463032206,0.41607816016209387,0.5427675913063792
0-1,1-0,0.00032243483430326723,0.4117073617762954,0.5339909641139479
1-0,1-0,0.0002961274010754408,0.45106576607528803,0.5024243123501447
1-0,1-0,0.0003658274125659639,0.44981096318371977,0.4957298988529337
0-1,1-0,0.00028781037199994056,0.509143179267299,0.447461671822552
0-1,1-0,0.0003160605647016493,0.4143297184094173,0.553117595842511
1-0,1-0,0.0002779285413554353,0.4464771780481923,0.5123285881671241
1-0,1-0,0.0003726704367961093,0.4473317484451489,0.49705671243272254
0-1,1-0,0.00027070647080341384,0.4690350207132074,0.49519293504317063
1-0,1-0,0.00029956511147623944,0.41998946670041803,0.543962382363915
1-0,1-0,0.00031941883378564564,0.389527428079201,0.566526631453291
1-0,1-0,0.00026490777665170594,0.505056177114776,0.45859796321676033
0-1,1-0,0.00032590557746256,0.41276726159904187,0.532185203187297
0-1,1-0,0.0002570189968203308,0.4085039663649345,0.5496705724293391
0-1,1-0,0.0003053420596768715,0.38011502008785475,0.5859679581834845
1-0,1-0,0.00028324425008935367,0.4467121607849403,0.5154037773764634
0-1,1-0,0.00037856441950097954,0.4484954787247608,0.4961446380733177
1-0,1-0,0.00028907732550251356,0.4758500123590214,0.48073652811710427
0-1,1-0,0.00029634275977708733,0.5372804417797669,0.42230263273626595
1-0,1-0,0.0003007137108102313,0.43014576002244037,0.5213199722114373
1-0,1-0,0.00036538362905584967,0.4608696202430724,0.4860329438737911
0-1,1-0,0.00036838416225994244,0.4483758563562489,0.49703311521812643
1-0,1-0,0.00028465299770985704,0.4296364269168333,0.5321028062394592
1-0,1-0,0.00028469259175213044,0.4340092830264726,0.5282130602628813
0-1,1-0,0.00031993116869149835,0.398372064487771,0.5610425861704835
1-0,1-0,0.0002839547161992923,0.4537355580210982,0.5086440991755615
0-1,1-0,0.00027360380713671703,0.3853172331695019,0.5646807389034401
1-0,1-0,0.0003237965407794879,0.3883399695889332,0.5736713108430695
0-1,1-0,0.0002658757222196988,0.4945217923997582,0.46874866962565626
0-1,1-0,0.00036643191228581147,0.4992680377642623,0.4512401678800776
0-1,1-0,0.00029592989248619167,0.4253498625564311,0.5290100201645532
1-0,1-0,0.0002768778933285345,0.4697255484299316,0.49218830499539146
1-0,1-0,0.0002913717101903385,0.44608405007731017,0.5082940280757676
1-0,1-0,0.000332271885319793,0.4276309996655762,0.5180871629298289
1-0,1-0,0.00028850832728135136,0.4454515950235321,0.5184515632575057
0-1,1-0,0.00029352034475980016,0.4215796595041638,0.5272689042863262
0-1,1-0,0.00028423464562799585,0.45792970065903993,0.49837511655610595
1-0,1-0,0.00026315403987984116,0.524799821499978,0.43908053237245104
1-0,1-0,0.00029824991133580857,0.4252500049939656,0.5322362828689265
1-0,1-0,0.0003432359183096253,0.36106743197196595,0.6076802887741086
0-1,0-1,0.0002699127108027191,0.6330447017339992,0.3336643104673304
1/2-1/2,1-0,0.00027823121995086984,0.4702763242081467,0.4882023816778515
1-0,1-0,0.0002744037748544606,0.4697568809400075,0.49339562896431016
0-1,1-0,0.00029156430351925315,0.39077887321191995,0.56013994733868
1-0,1-0,0.0002821280626050169,0.4348154337805875,0.5216779574562389
0-1,0-1,0.0003218284552101078,0.6793312302684329,0.2855010685174964
0-1,1-0,0.0003020759465567799,0.3896428445360074,0.5563469322249047
0-1,1-0,0.00029627427602520884,0.4071725972477515,0.5543650331875154
0-1,1-0,0.0003033904327081675,0.4189946966580243,0.5397855755656499
0-1,1-0,0.0002701457672897505,0.4824508240214533,0.4813214491217707
0-1,1-0,0.00029050550085616187,0.4422099045395082,0.5176948434961817
1-0,1-0,0.0002953760344109178,0.3772184002747949,0.578287123192723
1-0,1-0,0.000322601127394365,0.465746893882966,0.48571355818424855
0-1,1-0,0.0003432731834494035,0.4580200765181264,0.4907152385244055
1-0,1-0,0.0002855686156596932,0.4617869197016416,0.494801058745297
0-1,1-0,0.0002806137634276496,0.4524526557823991,0.5044337478732681
1-0,1-0,0.0004576829656696749,0.49427012515378665,0.44999745211434594
0-1,1-0,0.00026393975004228596,0.564223680480547,0.40070414468898474
0-1,1-0,0.00026340986407376614,0.503894074083217,0.46028567324553005
0-1,1-0,0.0002837874400136986,0.5679763536262344,0.3934397236497031
1-0,1-0,0.00035137411950352437,0.48800485631149,0.46106208096180656
0-1,1-0,0.00028556084634142936,0.45680299242341244,0.5010049788477421
0-1,1-0,0.00028846925259307533,0.4449147183777894,0.5158543809727496
1-0,1-0,0.0002773322140948285,0.4602848237054974,0.49808762742179563
0-1,1-0,0.0002868494088289795,0.4624541409652105,0.4939935012526258
0-1,1-0,0.00038829780948699335,0.4567906901977748,0.4879919703864824
0-1,1-0,0.00039251114227071665,0.2357181976077196,0.7178814508921929
1-0,1-0,0.00030754344431035676,0.3628183634362649,0.6016759613675609
1-0,1-0,0.00035269060752694586,0.4448880937276095,0.5015572082476831
1-0,1-0,0.0002886130918788973,0.45024441668685405,0.5047794628999258
0-1,1-0,0.0003124948446801814,0.3758547600399401,0.5845625916431283
0-1,1-0,0.00028945892687197775,0.44818019526090347,0.5058856736558487
0-1,1-0,0.0003136458937789413,0.40722744644496583,0.5523802344311699
1-0,1-0,0.00026556330088532806,0.3888127018833655,0.5678064536476793
1-0,1-0,0.00028080043819024374,0.46611146980040535,0.49351633226641345
0-1,1-0,0.00036219296335743,0.42937078290658776,0.5143602873481797
1-0,1-0,0.00029167511467531344,0.43312687125097316,0.5204443986156851
0-1,1-0,0.0003221688007852274,0.41321306316527434,0.5322788624704193
1-0,1-0,0.000569788303960241,0.19652453695893568,0.7660148212449356
0-1,1-0,0.0003338292122455917,0.45808454006713145,0.49146844862038286
1-0,1-0,0.0003062598456053562,0.41165997114793995,0.5508291334065395
0-1,1-0,0.0003160040904427306,0.5454987183021497,0.4127867485520282
1-0,1-0,0.0002919753258911261,0.3986635665206513,0.552642407693156
1-0,1-0,0.00028405128034366246,0.45338465455417715,0.5068395013006564
1-0,1-0,0.00027128796185870764,0.48614456976575315,0.47643249764212303
1-0,1-0,0.0002787043979260624,0.4586751333783742,0.49898233499604755
0-1,1-0,0.00033353947336712533,0.5605719665554353,0.39409060768143594
1-0,1-0,0.0003925987832585637,0.4689902838572896,0.47676049270286514
0-1,1-0,0.00027993016094058276,0.4538258727891431,0.5032644092349419
0-1,1-0,0.0002679592449386276,0.4818665946772767,0.4820184640417099
0-1,1-0,0.00028101949731843326,0.4169508038528015,0.5332432179577227
0-1,1-0,0.00031023821159876076,0.4137234063126869,0.5495177359268957
0-1,1-0,0.00035921126826588294,0.4406246305100492,0.5047552759025754
0-1,1-0,0.0002949750094381907,0.4323015664947207,0.5299377744154083
0-1,1-0,0.00028916047565155764,0.5112132429085967,0.4452375788508993
0-1,1-0,0.0003914231376511752,0.45398334166422816,0.4902178699749668
1-0,1-0,0.00029691429397672313,0.4323757392464164,0.5301522835893421
1-0,1-0,0.0002600786744073869,0.41595783365765376,0.5385529542446099
1/2-1/2,1-0,0.00030049199569989564,0.3570790975034319,0.6053437927883715
0-1,1-0,0.0003040974069592267,0.4938127300218924,0.45906797279380024
1-0,1-0,0.0003360030774798818,0.42553895265676417,0.5196066447692401
0-1,1-0,0.00032964705803633265,0.452894842977249,0.49657162707623054
1-0,1-0,0.000262419696447268,0.5232538491232642,0.4406514478052447
1-0,1-0,0.00026509869283797294,0.4866122755349613,0.476564847560476
0-1,0-1,0.0008680667983635154,0.8117382308554514,0.14469522643231747
1-0,0-1,0.0002654572492062461,0.610884152440372,0.35595426369582683
1-0,1-0,0.00029629992880034764,0.43070003403627394,0.5287752254910939
0-1,1-0,0.0002475435795965501,0.5387058776116119,0.4336855958587641
1-0,1-0,0.00026791815022917217,0.4792088383728053,0.48441987170681133
1-0,1-0,0.0002648635076107296,0.4902463496274213,0.4714694827372086
1-0,1-0,0.00029511643674561645,0.43304797021934455,0.5286217734306524
1-0,1-0,0.0002926815490396985,0.4376472347484027,0.5210737509435944
0-1,1-0,0.000282505936119974,0.43088611417599826,0.5289614122550506
1-0,1-0,0.0003248984137518452,0.4095108544796086,0.558914984744058
1-0,1-0,0.0003136305853408505,0.4053673149769989,0.5548961708790892
1-0,1-0,0.000303328244395907,0.4005492302189695,0.5542916680709743
1-0,1-0,0.0003101440700162821,0.4006294645819948,0.5549718826365488
0-1,1-0,0.00025830149024694385,0.40602114078057694,0.5533779764322115
0-1,1-0,0.00030712721109345286,0.4147210519331983,0.5440706916819077
1-0,0-1,0.00048819237755827157,0.6108709807293733,0.3423337224010751
0-1,1-0,0.00032745151029759577,0.4741490723636955,0.47725932690547623
0-1,1-0,0.0002718816646840522,0.4929035702291783,0.46862706013635813
1-0,1-0,0.0003094576666625151,0.4298613559824041,0.5201848013437368
0-1,1-0,0.00027404764587705483,0.46560976867479353,0.4945333589461479
1-0,1-0,0.0002911666277279272,0.4222280372540982,0.5474465551003337
0-1,1-0,0.0002771455446241519,0.4737616476236818,0.4854606236328621
0-1,1-0,0.00027657118703202884,0.4457379469053739,0.5147135995683518
0-1,1-0,0.00028927125185916163,0.5638329434831593,0.3981814781565373
1/2-1/2,1-0,0.00027010477054584936,0.4668507253134152,0.49479545846246886
0-1,1-0,0.00031503717275286193,0.4349405249286419,0.5126923248395856
0-1,1-0,0.0002974083491541233,0.4160863055059393,0.539301228022638
1-0,1-0,0.0002859739990165711,0.4076159962910656,0.546678287581807
1-0,1-0,0.0003145316610016914,0.40610916017010756,0.5568525967602231
1/2-1/2,1-0,0.00034352098046578586,0.4238353304251938,0.5204587638110484
1-0,1-0,0.00030971391973678167,0.42699167311863456,0.5226781070333152
1-0,1-0,0.00031430919359566237,0.4333566768191452,0.5162808093904374
1-0,1-0,0.00028765893584314537,0.4514415217739357,0.5052364345629665
1-0,1-0,0.00029187513030696127,0.4075144906557279,0.5534280257659164
1-0,1-0,0.0002927582249163459,0.3556171777523353,0.5923730796965938
0-1,1-0,0.00026309324393952526,0.5293891704810422,0.4345588022765473
1-0,1-0,0.0004141683763258495,0.465424475654875,0.47826453838464844
0-1,1-0,0.0003002961555342459,0.41486061332391805,0.5396977037175393
0-1,1-0,0.00026799669634172457,0.48693014130237783,0.4751394808246779
1-0,1-0,0.0002885310801107806,0.44546967757700046,0.5094839064598237
1-0,1-0,0.00033716638915012696,0.44465867196921316,0.5032952563189396
1-0,1-0,0.0002948094868856348,0.43018202816720835,0.5243857125479686
0-1,1-0,0.000274109137204598,0.3731481216939723,0.5865432234173134
1-0,1-0,0.00033022692964822334,0.41538430429995604,0.5299930691658079
1-0,1-0,0.0003443346764133209,0.4307732369881331,0.514386828752599
1-0,1-0,0.0002908644836435052,0.3969631031680619,0.5507490195274067
0-1,1-0,0.00029565630417101264,0.3922379655128335,0.5749168112048083
1-0,1-0,0.0002938444794720754,0.43462344815988807,0.5204146280412671
1-0,1-0,0.0002965851260618375,0.4266433313836961,0.5293261116261603
1-0,1-0,0.00034155833459047696,0.38225938378127416,0.578641974368749
0-1,1-0,0.0002794155656029359,0.4687895997176618,0.4914285224752821
0-1,0-1,0.00035568863674964254,0.691052350376732,0.2720928921099217
0-1,1-0,0.0002785635018859626,0.4464486925281502,0.5117611611097939
0-1,1-0,0.0002767194251012089,0.467871449708953,0.4943975425385993
1-0,1-0,0.00026952362933262337,0.38357576862441434,0.5756657587218433
1-0,1-0,0.0002656605015637418,0.5499837889697463,0.4139223947973292
0-1,1-0,0.00034483720321605744,0.5885548259434951,0.37054481774058
0-1,1-0,0.0003302129717081775,0.4264214126404053,0.51920088169202
1-0,1-0,0.0002677541698666808,0.5459313350262701,0.414210109912181
1-0,1-0,0.00028057008425117614,0.42622630349526275,0.5331592139626652
1-0,1-0,0.00028888553057624213,0.5267279235205726,0.43037967596606513
0-1,1-0,0.00032529138614624867,0.39140078662965244,0.567261234018556
1-0,1-0,0.0002876799940806167,0.44886045517944484,0.5133218298825684
1/2-1/2,1-0,0.000296667517199247,0.40547020930564076,0.5559802249553901
0-1,1-0,0.0002636350497873241,0.5042143493576466,0.4593201724942799
0-1,1-0,0.0002946671510946795,0.43136329524217654,0.5298482235218178
1-0,1-0,0.00033523065450106614,0.4489220480555074,0.4996860517231153
1-0,1-0,0.00032828838905988916,0.3859641427810824,0.5722465215501698
0-1,1-0,0.00029158098966754615,0.44988203463841364,0.5048100565239934
0-1,1-0,0.0002820934441439628,0.48242117972439574,0.47570177983865763
0-1,1-0,0.0002907181007539781,0.4364473643830042,0.5255501866780398
0-1,1-0,0.00026916742923055,0.4706610149053507,0.49196570876209933
0-1,1-0,0.0002957636954114656,0.4510710057395545,0.4996116146622998
0-1,1-0,0.0002830255341016064,0.4536284569823875,0.5090069931863224
1-0,1-0,0.00027094530381462166,0.4765889744224956,0.4876904524923866
1/2-1/2,1-0,0.0002636222230849047,0.4841904600505864,0.4813235399691275
1-0,1-0,0.00026201818379420423,0.4894599025180823,0.47656370047529223
0-1,1-0,0.00029263330163742824,0.5539126479676952,0.4071021209849731
1-0,1-0,0.00028201065043558665,0.38375048742653994,0.5646743425958628
1-0,1-0,0.0002572367686986998,0.4095972930578434,0.5467066231905087
1-0,1-0,0.00027974229937021767,0.45753403691961864,0.5054702918720643
1-0,1-0,0.00027813308676399965,0.4519837290358956,0.5099958079647053
0-1,1-0,0.0002928709553788779,0.3820473582526622,0.5682446396647314
1-0,0-1,0.001089392594034263,0.9193685674061303,0.02180754031359753
0-1,1-0,0.0002779643726171044,0.38325157950297106,0.5776527013373651
1-0,1-0,0.00026196701210282416,0.4025315247820051,0.5514675219169167
0-1,1-0,0.00027910993002574455,0.4411942347951788,0.5202085001321015
0-1,1-0,0.0003593804798557231,0.4621419235469524,0.48557036445928753
1-0,1-0,0.00032042891949822175,0.4141080834686311,0.5325670935665832
0-1,1-0,0.00026231220960567847,0.41180743503952044,0.5506521532804705
0-1,1-0,0.000285281003050921,0.3712177004191853,0.5913679215508338
1-0,1-0,0.0002809747439265129,0.45637755515268874,0.5077421969278
1-0,1-0,0.00028303223691606073,0.42674116864203443,0.5291772536801129
0-1,1-0,0.00028447534900387025,0.4523386954429606,0.5102086801794152
0-1,1-0,0.0002650540310302626,0.503256335045072,0.46040211917840734
1/2-1/2,1-0,0.0002615348021714456,0.5066239075663632,0.4600522279077319
0-1,1-0,0.00027269628401052756,0.47185573608895526,0.4885235792624301
1-0,1-0,0.00029111055482848103,0.4282911057600042,0.5268837280621804
0-1,1-0,0.00027305026113607115,0.47273991002469473,0.4873621149242073
1-0,1-0,0.00032291364010144855,0.474161927556315,0.47809799562471655
1-0,1-0,0.0003744229963398246,0.30599302848483323,0.6517200834047963
1-0,1-0,0.0002886096268764828,0.4745989792236213,0.4817981867987673
1-0,1-0,0.0004116049826333613,0.4708116675815999,0.47322551100307914
1-0,1-0,0.0002831283373044164,0.45570682612397917,0.5009856591927386
0-1,1-0,0.0002634338930677309,0.39083187478917486,0.5662764943582328
0-1,1-0,0.0003317750003668895,0.4533765399845048,0.4960939446414419
0-1,1-0,0.0002717543039175809,0.4727704611903154,0.4871961747102237
1-0,1-0,0.00028277533319109573,0.4164366248742593,0.5401479252055741
0-1,1-0,0.00043865843754068085,0.2284390562524296,0.7282917498200646
0-1,1-0,0.00028986908903779715,0.4315410775898734,0.5307513082172973
0-1,1-0,0.0003914001491125451,0.3328268341135791,0.6266357708320491
1-0,1-0,0.00030588364525557007,0.40714892938608493,0.548228661733642
1-0,1-0,0.0003008896448464704,0.4191381249486219,0.5375674644611904
1-0,1-0,0.0002729124194223472,0.46369480588402157,0.4970785519250039
1/2-1/2,1-0,0.0002825562407448074,0.4208399154079042,0.5293771265662162
1-0,1-0,0.00027466427940425547,0.45526102497879545,0.5068415648023297
1-0,1-0,0.00027250327183072807,0.47795109246151835,0.48220020206489833
0-1,1-0,0.00036429440774276694,0.33462267408676466,0.6271534357874754
0-1,1-0,0.00027189397155466397,0.4347816013453061,0.517877792859733
1-0,1-0,0.0003208056913112786,0.40781029035118876,0.5383106537402136
1-0,1-0,0.0002817921948743634,0.4602903444739467,0.5027462402948072
1-0,1-0,0.00030340105618196405,0.496285875356967,0.45979927739946896
1-0,1-0,0.0003383990576715873,0.35926849222985274,0.6024012979765045
0-1,1-0,0.00035185544763633385,0.4511918536089497,0.4960080110338341
0-1,1-0,0.00032159849262206085,0.451042734991702,0.49926486144479526
1/2-1/2,1-0,0.0002824255339614535,0.46089766743125143,0.49889457233052
0-1,1-0,0.00027624579304964244,0.45685360787297025,0.5064787600532286
0-1,1-0,0.0002934179641166456,0.43533292830513637,0.5226803103379667
1-0,1-0,0.0003239786828863331,0.4125700053273659,0.5329104261662272
1/2-1/2,1-0,0.00034658482561811634,0.5163663001468729,0.4369490967247105
1-0,1-0,0.00031519353755676463,0.4084880323703514,0.5526868078946857
1-0,1-0,0.00031851022295973735,0.39740137410174525,0.5651857240625915
1-0,1-0,0.0002725946083354145,0.46546591468374704,0.49568605236700797
1-0,1-0,0.00034756750168256166,0.43141064303264826,0.5135154772208085
1-0,1-0,0.0002992389673315703,0.4239423250647239,0.5395781488594806
1-0,1-0,0.00027007826268854885,0.4928093739249587,0.46920164272233705
1-0,1-0,0.0003072738245544231,0.40008658724744783,0.5693977695602345
1-0,1-0,0.0002989970970885022,0.540455328259345,0.41633393837134935
0-1,1-0,0.0002809428495371347,0.45548530729695363,0.5059496584087644
0-1,1-0,0.0003027103948311602,0.4065177741678009,0.5477313540320338
0-1,1-0,0.00028197721503610984,0.4278236345420787,0.529074054249914
0-1,1-0,0.0005520073319007067,0.5591705748294102,0.38666831799911805
0-1,1-0,0.0002633245166415609,0.5132030668424618,0.4507200827115184
1-0,1-0,0.0003155169523153195,0.3910202322481886,0.5712528949471566
1-0,1-0,0.00030439680687195436,0.38153455544258685,0.5641092362921611
1-0,1-0,0.0002823170368306077,0.4945282800403818,0.46414807878967673
1-0,1-0,0.00027561466139445335,0.4529215420110635,0.5061208132648211
0-1,1-0,0.00026284339878674984,0.4383718310711493,0.5299005796919487
1-0,1-0,0.00028159842321884125,0.4523044495108332,0.5046811338144946
0-1,1-0,0.0002673480688658796,0.39785882959721747,0.5656090961151297
1/2-1/2,1-0,0.00028558238146425015,0.44938144071896424,0.516001159352018
1-0,1-0,0.00026897104300944476,0.48882452110930313,0.47687880304540214
0-1,1-0,0.00026526540034302787,0.5085284272303853,0.4545574605075427
0-1,1-0,0.0004085649791937707,0.46573444718266804,0.4780778187035751
1-0,1-0,0.0003587616120974669,0.46455278266633365,0.4832776204527154
1-0,1-0,0.0002943777182404164,0.41374217006503616,0.547779554912703
0-1,1-0,0.000308098684812298,0.402734618317642,0.5433292650020608
0-1,1-0,0.00029255732077926744,0.4607560027427695,0.49419808738358517
0-1,1-0,0.0003350965728499183,0.5747420300961112,0.38086125008638655
