y_true,y_pred,prob_1-0,prob_0-1,prob_1/2-1/2
0-1,1-0,0.0002485288735492178,0.45210228211561515,0.5085396337330657
1-0,1-0,0.00032722106193595955,0.420149464924721,0.5404134195715578
1-0,0-1,0.00024361939552645077,0.5482155583169679,0.4128490410314234
1-0,1-0,0.0003629321373330339,0.43128637355280275,0.5300820005321615
0-1,0-1,0.00023047244587744712,0.6124359524072323,0.34259512589050845
1-0,1-0,0.00036528707579707456,0.44773941820605595,0.5127182657349977
0-1,1-0,0.00026521225832968834,0.43979600741226005,0.5209953879443732
0-1,0-1,0.0003056588356633652,0.5901167221790966,0.370357093565924
1-0,0-1,0.000274753198878398,0.5373143353406883,0.423170873059722
1-0,1-0,0.0004015873003805336,0.4244708279040527,0.5367185743577934
1-0,0-1,0.00017772743374585344,0.5282593738802789,0.4346245131778742
0-1,1-0,0.00021058867827261355,0.45502984130148133,0.5060027621843669
0-1,1-0,0.00026636043394487395,0.49110597126439104,0.4699920149051585
1-0,1-0,0.00023698217440134894,0.42797864931868035,0.5342899193286216
1-0,1-0,0.0004108764942863283,0.41805090837004105,0.5430913370831493
1-0,1-0,0.00022735243842493332,0.41653264711159627,0.5404502113842197
1-0,1-0,0.0002056367184597688,0.43332961719000074,0.5296422275512507
1-0,0-1,0.00021653234201698352,0.5799780240580337,0.3803426411821608
0-1,1-0,0.00019341786431857196,0.47193827679586403,0.48943261203659294
1-0,1-0,0.00037368904356379875,0.4597772632458221,0.500861202717981
1-0,1-0,0.0003076716977594195,0.4178733370545145,0.5429998392983655
0-1,1-0,0.00040879837930691686,0.42041541072241323,0.5401780003625203
0-1,1-0,0.00033761209839205497,0.4194426452495759,0.5411109293155153
1-0,1-0,0.0003705535399522547,0.4542160869501073,0.506568630675023
0-1,1-0,0.00021853049433191398,0.41823608688714087,0.5430514942374506
1-0,1-0,0.0002758914449065188,0.4211410970029693,0.5396114164952349
0-1,1-0,0.0003540555099571151,0.43041015962552487,0.5302307523882378
1-0,1-0,0.0004016426219607855,0.4444265139799322,0.5160253468374378
1-0,1-0,0.00032641535483354,0.42281938718551715,0.5379351853777133
0-1,1-0,0.0003612354426274518,0.4193951133272768,0.5424624660843466
1-0,1-0,0.0002803065644389342,0.443351234084532,0.5171285281987156
1-0,0-1,0.00019679237907609538,0.5252052101343205,0.44076010562620865
0-1,1-0,0.0002166982623804087,0.45745285814541486,0.4925707602726387
0-1,1-0,0.00027140114445049524,0.4194208439585129,0.5411035878245795
1-0,1-0,0.0003700967361117819,0.41861911922284023,0.5419392603791626
1-0,1-0,0.00027438117048538154,0.4185424133514115,0.5422336651011325
0-1,1-0,0.00027219016006071453,0.41923876855275577,0.5436116496257613
1-0,1-0,0.0002781819060096911,0.44060101274809005,0.5198449569861612
1-0,1-0,0.00029152344541462106,0.4235189898811419,0.5370193696973509
1-0,1-0,0.00023377396672582526,0.41292906315987776,0.5461232237714718
0-1,1-0,0.0003102722924280824,0.4339715606382227,0.5265377835395806
0-1,0-1,0.00022271457542060715,0.5272679626405551,0.43429742116577197
0-1,1-0,0.0003360519497793305,0.41986332245556074,0.540747728442767
1-0,1-0,0.0004009600089611236,0.4383350249096829,0.5222197707845294
1-0,1-0,0.00035582712503191594,0.4270682509728901,0.5334538304792419
1-0,1-0,0.00021899312811855391,0.41779667486241706,0.5429273104108558
1-0,1-0,0.00036404978544044014,0.43655637664276276,0.5244279971433946
1-0,1-0,0.0002328995946551862,0.4162679075121383,0.5463333206709317
1-0,1-0,0.00029757229455684855,0.4165757515103691,0.5440437565618129
0-1,0-1,0.0002166124554133256,0.5276625116502461,0.432744959213368
1/2-1/2,1-0,0.00023904913883142964,0.4311268090222234,0.529346062428035
0-1,1-0,0.00020478184813019006,0.42757465624286056,0.5340259456521899
1-0,1-0,0.0002719241757557942,0.42405263961181355,0.5379302153723728
1/2-1/2,1-0,0.00035188212081260545,0.42566636744008585,0.5349165953445689
0-1,1-0,0.0003380854111976116,0.434042277790392,0.5265807709921957
1-0,1-0,0.00029437704062216114,0.41733876394835123,0.5431954434590889
1-0,0-1,0.00017852516855834728,0.5387899855374472,0.42412159172175995
1-0,1-0,0.0002241980752142248,0.41742247733396953,0.5443526560928887
1-0,1-0,0.0003700024118332464,0.4354663866481018,0.5256554811868784
0-1,1-0,0.00023305966463239383,0.4796715928616667,0.4817519651010197
1-0,1-0,0.00019936906817118056,0.4520880088633893,0.5088077514178204
0-1,1-0,0.000233850518485913,0.4313643491597803,0.5304788315282989
1-0,1-0,0.0002408556383713711,0.47532660743142374,0.4858519185756166
0-1,1-0,0.0002536475259964101,0.45005404189859904,0.5108797490506968
0-1,1-0,0.00041670989260847923,0.4390617520730638,0.5214416826353658
0-1,1-0,0.00027162048850695654,0.4494669321479628,0.5109855880473589
0-1,1-0,0.00031389510995615384,0.42901085362797914,0.5315218240622936
1-0,1-0,0.00034344105379730455,0.48975511867431665,0.4708307525136892
0-1,1-0,0.00024731566248341563,0.4418073784752021,0.5192274212547077
1-0,1-0,0.00021129748743110732,0.44119654561327293,0.5218600980203951
1-0,1-0,0.0003512933541620933,0.41929182378904395,0.5412257854240059
1-0,1-0,0.00019949131500584982,0.47207012951548344,0.49264716497166355
0-1,1-0,0.00021654333017343468,0.4179238013452252,0.5428209392305914
0-1,1-0,0.0002919238780033529,0.4247145168012179,0.5359284380809922
0-1,1-0,0.00027920109055907676,0.46052681823449365,0.5010431738418455
0-1,1-0,0.00023257796084622814,0.4210930277126585,0.5398035722968747
1-0,0-1,0.0001979034651572454,0.5487183889937409,0.4119960233435364
0-1,1-0,0.00032369857267429457,0.4211116358229498,0.5407960274674881
1-0,1-0,0.0003904787280790693,0.4352134263535198,0.525184276288842
0-1,1-0,0.000326167513350783,0.42174688738614946,0.5388435955752503
1-0,0-1,0.0002824708561304854,0.5116979237183399,0.44922380995032446
0-1,1-0,0.0003311381320251807,0.4192606653038589,0.541424143109242
1-0,1-0,0.00019338979138460347,0.485759329239973,0.47522047290827574
1-0,1-0,0.00021845357852348033,0.42458926897355287,0.5376260258173664
1-0,1-0,0.00036199472944644826,0.48427394160513415,0.47619059230727834
1/2-1/2,1-0,0.0003240731705102114,0.4533117933118843,0.5076507102614408
1-0,1-0,0.00033670195921837564,0.4542451186179918,0.5063490555088611
1-0,1-0,0.0004238672259749839,0.41970634557383685,0.5407132326695624
0-1,1-0,0.0002173586356688739,0.43228442708883946,0.5299224995009557
0-1,1-0,0.000282944252804119,0.42628384936087094,0.5342104372400287
1-0,1-0,0.00024020891377224946,0.45032386977500954,0.5101739905550144
0-1,1-0,0.0003508119021155616,0.44023747528049934,0.5203530052464012
0-1,1-0,0.00026666117175924264,0.4200673343795015,0.5407140188569419
0-1,1-0,0.0002294579717333943,0.4998513412308078,0.4609899110552368
0-1,1-0,0.00023940292591633449,0.48557375936351765,0.47503366416789333
0-1,1-0,0.0004415897476719907,0.4167348970019703,0.5440509451138128
1-0,0-1,0.00046040743965569724,0.5040556991122823,0.3361752783355531
1-0,1-0,0.000309395508420497,0.4283539976717183,0.5323318357955605
1-0,1-0,0.000288876392606873,0.47593341179929866,0.4847406590455406
1-0,1-0,0.0002141471846309053,0.4223230951940793,0.5392515291941637
0-1,1-0,0.00021985013692545012,0.4360089093196873,0.5260740004393096
0-1,1-0,0.00037260456247713335,0.4389682618204424,0.5215340495098963
0-1,1-0,0.00023751042836074582,0.4457889060562876,0.5147158944630499
1-0,1-0,0.000219094676227642,0.45677458020749745,0.5051947025874612
1-0,0-1,0.00022849614586798128,0.5590653074794918,0.4019378392945843
1-0,1-0,0.00031834241788220626,0.4364655012430317,0.5247597287148461
1-0,1-0,0.0004291889004986466,0.41657277431753104,0.5446320166781676
0-1,1-0,0.00036937699757454037,0.4790168619666282,0.4814022097111637
1-0,1-0,0.0002942638131569947,0.49811900159610917,0.4627022727230128
1-0,1-0,0.00019766086547197206,0.4928933662235813,0.467593631732551
1-0,1-0,0.000242483390207321,0.4563656346483958,0.5050496746216661
1-0,1-0,0.00025131993640379127,0.4119005884639764,0.5489136939958567
1-0,1-0,0.00021791960456101725,0.41732096533779645,0.5436779677567769
0-1,1-0,0.0003579194035780566,0.4262952894175919,0.5342165475269631
0-1,0-1,0.00020864202390221296,0.5966228284675075,0.3647123783260411
1-0,1-0,0.00020411578395484193,0.4317857607272268,0.5298398522228938
1-0,0-1,0.0001950780401470423,0.5202037183390466,0.4411629280539526
1-0,0-1,0.00020292149758322197,0.5407910469161072,0.4199701225472439
1-0,1-0,0.00033257739387310424,0.44421104736372863,0.5170031105991998
0-1,1-0,0.0002069450723297792,0.47455031696930117,0.48738979716096004
1-0,1-0,0.0004223637563048748,0.4159733154427406,0.5446758651982432
0-1,1-0,0.00031183930360243747,0.43236730464269535,0.5281505659511708
1-0,1-0,0.00035953932399122504,0.4236857830837084,0.5372094207146643
0-1,0-1,0.00024633994693219226,0.509835127573265,0.4508968962052137
0-1,0-1,0.00020065994910817113,0.5682416042085887,0.3935097331091712
1-0,0-1,0.00019435094500109225,0.5451466512189312,0.4168981785844169
0-1,1-0,0.0003032094645989415,0.4301662768633074,0.5317236918265699
1-0,1-0,0.00031835594208180497,0.5063010572003634,0.45449801458425265
0-1,1-0,0.0002104905338143623,0.42350856480826427,0.542426208968417
1-0,1-0,0.00029635797212706165,0.4596180081502734,0.5016879779130612
0-1,1-0,0.000342344712063405,0.4450190770601487,0.5155799403370033
0-1,0-1,0.00030498765428663865,0.5886753715373215,0.3716905024260811
0-1,1-0,0.0002424843817626269,0.4156433254220063,0.5451354807806233
1-0,0-1,0.000265344578144752,0.5195091386980998,0.4415187744029756
1-0,0-1,0.0002475129967005802,0.5370210733547233,0.4238494800888168
1-0,1-0,0.0002818428451736478,0.42084160915910535,0.5415791180774682
0-1,1-0,0.0002123211651191442,0.44089421223004366,0.5212848221837028
1-0,1-0,0.00039468911521731544,0.44988099469281617,0.5107289473581385
0-1,1-0,0.00022253450093040318,0.425866940413812,0.5264241622521688
1/2-1/2,1-0,0.0003827008370616017,0.40833505367915596,0.4824899463577042
0-1,1-0,0.0003188239823859964,0.5070902034827934,0.4532572670933597
0-1,1-0,0.00023969193533797127,0.420669369480047,0.5407347648465555
0-1,1-0,0.000341576048561248,0.4615696711079044,0.4990983846947824
0-1,1-0,0.0003469614950754883,0.4248639210543525,0.5357725113770999
1-0,1-0,0.0002958001077220905,0.4285283393148577,0.5320377802380605
1-0,1-0,0.00019235276451646258,0.5004795760517831,0.46159048895665467
0-1,1-0,0.0002436561942214055,0.4210325831678733,0.5422799000102028
1-0,1-0,0.00021563550258896566,0.43072825131443127,0.5300028324205093
0-1,0-1,0.00021580697421680708,0.5112965643958013,0.44912173245151005
1-0,1-0,0.0003538315690560258,0.42604204648231325,0.534576240706423
1-0,1-0,0.00021347641510654973,0.4491366175237578,0.512386822135557
1-0,1-0,0.00039821414637486756,0.43892878828781984,0.5215607068373599
0-1,1-0,0.0003286433597728514,0.41869230949948066,0.5419631035641237
1-0,1-0,0.00035470421081207603,0.43914031807332293,0.5214526532092892
1-0,1-0,0.00021887262390607356,0.45358279268073615,0.5078381709676205
1-0,1-0,0.00033203688340134087,0.43390219813475317,0.5269909175643599
1-0,1-0,0.00031091648325164123,0.45675685216282463,0.504246301183053
1-0,0-1,0.00019451803425279306,0.5359331823127544,0.425127886418982
1-0,1-0,0.00021039266484364536,0.4157040066777574,0.5469609442218301
1-0,1-0,0.00026861994853121234,0.4164320227879557,0.5467476715641066
1-0,1-0,0.00028769566054766954,0.4784280947502863,0.48225847442880604
1-0,1-0,0.00039543368968840593,0.4326143178303564,0.5278908131964419
0-1,1-0,0.00032075472109569306,0.425371941593769,0.5351708497677025
0-1,1-0,0.0003220645547518254,0.5043520693549297,0.4564258196431903
1-0,0-1,0.0002172315838866909,0.5277515810052416,0.43215388371335767
0-1,1-0,0.00022288727722305753,0.4383369929175918,0.5239801826196883
1-0,1-0,0.0003104659195212556,0.43471537009184447,0.5260297406054569
0-1,1-0,0.00030058776840211017,0.42205596779771676,0.5384934760577113
0-1,1-0,0.0002830505618899763,0.45603578093171937,0.5044228864612995
1-0,1-0,0.0002805902412926878,0.4508161146536705,0.5102134255249144
1/2-1/2,1-0,0.008009112384253158,0.3168422514106925,0.5323663111580851
1/2-1/2,1-0,0.0002332342572984383,0.43695939558755537,0.5239949149956539
1-0,1-0,0.00026354138671868,0.4338466251050145,0.5266807173232076
1-0,1-0,0.0001825771829759402,0.4985691057694715,0.4636990291773603
0-1,1-0,0.00022153819105371952,0.4421270628163025,0.5191290259607092
1-0,1-0,0.00021457416431844986,0.4279505782781019,0.5353967518591419
1-0,1-0,0.0002115576366730285,0.4233653296741705,0.538451992249271
0-1,1-0,0.00039978620040128043,0.4331044089400904,0.5278139441078296
0-1,1-0,0.00028956881549837665,0.46161157317326046,0.49888494509986886
0-1,1-0,0.0002377143034878645,0.42380542711083535,0.5424623058783993
1-0,1-0,0.00028303053637088876,0.4854540836855959,0.47526514967308914
1-0,1-0,0.00038844568549973674,0.42818239450034534,0.5322344150578141
0-1,1-0,0.00021758758439698167,0.4164559213025185,0.545555612336487
1-0,1-0,0.0004148022554265323,0.42075920752089674,0.5403666732957317
0-1,1-0,0.00030484865088776397,0.41926694409320764,0.5413799435511981
1-0,1-0,0.0003460385333460427,0.4362824236887979,0.5249472484163239
1-0,0-1,0.00021892015822085232,0.511528212757066,0.4494250258886087
1-0,1-0,0.00024333808676172514,0.42528465518473757,0.5352031897501252
1-0,1-0,0.00025761565561037875,0.42295148294996904,0.5375633338066272
1-0,0-1,0.00023194803782593238,0.5187764629252538,0.44203183290644243
1-0,1-0,0.00033988358797062875,0.4089617079543706,0.5350790652304819
0-1,1-0,0.00021361681896227576,0.4174575791698518,0.5451344296752177
1-0,1-0,0.00026810353196324944,0.4377043745173206,0.5228108393402572
1-0,0-1,0.00021184793148735714,0.5478311254344969,0.41115575232611695
0-1,1-0,0.0002381559678165981,0.4815612667812317,0.47900599595579907
1-0,0-1,0.0002469168371933634,0.564586011010163,0.39625801129311694
0-1,1-0,0.0002395205658112959,0.4199574905950711,0.5423651798672287
0-1,0-1,0.00028899087558203335,0.5624909406413808,0.39780495991857057
1-0,1-0,0.00022140750682970078,0.428693009444155,0.5380610532300895
0-1,1-0,0.00038639360256613567,0.4340299997984268,0.5264880392846696
1-0,1-0,0.0002068837512090518,0.4393395891701006,0.5227378155934176
1-0,1-0,0.00028775290208540096,0.4261746404818007,0.5344597629853658
1-0,1-0,0.0003709823273270582,0.43716673826325875,0.523396369375114
1-0,1-0,0.00022013700436323652,0.43295366401828356,0.5296378109763138
1-0,1-0,0.0002468778903950597,0.45062258612282924,0.5098584672690221
1-0,1-0,0.0003473128222900763,0.4207397670155097,0.5398710713419721
1-0,1-0,0.00019534672134914583,0.49011735065252715,0.4772568484890635
0-1,1-0,0.0002158004603202599,0.4157581344041285,0.5450248978472778
1-0,1-0,0.0002232366272327804,0.4187104571759377,0.5424428641949358
0-1,1-0,0.00031802772003561265,0.4586330349003915,0.5020508920344833
0-1,0-1,0.00024129596087099563,0.5931687338611018,0.36802315803093083
1-0,1-0,0.00020084523290041586,0.4361581033213728,0.5246504668212668
1-0,1-0,0.0003863002269584987,0.4172348165606233,0.5432483614288175
1-0,1-0,0.0002098573290859546,0.453732709044095,0.5084340056966533
1-0,1-0,0.0003745747093068847,0.43441015232016283,0.5261425291818966
0-1,1-0,0.00021803406375415113,0.4366592264771174,0.5264434593093039
1-0,1-0,0.00023427888753682193,0.4142412888632163,0.5476142414200705
1-0,1-0,0.00034072752473986975,0.48416037955366104,0.4765339967392698
0-1,1-0,0.0001899673944063869,0.4804845956757898,0.48128747889235307
0-1,1-0,0.0003327484991041016,0.43703226510642545,0.523558413749796
1-0,1-0,0.0002769098164268005,0.45642959866947397,0.5056920340740316
1-0,1-0,0.000205411474546783,0.47124269819661624,0.4902967496567638
1-0,1-0,0.0002497250898018222,0.4329715791608919,0.5278110138834062
1-0,0-1,0.0002400361361978675,0.5418285110241149,0.4193425134168313
1-0,1-0,0.0002163719494340835,0.44229289351840373,0.5195179171178712
0-1,1-0,0.000312608716485757,0.4248437922920417,0.535861704372587
1-0,1-0,0.00021494307597432085,0.4555807644061004,0.5047794175090401
1/2-1/2,1-0,0.00026398032777658206,0.4344853159401464,0.5260621507946882
1-0,1-0,0.0003546486500165456,0.4398509048302833,0.5211947644828596
0-1,1-0,0.00024025180813617538,0.41960685834752687,0.5401395344147909
0-1,1-0,0.00021145208925015305,0.4149520540546894,0.5473661120602542
1-0,1-0,0.0004332737201316719,0.4194916020192159,0.5411516355418421
0-1,1-0,0.0003198324806508132,0.4386415122610196,0.5220508902658523
0-1,1-0,0.0002174423486115206,0.4217707402273461,0.5442306588071572
1-0,1-0,0.0002891586619900747,0.43769487925280837,0.5230427577359793
1-0,1-0,0.00022227678662703487,0.4186224038957185,0.5421699142931499
0-1,1-0,0.000375252006210288,0.41010306976784666,0.5020847694742062
0-1,1-0,0.00037198283456624926,0.4176326906940267,0.5429259626902997
0-1,1-0,0.00022627692342142431,0.4206202213795936,0.5423250884292355
0-1,0-1,0.0002573290841870606,0.537487288970387,0.42304269044334103
0-1,1-0,0.00043908740222069854,0.417199011107216,0.5433099346193629
1-0,1-0,0.00032898861836005435,0.41761803769842326,0.5431013964834899
0-1,1-0,0.00020430527707134818,0.427993737466211,0.5335336950243594
1-0,1-0,0.00031202971872146273,0.4309972205661827,0.5302980099142101
1-0,1-0,0.00037350721521239535,0.4408418492719723,0.5197121478154948
1-0,0-1,0.00019465611459335415,0.5420689092146935,0.4193515159043103
0-1,1-0,0.0003327264089980158,0.4186366839213058,0.541961352484096
0-1,1-0,0.0001974890611170202,0.4802502567021865,0.4849620447762982
1-0,0-1,0.000256309232426241,0.5739166236833322,0.3868478312793024
1-0,1-0,0.00035420041969251787,0.4300125945079711,0.530519311705913
1-0,1-0,0.00022299007823450422,0.45860665900401487,0.5023775021508445
1/2-1/2,1-0,0.00027552633544240134,0.4447281380574103,0.5157490516337047
0-1,1-0,0.00023712362444806308,0.4553694657480665,0.5066849113826363
1-0,1-0,0.00020291158413143307,0.4882641844435723,0.47220742273876737
1/2-1/2,0-1,0.002505477108282363,0.040239041754273834,0.1278924316333641
0-1,1-0,0.0002903128355292064,0.4706457280688712,0.4901911308958278
0-1,1-0,0.00020311327588949714,0.4376642653513121,0.5286331409162099
0-1,1-0,0.0002267585589876234,0.446177379655544,0.5149790198575155
1-0,1-0,0.000302137769349831,0.4363260975445613,0.5246587997860355
1-0,1-0,0.0003191469164960332,0.4223574840048356,0.5382648512531611
1-0,0-1,0.00029296587935983247,0.5523347056783489,0.4086329258506793
0-1,1-0,0.00030885588977918905,0.42198062105814016,0.5385471198885677
0-1,1-0,0.00027335658790144046,0.4310670249754385,0.5298102238660969
1-0,1-0,0.00020201664332359474,0.42144616137949964,0.5533547242621148
1-0,1-0,0.00021430711292062037,0.4764984721406442,0.4847059602921756
1-0,1-0,0.00033378809916986596,0.4306282823010666,0.49670770310519385
1-0,1-0,0.00021744573905707417,0.415809018651549,0.5454070981624847
0-1,1-0,0.00025273588983247807,0.4867221667122823,0.47377355309068253
1/2-1/2,0-1,0.0002782193262420689,0.5183252394203348,0.42689877932539044
1-0,1-0,0.00019806497479996353,0.48701628888306053,0.475516690089576
1-0,1-0,0.0003106073106748566,0.42838843125190035,0.5323631464467677
0-1,1-0,0.00029559173015091363,0.42128528000552234,0.5394144335690989
0-1,1-0,0.000412180955095273,0.4388561568259374,0.5217628889807813
1-0,1-0,0.00024720055843512035,0.4374366757166352,0.5246384669483674
0-1,1-0,0.000280357599993072,0.41880925415724296,0.5417937513764755
1-0,0-1,0.00020902313274749477,0.5123183932986163,0.4482242381207242
0-1,1-0,0.00026222408658481026,0.49233917146204387,0.4689554197277184
1-0,1-0,0.0004108321911120368,0.41665267882246426,0.5437888462738751
1-0,1-0,0.0002115003733059176,0.4191124200535226,0.5415643303957272
0-1,0-1,0.0002361378204506265,0.5472705629268964,0.4139751193012328
0-1,1-0,0.0003270972623624566,0.4579184344427585,0.5032033699588075
0-1,1-0,0.000185379496655076,0.4891928048014992,0.47274229829442016
1-0,1-0,0.0002526290761526344,0.4264455805223319,0.5342403210639407
0-1,1-0,0.0002071404479900907,0.4810121077087743,0.48032064990389944
1-0,1-0,0.00038935830528698083,0.4275784850498412,0.5329128782467071
1-0,1-0,0.0002199182284088604,0.4270136340387265,0.5347238053296431
0-1,1-0,0.00020808811969092855,0.4925823958128822,0.46799357453027507
0-1,1-0,0.0003598466291955281,0.48125143868724923,0.4792233600128737
0-1,1-0,0.00030891734859950194,0.4499162558425148,0.5110187378932666
0-1,1-0,0.0003824839419725369,0.4197157123164238,0.5410337392943236
1-0,1-0,0.00021342073810083357,0.4802469610135662,0.481082392733216
0-1,1-0,0.00020232183891194335,0.45192847128963554,0.5100787136722034
1-0,1-0,0.00021596767375295375,0.4769793131386099,0.48478647919376594
0-1,1-0,0.00020562981262381948,0.42616949706134,0.5367744092923546
1-0,1-0,0.0003829541677166178,0.44471834692993517,0.5158394022221995
1-0,1-0,0.00021429921177757986,0.43107209687383563,0.5298280560966094
1-0,1-0,0.0003795815122481106,0.42015284190795665,0.5403929765050157
1-0,1-0,0.00027486752135744575,0.4537773156562675,0.5078515014152032
0-1,1-0,0.00027822989455320046,0.44071357586789717,0.5261053644221673
1-0,1-0,0.00019672044440983418,0.44070441350227174,0.5200848994277939
1-0,1-0,0.00028553710121795913,0.44839885045246003,0.5133949849207889
1-0,1-0,0.0002606894280392015,0.418554567062132,0.5437247090773644
1-0,1-0,0.0002832396964278346,0.42363087690179896,0.5370061025915368
0-1,1-0,0.00021194810578741355,0.4789363528078595,0.48176956725939757
0-1,0-1,0.00028957175112087575,0.6156194661726443,0.34525180537179434
0-1,0-1,0.00023915030809776053,0.6122229558992118,0.3495635349649318
1-0,1-0,0.00030868287371007376,0.4262603913338044,0.5343177424715666
0-1,0-1,0.00019411063634027577,0.5396958905143343,0.42238577530502924
0-1,1-0,0.00034592302956151793,0.4204397936098139,0.5405617162031713
1-0,1-0,0.0002563571067895338,0.45712215830315156,0.5034080635927917
0-1,1-0,0.00022912341660670215,0.42016730248479134,0.5419368365806573
1-0,1-0,0.0002782509377756624,0.48436826419441287,0.4765314474769367
1-0,1-0,0.00022838972463349442,0.45872376899651557,0.502128430237708
0-1,1-0,0.0003386476831177007,0.4220832952976329,0.5384146371145226
0-1,1-0,0.00020829923476348408,0.43207376653747315,0.5303853696582097
0-1,1-0,0.00039762848971015526,0.4258603700365954,0.5345827591359623
0-1,1-0,0.00023387696509517508,0.4375679211353487,0.5229583013658273
0-1,1-0,0.00027271689604693234,0.4273552109289149,0.5349230703242959
0-1,1-0,0.000353867124741375,0.43271899810727105,0.5278643560604525
1-0,1-0,0.0004202399318347201,0.4254786626911759,0.5348790928733347
1-0,1-0,0.00028434025870276706,0.4195607771526543,0.5425577788072221
1-0,1-0,0.00031882122630950646,0.42341212079877577,0.5375341693632699
0-1,1-0,0.00031413127117914353,0.4336181081910932,0.5281124070782696
0-1,1-0,0.00021671711623910111,0.41979114601882944,0.5430984401641965
0-1,1-0,0.0003759533530867334,0.4272468177746215,0.5332831023713054
1-0,1-0,0.0002817713304847749,0.4263568109714776,0.5341819942868544
0-1,1-0,0.0003327218762573232,0.45637419307797605,0.5044061659181114
0-1,1-0,0.000298824056294801,0.49246350133307815,0.46798725355568593
0-1,1-0,0.00029722952950317734,0.43379450572032646,0.5275153648142987
0-1,1-0,0.0003861802491976076,0.42534527508532577,0.5352184252903622
0-1,1-0,0.0002782990350127276,0.42726803328626883,0.5332148542602578
0-1,1-0,0.00027711696933659574,0.4649740746231304,0.49618158510397525
0-1,1-0,0.00022155513110372766,0.41634899364858396,0.5452659160814503
0-1,1-0,0.00035037889596749853,0.4347717173571528,0.5257043769120228
0-1,1-0,0.00021324392965548568,0.416880304378221,0.5447198300299978
0-1,0-1,0.00022239916691858125,0.5708611034364024,0.37550918214809975
1-0,1-0,0.0002738757435034815,0.4198299405207035,0.5424432654132708
1/2-1/2,1-0,0.0003298368431167733,0.42666458682550085,0.533881716851527
0-1,1-0,0.00031954264741494964,0.4500132167638658,0.5107480328873294
1-0,1-0,0.00024193128825102675,0.4206897874612611,0.5417458579470666
0-1,1-0,0.00023769948702412458,0.45913006079884766,0.5013779229722344
0-1,1-0,0.00028094876515565,0.417019006386484,0.5436822186471174
0-1,1-0,0.0002974518589734674,0.43247718890500647,0.5283710295221414
0-1,1-0,0.0003182851197346051,0.4602683783468897,0.5003899981603362
1-0,1-0,0.00022844918278727038,0.5024056068849735,0.4584190480057964
0-1,1-0,0.00028160826155949973,0.42717870671838115,0.5335841040306245
1-0,1-0,0.0003808829580465689,0.43116369968634993,0.5297539186068048
0-1,1-0,0.00026912434302754325,0.4266857293241977,0.5338518034825447
1-0,1-0,0.00026704427216927835,0.4202930625732481,0.541590699758147
1-0,1-0,0.0002742926999676482,0.48024375380397943,0.4801682387958894
1-0,1-0,0.0003145729678348733,0.4220164733601406,0.5387618536545228
1-0,1-0,0.0003283938008372858,0.44464738152405786,0.5160234082550609
1-0,1-0,0.0002491165809487776,0.4382857952545487,0.5290182366786987
1-0,1-0,0.00022781092481972067,0.4607331904128227,0.5004120849427307
1-0,1-0,0.00019783495955474702,0.45547068027099796,0.5059166204078848
1-0,1-0,0.00023851969869019622,0.45348361618310673,0.507154831995877
1-0,1-0,0.000290969422079966,0.4720881309061219,0.489163053644109
1-0,1-0,0.0002003442580910676,0.498187694106823,0.4627329380285093
1-0,1-0,0.00031613030380463837,0.4321630460773895,0.5288226731428514
0-1,1-0,0.0003974026079919614,0.45544233303120796,0.5049633365705405
0-1,1-0,0.00022798239581922543,0.4733499586260976,0.48721595900585607
1-0,1-0,0.00022859688628571451,0.42007648316787366,0.5422398080881956
0-1,1-0,0.00029020061053046836,0.4196482527989987,0.5423984755879343
1-0,1-0,0.0003236585878882808,0.4232731566750943,0.537278089451186
1-0,0-1,0.00022446554024310687,0.5862801189036255,0.37458499465098066
1-0,1-0,0.0004251184217648986,0.4260979835199553,0.5343494405797701
0-1,1-0,0.00028276362198588126,0.4241368691517961,0.5365499315663583
0-1,1-0,0.00019430708059934966,0.4536625221902749,0.5081893073467343
1-0,1-0,0.00022211025696576754,0.4276231502877996,0.533204293567179
0-1,0-1,0.00022141457080932954,0.5298432004945225,0.4303879310715581
0-1,1-0,0.0002603226238073972,0.4757401907201301,0.4847270125577688
0-1,1-0,0.0002501986285858953,0.42159388746606746,0.5390957243870103
1-0,1-0,0.00035264351119724196,0.41779243544239486,0.5427147367797361
1/2-1/2,0-1,0.0003451409863193589,0.4791592777100871,0.39693479143029414
1-0,1-0,0.0002676574821086254,0.41588639566106617,0.5450577186261248
1-0,1-0,0.00020554954183299285,0.4499831859511709,0.5121580607679628
0-1,1-0,0.0002495770867504376,0.42224372567930774,0.5384350124388411
1-0,1-0,0.0003224571026150982,0.4245449165911002,0.5364565779594077
1-0,0-1,0.0003048011132481135,0.5112711408171514,0.44956565330874854
0-1,1-0,0.0004241823208289792,0.4232586458380108,0.5370996493585617
1-0,1-0,0.00027254842094874093,0.4741002808190191,0.48642644672637814
0-1,1-0,0.0002045259570210821,0.4793351830705064,0.4834734344859111
1-0,1-0,0.00023610287409142264,0.4178774399427993,0.5454287723190281
1-0,1-0,0.00038225891911604836,0.45429380695279487,0.5061707912833067
0-1,1-0,0.000275017141769255,0.4404703282150568,0.5199863590167
1-0,1-0,0.0003082677674481083,0.42551092030951804,0.5351993090715407
1-0,1-0,0.00021447550885386786,0.4273350714347906,0.5342857301261141
1-0,1-0,0.00027331389106040137,0.44958684312710906,0.510870128633738
0-1,1-0,0.0002090203525552097,0.4318825254921908,0.5301077889912772
0-1,0-1,0.0002878963629801858,0.6029414151291124,0.3576359958227995
1-0,1-0,0.00023640777736936186,0.44234027617139193,0.5199732759510394
1-0,1-0,0.00029175151545048723,0.4279009837077892,0.5326053447518362
1-0,1-0,0.0004115063936862101,0.4207473408189509,0.540283992231568
1/2-1/2,1-0,0.009024794159160176,0.3029196316126284,0.5454489250220828
0-1,1-0,0.00020090682139941535,0.4779074206058808,0.4836155848405557
0-1,1-0,0.00022836821691773592,0.48343699457025224,0.47740952746475934
1-0,1-0,0.00020832047151295258,0.43318716443026345,0.5323466654046596
1-0,1-0,0.00023990976664039232,0.4248702958182604,0.5356364516181197
1-0,1-0,0.0004099454787212358,0.42057592519480685,0.5398604366221409
1-0,1-0,0.00028397112837391897,0.43512579802217666,0.5257434154998094
1/2-1/2,1-0,0.0003663817676338391,0.42447131988662046,0.5360306798070732
0-1,1-0,0.0004380499928889925,0.422532211879271,0.5380663652259094
0-1,0-1,0.00026088931520060264,0.5852510077632682,0.3760755524232198
0-1,1-0,0.0002723503537619416,0.4710504995530171,0.48949709866518
1-0,1-0,0.0003072797636321898,0.43574066566092784,0.525110257168851
0-1,1-0,0.00021757267456201657,0.44894574658039843,0.5120831640577902
1-0,1-0,0.0002310909624492182,0.42168282006830576,0.5423004973830071
1-0,1-0,0.00024015653662638232,0.4820140934619242,0.47863929704169766
0-1,1-0,0.00027415976518510706,0.5062166492698026,0.454657984991913
0-1,1-0,0.0003064557558490799,0.483319712145257,0.4772308515164374
0-1,1-0,0.00022699357780077653,0.4153360112646812,0.5464538460518842
0-1,1-0,0.0002470621443113221,0.4488093199098412,0.5125041813086328
1-0,1-0,0.0003917392308534662,0.44029066530275823,0.5203716066770379
0-1,1-0,0.00022283508126784462,0.437509153607429,0.5236449751324965
1-0,1-0,0.00021369073188020027,0.43795442612198404,0.5261849791090315
0-1,1-0,0.0002551260752808167,0.4964960896784901,0.4639764697391336
0-1,1-0,0.0002683258671302907,0.426971378923422,0.5339775217859419
0-1,1-0,0.00024188298682183284,0.4208018075437513,0.5396180093761621
0-1,1-0,0.0003426060825441245,0.4394324897498895,0.5219547445857701
0-1,1-0,0.00022143031142159972,0.46961602060395685,0.49213370091586905
0-1,1-0,0.0003565004106913847,0.45213552924566003,0.5087700277646827
1-0,1-0,0.0003146697434818203,0.44625413486363436,0.5144750214235727
0-1,0-1,0.0002940655463222876,0.514772714420096,0.4455838912871332
0-1,1-0,0.0003186299124716137,0.4377646786475528,0.5229685583517117
1-0,1-0,0.00021309358898048363,0.4167529877363257,0.5450612853557709
0-1,1-0,0.00034310083424945494,0.43491395415041356,0.5255589520808076
1-0,1-0,0.00022068827371136228,0.42309011327634793,0.5393326813051049
1-0,1-0,0.0004003309874428445,0.41857343033532207,0.5429412996096166
1-0,1-0,0.00022618479774344098,0.4185692779539243,0.5378079841605119
1-0,1-0,0.00036120938260079304,0.45740530567521825,0.5032408553850065
1-0,1-0,0.00033262832649364507,0.44012115095140053,0.5203748233572587
1-0,1-0,0.00025408804689487066,0.4175522170480354,0.5437738227755494
0-1,1-0,0.0003691895285417278,0.46385589872834604,0.4967653395268162
1-0,1-0,0.0002929899768421558,0.43937151639213523,0.5215228567384266
0-1,1-0,0.00033929141057867607,0.4173485226412644,0.5433183229886471
1-0,1-0,0.0003614551107404115,0.41968791548404033,0.5409110830716621
1-0,1-0,0.00020068656263665333,0.44157895333188885,0.5191564160411823
1-0,1-0,0.00032287479048219664,0.4251890728251693,0.5353285680457124
1-0,1-0,0.0002668011615100385,0.4183659739374897,0.5421764581809283
0-1,1-0,0.00039102801216887737,0.42499369594813713,0.5354927201879475
1-0,1-0,0.00028385714147711457,0.42100953688181775,0.539551132063649
1-0,1-0,0.00027109897221923605,0.42562001167256747,0.5349571738963015
1/2-1/2,1-0,0.0002104990566656166,0.46129002255197465,0.4925895136435219
1-0,1-0,0.0003846682429607411,0.4168427179246289,0.5436478383869882
1-0,1-0,0.00032819532213772083,0.41796523318688417,0.5426098308118636
1-0,1-0,0.00020741395218663354,0.4367039074329508,0.5323622419386299
0-1,1-0,0.00019984309184486928,0.45294903957174265,0.5136869479636754
1-0,1-0,0.00023207990683939676,0.42225009272692066,0.5409867647812163
0-1,1-0,0.00028112267611417097,0.46420303171084343,0.4962413026103333
1-0,1-0,0.00020803498602723795,0.4242822245547203,0.5373136988437056
1-0,1-0,0.00020569502991702276,0.49046287981665704,0.4708597238275146
1-0,1-0,0.0004243637453623853,0.4318795876396764,0.5285075350285616
1-0,1-0,0.000335460654104047,0.4573471725266311,0.5037166894308567
0-1,1-0,0.0001957343112498118,0.44702714290751655,0.5136555484086328
1-0,1-0,0.00042071922960345643,0.4186289457387687,0.5425936444206048
0-1,1-0,0.00023198923485748192,0.47738766391299614,0.48342854939166485
0-1,1-0,0.0002625950016096961,0.43438152011886333,0.5278886144397787
0-1,1-0,0.00024780347708051073,0.427053317431882,0.5387529665424364
1-0,1-0,0.00022130745676726972,0.4164317205293259,0.5454291542678158
0-1,1-0,0.0003530047401174387,0.4193480965851158,0.5412937655529387
1-0,1-0,0.0003229452433567289,0.5059306592729543,0.45485550797009255
0-1,1-0,0.0002462043752857249,0.43121890644398614,0.5293402452304927
0-1,1-0,0.00024288595436688476,0.4812129734059776,0.4796736369290048
1-0,0-1,0.00019922504580872826,0.5709079136716849,0.3799394451976461
1-0,1-0,0.00018843146225609692,0.47372287717090156,0.48687553256444244
0-1,1-0,0.0003018812733857202,0.461623670318452,0.4996180403902834
0-1,1-0,0.0002674352797352918,0.4613268947765396,0.49970553770029325
1-0,1-0,0.00021286556421978465,0.41977156052910825,0.5443086026294576
0-1,0-1,0.0002785804536121216,0.5144579086185436,0.4463847872356247
1-0,1-0,0.00020643220675415816,0.43431602033130484,0.5262529025719871
1-0,1-0,0.00021497349024401647,0.45365271910379795,0.5079256374038036
0-1,0-1,0.0002898916884446517,0.6196833897044982,0.34182341209271466
0-1,1-0,0.000221901051039726,0.4163497166153933,0.5456725440246607
1-0,1-0,0.0002909303764605363,0.42027646176219446,0.5423018775380152
1-0,1-0,0.0003424134280787887,0.4271700687342824,0.5332740529625437
1-0,1-0,0.00037025465346695506,0.4575249673445874,0.5031982029626371
0-1,1-0,0.0003696409660719601,0.4560357077021173,0.5044845498829141
0-1,0-1,0.00024398899634565612,0.5555674432550058,0.4046876521724979
1-0,1-0,0.0002846452809956878,0.4161110407081387,0.5447841504496506
1-0,1-0,0.00034941446255065526,0.42750746548152696,0.53314015355556
0-1,1-0,0.0003097010724834499,0.4230409143660011,0.5374792847064715
0-1,1-0,0.00022769814919268373,0.42906245555277717,0.5297374970860047
0-1,1-0,0.0003023825379512762,0.4191621003780951,0.5432220467983009
1-0,1-0,0.00029688760824369143,0.4179476623142323,0.5427715764085213
1-0,1-0,0.00023641624063503754,0.451785065592845,0.5101007217801957
1-0,1-0,0.0002892494703181902,0.4274021838614811,0.5340152433926938
0-1,1-0,0.00019056832834654877,0.48768639878783593,0.4729899313568582
0-1,1-0,0.00020140645137342274,0.46219499087318267,0.5011784694048564
0-1,1-0,0.0002722132385118845,0.4547961301298474,0.5060845819507614
0-1,1-0,0.0004361195056407154,0.41862306938509475,0.5418687772175712
1-0,1-0,0.0003381432396903294,0.4958596642183917,0.4645578415365037
0-1,1-0,0.0002236232781682946,0.42245806279727594,0.5400877276878223
1-0,0-1,0.0002528610624308532,0.5180615899784518,0.4424974288735216
1/2-1/2,1-0,0.00026151231428182895,0.4332756990095749,0.5275081574292008
0-1,1-0,0.00026617664735003287,0.422822848157872,0.5382576991396769
0-1,1-0,0.0002546019026421169,0.4426157614784242,0.5179922501065127
1-0,1-0,0.0002966052943374335,0.47265398025740357,0.4883507529880356
1-0,1-0,0.00027049065293506617,0.4299550895104397,0.5312068700147626
1-0,1-0,0.00021658852800291128,0.44763835997487617,0.5091903080270465
1-0,1-0,0.0003737070349038997,0.43575225394882094,0.5247568986426694
0-1,1-0,0.0003331400213209048,0.447520723084545,0.41952451266253543
1/2-1/2,1-0,0.00020757265227441362,0.4804923017621796,0.4807599840045774
0-1,1-0,0.00021780834627473748,0.42745967866828527,0.534941602780243
1-0,1-0,0.0003831374784106459,0.437476868775505,0.5232200918782949
1-0,1-0,0.00039246932622341536,0.4185002209171211,0.5419848761165871
1-0,1-0,0.00033887199206565063,0.4291698806561993,0.5318052497758469
1/2-1/2,1-0,0.0002747516405848561,0.4688445282330182,0.4915850996453864
1-0,1-0,0.0003129875813807321,0.4329669054295939,0.5275533870920671
0-1,1-0,0.0003888774819331543,0.4163310152373567,0.5450244945888629
0-1,1-0,0.0001760229533762995,0.5089495675323951,0.45395539472956675
0-1,0-1,0.00022613456589623117,0.5322169330103452,0.428097073919067
0-1,1-0,0.0003690498012887859,0.4171522060935234,0.5433714365955913
1-0,1-0,0.0002625258028324911,0.4764320401524849,0.48416638268810663
1-0,1-0,0.00027993707287206186,0.4397105899959162,0.5208696931748984
1-0,1-0,0.0004216891530827304,0.4272470971865389,0.5335292841192868
1-0,1-0,0.0002876169430064374,0.4211648908734516,0.5414821033873105
0-1,1-0,0.0003898212246864069,0.4574412480721669,0.5030458495144995
0-1,1-0,0.00020911954166816,0.4469175734854728,0.5136415092909487
1-0,1-0,0.0004295050331143425,0.41991158689775554,0.5404850523647993
1/2-1/2,1-0,0.00022562443273798258,0.432756752392522,0.5313545206406827
1-0,1-0,0.0004111329813043199,0.4351670878933817,0.525549835691821
1-0,0-1,0.00028201092137821273,0.511808371825247,0.4491948856500078
1-0,1-0,0.00034511748274411187,0.4427480752899275,0.5185289523328843
1-0,1-0,0.00021870135213898439,0.41806775891401377,0.5461638995178832
1-0,1-0,0.0003248298366553941,0.45741939385904884,0.503215026901146
0-1,1-0,0.00042663807063687435,0.43130055702193815,0.5291363491589824
0-1,1-0,0.00027832117522093346,0.4426845236789134,0.5184415586700508
0-1,1-0,0.0002698031606451941,0.4257672785477262,0.5319570550697974
1-0,0-1,0.00024754415293238213,0.59424020938345,0.3668432435926442
1-0,1-0,0.0003337715011336794,0.42339447337684316,0.539560027928229
1-0,1-0,0.0002344288253673741,0.44118807089879325,0.5207068332028243
0-1,1-0,0.0002726229676554854,0.4591436764839565,0.5012618718592893
1-0,1-0,0.0002270875051005516,0.45392671214720204,0.5082052569194003
1-0,1-0,0.0002917318549215261,0.4646047777402127,0.49676147574815865
1-0,1-0,0.00036582703313991214,0.4302302355159993,0.5303529807264372
0-1,1-0,0.00022321240866334657,0.43458582118788114,0.5268707073375893
0-1,1-0,0.00034851884411187423,0.432368076210304,0.5281707499208038
0-1,1-0,0.00042187911854793054,0.41810384880222506,0.5423531457808731
1-0,1-0,0.00042193692766755793,0.4158476678817472,0.545229695771698
0-1,1-0,0.00032089434250863144,0.4184257379815257,0.5423326553246117
1-0,1-0,0.0002583721571169109,0.49242483654057123,0.4682978738240182
0-1,1-0,0.0002592242797529385,0.44077736072755247,0.5197119068342781
1/2-1/2,1-0,0.00023004973772509024,0.4372312977871313,0.5300404209232248
1-0,1-0,0.0003185021199842462,0.43521132709206783,0.5253241975713994
0-1,1-0,0.00022119492968276173,0.4322613602865562,0.5285097565427881
1-0,1-0,0.0002521317059611405,0.43168274580007554,0.5291010609925609
1-0,1-0,0.0003603807452875241,0.453290459072939,0.5071420483144284
0-1,0-1,0.0002541646459283941,0.5970783992513373,0.3662916953680623
1/2-1/2,1-0,0.00029470042808944026,0.4230924118501918,0.5375602895477474
1-0,1-0,0.00023222011529091274,0.4526840840113019,0.507778771048267
0-1,1-0,0.000256135660159526,0.44673049164438955,0.5146365911399794
1/2-1/2,1-0,0.00024944885671816054,0.42515413849131883,0.5357529753435376
0-1,1-0,0.00029919808836684274,0.4516859799878667,0.5097944755240259
1/2-1/2,1-0,0.00022022056537692714,0.4838592829335776,0.47690472117797095
1-0,1-0,0.00022773700994607523,0.49774932405562133,0.4637903115057686
0-1,1-0,0.00030221723121764315,0.48594846632304534,0.4495564547519554
0-1,1-0,0.000301786661157506,0.4725353419913203,0.4881631465983302
1-0,1-0,0.0003905910253076345,0.43003324203078014,0.5311199059981799
0-1,1-0,0.00037339316523567114,0.44813460934372773,0.5123280352740458
0-1,1-0,0.0002941963710248183,0.48156691685437175,0.4790987927548628
1-0,1-0,0.00034625167596418627,0.418062252373415,0.542506104882772
0-1,1-0,0.00021705620428136125,0.4357947284962455,0.5261806707654417
0-1,1-0,0.00021434788516327006,0.41677334099659236,0.5442605406663407
1-0,1-0,0.00023032430943524933,0.419525369733307,0.5455623246804354
1-0,1-0,0.0002583414389575992,0.41679897142976446,0.544230850007292
1-0,1-0,0.00036360593338096526,0.4246165368071488,0.5363981245243233
1-0,1-0,0.00021196935336520274,0.4262382570405201,0.5457400809747355
1-0,0-1,0.00024666239234391856,0.5849999787160259,0.3759699523828732
0-1,1-0,0.0002370362163058143,0.45113766366344016,0.5097647689840619
0-1,1-0,0.0002134143329601808,0.4227556496723054,0.539827200759662
1-0,1-0,0.0002244653387860402,0.43163161611082307,0.5286856455314644
1-0,0-1,0.00027455323049150774,0.5997421831541146,0.3617361925837887
1-0,1-0,0.00035722730977167077,0.41956700718231343,0.5410324694679214
0-1,1-0,0.0001878761915926021,0.47365339649344146,0.49011436982617534
0-1,0-1,0.00020076144133317696,0.5089355140055641,0.45089142331745324
1-0,1-0,0.00033466114230765545,0.43774208015361704,0.5227246522855041
1-0,1-0,0.00020540235636883086,0.4565884444412295,0.5060091922531956
0-1,1-0,0.00018772737364073483,0.4806432380593171,0.4800170517005691
1-0,1-0,0.00021712466982062585,0.4825046929486534,0.47873922639127264
0-1,0-1,0.0002540950158566034,0.5368655504408807,0.42383570066217574
0-1,1-0,0.0002520273133220283,0.41970866412905505,0.5434067029095475
1-0,1-0,0.000318055378485155,0.4209306012033138,0.541020176615437
0-1,0-1,0.0002913948707648505,0.5564733959970243,0.40467157028421924
1/2-1/2,1-0,0.0014908010358362454,0.3880682812354389,0.518264672835734
0-1,1-0,0.00019875539386529092,0.4676753367197162,0.4954068308894205
0-1,1-0,0.0004172825183443434,0.4166553962759691,0.5438051492751064
1-0,1-0,0.00034321163896490893,0.43991519926107703,0.5206731204272191
0-1,1-0,0.00023095536716176836,0.4362275892604278,0.5252650578686774
0-1,1-0,0.0002011025449645521,0.49277772411205756,0.47102482797281076
0-1,1-0,0.000281216227177795,0.44569496403268055,0.5148010470285476
0-1,1-0,0.00020422677182376428,0.49283104624967916,0.46861886424175775
1-0,1-0,0.0002124224267448883,0.41778133323388406,0.5480834253592971
0-1,1-0,0.0002605617180810834,0.4284223162791792,0.5332910606099451
1-0,1-0,0.000272204954319597,0.4207393362606637,0.5398215065046266
0-1,1-0,0.00034046896081871183,0.4508040979459008,0.5097818214331356
0-1,1-0,0.00021660707456676954,0.4462733939526176,0.5151888463169149
0-1,1-0,0.0002691580014214671,0.42129696020428603,0.539244902917316
1-0,1-0,0.0002484486162001959,0.4208405801364799,0.5425668296527396
1-0,1-0,0.00018733902782482292,0.48704768722053593,0.47373440010429724
0-1,1-0,0.00022001231346037496,0.44490754817953826,0.5159052852330761
0-1,1-0,0.0003275182667414242,0.45288885376539834,0.5077766129828355
1-0,0-1,0.0002050002713550237,0.5090051647849404,0.4528456539489467
1-0,0-1,0.00024067577610845017,0.6014404433348942,0.35858211186101974
1-0,1-0,0.0003945230001792387,0.427371941748687,0.5332709217249131
1-0,1-0,0.00029629197738480315,0.45997290986651385,0.5005992126746127
0-1,1-0,0.00022903859073297036,0.4614107279442621,0.4996783553777546
0-1,1-0,0.0002330150354342118,0.46999311232373703,0.4911173701487085
1-0,1-0,0.0003710692050831598,0.4298276027814457,0.5307338362972412
1-0,1-0,0.0002241121816927597,0.42830038276023974,0.5363555006367996
0-1,1-0,0.00025586910089660003,0.4906135986672376,0.4707796533966542
1-0,1-0,0.0002860388534995952,0.4367203070261873,0.5249063543574914
1-0,1-0,0.0002729091704433685,0.43896670212198524,0.5219339910277503
0-1,1-0,0.00028005430697792915,0.4661736076077841,0.49518391385652105
1-0,1-0,0.0003306704663148842,0.43509867938388047,0.5256529030935263
0-1,1-0,0.0003056664525874413,0.44998181281353083,0.5104964494387271
0-1,1-0,0.0003572160951900721,0.43717833697100744,0.4448619798009831
1-0,1-0,0.0002544419665138438,0.4283405290069493,0.5322493656923672
1-0,1-0,0.00038549709758244863,0.4408878580808976,0.5198610409278168
0-1,1-0,0.0002448828037116475,0.44733703347236903,0.5142879232553237
1-0,1-0,0.0002071692253252479,0.4471505061635971,0.5149278804904668
1-0,1-0,0.0001787023415094029,0.4838760839449641,0.47916658559443903
1-0,1-0,0.00024607230288837363,0.45532231023707614,0.5051962683203111
1-0,1-0,0.00021023215470709165,0.42112986257572144,0.5402939275555159
1-0,1-0,0.0002829134208986635,0.4189541080814858,0.5415901268767448
1-0,0-1,0.00021520050666954006,0.5245048685378554,0.43589922631955724
0-1,0-1,0.0001997552541253284,0.5151912406211285,0.4464256806666282
0-1,1-0,0.00035255570864742275,0.43851153966936124,0.5225003065593082
1-0,1-0,0.000203409281741211,0.4546807154257227,0.5063623199135051
0-1,0-1,0.00025088020104695316,0.598316250256767,0.36384783257756614
1/2-1/2,1-0,0.004307781615034542,0.24436756125524972,0.3755573766189107
0-1,1-0,0.00020415471922816125,0.4287666483912368,0.5329322580484627
1-0,1-0,0.0003713587588683563,0.4206846347739779,0.540251855143641
0-1,1-0,0.00032098380932897694,0.4443079736152699,0.5171371419908043
0-1,1-0,0.00030040883012845594,0.42517612528833243,0.5356429483697736
0-1,1-0,0.00020742195996421462,0.4260264363706509,0.5354380047728425
0-1,1-0,0.0003294389488719398,0.46342725016888686,0.49753842948535104
1-0,1-0,0.00026982826409605005,0.4779559261074986,0.48275159229009124
0-1,0-1,0.00018418386179756333,0.5208489992638691,0.4397951602484451
1-0,1-0,0.00026928370815844805,0.42921330699839544,0.5323005220755443
0-1,1-0,0.00038318207009519796,0.4557463872165666,0.5048670301457258
0-1,1-0,0.0001981162962470737,0.49443968735011895,0.4668959882225886
1-0,1-0,0.00033249797886552776,0.42912112924086965,0.5320762713653067
1-0,1-0,0.00021844121766572284,0.4155960806124571,0.5452589191058163
0-1,1-0,0.0004046130974533963,0.4213156906830618,0.5399520076763298
1/2-1/2,1-0,0.00027863594864780403,0.43045296483596746,0.530180752014476
1-0,1-0,0.00026597368013376064,0.44678635672014544,0.5141390533380941
0-1,1-0,0.00026689005636541357,0.4872873136185338,0.4733471537290207
0-1,1-0,0.0002228174655324746,0.44479716152987436,0.5174449073011308
0-1,1-0,0.0002183003807788448,0.436854868371163,0.5324846001097464
0-1,1-0,0.00019946350339746682,0.47817879777318334,0.48247931952087764
0-1,0-1,0.0001990679027981414,0.5266983058622822,0.43487920557823656
0-1,1-0,0.00035230889413817573,0.40021287476429546,0.542721113094236
1-0,1-0,0.00036111012062775425,0.4423338850355432,0.518383870676148
1-0,1-0,0.00029647529572939966,0.42224718592986427,0.5383246058817412
1-0,1-0,0.00036032365750747963,0.4211306129908939,0.5401079813203135
0-1,1-0,0.00020271050923012903,0.4630291278628336,0.4985317320346319
1-0,1-0,0.0003324544271112219,0.4270589650353785,0.5336237101602943
1-0,1-0,0.0003137693674521513,0.43874500504381564,0.5217784458954515
0-1,1-0,0.0002859836946371768,0.4705029497547248,0.49013095540129825
1-0,1-0,0.00029959636929404403,0.42709520412233243,0.5339341778409697
1-0,1-0,0.00038730453638563815,0.4284729856601739,0.5323990372446196
1-0,1-0,0.00030827659574841855,0.42963753658369863,0.5310695156982771
1-0,1-0,0.00035857222813522624,0.427388515972399,0.5331258161242589
1-0,1-0,0.00035948598872909983,0.4278190305066529,0.5327507167769274
1-0,1-0,0.00020132405788561038,0.4348485963488709,0.5258882090654415
1-0,1-0,0.00038840788388870795,0.43783219967360343,0.522631701598831
0-1,1-0,0.00037735135904141503,0.4612011776749033,0.4993934620326558
0-1,1-0,0.0002298155633699785,0.42155309159717225,0.5459414561073691
0-1,1-0,0.00020842949460053158,0.42505618607899887,0.5362444776098387
1-0,1-0,0.00038995695864258334,0.4215509976191105,0.5397930524522006
0-1,1-0,0.00042289904706473527,0.43034629986030226,0.5067491960063757
1-0,1-0,0.0002505598556931143,0.438758262378666,0.5226860138361915
0-1,1-0,0.00027087561148130316,0.42019357007046404,0.5404338012217198
1-0,1-0,0.0004037009326794568,0.43361680911492356,0.5272420551417129
1-0,1-0,0.00030620558020713677,0.4668692420430856,0.49427984796688984
1-0,1-0,0.000293103879769085,0.41779359633650276,0.5427731550649252
0-1,1-0,0.00019374949789570167,0.4605828902349341,0.5014814219189607
1-0,1-0,0.0002848802941775792,0.43820332466994055,0.52354795864766
0-1,1-0,0.00024605512245167116,0.4355161176789071,0.5252332555348191
1-0,1-0,0.0002628475751872561,0.4277256817233046,0.5326662282255418
1-0,1-0,0.00025433080573392477,0.44889064803774326,0.5123893540294441
1/2-1/2,1-0,0.00032962249723106693,0.4796477533646016,0.44471578317162475
0-1,1-0,0.00024396632751803136,0.41731144930519315,0.5432463155508643
1-0,1-0,0.0002331702194350571,0.4601080884151379,0.5018350876609577
1-0,1-0,0.0003335120539072828,0.47501127671954113,0.4855717808535089
0-1,1-0,0.0001941230643409187,0.44930500632649834,0.5122008340495017
0-1,0-1,0.00020816711199499595,0.559481311912893,0.4008703553154406
0-1,0-1,0.0002339567826562617,0.5245388906795391,0.4369023658558905
0-1,1-0,0.00029375864223415293,0.4864870455885642,0.47422157412194915
0-1,1-0,0.0002172944544391629,0.4815752229557927,0.479996171794216
1-0,1-0,0.00033469664684299783,0.4439114518600125,0.5173349836147965
1-0,1-0,0.000408693656942542,0.44268985570880054,0.5176786218210142
0-1,1-0,0.0003737962921148873,0.4291154847975646,0.532138926527
0-1,1-0,0.00028199399178834174,0.4179347816382184,0.5425476108327408
1-0,1-0,0.0002362288155856963,0.4274474145122595,0.5333492987769471
1/2-1/2,1-0,0.00022314415120861487,0.4976936098133548,0.4625872557002134
0-1,1-0,0.00021953232659354364,0.42598962486419223,0.5171785461510093
0-1,1-0,0.0004272858601768653,0.42415570320421286,0.5362364368872137
0-1,1-0,0.0002398989342301102,0.4714488601231437,0.48907049837852634
0-1,1-0,0.00020737621365826288,0.454576437881289,0.5088275673751239
1-0,0-1,0.00018996004785039005,0.5886346907098665,0.3866820713141744
1-0,1-0,0.00042231617844954756,0.4289047253368966,0.531473478386852
1-0,1-0,0.00021684567059910046,0.41487487833179865,0.5469699475642461
0-1,1-0,0.00032810169580610064,0.46389831652548286,0.4968047156815291
1-0,0-1,0.00021264324703874717,0.5468751222061718,0.4183220923156538
0-1,1-0,0.0002460687309573547,0.4221448930985365,0.5385433043959138
0-1,1-0,0.00026170291459113286,0.47032089568459695,0.4904320344747165
0-1,1-0,0.00021008047319293456,0.43325824097039156,0.530866136405992
1-0,1-0,0.00039113963861000747,0.42667994489166744,0.5338024287359722
0-1,0-1,0.00023933288877296398,0.5170098271420923,0.44341297190901163
0-1,0-1,0.00026278783626502885,0.5981812986761137,0.36635972813264833
0-1,0-1,0.00023397676211290205,0.5918821705802129,0.3641760367203541
1-0,1-0,0.00030392345627662157,0.44435945307510083,0.5165099613679196
0-1,1-0,0.00039268276669480383,0.4499220426689779,0.5106657468025941
1-0,1-0,0.0002046864152496419,0.4341222858509419,0.5309670087289023
1/2-1/2,0-1,0.0002013957775475521,0.5392718679152052,0.41912622800495214
0-1,0-1,0.00032584966465360376,0.5229248197273101,0.4375866208728218
1-0,1-0,0.0002522934403695755,0.4388313139034692,0.52198089530262
0-1,1-0,0.0003736592551226066,0.42320069427239054,0.5383788414451541
1-0,1-0,0.0003122644624076848,0.4633655018176537,0.497282499979905
0-1,1-0,0.000253087891676626,0.4427072670911924,0.5181809899897221
1-0,1-0,0.00038906574577051144,0.4304290898293176,0.530632763457812
1-0,1-0,0.0002103449987587332,0.4295312337262195,0.5350837654692375
1-0,0-1,0.0002751570295115893,0.5796617569035438,0.38086064346305143
0-1,1-0,0.00020599793604311674,0.4596014150964932,0.5035835004178362
1-0,1-0,0.00024996514376062515,0.452015761205807,0.509586646803167
0-1,1-0,0.0003858639812182927,0.4625160478345029,0.49792240868322557
0-1,0-1,0.00027386501206619584,0.5491346338600582,0.4112828946432379
0-1,0-1,0.00023750715333605124,0.5747998321591535,0.38555730528587157
1-0,1-0,0.0003976429960667333,0.4351624241601379,0.5252669425445092
1-0,1-0,0.0004008150679465503,0.4374532920284135,0.5229810157300787
1-0,1-0,0.00029279071948808415,0.4169537589773317,0.5437847574716931
0-1,0-1,0.000257868482738355,0.5339163292252657,0.4264619171862976
1-0,1-0,0.00023017385220918573,0.4210570922025082,0.5411648160368666
0-1,1-0,0.00024178578822141953,0.4662617481141914,0.4942479490701719
0-1,0-1,0.0002022539693215799,0.5615271577449449,0.399312684623702
1-0,1-0,0.00026976672521923336,0.42340593846397406,0.5381008888119758
0-1,1-0,0.0004225485714037374,0.42061499274850594,0.5398116306882296
0-1,1-0,0.00021778140547942687,0.418459985547284,0.5433910914702823
1-0,1-0,0.00033891233647783157,0.41838657624637704,0.5424496959129141
0-1,1-0,0.00030688576329271073,0.5043945504934733,0.45639010555739234
0-1,1-0,0.0002443574057407355,0.42215423776323874,0.5383994151215823
0-1,1-0,0.00021295860622873037,0.41808955516128155,0.5430901384669473
1-0,1-0,0.00021180134910264782,0.4874520745788614,0.47303746427364285
0-1,1-0,0.00032923522333971195,0.48297789631710464,0.4777739550134312
1-0,1-0,0.00032384869933082,0.444892921404859,0.5160184637770889
0-1,1-0,0.00022834960858589417,0.4352154799928761,0.526106969283781
1-0,1-0,0.0001812882765265755,0.47851841035029613,0.4827163483561307
0-1,1-0,0.00023066349881191398,0.42228973873688397,0.5401966222379327
0-1,0-1,0.00024639231927218693,0.606496054495409,0.3587158822223074
1-0,1-0,0.0003433954080874356,0.42096925417890174,0.5395973064645943
1-0,1-0,0.000338422858431258,0.44471049321785266,0.5164000042329248
0-1,1-0,0.0004175231341146836,0.42090847577203777,0.539473441283557
1-0,1-0,0.0002291112526013598,0.4597361356436659,0.5022233788397833
1-0,0-1,0.0003209224576398494,0.5214915747750367,0.4387979996223965
0-1,1-0,0.0002899751671390382,0.4336533497639636,0.5270859114282669
0-1,1-0,0.0002074668826786062,0.4673039047331938,0.49451255279340334
1-0,1-0,0.00021996488240474358,0.41519797380593415,0.5460486569973888
1-0,1-0,0.00024219540567772772,0.4227384768568338,0.5391705308259951
0-1,0-1,0.00021434944374080494,0.5094551716533364,0.45099893044445505
0-1,1-0,0.00033616400662425905,0.46811213888217984,0.4925817537995575
1-0,0-1,0.00028225458306748704,0.5723803242743014,0.3887918000970196
0-1,1-0,0.0003595218404715307,0.42460812573125445,0.53619077206306
1-0,1-0,0.00019882803914786444,0.438979419526163,0.5227939776751892
1-0,1-0,0.00021979785373723763,0.43916899200572157,0.5235619063281072
1-0,1-0,0.00021668718953150878,0.4613633301698557,0.4995784752794882
1-0,1-0,0.00018000564659801068,0.4766110822077127,0.48602299447631153
1-0,1-0,0.0002235210450238876,0.4199174894560509,0.5411841106554801
1-0,1-0,0.00026103183034041524,0.42260890745042345,0.5385349447998028
1-0,1-0,0.0001976411865417123,0.4853954095730359,0.4756744418661649
0-1,1-0,0.0003430136590340115,0.4833651881290979,0.47712081712559384
0-1,1-0,0.0002972930685241903,0.4356711681717784,0.5252622066991445
0-1,1-0,0.00026856871385694313,0.42441129849089176,0.5361665080942815
1-0,1-0,0.0002138462890129187,0.4179465929946169,0.5472803818339789
0-1,1-0,0.00035701009442035483,0.41761722036718113,0.5429043559174572
1-0,1-0,0.0003313858716164305,0.4583302859009696,0.5026738634323309
0-1,1-0,0.00022986433029650638,0.41390365165831683,0.5474538962572467
1-0,1-0,0.0004031960363275011,0.42302053648682614,0.5375126918251263
1/2-1/2,0-1,0.0006691543486702121,0.49637840643568193,0.40005999064330017
1-0,1-0,0.00021416086445258872,0.4322545112554486,0.5284100794034547
1-0,0-1,0.00019990666426688604,0.5790493367269199,0.3796346470110786
0-1,1-0,0.00038285097333374385,0.44046762636940273,0.5200696881695597
1/2-1/2,1-0,0.00043395623742250856,0.45219920466174696,0.4880563633431943
0-1,0-1,0.0002918069511493575,0.5919250292358363,0.3681620846420854
1-0,1-0,0.00026107967417623583,0.4296407748149836,0.5312225590724468
0-1,1-0,0.00020158250147918783,0.4336465788833424,0.5272968423566908
1-0,1-0,0.00039426441086554045,0.4173046198480527,0.543178486341713
1-0,0-1,0.0003014913189548166,0.5649322418791918,0.3955971183307412
1/2-1/2,1-0,0.00026093372270504086,0.4178597589425311,0.5426431076516539
1-0,1-0,0.0002697051152738337,0.43653704640484564,0.5247460569624721
1-0,1-0,0.000209544425055732,0.4232596654061289,0.5428849943168504
1-0,1-0,0.0002591086102222192,0.4212706371399376,0.5394380386853416
0-1,1-0,0.00021218634122891636,0.4485086605012933,0.5136165201405393
1-0,1-0,0.00022530069191746096,0.4219388853026589,0.543276274555009
0-1,1-0,0.00021107412266829363,0.42141356691277493,0.5393641851130881
1-0,1-0,0.00022272727449563947,0.41787035702688285,0.5434188888527071
1-0,1-0,0.00031378300027234686,0.450195586932521,0.5103813395240197
1-0,1-0,0.0004312109115292457,0.41715919685613334,0.5433881664633902
0-1,1-0,0.00023395535043633863,0.45148987560009535,0.5093245990158375
0-1,1-0,0.00023331816789550432,0.42633021792216697,0.5346125109806668
1-0,1-0,0.00031439187170553536,0.42087529801598195,0.53975001975478
0-1,1-0,0.00035621164132721025,0.4251245000462284,0.5361230401674635
0-1,0-1,0.00023651688589205135,0.5723159150657041,0.38896958302048124
1-0,1-0,0.00033339059831485657,0.4180676626232534,0.5427573596932497
0-1,1-0,0.00022340449834882373,0.42961520853104285,0.5310381453076568
1/2-1/2,1-0,0.00027138676043349767,0.4263604813955821,0.5341946844317972
0-1,1-0,0.0002183975217850241,0.5035721643480665,0.4569177916366833
0-1,1-0,0.00027704975172433005,0.48702369090972175,0.4735960077609797
0-1,1-0,0.00027780426205678,0.4417243546818315,0.5197673124888207
1-0,1-0,0.0003044742188534057,0.42957361898968355,0.5309344119867544
1-0,1-0,0.0002114822123336633,0.46390747124192394,0.4966105436707222
0-1,0-1,0.0003034774978094356,0.5619628251629932,0.39847491109274946
0-1,1-0,0.00027267655275199035,0.4260818763852391,0.5347372491567773
1/2-1/2,1-0,0.0002199030877324232,0.49962270275243914,0.46130487398299397
1-0,1-0,0.00037779211182168364,0.46183861989879565,0.4985057899806876
1-0,1-0,0.00037113566058992795,0.42160592597205104,0.5391952144030011
1-0,1-0,0.0002731245209035297,0.4522326544656725,0.5084082773020622
1-0,1-0,0.00042111860688750233,0.4216830445679157,0.5395427181481205
0-1,0-1,0.00019456102901425557,0.5719887224898595,0.39718220313831193
0-1,1-0,0.0003314899943004001,0.4326330290072161,0.5279330485459527
1-0,1-0,0.000230247756947071,0.42058255278069856,0.540279264764361
1-0,1-0,0.0002458597572508316,0.45743670141817055,0.5037912855786638
1-0,1-0,0.0002333996179016125,0.462393022764269,0.4995796152117067
0-1,1-0,0.0004553312173254917,0.4693499103495983,0.4695135406995158
1-0,1-0,0.00021097837181704106,0.4434669767293909,0.5195063922785343
0-1,1-0,0.00022157618290353872,0.46731077880848243,0.49369003190186356
1-0,1-0,0.00040708900114452254,0.4185669577155553,0.5421380696786833
1-0,1-0,0.00022790190588527586,0.44873204205527994,0.511864850590985
0-1,1-0,0.0003239837715824519,0.4288982359491072,0.5323775971145246
1-0,0-1,0.00024815244180313197,0.544250102595487,0.4168903699711832
0-1,1-0,0.0002303087177376612,0.4882788840594269,0.47224435223688843
1-0,0-1,0.0002611586498947877,0.608426439934093,0.35420870768262125
0-1,1-0,0.00023321169818581286,0.4273493228366669,0.5332307433723641
1-0,1-0,0.00034282072453499046,0.447392562216691,0.513163467304957
0-1,1-0,0.00030143475914371073,0.43736943441750886,0.5231326387781469
0-1,0-1,0.00025047304604380486,0.5963314335507794,0.3669400235299678
1-0,1-0,0.00025509010149500476,0.4159885630679247,0.544581800432054
1-0,1-0,0.0003754580531780885,0.4252275346767298,0.535330704204374
1-0,1-0,0.00032694124185025605,0.43943051363158103,0.5212476088396499
0-1,1-0,0.00026117243377825935,0.4311702154755821,0.5293010512846169
0-1,1-0,0.00023118714003387276,0.42407164509286904,0.5357527180681134
0-1,1-0,0.00025534738577965167,0.4412447124379046,0.5192255120843564
0-1,0-1,0.0003004651401637486,0.5947187326137942,0.3662075150304356
1-0,1-0,0.00026843190632706946,0.44502815715092703,0.5193962145334269
0-1,1-0,0.0002873965389243628,0.42178752279833137,0.5392141569290153
1-0,1-0,0.00037555866028029014,0.4358523580230506,0.5246882460234349
1/2-1/2,0-1,0.00025030204239498736,0.5608169000610743,0.3996544025731526
0-1,0-1,0.00020834055651222205,0.5165003288228579,0.44408780908910434
0-1,1-0,0.00031358764312412843,0.4485068448402559,0.512924902980796
0-1,1-0,0.0004098766710280718,0.433407064556821,0.5272793638595821
0-1,1-0,0.00032615627699910673,0.42243128932817137,0.538346257931067
1-0,1-0,0.0002503338228710441,0.4250249205054348,0.5359629564992138
0-1,1-0,0.0002417669077450309,0.45321970657908733,0.5086535760238311
0-1,1-0,0.0002184680463310785,0.41417553585362943,0.5467823411887182
1-0,1-0,0.0003589075671333238,0.4171680163711304,0.5452332659047209
0-1,1-0,0.00020522453296868028,0.460725691288458,0.5022448681289293
0-1,1-0,0.00022711618549533364,0.4778457121205349,0.48350698496928807
1/2-1/2,1-0,0.0002417773244525322,0.41928654317436387,0.5414174166509097
0-1,1-0,0.0003140444888307796,0.4208641569087157,0.5398538332166863
1-0,1-0,0.0002724946986277394,0.4457417578754836,0.5147136454514111
0-1,1-0,0.00022444852082138754,0.44866411832298914,0.5126922618174339
1-0,1-0,0.000335706280805386,0.42950235451716057,0.5310836908100472
1-0,1-0,0.00030224857575884487,0.43244481486337744,0.5280825289717889
0-1,1-0,0.00029751220505277293,0.45248421365574565,0.5081910854297313
0-1,1-0,0.00040692773866040987,0.4381105416620292,0.5226196242548745
0-1,1-0,0.0002697697440595909,0.46516781086810916,0.4953378952438545
1-0,1-0,0.0004257165656294619,0.41880783512689945,0.5422953548614693
0-1,1-0,0.00020322969116212265,0.47028426349885927,0.49387756656996096
0-1,1-0,0.00021595077804850403,0.4446946081227895,0.5171163010835091
0-1,1-0,0.0003402971178262542,0.4291946504573262,0.5313850457896668
1-0,1-0,0.0011504115468747133,0.358232649266068,0.40443065906587333
0-1,1-0,0.0004043813760750052,0.424864565911123,0.5362760384773719
0-1,1-0,0.00024858265642707444,0.41757594924296976,0.5429065511785411
1-0,1-0,0.0002127899749942887,0.4312323032658886,0.5299942029677762
1-0,1-0,0.0003482319656463897,0.447891640017487,0.5127498274409145
0-1,1-0,0.000368953504460072,0.42673905960818087,0.5345041075858937
1-0,1-0,0.0003974749805299217,0.42365978271330296,0.5370052217122641
1-0,1-0,0.0002011423421692783,0.5076114914354195,0.4554529627268915
1-0,1-0,0.00021244893652176385,0.42031449803756193,0.5425811472584466
0-1,1-0,0.004098480810059263,0.10098925205949827,0.2791221330978046
1-0,1-0,0.00019197570014015315,0.48093632349323395,0.48108204719535097
1-0,1-0,0.0002599792932883425,0.4201973029540787,0.543595021109596
1/2-1/2,1-0,0.00023566081856962612,0.4143090472428678,0.5466014531674024
1-0,1-0,0.000198563416027963,0.4666987077807864,0.5015829371364953
1-0,1-0,0.000216754304487343,0.4209292750295223,0.5427583317086604
0-1,1-0,0.00020441417842383754,0.45200302719408475,0.5096418457857974
1-0,1-0,0.00019277483833786974,0.48671059078666107,0.47429038897189807
0-1,1-0,0.0004209536481242576,0.4173200112316804,0.5436523756957188
0-1,1-0,0.00041759518822367096,0.41929315450116883,0.5418828488298804
0-1,1-0,0.00021058536721859855,0.4209303743350277,0.5405279244523382
1-0,0-1,0.00019825828924049466,0.5107433980751449,0.45081675820633155
1-0,1-0,0.00020959344380967455,0.4224670896639745,0.5383925033652476
0-1,1-0,0.0002588822564811618,0.43036394008413703,0.5301974882561546
1-0,1-0,0.00027612753597182934,0.4255916083584616,0.535230233296309
0-1,1-0,0.00037786567280640853,0.44728357118232775,0.5135634239490713
1-0,1-0,0.00041176241831366233,0.43643441762096763,0.524006218322632
1-0,1-0,0.0003624650218682672,0.4384012084222132,0.5220930019270321
0-1,1-0,0.00021912192323405612,0.4196713694162027,0.5423078702783233
0-1,1-0,0.0002630608298096748,0.4663226130750445,0.4951426594245908
1/2-1/2,1-0,0.0002484152750269499,0.42302498027442975,0.5380809903836441
1-0,0-1,0.00026012116966865097,0.5843863557304434,0.3761818620367875
1-0,1-0,0.00039887007649070576,0.43055715126585503,0.5303481979617468
1-0,1-0,0.0003861154144839711,0.43405574665077196,0.5267987894472045
0-1,1-0,0.00021008332900557906,0.4766533087670918,0.4848713295757383
1-0,1-0,0.00036810755364236405,0.44496289307923426,0.5154800756539664
1-0,1-0,0.00018888616644063,0.4554568976747382,0.5057846235178904
1-0,1-0,0.0002545833313281439,0.44318993170232346,0.5175895919057503
1-0,1-0,0.00022493519892302313,0.41887028671232013,0.5436270962152551
0-1,1-0,0.000234124733903418,0.45553012843332097,0.5065140970257932
0-1,1-0,0.00020937556400571822,0.4230325270347166,0.5384378388008467
0-1,0-1,0.0002604073831730948,0.6029312969075796,0.35773184664677105
0-1,0-1,0.0001846558492383038,0.547574542775502,0.41366950346040665
0-1,0-1,0.00027191133951432963,0.5991734636292445,0.36103216791193643
1-0,1-0,0.0002766555705461851,0.46623219053263354,0.49422212089564693
0-1,1-0,0.0003564832768685527,0.4369436665994555,0.5236419098851657
1-0,1-0,0.0002506775336217045,0.42407167278956287,0.5387435241300099
1/2-1/2,1-0,0.00022791035528673797,0.4127722731419965,0.5435423194686757
1-0,1-0,0.0003902697826887484,0.42331776140446625,0.5371574464541642
1-0,1-0,0.0002631425855660581,0.4554983815470679,0.4616472964812536
1-0,1-0,0.00022700031073605645,0.4269363594254723,0.5343045666183553
1-0,1-0,0.00026803998641475367,0.42061546180204173,0.5402009475036984
1-0,0-1,0.0002498574021533866,0.5139017618916186,0.4466487836733518
1-0,1-0,0.0003925033212916702,0.4267307012075727,0.5337512966291361
1-0,1-0,0.00032925157436455887,0.42997089447970077,0.5306607405031653
0-1,1-0,0.0002298066932223914,0.42027159919494106,0.5408542328818476
0-1,1-0,0.0003474105280952731,0.42256981657664006,0.5381070149691134
0-1,1-0,0.0002628583295506243,0.4335652681255894,0.5269715287303791
0-1,1-0,0.00023953225130033445,0.4175557977780439,0.5457378785905526
1-0,1-0,0.00025385160183035387,0.39834387668801785,0.5723332885363996
1-0,1-0,0.00022213961732868136,0.4138812652307174,0.5410283771877035
1/2-1/2,0-1,0.00021412930887862967,0.5365085256532084,0.4231332010401131
1-0,1-0,0.00026695682267212763,0.42104864034713113,0.5395403283179017
1-0,1-0,0.00018881826043379055,0.5054672023127259,0.46300620092992484
1/2-1/2,0-1,0.00019861042854547273,0.577332235752891,0.3821448761055191
0-1,1-0,0.00022334414965360098,0.44861265840260905,0.5112171968159618
0-1,1-0,0.00022240619080056187,0.44760649136757424,0.5123028625383419
1-0,1-0,0.00022300407064060533,0.41857454103932906,0.5468019010477329
1-0,1-0,0.00028276731777058465,0.42239741099281536,0.5381167387261884
0-1,0-1,0.00032813521746040116,0.5184896634238664,0.4421344875587308
0-1,1-0,0.0003378254377419831,0.45979336119898667,0.500782534732413
0-1,1-0,0.00022676932203053574,0.44357898452116834,0.5184345263274779
1-0,1-0,0.00022231640756248977,0.41873478932564734,0.5423765692723456
0-1,1-0,0.00021153590027125425,0.46212810339451194,0.4876499147986626
0-1,1-0,0.00041689672029554363,0.41871998304146657,0.5417932878743061
0-1,1-0,0.00023830441199415033,0.42206735240696663,0.5408237233148131
0-1,1-0,0.00030074547206808487,0.4626601426764545,0.49796464913096333
1-0,1-0,0.0004089192134693988,0.42189020558243123,0.5385061930542778
1-0,1-0,0.00025287989824774107,0.397848454334973,0.5778305180760323
1-0,1-0,0.0002472439241923724,0.4314927105110644,0.5300624419836069
0-1,1-0,0.00037701632373146035,0.4173750826135857,0.543082437788591
1-0,1-0,0.00019823704665789506,0.45396457045722716,0.5101113127481384
1-0,1-0,0.00023966321669823836,0.4612881768011962,0.4994926796656573
1-0,1-0,0.0003589140224330767,0.4294508444575426,0.5318892624216467
1-0,1-0,0.0004300613983155282,0.4164685635668697,0.5442231105779008
0-1,1-0,0.0002134291810290088,0.4282390170426369,0.5333932798166743
1-0,1-0,0.00019805712135773172,0.506402347675266,0.4553100094300845
0-1,1-0,0.00034615296257316724,0.41752705046359234,0.5431125304320292
0-1,1-0,0.0002161809628509847,0.47332918622696535,0.4872886651793364
0-1,1-0,0.0003166183759480374,0.4188114414928646,0.5423035692919032
1-0,1-0,0.00027890237417115357,0.49136472433544565,0.4692720861644391
0-1,1-0,0.0002866141985278589,0.45427261272393693,0.5062234307109538
1-0,1-0,0.0002879366364626097,0.47496008918879057,0.4860697277736835
0-1,1-0,0.00032923706004305605,0.4244140795710651,0.5362192935778646
0-1,1-0,0.0016629730376535097,0.04960436890893043,0.11596760299231798
0-1,1-0,0.00034646220474807,0.4215995992544668,0.5396377485635373
1-0,1-0,0.0002241229280618821,0.4223173185915995,0.5384335508403356
1-0,1-0,0.00022438877977325937,0.422968905366078,0.5392607846010756
0-1,0-1,0.00024864979348223384,0.5446251378499605,0.4159827437714672
0-1,1-0,0.000343345496423319,0.4856250716836776,0.4749257425652736
0-1,0-1,0.0002543130208194943,0.5738233864169886,0.3872859938670224
1-0,1-0,0.00023949706705483692,0.42558194423127954,0.535159752780633
1-0,1-0,0.00043433730649012963,0.4224422759243607,0.538057973654119
0-1,1-0,0.00037588695928997875,0.42337553331025773,0.5372420844112809
1-0,1-0,0.00022077860162978715,0.434546217481202,0.527268657839109
1-0,1-0,0.0002698311350514803,0.4362669434371406,0.524669734497404
1-0,1-0,0.00025828804333027894,0.42089559978405305,0.539918061061281
1-0,1-0,0.00021387700265786073,0.44400904181800926,0.5186614049661149
0-1,1-0,0.00025068284003701647,0.4382508552137728,0.5236045292794329
1-0,1-0,0.00020329672635558242,0.4392965072332812,0.5261187535299716
1-0,1-0,0.00027286476873546547,0.4320160111870001,0.5289578277791707
1-0,1-0,0.0003049796829247635,0.4248678468868999,0.535761542858635
1-0,1-0,0.00037049110656377904,0.42492892094272444,0.5363394618302401
1-0,1-0,0.000279889766286237,0.42962885712623294,0.5310609544216071
0-1,1-0,0.0002695036178504001,0.4275902333197119,0.5329172764214068
1-0,1-0,0.00021369145717105756,0.4860697097815172,0.47438725076509075
1-0,1-0,0.0002995405727542855,0.426106811566815,0.5346980216399058
1-0,0-1,0.00032904539201271936,0.5249744756241826,0.43534703959762977
1-0,0-1,0.0002494179179749316,0.6046321120861717,0.35940553174753237
1/2-1/2,1-0,0.0002882962006893104,0.4184122656404219,0.542370596911868
0-1,1-0,0.0002143493128811267,0.4633749379769366,0.4991212218523485
1-0,1-0,0.00022603587529908538,0.43626040312592745,0.5247097121388902
1-0,1-0,0.00019185487801990974,0.49205021966381396,0.4767369579533026
0-1,1-0,0.00024204409084272613,0.4275086467460135,0.5329374997504946
1-0,1-0,0.00028929408735031546,0.4468172250413217,0.5147726727283083
0-1,1-0,0.0004156480631270201,0.4243203624583761,0.5366944933366316
0-1,1-0,0.00027097880908462027,0.449392893126569,0.5110870047293631
0-1,1-0,0.0004043540231168125,0.4243322058303904,0.5367499663374392
1-0,1-0,0.00022564057872378037,0.45156937337572917,0.5092065139412573
0-1,1-0,0.00030351083722095554,0.4455052934399384,0.5149343072263806
0-1,1-0,0.00038776856171293135,0.43113779073558767,0.5293842797697006
0-1,1-0,0.00019700061922412504,0.49890126283433767,0.46378302118963505
0-1,1-0,0.00035185677831132,0.4339060951848841,0.5266810513471404
0-1,1-0,0.0002218955255976043,0.4207000548113052,0.5379840995541494
1-0,1-0,0.00027383245018692604,0.42995649682028403,0.5309064301654842
1-0,1-0,0.0003275288780744434,0.42328905874766287,0.5374122736988276
0-1,1-0,0.00029969916483163283,0.45327201210950047,0.5076758814262808
1-0,1-0,0.00037540172452306755,0.4462480785108118,0.5142292779810874
0-1,1-0,0.0002717223707434424,0.4821765227039013,0.4792094590497212
0-1,0-1,0.00023529783419726585,0.5372878217248422,0.4231991695928592
0-1,1-0,0.0003180115078717366,0.42911104138194955,0.5314195234055251
1-0,1-0,0.00022199611090583,0.4187454978435586,0.5436511099627034
1-0,0-1,0.0002496432239842923,0.5102785402759122,0.4503027200866092
1-0,1-0,0.00025755383514706223,0.4187445164976544,0.5442146562913613
1-0,1-0,0.0002257204640789691,0.4676918166162356,0.4992299867643362
0-1,0-1,0.00016024846572349193,0.6313966572568261,0.35168108105495915
0-1,0-1,0.00028893777690723973,0.5202050863295029,0.44083032248674336
1-0,1-0,0.00018468327516233312,0.46875123162334165,0.4921344716087433
0-1,1-0,0.00020540816735549773,0.45883247125661714,0.5046240569785672
1-0,0-1,0.0002838544274791484,0.5182089539737165,0.44275191088474186
0-1,1-0,0.00026148732322499877,0.46887662272000036,0.4915873476544524
0-1,0-1,0.00026164985461075215,0.5988435275904649,0.36155848076621067
1-0,1-0,0.0003432618732492097,0.45524775508053444,0.5057692028878896
1-0,0-1,0.00029932041577464903,0.5541474759084434,0.4066843228775561
1-0,1-0,0.0002216110998638961,0.4168187712330617,0.5449601279303468
0-1,1-0,0.0013513016088710153,0.3566740475531609,0.5075847295702027
0-1,0-1,0.00023518484817736647,0.5965079160270268,0.3600790395696207
0-1,1-0,0.00021041356731644237,0.5011931888844464,0.4599110051252804
1-0,1-0,0.0002259994128345933,0.4237928793796469,0.5422199297303685
0-1,1-0,0.00026941970355064034,0.4007730755787417,0.5700914318835317
1-0,1-0,0.00039210531726297665,0.4193226911840307,0.5412292693259494
0-1,0-1,0.0002843321280862047,0.5815108821300752,0.378694470432303
1-0,0-1,0.0002095771000459858,0.5702132940433366,0.38866051475980273
0-1,1-0,0.0002542496344743913,0.4460148823038185,0.5149090063925404
0-1,1-0,0.00021971200561989797,0.42099517888849797,0.5406010282907483
0-1,1-0,0.000347271008088831,0.4357559460517167,0.5248107134145642
0-1,1-0,0.00021001954567732606,0.43203033666033797,0.5373831705522781
0-1,1-0,0.0002775184146428235,0.4449411410301782,0.5159367573233274
1/2-1/2,1-0,0.0002564956153126445,0.49703119515026534,0.46396041932256205
1-0,1-0,0.00035088402757000784,0.5014352738197921,0.45895240511029484
0-1,1-0,0.0003038370431281214,0.4182657068351842,0.5423489038573136
0-1,1-0,0.0003191826926469085,0.4827256511759273,0.4780395603093145
1-0,1-0,0.00023705275889090985,0.4251538017178811,0.5374672814947759
0-1,1-0,0.00020701728431937768,0.4267556325370128,0.5349095542520905
1/2-1/2,1-0,0.0002133253729773638,0.45260389725187805,0.50732953586753
1-0,1-0,0.000219580282439653,0.43011393218718186,0.5324938606615847
1-0,1-0,0.00037298090180580063,0.4323348979598989,0.5281733338605246
0-1,1-0,0.0003206967769381349,0.41850969546475675,0.5426898996941127
0-1,1-0,0.00037250708271065213,0.42631765362685264,0.534189810990757
0-1,1-0,0.00035362214098075327,0.44602089963616925,0.5145549296310147
1-0,1-0,0.000413794106716396,0.39240243269143643,0.52357794112541
1-0,1-0,0.0004081067483347608,0.43745260404967173,0.5232321142988084
1-0,0-1,0.0003073029833986707,0.5954311586369833,0.3650561856118406
0-1,1-0,0.00021515393994346827,0.4263307270000676,0.5352947613810332
1-0,1-0,0.00031194151765221286,0.4567433375976413,0.4618288885086093
0-1,1-0,0.0003887108700113876,0.4334450168609556,0.5272525209640476
0-1,1-0,0.0002485841166921299,0.43638370037564,0.5243289039814273
1-0,1-0,0.0002163924076550328,0.4340853016337189,0.530338877878239
1-0,1-0,0.00022628257871189257,0.436656016536488,0.5227921601644174
0-1,1-0,0.00021411665985955318,0.42190080523025436,0.5403218852549075
1-0,1-0,0.0002176008072209344,0.41760841576811836,0.5461312058263667
1-0,1-0,0.0003462696718023819,0.4328015430612027,0.5278097462258571
0-1,1-0,0.0003047332096406454,0.4523366564220158,0.508288141140123
0-1,0-1,0.00019592334603159376,0.5186317732153336,0.4432695288060313
1-0,1-0,0.00024363727136701065,0.43362537119669264,0.5283762129924309
0-1,1-0,0.00023217511036680239,0.5038457842882845,0.4570818964344155
0-1,1-0,0.00019860815997679735,0.5028221842519132,0.45897475016220957
1-0,1-0,0.0003551864889214005,0.4415662376009563,0.519394376411343
0-1,1-0,0.000255328134994662,0.41530756922983064,0.5455211873378207
0-1,1-0,0.0003814038199270254,0.44714562626081183,0.5136678890272263
1-0,1-0,0.00032489066626351554,0.4437013127423802,0.5169984868088242
0-1,1-0,0.0002942904736887171,0.47444467542689267,0.48607820444696187
1-0,0-1,0.0002147572419320124,0.5333919831876013,0.4273225464423724
1-0,1-0,0.00024047860504035153,0.43189180915787023,0.5289167740614852
0-1,1-0,0.00031423586248954414,0.42638409826453827,0.5341362733500733
1-0,1-0,0.000280223740412872,0.4464919104286517,0.5139830856545612
0-1,1-0,0.0002451547179569143,0.47606899987659934,0.4853019513173412
1-0,1-0,0.0002543676289485399,0.4717663320471022,0.48909543700825703
0-1,1-0,0.00038442947849952797,0.4435984774728133,0.5168676573099923
1-0,1-0,0.00037531613252429053,0.4184479768927865,0.5421613387633871
0-1,1-0,0.0003912525124662704,0.44716160630168916,0.5135504938013895
0-1,1-0,0.0004134693219969305,0.4260828278798731,0.5348294938169649
0-1,1-0,0.00030805529695118484,0.4507661518476371,0.5100540339203443
1/2-1/2,1-0,0.00021905783462027376,0.45195608072838206,0.5091690363311229
0-1,0-1,0.0002436306739900462,0.5245389273345165,0.43650332858629287
0-1,1-0,0.00024167901985774478,0.41520564189976006,0.545306743299413
0-1,1-0,0.00019643309804130994,0.464158181221797,0.4988270427019023
0-1,1-0,0.00037184186485114093,0.41907226680733556,0.5414869536941679
1-0,1-0,0.0003086566904936486,0.42381393233305753,0.5375812427728731
0-1,0-1,0.0001962715575890482,0.6046455132404128,0.35152648345024523
1-0,1-0,0.00037684734654552397,0.4427661841713277,0.5177573644532715
0-1,1-0,0.0004259045587641991,0.41722865123734143,0.5431807995771268
1-0,0-1,0.00028783571223646253,0.6010038915703048,0.36018850843074657
1-0,1-0,0.0002636036399586176,0.4242571837328511,0.5363499053229809
1-0,1-0,0.00033267256756924687,0.4457078898305183,0.5154374258779696
0-1,1-0,0.00039956526373109247,0.41784901911159106,0.5425702202191006
1-0,1-0,0.000290774439329932,0.43053777038773094,0.5304118109669341
1-0,1-0,0.0003790744321736459,0.4242733009544904,0.5371544277582357
0-1,1-0,0.00021655133533526435,0.4182005634991494,0.5425140734646967
1-0,1-0,0.0002547842788315643,0.4173372992698643,0.5433292238262614
0-1,0-1,0.00025252234541996984,0.569356022662435,0.39220241758760854
0-1,1-0,0.00028159331988537824,0.4234134625361287,0.5369319416118787
0-1,0-1,0.00017614001502978956,0.5298137615531211,0.43338606173044486
0-1,1-0,0.00020506962739154927,0.45309368533774286,0.5076211308336286
0-1,0-1,0.00028659465834364906,0.5304841655374566,0.43049704080118756
1-0,1-0,0.00020264303120652686,0.45413711472022505,0.5092973589574473
0-1,1-0,0.0003474658569548163,0.4834899543834137,0.4769779024352914
1-0,1-0,0.00021524970678562445,0.41903761826056063,0.5423996731696052
1-0,1-0,0.0002524456234104374,0.4059170276034754,0.569045283639457
0-1,1-0,0.00020634284227440456,0.4253456710911743,0.5360861014723741
0-1,0-1,0.00023506086176521506,0.5835846258419852,0.37487843719415004
0-1,1-0,0.00032175401283426755,0.442586067924326,0.5179903967856327
0-1,1-0,0.00037313096775052945,0.4234266352516149,0.5371434888615911
1-0,0-1,0.00023701883888366777,0.4893879415456525,0.42582612693321326
0-1,1-0,0.0003766441079393367,0.419523145913279,0.5419993108463727
1-0,1-0,0.0002469250937434783,0.4184727541172383,0.5419917791177274
0-1,1-0,0.00040815763354669896,0.4403153790482568,0.5200417818509901
0-1,1-0,0.00041992009079668945,0.4267000100872169,0.5340201145849134
1-0,1-0,0.00018841328743410298,0.4683466049960669,0.49361500175612893
0-1,0-1,0.00019229496161914656,0.5182259611533048,0.4424396895135916
0-1,1-0,0.0003022959892763379,0.41779244421774064,0.5449494035833445
0-1,1-0,0.0003415407806788608,0.4997328582435155,0.4606965030892335
0-1,1-0,0.0001849469792919037,0.49290944376165874,0.46886836328255926
1-0,0-1,0.00026536059633825484,0.5978361321850691,0.36316519198718783
0-1,1-0,0.00022012840922508984,0.438039342400806,0.5234613615761273
1-0,1-0,0.00026962525157711765,0.4451062726195975,0.5155649332003603
0-1,1-0,0.0002197098237948114,0.4514397789226451,0.510376074275747
0-1,1-0,0.00038375238412775636,0.43518555150971344,0.5258565903255364
1/2-1/2,1-0,0.00039197775278770474,0.40403928339417455,0.5352096640160534
1-0,1-0,0.0003345285738444295,0.425164841166522,0.5355443746170951
0-1,1-0,0.00030259978514488343,0.43108872416976396,0.5297554718633893
0-1,1-0,0.00018506877052110413,0.5042053018774769,0.45688492415704796
1-0,1-0,0.00019734044569913974,0.46624517886108213,0.5007447762101099
0-1,0-1,0.0002579652361411361,0.5984224071911427,0.36289133245951755
0-1,1-0,0.00020620370420222262,0.4857968504472641,0.4684494908157164
1-0,1-0,0.0003586316944766763,0.46129459081400903,0.4993366356829296
0-1,1-0,0.0004094407870886513,0.43748104644447744,0.5228848467149942
0-1,1-0,0.0003716204785701412,0.42827966464522044,0.5322104110574654
1-0,1-0,0.0002274898734115861,0.4215193070993213,0.5391395410469279
1-0,1-0,0.00033086898278413804,0.4849148319461918,0.4757862466685258
1-0,1-0,0.0002153434899511947,0.42001196413603,0.5470007201816278
0-1,1-0,0.00040636209035743785,0.42180565799424136,0.5387620360575506
1-0,1-0,0.00023261434821049475,0.4186958396504019,0.5420257524989837
1-0,1-0,0.00036864919826848125,0.44611263871519147,0.5143766971943065
1-0,1-0,0.00023442426090921408,0.431655969341371,0.5294170319054554
0-1,1-0,0.00034591747911928445,0.48893299705439597,0.47140601354577094
0-1,0-1,0.00023353017202838575,0.5855409500813509,0.374731152044809
0-1,1-0,0.00039544702369201986,0.4294210637427412,0.5315706980515849
0-1,1-0,0.00019750681719723747,0.43854740890572447,0.5230314145601921
1-0,1-0,0.0002502586807540549,0.41959807097444257,0.5427346130388432
0-1,1-0,0.0002478647452541273,0.4250410138355257,0.5377384370814385
0-1,1-0,0.00019463933789875968,0.44647809404735433,0.5151989840026767
0-1,1-0,0.00021248469115632624,0.47281966704782996,0.48755142054601075
1/2-1/2,0-1,0.00018892676640286013,0.5399486328903228,0.4193324394747258
1-0,1-0,0.00034527686815257684,0.43304677460297925,0.5284767162051046
0-1,1-0,0.0002239625053065041,0.41840141487754323,0.5436413443849033
0-1,1-0,0.0002780148820673076,0.47329170251829394,0.4877831473187935
0-1,1-0,0.00021894265920712697,0.41841948497349213,0.5428537617034433
0-1,1-0,0.00036450144252796695,0.4373047117789619,0.5232124586086588
0-1,1-0,0.00020488066675582132,0.4390790090102613,0.5276278621685971
0-1,1-0,0.00030680573503523835,0.48457392212097855,0.4763821474157566
1-0,1-0,0.000408864007258659,0.4321165026116936,0.5283231277653309
0-1,1-0,0.00021333308872769691,0.4168605859886525,0.5455901294626179
0-1,0-1,0.00026392702218973167,0.5097807052092628,0.4510851458841349
1-0,1-0,0.0002761631501980777,0.46637088296113927,0.49410913787210636
1-0,1-0,0.0003044523779446326,0.4241066845807252,0.536551077320764
1-0,1-0,0.00024860539290177757,0.4195474452124683,0.5408070936950932
1-0,1-0,0.00020676742837152253,0.4685427709826962,0.49422909277200594
0-1,1-0,0.00021660203273131962,0.45568637646908833,0.504968961288975
1-0,1-0,0.00037240247506142274,0.42653333412341754,0.5342177391137896
1-0,1-0,0.0002194015883406435,0.4167584645966438,0.5452212802104347
1-0,1-0,0.00021150542734645864,0.4901502017935063,0.4530102762783315
0-1,1-0,0.0002986073914898785,0.42125285857342804,0.5395401114680902
1-0,1-0,0.00025974084393979717,0.4134036505491039,0.5584949257919952
1-0,1-0,0.00042817727992723034,0.42902339552085245,0.5315886514699008
0-1,0-1,0.00026062105219792594,0.5898465955954139,0.37039009447509497
1/2-1/2,1-0,0.00019815753773235863,0.4733661888864493,0.48777864960535383
1-0,0-1,0.0002710011199182189,0.556870904785937,0.4042162279037599
0-1,1-0,0.0003550417117220742,0.43276116223508226,0.5277636600186519
1-0,1-0,0.00023668838878185302,0.4475984300124908,0.5132668624388889
0-1,0-1,0.0002987947956595993,0.6598910680424032,0.29808933897296375
0-1,1-0,0.00021378475066765188,0.43612382659686394,0.5257614630404116
1-0,0-1,0.0005327419779146767,0.5182150167364542,0.4143866043324096
0-1,1-0,0.0003821518574910046,0.4531853690513707,0.5075041047462762
0-1,1-0,0.00020653468086481673,0.4252962805130331,0.536001023353883
1-0,1-0,0.00022182342503020822,0.41721561722806444,0.5432938239521241
0-1,0-1,0.0002187901341222496,0.6050745642449624,0.3597820622891517
0-1,1-0,0.00023559854910681354,0.4403519343566329,0.5170132914144476
1-0,1-0,0.00022315475540260216,0.4183942254072432,0.5437712725072747
0-1,0-1,0.00019764730660999072,0.5109491278790652,0.4507097914807814
0-1,1-0,0.00040125579730977765,0.4407314755091444,0.5200082653813017
1-0,1-0,0.0002236120565116478,0.4400393908472703,0.5207563128537777
0-1,1-0,0.0003573626090965901,0.4257667458612633,0.5348367503403741
0-1,0-1,0.000257762770752983,0.607600614326212,0.3554338987200074
1-0,0-1,0.00020185893737206519,0.6043632277855133,0.35141531914684976
1/2-1/2,1-0,0.00023128403972637695,0.4145488104645203,0.5488568464292062
1-0,1-0,0.0002790555486071459,0.41910371975145155,0.543590099738534
1-0,1-0,0.00019970736560920153,0.4941148719944248,0.4681721704420799
1-0,0-1,0.00020935467914271638,0.5722597213446271,0.3861446666746328
1-0,1-0,0.00019797064942730282,0.47167512717876087,0.4955292286742154
1-0,1-0,0.00023462478407731223,0.4257154949955432,0.5344434714402531
0-1,1-0,0.00023659680361638334,0.47930032295173264,0.48169192612770173
0-1,1-0,0.00021052077157745835,0.43025095496451793,0.5304884910737337
0-1,1-0,0.00037474068331648747,0.4573528392228896,0.5033282512004607
0-1,0-1,0.0002176473051563729,0.5311382299198159,0.42983027286164527
0-1,1-0,0.00024097881918764747,0.43480824432358717,0.5258756045307171
1-0,1-0,0.0002382251865378821,0.4190733825577865,0.5416851151558421
1-0,1-0,0.00027250172123255195,0.44166987321329315,0.5190353652291833
1/2-1/2,1-0,0.00023932029215889978,0.47488552225806463,0.4763092655127564
0-1,1-0,0.0002165942691985887,0.42166536639855906,0.5394437023319245
0-1,1-0,0.00042670143750263696,0.4247487237557566,0.5356833158343743
1-0,1-0,0.00037167174965204363,0.4185110811356295,0.5420618673019564
0-1,1-0,0.0002960131158496924,0.43110425187908114,0.5293851038875363
1-0,1-0,0.0003079892795828964,0.42346124199284985,0.5373485420522901
0-1,1-0,0.00024136061760690817,0.4449167937241798,0.5164811825769203
1-0,0-1,0.000312736305739529,0.5492308255559025,0.41140471074128393
0-1,1-0,0.000272893316880794,0.482897229403493,0.4776358227436244
0-1,0-1,0.0002036580291337691,0.5326156366081002,0.40530825880523813
1-0,0-1,0.00026338071849493083,0.5484461877630545,0.4127888950186065
1-0,1-0,0.0003312933420693453,0.4245366004475157,0.5157954654802847
0-1,1-0,0.0002641182748261655,0.45174311363704067,0.5087434224653504
0-1,0-1,0.0002490365694879358,0.5981146623523194,0.36350786657853973
0-1,0-1,0.00019715443911108598,0.5387112505745434,0.42198861224973727
0-1,0-1,0.0002937577646799013,0.523039284436093,0.43745519963234814
1-0,1-0,0.0008624805115404386,0.40041353301119464,0.5191924082574115
1-0,1-0,0.0003030898956534281,0.4255998317987174,0.5350851779349816
1/2-1/2,1-0,0.0002234724111941775,0.4827428543333674,0.47383831222291367
0-1,1-0,0.00032893599530785125,0.4922159295785446,0.4685189775817707
1-0,1-0,0.0004111057521112704,0.429312417800006,0.5310537387874905
1-0,1-0,0.00029250132048322196,0.4269517638224941,0.534225267044962
1-0,1-0,0.00024110769142236926,0.44690342007623485,0.5141228651946914
1-0,1-0,0.00029315748401045416,0.44854728635010876,0.5123150319450043
0-1,1-0,0.0002496655255925218,0.4145125794032666,0.5468146855310112
0-1,1-0,0.00022072145211215943,0.5014401755972617,0.4602718135066211
0-1,1-0,0.0002331228289629026,0.5035879486285111,0.4573802479220158
0-1,1-0,0.00029297723646107857,0.4597141447159625,0.5015367881362215
1-0,1-0,0.0001935893828806105,0.4876636704538295,0.475298105253668
0-1,1-0,0.0002690226332324202,0.429979578705857,0.5305550161083087
1-0,0-1,0.00017645661003833592,0.631483601074578,0.33749580574730875
0-1,0-1,0.0002462302716773417,0.6076055715021969,0.35508434185528986
1/2-1/2,0-1,0.0002090947806117461,0.5539998573822555,0.4101013062823697
0-1,1-0,0.00036242517651389707,0.4847433599988377,0.47565719466974876
0-1,1-0,0.0002434577554789624,0.42054523511258163,0.5403973007787144
1-0,0-1,0.00020212967827004197,0.5570732205107976,0.40340848322817857
1-0,0-1,0.00019408729427887496,0.5443577518173425,0.4168194591211991
0-1,1-0,0.00022222959919125548,0.4351848037950051,0.5265488766652264
0-1,1-0,0.00018918655625393347,0.5057960423001918,0.45474093083950057
0-1,1-0,0.000274627572278033,0.4250649820270267,0.5354641252890826
1-0,1-0,0.0004367765133873093,0.4165248645339313,0.5444896552325704
1-0,1-0,0.0003869788684093613,0.43454463961725404,0.526402045528288
1-0,1-0,0.00022053576674835212,0.4419571951003573,0.5025932017008465
1-0,1-0,0.0002056730726586099,0.42914303754310784,0.5352660177953759
0-1,1-0,0.00025926412635796515,0.4197447467818711,0.541538367621299
0-1,1-0,0.00021408815923688762,0.4323183558793112,0.5306896560473732
0-1,1-0,0.0004180621726565287,0.4365588478884075,0.5238574768830666
0-1,1-0,0.0002999629736790611,0.4584550162324081,0.5029291226905035
1-0,0-1,0.00023290369615508116,0.5471773000764469,0.41300450824841534
1-0,0-1,0.00027336385137869535,0.6549242848072867,0.3058967820341823
0-1,1-0,0.0002226505028269383,0.4522140602502041,0.4890556610993721
1-0,1-0,0.00019827573087713703,0.44381124517266424,0.5177717049799827
0-1,1-0,0.0003168865090091354,0.42032105637933476,0.5493716216658665
0-1,1-0,0.00020125502893220747,0.4677296881545596,0.49282121470904494
1-0,1-0,0.00020342993333221163,0.45348935302665405,0.5072099816807784
1-0,0-1,0.00024660149310246234,0.5188568234542607,0.4416659672141902
1-0,1-0,0.0002952931030649128,0.41916460018634655,0.5492482191892942
1-0,0-1,0.0002971761040633634,0.5296929779697556,0.4306560682368125
0-1,1-0,0.00033877262588708575,0.43931169495153843,0.5213757000961663
1-0,1-0,0.0002315386022481074,0.41698249365708645,0.5437005785964675
1/2-1/2,1-0,0.00021496530402343022,0.48063148440799347,0.4803118431148313
0-1,0-1,0.00018889245508124964,0.5220330464445723,0.4385021018779799
1-0,1-0,0.0003387867457789879,0.41783650766582636,0.5428144078280076
0-1,1-0,0.00034266279952517543,0.45257603966705895,0.508062688392084
0-1,1-0,0.0004072418303562803,0.4228084986508256,0.5376441859526002
0-1,0-1,0.00029330892551596545,0.5344966816142789,0.4260740521427968
1-0,1-0,0.0002613142157206279,0.43628309644492386,0.5260037010761405
1-0,1-0,0.0004031198156634254,0.44742780972183777,0.5131081914204665
1-0,1-0,0.0004144567954145251,0.4179720176318727,0.5434208508817318
1-0,1-0,0.00018852092246422094,0.49727621508162395,0.4644023151304683
0-1,1-0,0.00033444334461057404,0.4195527190461065,0.5411531053766615
1-0,1-0,0.00036339827007520934,0.4205663906170846,0.5400086589971889
1-0,1-0,0.0002382735440914575,0.48390822131931915,0.4765995005948101
0-1,1-0,0.000232216398174915,0.42382049273267336,0.5366926409635457
1-0,1-0,0.00027710201415700894,0.41793944312844206,0.5427027852344878
1-0,1-0,0.00034010054953544913,0.45330874131594134,0.5072982002768576
1-0,1-0,0.0002864910014390044,0.4174575817363323,0.5431310862690173
1-0,0-1,0.0002043920884849366,0.5144662648137541,0.4471265723170358
1-0,1-0,0.00021899340156650242,0.4611498137525071,0.5000444422986259
1-0,1-0,0.0003302805932015336,0.4218670389998507,0.5399664808238549
1/2-1/2,1-0,0.00034519347199796094,0.44388027786637857,0.516687608328658
1-0,1-0,0.00038515841480814993,0.458274238084245,0.5022426427132555
1-0,1-0,0.00021866973833737098,0.4262067884677196,0.5355215507680983
0-1,1-0,0.00021829783586108252,0.44416787805017593,0.516430175273571
1-0,1-0,0.0001850153331248103,0.47502215122497987,0.4862527640364236
1-0,1-0,0.00029670018225989717,0.4226472590567135,0.5397670150572478
0-1,1-0,0.00022457409710617275,0.41840419365312365,0.5425879004155928
1-0,1-0,0.0003215120761276183,0.478607693846163,0.4821373511145175
1-0,1-0,0.00020855647337199694,0.48381612899097676,0.47809214329893135
0-1,1-0,0.0003450877534020955,0.4577431569065116,0.503037619643014
1-0,1-0,0.00021773275356284583,0.4140372361503144,0.5468608160012687
1-0,0-1,0.0002300461922815681,0.5692821722991749,0.3913160495417088
0-1,0-1,0.0003117997345811087,0.5656475072098701,0.39496393410407354
0-1,1-0,0.0002188869234319298,0.46684481036786013,0.4951621528840299
1-0,1-0,0.0002750758749813403,0.4669745877922525,0.45427082108657607
0-1,1-0,0.0003845188899556203,0.4407978484094155,0.5196520097039253
0-1,0-1,0.00020546789803314104,0.5113418105496012,0.4491228226977008
1-0,0-1,0.0002918551315826708,0.5382734933719201,0.42256376072137164
1-0,1-0,0.00036685580130912986,0.42905349982917984,0.5315275044405212
1-0,1-0,0.00029127228346297203,0.4915427909630229,0.4690266521178667
1-0,1-0,0.00022632613290406563,0.4166912615618423,0.5474949398771458
0-1,1-0,0.00030587741865208725,0.42981658825303665,0.5308843624951606
1-0,1-0,0.00039901449589522874,0.43161885370095054,0.5288971235774023
0-1,0-1,0.00021663517935788782,0.5892414308956212,0.37014991832074273
1-0,1-0,0.0003696519078068981,0.4256126643173372,0.5349698952098868
1-0,1-0,0.00025135974223323905,0.42516525291799684,0.5355715115638945
1/2-1/2,1-0,0.00029586531807790486,0.48316616575963156,0.44456119087893303
0-1,1-0,0.0004000128159860271,0.452834731714736,0.5075587615617643
0-1,1-0,0.00022731540210496092,0.42040632086803603,0.5444776651138054
0-1,1-0,0.0003071172358462989,0.41996277169588336,0.5407271783188211
0-1,1-0,0.0003593113212076173,0.41952954506315165,0.5412097200648993
1-0,1-0,0.0003598922649868855,0.44935406231684105,0.5111950808525156
1-0,1-0,0.00032505432201939284,0.45547395706128285,0.5050874714255634
1-0,1-0,0.0003336162726115356,0.41989933458883877,0.5422562199334479
1/2-1/2,1-0,0.0002663657845437333,0.4210893683444851,0.5396685996221666
0-1,1-0,0.00035821706692088466,0.43762334121428376,0.5233628510161084
1-0,1-0,0.0002209517305235131,0.44412751526203004,0.5177730869069302
1-0,0-1,0.00022355692709750507,0.5444476184382041,0.4166316781048903
0-1,1-0,0.0003812306499229394,0.4515999059153349,0.5088028556697023
0-1,1-0,0.00026001583897102844,0.43054969516731795,0.5316487923499135
1-0,1-0,0.0002441076587293991,0.4269496477445845,0.5367288483994898
0-1,1-0,0.0003537124719620149,0.45304912613772413,0.5079469248153085
0-1,1-0,0.0002888628859818666,0.43327887171817825,0.5288593879954835
1-0,0-1,0.0002972428840916631,0.5244124090196525,0.4360193963127105
1-0,0-1,0.0002475674416710809,0.5371127642637697,0.38347568506721325
0-1,1-0,0.00021564719213838665,0.4303480588993648,0.5319197095443073
1-0,1-0,0.00042214091598533505,0.4166170356969556,0.5448102328110894
0-1,0-1,0.0002317954339139584,0.5577636890531203,0.4029208484813989
0-1,1-0,0.000282311174165916,0.43074301489294775,0.5309633103062978
0-1,1-0,0.00022601160954180698,0.46653678939284743,0.49483162394085023
1-0,0-1,0.0002497974065939333,0.6037318092500967,0.3565320508382699
1-0,1-0,0.00022185694858000704,0.4514398760591068,0.5088986465847364
0-1,0-1,0.0001874381933759387,0.5585898809711457,0.4023519866657002
1-0,1-0,0.0002501118873453622,0.4170859210368237,0.5441927666783981
0-1,1-0,0.0003017245550702402,0.44827671775942923,0.5122200057586754
1-0,1-0,0.00019039542060660136,0.4629468723084286,0.49894828204054575
0-1,0-1,0.0002504857921181618,0.619278658423214,0.3418258655415521
1-0,0-1,0.0002691343336155412,0.5411943095571968,0.4193112671087783
1-0,1-0,0.00039536198645963967,0.43168228238505846,0.528716174509073
1-0,1-0,0.00022392063848102476,0.4408163262477858,0.5201832566478706
0-1,1-0,0.00021578029371796038,0.41471905144361176,0.5467620251445688
1-0,1-0,0.00020753426792558083,0.425584984746805,0.5357611127983116
0-1,1-0,0.0003462986210254019,0.4166089718015895,0.5451792714159197
0-1,1-0,0.00023247839936193257,0.44029400647039374,0.5202152602577462
0-1,1-0,0.0003910371097596407,0.43607821380550715,0.5244054680803619
1-0,1-0,0.0002289274473167589,0.41951285628592155,0.5418997595088131
1-0,1-0,0.00022442858337669012,0.41540069269902885,0.5267716271914732
1-0,1-0,0.001493906393155435,0.05449460015319998,0.10360009800011295
1-0,0-1,0.00023481415143494506,0.559811923624834,0.40147416784347745
1-0,1-0,0.0002218725173241185,0.42778152158031785,0.5334393683037119
1-0,1-0,0.0002266067485789456,0.4070331608856272,0.5540239409766803
1-0,1-0,0.0002614460996424438,0.3977325004671954,0.5536099670702985
0-1,1-0,0.00020036354688989432,0.46330885373284886,0.5029659647982943
1-0,1-0,0.00021268959194675928,0.434638860065655,0.5274285979964672
0-1,1-0,0.0001899139471082547,0.48633584214366654,0.4751230783023726
1-0,1-0,0.00028772054065855015,0.43251636902069546,0.5282958161352881
0-1,1-0,0.00037421511268178026,0.42381760550302494,0.5368992559178709
1-0,1-0,0.00021811343964706802,0.4278699238368503,0.5338588721014764
1-0,1-0,0.00028100196721010364,0.44170116774925455,0.5187169107082129
0-1,1-0,0.00019326308923679438,0.4519337079254097,0.5094545253413598
1-0,0-1,0.00022678796802993217,0.5948760261241388,0.36762221580479665
1-0,1-0,0.00020690338379316135,0.4329943351734322,0.5278987545097407
1-0,1-0,0.000293721951940502,0.42745586164539734,0.5331587871450638
1-0,1-0,0.00028734986617993686,0.428274134830031,0.5348077238663281
0-1,1-0,0.0002388312572010482,0.4351314977361712,0.5259775632060492
0-1,1-0,0.00023842775964115373,0.448177093016606,0.513898731633488
0-1,1-0,0.00019696602967517367,0.44092545859279225,0.5208961743430874
1-0,1-0,0.00036244112528127306,0.4187873850739075,0.542009507241841
1-0,1-0,0.00022010690701634929,0.48737836565013765,0.47080638471348035
0-1,1-0,0.00032180714918493233,0.4256500305342362,0.5351225600497059
1-0,1-0,0.0002808223778711702,0.4190261632988536,0.5415551577021507
1-0,1-0,0.0006614189595234354,0.3799996510300336,0.516224438979699
1-0,1-0,0.0003407801473119804,0.4413496167955743,0.5193954072101254
0-1,1-0,0.00022820679843856513,0.4414267033268547,0.5192096303603243
1-0,1-0,0.00027312267261932687,0.4023802081571575,0.5686559110801508
1-0,1-0,0.0004101011925837105,0.43259893160879564,0.5282009710398533
0-1,1-0,0.00027076403671477217,0.4322224010729904,0.5150272122863587
1-0,1-0,0.00020758085619241865,0.4439924013249083,0.5198896210781406
1-0,1-0,0.00032474591411378297,0.44201862348136056,0.5192164172690101
1-0,1-0,0.0002721674333054358,0.4569411438987246,0.504131075657785
0-1,1-0,0.0002550510482046851,0.4256403081016083,0.5350769286214214
0-1,1-0,0.00023958360699522099,0.41567746400635663,0.5451657409250079
0-1,1-0,0.00020916177578459048,0.419620154665749,0.5458744548142295
1-0,1-0,0.00022001783462244492,0.431380129099401,0.5302850521863302
1-0,1-0,0.00019926285531874068,0.4795191730809741,0.48114803715552334
1-0,1-0,0.0002708466951740225,0.45670950585897346,0.5045384125586035
0-1,0-1,0.0001942239545341177,0.5338034935012407,0.42909092740091664
1-0,1-0,0.0004224853196689955,0.42201762197217524,0.5388521203930894
0-1,1-0,0.00023920141644389388,0.450089342888177,0.5105591911485057
1-0,1-0,0.00021882695310437137,0.43842406888603547,0.5233151286293676
0-1,1-0,0.00031950877716047864,0.4285116645332675,0.5333978475861781
0-1,0-1,0.00018640531447405517,0.5163204256770526,0.4446373303651359
0-1,1-0,0.00023109962833200407,0.43691049672516513,0.5192200858106929
0-1,1-0,0.00035205952889661834,0.4370334427079543,0.5242266440769201
0-1,1-0,0.0002561976506514052,0.4652159303487738,0.4865852238664665
1-0,1-0,0.00027694162634087744,0.4181818471164143,0.5424013790341633
1-0,1-0,0.0002158080403904154,0.46635988306141224,0.49445719113383707
1-0,1-0,0.00037345288216084554,0.4176613699801733,0.5428147274491939
0-1,1-0,0.00021020228737264905,0.43891404322522043,0.5184664940082419
1-0,1-0,0.00024639766590110014,0.4448395136463557,0.5159157349845336
1-0,1-0,0.00020171212496940602,0.4363367869598394,0.5257866551425721
0-1,1-0,0.0002736961007159426,0.44672877720758786,0.5150164693078919
1-0,1-0,0.00020600160685315977,0.4519772791272491,0.5083315508615635
1-0,0-1,0.00030353576668166907,0.5348018994483283,0.42577345038372844
1/2-1/2,1-0,0.01697751934225944,0.19918955470644278,0.5754281538950334
1-0,0-1,0.00022411172854136584,0.5433479936915955,0.41711790489601197
0-1,1-0,0.00024578118970567574,0.42293850811624073,0.538429029385601
0-1,1-0,0.00027819166607850876,0.41988934843444425,0.5406933662769648
1-0,1-0,0.00022500210114623657,0.4387742206640535,0.5247853052341896
1-0,1-0,0.00036264123246073775,0.448783122027318,0.5118113231401205
0-1,1-0,0.00021586855993294173,0.5043056514270542,0.4568244888351313
1-0,1-0,0.0002109646859846064,0.4575056419947011,0.5041170451990239
0-1,1-0,0.0002445443561657327,0.4257525078497554,0.5368571663865142
1-0,1-0,0.0003514986580898455,0.4357104843997211,0.5265322051455893
1-0,1-0,0.00025763336956940384,0.46688750838002147,0.4940890692944104
0-1,1-0,0.00020615942089926193,0.42098232954355114,0.5455490116025942
1-0,1-0,0.00024673950539130855,0.44239635699254914,0.518284000262811
1-0,0-1,0.0002400335970551073,0.5577550944407959,0.40283052201277136
0-1,1-0,0.00034787320317946295,0.4378762912926517,0.5227741275099311
1-0,1-0,0.00032764277727314353,0.43562636362072316,0.5257474070641598
0-1,0-1,0.0002980766796132119,0.589447041200954,0.37111033504204805
0-1,1-0,0.00029856945041773425,0.4684464396853874,0.4923028381997527
1-0,1-0,0.016348671261880814,0.15190459639917997,0.43881355500859903
1-0,1-0,0.00035115537699762666,0.42519882652585744,0.5353270828181366
0-1,1-0,0.00037105890497559317,0.43077926769347086,0.5306747400097861
1-0,1-0,0.00018488113560671758,0.4802587628013288,0.48142047317537723
1-0,0-1,0.0001850154252457959,0.509139338236115,0.4519306876317403
0-1,1-0,0.00028260225317666894,0.4265238783723051,0.5350379436208846
0-1,1-0,0.00027910784409407584,0.42294279051975103,0.5381489083080737
1-0,0-1,0.0002791145761517217,0.6101088952111021,0.35161797037339126
1-0,1-0,0.00020857616340400317,0.4601095679688464,0.5030201713827089
1/2-1/2,0-1,0.00022755705162225845,0.5535342283832171,0.40602560153880435
0-1,1-0,0.00020058895670513747,0.4345759102417101,0.5266935211665056
0-1,0-1,0.0002877604995834263,0.6087982918805103,0.35142717971458587
1-0,1-0,0.00022875463154115096,0.45309854165882973,0.5079123422459272
1/2-1/2,1-0,0.0002559015318507803,0.41562620830612274,0.5350446274907577
1-0,1-0,0.00034034577341375284,0.4682437149699664,0.49244598875270373
1-0,0-1,0.0002583888147527047,0.561819602596774,0.3993424641883484
0-1,1-0,0.00037419131964036513,0.435881815328812,0.524660244999739
1-0,1-0,0.00021357443259842468,0.4188440092565351,0.5456584415963528
1-0,1-0,0.00024824158251263043,0.4384299179105369,0.5222821446961398
0-1,1-0,0.00042678153293203877,0.42552626019431633,0.5352665874536092
1-0,1-0,0.00040917268147670457,0.4318378567090948,0.5285983102264695
0-1,1-0,0.00023983292331322277,0.4372681248918152,0.5236539416556021
1-0,1-0,0.0004009570958773535,0.41854382018382125,0.5419624221800659
0-1,1-0,0.0002320736936437794,0.4859294797058345,0.47560789095193506
0-1,1-0,0.0002383904983060488,0.420333025710639,0.5408523848679776
1-0,1-0,0.00043006936139621026,0.4274627926666326,0.5329325098883051
0-1,1-0,0.0003068535217898085,0.42390826896279715,0.5369059651857585
0-1,1-0,0.00029473463718634145,0.42554937771895135,0.5349812020122077
1-0,1-0,0.00042862845453219467,0.42455832702961727,0.5358096425737362
1-0,1-0,0.00021630692562839185,0.48275483756756404,0.478647191548419
1-0,1-0,0.0003561561014019469,0.4177727331617653,0.5427281702014763
1-0,1-0,0.0003630350938790494,0.44832964670848663,0.5121821623437216
1-0,1-0,0.00030117723452699675,0.42909546612249283,0.5315544392317463
1-0,1-0,0.0002281445883767084,0.5050336183190005,0.45548614028905005
1-0,0-1,0.0002581946791470457,0.5464827080566991,0.4145241967565207
1-0,1-0,0.00027600572103198836,0.41819438753653504,0.5422654716172469
0-1,1-0,0.00021059109478623492,0.4547936561734222,0.505765981365192
0-1,1-0,0.00027452953879320756,0.4421215799443187,0.5182983727864771
1-0,1-0,0.00021597659131709486,0.4269863007362925,0.5352582641452786
1-0,1-0,0.00033293118629400986,0.41666828243147624,0.5459073459864344
1-0,1-0,0.00021666631389679394,0.4162234144982965,0.5450364397246341
1-0,1-0,0.00024042693786552373,0.4393965148628747,0.5234199360596513
1-0,1-0,0.0003794508061502901,0.4277063863243311,0.533638686265101
0-1,1-0,0.0003075473614432008,0.42279413188765497,0.5377494367468586
0-1,1-0,0.00020788383943548847,0.4246184033572419,0.536869078486091
1-0,1-0,0.00027738690896052633,0.44169049555952833,0.5188651592815872
0-1,1-0,0.00025018511739463247,0.4468214136779556,0.5146013973581804
1-0,1-0,0.00030489689761269823,0.4706441365902619,0.49008274738578533
1-0,1-0,0.00024814574561037294,0.4266506751354307,0.5337731933315322
1-0,1-0,0.00042615326237393543,0.42336988212612214,0.5374232087785721
1-0,1-0,0.0004092970352762301,0.4242272600182004,0.5361555661570419
0-1,1-0,0.0003047806440483232,0.4844324996516259,0.4761206678301631
0-1,1-0,0.00028504412128813815,0.44032311677568947,0.520590005836015
0-1,1-0,0.0003377134169541142,0.42666129632365174,0.5339002668400624
1-0,1-0,0.00022785602915236595,0.4171678500552048,0.5443834604861241
1-0,1-0,0.00035296720038114314,0.41947932036925484,0.5411697892226557
0-1,1-0,0.0002312684797843285,0.485951608457291,0.47448805090270235
1-0,1-0,0.0002536887295263139,0.421503744894653,0.539065181551825
1/2-1/2,1-0,0.00028697245249260196,0.4251845888495751,0.5355948983724445
1-0,1-0,0.000224047725079222,0.45210407660736035,0.5093085465963515
1-0,1-0,0.00018634844266822453,0.47097534868609764,0.4905708118793287
0-1,1-0,0.00023434802036245283,0.47891082487255054,0.48157660400457586
1-0,1-0,0.00022212751141407138,0.4579315179632602,0.5030539901745781
1-0,1-0,0.0002750797403135297,0.4173340405102358,0.5435398355899665
1-0,1-0,0.0003175616641155032,0.4206049096425598,0.5399464566751551
1-0,0-1,0.00031650388195759776,0.514517050149772,0.4462069000617938
0-1,1-0,0.000383747819563676,0.4399138314473013,0.5210401753733427
1-0,1-0,0.00028114107372630983,0.4208890784932699,0.5398577635097725
1-0,1-0,0.00035838141472475287,0.43365563942549984,0.5275960507531479
1-0,1-0,0.0002646996465170173,0.38800028460035607,0.5864770453908958
0-1,1-0,0.00023504516054793765,0.44390929411831337,0.5175057360369311
1/2-1/2,1-0,0.0002822182729922961,0.42027609826049706,0.5402982323070488
0-1,1-0,0.00040702712720988,0.43827997554165515,0.5223999731719183
0-1,0-1,0.00026551105516043624,0.5968160544764338,0.3641208511700533
0-1,1-0,0.0002186777506149731,0.4172355826931556,0.5440324088184506
0-1,1-0,0.00027462187830923677,0.42698689960790825,0.5342123345061732
1/2-1/2,1-0,0.00020407042743778505,0.48123051039106335,0.48146513297946647
1-0,1-0,0.00028880100087910645,0.4988829292874707,0.4619142415121667
1-0,1-0,0.0002408070145221067,0.4204827579608372,0.5425219384247641
0-1,1-0,0.00023425439819693396,0.43991421875042486,0.5207872869569566
1-0,1-0,0.00026237181146758563,0.4672018750859617,0.49391259213108163
1-0,1-0,0.00024353444147411486,0.42592880569198094,0.5360332655517244
1-0,1-0,0.00019397352738036833,0.49453236774881965,0.46601152889884806
0-1,1-0,0.00026442944853213716,0.4385687368659089,0.5219142353610405
1-0,1-0,0.00027126278435599636,0.4463569042654126,0.514407820656539
1/2-1/2,1-0,0.00029726191817335305,0.4454803821447201,0.515035741311722
0-1,1-0,0.00023731988098152576,0.4127824900380277,0.5487207064115937
0-1,1-0,0.00022251311780396144,0.441092070960353,0.520051253665609
0-1,1-0,0.0004067090908959108,0.4226736224880522,0.5384156535088311
0-1,1-0,0.00021636313704977736,0.47821132801545113,0.4834543557720856
1-0,1-0,0.000369668559365426,0.48105082884852574,0.4792900451154029
0-1,1-0,0.0002247907874512173,0.420300176494667,0.5447306544186287
1/2-1/2,1-0,0.005219031284554942,0.26947240096693137,0.49645055309931624
0-1,1-0,0.00029037438728347784,0.431669233184173,0.5289008764554787
1-0,1-0,0.0003380263353929912,0.42018748030974296,0.5412555819027436
0-1,1-0,0.0002471738624297081,0.44368423776186533,0.5173633845642184
0-1,1-0,0.00021442840664858976,0.4165281337736153,0.5521551445639098
1-0,1-0,0.00019546481671455925,0.46014003944869714,0.500404919549553
1-0,1-0,0.0002352957368802517,0.4721236825008595,0.4885582583041585
0-1,1-0,0.00040734533717198026,0.43647614686941333,0.5239379674897225
1-0,1-0,0.0003317769020234129,0.4346214527280529,0.5266002424051666
1-0,1-0,0.00031495962535126536,0.4325888337171335,0.5286889456711299
1-0,1-0,0.00019872917954899265,0.44601479365198743,0.5147708087601126
0-1,1-0,0.0004066601495154727,0.42389001259491593,0.5365256151840555
1-0,1-0,0.00025281334310312334,0.4121752045789483,0.5138304171114979
1-0,1-0,0.0002867356602695097,0.41917193733097297,0.541405703504026
1-0,1-0,0.00031176287908494236,0.42812989822264386,0.5326503342506961
0-1,1-0,0.0003605698015047809,0.4469536895908819,0.5136294822992223
1-0,1-0,0.0002798077900418097,0.42528396856861717,0.5353069875812326
0-1,1-0,0.0003691512171102709,0.43530396365600127,0.5258513811986628
1-0,1-0,0.0002080799398364106,0.42531887989465234,0.5371370555930846
1-0,1-0,0.0002658027431679255,0.4700553957466154,0.4912759334660457
0-1,1-0,0.0003602757630147672,0.44357069087101264,0.5174633178268827
0-1,1-0,0.00023123102601861677,0.41708340761606916,0.5457841370163283
1-0,1-0,0.00021600173651636342,0.4333638694285941,0.5283434860605276
1-0,1-0,0.00026062135823320194,0.42369289304362545,0.5457972318914236
1-0,1-0,0.0002389879573986274,0.4202015696713838,0.5439379776813789
1-0,1-0,0.0002976962203988779,0.42473961631159496,0.5357466739799808
0-1,0-1,0.000248879207979495,0.6049620628574544,0.3555186393407785
0-1,1-0,0.00038282444158786293,0.4190240082052441,0.541480608057945
1-0,1-0,0.00019913933728036364,0.49956921493020956,0.4636771612870027
0-1,1-0,0.00022218363552276854,0.45816618577433826,0.5037002959761281
1-0,1-0,0.0003562743784392981,0.48467554859128353,0.47575952452417736
1-0,1-0,0.0003218714557922585,0.46777272463473507,0.49274242533959245
0-1,1-0,0.00028714743069421073,0.44842937357220697,0.5120752688323106
1-0,1-0,0.0002600533629195893,0.42921234792231794,0.5332979421683647
0-1,0-1,0.00022881057646925403,0.5164060664447124,0.4439186304483043
1-0,1-0,0.00034330423106917194,0.4290247863860052,0.5316646968195438
1-0,1-0,0.00033039333439092647,0.41778953306299876,0.5428960347627284
0-1,1-0,0.0002757027135325472,0.4815672698938562,0.44327709678595806
0-1,0-1,0.00028085267401356664,0.603906741025878,0.35738998166737707
1-0,0-1,0.00020491851440994564,0.5865486691852473,0.3742272023404947
1-0,1-0,0.0003382221308811376,0.4229438153760771,0.5377292133539906
1-0,1-0,0.0002458813280952015,0.43118627041892177,0.5298980903544828
1-0,1-0,0.00030100615508948405,0.41880297633159147,0.5417499809214625
0-1,1-0,0.00032245720397187157,0.42482171860934864,0.5357135161370629
1-0,1-0,0.0002199301273872929,0.45512150655309636,0.4884466876851986
1-0,1-0,0.0002950082774949788,0.47287806669973587,0.4877358362865209
0-1,1-0,0.00037497050254078136,0.42884062863001693,0.5320959709296509
1-0,1-0,0.00034777460758263,0.4948331832636947,0.4654688119525254
1-0,1-0,0.00027808447063782006,0.4462757093489222,0.5143683455072545
1-0,1-0,0.00034606988987002517,0.4322401485657682,0.5290517264619325
0-1,1-0,0.00019608077387223884,0.44331404452538054,0.5173697411734649
0-1,1-0,0.00027774825351204775,0.4577083954310335,0.502791157529525
1/2-1/2,0-1,0.0002271277075122884,0.5860454240990653,0.37812962130831984
1-0,1-0,0.00041829789036560485,0.4334739671511124,0.5270764438997151
1-0,1-0,0.00026444101794497756,0.42464598981193674,0.53607454724168
1-0,1-0,0.00023144507415109457,0.4335180529115669,0.527729985517902
1-0,1-0,0.00024201414763608319,0.4466079769719454,0.5141641972849994
1-0,1-0,0.0003931748342682265,0.434319730044281,0.526091209046421
1-0,1-0,0.00035766368428706173,0.43941267455558075,0.5217073484125041
1-0,1-0,0.0002791691421377473,0.43448320607217217,0.5266313463021871
1/2-1/2,1-0,0.00024364354907231847,0.44664212601816095,0.5140615653822418
1-0,1-0,0.000275010918144608,0.42531682743101384,0.5352137048906754
0-1,1-0,0.00035944922601778274,0.4593175848016301,0.5012199750293217
0-1,1-0,0.00018692048340489162,0.4651265044987549,0.4960930586880939
1-0,1-0,0.00020884005165479284,0.424244150430087,0.5411353084973093
1-0,1-0,0.0003312002134633223,0.4315667661210739,0.5289855443542149
1-0,1-0,0.0003074202299221102,0.43107369788031014,0.5296018070960347
1-0,1-0,0.0002273212937884093,0.4208587801606692,0.5390168202856449
0-1,1-0,0.00029491392013082646,0.474756762428458,0.486224788499569
1-0,1-0,0.000279548987633833,0.42534628269606933,0.5328616162608895
1-0,1-0,0.0003328734952746181,0.417724487006906,0.5451845685072519
1/2-1/2,1-0,0.0002317611136463492,0.41061627625854397,0.5440228135128145
0-1,1-0,0.00021702603779621493,0.4216879187186229,0.53895322814017
1-0,1-0,0.00038163024915634604,0.4216364497243429,0.5394812984674934
0-1,1-0,0.00031927522539286105,0.4377462546068188,0.5229755267638295
0-1,1-0,0.0002610357900542596,0.4144627625227647,0.5475296296420517
0-1,1-0,0.00022304443462233163,0.4151248098039949,0.5472042954559404
0-1,1-0,0.00021359119104383118,0.46347628468296254,0.497173430701702
0-1,0-1,0.00028140792340809626,0.5215614010833747,0.43940387075790727
1-0,1-0,0.0002564987348901014,0.5011031586323142,0.45972875813570574
0-1,1-0,0.0002176947170981513,0.4296362465136904,0.5326551335601163
1-0,1-0,0.0003492311349289437,0.4311094970862084,0.5293425521534135
0-1,1-0,0.00021659417144445756,0.432976817181095,0.5317483769840612
1-0,1-0,0.00022720547760765228,0.42105309807401103,0.5432125596878172
1-0,1-0,0.00021138159672186868,0.468016869009225,0.4936625024739071
1-0,1-0,0.00028552523272951634,0.41843114659013736,0.5430795058513529
0-1,1-0,0.00033016062713033716,0.45300094822308684,0.5081236810991285
0-1,1-0,0.00023237430519587056,0.4467839669659642,0.5165206037723122
0-1,1-0,0.00025669389095985136,0.4392538405011627,0.5216611129200609
1-0,1-0,0.00022138336795247634,0.45428259553642386,0.50769776626951
1-0,1-0,0.0002344829552944457,0.44308820545861405,0.5179628727850967
0-1,1-0,0.00020882312739738145,0.4306644905636584,0.5319448350849586
1-0,1-0,0.00038048319738751387,0.418854633068657,0.5428915717290985
1/2-1/2,0-1,0.00027749019315126584,0.5319917060794531,0.4289168418654521
1-0,1-0,0.0003326284022175552,0.4412364759225478,0.519398877378397
1-0,1-0,0.00022322221295599458,0.50393981056233,0.45762748902302647
1-0,1-0,0.00030508978621593836,0.4492432989994627,0.5112347034486115
1-0,1-0,0.00038190321179198695,0.44704165270087304,0.5133662199845936
0-1,1-0,0.00031860297386830395,0.4531551042056442,0.508454825950409
1-0,0-1,0.0001973561375840086,0.5093881729579848,0.4524623697134542
0-1,1-0,0.000272615668331568,0.4384789560522547,0.5222380196217394
1-0,1-0,0.00023840492743520996,0.4203324390645182,0.5404506429483529
0-1,1-0,0.0003778553812458114,0.43864812708039647,0.5217861227922319
0-1,1-0,0.0002788860756128612,0.4368862463990347,0.5240710759602879
0-1,1-0,0.00022450904988864892,0.4180444844618475,0.5427606913728407
0-1,1-0,0.00021102667968123052,0.42108045172109054,0.5396469067475044
1/2-1/2,1-0,0.0003032309372949486,0.4281442915555183,0.4850411166568954
1-0,1-0,0.00020381997153497258,0.456998978462745,0.5041811438087477
1-0,1-0,0.00024099957497434885,0.4808847984294857,0.4795608170136622
1-0,1-0,0.00020382417421876373,0.47535981826115703,0.47466847756059316
0-1,1-0,0.00041405809462292107,0.41767938807887545,0.5427829010180537
1-0,1-0,0.00020536493274950855,0.4948494454205478,0.4656105247651405
1-0,0-1,0.0002805481197126788,0.616593050073196,0.34479640773303494
0-1,1-0,0.0003289578940608018,0.45352631184381603,0.507134292467298
1-0,1-0,0.00029009751166260206,0.4770040422320791,0.4838025997592562
0-1,1-0,0.00038706091058542184,0.4598432895752747,0.5005121154663843
1-0,1-0,0.0002541667018434136,0.4615748272966844,0.5001767005028523
0-1,0-1,0.00027863752415411186,0.5187729650221431,0.4421940334040517
1-0,1-0,0.0002143074262447139,0.41962771083025835,0.5421146213261628
0-1,1-0,0.000339863619511903,0.4462285390649815,0.5147026689992138
0-1,1-0,0.00029881759966535117,0.41898038223084755,0.5416391469590598
1-0,1-0,0.00025576991343420526,0.4189042935415338,0.541446142631728
0-1,1-0,0.00032019668224664717,0.4169885937818704,0.5436254296234597
1-0,1-0,0.0003383083859226736,0.4585103641197664,0.5022994249414819
1-0,1-0,0.0002873140512105881,0.4464344315259604,0.49729205819994987
0-1,1-0,0.00031158783922658335,0.4668526410035956,0.49425274703682537
0-1,1-0,0.00032218473694242873,0.42100387499073927,0.5395846460520568
0-1,1-0,0.00019786436496429014,0.5016169523953279,0.45324180244490214
0-1,1-0,0.00031232888059334234,0.42964032801177,0.5323013259076983
0-1,1-0,0.0003851472908709627,0.42465418457418674,0.5358490426406625
1-0,1-0,0.0003235197811297558,0.4271946034230319,0.5342609241098313
0-1,1-0,0.00026846004940763444,0.4394491846634834,0.5211257682157693
1-0,1-0,0.00019822383570368676,0.48637688317425337,0.47831435855645305
0-1,1-0,0.000334500211643491,0.4194005581350935,0.5412838223786991
1-0,1-0,0.00039159683314492037,0.4326778761838204,0.5278380131792265
1-0,1-0,0.00029228409965223825,0.42498046698222347,0.5355240702599943
0-1,1-0,0.00020975218204389982,0.4208856510454631,0.5398594068207043
0-1,1-0,0.00030692494646224726,0.49159539669541286,0.4688952939532798
0-1,1-0,0.0002948620650069113,0.47062034777168965,0.48996555177540513
0-1,1-0,0.00026796036542426217,0.4703490256524546,0.49013098408142647
1-0,1-0,0.00033146419324874487,0.48914632192266083,0.4713532943623269
1-0,1-0,0.00034102449322848604,0.5029312805684665,0.45745172352461627
1-0,1-0,0.0002851392361381278,0.4273792262890578,0.5332880975281945
1-0,1-0,0.00023870429465771986,0.48354088719543586,0.47686568679465074
1-0,1-0,0.00027647720420357014,0.42786804793015987,0.533969851811977
0-1,0-1,0.00022972292707304338,0.5547556833128967,0.407082042460154
0-1,0-1,0.0002865382426276082,0.5846292010793231,0.3756877546473224
0-1,0-1,0.00023346225883956746,0.5984247172000988,0.3654445525553234
0-1,1-0,0.000256384553537405,0.4295741138833752,0.5309324867906674
1-0,1-0,0.00041481936636455607,0.419170719806108,0.5421163926449839
1-0,1-0,0.00031932785635913714,0.45009108059024877,0.512322854896706
1-0,1-0,0.0001990647324011614,0.4841912159828124,0.47757919397589615
0-1,1-0,0.00030049708101363064,0.4718151581832736,0.48923689997087055
1-0,1-0,0.0002012364931064912,0.44474082878158167,0.5166084592046069
0-1,1-0,0.00022386908346390635,0.4204454638765439,0.5456254890011192
0-1,1-0,0.00020777250445463182,0.4234754376987743,0.5374969998805359
0-1,1-0,0.0003015447264655272,0.42198422500738847,0.5386739577357595
0-1,1-0,0.00034486866209833885,0.49243643538911536,0.46816405337259415
0-1,1-0,0.00038473458940812633,0.45929700355895126,0.5011601420050097
0-1,1-0,0.0003859088980845035,0.4442560170017809,0.5164089423562266
1/2-1/2,1-0,0.0003780049201644502,0.4203593803890664,0.5401866451492935
1-0,1-0,0.0002487145932722621,0.4492774198831776,0.511273739843184
1/2-1/2,1-0,0.000332493258785481,0.45951752583413774,0.5010264899882498
0-1,0-1,0.0003329811138319567,0.5281507310911903,0.43219478393595323
0-1,1-0,0.0003016979414902386,0.48449919743983105,0.4766932033531241
0-1,1-0,0.0003137825338399926,0.465442763293756,0.495188747455855
0-1,1-0,0.00022371968687081157,0.4170978055631595,0.5446631347647993
0-1,1-0,0.00032820611473764576,0.4370878383182642,0.5241712894627298
1-0,1-0,0.00027240256947701365,0.41912053134801036,0.5425659523312593
1-0,1-0,0.00028070268133227036,0.4260516358243614,0.5347889822086105
0-1,1-0,0.0001975842452612065,0.4437005560073839,0.5180168713367138
1/2-1/2,1-0,0.00022590674980077648,0.4410181909470717,0.5210721323012327
1-0,1-0,0.000346964624813525,0.44515834564969425,0.5154335482941607
0-1,1-0,0.000383839791635766,0.4477975394127141,0.5126821635526307
0-1,0-1,0.0003375147970199718,0.5173614333116532,0.4429870189209677
0-1,1-0,0.00022269071919674973,0.4440827814707753,0.5168930186384741
0-1,1-0,0.00020745581144887904,0.44677556844412625,0.5173290988128647
0-1,1-0,0.00030108099255299515,0.45539805602666666,0.5059842181302034
1-0,1-0,0.00022819133117000313,0.430656536804154,0.5314823272533322
0-1,1-0,0.00029002670429970404,0.43662327542471097,0.5241301905159632
0-1,1-0,0.0003610347469083884,0.4225837947024664,0.5384510402985739
1-0,1-0,0.0002119291993312914,0.47077792813255614,0.4909161659592149
1-0,1-0,0.00020820568965723054,0.44047519744589747,0.5236657427853723
1/2-1/2,1-0,0.00026700785229327853,0.4774331533146464,0.46745303758526163
1-0,1-0,0.0003886049939311395,0.42754182839882293,0.5329123605532247
1-0,1-0,0.00040139554697969795,0.4171480557861936,0.5432825530600702
0-1,1-0,0.0002737444263779381,0.4464608986432211,0.5142017793565656
0-1,1-0,0.00036186534987436977,0.4733140233332802,0.4872291143651845
1-0,1-0,0.00030873198786005024,0.481438418125521,0.47929827109078704
0-1,1-0,0.00041445269301904324,0.41645393375384077,0.5448346194124782
1-0,1-0,0.00026110351495103613,0.4278421949231213,0.5346331422834704
0-1,1-0,0.00019330212261199604,0.45044923687520244,0.5110306202343965
1-0,0-1,0.0002809991812905816,0.6084671137551878,0.3520139803302214
1-0,1-0,0.00036263235864748123,0.4182457667246263,0.5423453458967241
1-0,1-0,0.0001971561989379479,0.445379373177016,0.5178991796280465
1-0,1-0,0.0002150844754930993,0.4418423208072168,0.5204616415275759
1-0,1-0,0.0002120328380530206,0.45720521982948537,0.5036430898689012
1-0,1-0,0.00020062680123729458,0.4333810746887853,0.5282299385225373
0-1,1-0,0.00039148040907461857,0.447566724545682,0.513133868743507
0-1,1-0,0.00024196146016848243,0.4197041654924572,0.5237372667637648
0-1,1-0,0.00030862966455573237,0.427484524031519,0.534557524998747
0-1,1-0,0.00023526762042306473,0.43296596007885535,0.5289688488105524
0-1,1-0,0.00026126360167576343,0.44734792083915786,0.5136031388242934
0-1,0-1,0.0001871194817911966,0.5276795342779234,0.436112131494412
0-1,1-0,0.0002044731945154131,0.46955453271182035,0.49131539842040806
0-1,1-0,0.00018826099059850767,0.49321377942150124,0.4686886606537879
1-0,1-0,0.00037919792663806826,0.43299459150408903,0.5274713138592255
1-0,0-1,0.00019353778990075402,0.5344412518686388,0.42531693821340516
0-1,1-0,0.00040006247565659996,0.4212104927543489,0.5400984678432695
0-1,1-0,0.00024135866932725405,0.4164454998525164,0.5462852469192356
0-1,1-0,0.00028818147340659364,0.4261908337499985,0.5343383551921654
1-0,1-0,0.0003115651799241185,0.447605703985598,0.5138236507294008
0-1,1-0,0.00018108064754107487,0.48973169719612786,0.47256847122913714
1-0,1-0,0.00028828288619282247,0.4150050752766146,0.546874399408641
1-0,1-0,0.00021488494125852952,0.43966152515092216,0.5221252287430439
0-1,1-0,0.00020167462910506963,0.48322581370817536,0.47885789698646436
1-0,1-0,0.00029358663919845104,0.41914103793219276,0.5415789542178141
1-0,1-0,0.00029527536701771625,0.504668888567558,0.45586289193208995
1-0,1-0,0.00023245898915362202,0.44463662726709036,0.5168424962740696
1-0,1-0,0.00021436837519005702,0.4163175080382578,0.548632034618519
0-1,1-0,0.00040041917602358167,0.4171786044998839,0.5432414220520764
0-1,1-0,0.000202855301381756,0.4829848413742339,0.47812019488433144
1-0,0-1,0.00019351550682540397,0.5278370804820273,0.4294368192694798
0-1,1-0,0.0002041540088829836,0.4318062835877879,0.5294618751554543
1-0,1-0,0.0003311409629661061,0.4252598353211262,0.5357521116700308
0-1,0-1,0.00019188413264677878,0.5340373103089038,0.42650507072730925
0-1,1-0,0.0004116541484232212,0.43094328511146646,0.529421417790761
1-0,1-0,0.00022395271194093703,0.46194270368066676,0.4990034587624694
1-0,1-0,0.0003388178203807693,0.42116211407716003,0.5410047800275528
0-1,1-0,0.00027102158878574415,0.4237252891203407,0.5370606196091073
1-0,1-0,0.0003166544670955152,0.4186637712784509,0.5419406863563638
1-0,1-0,0.00033794452351888006,0.4219341348486547,0.5389914113439893
0-1,1-0,0.00021248004376458692,0.4721860911000692,0.48928489003464853
1-0,1-0,0.0002020062682266559,0.4357119594134782,0.5290421264697496
0-1,1-0,0.0002755085819345459,0.4248897019024917,0.5356312341850863
0-1,0-1,0.0002757829292406482,0.5762732291019373,0.38414038562849584
0-1,1-0,0.00037667819917416336,0.434946937282496,0.52614903827667
0-1,1-0,0.0002919339507890119,0.46684200603208237,0.4937328313926946
1-0,1-0,0.0002272861217737142,0.4855654065860647,0.4750058885785595
1-0,1-0,0.0002480688404574268,0.41648532925328136,0.5448196156913518
0-1,1-0,0.00028007284843161427,0.4729758345021112,0.4883881973159869
0-1,1-0,0.00036326979581463353,0.4245447770539028,0.5366108479266155
1-0,1-0,0.00037431485466455554,0.4719103459405833,0.48847139383559146
0-1,1-0,0.00025459709981852667,0.4193869972313315,0.5436885768119295
1-0,1-0,0.0002436400010530277,0.4528569235734888,0.5076663304096392
1-0,1-0,0.00018485158447226237,0.48522277655202994,0.4768073565238386
1/2-1/2,1-0,0.00024136621193378925,0.42951026318511043,0.5315223939124987
1-0,1-0,0.0004041630912293746,0.41971671866310933,0.5416489882311422
1-0,1-0,0.000346214047632473,0.43081123437924956,0.5298671695653666
1-0,1-0,0.0002444897140185532,0.42315461088748235,0.5379559485187426
1-0,1-0,0.00018789445001734086,0.5065948984552642,0.46365284717309985
0-1,1-0,0.0001983447273625977,0.4985783490182127,0.46321593254102417
1-0,1-0,0.0003096230571052431,0.43265085469153847,0.5278610879714863
1-0,1-0,0.00025707733926175305,0.41882978271342425,0.5419545224763622
0-1,1-0,0.00020229751694004683,0.4657002538949377,0.49596041573308275
1-0,0-1,0.0002959432068216033,0.5101883867059765,0.45027241395359463
0-1,1-0,0.00021918596377610831,0.4140681473979472,0.546860399472443
0-1,1-0,0.00035688936770505986,0.4190360141105208,0.5415106052812064
1-0,1-0,0.0002950638501085299,0.4191384083678297,0.5414071400413472
1-0,1-0,0.000383233637451773,0.4330004966905875,0.5275150949400461
0-1,1-0,0.00020322073238206263,0.5002531135580267,0.46227267034205255
1-0,1-0,0.00020978181685046797,0.42297817551792954,0.5385673966005557
1-0,0-1,0.0003406185215196273,0.50860337855704,0.4517388918965345
1-0,0-1,0.0002922631867088793,0.6120684983620817,0.3489233758288575
0-1,1-0,0.0002594496636028253,0.4258581142868288,0.5348845539302425
0-1,0-1,0.0003137087476672268,0.5405921908534709,0.4198235373577895
1/2-1/2,1-0,0.00030972419650451697,0.4190346290922893,0.5415067255184287
0-1,1-0,0.00035866347895740884,0.4258166093780819,0.5346920856465085
0-1,1-0,0.0002092880579403747,0.4808198859403004,0.48022569934693
0-1,1-0,0.00022661519161759118,0.43449093726273935,0.5271999913590805
0-1,1-0,0.00030004841491252277,0.42092017321228925,0.5396097687855353
0-1,1-0,0.00023437139451924028,0.49786801819424137,0.46273486336393777
1-0,1-0,0.0004346468860016415,0.4237662650783451,0.536637449495269
1-0,1-0,0.00023939265291477514,0.4178492363730378,0.5445859308649103
1-0,0-1,0.00030182202490523796,0.5671742024081372,0.3931191869947424
0-1,1-0,0.00020092589854987507,0.47778091436715225,0.48498444304234944
0-1,1-0,0.0003095495194626994,0.4172291546900766,0.54339906961722
1-0,1-0,0.0002952355691149574,0.4869814768449996,0.4737047267865815
0-1,1-0,0.00028517464756797127,0.41826216414590467,0.5428496431806429
0-1,1-0,0.0003250242573260405,0.4212900155086418,0.5393156793400531
1-0,1-0,0.0002927603713902112,0.42057857425956274,0.5401870895446833
1-0,1-0,0.0002291692336128794,0.4277597190672356,0.5332760697298154
0-1,1-0,0.00021498104282125272,0.44298029239395736,0.5187314143498364
1-0,1-0,0.0006761804684494616,0.45504796001392767,0.4710133087354043
0-1,0-1,0.00028627361740563804,0.5241043111904684,0.4369476205647944
0-1,1-0,0.0001991059777470511,0.46954446691703616,0.49261417421885956
1-0,0-1,0.00025594696755669986,0.619503397420545,0.34123195803189654
1-0,1-0,0.0003354632641995441,0.43209946816760497,0.5287252968106444
0-1,1-0,0.00028668324618905247,0.4288679303133589,0.5318545612316903
0-1,1-0,0.0002209273923479446,0.417075473574861,0.5443891701248359
0-1,1-0,0.000247460991597513,0.47283036102348003,0.4884350886082969
0-1,0-1,0.0002927428915972114,0.5289937448339512,0.43138180699312983
1-0,1-0,0.0002914049486301149,0.4188632098499711,0.5524612668711537
1-0,1-0,0.0002865909295946692,0.442652273768768,0.5203872393359192
0-1,1-0,0.0004070998509253411,0.4192386995892363,0.5417394544780569
0-1,1-0,0.00020587689387171714,0.4315086479504137,0.5290083387759578
0-1,1-0,0.00021597085471816897,0.42465140376369725,0.5360668817873351
0-1,1-0,0.00020694178398239645,0.4577676156817285,0.5054681177740779
0-1,1-0,0.0002962144174149002,0.44948482344031954,0.511020372024068
0-1,1-0,0.00026487660701440943,0.43291216885536504,0.5278774375931803
1-0,1-0,0.0003933837519469859,0.418084894634204,0.5426007350829555
1-0,0-1,0.00022588898804704684,0.5432988683332457,0.41453361513981
0-1,1-0,0.00025423823171656786,0.42280126328523826,0.5382757192994008
0-1,1-0,0.00018576070937983608,0.4674132417017185,0.4933821094298417
1-0,1-0,0.0002704099568990569,0.4252210159676524,0.5357724236120801
0-1,1-0,0.0002132393692598121,0.4390253909198171,0.5227283203913469
0-1,1-0,0.0003793019581747323,0.45361640290807376,0.5070914095412157
1-0,1-0,0.0003635251549541011,0.4455797159018032,0.5149694047120662
0-1,1-0,0.00023978982403063148,0.4327795094367721,0.5272336692269692
0-1,1-0,0.000243044736557178,0.47090696005184596,0.49070132220770707
0-1,1-0,0.00033167742287813507,0.4772987351567923,0.4834354637714928
0-1,1-0,0.00035200595166285596,0.42932138898469124,0.5313337621892806
0-1,1-0,0.0002082733665768783,0.477375088553093,0.4842405488000437
1-0,1-0,0.0002444692884771454,0.4417597109359125,0.5189966586358553
0-1,1-0,0.00030088464455898,0.42470364738689015,0.5360877513571944
1-0,1-0,0.00033203910098915493,0.48590545023238724,0.47453161035931535
1-0,1-0,0.00032794095238259616,0.41849895304556195,0.5421859423442621
1-0,1-0,0.0003844089271029516,0.42922033294487005,0.5319175879590139
0-1,1-0,0.00023948355379377768,0.46020188394610717,0.5006758131997574
1-0,1-0,0.00023341149497003538,0.4168269314642149,0.5442728569021468
1-0,1-0,0.0004343878219167344,0.41630537613366175,0.5445491910968449
1-0,0-1,0.00018558431132732208,0.5629097422394335,0.3997826033827408
0-1,0-1,0.0002633354341005587,0.5358759576808629,0.40950069478885653
0-1,1-0,0.0003377418803751832,0.4678764336298195,0.49288475531693393
1-0,1-0,0.0002487750348251457,0.41926876042225736,0.5419104908608634
0-1,1-0,0.000360306912139,0.4754431046314495,0.4851393824693917
0-1,0-1,0.00026634834223692073,0.6208366904689016,0.34008963680248433
0-1,0-1,0.0002411211565202186,0.6111874897216606,0.35135955386835444
1-0,1-0,0.00041657997086181557,0.4213562593264069,0.5390676303515098
1-0,1-0,0.00017907582938219064,0.5052978511476636,0.45675140170327844
1-0,1-0,0.00033437060854787985,0.43477193645259316,0.5257899211532153
0-1,1-0,0.000339499021465659,0.4278575434829138,0.5325884532768693
0-1,1-0,0.00030763622544848266,0.41712832176402564,0.5458061021266886
0-1,1-0,0.0003040954743213748,0.41749101166586383,0.5430749140775175
1/2-1/2,1-0,0.00022904118398476542,0.44877765402972775,0.511897068110031
0-1,1-0,0.0002182961740643639,0.41803455693566594,0.5455357606488911
0-1,1-0,0.00019171500208693112,0.454515591986024,0.50680540693538
1/2-1/2,1-0,0.00019731237704659322,0.4726549489355463,0.48848790240536333
0-1,1-0,0.00020502013269380382,0.4325545086024336,0.5321868944686187
1-0,1-0,0.00020957771772524834,0.42614978015873295,0.535503676356972
0-1,1-0,0.00035434844155336585,0.4188381698522428,0.5417057116959807
0-1,1-0,0.0002479156616373956,0.4710807319969221,0.48962707040849734
1-0,1-0,0.0002555209760524781,0.4351766491332902,0.5256522977847382
0-1,1-0,0.0003539039122707515,0.46713819479008567,0.49335313907235046
1-0,1-0,0.00023794461043831009,0.46844979431285366,0.4933210817704454
0-1,1-0,0.00022078183473782796,0.4745032461445668,0.4864459852167498
0-1,1-0,0.000248726379603085,0.4276426636975573,0.5331323545345746
1-0,1-0,0.0002822466529979128,0.4918490006564305,0.4688723727867063
1-0,1-0,0.00020776042069764434,0.43766053350442186,0.5307932868696166
1-0,1-0,0.00020761695061046183,0.4936203401637778,0.4667373534973579
1-0,1-0,0.00028763139677842375,0.43582980779971775,0.52504430717588
1/2-1/2,0-1,0.000221865739723636,0.5703588794214405,0.3953030352412028
1-0,1-0,0.00022785799811553156,0.45515824584364833,0.5054294341924914
0-1,1-0,0.00036379539840012423,0.42967933835036975,0.5308912769713517
1-0,0-1,0.0002498728756652167,0.5429341472906212,0.41811582064718195
1-0,1-0,0.0003026921068464563,0.4374977100396742,0.5232428372406536
0-1,1-0,0.00025207322970244734,0.42997882288316425,0.5331098360845118
1-0,1-0,0.00035551840113018374,0.4243030974186774,0.5380520814550261
1-0,1-0,0.00021338152317662673,0.43731796607659895,0.524617690846319
0-1,1-0,0.00021441642052840462,0.44188001922006853,0.5228855100326896
1-0,1-0,0.000294190122044545,0.4747010703468326,0.48648106220030335
1-0,1-0,0.0002387302963079151,0.420876210510957,0.5385539572590406
0-1,1-0,0.00019442376040510652,0.4495132983696823,0.5120052742491548
1-0,1-0,0.000209343710093896,0.4333528287159658,0.5273704544885254
0-1,1-0,0.00031722406325378026,0.4667961222929755,0.49375691822376017
0-1,0-1,0.00019124633668063748,0.516050307460899,0.44497204609888735
1-0,1-0,0.0002528910054907866,0.43582828798872786,0.524812173905302
0-1,1-0,0.0003633344135491513,0.4489654512506328,0.5119884815811604
1-0,1-0,0.0003349536662191966,0.47212666762975297,0.48859485257501595
0-1,1-0,0.0002615292022717888,0.429537093250237,0.5312952908853931
0-1,1-0,0.00020906073875370432,0.4382240891795357,0.5225752239945557
1-0,1-0,0.0002598388358329942,0.42750620434229963,0.5331377367279699
1-0,1-0,0.0002918481810443177,0.44024212917415556,0.5205976684632728
1-0,1-0,0.0003847316838347096,0.4595947544186551,0.5009407155221126
1-0,1-0,0.00021466383204295892,0.4270223043202754,0.5357848221248973
1-0,1-0,0.00036876407381033333,0.42259388556022176,0.53856681282782
0-1,1-0,0.00042450384009715966,0.4319821348815427,0.5285625324264374
1-0,1-0,0.00021390198135289503,0.4167258865053057,0.5442043663390154
1-0,0-1,0.00026435498390662047,0.5187708844787188,0.44229917032886806
1-0,1-0,0.0002363804821765435,0.43134600603250567,0.5291663192350051
0-1,0-1,0.0002800963735542288,0.609914348033913,0.3543230925910124
1-0,1-0,0.0002264024475505139,0.4134439197788257,0.5559478083549018
0-1,1-0,0.0004175269142143655,0.43558740149975383,0.5249986415423622
1-0,1-0,0.00026830720870687537,0.488357237822956,0.47238902498024354
0-1,1-0,0.0004293015055241265,0.42786276134337276,0.5325539056014643
1-0,1-0,0.00024285842071568718,0.4191622022108537,0.5414537170409818
0-1,1-0,0.0003101190308750275,0.4531687827340834,0.5074122383682629
1-0,1-0,0.0002358689165062286,0.41734446695532035,0.5458337128973741
1-0,1-0,0.0002694478269878102,0.4455027065679129,0.5150289560137438
1-0,1-0,0.000255779002642196,0.41984735453380945,0.5407395299699421
1-0,1-0,0.00030235738579283556,0.4171983411609113,0.5433724920836683
0-1,1-0,0.00020709324781469253,0.4445794782729746,0.5175171348973352
1-0,1-0,0.0002321256329661679,0.4175633736272653,0.5430908301843146
1/2-1/2,1-0,0.00029790001840921955,0.42844093313238796,0.5321466757299964
0-1,1-0,0.0002869556393504197,0.43196213277002177,0.5300366879354917
1-0,1-0,0.00039594146188919217,0.42489139681249805,0.5370358010119757
1-0,0-1,0.00025968764370810026,0.5391525369435155,0.42145936772194376
0-1,0-1,0.00020599158378057614,0.5552436951225513,0.4060422467747581
0-1,1-0,0.00020287425069832887,0.4780587178127885,0.48246196629498095
1-0,1-0,0.00036475632753761735,0.4302297457359871,0.5310040923734936
1-0,1-0,0.00020248756487883433,0.45114232009222394,0.5102696995734484
0-1,1-0,0.0002003661826425085,0.4950805917375217,0.46900062878144727
1-0,1-0,0.000236645293394017,0.417927764129633,0.5432261070692218
1-0,1-0,0.0001804213796756076,0.4870655036131738,0.47388209454854757
1-0,1-0,0.00022684654042876544,0.4252753604696901,0.535678765606994
0-1,1-0,0.00037664925216712405,0.4277649153267591,0.5327844494235623
1-0,0-1,0.00020995841423700562,0.5723290876912712,0.38880463362770407
1-0,1-0,0.00020374098896205556,0.45549387933891766,0.5080647267990505
0-1,1-0,0.00043983010259205773,0.4166769565598725,0.5441874624875149
1-0,1-0,0.00022429581556893458,0.4201496150293935,0.5406839465897312
0-1,0-1,0.0002426640921646982,0.5628075796556334,0.3901868339491666
1-0,0-1,0.0010412997849368858,0.13234079263566703,0.09393832387578106
0-1,1-0,0.0001917072004294091,0.4817620462798191,0.4799324259542682
0-1,1-0,0.0003280559680587101,0.4509144106858415,0.5097560062402923
0-1,0-1,0.0001868959704860675,0.5188324199308701,0.44451004925951276
1-0,1-0,0.00028875493449240935,0.4838424793341436,0.47702754988688684
0-1,1-0,0.00028874656073303513,0.4523260818893336,0.5081904209176132
1-0,0-1,0.0003017691899494589,0.531207762030825,0.42914099663057514
0-1,1-0,0.0001913585320710164,0.48755534723050065,0.475635030811195
0-1,1-0,0.00029190420071304433,0.42805523757905817,0.5325611424269028
0-1,1-0,0.0001831477573389237,0.4761294938479341,0.48493508359023063
0-1,1-0,0.00027534042278492583,0.4467003949873471,0.5139787125049223
1-0,1-0,0.00035096381993456315,0.4274816846562902,0.5338958106102212
0-1,1-0,0.00024256645874932926,0.4687683095631137,0.491751351945477
1-0,0-1,0.00022558219616455907,0.6112994777360722,0.34900120967914167
0-1,1-0,0.0003325063400249748,0.43506964938129106,0.5256026073009438
0-1,1-0,0.0002173169149863117,0.44600324529874646,0.5146290804688176
0-1,1-0,0.0003848572859335988,0.42659138073209873,0.5339170391861061
0-1,1-0,0.00027230239530446135,0.44695467361210256,0.5141316288590615
1-0,1-0,0.0002149432485779545,0.41587777008376603,0.5450648013299061
1-0,1-0,0.00028911798570799486,0.4384948650607496,0.523486579914518
0-1,0-1,0.00028023925821250563,0.6102056966830913,0.35589156574619646
1-0,1-0,0.0002764599260607915,0.42158984027259133,0.5493687060344544
0-1,0-1,0.0001968791609987393,0.5972349417757028,0.355977303028884
1-0,1-0,0.0002299906288982991,0.4293646432467631,0.5332359915683326
1-0,1-0,0.00039981397483523814,0.4434033503246453,0.517213763722971
0-1,1-0,0.0002825041616822254,0.4199345304140122,0.5407261125171122
1-0,1-0,0.0004026602138811831,0.4200657412230913,0.5409424207434855
1-0,1-0,0.0002084242570834251,0.42379035554743827,0.5389496123763043
0-1,1-0,0.0002957129186694024,0.4841373431693064,0.476741333774934
1-0,1-0,0.00025987497375499954,0.45586422266903204,0.5049636202511496
0-1,1-0,0.00033162419471078356,0.4898280458414469,0.4709215952682837
1-0,1-0,0.0002228057779492138,0.42290073868486594,0.5430680406644101
1-0,1-0,0.0002523554388652213,0.4156052413054181,0.544990759224069
0-1,1-0,0.0002738995212076503,0.46286315461057465,0.4799636319925756
1-0,1-0,0.00021435896462319276,0.42617059987515754,0.5419892795480672
1-0,1-0,0.0002183492103318667,0.46127530946626083,0.49918553133941734
1-0,1-0,0.0002240217929529597,0.4186859475507818,0.5430654694387246
1/2-1/2,1-0,0.0003542504205065588,0.4228277788131021,0.5376924426044887
0-1,1-0,0.00033644718349510596,0.48484478241905643,0.4758292160992707
1-0,1-0,0.00038752440475884264,0.43236763784943055,0.5286913445514959
1-0,1-0,0.00032475819741471654,0.43512570881466195,0.5256597118927898
0-1,1-0,0.00020863757037478399,0.43410559465166754,0.5324863598170315
1-0,1-0,0.00028119327665536073,0.41878487501623457,0.54170654383417
1-0,1-0,0.0003003853287538659,0.41775864458531076,0.5428107166577706
1/2-1/2,1-0,0.00024243210240165974,0.4264503763846621,0.5346300180611632
0-1,1-0,0.0002315921866689001,0.4612672690552684,0.5002981529066137
1-0,1-0,0.00036366119824659176,0.4758690771151247,0.4846408911232195
0-1,0-1,0.00019500870650131496,0.5166882665596562,0.4448031957634355
1-0,1-0,0.0004046503319970168,0.4199257114770412,0.5405214796702377
1-0,1-0,0.0002729495237668063,0.4170533629963328,0.543683518144499
0-1,1-0,0.00033305481452934474,0.4217123049179155,0.538805302939214
1-0,1-0,0.00033466760440454516,0.4594431740654104,0.5011948019426269
1-0,1-0,0.0002647755500205096,0.421082428971636,0.540138407461308
0-1,1-0,0.0003617714803851318,0.4689155661003633,0.4916910902189365
1-0,1-0,0.0003760398575021222,0.42216644112943963,0.5384309140445862
0-1,0-1,0.0002238878306328438,0.5277190610124388,0.4332736180915299
1/2-1/2,0-1,0.0008163666716636773,0.29583510561578197,0.2722049605333929
0-1,0-1,0.0002035503953816485,0.583868671393094,0.3734666761237854
0-1,1-0,0.0002523448652575821,0.4676076695749886,0.4933706272903846
1-0,1-0,0.00026894105635143467,0.44882119032373835,0.5119596847471882
0-1,1-0,0.00020756986206908246,0.4253460750547065,0.535552413775767
0-1,0-1,0.00030623051285300654,0.5518320531647302,0.408446837796706
1-0,1-0,0.0003419313508113571,0.42067349266835974,0.5414184701175913
0-1,1-0,0.00024668446728079983,0.4546776881193633,0.5064056104662586
0-1,1-0,0.00029508682185151156,0.45908111396422513,0.5013928606652155
1-0,1-0,0.0002104171783185672,0.45174673504381924,0.5093637833341533
1-0,0-1,0.00032577746048193386,0.525466678546535,0.4349114208473538
0-1,1-0,0.00028090802773026087,0.44798150676935095,0.5134164955458338
