y_true,y_pred,prob_1-0,prob_0-1,prob_1/2-1/2
1-0,1-0,0.000343627093455067,0.46006385254960297,0.49854868740966923
1-0,1-0,0.0003402806925502665,0.46041830582547455,0.49866191627866846
1-0,1-0,0.0003347515966628248,0.46031081505339844,0.4985930797939856
1-0,1-0,0.00033632262388178945,0.46017748784650975,0.4984854187387774
1/2-1/2,1-0,0.0003642780402531174,0.4628429979896755,0.5036344668175307
1-0,1-0,0.0003447230929004777,0.4599214028682668,0.49882636829303456
0-1,1-0,0.0003443905705522111,0.46028131386713445,0.4991583691329422
1-0,1-0,0.00034028834539326906,0.4604005413024589,0.49863069626586426
1-0,1-0,0.00034408965335761086,0.4604172253397531,0.4990984014064354
0-1,1-0,0.00033570137408896124,0.46027057706013724,0.4984373224751278
0-1,1-0,0.00033440571655631913,0.460346948217662,0.4986099208812307
0-1,1-0,0.0003440109021987301,0.4604426075156147,0.4990710480814598
1-0,1-0,0.0003447616188426269,0.46003044164539614,0.4990605883491083
1/2-1/2,1-0,0.00033918537381628705,0.4600678738635298,0.4983364487860775
0-1,1-0,0.000340022294465453,0.460083000682201,0.49832760217653294
0-1,1-0,0.0003437582388482853,0.46049086297623787,0.4989639178895442
0-1,1-0,0.00033539209065270675,0.46025139596280934,0.4985512410238892
0-1,1-0,0.00034231922339146136,0.4603002127476778,0.4984911547523177
1-0,1-0,0.00033504360170346715,0.4603257976023353,0.4984725537652768
1-0,1-0,0.00034398176229088773,0.46000645063634094,0.49858515277460974
0-1,1-0,0.0003354069541540401,0.4602501019033315,0.498550205144918
0-1,1-0,0.0003351292646520995,0.4602748844483245,0.498569220670242
0-1,1-0,0.00034421776007342696,0.4603663429324889,0.4991335712937846
0-1,1-0,0.00034375071056765987,0.46049153023728673,0.4989604648698622
0-1,1-0,0.00034276581063038246,0.46037873230089327,0.49858753017162055
0-1,1-0,0.0003355100340122764,0.4602412269978548,0.4985429820448779
1-0,1-0,0.0003387455291046326,0.46007002740517206,0.49834937600655765
0-1,1-0,0.0003412267919099753,0.4601591218941917,0.49836597831517565
0-1,1-0,0.00034011208319840763,0.460086289403977,0.4983281081464125
1-0,1-0,0.0003344009427534226,0.4603739889063017,0.4985480837524764
1-0,1-0,0.00033458215347557273,0.4603279842104883,0.498602314622038
1-0,1-0,0.0003372701178508855,0.4601187823887023,0.49842254603745745
1-0,1-0,0.00034030224834995937,0.4603903945053843,0.4986104875203953
0-1,1-0,0.00034406865582730755,0.45999269297361867,0.4985982913040186
0-1,1-0,0.00033534054421925,0.4602559118692043,0.4985548204522587
0-1,1-0,0.00034442951005554776,0.46025983508063245,0.4991597187233527
0-1,1-0,0.00034480383335437376,0.4599669540437113,0.4989749595826396
1-0,1-0,0.0003403307970776897,0.46035914665976113,0.49853671944323485
1-0,1-0,0.00034423033774775723,0.45996793206234154,0.4986287611629349
0-1,1-0,0.00033881316125406146,0.4602683041179215,0.5000608562142457
0-1,1-0,0.0003348343661794134,0.46034268801514344,0.4984930689746316
1-0,1-0,0.000336999503219907,0.46018997554508434,0.49852001130590173
0-1,1-0,0.0003367605396361937,0.4601480733469424,0.4984553724106836
0-1,1-0,0.00033588705839596926,0.4602557431066448,0.49843742113010847
0-1,1-0,0.00034237679344921137,0.4603097750144752,0.49850163480318366
1-0,1-0,0.0003346464122025785,0.4603213772071826,0.4985989738859919
1-0,1-0,0.0003447661406057712,0.4599280635422774,0.4988702241405835
1-0,1-0,0.00034151729641815565,0.4601892092098297,0.49838822758219053
0-1,1-0,0.0003403105458459509,0.4603851880547044,0.49859944320152094
1-0,1-0,0.0003344428170861863,0.4603428345602941,0.4986085747939418
1-0,1-0,0.0003399080020680454,0.46037127308307213,0.49865398419364465
0-1,1-0,0.0003402573954368634,0.46009235807320664,0.4983296147712865
0-1,1-0,0.00033551747912803387,0.4602858891241687,0.4984419342751039
1-0,1-0,0.00034479000594112355,0.45993811753548686,0.49890783137389244
0-1,1-0,0.0003426450166954216,0.46035667163881294,0.4985577801411703
1-0,1-0,0.00033534800730541573,0.4603002418242792,0.49845003278010047
1/2-1/2,1-0,0.0003445995094785382,0.46015595735358517,0.4991421323661388
1-0,1-0,0.00034457761442873244,0.4601703643596252,0.49914695482259736
0-1,1-0,0.00033575791278211747,0.4602205980900127,0.49852542566389996
1-0,1-0,0.00034478288635022495,0.4599340874964442,0.4988945142967967
0-1,1-0,0.0003436477858480901,0.4604965893344321,0.4989129002197292
0-1,1-0,0.0003358585359015781,0.46021251435187366,0.4985182642296062
0-1,1-0,0.00034167436186432944,0.4602076506329786,0.4984030973961981
0-1,1-0,0.00034200083948646544,0.4602511012589932,0.49844159055783416
0-1,1-0,0.0003419072135851388,0.4602379227655164,0.4984294048277713
1-0,1-0,0.00034284806191874496,0.4601872351083214,0.4985307106880215
0-1,1-0,0.0003343381262982861,0.4603777559278108,0.498558027614667
1-0,1-0,0.0003382063301624775,0.4601385903477405,0.4986464878291417
1-0,1-0,0.0003447448770502541,0.45992377982681204,0.49884640989923923
1-0,1-0,0.0003443250014657455,0.46031560619189876,0.4991523840373272
1-0,1-0,0.00034145220201808337,0.4603721492021865,0.4986098175324867
1-0,1-0,0.00033957287193095144,0.4600715408719776,0.49832951642409773
0-1,1-0,0.0003369482506023765,0.46013663601024063,0.49844296306454294
1-0,1-0,0.00034480223837727447,0.45995220810404897,0.49894493720409017
0-1,1-0,0.00034087589600301167,0.4604251008673813,0.49866156774849
1-0,1-0,0.0003341841356525222,0.4603839681247274,0.49858944728647697
1-0,1-0,0.0003386480688618988,0.46007135240706815,0.4983528906747187
0-1,1-0,0.0003384724563213884,0.4600744766065921,0.498359769580165
0-1,1-0,0.0003359174158766013,0.4602534015565886,0.4984379000871788
1-0,1-0,0.00034478941612342215,0.45993772793936866,0.49890661605345404
1-0,1-0,0.00034405402989296825,0.46042929239378944,0.499086508877204
0-1,1-0,0.0003383523426921207,0.4600771437872887,0.4983648597866345
0-1,1-0,0.00034273432457553,0.4603729476420958,0.4985794808592356
1-0,1-0,0.0003353905443016842,0.46025153080086617,0.4985513487015449
0-1,1-0,0.0003379260848955957,0.46008990991211424,0.4983852301189145
0-1,1-0,0.000344175847996237,0.459976117533031,0.4986175060373432
0-1,1-0,0.00034478583363926766,0.4599355961207735,0.4988997052719589
0-1,1-0,0.00033707789149428077,0.46012917137627474,0.4984345986683184
1-0,1-0,0.000342684387816077,0.4602117845306616,0.4985342329421418
0-1,1-0,0.0003416738434700836,0.4602075871782961,0.49840304471132313
1-0,1-0,0.0003373897971855555,0.46011273802227454,0.4984152735773795
1-0,1-0,0.00033766462925493944,0.4601629893467871,0.49859807235969583
1-0,1-0,0.00034400453010740754,0.46044445210961527,0.4990686719501195
1-0,1-0,0.0003342190203258359,0.4603833711022458,0.4985804514873974
0-1,1-0,0.0003402931639436087,0.4604272627872896,0.4986754230657849
1-0,1-0,0.00033676761126359955,0.4602005738305537,0.49849493061200323
0-1,1-0,0.0003442676719478393,0.4603435895095589,0.4991436399003602
0-1,1-0,0.0003416678058542513,0.46020684941021917,0.4984024329223158
0-1,1-0,0.0003347695200738815,0.46030904305496734,0.498592032032561
1-0,1-0,0.0003350677390136543,0.4603238038465646,0.49847043506230937
0-1,1-0,0.0003437291427408422,0.46049320984402714,0.49895053945760603
0-1,1-0,0.0003356704985964975,0.4602277574471089,0.498531637053058
0-1,1-0,0.0003367519732398225,0.4601486126195615,0.49845594643340757
0-1,1-0,0.0003441103640398169,0.46040977781806164,0.4991049215635759
0-1,1-0,0.0003410320757886288,0.4601417334949238,0.4983544120974363
1-0,1-0,0.0003395030413713527,0.4600704723688219,0.4983304279399011
0-1,1-0,0.00034275320336046015,0.4603764139288421,0.49858428147295725
1-0,1-0,0.0003445382202084799,0.46019544430076564,0.4991534886102993
0-1,1-0,0.0003446483402998329,0.4599205329369856,0.4987743531338706
0-1,1-0,0.0003391937443264197,0.4600678961268375,0.4983362525198354
0-1,1-0,0.00033774329995038256,0.4600968808802973,0.4983949654837408
0-1,1-0,0.00034382980254646817,0.46048235823476286,0.4989962876155695
1-0,1-0,0.00034429241048471984,0.46033175007053284,0.4991477960884598
0-1,1-0,0.0003374542305313828,0.4601096223739067,0.4984114372309979
1-0,1-0,0.0003343056948515795,0.46037954411837656,0.49856353041316714
0-1,1-0,0.00033713996453165113,0.4601840350920936,0.49853610540127513
1-0,1-0,0.0003436334053523599,0.4604967277999109,0.4989062534469627
1-0,1-0,0.0003361438368940061,0.4601905320417222,0.4984980002687818
0-1,1-0,0.0003420720156349071,0.4602975778680546,0.4985628150599591
1-0,1-0,0.000344480822047321,0.46023027256925586,0.49915874011902445
1-0,1-0,0.0003410897856136282,0.4604079069275383,0.4986422021326624
1-0,1-0,0.0003434047957692444,0.4604839034690326,0.4988042240068577
0-1,1-0,0.00034426770981585425,0.4603435716658452,0.4991436466946579
0-1,1-0,0.0003447763146940466,0.45993130056892084,0.4988841124442209
1-0,1-0,0.00033938818022961935,0.4600691108225628,0.49833225833534606
1/2-1/2,1-0,0.00033609813960965663,0.46024005899704423,0.4984433720337156
0-1,1-0,0.0003446051022663489,0.46015221839067194,0.4991407500332297
1-0,1-0,0.00034475743761496993,0.4600345645529497,0.4990646962555824
1-0,1-0,0.00033556349553444295,0.4602820191273927,0.4984403559153506
0-1,1-0,0.00034309983501861873,0.46043936118613915,0.498687328855127
0-1,1-0,0.00033642054009005724,0.46017059196211546,0.4984785917522683
0-1,1-0,0.0003430893162907337,0.46043754099088835,0.4986837514214646
1-0,1-0,0.00033659640850891906,0.46020925599151513,0.4984781640570945
0-1,1-0,0.00034051197919898664,0.4604426344368354,0.49868895051801015
1-0,1-0,0.0003403146784435087,0.460382650767617,0.49859388914894237
0-1,1-0,0.00034094483073130485,0.4601346311067204,0.4983500091481493
0-1,1-0,0.00034369058508697183,0.46049537810593166,0.4989327154914096
1-0,1-0,0.00034228951311800855,0.4602953562570275,0.4984859425621405
0-1,1-0,0.00033954298741169545,0.46007106104344675,0.4983298875204971
1-0,1-0,0.0003447217127497876,0.4600664427064736,0.4990925025375246
0-1,1-0,0.000341249378725412,0.4603930414703582,0.4986277075006453
1-0,1-0,0.00034054895207395194,0.4604419511106823,0.4986870235583498
0-1,1-0,0.00033573301658433634,0.4602679947963257,0.4984369956864826
0-1,1-0,0.0003416003662420079,0.46019876743840754,0.49839582328603305
1-0,1-0,0.000337271188196525,0.46011872686890154,0.498422480179149
1-0,1-0,0.0003431991568928597,0.46045588638777174,0.49872260313358474
0-1,1-0,0.0003342690466417311,0.46036312290853065,0.4986126719430988
0-1,1-0,0.0003387516051521632,0.460186230835548,0.4986486731915852
1-0,1-0,0.00033713045120646926,0.4601262490429414,0.49843125999474786
0-1,1-0,0.00034030831684099744,0.4604318980014227,0.4986816507564649
1-0,1-0,0.0003424382124410839,0.460320189243327,0.4985133920411802
1-0,1-0,0.0003418452048127163,0.46022951381175997,0.4984218627954257
1-0,1-0,0.00034043773725710765,0.4601012192223358,0.49833273997218736
1-0,1-0,0.0003382199943425448,0.4600805662653266,0.4983708119187898
1-0,1-0,0.0003377934842933832,0.46009488110349683,0.4983922373885281
0-1,1-0,0.00033416472241125974,0.4603794947234586,0.49860559724661885
1-0,1-0,0.00034470284527267727,0.4599203065406583,0.49881024245990396
0-1,1-0,0.0003431002020750775,0.46043942449957737,0.4986874542334803
0-1,1-0,0.00033827555748222257,0.4600790685470612,0.4983682703031215
0-1,1-0,0.0003445607112455207,0.4599261698526581,0.4987301948754981
0-1,1-0,0.0003393557098396553,0.4600688137226561,0.49833284844535275
1-0,1-0,0.00033614250641263746,0.46019063126413257,0.49849809435234843
0-1,1-0,0.0003419875965384395,0.4602492019709991,0.4984398065440626
0-1,1-0,0.0003368199747649232,0.46019807603081464,0.49850038938878066
1-0,1-0,0.0003403037403034407,0.46038943637955326,0.49860849007929436
1-0,1-0,0.00033630131424279943,0.4601790121267968,0.4984869110899226
1-0,1-0,0.0003344981750201337,0.46036761474100873,0.49853399936307513
1-0,1-0,0.000338045164224999,0.46008584098756494,0.49837919709955136
0-1,1-0,0.00033739819699528243,0.46017364188671983,0.49856662535106894
0-1,1-0,0.00033872718029131897,0.46021738594736955,0.49867162806747944
0-1,1-0,0.0003406622978664551,0.46043791328235606,0.4986793961009741
1-0,1-0,0.00034217481343063133,0.4602771259554492,0.4984670067092522
0-1,1-0,0.0003379590666553938,0.460088745017445,0.4983835339496919
0-1,1-0,0.0003341650474041465,0.4603832106646913,0.4985968813420982
1-0,1-0,0.00034127151620440483,0.4601634242751141,0.498368995798763
1-0,1-0,0.0003404800384973128,0.4601035178324349,0.4983336855763896
1-0,1-0,0.0003357741373804351,0.4602192832147656,0.49852427145763345
1-0,1-0,0.0003382736827135273,0.4603733414066275,0.4988408822204933
0-1,1-0,0.0003398223884206812,0.46007689827350173,0.49832757348241136
0-1,1-0,0.00034037000457327383,0.46009771460009224,0.4983313969193282
0-1,1-0,0.0003440187896205656,0.46044028017218525,0.49907395758552864
0-1,1-0,0.0003441308134004348,0.4604021203020719,0.49911106003080685
0-1,1-0,0.00034332337537505995,0.4604741233094262,0.4987705538861752
0-1,1-0,0.0003437014786718069,0.4600517531561247,0.49855440558225445
0-1,1-0,0.00034449270703806883,0.4602232175044191,0.4991580326199798
1-0,1-0,0.00034365549319926713,0.4604964606285476,0.4989164662479642
1-0,1-0,0.00034465501673922364,0.46011761603514995,0.4991252824538125
1/2-1/2,1-0,0.00033983373424786655,0.4603752633359096,0.4986943985521371
1-0,1-0,0.0003387680512783565,0.46006976362346164,0.4983485956801675
0-1,1-0,0.0003442677720489356,0.46034354233884056,0.49914365785828774
0-1,1-0,0.0003415707523678263,0.46035904272777434,0.49859980544792853
0-1,1-0,0.0003434513968983682,0.46048847761458295,0.49882422886015476
1-0,1-0,0.0003405223547208086,0.4601059029126301,0.498334715636433
0-1,1-0,0.000335410633806378,0.46029492880685174,0.4984466353057501
0-1,1-0,0.00034132159165212097,0.46016838154982104,0.49837254348731674
0-1,1-0,0.00034290774955735037,0.46017813662871065,0.4985299448097338
1-0,1-0,0.0003369115781530189,0.46013881273549573,0.49844536088627656
0-1,1-0,0.00033418979124053585,0.460374344418453,0.498610104336862
0-1,1-0,0.0003389586200454177,0.46006818374643466,0.49834249050529433
1-0,1-0,0.0003434012424670182,0.460483521616997,0.4988027196831985
0-1,1-0,0.0003362632379818067,0.4601817564211927,0.4984895829473664
1-0,1-0,0.00033562176259540683,0.46023180374419653,0.49853509243162364
0-1,1-0,0.0003422183506454252,0.460283947312028,0.4984739784245403
0-1,1-0,0.0003427526860178472,0.46037631885115055,0.49858414889829183
0-1,1-0,0.00033514545419602917,0.46027340384427107,0.49856813609391576
1-0,1-0,0.0003446640610400633,0.4599201088379755,0.49878382481619254
0-1,1-0,0.0003402874357069499,0.46042449216942044,0.49867143197769986
1-0,1-0,0.00033582477455781673,0.46026062677263496,0.49843684503670105
0-1,1-0,0.00034411447729756916,0.46040826161788634,0.4991061805649967
1-0,1-0,0.000343230170819828,0.46046073982280583,0.49873417682189597
0-1,1-0,0.0003446649876865613,0.4601103938958645,0.499121415021415
1-0,1-0,0.0003379119665603427,0.4600904173552133,0.49838596197840807
1-0,1-0,0.0003439305749109461,0.4604634979612856,0.4990395648465011
0-1,1-0,0.0003342285706419459,0.460368497193136,0.4986121777419593
1-0,1-0,0.00033447518535602993,0.46036916936425154,0.4985372124251324
0-1,1-0,0.0003375970513656838,0.46016573056844395,0.4985902082450162
0-1,1-0,0.00033785719065526035,0.46015484676266155,0.49861939706324293
1-0,1-0,0.000334853633451815,0.4603008245753749,0.4985869759759711
1-0,1-0,0.00033782781430521166,0.4600935502701655,0.4983903948835534
1-0,1-0,0.00033929828257638154,0.4603858789091874,0.49914858082030594
0-1,1-0,0.00034449638745114876,0.4599325518281379,0.49870424075724795
0-1,1-0,0.0003441102384574874,0.460409823917353,0.4991048829353108
1-0,1-0,0.0003365623050284462,0.46016092861821917,0.49846880884211753
1-0,1-0,0.00034071284284990674,0.46043539370157277,0.49867545634955296
0-1,1-0,0.0003358582936612951,0.46021253360851927,0.49851828147498706
1-0,1-0,0.00033430813106371317,0.46035827222256576,0.4986123826385249
1-0,1-0,0.0003439518583709462,0.4604584661170744,0.49904821157707263
0-1,1-0,0.00034524462762327115,0.4620839290445656,0.5018027435481952
0-1,1-0,0.00034153256738703056,0.4601909337524255,0.49838958005775896
0-1,1-0,0.0003358357269237261,0.4602597606127257,0.49843690659926493
1-0,1-0,0.0003391495378093003,0.46006780606765685,0.4983373110848302
1-0,1-0,0.0003430598651893683,0.4601546251069832,0.4985293633149617
1-0,1-0,0.00034033429234502744,0.46036857681550364,0.49856090087497873
1/2-1/2,1-0,0.00033430680035085854,0.4603794853803552,0.4985633376555563
1-0,1-0,0.0003421994580362866,0.46028097229163856,0.49847092144974464
1/2-1/2,1-0,0.0003448007260633133,0.459978274952662,0.4989943639797864
1-0,1-0,0.00033543165638635236,0.46024795926554185,0.4985484801783616
1-0,1-0,0.00033532772762506183,0.4603019618480117,0.49845123006914493
0-1,1-0,0.00034054251572591775,0.46010706966477427,0.4983352364712476
1-0,1-0,0.000343271594250345,0.46012121515640886,0.49853220375802126
0-1,1-0,0.0003391551635864384,0.4600678137670442,0.4983371733621433
0-1,1-0,0.00034129522189690935,0.46016575248955444,0.498370652691674
1-0,1-0,0.00034306456086723256,0.46043321562164535,0.49867544992885154
0-1,1-0,0.00033436865573833926,0.4603511492089354,0.49861107191182397
1-0,1-0,0.0003346614825330534,0.46035594119210094,0.4985128259007256
0-1,1-0,0.0003381885693094607,0.4600814518804608,0.4983722762139172
0-1,1-0,0.0003350430100793358,0.4603258463715369,0.49847260636442936
1-0,1-0,0.00034323322828911274,0.46046120874581814,0.4987353322464369
1-0,1-0,0.00033436711569465494,0.4603760603335129,0.49855333704973337
0-1,1-0,0.00033875099437431165,0.4601908168367473,0.49865163156374726
0-1,1-0,0.0003379085317295769,0.4604709932695983,0.49897004841753656
1-0,1-0,0.00034233012924529563,0.46026268152092104,0.49854813129636155
1-0,1-0,0.0003405907561238597,0.46044076326972144,0.49868445923664756
1-0,1-0,0.00033749854866665664,0.4601075366417656,0.4984088319838161
0-1,1-0,0.00034196867384898237,0.4603109723735239,0.49856960923712423
0-1,1-0,0.00034414478162627456,0.4603967194333363,0.49911507593207116
0-1,1-0,0.0003390382703939799,0.4600678765834558,0.49834021192128164
1-0,1-0,0.0003446325955789747,0.46013345344405066,0.49913297427078024
1-0,1-0,0.00034342974561842363,0.46048645557163725,0.49881487186354856
0-1,1-0,0.00033871998945095814,0.4602221379389897,0.49867563141655386
1-0,1-0,0.0003345347320133007,0.4603329486177748,0.4986046190725741
1-0,1-0,0.000344702974020332,0.45992031092556307,0.49881033903375144
1-0,1-0,0.0003385067653857248,0.4601320375001896,0.49864116604229686
1-0,1-0,0.00034427242345335806,0.46034134381372954,0.49914448218160623
0-1,1-0,0.0003443289813003674,0.4599537143209933,0.49865221565063256
0-1,1-0,0.0003448022942796758,0.4599523469187409,0.4989452529229093
0-1,1-0,0.0003390373794851246,0.46006787884477474,0.49834023648832904
1-0,1-0,0.0003368362086892278,0.4601973151355423,0.49850210873488066
0-1,1-0,0.00033424019696379193,0.46036690336437436,0.49861243385787185
1/2-1/2,1-0,0.00034331636910278466,0.4604731900126518,0.49876773728334944
1-0,1-0,0.0003400902400495017,0.4600854573860091,0.49832795587830814
0-1,1-0,0.00033824469001639723,0.4600798897947485,0.49836967473357036
0-1,1-0,0.00034337403921297973,0.4601048125515703,0.4985353056376777
1-0,1-0,0.000344555219716238,0.4601847471761931,0.4991509869346238
0-1,1-0,0.00034029486008511797,0.46009407581046224,0.4983301465187605
1-0,1-0,0.00033993645626109677,0.4600801771533112,0.498327408658241
1-0,1-0,0.00033776196511983654,0.46009612959840474,0.49839394605390347
1-0,1-0,0.00033549237464147334,0.4602427350885154,0.4985442238656284
1-0,1-0,0.00034262957670854583,0.4603538833769953,0.49855419162432596
1-0,1-0,0.0003380123502380298,0.4600869242972465,0.49838083429036906
1-0,1-0,0.00033426914993035296,0.4603631097314521,0.49861267198411496
1-0,1-0,0.00033574768359216346,0.4602214293356133,0.4985261531939901
1-0,1-0,0.00034400462373385707,0.4604444252376576,0.49906870702700346
1-0,1-0,0.00034429883261932656,0.46032861749542403,0.49914878115362715
0-1,1-0,0.00033844296201237324,0.4599598706332221,0.5010416632489533
0-1,1-0,0.0003447449335639614,0.4599237881442005,0.4988464666195939
0-1,1-0,0.00034421897492084526,0.4599696225305319,0.4986263225534483
1-0,1-0,0.0003391063410955809,0.46036824185648373,0.49942294912537977
0-1,1-0,0.00034463174405668234,0.460134044877039,0.4991332411116122
0-1,1-0,0.00034421837609048566,0.4603660716155483,0.49913370880617075
0-1,1-0,0.0003401935005662424,0.46035637584759714,0.4985413092120595
0-1,1-0,0.00033742089023021155,0.4601112222874231,0.49841341520897053
1-0,1-0,0.0003423421464993138,0.4603039965174511,0.49849526668378
0-1,1-0,0.00033469764090422423,0.4603161968020886,0.49859616151346436
0-1,1-0,0.00034391035668698524,0.46001789740871124,0.4985757626841671
1-0,1-0,0.00034358073563837564,0.46049615522874954,0.4988820384879616
1-0,1-0,0.00034411679279607683,0.4604074027387773,0.4991068839686101
0-1,1-0,0.0003423421982277778,0.4603040050917162,0.4984952760528908
0-1,1-0,0.00033848466181271016,0.4600742294045443,0.4983592694939582
1-0,1-0,0.0003416752067769975,0.4602077540928752,0.49840318331843175
0-1,1-0,0.0003342281014428779,0.460368562592093,0.4986121649423741
1/2-1/2,1-0,0.0003343769342833528,0.4603754685652514,0.4985517896768832
1-0,1-0,0.0003435895960587047,0.4604963657937484,0.49888609347433266
0-1,1-0,0.0003356046018778534,0.46027858042014663,0.49843918188604586
1/2-1/2,1-0,0.00034239197943031874,0.4602540332817526,0.49854514642313535
0-1,1-0,0.00034379708034674295,0.4600362161382843,0.4985631417151868
0-1,1-0,0.000344190779805298,0.46037798571441146,0.4991272357109896
1-0,1-0,0.00033466162696180375,0.4603559304572396,0.49851280831654415
1-0,1-0,0.00034463722676116905,0.45992096761297274,0.49876800083175304
1-0,1-0,0.0003817413373998159,0.4631347819480677,0.5051827048313536
0-1,1-0,0.0003446148966723825,0.4601456089770647,0.49913817215074807
0-1,1-0,0.00034206710695510606,0.4602607795261076,0.4984508290111787
1-0,1-0,0.00034216945432684196,0.4602846386694618,0.49855687035567925
0-1,1-0,0.0003417963308504892,0.46022306457804063,0.4984162006411912
0-1,1-0,0.0003428488301843996,0.46018711847617416,0.4985306990012427
0-1,1-0,0.00034460697406303944,0.4601509614117645,0.4991402730368406
0-1,1-0,0.000344604847597585,0.46015238918980017,0.4991408143696636
0-1,1-0,0.00034255283337684256,0.46034016505077807,0.4985370336205032
0-1,1-0,0.00034432894465127466,0.45995371942418367,0.49865220610362715
0-1,1-0,0.0003447923051173157,0.4599940867912949,0.49901779986908607
0-1,1-0,0.00033420542108212735,0.46038373105170693,0.49858366377937935
1-0,1-0,0.00034475981272593715,0.4599265072957083,0.4988625393004463
0-1,1-0,0.00034032908589070536,0.46035858697487153,0.49853526253563896
1-0,1-0,0.0003362620676550587,0.46018184118937927,0.49848966517423887
1-0,1-0,0.0003431535135364115,0.4604484569870992,0.4987060552200758
1-0,1-0,0.00034095477916425945,0.46013541996657575,0.498350488044628
0-1,1-0,0.000334497354910022,0.4603369225832967,0.49860631913162207
1/2-1/2,1-0,0.0003421502129384688,0.4602872169420838,0.4985580072438354
1-0,1-0,0.00034466400845554156,0.4599201098465243,0.49878379210423684
0-1,1-0,0.00033422527588988896,0.4603831710699158,0.4985790536468707
0-1,1-0,0.0003390676324915412,0.46006781704995864,0.49833941405508486
1-0,1-0,0.000334360918906199,0.4603764294911594,0.4985543238827761
1-0,1-0,0.000334214587568504,0.46037048951742215,0.49861169705288605
1-0,1-0,0.00034473229827615713,0.45992222452101833,0.4988344325713701
0-1,1-0,0.00033761240233111324,0.46055286295036807,0.49908621969000844
1-0,1-0,0.00033421390321345973,0.4603835198172556,0.4985816294703697
1-0,1-0,0.0003402899005433897,0.4603992196252708,0.49862816076290345
1/2-1/2,1-0,0.0003407602327995258,0.4601209514352373,0.49834215431376855
0-1,1-0,0.00034152797252914245,0.46036384296335814,0.4986033736553018
1-0,1-0,0.0003439588573366353,0.4604567316915326,0.4990510099046693
1-0,1-0,0.00034060146817954597,0.4544300634266689,0.5049368084258115
0-1,1-0,0.00034358920291932766,0.4600700116489228,0.4985461099552854
0-1,1-0,0.00033576475447869166,0.4602654249758483,0.49843680909191096
1-0,1-0,0.00033785823869578554,0.4600923962943654,0.4983887783802974
0-1,1-0,0.00033650410876969334,0.4579778049882052,0.503616940161907
1-0,1-0,0.00033678353991944846,0.46014663281459306,0.49845383436420865
1-0,1-0,0.0003425527723692937,0.46034015424703734,0.49853702041869485
0-1,1-0,0.00034432157382781374,0.4603173327685941,0.4991519502175373
0-1,1-0,0.00033420082583440313,0.46038382345089734,0.4985848169102085
0-1,1-0,0.0003403356707509853,0.4603621820424374,0.49854463919575975
1-0,1-0,0.00033758719346153643,0.4601035068648074,0.49840370559567615
1-0,1-0,0.0003431310756600626,0.4601434706292265,0.4985298167568389
1-0,1-0,0.00033834624346941976,0.4603532759406507,0.4988159906182172
0-1,1-0,0.0003426645172303711,0.4603602051330936,0.4985623798203927
0-1,1-0,0.0003388324489730707,0.46006909843977545,0.49834643201786155
0-1,1-0,0.000341655456548806,0.46034931382427835,0.4985929041728649
1-0,1-0,0.00034029067262655323,0.46039859080438844,0.4986269443048093
1-0,1-0,0.0003372406220743321,0.46012032262860475,0.49842436654730804
0-1,1-0,0.0003425729887243489,0.4603437437046834,0.49854143270649703
0-1,1-0,0.00033573216613830184,0.46026806394382397,0.4984370026354665
1-0,1-0,0.0003430891483895357,0.46043751184772624,0.4986836945613741
1-0,1-0,0.0003390547534055272,0.46006783957625275,0.4983397611981118
1-0,1-0,0.0003378562550185275,0.46015488786475267,0.4986192993300851
1-0,1-0,0.0003346875251572692,0.4603172140709234,0.4985967261870106
0-1,1-0,0.0003342785003989985,0.4603619256422405,0.4986126558330593
0-1,1-0,0.00034380692165932844,0.4604855095232108,0.4989860454245939
1-0,1-0,0.00034125558158073333,0.4603924338643186,0.4986271494130525
0-1,1-0,0.00033653274148987325,0.46021270902221467,0.49847242802406005
0-1,1-0,0.00034432761336412556,0.46031428604147573,0.49915270679733315
1-0,1-0,0.0003426407219671894,0.4602182294607259,0.49853550378006645
1-0,1-0,0.0003351291925776603,0.4603186948293457,0.4984652857684948
1-0,1-0,0.000337826911916222,0.46009358486336316,0.4983904430653403
0-1,1-0,0.000342020023306839,0.4602538731701915,0.49844421120098426
1-0,1-0,0.0003429028251301673,0.4604039870136784,0.4986251511092694
1-0,1-0,0.0003425049279469128,0.46033173543900774,0.4985268735935529
1-0,1-0,0.00034357197480804026,0.4600728102287777,0.4985450094205309
1-0,1-0,0.0003377810658644954,0.46015813719642557,0.49861122360478816
0-1,1-0,0.0003385253172613195,0.46003756878119223,0.5008437752418833
1-0,1-0,0.00034190164867066366,0.46023715773731394,0.49842871119063686
0-1,1-0,0.0003447338142355806,0.4599223833894838,0.4988358131376115
0-1,1-0,0.0003384512259913665,0.4600749171395455,0.49836064707061667
1-0,1-0,0.0003359285654013798,0.4602525483102245,0.49843810840795666
0-1,1-0,0.00034479780516418265,0.45994495297272986,0.4989272540157541
0-1,1-0,0.0003427381474220712,0.4603736489755896,0.4985804467907879
1-0,1-0,0.00033926092653113537,0.4600681637309491,0.49833474885107987
0-1,1-0,0.0003373703691462424,0.4601136966268747,0.4984164413703619
0-1,1-0,0.0003386351854875469,0.4601369559036574,0.5005541169348438
1-0,1-0,0.00033659334117433666,0.46015886469385214,0.498466685206955
1-0,1-0,0.000339840316611874,0.46007737838380747,0.4983275164515063
0-1,1-0,0.00034267949458699736,0.46036292748615076,0.4985659644133886
1-0,1-0,0.0003404244035854276,0.4604423290824315,0.49869147443632483
1-0,1-0,0.00034287689327079825,0.4603992135275117,0.4986176951078444
0-1,1-0,0.00034456321228684727,0.4601796530229194,0.4991496470879997
1/2-1/2,1-0,0.0003353902804547728,0.46029665529152863,0.49844768898639463
1-0,1-0,0.0003384451670658686,0.4601314006352588,0.4986444897120609
1-0,1-0,0.0003444626627496,0.4602408998600453,0.499159462936189
0-1,1-0,0.0003440471305477925,0.46043151876905075,0.49908411107910355
1/2-1/2,1-0,0.00034035071658507004,0.4600967557705716,0.49833105223585966
0-1,1-0,0.00033791262830112266,0.4600903934533761,0.49838592759855876
0-1,1-0,0.0003411502121894609,0.4601520253669892,0.49836113167586926
1-0,1-0,0.0003447201444104448,0.4600677438192065,0.49909350351052645
1-0,1-0,0.00034034447761587997,0.4600964493100353,0.49833094427724983
1-0,1-0,0.0003438421435857212,0.46002891156618814,0.49856784953258926
0-1,1-0,0.00033573012680628413,0.4602228600870759,0.49852740153483366
0-1,1-0,0.000334351089934608,0.4603770077706751,0.49855590628107777
0-1,1-0,0.0003446200069763399,0.4601421281360379,0.49913674473054803
1-0,1-0,0.0003383533034835512,0.45987467658072595,0.5012379241031246
1-0,1-0,0.00033605654306662644,0.4602430338050822,0.498441724426236
1/2-1/2,1-0,0.0003374956327304876,0.4601076724282944,0.49840900254429293
1-0,1-0,0.00033434790088278306,0.4603771933989293,0.49855642440604575
0-1,1-0,0.00033807917456756795,0.4600847489827268,0.4983775209566487
1-0,1-0,0.0003437815645390271,0.460488524518428,0.49897456877149454
0-1,1-0,0.0003428925655880551,0.4601804582680995,0.4985301120552954
1-0,1-0,0.00034308163828809986,0.460151224035519,0.4985294506509851
1-0,1-0,0.00034467074082772663,0.4601061707890419,0.4991190453293679
1-0,1-0,0.00034466818753471086,0.459920038973034,0.498786414861266
1-0,1-0,0.0003368176508637471,0.4609976514636503,0.4997901130552582
1-0,1-0,0.00034480017336881863,0.4599796210188703,0.49899650974163245
1-0,1-0,0.00033635343787750694,0.46022316757905785,0.49845807963201794
1-0,1-0,0.00033480858758513926,0.4603052064029531,0.49858971075133135
0-1,1-0,0.00033974913756702096,0.46007507110130974,0.49832792415572524
1-0,1-0,0.00034474831064753675,0.4600432108001434,0.4990729038494021
1-0,1-0,0.0003403296467889275,0.46037278409117455,0.4985711647390857
1-0,1-0,0.0003429085218715007,0.4601780184142454,0.49852993681352514
0-1,1-0,0.00033851438891918087,0.4600736459383515,0.4983580650229949
0-1,1-0,0.000339687710752118,0.4600737033681853,0.498328361085561
0-1,1-0,0.00033811204469147237,0.4601430405224062,0.4986417432615345
0-1,1-0,0.0003428636022952636,0.46039676353375597,0.4986139359078201
0-1,1-0,0.0003351237976957215,0.46027538545289354,0.4985695860797976
1-0,1-0,0.00034218136887032973,0.4602781452549567,0.49846804004291045
1-0,1-0,0.00033863670892629697,0.4600715260669985,0.4983533146972528
1-0,1-0,0.0003342951806608482,0.46035985226658116,0.4986125394697874
0-1,1-0,0.00034030098541275105,0.46035511208526364,0.49852696991357237
0-1,1-0,0.00034415761290701295,0.4599788976323528,0.4986139767405634
1-0,1-0,0.00034261331198749635,0.4603509558010134,0.4985504617229379
0-1,1-0,0.0003363900083379672,0.46017272303437706,0.4984807149000245
0-1,1-0,0.0003400630093867945,0.46036269025236987,0.4985837801500117
1-0,1-0,0.0003436586155690483,0.46049639750481586,0.4989179114389847
1-0,1-0,0.0003346361238662033,0.46032242652117844,0.49859952370071975
0-1,1-0,0.00033618276168199637,0.46023419652219966,0.4984474028515888
1-0,1-0,0.0003412796939632751,0.4601642236832113,0.4983695628290285
1-0,1-0,0.00034332670267879885,0.4604745618896477,0.49877189609127076
1-0,1-0,0.00034078623409481004,0.4601227699139497,0.49834314569223487
0-1,1-0,0.00034480372126243446,0.4599573573340416,0.4989561768123378
0-1,1-0,0.00033570058358589925,0.4602252791752083,0.49852950096715626
1-0,1-0,0.0003446099566235326,0.46014895257813604,0.49913949782853945
1-0,1-0,0.00034023771955824666,0.46009148135188,0.4983293594617118
1-0,1-0,0.0003447486294041853,0.4600429159965759,0.49907263272524766
1/2-1/2,1-0,0.00034322995033129295,0.460460705938037,0.4987340935994921
0-1,1-0,0.0003356103945260301,0.46027809747685283,0.4984390346220903
1/2-1/2,1-0,0.00033418047261613785,0.46038394029746643,0.498590601525101
0-1,1-0,0.0003423938969203211,0.46031265350060496,0.49850484782231747
1-0,1-0,0.00034093329689299936,0.4604208425181766,0.49865643354998446
1-0,1-0,0.0003434110827794462,0.46048456807814236,0.4988068931579654
1/2-1/2,1-0,0.00033457593899746175,0.46036218045847577,0.4985235808949569
0-1,1-0,0.00034437571205824343,0.4599473421848516,0.4986649624756704
1-0,1-0,0.0003346298273000809,0.4603230702556298,0.49859985753380565
1-0,1-0,0.00034414456951990634,0.4603968024655063,0.49911501604845787
1-0,1-0,0.000343701351433713,0.4600517738530197,0.49855439502487897
1-0,1-0,0.000334738731072854,0.460312091748333,0.49859382477927666
0-1,1-0,0.00034053828232072576,0.46044218688214467,0.49868761684254087
0-1,1-0,0.0003342000582913589,0.46038383713038605,0.49858501357843443
1/2-1/2,1-0,0.00033838503017079275,0.4601321094045982,0.4986468999955462
1-0,1-0,0.00033821029301182344,0.46008083670901306,0.4983712619157815
0-1,1-0,0.0003447137800678514,0.4600729610867555,0.4990974215354619
1-0,1-0,0.00034271984078690387,0.46037029336602764,0.498575849338325
0-1,1-0,0.00034461017539313873,0.46014880494083954,0.4991394402278931
0-1,1-0,0.00034470290580110004,0.45992030859857536,0.4988102878536158
0-1,1-0,0.0003434330517224513,0.4604867762378572,0.49881629376993125
1/2-1/2,1-0,0.000379310633007861,0.4631212053127595,0.5049341563063575
1-0,1-0,0.0003433804949369294,0.46010377460087837,0.4985355424055392
1-0,1-0,0.00034383690508370176,0.4604812959357175,0.4989994415462143
0-1,1-0,0.0003442200635556626,0.460365327152114,0.49913408384017544
0-1,1-0,0.0003345485959669372,0.46036411978277153,0.49852716963789057
0-1,1-0,0.0003375527945956479,0.4601675052324015,0.4985849998478214
1-0,1-0,0.0003425339364181151,0.4603368267362285,0.4985329766802979
1-0,1-0,0.00034377402545195384,0.46048932548636573,0.4989711350115421
1-0,1-0,0.00034216169311039986,0.46027509423666546,0.4984649557575276
0-1,1-0,0.00033809104395122796,0.4601440466913754,0.4986403487650722
1-0,1-0,0.0003387947450207695,0.4602572278789793,0.5001104305408871
0-1,1-0,0.0003341608269596038,0.460382200288215,0.4986004792798628
1-0,1-0,0.000339961134794942,0.4600809572354733,0.49832743583891215
0-1,1-0,0.0003426450033430265,0.4603566692239575,0.4985577770176057
1-0,1-0,0.00033708958641559056,0.4601861332753139,0.4985302743432494
1-0,1-0,0.00034066181288144767,0.4601143818293413,0.49833872722105227
1-0,1-0,0.00034430525741412576,0.46032545958861276,0.49914972721788947
1-0,1-0,0.0003415142897956282,0.4603653616880435,0.4986045259095847
1-0,1-0,0.00033690348376919245,0.46019422538369437,0.4985093582780691
1-0,1-0,0.0003381595355746247,0.46014077435150535,0.4986444668766218
0-1,1-0,0.0003441864379599529,0.4603798148852237,0.49912615991855486
1-0,1-0,0.0003413801848845593,0.4601743723871911,0.4983769286296678
1-0,1-0,0.0003403262544899362,0.4603752488900488,0.49857701491418194
1-0,1-0,0.0003412727093900007,0.46016354066751497,0.49836907823482407
0-1,1-0,0.0003402800171728713,0.46041150301430717,0.4986506049239722
1-0,1-0,0.00033693780120739843,0.46013725334745376,0.49844364492011667
0-1,1-0,0.0003341659012600372,0.46037915323373996,0.49860603922353675
1-0,1-0,0.000342419210460267,0.46025019243649473,0.49854390283527017
1-0,1-0,0.00034463000844209843,0.45992130307015094,0.49876401289542976
1-0,1-0,0.0003383741329404505,0.460132348205605,0.49864721626208175
0-1,1-0,0.0003438670646897044,0.4604763368383577,0.4990126801882661
1-0,1-0,0.0003447381050476372,0.4599228732573335,0.49883980961289387
0-1,1-0,0.00034291294854342676,0.46040584721920697,0.4986281059365616
0-1,1-0,0.00034015793697621716,0.46035788374690934,0.4985510517720207
0-1,1-0,0.0003435796028582296,0.4600715712749612,0.49854549128880193
0-1,1-0,0.00034250235708826104,0.46023834240162553,0.49854038296788683
1-0,1-0,0.0003349374786554451,0.46033446086206165,0.4984824873256739
1-0,1-0,0.0003402003282517334,0.46035611740860016,0.4985396328715864
0-1,1-0,0.0003363620845489653,0.4601746873266093,0.4984826612408705
1-0,1-0,0.00033688025507889904,0.46019528102176144,0.4985068334348131
0-1,1-0,0.000334272974808329,0.46036262330214595,0.4986126700445863
1/2-1/2,1-0,0.00034294197538109895,0.4604111667992541,0.4986367177771466
1-0,1-0,0.00033818792348357926,0.46013944013915253,0.49864577748547645
0-1,1-0,0.00034358052969480133,0.4604961498045459,0.4988819443446661
0-1,1-0,0.00033530865082389243,0.4602587279410917,0.49855702411118796
1-0,1-0,0.0003392468774299348,0.4603831678967302,0.49921371816368415
0-1,1-0,0.00033691390798485087,0.4601937553219245,0.4985104983873219
0-1,1-0,0.00034467990432612134,0.4600993525157635,0.49911504630805775
1-0,1-0,0.0003342270149394941,0.4603831122554544,0.4985786724698515
0-1,1-0,0.0003400629647226565,0.46036269266638613,0.4985837975356855
0-1,1-0,0.00034419292552703636,0.46037707714950205,0.4991277616800516
0-1,1-0,0.000334200412088802,0.46038383089105167,0.4985849227714326
0-1,1-0,0.0003402952259219086,0.46039514906459983,0.49862017031242417
0-1,1-0,0.00033874219766165045,0.4600700677845506,0.498349492458904
1-0,1-0,0.00034036618524406915,0.4604396309777268,0.49869011583333633
0-1,1-0,0.0003341611238015647,0.46038092648754103,0.498603345385328
1-0,1-0,0.0003436746760973146,0.46049597123315483,0.49892534809795136
0-1,1-0,0.0003444638881702677,0.4599362392468949,0.498692612178598
0-1,1-0,0.00034369916810833914,0.46049498600287186,0.4989366886124476
1-0,1-0,0.00034031228266412665,0.46038412117909655,0.49859712177815246
1-0,1-0,0.00034020253018644103,0.46035603665539504,0.49853910694424525
0-1,1-0,0.00034466377453916944,0.4599201143668813,0.49878364667504554
1-0,1-0,0.0003446204890022575,0.4601417986288834,0.49913660708860597
0-1,1-0,0.00034400429938611656,0.46044451830003913,0.49906858549167155
1-0,1-0,0.0003360725198555118,0.46024188410644107,0.4984423305604505
1-0,1-0,0.00034432545444251707,0.4603153775180713,0.49915244049835544
1-0,1-0,0.00033866956550639317,0.460165995990951,0.5004588857412833
1-0,1-0,0.00034461597217247576,0.4599220632397748,0.49875654317989876
0-1,1-0,0.0003445288980665229,0.4602012334755468,0.4991546674963331
1-0,1-0,0.0003447454569414741,0.4599238658006514,0.4988469932756679
1-0,1-0,0.00033972871542098425,0.46007459985512594,0.49832805513328143
1-0,1-0,0.0003401880246616971,0.4603565913342984,0.4985427017532577
1-0,1-0,0.0003358524729421323,0.4602584422291701,0.4984370335449429
0-1,1-0,0.00034368250764555146,0.4604957007718423,0.4989289750998197
0-1,1-0,0.0003426841145313712,0.46021182500761065,0.49853424047802414
1-0,1-0,0.0003403037905686578,0.46038940432316344,0.4986084229796508
1/2-1/2,1-0,0.00033778921155899196,0.460157790071427,0.49861211752562196
1-0,1-0,0.0003342038486691817,0.4603837646059529,0.4985840538755471
0-1,1-0,0.00033751867199636803,0.46010660513620877,0.498407658232512
1-0,1-0,0.0003425519347017525,0.4603400059159263,0.49853683921593883
1-0,1-0,0.0003397739639292729,0.46037828719004104,0.4987301831482971
0-1,1-0,0.0003382876832047445,0.46007875335182763,0.4983677237962471
0-1,1-0,0.0003341858233595511,0.46037502382998413,0.49860970517681863
1-0,1-0,0.00033816977470331726,0.46014029048588784,0.49864496865846164
1-0,1-0,0.0003352875176726854,0.4603053692137685,0.49845374016091476
1-0,1-0,0.0003447030327854736,0.4599203129367564,0.49881038313612464
1-0,1-0,0.0003342110628359297,0.46037100800908315,0.4986115385116047
0-1,1-0,0.00034351489085381623,0.46049326011025965,0.4988522404845887
1-0,1-0,0.00033508351870831796,0.4603224963153365,0.4984690789905026
1-0,1-0,0.0003439110882205843,0.4604677841132739,0.49903147805648684
0-1,1-0,0.0003442985942998183,0.4603287341724883,0.4991487453002081
0-1,1-0,0.00034013640093608793,0.4603588974157282,0.49855768393128286
0-1,1-0,0.00034097055779442606,0.4604179295181318,0.49865306572411217
0-1,1-0,0.0003345428751892182,0.46033209026196753,0.49860423437384643
0-1,1-0,0.00034217507026992243,0.4602771658385848,0.49846704708621714
1-0,1-0,0.000337892300501488,0.4600911329375833,0.4983869871476469
1-0,1-0,0.00033538185808026927,0.46025228894749226,0.49855195322369517
1-0,1-0,0.00034452236754728286,0.4602052574954964,0.49915541488267096
1/2-1/2,1-0,0.0003373565258082665,0.4601143850548076,0.49841727654430557
0-1,1-0,0.0003428712836194601,0.4601837042164391,0.4985303783248421
1-0,1-0,0.0003386367635021877,0.46007152522308803,0.49835331265315125
1-0,1-0,0.000343791308456347,0.4604874247745128,0.4989789928551677
1-0,1-0,0.00034477871651321845,0.45993224052116927,0.49888775358182885
1/2-1/2,1-0,0.00033827944335244686,0.460135430982429,0.4986481196251794
1-0,1-0,0.00034321969766896196,0.46045912020329394,0.4987302386389415
1-0,1-0,0.00034029402871735146,0.4600940370008258,0.49833013406447746
1-0,1-0,0.011124279539730166,0.46691463251874604,0.378210953587655
1/2-1/2,1-0,0.0003803751202928136,0.46209261290520615,0.5073797970720232
1-0,1-0,0.00034470854936204836,0.4600771789939093,0.49910047966602167
1-0,1-0,0.0003439756187193625,0.4604524182848979,0.49905761554460837
1-0,1-0,0.0003398975389744736,0.46007899840596267,0.49832741167479105
1-0,1-0,0.00033682766892775563,0.46091009431692753,0.49964442031903966
0-1,1-0,0.00033788870916998776,0.4600912647101337,0.49838717507597546
0-1,1-0,0.0003423523632096287,0.46025958484157226,0.49854703303877423
0-1,1-0,0.0003371538395910673,0.4601834627025499,0.49853772118054984
1-0,1-0,0.0003358194766394844,0.4602610468374741,0.4984368213512273
1-0,1-0,0.00033629318011593127,0.4601795961583394,0.4984874813105827
0-1,1-0,0.00034033608964756157,0.4603657645623604,0.4985538432692457
0-1,1-0,0.0003347168400810356,0.46035178211694483,0.4985062212441182
0-1,1-0,0.0003413662926588904,0.4603812479184441,0.49861729457507364
0-1,1-0,0.00034028932333159286,0.46039970095417776,0.49862908748314544
1-0,1-0,0.00034261973640751115,0.4603521109536353,0.498551928878043
0-1,1-0,0.0003342210348564274,0.4603833087469527,0.49857999655259627
1-0,1-0,0.0003344218514106249,0.46037266616051054,0.4985449380802268
0-1,1-0,0.0003365197763958525,0.4602134282900566,0.49847129778831845
1-0,1-0,0.00033666702072435265,0.4601540406384272,0.49846167244605655
1-0,1-0,0.00033738300712042005,0.46017424380741173,0.49856481490719395
1-0,1-0,0.0003448040481184209,0.459964976396861,0.4989712872788152
0-1,1-0,0.00034465129708904143,0.459920435244549,0.49877608925573996
1-0,1-0,0.0003442743700823215,0.4603404198717129,0.4991448212615966
1-0,1-0,0.0003413059670750478,0.4603874217200114,0.4986226377797799
1-0,1-0,0.00034151007878313074,0.46018839920071614,0.49838759509382996
0-1,1-0,0.00034473942340341605,0.46005125263428825,0.49908007390106396
1-0,1-0,0.00034427007136643824,0.45996209896129,0.49863769553144416
0-1,1-0,0.00034383741457972666,0.46048121819237325,0.49899966729459183
0-1,1-0,0.0003355351788877632,0.4602843983314409,0.49844129456768466
0-1,1-0,0.0003442251478394703,0.46036307315381864,0.4991351990782308
0-1,1-0,0.0003419674888154893,0.4603111239435592,0.4985696899282361
1-0,1-0,0.00034166871778541536,0.4602069606936216,0.49840252511349065
0-1,1-0,0.00034325468998936835,0.4604644482905011,0.49874351548401324
1-0,1-0,0.0003381634976911309,0.4585767989281685,0.5073178168055561
1-0,1-0,0.0003403035950051305,0.46035524771871017,0.49852720239959075
0-1,1-0,0.00034202141060145114,0.46025407456784856,0.49844440239532833
0-1,1-0,0.0003432620177798398,0.4604655326242993,0.4987463386642791
1-0,1-0,0.00033874946559722755,0.4601782557766337,0.49864396390325977
0-1,1-0,0.00034393009264502516,0.4604636077425308,0.49903936661387205
1-0,1-0,0.00033531291587974096,0.4603032175607421,0.49845213382194503
1-0,1-0,0.00034464080972122503,0.4601277118282858,0.4991303083117705
0-1,1-0,0.00034048648630242046,0.4601038756958417,0.49833383705460366
0-1,1-0,0.0003342528815720832,0.4603821062689651,0.49857330674969913
0-1,1-0,0.00033557959900908985,0.4602806697056145,0.49843986917834915
0-1,1-0,0.00033804570765048653,0.46008582329214665,0.4983791701513106
0-1,1-0,0.000337258346649452,0.46011939469503627,0.4984232712664201
0-1,1-0,0.0003412217450382532,0.4601586437488067,0.49836564658589727
0-1,1-0,0.00034184055467750986,0.46022889343517986,0.49842131352661007
0-1,1-0,0.0003440117780407727,0.4604423514846283,0.49907137290319187
1/2-1/2,1-0,0.00034296316862309216,0.46041503383431925,0.49864313793843235
1-0,1-0,0.0003434664685045723,0.46048977297656996,0.49883080353477
1/2-1/2,1-0,0.00033918287235467113,0.46006786768394164,0.4983365078184287
0-1,1-0,0.0003409877293750466,0.46041655008226184,0.4986515071938147
0-1,1-0,0.00034272764545737323,0.46020535546872243,0.498533107747285
0-1,1-0,0.0003443764766869902,0.4599472403345925,0.4986651810226056
0-1,1-0,0.0003344005894877465,0.46037401099350317,0.4985481375291669
0-1,1-0,0.0003350824906871479,0.46027918783917726,0.4985723327101089
1-0,1-0,0.00034051283820486794,0.4601053590145566,0.4983344765669805
0-1,1-0,0.0003342321602955123,0.4603679997691017,0.4986122689902903
1-0,1-0,0.00034028864577452566,0.46040027961493474,0.4986301965354689
1-0,1-0,0.00034353157784926453,0.46049420598905566,0.49885972875394713
1/2-1/2,1-0,0.0003444437458518896,0.46025177760784175,0.4991597727836498
0-1,1-0,0.0003341607989522951,0.4603811655142397,0.4986028875276238
1-0,1-0,0.00034435640316026606,0.45994994104754977,0.49865955295470515
0-1,1-0,0.00034475159879153824,0.4600401462113844,0.49907005586471126
1-0,1-0,0.00034029116819016394,0.460398195431152,0.49862617610698495
0-1,1-0,0.00034474625572283814,0.4599239865359808,0.49884780186776356
1-0,1-0,0.00034446296906196075,0.4599363472168152,0.49869229583010943
1-0,1-0,0.0003433820816188027,0.4604813872954081,0.4987946612530001
0-1,1-0,0.0003429912298917557,0.4604201254959401,0.49865181361519606
1-0,1-0,0.00033820819716763123,0.4600808954822553,0.4983713593728538
1-0,1-0,0.0003386466949615661,0.46007137319839614,0.49835294179978806
1-0,1-0,0.00034043199670634304,0.4604424963408382,0.49869141721081983
0-1,1-0,0.00034208453411922697,0.4602633728716811,0.4984533468975686
1-0,1-0,0.00034241987357777306,0.46025009865596006,0.4985438731007348
1-0,1-0,0.0003397295895588295,0.4600746196877893,0.49832804923411106
1-0,1-0,0.0003447295130877354,0.45992195078350695,0.49883193644306967
0-1,1-0,0.0003416896436298044,0.4602095290004174,0.49840466164968356
1-0,1-0,0.0003446659066340732,0.4601097221854994,0.499121043508841
0-1,1-0,0.00034369068156581514,0.4604953739816576,0.4989327601616208
0-1,1-0,0.0003440823306082092,0.4604197832440497,0.4990960253498127
1-0,1-0,0.0003408916981011605,0.4601305084215929,0.4983475499222283
0-1,1-0,0.0003371048367090435,0.46018549465272873,0.4985320332852123
1-0,1-0,0.000334413597169377,0.46034606735535627,0.4986096497244426
1/2-1/2,1-0,0.0003447658435589138,0.4600261508938967,0.49905617220348375
1-0,1-0,0.00033522117589290557,0.46031097525105535,0.49845826430680573
1-0,1-0,0.00034039200642850217,0.46044118784957405,0.4986911875271915
1-0,1-0,0.00033750853809688794,0.46058349584387764,0.4991311338314643
0-1,1-0,0.00033742211380414935,0.46011116310607997,0.49841334234759305
0-1,1-0,0.0003427942891165961,0.46038397748008003,0.4985949969818051
1-0,1-0,0.0003433633473355501,0.46047918303848606,0.49878687124748083
0-1,1-0,0.0003364259486004363,0.4601702162807296,0.4984782162102227
1/2-1/2,1-0,0.00033830408666419805,0.46007833364823836,0.49836698919404304
0-1,1-0,0.00034349361434780787,0.4604918594676741,0.4988427649524521
0-1,1-0,0.00034475385853323945,0.4599252812544469,0.4988558122006913
0-1,1-0,0.00033987125668248077,0.4600782376914048,0.49832744509574894
1-0,1-0,0.00034340481641773534,0.46048390567508146,0.4988042327577147
1-0,1-0,0.0003445954871827931,0.46015863114114747,0.49914308756560927
1/2-1/2,1-0,0.00033701226946090767,0.4601329046269379,0.4984388101946548
0-1,1-0,0.000343588992869082,0.4604963528814077,0.4988858171450383
0-1,1-0,0.0003443312593629523,0.460312436757675,0.49915314598657745
0-1,1-0,0.0003363521341279498,0.46017539079034214,0.49848335581504843
1-0,1-0,0.0003355138696894144,0.46024090010910007,0.4985427121047905
1-0,1-0,0.0003431797159266769,0.4604527606513279,0.4987154842936221
1-0,1-0,0.00033551337584775923,0.46028623508685707,0.4984420883412938
1-0,1-0,0.0003344863124223581,0.46036842018892604,0.4985356490995694
0-1,1-0,0.00034466428499327367,0.45992010457668636,0.4987839642166311
0-1,1-0,0.00034305346170534324,0.460431258977549,0.4986717812843786
0-1,1-0,0.0003342086667488308,0.46038365595069963,0.49858287209443986
0-1,1-0,0.00033540573473654856,0.46029534431664065,0.4984468844215904
1-0,1-0,0.0003448040483863301,0.4599649730584443,0.4989712809995929
1-0,1-0,0.00034152939591660877,0.460363684507289,0.4986032540885424
0-1,1-0,0.00033681630117759055,0.46093515951906805,0.4996858385118544
0-1,1-0,0.0003373746132313557,0.46017457660865635,0.4985638146376367
1-0,1-0,0.00033487838192128983,0.46033920165619246,0.4984884420564845
1-0,1-0,0.00034263015060381926,0.46035398685871326,0.4985543241713495
1-0,1-0,0.0003397316841893718,0.4600746673343311,0.49832803520445434
1-0,1-0,0.00034210239331339536,0.4602660512337519,0.49845596638390627
1-0,1-0,0.00033687860125912136,0.460140794270257,0.49844752843635837
0-1,1-0,0.0003446693886978635,0.46010716717854844,0.49911961173487
0-1,1-0,0.0003403774450463641,0.4604403960862086,0.49869069876425653
0-1,1-0,0.00033835781564189437,0.4601327588107081,0.4986476120048218
0-1,1-0,0.0003381176658995986,0.46041531246804207,0.4988949143229206
0-1,1-0,0.0003354815361593403,0.46028892359919743,0.49844335678106805
0-1,1-0,0.00034137854142681537,0.4601742015305301,0.4983768021178802
0-1,1-0,0.00033757648152345834,0.4605633032687824,0.4991014468367333
0-1,1-0,0.0003442040242747023,0.45997186051262257,0.49862318895565866
0-1,1-0,0.00034140220329437063,0.4601766772684904,0.4983786434817327
0-1,1-0,0.00034361422276570715,0.460496711459503,0.49889740643029623
1-0,1-0,0.0003442206407419052,0.460365072096949,0.4991342115599104
1-0,1-0,0.0003360079777755641,0.46020082456219663,0.49850763247083607
0-1,1-0,0.0003438718120212819,0.46047548978555114,0.49901473927188456
0-1,1-0,0.00034479776739727673,0.4599449083628367,0.4989271371676373
1-0,1-0,0.00034404485900976626,0.4604322438215943,0.49908331515072246
1-0,1-0,0.0003415413722457765,0.46019193472406716,0.49839036872741005
1-0,1-0,0.0003403012276047933,0.46039105823161836,0.49861186206959834
0-1,1-0,0.00034109209335872595,0.4604077031780141,0.498641991452354
1-0,1-0,0.00033570299706407167,0.46027044415160084,0.49843730230934596
1-0,1-0,0.0003407339664898386,0.4601191498177035,0.4983411897586186
0-1,1-0,0.0003342038666453658,0.460383764233415,0.4985840493903167
0-1,1-0,0.00034225452468448223,0.4602897070305871,0.4984799700556177
1-0,1-0,0.0003403236445182887,0.4600954389824662,0.4983305962128569
1-0,1-0,0.00034379916484289714,0.4604864847108635,0.4989825475360378
1-0,1-0,0.0003374088583978672,0.46061440647849233,0.49917714884832576
0-1,1-0,0.0003391015346759462,0.46006778467836346,0.4983385215219659
1-0,1-0,0.00033463551280867536,0.4603578609382606,0.49851601842463156
0-1,1-0,0.0003445421272959397,0.4599278667417379,0.498722244094466
0-1,1-0,0.0003436338467900105,0.46049672549417997,0.4989064573231541
1-0,1-0,0.00033753056603110144,0.4601060591570649,0.4984069672157517
1-0,1-0,0.00034346117646675883,0.46009076550730155,0.4985389388042361
0-1,1-0,0.0003402932924248697,0.46042731506986684,0.4986754965934712
1/2-1/2,1-0,0.0003342104490295169,0.4603710990841941,0.4986115091014824
1-0,1-0,0.00034468756531705466,0.46009355844409744,0.499111475480395
1-0,1-0,0.000340287459542447,0.460401333651249,0.4986322024741026
0-1,1-0,0.00033854113539527955,0.46029515621655964,0.49874814034547016
0-1,1-0,0.0003446083512949426,0.4599225305478998,0.49875263403648035
1-0,1-0,0.00034275239473936526,0.46037626532172093,0.4985840742804913
1-0,1-0,0.00034196774586132153,0.46024637676482194,0.49843717021493417
1-0,1-0,0.0003440438410553945,0.45999659811968285,0.4985943335449499
0-1,1-0,0.0003352683971828121,0.46026230627274867,0.49855979198355743
1-0,1-0,0.0003364858191648779,0.46021533870700704,0.49846840175979945
1-0,1-0,0.0003366050453241545,0.460158091243921,0.49846588617500653
1-0,1-0,0.00034188042713983313,0.46023425913040156,0.49842609667687554
0-1,1-0,0.00033508491214616197,0.4603223807024415,0.49846896035446114
1-0,1-0,0.00034452977056464117,0.4599290659621096,0.49871717218900036
0-1,1-0,0.0003344073951834364,0.4603735839149864,0.498547105273643
1/2-1/2,1-0,0.0003361746500270448,0.4601882429127929,0.49849582298896133
0-1,1-0,0.00034390362381908005,0.46046934455261923,0.4990283401939351
0-1,1-0,0.0003364206171092627,0.46017058660826643,0.4984785864034673
0-1,1-0,0.00033684265654423766,0.46014297998981896,0.4984499029756438
1-0,1-0,0.00034429181689173567,0.4603320383937131,0.49914770306390166
1-0,1-0,0.00033583940641422025,0.46021403808731937,0.49851962605666494
1-0,1-0,0.00033417945132666206,0.4603839268579496,0.4985909364988767
1-0,1-0,0.000340371509663855,0.4604400111536394,0.4986904164618451
0-1,1-0,0.000343097185988893,0.4604389038441021,0.49868642509055827
1-0,1-0,0.0003385505305406935,0.46007297230874616,0.49835662671238995
0-1,1-0,0.0003444685809147889,0.46023745644995673,0.4991592740079955
1-0,1-0,0.0003349235911013889,0.46033558075854386,0.4984838599254638
1-0,1-0,0.0003341614784449317,0.460382507989492,0.4985995720114374
0-1,1-0,0.00033684672692915204,0.46088374600992027,0.49960114438835507
0-1,1-0,0.0003360565396703047,0.46019710851611595,0.498504184333638
1-0,1-0,0.00034480164573845353,0.4599758101370558,0.49899035224545346
1-0,1-0,0.0003448041482852409,0.4599617654664631,0.49896511606260996
0-1,1-0,0.0003438498244716301,0.46047926071170087,0.49900514438168525
1-0,1-0,0.0003447048379723264,0.4599203777486331,0.49881174497424235
1-0,1-0,0.0003355179861071549,0.460240549562282,0.4985424223253969
1-0,1-0,0.00034432759277965274,0.4603142964609009,0.4991527042799823
0-1,1-0,0.00034001021104368466,0.46008258442960487,0.4983275580197317
1-0,1-0,0.0003443035286694922,0.45995729402763935,0.4986457437764282
1-0,1-0,0.00033787971235599485,0.4600915963024621,0.4983876468316097
1-0,1-0,0.0003411246842665912,0.46014973462475134,0.49835960334200374
1-0,1-0,0.00034435211047258537,0.46030171734588887,0.49915539998213027
1/2-1/2,1-0,0.0003445338798147736,0.4599286612473186,0.4987188406965186
1-0,1-0,0.00033632608360862904,0.46022486334366874,0.49845615628146384
0-1,1-0,0.0003403122955184178,0.46038411329120266,0.49859710453981804
0-1,1-0,0.0003406498457560009,0.46043847406445954,0.4986803262284482
1-0,1-0,0.0003374221923694252,0.46011115930726654,0.49841333766984075
1-0,1-0,0.0003448037456280729,0.45995749585334167,0.4989564666678252
1-0,1-0,0.00034174909697628445,0.4603382277351292,0.4985855513296458
0-1,1-0,0.0003381901877138422,0.46008140559475424,0.49837220033381824
1-0,1-0,0.0003362140087250238,0.46023209739636967,0.49844911216115195
1-0,1-0,0.00034381434542283623,0.46048453219395263,0.49898938144705923
1-0,1-0,0.00033653625827093065,0.46021251487501497,0.49847273687733734
1-0,1-0,0.00033969792944076006,0.4600739205972096,0.4983282795085714
1-0,1-0,0.00033423963218390674,0.46036697969046964,0.4986124239253995
1-0,1-0,0.00034343025344935556,0.46048650510045247,0.4988150901104714
1-0,1-0,0.000336950320510594,0.46013651399727057,0.4984428281281775
1-0,1-0,0.00033798831881054394,0.4601489115213371,0.4986321695917208
0-1,1-0,0.0003439275211461626,0.4600151367914898,0.49857791225490117
0-1,1-0,0.00034276729890982485,0.460379006149603,0.4985879159623164
1/2-1/2,1-0,0.0003435371869353032,0.4604944926942265,0.498862256291944
1-0,1-0,0.00034141228269753956,0.46037642055073175,0.4986132709206123
0-1,1-0,0.00034078736872778225,0.46012285006558606,0.4983431897891863
1-0,1-0,0.00034396645999839085,0.460454803091807,0.49905402316021474
0-1,1-0,0.00034029470551559613,0.4603955238015065,0.4986209173968732
1-0,1-0,0.00034448649679949127,0.4602269138959804,0.4991584259025552
0-1,1-0,0.0003344504679349987,0.46034199614651655,0.49860827669324886
1-0,1-0,0.0003425355111453915,0.4603371042842736,0.49853331228604353
1-0,1-0,0.00034480068134520235,0.459949027097211,0.4989374848946006
1-0,1-0,0.0003357330685224871,0.46026799057383094,0.4984369952654105
0-1,1-0,0.0003360677773720544,0.46024222445952523,0.4984421471412638
1-0,1-0,0.00033494642941170376,0.4602919304395469,0.4985811728340241
1-0,1-0,0.0003417821452325725,0.4602212220460925,0.49841460242266417
0-1,1-0,0.0003444862512923033,0.460227059576782,0.49915844038400775
1-0,1-0,0.00034218703480928624,0.4602822731711805,0.498555847956941
0-1,1-0,0.0003419379674606633,0.4603148846660538,0.4985717197728109
1-0,1-0,0.00034456120408732826,0.46018093696321083,0.49914999386675496
0-1,1-0,0.0003429509420471295,0.46041280489495384,0.4986394203305216
1-0,1-0,0.0003349338889452991,0.46029312238111214,0.4985819690720946
0-1,1-0,0.0003404718207504784,0.4604428908904104,0.4986905498308654
0-1,1-0,0.0003342005705725301,0.46038382805920586,0.49858488217961766
0-1,1-0,0.0003439548964838915,0.4604577180743219,0.49904942910268
0-1,1-0,0.00034399054388181206,0.46044838861691434,0.49906337848469773
1-0,1-0,0.0003418123951235536,0.46033054658621403,0.49858075986454453
1-0,1-0,0.0003426147460257097,0.460351213511129,0.49855078852649315
1-0,1-0,0.0003342288163629991,0.4603684629794031,0.49861218436272253
0-1,1-0,0.00034198170374499234,0.4602483605674614,0.4984390192190107
0-1,1-0,0.00033620796755377965,0.46018578680158423,0.498493472522643
1/2-1/2,1-0,0.0003372911674279809,0.4601176953369734,0.4984212535173197
0-1,1-0,0.0003429370111305689,0.46041025874728014,0.49863523017941175
0-1,1-0,0.00033575789861298085,0.4602659782905745,0.4984368373856096
0-1,1-0,0.0003446012621786623,0.46015478829620376,0.4991417060102789
0-1,1-0,0.00034032973254634243,0.46037271783479583,0.498571005835707
1-0,1-0,0.00034208493096221166,0.4602634321591679,0.49845340467161153
0-1,1-0,0.00033979087571090453,0.4600760858466943,0.49832770132306353
0-1,1-0,0.00034473075515695684,0.4600588092917796,0.49908643160251925
1-0,1-0,0.0003425674106645907,0.46034275148226306,0.49854020773757834
1/2-1/2,1-0,0.0003366996661967728,0.4601519376324472,0.49845946500763805
0-1,1-0,0.00033684366241814207,0.4601969678326145,0.4985029022343879
0-1,1-0,0.00033446613198848953,0.460369774213746,0.49853849612272005
0-1,1-0,0.00033811086179820894,0.46008375998442896,0.4983759785551304
0-1,1-0,0.0003411042983069946,0.4601479319049598,0.4983584134752064
0-1,1-0,0.00038657702183834877,0.4630871017340291,0.5058300675886392
0-1,1-0,0.00034460578543111614,0.4599226959229989,0.4987513397320582
1-0,1-0,0.0003427382316118834,0.4603736644245459,0.4985804680985509
1-0,1-0,0.0003403252847241255,0.46043515385997963,0.49868560172915644
1-0,1-0,0.00034331653891754636,0.46047321278843933,0.49876780539526855
0-1,1-0,0.0003348440672220885,0.4603419230946649,0.49849203522596514
1-0,1-0,0.00033988240608956064,0.4600785569359649,0.49832742785011974
1-0,1-0,0.0003434116817186661,0.46048463065015216,0.4988071479328741
1-0,1-0,0.00034140683970203966,0.46037699716810676,0.4986137446883586
0-1,1-0,0.0003423381704740631,0.46030333795115214,0.4984945477437112
0-1,1-0,0.0003407051488328801,0.4601172138318146,0.4983401736349544
0-1,1-0,0.0003436061623748607,0.4604966377919879,0.49889369741070005
1-0,1-0,0.00034145866024225,0.46181250855368333,0.5012619958693374
1-0,1-0,0.00033675227816779203,0.4602013183121434,0.49849335873306094
1-0,1-0,0.00033425948431245467,0.46038181738930656,0.4985720114767723
1-0,1-0,0.0003403149969060618,0.4603561315371812,0.4985290881406029
1-0,1-0,0.0003442205777810348,0.4603650999291596,0.4991341976418994
1-0,1-0,0.00034348477446064255,0.46049121590552206,0.4988388534650061
1-0,1-0,0.000343743077788531,0.46049216375200175,0.498956957430053
0-1,1-0,0.00033953347801441455,0.46007091545442924,0.4983300115883841
1-0,1-0,0.0003447313203285172,0.46005832419065174,0.4990860340769218
1-0,1-0,0.00034469172103960904,0.46009037677249637,0.4991094454515857
0-1,1-0,0.00036691906061236794,0.46290997617848184,0.5038540610111287
1-0,1-0,0.00033529247285696745,0.46026016283718946,0.4985581383977237
1-0,1-0,0.0003441039694030783,0.4599871749702003,0.4986042274355883
1-0,1-0,0.0003408393178030115,0.4601265917467487,0.49834528462306604
0-1,1-0,0.00033666307923790813,0.46020577503442167,0.4984844775621433
1-0,1-0,0.0003443911582764162,0.45994530134479755,0.498669443637902
1-0,1-0,0.0003365955671404406,0.4601587173879647,0.49846653316450246
1-0,1-0,0.0003416326594579336,0.4602026011706427,0.4983989374575076
0-1,1-0,0.00034142512377165446,0.4601791079489069,0.4983804682982809
0-1,1-0,0.0003375524846843498,0.4601675176148126,0.4985849632511877
0-1,1-0,0.00033565038608224777,0.4602294225505262,0.4985330638436883
1-0,1-0,0.0003402932877715138,0.4603965663963647,0.49862298366573865
0-1,1-0,0.0003430403307671791,0.46042893158753173,0.49866748339981065
1-0,1-0,0.00034335308857427825,0.4604779293003131,0.4987826435701055
1/2-1/2,1-0,0.00034149486421310507,0.46036750378212277,0.49860617060041157
0-1,1-0,0.00033644694256686084,0.46021757402551927,0.49846520520850685
0-1,1-0,0.0003424054227341731,0.4603146027711954,0.4985070393660369
0-1,1-0,0.00034367997880762317,0.4604957926417281,0.49892780394431707
0-1,1-0,0.00034475774414184613,0.45992605763171496,0.4988601517771806
0-1,1-0,0.00033616113414650876,0.46018924493685676,0.49849677763666794
1-0,1-0,0.0003385153515907505,0.4601322623611469,0.49864066494602105
1-0,1-0,0.0003448031008862795,0.4599546954222625,0.49895048366221667
0-1,1-0,0.0003386797589690086,0.4600708890669533,0.4983517235197967
1/2-1/2,1-0,0.00034187983388562945,0.46023417852601917,0.49842602427969485
1-0,1-0,0.0003350981700645741,0.46027774098977176,0.49857129319021587
0-1,1-0,0.00034308498857457854,0.460436788930724,0.49868228825646005
1-0,1-0,0.0003431239046458358,0.4601445978939742,0.49852974896287383
1-0,1-0,0.00034390905717474925,0.4604682131698603,0.4990306263869785
1-0,1-0,0.00034315420265510225,0.4601398292409393,0.4985300700108022
0-1,1-0,0.00033776018252190166,0.4600962009660774,0.4983940431711325
0-1,1-0,0.00034418641178224764,0.4603798258757637,0.4991261533857263
0-1,1-0,0.0003405149187032986,0.4601054775475699,0.49833452846276005
1-0,1-0,0.0003344700567579628,0.46033986348788297,0.49860748496324553
1-0,1-0,0.00033852802116578386,0.4601326641007686,0.498639919182178
1/2-1/2,1-0,0.0003341953592500972,0.4603734281144148,0.49861057881463283
1-0,1-0,0.00034303780933607367,0.46042848320337826,0.49866666333843473
0-1,1-0,0.0003439834932831336,0.46045031430871236,0.49906067044926117
0-1,1-0,0.00034258902231103325,0.4603466032839304,0.49854498608031467
0-1,1-0,0.0003376831804234322,0.46016222849512467,0.49860020669634003
0-1,1-0,0.00033779312094168556,0.4600948953514207,0.4983922569936838
1-0,1-0,0.00034237440249615874,0.46025650172727783,0.4985459722631948
1-0,1-0,0.00034245509384718943,0.4603230885317337,0.49851673189701534
1-0,1-0,0.00033422850164913895,0.4603685068039569,0.49861217587292683
1-0,1-0,0.00034034701387457197,0.46043793559511925,0.4986885797845672
0-1,1-0,0.00034113888591375403,0.46040349781862533,0.498637722933325
1-0,1-0,0.00034433299877723137,0.4599531558581708,0.4986532663151139
1-0,1-0,0.0003344892738795776,0.4603682197529084,0.4985352356350673
1-0,1-0,0.00034043495445782725,0.46010107098569836,0.49833268067328834
0-1,1-0,0.0003427152309646728,0.46020720500105505,0.49853341681481084
1-0,1-0,0.0003346298228829305,0.4603230707075527,0.49859985776726223
0-1,1-0,0.00034383506759485014,0.46048157460203487,0.49899862682966856
0-1,1-0,0.0003446117953764564,0.4601477104482396,0.49913901052181714
1-0,1-0,0.00034033634456227823,0.4603637506231086,0.49854869597298657
1/2-1/2,1-0,0.00033645413347687514,0.4601682674573445,0.4984762619999253
0-1,1-0,0.0003385355472924016,0.4600732467991539,0.4983572195011882
1-0,1-0,0.00034028749361685994,0.46042452585616817,0.4986714815779545
0-1,1-0,0.00034461574254531847,0.45992207678299435,0.4987564239388647
1-0,1-0,0.0003439664843098348,0.46045479685030477,0.4990540327509753
0-1,1-0,0.00034331639678746023,0.46047319372659745,0.49876774838752747
0-1,1-0,0.0003427674573056279,0.4603790352971213,0.4985879570504664
1-0,1-0,0.00033605475742365365,0.460197244172203,0.4985043107934257
1-0,1-0,0.00034190000881184526,0.46023693269083876,0.4984285074304858
1-0,1-0,0.00033915274540649175,0.4600678103235423,0.49833723245384826
1-0,1-0,0.00034363901308210904,0.46049668940012106,0.49890884415894654
1-0,1-0,0.00034445407303927884,0.4602458634312763,0.4991596585590303
1-0,1-0,0.0003446551708351452,0.4601175053132286,0.499125224898347
1-0,1-0,0.00034385176665092964,0.46047894323277166,0.49900599769825593
1-0,1-0,0.00033732979171192544,0.46017635704786813,0.49855847791620883
0-1,1-0,0.00033417100140192314,0.46038367655395623,0.498594030327081
0-1,1-0,0.00034353989030818575,0.4604946251483487,0.4988634762745528
0-1,1-0,0.00034430789931594904,0.45995667441627786,0.4986468329390799
0-1,1-0,0.0003439254060065938,0.46046466480205883,0.49903743506615084
1-0,1-0,0.00034445613964608504,0.45993715536514546,0.4986899656358795
0-1,1-0,0.0003445726333512174,0.4601735931546141,0.49914792736138364
0-1,1-0,0.00034306560452543496,0.46043339907851394,0.49867579658571803
1-0,1-0,0.00034142575007136674,0.46037498784573916,0.4986121016340191
0-1,1-0,0.0003400838680409062,0.4600852185648631,0.4983279150244093
0-1,1-0,0.00034472127493044645,0.46006680656762944,0.49909278343688573
1-0,1-0,0.00034449348069040433,0.4599328706842192,0.49870316413195925
1-0,1-0,0.00034012028771005697,0.46008660727151895,0.49832817025333126
1-0,1-0,0.00034204079006364157,0.4602569012438702,0.49844709716993935
0-1,1-0,0.0003356410088450832,0.46023020116169194,0.49853372869075774
1-0,1-0,0.00034032659278730205,0.46037501398915215,0.49857646248087933
1-0,1-0,0.0003440587992725554,0.45999424156762153,0.4985966987144144
0-1,1-0,0.00033649795770057005,0.46021465134689327,0.49846942613202944
1-0,1-0,0.00034478138193935986,0.45993338622099017,0.49889200404859163
1-0,1-0,0.00033796505943526825,0.46014998959456394,0.4986300611405189
0-1,1-0,0.00034228524599920804,0.4602946632088426,0.49848520466388696
0-1,1-0,0.0003343662256370525,0.46035142837050597,0.49861113945539687
0-1,1-0,0.0003430296939803001,0.46042703699292864,0.4986640353155834
1-0,1-0,0.0003447574194131189,0.4599259894254004,0.4988597820352895
1-0,1-0,0.0003444164395778989,0.46026713625688337,0.4991594585837166
0-1,1-0,0.0003352883372020133,0.46030529982271956,0.4984536872231632
0-1,1-0,0.00034420486347490575,0.4599717344927377,0.4986233626330578
0-1,1-0,0.0003422146062463153,0.4602785447415639,0.49855427644518874
1/2-1/2,1-0,0.0003403363792330628,0.460364437759397,0.4985504604527869
0-1,1-0,0.00034028979089493496,0.4603993102867404,0.4986283356092143
0-1,1-0,0.0003353905721663058,0.4602966305434129,0.4984476735377367
0-1,1-0,0.0003447610896830434,0.4599267985337408,0.4988640420491764
1-0,1-0,0.0003431983461603353,0.46045575726304594,0.49872230416670676
0-1,1-0,0.0003399413353477145,0.4600803293657603,0.49832741223088545
0-1,1-0,0.0003349968467656628,0.4602871687458502,0.498577937965777
1/2-1/2,1-0,0.00034351975749034,0.46049355013367854,0.49885441943017567
1-0,1-0,0.0003436741454421501,0.46049598806262493,0.4989251023375556
0-1,1-0,0.0003393567316437859,0.4600688224888958,0.4983328293960093
1-0,1-0,0.0003345814511827509,0.46032805715114133,0.498602349826212
0-1,1-0,0.0003443387124287543,0.4603086331643644,0.4991540023111937
1-0,1-0,0.0003448028387045477,0.4599719084615071,0.4989837697050704
0-1,1-0,0.0003380095228182689,0.46014791991973314,0.49863401853080036
0-1,1-0,0.0003373331970941268,0.460176221528279,0.49855888301637175
1/2-1/2,1-0,0.0003443924209327779,0.46028031181876056,0.4991584718518602
0-1,1-0,0.0003342728333801341,0.46036264123616405,0.4986126702341342
1-0,1-0,0.00034467045066364176,0.4599200086178482,0.49878785505139717
1-0,1-0,0.0003445492600706534,0.46018851836229574,0.4991519169468063
0-1,1-0,0.000335872082821459,0.46025690782195583,0.49843723258767847
1/2-1/2,1-0,0.0003376543252746175,0.46054085652539395,0.4990688155814567
1-0,1-0,0.00033483274733242627,0.46030285082675304,0.4985882513298932
0-1,1-0,0.00034470542680359204,0.4600796690643684,0.499102240289167
1-0,1-0,0.0003436722256781302,0.46049604736811806,0.49892421325577085
1-0,1-0,0.0003417478681028736,0.46033837538965283,0.498585645821632
1-0,1-0,0.00033650227765854695,0.46016497343564977,0.4984729352838438
1-0,1-0,0.0003347159078245059,0.46031436659115565,0.49859513099132574
1-0,1-0,0.0003412581803993406,0.46016212910890636,0.4983680813216553
1-0,1-0,0.00033436718159914904,0.46035131849415684,0.4986111130119333
1-0,1-0,0.00033644254580406156,0.4601690668618419,0.4984770648573161
0-1,1-0,0.0003439303166228198,0.4604635567803979,0.4990394586903193
0-1,1-0,0.0003428491502160944,0.4603940979024835,0.4986098955558202
0-1,1-0,0.0003430812904190968,0.460151278441327,0.49852944890481776
1/2-1/2,1-0,0.00034361413900465165,0.46049671089464134,0.49889736785846145
1-0,1-0,0.00033515008264141936,0.46031694848690596,0.498463617480683
0-1,1-0,0.0003447286776700462,0.46006058400442107,0.49908787381925596
0-1,1-0,0.0003372060161118488,0.46012215485877106,0.49842651616222317
0-1,1-0,0.00034480398555616925,0.45996566921660864,0.49897258449674525
1-0,1-0,0.000344109966566112,0.46040992368539174,0.49910479926396506
0-1,1-0,0.00034342341934884193,0.4604858303362722,0.49881215809042645
0-1,1-0,0.0003426610570323636,0.4603595772123635,0.49856155810705094
1-0,1-0,0.0003342598237855848,0.460381802243396,0.49857194556258577
0-1,1-0,0.0003439954883322612,0.4604470146414995,0.499065261913258
0-1,1-0,0.00034324471520489583,0.46046295419292854,0.4987396963071021
1/2-1/2,1-0,0.00034006022325924865,0.46008434766034095,0.4983277773984934
1-0,1-0,0.0003381186927211439,0.46008351981775125,0.4983756002686935
0-1,1-0,0.00033505642455415894,0.4602816028190251,0.49857405215116407
0-1,1-0,0.0003419284000338728,0.4602408540900141,0.49843207651777793
1-0,1-0,0.0003446977566191608,0.459920156262882,0.49880647936972144
1-0,1-0,0.00034368314948080123,0.4600547347761149,0.4985529127355723
1-0,1-0,0.000340279750176299,0.46041572156730787,0.4986577183141788
1-0,1-0,0.00033954297998921995,0.46007106092866096,0.4983298876162442
1-0,1-0,0.0003413068954078473,0.4601669112292495,0.4983714834784063
1-0,1-0,0.0003379988133563149,0.46044690256126053,0.498937105384782
0-1,1-0,0.0003351984491782283,0.46026858876350646,0.49856456143885053
0-1,1-0,0.0003412973227562804,0.46016596042786234,0.49837080147867946
1-0,1-0,0.0003344300372493477,0.46034424228718845,0.49860905779514736
1/2-1/2,1-0,0.00034370161590032203,0.460051730834082,0.49855441697182507
1-0,1-0,0.0003432916647683437,0.46046979762788637,0.49875791127681696
0-1,1-0,0.0003384134917600654,0.46007573302213767,0.4983622304225558
1-0,1-0,0.0003438217646296991,0.46048351224028566,0.4989927032851486
0-1,1-0,0.00034358891856066284,0.460496351276162,0.4988857831060975
1-0,1-0,0.00033429827815316225,0.46037993363179136,0.498564834229785
1-0,1-0,0.0003348170117960796,0.4603440513091726,0.4984949379478547
0-1,1-0,0.0003437893945095044,0.4604876465589597,0.49897812515703555
0-1,1-0,0.00033852004186358603,0.46013240113386855,0.4986403894913573
1-0,1-0,0.00033441762007424195,0.4603729362344327,0.4985455689268882
0-1,1-0,0.0003341605201817369,0.4603818873595723,0.49860129620915067
0-1,1-0,0.00034337235017119737,0.4604802563507955,0.4987906036367016
1/2-1/2,1-0,0.00033831098581035146,0.4601342371205016,0.4986481992796719
0-1,1-0,0.0003444519004884017,0.45993766209843195,0.4986885370733181
1-0,1-0,0.0003364731505145064,0.46016696103796406,0.49847494618753496
1-0,1-0,0.00034446597084218737,0.4602389774674133,0.49915936282503764
0-1,1-0,0.0003416126348417705,0.4603542687820172,0.49859636488906384
1/2-1/2,1-0,0.000343261244770417,0.4601228644824874,0.49853195660726335
1-0,1-0,0.00033562147172165423,0.46027717518036526,0.49843876562785233
0-1,1-0,0.0003447695047015566,0.4599290195243642,0.4988745791539834
0-1,1-0,0.0003365304312740047,0.46021283678074154,0.49847222566050275
0-1,1-0,0.0003350427471824842,0.4603258680413604,0.49847262974791107
0-1,1-0,0.0003437450554098715,0.4604920037477884,0.49895786678050663
0-1,1-0,0.0003436339552054063,0.4600627367140827,0.49854917777315244
0-1,1-0,0.0003439232923425374,0.46046513572319453,0.4990365609279805
0-1,1-0,0.00034457410613164335,0.45992503494536724,0.4987361860964091
1-0,1-0,0.00033515873707254303,0.46031622372261183,0.4984629388160821
0-1,1-0,0.0003434142062376095,0.46048489295831435,0.49880822275227477
0-1,1-0,0.00034052336572866775,0.46010596095228223,0.4983347412891307
0-1,1-0,0.000338548054213112,0.46007301720696814,0.4983567243418076
0-1,1-0,0.00034418654508804275,0.4603797699035887,0.4991261866463421
0-1,1-0,0.0003382593196564099,0.4601362552803102,0.49864786845695314
1-0,1-0,0.00033741492327761893,0.460172979417401,0.4985686190715703
0-1,1-0,0.00034222973969121685,0.46028575175449865,0.4984758450612859
0-1,1-0,0.00034452162565474576,0.4599298847864405,0.49871391675731075
0-1,1-0,0.00033735735409473047,0.4601143437387423,0.49841722650189874
0-1,1-0,0.0003406340951131315,0.460112619996366,0.49833785267125924
1-0,1-0,0.0003444560452015477,0.45993716661249645,0.4986899336612904
0-1,1-0,0.00033501855301524045,0.4602851333605945,0.49857652971228844
0-1,1-0,0.00034475758544583667,0.4599260242202003,0.49885997091544393
0-1,1-0,0.0003446486194422058,0.45992052337862077,0.498774516180581
1-0,1-0,0.0003364221756974864,0.4602190254072214,0.4984632382120046
1/2-1/2,1-0,0.0003411036554156565,0.4604066771235867,0.4986409360633102
1-0,1-0,0.0003372377929468182,0.4601800419951952,0.49854757282772966
0-1,1-0,0.00034113182363278155,0.4601503715331134,0.49836002645216904
1-0,1-0,0.00034282509667114065,0.4601907156441643,0.4985310816287134
1-0,1-0,0.00033416050215137063,0.46038155201064107,0.49860207932656614
1-0,1-0,0.00034033629465791103,0.4603650726811107,0.49855208333868867
1-0,1-0,0.00034153333465055465,0.4601910207849251,0.49838964852452544
0-1,1-0,0.0003347774929760461,0.4603082572367044,0.49859156238090513
1/2-1/2,1-0,0.00033681274617324594,0.4609791231439252,0.4997590499232945
0-1,1-0,0.00034097153956040555,0.4601367611480404,0.49835130819327045
0-1,1-0,0.0003370350637590626,0.4601315972766297,0.49843734197987577
1-0,1-0,0.00033644269973128144,0.4601690562261483,0.4984770541870617
1/2-1/2,1-0,0.00034337214330396553,0.4604802319771258,0.4987905176418126
1-0,1-0,0.0003445152752618177,0.4599305379489211,0.4987114248492707
0-1,1-0,0.0003385931022082535,0.4601362873762393,0.4986362212901093
1-0,1-0,0.0003410486719752722,0.46014313204030394,0.49835530245700455
1-0,1-0,0.00033767970035105364,0.460162371535217,0.4985998072448855
0-1,1-0,0.00033523678472270233,0.4602651354035006,0.49856195420606936
1-0,1-0,0.00033458173289076243,0.46032802789080296,0.49860233570859425
0-1,1-0,0.0003445495032881924,0.459927177205717,0.49872535173512644
1-0,1-0,0.00033903677803552606,0.4600678803866492,0.4983402530851396
0-1,1-0,0.000334903054193302,0.46033723040942165,0.49848591992042285
1-0,1-0,0.0003436909446455109,0.46049536270249847,0.49893288196753943
0-1,1-0,0.0003433818201073252,0.4604813573084141,0.49879455190057215
1/2-1/2,1-0,0.00034032266818221794,0.4600953921235838,0.4983305803682722
0-1,1-0,0.0003407598712344326,0.46012092639463603,0.49834214078557093
0-1,1-0,0.00033539091229841045,0.4602514987088606,0.49855132307819333
1-0,1-0,0.00033416738228510604,0.4603834435857302,0.49859564688696983
1-0,1-0,0.00034410255489628506,0.46041262270504085,0.4991024982622345
0-1,1-0,0.0003446066192356807,0.4601511999105348,0.49914036401856443
1-0,1-0,0.0003386287371228071,0.4602645209945417,0.4987155737398792
0-1,1-0,0.0003349521339175551,0.46033327536472174,0.4984810568254314
1-0,1-0,0.00034070374968406513,0.46011712091272927,0.49834012541153233
1-0,1-0,0.00033777944401490716,0.46009543411101567,0.49839299651916946
1-0,1-0,0.000337269685983565,0.4601787585091791,0.4985513431593277
0-1,1-0,0.0003432553297583342,0.46046454341494764,0.49874376137837617
1-0,1-0,0.0003345745127221713,0.4603622823274136,0.49852376619752964
1-0,1-0,0.00034177542460194486,0.46022035371959374,0.49841385222982465
1-0,1-0,0.00033750286276284304,0.4601694940560312,0.4985790863056131
0-1,1-0,0.0003439623768114139,0.46200167320984964,0.5016353966131953
1-0,1-0,0.00034479272884544874,0.4599934317895168,0.499016899179797
1-0,1-0,0.00034472783266106317,0.45992179651743054,0.49883045470290444
1/2-1/2,1-0,0.0003442922299528697,0.4599589047392024,0.49864296937611224
0-1,1-0,0.0003357556802297011,0.4602207793636405,0.4985255844612654
0-1,1-0,0.0003432781833493748,0.46012016431382924,0.49853236726540934
1-0,1-0,0.0003447199898297468,0.4600678717183639,0.4990936013856119
0-1,1-0,0.00034084089085333367,0.46012670725465993,0.498345350393728
0-1,1-0,0.00034433866440130206,0.46030865777462565,0.4991539969723082
1-0,1-0,0.0003437801544574964,0.46003896382710713,0.4985614742997593
0-1,1-0,0.00034446033231779735,0.460242250502239,0.4991595251518143
0-1,1-0,0.00033869983013259356,0.4601903440180867,0.5003741545066964
0-1,1-0,0.00034181674214488786,0.46022573889388624,0.49841853572536454
0-1,1-0,0.00034189993719725893,0.46031968585771105,0.49857438947354
1-0,1-0,0.0003356866939061003,0.46027178141025055,0.4984375215386244
1-0,1-0,0.0003387360369895771,0.460210635097062,0.4986661426321875
1-0,1-0,0.0003443713832694916,0.46029159441834516,0.4991570845560652
1-0,1-0,0.0003443410676609026,0.45995203994038375,0.4986554013533667
1-0,1-0,0.00034307989236001405,0.460151497072099,0.49852944200302224
0-1,1-0,0.00034348801771579376,0.460491456125206,0.4988402867584144
1-0,1-0,0.000334221347648347,0.4603832988837375,0.4985799263355611
1-0,1-0,0.0003429632321743811,0.46041504540475797,0.49864315736031406
1-0,1-0,0.0003383428433565802,0.4600773727037475,0.498365275204435
0-1,1-0,0.000343722339059426,0.46049366928166546,0.4989474001903086
1-0,1-0,0.0003426397074121381,0.46021837866198473,0.49853553488842933
0-1,1-0,0.00033556406486008356,0.46023664448894,0.49853917314363827
1-0,1-0,0.00033972112656200146,0.46007442894649475,0.4983281074465542
0-1,1-0,0.0003346084827498522,0.4603598359913569,0.498519407494624
1-0,1-0,0.00034368003289138565,0.4604957907223959,0.49892782899174826
1-0,1-0,0.000334170925477081,0.46037791354998614,0.4986074229293532
1-0,1-0,0.0003431872711036436,0.460453982547873,0.4987182383748505
0-1,1-0,0.0003342973473278434,0.4603799819399486,0.49856499921002745
1-0,1-0,0.00034435385022642343,0.460300811982386,0.49915556796059585
0-1,1-0,0.00034328333511973453,0.460468619823999,0.4987546355296005
1-0,1-0,0.0003362113008346401,0.4601855421732822,0.4984932375977129
0-1,1-0,0.0003359713306993633,0.4602036558685419,0.4985102374389417
1-0,1-0,0.00034228917113306027,0.4602953006717475,0.49848588332579663
1-0,1-0,0.0003447137240215357,0.4600730066046367,0.4990974550534687
1-0,1-0,0.0003445900472623259,0.45992379259226884,0.4987436279070115
1-0,1-0,0.00033528503394253184,0.4602608240867114,0.4985586499316858
0-1,1-0,0.00034250442429842917,0.4603316474103724,0.49852676894633263
0-1,1-0,0.00034319088684169817,0.46045456413539293,0.49871956201641077
1-0,1-0,0.0003371012819429371,0.46018564323285627,0.49853162278204033
1-0,1-0,0.00034123220490483595,0.46015963637866475,0.49836633607254605
1-0,1-0,0.00033470306816871774,0.46035282492485996,0.4985078393118103
1-0,1-0,0.0003443560117073506,0.45994999425223637,0.4986594454180741
0-1,1-0,0.0003440043358537511,0.4604445078407564,0.49906859915974766
1-0,1-0,0.00033668803284755467,0.460152684606734,0.49846025064902993
1-0,1-0,0.0003411258775072901,0.4601498408732952,0.4983596738266825
1-0,1-0,0.0003433722438779876,0.46048024382876285,0.49879055944942924
0-1,1-0,0.0003434143882078519,0.4604849117760225,0.49880830028528184
1-0,1-0,0.0003416756833143288,0.4603469479429547,0.4985912903866644
1-0,1-0,0.0003442271603797265,0.460362176413613,0.4991356343934705
0-1,1-0,0.00034389668019416255,0.46047075565278267,0.49902540226059333
1-0,1-0,0.00034111955690511086,0.46040525186457465,0.4986394851626097
1-0,1-0,0.000342265235541658,0.4602914282841068,0.4984817796442345
0-1,1-0,0.000341718464748281,0.46021311263156955,0.49840767112002077
1-0,1-0,0.0003409984683719272,0.4604156759371567,0.49865053088819017
0-1,1-0,0.0003342502837768954,0.4603822168022512,0.4985738236097423
0-1,1-0,0.0003403179235248023,0.46038064745246604,0.4985894222999754
1-0,1-0,0.0003422600739365101,0.46027234724679644,0.4985517717780339
0-1,1-0,0.0003363683623159886,0.4602222538179054,0.49845916079895586
1-0,1-0,0.00033448529348690343,0.4603684890517827,0.4985357916099054
0-1,1-0,0.00034168833476207547,0.4602093675302321,0.49840452682530495
1-0,1-0,0.00034295970854892607,0.4601701564971745,0.49852951879335033
1-0,1-0,0.00033635743077530385,0.4602229223212617,0.4984583667171948
0-1,1-0,0.00034372166722189526,0.460493712839142,0.4989470900237328
1-0,1-0,0.00033599003557512573,0.4602479123705894,0.4984395666163676
0-1,1-0,0.0003345143709435046,0.4603665043331649,0.49853177415573596
1-0,1-0,0.0003358975638152508,0.46025492980436183,0.4984375722367292
1-0,1-0,0.00033827612393477774,0.46013556395106103,0.49864808886899376
0-1,1-0,0.00033518973089792547,0.4603136224792041,0.4984605692478731
0-1,1-0,0.00034040343929258205,0.4604416781656229,0.49869139962985676
1/2-1/2,1-0,0.0003439089804121839,0.4604682293202759,0.4990305941667382
1-0,1-0,0.00034097312516475107,0.4601368888225532,0.49835138665381984
0-1,1-0,0.00033663722105623607,0.46015597882603576,0.4984636948500353
0-1,1-0,0.0003402278865428503,0.46009104973086984,0.49832923799373996
1-0,1-0,0.0003446638596386198,0.4599201127157106,0.49878369956632673
1-0,1-0,0.0003357462856788689,0.46022154306794155,0.4985262526066579
1-0,1-0,0.0003423006251541401,0.46029716630695233,0.49848787667554484
0-1,1-0,0.0003353327600978678,0.4603015350868441,0.4984509286123847
1-0,1-0,0.00033782711030087983,0.4600935772565506,0.49839043247171144
0-1,1-0,0.00033736060993634414,0.46017513218438416,0.49856214636880475
1-0,1-0,0.0003447828364109281,0.4599340635250275,0.4988944295620698
0-1,1-0,0.00034475631936706306,0.45992576299413856,0.49885853933300656
1-0,1-0,0.0003385061521387095,0.4600738049561798,0.49835839683039806
0-1,1-0,0.00033591368802006515,0.4602081558749763,0.4985143383255516
0-1,1-0,0.0003428853998514814,0.4604007805324318,0.4986201231474592
0-1,1-0,0.00033627049332405164,0.460181231463045,0.4984890733243788
0-1,1-0,0.00033894110077646594,0.4600682795987332,0.498343013739351
1-0,1-0,0.00033484406598965005,0.4603419231921249,0.49849203535680414
0-1,1-0,0.00034390131218388375,0.46046981865958536,0.4990273641144168
1-0,1-0,0.00034030710779455007,0.4604316081739845,0.4986812801788229
0-1,1-0,0.00033416593841894356,0.4603791429179228,0.4986060521160901
1-0,1-0,0.00033586662748648686,0.46021187168226224,0.4985176881889897
0-1,1-0,0.0003421181611259178,0.46029148665467806,0.498559941927778
0-1,1-0,0.0003426206015764728,0.46035226663913315,0.4985521270676286
0-1,1-0,0.0003360830503103957,0.4602411311589629,0.498442748331714
1-0,1-0,0.00033740015464522015,0.4601122305869772,0.49841465307683447
0-1,1-0,0.00034033611103402453,0.4603657065356265,0.4985536960163505
1-0,1-0,0.0003352375429805829,0.46026506734768785,0.49856190246805343
1-0,1-0,0.00034413811558611443,0.4603993139533102,0.49911317765909724
1-0,1-0,0.00034295075907148906,0.4604127714957934,0.49863936498071304
1-0,1-0,0.00034105729022625153,0.46014386434060395,0.4983557716092805
0-1,1-0,0.0003442990430299507,0.46032851445450296,0.49914881276336925
1-0,1-0,0.0003435551043983894,0.46049529978983206,0.4988703630341007
0-1,1-0,0.0003375832846566131,0.46016628406954957,0.4985885921731462
1-0,1-0,0.00034388680249165186,0.4604726958454414,0.4990211925362932
1-0,1-0,0.000336450900443541,0.46016849024066947,0.4984764859199183
1-0,1-0,0.0003385132427917057,0.460132203679573,0.49864078844284304
0-1,1-0,0.00034147004678001386,0.46018396543075,0.49838416457275386
1-0,1-0,0.0003403319650342808,0.4603708839673918,0.4985665730878436
0-1,1-0,0.0003422542876140943,0.4602896690142186,0.4984799301882129
0-1,1-0,0.0003406531613923275,0.46043832721263817,0.49868008032017286
1-0,1-0,0.0003342159103958727,0.46038346321220247,0.4985811634055541
0-1,1-0,0.00034084168279855,0.4601267654559042,0.4983453835579131
1-0,1-0,0.00034028872460442177,0.4604002114819527,0.4986300662398132
1-0,1-0,0.000344663669951438,0.45992011640656716,0.49878358169789344
0-1,1-0,0.0003424115869460793,0.46025126973079933,0.49854424655944257
1-0,1-0,0.000344197465956871,0.46037514461075346,0.4991288621874537
0-1,1-0,0.0003445092041993332,0.4602132913543532,0.49915673074715544
1-0,1-0,0.00034384181784659964,0.46048053769569103,0.4990016154491231
0-1,1-0,0.0003428904473274479,0.4604017098528044,0.4986215720406886
1-0,1-0,0.00034136944783480836,0.4601732591006173,0.49837610580317643
1-0,1-0,0.0003430889934442005,0.460437484950474,0.4986836420952444
0-1,1-0,0.0003374979313948366,0.4601075653694077,0.4984088680796242
0-1,1-0,0.00034245546211256867,0.46032315195174817,0.4985168052878987
0-1,1-0,0.0003427673388678221,0.46037901350267535,0.4985879263267095
0-1,1-0,0.0003447311932821231,0.4600584333248968,0.4990861236335608
1-0,1-0,0.000342509514782023,0.46033253772204535,0.4985278286899622
1-0,1-0,0.00034437137633962965,0.46029159809502995,0.4991570840206022
1-0,1-0,0.0003438737466563369,0.4604751393898704,0.4990155763168144
0-1,1-0,0.00034346087380190504,0.46048930319567,0.4988283572519995
1-0,1-0,0.0003368223418445977,0.46092007837562193,0.4996608894402466
1-0,1-0,0.0003434391626600067,0.4604873577900847,0.498818928587771
0-1,1-0,0.0003443254670610419,0.4603153711460093,0.49915244206855713
1-0,1-0,0.00033999386147082786,0.46008203106148277,0.49832750716574964
1-0,1-0,0.0003368242803231436,0.4601441077550626,0.4984511216128983
0-1,1-0,0.00033586832717598776,0.4602117368257953,0.4985175671890843
0-1,1-0,0.00034326542113488634,0.46046603230805366,0.49874765490536044
1-0,1-0,0.00034256825596334494,0.4603429017549797,0.4985403929985473
1-0,1-0,0.0003402797024491776,0.4604154419373114,0.4986572566624891
1-0,1-0,0.0003447563235376522,0.45992576383909245,0.4988585440157678
1-0,1-0,0.00034476052814329434,0.4600315282619703,0.4990616836574067
0-1,1-0,0.0003422117966617429,0.4602829126692875,0.4984729123843583
1-0,1-0,0.00033732599605710477,0.4601159190440401,0.4984191273390233
1-0,1-0,0.00034033361671826083,0.46036931486758303,0.4985627270124612
0-1,1-0,0.00033563573240426965,0.4602759903093228,0.4984384438318319
1-0,1-0,0.0003438201140575571,0.4604837428998378,0.49899196535215196
0-1,1-0,0.00034116319760150044,0.4604012587937996,0.49863550953779956
0-1,1-0,0.0003343059251382727,0.4603795318966295,0.49856349022682345
0-1,1-0,0.00034206126815741614,0.46025991512611886,0.4984499937739538
0-1,1-0,0.0003423004888298071,0.4602971440548125,0.49848785283708275
1-0,1-0,0.0003439809955532781,0.4604509870188975,0.49905970490311174
0-1,1-0,0.00034425872019256196,0.4603477833542874,0.4991419971041813
1-0,1-0,0.00034198220423242807,0.46024843193987947,0.49843908593249575
0-1,1-0,0.00034437575906592227,0.4599473359209851,0.4986649759015258
0-1,1-0,0.0003405277812536495,0.46044238924682496,0.49868817248718794
1-0,1-0,0.0003443119714067355,0.460322134018496,0.4991506733582808
1-0,1-0,0.00034462575477622756,0.46013818545429896,0.4991350690265877
0-1,1-0,0.0003341606539178641,0.4603813085218679,0.4986025989465145
0-1,1-0,0.0003378906290660772,0.46015336640898546,0.4986228373787886
1-0,1-0,0.0003447137339251119,0.4600729985619142,0.499097449131895
0-1,1-0,0.00034372997329809016,0.4604931514646661,0.49895092244617195
0-1,1-0,0.0003402668970551123,0.46009278769833295,0.498329743944982
1-0,1-0,0.00034276069926983036,0.4602004138040043,0.49853234016833486
1/2-1/2,1-0,0.0003370372379976652,0.4601883506566772,0.49852428221899425
1-0,1-0,0.0003375478165224151,0.460167704063331,0.4985844118183659
1-0,1-0,0.00033416111302984403,0.4603809334126609,0.49860333252436223
1-0,1-0,0.00033996187240426564,0.460080980943026,0.49832743700194787
0-1,1-0,0.0003438645229535516,0.4600252913977954,0.4985703380442932
0-1,1-0,0.0003354328254849082,0.4602478581075076,0.49854839843856996
1-0,1-0,0.00034428530140082953,0.4603351895183887,0.4991466601547884
0-1,1-0,0.0003341686614264576,0.4603835395539216,0.4985950439408554
0-1,1-0,0.00033965891945154166,0.4600731132719373,0.4983286097922123
0-1,1-0,0.00033854013727544494,0.46029548076471266,0.49874849876392396
0-1,1-0,0.00033629153787020384,0.4601797142187169,0.4984875964735477
0-1,1-0,0.00033799990776251496,0.460148370563854,0.49863318920725036
1-0,1-0,0.0003421856711586085,0.4602824569860661,0.4985559266974026
1-0,1-0,0.0003447276259543869,0.4600614774994045,0.49908859277578693
1-0,1-0,0.0003407621293982202,0.46012108289795933,0.4983422253918743
0-1,1-0,0.00034480245761647554,0.459952766812537,0.4989462033584689
1-0,1-0,0.00034656437952711524,0.4621613122448702,0.5019634065394928
1-0,1-0,0.00033735614402798515,0.4601144041041222,0.4984172996131173
1-0,1-0,0.0003398812630609838,0.46007852397272314,0.49832742941056896
0-1,1-0,0.0003447197290035387,0.4599211583160306,0.4988235465834658
1-0,1-0,0.0003402996710341974,0.46039208537744203,0.4986139745588947
1-0,1-0,0.00034393274287446867,0.46046300213264013,0.49904045474513203
0-1,1-0,0.0003447850965048314,0.46000418664507425,0.4990310313371257
0-1,1-0,0.0003365786566969169,0.46021020578500943,0.4984765346173388
0-1,1-0,0.0003355326437518435,0.4602846116973589,0.4984413837064437
1-0,1-0,0.00033908688627948497,0.4600677938656793,0.49833890336972236
1-0,1-0,0.00034472005939981565,0.46006781416401116,0.4990935573534526
1-0,1-0,0.00034241262336293186,0.46025112336475993,0.49854419962700275
0-1,1-0,0.0003342438997255898,0.4603824803040583,0.49857511264152776
1/2-1/2,1-0,0.00033978655449775843,0.46037766789680484,0.49872239675509916
1-0,1-0,0.0003346962109240109,0.46031634044110437,0.49859624160158533
1-0,1-0,0.000344298923978232,0.4603285727589725,0.49914879488346575
1-0,1-0,0.00034004593819003497,0.46036361887343646,0.4985905503551319
1-0,1-0,0.00034173956343976037,0.4603393717437527,0.4985862858285624
0-1,1-0,0.00034280418690873913,0.4603858024468233,0.49859763433289933
1-0,1-0,0.00034467836326867497,0.4601005074275686,0.4991157389502347
0-1,1-0,0.0003442450002018825,0.4603541162563178,0.49913933918242975
1-0,1-0,0.000336779655194548,0.46014687536214766,0.49845409381162525
0-1,1-0,0.000336172454736039,0.46018840544334544,0.49849597800276296
1-0,1-0,0.000334769773206841,0.46030901808304786,0.49859201715480184
1-0,1-0,0.00034464991043891603,0.45992048007784997,0.49877527256178145
0-1,1-0,0.0003425509319448333,0.46033982839425586,0.4985366224699485
1-0,1-0,0.000344225029589595,0.46036312576317595,0.4991351733925146
0-1,1-0,0.0003440890807442739,0.4604174267870936,0.4990982169191073
0-1,1-0,0.00034142470070032204,0.46037509978702573,0.49861219259217365
1-0,1-0,0.00034459576229445776,0.4601584486630108,0.4991430232555509
1-0,1-0,0.00033909073612317187,0.46036569420664314,0.4994494794467544
0-1,1-0,0.0003447288490230681,0.4600604381191787,0.499087755979333
1-0,1-0,0.0003435749572003403,0.46049599399729835,0.49887939892777217
0-1,1-0,0.00033420030400024695,0.4603726434225695,0.49861093317718824
0-1,1-0,0.00034117674533171285,0.4601544458291635,0.4983627660091794
0-1,1-0,0.00034410070186962965,0.4599876834351373,0.49860366267233514
0-1,1-0,0.0003403273123361509,0.4603581077276575,0.49853402143402703
1-0,1-0,0.000342353842884691,0.4603059393196885,0.49849739567029316
1-0,1-0,0.0003404954212377827,0.46010437489258366,0.4983340502022701
0-1,1-0,0.00033870414819404016,0.4601532499558741,0.4986341605254465
1-0,1-0,0.0003420024863951714,0.461857714790432,0.5013499108739113
0-1,1-0,0.0003445552972203715,0.46018469798068035,0.4991509744552405
1-0,1-0,0.00034167659560621063,0.4603468408549891,0.49859121792292904
0-1,1-0,0.0003448023038524765,0.45997379505060765,0.4989869894214661
1-0,1-0,0.00034462369235730876,0.4599216282473553,0.4987606067007025
1-0,1-0,0.0003445147063725053,0.4602099456996832,0.49915621127807064
1-0,0-1,0.033098331994296716,0.5613611200383649,0.2277049363273819
1-0,1-0,0.00034270811845514624,0.46036814877751125,0.4985729425394551
1-0,1-0,0.0003445736001033152,0.46017296785586276,0.49914774207997553
0-1,1-0,0.0003362718721502749,0.4601811318069312,0.4984889765005801
1-0,1-0,0.0003399248389120664,0.46037034477641664,0.498645431052366
1-0,1-0,0.0003402874490375445,0.4604244999375344,0.4986714434178656
0-1,1-0,0.00033809135062198137,0.46014403200411813,0.4986403699004532
1-0,1-0,0.00034063150576519447,0.4601124573688945,0.498337772963543
1-0,1-0,0.000340344299375351,0.460096440581232,0.49833094121824184
0-1,1-0,0.0003344256600137231,0.4603447266185768,0.4986092187346951
1-0,1-0,0.00033858133775507225,0.4601354106568225,0.49863684621715665
0-1,1-0,0.0003426454273148981,0.4619078746439944,0.5014483940712352
1-0,1-0,0.0003445122078881055,0.45993085789698246,0.498710235328051
0-1,1-0,0.00034475047932775165,0.4599246717209823,0.4988521785415993
1-0,1-0,0.0003442518496413679,0.4603509691128488,0.49914068713297316
0-1,1-0,0.00033445679157420913,0.4603413055324539,0.49860802548067235
0-1,1-0,0.0003370156078960892,0.46013271245289944,0.4984385948128633
1-0,1-0,0.00033962670731311486,0.4600724912480656,0.49832892075169516
1-0,1-0,0.0003445691379254917,0.4601758485948179,0.4991485834777118
0-1,1-0,0.0003438658043079718,0.460025084298333,0.4985704836432693
1-0,1-0,0.00033599498448330087,0.4602475443215404,0.4984397066164281
0-1,1-0,0.0003392820074169238,0.46006828053688775,0.4983343035680398
1-0,1-0,0.00034480080050912587,0.4599780868752404,0.49899406167382254
0-1,1-0,0.0003395847938395298,0.4603859097413804,0.49886460256785303
1-0,1-0,0.000344689020205657,0.4600924477702423,0.4991107724674605
1-0,1-0,0.00034316520521785783,0.46045038954024003,0.49871023907278406
1-0,1-0,0.00033632035599032823,0.46017764967219676,0.49848557745801636
0-1,1-0,0.0003375026940883343,0.46016950075659147,0.49857906627877413
0-1,1-0,0.00034474205121887266,0.4600489085744716,0.4990780281677165
1-0,1-0,0.0003411754815357314,0.46015432962306835,0.49836268709488374
0-1,1-0,0.0003396056333211373,0.4600721059831995,0.49832914268270273
0-1,1-0,0.00033420558458310476,0.4603837274531102,0.4985836234704929
1-0,1-0,0.0003439817459335812,0.46000645324601025,0.4985851504848466
0-1,1-0,0.0003341650123122368,0.46038320639545033,0.498596901677103
1-0,1-0,0.0003447725330327338,0.4599299709479513,0.49887868844164646
1-0,1-0,0.0003357746573483745,0.4602192411480789,0.4985242344628179
1-0,1-0,0.0003341629319488626,0.4603800899364814,0.49860474849491526
1-0,1-0,0.00033479478023291096,0.46030655840746054,0.49859053679075227
0-1,1-0,0.00034147389510563573,0.4603697973144136,0.49860795726452406
0-1,1-0,0.0003389130339239131,0.46006845422602005,0.498343868317038
1-0,1-0,0.0003350262789576864,0.46032722352450267,0.4984741069919709
1-0,1-0,0.0003420858755896316,0.46026357332525103,0.498453542272597
0-1,1-0,0.0003374866541449346,0.46010809181598983,0.4984095284835059
0-1,1-0,0.0003404572778236901,0.46010227046035207,0.4983331664392175
0-1,1-0,0.0003430369652422616,0.46042833299618163,0.4986663891833595
1-0,1-0,0.00034478510386796226,0.4600041771078145,0.4990310193916238
0-1,1-0,0.00034110980753594233,0.46014841676144075,0.4983587323714127
0-1,1-0,0.000336333196951891,0.4601767346548746,0.49848467911693134
0-1,1-0,0.00033775032906761164,0.4600965969156713,0.49839458091863015
0-1,1-0,0.00034281918919621925,0.46038856979851145,0.49860167394685206
1-0,1-0,0.0003444117927113297,0.46026970971225606,0.49915931852792483
1-0,1-0,0.00034117503321286235,0.4601542884219477,0.4983626591266473
0-1,1-0,0.0003419238973555068,0.4603166667174528,0.49857270037617674
0-1,1-0,0.0003407594318290722,0.46012089597187183,0.49834212435418723
0-1,1-0,0.00033665495445932774,0.46015482331436175,0.4984624905059492
1/2-1/2,1-0,0.00034428474087770075,0.4603354594384925,0.49914656857070605
1-0,1-0,0.0003390795358711616,0.460363729789528,0.4994689798292839
1-0,1-0,0.00033940728379100617,0.46006930356585735,0.4983319259406816
1-0,1-0,0.0003403241414728538,0.4603766781248113,0.4985803532650376
0-1,1-0,0.0003406575713750878,0.4601141097318887,0.4983385908556369
0-1,1-0,0.00033676421126694776,0.46020073838949876,0.4984945809845903
0-1,1-0,0.00034252076708721967,0.4603345102799497,0.4985301874439954
1-0,1-0,0.000344724060390891,0.46006448297042724,0.49909097653359824
1-0,1-0,0.0003344778967245146,0.4603689873892565,0.4985368300387354
0-1,1-0,0.0003341672531089801,0.4603834328560241,0.49859571018303755
0-1,1-0,0.00034407574162713693,0.4599915818803094,0.49859945324646254
0-1,1-0,0.00033571723014856576,0.46026928068191625,0.49843714121027954
1-0,1-0,0.0003441513885717177,0.4603941173951469,0.49911692413464503
0-1,1-0,0.00033556976467621013,0.46023616385612953,0.4985387705837623
1-0,1-0,0.0003447805172704998,0.45993300168920703,0.4988905989577588
1-0,1-0,0.00033554839091959115,0.4602832872891833,0.4984408435515935
1-0,1-0,0.0003362302863189561,0.4601841526490588,0.49849190036185187
1-0,1-0,0.0003349782290634599,0.46033115543011827,0.4984785557387084
0-1,1-0,0.0003404900724882659,0.4604428448422848,0.49868989757869236
1-0,1-0,0.0003422100040409204,0.46028263015538473,0.49847262183532226
1-0,1-0,0.0003434738237888858,0.46008872060362116,0.4985395469693121
1-0,1-0,0.0003357828061793133,0.46021858247459924,0.49852365464926623
0-1,1-0,0.0003443914290390974,0.45994526588976337,0.498669523453695
1-0,1-0,0.0003438644762310822,0.4604767910516279,0.49901155448869805
1-0,1-0,0.00033665691957670884,0.45819728402681137,0.5034403233213249
0-1,1-0,0.0003447348438670584,0.46005527673048036,0.49908350383386346
0-1,1-0,0.0003436059793094518,0.4604966356679028,0.4988936132387161
1-0,1-0,0.0003351348660555344,0.4603182209907459,0.4984648284934187
0-1,1-0,0.0003447857936053885,0.45993557429468224,0.4988996320648176
1-0,1-0,0.00034243819748342445,0.4603201866810507,0.4985133891026833
1-0,1-0,0.00033669468782606744,0.4602041704568213,0.49848757104462466
0-1,1-0,0.0003434659495192424,0.4604897299553,0.4988305763289707
1-0,1-0,0.00034417033779326345,0.4603864880581524,0.4991220379365448
1-0,1-0,0.0003341634375565392,0.4603829790902334,0.49859789703838436
0-1,1-0,0.0003387498676207239,0.46017902694786755,0.49864439307673436
0-1,1-0,0.0003402524103493978,0.46035467408510927,0.49852949054312157
1-0,1-0,0.000341085920027223,0.46040824743124314,0.49864255504731364
0-1,1-0,0.00033554104464990944,0.4602385910606788,0.4985407975858946
0-1,1-0,0.0003419077077472847,0.46023799079897,0.49842946658505954
0-1,1-0,0.0003342466203538292,0.46036604233491246,0.49861253076100154
1-0,1-0,0.00034447893619556807,0.46023138474115427,0.49915883510509007
0-1,1-0,0.0003395934409984066,0.46007189087840455,0.4983292777046199
1-0,1-0,0.0003442787396538782,0.4599608440294813,0.4986397327976465
0-1,1-0,0.00034460652456798563,0.4601512635243042,0.49914038824820806
1-0,1-0,0.00033551912275692387,0.46028575057986343,0.49844187316845745
1-0,1-0,0.0003417964756026741,0.4602230834478356,0.49841621705336914
0-1,1-0,0.00034342088475239525,0.4604855756011449,0.49881107345107606
0-1,1-0,0.0014270900050175675,0.4452209109893052,0.4788643418537422
0-1,1-0,0.00033659478092917794,0.4601587694054682,0.49846658686157574
0-1,1-0,0.0003439604293731085,0.4600098594282981,0.4985822219063284
0-1,1-0,0.0003342743945783723,0.46038112765492595,0.49856917326149536
1-0,1-0,0.0003445682971484616,0.46017638985375015,0.49914873809680593
0-1,1-0,0.00033445126426012457,0.46037075792752463,0.4985406279691455
1-0,1-0,0.0003432018269805565,0.4604563108727246,0.4987235890489055
0-1,1-0,0.00034475555782279596,0.4600363824957496,0.499066466862175
1-0,1-0,0.00034000466956964824,0.4600823956061823,0.4983275396406583
1-0,1-0,0.00037931080613738606,0.46201339042088496,0.5074296694160788
1-0,1-0,0.0003444623320222176,0.4602410917203598,0.4991594721828146
0-1,1-0,0.00034172678449620046,0.46034089982109533,0.49858727549735665
0-1,1-0,0.0003384974875900286,0.4601318353172555,0.498641701042605
0-1,1-0,0.0003406807532238373,0.46011560791273876,0.49833934743112007
1-0,1-0,0.00033548366848142167,0.46028874334698483,0.49844326782302156
1-0,1-0,0.00034455554647719436,0.4601845397383959,0.4991509342539009
0-1,1-0,0.0003430889346824352,0.460437474749265,0.49868362219937523
0-1,1-0,0.00034414723543924503,0.45998048786206874,0.49861201837773034
1-0,1-0,0.00034368289679516373,0.4600547758819229,0.4985528925464747
0-1,1-0,0.00033832542800098117,0.4601337390872037,0.49864810719082947
1-0,1-0,0.0003430413618953971,0.4604291148189613,0.49866781924437587
0-1,1-0,0.00033443016644236134,0.46034422800921504,0.49860905300961056
1-0,1-0,0.00034459035754360955,0.45992376967006354,0.49874377632326145
0-1,1-0,0.0003380328255365642,0.46014682137788765,0.49863596183502373
0-1,1-0,0.0003344377633932851,0.4603433901289974,0.4986087680784816
1-0,1-0,0.0003445980522271224,0.45992321760588273,0.4987475027427732
0-1,1-0,0.0003402146217311026,0.4603556181933393,0.49853635384320905
1-0,1-0,0.00034006004374404966,0.4600843411402994,0.49832777643743825
1-0,1-0,0.00034471427666093194,0.4599208183095123,0.49881910107304017
1-0,1-0,0.0003402417944907274,0.46035487031007216,0.49853111305387454
1-0,1-0,0.0003423875249878117,0.46031157913643034,0.49850364537622727
0-1,1-0,0.0003398413253584962,0.4600774057851855,0.49832751358324623
1-0,1-0,0.00034155423073503084,0.4601934052780301,0.4983915322323952
1-0,1-0,0.00033507465844289833,0.46032323088085214,0.49846983757727076
0-1,1-0,0.0003376797891015335,0.46016236788920123,0.4985998174375477
1-0,1-0,0.00033630147107232845,0.4601790008782773,0.4984869000989478
0-1,1-0,0.0003370992462002299,0.4611872444475282,0.5001145353203179
1-0,1-0,0.00034196966208420746,0.4602466483489683,0.4984374227405517
1-0,1-0,0.00034470472674040124,0.45992037358367854,0.4988116606621031
0-1,1-0,0.0003431194795522419,0.46044272932940544,0.49869409053969244
0-1,1-0,0.0003387271909316006,0.46016131884540135,0.4986362829987982
1-0,1-0,0.00033954229200509694,0.4600710502808501,0.4983298964958523
0-1,1-0,0.0003406870060857356,0.460116016656286,0.4983395562480775
1/2-1/2,1-0,0.00033863233489727246,0.46007159399373154,0.4983534787509916
1-0,1-0,0.0003439084097797552,0.46046834922981206,0.4990303545798838
1-0,1-0,0.0003448018165956672,0.4599512291578293,0.4989426889127554
0-1,1-0,0.00033822170896303133,0.4600805187422686,0.49837073257719566
1-0,1-0,0.0003394681190045052,0.4600700067208436,0.49833094145244106
0-1,1-0,0.0003447137932870432,0.4600729503502427,0.49909741362742577
1-0,1-0,0.00034209939273712207,0.4602655997701231,0.4984555234811529
1-0,1-0,0.00034033623469265946,0.4603653181743736,0.49855270883164254
0-1,1-0,0.00034470526365181116,0.4600797986200288,0.4991023309957666
1-0,1-0,0.00033577895379944904,0.4602642822845947,0.49843677159154454
1-0,1-0,0.0003341627553770361,0.4603828502503846,0.49859839864983124
1-0,1-0,0.0003425396723816563,0.46033783827494346,0.49853420128061016
1-0,1-0,0.0003415481799602863,0.4603615852441579,0.49860168158393564
0-1,1-0,0.0003365149625908315,0.4602136967635063,0.49847088154160524
1-0,1-0,0.0003388757093307258,0.46006872639478374,0.49834503561224536
0-1,1-0,0.0003360829439474174,0.4601951052472692,0.4985023117006596
0-1,1-0,0.0003440230079996716,0.4599998922356868,0.4985911407156197
0-1,1-0,0.00034475766155093833,0.46003434657419395,0.49906448230126704
0-1,1-0,0.00034228359438295597,0.46029439526259963,0.498484919769817
0-1,1-0,0.00034432753231817864,0.46031432706355346,0.499152696883823
1/2-1/2,0-1,0.022743296769785627,0.4454040530485982,0.14512633908460687
0-1,1-0,0.00034252113626494625,0.46033457510316256,0.4985302652131
0-1,1-0,0.0003445847882915103,0.4601656830977297,0.49914547482553084
1-0,1-0,0.0003381756602335645,0.4600818236938026,0.498372883274561
1-0,1-0,0.00034135288402373123,0.4601715553169809,0.4983748535059834
0-1,1-0,0.0003421933334595026,0.46028001276413255,0.4984699409136221
0-1,1-0,0.00034362741319899194,0.46006380055638446,0.4985487100965366
0-1,1-0,0.00033990186743829604,0.46007912641368204,0.4983274085859564
1-0,1-0,0.00034367997689544003,0.4604957927097385,0.49892780305863965
0-1,1-0,0.0003442343803784328,0.4603589383442921,0.49913716725335655
0-1,1-0,0.0003373919349687778,0.46011263308122174,0.4984151453874481
1-0,1-0,0.00033507794879512014,0.4602796077656726,0.49857263310856703
0-1,1-0,0.0003437298470214116,0.46049316037290283,0.4989508642209721
1-0,1-0,0.00034466013056810033,0.4601139268682845,0.4991233357878315
0-1,1-0,0.00033811145884204204,0.46008374161391247,0.4983759496733582
1-0,1-0,0.0003401211084326456,0.4600866392299591,0.498328176614366
0-1,1-0,0.0003443089133931229,0.45995653093660277,0.49864708693695703
1-0,1-0,0.0003412744637705288,0.46016371195602085,0.4983691996274524
1-0,1-0,0.0003359796754758424,0.460248685399984,0.49843928437267937
1-0,1-0,0.00033480842503978757,0.4603052222944822,0.4985897205104028
0-1,1-0,0.0003422477047842605,0.4602886148174658,0.4984788263620169
1/2-1/2,1-0,0.0003442047840330757,0.45997174642031613,0.49862334618095977
0-1,1-0,0.0003342053790771494,0.4603837319728688,0.4985836741427381
1-0,1-0,0.0003351747579165502,0.4603148801958846,0.4984617020105744
1-0,1-0,0.0003427632027178863,0.4603782525163642,0.49858685531585906
0-1,1-0,0.009029914650461506,0.4596296560559428,0.39610483208166164
0-1,1-0,0.00034423048003420976,0.45996791095359135,0.49862879201798194
1-0,1-0,0.00034803240701201905,0.46224040960796486,0.5021312982046994
1-0,1-0,0.0003430489101921551,0.4604304537382432,0.4986702863473665
1-0,1-0,0.00034351403273875144,0.46049320777947905,0.49885185671401383
1-0,1-0,0.00034464720965915463,0.46012319081374436,0.4991281116244852
1-0,1-0,0.000343158101468998,0.4604492176119918,0.49870769250404057
0-1,1-0,0.00033713872347759094,0.4601840863988336,0.4985359610725089
1-0,1-0,0.00034399624766606095,0.4604468019218563,0.4990655499970027
0-1,1-0,0.0003371085160575364,0.4601274612567061,0.49843264953351907
1-0,1-0,0.0003348331031179724,0.460302816232477,0.49858822970876426
0-1,1-0,0.0003445853856348175,0.460165291620262,0.4991453472882576
1-0,1-0,0.00034348500677093286,0.46049123326919045,0.498838956060347
0-1,1-0,0.000334996992147391,0.4603296242868687,0.49847679419669083
0-1,1-0,0.00034277471023127603,0.4601983116312445,0.4985320394085496
1-0,1-0,0.0003358552314720536,0.46025822576047787,0.49843705826074697
0-1,1-0,0.0003375035195302217,0.4601694679647181,0.498579164281058
0-1,1-0,0.00033682449240493795,0.4601440946996001,0.4984511075306642
1-0,1-0,0.00034324443874093,0.4604629124925266,0.4987395908461602
1-0,1-0,0.00034417685910372725,0.4599759639343539,0.4986177050830909
1-0,1-0,0.00034399018195365957,0.4604484884295666,0.49906324010868675
0-1,1-0,0.00034386590773308445,0.46002506758300904,0.4985704954100804
1-0,1-0,0.00033422022304485183,0.46036967510536203,0.4986119170685754
0-1,1-0,0.00033624343398866484,0.4601831941991197,0.49849097516704977
1-0,1-0,0.0003447229313892182,0.45992139048662517,0.49882623136739196
1-0,1-0,0.0003446271203653088,0.46013724432221387,0.4991346597076032
0-1,1-0,0.00034033637208181247,0.4603639841342331,0.49854929652333935
1-0,1-0,0.0003416844802187013,0.4603459139764242,0.49859059282064455
1-0,1-0,0.00034396109566101605,0.4604561687025097,0.4990518999389937
1-0,1-0,0.0003403216127980325,0.4604345535938967,0.4986849055725455
1-0,1-0,0.0003403132310991428,0.46043298255643983,0.49868301197277715
1/2-1/2,1-0,0.0003409083873073376,0.46042272585664024,0.49865867107709627
0-1,1-0,0.00034118544261614397,0.46015524804337177,0.49836331200856293
0-1,1-0,0.00034479523301906195,0.4599422481077485,0.49891995450206456
1-0,1-0,0.00034033636504514266,0.4603646276793723,0.4985509466674899
0-1,1-0,0.0003447940948719459,0.4599912554136822,0.4990138664171113
0-1,1-0,0.00033994363493965407,0.46036930214434396,0.49863614652373145
1-0,1-0,0.00034287270548495245,0.4603984417659066,0.49861650612145947
1-0,1-0,0.0003368870160212553,0.4601402864749331,0.4984469743332513
0-1,1-0,0.00033698075410041066,0.460134730576624,0.4984408492465166
1-0,1-0,0.00034177223149894757,0.4602199421951459,0.4984134973630014
0-1,1-0,0.00033522319443460123,0.4603108050687465,0.4984581198138619
0-1,1-0,0.0003408415337871097,0.4601267545024191,0.49834537731524614
1-0,1-0,0.00034448701884208624,0.46022660400984516,0.49915839484110597
1-0,1-0,0.0003447527861638424,0.4599250815376491,0.4988546456068485
1-0,1-0,0.00034475536492746485,0.4600365678759248,0.4990666460434989
1-0,1-0,0.00034036634065553014,0.46043964257039977,0.4986901252872844
0-1,1-0,0.00034322920292354734,0.4601279609964484,0.49853126532480413
1/2-1/2,1-0,0.0003373197655305048,0.46017675633573163,0.49855728566477236
0-1,1-0,0.0003342953524354644,0.4603800850225318,0.49856535383173606
1-0,1-0,0.0003656989859432427,0.46287991547792806,0.503752753142313
0-1,1-0,0.00033544183220336456,0.460247079535215,0.49854776842163157
1-0,1-0,0.0003405117975248759,0.46044263682014386,0.49868895902791355
1-0,1-0,0.0003440186448045166,0.4604403233413857,0.499073904486391
1-0,1-0,0.00034446251698559243,0.45993640039297007,0.49869214047065114
0-1,1-0,0.0003367820086914397,0.4601467283818463,0.49845393661350085
0-1,1-0,0.0003407716480620322,0.4604320270686483,0.498670611374328
1-0,1-0,0.00034432852627800444,0.45995377769001594,0.49865209716372944
0-1,1-0,0.000341433890455257,0.4603741177267411,0.4986113969220755
1-0,1-0,0.00034393025826194123,0.46046357006326344,0.49903943470055245
1-0,1-0,0.0003427818441341177,0.4603816841531648,0.49859171195993274
1-0,1-0,0.00034470843187691335,0.4599205247744894,0.49881449804737876
0-1,1-0,0.00034216857764433683,0.46028475638559435,0.49855692174979943
0-1,1-0,0.0003440606492688171,0.46042712232084115,0.4990887811895968
1-0,1-0,0.0003424195488842945,0.4602501445769252,0.4985438876567961
0-1,1-0,0.00034283695327277485,0.4603918475071372,0.49860652359393265
1-0,1-0,0.0003359949759846092,0.46024754495295545,0.4984397063731843
0-1,1-0,0.0003352356130213202,0.46030975745865277,0.49845724017152404
1-0,1-0,0.00034392738881246633,0.4600151580554815,0.49857789542860653
1-0,1-0,0.00034258772320531605,0.4603463711799913,0.4985446963755955
1-0,1-0,0.0003447493418666205,0.4600422553378454,0.4990720229482944
0-1,1-0,0.0003440090924184346,0.4604431346543151,0.4990703755251446
1-0,1-0,0.0003342874579605455,0.4603608064441776,0.4986126062776921
0-1,1-0,0.00033430814896877336,0.4603582700541857,0.49861238238554373
0-1,1-0,0.00034151680742484854,0.46018915422903145,0.49838818459482387
1-0,1-0,0.00033619741309373304,0.46023320781543,0.49844818991339374
1-0,1-0,0.0003403524388021138,0.46009684068314916,0.4983310823401911
1-0,1-0,0.00033941583050022054,0.46006939412189146,0.49833178080497975
0-1,1-0,0.00033437788794177123,0.4603500930363191,0.4986108058468797
0-1,1-0,0.00038808020889108613,0.4629744100534762,0.5062525456041328
0-1,1-0,0.0003399309351108083,0.46008000610500366,0.4983274056822654
0-1,1-0,0.00034322303652089224,0.46045963875423535,0.4987314908337883
1-0,1-0,0.00033766915601965105,0.4601628040567886,0.498598594280936
1-0,1-0,0.0003445267483895111,0.46020256091922906,0.49915492056683236
0-1,1-0,0.00034427218548239893,0.46034145660825926,0.49914444048997
0-1,1-0,0.0003404578053701052,0.4601022990925004,0.4983331781981229
1-0,1-0,0.00034308108070634944,0.4601513112387455,0.49852944785784187
0-1,1-0,0.000344599351647715,0.4601560625087045,0.49914217045573644
1-0,1-0,0.000334969535656934,0.4602897421762091,0.4985796968053045
1-0,1-0,0.0003402913942624981,0.4604265061617929,0.49867435136869265
1-0,1-0,0.00033825141831555805,0.4603794077600208,0.4988485342814907
0-1,1-0,0.00034479260225002813,0.4599936284125279,0.4990171701327978
0-1,1-0,0.0003345113115523891,0.46033543191346854,0.49860569751821815
0-1,1-0,0.0003353791578082245,0.4602975989591379,0.4984482854994385
1-0,1-0,0.00033838433037536867,0.4601321238394327,0.49864692152102613
0-1,1-0,0.00034105008803215006,0.4601432520797798,0.49835537922329964
1-0,1-0,0.00033464943455730953,0.46035683442524483,0.49851429935948266
1-0,1-0,0.00034479494549381735,0.459989843556829,0.4990118652447164
1-0,1-0,0.00034029964919503076,0.46039209993057845,0.49861400436196074
1-0,1-0,0.0003343675198398235,0.46037603613895817,0.4985532729704525
0-1,1-0,0.0003406926565511694,0.46011638772233,0.4983397466921552
1-0,1-0,0.00033501803362978594,0.46028518196173435,0.4985765635120552
1-0,1-0,0.0003347318098515798,0.46031278023368905,0.4985942230087511
1-0,1-0,0.00034447844943615176,0.46023167148296207,0.4991588588626885
0-1,1-0,0.0003427388032457638,0.4603737693225621,0.49858061281347
1-0,1-0,0.0003406807364044048,0.4601156068158852,0.49833934687211845
0-1,1-0,0.0003430889297301539,0.46015008317993733,0.49852948988928397
0-1,1-0,0.00033627260404568303,0.4601810789225072,0.49848892510887277
0-1,1-0,0.0003348265193947544,0.4603034568338818,0.4985886292041279
1-0,1-0,0.00033557888239164657,0.4602807296956874,0.4984398901073622
1-0,1-0,0.00034014624251784835,0.4603584265379951,0.49855458971802624
0-1,1-0,0.00034016273817839035,0.46035766676540507,0.49854964463461665
1-0,1-0,0.0003442964322734119,0.45995830419011624,0.49864399437930734
0-1,1-0,0.00034479131480528573,0.4599390288541658,0.49891062187995144
0-1,1-0,0.00034182730836996797,0.4603287156143194,0.49857965313681485
1-0,1-0,0.0003344185011937871,0.46037288009189575,0.4985454373272659
1-0,1-0,0.00033788347407183363,0.4601536850563001,0.4986221101926179
1-0,1-0,0.000338775713143464,0.4600696775507546,0.4983483329898937
0-1,1-0,0.00033539004533752586,0.46025157431759717,0.49855138344259053
0-1,1-0,0.00034257232713525045,0.46034362594963174,0.49854128711614404
1-0,1-0,0.0003375336279225599,0.4601682700399081,0.49858273376715845
0-1,1-0,0.0003440963181094455,0.46041486290973577,0.4991005321615773
0-1,1-0,0.00034258757008219325,0.460346343827018,0.49854466224964095
0-1,1-0,0.000334735468923878,0.46035036341992147,0.49850405851241664
1-0,1-0,0.0003443649246616539,0.46029500958984615,0.4991565634520018
1/2-1/2,1-0,0.000335227146844819,0.46031047176178874,0.49845783811246436
1-0,1-0,0.0003403042051371593,0.4604308689719647,0.4986803227245845
0-1,1-0,0.0003437741200199304,0.46048931570768253,0.4989711781382598
0-1,1-0,0.0003388160135240116,0.46026996134203385,0.5000532517401555
1-0,1-0,0.0003347628246463544,0.46034826384432054,0.4985009362511858
1-0,1-0,0.00034234135676704307,0.460303865635473,0.49849512369314
1/2-1/2,1-0,0.0003358936759289154,0.4602097314045096,0.49851576270904396
0-1,1-0,0.00033435668773624535,0.46037667954516326,0.49855500243747775
0-1,1-0,0.00034016788688496835,0.4600885094655981,0.4983285840939907
1-0,1-0,0.000338288857599176,0.46007872304752706,0.4983676710229151
0-1,1-0,0.00033912299703694527,0.46006778446128194,0.4983379725536654
0-1,1-0,0.0003394428760207041,0.46038838008081795,0.4989907010840592
1-0,1-0,0.00033569374715856405,0.4602258410189184,0.4985299865426594
1-0,1-0,0.00033871247372385427,0.4600704435237962,0.4983505431208614
1-0,1-0,0.0003412003543380055,0.46015663362827175,0.4983642600668234
0-1,1-0,0.00034425732298921734,0.45996395649529165,0.4986347579335885
1/2-1/2,1-0,0.0003403359065895592,0.4603625389153075,0.4985455653924815
1-0,1-0,0.0003343575965651638,0.4603766259753599,0.4985548563569105
1-0,1-0,0.000344338027319525,0.46030898410644827,0.4991539259308452
1-0,1-0,0.00033632148922160566,0.46017756879846455,0.4984854981452477
0-1,1-0,0.0003341855439596217,0.4603750726508539,0.49860967480595686
1-0,1-0,0.0003404839872011546,0.46044287407027445,0.4986901300183494
1-0,1-0,0.00033861542639401093,0.4602695244257133,0.4987207096502175
0-1,1-0,0.00034414973796324875,0.460394770295105,0.49911646552184785
1-0,1-0,0.00034340473651368474,0.4604838971379397,0.4988041988951295
1-0,1-0,0.0003447753004899594,0.45993092702650606,0.4988826228659122
1-0,1-0,0.00033700389594070563,0.4601333876960315,0.4984393509409606
1-0,1-0,0.0003351747650094618,0.46031487960059614,0.4984617014686484
1-0,1-0,0.0003434791459920546,0.46049078787429415,0.4988363710721541
1-0,1-0,0.0003442853934990587,0.4603351451508952,0.49914667517430295
1-0,1-0,0.000340304368358443,0.46043091228988703,0.49868037930779346
1-0,1-0,0.00034296798070004435,0.4604159094712481,0.4986446114439622
0-1,1-0,0.00033985140030939523,0.46007768172901675,0.49832748693472495
1-0,1-0,0.00033664950484934154,0.45818747677436444,0.503448561437944
1-0,1-0,0.0003358128807377228,0.4602161611329866,0.49852151427636554
0-1,1-0,0.00034143744335416294,0.4601804277019865,0.49838146606067046
1-0,1-0,0.00034030120444961007,0.46039107337315066,0.498611893339961
0-1,1-0,0.00034210281755473506,0.4602935193928011,0.4985608858918534
1-0,1-0,0.00034118481283618927,0.4601551898074705,0.49836327230052496
0-1,1-0,0.00034320930745852275,0.46045749363994665,0.498726361710928
0-1,1-0,0.000334162381182071,0.4603827673908841,0.49859870205779794
0-1,1-0,0.00033537466505013545,0.4602979801490927,0.4984485305600306
1-0,1-0,0.0003341790739228289,0.46037624819321027,0.4986088674709617
0-1,1-0,0.00033897698942970576,0.4600680941493116,0.49834195035934575
0-1,1-0,0.0003421559196894335,0.46027420374162015,0.49846406048477965
1-0,1-0,0.00033955238083711945,0.4603867867858465,0.4988912681669543
1-0,1-0,0.00034445209549339767,0.459937638704292,0.4986886024928032
0-1,1-0,0.00034479517342294626,0.4599894568984715,0.4990113124464481
1/2-1/2,1-0,0.00034404666905212114,0.46043166639359695,0.4990839496331919
1/2-1/2,1-0,0.0003374878469389288,0.46058977549448027,0.49914042748244997
0-1,1-0,0.00034033207104215804,0.4604361499586368,0.4986867189395281
0-1,1-0,0.00034290621060618844,0.4601783721522523,0.4985299608915325
1-0,1-0,0.0003386343472078465,0.4601403735811842,0.49863438096688145
1-0,1-0,0.0003439832494460352,0.4604503801998176,0.49906057633122825
1-0,1-0,0.0003444744010386328,0.46023405121053,0.4991590444500832
0-1,1-0,0.0003372706530172195,0.46011875462595647,0.4984225131067932
1-0,1-0,0.0003348340401350003,0.4603427136883738,0.49849310385523415
1-0,1-0,0.00033881341705811275,0.4602684533840112,0.5000601733656489
0-1,1-0,0.00034183348220214393,0.4603279552859575,0.4985791975056806
0-1,1-0,0.0003444029440763591,0.46027457778799785,0.49915898395637065
0-1,1-0,0.0003441138108880819,0.45998564630304306,0.4986059480721971
0-1,1-0,0.0003442611200326196,0.4603466638075354,0.4991424446487076
1-0,1-0,0.00034477250410396644,0.45992996141203574,0.4988786482605327
0-1,1-0,0.00033862679635709476,0.46013949047679864,0.4986346640645448
0-1,1-0,0.0003345329403324905,0.4603652167275725,0.4985292598840774
1-0,1-0,0.0003405380598292426,0.46044219148079063,0.4986876289139213
1-0,1-0,0.0003342053429078365,0.46037186659574336,0.4986112417295621
0-1,1-0,0.0003418245914721021,0.4602267746059398,0.49841944495025997
0-1,1-0,0.0003373666217266921,0.4601748936060556,0.49856286249659226
1-0,1-0,0.0003380759968680437,0.46042639405085956,0.49890957676446124
1/2-1/2,1-0,0.0003347043861316425,0.46035272535453897,0.4985076837530171
1-0,1-0,0.00034285928768603834,0.4603959678602916,0.49861272454547334
0-1,1-0,0.000344320852129648,0.4603176954518107,0.49915185739675005
0-1,1-0,0.00034215548713265265,0.46027413711095627,0.4984639935857099
0-1,1-0,0.0003397910324728857,0.4600760897891691,0.49832770060066905
1-0,1-0,0.00034031323226069995,0.46038353855201797,0.4985958455176932
0-1,1-0,0.00033551798720164017,0.460240549469129,0.49854242224845197
1-0,1-0,0.00033781856760293144,0.4601565294783249,0.4986153030276751
0-1,1-0,0.0003399442906236534,0.4603692656797628,0.4986358276658349
0-1,1-0,0.00034437976372738344,0.459946803451979,0.498666124376
0-1,1-0,0.0003448022923364355,0.45997383278752285,0.4989870531092959
0-1,1-0,0.0003413453013334043,0.4601707808630846,0.49837428707914927
0-1,1-0,0.0003402830620632216,0.4604212981204936,0.4986666170054612
0-1,1-0,0.00034385835096016485,0.46047784445109335,0.4990088824563592
0-1,1-0,0.00034237610143807666,0.46030965890739245,0.49850150577822383
1-0,1-0,0.0003407572312352776,0.46012074376090495,0.49834204222061185
1-0,1-0,0.0003385905499978263,0.4602784844593853,0.4987300932580932
1-0,1-0,0.00033563901054805526,0.4602303672713805,0.4985338703375192
0-1,1-0,0.0003343940129507172,0.4603482640567413,0.4986103074123768
1/2-1/2,1-0,0.0003443793881142677,0.46028732987147153,0.49915766878970635
0-1,1-0,0.00033435097513176025,0.4603770144703003,0.49855592489222217
1-0,1-0,0.0003446873650928583,0.46009371103110197,0.4991115715920054
1-0,1-0,0.0003403348720653234,0.46036786554831133,0.4985591306887683
1-0,1-0,0.00034467828271081196,0.4601005677054182,0.4991157749284203
0-1,1-0,0.0003359329882110176,0.46025221086966633,0.49843819585082705
0-1,1-0,0.00034340523679741655,0.4604839505519886,0.4988044109344259
0-1,1-0,0.0003404663513335179,0.46010276476243295,0.4983333704914641
1-0,1-0,0.0003426043458287148,0.46034934634636976,0.49854842737618515
1-0,1-0,0.0003375169922359456,0.46010668251897674,0.49840775598711534
1-0,1-0,0.00034436489310709837,0.4599487921006066,0.49866190585532627
1-0,1-0,0.0003402853517487264,0.46042315971240755,0.4986694499013404
1-0,1-0,0.0003377389502382917,0.46015991469481426,0.4986065406594476
0-1,1-0,0.00033516385368733,0.4603157948951385,0.49846254105009624
0-1,1-0,0.00033954353323751955,0.460071069503872,0.4983298804867366
1-0,1-0,0.0003440115461045783,0.4604424193440678,0.4990712869276101
0-1,1-0,0.00033421640439682524,0.4603702250923056,0.498611772267058
0-1,1-0,0.00034437738982442994,0.4602883977371572,0.4991575293762512
1-0,1-0,0.00034342257612880213,0.4604857458571267,0.4988117970806263
1-0,1-0,0.000344260834893806,0.46034679701034265,0.49914239174637076
1-0,1-0,0.0003447829162021849,0.4599341018492452,0.4988945649955385
1-0,1-0,0.0003418801923419983,0.46023422722588386,0.4984260680191359
0-1,1-0,0.0003363517804253856,0.46022326955510423,0.49845796093171174
0-1,1-0,0.0003447830828594702,0.4600067495330468,0.49903420601204784
1-0,1-0,0.000334170098780855,0.4603781012921302,0.4986072328756877
1-0,1-0,0.0003439735478967766,0.46045296336646335,0.499056806948487
0-1,1-0,0.0003402674769525282,0.460092814050832,0.49832975195323387
1-0,1-0,0.0003401999850471374,0.4603561301126199,0.49853971550121984
1-0,1-0,0.00034403952979759135,0.4599972786993604,0.49859366324257637
1-0,1-0,0.0003404471439699059,0.46044273571821087,0.49869119051094635
1-0,1-0,0.00033571841246735073,0.46026918420729207,0.4984371291018176
0-1,1-0,0.0003385721081323116,0.46013479824793546,0.4986373561350087
0-1,1-0,0.0003403292683068822,0.4604357549927938,0.4986862819476511
0-1,1-0,0.00034427218482427233,0.46034145691982864,0.49914444037499506
0-1,1-0,0.0003436144549441436,0.46049671300308126,0.49889751334931187
0-1,1-0,0.00034033604354610845,0.4603627944022166,0.49854622735930026
0-1,1-0,0.0003444136870359979,0.459942391473395,0.4986762398479293
1-0,1-0,0.00034146902124557676,0.4601838531529211,0.49838407839787363
1/2-1/2,1-0,0.00033578209295197936,0.46021864008101765,0.49852370540010543
1-0,1-0,0.00034473112116419,0.4600584952525843,0.4990861744199513
1-0,1-0,0.00034371958423883156,0.4600488083014603,0.49855593597104636
0-1,1-0,0.00034392565558109264,0.46046460895870567,0.49903753815883306
1-0,1-0,0.000344610019810637,0.46014890994040125,0.49913948120232693
1-0,1-0,0.00034471011080733523,0.45992060198961815,0.4988158039217582
0-1,1-0,0.00033567033048074383,0.46027312828217865,0.4984377786740717
0-1,1-0,0.00033551800277651836,0.4602858449827061,0.4984419147692982
0-1,1-0,0.00034287200372468303,0.4603983124204924,0.49861630728708245
1-0,1-0,0.00033804324129042205,0.4601463277095198,0.49863679804807126
0-1,1-0,0.00034379163487723236,0.46048738666728023,0.4989791407745058
1/2-1/2,1-0,0.0003384146425338497,0.46007570752029475,0.49836218168959473
1-0,1-0,0.00033711595062151973,0.46018503118748205,0.4985333186323322
1-0,1-0,0.00033467018753383776,0.46031896397814753,0.49859768357480583
0-1,1-0,0.00033417869546425614,0.46037632010186325,0.4986088129696535
0-1,1-0,0.0003443759484959136,0.45994731068191264,0.49866503001856016
0-1,1-0,0.0003410483410046484,0.4601431039999571,0.4983552845326706
1/2-1/2,1-0,0.0003446454273093717,0.4601244542120202,0.49912873422602066
1-0,1-0,0.0003440585226258807,0.45999428508204593,0.4985966544086724
0-1,1-0,0.00033769010315202314,0.4605307456749035,0.4990542510792482
1/2-1/2,1-0,0.0003350892658868197,0.460322019320408,0.49846859084997175
0-1,1-0,0.0003431462776243669,0.4604472515710796,0.49870348476157855
1-0,1-0,0.00034033599509854945,0.4603660007286801,0.4985544419160382
1-0,1-0,0.00033768386214926704,0.46016220045712936,0.49860028489403224
1-0,1-0,0.0003438812564398822,0.4604737506539905,0.4990188138403643
1/2-1/2,1-0,0.00033426385296707523,0.46036378841441306,0.4986126632780995
1-0,1-0,0.00033916139998795876,0.46006782358102366,0.49833702171210925
1-0,1-0,0.0003411067034516343,0.46014814336594223,0.4983585524530264
1-0,1-0,0.0003445631689029925,0.4601796807890785,0.4991496546521462
1-0,1-0,0.00034046670772790687,0.4601027842579984,0.4983333785847789
0-1,1-0,0.00034090491140513507,0.4601315195002625,0.49834814613578576
0-1,1-0,0.0003394571208616529,0.4603883115263084,0.49897688598881473
1-0,1-0,0.0003346258857481519,0.46035856714989004,0.4985172176281453
0-1,1-0,0.000335421486607233,0.4602940085114782,0.49844609369446036
0-1,1-0,0.00034479505118046883,0.4599420783058119,0.49891948084965504
0-1,1-0,0.00034477392757396673,0.46001750677038294,0.4990468105739887
1-0,1-0,0.00033419119542355376,0.460374109612348,0.49861023259420223
1-0,1-0,0.0003342108691013307,0.46037103672889507,0.49861152928873975
0-1,1-0,0.0003362255273468928,0.46023133262098864,0.4984497712164633
1-0,1-0,0.00033522601267517237,0.4603105674172488,0.49845791878261053
1-0,1-0,0.0003403531721691492,0.4600968768831533,0.4983310951996989
1-0,1-0,0.0003381422759785299,0.46008280675649693,0.49837446801562557
0-1,1-0,0.000344724791918709,0.45992153715626655,0.49882781778408486
0-1,1-0,0.0003350865453190965,0.4602788132720544,0.4985720642623923
0-1,1-0,0.0003376950901012,0.46009886215925727,0.4983976242671221
1-0,1-0,0.00033560427069879973,0.4602786080441757,0.49843919044189916
1-0,1-0,0.00034196196160567904,0.4602455584437151,0.49843641047712955
0-1,1-0,0.00034419304645024395,0.46037702585642987,0.49912779120918166
0-1,1-0,0.00034207885557305647,0.46026252564794634,0.49845252233562876
0-1,1-0,0.0003418652361664759,0.4602322024934674,0.49842425464203327
1-0,1-0,0.0003439177853761643,0.4604663456965864,0.4990342747880171
1-0,1-0,0.000344687353759116,0.4600937196664438,0.49911157702790243
1-0,1-0,0.0003443162089861084,0.459955501894894,0.49864892876464123
0-1,1-0,0.00034362704610439634,0.46006386024915497,0.49854868405141023
1-0,1-0,0.00033508394203349826,0.4602790537301701,0.4985722366497995
1-0,1-0,0.000338156417823475,0.4600823865437382,0.49837379410820815
0-1,1-0,0.0003386792253833448,0.4602435670129279,0.4986949618463847
1-0,1-0,0.00033727159992992013,0.4601187055188577,0.49842245484912856
1-0,1-0,0.0003387623103991296,0.4600698293361454,0.4983487934320126
0-1,1-0,0.00034422458174430617,0.46036332493016885,0.49913507600305634
1-0,1-0,0.0003386364705966616,0.4600715297526857,0.4983533236245934
1-0,1-0,0.00034464466617697433,0.4599206651149692,0.49877222338486826
1-0,1-0,0.00033417669236493925,0.4603767079253714,0.4986085077838043
1-0,1-0,0.00033992043659448426,0.46037058808784737,0.4986476458609205
0-1,1-0,0.00034092290869084155,0.46042163435018413,0.49865736823518436
1-0,1-0,0.00033496254045280535,0.460332431315149,0.49848005231327525
1-0,1-0,0.0003366685947470829,0.46020549298045754,0.49848501290185837
1-0,1-0,0.00034442916211176557,0.4602600306408874,0.4991597143843264
1-0,1-0,0.0003443973035986021,0.460277658743762,0.4991587247652445
1-0,1-0,0.00034084165933407354,0.46012676373109473,0.49834538257484146
0-1,1-0,0.0003441865201628733,0.46037978037001,0.49912618042857915
0-1,1-0,0.00034042452725415384,0.4604423320776441,0.49869147383300777
0-1,1-0,0.0003343659630214952,0.4603514585685907,0.49861114669073836
1-0,1-0,0.00033762687437633083,0.46010176515504614,0.4984014484383692
0-1,1-0,0.0003445286910925566,0.46020136140560514,0.49915469216531017
1/2-1/2,1-0,0.0003409437498482322,0.46013454572161716,0.49834995747034233
0-1,1-0,0.00033653189021899004,0.4601629693706882,0.4984708965697505
1-0,1-0,0.00033456951914684016,0.46032929899815533,0.498602943219104
1-0,1-0,0.00034460145149550905,0.4601546618755203,0.4991416595860155
1-0,1-0,0.00033959920927314574,0.4600719919359561,0.4983292132218071
1-0,1-0,0.0003356542483922919,0.46027445631169234,0.4984380674166638
0-1,1-0,0.000344068963421694,0.4604243496877095,0.499091595502019
1-0,1-0,0.00033650975846992573,0.460164465572574,0.49847241970649814
1-0,1-0,0.0003346627591922417,0.4603558462811686,0.4985126705327176
1-0,1-0,0.0003344662005076294,0.4603697696521092,0.49853848636692694
0-1,1-0,0.00033837670778487296,0.4600765685986442,0.4983638027800269
1-0,1-0,0.0003375179905360067,0.4601688926763273,0.4985808812140061
0-1,1-0,0.000334254477639725,0.4603650052840103,0.49861261244899924
0-1,1-0,0.00033464646120244713,0.46032137221706415,0.4985989712546261
1-0,1-0,0.0003373985642792681,0.4601736273368522,0.4985666691298145
1-0,1-0,0.00033629234911698963,0.4601796558923099,0.49848753958296654
0-1,1-0,0.00034304154679152963,0.4604291476670422,0.4986678794963558
0-1,1-0,0.00034478494059480283,0.46000438829827933,0.4990312836708021
0-1,1-0,0.000342846315731372,0.4603935749644362,0.498609108852687
1-0,1-0,0.0003435723528366563,0.4604959152353861,0.4988782106115512
1-0,1-0,0.00034480385091344964,0.459958151963225,0.49895783136216465
0-1,1-0,0.0003373656087215937,0.46011393285828195,0.4984167282816265
0-1,1-0,0.0003408595678490345,0.4604262579085947,0.4986630121742475
1-0,1-0,0.0003417817723465818,0.46022117379094596,0.4984145606822001
1-0,1-0,0.0003341701955049857,0.46037807907313144,0.4986072556980903
1/2-1/2,1-0,0.0003366647289314814,0.46015418907265665,0.49846182773484005
1/2-1/2,1-0,0.00033558490553320977,0.4602348896974155,0.49853770060186914
1-0,1-0,0.00033629287895949126,0.4601796178047267,0.4984875024282379
1-0,1-0,0.00033442660226285973,0.46034462226478434,0.49860918429015966
1-0,1-0,0.00033557629457086236,0.4602809463769681,0.49843996625398723
0-1,1-0,0.00034005200632421164,0.4600840506319221,0.49832773469816316
0-1,1-0,0.0003447881269682696,0.4599369171797108,0.49890404150809653
1-0,1-0,0.0003413527606980968,0.46017154269366234,0.4983748442592063
0-1,1-0,0.000338602313900274,0.4600720760753529,0.49835461648788254
0-1,1-0,0.00034460148287194137,0.4601546409205668,0.4991416518847868
0-1,1-0,0.0003370991615286515,0.46012798144465905,0.4984332437907463
0-1,1-0,0.00034319019077284674,0.460134145424574,0.4985305710740839
1-0,1-0,0.00034146441927416577,0.4601833501199242,0.4983836927388582
1-0,1-0,0.0003424226405598159,0.46031752872671716,0.49851035320356024
0-1,1-0,0.00034465144702695643,0.45992043050165127,0.4987761778318862
1-0,1-0,0.00033456708923556585,0.4603295525006178,0.49860306294622164
0-1,1-0,0.00034242666585029147,0.46031821517434324,0.4985111349090812
1-0,1-0,0.0003447421060704931,0.4599233877859196,0.4988436631172876
0-1,1-0,0.00034048419035083,0.4604428733122514,0.4986901224914265
1-0,1-0,0.0003403430147149681,0.46009637771193296,0.4983309192125865
1-0,1-0,0.000336112626482988,0.46019286785190877,0.4985002087304818
1-0,1-0,0.00034059145432030957,0.4604407401431986,0.4986844135467972
0-1,1-0,0.0003353330768221468,0.4603015082264257,0.4984509097356302
0-1,1-0,0.0003375926078851871,0.4601659093800032,0.49858968706676965
1-0,1-0,0.0003345880286102356,0.46036131395844243,0.4985220183810727
0-1,1-0,0.0003378881642418785,0.4604764599016707,0.4989776093630627
0-1,0-1,0.0009803531500972775,0.43960736967078334,0.4885724403898702
0-1,1-0,0.00034041695450951214,0.4604421312596499,0.4986914894603006
1-0,1-0,0.00034332389122915675,0.46047419150318725,0.49877076178372703
1-0,1-0,0.0003435293488265841,0.4604940876386384,0.49885872575078155
0-1,1-0,0.00034221721390614623,0.46028376766446866,0.49847379310303896
1-0,1-0,0.0003430650652902769,0.46043330430206775,0.4986756174394015
1-0,1-0,0.00033508444235066714,0.46027900750813056,0.4985722035272883
0-1,1-0,0.00033732436851027575,0.4601160014274904,0.4984192263470159
1-0,1-0,0.00033803954079527964,0.4601465032710995,0.49863650334765597
0-1,1-0,0.0003434519968650093,0.46048853097742043,0.4988244896407156
0-1,1-0,0.000344560045866349,0.4599262282366993,0.49872990314513643
0-1,1-0,0.00034350316730503863,0.4604925146833261,0.4988470089534357
1-0,1-0,0.00034062405794873374,0.46011199146096243,0.49833754558375815
0-1,1-0,0.00034350326362723814,0.4604925210734683,0.4988470518335894
1-0,1-0,0.000334172611030899,0.46037754431073385,0.49860777904719156
1-0,1-0,0.00034286319065809933,0.46039668762803837,0.49861382014792865
0-1,1-0,0.00033505327029344353,0.46032499991191345,0.4984716986813066
1-0,1-0,0.00033748886263121884,0.46058946569479225,0.4991399683239022
1-0,1-0,0.0003445795297075499,0.46016911817973927,0.49914656894750337
0-1,1-0,0.0003434756459311551,0.4604905146502305,0.4988348306382003
0-1,1-0,0.0003385562625408555,0.460133888625985,0.49863826063152605
1-0,1-0,0.00034298096290732814,0.4604182668006433,0.4986486160644665
0-1,1-0,0.00034344134540417043,0.460487561961918,0.49881987176616727
1-0,1-0,0.0003433936514030163,0.4601016578598454,0.4985360406451025
0-1,1-0,0.0003403546555909636,0.4600969501825665,0.4983311212836724
1-0,1-0,0.00033432756156752803,0.46035594287585824,0.49861205550350546
1-0,1-0,0.0003414246525002694,0.46017905764784756,0.4983804303661479
1-0,1-0,0.0003420791661479698,0.46026257193013825,0.49845256732981424
1-0,1-0,0.00033620809937725274,0.46023249163553337,0.4984487800537681
1-0,1-0,0.00034480412450711077,0.4599637400235693,0.4989689426635537
1-0,1-0,0.00033935501248749775,0.46006880776158354,0.4983328614638594
1-0,1-0,0.0003342646015199838,0.46036369213583495,0.4986126653425972
0-1,1-0,0.0003392099404116656,0.4603804348709643,0.4992639869044421
0-1,1-0,0.0003436063920034852,0.4604966404282303,0.4988938029970407
1-0,1-0,0.0003436959081647396,0.46049514094335225,0.498935179794427
1-0,1-0,0.00034029320413261384,0.4600939985393007,0.498330121741279
1-0,1-0,0.00033932410451731034,0.46006856119343786,0.49833345292325165
1-0,1-0,0.00033436048994387574,0.46037645491742124,0.4985543924977455
0-1,1-0,0.00034171211189352595,0.4602123180937649,0.49840700104264696
0-1,1-0,0.0003445244117268844,0.4599296022583727,0.49871502270475576
1-0,1-0,0.00033614397685543255,0.46019052160568313,0.49849799037159415
0-1,1-0,0.00033465330761720495,0.46035654776516793,0.498513824255777
0-1,1-0,0.00033553488330731484,0.4602391135294832,0.4985412319678874
1-0,1-0,0.0003418443767610176,0.4602294032369202,0.4984217648230222
1-0,1-0,0.00034466817534234596,0.4599200391521257,0.4987864071412467
1-0,1-0,0.0003351996391457565,0.46026848119443187,0.49856448076657245
0-1,1-0,0.00034373760790227636,0.46049259131141296,0.4989544402713024
0-1,1-0,0.0003381117864740549,0.46008373153739984,0.4983759338270974
1-0,1-0,0.0003406785761711573,0.46043714314642986,0.49867815439202673
1/2-1/2,1-0,0.0003342195406436438,0.46038335519347945,0.49858033353078396
0-1,1-0,0.00034363381352097805,0.4604967256720731,0.49890644195761163
1-0,1-0,0.0003379998655137456,0.4601483725404705,0.49863318552946145
1-0,1-0,0.0003417973811462212,0.4602232015226191,0.4984163197722391
1-0,1-0,0.0003365157284500852,0.46016406104845087,0.49847200852123097
0-1,1-0,0.00034430568149001166,0.4603252503055933,0.49914978826828327
1-0,1-0,0.0003445611998969626,0.4601809396398254,0.4991499945830972
1-0,1-0,0.000343766726801283,0.4604900597122244,0.4989678025810662
1-0,1-0,0.0003402946877231188,0.46042786242858624,0.49867626219879857
1-0,1-0,0.00034468001088518337,0.4600992725295972,0.49911499810432763
1-0,1-0,0.00033729231694046063,0.46011763626544216,0.49842118309491906
1-0,1-0,0.00034221635356156913,0.4602783076948311,0.4985541781793503
0-1,1-0,0.000343432773388523,0.46048674940408474,0.4988161739656378
1-0,1-0,0.00033609491369436875,0.46019420113454385,0.4985014633697229
0-1,1-0,0.0003440514419384923,0.4604301317653504,0.4990856129486128
0-1,1-0,0.0003342145161036761,0.4603704999566251,0.4986116940068876
1-0,1-0,0.00034318683617364594,0.46045391244936296,0.4987180794008186
0-1,1-0,0.0003348667277555088,0.46029955893570207,0.4985861702516464
1-0,1-0,0.0003424608875956337,0.4603240871276143,0.4985178891661277
0-1,1-0,0.000340662164611965,0.46043791941586804,0.49867940614817485
1-0,1-0,0.0003402728290781781,0.46035451822537643,0.49852724402445586
1-0,1-0,0.00034033194639683224,0.4603709003676544,0.4985666130266496
1-0,1-0,0.00034478576933962354,0.460003309771857,0.4990299289445765
0-1,1-0,0.00034371423652439085,0.46049417302656886,0.4989436576209333
1-0,1-0,0.0003394699877511893,0.46007003048733136,0.4983309130123103
0-1,1-0,0.0003408393524504971,0.4601265942896319,0.4983452860703232
1/2-1/2,1-0,0.00034190051449970723,0.4602370020704654,0.4984285702336342
1-0,1-0,0.00034034327706991747,0.4600963905450773,0.4983309237007343
0-1,1-0,0.00033759764195185943,0.45917816841945047,0.5024063675752023
1-0,1-0,0.00033416340247125284,0.46038297303154085,0.49859792152034677
1-0,1-0,0.00033620847706453274,0.46023246639996584,0.4984488011574815
0-1,1-0,0.0003444805695417084,0.46023042159817845,0.499158753108945
1-0,1-0,0.00033627129276270115,0.46018117367870454,0.49848901718514227
1-0,1-0,0.0003443515937048211,0.4603019859469394,0.49915534948433365
0-1,1-0,0.000341007770517289,0.4601397128626456,0.49835313896914957
0-1,1-0,0.00033455068549263577,0.46036397261721906,0.49852689264393657
1-0,1-0,0.000342533837589861,0.4602338087140452,0.49853916275872096
1-0,1-0,0.00033919775338683985,0.4600679076553035,0.49833615921255786
1-0,1-0,0.0003432956068187049,0.46047034920697616,0.4987594681273447
1-0,1-0,0.0003428234084519733,0.46038934826229655,0.4986028192674199
0-1,1-0,0.00034053780650236866,0.4604421967007914,0.49868764264297805
1-0,1-0,0.0003401653580964739,0.46035754992035727,0.49854888827120386
1-0,1-0,0.0003341842828952879,0.46038396864739406,0.4985894022698721
1-0,1-0,0.00034141269241514207,0.4603763770894781,0.49861323528554813
0-1,1-0,0.0003349954923891684,0.46028729603460744,0.4985780255364651
1-0,1-0,0.0003447408855352931,0.45992322458236107,0.4988424739135416
1-0,1-0,0.0003425354429221582,0.4603370922576147,0.4985332977372374
0-1,1-0,0.0003406662518106891,0.46043773000831395,0.49867909709089747
0-1,1-0,0.00034041012884705697,0.46044191839502485,0.4986914641322429
0-1,1-0,0.0003429551630118558,0.4604135750285332,0.49864069950259327
0-1,1-0,0.00033828524154867897,0.46007881648272675,0.49836783360493886
0-1,1-0,0.0003432511729776099,0.4601244680916592,0.4985317273462814
0-1,1-0,0.00034344241360381386,0.4604876611927902,0.4988203337339915
1-0,1-0,0.000334454845533075,0.46034151783934607,0.4986081032443826
0-1,1-0,0.0003447422294560052,0.4599234045997234,0.49884378402438984
1-0,1-0,0.0003361717817803315,0.46018845528330554,0.49849602552483036
1-0,1-0,0.00034071152567671786,0.46011763858436944,0.49834039471846975
0-1,1-0,0.0003382904294446375,0.4600786825493227,0.4983676004326553
0-1,1-0,0.00034420694752442573,0.4603710655550546,0.4991311052887067
1-0,1-0,0.0003355688780886667,0.4602362385819228,0.4985388332093603
0-1,1-0,0.0003357213906785816,0.46022357392322516,0.4985280225161145
0-1,1-0,0.0003342051990670215,0.4603837359055279,0.49858371858952494
0-1,1-0,0.0003442065710837596,0.46037122861680263,0.4991310176607101
1-0,1-0,0.00034254066069531173,0.4603380127217017,0.4985344128810757
0-1,1-0,0.0003378817001149467,0.46015376389901663,0.4986219291170226
1-0,1-0,0.00033428710216999036,0.4603608506355196,0.4986126088362537
1-0,1-0,0.00034447241031489194,0.46023521805586776,0.4991591278884492
0-1,1-0,0.0003382759152971521,0.4600790591859355,0.4983682541341336
1-0,1-0,0.0003430649504558126,0.46043328411509543,0.49867557929821477
1-0,1-0,0.0003447812021451293,0.4599333051915814,0.4988917096997195
1/2-1/2,1-0,0.00034443614620117285,0.4599395779105792,0.49868334376535267
0-1,1-0,0.0003432173892434569,0.4601298362256852,0.49853103821169376
