PC1,PC2,Result
-2.1012789256971462,0.41601759879892014,1-0
-0.11741304786413416,-0.3749848276984281,0-1
-2.6641755034088423,0.2256097174264654,1-0
1.5001643901169885,-0.0495668277025578,1-0
2.35342798229602,-0.24709801621788763,0-1
0.20689511987961928,0.3183157032136151,1-0
0.15327031706758093,-0.7098877227242151,1-0
0.8755849980616897,0.048256284707067026,1-0
0.12760572307134035,-0.09925596336756355,0-1
1.2951268811568597,0.00743026184610274,1-0
-0.8751632822544039,-0.49945098928885984,1-0
0.7890028906382933,0.2380896789510883,1-0
-0.4037470075968525,0.29323168391007776,1-0
-1.3046067388109701,0.27626961007001755,1-0
-0.5661884301110676,-2.7881272724359323,0-1
0.34609980589331146,-0.8620076016811742,1-0
4.638522683931602,-1.3544984585476316,1/2-1/2
-1.5669978021208668,0.0535028020856009,1-0
2.5400827001726016,0.11915831749081915,0-1
-0.6769742038774376,-0.7879855426578211,0-1
1.1232291373913945,-0.1899914081459229,1-0
0.27891881995445605,0.1602535879018655,0-1
-0.13881388858162788,-0.16468625289061167,0-1
-3.072177482264248,-1.1181489440930539,1-0
-0.914334751705485,-0.12274695179079244,0-1
-0.959198539592296,-0.06558228849239058,1-0
0.8066049449685935,0.2701890056308399,1-0
0.5398478641571028,-0.41258190332384037,1-0
0.29635360030733165,1.1117146398303341,1/2-1/2
1.9315380821237025,0.0013153603936290077,0-1
-1.0706901233493114,0.19252498450727432,0-1
1.0274475418282227,0.9118873175681713,0-1
-0.24927844633873505,-0.4272680148115908,1-0
-3.8855262775141046,0.10935254086246197,1-0
2.015307450081368,0.19193194711405792,0-1
0.9569996055365486,0.05366133841299993,1-0
0.6712240916232298,-1.3163406183185504,0-1
-1.11647607538808,-0.15398329677830686,1-0
1.7293944455780144,-0.9845287651958503,1-0
-0.04055719609318794,0.3643704519505095,1-0
-0.6194630045696382,-0.5227890832702474,0-1
-2.0961158748662325,-1.0907493045251067,1-0
-1.60324106589291,-0.42866214919662315,0-1
-0.6959236935837847,-0.5651006865501904,1-0
-0.8020755541689302,-0.1352758030832024,0-1
-0.117121428013213,-1.02304599922583,0-1
-1.3743634974834478,0.015221110612921649,1-0
-0.788228269835685,0.18173284485634197,1-0
-0.15271865754127115,0.5635332550785117,1-0
-2.8959181732825856,-0.13500365279526474,1-0
-0.0860933649309813,0.1563890011402427,0-1
1.1022507395581767,-0.21467128203319266,1-0
-0.9983234893933244,0.5598348130149075,1-0
-0.5893070347610764,-0.1683653432120702,1-0
0.6831370520585409,-0.013686292324099831,1/2-1/2
-1.047637753030763,-0.36897201580848,0-1
-0.323237770737368,-0.004417157323649528,1-0
0.3945256255748591,-0.010127259326100493,0-1
-2.456284200055557,0.12884438653483465,1-0
-1.61574861658685,-0.8638712308942585,1-0
-1.0949396931060345,-0.02590195143525977,0-1
-3.3348124646837918,-1.194886181683963,0-1
-0.009067011474096574,-0.07077104665474458,1-0
-0.9617273964749378,0.9135941386673481,1-0
-2.0952506040149728,-0.02071180929169353,0-1
-0.39504215835595174,0.1543611016539539,0-1
-1.4590546084815395,0.03354602929099752,1-0
0.7920478163030651,0.7867278469404094,0-1
-1.5091885058022878,-0.18757974094322666,0-1
0.8743207422516451,0.34444029626867706,0-1
0.5286327674727257,0.14865463233681553,0-1
-0.2569727210215316,0.34073405455262,1-0
0.3707011350852262,-0.131822640899691,1-0
0.9794332573285266,0.24505525124392713,1-0
-3.691219409593303,0.0070887160542100576,0-1
2.07952580743935,0.19123790812927077,1-0
-0.5301774718138574,0.1570090413614079,1-0
4.487611151116166,-1.7746050183560715,0-1
0.1596370444965278,-1.2949485206789528,0-1
1.3091595116871444,-0.009536203441449315,0-1
0.40945216478366214,-0.04213591375758829,1-0
2.0630142577818114,0.6405341260256252,1-0
2.8684738031324386,1.41980411076463,1-0
1.565601784060825,0.12569899362052883,1-0
-1.4718900395736492,0.830436430836838,1-0
-0.6398189592072615,0.2645238315020877,0-1
-1.8414824349568584,0.6606913278633668,1-0
1.1769789564193802,0.09282384456341881,0-1
-0.5705535327083925,0.6137683562873588,0-1
1.0932042568619875,0.11968429228226309,0-1
2.4712945245425515,0.9122315748160863,1-0
-0.3380490558725168,0.06148925215553946,0-1
-0.014199342329368196,-0.05549663345354865,0-1
-0.7999424545365602,0.20461567435687428,1-0
0.1453540935457167,-0.2743118000898878,1-0
-0.636796479030749,-0.08433021388527795,0-1
-3.190420981925065,-2.263627240647378,1-0
-0.4642298700114464,-0.0617149187448398,0-1
-0.5716272655874015,-0.003097512145841228,0-1
-0.6248701834820785,0.00507617760125654,1-0
0.2345428485441085,-0.310730263088164,1-0
-0.2828097472129838,-0.5405214573540359,0-1
-0.9417975335416355,-0.20420117519718098,1-0
1.07573875653347,0.6597157304766254,0-1
1.6065746690603295,0.3939273366902938,0-1
0.06263216903398443,1.0816210779087976,0-1
1.2282109052839005,0.2969636780160176,1-0
-1.3272046458437385,-0.16784739255343067,0-1
1.0800546055649665,0.3055459196503784,1-0
-0.9266900245722108,0.7549574314987411,0-1
0.7233233934873919,-0.44857609537802046,1-0
0.9272617811925967,0.1515764023236767,0-1
1.662424212787171,0.3030792046875244,1-0
1.7401106059438516,-0.08527329897861687,0-1
0.6202375495232674,-0.05681124694132862,1-0
-0.12687874573608487,0.14719559311690578,0-1
-0.4569844607689019,0.20943669804492607,1-0
0.24709366943675654,0.18425611131249336,0-1
0.4235656047429347,-0.0985958356808947,1-0
-0.5310503468100479,0.4592675226777089,0-1
1.7440605028552971,0.3898936874692933,1-0
-0.07354491417534736,0.570682090130918,1-0
1.3740053372767593,-1.776157928572358,1-0
-1.9864677013410905,0.06844928729124454,0-1
-3.3162293343619194,2.316519179795987,1-0
0.9504330326620138,-0.04665136865851312,1-0
1.5014409113292408,-0.9188351233033517,0-1
-0.967230283433615,0.08507916144018816,0-1
-2.8344441630615127,-1.220502591450185,1-0
3.5304308283247225,0.3292072059475473,0-1
-0.2900471126240073,0.30198274849996104,0-1
1.890345539405392,0.11917927769452871,1-0
-1.86702984442902,-1.1000376715157751,0-1
-0.6645651927373206,0.35176995532700195,0-1
1.2132067843546233,0.3213121868880518,0-1
-1.1998349206011247,-0.39330245219115667,0-1
0.5307504312682956,0.23486950081930125,1-0
-1.0458354550002358,-1.2530451250539936,0-1
1.4017226394201403,0.24245767183888162,0-1
1.2969913791772092,-0.35932583027995835,1/2-1/2
0.6966072458546011,0.1916652912680705,1-0
-1.4869808340232424,0.6097219954758049,0-1
-3.275628284148851,1.256190570060098,1-0
0.3125821466961115,0.17193446163491785,0-1
0.25377992692751145,-0.2433423204052089,0-1
-1.9514766942226849,0.022697248441847218,1-0
-0.6926814798394876,-0.3006241382892144,0-1
-3.9756180329908566,-0.07658960566893999,0-1
1.7083441614616601,0.2521831260926238,0-1
1.5343166788952387,-0.20677526470766275,1-0
-1.7749602100347674,0.2843901565287789,0-1
2.612993028300747,0.6954522120469128,1-0
0.6255139812513318,0.0016636233738578719,1-0
2.759713655619429,-1.9123304202754676,0-1
0.9589484286830312,0.08736427861144072,0-1
-0.1764346373629085,0.08293674178757394,1-0
-0.35233443106649015,0.2380992068170325,0-1
2.277310094040123,0.11045396549452831,0-1
5.728934330737065,-0.8257626408117893,0-1
0.07240177390189464,-0.42561542497170546,0-1
1.4061513182821288,-0.9218411498672361,1-0
2.3840978087832023,0.2787967901982354,1-0
0.31301032054881534,0.09600405498162974,1-0
-2.848440728169319,0.6050622195711743,1-0
-1.7765009346797918,-0.6420421182896546,1-0
2.572144356051839,0.5730160638714391,1-0
-0.7136496185699016,0.5074473635488206,1-0
-0.9144458197395431,-0.733380944828041,1-0
0.6391128400833849,0.027087881524819654,1-0
-2.121708276015647,0.6189341300222544,1-0
1.5271900394234936,-0.004076637489471222,0-1
1.6862011929323515,0.17840005103005063,0-1
1.403886668000032,0.21578787200215752,0-1
-0.18651421912221286,-0.4715062626911781,0-1
0.9354499454150647,0.26491343238588627,1-0
0.23516972228226912,-0.060546368265475596,1-0
-2.014221991648093,0.5244752207378651,0-1
-0.36870963569412557,0.13459497674147072,1-0
2.6646930603852654,0.8050841749174295,1-0
-0.7888213692716303,1.0216288886669127,0-1
-1.2356999482758515,-0.40455113557573247,0-1
-2.6857995716484346,-0.3812854168728994,0-1
1.2829479740674006,0.20317571856053301,1-0
-1.5339214614929086,-0.4396670564342458,0-1
1.43958191843742,0.9401966363984446,1/2-1/2
-2.880299519866334,-0.33550683682443316,0-1
1.7274689472341216,-0.012497006121377668,0-1
-3.5714917301578364,0.721307458330307,1-0
-1.337401487976101,0.6496475076846046,1-0
-1.4437779523581864,-1.4580011078533097,1-0
0.8164933737134514,0.00013622727588401992,1/2-1/2
1.4581321383641228,-0.040820779779199394,0-1
0.3476340751213081,0.15873187752767517,0-1
-2.1646458411099663,-0.5492882121860301,0-1
2.0136190515924843,-0.37428760498903163,0-1
1.5054363695596564,0.3346275629481285,1-0
-2.074570800153045,-1.101790236989517,1-0
-0.3035028830204982,0.11655692914213128,0-1
-2.3811077880965525,0.4138745539272729,1-0
-1.3807226780413846,0.10190042720992774,1-0
-0.03647433672608372,-0.027707139706729087,0-1
-3.3868981280386783,0.7217927769436163,1-0
1.916713443300136,-0.592867644830255,1-0
-0.5664640057846085,-0.3849332026238379,0-1
2.356367570895162,-0.15004579922401695,1-0
-0.08317939542246429,0.16643608747022426,1-0
-1.23661596034785,-0.036561588135429646,0-1
-1.4917692944091125,0.3846963432006273,1-0
-1.986081706233112,-0.47133268903238124,1-0
-1.073127184083789,0.07435610861477704,1/2-1/2
-1.6294370345529534,0.16323474058997395,0-1
-3.467167246306519,-1.6908945080414566,1-0
-0.331594718335002,-1.0441806108618867,0-1
-0.9090671455314618,-0.05065816249517232,1-0
-1.1089444892744111,-0.20283480240227678,1-0
-1.2084144115312982,0.2506195285095326,0-1
-2.3997035693422255,0.6165962703013468,1-0
0.8867093900518854,0.18029077513133143,0-1
0.3798320760304481,0.059789175936378905,0-1
0.34774285203510413,0.0508474634643755,0-1
-1.6392433751857922,0.8785616246864735,1-0
-0.5820625621067835,0.8684582828734518,0-1
2.20866802558227,-0.4285591534283105,1/2-1/2
-2.929914250651566,-0.8387279486414017,0-1
2.8723365868369783,-0.836043646214004,0-1
1.121631785691472,-0.19904241466087885,1/2-1/2
0.22271103963256486,-0.402438474045315,0-1
-0.5669266242819788,-0.3823940076540053,0-1
0.20595207691106457,-0.010975801214292744,0-1
1.7520422330922492,-0.21334394193135564,0-1
0.968515245217698,0.06626193976493151,0-1
0.18038951642296125,0.09897265731401088,0-1
0.2588788255753474,-0.09825710056660998,0-1
0.4675710200498766,-0.471401375119221,1-0
1.592392130839845,-0.8213263775993409,0-1
-0.891790085985597,-0.08405252644020651,0-1
0.21804470984890828,-0.07525912568071924,0-1
-2.1552152364823023,0.10791825576640068,1-0
1.4717167069195067,0.09018607296444557,0-1
-1.190750344440224,-0.08880596703587688,0-1
2.840937736995479,0.6433724891348479,1-0
2.267329451203343,-0.7720103787903401,0-1
3.2731431159480584,-0.07419390253377017,1-0
1.5694118775191432,-0.16020055611188364,1/2-1/2
0.5257410344805888,-0.08883145346250938,0-1
0.6569389254011356,-0.014799450811027228,1-0
1.3688780097735431,0.28876774881242206,1-0
-1.7513330617308083,-0.07308632268687525,1-0
3.188188197718123,0.1622034979157219,1-0
1.9302358659718462,-0.2158443286884727,0-1
-2.5420365695585714,0.08215036558655693,0-1
0.6681230358640703,0.6644397859971004,0-1
-1.5212887614601207,-0.624337789138075,1-0
1.85845163272126,0.12190773656526936,0-1
1.9079531915812205,0.18481828758905458,0-1
1.4266786136609806,0.18680748359105193,1/2-1/2
0.7139437714745123,3.9720268263487633,1-0
-0.5475045449640891,-0.2621727741616281,1-0
-0.8831971082441057,0.05762326638920091,0-1
0.8856889743347358,0.9682703379900001,0-1
-2.490659583233006,-0.40563252674021794,1-0
-1.583288681622369,0.3504576043345411,0-1
2.7308236382477014,0.17169181617410317,0-1
1.4833940227325533,-0.8501147341471141,1-0
-2.1429275524790468,-0.19571161501132928,0-1
-0.203126808425716,-1.1611132484542144,1/2-1/2
-1.712336910088673,-0.6440844575799884,1-0
-0.8547792084340142,0.6436908465492724,0-1
0.45278325011413917,-0.14816640273207754,1-0
0.7641300742206238,0.09885032247172919,1-0
0.5913649201815955,0.11171845818375492,1-0
0.9980721756500074,-0.023397531254148674,1-0
0.12721871552613098,0.20677516823281172,0-1
1.8189353779553565,1.7406732223368828,0-1
-0.8914796477236311,-0.16399295887678508,1-0
1.116324425015886,0.1090439923007354,0-1
-1.367788232177772,-0.0235884601230227,1-0
-1.6080572275177876,-0.3342801263902077,1-0
-1.6044302432423947,-0.3310196363125653,0-1
-2.3485695655380563,-0.49082906092767675,0-1
0.24513938156764645,0.24252184672630206,0-1
-0.12351476522718478,-0.5226518031568154,1-0
-0.4665722351369177,0.9427455987380765,0-1
-1.8747376631970558,-0.24371888048967827,1-0
2.9246637016315367,0.6487034243252312,1-0
-1.0119811873837858,0.09544829437630907,0-1
1.479749672169936,1.2982066806011474,1-0
-1.645263213408703,0.05123754212359951,1-0
0.2760748094464238,-0.3431747255299374,1-0
0.5843925430936374,-0.01459448287678961,1-0
2.1025451449191634,0.16662561733438253,0-1
2.686658286862466,-0.15945361334261512,1-0
0.9264831265877328,0.20051634651531364,0-1
0.7176976483101288,0.06130714889683261,0-1
2.1758900699537227,0.04543779383059912,0-1
-0.3951210187594571,-0.33806660628279755,1-0
-1.9638055662762655,-0.13986297922892665,1-0
2.6785226936104274,1.1493206608178412,0-1
-0.3232233473377987,0.015508606910691091,1-0
1.0252843167136827,0.04737674928211555,0-1
-1.2965140736628602,0.1581576148795934,1-0
0.32080907472574227,-0.09256517578194061,1-0
-0.7548378421257155,0.17408340168719671,0-1
1.080818836770261,0.23668021122440083,1-0
1.4315899322654366,-0.9265650856357837,1-0
-0.6502376929047703,-0.1243219101817433,1-0
0.48259084306175437,0.008943442620383256,1-0
1.2574926455642617,-0.5305445170058083,1-0
0.552795796832033,0.2475269828733059,1-0
-2.732644336206133,0.2873035016441543,1-0
-0.510581220247153,0.11226516869855681,1/2-1/2
-0.6535141964280028,-0.10059193779773457,1-0
-0.5587684524187806,-0.6681677096107509,1-0
-0.11346962811254682,-0.041600010361518794,1-0
4.825705336623821,-0.4100368902101202,1/2-1/2
0.7699910460763928,-0.41794021438917384,0-1
0.10590105437463918,0.45827357181485606,0-1
-1.5077919361362049,-0.09823023015876522,1-0
0.4718694269451692,0.3265878648614295,1-0
-2.1157375148088513,0.22801002382130203,1-0
-1.8735639789582923,0.27887649286065563,1-0
-0.29477228156607216,0.19019983637692026,0-1
1.167540804920706,-0.06600114203128049,1-0
0.3699832686642529,-0.17584160079292332,1-0
-0.8803975134949126,0.1420150835677078,1-0
3.0192974410184488,0.2361656687707223,1/2-1/2
-1.424356521639917,-0.0850017739097122,0-1
1.3880681691381929,-0.2690824489949247,1-0
-1.282013626158378,-0.20433343864408832,0-1
3.1030135676632336,0.021359678218288953,0-1
0.5579281276873046,0.23225256967211,0-1
-1.7859959004624124,-0.7723276759254898,0-1
1.2960231382295613,-0.16300801538926749,0-1
0.3358530832794826,-0.37158052208418546,1-0
0.8489216737980209,-1.15594217706604,1-0
-1.1805534264588826,0.09312198674509439,1-0
2.0305232607469086,-0.3327417907533974,1-0
-1.5000686815313693,-0.7008724122272711,0-1
0.8786564794053382,-0.08177242593547877,0-1
-3.872878945109868,1.0695387852390035,1-0
0.3890394531360132,-0.10019806521837163,0-1
-0.06362305322305382,0.14026967873616714,1-0
-2.1746760796073548,0.3655336897530916,1-0
3.6467530729551636,0.996066528394814,0-1
1.949031359540207,0.14129910113668023,0-1
2.5106354832423405,-0.6647386348491564,0-1
0.3268553137617986,-0.30550570417937406,0-1
-1.4938647216883023,0.07104247524879821,1-0
-0.7535024817550551,-0.25622263342596063,0-1
-0.7873086847926205,-0.6202187088156873,0-1
0.38805806747182725,0.5609615478152765,0-1
-0.9841025512032872,-0.08927708534899648,0-1
5.105151377517614,-0.6785989517276448,1-0
0.9218342389402798,-0.624463355926988,1-0
2.5258993584867655,-0.20491502867603578,1-0
-1.578024458022591,0.10810226349692868,1-0
-1.0127458365328392,-2.0855484228897736,1-0
-0.21402344475943696,0.1977493039122091,1-0
-0.5582725921107962,-0.08266040125541955,1-0
-3.6547399825545024,-0.283325634545372,1-0
-1.8209766484780143,0.106175738649212,0-1
1.0947614329488156,-0.1037039549280345,0-1
-0.6258219188817743,-0.18509304901919393,1-0
2.1523415730813893,-0.22958923186302552,0-1
-2.6128083550745496,-0.4823101006431262,0-1
-2.910184960780224,-0.751293545390395,1-0
1.365422827609951,0.039848867169569285,1-0
-2.9137787790939815,-1.1659303861618797,0-1
-1.122444466457862,0.31763409483262767,0-1
-1.9559403363738328,4.129139293452326,0-1
3.3264152227366535,1.207923507860867,1-0
-1.6057567780590136,0.08567247982015838,1-0
2.234735484072052,-0.4789309854452588,1-0
0.6079584821021744,-0.8917265079900625,1-0
-1.066709164367444,0.42663905250540746,0-1
-0.8884379497673729,0.43179881130774395,0-1
-0.7062657821490711,-0.18061427337881186,0-1
1.1160282770305892,0.0834018301446308,1-0
0.0229768601741568,0.284806178859719,0-1
0.1727104686050854,-0.004279877210217405,1-0
1.3886870966366422,0.102957850704424,0-1
1.7768254686330374,0.7423362706817813,1-0
2.706427334403144,-2.0894423820584156,1-0
1.3956207889341896,-0.030717662446529355,0-1
-0.504358626113165,-5.937450132279463,0-1
0.7546536744503552,3.8032366565685813,1-0
0.7896724835085027,-1.8273199180422857,0-1
1.0079015562645774,-1.8573437829427712,0-1
1.0750226657560387,2.7125016369621853,0-1
0.48074162918024677,-1.3694695643339776,0-1
-0.7891244696344654,-0.5217433731002703,0-1
2.15190900421721,-0.7018538000662201,1-0
0.603520116946872,2.0512810960112513,0-1
-0.09172530244724413,2.6488441431691316,0-1
0.3060109915810527,-1.3654150596376915,1-0
4.430467565024116,0.975495581744955,1-0
1.2280976002357287,-0.26885524160418933,0-1
0.23355810204850846,0.27207459331366823,1-0
-3.3335579710160403,-0.7117842649693835,0-1
0.41961141041182337,0.11355443053513536,1-0
0.08304373512150234,0.7804240258193068,1-0
0.3789945822671758,-0.33023314035962076,0-1
-1.4127476740046718,-0.559470554405695,0-1
-0.5030784268264745,0.7868956151234954,1-0
-0.23939964661327015,0.20747349393666667,0-1
0.35175359440436166,-0.44085894936456616,1-0
1.242688236957672,0.05366913806545273,0-1
-1.6679330284674385,0.6324229311744783,0-1
-0.2152414116341392,-0.6183742068643969,0-1
-1.000911394406254,-0.02488223315902062,1-0
0.09138125596751127,-0.24938954906038074,1-0
-0.7052862696613884,0.6895701321790523,1-0
-1.395204537849532,-0.32850836652301396,1-0
-0.3041650807176557,-0.3152606632602392,1-0
-1.9428404680253168,-0.011939039527140096,1-0
-1.3710328701652315,-1.1320917743115706,0-1
1.8756396486097946,-0.23724285702281445,1-0
-1.868127687000913,0.04187947811188034,0-1
0.4043911474608857,0.9639476887380904,0-1
0.32955537826276887,0.4857710580644868,0-1
-1.7192816432115445,-0.21589057853014315,1-0
-1.225419717605608,-0.05591499419350963,1-0
0.42755851945439577,3.7028995961119016,0-1
-0.7615861882262233,-0.026216198388946326,1-0
1.60758919894332,-0.9146980005386132,0-1
-2.1529003063500376,-0.3261178689808753,0-1
-2.480765347670741,0.48278559096563056,0-1
-0.6316563350586667,-0.3469693907901578,0-1
-0.8804996228520288,-0.3567244696229505,1-0
-3.8270626151902367,-1.3258849952713,1-0
-0.12895974961570542,-0.14653251060058267,0-1
1.4928968774809643,0.03222891380404343,0-1
4.696617562627833,0.10052745697861487,1-0
2.2676989375955965,0.711942662106748,0-1
0.8770192400809526,0.16384340497977595,0-1
0.9598701717234573,-0.12157722678706412,0-1
-1.6921568460106364,0.6265094847228572,1-0
-3.1384586954332567,0.1736264572148718,1-0
2.290250656393757,-2.9970296736114643,0-1
1.3997060725444561,0.42123151182380386,0-1
-0.3342855934443204,-0.36254234691171067,1-0
0.3778275083111708,-0.5855379857719301,0-1
1.3114012551104102,0.09696250110830396,0-1
0.43270659581908116,-0.19916385596555025,1-0
1.4919350378441953,-0.6290939562132712,1-0
-2.683431378460459,-0.1738095908458965,0-1
2.6928704236599543,1.8516254556042409,0-1
2.6494130975366468,2.9816100359475106,1-0
2.9545387503197222,0.10623039833886475,0-1
-0.22946026767579378,-0.3756751142459751,1-0
-2.3957338819003926,-0.21579188214907494,0-1
-1.8450798448167405,-1.1933208558873807,0-1
-3.125131799044638,-0.58595161083212,1-0
0.9128955175528836,1.0055049353114902,1/2-1/2
-3.7014517846565416,-0.481981294133467,1-0
-2.5578406450208404,-0.38279419117618463,0-1
-1.583929921486178,-0.7935665499144707,1-0
2.619859780334444,-0.11692688904345734,1-0
-1.6434887497400834,-0.6389362508673448,1-0
-0.46139676720583844,0.8617401194128786,0-1
0.5278298514770201,-0.042468113448704874,1-0
-1.6290755129754686,-0.10429316284726671,0-1
-1.2975613081369137,-0.26346063699349087,0-1
0.9983683236353043,0.0022446309019558915,1-0
1.436055688987133,-0.04851471688484371,1-0
0.12733188745140261,0.6470857290259949,1-0
1.4442009468485033,1.4915739656488145,0-1
-1.9687447950916082,0.16798605223347152,1-0
1.17187768763453,-0.13295466068516232,1/2-1/2
1.465609777232521,-3.2320633795235563,0-1
-0.09732384334601021,1.2272824083608975,0-1
1.0652644113860665,-0.2152458738900501,0-1
1.0442995221069973,0.7817613992541936,1-0
0.3760839735900728,-0.2619254700577864,0-1
0.23971204828720888,0.5914133013216676,1-0
-2.219331693455047,-0.5175793649041839,0-1
2.0977343721679342,-0.830383889490458,0-1
-1.269924638872807,-2.471325586607367,0-1
4.017061217021025,-2.1374138467903285,0-1
-0.9226304900076966,-0.642854859431411,1-0
-1.4266505697878116,-1.3625950650280838,1-0
-2.7439527166935846,0.3361865651337181,1-0
-0.009161231865423008,0.18254749046991944,0-1
-0.9021033277517448,0.3402854151998534,0-1
0.31803481107854265,-0.5770579534520225,1-0
-3.2495314061092895,-1.0065306879583955,1-0
1.7133710762345495,0.4231478835865434,0-1
-3.5041055889164965,-0.06914663416717205,0-1
-0.28788315989309504,-0.7241099053557695,1-0
-0.852045063125988,0.021829875302118208,0-1
-0.2217123305685851,-0.12564015635483589,0-1
-1.2969690121663198,-0.21217631268128173,0-1
-0.7356929019852564,0.08837707574933387,1-0
0.32088806825214794,0.5253708909818345,0-1
1.6885182810619774,0.33737397455629914,0-1
1.089772190529106,-0.24843110293370652,0-1
0.49825612750812753,-0.05342769207394747,0-1
-1.8848700110515606,0.17236346825878499,1-0
-2.0532675624011225,-1.3732144048059018,0-1
-0.3701072177974392,-0.188505378766241,0-1
0.42326076432649645,0.014884279970458155,1-0
-2.029019865820903,0.3765565497281443,1-0
3.83366361150599,-0.8433199375036409,0-1
1.434185726244156,0.41021005085346696,1-0
0.8331633717943734,-1.354907796888754,0-1
-1.1557261172540352,0.21739912393847327,1-0
-0.7648895895231119,-0.5742589190461244,1-0
-0.05610724820873756,0.22454996819112474,1-0
-0.003138374905877819,-0.1622132420084447,0-1
-1.1081357091873771,0.27284434425206533,1-0
2.116646531615881,0.17093321658671767,1/2-1/2
2.495585952692051,0.5801598822573206,0-1
-0.6748553945217368,-0.3425114706250613,1-0
0.49788564725370094,0.10220577151670313,1-0
-0.07875618128310345,-0.905894058623644,1-0
-1.1149931742964607,-1.070010413433832,0-1
-0.19454676642888336,0.5703355553641805,0-1
-0.18091252636391217,-0.09652098409715835,1-0
1.3710342252366239,0.509462712679382,1-0
-0.7024125516149451,-0.5322448892352262,1-0
-0.4443549343384795,0.8352530480538944,1-0
-0.26618023124999696,0.3752129368803468,1-0
0.6414752805601017,-0.16057370799139206,1/2-1/2
-1.0016091064592298,0.11007261322388569,1-0
0.4113965139607656,4.944858285765663,0-1
1.5138390581937466,-3.7505352660805067,0-1
-1.9095964895823232,0.062058321878766656,0-1
-0.9998510152156622,-0.06810577942889359,0-1
1.8197349903935693,0.9795267162986047,1-0
-0.1371642321570767,1.0154593401929626,1-0
0.4933809936019414,-0.5235162885821923,0-1
0.1464034319109839,-0.023016980460868842,1-0
-0.19061373890300018,-0.0545393618512386,0-1
-2.016490499722114,-0.028287818026051438,1/2-1/2
0.08320541125339931,-0.1724773826441844,0-1
-2.6621155904854703,1.1060360241635712,0-1
1.2506609867748515,-0.897552304683203,0-1
-3.0830562012440854,0.46450248796654975,0-1
0.7655641831169866,0.08892908391741437,1-0
0.5335987609388243,0.2870699350885806,0-1
1.1584606810452023,-0.69621714752206,0-1
-2.110897895258484,1.2648710591148238,0-1
-0.31585487090478914,0.07319321504447417,0-1
-0.22817793964613453,-0.0864725137859646,1-0
2.461840537838377,0.12320490278272474,1-0
2.4457327675197997,0.13099966522161008,1-0
2.288161586998633,0.22315813901659512,1-0
-0.15924532104851183,0.44464308407820463,1-0
1.7647337722834453,0.04094758585245167,0-1
3.758935625359496,0.21020552224719452,0-1
-0.5158866318972565,-0.11156958891233465,1-0
0.16387007779963259,-0.20378921510495704,0-1
-2.590302586284725,-0.1912873666404959,1-0
1.3816337769967963,-0.10936999254739,0-1
-0.47444774582613664,0.4685636893208301,0-1
1.5059265561731339,-0.11282766593032072,1-0
-1.7146384292585986,-0.4238734133216222,1-0
-2.6693986720811953,0.8086467978855578,0-1
0.9841692008501155,-0.18869692018597148,1-0
1.5609584942588997,-0.6657410256069984,1-0
1.7382992733874034,-0.31251748359869985,0-1
2.585006551794704,0.22238999653976194,1-0
-1.811809047616843,0.09027432025027922,1-0
-0.853095471202407,0.4106987061418315,0-1
1.622804494132141,-0.061085279127824695,0-1
-0.42663445233215935,0.0907630470685496,0-1
-2.9163172649960165,0.7180403281010723,1-0
-0.4259037291832793,-0.8171658823366394,1-0
-2.0920350217985315,-0.0769912364178569,0-1
-1.9443101453836462,-0.19857884270513834,1-0
-1.2753727210147139,-0.2852963573193304,0-1
-2.806343160098187,1.1770606012464533,1-0
0.4590058193963719,0.06693801098878514,0-1
-0.5408224517700995,0.12305440561163362,0-1
0.06985620249942145,-0.18488316914685554,1-0
-1.6508645640722241,0.9266918352026337,1-0
1.1995180242937404,0.09797858669923049,1-0
0.001853082785114601,-0.29839054092123096,0-1
0.7312054386103902,-0.7065265120417558,0-1
-1.4700567367466213,0.5792248983335302,1-0
-2.1626047465976397,-0.2369826445397476,1-0
1.1509349017489405,0.5111052541627142,1/2-1/2
-2.168654501330841,-0.4639946051025704,1-0
-2.0781111681820432,0.013926712357890723,0-1
-1.7125530521103336,0.18196029175093245,0-1
-1.8203843525074204,0.15746006296142115,1-0
-1.4320376516061757,0.21815849731154147,1-0
-0.5772201327916607,-0.3916967097202947,1/2-1/2
-1.6551516421535608,0.32129032047855544,1-0
-1.5421160270262557,0.3046365984115502,1-0
-2.5595287014149446,0.30142582839377974,0-1
-2.3726157958948773,0.17998062361487932,1-0
-1.2996586844415858,-0.045193340372814264,1-0
-2.755990177868123,-1.599366046910488,0-1
1.9933451092179013,-0.1411234384941593,0-1
1.256836254684511,0.1961087866526256,1-0
0.8902211202536238,0.14965351016127262,1-0
0.3687333031308773,0.014759816176003618,1-0
2.209110644577374,-0.24847442234584144,0-1
0.17058189710709126,0.3295319790332125,0-1
2.762982479148751,-1.5631872701287688,0-1
-0.7012030681995046,1.5479321121948675,0-1
0.8524526217795049,-0.24193362646420416,1-0
1.3644810633244278,0.19532492511895924,0-1
0.6397506215239699,-0.14275494837840755,1-0
0.16624722966455005,0.11558105076863599,0-1
1.4015218573863009,0.3227561761083871,0-1
-0.6147719922836085,0.0027087083248019572,1-0
0.3724499796632207,-0.9090015645545245,1-0
0.5876748534342771,1.120146440800006,1-0
1.8064797140422866,0.22669630151580542,0-1
-1.3821734256085996,0.37280034844836013,1-0
-4.253434647677076,0.19372138863701407,0-1
-0.5989913206406807,0.0997436875051961,1-0
-1.970293354596274,-0.7471708323826947,1-0
1.8857226887923226,1.6310671316081764,0-1
3.1832523514770252,0.7844966595113526,0-1
0.9692738785774652,-0.036143451875820326,1-0
0.8679238893405282,0.4048820033774356,1-0
-2.8004610214371906,1.072994715384939,0-1
0.7329268699380084,-0.6771916694595325,0-1
-0.4798417800220387,0.531587152049377,0-1
0.15440955666167802,-0.26068356105733675,1-0
4.074595146637942,1.1496288928389684,1-0
0.1946383648238855,0.2553842967145443,1-0
-0.897334888610972,0.511845620025916,0-1
0.45467229751396177,0.21224628627448278,1-0
0.8121885655072796,0.05978767220323911,1-0
0.7341383596528523,-0.0028503277939271295,1-0
1.6802546172674182,-0.190036006810846,0-1
-0.11567362333365329,0.8775617485959819,0-1
-1.6422195664269623,0.11510814773562283,0-1
-1.6212733979671277,-0.2145076369790212,1-0
-0.014746152829971135,-0.32790811198119424,0-1
-2.416694473759797,0.09389813833122851,0-1
2.6688113009852876,-0.2792742143521097,1-0
-1.494351525727535,0.83294183426048,1-0
0.6949978408921235,0.24338180592875616,0-1
-0.5539389371054857,-0.10246031771409342,1-0
1.1082617522270457,0.6262667195101148,0-1
1.5241207733511282,-0.15495237376538365,1-0
0.24190364498320757,0.11982746757632681,1-0
-1.197638817513581,-0.4272743257544073,0-1
1.8311894780532179,-0.4014427234390651,0-1
2.0046578088678495,-0.6412343811462466,1-0
-2.554573903639901,0.3727617647159962,1-0
0.9242522908668912,-0.32600908276035523,0-1
1.6729834558113486,-0.6737011130915247,1/2-1/2
0.9807320909061381,0.14777081019279628,1-0
0.7702904217702035,-0.43945165442827716,1/2-1/2
1.7288465653662595,-0.6167765932547634,0-1
0.5376817534288287,0.02050070225836571,0-1
-0.10346034744850685,-0.24421535045399928,0-1
1.1817606733995913,-0.07494938992645205,1-0
0.9537494455525404,-0.08895880497131592,0-1
0.2739574118966544,-0.1783728763583756,0-1
-0.6919270107764861,0.4097960815609977,0-1
1.4026620335686497,0.00628832847950945,0-1
-0.02352325219161885,-0.4141747097237971,0-1
3.0298668672964513,-0.9072861273020287,1-0
0.4168939037746493,0.474436719098172,1-0
2.308764897426297,0.3675932645015747,0-1
1.2036874240582605,-0.17454441955196442,1-0
1.5346184247260632,-0.1475934193367839,1-0
1.4008517134494325,0.01279498858267683,0-1
2.6516496286359774,-0.0864737365323506,0-1
0.9637301456632422,-0.08040895587843015,1-0
-0.5413483617112749,0.012350860429329553,0-1
-3.0082603196704323,1.197345956070364,1-0
-1.1559490026813546,0.6506449865043459,0-1
-0.8939109774896806,-0.12311379272748434,1-0
-0.8026532936170545,-0.04112600433404719,1-0
1.5784729384806324,-0.11303263386455831,1-0
0.3924422515582246,-0.38454864845357123,1/2-1/2
-0.4482197026584408,-0.1306352741922936,1/2-1/2
0.9874738267238873,0.08077988233091472,1-0
0.20834128203853733,0.24762694348365874,1/2-1/2
1.655271878375822,-0.5806501527771796,1-0
-0.913446152883863,0.3157772670059617,1-0
-2.409460105342577,0.6595681210198863,0-1
2.3683523635074613,-0.8721167189228999,1-0
-1.6620875497223908,0.7358702805479671,0-1
2.0750224324706217,0.05028341040767312,1-0
-0.6805088409380075,0.4867794487313846,1-0
1.5291178288876484,-0.2575899894633957,1-0
2.1084059836520317,-0.4756732783535442,1-0
0.6767614990755525,0.5849884246110714,1-0
1.4996461601697237,-0.5331434954155695,1-0
4.040349783028497,1.9194150705190116,1-0
-2.4224324325312487,-0.36611181398144105,1-0
-1.9617723607297286,-0.5796155018979666,1-0
-2.7907113046914773,-0.362198876117655,1-0
2.4492988304884014,0.10171070055709788,0-1
1.7104450317206468,0.23777894493078677,0-1
2.8982423474520327,-0.1696034432688775,0-1
2.0177646079099216,1.3629891244746766,1-0
3.387758276801472,-0.41616651245339276,0-1
3.3545443124605794,0.14503623166107243,1-0
-2.451560043550723,0.006876453934625108,0-1
0.3753519717581615,0.16123589697010485,1-0
0.9310552359800629,0.12665553527538187,0-1
-2.4971415647356072,0.14553051616681842,1-0
2.036940210752102,0.6597048036059654,1-0
-0.09046133145805793,0.22830606474248485,0-1
0.23759222649427722,-0.08781161543434267,0-1
-0.2178665710564902,1.0205335631654875,1-0
-0.5917005590510456,0.024259791252501862,0-1
-0.04910143891334376,0.19050327621187443,1-0
0.6265389033600264,-0.3487019793027209,0-1
-2.1639040988197435,2.8758362314991994,0-1
1.8079116649412874,-0.37623498531203375,1-0
1.8868725512679856,-0.4641094983158972,0-1
1.9533084665073712,0.40105533129091797,1-0
0.7417018871512734,-0.18451226597144751,0-1
-0.5677961384467554,-0.0017807697058884822,1-0
-1.265019436758372,-0.6027034040611605,1-0
0.573448911892184,-0.2803929250196744,1-0
2.824552428130771,0.06871461566242189,0-1
-0.5597643946054361,-0.15244221963846724,1-0
1.0757830964433297,0.07932937271091486,1-0
-0.0633857443961652,-0.2730504195953648,1-0
-3.6140054188191173,0.1644719621326745,0-1
0.3046512659510434,5.727473121887758,1-0
1.1529170239799584,0.25894020249433647,1-0
0.22473328020275604,0.4517502232035433,1-0
2.194206341884951,-0.443904767383697,1-0
0.7390410616751458,0.022322234805701176,1-0
-0.9865915745676141,-0.12810097613705823,1-0
1.78222718282285,0.3064396854225267,0-1
-3.6710209667908114,-0.6401484017455978,1-0
-0.43037021352134813,0.1953869710542069,1-0
-2.0778870040716924,0.06544841216931593,1-0
1.7088443191893101,0.15037318178401501,0-1
0.5317329624926126,-0.06703090866407278,0-1
2.521117508383654,-0.16265015301318864,0-1
3.4891620801607797,2.1596907675867145,1-0
4.007061983320137,-0.5897303681090011,1/2-1/2
2.777215967561854,-0.6610293856668198,1-0
-0.15054916423875225,0.4448947796295381,1-0
2.391980733220531,0.12908885943072648,1-0
0.34997785205271104,-0.23545271875091955,0-1
2.212930864015596,0.17286904482002693,1-0
0.753715868657491,0.38370791447140473,1-0
2.845333404761564,0.2520477504510128,1-0
-3.126142297753764,-0.21566024392120065,1-0
0.2888174319531387,-0.2764706687467922,0-1
-1.2615372809721446,1.2174110246418854,0-1
-1.040427933993016,-0.5304708142524437,1-0
0.6239377963566377,0.40533726785829083,0-1
3.4184177944823393,11.806616347635192,1-0
1.3943041493827641,-0.26780311576297167,0-1
-2.712862817459141,0.5464096374447728,1-0
1.9173934252282774,-0.06276953156172804,0-1
0.48117755887584013,-0.8188502394989668,1-0
-0.6589771199132379,-0.18435089843609861,0-1
0.2628119862241309,-0.5976236589550051,1/2-1/2
-0.6428892377168578,-0.12010274949707508,0-1
-0.28778326580726177,0.055534094753347175,0-1
-2.034795442839387,0.653642468444817,0-1
2.958724140155474,0.8255068098547724,0-1
0.3538056183619433,-0.3124907329427826,1-0
1.794083310399157,-0.23570390883514764,1-0
1.2662431133980536,-0.7650338946503448,1/2-1/2
-0.8088583449141045,-0.40896661484280095,0-1
-2.563296021635065,-0.9649346331722802,0-1
-2.3373518897447854,0.1535589016676797,0-1
-0.49721967024198854,0.5510095251810506,1-0
-0.8278946412636679,-0.5566530617952614,1-0
-3.366308247148411,-0.7932843662934833,1/2-1/2
-3.0586053805125406,10.11673591404953,1-0
0.3968426378555061,-0.8505761898188585,1-0
-4.234741627303442,-1.434403679902962,1-0
0.4586643190639843,0.3879313618751407,1-0
-1.7141981804005089,-0.32448196764913523,0-1
-0.8887264177587593,0.033283526620931696,0-1
-0.9306843372424954,-0.13924605120246508,0-1
-0.6505839876173344,-0.7280486106329418,1-0
0.705425457417595,-0.2553008665598291,1-0
-2.0347455623579203,0.9807102890858633,0-1
1.6101239957662692,-0.6098951728105237,1-0
-2.1845891908545862,-0.21709067185159775,0-1
-0.3337220111499649,-0.22560119224115902,0-1
0.41712574787891044,0.15308529637888948,1-0
2.142332159294449,-0.15248225059756876,0-1
-3.077014259627695,0.9388792122330565,1-0
-1.0643012166779056,0.25393968227517605,1-0
0.2348801845797307,0.18110199751644443,0-1
-2.0334745058682957,0.20341066909731897,0-1
0.7550911383954453,-0.06517558457054659,1-0
-0.007680358816037997,0.4362666600774661,0-1
2.2416957861546236,-0.5279398967104892,1-0
-1.252184005666262,-1.399593805607001,0-1
2.1936940518779933,0.3564978197911194,1-0
1.062863909866804,4.7244688756623265,1-0
-0.37072963925020297,-0.7644087939244292,0-1
1.3864211676715141,0.7558193101965198,0-1
2.462086077725835,1.712382466439569,1-0
0.7026061262441631,1.7311959356775857,0-1
0.38370311253838835,0.04252845444753767,0-1
-0.2369828733696901,0.021160204726001594,1-0
0.748838652602922,0.3200321237086418,0-1
0.8287024062850804,0.3290098614074327,1-0
-2.668925279004301,0.2605725193627858,1/2-1/2
-2.108323552905851,0.06456747773964874,1-0
1.14074579688441,0.08181253667805903,1-0
1.1765962680366673,-0.05237290299872945,0-1
0.05230314933625708,0.0018428389182126826,0-1
-0.08410902742868037,-0.3766804974465933,0-1
1.340052814927345,-0.29575086485043656,0-1
-1.012729640657501,1.6684301834329314,1-0
0.48554794964607906,-0.04674053717363711,0-1
-0.09268865148175434,0.1417331244270722,0-1
0.5037477646696009,-0.05532556179392583,1-0
1.3482268437388747,0.2847664921328966,1-0
-4.570127862512109,0.3816110202198422,0-1
1.2254146713661214,0.2909266174693265,0-1
1.7742631036939809,0.8824494768623082,1-0
-0.13797436677612102,-0.9444102228576838,0-1
0.894747744175963,0.2969198531367772,0-1
1.9008595632053793,-0.3854571682150366,1-0
0.4954256038114129,0.22874176802434637,0-1
-1.1386512515479417,-0.3459726569413771,0-1
-1.6375775553080683,0.42178060458585237,1-0
1.2383778309059723,0.07978089977803357,1-0
2.4850161084702904,-0.5262507473619886,1/2-1/2
-3.03760886392397,-0.16558905372977528,0-1
1.0644059597894453,0.10693837166059149,1-0
0.8776103904914155,-0.14413147425828896,1-0
-0.3107501654395461,1.3767493309438774,1-0
-1.4757115376949024,-0.07567459870632817,0-1
2.088675624069538,0.07705596886418155,1-0
-0.8974225745685188,0.0330318310695982,0-1
-0.6080547299963531,0.2079718533493053,0-1
3.8599828563283776,-0.5237526231001906,1-0
-1.9741012327833092,-0.7421757295687404,1-0
-2.9997595560208636,0.1865046262599472,0-1
2.394535263299946,0.00025104345246675796,1-0
-3.2502386713326796,1.0326412995467307,1-0
-0.4225881197581043,0.0317070494733375,0-1
-1.5852832209535528,-0.8231387679959102,0-1
-0.35188098021794106,-1.0012656408454204,0-1
-1.1332361263957904,-0.9956943226895413,0-1
-0.16310881068544178,-0.036477675790685615,1-0
-0.06266168880396494,-0.5743553817465957,0-1
-3.0065280564893686,-0.19276878009233442,1-0
-1.3254255209178432,-0.05880949303384476,0-1
-1.2875950314257811,-0.27483655213494573,1-0
0.8654103924457074,0.6383121854757587,1-0
-0.8858445800318159,0.9245471818694225,1-0
-2.5732719273655906,-0.04876443092761195,1-0
1.6833845956746956,-1.1315420286388091,0-1
0.5467239387053517,0.3734623806068502,1-0
2.212950730394962,-0.13526324005929857,1-0
3.1793011758825487,-0.1754378893138554,1-0
0.3477783091170013,0.3579895198710813,0-1
0.5733314425472468,-0.03338623314891731,1-0
0.7523648062042297,0.3093206229729236,0-1
0.04170373069898495,0.7461839029720085,1-0
-1.6553347730793169,0.37436098678719365,1-0
1.801598178825221,0.614248389915566,0-1
-0.248393230091358,-0.3031879261480692,1-0
-2.6147902683336883,0.8947861638712818,1-0
2.5420869257970997,-0.48595409247392574,0-1
2.5522031101984326,0.7348901719618063,0-1
-0.8871614285551207,-0.4374694842930499,0-1
2.387351063352824,0.2487549725603195,1-0
0.21112093455938538,-0.35927180847751516,1-0
1.0523113778261193,0.7031428606995237,1-0
-1.8830899495374138,-0.48427064151738514,0-1
1.069971796097148,-0.2017434826331658,0-1
1.5185949795336193,0.2606603754266033,1-0
-1.398952485424176,-0.2886252801887389,1-0
2.0382723434142487,0.276552370688016,1-0
-0.5278582225190965,-0.7282549625483917,1-0
1.0794015972594606,1.346643353442045,1-0
0.4855748474197352,0.5250321558675499,1-0
1.107236754269372,-0.022790531832312704,0-1
-1.3449043031396104,-0.2610723122417507,1-0
1.4221028554486053,-0.3047925529562963,1-0
-3.673652736495921,0.7314688403462623,1-0
-1.679579681578764,0.9551457433551899,0-1
-0.2571104205834454,-0.590655913871768,0-1
-0.7401054173940722,-0.3842507157287437,0-1
-0.8022308507327788,-0.2761044530291333,0-1
1.2429952926453929,-0.3407154245043584,1-0
-1.2069093311972199,-0.018932092423353163,1-0
0.329902343317784,0.07280903156588173,1-0
-2.5082371857756436,-0.9460752998077712,1-0
-1.5516974000833925,0.18030481419669503,1-0
1.7423012660515986,0.2088128765717986,1-0
-0.9488564510270097,-0.4500687016637692,1-0
1.0538550671016296,-0.3058431600408706,0-1
1.4081126158026982,-0.336291280861949,1-0
1.151703585239632,0.11652002540123692,1-0
-0.5570824023240806,0.05344793058377303,1-0
-1.5046329019579097,0.12504648932798298,1-0
3.7837259898275355,-1.5823581721894604,0-1
3.063288432925821,-0.15656563490194464,1-0
-1.5278307849551824,0.0025182849230333455,1-0
-1.7167137594437123,0.31536102019467,1-0
-0.8333041112963702,-0.7473062080243057,0-1
1.1502284972648233,0.785182378353078,0-1
0.1592392050978733,0.43053218966634454,0-1
4.438097668948777,-0.013991713667619192,1-0
-2.6988690621160885,1.0178608543106817,0-1
-3.2869204439092097,-1.205767474826516,1-0
2.372313301244232,-0.6914680983738815,0-1
1.7454169541822064,-0.6271105506634814,1-0
0.5925047866913308,3.935716258388724,1-0
-1.8700829687321958,1.7397317180134277,1-0
-0.21947962483901315,0.5067892300388932,1-0
-2.6050584689418583,-0.7641963073244926,1-0
-1.7992414039332187,7.714032939511733,1-0
-0.947204845576976,0.1981557268472993,0-1
0.09405885323739134,-0.5916943736946233,0-1
-0.8907229633893465,0.26552281405496886,0-1
-0.2969419079914913,0.18332995299887006,1-0
0.7263679770573843,-1.1503774990617532,1-0
1.33145660947734,-0.39027305548463603,1-0
1.9514793279771085,-0.16055874769673809,1/2-1/2
-1.8697031442792347,-1.445050099545473,1-0
1.1578075178739657,-0.016717446058834098,1-0
-3.2442898803964635,1.1201729104691693,1-0
0.6123689153626076,-0.012685910766502953,1-0
0.02236904935001079,0.6176703672804849,0-1
1.9325007252258226,-0.22854213771183624,1/2-1/2
0.07898485232438135,-0.7117897594113337,1-0
-1.0971370207704614,0.28663584026828287,1/2-1/2
1.3067878245448545,-0.4208751449272919,1-0
-2.85663032594055,-0.3546401051967735,0-1
1.6130335347322202,-0.03803919264362585,0-1
3.9565558656913584,1.001629702665961,0-1
2.819312732167635,0.802149364131239,0-1
1.3586120693799688,-0.1654509871624839,0-1
0.5409185024504983,0.3769459261315913,1-0
1.813873942688821,0.4968943991405013,1-0
-1.8790003467646506,-0.4835493464095754,0-1
-0.313015366788302,0.13900756829418712,1-0
0.376182722115775,0.15845932650105615,0-1
1.343553637426659,0.09363859490542033,0-1
0.24279654122449518,-0.12896556629085926,0-1
-0.34413765026186016,-0.7871088949472216,0-1
0.7141915159539183,0.12548409708166564,0-1
1.5827346096109967,-0.10695301266791149,0-1
-1.5101146221113588,-0.29074383689978794,0-1
0.07613287383380733,-1.329451041467893,0-1
-2.1181587403378277,0.7400428333674669,1-0
-1.6875327739884571,0.47330368837848985,1-0
0.4917550830915117,-0.08531273241036538,0-1
-2.649820226488305,0.4295330308551336,0-1
0.6303854663374727,-0.09370862790517716,0-1
-0.3192857916775397,0.06433702337877865,1-0
0.3318355975045662,-0.27267299602029216,0-1
-3.152994790416458,0.9773815906968065,1-0
2.0319608635975857,-0.13879991384887258,0-1
0.29160038803147953,0.06889983111583235,0-1
0.4161738793563142,-0.16259228906858475,1/2-1/2
0.12065099709146532,-0.25279674238897537,1-0
-0.6455934665145935,-0.09855390024997199,1-0
0.19388168048960103,-0.17413147621720962,1/2-1/2
1.8470056067780425,0.0027343121480349333,0-1
-0.810031953303889,0.06786086582587159,0-1
1.6423665672999792,0.07179635417991621,1-0
-0.37430767963238093,0.3250705459347309,1-0
1.1738212009241165,0.3543146874539684,0-1
0.7304900754493312,-0.5443438276979822,0-1
-2.771734708239595,1.1116201736619316,0-1
0.5531764789153422,1.7985593901999426,1-0
2.0987580914425767,-0.6660942005253282,0-1
-0.017644420255887562,0.16673812830046267,1-0
0.3009588756612969,0.62647747789656,1-0
2.2164800575986354,-0.9564618235078144,1-0
0.8689509694465845,0.6475264489743812,1-0
0.21160924799635963,0.7246169812355479,0-1
-0.29245519343644605,0.3491737599031687,1-0
-0.27633401215553066,0.1275539169753736,1-0
1.6927132999171226,0.15185609896899335,1-0
-1.702737885923453,-0.5469805113260006,1-0
-0.7420976438621629,-0.6032393074572301,0-1
-2.55179081443866,0.8436406234056446,0-1
1.5945088580471631,0.0305605001789008,0-1
0.600846475001878,0.4558290963084998,0-1
-1.4845562476628518,0.1760439425614557,0-1
3.7647177909179073,-0.03567924203287017,0-1
1.1289038837357932,-0.48104931767595627,0-1
1.322355869863267,0.9421570725442795,1-0
-2.229750275454598,1.092420601449998,0-1
3.433508372389643,-0.7533253640555886,0-1
0.03608646898098394,-0.00798634340662607,0-1
-3.280046473252174,-0.24939975865176012,0-1
-1.5699307231633288,-0.6501733821622278,1-0
0.743822778655357,-0.1454509996841697,0-1
-0.6894278831750863,0.9197736157459238,1-0
-0.4552751044466698,0.06344968830137442,1-0
-2.4002029453473552,-0.4088635270142409,0-1
-2.7734798637385034,-0.29997444467427653,0-1
0.08047478164251806,0.8893360775632261,1-0
1.0674020391528123,0.7983489372335332,1-0
0.8253171258480518,0.46062424785474126,1-0
-2.181065043552682,1.1780334871771725,1-0
-2.7710416574438947,0.17745363476849485,1-0
0.8463885767696344,-0.36336299243434383,1-0
-2.1047165898755553,0.01436252036817625,0-1
0.911384652144229,0.3526750336849881,0-1
0.13088795756300095,0.036062106290225625,1-0
-1.4810034625336883,0.486088417212877,1-0
2.7222483333571246,0.2388775588852451,1-0
-0.8465942719200602,0.8041814788066899,0-1
0.3734409540877594,0.2792789250869354,0-1
-0.4902264111696607,-1.0343069496240525,1-0
-1.716791683258966,-0.9427386970378375,1-0
3.524595266587699,-0.19192833937369067,1-0
0.215686509517936,0.2989997063635349,0-1
-1.223204605710198,-0.27017226503089586,1-0
3.7062727953071266,-0.03116667484629745,0-1
1.105093892494709,0.4166039190038003,1-0
0.5644169857184649,0.19939677235714573,1-0
2.1963479249765827,-1.3680667805971078,1-0
-0.023976912012047318,-0.2997410749073744,1-0
1.4895494025200162,0.3155892685666232,0-1
2.3642273795017803,-0.18055721641840902,0-1
1.2709407359668419,0.027754424882729112,1-0
2.749007751188623,-0.341586535057824,1-0
-0.2991903948204158,-0.31596763831593155,1-0
1.3700613230316996,-0.09343116494045742,0-1
1.9613501814628627,0.5960391659281796,1-0
0.15478915045877747,0.057175147527043176,1-0
1.5562865666297154,-0.372101360457177,1/2-1/2
3.5892272412759154,-0.4139869080731303,0-1
-3.142762700174077,-0.6579024659805529,1-0
-1.3482317568554614,0.07575348996994397,0-1
1.5593879072097332,-0.22852769790779123,1-0
2.559659715384503,-2.7435687199549155,0-1
-1.5843035753429697,0.17255399638897762,1-0
3.552368695657695,0.9345166644421494,1-0
-0.07658202672330851,-0.2253208415620872,1-0
-1.6258366818054162,-0.1542607447195231,1-0
-1.0123316681359462,0.06845783191465786,0-1
-1.7535858459793985,0.11493333866226334,1-0
-2.3630288249922127,0.3378520910445087,1-0
0.6327769657529804,-0.7538354518162499,1-0
-2.5005159374702113,-0.14288182211178868,1-0
-0.598636675591755,-0.6860914615241166,0-1
-1.001626757567313,0.13730045118475304,1-0
-1.5883689925738704,-0.5875274627606812,0-1
-1.3265979264735752,-0.09663730400688089,0-1
3.745620285272922,-0.7030212348829495,1/2-1/2
1.2007226374800253,0.2540126827727637,0-1
-0.7407141430636389,0.950374855489195,1-0
1.7256521499550463,-0.14777251512921113,1-0
0.14836889372831874,-0.25029272294654575,1-0
1.6862886699180193,-0.4677173728596617,0-1
-3.4140439589219147,-0.40782357848174916,0-1
1.0556865540260751,0.10037483085535101,0-1
0.1907293897169646,-0.004609308938909524,1/2-1/2
0.6173246497259022,-0.7070219837400424,0-1
1.7858440411183392,-0.39754284139811175,0-1
-0.6611090739854767,-0.16498317232590123,0-1
-0.8373070978227382,0.3709499362929347,1-0
-2.674452218381941,0.31692606500449877,1-0
2.6188403802222986,-0.7324444571711105,1-0
1.6489796380817356,0.1847327517592432,1-0
-0.13592538329800471,0.11995343510392112,0-1
1.9065544066438542,0.37637322372305154,0-1
1.3410966885699844,0.04751263039083193,1-0
-0.23449614112562522,-0.6585343115864849,1-0
1.0434585126465796,-0.0482134060020623,0-1
3.4682221613138657,-0.36717984064465986,1-0
0.7740419067848237,0.19670712169912064,0-1
2.0727630379392727,-0.02898745618121288,0-1
0.15702529603651544,0.13013416886202217,0-1
1.1758155312834204,0.40297984693838945,0-1
-0.23560504626567308,0.541811830438646,1/2-1/2
0.38149802903107205,-0.27148348533721833,1-0
2.5920721368367583,-0.13836644424760794,0-1
4.096045121645472,1.2836640116029956,1-0
0.48259212174478566,0.4937110049976811,1-0
0.5643091453929205,-0.4583908228753107,0-1
-2.340349247791184,-1.0226192262825597,1-0
-1.381392688855353,-0.08255240148875875,1-0
-1.9503708295621023,-0.2416534520434621,0-1
-0.8186294374369253,-0.5114288871856257,1-0
5.092559998658051,0.09777023825171197,1-0
1.1560606223214536,0.22854031302349376,0-1
-3.3459974358859994,-0.10903055517732825,1-0
-1.2318342433676388,-0.20433482262530053,1-0
0.39124594844926114,0.824089795770706,0-1
-0.8526862271408175,-0.12277142492788705,0-1
2.3805102369145925,-1.3550784678096952,0-1
0.2640113978246642,6.402304918585125,1-0
0.6160325595539498,-0.2169386559238633,1-0
1.2139298275095929,-0.21374361998642952,0-1
-0.9721474088554779,0.039980834606219234,0-1
-3.0975261950187263,-0.9155156662866469,1/2-1/2
1.8264510312717144,-0.17389219624617233,0-1
0.869727675025966,1.13050766935525,1-0
-0.15344068825900986,1.3323399066762434,1-0
0.7662186249712546,-0.10580305516851382,1-0
-1.6348922780442778,-0.29339734257909794,1-0
-1.2092278528756086,-1.0242713106553398,0-1
1.7217931884524922,0.044810058685405184,1-0
1.8726572109234763,0.21854208326278093,0-1
0.19784498836338515,0.08721042974179083,0-1
1.8792366405259178,-0.6330930989641272,1-0
2.165830642562416,-0.33003140437201434,1-0
1.9710823229494718,0.18749626640545916,0-1
-0.5945912796059517,0.02052455017642729,1-0
1.0714637317146887,-0.006453305423094379,1-0
-0.7112482811631217,0.06745746538056448,1-0
-0.4067328851313369,1.3084869892544233,1-0
0.984944760869366,-0.06497490335537676,0-1
1.866817196901056,0.023126058277042782,1-0
1.223927397005857,0.8948481327697855,1-0
3.2465498265338537,-0.7723507373896922,1-0
0.07438397198189166,0.32164237737892315,0-1
-1.579438260852998,2.295843016365395,1-0
1.0499983208703585,-0.39416503314471246,0-1
1.4444379135806125,-0.1721857043557712,0-1
-0.857612178116722,-0.15425583278142235,0-1
2.7451423883751898,0.7086367236647979,1-0
-2.1740062019162867,0.42447815962475427,0-1
0.3152875210539783,0.5096448159380889,1-0
2.15419214466268,0.995766215778067,0-1
-2.947416277773133,0.034325083614987185,1-0
-0.7615619268353816,0.21384649158821095,0-1
-0.8111099836025636,0.13831225005661177,1-0
-0.9584531840719673,0.17134575918279107,1-0
-0.40354521312578234,0.44668402436382265,1-0
2.144568095900308,-1.2044544421086198,0-1
-4.09824363775746,0.954277464009674,0-1
0.02323755107755656,0.0033062846091177316,0-1
-1.5818522243318232,0.1851402776887918,0-1
1.5839733253471682,-1.1279672765839768,0-1
-1.3566286710943105,-0.0715180044475166,0-1
-0.06893742355009912,-0.1954595187213144,1-0
0.2725209546061085,-0.013055549712626317,0-1
-3.754327507279227,0.29162702941017077,1-0
-0.5847216475293079,-0.5815595937679353,1-0
-0.5993908025599769,-0.14607210970127493,0-1
0.9444675272059665,-0.8726271509158404,1-0
-1.0522396458104835,0.4307092762585266,0-1
-0.03487362419474737,0.05969862344004265,0-1
-0.491898898604064,0.029098037730526605,0-1
-3.0550623868389115,-0.6857479907300609,0-1
-0.46076335903389837,0.37979168815458525,0-1
-2.787517022403164,-0.956711313070231,0-1
1.0350086991896295,0.6495320939806688,1-0
-0.38639796417604133,0.23395778230972292,1-0
0.2931318691787034,-1.2409164007773608,0-1
0.9396305408706404,0.05946979256423995,1-0
-0.8714861512517441,0.08189403908387648,0-1
2.4691823827435306,-0.13986646447063164,0-1
0.31806285441232984,0.3539739431394385,1-0
0.32947961244487695,-0.17931861089449627,1-0
1.2123183403987325,0.2443857004197381,1-0
2.386547935217466,0.5699489896383414,0-1
1.052176772849819,-0.4009090687470959,0-1
-1.9895344641535417,0.12377519525233793,1-0
0.8243818959963081,-0.11603202027685056,1-0
1.0895924994515156,-0.7548308016838186,0-1
0.10558582173249682,-0.3865060470861195,1-0
-1.4674235552355803,-0.1821164225540084,0-1
-0.6177891626032245,-0.10200365422852235,0-1
1.3326013137940644,-0.03303756943000703,0-1
0.08888340704914284,-0.2745995208680088,0-1
-0.24532612518412714,0.8919257375638913,0-1
-0.6548320388134805,0.17697790052753182,0-1
-2.3127421561103607,0.25751549348624114,1/2-1/2
-1.8248102216046536,-0.9752571432197292,0-1
-0.6944017656069748,0.029300222678836214,0-1
0.7901919348648777,0.014938807240006827,1-0
-2.7929629433799366,0.18507998878175771,1-0
0.5166113722183981,0.2043242920787185,1-0
-3.859373579052769,-0.5423216416271569,1-0
-1.055804563218954,0.8192574444733128,1-0
-0.3485188728855443,-0.13976901852762944,1-0
0.9259574828923579,0.34082951898705705,0-1
2.9404031311179906,-0.4837851754604682,1-0
-0.3014707471851135,0.3169680569418237,1-0
-0.5486513314291963,-0.2129954544707751,1-0
-1.2491489752666838,-0.1971780681685139,0-1
0.10552812813421954,-0.4662091040234819,0-1
0.569494850683973,0.05726570002337942,0-1
1.1076837465331206,0.4693998006052226,0-1
-1.9868303684787063,-0.023282012821788906,0-1
-1.2296125211894702,-0.15130156552466215,1-0
-3.046850818797102,-0.20450138308550395,0-1
-0.5503606877514284,-0.0670084447272234,1-0
1.2988802934541317,-0.1244215001004218,0-1
0.03363525109273745,0.10493573412058352,1-0
-0.5683520407472001,-0.5115950469071479,1-0
-3.9456216571658094,0.8243227371072467,1-0
0.17596932102023485,-0.00078201163335894,1-0
1.8429813775974675,-0.2911570485531201,0-1
-2.2042042963634256,0.3695363304138292,1-0
0.9474248427621704,0.1966200821361694,1-0
-1.022456469119441,-0.013841300694610321,0-1
1.1259779150708693,0.33300459768729357,1-0
-0.956097199012278,0.07799137405699519,1-0
0.5914452682400115,2.2138449413438344,0-1
2.3253486972045825,0.14343422660394714,1-0
-1.4325679565588265,-0.44074002272724544,0-1
-2.669700493760999,-0.2499579015043274,1-0
1.6604521406870774,0.26306441923517665,1/2-1/2
0.585669273277769,0.24106843436844663,1-0
-0.4754506403903303,-0.5334409203179645,1-0
1.1408003386231524,1.2080920498296357,1-0
-0.2981564381858005,0.44498405287308607,1-0
1.9576643580290618,0.15381641536290075,1-0
0.21575761407855185,0.16487768281198764,0-1
-2.2165120016117776,0.6197007537424444,0-1
-1.4702509843466816,-0.07260892347794622,0-1
0.06374795070259136,0.399582181475739,1-0
2.0383888003219552,-0.20420516590599144,0-1
1.6320205450937892,-2.2335321473010215,0-1
0.44302900523405003,0.61332385508701,0-1
-1.9494389064356241,1.0199815399739036,1/2-1/2
-1.8775505357856874,0.01122274164774824,0-1
-3.122493804578363,1.4507644688288848,0-1
-0.08637732653082272,0.1954876766355203,0-1
-0.9610663443379114,0.9861525275194445,0-1
-2.721063189809895,0.1322423962297643,0-1
-1.2887354165800093,-1.0832999173520983,0-1
-3.5773751475018645,0.34060578181452317,0-1
-2.8338815173554086,-0.3178894274838773,0-1
-1.4569145564716313,1.8911676063421528,1/2-1/2
1.4685654285841012,0.493459084965996,1-0
1.6790767687318895,0.10019423132978397,1-0
4.764596572649257,1.9728178468138458,1-0
1.2844131450341851,-0.04779843844355876,1-0
0.15734455985252294,0.03657981744501001,1-0
-1.765028356225471,0.4357124032052852,1-0
-2.3983315490556154,-0.021223000046813312,1-0
5.462022241350357,-1.1622561085569363,1-0
4.622743366820685,0.03265697866827831,1-0
-0.8534282791036535,0.5925697792207298,0-1
0.01223427725234346,0.18972595010137622,0-1
-2.7597135978061256,-1.068403552945008,0-1
-1.6366037923638717,-0.7404203811090706,0-1
0.21736027563537064,-0.27963771861374637,0-1
1.0473708703277453,0.5262243297846241,0-1
-2.3468412576818785,0.056813027246618804,1-0
1.7135171834067462,-0.9089384926615626,1-0
1.1505321162721514,-0.6869797948675552,1-0
-1.0910760703462044,0.5807271672606543,1-0
0.14378688907079512,0.47734565774255205,0-1
-1.9963684713371352,-0.0878365043336222,0-1
-1.2322045904991652,0.07680699979237383,0-1
-1.4534919457762019,0.5353512577100379,1-0
-1.8359430970541113,0.1567618570094938,0-1
-1.64690927828713,0.3104672920192879,1-0
-1.3236873177964723,-0.16494497430871516,0-1
-1.2235660514387037,0.9967784924253511,0-1
-2.105518803106644,4.197456267139753,1-0
-0.13270993420446348,-0.06183435084926597,0-1
-3.7934046014732505,0.7766102621120144,0-1
-1.6492641936356671,-0.2363419733236485,0-1
-1.471320398063194,-1.1407026710736698,0-1
1.0214775082377994,-0.5877917983726625,1-0
-3.1673798507243855,1.4992787580952132,0-1
-0.790711695354484,0.17644863728305446,1-0
-0.4103658093470369,0.021247244288952805,0-1
0.8483370578213374,-1.580099623908957,0-1
2.092113706191706,2.7285734729869855,1-0
-1.4548784653113607,0.15382190980485097,1-0
1.6472491149542754,-0.0820048894965941,0-1
-1.5645320277101507,0.08601484761975568,1-0
-1.577518702449413,0.03983200240309418,0-1
-3.085738117676462,1.258035191763316,0-1
0.8834427245199252,0.4241576732581569,1-0
-2.519121689830057,-0.2858053903075552,1-0
-0.15708243802875152,0.0587140806912065,1-0
0.4953325289802175,0.8413195086992845,1-0
0.22319914409765976,-0.44348089717828226,0-1
-0.4695937787251786,0.5259276348296862,0-1
-2.3771391703658717,0.22165005194558346,0-1
0.9195050185313466,-0.0848446365870289,1-0
-0.08381186700615269,-0.11728749056723842,1-0
0.35927398482697503,-0.5567898214180846,1-0
-0.7195395703477094,0.8588780131140186,0-1
0.9579656312129137,0.13824797044076728,0-1
-0.6223345073447987,0.41812149122557263,1-0
1.7079891743179547,-0.21242129655111733,0-1
1.2529439182484423,-0.3248635016849459,0-1
-1.2749855044976253,0.5336037239263245,0-1
-0.4683847132534969,0.35624221056771943,0-1
0.09954875034526166,1.063260134003934,0-1
-2.5466210202020876,-0.27032739315333393,0-1
0.5825102390994737,0.017791714881698416,1-0
-0.932070989900554,-0.6462837579346759,1-0
-1.9161561859282987,0.48005286039932565,0-1
-1.7764234319760694,0.003443148960364921,1/2-1/2
-3.0106319495388005,-0.08790748060746106,0-1
0.6839012832638356,-0.08255200075007738,0-1
0.7837120355106593,0.15968904440156118,1-0
-1.8328507151510351,0.1884410797122895,1-0
-0.7998170962258331,0.7096670728014396,1-0
-1.5647340884270213,-0.3184542104880367,1-0
0.6131574079587438,0.15851107078467686,0-1
1.7001627189020199,0.2955556092940459,0-1
0.7357910348140378,0.005210450248409058,0-1
1.2247414328436392,0.15362739096584793,1-0
-1.9233451802555974,-0.19616326183037555,1-0
-0.7812079040178216,0.293120275938456,0-1
1.1097091389628466,0.27701204163986665,1-0
3.054793267121781,0.8878153781232465,0-1
-0.12945108178931405,-0.05833648527240747,0-1
1.7877076242932681,0.23746244927299978,1-0
0.8690518573945907,-0.21241605540424088,0-1
0.2460492771496238,2.8565270510590413,1-0
-0.11884262862612109,0.30863974453939325,0-1
0.8405530908815901,0.11492431626342457,1-0
-1.0433751453121471,-1.1285644039075893,1-0
1.474003669566963,-0.2754590943552851,1-0
-1.5582006815141218,0.1932348472773187,1-0
1.703725399296377,-0.048177485503698804,1-0
0.415150160081672,-0.32688197803371455,1/2-1/2
3.460736082413019,-0.3033661157347097,0-1
0.410070079844881,0.09615354121851001,0-1
-0.3615197047785754,0.04513908967541594,0-1
-1.965522469469508,0.5045055118723565,1-0
1.9754814846698705,3.464318046380229e-05,0-1
1.5934428810110437,0.04024436323399948,1-0
-3.052678491568335,0.026421161908580473,1-0
-2.1114759768013873,0.1085812861909251,0-1
2.3153698702703838,-1.3964596410804508,1-0
0.39154849774543726,-0.00790872698119501,1/2-1/2
1.0733182586208656,-0.718854682118996,0-1
-0.9327406586197428,0.4197029850396916,0-1
-2.319330753361623,-0.12767497697947067,0-1
-0.08756973158882128,0.340283791714786,0-1
2.0972227849255938,4.344235190241455,1-0
2.750328897131593,0.3331128784407082,1-0
0.9160243504000298,-0.2952602900667471,0-1
1.2913036429820033,0.7581716097214725,1-0
-0.02864452047873518,-0.45732928892007646,1-0
-0.8241408078548644,-0.07589037375929818,0-1
-3.177021208500061,0.5767255098424474,0-1
-0.5112124131478101,0.31330915303839196,1/2-1/2
-0.12282905233061588,0.16649435215350955,0-1
-3.3114857076786466,-0.12735408987419192,0-1
-0.7882302188611674,0.7136540094288477,1-0
-2.3768507782234645,-0.3792575173866106,0-1
2.1060981314497953,-10.054123629373949,0-1
-0.7312158737235253,2.0329296649488287,1-0
1.4449758767843428,-0.1222496803491087,1-0
-4.710428860015971,-0.07793211552227902,1-0
-0.2419498034240404,0.6484169112699926,1-0
-2.199295996495604,0.42824857622823176,1-0
0.540098659795309,-0.040304228125275614,1/2-1/2
-0.8838128080340417,-0.36157063550535556,0-1
-2.085790082877018,0.036182536660686195,0-1
-3.0968294195540014,-0.2847985033737972,1-0
-2.260592837474059,-0.05939177981473099,1-0
-0.5378220749870668,0.12714771852063508,0-1
2.3894528129261405,0.3425932772947091,0-1
-0.8028053407295586,0.006981117026230624,0-1
0.7990212631021751,0.2728771375322217,1-0
0.11417218919122958,-0.5121207821947366,1-0
-2.388898995402469,0.10406230333311178,1/2-1/2
-4.413728205064571,-1.2773807543615248,0-1
0.21610572469369801,0.1111748598636567,0-1
2.6391678301555626,-0.3091693287390732,0-1
1.4864212972892425,-0.27424872819692575,0-1
-2.062066214089591,1.2688371402669463,1-0
0.6748924729208272,0.2780411830536259,1-0
-1.2632957143104917,0.14514984562161104,0-1
1.990228275527162,0.3355407851908467,0-1
1.8244599503637546,-0.03362158442438465,0-1
3.0710916934942936,0.0924790945165749,0-1
-1.0279881270282778,0.11721504762855493,0-1
-1.0700412793405711,-0.035746837793428125,1-0
2.7870802107648496,-0.1717219999799266,0-1
-1.435696998377852,-0.26490601019503834,0-1
1.3499149001329784,-0.39945352743706775,0-1
-1.1625322900757207,-0.18811189190205596,1-0
0.061284258440258,-0.03934266980389777,0-1
0.4511673107178821,0.6356824380095899,0-1
-0.49304581819207166,-0.04723300140564409,1-0
0.17306316462852864,-0.25819386166702446,1-0
-1.8039525998416388,-0.01859185357592864,0-1
0.3867812041647954,0.17979027174301648,0-1
-0.1448024340194069,0.12795733244418425,1-0
-0.24584523444572245,0.3001065839546528,1-0
1.0217260095879706,0.7032154454349264,0-1
-1.1714879922287489,0.4523955103474858,0-1
-2.3520686123938286,1.2165863456952586,1-0
-0.9855024244268628,-1.1308958479572564,0-1
-0.20908307038396332,0.24915947600008506,1-0
1.826206845916267,-0.2788793435067125,0-1
1.3214260288851714,-0.7258907252185681,1-0
1.340085310546529,0.30956151140552474,1-0
-0.760981684127343,0.3258983370760617,1-0
0.9706649835209205,0.14517473452089055,1-0
2.3083147533030135,0.9219793882782538,0-1
-0.8705199924524789,0.29198902993866754,1-0
-3.1776194444109622,-0.7585380693575899,0-1
-0.7524728983890844,0.19262345640799092,0-1
2.6695966989958104,0.06458472822130172,0-1
0.614863403449562,-0.06583069559069069,1-0
1.4572703041932569,-0.03308066436179034,1/2-1/2
1.660452007564177,0.13755606040815288,1-0
-2.0988056044154195,-0.04985183702465657,1-0
-0.18448848459770736,0.5865455500165199,0-1
3.535859174042391,0.21406659607543224,1-0
1.4818636112964816,-0.18046215272265337,1-0
-0.5634791221122971,0.2393979965195553,1-0
2.672674293661707,-1.4101907584847138,1/2-1/2
-0.053743241060358174,1.008762032207675,0-1
1.1292015952249799,2.1537144737224825,1-0
0.014092990198116752,-1.0994116645840726,0-1
0.4746579808690379,0.7054980479388283,0-1
-2.2156678402918257,0.4030991027844858,0-1
-1.5379254604565074,0.4448382431597442,1-0
-2.871998183718595,0.2181407540309596,1-0
-0.37454951659364544,0.06468731058275631,0-1
0.6489060359996855,-0.22339720442872255,1-0
0.5441627983431783,0.2350096686470854,1-0
-1.3427234810231354,-0.18712306243415205,1-0
-0.8199779425241238,0.38371894607048873,1-0
-1.977643891932569,-0.34497718732188093,1-0
0.04501561545513563,0.030173132975699023,0-1
0.17980591288350858,-0.09143394480565567,0-1
0.43986049373432,3.293687130741488,1-0
1.9160203925044363,0.3412988940631817,0-1
-2.4168709153860424,-0.22356578911267477,1-0
-0.20607042819872307,-0.31983149513009734,1-0
0.9010511801611047,-0.40138368497009697,0-1
-1.3477626611982327,0.21499646411111217,1-0
-3.176161611343309,0.6138004678420799,0-1
-0.7030868598485789,-0.029380465269972497,1-0
2.6543778123197144,2.635257776321978,1-0
0.9818877029252868,0.08497957152150964,1-0
2.4290857553144614,-0.39590915872346505,1-0
3.1740648624936574,0.8724409892881944,0-1
1.7984270913843707,0.45173919160445924,1-0
-2.0064787157981603,-0.02470151388152602,0-1
-2.7818356657760064,-0.9804786946622397,1-0
-3.317861260661635,0.47132062706097927,1-0
0.8957717296964057,0.7122262597559547,1-0
1.3126767066115104,-0.13214214402375757,0-1
1.580369377885734,-0.6125991585441699,1/2-1/2
-0.31371781594753306,-1.5246721318524432,0-1
-0.742487803266907,0.7493682803573596,0-1
-2.5703890199274952,0.20233557385214654,1-0
-1.3470263402038247,-0.6593927820793026,1-0
1.769341471880573,0.3997371898462495,0-1
-1.5981189182914632,-0.27726508410411715,1-0
2.7114215011581573,0.7427611518214068,0-1
-0.4318608704558572,0.4848643562214333,0-1
-2.5965196149953513,0.5010623980453984,1-0
-0.7503166829260038,0.41331842027495086,1-0
-1.2685833417296117,0.019595608876875968,1-0
0.3082162623174176,-0.162561280508322,1-0
1.1581521918087188,-1.1481978796579875,1-0
-2.0065409948047344,0.09580659068958758,1-0
0.4207084495183645,-0.13718235096974035,0-1
-0.9004862427953567,-0.08430422199154002,1-0
-0.8299940997167228,0.06802704057089712,0-1
-1.0526526145410973,-0.6007042944780412,1/2-1/2
-1.3139297693588903,0.025834019695995677,0-1
-2.144378300046262,0.07518830622710314,1-0
-1.8901377503484842,-0.025233679863858903,1-0
0.4710494511670795,-0.21617064822246115,1-0
2.2694743951263887,-1.6178176353719351,1-0
0.8146252841469778,-1.0724830235773175,1-0
1.4546309303432159,2.7108325542797838,1-0
-2.2998839915413605,0.8452233964725517,1-0
0.36458923446835073,-0.11281813806437647,0-1
-0.6410788417486614,0.872813444418764,0-1
-0.030487873436687407,0.086062080703957,1-0
0.9088633994065185,-0.040444515704987326,1-0
-1.8395070561314995,0.01572738942994067,1-0
-1.7868588801934095,-1.123846764058355,1-0
2.7986681005667458,0.0660157813707318,0-1
-0.09539415896252136,-0.32148558870312255,1-0
2.1726023707394346,0.0020883997850594,0-1
-1.7354315381686987,0.09138609475599437,1-0
0.6565429591789845,0.17933724094275796,1-0
2.9418462745402745,0.6176108798508135,1-0
0.9137516780292426,-0.035197717339699626,1-0
1.9835575111471282,0.14290133067415722,0-1
-3.998093942544312,-0.09400996647963862,0-1
-2.8071529526224523,0.46763060986886085,1-0
-0.03721854668628133,0.0946240161683633,1-0
-1.5322354113982084,0.2819485837602782,0-1
-2.8208619646431425,-1.170189024116522,0-1
-2.8262336074569334,-0.9730068285288784,0-1
0.6350554449411746,0.144572871517507,0-1
2.4232214008844473,-0.19356275199579445,1-0
0.321115326948112,0.40423062977102814,0-1
1.466628791823074,0.5244969824189374,1-0
2.7884777928681634,0.15137835552778506,1-0
-1.43251807607736,-0.113672202086199,0-1
-0.015049980809178605,0.019322848393408927,0-1
-0.4526045168282491,-0.9226707407519641,0-1
0.477565206971896,0.32274624750376146,1-0
-0.2725817454183899,-0.363557048521425,0-1
2.0788801152901444,-0.627066725784241,0-1
2.14749448250899,0.2313540682201907,0-1
2.419721878810995,0.13790472412706317,0-1
0.5218879370693631,0.3883075212209287,0-1
1.3522709610416466,0.5066149414561428,1-0
-3.9807082392075515,-0.36079710331499626,0-1
-2.3377613427782546,-0.43790218010863174,0-1
1.2993404877083397,-0.9709874609978264,1-0
-2.6406241209227748,-0.7969564307481717,1/2-1/2
0.7622474281316807,-1.1192030514428368,1-0
0.1121411989159759,-0.353272706444155,0-1
-0.8412381190492176,-0.4100108062561346,1-0
-3.930183170044828,-1.2585280761721114,0-1
-0.9618130002841021,0.028367543965548307,0-1
0.6686643057930667,0.029397086117988986,0-1
0.4659150381634253,0.20551657072421672,1-0
-1.9199797661979348,-0.01964536339835855,1-0
2.225664527845369,0.127678661756582,0-1
1.5196242208048103,-0.5409331064124989,1-0
-2.5563610506544867,-0.6138425839459358,1-0
1.125557554334976,0.16157024063689773,1-0
-0.09551501088170347,-0.38892302696559794,1-0
-0.30801622910339904,-0.37004285314930685,1-0
-1.1058565023828109,-0.719350554555964,0-1
2.063735351911298,0.6373994837236496,1/2-1/2
2.9192533708595616,2.2231451414109493,1-0
1.5552340764049135,0.42318027612801834,0-1
2.5375814686799885,-0.22049578445004142,1-0
0.7634490225813311,0.20891585967193455,0-1
1.8978893119045166,0.13506860972194099,0-1
1.5657980379602885,-0.6283028443324831,1-0
3.3369721746405694,-0.4873752170187302,0-1
0.5815452258603395,0.16695592757718142,1-0
-1.1780588052490282,0.1654855607479304,1-0
-1.450154099834647,1.1567851900506714,0-1
-0.6764992441288809,-0.3641861676478311,0-1
0.3457182630707296,-0.6479451456930483,1-0
0.35891920665514904,0.10353696878420438,1-0
-3.2189935513833667,0.38427016778471007,0-1
1.6880689404040456,0.0005797302101982955,1-0
-2.0950129530933044,0.8164076640498283,1-0
0.5946747227893634,-0.1978795060670725,1-0
2.2300502786034286,0.1540421190204963,1-0
0.7608356316006769,-0.33729795833885884,1/2-1/2
1.8488226920457498,0.6251159123113327,1-0
0.3364165324509379,-0.36014772624065755,0-1
1.7472983215881188,0.10617526087378658,1-0
-2.3869746426187075,-1.227228659291635,1-0
0.6095063139904677,1.9140335987678898,0-1
2.335891434680808,-0.44685904966396073,1/2-1/2
-2.1330643217132828,0.059844925952313555,1-0
0.32703607455054096,-0.4392696558979944,1-0
1.3099514441314466,-0.3978095869490197,0-1
0.21642749176961992,0.2238221526836504,0-1
-1.1984716500195771,-0.018084949539876678,1-0
-3.7094980850203307,-0.47675396726225266,0-1
0.9313082468895523,0.2180287635554884,1-0
-0.5037819998030059,-0.9999539150719924,0-1
0.7053311039033683,-0.12749068826218884,1-0
0.0275511848377699,-0.06995907929867104,1-0
0.29767771088078826,-0.14900424222996142,1-0
-2.001135840766756,-0.8995603596284172,1-0
-1.5032130833382158,0.22070784536635132,1-0
0.033203276722030134,-2.383440415051421,0-1
-0.5881468373336305,-0.43136774339183287,1-0
4.298635177645419,0.15023831160950954,0-1
1.3093168903993755,-0.27512035924100037,1-0
1.4129730600635146,-0.1371451662420922,1-0
0.9766136413342364,0.10719798661630531,0-1
-0.1180061473000795,0.4649112161121425,1-0
1.5394614268506759,1.2037117460899702,0-1
0.44366759013998636,-0.44769934293899694,1/2-1/2
-1.6436914807994054,-0.026716582025333706,1-0
-0.6993478709508764,-0.18115799145083766,0-1
-1.73153266729885,-0.11977394298741598,0-1
-3.2159821120321785,0.3299344882962363,1-0
-4.1137540653265745,-1.3284745505435414,1-0
2.2389048838365717,-0.7514539916964535,1-0
-1.2601810958910356,-0.05060993114493662,0-1
-0.9478835488220856,0.15282517595607018,1-0
1.2253090463118599,-0.647765424681588,1/2-1/2
0.09062254675876528,-1.1464070114386353,0-1
1.6230930952464275,0.4629383643860113,1-0
0.635270517251683,-0.041308227344681585,0-1
3.540488977032998,0.21990884177286293,1-0
2.465352268040115,0.09256763781266594,1-0
2.948016881192658,0.9120602786761117,1-0
-0.5425895016906088,0.18933835841782284,1-0
-1.988133863313594,-0.7252092642811883,0-1
0.21027144163970599,0.07480687691971652,1-0
0.6571496785491477,0.25054732948930775,1-0
1.4006209390563233,-0.30601723916677304,0-1
-0.20825656017209423,0.059785663002993865,0-1
-2.0598158540841633,0.2367907129902358,1-0
-1.0496185965787495,0.3679605982371957,1-0
1.94617729890125,-0.06994937517439707,1-0
0.6869615689164287,-0.27966007782217167,1-0
0.4987730787723611,-0.05461858673823348,1-0
-1.7955513123341449,0.44078524219659804,1-0
0.30952743714621556,0.16649284842036977,1/2-1/2
-2.528592203825015,-0.9244343943311921,1-0
0.7385096870113429,0.003587365235646573,0-1
-1.6348943601926607,0.11301546316638407,1-0
0.30799014918158457,0.3178381842527585,0-1
0.4357797413673538,-2.9854677980456383,0-1
3.593875192335117,1.1766648036649274,1-0
-0.7526017723969566,-0.7523804309968307,0-1
1.3150672911227486,-4.654168697628386,0-1
-1.2534736715950523,-0.06548371186324993,1-0
2.115406018552185,3.7227143531133016,1-0
1.5976975424899484,-0.5974916199884495,0-1
0.345514152627642,4.744903821451541,1-0
1.6646125817746558,-0.12135302686260836,1-0
0.47957044503362456,-0.04861531773773309,0-1
1.0865689495638513,0.23418689417227945,1-0
0.1253452370860088,0.2255474470108661,0-1
2.1293512155236147,-0.03961705377243224,1-0
0.5317541292978408,0.3456937423353162,0-1
-1.3181345503563286,0.9906378235594911,1-0
0.5360042626423697,-0.9657455745706394,0-1
0.5712251075656326,0.07298662362516921,1-0
0.9331049470745515,-0.6995840289047994,1-0
1.0096746219743733,0.3597743731578741,1-0
-1.1353401702571422,-0.17080305881490662,0-1
-2.9649372564286445,0.21374901795352877,1-0
-0.4338530969239479,0.2658757644929469,1-0
-2.213961977923908,0.05324897758209465,0-1
-1.8814281067274068,0.7606157892175712,1-0
1.887229775425805,-0.04432014908919765,1-0
-1.911121591161499,0.2781444953625376,1-0
1.1135746348991804,-0.6477028582557316,1-0
0.9441393588191654,-0.12763375882782854,0-1
0.44244870841986317,-0.26206147091843035,0-1
-3.431503804130983,-0.7081669522645953,0-1
1.01496755925039,0.031762201961919194,1-0
-2.464093267441436,-1.2786712389444894,0-1
-0.763618324061608,-0.2266273261886387,1-0
-1.9914966982623628,0.3038973355428069,0-1
0.8405686598412907,0.4941092840480393,1-0
0.35341954740498555,-0.7721316106381635,0-1
2.2373666592836887,0.16556335343169115,1-0
1.501966897119395,0.19129127589795886,0-1
0.5647939431327498,0.18554547787749598,0-1
-0.784597712589226,-0.24896867129774203,1-0
1.3193341173031268,-0.5995921042101411,0-1
-1.5724075383993694,-0.3881670617974907,1-0
-1.9752713254759484,0.17460424006018826,0-1
3.1267525874666027,-0.6166631760828964,0-1
-2.4068855540180647,0.5841957524907414,0-1
-0.0791032794610189,-0.6184403909520627,0-1
0.36433347106802766,1.2189101663508026,1-0
1.2267039193511526,-3.293045901966485,0-1
0.5531616375720143,-0.4712287997264583,0-1
-0.12392710387438774,0.18348028893513493,1-0
0.7199547517212156,-0.5779403916148296,1-0
1.600889875752779,-0.6600828923685199,0-1
0.6707581664005937,-0.6288226994629439,1-0
-0.4851972052765091,-0.14482378502958473,0-1
-0.5025062062071259,0.02138101146899989,0-1
-0.003304579172150595,0.11698483277153998,1-0
2.871194328506247,-0.11316299283964441,0-1
-0.29986816147727374,-1.1269701985029168,0-1
2.038388667199055,-0.3297135247330152,0-1
-0.9870585880764597,-0.6737567560237083,0-1
1.6464215923051757,-0.12638192122275327,1-0
2.1425475736997375,0.9120762222132965,1-0
-0.6800398211297579,-0.37340043114645355,1-0
-3.3210704415671977,-0.33004063072086287,0-1
-1.943277467432062,0.07760528610658159,1-0
-0.21113738546180694,-0.5977271475222465,0-1
-1.7166649672484557,-0.5907448579065403,1-0
2.174513521532737,0.009553730495252646,0-1
-1.7423407569357516,-0.04719246497943718,0-1
-0.9803832955620504,0.1925860321764876,1-0
-1.8538034938936283,0.25076633648890895,1-0
-0.6241782023975305,-0.28892671082344784,0-1
0.010331091273810017,1.9337415637255118,1-0
2.0496451609056363,0.700171250900863,0-1
-0.26164371206246434,-0.13129828959331452,1-0
1.5322359630042497,-0.013397277269687138,0-1
-2.6484306091997603,-0.9988475579714836,0-1
2.4600215252880178,0.2688338406933495,0-1
-4.284129881115231,-0.9314953113065403,1-0
-1.5059083534590099,0.35415113446004454,0-1
-1.815255404226394,-0.17225848037300723,1-0
-1.152510668160494,0.03561133798528616,0-1
-0.5221912134425293,0.22747474564426554,0-1
-0.891074722824538,-0.24623521078398017,0-1
-0.23174957871743324,0.14536614116518998,1-0
0.9057841622199805,-0.5369655365507402,1-0
3.724206454704621,0.33371687039626463,1-0
-0.22424361169438922,0.009509504877330885,0-1
1.2186882955361933,-0.38782869973020734,0-1
0.30013114404031777,-0.5428307666756292,1-0
-3.401353432167949,-0.38728289542119226,0-1
-2.4122465771180623,-0.12575486780299455,1-0
-0.5912258655482892,0.19704244860844436,1-0
-1.703900165499282,0.12243469459924412,0-1
1.2241154956937303,-0.8622285131525965,0-1
-0.8146560253260684,0.22106666217023882,0-1
1.452798013037781,-0.17899870703174836,0-1
-3.268783578234713,-0.07715566792588754,1-0
-1.4678071802065449,0.43835883917959945,0-1
-0.05348396196288996,0.1169862167527522,0-1
-2.1868352316975175,0.36372787626258923,1-0
-2.3420449841791977,0.03447391581811225,1-0
-0.6943261329119831,0.5688815328107956,1-0
1.0430594518388148,0.3185852467739545,1-0
1.1780308521507101,1.3136537889470334,0-1
-1.6010048444661928,0.6437197261573624,0-1
-1.3231372795873557,0.06031290202372247,1-0
2.3599524305319783,0.15269660170087765,0-1
-0.15778223223011018,0.6000817328195949,1-0
0.7549969180041188,0.18814295255411745,0-1
1.552727146366038,5.315383351652261,1-0
0.06849967532353284,-0.16730178503308718,1-0
0.5476134523723946,-0.1897747833935684,1-0
0.6790850457899791,-0.9875928319626684,0-1
-3.278209654728001,-0.06065880219481174,0-1
-0.2648737176784751,-0.09494462670149173,1-0
-0.008785286888368946,-0.06505464873298061,1-0
0.5338248740746574,-0.19332952967249994,1-0
-1.6319539681281672,-0.6811126879625251,0-1
0.6024781164807358,0.17667358217847082,1-0
-0.032623188340340364,0.027075050182338543,1-0
-0.6012784164110372,0.339880495997903,0-1
-1.6184694840554377,-0.5813436989630378,0-1
0.06474181074086424,0.2902694972489372,1-0
-0.014150474285132443,0.03782034246424743,0-1
1.5408179540265645,1.186130361976202,0-1
2.338406001286781,-1.3204528822310162,0-1
1.4085839267312097,-0.477952753639239,0-1
-1.0326456312578929,0.4307804770127171,1-0
-1.904332132859645,-0.05478866013182196,0-1
4.238921473939198,0.7766544106931922,0-1
1.7855204798826658,0.3833287626828407,1-0
-0.6514091401294201,-0.6917323569491188,0-1
0.43593113671246453,-0.14354884324512357,1-0
0.010388500051228901,-0.11090944620216223,0-1
-0.03705429144549099,0.34734710596088436,1-0
0.28502498960290334,-0.01779895697524704,0-1
1.4084509642755512,0.3892918244659098,0-1
1.0501348748721413,0.17796573172940142,1-0
-1.4295632606132973,-0.8878745889807677,1-0
0.04413680051863776,-0.9515476405958282,1/2-1/2
-2.2301862809991704,-0.45762157740401915,1-0
-0.5060655257700688,0.44346886289856047,1-0
2.1258550542815766,0.3702051789822412,0-1
-0.05687314361865635,2.9496909080546443,0-1
-3.919207255363843,0.1248995050902769,1-0
1.6446677443751254,-1.3988542617515038,1/2-1/2
-0.05366458962873207,0.3762585272983963,0-1
-2.4790627347541676,-0.056000305542969454,1-0
-1.6335391116998033,-0.3893334833246821,0-1
2.626023776704069,-0.0897680181561837,1-0
-2.461368599454845,1.0031077849495829,1-0
2.1352723052208233,0.3673222322315991,1-0
-1.0465051237194245,-0.1870583820796261,0-1
-1.58710762237756,0.4138816995459705,0-1
0.4090706219610803,0.1719265422305375,0-1
-0.42457906754316377,0.297486020122149,1-0
0.5306237152577852,-0.11712433831199595,1-0
1.4306615216683305,-0.11099961298332062,1-0
-2.7607505190712267,0.10606305142480205,0-1
2.2607571473603802,-1.0313711279036513,1/2-1/2
1.4467176714518377,1.2109901813552835,0-1
-4.576068840331515,0.04671464559371979,0-1
-0.9769183512561651,-0.33778101445684927,1/2-1/2
-1.778755955942496,-0.40920738352347447,0-1
0.6033499217657742,0.5145787513309023,1-0
1.0819105087459844,1.3134243328521977,1-0
-3.2428114315902405,0.5298653141491441,0-1
1.5700942295842981,0.4505908425666255,1-0
-2.0883069406032533,0.19125796212719354,1-0
-0.6026528826836401,-0.10241637308292552,1-0
-2.010596019809931,0.2939848660922571,1-0
-3.9642166349461307,0.13586408535854075,1-0
1.371778568319722,0.5126399156313134,1-0
1.8134291084224343,0.5977141149764904,1-0
-2.694152585605165,1.26876604424118,0-1
-0.8157686333923098,0.09261847589049983,1-0
-3.6330117986583903,-0.5835266068198371,0-1
0.05466918135909796,1.2535565923812637,1-0
-0.7377050165755439,-0.05856860460124364,0-1
-2.3963791343630088,1.4518552831308902,1-0
-0.17914729862268236,8.632781650406054,1-0
1.8230048512118773,-4.702399003530329,0-1
-3.0170563705660247,0.41745026040991406,0-1
-0.5420182394023428,-0.046593609442333206,0-1
-3.0273411076278136,-0.36879984115439873,1-0
0.05568910011573676,-1.1464602744788994,1-0
0.8357857973009483,0.30262331498763606,0-1
-1.30353308178094,-0.10628737551578887,0-1
3.006539382674934,-0.0842149969700138,1/2-1/2
0.408912097688718,0.07825149447981448,0-1
0.703376682911358,-0.1947333116754039,1-0
-0.028953946303470417,-0.14363801176024757,0-1
-0.09114576567159555,0.023927471809457732,1-0
-0.7145936739756871,-0.05559498560233768,0-1
0.5598247219581374,0.09428377732093883,1-0
-3.5755814660535,0.5950778043954734,1-0
-1.3985994473059533,0.707900307027508,0-1
-0.4297412576348048,0.039158060131413326,1-0
0.09550322123655802,0.23113576347636652,1-0
-2.407099822863222,-0.12110351676984984,0-1
0.15299453242216068,0.568375134241849,1-0
2.474905864009265,-0.46311575690989243,0-1
-0.25390150592368366,-0.04031137374397322,1-0
0.7763269204067973,0.3629831189518957,0-1
0.6772883456049795,-0.0699800395023806,1-0
1.7717431513821327,1.2101868633510473,0-1
-1.5894675627621353,2.4449929090087608,0-1
0.1533037568454272,10.785477578441773,0-1
-2.769448758029369,0.5122241616189507,1-0
-1.0942908490972942,-0.25417377373596217,0-1
-1.5723841563228584,-0.25634685771655996,0-1
0.8835964109852977,3.98459503515922,1-0
3.69770530353336,-0.21134569583883947,0-1
-0.42271779723132796,-0.02211646980870429,0-1
0.8746821307062295,-0.048595965995587354,0-1
4.558856747652797,0.4916435950428996,1/2-1/2
1.3265440121898526,0.23833195136490162,0-1
0.16319110830872252,-0.5001364836502336,1-0
-1.9978692325087166,-0.26951276256325996,1-0
2.340772033309622,-0.06873912876796534,0-1
-0.6228301586809039,0.9575453957162713,1-0
1.4115589724122488,-0.07375848023866252,1-0
0.8997555742920071,-0.35125284611417407,1-0
-3.103400365697181,-0.6972168118003764,0-1
-1.0352712086240023,-0.18017417864945853,1-0
0.004130416413177791,0.24075857886225188,1-0
2.240123920422426,-0.5754941313885797,0-1
1.909772204131579,0.03918934967842985,0-1
-1.244481366799996,-0.03958985415581186,0-1
-0.8208440741146554,1.0787763141518378,0-1
3.7109955400060293,-0.7634105286508285,1-0
-2.6843087057420463,0.45416841080590425,0-1
-2.17213725161054,-0.26799745283680665,1-0
-0.6115001500176519,-0.8202329565697372,0-1
0.6647843106081845,-0.06523663223975988,1-0
-2.26814092913568,0.3759467673203804,1-0
-0.6734001188201459,0.06029194182001287,0-1
1.2992587416911001,-0.165821995066316,0-1
-0.766354627366996,-0.1977764032150089,0-1
-2.2088841129584,-0.08888209475167165,0-1
-2.990888103144989,0.14496104570490984,1-0
0.5193963345961428,-0.8561408678231454,0-1
-0.13216090843257755,-0.07032731924007868,0-1
-3.8870191497198965,0.6797343729481465,1-0
0.9467461395170609,0.1512895312449403,0-1
2.3409796918720205,0.3692696125546013,0-1
-2.3619685789245213,0.16912018594761202,1-0
1.5550864057288272,-0.85385497686621,0-1
3.014493544795779,-0.24253659246204612,1-0
2.614656557058209,-0.47984721515425643,0-1
0.35969772813711287,-0.0709113342344563,0-1
0.6662037081163468,-0.5821897261838793,1-0
-2.5865823940552364,-0.6750962584107679,1-0
-0.5750525885146244,0.021585979403237504,1-0
0.12486718275183847,-0.0255899669768922,1-0
2.7269280741031197,-0.3021268699682604,0-1
0.19535825611932028,0.7669049460542772,1-0
-3.7272850861789695,0.20164689576616343,1-0
1.3933726442000445,0.720424317911723,0-1
0.5744495153361157,0.0030932775185721966,1-0
-0.04862453013930443,0.08238148664935868,0-1
-1.438478733047083,0.7484055475116175,1-0
-2.4705254443115496,-1.399863229415413,0-1
0.4522552580245811,0.14754285783110035,1-0
0.7927032705945638,0.8257465525777317,1-0
-0.11998207719209752,-1.2654956299735154,0-1
1.7009115652677387,7.237255860628367,1-0
1.3484373630632522,5.690001774286085,1-0
2.5395861880972244,2.4236770852962803,1-0
-4.439246482916736,-0.873904158406949,0-1
-3.49541164737802,0.21200950830261966,1-0
-0.3714859814897079,0.056515004816870766,1-0
0.7541564671807711,13.389263866022729,1-0
-2.5789696564178004,0.4869983510025618,0-1
-1.8792076632322698,0.3288814839409118,1-0
0.15121319222498222,0.7402416816407213,1-0
-1.182738545995023,0.7064899896014359,1-0
0.8509962763667621,-0.004573388440546009,1/2-1/2
-0.43787956311863696,0.016799477208833465,1-0
-0.6079239828119773,-0.37836827783738525,1-0
-0.31691423765815,0.3501676060375975,1-0
0.4775439070437677,-0.2154867623226512,0-1
2.334638295545067,0.5542294500177638,0-1
-2.2701533858207474,-1.0214384847032512,1-0
-0.3609871845546415,0.42313316279574464,1-0
-0.09871838496985862,-0.03181338868663575,1-0
0.7035843414737566,0.24327542964716273,0-1
-0.23784038837805963,-0.4223275590191129,0-1
3.6638291414953095,-0.08196054412674485,0-1
0.6524410151550349,-0.24772262414487436,0-1
-3.59791172980533,1.3871910071325024,0-1
-1.8891105153766967,0.5790084980615272,0-1
-1.7986130315355002,-0.20847197543704588,1/2-1/2
2.5388869125403586,-0.050489697563147695,1-0
1.4131429131498325,0.1491176067652031,0-1
0.922912557227586,-0.2078086490022641,0-1
1.8628265516258746,1.5677207725741058,0-1
-0.20959658180003082,-0.30911999439437915,1-0
-2.5540548702272847,-0.03484193569377176,0-1
2.6719959542542076,0.031007635798527684,1-0
2.2914657917608734,-0.11997950844900654,1-0
1.051528061963979,-0.04712888761936971,0-1
-2.3244719097709363,-0.09878664479784112,0-1
0.66202899849493,0.14389968800800534,0-1
-0.4760339018350034,0.5265920492354228,1-0
2.4338030352907363,-1.0361843369157466,0-1
-0.8857993035337044,-0.421511185192044,0-1
3.249773221867106,-1.0759949282195396,0-1
-0.08175978577464989,-0.8628337693374375,1-0
-3.0750536462966847,-0.9764500621077641,1-0
-0.6651266928832934,-0.19158400508903164,1/2-1/2
1.3122365336023996,0.7678892643227619,1-0
1.1832793736678875,0.5666051214977826,0-1
1.6798044731441348,0.3643501169658329,1-0
0.43865733578077976,-0.6435534096156175,1-0
-0.17828715796968186,-0.6104975412810129,1-0
-0.14735367911638694,-0.6642729489647465,0-1
-2.974960751520375,1.5213698066576988,0-1
1.1906885411907115,-0.5215574759214248,1-0
0.6731662472130325,-0.6760137108661515,1-0
-1.9129174878811466,0.3045769197000456,0-1
-1.5492296766471938,-0.319104304841656,1-0
0.15399708489157482,0.3199401722075898,0-1
1.5185371528124418,0.05544895966221714,0-1
1.2160395450654515,-0.005672346627283566,1-0
1.5934814899524754,-0.699190036573509,1/2-1/2
0.9637301456632422,-0.08040895587843015,0-1
-2.226140081548016,-0.6421859338262549,1-0
-1.818496450667729,0.15861354841770733,1-0
1.2711900980562858,-0.4463331946244444,0-1
1.343533540332583,-0.9592497065627009,1-0
-1.038798298813562,0.5962093313820157,0-1
2.8052434989953223,0.1527145694618112,1-0
1.8009616002186886,0.26943592817708467,1-0
4.221130042237991,2.016864167558525,1-0
1.50028545100805,1.1428018234059478,0-1
0.6880245272159138,0.8827408741639676,1-0
-1.3661155357714894,0.03793776536842839,1-0
-0.6667203957631704,0.3648258361832924,0-1
-0.6047526832314747,-0.7281758423898208,0-1
-1.5036879099638727,-0.0775831708166149,1-0
1.385031265562111,0.05984583215810039,1-0
-0.4005038572643037,-0.20796377712470218,0-1
-2.049802121134727,-0.29154414743774454,1-0
-0.05742724859157704,-0.09089024175713337,0-1
0.030672413539984688,0.0015716718728058842,1-0
-3.1717769302964007,1.2803275755747265,0-1
-1.27034292062809,-1.4119247736936726,0-1
-2.2590278482704207,-0.5301447907287125,0-1
-2.7115163945203253,0.057674609934140246,0-1
1.8608595804107986,-0.050791633664962095,1-0
-0.36572482787079325,-0.2404966781341425,1-0
2.9854135989864883,0.7384239430135247,1-0
-3.343645903111706,0.12333458003237571,1-0
-2.7084527262934874,0.17501066299527843,0-1
2.187890564648623,-0.17193979925664532,1/2-1/2
-0.9879413583378439,0.2822792947417585,1-0
-1.1510453640708094,-0.0898544601917819,0-1
-2.47721521749945,-1.412217286657967,1/2-1/2
0.9052563032533225,-0.11574791716053859,0-1
-1.6493383927818965,0.07044201125013042,1-0
2.3253398716505407,0.15704814558438074,1-0
1.1225581899891743,0.3912277724511466,0-1
-0.6858906670056233,0.8506331226127304,0-1
1.2424875880467325,0.25947600116198194,0-1
-1.9557505734813356,-0.2842125839075984,0-1
-1.7759641743101133,-0.07745080264128353,0-1
-0.04393596383926779,-0.47223686118458047,1/2-1/2
2.6736977064315086,1.25731660260469,1-0
0.3380528351870717,0.15990845213984378,0-1
1.8967843838321854,-0.3662526990885058,0-1
0.3547663124385809,-0.010427066475742089,1-0
-0.32371366707417654,0.3374554769621166,0-1
-0.7412811837812184,-0.5004332833335956,0-1
3.454345169442209,1.041054846261877,1-0
1.1698401088193486,-0.005307739371188508,0-1
-3.7159800665229317,0.07440907564478377,1-0
0.34537022830456254,0.405180531274289,0-1
0.5394775170255766,-0.13144008090616602,1-0
2.285363137809571,0.49802552538836226,0-1
-1.1560932366770478,0.45138734416093973,0-1
1.554871409267298,0.33144897601498496,1-0
-0.24956771779547293,0.06539706862437668,0-1
-0.4205992541214275,0.17234088457000804,1-0
-3.4014399725653646,-0.5068374808272359,0-1
-1.6994812487795867,-0.2625781988306839,1/2-1/2
0.761992601319609,-0.5531467563234137,1-0
-0.6701025243406643,-0.5501362335836134,0-1
-2.157148490669084,0.45340028335257465,0-1
0.2899053792598377,-0.7646102489252817,1-0
-0.6742442228661768,-0.5970209024140113,1-0
1.5933050483262299,-1.0166539640174124,0-1
0.036977128208157746,-0.21196430385677056,1/2-1/2
-1.228203743395101,0.23887815641259813,0-1
0.07860223979064754,0.14243634704552435,0-1
-0.27039081906484236,0.1815458446830379,0-1
0.333212145925552,-0.23678893268494564,1-0
-1.2368821159738772,0.33690698172742106,0-1
-2.923359810056339,-0.03982259870368101,0-1
0.9750739832325913,0.1778500370387119,0-1
-0.40444599833285977,-0.05658103208431367,1-0
-2.766072436269282,0.26871533532505193,1-0
-3.264802752375746,0.031450041245221896,0-1
-0.6150360657612529,-0.03023552755782934,1-0
0.13065611345873984,0.3574135290095081,1-0
1.7708545743033417,1.0077520180557098,1-0
-0.8383054859953869,-0.19344071316377004,1-0
1.4381654065429919,0.15955655647430225,0-1
-0.5567584199768758,-0.1148092235146915,1-0
2.2087633374275795,-1.0859519675202902,0-1
1.116530671772353,-0.06322318758101957,1-0
-1.2426835210548655,-0.5979434430658255,0-1
-0.7291830861207471,-0.6566852834122716,0-1
0.021378496037003696,0.042004327621512724,0-1
-1.87575443009416,1.1097215301562704,1-0
-0.9972476170920114,-0.10362661948935725,0-1
-3.0936425510137986,-0.2554211001416181,1-0
-0.9296130503494794,-0.6024963221982537,0-1
-1.3735782325958252,0.23357169435930933,1-0
-3.3182719923781354,-0.60490801709263,1-0
-1.662786616307377,-0.6133652894654309,0-1
-1.1026841145160982,0.16401557963385724,1-0
2.3003292983970365,-0.039666684127383674,1/2-1/2
-2.0084464146296086,0.24738930202119236,0-1
0.015832547851497816,0.2786432705373611,1-0
2.035821125526002,0.38947444821522553,1-0
-1.1240763386514296,-0.7642309773847901,1-0
1.360797264765088,0.220603864000181,0-1
2.233919938836528,-1.583498392366066,0-1
2.467188283098936,1.172488962392394,0-1
-0.09829242638843777,0.17316065157853439,1-0
0.6199569704976708,0.2967315586871815,1-0
-2.8188040007452537,0.24215844719308946,0-1
3.7974150347092768,0.7653294948643974,1-0
0.14188003569715846,-0.21743692563158143,1-0
-0.6616955631386635,0.942203399422694,0-1
-0.509760441003712,-0.23615668634033232,1-0
-2.1289769342118023,0.34147066797858155,1-0
-0.31328906928533956,1.0108576195147694,1-0
2.207235083988869,0.17671066217769493,1-0
-0.865183651854854,0.1492625102727583,1-0
-2.041046055455407,-0.49249384186750683,0-1
-3.2513843122376556,1.441077822787858,1-0
0.15158226067347724,-0.025667703154250834,0-1
-4.125033390043008,-0.1148087457392661,1-0
-1.5459208106276778,0.1369697402032727,1-0
1.9724765224785408,0.19615249177993835,0-1
1.034300807050602,-0.6860895570522955,1/2-1/2
0.3727784901448013,-0.40355538496948257,0-1
-1.0692492710472896,0.575402632718008,1-0
0.33052570135879955,-0.11695956257168609,1-0
-0.30630005352652906,0.8761918778911962,0-1
1.170489085950989,-0.10807120284486722,0-1
-3.304593127582446,0.2722031525453573,0-1
-1.1043857335704985,-0.9367850283452814,0-1
-1.7623440155499317,0.48620646533609096,1-0
1.5757342650382302,-0.1648749963009107,0-1
0.2804950048491502,-0.24342005658256755,0-1
-1.0561197958610966,-0.02552217442766265,1-0
-0.15900478451310945,-0.015830616448535267,1-0
2.9999795532060585,0.20827118272352152,1-0
0.5346536754067884,0.3358150644309571,1-0
-2.589588159711918,0.41220195831148654,1-0
-5.162745680003054,-0.735193960443643,0-1
-2.2329550799237428,-1.0340830306863504,0-1
-3.2785404563298437,-1.284623388880402,1-0
0.14011764703392515,0.6480587196851381,0-1
2.646057027677519,-0.22405621645275656,1-0
2.242324684767246,0.18974568755869983,1-0
-0.47544936170729907,-0.04867335794066678,0-1
-0.6448793820365658,-0.7455041469710434,0-1
-2.0897401129113646,-0.5644928086142477,0-1
-3.069718033315432,0.7714266403681128,1-0
0.610523138161493,-0.3133213070700414,0-1
2.882927522014989,-0.3163312196143122,1/2-1/2
1.7190190579281928,-0.31417436015765304,1-0
0.6104166523679591,0.5130815140938064,0-1
-0.8452024966341538,-0.03118906174640279,1-0
0.027749751600326424,0.13064686335028172,1-0
1.6226025665381705,-0.3400459784085933,1-0
1.6753862267668909,-0.26732571655404264,1-0
-1.5130183542599027,0.2958710789941184,0-1
0.31634688780733927,0.23267042494496554,1-0
0.9904596469844503,-0.06056092782144814,0-1
0.0995716572040929,-0.18086759241521272,1-0
3.18391189421631,-0.9887331003612957,0-1
-3.385907783697551,0.17252760375655835,1-0
1.566337168466981,0.016981756725870097,1-0
2.3260551016886994,-0.1306428975864166,1-0
0.4769712684806604,-1.699834584360216,1-0
0.6928714088164333,-0.7031336387652787,0-1
-1.6648196887310134,-0.048104407969367116,0-1
-0.5258882325673859,-0.2818273713505619,0-1
-1.1993522050096783,0.657046654307132,1-0
1.437504221283065,-0.03851019120481786,1-0
0.23792268600134034,-0.11428660042180636,0-1
1.4390815517378903,-0.08292463213897683,0-1
-2.2609323887809643,-0.27031959350088114,1-0
-1.9658308255830912,0.17803313856345307,0-1
0.7692891697266515,0.5298402434846965,1-0
-1.5310739352877312,0.5037137459578134,0-1
-0.3895404928063846,-0.3758059786881667,0-1
1.7411130825642867,-1.3331311150318825,1/2-1/2
0.7390620953574737,0.3095385269780664,1-0
-1.365910380469005,0.2697448624539891,1/2-1/2
0.1799145566744044,-0.3248267176959791,1-0
0.21273161820489428,0.07377923923909703,0-1
3.8274179449681043,0.9341095115596022,0-1
0.9645511338785625,0.6961004019287108,1-0
3.030891998377025,-0.1327205171325774,1-0
4.113216080919396,-1.0643703249930307,1-0
1.2285437131851467,0.11509260493711945,0-1
-2.51942249907263,-1.1106592449741903,0-1
1.5873719594726141,-0.5994922483282121,0-1
2.976812732279207,-0.15530994013120514,1-0
-5.150270282833518,0.34514231667108514,0-1
3.0018008600444515,-0.8560873237961275,0-1
0.3183232790699291,-0.17854266876521027,1-0
1.9979505935437454,0.4985706124180968,1-0
0.2901718769806446,0.11236075288492137,1-0
-0.5666016294975431,-0.31690031702921945,1-0
-1.57192260753664,0.38127759778233966,1-0
-0.47149165167904267,0.1791288648035594,1-0
1.2693114428821672,0.15151385092132363,1-0
3.2928370818604034,-0.16839319686244572,0-1
1.2256384933816924,-0.9079912543923021,0-1
-0.1376902179472311,-0.0946670590083479,0-1
-0.5231784059241225,-0.26983653738289076,0-1
2.7317211957462653,0.7221104748174475,1-0
2.1347839917838494,-0.7165665574814638,1-0
1.42823706843084,0.4481867987580522,1-0
1.0953016331666598,-0.09858300433841352,1-0
-0.8721040663129629,-0.056395415892221815,0-1
0.1324307102502595,-0.20725190515441258,1-0
-0.679340963516651,-0.14909607397908586,1-0
-0.5549030137563682,-0.7189681143143665,0-1
0.42506313820600283,0.13023402474395102,0-1
0.5275126125354741,0.5185879274148081,0-1
2.298762018073136,-0.2874320803139503,0-1
-1.019147736222825,0.31672438552329457,0-1
-3.2108519174902863,-4.905921712167794,0-1
-3.065328557888348,2.362673799438314,1-0
-2.5671436543236634,-0.5797643341010915,0-1
-1.6624460525632412,-0.16868663105603035,0-1
1.434937616198264,-0.08499422755233321,0-1
-1.137903183795819,1.2220882478168407,0-1
2.400161084326188,0.4897906531966201,0-1
1.0793076865407478,-2.5405037572671376,0-1
0.3613877908306202,-2.160967013568909,1-0
-0.6869499006360839,1.2531158724328773,1-0
2.657380505074764,-2.906950218367356,0-1
-2.127339619038438,1.0952776910823332,1-0
-1.4948851915116,0.09568855758987715,1-0
1.4279130860836353,0.6164439528565168,0-1
-0.9144266019597974,0.21126487074385372,0-1
1.2321140735734144,-0.6015136123913328,0-1
-0.8657072134018462,-0.11683712300098036,1-0
-0.747150981191029,0.029971172507741034,1-0
-0.4929859093225114,-0.2484343913867399,1-0
-1.1002151123968686,0.14937402297280408,1-0
1.0226342658170793,-0.29132383349367513,1-0
-0.01286720966722145,-0.43864906637149803,0-1
-0.2815040153639825,0.11659072068832198,0-1
1.1932099270513223,-0.0029295677044255722,1-0
-0.6334739930770148,1.2828499635167712,0-1
0.672305846590929,0.17809169925699572,1-0
1.2322628357034833,0.27144736363557975,1-0
1.2301297360711134,-0.06844411380449691,1-0
-1.8897949495902346,0.3746299051285001,0-1
1.3251808747312055,-0.011377192459354576,0-1
2.3482484259171548,1.6461559286172804,0-1
-0.8179725713394951,0.1378657396560179,1-0
-1.2086740327235461,-0.10804422770859845,1-0
1.2490306239790252,-0.13362922817587614,1-0
-1.8675698356749852,0.01977259074063402,0-1
-1.0060660376268848,-0.7815916745074878,0-1
-1.5917029807235008,0.48143066553199526,0-1
-1.6542047011340413,-0.41326050423854815,0-1
0.9388229063437374,-0.05695015053982812,1/2-1/2
-0.47540380038832897,0.7296223418629032,1-0
-2.0525982792035267,0.7018416460345708,0-1
0.31106264296246383,0.421560318333463,0-1
-3.5881123415500293,-0.8458659765750755,1-0
-0.030244890915291936,0.7057045196062057,1-0
0.6712530142713475,-0.2770662358308628,1-0
-0.6975762928959912,0.4262613894264797,1-0
-0.2795962471449249,-0.1903880787347173,1-0
-1.6750364948345517,-0.15798945037242954,0-1
-1.6593190928925983,0.061892162157244614,1-0
0.6258037279257496,0.8849464704379679,0-1
3.0360609318743252,0.5184063296232065,1/2-1/2
0.22987105403782443,0.10841776088868127,1-0
-0.2565103687699619,0.08717814192873992,1-0
0.9372567715799677,0.05454365682387937,0-1
-4.300614457150133,1.0889964536500076,1-0
-1.2531398512565755,-0.013603940218897716,1-0
0.16284643437396942,0.6313439499489195,1/2-1/2
-0.6057540142917787,0.8789411772137189,0-1
2.0076637834964104,-0.603601385022471,1-0
1.184580422516782,0.1884162335281935,1-0
0.5378127095850838,0.5590917839177053,1-0
-3.317520696917499,0.9159992854703798,1-0
0.8974319517286017,0.22190555644055932,1-0
1.8889046871033706,-0.2636983705162048,0-1
1.9086534037263374,1.8933130611527267,1/2-1/2
0.36320386049332354,-0.13508828241928936,1-0
5.216905370547649,1.7525132425928638,1-0
-1.978060949110969,0.43585770745152175,0-1
1.3996260665808198,-0.4304553996632216,1-0
2.3260119646128916,-0.0649118314624147,1-0
1.0908525909647948,-0.2381892017544646,1-0
3.1295322399874506,-1.2235619280440704,0-1
0.21431777421376105,0.015750879324504443,1/2-1/2
1.2707565926038547,-0.15292575353188304,0-1
0.5616150208322577,0.03431166976865659,0-1
-2.5014820962694766,-0.3529768129665798,0-1
2.2508555738989844,-0.29647655140573803,1-0
3.375774420777424,-0.4597676020502659,1-0
1.2556747785740339,-0.02565637554490951,0-1
0.2931434069645386,0.07660253732524164,1-0
-2.709943592199876,-0.6604431646835253,1-0
-0.4193412664993619,0.8593059167434273,0-1
4.928731328992305,-1.474514843857699,1/2-1/2
-0.8198981455323667,0.11047464471148409,0-1
2.3269015541289138,0.371273858556173,0-1
1.8452731346251,0.26791783546470344,1/2-1/2
-2.548106212413969,-0.07281868359835703,1-0
1.6815889079269266,0.019821608544728926,1-0
-0.7641407183056383,0.10262161758931344,0-1
0.1462202251362484,-0.9693691681712371,1/2-1/2
-0.9703093116482738,0.7134893534404655,0-1
-1.4540586226561711,0.571072064061718,1-0
-1.8506690632009544,-1.016459205674554,1-0
0.6591529675853939,0.4111069288203189,0-1
2.123620396358749,1.90694493287059,1-0
-0.46150225913719956,0.048556436088987784,1-0
1.2647744267341239,-0.9540122266065093,1-0
2.9703330636396985,1.350460883377796,1-0
-2.394245173991367,0.02665189725620435,0-1
-1.2098209523115537,-0.1843752668447692,1-0
1.084202705401358,-0.5052100964272291,1-0
-2.6856826826245497,-10.031816088479212,0-1
1.3969494058991911,-0.853822584324735,0-1
0.44573862290543426,-0.4996165237913489,0-1
-0.195234561473835,0.2876022057993375,1-0
-0.32513671340238404,0.2889477231189561,0-1
1.7244397236519504,-0.05644184749906037,0-1
3.5426786247035147,0.28024417260002804,1-0
-1.6721803520472125,-0.3531537798068342,1-0
1.3145735671281435,-0.019094218720881278,0-1
1.8343243266896505,0.5811941600895323,1-0
0.9715090117179723,-0.19693527526409163,0-1
0.19040452805542926,0.0554053592633284,1-0
0.7734883528785618,-0.46850324359357326,0-1
0.45100831122784,-0.8339405402412108,1-0
1.6194736578420452,-0.0387036070493625,0-1
-0.37880337460719876,-0.18875707431757446,0-1
-0.12162571782736226,-0.16223911415025508,1-0
0.07029543892028062,-0.31924256819761887,1-0
1.532657127205494,-0.733143288342071,0-1
-2.4669147566122303,0.11481551501940103,0-1
1.0759449815471063,0.2513591770934538,0-1
-0.31885295656755974,0.7876183092360208,1-0
-4.314450833780955,0.3519610809845477,0-1
-2.0919829260457825,-0.030827862695268698,0-1
0.4856112410898841,0.0665022029784996,1-0
-1.08327208216136,-1.0608313254626125,0-1
2.408147266848537,-0.43916649653952866,0-1
1.8680043679511373,1.3313192051574734,1-0
-1.3383020642112988,1.2713136640824982,0-1
-3.0025557899386426,0.1804675657132561,0-1
-0.4394123229488921,0.8418481467247289,1-0
-1.7701595415206113,0.8102460199567552,1-0
0.8173917346773666,-0.34062548220355154,1-0
-2.9202796362815486,-0.30897358715368417,0-1
-2.169304281927833,0.5299492264938881,1-0
0.32501729240357363,0.020408631005386205,1-0
1.1481341614396163,0.06745423343393325,1-0
0.35554611260357605,0.29989219288289504,1-0
-0.6059150959302035,-0.18426899529159985,0-1
-1.9719613897452803,-0.009485365363615425,1-0
2.0258512572687457,-1.0385249796225822,0-1
-0.4258833658434026,0.48673913678552927,1-0
-2.3382005791991136,-0.30354278105786847,0-1
0.25852498399177315,-0.203602319660077,1-0
-2.5376044540161895,-0.004370845468738511,0-1
0.8030499445681472,0.24104897789787685,1-0
-0.17528865436315255,0.9249397902195007,1-0
1.4403638797675493,0.2062779683210337,0-1
1.7036510670272476,0.13309814024305638,1-0
3.4330041803203546,1.9240665262805803,1-0
4.42282504399929,0.5392214531587002,1-0
2.3532672427523753,-0.059868617050152395,0-1
4.976671414345772,-0.5008987929596758,1-0
-0.8272690462085385,-0.7912367293498709,1-0
1.7896754562476167,0.09087999219730516,0-1
-1.2888782960436924,0.20163285670079983,0-1
1.0814597918132114,-0.743649701391624,1-0
-1.5596006120116188,0.025530579861041465,0-1
2.7134665727382004,-0.6466007313678881,1-0
4.3621457759872735,-1.0605690195812183,0-1
3.324208860546306,0.40914400569881326,0-1
3.1574257175112774,0.8615008821570249,0-1
0.10291366744241347,-0.37225927156554306,1-0
4.086161660662731,-0.1502891896557922,0-1
2.986350702014736,-0.21626380744639562,1-0
-0.44584275976540266,-0.9361962211647307,1-0
1.014528322829531,0.16612160101268253,1-0
-2.542538084986004,0.33701786920843385,0-1
-2.371715219659679,-0.4416855327830144,0-1
0.10171918023603219,0.1789496492592046,1-0
-3.964758189695986,-1.3534472816273844,0-1
-1.1696145137886267,0.4336232315694315,0-1
-0.13319790554665814,0.104716431110725,1-0
1.182970884431404,0.1146243893618554,0-1
1.0450735154545852,-0.06639023744797366,0-1
0.011803524290746263,-0.939968141501348,1-0
-1.3332465874601291,-0.6422241168199374,1-0
-4.029512219137436,-0.6841708595487116,1-0
-1.4630544431483727,0.10522571739402359,0-1
-0.746709662621787,-0.5108010322885043,1-0
-1.0831365978707292,0.15146308988023377,0-1
-1.0504129532662143,-0.0877927841828059,0-1
-2.559629874183809,-0.9629857340926348,1-0
1.1139440454424547,-0.16317267137764976,1-0
-2.08356068070494,-0.28365732876938315,0-1
0.21191401256381875,-0.3882859884348115,1-0
0.20996539838921552,0.7029422842127779,0-1
-1.2090632555400385,0.4788913508102351,0-1
-1.2308970644904125,-0.15959971906621445,1-0
-2.4493971605309626,-0.379052549452373,1-0
-1.8041024316828596,-0.2513891791341091,1-0
1.5252298116140761,-1.2297901569634906,0-1
1.7038385712216486,0.3921330752894844,0-1
-2.7024287996227905,-0.809913719951818,0-1
-0.9701065805889518,0.10126968459845422,1-0
-0.7823259768066906,0.2566407652709665,0-1
-2.037635213201675,0.3368113975410565,1-0
2.252094916550794,2.0573028232162875,0-1
-0.9591554025164882,-0.13131335461639249,0-1
0.13029566159240705,-0.01522221802198354,0-1
-1.6809428190374114,0.7054365995309337,0-1
0.5103377196206467,0.1768073493585179,1-0
-2.336926064286265,0.23302458310582608,0-1
-0.9069417258930024,0.6621064374756122,1-0
-0.05034596146692261,0.053046644067135246,1-0
-1.7347427847926644,-0.15546319147350207,1-0
-1.2615509009063626,0.30630489228476526,0-1
0.4215811913916547,-0.564949191113065,1-0
0.008535979444455534,-0.804343729270749,0-1
-0.12383509875434429,0.2110661987289291,1-0
1.5463326094269385,-0.1704762488373162,1/2-1/2
1.3521922337610417,0.1396955923464151,1-0
-3.686523163299356,-0.9204027543104368,0-1
0.49880085586034784,0.6253965921991801,0-1
-0.6988882711901406,0.9883876286205677,0-1
-0.20945888223811707,0.6222699740300088,0-1
0.8780297387900778,-0.20644796193114345,1-0
1.6689640210109498,-0.04287242245512574,0-1
3.32995431208262,-0.39256100386383846,0-1
4.707178581295553,1.2205520055783579,1-0
0.03893701392279561,-0.23669035605580502,0-1
2.607975875670151,-0.2547984737231966,0-1
3.875030456428242,0.6366073735768273,1-0
1.5889504354875703,-0.28464748571209714,0-1
1.896719219211877,1.0518485793508696,0-1
-1.139610666941548,-0.16326876103111976,0-1
2.059983888639509,0.23733008109766843,1-0
-0.36409425610308754,0.12051145820456084,1-0
0.8410809498482481,-0.30629330312677705,0-1
3.0074989311914404,-0.14141053405324733,0-1
-1.913771487192371,0.3010416449151873,0-1
-0.8659833401420459,-0.08901383770797003,1-0
-2.7683544311546218,-1.0696454769689612,1-0
-3.1906933298900917,0.09241322696950842,0-1
1.717815590302039,-0.11094925268091212,0-1
-1.8765122599885753,0.3209465536742424,1-0
2.0243140451530937,0.11224321022881287,0-1
-1.2448187028356181,-0.5314221147604202,0-1
-1.8356932380041566,1.2947115415038146,1-0
0.6124508703517265,0.30707983614801687,1-0
-2.092032806527248,-0.3578956833363151,1-0
1.2910694860146492,0.12491525183879011,0-1
-0.03829988371022184,0.8500541242848775,0-1
-0.2981886458163531,0.3267777677725891,0-1
-1.344314222440299,0.07111645898891665,1-0
-1.7684801775576486,0.2651482781942482,0-1
-0.3790784889101678,0.07281705569868617,0-1
1.1295617622704544,0.4019961538889379,1-0
-0.7762597737994583,0.9710801795146307,1-0
-1.4655933469941664,-0.2606659940350846,0-1
-2.9164609044982375,-1.4973288952111437,0-1
3.1682547649815276,0.07671284230240502,1-0
-0.5195358526890294,0.11260892047936633,0-1
2.5988084837808594,0.8860341575217664,1-0
6.040264649295598,-0.19225887409684114,1/2-1/2
-1.4764392421071482,-0.33983048434237717,1-0
0.844246727432202,0.30978230312501953,0-1
2.0292534070913364,-0.07009746240656158,1-0
2.681306510428041,-0.2704037026342968,0-1
-1.3924105950520145,-1.040989713076871,1-0
1.843387469799522,0.22194927659137556,1/2-1/2
0.3018551327339985,0.45603920066118986,0-1
-1.1449104807461237,-0.35356383542723696,1-0
0.19069846076944325,0.36195196833789123,0-1
0.8003455826475111,0.13708946831795618,1-0
1.7555839556532575,0.1551295251175409,0-1
-0.14493677274990666,-0.7250778793483879,0-1
-2.345657602328943,0.9250536851667931,0-1
0.89745325165673,0.7601385662669721,1-0
2.1170435102752627,0.2105473695561828,0-1
-1.8332965618546528,0.05550995082502823,1-0
0.6886088010978174,0.05645874933383067,0-1
1.0254750486165976,0.2592580821333356,0-1
-0.07958112482330994,0.25535340790620914,0-1
-3.25877208229939,-0.5606754549368261,1/2-1/2
0.11170742721774428,-0.31088198300564107,1-0
-1.0385598444265423,0.5421484366007578,0-1
-1.2630716833230413,0.07116318660601254,0-1
-0.6082710809898929,-0.09091461016580393,0-1
0.5949731618949226,0.5462810631895803,0-1
-0.07133188442832003,0.7628376250390138,0-1
-1.9229145604169005,0.8080224709453249,0-1
-4.768092182285254,-1.2944443075685814,1/2-1/2
0.8138676632244416,-0.7363267872133155,1-0
-0.6424555991415264,-0.2880018317626127,0-1
-1.4767417914033243,0.49216803840952383,1-0
-0.12241434354639888,-0.45894445452845867,0-1
2.1032636058336087,-1.8054670037411953,0-1
2.43850651878308,1.6784083591957215,0-1
1.2670753731534083,1.077977683605351,1-0
-0.34366079559396906,-1.658564165027327,1-0
0.08363022427468914,-0.3267625459292884,0-1
0.5183837537386348,-0.07943669516674395,0-1
1.2648248041761012,0.9850928980360314,1-0
-0.8924123743154607,-0.5344475827713709,1-0
0.7363168116323129,-0.00959436339631058,1-0
-0.594036731837517,-0.9538515890186176,0-1
0.5102332401265164,-0.4026254892421226,0-1
-0.8697267813251452,0.388483208808395,0-1
-0.0190897031004751,0.3456693739266456,1-0
-0.09982763220468605,-0.08190681833455889,1/2-1/2
-1.4543083485832256,-0.44136926160557916,0-1
-0.9984800646402043,-0.06576139930832132,0-1
-0.2310698057611717,-0.44946695841231327,1-0
2.3096070524468453,1.5568272733081048,1-0
-0.08276145892973355,-0.5061563214069518,1-0
-0.9307075861961062,-0.14555789645637207,0-1
1.0496765537944366,-0.5068123259647062,1/2-1/2
-2.6351053770157655,0.897849605419067,0-1
-2.4229513328209644,0.16700024525535073,0-1
-1.0224497257137823,0.378957586070438,1-0
1.2533676615585805,0.16101498549868246,0-1
0.9347619413982337,-1.1427511300249868,0-1
-1.4339455746909642,0.16353956440614037,1-0
0.06869694166022723,-0.6875527782628488,1/2-1/2
0.478609884079887,-0.2251706253777499,1-0
-2.2785589924907375,-1.0295877013132542,1-0
2.0020900009489964,-0.17306312585205344,1-0
-1.6071243678030578,0.16168285633140198,0-1
-0.7597127097861012,-0.04498847716700071,0-1
1.1203475086363304,0.04367614945161634,1-0
1.658230285386009,0.08452280330751451,0-1
0.48259084306175437,0.008943442620383256,1-0
-2.7898682130826766,0.06136312339311889,0-1
0.031773904931922566,-0.5748846299675696,0-1
-0.8357275520966299,0.04563104844031753,0-1
1.4960691894986977,-0.08382780602514181,1-0
0.7000835189744424,-0.14611403010869412,1-0
-0.08926346167743185,-0.008458725949030299,1-0
-0.22188986364881375,-0.03902980683142341,0-1
1.5780512773188773,-1.0053239267936687,0-1
-1.8867502328973418,-0.20166313972820896,0-1
0.370031200120237,0.6831473844206288,1-0
2.023373217455822,-0.4979527411175532,0-1
-2.288279729314412,0.570965777485045,0-1
-2.8652409547901243,-0.4690880600653136,1-0
-1.6695495189303544,-0.9590990126029382,1-0
2.4321517146615608,0.43994530143822136,1-0
-0.21356082626206668,0.1952101089423765,1-0
-1.4029109989177837,0.37475286518981477,0-1
-0.9086633661924999,-0.4921596179526415,1/2-1/2
1.1419271611170838,0.23153478749768527,0-1
0.5802009068127373,0.4853675228437486,1-0
0.17872551244781984,-0.1016758459848976,0-1
1.78310645912992,-0.8534594808017798,0-1
2.0177732244920845,0.2244439926482127,1/2-1/2
1.3671397308031936,-0.6045196239317139,0-1
-0.0073722116743340504,-0.36219217945966065,0-1
2.434452088271356,-0.139524946370419,0-1
-0.9347673297324999,0.12732318162774975,0-1
-1.715958353792459,0.2601092307491261,1-0
0.7899500979036133,-0.24544442811196782,0-1
-1.2422719858730138,-0.41289516703499607,0-1
2.2314723124944056,-0.03120097185959358,1-0
0.0587750807079337,-0.2571403668680981,0-1
-1.7053233449503895,-0.05158141807094006,0-1
-1.7980239632734198,-0.11003404892962879,1-0
-0.09234376857512192,0.13518390367394914,1-0
-1.3718334191916959,0.3947267410224634,0-1
-1.904159185187713,0.05881215185324166,0-1
-1.5092116216329983,-0.06838322737010985,0-1
0.2031537608449027,0.3893999439844981,0-1
-1.2862206982760784,0.04195195811885901,0-1
-1.1738116147921545,1.0255539129022193,0-1
-3.190779661315628,1.0977898544094948,1-0
-1.9096686065801698,-0.037570499292936405,1-0
-1.6047761958601792,0.3156932349092901,0-1
-2.524247486251549,-1.002663303187341,1-0
-0.9513787734758721,-0.2030246005850124,1-0
0.28430882297649296,1.0355640954913063,1-0
0.7445649064671718,0.1386306501862199,1-0
1.7869299062766557,-0.47926961583111927,1-0
2.574796355973925,0.37979548207472413,1/2-1/2
0.7259388448735979,-0.5448644566141256,1/2-1/2
-1.8791156008383048,-0.5174471014572766,1-0
-3.018558410420638,-0.2489935601970216,1-0
1.0256670050963956,0.1925734968442638,1-0
-1.7554580457364894,0.6184731798176156,1-0
-2.2406041353823483,-0.7382248331916236,1-0
-0.9344914119641794,-1.0254313165112907,1-0
-3.3673552726505855,-0.08997140532053743,1-0
1.4233576153621574,0.42932608141233086,1-0
-0.2039142127356425,-0.09913653126313739,1-0
0.3420800831042813,-0.7182850022002392,0-1
0.9236234681032482,-0.04427181301053794,1-0
0.7433835422344978,-0.011091600633406324,1-0
-2.539023048059,-0.3785981196473988,0-1
-1.8955551666208974,-0.09403042121624276,1-0
-0.6854559587191399,0.04257038987846037,0-1
-1.2291877081681803,-0.3055867288097661,0-1
1.1401844298613375,-0.33603306491095086,0-1
-2.661249325772039,0.5364870149092459,1-0
0.5207905341252115,-0.8474846424486661,0-1
-2.237742185777602,0.22508173343477625,1-0
0.39567174169751523,0.9573841479328501,0-1
-1.0965966874297164,0.41726514968492756,0-1
-1.2617739953055611,-0.3853804579953924,1-0
-1.5629526151069428,-0.3648123990598853,0-1
-0.1384545822754261,-0.15130970940939412,1-0
-0.4140150301388098,0.24542575368065378,0-1
-1.9655724830738746,0.05192933240428635,1-0
-2.8954342114302736,-3.9907922034265786,0-1
-4.656538246840458,0.963611144589219,1/2-1/2
1.3566103145932193,-4.745042152467634,0-1
1.5847746344121711,0.8455162054471033,1-0
2.0604686105303593,-0.11815647216853128,0-1
0.06635121570334185,0.23855298258825158,1-0
-1.4691715963482235,-0.29611786702195464,1-0
-3.369318310224758,0.9813311030927113,1-0
0.30595915890633085,0.47668626000334013,1-0
0.4245951881089052,0.35025025415305683,1-0
0.7536072248665951,0.6171006873617282,0-1
-1.5594122470779448,-1.480529348407293,1-0
-0.282669677514056,0.47156179648033425,1-0
-1.0523805189747626,0.30980639054693626,1-0
-1.5358767432241915,1.2581851834673017,1-0
-0.0517035583539632,0.710791678649636,0-1
-0.26640582890911,-0.5226740576368166,0-1
0.11604668006858256,-0.2971422162495407,0-1
-0.8983720188479527,0.5613810115496959,1-0
-2.905623759090318,-0.4051276319044111,0-1
-0.5897261168139382,0.14496786211483179,0-1
0.9226332568850207,0.6305017190035439,1-0
2.24094813634626,0.15386162422335334,1-0
-0.3418492540656416,-0.3063887675612141,1-0
-0.7471000309984104,-0.28312465731994485,0-1
0.6358196761464694,0.07570716309152944,1-0
1.4201253944748637,0.7465841912226119,1-0
-0.6557115240924296,0.2119458539058082,0-1
0.6021329673283028,-0.06779391472245361,1-0
1.7726224276892022,0.05028769712674086,0-1
3.8777900877039926,-0.023756825833461566,0-1
0.9218134142298314,0.21325156474667692,1-0
-2.6183542274110763,0.7537516962917287,1-0
2.371898823174725,1.2949912946555333,0-1
-2.765676470047131,0.0745786435712668,1-0
1.2439726471357138,-0.06354106722001873,1-0
-3.1242233338436503,-0.4555596769146914,0-1
1.0170403861755895,-0.9136738757913788,1-0
-2.0038399937155122,0.12141134363769242,0-1
-0.413380609529639,-0.0027718328543892726,0-1
-0.013970650084641767,0.6697284000413832,0-1
-0.6729478925484798,-0.900506987702148,1/2-1/2
1.1682973561320902,0.2380062720734497,1-0
2.0158920660580515,0.6160893939569748,1-0
-2.7962362191946553,0.1616563589705586,1-0
-0.7762742730480066,-0.04826843873871641,1-0
0.3657784118178356,-0.21046065094843427,0-1
-2.093533700821731,-0.6650803003929766,0-1
3.670029607384063,0.48609122789048503,1-0
0.6857769769752409,-0.38222872644659,1-0
0.9268592046876871,0.07842256613943735,0-1
-0.15435274500612198,-0.23742737022044788,0-1
0.4633828777232906,0.23242374606015687,1-0
1.1649498811711418,0.5213666268360295,1-0
0.8932723141063746,-0.28485736558443553,0-1
-2.0597082800044197,0.6435615905686447,0-1
-1.284026544214017,0.5399012491281141,1-0
0.21161448200427702,-0.7283722807241485,0-1
-0.5007036992047194,0.2622391150695165,1-0
0.04249774529167007,-0.048502286281043944,0-1
-0.2304676145253843,-1.05196020354927,0-1
0.9795201073985563,-3.7758558111838756,0-1
-1.077398044605805,-1.4046385387759066,1/2-1/2
1.2650839284078383,-0.26828064974733185,1/2-1/2
-0.5152220858059157,0.16485191539860136,0-1
-0.2845670566751823,3.374048306165274,1-0
1.748935946434097,-3.280483363856308,1-0
0.07337423331130472,4.192235741654957,1-0
0.10382025946689803,1.2894766809433977,0-1
-0.4668129806441995,0.2782880864187862,1-0
-0.23205038796000624,-0.6794877135014449,0-1
1.3402959305716404,0.44939993287883595,0-1
0.2829697379368081,-0.09901357120182266,1-0
-0.33264942383108687,0.03200547264176688,0-1
-3.008909239528151,0.42619492435206024,1-0
-1.5840885030324614,-0.013327102473210964,0-1
-0.18803802027552627,0.46543684667130725,0-1
1.827057750641878,-0.10268210769962258,1/2-1/2
-1.037375461457234,-0.48021412762085397,0-1
0.6775346889577891,0.628017156031684,0-1
1.788152458559655,0.1366427334370107,0-1
1.113569246025532,0.4436886713755244,1-0
1.1267120207939942,-0.260480201584663,0-1
0.31490576925951713,-0.4012239409198155,0-1
-0.11957822200415652,-0.7075742314119782,0-1
0.4776516142464117,0.31679247408278144,0-1
2.0930890760666054,-0.215988248953497,1-0
1.7256375934325765,-0.2932066381905755,0-1
-1.2502026110516165,0.23884436486640737,1-0
-2.0011503972892255,-1.0449944826897817,1-0
1.2362868559121791,-0.5595924885092953,0-1
-3.481241526257701,0.001501798593425475,1-0
-0.421766061831632,0.16805275681174617,1-0
-0.6792290920172415,-0.4296424490646172,1-0
1.143905767650957,-0.4605827531309488,1/2-1/2
-0.21855134736480744,-0.43428460144059333,0-1
0.09248375979667992,-0.5920950061775059,0-1
-1.6552870505952124,0.10841875915471566,0-1
-4.5290472703099605,1.1821185996950399,0-1
-1.0504994936636303,-0.20734736958884958,0-1
2.179287140575279,-2.035208807155971,0-1
-0.3318221891706184,-0.41072358678753806,0-1
0.6961005536931714,1.0256075616576612,0-1
-1.7819793512757482,-0.10556319269362709,0-1
1.5784097801597274,-0.10076701518967125,0-1
1.4148098027387082,-0.9478270638041503,1-0
1.028322156878016,-1.0472235411666655,0-1
1.087573540754835,3.9708214918804323,1-0
0.8531280973161007,-0.14944947337776712,0-1
-0.5162204522357337,-0.16344936055668682,1-0
-1.5576796990760233,-0.746290017704955,0-1
1.7874824477456865,-0.047810095261675775,0-1
-1.819815172367537,0.32794090084674704,0-1
2.4926474338040614,-0.15705598520528236,0-1
0.23875343635895388,-0.11706317089085508,0-1
-1.1805543630471345,0.8587939960408505,0-1
0.9792722297962502,-0.0548214407438018,0-1
-0.22665715722945556,0.14866919189278807,1-0
-1.574547248314498,-0.995349067175592,1-0
1.552422273527434,0.03795824779671258,1-0
0.7333039604751934,-0.5655346051121584,1/2-1/2
-0.5195722463591781,0.5711388733684166,1-0
-0.2647371636766924,0.4771861381726222,1-0
1.6955646483242854,-0.9680282818029653,1-0
-1.846602633532823,-0.02262690180164485,0-1
2.23247499808672,-0.154127575066829,1-0
1.5464503667605072,0.06962315044739081,1-0
0.5119748258221318,-0.19431684038376057,0-1
0.32109416014288394,-0.008494021228360814,1-0
1.0268959369474433,-0.28524421229702834,1-0
-1.8009797911747134,0.43041749324168943,1-0
1.973155491969451,0.4924997603252149,1-0
-1.6874684128334998,-0.05361722193810572,1-0
2.016821355969488,-0.09123359279926153,0-1
-0.6277985763901647,-0.024896672963065608,0-1
-0.958923482563248,0.5467580766833315,1-0
-1.600391381690371,1.1077287014689605,0-1
0.6535281589963825,0.1553181637994159,1-0
1.7234081912604975,0.026633227239493806,1-0
1.3163615176080807,0.07632976181827097,1-0
-3.028356134471314,-0.6722118079269859,0-1
-0.8549677250656463,0.15090506677959406,0-1
0.6346960055120726,0.005687969209265704,1-0
-0.16835079776883993,-0.02156133442241661,0-1
-2.5750021842472504,-0.06448535452940177,1-0
1.6254876892475487,-0.36985042054729306,0-1
2.177680368827843,-0.014534313721683102,0-1
-1.4427858323735168,0.0895385853384245,1-0
0.844693776969872,-0.0719418596294278,1-0
-2.0104987806819694,-1.131418486073645,1-0
-0.7378482381340064,-0.02407540222139946,1-0
0.03892832149165434,-0.09756807824834762,0-1
-3.0196330040389197,0.8992354346845409,1-0
-0.68154071542424,-0.6805850482031152,1-0
-3.667659662923766,1.112528588694973,0-1
-3.2382761910857396,-0.4614134747018151,0-1
-0.052497648795627336,0.506055013883682,1-0
-0.5899358575247193,0.11337192653774715,0-1
0.5900817886865848,0.7136962258465243,1-0
4.014200964043068,-0.3660904253473701,0-1
2.5135908173508956,-4.454475456731542,0-1
2.4829741346436336,-0.9467988009044978,0-1
1.7256379355273563,0.9572329334824784,0-1
1.87994669383008,-0.34170937536721113,1-0
-0.6449874747608026,1.863259410438364,1-0
0.1942710364289936,-0.6355586959090194,0-1
1.6423744562657692,0.8238544444952386,1-0
-1.230876910122415,0.019374087209924208,1-0
-1.4076640022217568,0.4568692693213431,1-0
1.816585642508588,-1.0224587854833396,0-1
0.11995565517550344,-0.03714861059608686,0-1
1.6110412865212986,-0.4931171578735289,0-1
-0.8064236325738099,-0.13540165085886913,0-1
1.6859194683466237,0.17268365310828668,1-0
-0.044665883522796344,-0.4554882999021712,1-0
0.21642647933238915,-0.009928692039599932,1-0
0.7124465476840578,-0.39726868190992887,1-0
-2.7447381147041074,-0.00767237743969332,1/2-1/2
-0.37952993345931335,-0.09365375640334933,1-0
0.6006501452534353,0.21040808024250549,1-0
0.6527748354935121,-0.19584285250052225,0-1
-2.2878780321238326,0.5358771277730578,1-0
0.360690651587134,0.5854479908344979,0-1
0.24978347483492291,0.1427814978310496,1-0
-0.5995260561358976,0.0026540613033256663,1-0
-1.085442778297931,-0.42753755837193025,0-1
-3.3290964544400885,-0.020331138746486097,0-1
0.6967447364446355,-0.0018759531535717043,1-0
-2.697317635572747,-1.237912784152403,0-1
-2.0520148846359536,-0.23268296469179287,0-1
2.8808342559009334,-1.6742230150021893,0-1
-1.0216566477093487,0.34994340611314173,1-0
1.8710875604625616,-0.10991659833376781,0-1
-2.5627876869529937,0.1724196039898975,0-1
-1.0323429488388165,-0.27570968691216013,0-1
3.4278481825677125,-0.31683333146419107,0-1
-1.6833988313058343,-0.10636137427941085,0-1
1.9912087818770174,-0.4338613137390281,0-1
1.7735962664823781,-0.1124904345491758,1-0
-0.48024550208707945,0.09917411231486346,0-1
-0.9780947121367835,1.5621479989071088,1-0
3.1540656923272627,-0.406408545906248,1-0
-2.166715307203751,0.47450262219908385,1-0
2.8648240095311763,-0.9674775378641693,1/2-1/2
0.04125660531233599,0.12848521170744936,0-1
0.7408668176311632,0.2694921836601248,0-1
3.7097034498340764,-0.2733272008346494,0-1
-1.6062595148955572,-1.0181420741272451,0-1
-1.4624565493322512,0.190049724921007,1-0
0.03690852690745622,0.1283593639317826,0-1
-0.5238060072786553,1.370582789936207,0-1
0.13903495547797431,-0.08070158859465196,1-0
-1.7771676419362672,0.12577430483545735,1-0
-1.0539389737446216,0.048427075379936055,0-1
-1.0171654808689068,0.19006769268194051,1-0
-0.5696497287646807,-0.05505140230574297,1-0
0.6885434275056298,0.3496288149271759,1-0
0.05610428411763365,-0.39595115066078984,1-0
6.919712650606007,-2.5352952640027873,1/2-1/2
2.4381093311518187,0.5138629933802263,0-1
1.1287186706616543,-0.021565845621836,1-0
-0.9996624413101091,-0.44923449485119793,0-1
-1.3724090764914376,0.0824637340261367,1-0
0.745488731655981,-0.47672366095776697,1-0
-2.3552478767891,-0.18508703408663477,0-1
-4.581991670082326,1.2966277370082242,1-0
-1.6280652805121438,-0.7256012474122334,0-1
1.7850054017949357,-1.1468243612443854,0-1
0.5644698849365658,-0.6456202220430459,0-1
-0.9555316676924401,-0.31698863584495884,0-1
-0.6558491478053642,0.2799787395004266,0-1
-1.2643581756494662,0.594786197636966,1-0
-1.5912783008251115,0.20163714341986758,0-1
-0.7604482273151574,-0.06177959909936571,1-0
-0.0014022539328897813,0.13806408246216684,1-0
-3.0872034976151257,0.3840781359213776,1-0
-2.388568193800627,1.328026890018702,0-1
0.6105091327056823,1.916615354387678,1-0
-0.19479324290459313,-0.25316999899690784,1-0
-1.2823096410207748,-0.10446724197316914,0-1
1.8842504895990213,-0.6351116650178166,1-0
2.32381815264561,0.6875784492013842,1/2-1/2
-0.09596528812788716,0.039954737984057305,1-0
2.3107758664564533,0.1552797413018782,1-0
0.2858813590511418,0.06642960321959336,1-0
0.6257524356383515,-0.05239727140739999,1-0
1.7190911749260394,-0.21454553898594994,0-1
-0.15349845770626624,0.2532139957198745,0-1
4.140423769697675,-0.6678765241212667,0-1
-0.4468531253516276,-0.4403964954267875,1-0
1.5453477298084384,0.2868202487374923,1-0
-0.5005007018995968,-0.09896383611844718,1-0
-1.1005421893296865,0.4902931380935003,0-1
0.7698737857033346,0.9539976903276133,0-1
1.1346666008585977,1.831060628615365,0-1
0.4234061438823208,0.5734011258641385,1-0
0.39039358092049486,-7.226625929958595,0-1
0.9814810379725909,1.8240742008472406,1-0
1.6611164205326179,0.28846920589206515,0-1
-2.909733383108178,-0.4593143744613358,0-1
-0.8547271885302439,-0.3095686337471458,0-1
-0.5157643681721428,0.5661437705544624,1-0
0.04262067935923488,-0.3874776537640505,1-0
-2.6312119708685455,0.7786582432879061,1-0
2.4720774983099125,0.41206375146192575,1-0
0.4407827554192392,0.0692111903551669,1-0
2.634587907646422,0.012056246204542513,1-0
2.4521792919405043,-0.7273054340921321,1/2-1/2
3.6704765237988317,-0.021141293690986086,1-0
-2.6550702356603932,-0.4331170769189435,1-0
3.2752849652854907,-0.7473391980931336,0-1
0.5235050220257511,-0.03628211597046463,0-1
-1.616861015681212,0.13261179567203257,1-0
1.9024025821384383,-0.37775446200562735,1-0
0.6963854301384339,-0.01525249663478927,1/2-1/2
-1.190229228879225,-0.9028224731911269,0-1
-1.7808124104426433,0.024233293891658514,0-1
-0.5468509065751724,0.43427545487522357,0-1
1.0085998193842123,0.3830721551934064,0-1
0.5215938712324487,-0.04374744668065784,1-0
0.8667447403791371,-0.025744694360648895,1-0
-1.038737377506771,0.6287587861241702,0-1
-0.1706734837439938,-0.2140749411634393,0-1
-2.188338363006113,0.10135833262296934,0-1
-1.906739201234853,0.22615319599463607,1-0
-2.9733614507949704,0.998499648600149,0-1
0.4640538251255106,-0.34879543453691264,0-1
-1.214623836096993,-0.42932668335428725,0-1
-0.959140979116919,-0.1113875903820519,1-0
-0.4302615697304523,-0.038005801836116515,0-1
1.8555063704276111,-1.008107017662382,1/2-1/2
-1.1281739635128827,-1.642518721634946,1-0
-2.836087670573877,0.008262283200099078,1-0
0.5603738808529236,0.21129916775714988,0-1
-1.7932210794879806,0.13491736757988926,0-1
2.15485506997621,-0.4630194139613487,0-1
-0.4855874405302321,0.20836094876599848,0-1
3.2722037217995488,0.16197544082560192,0-1
-1.5748721672499544,-0.061419903781371396,0-1
-0.05579094585544323,0.429165936623368,1-0
2.9130324085080317,0.22567999144452724,0-1
0.21735259564146012,0.09323540391696138,1-0
4.115492268987327,-0.884480408759822,1-0
-1.8126755213021541,-0.4651078833414254,1-0
0.6940029684166198,0.11894364543230761,1-0
-3.461253760754242,0.08834075451228901,1-0
-0.2719116014815214,-0.053595860995714756,0-1
3.3638382872374812,-0.7693109192796171,1-0
2.4938345290051633,0.15171430765614186,0-1
-0.7789387473441794,-0.4068947857488477,0-1
-0.9319254772218296,0.03774144678602821,0-1
3.2555856104994976,0.43825162586679783,0-1
0.2649718505072567,0.18853215269923465,1-0
1.723662347730118,0.4772656590698744,1-0
0.5060760484902825,0.17072772816187112,1-0
-1.1763042297026056,-0.45264532086510517,1-0
1.1893533139429517,0.034256918018756306,0-1
2.075435059106456,-0.1687425905288131,1-0
0.6448243221927125,0.5279395907787902,1-0
-0.3137130788412779,0.2739624146770934,0-1
2.192246532019292,0.5802441388343438,0-1
1.0414974813718108,-0.38274655735330193,1-0
-0.628692485068683,-0.009854483819129848,1-0
-0.46841835443281193,-0.6083293692385158,0-1
-0.5260114328807514,-0.19386872152160284,1-0
1.0872626521269442,-3.59000572088195,0-1
-0.1416867458887987,-0.7079660947910957,1-0
-2.9584581356880233,-5.304640565784128,0-1
-2.09460587019685,1.3271754604161576,1-0
-0.5323974215162569,3.838028626349134,1-0
0.05293090238874817,0.36026921963712766,1-0
1.6728516961897422,-0.3211118266280847,1-0
1.6682619356893293,-0.2200231774272856,1-0
0.550618281440824,-0.5114009908200666,1-0
-0.5110714827096097,-0.43970245644200034,0-1
-2.8625444059862994,-0.11776378678170908,1-0
0.09967821884660595,-0.007847559560054132,0-1
2.3799080997849535,0.010748257844851259,0-1
-0.7474307567512741,-0.5076663899865286,1-0
-1.9455855968847462,0.030525802426923234,1-0
-2.029064414702642,-0.1679883053521754,1-0
-0.8385628701735208,-0.5969195427989428,1-0
1.6121684728528405,0.016854524968991116,0-1
-3.919402439552155,0.23873769257455663,1-0
1.0681539291069206,0.303144658827733,0-1
1.4373359348684094,0.6471006893206489,0-1
-2.18357767970823,-0.35363119403926685,1/2-1/2
3.7810731291661765,0.375957272922017,1-0
1.3602028866461116,0.5757323454334539,1-0
3.7132306731465365,-0.9242023520391,1/2-1/2
3.026065941486954,0.615439075123004,0-1
1.1476461900974215,0.23400501539392424,1-0
0.28215442341599456,0.157439608224817,0-1
-1.8486789761551674,0.482856686991397,1-0
2.28633884977925,-1.1960966248790665,0-1
0.5334266167322441,-0.7177112450192629,0-1
-0.4318533235848469,-0.013517125136298177,0-1
-1.3995292124350696,0.039275363283666695,0-1
-2.1186355732628885,1.847587476948989,0-1
1.2153187171817652,0.24847901332873956,0-1
-0.4213125351341038,-0.0718892368317003,1-0
-1.0795673830425927,-0.9244023309984927,0-1
2.3105651133084413,-0.11006703899845675,1-0
0.06352586874062348,-0.058352324081168264,0-1
-0.43070848614522195,0.46922671974535457,0-1
0.9012476430324478,-0.030454310077078908,0-1
1.5781535415417245,-0.1449866412745698,1-0
1.0051896474729314,-1.4629218111649605,1/2-1/2
-0.6259017158735315,0.08815125233981072,0-1
1.5129778509385186,-0.3680015121250074,1-0
1.5986560212953032,-0.014523506602950752,1-0
2.258597780037765,-0.20548963555639677,0-1
0.30378515921226695,0.15771077527022384,1-0
1.0194323035348556,0.6760617259896086,0-1
-3.7097307325899433,0.7357778235798097,1-0
0.30444061350376567,0.19672948090754597,1-0
-1.1150949415587974,-0.31831039495143637,1-0
1.0822164188735746,0.5597805667321125,0-1
-2.213289884961557,-0.1687109994647009,0-1
-2.3934134111965215,0.257626171510406,1-0
-0.6078251770123541,-0.8318979764705253,1-0
-0.6475978252619916,0.3810501508877492,1-0
-1.5632676387772055,-0.08466080511483065,0-1
-1.1928334304682273,0.023878734992116638,1-0
0.35735515403976215,-0.19138202959757014,0-1
0.9474894128890068,0.7946303846656039,1-0
1.5219913225388033,0.07061699658181962,1-0
-3.0183351828985394,0.5682001489101598,1-0
-0.4602509931779618,0.5788119549987755,1-0
-0.3554213482469388,0.11445130850198736,0-1
-0.06409787984871042,-0.15802133744679908,1-0
0.5484321494674529,-0.13178383268697552,1-0
-0.5912829073791732,-2.772686684489711,0-1
1.788313122254321,-1.050009519749731,0-1
0.4616897421281521,-2.1324303525724693,0-1
2.6710591360468188,3.1100494531234846,1-0
1.09857618766441,0.40960818785008335,1-0
-0.9626216472482356,-0.32180324386177006,0-1
1.8618278213584465,-0.24710944855565298,1/2-1/2
0.8064118429286645,-0.022385612630362338,1-0
2.0646080937845883,0.20963264358032488,1-0
0.9482756143648812,0.24730895911623557,1-0
0.6498810203529924,-0.026916132554365105,1-0
1.764216954142112,0.16764683934376143,1-0
4.0349818075509605,-0.30826564938580286,0-1
0.38379847848984583,0.14846912087314773,1-0
0.5917985587569269,-0.056180624081782676,1-0
2.092267284385934,-0.10131723863785821,1-0
0.6007964613975113,0.0032529168404296523,0-1
-3.1029665181499704,0.2598153187801161,0-1
0.1565282328944787,0.05928215214839933,0-1
1.9634896065571326,-0.9211328955587555,0-1
-2.147161180275624,0.729240660383485,1-0
1.011513522646929,0.14210252386934044,0-1
2.2756684597042622,-0.1921251784466998,0-1
-3.438193368347004,0.40441020333888084,1-0
0.20764013330516828,-0.695195820784257,0-1
-2.369286314136792,-1.326591464859887,0-1
-1.2407276665140927,0.3156644750531277,1-0
1.3623958951480417,0.7144224328924348,0-1
-1.602989257817473,0.17736637072519199,1-0
-1.511015198346557,0.33092231949810585,1-0
-0.7043347432335718,-0.24519185404652752,0-1
0.03266916814245127,0.8942635972847988,1-0
0.44141845471144137,0.3057811661974217,0-1
0.8824477189215213,0.17421115393468464,0-1
-1.4851775235554847,-0.04060026904645841,1-0
1.0479786594090605,-0.0427292321375585,1-0
0.6330499406336455,0.2649177191049541,1-0
-2.4749553260075907,0.27909088393241344,0-1
1.219621310116654,0.46973201531984266,1-0
-0.3664091289614306,-0.31936691224014585,0-1
-0.8421010229312356,0.23789295963000673,1-0
0.25852292669514576,-6.062009228613477,0-1
2.081843028691876,0.4757201904825429,0-1
-4.089567844287577,-0.3493758595611613,1-0
-0.9204619332934293,0.004178674415371561,1-0
-0.14352570383527538,0.3836202496894205,1-0
-0.8845414490345388,0.13994548815435146,1-0
0.39896805749396563,-0.13781158984807407,1-0
-1.9634027235255551,0.18430757460936023,1-0
-0.31130291588045644,-0.17964140247159618,1-0
-2.962825323601503,0.14091584439421648,0-1
0.8085459549982653,0.5512567095329647,1-0
0.33064655327798165,-0.04952212430921065,1-0
-1.0660837024352152,0.06654702612377435,1-0
-0.6012707364171266,-0.03299262653280475,1-0
-1.4307856039244173,-0.37885572540286744,1/2-1/2
3.3384508324186712,0.047248399507274615,0-1
2.4846124622542285,0.04075906692250429,1-0
-1.4670209787306707,-0.10896258636976898,1-0
-3.093801208409061,-0.4746045067193648,0-1
-2.5291410206250218,0.20898978690565084,0-1
1.237903137403216,-0.09300175757790892,1-0
0.8445561532569372,-0.003908974034809366,1-0
-0.0749581983612616,-0.2571115919884322,0-1
-1.4357767953696092,0.00833829116396629,1-0
0.3409855472576545,-0.2613465764583577,1-0
-2.0382110036243164,-0.10095996828229406,1-0
0.41318597694736847,0.3851613268292601,0-1
2.2830635676651276,0.18631540507422278,1-0
-0.5002322551533076,0.24608600111925027,1-0
-0.5649420778077986,0.20946770660518885,1-0
2.3698664783674603,-0.030351045990189108,1-0
-2.42147848186027,-0.4568470342794488,0-1
0.6120471482866857,-0.12533320358649663,1-0
1.591085617268323,-0.35116881401750244,1-0
0.22992760207597068,-0.17113838572423035,0-1
-0.6774329645828834,0.9049457129453217,1-0
-1.9376083189331907,-0.2469923066382258,1-0
0.8960487930248574,-0.08126903483281182,1-0
-1.7197286354752932,-0.7080809109676786,1-0
2.8074506646510216,0.06031370350108522,1-0
-0.21192801748024717,0.5114031718640383,1-0
-1.626474463246001,0.015582085183704145,0-1
-0.15071328635664236,0.3176800486640408,1-0
1.6785418783709412,-0.3584931272005269,1-0
-2.5764809751482525,-0.7246173298824304,1-0
-1.921407131688639,0.3830747619210046,0-1
1.5191629568394507,0.9457965049536378,1-0
-1.5724282624090837,-4.815849001803702,0-1
-2.1499433328886135,-0.5073102076019194,1-0
-1.8075475096093792,-0.029154417380097743,0-1
-0.4532050190076572,-9.241272441751432,0-1
0.2530739838139661,-2.110885136010679,1-0
0.01192557904398058,-1.3871859948805811,0-1
1.4502535871954387,0.42099275234337563,1-0
-2.9190259460791492,1.0653086976836754,1-0
2.5063430162873552,-0.1787486199419787,1-0
-0.32957565136717626,0.6204951690997692,1-0
-0.1845529216016435,0.114043606314109,0-1
0.7076682132780916,0.08494868271317445,1-0
-1.8221634774333157,0.048422163441835274,0-1
-1.3491381399080664,-0.4610512496929666,1-0
-0.06999457503217707,-0.1993895746466494,1/2-1/2
-1.6312439938407564,0.24809615732495716,1-0
-0.1792764898735789,0.17251847662929548,1-0
-0.24251541059285742,0.0439740671529403,1-0
-2.425906490379807,-0.30923693952313464,1-0
0.8030731935217581,0.24736082315178384,0-1
-3.307317453474258,-0.7591362996756609,1-0
-1.4289340957548746,0.08082771294246903,1-0
0.399163108559377,-0.37715813615937754,0-1
-2.0825947308775534,-1.1984935507606223,0-1
-0.6271641557809938,-0.27309425949810867,1-0
1.301622615716579,0.4928817101232105,1-0
1.9690646105136567,0.007010902840107419,0-1
1.8693672964379053,0.4560971361356994,0-1
0.9733323434308275,-0.7937920923372399,1-0
-2.8847827977409866,0.5764269669220905,0-1
-0.5519555361914364,0.1301421929948266,1-0
-0.6947488637848902,0.3167538903504175,0-1
-1.1898985604002827,0.19563375466743962,0-1
-0.7310033232479888,-0.23249042736135495,1-0
1.5533419344194777,0.2354295481436897,1-0
1.573629075616747,0.3007570640234499,0-1
0.2627665007541399,-0.3764965047395688,1-0
-1.6117975741152735,-0.02944504089607433,0-1
-1.821411796451087,-1.571713327809995,1-0
0.0366854325082576,-0.5633259863483749,1/2-1/2
1.204952155085985,0.9052194993865031,0-1
0.18145549345908074,0.08928879425891217,1-0
0.725032749809624,-0.5945631051215721,1-0
-0.42344678032660477,-0.7710399178220511,0-1
1.2362284346975294,1.2513076766951283,1-0
-1.875239121350568,-0.8627658720597838,0-1
-3.277257786205405,0.2550187832526625,1-0
-1.579322012917171,0.6901542669253574,1-0
-0.5971590302508837,-0.38521868972136214,0-1
2.3673516269406294,-1.2811112802881701,1-0
-1.8162590264069596,0.7163401321299843,1-0
-1.275568038325926,-0.2969665286620744,0-1
0.6917014492466942,0.3391546896906738,0-1
2.4132052436918485,-0.509254657495386,0-1
-2.5356453717669027,0.8620834704550069,1-0
-3.3384807701324104,-1.789845129037133,0-1
2.378536079498344,0.6485675281930112,0-1
0.06467177589140034,-0.21577212966824783,0-1
1.4716044143085656,-0.24188200193251105,1-0
-0.3411781735405214,-0.7620995893312599,1-0
0.8097936294113789,-0.35786311453651043,0-1
0.2197318296547603,0.006192864045072469,1-0
1.110026586876272,0.8408872136223838,0-1
-1.8669587971423254,-0.36024519987533976,0-1
-2.438936169071977,-0.16418035978877055,1-0
-4.593940144873456,0.5607458497990506,1-0
-0.7545536932968256,1.0238265655365326,0-1
-1.8794506457536648,-0.29076095496133686,1-0
-1.5477185232499078,0.8208316879403103,1-0
-2.0748847541121562,-1.4618022935131947,0-1
-1.1161254615130196,-0.0014844754896319063,1-0
-1.6149787116870482,0.10022559791354455,1-0
-0.25436958914368146,0.054196496838108905,0-1
-0.006370671642150673,-0.8443779862171701,1-0
-1.369430936224785,0.3139960464044816,1-0
-0.8753062375670659,-0.21394106925496817,1-0
-2.4880340817158757,-0.7941007250970488,1-0
-2.067440569135176,0.13488647877155413,1-0
2.0365209955763395,0.8475296501058436,1-0
-0.5363801529738933,-0.13013828373736366,1-0
1.193477361360381,0.10836942481002154,1-0
-0.7861540093617233,0.08266206180878212,1-0
-3.7481836652775997,0.13981209402130573,1-0
1.490803687215888,-0.3262400275648273,1-0
-0.5987672896532303,0.025757028489597617,1-0
0.38363099554054175,-0.057100366724165415,0-1
-2.7385566761982787,-1.132672557359317,0-1
-1.7421744195465787,-0.20088218093239812,1-0
1.6061331415192086,-0.19023167135949104,0-1
-0.8279121592488506,-0.4039168650073704,0-1
2.24249195874467,-0.7296160376900171,0-1
0.8350140192246435,0.8698705047713451,0-1
-2.0553879786875267,-0.03632774059310211,1-0
-0.018664890079185262,0.19138421064154165,1-0
2.812140376511189,-0.13504544078257988,1-0
-0.9219903957040189,0.14191009126732662,1-0
-0.7638800274022385,-0.17887827666128778,0-1
0.7759164549360977,-0.46222880754766615,0-1
-4.23914833589485,-0.7485605753202351,0-1
-2.4041737783493184,0.06426542188590677,1-0
1.2189357303429853,-0.09390578116345855,0-1
0.19542248415137706,0.11447567691065791,0-1
2.0199082731499365,0.032414305515783684,0-1
-0.07665299816102412,0.0343095408164838,1-0
-0.603316359063829,-1.019001527862594,0-1
0.5019670762398157,-2.773485090555846,0-1
1.3906260817918528,-0.08347613483995193,1-0
2.142980275686817,1.509849149243515,1-0
-0.22778304313513528,0.35955444492898253,1-0
0.5912787218789592,1.2426034444507652,1-0
2.1456488384307764,0.05622703074367592,0-1
3.648246078283856,0.5511930551361532,1-0
1.3002172204964546,0.4171461183191828,0-1
-1.6988312592107158,-0.13159081758111227,0-1
2.910555517423012,-0.5117365422097422,1-0
0.34299206400241433,-0.14794057932255442,1-0
0.07999321161120261,0.1982461746152115,0-1
-0.436526263651262,0.046371695290273025,1-0
-3.124791368423403,-0.26678131124974325,1/2-1/2
2.85590741328009,0.5456327685793582,0-1
0.8639950261114103,0.2169313091018906,1-0
1.071290751620591,-5.510959336915058,0-1
-3.0660459815138075,-1.6963024494617414,0-1
-1.6971694705068572,0.3499621326362545,0-1
0.2714011634476187,-3.0202544219508907,1/2-1/2
1.0086738854075414,-0.04922018820739626,1/2-1/2
-0.07795722061228391,1.2229855114988706,0-1
-0.02867208859484252,-0.01241325501145984,0-1
1.021942151609631,-0.12282930389599453,0-1
1.9721284118633944,0.24985531472826938,0-1
-0.7271420488823419,0.5295347794259936,1-0
-1.1512096193115995,-0.34257754998430295,0-1
-0.3988980686997055,4.565764079934232,1-0
4.316198414062408,-0.20315917474926062,1-0
0.6769756130549786,0.9286899615432221,1-0
-2.176319929214499,0.3438589927303217,1-0
2.8530608236631645,-1.1634200431084571,1-0
-1.2128145856889276,0.20433030701127766,0-1
1.2653968699297187,-0.14201943794690444,1-0
3.007240455559324,-0.14081508672110427,1/2-1/2
-0.6383049201962414,0.10686665041579202,1-0
2.3181177113616074,-0.10779162595147816,0-1
-1.8186170936150319,1.2161073230012622,1-0
1.2555060710478467,0.04734005499806929,1-0
-1.0501455189571558,0.0235062083316412,0-1
0.4661710678095488,-0.8751950160369147,0-1
1.861922174872673,-0.3749196268532933,1-0
-1.6500815903048633,0.4265240118484731,0-1
-3.015167874232861,-1.5975078351026097,0-1
1.4527881177725874,0.4747788624174176,0-1
0.3105644342602961,-0.0085509019304339,0-1
0.37438243038465147,-0.3633032240179187,1-0
-0.11008239865003588,-0.7051355613813329,1/2-1/2
1.4939990392153533,-1.5609161149861357,0-1
0.11032111665446533,0.43251988193520213,1-0
0.06662059903788285,-0.18206918946980707,1-0
-0.49019607671561144,0.6152433540679567,0-1
-1.0076475323784755,0.07564837791763519,1-0
-2.6361725754609955,-0.45114858909511485,0-1
0.647012327342587,-1.3830215859458133,0-1
0.9172989984357787,0.3668154329239711,1-0
0.464692564897178,-1.0482209002344793,1-0
0.3927800087053784,0.7198980621335251,0-1
-1.0747915735805231,3.0147503991307087,0-1
0.31457611321780543,-1.2659293240551317,1-0
1.027486878386027,-1.7181503043811235,1/2-1/2
1.2631109197194934,0.45737657409607646,1-0
0.5526228167379355,-5.256979048618658,1/2-1/2
2.4592440410950402,-5.587786726263622,0-1
1.8548108953887492,-0.9179672446965171,0-1
2.1853860481735743,0.40947419618968467,1/2-1/2
0.6681518826632088,0.7042913144657816,0-1
0.1244604853769765,-3.6774005571580615,0-1
4.939606874369778,-2.2466791932045047,0-1
-1.0793663920368741,0.12023037757803197,1-0
0.3898480242511679,-0.7494501314100597,0-1
3.702362883611954,0.4745117287960048,1-0
-1.6493805174204734,0.3699239220973826,0-1
2.289489267375383,0.1657252264341455,1-0
-0.0881674922820427,0.3809681430148263,1-0
-1.8229653809917907,0.09105026237956522,0-1
-1.74151107628929,0.5901946150202465,1-0
-1.3728571384663382,0.23043705205733367,1-0
-3.5162491720469586,0.3082325201269403,1-0
-2.7550258922453614,0.1420729625358153,0-1
-3.34599736003702,0.8903922988416781,1-0
0.19520053531230946,-0.2179504698192256,1-0
-1.5231775998880641,0.14018073470139478,0-1
-2.889413746291725,0.21132551767438565,1-0
0.6457560363473113,0.6646433699501257,1-0
-2.3992122371686166,0.5284002449731717,0-1
3.4305900837186294,-0.3121445712230465,1-0
-0.321103525544867,0.6947335236667012,1-0
1.6980084524644221,-0.4570605191454198,0-1
-3.40542012808188,-1.632131916948149,0-1
-0.21871094134832167,0.11220400127741595,1-0
-3.206441927025367,-0.011923825937412444,1-0
1.7477952516072552,0.05151891876038569,0-1
0.46336056535793146,-0.5395601084895061,1-0
0.04639971074713163,-0.4323242850466859,0-1
0.4444141702371979,-0.4893372134041072,0-1
-0.7681836900482794,0.24003237181634138,0-1
-0.33225684018318047,-0.4765753492452508,0-1
0.5891020640592498,0.35582858315220256,1-0
-2.99068091980027,-0.7929781434726012,0-1
3.369093815238345,0.7647039933998003,0-1
-3.256372827040993,-0.5942525473596002,1-0
1.4207386482788062,0.08566195368817982,1-0
-2.219301701095777,-0.11846863288522864,1-0
-0.5752399595861252,-0.11194059681616676,0-1
0.12932988831473458,-3.3663600026916147,0-1
0.624503615665107,0.497463349111801,0-1
0.10255214586492874,-0.10473136812830235,1-0
1.9623193589987622,-0.3659506582582673,1/2-1/2
-0.4832026086714042,0.15485809210888382,0-1
0.030072570698380544,0.4486688289183282,1-0
1.5402331290780018,-0.362958297712745,1-0
-1.9159421260550213,0.060420916813886776,0-1
0.534805456273492,0.036691225416631744,0-1
0.9627494303415075,-0.4359380697945856,0-1
-1.041117832929181,-0.6428807315732212,0-1
-0.9066845506867478,-0.05934594573524536,0-1
0.3418150189322368,-0.7488907093047042,0-1
-0.44710485757808555,-0.04700216132959618,0-1
0.3011351083156635,-0.18098980750556687,0-1
-0.5571564683474097,0.4857402739845757,0-1
4.187078144447237,-0.2979072038164867,1-0
0.9451819537787739,-0.269137825963858,1-0
2.3902005385834837,0.6602146103798731,1-0
1.2703208718801406,0.42138613447913653,1-0
-2.9091840152415127,0.7826322288209054,1-0
2.819989144292483,0.12896150792191996,0-1
1.9760282951704733,0.27244612170810933,1-0
1.2167116380278025,-0.22763232367407907,1/2-1/2
0.0810902507177437,-0.0524906068896642,0-1
1.349352463398754,-0.1771354785573453,1-0
1.5276792894487197,0.3141401429278356,1-0
-3.1541397037050616,-0.5047851082038525,1-0
-0.9804841262361355,0.17861404136312706,1-0
-0.3618448326859113,-0.14586295977639363,1-0
2.0996322451217986,-0.48358511946433136,0-1
3.547282941726397,0.32458964646059335,1-0
-2.32965073853343,-0.09613592210445912,0-1
-0.56972392791091,0.25173258226803596,1-0
-1.276599570717379,-0.21389145392352027,0-1
1.4851678160587214,-0.523599800188255,0-1
0.44008296121788065,0.6105788424835553,0-1
-0.551277978506458,-0.18378645966421836,0-1
-1.3090059005313686,0.4637312332950129,1-0
-1.0159465774059526,0.24051919416279058,0-1
-0.9904936731459758,0.13021266380156002,0-1
-1.3385849343571576,0.9063380626104601,1-0
3.298401044991603,1.054268967435309,1-0
1.186217528718267,-0.18270795621408498,1-0
2.278433688825541,-0.8189496946422143,1-0
0.2061751713102632,0.6807095490658648,1-0
-3.55205077515498,0.535734935721525,0-1
0.9580686771582816,-0.1286844856643304,0-1
4.345157526527576,0.6217802007236822,0-1
1.1362890746886343,0.31507946179271573,1-0
1.571986295720755,-0.36108128346805224,0-1
-1.6675293822513768,0.06541311688998545,1-0
2.7351041277891106,0.7458921764615735,1/2-1/2
1.8373056188158374,-0.2338499837463372,1/2-1/2
0.42636884831217325,0.5512568292848923,1-0
3.177442120841995,-0.13673984630146044,1-0
0.7300862202613901,-1.1022652262595194,0-1
2.0856696494409777,0.03942297274040577,0-1
-2.440218497101636,-0.45338296024878105,0-1
-0.9856521804191049,-0.36427031949643035,1/2-1/2
-2.1118517128065624,1.4811146382398552,1-0
-1.2689183076282202,-0.3915433663177502,1/2-1/2
-0.34476309045125836,-0.19092749506417184,1-0
0.021506091361844618,0.5022406526490365,1-0
0.571198476037777,-0.24776935176197026,0-1
0.5861537289228185,-0.3654348365518006,1-0
-1.1590626845125591,0.08073275397513748,0-1
0.8030430680395881,-0.2772582676941952,1-0
-2.9178893397000936,-0.4544451194230483,1-0
-0.40104069665073416,-0.1347299710825073,1-0
1.4613855260566446,0.054645761409908566,1-0
0.9542442934232942,0.26279765866076515,1-0
-1.09808417076186,-0.1037445478606436,1-0
-1.3841256313293269,0.02465327811668687,0-1
1.7217920428923612,-0.31444914486486886,1-0
0.1724786245008243,0.3170715455090651,0-1
-1.2934958909060132,0.49662082215616793,1-0
2.3059577558060935,0.7815829286807993,0-1
2.0212203845669863,-0.40420357485128067,1-0
1.532136011644495,0.08087321781317894,0-1
-1.7603764498413834,0.0886072906063488,1-0
2.277092806458332,0.5772395112751753,0-1
0.9085871395434184,-0.1381295892390008,1-0
-2.124446949458049,0.5670917675859021,0-1
-0.534671866362813,0.364038356987817,1-0
0.3862112205595607,0.9004898019804704,1-0
1.4756864702103185,0.2572207745330302,1-0
3.4777969999372225,0.48928426965117705,0-1
2.910037553721548,-0.7442964922687064,1-0
4.469751766713879,-1.4468496941534061,0-1
1.3312592100177452,0.004469578918101955,1-0
0.004409640906764025,-1.5969746431625624,1-0
0.11823200857660225,0.21442099374014792,0-1
0.6799725531576182,-0.1449943361985986,0-1
-2.432914248700683,0.25673091702862133,1-0
-2.3315095846021032,1.067493333753966,1-0
-0.6363627073325174,-0.1267209373237918,1-0
-1.3440934191613627,0.04428340216852609,1-0
2.6629255925209976,-1.3784942979684418,0-1
0.976743242958481,-0.8384013481206594,0-1
0.36159955641586305,-1.6618693885453237,0-1
-2.8557737475204323,0.8545196678440969,1-0
1.2707421692042855,-0.17285151776622365,1-0
1.1508906191130017,0.2175771167364421,0-1
-0.7413811351409729,-0.4061627882507296,0-1
2.5705637978885,0.6645841070008061,1-0
-1.8598984678510198,0.49589824779557,1-0
3.273921770552923,-0.12313384672540711,1-0
1.5750919554632694,-0.66873550008119,0-1
0.2636627578268415,-0.546934781974939,0-1
-0.28857634381169517,0.08454827471064348,1-0
0.8403601219645613,-0.05214194317075391,0-1
-2.439834663158792,0.051072990863641296,0-1
2.74624582879261,-0.3997407427480833,0-1
1.0620632525691946,-0.13904068252954616,0-1
1.2009689049838557,-0.047412975712178174,1-0
0.810686867747446,0.6437834232693574,1-0
-1.5662689521484903,0.6769178912719239,1-0
2.605282842563471,-0.1661702580465449,1-0
0.31896444308475874,-0.03394136853520499,0-1
0.08560560310004824,-0.9717264843627145,1-0
-2.1638948877441093,-0.2788204812960742,1/2-1/2
-1.9486694194795815,-0.26578405691035356,0-1
2.269127505920353,-0.20543275485432366,1-0
2.490150730445824,0.17699324653736362,1-0
0.923216727301573,0.6953999622961867,0-1
-0.8910414237400027,-0.5321032026507987,1-0
-1.050188922278764,-0.1617794431984044,0-1
0.2636696560982314,0.20746183711854968,0-1
-0.18580827600866753,1.3960365529142917,1-0
1.7987321980466093,0.5892757936071541,0-1
2.112953622681641,-1.9145279924166636,0-1
0.871032491970698,-2.0742798822959467,1-0
-0.05682375692992757,0.02747344898462431,0-1
1.3933623850972405,-0.11232705781358167,0-1
0.8787526488221471,-0.8670121276326485,1-0
-0.48652603121339005,-0.4466500759974092,0-1
0.7248796902598891,-0.7802068284845446,1-0
-0.005008337648854932,0.29651152572986594,0-1
-3.4688172882526627,0.27000269268980936,0-1
0.6679287882640103,0.012605964185624005,1-0
-0.03355828506918402,-0.42407285912222953,1-0
-0.12067398242766633,0.027930112470195403,1-0
1.5607589909080917,-0.10067495896019528,1-0
1.700387686477722,-0.5441030590173087,0-1
-0.7584894330545024,0.3175686256689154,1-0
-1.6695849001632728,-0.2668182149906377,0-1
-1.2375157331176967,-0.30607579986031563,0-1
-0.24796529006228882,4.760770169051495,1-0
-0.14257664824520722,4.633561838733735,1-0
0.9676000614628067,-6.721748595616428,0-1
0.30500614482360366,-0.19825052899440812,0-1
0.28164804092717866,-3.149083769219439,0-1
0.5888039129423223,0.09877410505101386,0-1
0.01365159261212286,0.0791856619027387,1/2-1/2
2.19444500524385,0.6269655506810753,1-0
-1.8708376467670766,-0.09561971468281456,0-1
0.9371936132590629,0.0668092754987664,1-0
2.6800809394084077,0.28576876313881117,1-0
4.8170292010591576,-0.35682313831233875,1-0
3.1408759444338994,-1.0908112939539523,1-0
0.48996153476604687,-0.2142763961642919,0-1
1.4051034893146028,0.6726521792284896,1-0
-3.256879519202423,0.2396897230299903,0-1
0.08037811526519847,0.06253847525890151,1/2-1/2
-1.2833843677619567,0.9182533940813696,1-0
0.6292798679226906,0.4216587902341796,0-1
1.326689315896698,-0.2025740567604245,1-0
1.8766024465776456,-0.10550262279983923,0-1
0.33333729526439976,-0.8566687470864105,1/2-1/2
-0.38893598870750434,-0.023691443223158675,0-1
1.2945866809390154,0.0023093112564817808,1-0
-0.7047816596483414,0.26204066753494354,1-0
-1.4654202661993345,-0.021556823222997217,1-0
0.026465186556553326,-0.11374066369268723,0-1
1.9112716866201291,-0.2639019544692302,0-1
-2.4020740536504634,-0.3093979628262043,1-0
-1.3194968843496244,-0.15025168838754488,1-0
-0.013032610468142808,-1.0506313597142931,0-1
-0.8648654004760773,-0.17804268586750424,1-0
-3.2060437455319333,-0.4869649646096559,0-1
1.45498172076799,-1.4026426310924116,0-1
0.5761015960038292,2.0272656365297186,1-0
0.468876287360533,3.9645787184285433,1-0
-0.8723202841836024,-0.2297735205803073,1-0
-2.8719539769316347,-0.4877539625617746,1-0
-2.2442530140793417,0.7363932478731313,1-0
-1.2602176226840847,0.28241166291708986,0-1
-0.20420361731528064,0.2680201933458064,0-1
-0.9048851955438759,1.2280886140794856,0-1
0.3249076361754471,0.020050559172459237,1-0
-1.1587410505595375,0.06787168796810743,0-1
2.3987022388213033,-1.1162987287263002,1/2-1/2
0.10912418346209093,-0.09638733666903881,1-0
0.9147821407095439,0.5218908583904786,1-0
-2.1368056807479987,0.1309291667231966,1-0
-0.8371430515538271,-0.5012581867605744,1-0
1.8478352115755252,-0.35930146187128786,0-1
-2.258369166270408,-0.5382796872865983,0-1
-1.4080656421384146,-0.38195657615865236,0-1
-1.7399095602926025,-0.21357998995576166,1-0
0.8117626069258588,-0.14518636806193103,0-1
0.695219713882212,-0.4236149013603668,1-0
-1.4251329609734982,-0.3169662766365335,0-1
-0.9787817795653626,-0.6111885727995203,0-1
-0.9587293108121672,0.1991690444758014,0-1
-0.6818288413208469,0.17133923878312649,0-1
-4.072009402250765,-1.6274933972574854,0-1
0.056341668793501345,0.19015160502668457,0-1
0.23474922842347576,-0.3574890841428952,0-1
1.3478142388458714,0.7398818665707995,0-1
0.2726240005514764,-0.279988005817724,1-0
-0.7310520364264936,0.03579032904928934,0-1
-1.3340261786532448,0.17238783666745555,0-1
-2.3989206173176956,-0.11966092655423038,0-1
-2.023389592509264,0.5403766391367979,0-1
3.9289234970146905,0.8849294239063248,1-0
-3.1625207609955797,0.21423445631876575,0-1
-0.5963535351462848,1.0115285543201706,1-0
3.3148846844382547,-0.2005507882254827,0-1
0.8562901502310304,-1.098257568932257,0-1
2.3634266215034363,0.22133008606959498,1/2-1/2
1.1272379307351694,-0.1497766564023589,1-0
1.5826492147737115,0.1327516054763189,0-1
-2.0342245226459004,-0.832729071088393,1-0
1.288905457434758,0.15158505167551412,1/2-1/2
0.4696863137084324,-0.4658797920467174,1-0
-0.8382800000276621,-0.2319439413269047,0-1
3.088007231462674,0.3266126340087814,1-0
1.7590402075280016,-0.23611524370833858,1/2-1/2
2.242614222469784,-0.05190267822322019,0-1
-1.8965786769236606,0.8666111026646576,1-0
1.216473183640783,-0.17357142889282118,1-0
1.0025667033218633,-0.10491848805353403,1-0
-0.33350787542770804,0.35418971819240846,1-0
0.5854516436011978,-0.5425855915239604,0-1
-0.7630936169544849,0.39873151063537393,1-0
1.50754937209795,-0.3783692610799161,0-1
0.13861574030221227,0.10712325790522627,0-1
0.8733488524839517,-0.024702736627912003,0-1
-0.8169642879016528,0.048478819663556744,0-1
-0.7354623365640265,-0.7177419093472465,0-1
2.0892824765626012,0.27377441623775506,0-1
0.010553900852150258,0.5010728471406329,1-0
3.654852614631833,1.396261778796462,0-1
-0.00855344278410783,-0.3864060714522631,0-1
2.579907311052089,-1.173134794971891,0-1
0.6964131313774414,-0.33466017171638207,1-0
-1.0820897054914553,-0.6773582299197358,1-0
0.8073568349227017,-0.22501527277496022,0-1
2.3346603989385466,0.20128209172139672,0-1
0.6628398607303468,0.2131660289168655,1-0
-2.282917769626162,0.5152443884830249,1-0
-1.6570171309271586,-4.173276171107944,0-1
0.4091936891515454,-0.0415404664254453,1-0
0.10107127281554373,-0.35845053773584906,1-0
-0.7930057435023786,-1.1011446538353171,0-1
-2.3013427611972657,0.23855686856863798,1-0
3.2779626384043503,-0.09022116870836973,1-0
3.0650987530450386,-0.163072295005112,0-1
0.8503983825506404,-0.08939739596752945,0-1
-0.5772975596464038,-0.03775912295130781,0-1
-1.379441650437587,-0.32975390820877626,1-0
0.0203014781755597,0.3462065565755033,0-1
2.3541824513590215,0.46332220363232457,0-1
1.3307405186999084,1.662512851000924,1-0
-2.7947721937880017,-0.44857700158380726,1-0
-2.353624048427053,-0.21687778451297976,0-1
-0.7612036329664107,-0.006527809653821811,0-1
-1.465261741926972,0.0721182245277258,1-0
-2.228180833965562,0.2959480702005165,1-0
-0.21819958792961594,0.07747342339835568,1-0
-1.2432921136015318,0.8621904869791367,1-0
0.39250596411356126,0.34130854168105346,0-1
0.20610412402356862,-0.059082922574570575,0-1
-0.0859114585821079,0.3818842529718965,1-0
-1.3467111075616827,0.18538683682167287,0-1
-0.5746122823826132,-0.7529370701162581,0-1
-1.8546429939563043,1.2665796799573978,1-0
-1.9722589171143432,4.745501770782859,1-0
-1.76911595269883,-0.9708445516670129,0-1
-0.43892874661817305,0.12710238990825495,0-1
-0.49260342991167777,-1.2281688566706217,1-0
3.3381759843615026,0.5598392471775828,1-0
-1.3695274477363735,-0.15120382357140263,1-0
1.7296962672578182,0.07407593419403498,1-0
5.995654805738755,0.8278549838954835,0-1
0.6390887086476706,1.5497815260842585,1-0
-2.180308492341297,1.4820409012819027,0-1
-1.956902957791971,-0.26857494743151966,1-0
0.25780402298518634,-0.07495931853107764,1-0
1.2522584143237527,0.11092155585075934,1-0
-0.7812668762991302,-0.2713503433762043,0-1
-1.264722143212944,-0.2178020383547819,0-1
-1.083098792394649,0.3032090581955051,0-1
-1.5182152552420105,-0.28686481033412015,1/2-1/2
-3.1909299111006084,-1.3848698968407458,1-0
-1.6453950303042304,1.2777413237790223,1-0
2.713978135128786,0.44359990359908175,1/2-1/2
-3.923648750694698,-0.5130881736835056,1-0
-0.263109016152149,-0.005832491416246447,0-1
-1.764837700171535,-0.3518291179625011,1-0
3.087227507146657,1.0157162286691506,1-0
0.8062231931741323,-0.6406797512270644,1/2-1/2
1.0389750258000483,-0.2612108151015689,0-1
-1.644777612203522,-0.1960065252463736,0-1
-1.955859217272231,-0.05081981101727499,0-1
0.38002712709585956,-0.17955737037492456,0-1
-2.9638422994704867,0.369425042194135,1-0
0.39164959466532273,0.257079981486213,0-1
-3.284281379731782,0.19078495436575627,1-0
-3.824704472133185,-0.8262293321235716,0-1
-2.8674047743981363,0.6825129526174405,0-1
-3.3864781852465438,-1.3566352916980482,1-0
-0.007701525621266154,0.023542009078077148,1-0
0.614778008612277,0.17387392255353973,1-0
2.579611163066792,-1.1987769571279956,1/2-1/2
-0.04339008992691653,0.5658466266388212,0-1
-2.181462155334964,1.0129109753806835,0-1
-1.6438579513114786,0.0014647751006035014,0-1
0.3632085217505996,0.664123410091241,0-1
-2.748623574611617,-0.010337420185192653,0-1
-1.6101893147129267,-0.44042075910703404,1-0
-1.1676976320268961,0.6001366043214228,1-0
-0.7854051381442495,0.7595425984442201,1-0
1.5138919898340135,0.795352959026202,1-0
0.07931106851792703,0.7123859887827324,1/2-1/2
1.7920122235275602,-0.9471202085003855,0-1
-2.9823892126719236,0.665463734486005,0-1
0.8582415524864062,0.14106986952219613,0-1
-2.8077718801209017,0.09559031016951218,1-0
2.1103238778509934,-0.07540906087830271,0-1
-1.6104353159709568,0.1120216170319553,0-1
2.045102834900697,0.04821158131371984,1-0
-0.12229781078971327,0.059720862896540425,0-1
1.5723013952399971,0.3581899766058995,0-1
-0.1261523417497014,-0.30950545712575966,0-1
-0.24380541861642724,0.12764458922363744,0-1
-1.1748156008103308,0.42762358023074015,1/2-1/2
-2.4120624337550756,0.054925310611617616,0-1
-0.5685483704956431,-0.7570160629731422,1-0
1.2682253114780506,-0.017776092299716256,1-0
0.421119984700216,0.04786592506108918,1-0
-1.2415576134063548,-0.5727393226006033,0-1
-0.04127607495139196,0.0866006473340269,0-1
0.3780226924994825,-0.6993761732562097,1-0
0.7730701501400307,-0.04692755237044469,1-0
0.5284798410458912,0.08851926780086675,0-1
1.2226804502091158,-0.08663526530252569,1-0
-0.39084599394067565,0.3281024296169222,1-0
3.4094529743840005,-1.3193413322056526,0-1
-0.9157234865119261,-0.22337185277752114,1-0
-2.6646018040850423,-1.2298038945117584,1-0
-3.8948712783326043,0.33737266761183093,0-1
-2.5115556049655736,0.5020677962695201,0-1
-1.9354521034701102,-0.026297342771265924,1-0
-0.5781951171449674,-0.5881777815946521,0-1
-0.9380252455593976,-0.6418466932448647,1-0
-0.9965920296776125,0.06090044497498862,0-1
1.1721181700637844,-1.356761841729492,0-1
0.14146068739849615,-0.1551204379587269,1/2-1/2
2.339164634646548,-1.422858273871768,1-0
-0.07168478942364254,-0.10817960335020942,0-1
-0.3806867483125144,0.4837927739096459,1-0
-0.12104992740472038,0.2755322516730955,1-0
0.5752050541102692,0.07334984690005204,1-0
-0.4366905188920523,-0.20635139450224801,1-0
-3.023402140161623,0.2903044965180104,1-0
-2.703513288506265,0.9920928443789103,1-0
3.3722608173991824,1.102213681511305,0-1
3.0105847028117587,-0.3770218392884762,0-1
1.0699918173422454,-0.14827803518405092,1-0
0.3005070890173719,-0.7904329058785292,1-0
0.5222916591344037,0.8207205609554423,0-1
2.395002618903572,1.7963463950121707,1-0
-1.4025307347782332,-0.3240771531756089,1-0
-0.7818413880387406,-0.22435414682225696,1-0
1.6067688408114105,0.04633830448276368,0-1
-3.559298266545907,0.670996124677241,1-0
0.37493369317065117,-0.41661126582577296,0-1
-0.14399810621776968,0.9293559994340262,0-1
0.006387386701364269,-0.523997320476434,1-0
0.9456944527576105,0.055390799707355866,1-0
0.048345439308000664,-0.22595938382601352,1-0
0.8867901994808732,0.1407973184955771,0-1
-2.560783461328496,-0.43269280597484744,1-0
-0.11877503976265032,-0.2654347679724103,1-0
-3.181543437410925,0.9776541417234256,1-0
0.5645966767960553,0.7057964711072577,1-0
-0.80945959956164,-0.5721453790016,0-1
-2.1512352140886866,1.1077043330602898,1-0
0.8671184700849082,0.007557613354909299,0-1
-1.5320634761635077,0.16179855102209154,1-0
-1.6639532150457021,0.5072777956223375,1-0
-0.9087854209457343,-0.044941764573408344,0-1
-2.6814624009459793,0.03886715562868296,0-1
-1.0793198941296522,0.13285406808584588,0-1
4.1552258871840015,-1.970608586293076,1-0
-0.543159251472209,-4.229850613197576,0-1
-2.0738775403854657,-0.9110255630369235,0-1
1.58641496832217,0.42723841350961683,1-0
-1.8642766717380694,-0.028846690826075754,0-1
0.76463489320555,0.7962520706736507,1-0
2.5291235572853696,-1.399739587628663,0-1
-0.577877669231542,-0.024302609612134825,0-1
-1.6488327703316188,-0.12333660867072789,1-0
-1.2020023317552606,-0.681076782487665,1-0
0.28022884922312297,0.1300485132802832,1-0
-0.5562625596688914,0.47069808484063996,0-1
0.8199096048408321,-0.2619500629468086,1-0
-0.010098543865549606,0.01230402808380961,0-1
-1.223003956799259,-0.475979128127425,0-1
-4.753601287951185,0.24728178002995702,0-1
-0.41898425131342215,0.15416405312409667,1-0
-1.968273693134976,-1.0986066333898488,1-0
3.0193885668241616,0.1555090926682899,0-1
1.677346245604429,-0.16654340992605332,0-1
2.898355519377304,0.27070711752430565,1-0
0.3673136176340839,0.04460681896465902,0-1
1.3923652973504541,0.044139228608427984,0-1
-0.5809502961353217,-0.2535331025198631,1-0
-0.25824062565162165,0.07145721832695011,0-1
-0.6664542401371432,-0.008642733679558316,1-0
0.5050034611714046,-0.08687893672105478,0-1
1.7030378132233048,0.7940203777774885,1-0
-0.6454993792461674,-0.4773807962016598,1-0
-2.447278484298162,-0.05908683624663695,1-0
-1.5934700306440104,0.5477146183381845,1-0
0.5591059762228335,-0.057977668468520024,1-0
0.1045533527527921,0.46224103694819074,0-1
0.8097904558090134,0.4526239681762872,1/2-1/2
0.06731724137970682,0.3231396146160189,1-0
0.5899163878856635,0.1017139325037291,0-1
-2.1102758917494784,-0.40908795141904825,0-1
-1.6191926820761384,-0.40788562441699694,1-0
0.4209098260456761,-2.2335924362080557,0-1
-0.4597662712871117,0.2233254017325756,1-0
2.883264724927711,0.049992682163272455,1-0
2.0165043832737424,0.7208391657182989,1-0
-1.0166864899464847,-0.3244669026260572,0-1
-1.3883562403892693,-0.22247926152973696,1-0
-0.6712572570454827,-0.37910250901610015,1-0
0.4048957574739326,0.5364182240939819,1-0
0.18875380191972616,-0.48457658335151355,1-0
-1.1139325861339897,0.011697253142325255,1-0
0.5419776029580587,-0.15104518251557952,0-1
0.9048603370311714,0.07838877459324661,1-0
-2.0404591483584613,0.6501820120759582,1-0
0.8933711957549771,0.2610357898014308,0-1
1.5401622907631867,0.02218044349284966,1-0
2.863269146307441,0.21051848994809286,0-1
1.3685041469448718,0.12995708226984015,0-1
1.0353924572834945,0.15456519107408467,0-1
-2.9901527187388326,0.0362438088102511,1-0
1.0072021041579984,-0.06553655914132905,1-0
2.009792297720483,-0.0634987460739182,1-0
0.5592000634912597,-0.4368045644202078,0-1
1.550223667179976,-0.13427152287704264,1-0
0.954772152389952,-0.15841996072943648,1-0
-1.999369651585519,0.7992505508801562,0-1
1.6080875625112188,-0.12298904794627603,1-0
0.256744479682112,4.467989079122916,1-0
2.5043838333373345,4.2201939248141525,1-0
2.959735309207051,-0.5614732840059504,0-1
2.452145056267717,0.3242345670704424,1/2-1/2
-0.30205296377038987,7.001657090725362,1-0
3.067999596412076,2.1851539386788157,1-0
2.264589841172689,-0.05818073193093646,1-0
0.21275036076696013,-0.3575228756890859,0-1
-1.8574330355350834,-0.7220292783433291,1-0
1.4554123406066866,-0.39845689831671094,1-0
0.5338750208019244,0.38475500862259404,1-0
0.9162594439556354,-0.42767594147982085,1-0
0.01869043069244041,-1.5733734363155794,1/2-1/2
2.359664095663492,-0.12031032415891091,0-1
-1.385964798247683,-0.008691590248826991,1-0
0.4373097672818329,-0.514077585655259,0-1
2.590946384053979,0.1980271676156103,1-0
-2.6430283439432887,0.9406266412883459,1-0
2.156104232044234,0.23755953719250417,1-0
3.503586952244191,0.38370390873909077,1-0
0.5123629789274724,-0.1410887684338618,1-0
-2.2281298837729437,-0.017147759627169384,1-0
-1.823395900129753,-6.178532331076012,1/2-1/2
0.00864987898609951,-2.2546363906193525,0-1
0.3198751235570297,-0.18445388153623463,1-0
1.3838476860581541,0.19102802825693238,0-1
-0.14802368993035525,-0.848725777663433,0-1
1.6366095779778302,-0.44401757436003453,0-1
-0.11143957442554481,0.5652239231836557,1-0
-0.4522349731620743,-0.31263219504685846,0-1
0.9486572903103633,0.1587548619551335,1-0
3.569828753006416,0.7225432753614534,1-0
0.770940699327706,0.17864181797675857,1-0
-1.5191481149567405,-0.7828277930557299,1-0
-1.1102221560467944,0.307174289648243,1-0
-0.32518336617533683,-0.08527369971729822,1-0
-3.4474806755672263,0.7121333870256122,1-0
0.8697161372401309,-0.18701126874735238,1-0
-0.26822119263942323,0.18841572806108808,1-0
-0.9263884877132654,-0.3107919359764103,1-0
2.278832958605185,-0.06081713457220103,0-1
-1.5077310148294139,-0.06568077541661073,0-1
0.9207817487154782,0.17081828065820737,1-0
-1.4705192979700705,-0.2921504018886199,0-1
-2.2044497031279837,-1.0941328744159915,0-1
-1.8300088626403648,0.09885934487056793,1-0
-3.087476396646812,0.36474781901918,1/2-1/2
0.2850460805591524,-0.6044971599948644,0-1
-3.050862839849391,-0.19756253263386012,1-0
1.4436336398851233,-0.21025089082802348,1-0
-3.196943942506112,-1.0537230833428153,1-0
-2.8197911173778674,0.7442700181849395,0-1
2.1614417182019903,0.4540922210768689,0-1
-1.3919567262597068,-0.030492135047263592,0-1
1.1819981153493802,-0.3627611294309603,0-1
0.1381244081286037,0.19531928323340136,1-0
-0.29697749819628877,-0.2493204622348595,1-0
0.5285463601982101,0.15460840575779558,0-1
0.3408003341835154,0.1981368955957625,1-0
1.2777789074472006,-0.5734594870222747,0-1
-0.07366496262917802,-0.38793571625433737,1/2-1/2
-2.39303186837394,0.043563715522280166,0-1
0.0035534804304049143,-0.5562719905113727,1-0
-0.3364683645862776,0.09542956785319628,1-0
1.8181452428385785,-0.4018202667660653,0-1
0.43971576594588896,-0.15485579131298471,0-1
-0.15185367151087045,-0.49078331655311175,0-1
-1.6534702533161365,0.2436942681625491,0-1
0.2736721716137817,-0.6240417632403957,0-1
-3.1453878595964286,0.9810053040493317,1-0
1.4965457561779576,-1.4423891672607116,1-0
-1.504903718841213,-0.30069663331969665,0-1
-0.38646125561984646,0.1207150421575862,1-0
-0.8984109698841642,0.05037583968415047,0-1
-1.2776686423391117,-0.03154562984618987,1-0
0.8111115476458357,0.3639899011572297,0-1
-0.9468598295474434,0.31711486492119995,0-1
-1.528528363885258,0.26298149013296346,0-1
-1.850604417225139,0.580973950873887,0-1
0.9487670796613902,0.2846212926150841,1-0
-0.5321120046836708,0.017723506570283983,0-1
-1.8399530359580176,-0.2427120982843443,1-0
1.1058011577180988,-1.622568068501326,1-0
0.9073982284397342,0.21052964129910445,1-0
-1.000324696281188,-0.0071375920615857034,1-0
1.0606599178134704,4.006382658910255,1-0
2.8143583199141853,-2.410229366005818,0-1
3.118103710345434,3.132100189740115,1-0
1.4264800903252375,-4.405280824545795,0-1
-1.4155736913098413,0.1603128658746887,1-0
2.296739932368676,-0.7800230452343684,0-1
0.22080556253376935,0.6230587324782725,0-1
-0.5558534704730328,-0.4243697785575192,1/2-1/2
-2.0229548842227807,-0.2676860935974721,0-1
1.3036568337003465,0.2868800321774209,0-1
-2.0854996658601497,-0.09722334322500727,1-0
-3.833602423414016,-0.97993336812865,1-0
-1.5355231106124967,0.2385991897147385,1-0
-3.030461190769897,-0.08107138877560159,1-0
0.7713985234448999,-0.748617428330628,0-1
0.049110682950526174,-0.0610742475287407,1-0
-1.270181551001034,0.1383914899671102,1-0
2.612754364941848,-0.37541810601785947,1-0
-0.5457829805135707,-0.10732957275238089,1-0
-0.38753733689303876,-0.3407547381841793,1-0
-1.9291417909564093,-0.20629363528606814,1-0
-0.655203819493769,-0.3882455717605321,1-0
-0.21245509472438434,-0.1946489503699566,1/2-1/2
2.291617705750477,-0.2935949886363082,0-1
-2.8824601876148117,-0.23048228035589324,1-0
0.72523165866696,0.8564824092004346,1-0
-0.7671357852317745,-0.3550381032603778,1/2-1/2
0.2659014825134729,0.7316487376160522,1-0
1.5457026411031645,-0.24799818263777298,1-0
2.761757920566348,-0.7732639596324102,1/2-1/2
-1.7968393713322324,-0.0074654003052104425,1-0
2.4316789701842874,-0.2647585204902268,0-1
-3.020813507532321,-1.0155816794498478,1-0
-0.5060435554994892,-0.0349868542248304,1-0
-2.2150712251587352,0.0031555479341714467,1-0
3.8338166710557244,-0.6576762141406683,1/2-1/2
0.7390422072352768,0.38158143835597524,0-1
-0.06918134265974629,-0.04942994832780705,1-0
-0.7777738886594575,0.1293145065819199,1-0
1.3986677967473442,0.11150769979730975,1-0
-0.9137956970477715,-0.4768852047514456,0-1
4.419246927768132,0.629277938998854,0-1
-1.6128446754664265,-0.32555493394213486,1-0
1.3956164697716933,0.42051021671599415,0-1
-0.5802160572892966,-0.721509542964796,1-0
0.3583282652165655,1.5364430608682995,0-1
2.2435050365626887,0.10571709365507573,0-1
1.7743248316338962,-1.6134294122278894,1-0
1.3760299013893784,5.1874543952839485,1-0
-1.4490939296159346,-0.01136956906523156,0-1
-0.2615349924225895,0.6347317915353684,0-1
-1.5969078713721332,4.412033546568312,1-0
-2.3759920169542292,-4.841907410771099,0-1
-0.3494561848856709,-0.3100124809137393,1-0
-1.3786750490952784,-0.3179263312247716,0-1
-2.282657211845663,0.10823613540539984,1-0
-0.01325421721243083,-0.1326179347711228,1-0
1.0805214101019327,-0.2737295133090016,1-0
-3.1681021662629822,0.14373134282790828,1-0
-0.09459980227505668,0.13426779371687897,1-0
-0.3047275174518802,-0.09294261438051682,0-1
-0.6823269169001143,-0.1332636226537467,1-0
0.8428366709548015,-0.5651649811895385,1-0
-0.639945751066751,-1.0868928616482159,1-0
-2.9678488775429788,0.048305843532112765,0-1
-1.9512437045582929,0.06060502927283885,1-0
1.3276330292077039,-0.8899712792823202,1-0
-2.1983410333873947,0.5712642006534743,1-0
-0.13226301778969385,-0.5690668724307372,1-0
-1.0089821110266153,-0.6213153285934039,1/2-1/2
1.574211533596069,0.1319044625928424,0-1
0.12384892819982371,-0.28184833155427147,1-0
-1.1060261464972496,0.11931788528277089,0-1
-0.24983947126702802,0.40532595527245313,0-1
1.971782117150831,-0.35387138572292914,0-1
-2.1742970400446873,-0.05473041047204015,0-1
1.2118410895299137,-0.8979320816908002,1-0
-3.4898082145661156,-1.0698575905218963,0-1
0.8815969473188106,0.12352227695461847,1-0
-0.6174729933728305,-0.022896044623302882,0-1
-1.5160111841719253,-0.20660371527261448,0-1
-0.012504200434826085,0.9035218054145892,0-1
-2.011460278223959,-0.5423017844179057,0-1
-1.5616749483345598,-0.8748214911104051,0-1
-1.1448812918522053,0.9367272647144982,0-1
-0.4260586619095175,0.5285344128919002,0-1
2.8779140940534167,0.2983017964218649,1-0
2.0114583838440074,-0.2692630485204917,0-1
1.5504733172580512,-0.12125305122875196,0-1
-0.499445920554533,-0.1757270656030944,1-0
-0.17075807511592728,-0.8655506911419887,1/2-1/2
2.1664240840931406,0.08051212349046888,1-0
-1.0129007151529292,0.023485352856355692,0-1
2.5446351304146146,1.2422716304748262,1-0
0.946676104667597,-0.35475209567224475,0-1
1.228772272306973,0.7148092796050275,1-0
-2.1725719598970237,0.5400652798974633,1-0
2.2668978947763945,-1.0105241022702847,0-1
1.0451080932221517,0.13250933306250554,1-0
-1.307064966350676,-0.2546239168218687,0-1
-0.09291396115223598,-0.2690477789346271,0-1
-0.6420096193150086,-0.029562344048327707,1-0
-0.8615566103055401,-0.721391494841582,0-1
-2.409993746274886,-6.3425048703495985,0-1
-1.211723410673715,-0.3309628753624198,0-1
1.2519909041657151,-0.9998002906826942,1-0
-0.27175968749191753,-0.22721134118301634,0-1
0.6903181574200495,-0.08952826040972099,0-1
2.098130338390085,-1.0245205812442433,0-1
2.599579249419933,0.08503612301480704,1-0
-0.20028938645761155,-0.6888860894590194,0-1
3.285933878882637,1.9764303523089573,1-0
-0.7171982176594688,-0.3793333490921481,1-0
1.7719524168752343,-0.13416513157194565,1-0
-1.2510820963305658,0.27381231824468377,0-1
0.45590461193925425,0.048872707266423135,1-0
1.468485631592344,0.7667033863250007,0-1
-0.8646301737975713,-0.18494997845355424,0-1
0.675104162657091,-0.22228404594179518,0-1
-1.6006355097718972,0.12882705901643768,0-1
1.1251981149058743,0.02268533832865644,1-0
2.1510140258275396,-0.04664796045355211,1-0
0.32727919019483676,0.30588114183127807,1-0
2.678320214949798,-1.5050108229820114,0-1
-0.25479333245381935,-0.43168199034551946,0-1
1.3832231607141767,-0.2145519546571905,0-1
0.24297204626248936,0.9541703704488,0-1
-4.603810922510231,0.8035707901931392,1-0
0.6940415773580517,-0.6204907543752008,1/2-1/2
-2.9839045303659755,0.33835335319500287,0-1
0.7132321005603118,0.30818799299192295,1-0
-1.1857812563885122,-0.1230526253063435,0-1
-0.20916926868659963,1.3800444622670953,1-0
-1.534268483821845,0.8472094652563419,1-0
-2.1199681238687935,-0.01912251582512172,1/2-1/2
-4.286828436218459,0.12301607517434351,1-0
-3.9066344642006157,0.1414301623675434,1-0
-1.3209187851177009,0.16049976131956875,0-1
-2.6905235950303683,-0.13380912544566612,1-0
1.1309203715947258,-0.021998035970312517,1-0
-3.587168210295265,0.7165992265950891,0-1
1.3675067171033055,-0.964016202981204,0-1
0.4483098892475114,0.34607920506669676,0-1
-1.1821528603071876,0.4904837859756204,1-0
0.16602514770258217,-0.34235345478827117,1-0
0.8386619613333849,0.16092443300234627,0-1
-0.9169569464973498,-0.41925747731973556,1-0
0.15757991965392912,0.15518088368598376,1-0
0.7848089414942999,-0.21655609593033823,1-0
1.684051454629129,0.09948725627409159,1-0
-0.6310285820061755,0.011456989928757155,0-1
-1.5027594235177875,0.10627421054992858,0-1
-1.0194382863625941,0.3246219065819643,1-0
0.05474890250187602,-0.019110562996747398,0-1
1.7927554968995063,-0.30377935507972176,1-0
-1.953887221021117,-1.0102278795839337,1-0
-1.5271362465045721,0.6780505212529245,1-0
-0.36875269692095425,1.199748896884479,0-1
-1.9174973531163664,-0.24811200054832136,1-0
-3.1699235489503548,0.2086669953285509,1-0
0.4070852720215486,0.4712451960941232,1-0
-0.9333021587657154,-0.12365097537634204,0-1
-2.9809683816149994,0.9948759352476237,1-0
0.7012781610465547,-0.3357252186050013,1-0
0.6460386975212906,-0.0953122414238664,1-0
0.09067930376879088,-0.30103194520551685,1-0
-1.9857334300728997,4.991378066353213,0-1
0.8180651063227489,-0.07781789687304924,0-1
5.533593506181649,-1.4844505071925551,0-1
-2.9336507394571276,1.156499197486042,1-0
-1.546093758299609,0.023368928218209076,0-1
1.8124961155848043,-0.023757226572142964,1-0
3.592384193305828,0.21570261715909989,1-0
1.0799869408525165,-0.11980242185682453,0-1
0.1891633880760952,0.23239285725182168,1-0
1.587864570329254,-0.2029207112790896,0-1
0.2880165408318945,-9.172508581193112e-05,0-1
1.2872095120748646,0.08374698093015606,1-0
-2.0541921910552827,0.13332027446086472,1-0
2.292228953255016,0.45131843359374824,0-1
-1.912976193916655,-0.008876981960567215,1/2-1/2
1.2103437650387248,-0.001830729269615566,1-0
1.6540573699243435,-0.08290667940154686,0-1
-1.433043852895635,-0.09886738844147935,1-0
1.6474366191486767,0.1770300455498339,1-0
-0.18556422377612006,1.375515341347808,0-1
-0.357352829957952,4.193986178176526,1-0
1.329831325882548,3.4227241392252816,1-0
1.7543937658665418,0.019021193278348322,1-0
0.6616187095739441,-4.947286245152427,0-1
0.7118498784448192,-0.7606586075772043,1-0
-1.6870432901395966,-4.348368033057056,1-0
1.1528727413440196,-0.03458793493193569,1-0
-0.7476274720213095,2.387955387762317,1-0
0.10462567872251802,1.6868010709659238,1-0
-1.716526122126411,0.6999043140681217,1-0
-0.400890788960534,1.0974902084946796,0-1
1.8425532037447638,-0.21522664189983193,1-0
2.3743130745833327,-0.9708609880031265,1-0
-0.6691029906078846,0.3735136194233655,0-1
0.24328019340419332,0.1557115309116733,0-1
-2.2035545157664336,-0.6244075011826292,1-0
-1.1523873919981498,0.9470755421753334,1/2-1/2
1.838118793914347,0.7900241377644878,1/2-1/2
0.5318992998817856,-0.22072062461703373,1-0
-1.35903583700248,3.837572736649246,0-1
2.9362125645482426,-0.6239868202086623,0-1
0.3657778931733425,2.805073784039382,0-1
-2.526907090318567,0.5628532551590881,0-1
3.5279427415486473,-0.47528869413627045,0-1
2.5329472134039843,0.0993814901880277,1-0
1.784563013514542,0.03411149402059218,1-0
0.21957991566515656,0.17980834423237405,1-0
4.251112513307963,-0.11768368888744571,1-0
2.324569909476818,0.06686581196856028,0-1
-1.8643321500650643,-0.38945419468189646,1-0
1.510786924584971,-0.9131044053294702,0-1
0.7589810288455209,-0.6243194356619636,0-1
1.9015731863128351,1.1092125248597255,0-1
-0.2737251493092524,6.44013026605013e-05,1-0
0.827106279162041,0.041392936752184945,0-1
-0.7188562816943028,0.7039974024967716,0-1
0.2163188479787241,0.4572149255739738,1-0
1.469834402925343,0.12257227072293357,1-0
1.4863415002974851,-0.001004426837921105,0-1
1.5700241947348341,-0.055450784350559584,0-1
-0.16292804989669943,-0.17024162750930596,0-1
1.0098477027692052,0.5988835439699616,1-0
3.4191067275170113,0.7928839665445253,1/2-1/2
-1.9802692603267993,0.16899936986197364,0-1
-0.03302784699363283,0.36033401974358115,0-1
-0.9075319397152135,0.20440930741792096,0-1
0.26750091636177786,0.33428693838552614,0-1
0.8649688649045862,0.05415317742597398,1-0
-1.1247273979314527,-0.2550547081656294,1-0
-1.5119004145939339,0.20684223083458417,1-0
-0.4961516110574863,0.1349128563804699,0-1
0.3055165616540577,0.5326909024222877,1-0
-0.6552403462868183,-0.05522397769850558,1-0
-1.4131201823013326,0.7659091954480273,0-1
0.08398198370988064,0.18499547890966067,0-1
-0.28074652756434654,-0.34507387450270394,1-0
3.21323839235029,-0.14676522745677176,0-1
-2.2490538157163984,0.0850290256181313,0-1
0.047409272868005094,-0.036943642661849276,1-0
-1.3512690815430743,-0.207932678859519,1/2-1/2
2.166330205796594,1.5842702322881868,1-0
0.02381529052568087,-0.09084351414003748,1-0
0.7520075820464107,-0.11046872625377592,0-1
1.1446602367139582,0.24983746671926338,1-0
0.5571573620482304,1.0332506041790692,0-1
2.881124881889682,-0.6826976820418525,1/2-1/2
-3.048524793886416,-0.750795170954253,1-0
4.240545302301244,0.7448636602668471,0-1
-2.604004624185046,-0.07528752751338377,1-0
2.277216943359949,-0.27639114784954,1-0
-2.473476744078468,-0.18570835356058812,1-0
-0.5800847590382621,1.0675211103675974,0-1
-0.2719116014815214,-0.053595860995714756,0-1
0.34667687499898464,0.06053132651947418,0-1
-1.5636235625091626,0.2164067815371843,0-1
3.250191291482737,-1.6230789782696917,1-0
2.053741298112179,-0.031239780072309115,1-0
2.3315058170456484,-0.34771414810085133,0-1
-0.6757473541747726,-0.8593904460536312,1-0
2.3127270597399496,0.26967596691030116,1-0
1.9280784476747133,0.07811599908627595,0-1
1.283323501100696,-2.2942888463344273,0-1
1.97462404551048,0.5559697334543557,1-0
-1.571778373540947,0.5805352401257459,0-1
1.5993116087097021,0.15000355786139513,1-0
-0.711371481476487,0.15541611520952353,0-1
0.9156250233464646,-0.17947835494477773,1-0
-1.8865881929278343,0.3319643969827703,1-0
-0.16811026123343753,-0.48203503494915645,0-1
-0.36566814670974673,-0.39454446592003045,0-1
2.5121205423313215,-0.9877557032311571,0-1
0.9218210942237419,-0.1596215577840308,0-1
-2.016170947917476,0.36526392171240046,0-1
2.92260852581442,1.5669116641176621,1-0
2.0720567093041344,1.2445125220281572,1-0
-0.1375805617191046,-0.09430898717542098,1-0
-0.18422118341154906,0.5723361837039431,0-1
-2.347315951184635,-0.11596963010932372,1-0
-0.7579802376331585,-0.31017200048366916,1-0
0.007536521560654901,-0.7285707282587215,0-1
-1.9045186246168153,-0.0800727504549996,0-1
-0.6624324351997302,-0.5587781389059752,0-1
-3.7552214159577457,0.3066692185541065,1-0
-1.683206665854157,0.9518852532775475,1-0
-0.6930694239729486,0.7710790026069169,0-1
-1.4959922234751446,-0.23530931897650423,0-1
-0.15919676267688979,4.678425707829847,1-0
1.9509569337330785,0.1686901960812141,1-0
1.5365816712721152,-0.09396471490400252,1-0
1.487984280193477,0.6608339206535812,1-0
1.7658575760407422,0.23647513856173916,1-0
5.229610706222777,-1.3480631039270787,0-1
-0.47464279689154804,0.7079102356321336,0-1
0.11842812935316567,-0.6650892030398878,0-1
-3.3626621782161727,0.029113580529029986,0-1
1.4652277157654463,-0.0024664885476139184,1-0
0.39208976767443365,-0.6429514268603064,0-1
-2.495964861760209,-0.5039589255240856,1-0
-1.665141322684035,-0.0352433419623371,0-1
0.8297472165159718,-0.09339865264705488,0-1
-0.20883248371763632,-0.5034940616473803,1-0
-0.88610219492466,-0.8399522341131969,0-1
-3.191184795186601,0.05510089347065983,1-0
3.5237037248784215,1.5410551108897996,1-0
3.0254402705828456,-0.14940011134139305,0-1
-0.6273668868403158,0.3391254093439025,0-1
2.539953098548357,1.0647576522277837,1-0
0.011144918139712877,0.0675896090755442,0-1
1.0427865528071287,0.29925492987175695,1-0
4.733791549860076,0.7217347162103409,1-0
4.245634153985928,-0.45511925848340073,1-0
0.4977923634506262,-0.4101477006543889,0-1
0.09878625919357002,-0.5247265349886241,0-1
-0.08690073321208373,0.2909857756902221,1-0
0.6198826382285412,0.4780071844339367,0-1
0.8344391653902533,-0.33357287034776156,1-0
-1.4680469132765959,0.007652171583559461,1-0
1.4816682939852694,-0.1921323240653974,1-0
-2.329771723575512,-0.2890817191939583,0-1
3.2626649920254827,-3.277372689224322,0-1
0.5122894283808633,-1.087082884311303,1-0
1.5839733794533164,-0.364633796066387,1/2-1/2
3.1965904435567,0.0919979578939093,0-1
-1.4975783794840112,-0.17728095906191163,0-1
-0.37450078167230993,0.032495927673528685,1-0
0.4337103511225475,-0.962254109641518,1-0
-1.1767535703605374,-0.789439565211206,0-1
1.3252895943710805,0.7546528886693284,1-0
0.8288221126441315,0.03718809611963413,0-1
-1.3661710140984837,-0.3226697384873923,1-0
-3.1117567622281563,0.6383905191804705,1-0
1.6262941209403994,0.2612248141984836,1-0
-1.3317513482850962,0.5053353122139326,0-1
0.7934675017998585,0.756880844151754,1-0
-2.693283046588633,-5.37666690840582,0-1
0.3178330924564515,0.268912560113239,1-0
-0.5171710420752984,0.005640616373136809,1-0
2.0515726841239905,0.19564118127289104,1-0
0.3017818701760209,-0.0028488240607873142,0-1
-3.398193252429523,0.19525302761583002,0-1
-1.1582142040301104,-0.5870967761453445,1-0
-1.7585162492406996,0.4091684511442279,1-0
-0.9758919955987082,0.1582186775723102,1-0
-0.8032644652726145,0.21338342745490285,1-0
-0.6380097846481751,-0.10124203215135372,0-1
0.5804382156396257,0.0720474245122167,0-1
1.433452215014503,-1.0124167308433865,0-1
-1.5975930083502876,-0.16656153892181308,0-1
0.4310369181494329,-1.4327748964982394,0-1
3.2346895887669302,1.3459519488765357,1-0
0.255372826342037,0.09142820644524682,1-0
1.6210179740331934,2.3271040107483336,1-0
1.2213914546227769,0.23078610149142184,1-0
1.2282761023263749,4.2697676190835425,0-1
1.1319608844059514,0.24291070263914008,1-0
0.2089777879638638,-2.044231424506439,0-1
0.9858133384458909,0.3200838679922625,1-0
0.04265890277907398,2.014130740243281,1/2-1/2
1.155340388931239,-1.533419907989293,0-1
1.2732000546492115,-0.8923975625473913,0-1
-2.464128724523334,-1.5858132953511952,1-0
-3.1561452080125907,-0.3844402606164054,0-1
1.5058611825809463,0.18034239966302457,0-1
-1.335726918393315,-0.8201702854154567,0-1
2.2333023876129197,-0.23525890216769355,0-1
1.2746347146122332,1.4730519834173779,0-1
2.8771521539683835,1.0856859119483906,0-1
0.3534761712921109,-0.05226490323206866,0-1
3.025070132423199,1.2566729239223116,0-1
-1.5996407131453727,-0.7461576345061203,0-1
-2.8120401615340245,-0.1777798389651592,1-0
-3.8562789060294307,0.20787598817618697,0-1
1.967204543035873,-0.18804189887074796,0-1
-0.14489443913945038,0.10037142265039004,1-0
-0.8650615971016197,-0.29795534310647487,1/2-1/2
0.3318722574205157,-0.48018623125529486,1-0
2.412619558004013,-0.2932484538695706,1-0
-0.2925992943092391,0.27542447638678624,1-0
-0.15589003297075296,-0.0860820343880592,1-0
1.7411610898692498,0.5252807242006763,0-1
0.48482597620226153,-0.1518483807678881,1-0
-3.272859827319059,0.5822124516693757,0-1
1.1954231333480632,-4.0767480394571995,0-1
0.9119193876394459,0.4497646598868586,1-0
-0.15546521994946313,-0.24036719767316317,0-1
-1.9674890985898044,0.13643267730634262,1-0
-0.8434155585914476,-0.1695159259305009,1-0
-1.282620212405641,-0.15003516836361433,0-1
-1.8073477972866916,0.5307107288191292,1-0
-3.1307056574410312,-1.154836205680709,1-0
-2.5545894725996017,-0.006423203068618435,0-1
-0.0757059240186043,-0.574732925073596,0-1
-1.1501570532378187,-0.13843633255049195,1/2-1/2
2.447850507164349,1.216637387723102,1-0
0.11720594090777675,0.2055273928664526,1-0
-1.9077563102267368,0.3291540349675309,1-0
-2.3007759511943964,0.3283444210439817,1/2-1/2
1.5245955999767846,0.1433386424175825,1-0
1.5869196541841961,0.9991318028845146,1-0
1.173906462638501,-0.010898289517285721,1-0
2.7234827299307995,-0.33090882586829656,1-0
0.4396603634678738,0.4839595588502009,0-1
-2.25755814916926,-0.10741561404929773,1-0
1.3969853381987685,0.8292674025820483,1-0
-3.253880079007642,1.0094550452347477,1-0
-0.7397036443545139,0.5800834885782756,0-1
-1.9471629273395714,0.07494024336108225,1-0
1.9051932182106897,-0.40525708467371047,0-1
0.3320609071750479,0.13810790734140718,0-1
-1.1265154815342902,-0.47598704753180543,0-1
0.10021282121892254,-0.036266292185207445,0-1
-2.3285836159371796,0.25343941839071626,0-1
2.24695894004325,-0.13013158707936925,1-0
-0.11654319160457807,0.49484150602650895,1/2-1/2
0.41228620417752176,0.11564711510437413,1-0
-1.1598502977943648,0.017778258320184284,1-0
-2.158089109394476,0.9681355448522386,1-0
-0.8251636478151763,-0.13193757682820137,0-1
-2.753083812504538,-0.21702298403079223,0-1
0.7082219003072536,0.8756674068328921,0-1
2.3116188822162744,-0.42058111320635433,1-0
0.1707547689300438,-0.5562900630007303,1-0
0.329275735825424,0.07364185439724083,1-0
0.5687669372998481,-1.3318213984586997,1-0
-1.3228499571561003,0.09956898316026068,1-0
-3.843546387759789,-0.19657359843753208,0-1
-2.3532569290040404,-0.4508660047354462,1-0
-2.474059202057789,-0.016855752129980535,0-1
-0.5531117024450172,-0.5451893771433983,1-0
-0.09100153167590233,0.22318511415286388,0-1
1.0812336786773782,-0.2632502366305436,0-1
-2.856892965869432,0.4587809536263335,0-1
1.3437509037633535,-0.42661239832434134,0-1
3.918225196728815,1.0833773325742542,1/2-1/2
2.0061564878910487,-0.05314531717112692,1-0
1.6810531599944791,-0.31101886238039184,0-1
-0.3320994614709492,-0.7421595050448018,1-0
1.6720398973660737,0.3752938417588113,0-1
2.4586164721626735,1.4435378205623757,1-0
0.3324346368808189,0.17141021505696535,0-1
0.8480602034647652,0.33832688352583956,0-1
-0.5890741782195845,-0.25596592120810235,1-0
1.4706183673871036,-0.37993408140939317,1-0
1.3848215248513296,0.02824989658101575,1-0
0.8693313667090352,0.07420478943598133,1-0
-1.433257988617892,-0.6786582988750467,1/2-1/2
3.415110066452544,0.05407657193475375,0-1
-0.03224932551166902,0.18588571672492046,0-1
-0.07734303022008951,-0.20360873533131757,1/2-1/2
-2.671704719385497,0.3551545084604175,0-1
-3.052700728084716,0.25386016137792383,1-0
-2.2582622625331155,0.8851799172416142,1-0
0.9386798179081751,0.10305141066703982,1-0
3.377756751980321,0.4129985591273865,1-0
1.4037135872052,-0.023321298809929843,1-0
1.390151255166196,-0.38176715102291814,0-1
-1.7076514197991919,0.8472965048192931,1-0
-1.6974015453258284,-0.6897070309919099,0-1
-0.16976501854300585,-0.08368300724601069,0-1
1.4152437834088192,0.13471342560336608,1/2-1/2
-0.022377269191862934,0.42782833870812964,1-0
-2.1971674249976103,0.09443671998480194,0-1
-1.3468740841194415,0.4174313094064496,1-0
0.6801954385849376,-0.5782401987644711,0-1
1.9300991788471633,-0.9134834523896103,0-1
3.1270822435083145,0.24804220705241967,0-1
-1.0828470601681908,-0.09018527590168625,1-0
-4.428438393279835,-0.9464856364149278,0-1
-0.36331546837532314,0.19707987283994766,1-0
1.90011441665693,0.5025459969558119,1-0
0.36806329231690904,-0.1696930125226829,1-0
-1.3522836872750439,0.1012698043503818,0-1
2.0652694121674156,0.5332077500864688,0-1
-2.65401646675256,-0.743631151126841,1-0
2.8478255799854253,-0.7557048149751397,1-0
1.3897405234496958,-1.4579957951765274,0-1
1.3430438799340088,8.128396021533716,1-0
1.8333076356415252,2.9340574247544873,1-0
-3.7133672483517675,-1.9908372643649237,1-0
-2.621584308876066,-0.209317494835455,0-1
-1.056724433082877,-0.5031450687196944,0-1
-0.057717665608445934,0.04251563812856007,0-1
1.3680492084414122,-0.24037684529103492,1-0
0.33262630537198556,-0.3823804613875706,1-0
0.5446831104388258,0.3121735306146152,1-0
2.376870050648741,-0.019582664552397842,1-0
1.9117399029630275,-0.23290146622428856,0-1
1.3392641892083081,-0.59245620522864,0-1
-1.3034588826347109,-0.41307136008956774,1-0
-1.619845823504544,0.5077034505476459,1-0
0.8992876241949097,-0.13123661670506823,0-1
-0.796737934888274,0.20676523962818613,1-0
-0.6998711445092373,0.03984846643088789,1-0
-0.10604918904968799,-0.06326038733217125,0-1
2.4527397223753247,0.4562121767926338,1-0
0.16270105481814515,0.07282710405523932,0-1
-0.4503058832720575,0.15471138885793154,1-0
-0.09375691963813584,-0.5671014196183772,1-0
-1.4641214326217231,-0.11884126427412806,1-0
0.7039135005549576,-0.5040564912190154,1/2-1/2
0.45264562640120454,-0.0801335171374591,0-1
0.35697340224530094,-1.1022507864554745,0-1
-2.8599500996624907,-0.3906874255157866,1-0
-1.0815426287450516,-0.15393003373804282,0-1
-0.05139879378650404,-0.4021112910207233,1-0
-1.0166310116194905,0.03614060122976349,1-0
0.7924735659126065,-0.1332293256404506,0-1
1.0942502126530103,0.05653498177804951,0-1
-0.4954295803397476,-0.6338937952172617,1-0
1.7338512436227689,-0.21837283629150053,1-0
-0.6392111701259463,-0.30442973042009486,0-1
0.8435268361367673,-0.2017383462147134,0-1
-3.128845247868468,0.29065616770320024,0-1
0.9811692451786144,0.4198242168875149,1-0
-0.13372461895318488,0.8851932540512006,1-0
-0.4174147557182385,0.12102500239220498,1-0
1.897391103202349,-0.29504261054195596,1-0
-1.0912037987939456,-0.005017516593893301,0-1
2.2396693240137457,0.30461151272359904,0-1
0.10748046697784716,0.007446325135215079,0-1
3.4641490640890544,-0.754388177263611,1-0
1.682392245034164,0.8235588043127373,0-1
0.6354814035225954,0.3495469117826771,1-0
0.31509119130553553,0.2642237998720945,0-1
1.582691206289388,-0.2922386641979571,0-1
0.7791507006978532,-0.3119852279114465,1-0
-0.08467497986005,-0.594314937527127,1/2-1/2
1.1875960261647354,-0.6787450574512441,1-0
-2.4072421078334325,-0.8522823236857616,0-1
2.463489985291049,0.17841928302026883,1-0
-2.957633083876671,-0.07555995878807521,0-1
1.3140706971687,-1.2484171314953085,0-1
-0.21064160100280147,-1.0116426931859217,0-1
1.5528727814883279,0.9701010691945041,1-0
0.1721613097102992,-0.12129526764642848,1-0
4.191582798098996,0.3278148562824088,0-1
2.5005629869834745,0.4240568191101937,0-1
-3.471795770614095,-1.2119691913615893,0-1
2.6739447774006906,0.06471057599696847,1-0
1.4970209248983937,0.10634142059530867,1-0
0.85015211504681,0.2120282625174124,0-1
3.850744208180511,-1.2476436763416932,0-1
1.6418063458370378,0.013209956141180382,0-1
-1.4471992843705843,0.382582803156103,1-0
-0.8637563622131292,-1.2528804690656112,1-0
-0.5329249708103012,0.11878059790548917,1-0
-2.4652475249285746,0.2683104161231016,1-0
2.729488144754141,0.4764894924602368,0-1
-0.9355103941325666,0.6089135410531162,1-0
-0.7698914580148664,-3.269678703896656,0-1
0.7256229636318351,-0.13686597506388096,1-0
0.542944907317455,0.41830901188948566,0-1
-0.33616682772733214,-0.970319799621955,1-0
-0.7332705308961485,-0.06439653024655696,0-1
0.49713805471925854,-0.08990720274143696,1-0
-1.562332408925462,0.49199546301676117,1-0
2.192265274581358,0.1489420239061609,1-0
-1.552134554355869,-0.09174859249802363,1/2-1/2
1.7109942664644118,1.3542171893860042,0-1
-1.0909366307306874,-0.14473524173349372,1-0
-1.2796076274943222,0.15488835569818601,0-1
-1.7215953705097569,-0.2965097454245758,0-1
-0.6124682578423997,-0.49840678285202256,1-0
1.1559752274841686,0.4682449311677241,0-1
-1.9953380845058133,-0.5301707826224503,0-1
-1.088182388328585,0.2862920884874734,1-0
-0.44160090090825643,0.14134916542883139,0-1
0.30515597666482464,0.03454679656377231,0-1
-0.886102119075681,0.1594706199058095,0-1
-0.48052722667280706,0.0934577143930995,1-0
-1.820325513349012,0.5964223234490578,1-0
-0.9932611933875167,0.03851877289652642,0-1
1.089164534570691,0.44603081781549975,0-1
-3.929505479236949,-1.4469483700041326,0-1
1.0306939198692853,0.3635382543381834,0-1
1.0175352340463428,-0.5619174121592977,1-0
-0.7916841796156495,1.8234171853552754,1-0
-0.200846874004777,-4.04391136940403,0-1
0.2374192215484244,0.6725020677725763,0-1
-0.7990118859420925,-0.01793975002206418,1-0
-0.9971189520560186,-0.2835539449305658,0-1
1.5491035122427246,0.23566177220094986,1-0
-2.4602451377923273,-0.05180423401418362,0-1
-0.3158913976978383,0.40621480910650065,1-0
-0.391472810404915,-0.7959959603977489,1-0
2.0983744664716117,-0.04561893879172044,1-0
0.32325496101426143,0.011989781130123053,1-0
1.2724935170421943,-0.7438287971840513,0-1
-2.783811981189617,0.4301572530669426,0-1
0.8570103077722656,-0.33572020193847657,0-1
2.1634582850776747,0.2753183810919467,1-0
-0.08672557026886915,0.12368214075682755,1-0
3.0494059004825584,0.3442148735978353,1-0
-0.9444229019358659,0.3097753819866735,1-0
1.453728239537469,-1.6519937030837408,0-1
0.44504429342670304,-0.05021754727521004,0-1
2.1101496514960303,-0.6737774352406642,0-1
-2.327703788563451,1.4689110366854936,1-0
-1.6934880420845315,0.24398990834505055,1-0
-2.243900527027778,-0.6424519494297057,1-0
-2.3065185712231244,-0.9308772237792181,1-0
-1.110146602368555,1.4845807214707682,0-1
0.7121105120742978,-0.1682440066358228,1-0
-3.899421417454355,-0.06722223827162818,1-0
-0.4246501148298584,-0.4423064515182864,0-1
-2.2216700815128014,-1.2147862982568451,0-1
1.6847812411897574,-0.042769663835341414,1-0
-1.5929864543132912,-0.16703113847828932,1-0
-1.5554368100926266,-0.2805321096049277,1-0
-1.9584769056725508,0.09028362363587181,0-1
-2.066084041959287,0.11730509465778573,0-1
-0.05125570535094185,-0.5621128522275911,1-0
1.9578217367412927,-0.11176774043665029,1-0
1.8032398704350032,0.04291303866481148,1-0
0.5150595277312976,0.21023550484974282,1-0
0.4284038697612921,-0.5459252167836771,1-0
-0.5705668863968097,-0.046321058415714184,0-1
1.2191619766017188,-0.4487968870975152,0-1
-0.10116205598709485,-0.4172727925171576,0-1
0.3928394423572587,-0.8572512583476484,0-1
-1.8974573587372578,0.010398687920154123,1-0
0.10725630286749652,-0.04407537467621016,0-1
0.732789379347974,-0.4836504250378902,0-1
1.177151961365233,-0.6674898386435003,0-1
-0.4904768647130873,-0.1561450531495633,0-1
-2.122188567363931,0.4126117894515377,1-0
-1.1033985410889053,-0.43947374531812516,1-0
2.362001071915315,-0.03337931201057132,1-0
1.5945156014528217,0.42335938694394915,1-0
-3.3473829429839266,-0.2568090583592648,1-0
2.4627336430515436,0.9993430817615687,1-0
2.7840171694536497,3.0857355854970256,1-0
-2.8650911229489036,-0.23629073450713323,0-1
1.0873125326084108,-3.262937900240903,0-1
1.6403436749623947,2.10763373309185,0-1
0.35191657096212076,-0.672903421949343,1-0
1.880387936550343,-1.881904434182463,0-1
-1.740193684269737,-7.32814286850398,0-1
0.3165961167738829,-0.3669255533892317,1-0
-0.11562496426129688,-0.1540524883322521,0-1
-1.823766272113035,0.3674292060405455,0-1
-2.6337868070139154,-1.2703234550479856,0-1
-1.139689318373174,0.46923474387815894,1-0
-0.5474933492730334,-0.19509340773207956,1-0
1.398593597601115,0.4182916843710887,1-0
-0.28020518178637116,0.019306279637191143,1-0
1.5361733096926293,-1.0895000736476297,0-1
-0.8228696755162608,0.14623286027116383,1-0
1.0104244297800986,0.2709829004975559,1-0
0.47675096216223456,-0.060964223538331155,0-1
0.6146648366870056,-0.2664366382396434,0-1
0.018826181228871693,-0.11006230331868574,1-0
0.39103040092107266,-0.36597703586718305,0-1
0.4500567848000233,0.10082144598436894,1-0
1.0829650811191691,0.1117298905215203,0-1
-0.4783288865711497,0.014670767412807175,0-1
-1.755843313228096,-0.7323480660005449,1-0
-1.5790623917249231,1.0488180231434885,0-1
0.17657210674949433,-2.6193868377391256,1/2-1/2
-3.4911843450433433,1.1441207718348174,1-0
-0.2645509381653225,0.2514535108417523,0-1
-0.7753382397309113,-0.3627925387299044,0-1
-0.012376814081864503,0.23882691759608282,0-1
-0.43885548406019537,0.5859904146302322,0-1
1.065392139833808,0.3704988099644974,1-0
-1.5005455903054088,-0.5927506226647554,1-0
-0.6416770776595627,-0.4624501347812734,1-0
2.4639657485049566,-0.288961710092521,1-0
2.3975134035665984,0.23178335583081158,1-0
1.025453078346018,0.7377137992567265,1-0
-1.5966691073124997,0.2175070039532065,0-1
-0.013514908115830586,0.14888195947947844,1-0
0.25067400093919645,-0.18670482144611858,1-0
0.9267071575751831,0.12652968749971513,0-1
-1.2180789424116063,0.3211772890218663,0-1
-3.683814273244344,-0.1427399110470096,0-1
-0.6517284829621797,0.039647116158459374,1-0
0.14323333516453335,-0.18786470755014187,1-0
0.6988622671173051,-0.041169443498109685,0-1
2.0662146131333317,1.455509302787901,0-1
-0.8979050053391069,1.1070367914363461,1-0
-0.10687111385326005,-0.07409773584355618,1-0
-1.2766503877870972,0.22471273473118936,1-0
-2.0479531920740777,-1.0374852073484204,1-0
0.4511228949590432,0.21664594175629398,0-1
-1.6827087992467689,0.1315569018683905,1-0
-2.1269783064328323,-0.29718142520093765,1-0
-0.24308310307783013,1.4831920044909424,1-0
-3.273105234083617,-0.881456753160445,0-1
-1.7678957705528446,-0.43562548780886506,0-1
1.1007533609608393,-0.0819034101295979,1-0
-1.071621761654931,1.055244059354945,0-1
-0.02178625190430032,-0.005654899356959006,0-1
0.03227184738828972,-0.3957901273577201,0-1
-0.3556598026339584,0.1685122032832452,0-1
-1.931704076878714,-0.704005550796107,0-1
1.0085097632896514,-0.17643491917289356,0-1
-4.363261423993598,-0.23870320318719238,1-0
2.7000517814201555,-1.4907676651232442,1-0
0.5854306857678491,0.1696209703226808,0-1
2.6843657263694825,0.17265187076234123,0-1
-0.19753386537247772,0.22690880313924547,1-0
-0.2815815970844566,0.10893057512886839,0-1
0.8702665965607793,0.6508610575675732,1-0
0.15786151111675648,0.03538892278072399,1-0
-1.6673941069326255,0.1527763193868015,0-1
-4.108562477369136,1.3450757224349597,1-0
-3.739799092289937,-0.1392549815410563,0-1
-0.02393572396172208,0.16644902354112942,0-1
-0.43733483476641666,0.6956237614819611,0-1
2.859486941317179,1.0658522039435259,1-0
-1.5188671938363645,0.11406897298881394,1-0
0.9803746005025186,-0.5230352566879507,1/2-1/2
-2.829938363849622,-0.2355213278010154,1-0
2.221355058381921,-0.6118815858265931,1-0
2.1267866925871965,-0.49251389586542954,0-1
-0.9378386779532482,0.38286025109731925,1-0
1.528891582628915,0.09730111647066109,1-0
0.23889012348363686,0.5805759528102826,1-0
0.12921619774496998,-0.7911361284969816,0-1
4.232582238777378,-0.08262367927969326,1-0
-0.5853081366824946,0.5256269779806599,1-0
1.8633631602975949,0.133466380184464,1-0
1.7189248375368666,-0.060855823032988976,0-1
3.5051996639319336,-0.3529913298073688,0-1
-2.1938411168418903,-0.6016482857771668,0-1
1.467024624922325,0.20485193183812844,1-0
-1.8838397573431387,-0.39547916885706696,1-0
3.4302819365769253,0.48631426831408003,1-0
-0.5246916414697911,-1.0033597244193748,0-1
-1.1294002621488888,0.8042569662799481,1-0
-0.29276834393020573,-0.9020186647432886,0-1
-4.083387475492901,-0.8342123890120526,0-1
-0.5401215120086099,-0.05905404296648061,0-1
-1.8755884347997664,-0.29440775746974446,1-0
0.7985288612174145,1.001236813329129,1-0
0.15474014929164143,-0.1616501872177767,1-0
-1.8178884526145342,0.7145911993415549,0-1
-2.638067948322718,1.0455022608253368,0-1
0.062044192225887064,0.579108874434065,1-0
-0.01670745035054053,-0.9134579809864813,1-0
0.7301351641546049,-0.009525396322716938,0-1
-0.8958322542628867,-0.8378221403359584,1/2-1/2
-0.4141802978168309,-0.24104818083511756,0-1
-2.1636709326056383,-1.352229994330679,1-0
1.226321991006978,0.06205934783648106,0-1
-0.7408619686054564,-0.6882581298334738,1-0
-2.548198350656913,-0.22591295221917496,0-1
1.6502496248602083,0.04759678223943113,0-1
-2.9186567445077536,0.4249076717157268,1-0
-0.8537342650802229,0.3467906913218085,0-1
0.4549894033326075,-0.47431811341605384,1-0
-3.335986876538928,0.17312166710748905,1-0
0.03792678145947097,0.38461772850916187,0-1
0.9598445526328325,-0.20858235745095327,0-1
-2.602735649843804,-0.4461743417564461,1-0
2.4400868679745398,0.46190910322032447,1-0
3.9962871927677703,-0.8030168819678409,1-0
0.16132437327425916,-0.08856531810713092,1-0
1.3538370199564373,-0.6043017199265711,1-0
0.1302447113997886,0.2978736118057023,1-0
0.11043757356217186,-0.04823765465880528,0-1
-2.4744985143276272,-0.8819192070982237,1-0
2.5539778401128523,0.29573309662490926,1-0
1.6437307744697784,-0.3186581524645599,0-1
-0.39373098352715374,0.4834152305826457,1-0
-1.3133375492372756,-0.9223045100108016,0-1
1.7039982983280635,-0.028847168601501178,1-0
-0.985762773235483,0.4010436179663988,0-1
1.0599191121115001,-0.1844137940707309,1-0
2.2023113482842476,-0.13567819259429859,0-1
-1.0722253291655597,-0.06254248540581893,0-1
0.48653829398720694,-0.596005710360695,1-0
-3.0365553612619376,-0.7271198455917204,0-1
-2.3295354844597753,-0.062238167056757936,1-0
-0.4135437950592774,-0.8956585731156427,1-0
-2.6170709627931656,0.2772822874559831,1-0
2.349526016840559,0.13672398254775436,0-1
0.8740686679304074,-0.5126049413071854,0-1
-3.661454953721496,0.22992962753067273,1-0
1.801120048642072,-0.6363118780911987,1-0
-1.383030940616969,-0.07068741529675435,1-0
-1.874125345981365,-0.13896910872835422,1-0
0.4092234725389357,-0.76736094725252,0-1
2.8503614650945845,0.7822717114952065,0-1
-0.7793545799456968,0.09537419088426302,0-1
-1.294798449152649,-0.9709784385989877,0-1
-1.8888699788412942,0.1185347975347873,1-0
0.41156537629383527,0.36979847506039726,1-0
1.0017368895525012,-0.8678139268802414,0-1
2.297708382288203,0.14859035272097101,1-0
-0.1063685859885958,-0.0952143947421828,1-0
0.7813693282904082,-0.08629000978857637,1-0
2.3501258596821635,-0.3103731744977679,0-1
0.3717538342819074,0.1978269353611437,0-1
-2.6834014619501687,-0.7741217128459476,1-0
-0.2403914245031603,-0.08962662758201353,0-1
2.3305984974047913,-0.11884687846800587,1-0
-1.0070985066065896,0.0671554095268225,0-1
2.190790990071901,-0.07357599126477785,0-1
4.604363727596672,-0.5906660542885687,0-1
2.3778438894419165,-0.18236079622831444,1-0
0.9788718903054542,-0.1727903503450828,0-1
-2.627619507086798,-0.2908953323369134,0-1
2.8388102352086375,0.3370206949095454,1-0
-1.7921039432873633,0.9370688875431348,1-0
3.3404563367262,-0.07309644808017247,0-1
1.896704719963329,0.03249996109752266,0-1
3.1354612944994282,0.9348583022942897,1-0
-2.495667568214781,-0.11905755981770703,0-1
1.0379325857061708,0.24189098436290096,1-0
-1.6028360651448381,0.48851845291518825,0-1
-0.2924419155970078,0.009840320587235234,0-1
-0.9099432482361661,0.2987539210163365,1/2-1/2
-2.9332529000584726,-0.5689815128592554,0-1
0.02706438079853707,0.6919402797130108,1-0
-0.48958842075719655,-0.07921856668124956,1-0
0.7686912759105298,0.445016235957713,0-1
2.105495508097829,-0.28185724922468613,0-1
-2.4245153854363517,-0.12791875312642384,1-0
-0.8099233853619722,-1.1649547610834583,1/2-1/2
0.24278907020246396,1.3688387690858785,0-1
-1.6625269951151291,-0.2547015332472997,1-0
-0.548041096361888,0.298167123036031,1-0
0.9629349855104261,0.35501802982434816,1-0
-3.1720175426807824,0.7413784220824601,0-1
-1.1313269819018914,0.4176066677851403,0-1
-3.146178931301458,-0.39581617575786027,1-0
-0.7860308090483579,-0.0052965880201769405,0-1
1.2062985780248008,0.4164844718758706,1-0
0.18939611149468683,0.01928392042876582,1-0
1.863865555039359,-0.013158637541186388,0-1
2.9681267014493513,0.5516813812157422,0-1
1.2181514778925933,-0.07850552018659583,0-1
0.8315553213639061,0.180999134168236,1-0
-1.322907517631477,0.14537428504992195,0-1
0.6928348820233842,-0.3701120447032521,1-0
2.5359662569001036,-1.3272501658501603,0-1
2.4236351730804127,-0.053329549382006555,1-0
-0.5910449716366466,0.18878685571684775,0-1
3.4788693782842217,-0.3780402783119273,1-0
1.3157559437980486,0.36437887682199527,0-1
3.730175000640134,0.22369721111377047,0-1
-1.5301512556590535,-0.47089976873644757,1-0
-0.47145512488599356,-0.1538927292584671,0-1
-1.520120675066885,-0.1352820990025154,0-1
0.5238588636093253,0.0690631031230024,1-0
0.6033055060069352,0.09554225507760626,1-0
-1.5860704921405793,0.3643463080221906,0-1
-3.1746687391375166,0.04341863575639526,0-1
1.0942789263292483,-0.029121848580293007,0-1
0.1743408314009118,-0.7682029537175443,0-1
1.9347158371212327,-0.4427994085492224,1/2-1/2
0.7108052771858072,0.7866811193233136,0-1
-0.3395842616887651,-0.19357821775755382,1-0
-2.9566814815998756,-0.010899090994648501,0-1
-0.0005783801038352967,-0.38301973359895397,0-1
1.6378520183830263,0.09985186353018666,1-0
2.1899814065195153,0.34192523020365984,1-0
2.6706803271400132,0.02767302720533577,1-0
1.9099040968760854,-0.18789157795798658,0-1
-0.8792015927397688,0.4371714574486984,0-1
-0.2917052525078204,0.3858906460698743,1-0
-2.7365177211082563,0.45996031122443,1-0
-1.3541185567737342,-0.6193923166790722,1-0
-0.21432620302749245,-0.09518338618192006,1-0
1.2236563711506743,-0.6558262027239242,0-1
-1.1684378108132287,-0.21586621012147264,1-0
1.8213453319442985,0.16213819234216303,0-1
-0.6414894403422612,-0.07790684090782164,1-0
-1.248968081355041,-0.2054336610601105,1-0
-2.7384488931466553,0.39902953306512196,1-0
0.4286667186620537,-0.23441506276075402,1-0
-0.6352912655737704,-0.22837347599114,1-0
0.8387429038852731,0.24693933519361566,1-0
0.7396052384629734,-1.856848191492557,0-1
1.4653214175122797,2.7597494093155386,1-0
1.626120236680216,0.913296011509176,1-0
-0.6978014694435726,0.1409888448918041,0-1
0.621172646252111,0.39433666236323944,0-1
2.1547565304223872,0.2415270023258389,1-0
2.88920104148984,-0.4143226357211354,0-1
0.26089667113406306,0.20773662182576552,1-0
2.7699761561648377,-0.8986413192418115,0-1
-0.8613900639444878,0.2498500020514872,1-0
-0.08951404834375878,0.744194811698435,1-0
-1.2349332928273946,0.37060992192586184,1-0
1.752938490164951,-0.38378221916672584,1-0
0.9645720917119114,-0.01610615991793032,0-1
-0.6408662695302942,-1.156517274390003,0-1
1.5549611015242484,-0.5955728947931855,0-1
-2.925026908617094,-0.0678091409803578,1-0
-1.8369525260520847,-0.11311042654831913,1/2-1/2
1.4451311733481915,0.018578969596822228,0-1
-0.5864519044109676,-0.5972805173697251,1-0
-1.8391165546319757,-0.08644062671159507,0-1
1.3105072133089914,-0.013503668574784054,0-1
1.579274842039107,-0.15566073280228826,1-0
1.113921942048975,0.18977468691871735,1-0
-2.173218588634481,0.4874326552797075,0-1
0.0117759561746389,-0.4950521075927313,1-0
-1.217398308716072,-2.0387506738703993,0-1
-4.0859782661195645,-0.12133626131771896,0-1
-0.23722234019394053,-0.1585297452159909,0-1
2.2468015613310186,0.13545256872018177,0-1
1.061648565527808,0.7224874976538387,1-0
0.7746699260831154,0.8061502200720831,1-0
1.0013589382760435,0.7856238720871471,0-1
-0.40971050675349635,-1.9385797581117379,0-1
2.6182670140428193,-0.32618905706688933,1-0
0.27825347039776377,0.7750124517137094,1-0
-1.4599209490439504,-0.39632781547368323,0-1
1.043443285781659,0.8230411978863769,1-0
-3.080121615996999,-1.4880965592231636,0-1
-1.7221454659927946,0.3521468734349692,0-1
1.0460886754209866,0.36253008815163723,0-1
-2.0406122079081963,0.4645382887129857,0-1
0.4593275864722937,0.1795853038087789,0-1
1.0727681631378276,-0.07019806325945095,1-0
-0.7577861990049777,-0.783269391518223,1-0
0.10617509896645633,0.8368630922673277,1-0
0.6814779755864762,0.8358936145415695,0-1
1.3763982670732562,0.047328517931879886,0-1
0.07698830669379408,-0.47955047197729656,0-1
-0.9869088893581393,-0.5664677892925516,0-1
0.161855747938062,-0.0698304485370763,0-1
0.3112076804235085,-0.27036240744591067,0-1
-0.8083480612065506,0.19646645774687113,0-1
0.6795254277709692,-0.7626930274631577,0-1
-2.7719214089686446,-0.03859512950727627,0-1
-2.78486582594643,-0.25875152674416635,0-1
1.0134113956007929,0.4889012938954671,0-1
-2.2417031235143723,0.04443311288575793,1-0
-0.9478692585454166,0.047242581363387055,1-0
1.7770521004133635,-2.753597629067116,0-1
-1.3862887233209664,-0.7143489313423451,0-1
-0.14458514643761539,-0.3388282133364626,1-0
1.5620538691608168,1.739797424325668,0-1
0.22626137877573518,-1.1725101388228822,0-1
-0.9768628156552495,-0.8510880057930111,0-1
0.6967483852646809,0.5635848946337083,1-0
0.24083105766432955,-0.1377791973065991,0-1
-1.3492857347351739,-0.7386636486681886,1-0
-0.19315485802007656,-0.13952662636188853,0-1
0.3830275038788923,-0.1754640574659231,1-0
-0.36102277475943895,-0.009517252437984963,1-0
0.354363602810771,-0.20908926148700524,1-0
-0.47592056436466557,6.483316188362531,0-1
-1.737823477211947,3.1292222319643175,0-1
3.1000198011629596,0.2845568932473121,1-0
-4.354053110299781,-1.1643624536376989,0-1
-1.8123670320656706,-0.013127151205498181,1-0
0.09077245444896537,0.08581316813855148,0-1
1.7159675978296416,-0.13068020206599237,1-0
-3.0671790721957177,0.26340385660523835,0-1
-1.0429011794257632,0.9348214755901394,0-1
0.039527360867907056,0.3465151328289099,0-1
2.8122524028763296,-0.05399408353967076,1-0
1.2927121900616623,-0.21266925468871417,1-0
-0.3841907985203424,0.14155691634899698,1-0
-0.31687979301348357,0.4235588177210529,1-0
1.0326271740560673,0.01805622675200951,0-1
-1.4407038160566654,0.6170175337791634,1-0
-2.052071641645979,-1.0780580309249115,0-1
0.6675024117388307,-2.4422305017716064,0-1
-0.19675396450674834,-4.728168798181994,1-0
0.6502828692415298,1.9368409257716603,1-0
2.6728910084928574,0.375224650204866,0-1
0.4208520565984198,-3.3127183471644246,0-1
2.7212456477648095,0.3618041620924805,1-0
-0.014011938835701418,5.468935162272756,1/2-1/2
-0.5488530500512875,0.6329750590944864,1-0
-1.529955059033511,-0.350987111497477,1-0
0.7279877742455659,-0.24383427917011047,0-1
-0.7747047557099922,0.15468188403080863,1-0
0.852486933301271,-0.29405077360777243,0-1
-1.2169270518937085,-2.943745627165279,1-0
-0.0061886321703770175,-0.4933743755584926,0-1
1.4258462207827254,-1.7817124534916677,0-1
1.1314293007702692,-0.9007553797769446,0-1
0.9567554201811009,-0.051325808847540184,0-1
-0.7591158856811314,0.679999180828715,0-1
3.7642020642305574,-0.31305426550887616,1-0
1.1368025102557229,-0.12606392183182655,1-0
2.646917716288254,-0.5910555354204395,0-1
3.079585119244731,0.7049504589099196,1-0
0.3664928383906429,0.3930286740035482,0-1
0.6465199254578264,-0.6546619101489057,0-1
-3.170191786724765,0.9885483709368836,1-0
2.1004551823626008,-0.23899692622969607,1-0
-0.06807209542491886,0.0006634813201161045,0-1
-2.711416576283471,-0.16210424397574955,0-1
-1.4371898705836443,0.3054758218906463,0-1
1.2729493348599843,-0.2652523837269496,1-0
0.9099348411652657,-0.14209705437233552,1-0
-1.1854274148049377,-0.017707406212876458,0-1
0.1363797278473746,0.159672595397271,0-1
-1.400323435999634,-0.2909696603093111,1-0
1.6686579777604593,0.5852629848379357,1-0
-0.03718553559037727,-0.6783500668539193,1/2-1/2
-1.2966727310581228,-0.061025791698153385,1-0
-2.1459367548161215,-0.18619100893989712,0-1
0.1829040257550128,0.09929331993893802,0-1
-1.3422596411166552,1.1690198001652958,0-1
0.020461205281974232,-0.07477368731548227,0-1
-3.0612017765551425,-0.8596525756766958,1-0
-1.2202342212864352,-0.6651896841408497,0-1
-1.7847789460249412,-0.189955009872134,1-0
1.236902400836384,-0.5019963189431792,0-1
2.6597458094812327,0.2353667572374815,1-0
1.699765715390883,6.520761171023464,1-0
1.8894093729653962,0.308195018858693,0-1
-2.166779953179567,-1.122930534349357,0-1
-0.16180997710783046,-0.13376211684181644,1-0
-0.7337818843148542,-0.029665952367496695,1-0
-1.1141212358885217,-0.6065968854543768,0-1
-0.7912296590559484,-0.05611131277590983,0-1
-0.44304410160446117,-0.08613239469046767,1-0
1.6459204979892736,0.7411000323816116,1-0
-0.29164209418691556,0.37362502739498726,0-1
-3.5623909905437636,-0.6111226696986085,1-0
-0.2341354230134919,-0.03488184690094569,0-1
0.23833422118319184,0.07076167560902315,1-0
-4.665997486127608,-0.2457636146954352,0-1
-0.19364619019368523,-0.05133060103371337,1-0
-0.2627910527620035,-0.820243778711973,1/2-1/2
0.8832574355968069,-0.1157817087067293,0-1
-2.2509250571424064,0.058986230979144134,0-1
0.42124979529633994,0.22719780317015473,0-1
-1.3132520785510116,-0.16258627413602555,1-0
1.606673474859953,-0.05960236194284636,0-1
-0.033201060911364946,-0.00428350989553,0-1
2.0388436057025143,0.04062040282785994,0-1
1.077910465107272,0.2601728081091935,1-0
-0.19497387057043525,0.006102311548736245,0-1
2.279249079195334,-0.0759800200498476,0-1
0.28844249941331535,0.20488231517935815,0-1
-1.1379800951738421,0.19773937530758354,0-1
0.40194841303190115,-0.18718372438818745,0-1
-1.4994916124256963,0.22166651597337717,0-1
-0.5989613282814111,0.49885441952415144,1-0
0.24310711260936146,-0.08339763990041407,1-0
-0.08371170667451885,0.9133732271959257,1-0
-0.4354860388286677,-0.17582565725573857,0-1
0.4036832553218579,-0.3716739622948737,0-1
0.40578284689781313,-0.8708457058340086,1-0
-4.174618337440851,-1.3438503383833094,0-1
-0.5912037621548094,-0.15590490968792278,0-1
-0.9079002046983573,0.07913832409011329,1-0
-0.30305260577431453,-0.31232083580752396,1-0
-1.8676611704525778,-1.0245020460029637,0-1
0.007116160824761811,-0.9000050853091174,1-0
-2.9975432985653225,0.33150655897283504,0-1
0.86054539519876,6.03028245187128,1-0
-1.8053084752501343,-2.8910365456229528,1-0
0.08223071929136143,13.411120546552278,1-0
1.5820779524854458,0.3686835733364749,0-1
-0.4360505004373537,-0.4210092978225168,0-1
0.6310908583843592,-0.6015365968187912,0-1
1.6048500100241976,0.4117460963032782,1-0
-0.6723762664226033,0.35008998961216636,0-1
3.7775424474304935,-0.28703456002577127,1-0
-3.4238237438758765,-0.3711635730171167,0-1
4.035411205980547,-0.6627619741793829,0-1
1.0139959357284973,-0.0863641132806224,0-1
1.9489614578136432,-0.23923416695348107,1-0
1.2912522748456263,-1.178594986142902,0-1
0.5034534140118283,-2.6117345965605487,0-1
3.392430413402536,0.4151250352428159,1-0
-2.928537626381601,0.19657896871295133,1-0
4.2210762281156216,-1.0000185677348383,0-1
1.19801819971041,-0.8493696808261634,0-1
1.382475435056834,-0.5321732877423543,1-0
2.6904063134538627,-0.8371618213674562,0-1
-0.8519786770965695,-0.03758934556797671,1/2-1/2
-1.1692008964583926,0.21225870185477902,1-0
-0.41327964573265374,0.13670851678599502,1-0
-2.4206053978921998,0.36582569725028036,0-1
-4.525328565735383,-0.9113890672985602,1-0
2.5942516585273707,-0.7852741303187237,1-0
1.6111080936622488,0.060078071238864106,1-0
1.9702645624426656,-0.6361666935968897,1/2-1/2
0.3557911014243752,-0.4863010279793446,0-1
-0.8287186482156226,-0.16107760456116443,0-1
0.8321098118584196,0.08053749016517382,1-0
-0.23782804712687297,0.004011010960709702,1-0
2.1675478878504375,0.2760396761997564,0-1
1.6150590602848465,-0.1049185927819581,1-0
-0.02371182609717199,-0.03304599430149281,0-1
-0.12615442389808415,0.09690734861972226,0-1
0.17894423357837372,0.27790390294019385,1-0
1.643423430793426,-0.411379681050213,0-1
0.8523295545890399,-0.028466617808221358,1-0
0.576957547508309,-0.13836822896750153,0-1
-2.35766478315558,-0.12428210370299338,1-0
2.664923625806495,-0.0010348101791508276,1-0
0.22914071641053718,-2.1246961035209697,1-0
1.1005746064715007,-1.3539751181754658,0-1
-0.287328327303802,0.42586802231422227,0-1
0.5981941329850125,-0.601389893567839,0-1
1.0276380647592582,-0.0011625624266387523,0-1
0.0823522154075263,-1.0671930255518225,1-0
-0.9095094765379346,0.25636319757782267,1-0
-2.7017220530438935,0.1664487275308721,1-0
2.095945351976845,-0.285644219560878,1-0
-1.4061411376566948,0.28559816925461373,1-0
-1.5566001021056857,0.15513225159706667,1-0
-1.2381810826743886,0.30868306395152817,1-0
-0.05785528932138061,0.11054852372317849,0-1
0.6865168895157728,0.1827573703422578,1-0
-3.10641948504228,-0.270008009781195,1-0
1.7889044816366635,-0.23305318614176568,1-0
2.120635170591658,0.03217416205414316,0-1
-0.7605647600718431,-0.5804449165243647,1-0
-2.469459182454572,0.714806974394525,0-1
0.6763420749279112,-0.3521179417350806,1-0
2.039519214362011,0.2586129147413207,0-1
1.443795812977531,0.44888500470997955,0-1
-0.29989005589887424,0.3509083726394805,0-1
0.3846402155666356,-0.9121592960123827,0-1
-2.0993602280328334,-0.07489855184861814,1-0
-0.08428317793466422,0.024373982210051638,0-1
-2.6682740648585472,0.11299398247206557,1-0
-1.2755624404803982,-0.26342684544730016,0-1
-1.558843124211983,-0.4361340153299844,1-0
-0.2953512455910795,0.5629155532663673,0-1
-2.981754925185653,0.29175778912393824,1-0
-1.1051997694082807,-0.195564286541344,0-1
-0.5944347802080509,-0.3533020915193504,0-1
-2.9592482198075767,-0.1828914861691876,1-0
-2.586894111000234,-1.0799233883514874,1-0
-0.758240795413658,0.09683625259395583,0-1
-1.8148506124502009,-0.3800090911072261,1-0
0.15665150905682312,0.9707463563384466,1-0
0.22158866942403016,0.24839926795113573,1-0
-3.3850715113433885,-0.7961321375167226,0-1
1.8964461112083115,-0.0924129503973581,0-1
0.3598882510681485,-0.9839612142292664,0-1
0.28636386567070893,-0.008152503128148128,1-0
-2.3894933735214456,0.4591907847663846,1-0
-0.7702191867150782,-0.038733512615166825,1-0
-3.376101443064712,-0.5427992803399411,0-1
-1.9556273731679703,-0.37217123373655747,0-1
-0.8583986458383969,0.14204887511389855,0-1
2.6588114403687615,-2.1063843742088726,1-0
0.1509484918316997,-2.6674961927800007,0-1
0.8631743799908698,0.6908615229678036,1-0
2.001486300315468,-1.4163580294398412,1/2-1/2
0.8589865224851422,3.519040711012218,0-1
0.2439224271301749,-0.33985081932705374,0-1
-1.2261261220897255,0.2181621299968541,1-0
-3.440710301922217,-0.4399372252136182,0-1
-0.28791752868878245,0.20192173697978144,0-1
-0.3596554730040264,-0.5726337201046926,1/2-1/2
-5.078675844897595,-0.970163090729633,1-0
-0.9178852998205346,-0.4776064998592553,0-1
-2.5510836823381706,-1.3210397229265054,1-0
-0.0665014325267734,0.5628730076399153,1-0
-1.8185663523942923,-0.2219197196724539,1-0
-1.7642995821020733,0.05970463837260187,0-1
-0.5064214495020257,0.7445364495505754,0-1
-1.8933345900028598,-0.40025636766587847,0-1
1.3749384059633685,-0.15526373300471827,0-1
2.1878483393093116,5.392938972270485,1-0
-1.3045368370844066,0.6568028781601789,0-1
1.0297298432184028,-0.2529695422620896,0-1
-3.1153306383135684,0.9150442475486664,0-1
0.15039113429850995,0.6038959743023127,1-0
0.41951057973773836,0.09958243972177482,1-0
1.8629460272702156,-0.08512157906113972,1/2-1/2
-1.6813380576431902,-0.9910299308570675,0-1
-2.61428586729252,-0.6576745136188569,0-1
1.2731915139160286,1.2455704232980789,1-0
-1.7414835840221619,-0.8541442729073766,1-0
-2.424305777848471,-0.22183117637636293,0-1
-0.7828074709890269,0.5649737163419584,1-0
-3.129140250293634,0.6242732090973697,1-0
-3.9742039453395916,-0.13997629167236958,0-1
-0.7866687453546739,-0.1970514904453901,1-0
-1.1562387493557722,-0.2326378605597643,1-0
-1.426590376097393,0.5605576118558571,1-0
0.005782154986111685,1.014491366200344,0-1
1.4790506055849497,-0.05102888941225061,0-1
2.8876772403365263,0.52262047364135,0-1
-2.8007052826416174,-0.031415285894607285,1-0
1.7362064252171068,0.5794531467054834,0-1
2.783425392127549,0.018916826197000153,0-1
-1.252364424360225,-0.015390282215326791,1-0
-1.0372329675151437,1.375895892141088,1-0
0.7593970921617481,0.23443217405237238,1-0
-4.171699763948978,0.33932293564918514,0-1
1.219300479628984,-0.4085872867959071,1/2-1/2
2.9653737377302796,0.605421613372073,0-1
0.4488378813370694,0.05036994450351886,0-1
-0.7195851316666795,0.08058231331044854,0-1
-0.5013935981408846,0.1498291977487389,0-1
0.4314676711110301,-0.3030808048955152,0-1
2.6218396114452,-1.0876103478123833,1-0
-1.7817099679412067,-0.5261853647516856,1-0
1.9172859269975122,0.5298824448788695,1-0
-1.3186386417248825,-1.5973671467842165,1-0
2.4024438068279,-0.06245175665115296,1/2-1/2
-1.018109327302813,0.7519565563768125,0-1
1.4104553230229493,-0.09031222667181141,0-1
0.7860656504333345,-0.014358626134216852,1/2-1/2
-1.2443494740554895,-0.2666707817922283,0-1
-0.3320859746596316,0.04343826848529482,0-1
0.5042225912952575,0.2429654543890404,1-0
0.7105299539109587,-0.07667596350645595,0-1
2.601086678148195,-0.3399115860095132,1-0
1.462840801758236,0.45744917385498274,1-0
-0.9896195194667541,0.31272174486255694,1-0
-0.35063382444932056,1.105148970072921,1-0
-2.3224831772571597,-0.08366116852819432,1-0
0.5131360356868085,-0.22356839584027294,1-0
0.22946626226163172,0.3161683716229001,1-0
3.668225954821525,-0.11402607926030575,1-0
1.3703576041398968,0.05771935604267091,0-1
-2.153969644217571,-0.39478876255759243,0-1
-0.7666556704332038,4.117258243971209,0-1
-1.8423321368484173,-0.030161199585431665,0-1
-1.9932759563111586,0.06935107719619724,1-0
0.9408685289904397,0.9290587507899609,0-1
-0.6559191826548281,-0.22606288741675845,1-0
1.5046711259171308,0.1697424266508557,0-1
-0.021995859492181344,0.0882575238929801,1-0
-0.03299819672914275,-0.49099481991051747,0-1
-2.3590855383635256,0.5457285495543943,1-0
1.026252690784231,-0.023432706781551606,1-0
2.3924432185950013,0.0010413056338701445,1-0
-0.14569311498941154,0.09584591939291208,0-1
0.36101658295982136,-0.11473032783647226,0-1
0.4369173167568269,0.12001159505878242,1-0
2.490970364129134,-0.5306878120517995,0-1
2.3875494752496493,0.0877631828808319,1-0
2.2483011769424697,-0.04213037660045453,1-0
2.049026100284287,0.20262259237449054,0-1
3.3464174116396816,1.3146882280140713,0-1
1.4068003712627482,-0.025181759321908408,0-1
-0.6207674359927773,-0.4590443254338909,1-0
1.0334638643539884,1.2992589111707888,0-1
-0.29004812506123806,0.06823190377671066,1-0
1.151007955335039,-0.15493793396133873,0-1
0.16293857261691314,0.7844382185697375,0-1
-0.7319051781662181,-0.09559183334075894,1/2-1/2
2.3058929767073773,-0.9413585866946654,0-1
-0.9695433079672101,4.378676487102853,1-0
1.0131362054488446,-0.24894743010727866,0-1
1.3734643335935635,-0.8900985110391992,1-0
3.007211475637285,-0.3061749740168093,0-1
-2.2091357120619577,0.43002059817254346,1-0
-0.7021774580593393,-0.6646605406482999,0-1
0.5748456146811672,-0.06553505540818926,1-0
-1.1218712551441135,-0.45021903760003407,1-0
-0.4146348942255111,0.6390574632770613,1-0
0.24417402623373263,-0.8587535122512688,1-0
1.0298940984591929,-0.0002464524695686072,0-1
0.9016657884970579,0.4218844938917752,1-0
-0.3323811860566768,-0.7478759029665659,0-1
-1.509277337319966,-1.0256527334498184,0-1
3.7051427451046814,0.992544189680861,1-0
-0.8193723687140916,0.09566983106676441,1-0
-0.12243308610846469,-0.027642339600275626,0-1
1.3306036226033462,-0.1600574855462439,0-1
2.8329734488947307,0.09445106772859935,0-1
1.5789554451001993,-0.1876147402122998,0-1
1.5826924849724195,0.19252889817934074,0-1
-1.7369124112180832,-0.16233307485155227,0-1
2.5561053418996944,0.6020848908502118,1-0
0.9634251721239038,-0.09243719905410107,0-1
0.8999130102781595,-1.4907514971057079,1-0
-0.06559325531441672,0.20615885040187965,1-0
-0.024926565263360536,-0.8963231072733069,1/2-1/2
-1.9159978706278162,-0.5512033046959813,0-1
1.45735476244229,0.4928867267897354,1-0
-1.7444772173995358,-0.46543869905132973,1-0
0.29847961443926324,-0.1916323411676914,0-1
0.47853008708813,0.04807367598125473,0-1
0.4006130526612407,0.24312231072496987,0-1
0.9512182975496367,0.17169921508787456,1-0
-1.4627958343933556,0.23013862888890432,1-0
0.47626077554875684,0.38649100534011804,1-0
-1.680100069523391,-0.12144097263134639,0-1
-2.9608775128922513,-0.05913206013059306,1-0
1.071239624878259,-0.9318895004265022,0-1
-1.263203576067548,0.29824411424242897,1-0
-0.36155716815987626,1.1438326930331986,1-0
-2.027656804211235,-0.37315716046660585,1-0
-0.8203685198726265,-0.5135358918069819,0-1
0.22160530809488246,-0.012579414732981926,1-0
3.610153388490653,-0.7970681402368892,0-1
-2.6470083663369044,-0.05915943600554319,0-1
-0.9418195038122151,0.27425454192620985,1-0
-0.6797734565318513,0.37806221183672584,1-0
-0.06520246582626177,0.5910969254158082,1-0
-1.089722122279209,-0.6424787151091264,1/2-1/2
1.4439031563425646,-0.5053647040590583,0-1
-1.8563514895392637,-0.35252817361381306,1-0
-1.4165832534307148,-0.23506777651014796,0-1
-2.4279118615644357,-0.06338373310866385,0-1
0.482009587916485,-0.3368592475907178,1-0
-1.3279545867723643,-0.20456427872013624,1-0
-0.9762349294798581,-0.3671532662470725,0-1
1.499018616089112,0.23336133671154555,0-1
0.8492869200445299,0.14141362130300564,1-0
-0.9406371271423104,0.6577276374690865,1-0
2.2349739384590714,-0.5329918802265167,1-0
-3.178641809153594,0.5613626580735845,1-0
-0.5479891337320388,0.21882213793159544,1-0
3.2640265984024057,-0.2458799551354995,1-0
2.5963836884485887,0.19478099759008533,0-1
0.931960318606806,-0.05739666094042197,1-0
1.2211740911920062,-0.3018512067469377,1-0
2.589656376030409,0.2816976896863075,1-0
-0.040295359629657135,0.44212976125018233,1-0
1.8234928549762377,0.5219554340165804,1-0
-0.531325536961996,-0.27858120132503694,0-1
1.941675357481284,0.6354614218097435,0-1
1.2611572263438553,-1.5004692714589247,1-0
2.431405444236963,-3.658882475930515,0-1
-1.34535910852017,-0.505897880975602,1-0
-0.7380666712759288,0.08345094000897328,1-0
0.5796453466070718,1.225992817315543,0-1
-1.4673980692678557,-0.220619650717143,1-0
-0.7895868791599563,0.6057270347155924,1-0
0.8315209525682188,1.1070307765037868,1-0
-1.1250368237561879,0.05863656899419947,1-0
-2.117227235155109,-0.24818460030722758,1-0
-2.4528966826044147,-0.047585073329515414,0-1
1.6280690598266987,0.9469989517076168,0-1
-3.613437441513286,0.849608091659709,1/2-1/2
0.14639783406545612,-0.05655666367564312,1/2-1/2
-0.4529834805419375,0.49701621349217406,0-1
1.9713207773364918,0.13343537162420127,1-0
1.4315192456485792,1.4574193636078239,1-0
-1.0425550178360994,1.4130398172143142,1-0
-3.54275800321213,0.136043076422544,1-0
-2.479749251116088,0.14603390726948542,1-0
0.20523010346724707,-0.1160836448085437,1-0
-3.8977286998029754,0.047769434668937766,1-0
-1.536142038110946,-0.1334411099846101,0-1
-0.19368378669788638,0.9218546434970454,0-1
-1.8013536540033848,0.2716068266991075,0-1
-2.8528246057508766,-0.9526452562842522,1-0
-1.5542720272568835,-0.7437456712931665,0-1
-1.0871529380855143,0.6096298194944012,1-0
-0.3361089251571755,0.2343144701614376,0-1
-3.7528342929786556,0.97168476899754,0-1
-1.0814406525108355,0.2193011606255918,1-0
0.15896550260083572,1.3023822408869268,0-1
-2.324790294272614,0.10301019251539767,0-1
-0.03392876532361053,-0.268439395531579,1-0
-0.6909278408813166,-0.1530830106064939,0-1
-0.5159540876378269,0.5880132824264926,0-1
-2.2911503713503,-0.25321851133389733,1-0
-1.1650613559302418,-0.3338666775883475,1-0
1.1639868169574905,0.13860967495900683,1-0
0.9188396689746544,0.529914227224815,0-1
1.5499486859999072,0.25281096596624175,0-1
-0.15558519255431472,-0.199562150039412,1-0
-0.25928671456554425,0.00909817000413995,0-1
1.1039777687313221,-0.15179675623619493,0-1
-3.259937722706633,0.030384994356602635,1-0
1.2789170773301457,0.5159083251133362,1-0
-1.1025455542149116,-0.6696893152565173,1-0
2.0808980366978393,0.6783498506271408,1-0
2.3207977546174803,0.6300196888432679,1-0
-0.9510361275833532,-0.1647587479210939,1-0
0.2769266507602864,-0.9326494990186036,0-1
-1.5006675119357429,-0.02002441045849855,0-1
-1.7675063387644732,0.10237014651833158,0-1
0.3441476760215632,-0.21073181799384105,0-1
-3.214411679848743,-0.4688765717314115,1-0
-1.0293435844930146,-0.505367218726409,0-1
0.9208382967536244,-0.10873786595470424,0-1
-0.9831528979519739,0.5073049470169361,1-0
-1.4675245190325656,-0.3215967721943927,0-1
-3.2774231870063266,-0.35696351009013266,1-0
-0.6412598115092831,-0.11835381670864585,0-1
-2.749300461954144,-0.7130974944759513,0-1
-2.4482881222680146,-1.45389033265048,0-1
-0.9479035700671827,0.09935972850695532,1-0
-3.797223751200321,-0.2848968555225863,1-0
1.2003133175694567,-0.21194004017652407,0-1
-3.295271242594657,0.16337953936910507,0-1
-1.2084865285291448,0.15099070733782954,0-1
-0.37109675867321557,-0.5304205737019627,1-0
1.124726307016852,-1.4476904928955479,1-0
1.2815714256464148,0.16729165522518652,0-1
-0.3575243223971388,0.29917892190788975,1-0
-2.0239697020944023,0.5538331524759709,0-1
1.6199870934091334,-0.47984699067390474,0-1
0.08914956267517006,-0.6480680907308596,0-1
-0.41769554371571443,-0.650363404825315,1-0
0.0334997095281855,-0.23344418603028003,1-0
0.06576774528678947,0.1736547392956088,0-1
-1.3080700979289834,-1.2118134530436218,0-1
1.8951837285747704,-1.3275729574272603,0-1
1.1932243504508917,0.016996196529915047,1-0
-3.4339984253408375,-0.7805305262674314,0-1
-0.018532060746426986,-0.8013687262906308,0-1
2.915509378609803,0.3252714034082305,1-0
1.5802819799168186,-0.6043068563450236,1-0
0.9432786919512613,0.4754549336412712,1-0
3.05017544154475,-0.1782172427688321,0-1
2.1202599532309767,-1.610826920884743,0-1
-0.4748902099555095,0.6500766905668014,1-0
0.9023676648467991,-0.525895963982095,0-1
-1.7052544015549085,0.8585344858135606,1-0
1.0477035451060914,0.21884489787870212,0-1
-1.5958560080629691,0.24195827144502507,0-1
-0.4166960099829347,0.27328644818166387,0-1
0.0416901107647671,-0.164922229385112,1-0
0.18043278662166923,0.1587499500170327,1-0
0.26255494414077646,0.249337083082876,1-0
0.6981435213820014,-0.19343088928756855,0-1
-2.109534106032443,-1.3754458732217125,0-1
1.2761272447232457,-0.34776942034136055,0-1
1.103228094048497,0.06250307525114696,1-0
3.5591023335377754,-1.0094635665810847,0-1
0.31844426411201143,0.014403128324288925,1-0
0.7313674785798974,-0.1728989753307766,0-1
0.06930064229375604,0.5557421253249389,0-1
4.270773047012872,-0.051523350176326414,1-0
2.3900495611821317,0.06815808127141845,1-0
1.1660755008310213,0.059464656145787546,0-1
-1.2711909799990073,-0.1314807935907027,0-1
-0.9892369642069414,0.3324101335976814,0-1
2.9193127286624634,-0.35342703308923024,0-1
-0.34881293872245855,-0.571823986429216,1-0
5.265920489147139,-0.7998090146879261,1/2-1/2
0.4786820010777337,-0.12554180420604685,0-1
-2.2480155399192863,0.39475283764462543,1-0
-2.384342321846939,-0.22347511686441093,0-1
-4.167768476476698,1.371300395852302,0-1
-1.4116072888504436,0.24899281081145752,0-1
-1.7056073065502309,-0.012482742575662422,1-0
-1.4676042401753437,0.9510703831836185,1-0
-0.8980350249071102,-0.19722629951874962,1-0
2.2715279067388807,0.12024935627317634,1-0
1.9105420331824012,0.0038633244672265886,0-1
1.6267710297144387,0.1531030246359678,0-1
-2.059391250034753,-1.0424256631408984,0-1
1.1128960075030498,0.3063894448720458,0-1
-0.07065432674334148,0.44890897237996874,1-0
0.956632486113536,0.2876495586354664,0-1
-0.7154224753078181,-0.5847395797057947,0-1
3.2160394964972245,1.7834147384464798,1-0
-1.229787817255585,-0.10950628941829127,1-0
-1.2200865506103489,0.6118455688533787,0-1
0.8638674307865696,-0.24330501592563317,1-0
5.975991483953073,-1.5688610659176783,1-0
-2.5971628611585635,0.7628739035608751,1-0
0.7089216945086121,0.3342997547045038,0-1
-0.18241227509826327,-0.04444639760354579,1-0
0.6393091698318276,0.27250889759081404,1-0
0.11345237374477385,-0.024218577515463198,1-0
0.2748747026516839,-0.061594861421380605,1-0
2.1908186154619296,-1.3924065203653773,0-1
-0.856340836806239,1.1927986140950697,1-0
1.3097660979344072,-0.06383447372192326,0-1
-0.7665132089132797,0.5824630442262507,1-0
0.9185745830597791,0.26321914661893336,0-1
-3.187077541305755,0.028594350617602286,1-0
1.8040885598893313,0.5000147213903596,1-0
0.4582837128296541,-0.16367819143248954,1-0
-0.9818972014501703,0.47575157208980706,0-1
-2.83403902919054,-0.1778136305113499,0-1
-3.0496003999419283,0.16368297920405928,1-0
1.508335782545704,0.1992405262167457,1/2-1/2
1.8721578566611776,-0.5708283405513901,0-1
2.751848667111042,0.33450373939621053,0-1
0.7781346614171212,-0.8491480394072839,1-0
-0.3748823244948917,0.24655838366165447,0-1
1.8384014550883268,0.030068526390495634,1-0
-1.1757784528843305,-0.4674501345098248,1-0
-0.699071323099145,0.4036331732386399,0-1
0.8359886614831706,-0.1840879950273514,0-1
-1.0101897429495348,0.39473539037430083,0-1
1.011435522982696,-2.1154200473821736,0-1
0.46814100365511135,-1.1921009053566747,1-0
3.431550777795267,-0.010080904756005928,1-0
0.7070091891832996,-1.1573559924019936,1-0
1.2205609132370425,1.3584938848065007,1-0
-0.1749284114686991,0.17264432440496222,1-0
1.3010678589762652,0.34232663647222517,0-1
2.9444397773987316,1.2358676092395158,0-1
3.2293450171087357,-0.5138191934459312,1-0
2.137099801230444,-1.0423601963325133,1/2-1/2
-0.5569803688159434,-0.447235370244575,0-1
0.09517822645212243,0.16564207285158067,0-1
-0.966665821824929,0.3302628020069664,1-0
0.08330861206449833,-0.07781210642084167,0-1
-1.0248379184040242,0.3541056860957368,0-1
-0.1810535326510916,-0.3429322286357724,1/2-1/2
-0.05354152243826699,0.16279151864241348,1-0
4.1232046699958875,-0.30376238558482255,0-1
-1.5021283854828618,-0.456367506118347,1-0
0.12485936963502772,0.22177479672679176,1-0
0.2640199819846606,-0.12714543274823956,0-1
2.2578425075094115,-0.02472948728382914,1-0
-1.8177012905149128,-0.2768134372850709,0-1
-1.1972072610866322,-0.18876060227446298,0-1
0.9110250037432475,-0.9111410814692833,1-0
-1.8985291425907844,-1.1383883450855516,1-0
-4.130966478896624,0.3023529699499339,0-1
-0.792866898380334,0.1895045181393449,1-0
-0.01824661149167494,0.7692313734374195,1-0
0.11306374542175358,-1.4533945799654395,0-1
-1.1252829581371182,0.485570586306165,0-1
0.045633498094188554,-5.2224426315551025,0-1
0.863400151031923,-1.0399775134663307,0-1
-0.9280025539330191,-1.058287113826255,1-0
1.021844836632691,0.30315119425090115,0-1
1.7662856167705463,0.03503637308142731,1-0
0.6065135413523666,0.5376443093091744,0-1
1.3064041237249109,-0.7998227372126905,0-1
-2.619923877871991,0.4252930146951799,1-0
-0.7583561826102124,-0.06256986128076908,1-0
1.5451569979055235,0.07493891588627218,1-0
0.5121910436927716,-0.02093873569567508,1-0
0.1597005449122122,-0.05677456768078589,1-0
3.014788756192824,0.5487775789898146,1-0
-1.2695128947190761,-1.1613460977305075,1-0
0.5896045378177658,-0.42862155626401394,0-1
-1.921327467819782,-0.015677898265023797,0-1
-1.691679133771246,-0.3727926729624384,1-0
-2.1608612118765413,-0.5605951602538912,1-0
-0.2992848241836216,-1.1875803140372976,1-0
2.295264711270967,-0.23686905110955084,1-0
2.279102684034506,0.7690002650427942,1-0
0.5233818217123858,0.05167653385849442,0-1
-1.4516561396892602,0.49034136944373596,1-0
-2.2799453789029958,-1.2856086903914175,0-1
-0.2632076888288722,0.5732055660439174,1-0
1.9708361885685417,0.6144302837174248,1-0
-3.496290329191617,-0.6442029064418837,0-1
3.1380434685439296,1.3605273064264198,0-1
1.1833402191256996,-0.40026827777906926,0-1
-1.3243140584117328,-0.28962051030437985,1-0
2.2085460498457876,-0.6191664217396434,1-0
-2.1544720389593355,-0.24816374483194206,1-0
-0.8544964141371347,0.009243594002304057,1-0
1.4071532762580707,0.8458354690673145,1-0
2.8106684621387457,-0.2768701705435364,0-1
-1.1229017178244145,-1.0073076133302123,0-1
1.136946744251416,0.07319372051157959,1-0
1.854204176018586,-0.989177333243067,1-0
0.9842492858305041,0.025164869610488014,1-0
-0.43184098233366025,0.41282144484352445,1-0
-0.25774268319525445,0.25055172093679956,0-1
1.349171284666253,-2.293233952530785,1-0
1.3607325429402937,-2.3762521465672664,1-0
1.237109223511265,-4.563712429004733,0-1
0.42240416105462336,5.070544221628471,1-0
-0.054708596394271954,-0.09251332676989586,1-0
0.30523030893395425,-0.14672882918298286,0-1
0.7508982265404385,-6.550890229427605,0-1
-1.3983092392609635,-0.5504367857042155,0-1
1.2226216868996866,0.4738253282288442,1-0
1.3402859594574679,0.10375464830899554,0-1
2.561086562230714,-0.13075441028646245,1-0
1.6002344973102594,0.30032125601316434,0-1
-3.3439133374207652,0.012035587517928594,0-1
-3.127930381356601,-0.43659258328737666,1-0
-0.6909508808630482,0.9655363569856292,0-1
-4.777662492774234,-1.4772050841809115,0-1
-1.1465384192987877,1.2543860070076616,1-0
2.503489968085629,-0.15624625152980567,0-1
2.190282943378461,-0.7238241372714914,1-0
-0.2594021017620988,-0.150307943870585,1-0
0.9973158334105026,0.7975262674871513,1-0
2.6615638095943606,-0.14401302539639363,0-1
-1.3722086365523778,-1.2482743419164226,0-1
-0.9025426972955041,0.349136455423593,1/2-1/2
-0.6583992473422132,-0.15299233835823012,0-1
1.296286141996054,0.5100998709620961,1-0
-2.9647705769446926,1.3104988736736216,0-1
0.26047825942365244,-0.49561889979713597,1-0
2.3355956287902906,0.7779383598529885,0-1
0.6931664870905784,-0.037327826140441694,0-1
0.5883667586698458,-0.17327930164370478,0-1
-0.6075212731841675,-0.17970608282612208,0-1
1.7330649090239947,0.2034402304308441,0-1
-2.0676921682387337,0.6537891716957692,1-0
1.3434481454952978,-0.7195450884184704,1-0
-1.3057715974956923,-0.25993968226075004,0-1
1.0158973243795064,0.7003871457057605,0-1
-1.9507922600091476,0.22707584137487433,1-0
1.289012019077271,0.3246050845306727,0-1
-2.5517311718149007,0.39142251577050124,1-0
0.30329705474717206,0.19875319840319106,1-0
0.12204743363464789,-0.28895559043153773,0-1
-2.598119124692635,-0.10099865674308196,1/2-1/2
0.6769133372161772,-0.5880499095952366,0-1
-2.9464158291949323,-0.04378644617520657,1-0
-1.817167624730848,0.46043983938553185,1-0
2.5925278788055692,-0.6592128848095126,1-0
0.6545153514779757,0.6526294468265722,1-0
1.7769438745662263,-0.2703424304847319,0-1
2.2680890970003404,-0.6406649257078415,0-1
-1.4492458436055384,0.16224591112207004,1-0
1.0552106576892666,0.44224746514111707,1-0
-1.0388041056309691,-0.5622615646787886,1-0
1.4783007977792244,0.03776258324806755,1-0
0.914198461321112,-0.6679385977481944,1-0
-2.167968788434272,0.2251515502077545,1-0
1.414256666776205,0.6368249965952162,1-0
0.4219574784634884,0.4378882413570888,1-0
-2.09986470492298,0.47813927162251424,1-0
-1.492337404837844,-0.42594814515343093,0-1
1.9533794379450866,0.14142494891234697,1-0
1.5286495366957713,-1.2880133317273437,1-0
1.0885549264190209,3.309661878846784,0-1
3.6123801140208776,1.3056163810473334,1-0
2.5475604721639002,-2.946575923426514,1-0
-2.6631246773886645,2.086603312278812,1-0
-2.2538712560243077,-0.30535651395275115,0-1
-3.3239248877277467,2.5997536867829,1-0
-1.6984984513094692,-0.31346189066001046,0-1
1.9843753257600834,1.729897771194096,1-0
0.5563788915634904,8.47194147591562,1-0
1.3793313970875978,1.8759359150257386,0-1
2.1117069607057584,-0.771657323623938,0-1
0.5710524695663147,-4.1810798361937405,0-1
1.8368183968328464,-1.721813050426716,1-0
1.270897984412627,-3.047557302808109,1-0
-2.314371009508446,2.867226718718313,0-1
-0.8727339339360026,-5.399314210372555,1-0
-1.6260462135443183,0.9390745325494223,0-1
-1.990339883409162,-0.27354919477018835,0-1
3.815290791536615,-0.07442122967643318,0-1
0.6261714418422343,-1.3651533307533084,1-0
1.4172924247921557,-0.05136248810808292,1-0
-3.259375419095309,-0.3174414133501436,1-0
0.7092476258812994,-0.3658785639664665,1-0
-3.851861001746967,-0.41088774997699135,1-0
3.393756739247275,-1.1264982937359378,0-1
1.8399403097246205,0.850596844090869,0-1
1.156954664122872,0.33900648270658174,0-1
0.11791583934620821,0.13531338413492847,1-0
1.7379167939765698,0.6672169816851822,0-1
-3.251521284183197,-1.3809153677783164,0-1
-2.69968351589763,-0.49078082957744107,0-1
0.872772125473058,0.30319790684449355,0-1
0.3722939013768515,0.07743952712374094,1-0
-1.8151123157908315,-0.3322600415798752,1-0
-0.7367666921381866,0.3454257025081165,1-0
-0.7997794997216321,-0.26351817172931913,1-0
-2.5956890736096168,-0.6266453852696805,0-1
-2.682031238991083,1.118825889416411,1-0
-0.8369255550001563,0.15688748030480892,0-1
0.31744272407982815,0.4965889350817984,0-1
1.0084921880305475,0.8502157728069801,0-1
-1.4077771741470282,0.016558708528159945,0-1
-3.9747095677898687,0.0538023282484887,1-0
-0.6562207953627527,-0.15973637396061355,1-0
1.0922834504098133,-0.43704621161498813,1-0
-2.328532798867461,-0.18516477026399336,0-1
-0.9899733610503284,0.2073765257690899,0-1
2.5056471774108826,-1.5751377921505845,1-0
-0.003635304925014259,-0.10755689989504383,0-1
-1.4166553704285616,-0.33469659768185106,1-0
-0.6482834050356602,-0.18258764559555202,0-1
1.8017101293413826,-0.3041231068605313,1-0
-0.07397201831689924,0.006448846315473725,0-1
0.1126737191399098,0.024721366676173726,1-0
1.8732995204984368,0.7224025870430603,1-0
-2.3725758865275837,0.16140315968608535,1-0
1.618378834006787,-0.06887127246294505,1-0
-1.5158734846100113,0.7247862531517735,0-1
-1.029798314024595,0.24923006655874605,1-0
0.0035725650872503244,0.26286546623349827,0-1
-0.7063872858356464,2.6419743645195055,1-0
-1.6023158861720905,0.4401739560556943,0-1
0.7628501163279787,-0.10965899257829918,0-1
-1.3886201590011829,0.10617423491607221,0-1
-2.9042515298318285,0.08198431059345891,1-0
0.6908870713141323,-0.1700641401784425,0-1
-2.448988986180525,-0.2723590300533594,0-1
-0.35787384481821655,-0.2573941763481009,0-1
1.0710224131454464,0.534318899373151,1-0
0.6211093548083059,0.28109392221110274,1-0
-0.6667338825744881,-0.42077193734680424,1-0
-0.7936500811195738,-0.4352588713525247,1-0
0.9970983368568317,0.13938060042176798,1-0
0.30949731166404565,-0.3581262424256093,1-0
-0.5364234231726013,-0.1899155764403855,0-1
2.3146003833143407,-0.11069404419619362,1-0
1.6266269288416457,0.07935374111958542,0-1
-0.5610256889527676,-0.15442852792611256,0-1
-0.899191706637411,0.5057285896212694,1-0
0.5166413645776678,0.6034350240976738,0-1
1.3950749908708175,-0.06937829625092462,1-0
0.8994028782685639,-0.097338861657367,1-0
-1.5734189954395774,0.511706940907768,1-0
0.6181366792642808,-0.04240706577949155,1-0
-2.101478904265634,-0.39486426505435424,0-1
-0.9983036230139584,0.2517025281355818,0-1
0.06451993775077566,0.9572662045380601,1-0
1.0438313630380203,-0.12315358418273074,1-0
2.468418151538236,-0.07100075604465413,0-1
1.0913792036705874,4.246730835984936,1-0
0.3921254337282101,0.7891218423924296,0-1
1.290817411693412,-0.7321299857370724,0-1
-0.3014433339347372,-0.48954570929523333,1/2-1/2
-3.764861628173291,-0.2566248261483852,1-0
0.6648651200371725,-0.10473008887551422,1-0
0.2750644438601989,0.1526250002080058,1-0
-3.1900291258935303,-0.8816048403926096,1-0
0.40675561597983695,-0.39346018704119295,0-1
-0.9998010016112956,0.3844704000391766,1-0
-0.06542806348537476,-0.30679006910135537,0-1
-4.1448538057200635,-0.12158657288784026,1-0
1.2011940815314368,0.2378595688224974,1-0
1.2660016402743994,0.461111815172151,0-1
0.5192383041165181,2.2994693641371984,0-1
2.637344365319807,0.16217912950705135,0-1
-1.5014096397475576,-0.3041060603288881,1-0
-0.06291664873893663,-0.1338074454541966,0-1
-0.6262489471743472,0.2500965611843683,1-0
-1.3008145627065353,-0.2334188193555751,1-0
1.823126672141477,-0.009728355056709317,1-0
2.8690526122917146,0.6854906615467427,0-1
1.4892319546065906,-0.24828590341589404,0-1
-0.6931005618923493,0.01270906703768759,1-0
-0.8825625545120347,-0.06506596131881842,1-0
-1.6317708403701836,0.9030646214384093,0-1
-0.5403987084599616,0.6089328927952621,0-1
-1.5597435673242805,0.31104049989493315,1-0
1.2599952888628063,0.4193855061393738,1-0
2.094704078874611,-0.23416508039940842,0-1
-0.7284163548233111,1.1178986281083292,1-0
1.7240294671531302,0.243277438847408,1-0
1.0516057768073535,0.08603961676710761,0-1
2.334541784033479,0.08902958004187972,0-1
-2.229794767062416,-0.32603874882230444,0-1
2.547777316950178,0.6015958197996621,0-1
0.5314811544171757,-0.6730594285858877,0-1
3.6851925188315025,0.8064344844232213,0-1
-1.74196689410708,0.11161820156314473,0-1
-2.312249599359869,-0.10924644998222582,0-1
2.3820766564992204,0.6577817916916336,0-1
2.8483514326526795,0.22891322539914705,1-0
1.5876383240705207,0.15197039465496714,1-0
-1.7747317267619203,-0.11531602282231944,1-0
-1.4851341202338764,0.1446853824835872,1-0
-3.2663743518621433,0.2349125242211788,0-1
0.9945801787047348,-0.42640090999043917,0-1
-2.581665059661494,0.4949332812692312,0-1
0.47452559116402054,-0.6794583284262495,0-1
-0.2775043355628802,-0.31668669974314445,1-0
-1.9976884717199748,-0.40327671428188033,1-0
-0.5646515276680294,0.20157018554651915,1-0
1.2285158029742598,-0.6904309328273177,0-1
1.6033400021870428,-0.36893069292841385,1-0
-1.6402318463504166,-0.10351722071798068,1-0
-1.0054814216502015,-0.3574342276645709,1-0
-0.9807570252678216,0.15928372446092945,1-0
-1.9607321359071344,-0.8018128544439781,0-1
-1.4481498742101493,0.5516727800859267,1-0
1.8035396099664243,1.5079305438001787,1-0
-0.4164295122621278,1.150257449991867,0-1
-1.7457859679851713,0.04953393794755044,1-0
0.39550634089659387,0.34540185459005496,1-0
0.006609335540431906,-0.19157117374655053,1-0
1.0716879716740182,1.0444912484073372,1-0
2.18729118317759,-1.8664625820069567,1-0
-1.3118743845698948,0.23255699274959504,0-1
-0.6791946473725752,-0.3562512373811617,1-0
-2.8810390144631075,1.3493694920787793,1-0
1.3846199393521388,0.999728768973301,0-1
-1.8343791775616247,0.3261724965642446,1-0
0.5161056166452201,0.272594553172553,0-1
2.1535395759849156,-0.34084566372751685,1-0
0.0398999450135471,0.02055823699419397,1-0
0.1349764147756329,-0.3224758021522387,1-0
-2.257348541581379,-0.20132803729923682,1-0
-0.8141613105782148,0.44731476697529615,0-1
2.25064375103982,0.07834031876265928,1-0
-3.9622997531844004,0.302377458110532,1-0
-2.6556035593496783,0.0800692180835076,0-1
2.1950781471699896,-0.10599959823126563,0-1
0.6192204405313836,0.04618959203156618,0-1
-0.5153541116733227,0.26642448420799403,1-0
0.6074252342618681,0.620882641031395,1-0
0.369896728266837,-0.295396186198967,1-0
1.6698826121918413,0.7947625283605837,1-0
-1.9164946675240524,-0.37103860375555675,1-0
0.2837839827464696,0.28469689984026997,*
-2.776180731704825,-0.2000708387953576,0-1
-1.905448123500131,-0.49768097654479343,0-1
-3.997571339328403,0.7016723025884394,0-1
1.0909771458101705,1.1580425648128805,1-0
-1.7112420104044357,0.38550606185260056,0-1
-0.6881680006336863,0.31148400282924743,1-0
-0.46517472888258315,0.26642310022678184,0-1
-4.451463328605177,-0.9554130288348137,1-0
-1.0885072499901203,0.34630675668971134,1-0
0.34497533179356327,-0.040846427440658126,1-0
-1.5020795174386257,-0.3630505302005509,1-0
-0.037968354492006764,0.1834154888286815,0-1
2.682250774805706,1.4175698593628916,1-0
1.2953241474935542,-0.5128207313836589,1-0
1.632459129747255,0.5221345298090077,0-1
-0.9402690711310461,-0.34193259204913606,0-1
1.3936852977332939,0.3595794385566861,1/2-1/2
-1.154939915778161,-0.32992230161089514,0-1
2.1490740282350984,-0.09396481963242656,1-0
-0.41017830515263576,0.2802821793353808,0-1
2.0769813815970077,0.7912293675043947,1-0
-1.573431390796912,-0.6779651095896442,0-1
-1.8322095511362055,0.33304237994229474,1-0
1.9875571909482306,-0.2903760897573093,0-1
-2.150224924351441,-0.38751824669665963,1-0
-0.052417775954891166,1.2322335665436837,1-0
3.064795134037711,1.3090898782155211,0-1
2.161438357370576,0.3757374644450531,0-1
2.118000767671507,-0.5651665746275989,1-0
1.9335082051983135,0.5732513104184825,1-0
-1.5781308865422037,0.060590589468793886,1-0
-0.07179033862892481,-0.047448791482117635,0-1
-0.8632880700212521,-0.2224571268016632,1-0
1.4911364951171346,-0.5081111006437254,1-0
1.2044507186753035,0.5222618813178141,1-0
-1.7194301963697345,0.03607965828897426,0-1
-1.3439690732878664,0.31558395588984106,1-0
3.8932944236348415,-1.0238297742060873,0-1
1.680642903495659,-0.011299576033923509,0-1
-3.0657161923491953,-0.7060887074994016,1-0
1.2394951002294896,1.0074407785683028,1-0
3.218505998524313,-0.07467643816115166,0-1
-1.019019071186832,0.13679706008208606,0-1
-0.20387094253693455,-0.03935923856011553,0-1
0.7947184039214857,-0.19939258211292896,1-0
-0.5340218767939419,0.49502573823738855,0-1
-1.6404438240753116,-0.09029808287802372,1-0
0.6851202440007108,-0.9060149944612099,1-0
-3.3200821793744524,-0.47289299816243885,0-1
-2.232150752122105,-0.23268436369650855,1-0
0.9874825191550286,-0.058342395476542665,0-1
1.410775865521988,0.3009009842884743,0-1
-1.4544440991196566,-1.9046803946024728,0-1
0.7652234645071195,-0.7173473068204265,1/2-1/2
-0.8217626435527163,0.47723073683754524,0-1
0.12023737976123107,-0.0314322126743229,0-1
-0.052905019680713435,-0.49181887363811155,0-1
3.0272714154125118,-0.9936216921182254,1-0
1.6721206309460825,-0.6636224688959493,0-1
-1.1163350691009006,0.09242794776030722,1-0
0.03804102309589452,0.18476463883361272,0-1
0.7978109189474623,-0.04220500058310953,0-1
0.22152537798022506,0.13515652779899898,1-0
2.6085630707557277,1.3749834713757325,0-1
-1.7888651879662902,-0.11232154834812794,1-0
1.296053130588831,0.23610271662968782,0-1
2.009927839285035,0.27488117407694534,0-1
1.4477557382770703,0.3957827805357475,0-1
0.0042735048487399984,0.08075701765538397,0-1
-0.9691826222772427,-0.38857626771850884,0-1
-1.242158680824842,0.15292375258521082,1-0
1.4252011014430097,0.011443070615321151,0-1
1.38176345447002,-0.055546473265348194,0-1
2.2225377771466053,1.0220310813893372,1-0
0.20534535754090139,-0.08218588976084253,1-0
-0.39885104898021784,-0.07439464025534222,0-1
-2.6170244648859438,0.289905977963797,0-1
-2.610271400254238,0.4155027753584878,1-0
0.15582169528746126,0.2078509175117393,1-0
-2.049908549654339,-0.3390558214658793,1-0
1.2640924385065797,-0.07827468011054788,1-0
-1.2181361932143695,-3.773483056922319,1-0
-0.6365621889404948,0.6744345028244282,0-1
-0.5820526668415901,0.21468071342428582,1-0
-0.044297618539652785,-0.33021731657436354,1-0
2.8509812533323067,-0.6107828521202073,0-1
5.134364516497273,-1.1657834789609176,0-1
1.25795419435048,0.10707993849309135,0-1
2.0490391691518455,-1.261642059787473,0-1
2.380697816957973,-0.0966206787442609,0-1
0.9577504257795049,0.19862071047593213,0-1
-0.5420925716714724,0.13468201630442195,0-1
-1.6889947930957068,-0.32229861083163264,0-1
2.8920784842053076,-0.07125395532912739,1-0
-2.0281014295057425,0.8525937682154133,0-1
-0.36232720618257813,0.05422750539837163,1-0
1.0333567516448163,-1.2491319062034538,0-1
1.719537021629657,-0.08161441009868871,0-1
-0.913738940037746,0.36848986148167295,1-0
-1.4597943120501922,0.5934911453481798,0-1
0.176618165028975,-0.2290538339340614,1-0
-0.15047798382915736,1.3101956100969974,1-0
1.7641937051885015,0.16133499408985444,0-1
-0.6415138348560031,-0.44347788971200264,0-1
-0.2616581354620336,-0.1512240538276551,1-0
2.102911118782045,-0.426621806438358,1-0
1.2975838300135343,0.05355622636069116,0-1
3.964515625657731,0.8768477903887031,0-1
1.6410929317014615,-0.35652852408755176,1-0
0.3979309272569847,-0.08827619832429412,0-1
5.92689326163656,1.9416842166078903,1/2-1/2
2.6641736090288903,-1.0371745503648628,1-0
-1.6382198648830293,-0.08207989919442696,1-0
1.3105215035856606,-0.11908626316746716,0-1
0.49305951451465085,-0.14905749024672196,0-1
-1.182000946317584,0.31686830578831887,0-1
0.22562050274953682,-0.8300053478974234,1-0
0.04450217988804716,0.47131651660024126,0-1
0.00032240510324214487,0.12024532284918238,1-0
0.7212284631687127,0.8498073406716449,1-0
0.13393613267911741,0.7736360455857556,1-0
1.6487477939774746,0.5060841744785257,1-0
-0.266539670679099,0.23632803457210552,0-1
4.610165550621418,2.5940467961967384,1-0
-0.7876660420733398,-1.1655164168694105,1-0
0.3898090732149564,-1.2604553032756052,0-1
-2.1526752629253565,-0.16635368327322347,0-1
2.7769188829883054,0.07900046147283174,0-1
1.549868813159171,-0.47336758669375995,0-1
0.9204911985757089,0.17871580171687707,1-0
0.305963269096948,-1.0994728320052134,0-1
1.3261117529982869,-4.3743982646721395,0-1
2.4472311044482193,-0.5313508424763239,1-0
1.6410455296281539,5.787425014207291,1-0
-0.10721053203726495,-0.1595171907026826,1-0
2.324005159879501,-0.6654239197536821,1-0
-1.4373353832623685,-0.37854938283005773,0-1
1.1009298025870853,0.23556051731430533,1-0
1.7660239134299156,0.08278542260877825,1-0
1.1384218322262247,-0.5954686324402615,1-0
-3.67150427687573,0.32561407272492343,1-0
-0.27346891069124946,0.044284027387559086,1-0
0.34263936797897115,0.10597340513425264,1-0
1.5698777454678579,0.026196020224492498,1-0
-1.050925452245051,-0.4123214098540197,1-0
-0.24221811704742943,0.4288754328593189,0-1
-1.1681703765041702,-0.10456721760702553,0-1
-2.014116708688611,0.21272769121572574,0-1
-2.0151027556100733,0.07467561173884357,1-0
1.8972803772630702,0.34476296809384943,0-1
2.790396547806397,-1.2134522903117357,0-1
-1.2791807323246493,-0.40580961333239995,0-1
-0.12735021153032752,-0.07274066643424457,1-0
0.5998361094156531,0.951628822046443,0-1
0.06629560425344729,-0.24756288009459287,1-0
-2.109166644514651,-0.3589945217711251,1-0
1.2018408433917944,0.4160005522672769,0-1
-1.5116108768913956,-0.0348061349473358,1-0
3.1786553506104425,-1.1192508820543912,0-1
-1.9480925593457876,-0.46817634155573534,1-0
-1.4242102054958412,-0.29215693731178805,1-0
1.5410217547970384,-0.06625295733454156,0-1
-1.1709476588880041,0.5830248197641307,0-1
-0.495151292434413,-1.7059550079463202,0-1
-0.9491302107979684,1.2956958447487956,0-1
-1.605070128574193,0.009146625834727253,1-0
-0.43685139155859787,-0.14463035416153655,0-1
-3.5222075920025677,1.1254951963077153,1-0
0.7066687553942909,0.16072168372520193,0-1
-2.883214656677813,-0.9409025002061053,0-1
2.7306134037441825,-3.1091893991140482,1-0
0.6211548402782968,0.05996676799566636,1-0
1.2153496461292865,-0.11808226394806119,1/2-1/2
-1.5841661854536697,5.244409612647212,1-0
-4.537445251092189,0.037762780036739135,1-0
-3.1196144128374126,1.2619119846483868,1-0
-2.32878554353115,-0.025521280890052365,0-1
-1.1404757288209277,-0.10837504341850283,0-1
-1.8044993344932627,0.7084195219154322,1-0
0.4560421025292887,-0.14466853715521907,1-0
2.8854141211361535,-1.1215340947538224,1/2-1/2
2.360306999731925,-1.6325614013474417,1-0
0.5738062691729033,0.2649047830340489,1-0
-0.4929158744730475,0.2576072355304452,1-0
-1.3987705790753027,-0.06313002835708513,0-1
-0.46888724111816105,0.37735886946634606,1-0
-2.9527659720591752,-0.48303781142217644,0-1
0.1067460950089218,0.3499144067531242,1-0
0.481754494858613,-0.021819670125342285,0-1
-0.4898503330697064,-1.1564007299999288,0-1
-1.4019427579701358,0.17843505029912382,1-0
2.611616270907882,-0.4653630641344639,0-1
1.3339756252009363,0.04766156732238106,1/2-1/2
0.3626704036811379,0.252589653756138,1-0
2.4133437467191134,-0.469045057193778,1-0
-0.027879143713309414,-0.1669357937957799,1-0
-0.6517606905927322,-0.07855916894203771,1-0
1.78416590173226,-0.13101101777589672,1-0
1.85134493547786,1.0158969329231418,1-0
-0.3549723496837863,-0.7991940188249658,1-0
0.8552866611733644,-0.08415059760224172,0-1
-3.0894597975608615,0.13214530831025992,1-0
2.360037825369263,-0.08700801644335272,1-0
0.23730282191463908,0.27934510917460104,0-1
0.5437600887153683,0.03634747363582226,0-1
-0.04676211426733756,0.12203820026877953,1-0
0.5412511772288445,0.06956649422566938,1-0
-2.183574164011085,0.08632129492098944,1-0
1.4640654361896177,0.6669487173776308,1-0
-1.2622964112924222,-0.29222088771885685,0-1
-1.1485421262787925,-1.1560360180154097,0-1
0.10349169487916911,0.02069702084076591,0-1
-2.502340205771318,1.2196470042571157,1-0
2.6897721018165703,0.535966978013617,0-1
0.9265353554633826,0.37218807906492557,1-0
-1.4701084145556123,2.7829239503030023,0-1
-1.2396523701311941,3.541651972728662,1-0
1.6787316195794564,-0.14427326557114045,1-0
1.5538297508959413,-0.2927189661447417,0-1
-0.8275515742596177,0.09422724085114492,0-1
3.0705716476444467,0.2663319502030926,1-0
0.9531496027109364,0.3581383520742064,1-0
4.03692086855515,0.5047232190888277,0-1
-0.19819153493525943,0.4687945444203816,1-0
-1.5950917768576744,0.17309256301904752,1-0
-1.2126628048222243,-0.09479353200304763,0-1
0.7011927662092698,-0.09602060046077096,1-0
-1.9885660142340145,1.0523885932076773,0-1
0.5584338832604826,0.16398230857827548,1-0
1.4247474416225814,0.12587670543174387,1-0
-0.15591994948104357,0.514230087611992,0-1
3.240585808732717,0.011372255576308525,0-1
1.2612507191188094,0.1368154135581974,0-1
1.746758121370274,0.10105431028416564,0-1
-0.3954468170092441,0.48762007121519646,0-1
0.3664139779871375,-0.09939903393320325,0-1
0.7316381405974698,-0.10875358501153738,1-0
0.6619946869731639,0.19601683515157362,1-0
-1.2157752079703974,-0.1799382021549582,1-0
0.5498840425947991,-0.04342455037513385,0-1
1.3549751898393825,0.48506609220903973,1-0
0.9811046750517781,-0.17818608564191962,1-0
0.2662041649325493,0.02515857369117501,0-1
1.6717570272202151,0.010318240286773259,1-0
-0.6612911134572504,-0.5159867829845787,1-0
0.8687623196920523,0.02923231037767913,1-0
-0.5819885719324336,-0.5632569145463572,1-0
1.1119052420503905,0.24304016807661594,1/2-1/2
-0.6529141446145194,0.5772421180027734,1-0
1.682092581351722,0.35796415319637637,1-0
-0.5187016624832498,-0.4496380150484326,0-1
-1.9008960353528979,-0.6250072352338399,1/2-1/2
-1.7964799319031302,0.13141950200303082,0-1
1.1711610457904398,-0.45553953871868647,0-1
-0.09818364947464174,0.0652762375152347,1-0
-0.5289550526537584,0.6474130318025143,1-0
-1.329641706578216,-0.286016268445928,1-0
0.5556642808705591,0.4787012234187238,0-1
0.11860027355974585,0.3396919770679556,1-0
-1.1961488309215231,0.29993701602816975,0-1
0.08441142556628063,-4.560983211371814,0-1
-1.7080951843544268,0.30795257018654987,1-0
-0.8369463797106048,0.9946024009784739,1-0
0.20300772952168508,2.7209091742516103,1-0
-2.940898439819934,0.16682917359572785,1-0
0.8885659418325239,-0.06460891211806948,1-0
3.8384032038476237,-0.7116112611462595,0-1
-1.301325783002341,-0.07317988264949107,0-1
1.9137932814526195,1.3796571665937991,1-0
-0.31321601569924123,0.3448144313907163,1-0
-0.15341298702000222,1.0129322315946505,1-0
1.6986796088385212,0.08665151310354084,1-0
1.239943965669742,-0.03171290758567393,0-1
-1.6025887852037766,0.42084363915349665,1-0
-2.6130689128550486,-0.07530184756550116,0-1
-0.9594414462647125,0.31419812662436714,1-0
-3.178693829057365,1.5146221383700027,1-0
-0.8278500923819285,-0.012108206714941784,0-1
0.3046556640714434,-0.2252409914560593,1-0
2.161158714933231,-0.03639173922219284,1-0
-0.5292613266189589,-0.08547214725187123,0-1
-0.45887897289135193,-0.059007315349384734,1-0
1.8066804960761258,0.14639779724629995,1-0
-0.054708596394271954,-0.09251332676989586,0-1
0.50606706807051,-0.17725608518613564,1-0
-0.025039506473922,0.024386918280956783,1-0
-2.42169483285381,-0.7557334977945581,1-0
-0.438468476514986,0.2799592830298568,0-1
2.232619232082413,0.04513006727657715,1-0
0.37436370956541637,0.3040882644116809,1-0
-0.4985808586751532,-0.23062078321571136,1-0
2.6775040969636335,-0.3573772754325921,0-1
2.364762190845976,0.9159552638024678,0-1
0.871658350103855,-0.42059885648693623,0-1
0.9038288046397184,0.16146384933180077,1-0
1.85566968908015,0.01028808142589514,0-1
0.5540281112573257,0.08415340386524625,1-0
0.0339724540054594,0.47125963589816816,1-0
-1.5317652460298279,-0.21897209256728592,0-1
-2.0046473619966148,0.25600811818767183,1-0
-0.44197697900821065,0.26344294580470773,1-0
-0.3423949190061136,-0.21954104253858553,1-0
-0.3053475146614817,0.1751807363888669,0-1
2.193838285873687,0.5557554621345255,0-1
1.0940197230807591,1.862076820893636,0-1
-0.05559050591638335,-0.9015721393191914,0-1
-2.037723702624573,0.7491779767075186,0-1
0.8837188512601248,0.39633438796514664,0-1
-1.2464158996698096,-0.17887538894693578,0-1
-0.6284262535936768,0.6160998003370259,0-1
-3.137420210664266,1.608281482087396,0-1
-3.5360619835790827,-1.070841283571348,0-1
0.0956195450213643,-0.37513013194466466,0-1
-2.100318706838188,-0.657866665234117,1-0
-0.7324175440221549,-0.29461210018494904,0-1
6.658876507852615,0.053688517499278464,1/2-1/2
-0.19720340586541465,0.20043381815178185,0-1
1.800407571094747,-1.7717223676156868,0-1
-0.865686046596618,0.2958875279984087,0-1
0.7574072899368198,0.8594703482514578,1-0
1.3381605398190086,-0.6090099516617888,0-1
0.38780052842796214,-0.20411501414833658,1-0
-2.322515615602423,-1.5628880399761382,0-1
-3.7709764144039,1.0599728505551913,1-0
-0.10210798456938364,0.5510288769231964,0-1
-1.9671075557672226,-0.07762977868178322,0-1
1.863758993396846,-0.18617867039634492,0-1
0.4852229548616436,-0.11223422779842293,0-1
-2.5192992229102855,-0.19919504078414277,1-0
0.6380124184025991,-0.03661946710353711,0-1
2.7696447027956017,0.7674201702333909,1-0
-2.958715699583643,0.19510258695114113,1-0
2.4879057593140446,0.1176481441828182,0-1
0.3844575816013899,0.7529486742977499,0-1
1.116495290539435,0.629057610031281,1-0
-1.1439786334686244,-0.09135169742887765,0-1
-0.5716927723024896,0.16456419462048028,1-0
2.3062990471666014,-0.6643416350515864,1/2-1/2
2.3457758322518005,0.22142214229907106,1-0
-0.34550615485132496,0.29066286436119465,1-0
1.5647433324642037,0.4478832391711704,1-0
-2.188641848890541,1.6990288646706264,1-0
0.5889456436781012,0.09183010315741405,1-0
1.8796805382040527,0.031759194495639596,1/2-1/2
0.5891965724392076,0.5896161371830025,0-1
0.05326917501262206,0.08642947094598002,1-0
1.9849882374692462,-0.18146403801339006,1-0
-2.2004474442179878,-0.3217857965914455,1-0
0.0887502138787741,-0.7683755291103068,0-1
-1.0019506826405966,-0.5683568899087652,0-1
0.06191867904942884,-0.28754025633894087,1-0
1.8044787951430545,0.1468299875947764,1-0
0.6893795667368917,-0.7445392851731286,0-1
1.9938364413915097,-0.22931946382233442,0-1
1.918844172795492,-0.33366945280016047,1-0
1.029466994317641,-0.5644796962850128,1-0
1.7704508522383007,0.5753389783211964,1-0
-0.41590954226125987,-0.023018259713657035,0-1
0.9906982344943702,0.010886536224317699,1-0
-0.1457464894251923,-0.4350850167069739,1-0
-0.1541107749219572,0.14846422395855047,0-1
2.5592984786278765,-0.35168674965263846,1-0
0.643112386761587,-0.5316978977336705,1-0
-0.9687300321679662,0.13715374793380072,0-1
-1.1743952941805862,-0.1642755432364537,1-0
2.022388604083122,0.2103604741113028,1-0
0.6921349546991252,0.045747248598112494,0-1
0.1033397808895654,0.19431250102806744,1-0
1.5803033556939257,0.9333490075003956,0-1
-0.8854242951449018,0.09655868490081199,0-1
0.3678538178519283,0.04972776955427999,1-0
-1.4003336951024377,-1.1237210360346157,0-1
0.047903987615858554,0.1893044621432081,1-0
0.5000486633963616,-0.15821487304327128,0-1
-2.46969670025334,0.003195859880026826,0-1
2.612789436502153,3.0727667442036863,1-0
-0.48494432748992,-0.17895891557650198,0-1
1.1031503792051227,-0.0706654291353304,1/2-1/2
3.0174062356212645,-0.7172570685093624,0-1
0.581572927099347,-0.15245174750441143,1-0
2.3398202979099256,-0.2589083553884158,1-0
1.1232358807970533,0.20280747861912535,1-0
-2.366294553935921,-0.1839530201244218,1-0
0.326361766316907,0.06359476806725935,0-1
0.019148960742024306,0.2363358342245583,0-1
-1.5200110188387586,-0.13492402716958848,1/2-1/2
1.549744676257554,0.38026307243095514,0-1
0.32642060547531526,0.5025570285548959,1-0
1.4629505152602833,-0.416107249504073,0-1
-1.1276768245218671,-0.5722438509023167,0-1
1.953626851009048,0.19925849397767922,1-0
1.1666107549707312,-2.8589801526401586,0-1
-2.0251555727186217,-0.03350305852574529,1-0
-0.3038434467646341,-0.3281217292672692,1-0
-1.224834165040673,-0.3974295566463488,0-1
5.085178608223214,1.8659480146083327,0-1
5.6498759745676965,-0.6735053619894705,0-1
-0.198649856012964,-0.215983513273726,1-0
-1.8417643685144656,-0.46995628290442726,0-1
-3.4231471986281288,-0.9188430703994119,0-1
-2.837006031040058,0.5316479187318365,0-1
0.7161104798640314,-0.11441533591182511,1-0
-0.7856080781754509,0.24683105444020106,0-1
-0.7236091518753753,0.9116221654553237,1-0
2.5290327735744365,-0.06864343985317668,1/2-1/2
1.767043104570182,-0.42662822210959855,0-1
-0.32237931914074686,-0.3266014028742911,1-0
1.844340065938491,-1.3529763601029365,0-1
-2.010929764299429,1.2415279484669113,1-0
4.480866393394009,1.1017187002566204,1-0
2.594012134429199,-0.09104958506873347,0-1
-0.9816366436696708,0.06874331901218203,1-0
-0.37284977071574843,2.6968319371534073,1-0
2.364713113829861,-0.3022929249613584,1-0
3.1627665862432783,1.3924776961746224,0-1
-0.16844293601178367,-0.17465560304323458,1-0
-1.1622947722769525,0.5234992226124423,1-0
0.9932417237484608,0.17656708614494984,1-0
-0.40308374018854304,0.08488562584371598,1-0
2.0206613086641756,-0.10353076933974237,1-0
0.8238264689135427,0.7501016330219676,0-1
1.3416657355869674,0.0924851094491341,1-0
-2.0519361573553483,0.13423638441793487,1-0
0.705722750963023,0.12960049914654956,0-1
3.455878865860716,-0.5496658325497743,1-0
-1.7032955282775013,0.6000575888912759,1-0
2.904423519712061,-1.5456203408425486,0-1
0.07521227635351214,-0.7612503325191141,1-0
1.094180177803546,-0.4495066451391355,0-1
-2.2107595404240046,0.46181134859888845,0-1
-1.7982025087908795,-0.2571745441294667,1-0
1.3782826532158028,-0.39147048557209013,0-1
2.004426097886489,-0.19437459959994044,1-0
-1.5771538741466624,-0.9126746249199206,0-1
0.49185812903687964,-0.35224518851546305,1/2-1/2
0.47460122385901227,-0.13987701829429022,1-0
-0.23226207769627005,-0.17916248450602384,0-1
1.1057650488688082,0.9603159512527609,0-1
-0.181702509782732,-0.2401687651620937,1/2-1/2
2.2274767969900693,-0.41074916291909114,0-1
2.3524865059991282,0.3954841328869665,0-1
-0.7977619204087169,-0.20854116699099115,0-1
1.6516604848029603,0.031363698431209404,0-1
1.3739779781325312,-0.20631068181771128,1-0
-0.2815162234922688,-0.18423949046447685,0-1
2.061913760252046,-0.4225960766217379,1-0
-0.7393212980665805,-0.5251593355326301,0-1
-2.53068390643518,0.3267954395232653,0-1
-1.7842142181704548,0.3062453483486917,0-1
-0.1505635876383216,0.4249690153951975,0-1
0.7616206875164202,-1.2438785874385012,0-1
1.1085134844535036,0.23287238541292354,1-0
2.6185133032894803,-0.3915253420504145,1-0
1.350591521229705,0.05228982919964336,0-1
-1.2449959479272155,0.04229432591845633,0-1
-0.44751639275993704,-0.2320504373604257,1-0
-2.077403351891994,0.35012550937184855,1-0
-0.3188068007551177,-0.4501975719292191,1-0
0.4741608418780221,-0.36477682279380097,1-0
1.2276872106140082,-0.0946443140847447,1-0
0.692409935879194,-0.34133524024517187,0-1
-2.2126541098203756,1.06728183039656,0-1
0.38606245842949166,0.027528825953557608,0-1
2.3056913663564313,6.294940000396504,1-0
2.0968832584704438,-2.131512338143578,0-1
0.6754875028071969,-2.9671133745404394,1-0
1.4305375178896138,0.8681394049684181,0-1
0.1760067844015357,-1.0994756149911415,0-1
-2.615554708510862,-0.16127934054877083,0-1
-0.8609486695262668,0.7085006512742482,1-0
-2.20543741425407,1.4240902775446687,0-1
-1.1156374360646768,0.5952982230679669,1/2-1/2
2.750823251209609,-2.5644159376382776,0-1
1.56967035315126,-0.1607960034440266,0-1
2.1699844733672355,-0.9817393784078239,1-0
-0.6453858652261162,1.2133693362645772,1-0
2.7599480756648105,0.6091906309708346,0-1
0.7913622365293964,0.22309005045710825,0-1
0.838322388283649,-0.28609275418522057,1/2-1/2
0.24987897390928063,0.37423052308368343,1-0
-1.3626315068087584,0.32670817547996245,0-1
4.566121108429286,1.4564243097505127,0-1
1.5821588191883547,-0.544724378491262,0-1
1.4907559647317834,-0.06029779993234925,1/2-1/2
-2.1167525416523523,-0.07540194295128512,1-0
0.6257503534899689,0.3540155343380819,1-0
1.992391158546922,-0.050388218196151496,1-0
-0.2664531302816831,0.35588261997814924,1-0
-1.6497688036487144,0.1911874913204601,0-1
-1.1801139810661443,1.0836938005403611,0-1
-2.4047647956368814,0.49774865995099543,1-0
-1.857598954980498,1.681522863301692,1-0
-0.6412242213044856,0.3142965985250837,1-0
-1.9333766974360176,0.2338910777314483,0-1
1.555557925629218,0.1294147632025301,1-0
0.8125901295749585,-0.10080933633577181,0-1
1.048267127400447,0.35578605254925383,1-0
-1.0732768828021098,-0.03293285811637962,1-0
-1.7745030345171942,0.6099090106726125,1-0
0.6028885061024561,0.002462654659026245,0-1
-1.3890949856268395,-0.19211678126689402,0-1
-2.421939954797509,-0.0950486357593421,1-0
-0.9009033758227358,-0.3028921812371438,1-0
0.18979767556236576,-0.1413130881102451,1-0
-0.2950540061517999,0.18448343845515633,1-0
1.3670035947451693,1.0732120368862326,1-0
-0.008038994779788587,-0.593798610353555,0-1
-3.261690216104673,0.2421030702241562,0-1
-0.09366923368058891,-0.08828763066205951,1-0
-1.8895641751971253,0.6934421328779499,0-1
0.5308823240128022,0.00778857318288481,0-1
1.0069923634472173,-0.0971324947184137,1-0
-2.0147181182018774,-0.3120488052715138,1-0
-2.291721633638566,-0.01728654347374132,1-0
0.8674147511931054,0.15870813433803763,0-1
-1.0483354650837389,-0.23401716942557366,1-0
1.0170073750796853,-0.14069979276909617,1-0
1.7136537374085288,-0.3368077277874487,1-0
4.975749880277225,0.8329739252848593,1-0
0.5963485647557771,0.2229059229746527,1-0
3.39277636602032,-0.23158783597903945,0-1
-1.3862609462329798,-0.034333752404931576,0-1
2.313969136307535,-0.6729835403739481,1-0
-2.659655622892162,-0.019922826363078298,0-1
-0.3793712760640508,0.12552965017439743,1-0
0.37800058910600265,-0.3464288149598427,0-1
0.9463700614171066,0.27338331162081664,1-0
1.1532929689570126,0.011338063291436377,1-0
1.6065302533014905,-0.025109159563002175,1-0
-0.8877314121603554,0.283230045944404,1-0
-1.2546658676811717,1.2042436160620458,1-0
0.6543810127474758,-0.20040576496599993,0-1
0.11802448313710398,-0.09807938875539496,0-1
-2.7714666035880846,0.20623043922657502,1-0
1.4434753245846403,0.8210052742672835,1-0
0.2697936099776621,0.12768981310759359,0-1
-0.5702784184054234,0.35219422627109814,1-0
-3.0871402061713207,0.49732087607351433,1-0
-2.058442954483223,-0.29278607146169766,1/2-1/2
-0.054220567778156134,-1.1329786039218697,0-1
-0.7565180854030085,0.6109386575534771,1-0
0.111712949214293,-1.2767651538098732,0-1
-2.764023794885946,0.08263942161360299,1-0
-0.9643277758619541,-0.22296983631342635,0-1
0.38234671848540003,0.18561819738832977,0-1
-0.7306237867248107,0.9592827764150076,0-1
-3.0745988409161256,-0.7316244933739127,1-0
-1.0116739985731644,-0.17342790936647823,0-1
-2.0666231724659796,-0.5279795064005675,1-0
-3.339354581716852,-0.7219146384250761,0-1
-0.9409033586173166,0.031773353312930776,1-0
-0.2581486205315782,0.09904312812074431,0-1
-0.0822768701617837,-0.9871512335001753,1-0
2.562162719352885,1.3301382240743094,0-1
0.25279166473476633,-0.10048995296363286,0-1
1.0020330375377984,-0.8421717647241368,1-0
0.2378395064353384,-0.1554864291960342,1-0
1.643405988657222,0.7407793697566845,1-0
-2.287417628897746,0.8142423797216835,0-1
-0.8044901694151485,0.644047534400987,1-0
-3.8822762506529966,0.1264643254197541,1-0
-0.8914662367612924,-0.3778180393656948,1-0
-3.3222020011673847,-1.152117914918449,1-0
-2.076710092124415,0.540890183324442,1-0
0.3073194107512439,2.023988577695858,0-1
0.11699378663316826,4.48472053736728,1-0
-0.22397980135362072,-6.709472065094385,0-1
1.1147221489806602,-2.5874834000883706,0-1
1.0507061371604072,-0.057966236130754654,0-1
-0.5655189055194264,5.802765210757472,1-0
1.2170482464470522,2.1548031590723156,0-1
0.788119889662199,-0.16689485663089157,1-0
0.36894997136744145,7.8289055660630495,1-0
-2.584015446875656,0.6218273496098013,0-1
0.2845708111379819,3.112169112828992,1-0
0.4958880891858829,0.10069421422748996,1-0
1.8674131851185087,-3.751611135111362,0-1
-0.5328548352601029,-4.640574635857202,0-1
-0.27720615953534883,-1.4607908238501115,1/2-1/2
0.1573436232642712,0.802251826740766,0-1
1.773306234987102,-3.1201273484783223,0-1
-0.5171154306254039,0.49175647905598124,1-0
-0.22728949569024368,-0.009546027317650852,0-1
0.34118827831697646,-0.8735662453003689,0-1
-1.0125203178904785,-0.5498363066820441,1-0
-4.084883651256186,-1.2160998087501667,1-0
-1.3606059812561324,0.25982877534163024,0-1
-1.499519313664704,0.5410741910549701,1-0
-0.8279145293858647,-0.4846101504173526,1-0
-1.493716035407212,-0.05541940274329545,0-1
-2.741195113460068,0.845568651986501,1-0
0.11475667204501273,-0.2134716941788435,1-0
-2.346568016555413,1.32658291582187,0-1
-1.6504775565270144,0.6206607036022583,0-1
2.1728486382432655,-0.2993372586998824,1-0
0.6040053002082939,-0.44582539705078206,1-0
2.74582890473711,0.5066025108523431,1/2-1/2
-0.4988912969371192,-0.15068035077913283,0-1
-2.7455800607527765,-0.0719751734001931,1-0
1.7975496882538042,0.08029433923725368,0-1
1.8163138890370334,-0.6825298988352632,0-1
2.8594822259537542,-0.4966929690845941,1-0
4.040581209188999,-0.6517987778923311,1-0
3.64313248999065,0.1351653534091661,1-0
-0.36531329268894175,-0.05544840210331298,0-1
1.290929704304353,-0.4000619108401159,1-0
0.9389728713078586,0.30135553384537606,0-1
-2.6332654066320584,0.040014105661800976,1-0
-0.6220794142869267,0.10308191376019712,1-0
1.0152370757078313,-0.26335161126911566,1-0
1.430358763400275,-0.40393230307744976,0-1
-1.8536548076125385,0.12430445849681526,1-0
1.7380110143678962,0.41389844456051805,1-0
-1.3637638698742964,0.39581125940515605,1-0
1.3080768959801727,0.26112634229776704,1-0
-0.4369791200063391,-0.730375038016084,0-1
-0.10898762892092596,-1.4383013764853403,0-1
0.894850790121331,0.029987397031679602,0-1
-2.63584771379946,-0.5111632572973528,0-1
-1.9942777053152214,-0.5733943288923233,1-0
1.5742945582963397,-0.18849344096137016,1-0
-0.12229572864133052,-0.34669194284894156,1/2-1/2
-1.759438068130105,-0.38131289747627367,1-0
-1.6771937800087844,0.2614792362293429,1-0
-2.103792764686746,-0.6009917907758106,0-1
-0.6051497191647779,0.10612449983269673,1-0
1.24602816504761,0.26869026466060436,0-1
0.40063536502659974,1.015106165274633,1-0
-2.1650659928739797,0.4042086436096042,1-0
-0.6764557649582935,0.8205223379012209,1-0
0.7941895325175972,-0.011925807445977637,0-1
-1.270644169498404,0.14093068493694286,1-0
-0.29721581946040815,-0.06975120862657788,1-0
-1.360199107331557,-0.35433464113807056,1-0
-2.4084287819230026,-0.5484381665646981,0-1
-3.573868078557403,-0.48924317566606595,0-1
-0.4825385377977433,-0.9446683340802579,0-1
-0.22349604090277764,-0.034466894365945654,0-1
-2.6771313791557105,-1.949890739603593,1-0
-1.9423381491325318,-1.1579869112717969,1-0
-0.41595841030549563,-0.11633523563145312,0-1
-3.0865838349298937,10.521240147684722,1-0
-1.6775243726387474,0.16244586238978279,1-0
-1.2520905128913082,0.23769087941012115,1-0
-3.272418508749817,0.04144024687313033,0-1
0.6877525647724793,0.09773854796601399,0-1
-0.29647734046863855,-0.3511304065434683,1-0
-2.225851613556629,-0.24367064913944259,1-0
-0.7297432317347097,0.284151172567999,1-0
0.9648617052634288,0.741668328319156,1-0
-1.2647799699341216,-0.4230134541191681,0-1
-0.25346773422545205,-0.08270209718248712,0-1
1.0139459221241307,-0.5389402927486926,1-0
-1.744533765437682,-0.18588255243841809,1-0
0.0810825707238332,0.32038251564104353,1-0
1.204718152984362,0.6335608738322613,1-0
4.379032676128395,0.2586442042883372,1-0
0.5593788752545197,-0.03864735156632241,0-1
2.1492460393187782,0.7853080016483931,1-0
-1.455159044336957,0.5073647154333611,1-0
1.360627490695522,-0.7034840306976803,1-0
0.24130567531810682,-0.964419393969663,0-1
1.1934717635148533,0.07482974159524726,1-0
-1.5426351935617721,0.5867319399942944,1-0
1.873082023944766,0.06425691997767696,0-1
-0.5759754771151815,-0.12873171874853173,1-0
0.4445186497313283,0.09009562519653336,1-0
-1.819870783817432,-0.15817496183609736,1-0
0.38423771491070496,0.014109721822384373,0-1
-1.140086297032556,0.42962059090869376,1-0
0.2530878127200633,-0.07484779080752829,0-1
-1.4209912624479857,-0.2700816078061356,1-0
-1.4969626796940756,0.24191294283264494,1-0
0.22424739100894417,0.21188819941805234,1-0
-0.10323071861552872,-0.2846623262548235,1-0
-1.1976772933321125,0.43766843288012486,1-0
-3.0710466502804343,1.5945315622463185,1-0
0.3751592118130121,1.1191008503819564,0-1
-0.5430643283162655,-0.10895265776514337,0-1
0.3214168638070575,-0.6615187377041232,0-1
-1.5769062521108217,0.27009013299144197,1-0
1.185860326303279,-0.3664079319393678,1-0
0.8101031883590144,-0.5460460328693155,1-0
-0.656567893540668,0.12771729371096774,1-0
-0.6388406681286891,-0.22397382050932874,1-0
-0.5930514883814064,0.07538085858104451,1-0
0.14271107404340336,0.2668925950548341,1-0
1.2499004802385814,0.736197105549061,0-1
-2.5609552634402966,-0.18703441440963697,0-1
0.320754741958879,-0.09391347608748724,0-1
1.9735615841715057,1.0056060854697106,1-0
-1.3563445763715687,0.014891678884229528,0-1
0.49198807275590384,-0.04740495157937377,1-0
1.0338684471583017,-0.033422912409460034,1-0
0.8957991429467821,-0.09428750648110247,1-0
1.9982112844471454,0.2170707181674955,1-0
2.3353192930782116,-0.31916956770003124,1-0
-0.14631425775914408,0.004710066612021697,0-1
-0.7864844688687864,0.10913704679624578,0-1
2.056915483306416,-1.6786405184930064,1/2-1/2
0.4798434771882109,0.09622335799148826,1-0
1.4247128638550148,-0.07302286507873533,1-0
-0.4447176014760953,0.743521747940861,0-1
1.293669390183986,-0.11446870368051319,0-1
1.2730614943480252,-0.05869266765701679,1-0
-0.8572584696560481,-0.17441897251497906,0-1
4.612438874759599,-0.5560418526911017,0-1
0.2814143777525624,-0.5330548473910545,1-0
0.6397360650015003,-0.2881890714397719,0-1
0.7466845192882241,-0.3070756459038001,0-1
2.4229308507446783,-0.18566523093712478,1-0
-2.974203472692618,-0.06522600137935726,1-0
0.9645720917119114,-0.01610615991793032,1-0
-2.9252596893096063,1.0192142910346809,1-0
-0.30010654001531434,-0.07348644970265243,0-1
-0.30512671138254516,0.14834767956847628,1-0
-0.9530912243837176,0.11562437018077094,1-0
-0.13585118415177538,-0.18683054946985778,0-1
1.5430926326967556,-0.47976787051533387,1/2-1/2
1.1581314429472493,0.688939895034684,1-0
0.4452548376028358,-0.9098019798209053,1-0
-0.12974480553144865,0.7600481184990598,1-0
-0.5482495583896381,0.751338749836244,1-0
-2.0380766076198955,-0.12183925168170458,0-1
2.4297136414898524,0.08802558082247373,1-0
2.277030584725679,-0.17616687934569386,0-1
-2.398533476649586,-0.30018369932758193,1-0
-2.5856527620490204,-0.13197967349395026,1-0
-1.1387819987323171,0.2403674742453135,1-0
-0.7819280615590568,-0.4694170910553244,0-1
2.063351384845554,0.0074351737842035,0-1
0.7312897637365231,-0.3060674797172539,0-1
1.9009406388801677,-0.1739339071967434,0-1
-1.1986867223300857,0.1677961493223119,1-0
2.0781557934521433,-0.5767784812870574,1-0
0.39008426336690455,-0.5226065792728593,0-1
-2.133322797345399,0.06044037328445657,1-0
-0.5978424520271907,-0.3558464379311389,1-0
1.883726870778108,-0.02729680309957251,1-0
-2.6326088826294076,-0.5611308391696092,0-1
-0.9265459995483969,-0.170716139003883,0-1
-0.8971764401875887,-0.39390218624236745,0-1
1.0271954675069852,0.054842079992308744,1-0
-2.758544498975659,-0.34559701808619797,1-0
0.2343476643557968,-0.19689207560388428,1-0
3.3697149039019294,0.092506365663101,1-0
-3.162265667937707,-0.10080512114660979,1-0
-1.1292749796871409,0.30988551070550713,0-1
-0.02785898934531205,0.012038012480358726,1-0
1.2976870090818027,-0.08786787091738277,0-1
0.8727930833064069,-0.40900865500214767,1-0
0.2996898254710759,-0.0020585618793839276,1-0
-1.5429060862940547,-0.8384340366723916,0-1
3.810732093106623,-0.21438549892541114,1-0
0.977398906221859,0.32554857036269297,0-1
0.4553642785985096,-0.0817566021502216,1-0
1.5429152544822577,-0.031559788663481046,1-0
1.950229229320833,-0.09546568955483488,0-1
2.6884708439957974,-0.21077534686282406,1-0
-0.5900424191672324,-0.059648106317411395,1-0
0.14797516452028134,-0.1009711046098021,0-1
1.9076593347161854,0.877694532533498,1-0
-0.8494342512542272,-0.6375808049431005,0-1
1.4565405176326287,0.1091762557476427,1-0
-0.708972514206721,-0.36526706836871464,1-0
-2.8510930701861854,-0.45215677030516455,1-0
-1.072196615489321,-0.14819931576416145,0-1
-2.827297426495691,-0.3703129172002552,0-1
0.29534174706619615,-0.002184409655050665,1-0
2.046367014861762,-1.2473952842668967,1-0
0.2681507728077488,0.3397659608080741,1-0
0.7492089997344482,0.03889030129096748,0-1
1.1204039235515761,-0.36138835598831903,0-1
1.4943743896989354,0.2075933267797742,0-1
-1.032516857950755,6.641181225097416,1-0
0.2173431431717806,-3.2679443156406953,0-1
0.8708298367603552,-0.4626373594349292,0-1
-0.8836461068072582,0.971268593716154,1-0
1.2493323698098497,-0.0744473828049973,1-0
1.2403249898478308,2.7697590714140166,1-0
-0.8207664923941813,1.0864364597112914,1-0
1.0134185569502103,3.1315626063525754,1-0
0.6265287201062016,-0.18203050100901907,1/2-1/2
-0.0386130342039815,-0.4011383003615801,1/2-1/2
-3.2526268067490003,0.13387490438004698,0-1
-1.2517722615125313,-0.08961431673014136,0-1
-1.506925595573794,0.3316436146059156,0-1
-0.9322792429564247,0.9318190817115675,1-0
1.0851457483699127,-0.1759185919993214,0-1
-0.1254402062971562,-0.42453453927432544,0-1
-0.11381464414207954,-0.1605591484354195,0-1
0.12346517010595888,0.21311857135231255,1-0
1.4135778304081956,0.46598608687696336,1-0
-0.14341560481163487,-3.6309789674844755,0-1
-2.1677623327059257,1.1778155831720296,0-1
0.857261103410472,0.0365574732600882,0-1
-1.2768467175355398,-0.020708281334804967,0-1
0.6379960459775471,0.47537593323462796,1-0
1.3755418976250178,-0.036900042262960536,0-1
1.5993194218265128,-0.09736120584228881,0-1
-1.5440404556589964,0.6365047070172904,0-1
1.970130587549776,-0.0026729602149912967,1-0
2.613630831484163,0.7616987556451023,0-1
0.8526399928510059,-0.10840705024479991,1-0
0.11601351410694741,0.1142341344443016,0-1
-1.642711031723471,0.07779581423677424,0-1
-0.29205815750314296,-0.48512658231934885,0-1
2.0347837863171416,-0.6859213731070247,1-0
-0.5710074015007003,-0.39672922174224867,0-1
-2.861406311952333,-0.027818828665104635,1-0
0.9400385603553468,-0.19543442036518685,0-1
-2.03476787472328,0.20872643453620032,0-1
-0.1134774412293576,0.20576475334216518,1-0
-3.495483422281087,1.3628202588039704,1-0
-3.4257911006125457,1.1513668145586557,0-1
0.4223199366292248,-0.5953116713759079,1/2-1/2
-1.684525653799766,0.8701958880525397,1-0
-1.0607127082210444,1.1221429309873505,0-1
-1.2066386691796476,0.04521329789588605,0-1
-1.7692500066084715,0.3004743034054515,0-1
-2.2306522820707855,-0.7695265125674189,0-1
1.5034663796079457,-0.1118000282497012,0-1
-2.3520236021415166,-0.3804887390202555,1-0
-2.8922675979588024,1.1250082542093385,1-0
-2.622209694959316,1.1501973855651846,1-0
1.739114663757196,0.43045219099366694,1-0
3.0741497638756035,0.17627546436293884,1-0
0.8484739539178997,0.24247071263821085,1-0
-1.6262847437803167,-0.006287426688326101,1-0
1.441563028231207,0.4542807400068164,1-0
-1.291620121345629,1.1963669504786618,1-0
-3.219354345344479,-1.2388051509198357,1-0
-0.07970231883727161,-1.06252360202932,1-0
-0.9688818130346695,0.436277586948126,1-0
1.1070927292455581,0.9028830386703113,0-1
-0.49944813582581593,0.10517738131536385,0-1
0.05800236604337704,1.075778832211367,0-1
1.8086897250526794,1.590936651465139,0-1
-3.5469629931814484,-0.024084332559990672,0-1
-0.1520678645070485,-0.1966597317946965,0-1
-0.27553291206240726,0.9761061861604234,1-0
2.5492195810581313,1.5947493892147173,1-0
-3.919058360110874,1.1233688399442132,0-1
-1.033402809384915,-3.248020575630104,0-1
-1.5984803067460476,0.11577117816014726,1-0
-0.007216936853316335,-0.45745290301514635,1-0
2.740184416997781,1.447787870055379,1-0
-2.4177059849061524,0.23043866051889753,0-1
-0.6949731037442198,-0.7341906634800142,0-1
0.7819027851025938,-0.47396794596400377,1-0
1.4915546405817448,-0.05577229667487134,1-0
0.27310778585407475,0.13019745021183232,0-1
0.5631233288748497,-0.2823935533594371,0-1
-0.413856239620647,0.5901175190854243,1-0
1.8735943898007024,0.263277186821867,0-1
-0.9158754005015299,-0.04975637259021958,1-0
0.5201317190022988,-0.9648581047178041,1/2-1/2
-1.3996136706841027,-0.486692027867859,1-0
2.3104308504269206,0.0363206032279775,1/2-1/2
-0.43985062278149956,0.21053553647973608,1-0
1.0002651841519377,0.11529255620483224,1-0
-0.2307167676429489,0.5470586288039336,1-0
-1.2261474220178536,-0.3200708798295586,1-0
-3.0393180871233016,0.10590631484080018,1-0
-0.08971165677523278,0.01400623325514295,0-1
-0.5387895124693632,-0.5677148347114538,0-1
-0.530755344384882,0.12565048128353937,1-0
-4.060042988362921,-0.4317332568537148,0-1
-1.027367920846797,0.9740229097052013,0-1
0.9354686879771305,-0.16638868254229663,1-0
0.25716658363938116,1.3453230830452034,0-1
1.6744391526244709,0.34171674933603724,1-0
-1.6091520513530457,-0.3644477918037902,1-0
1.90171046793099,-0.20925993240794674,0-1
2.6493769562651903,0.17358883619469692,1-0
1.039612962106364,-0.06945591267635569,0-1
0.17372070106841,-0.6255879617751843,1-0
-0.33832195490420286,0.042158935253341835,0-1
0.16730315656974498,0.3980770248342629,1-0
-2.0875659583515698,0.116080408447309,0-1
-2.8156172653279508,0.14602749159824488,0-1
1.2805708222024832,-0.11619454731306002,1/2-1/2
-0.021979353944229292,-0.29822951761816124,0-1
-1.587746704244007,-0.13713240642951674,1/2-1/2
0.5872785451173462,0.06384356088073725,0-1
-0.08384300492555337,-0.8756574261364679,1-0
0.5667895521750852,0.7189781997392148,1-0
-2.097508852986191,0.25927652766969456,0-1
-1.7884060634232344,-0.31872385877680015,1-0
-1.0381617960560083,-0.05840106089850937,1-0
-2.01354896209749,-0.46315676560468655,1-0
1.0774769596548408,0.553580249201755,1-0
2.3119879506647694,-1.1864904980013264,1-0
1.6650180253182418,-3.21912971375762,1/2-1/2
1.784196545858923,-2.6219263619177338,0-1
0.4107214239457625,1.7113313388643858,0-1
0.6921790856371058,-1.6595703220136282,1-0
-0.17085984237826396,-0.11385067265959321,0-1
1.5098197533484754,-1.3569502409075118,0-1
-1.1556897235838866,-0.24113082895057697,1-0
0.36728477083494526,0.004755290495977783,0-1
-0.029213567495718205,-0.5023017679783787,0-1
0.845557902261,0.6388364320537113,0-1
0.49620412529337676,0.05429346500568568,0-1
0.17262171293638645,0.15706998430219715,0-1
1.7107400341458125,-0.09583809646338277,0-1
-1.5339292746097193,-0.19230229273056182,1-0
2.1281333244978913,0.143682289469968,0-1
0.886499649341104,0.1486948395542468,1-0
2.6802271224295833,-0.046894759090288396,1/2-1/2
-0.8680388580539419,-0.4212451695885931,0-1
-0.24217612553175275,0.0038851631850429637,1-0
-0.5706555089426084,0.2405371619237241,1-0
-0.5608616426838566,-1.0266366509796216,1-0
1.3174440001921521,-0.31984114274796904,0-1
-0.5928619020386224,-0.07199701211800946,1-0
-3.6762852662395686,-1.3972159149269918,0-1
0.6457335908590518,-0.23284884342656106,0-1
1.5081375037717784,0.4857406747232571,1-0
-1.1047826363809015,0.023023672704259764,1-0
-1.3333218563175104,0.3047235182225738,0-1
-1.5993434195999447,-0.3612562687997415,1-0
0.9461183291906486,0.666777645718008,1-0
-0.14528400405072234,-0.5631325705038303,0-1
-1.9382217058600335,0.28842157206918245,0-1
-2.2321007385177385,0.21989181577156158,1/2-1/2
-2.049136562606155,0.21862820159644183,0-1
2.7839409856919994,0.1707834908459823,1-0
2.020491743566489,0.09731254880842648,1-0
1.803088550938872,-1.7995830621166968,0-1
2.815559031881732,0.4468950349222993,0-1
1.363969918877601,1.3549867158440496,1-0
-1.5849158925586606,0.06780422462765358,0-1
-3.067958068895361,-0.9380957708761787,1-0
2.3631955050155478,-1.3479217133529087,1-0
1.7969261753470578,-0.09153479895361882,0-1
-0.023011689801033783,0.6760259252431727,0-1
-2.5896924843403166,0.19436685203928641,1-0
0.7708783444721525,-0.7002729314711341,1-0
1.3908334741084507,0.10351588882856719,1-0
0.4005263791409244,-0.0019406335080975553,1-0
0.18578901534149092,-0.05601948102678544,0-1
-0.43372107105654106,0.1643031956835542,0-1
1.6844264630179315,0.6175571263669477,0-1
-0.482139134895199,-0.06102741518322076,1/2-1/2
2.016101540523032,0.39666861188001196,1-0
-1.4892438773746366,-0.035009718900361204,1-0
-0.7586578525920582,0.8776711473673584,1-0
1.3122530391503513,0.38140222281162045,0-1
-0.6833084356872006,0.40238763155287766,0-1
0.231728830395346,-0.41504784450101156,1-0
-2.3191787635230408,0.6981323968522342,1/2-1/2
-0.3172458427253442,0.01738338747478706,1-0
-1.8202833887104355,0.2969404126018055,0-1
-1.8564713290212154,-0.18621476715303817,1/2-1/2
-3.345962054653081,-0.8013113527896288,1/2-1/2
1.6886969597023371,0.6100228285831608,1-0
-0.11810818080821671,0.9655945169404905,1-0
0.8899785232538211,-3.611031722555816,0-1
0.4620758455072758,3.7181157446298116,1-0
-0.9572292014079786,3.270871378866232,1-0
1.9917784309578834,9.250724518556249,1-0
0.9235781157561577,0.3023637000319222,1-0
0.13853815858173815,0.09946311234577268,1-0
-0.5531457259781521,-0.005966138844365984,0-1
1.1938022230219163,0.048354756607783614,0-1
0.6213767891173644,0.3923929147255499,1-0
0.9987731154114972,-0.20550597983226296,0-1
-2.5601890832095195,-0.7878212874081202,0-1
1.781162009252082,-0.5750568196451543,0-1
0.41714563600110727,0.0810423850009806,1-0
-0.8634387053278246,0.43592591576293616,0-1
1.8295645799800186,0.2705116774560123,1-0
-2.6830486900777464,-0.028612843283748222,1-0
0.46332518412501333,0.15272068912279443,0-1
1.432871035718213,-0.35879656703548113,1/2-1/2
1.2550281498365767,-0.0782890001626653,0-1
3.5311375749036196,1.3055696534302375,1-0
-0.8991474998504514,-0.20016612697146483,0-1
-2.7123758585541773,0.14610801076153146,0-1
-0.506774145525469,0.9984504340073824,1-0
0.11683301466735711,-0.7189552829718854,0-1
-3.385533787745979,0.45684662912616397,1-0
-1.4816945070299843,0.014419296341825316,1-0
0.7911236490194766,0.1516425864113424,1-0
1.9779705080341976,0.03885853396852552,1-0
-0.5544445595557634,0.09131830220676487,1-0
-0.7535245851485347,0.09672472487040647,1-0
-0.7753446410417906,0.4948481461781012,1-0
-1.0972879981718133,-0.3054206888401716,0-1
-2.8191578423288277,0.13681322809962243,1-0
-1.0840583409111555,0.36040459527873864,0-1
-0.26967767117506636,0.30026760725772245,1-0
2.5468798925745144,0.17668551998334164,1-0
-2.3078603329046645,0.35706949624194473,0-1
-2.717612668903579,-0.4180504146379132,1/2-1/2
2.0112265397397464,0.052088374198790775,1/2-1/2
-0.32120563490198334,0.1959939704760428,1-0
-2.1386281331465233,0.8360284696925715,0-1
1.7528619208817076,-0.15769152000292908,1-0
0.3343305608092005,1.0501301496555977,0-1
1.5325475468263463,0.2659214938440084,0-1
-4.41470162591399,1.1352598030064522,1-0
-1.6251666709914478,0.030192083979163384,0-1
3.3433123463906393,-0.3937691363416009,1-0
2.754019439096592,0.7006328263245348,0-1
0.1723488139047004,0.13773966739999954,1-0
1.3281323834700025,-0.10060085546814919,1-0
0.9023424668677059,-0.0002866446634963689,1-0
-0.5298401357782352,0.6488413019660163,0-1
-0.20690885855024713,0.05581819786965916,1-0
2.2593777133256605,0.23033798262926408,1-0
-1.6619566694151153,0.2750385081883003,1-0
-2.9323232680522566,-0.025864927942437863,0-1
-2.6668252663168146,0.3740152258061389,0-1
0.9625531005930646,-0.6813590858605799,0-1
1.827748719289195,-0.6304358408475773,0-1
-0.13508695294648063,-0.25569625789583533,0-1
1.624002363912767,-0.29785006981933987,1/2-1/2
-0.439590065001,-0.19647271659788892,0-1
0.6534170119455724,0.18250929245273337,0-1
1.0975055493710144,-0.37991964160534825,0-1
-1.2125541610313284,-0.32818630489337103,0-1
2.1728454863837303,0.747239197514332,1-0
0.872965018541108,-0.5291586877403344,1-0
1.2374694988278845,0.0748973246876287,0-1
-0.28365247498417345,0.5224454883096608,0-1
0.6240374056216127,-0.939372798897629,1-0
0.10261975647123031,-0.4427165071386892,1-0
1.794572427301482,-0.04299548724486454,1-0
-1.6380300695683656,0.8954734429525492,0-1
-2.904402507233181,-0.5100722185149955,1-0
-4.204190418889102,0.6164865905432164,1-0
-2.2128860297736157,0.3892103990968363,0-1
2.632301153970845,1.5026326263703034,1-0
0.03920122052334045,-0.07823776134615001,1-0
2.8710157829887875,-0.26030348803948233,1-0
-1.5367275906758813,0.20807345246822906,1-0
-0.194207690339658,-0.594684561449747,1-0
1.8992631480937088,-1.1601801840257486,1-0
-1.0718216071005187,0.36987055432869453,1-0
0.2645725234536915,0.304314087821204,0-1
-2.0839509732325836,0.9434419002181826,0-1
-1.150420838726832,0.315725522722341,1-0
1.2428702764294455,0.4046727487241302,0-1
-0.3866942452842386,0.08280726132659459,0-1
1.756400415734202,0.25793554924117534,0-1
0.11552986192724927,-0.17044296275823095,0-1
2.9521039838732794,-0.9306680461626569,0-1
2.1442655466041316,-0.3724559193567189,0-1
1.2262183939949514,-2.0463789805775057,1-0
0.3575125651741593,4.9339390341097795,1-0
1.6302669819845974,-1.3816504209647358,0-1
-1.8630644544068533,-1.2451085713022567,1-0
1.5929961735681533,1.6724080976615006,1-0
1.0137063221769798,-0.8441386015177088,0-1
0.5992540183828663,-3.8938987195487784,0-1
-0.08101643655372491,0.7799299381022325,0-1
1.005043122356976,-2.380697860608915,0-1
2.115452199216382,-3.7799212427508215,0-1
1.0673169539881413,-3.102412092456083,0-1
1.655288538789505,-0.6055394619598806,0-1
-0.5705689685451926,0.3600917473297678,1-0
-3.6409237030177577,-0.5991785633480332,1-0
2.6473357859038846,-1.138139585470592,1-0
-3.101005353752302,0.7198568289583794,1-0
4.640893301362739,-0.3029958665930567,0-1
1.3228881811153212,0.19521993281857802,1-0
-0.5727733817100576,-0.9706089194047918,1-0
2.1254745811701468,-0.05589601549836526,0-1
4.019462896522585,-1.3269641732855306,0-1
1.5621554274512741,-0.13683380700275763,1-0
0.1944265419647215,0.6302011668829417,1-0
-1.9312357846868369,0.326417791467841,1-0
1.6631063558804464,-0.21106060947999666,1-0
0.6551664107579989,0.14345317760741147,1-0
-0.05878551582106875,1.5835435197751708,1-0
-3.2443768387376384,-1.2492441006289348,0-1
-1.6750565160796487,-0.2114548978215444,1-0
-0.5982703596340939,-0.02889931362380326,0-1
1.4639387774530284,-0.558959616945649,0-1
-2.2460047040120306,0.05693095561790518,1-0
1.7958781374076527,0.3780273172960767,1/2-1/2
-2.3038152790136404,-0.18675406373056513,0-1
0.15224013920813825,0.8573777684106433,1-0
-1.3205063133475974,-0.4201239719453578,0-1
-2.755261461018647,-1.1014593165511886,1-0
1.103814583201684,-1.0446834964974483,1/2-1/2
0.2630163598040945,0.7614531797547519,1-0
-2.4561242639772636,0.8327953554898793,0-1
-0.2858757065600835,-1.3763759175157224,1/2-1/2
-1.0177490844083594,-0.00033890943772601914,0-1
3.465092182906589,0.5743261811833033,1/2-1/2
-2.9938176416132065,-0.24427100840968635,0-1
-2.7602170622590414,-0.28161488475062535,0-1
0.9244599494292899,0.11199965856221138,0-1
-1.0463975496396807,0.21971249549878277,0-1
-2.1078324297041213,-1.1485597604345565,0-1
1.8047029592534052,0.19835168740620163,0-1
3.3612961525154015,0.549198947196055,1-0
-1.0589881250338915,0.10490131735535978,1-0
-0.5040618187900641,2.8538908879216316,1-0
0.10567782685254028,-0.3589201372923253,0-1
-0.5213814967672435,-0.06251811699714839,0-1
0.42964306071514374,-0.19099155019966474,0-1
-0.7226342433710476,0.1086803833106747,1-0
-0.016377661185928594,0.07675576097585853,0-1
1.5227209759765312,-0.19714828235463716,1-0
-0.941630854057683,0.8925486805229119,1-0
0.8422490362414837,0.18276238700878264,1/2-1/2
-0.31033662395829087,0.15596194721021858,1-0
-1.9146999736384565,0.11718426354864382,1-0
0.276488426776658,-0.5645392552445898,1-0
0.9014428272207594,-0.14429249756135862,0-1
1.3355574079411583,-0.3224723939472777,1/2-1/2
-0.7576141879212979,0.09600342976259674,1-0
1.8539157080271995,-1.3876926179298794,1-0
0.09941414536896137,-0.040791795442685415,0-1
0.2716912739596468,-0.6504426297123099,0-1
0.08986284368784643,-0.4038379693291513,0-1
1.6817308508023578,-0.499439156212413,0-1
-3.902096666330052,0.11968649827117994,1-0
-0.2337328465085822,0.03827198928329371,0-1
-2.5952384325258224,0.43100579495513475,0-1
0.9415683231917984,0.38769109866157264,0-1
-1.0347287931348752,-0.4559576749782958,1/2-1/2
-0.32863193805617047,-0.06690205342212645,0-1
-1.5304583903635267,0.5613099155239294,0-1
-0.5643531426686187,0.18239727428558217,0-1
-1.5939514675524256,-0.017866925782806315,1-0
2.586821036210687,-0.5969422750543694,1-0
-0.5260880021639947,0.03222197764219386,0-1
0.47834594372514283,-0.13260650243335742,0-1
-0.404754278597464,0.6163694486257894,0-1
0.8377811183546526,0.3489499456938908,1-0
-0.8808145133993915,0.04893548314912782,1/2-1/2
0.1448262345790589,0.14690581930031385,1-0
-1.7925567423685191,-0.7135923409552049,0-1
-0.9941195118612377,0.4862113772741918,0-1
-0.3892252601642422,0.4689736402128088,0-1
1.1567305000125216,0.2874847828951565,1-0
-1.2841219101654748,0.433960582702504,1-0
-2.4216349812581703,-0.08302039258367117,1-0
-0.9218240583148459,-0.01177962468563432,0-1
-1.2966098824098315,4.067174237460806,1-0
2.0090480877602857,0.058832409801174275,1-0
-1.3521019898980497,-0.7981661566639946,1-0
3.001318353424885,-0.781505217448386,0-1
-0.7262892709802276,-0.8256120033584288,1-0
1.7452073465943259,-0.5331981274135423,0-1
2.2913202790821487,-0.8040047131697104,1-0
-2.6580770137543053,0.4204302950800605,1-0
2.6471196438822244,-0.31209483613967104,1-0
2.579131080690387,-0.2801680848526821,1-0
-3.0732655626938477,-0.755517722741588,0-1
-0.4683537843059756,-0.010319066709081304,1-0
1.4696491898512039,0.5820557427770539,1-0
1.8429592742039875,0.061790309743247,1/2-1/2
0.7875131702920357,-0.23810494517744135,1-0
0.7666435711154446,-0.13457985962659402,0-1
3.1699941895120087,1.3292594185968152,1-0
2.228790396062029,0.7623317319371725,1-0
0.5706914417815677,-0.6642666530454335,0-1
0.19869797523737884,-0.14300514019660124,0-1
-0.7798494278164505,-0.25638227274781805,0-1
1.0517367329636085,0.6246306984264471,1-0
2.4165619080444483,0.6803000139360711,0-1
1.7498759674982445,-0.14185906867759,0-1
0.4401938202800593,0.09628162267477357,0-1
-0.4137477289526515,0.23121638736807712,0-1
3.428873188095798,11.98794885408402,1-0
2.0720655348581762,1.2308986030477236,1/2-1/2
-0.22390419351038432,0.09492895973645732,1-0
-0.630536180121415,-0.7169026858681503,0-1
-0.8525075485004581,0.14987742909897458,0-1
2.3372747265074527,-0.018176099563565903,1-0
-1.7998452128378923,0.08040996239803753,0-1
1.1274121570901323,0.4485917179600026,1-0
1.8013574333179392,-0.05020912240372426,0-1
-0.7305084753772352,0.11926603627072614,0-1
0.5871477220839916,-0.3492391619515786,0-1
-0.5516606668891708,-0.32898320722636665,1-0
-0.7260538353298424,0.29241191690155144,0-1
0.17494533549979205,-0.41608841825253623,0-1
2.483161714687013,0.3116589881609367,1-0
0.07644602432756699,-0.07825861682143555,1-0
-0.26801939816835296,0.3418680685148329,0-1
-1.8583267352417228,0.4179441236466368,1-0
0.31839459260242425,0.8122665205292726,0-1
0.5164767672420979,-0.8997276373679012,0-1
1.856677972517992,-0.07909883856656602,0-1
-2.8398591550907635,-0.44527256687499694,1-0
-0.9640991594662068,-0.49716765683750086,1-0
0.9321801852974909,0.6814422915349435,0-1
2.4705520546359576,-0.6222896467273572,1-0
-1.5915145399408481,-0.02520640871733278,1-0
0.48610580097200656,-0.06884742454488349,1-0
-0.1090983007540562,-0.03516231733194507,1-0
3.169894162303275,0.42410705966067463,1-0
0.9871411519455412,0.38815931423683664,0-1
2.599390599665401,-0.5332580155818951,1-0
-2.1980904467210673,-0.18138933699399104,0-1
1.3389959514338983,0.18742517037969272,1-0
-3.3747666771875235,1.0430062655157115,0-1
-0.32181040524666404,-0.40713728264301263,1-0
-1.8986074301848004,0.9806441049981977,0-1
0.11574506736065807,-0.2308157027933958,1-0
4.714349161308457,0.060941944113384584,1/2-1/2
-0.9851275491609608,-0.7383343366914241,1-0
-1.4112611272607798,0.7272111524356323,0-1
0.3280942384698497,-0.2015887552494091,0-1
1.0681761656233006,0.07570565935838965,1-0
0.9806522939143809,0.42101511155180094,1-0
-1.1466549520554734,0.7357206895826627,1-0
-1.4412829890535521,-0.1351979621774197,1-0
1.7479237835203476,-0.2539167655078466,0-1
0.4206650461967562,-0.3224680024997859,0-1
0.3532067879575699,0.36835726882599,0-1
-0.24756794445637192,-0.21399582100486847,1-0
-2.2837173820643755,1.276390894521303,1-0
-0.13879480392478247,0.6544512038542594,0-1
1.004042936856803,-0.41432163745510103,1-0
-2.967650310780422,0.2489117861810655,0-1
-1.3615078361743618,0.39672736936222625,1-0
-0.6263574902645084,-4.781907526605186,0-1
-2.9661930287794274,-0.7541204611383487,0-1
-1.2115934669546908,-0.02612263842633051,1/2-1/2
-2.773778039766035,0.8441296794326906,0-1
2.242034862243849,-1.6929600135244167,1-0
1.2313123789868188,0.5660456993924272,1-0
0.18269103559288696,-0.12123838694435538,0-1
0.003213125658148306,0.12398056392525691,1-0
-2.4682313961636555,-0.12226993829704128,1-0
-4.358509623523678,0.19383568432298787,1-0
-1.704722090302854,0.11159734608785919,1-0
-2.6255208520990947,-0.024395066580292217,1-0
-1.9763949961103453,0.10458504617792447,0-1
-0.45478054456454736,-0.07189993922200862,1-0
-2.6474144367961285,-0.3361763876486222,1-0
0.8864294055197608,-1.4822780002089684,1-0
0.4667141319571451,2.4599044996737547,1-0
-0.10353548318298786,0.8282406434155357,1-0
3.379573473410418,-0.45114878588378643,1-0
1.2233447300546563,-0.061230478645637174,1-0
-0.0150645373316482,-0.12611127466795544,1-0
1.1043506191227628,-0.22673693441686338,0-1
-0.3126139575863541,-0.38318717257326423,1/2-1/2
-3.4938366870602082,0.08690178195847857,1-0
-1.3101065311840339,-0.7249073281793739,0-1
-2.235701300237155,-0.5875439117649714,0-1
1.9674351843060816,0.0052619700516781534,1/2-1/2
0.7651072955880445,0.250516320929045,1-0
0.06754025992992642,0.01540211087717008,0-1
-1.4027103500068445,0.16894600209328553,0-1
0.09162530820005874,-0.26991076062686437,1-0
-0.5102740314365315,-0.15661103504423052,1/2-1/2
-3.4796607591224826,1.0348649683100888,1-0
-0.6343451280196022,-0.07174393258546376,0-1
-2.4524182103264858,2.453414766350303,0-1
-1.6820389215557008,0.19050137174005327,0-1
0.5386988624207124,-0.08250013671452909,0-1
1.6243973935466665,0.27368524772263103,0-1
-0.918486345496191,0.48414594882797557,0-1
1.8324817771970494,0.23340516159078592,0-1
-1.2367901108538337,0.3644928915212153,1-0
2.1436221673180187,-0.2361527726682659,0-1
-3.041175996603724,0.5038635614034693,1-0
-2.463704772241316,0.02499640467846338,1-0
-2.0671144287906094,0.559639372946614,0-1
-2.8817982747385127,-1.9230187548185593,0-1
-1.7215887602269984,-0.029219217486551173,0-1
-2.584982023618679,-1.8381300669370502,1-0
-0.9594194759941328,-0.16425759049902372,1-0
3.064671933724346,1.3970485280444804,0-1
-2.05267606989588,-0.4307497123709129,0-1
0.7581246593972824,-0.7085479958568041,1-0
-0.6904431189904665,-0.5085695638726936,1-0
2.204740462779014,0.10434708817485894,0-1
1.0234563237435514,-0.15497812615526643,1-0
2.0408555871699017,0.0620577243514137,1-0
-3.3993056515238846,1.1917360541821211,1-0
2.019375886048903,-0.22007140877752127,0-1
3.615972786774504,1.360994018268544,1-0
2.4567549170299787,-0.3612137563718077,0-1
1.5672300647082684,-0.23181127714131597,0-1
2.498504893130458,-2.751046986736014,0-1
1.4404237886371098,0.00507657833993791,0-1
-0.38612319196785194,-1.2780559193795915,0-1
0.4719724728905371,0.05965540875633178,1-0
0.37706247364052464,0.3745080907768273,0-1
-1.5108696856678323,1.01494752421881,0-1
1.1211029142875835,-0.011575639993927545,1-0
-1.7624996542085598,-0.9050617562828938,1-0
-0.06138690764531589,0.21322870007114617,1-0
0.2656252226503727,0.6339636640820389,0-1
1.173967383945292,0.021651165224868832,1-0
-1.8964157003659015,0.6345666300798809,0-1
0.3670117386803589,-0.14008338523324357,0-1
-0.07616489369592921,-0.006732882316483488,1-0
-0.7091563695810769,-0.058841155627862664,0-1
1.0487340650603136,-0.09798102158310243,0-1
-2.087073556466809,-0.6122792673495985,0-1
-0.892937138696505,-0.285891924403401,1-0
-0.2518982168874375,0.12024822558703792,1-0
-0.44544450242298944,-0.4118145058179677,1-0
0.2616199232609119,0.7976120277973142,1/2-1/2
-1.7574911181601258,1.183734061313679,1-0
-0.7748212343605295,0.3993500471233993,1/2-1/2
-2.497763986188371,-0.4303728989913698,1-0
-2.6529925385060387,0.5455897506843188,1-0
1.4318349969352147,-0.7133354524790169,1-0
0.38290277248380317,2.6942781826276017,1-0
-1.2356855248762824,-0.3846253713413919,0-1
-1.1926103360690288,0.7155640852722743,1-0
3.121443011519734,-0.027672322202823972,1-0
2.670748874334566,-1.0759841211008072,1-0
1.4035759634922653,0.044711586784688596,1-0
1.2991877702533845,0.09380838731225502,1-0
3.409297886792031,-0.3352387693055535,0-1
-1.0277783104685174,1.148233837224646,1-0
0.6195001588177076,1.4577416497178184,0-1
1.4709532791795636,-0.7321285867323567,1-0
1.8281580391997632,-0.1644831178982895,0-1
-1.4157368009905007,0.26684897963244175,1-0
3.565653622273468,0.8360182395708502,1-0
0.522958078402248,-0.43420195332513395,1-0
0.5726904116553174,-0.052479174551898836,0-1
0.2321549220996671,-0.0845654454088177,1-0
1.0245500778676577,0.5153531897270485,0-1
-0.5203999779801574,-0.5981693712037727,1-0
-2.749429930455489,0.35801019908803705,0-1
-1.5545102726720237,0.4352464363341215,1-0
1.509409572698634,-0.05780810054203697,0-1
0.8267256729277109,-0.5102166165554453,1-0
-3.0044105258166987,-0.23206227043687247,1-0
-2.2580771825818764,0.3001880863604703,1-0
-0.6553201432785754,0.21802032366049906,0-1
2.741337143403196,2.682589805252354,1-0
1.8895648026521452,0.5745320276316477,1-0
-4.373059148044274,-0.6619214509171567,0-1
-2.9183851241590992,-0.04052957375937337,1-0
0.058502314799147886,-0.150962324943272,1-0
-1.6156764995890034,-0.7642424097225555,1-0
-1.8241658298813104,-0.8778094451849319,1-0
1.7776194832257226,-0.05234991857127112,0-1
0.43667326452427935,0.14053280662526602,0-1
-0.9202952538094767,1.1009285301354645,1-0
-2.513726510074024,0.010430350514172031,0-1
-1.4564856550025551,-0.07536602245292161,1-0
0.4970492990505596,0.07144265877097757,0-1
-1.4512335636820841,0.3808712795756735,1-0
0.7353649431097168,-0.3252719488437848,0-1
-0.35118178051005455,0.47347828799500125,1-0
-1.8508199647533274,-0.609092880764002,0-1
0.23115647665309721,0.2249584003264601,1-0
0.9731828536843862,0.22385015377763356,0-1
0.797310761219812,0.05960494372549926,0-1
-1.3527618747321148,-0.2753759684644002,1-0
-0.9286954716058188,0.0013877838942054493,1-0
0.16265765149653694,-0.11245854747480627,1-0
-0.6646316360406603,1.2851036713890795,1-0
2.344586579053337,-0.6803581988358776,0-1
2.129389020999695,0.11212891454283905,0-1
-0.18622770015630888,0.4589301865681399,1-0
1.5806493083117104,0.28663613627854023,1-0
-0.2691641024850776,-0.015367417539796023,1-0
4.187156871727843,0.06901214529324091,0-1
-3.307498005291121,0.4995588648889896,0-1
1.1705025727623068,0.6775265706852295,1-0
3.001124181673804,-0.4339161852408559,0-1
1.850519782965774,1.0522131866069648,0-1
0.6475950701427671,0.5724798794886159,1-0
-1.3515274781584392,-0.845162353217942,0-1
1.460980601157552,0.13688801331710365,1-0
-1.5965903227579734,-0.28948814212904844,0-1
0.7420757499799447,-0.025701599428865605,1-0
-0.6312670363931953,0.06551788471001503,1-0
-0.29151910284542953,-0.839264835280002,1-0
-2.3193463223213238,-0.5068599447640854,0-1
-2.54914334265095,-0.023283292074577095,1-0
-1.0328850980821431,0.2510905270707246,1-0
-1.23088831478535,-1.1726364920656545,0-1
-0.7736189122945067,-0.16313426390361563,1/2-1/2
2.550446892131368,-0.6182754539769266,1/2-1/2
0.2972386075828295,0.11086351564782562,0-1
-3.5270959464742706,0.12082554392342115,1-0
1.275541825281211,0.11925350093850234,0-1
-1.8252501856418852,1.04970547797282,1-0
0.8269710796922688,0.9534525882743752,0-1
0.1253973328387583,0.2717108207334542,1-0
-2.653663770729117,-0.9975451355836482,1-0
-1.7698877880490562,0.47031713330867875,0-1
-2.711082755944994,-0.1102244723313974,1-0
-0.4968992035919288,-0.05720011787767017,1-0
-1.9112203179443705,0.09384907230511165,1-0
2.2543729777952297,0.7058487208579839,1-0
4.2539032825031144,-0.019677952728505074,1-0
3.0661728280188276,1.7042331451011417,0-1
-0.21153543383234083,0.002822349977020536,1-0
1.4653720828840398,0.322299512622816,1-0
2.6110594320191858,-0.20950533203996718,0-1
1.9791672322546925,-0.5571654602732636,0-1
0.6427508651841023,-0.26416999429642984,0-1
1.04500900260167,-1.538315035169391,0-1
4.004023206567552,1.270541931635536,0-1
-2.6173431342084794,-1.6326512515880007,0-1
-0.8549301858353663,0.05163431744081792,0-1
-1.0488331985682269,0.711819540810607,0-1
0.274768295874902,0.12698283805190122,0-1
-0.4270083151608307,-0.06804761947403233,0-1
-0.022261078529956915,-0.3039459155399252,0-1
-0.360685571846717,0.3568066493395997,1-0
-1.9471119771469527,-0.23815558646660367,1-0
-2.687015092537144,-0.117292788220517,1/2-1/2
0.6185448318718876,-0.1718029198818946,0-1
-3.062679212924134,-0.035594134633420205,0-1
-0.027185750822829997,0.1493372389838373,1/2-1/2
-1.6538585395443774,0.06495783738562658,0-1
0.7224517971742327,0.3384499483155784,1-0
1.9265424383931136,0.7142288972959625,1-0
0.5985292320065208,-0.06474255954618904,1-0
1.4199987357382744,-0.479324143100668,1/2-1/2
-1.064588539109161,0.21468360113863788,1-0
-1.896679849692525,-0.3978004598217569,1-0
1.6060642522298756,-0.3370140947264021,1/2-1/2
0.8553863462873185,-0.42943781033915523,1-0
-0.7610536680022892,0.35177787473138233,0-1
-1.0207117888382118,0.021805387141520065,1-0
2.1338100198677727,-0.6792967846325708,1-0
-1.6295745251429876,0.35677598501161617,1-0
-1.4083673879692393,-0.44113842152953125,0-1
0.2694198229979698,0.968302000584018,1-0
-1.887838313326941,0.16096808162325688,0-1
-2.9827553955066843,0.1337799454127154,0-1
-1.4440759735199868,0.047700748582097954,1-0
-2.774913972634866,-0.29005320611996177,0-1
1.9710676905780233,-0.9573607106749116,0-1
-3.5697757635528458,0.8426109765247799,0-1
-0.35981384241065756,-0.30471103552697537,0-1
2.0264471447854633,0.45213468766888953,0-1
0.8286770751830869,0.7291108218990078,0-1
0.2744955299661161,0.23316087997672733,0-1
0.5752847179791261,-0.3254028132859763,1-0
-0.6389003897692007,0.8660694088163805,0-1
0.5134158112470538,0.31406916665399676,1-0
-1.286988312055618,-0.20362646358839595,0-1
2.1766132462315926,-0.3641096542168585,1-0
-2.024952575413499,-0.394706009713709,1-0
0.6799158719965717,0.009053451587289322,0-1
0.003913932296737708,-0.18363624347988108,0-1
2.6714548932970907,1.790981548523669,1-0
0.4172364738181889,-0.48672028225691594,1/2-1/2
-0.49943917714887415,0.21707182116195395,0-1
-0.4846514072131369,-0.10616315122518949,1-0
0.449938015029224,-0.3730287980235885,0-1
-0.013516990264213338,0.5552947652249605,1-0
-1.9530984404363492,-0.3519248068772897,0-1
-0.21261812538829167,-0.7259379583027695,0-1
-3.332547472306915,-1.082075631880303,1-0
-0.9628323245472687,0.4122728298569014,1-0
0.19642516974369145,-0.008450926296577508,1-0
-0.8680643440216665,-0.3827419414254584,1-0
-2.818177260129993,0.36683398318875415,1-0
-1.3993327495637267,0.4102047381766848,0-1
1.1526540202134659,-0.4141676838570271,1/2-1/2
1.0016514947152166,-0.6281093087360109,0-1
-2.971298803955823,-1.4175129265690196,0-1
-1.4434269963883464,-0.05506271489158075,0-1
0.13479458427573862,0.4514518000351139,1-0
1.3801628750615837,-0.01744387758509621,1-0
2.2362653010146514,0.8675280140990905,1-0
-2.453379189223982,0.0269970330182261,1-0
0.24364859151023713,0.4064908730665047,1-0
1.56048179445674,0.5673119768015474,0-1
1.3396779396614427,-0.6883123761162687,1/2-1/2
1.3707623959160897,-0.15003125469154796,1-0
2.4721297271855622,0.5837354840115377,1-0
2.9701474326218005,-0.43991807026014407,1-0
4.023462807038396,-0.39922100736955024,1-0
1.6357402186787848,0.29819339591652266,0-1
1.152657535910611,0.025784805103229155,1-0
0.9488503923502923,0.45132948021633573,1-0
-0.48256818806223334,-0.09333949442615927,0-1
0.9006718526098059,-0.4682256759004294,1-0
-1.525426219839889,-0.4846252154404306,0-1
-2.3258838394248404,0.5576100894791128,0-1
1.386608462894036,-0.11007696760308233,0-1
0.573138473630218,-0.2004524925830958,1-0
0.539908940329625,-0.01843471625324537,0-1
-0.29596793607541527,0.14606018014997715,0-1
-1.7540228671289746,-0.031611709205431514,0-1
-0.6687556834580899,1.2109911645978144,0-1
0.574181410684606,0.9084830119539287,1-0
0.6987501076292643,-0.24772915956804248,1-0
-3.9767640159906126,-0.9185926541008667,0-1
1.4048813315036561,-0.7847051803474241,1-0
-1.6199189529396216,0.17432378465269238,1-0
0.4102963261036143,-0.25873756471554676,0-1
-2.1609466067138263,-0.3208905421096609,0-1
0.40481676394752686,-0.08151784266979328,0-1
-3.1987106503318414,0.26300044113642784,0-1
-0.904725810532241,-0.4433312014845539,1/2-1/2
1.2806463217745747,0.29787840399187554,0-1
-0.9054189371769199,-0.5085875166101236,0-1
2.3464457099428686,0.28036661217073383,0-1
1.0468750100197608,-0.05928297857070738,1-0
-0.0719510781725701,0.1397806076856176,0-1
1.5212503402871196,0.14579455026170413,1-0
0.9898176795042692,0.6860181400713263,1-0
2.2027573281107657,0.1227612951199864,1-0
-1.599281406839171,-0.7327810910249025,0-1
-2.0889646101660353,0.43314370340832964,1-0
3.5361331427852285,-0.40676673749110254,0-1
2.100589654216001,0.7395466443898997,1/2-1/2
-0.4785585154041278,0.05511774321363142,1-0
-2.051114232551776,0.14507373292931983,1-0
0.2605516551045303,0.08877748375186484,1-0
-1.871604269793368,4.520124447322491,0-1
-2.8586242600400777,6.474128900000177,0-1
1.0913450686985344,0.032873976467634375,1-0
-1.592827930040929,-0.07335609072756631,1-0
-0.3879419955463312,-0.007495768622936686,1-0
-0.17869080418574354,-0.04348772699651995,0-1
-2.5956189056372527,0.004904600474528301,1-0
-3.0523966911336284,1.0315604138493508,1-0
-2.3927445459426844,0.0828197966588184,0-1
0.23735249342422626,-0.5185182830303826,1-0
-2.3485883081001213,-0.059526945999493854,0-1
-0.4123545418608135,0.006121768019306013,0-1
1.2804110950960685,0.30478569657792554,0-1
0.6960214843177868,-0.5917513591251204,1-0
1.9126982486454818,0.22455828833418648,1-0
0.5702231495896907,-1.6946899953093815,1-0
1.4167367314635904,0.5637544475366879,1/2-1/2
1.2824098559979389,-0.2083580377745699,0-1
1.122876441367951,0.06392257631088408,0-1
-3.8550773115797803,1.5359948992909582,1-0
2.641682339487614,-0.308848666114146,1-0
3.544481992445194,-1.243992587114218,0-1
-0.6214303613063072,0.9997413043055249,1/2-1/2
-0.4050926270703169,-0.10921365670206946,1-0
1.7725392481232003,0.009087868352513016,1/2-1/2
0.11678206447473863,-0.40585945314419947,0-1
0.6936266813447863,-0.8838937870378462,0-1
1.0526914870999389,-0.3572848899943404,1-0
0.7455908410130971,0.02201589223289148,1/2-1/2
1.3085017090014626,0.10684117901266305,0-1
-1.4762573357582747,-0.11433523251072343,0-1
-2.3460682009225424,-0.025666600159792392,1-0
1.466057453685829,-0.238993903739913,0-1
0.5534899931878638,-0.3273803524698567,1-0
-0.7463013551484492,-0.2785991540624669,0-1
2.5766076126813933,-0.3923831873241993,0-1
-1.1300415020126977,-0.33976718796906347,1-0
-0.9882975700584321,0.09624079023830931,0-1
-0.03654517504089904,0.35743160149886566,1-0
-1.8347605872613064,0.6657433113793941,1-0
1.1818039435982994,-0.015172097223430187,0-1
2.1152419398611078,-0.7959827433400899,0-1
0.3768172758478462,0.03577009879303681,1-0
-0.3150186558245481,-0.021552031036824033,1/2-1/2
0.7763057536015693,-0.049741532047493243,1-0
1.5921105393770174,-0.7015344166940811,1-0
-0.8861375003085991,0.85175141751811,0-1
-2.0391103011764833,1.0054737504928974,1/2-1/2
1.0874363598374144,0.023897088468227988,1-0
-0.54169532676629,0.42531288692793456,1-0
0.5599256857551227,0.23376412696132315,1-0
-1.8530358801140887,0.49634475819616386,1-0
1.7119673452190491,-2.3088629396550266,0-1
0.883645379730268,-1.1874848496028607,1-0
0.9742921009192136,0.2739435834255567,1-0
0.31755201963811713,-2.6268299139693174,0-1
-4.225888895246802,-0.8085557720283997,0-1
-3.780452371378655,0.7494018956452205,0-1
1.4957375271575823,0.45730247060403045,0-1
2.2657292897386654,1.515954642581972,0-1
-0.4808012712646242,-0.2851318060593722,1-0
-1.8509572463714823,0.7093795765036702,0-1
-3.092565666275255,-0.6851316879226323,1-0
0.24696836523217763,0.4425381933855177,0-1
1.6184331667736502,-0.0675229721573984,1-0
0.6847022502340588,0.6404919096079487,0-1
2.4136754090602284,-1.0101753338229502,0-1
-1.4655434665126998,0.06640182660596182,0-1
0.15389739977762087,0.6652273849445033,0-1
1.6620726082177106,0.15291891217701578,1-0
-1.9347753492504831,0.5509543726924689,1-0
-1.3332553371651916,0.3708126561795026,0-1
1.2953585921382207,-0.4394295197002035,1-0
1.482361686875749,0.12414070871421982,1-0
2.9597942814883593,0.002997335308709776,0-1
1.6501842512680205,0.3407668478327764,0-1
0.6372105148441242,0.006008631834192838,1-0
-0.37065845884060805,0.1008920365430299,1-0
-0.3542145197893709,-0.010419042342937692,0-1
0.9578813060867806,-0.26221106188373466,0-1
1.5133393725160034,-0.6355294155622481,1-0
0.7566439953197767,0.1626640473816794,0-1
0.5984537541772602,-0.2427261373497079,1-0
2.6400062605070866,-0.6848190217388296,0-1
1.5231093953276724,0.10709650724930911,0-1
1.9439778890884405,0.6490012222746276,1-0
1.9580079405098318,-0.5735897412689367,1-0
-1.0167530090988037,-0.39055604058298604,1-0
-0.6573497000050668,1.2232336941168191,1-0
-0.8968680840740055,-0.06742981293346399,1-0
-0.03290384321491603,-0.6188049982081576,0-1
-3.7725774117560946,-1.1517869794566171,0-1
0.4549894033326075,-0.47431811341605384,1-0
1.0175440596003846,-0.5755313311397314,1-0
-0.8164032629733599,-0.7841151504204873,1-0
-0.7009876862163823,-2.7784146345011678,1-0
-1.7070683673263982,-1.3376676775801244,0-1
-0.9931632266431836,-3.2774878014111617,0-1
1.0634882510906574,-2.2597020689684637,0-1
-0.5598520047140041,0.3681668454242214,1-0
0.5436967214225842,-1.076318120535321,1-0
0.6132996929289547,0.8896898777005887,0-1
-1.2458034493312182,0.05138274164141204,0-1
2.0379705217344446,-0.7820523287018692,1-0
-0.5676408418829068,0.13904788024004244,1-0
-0.32862297937922863,0.044992386424463654,0-1
0.08408166882383458,-0.16029173382725284,1-0
2.365864694675145,0.5732498066853428,0-1
-0.8164529344829471,0.01374824178449646,0-1
-1.2565963121031989,-0.7472903842390483,1-0
0.6306582895201798,-1.073801165021986,0-1
-0.6178736208522577,-0.627971045380048,0-1
0.3998140347164999,-1.011842764205562,0-1
1.8026275532193123,-0.061836733096512594,0-1
0.7643440009710013,-0.4462899799407335,0-1
1.2528128289692873,-0.9889629421713092,0-1
-3.0026444124844414,0.46732578605269437,0-1
-2.6201291090234546,-0.8059369364093874,1-0
0.31267204792494147,0.3698438036727774,0-1
-0.4467199539240897,-0.18270986068590617,0-1
1.4594943965084395,0.10064587814883026,0-1
1.2043864147942678,0.17526829644242706,0-1
-1.1098518089152682,0.026032467230568658,0-1
-0.3779293540508772,-0.13175635208360134,1-0
-1.139401059353667,-0.2571811842810589,1-0
0.8258395200920822,0.1313753040767891,0-1
-0.3000055762183291,0.06599389993773187,1-0
0.7726619757895931,-0.15362107176945838,0-1
-0.6200706605280532,0.17167283747895878,0-1
-1.2918567025561454,-0.2809161733315925,0-1
1.4055303086352964,-0.8874686438211028,0-1
1.2873818328311581,-3.1774458456228705,0-1
0.20205727280502053,3.0155075100084576,1-0
0.9189564355549747,-4.091308957203039,0-1
2.1404944041820246,0.42444880224123893,1-0
1.2901158774384502,1.4660900438098516,1-0
-0.6775741474197762,4.924508475067578,0-1
0.6022662936215717,0.5514904523468682,0-1
-1.8490971216197774,0.030517883022542894,1-0
-1.2146015237316339,0.34265717119537575,0-1
-3.3854394915056734,1.2029509460205063,1-0
-2.3669822158579725,-0.34117801086224103,0-1
-2.400718463062826,0.43869266235578336,0-1
-1.3713342739012766,0.05916595199060438,1-0
-0.5510616275129181,0.11510000385089088,1-0
-1.5545570585678767,-0.06448334532915656,0-1
-1.1683377836044953,0.6892861488146678,0-1
0.07951859395742533,1.0248863712782754,0-1
3.3712976773365515,-0.27996612438472407,1/2-1/2
-1.8823158230669255,-1.2069139193925287,0-1
1.1752631229372899,0.09702868519596963,1-0
2.9047955093642286,0.14453434429154527,0-1
0.491040998613484,0.5616375143107062,1-0
3.6024237325749384,0.6632147267396223,0-1
1.7095576002019865,0.39460330318572334,0-1
-2.893263615994437,0.6413108901626159,1-0
-0.6978158928431419,0.1210630806574635,1-0
-0.6589128160322021,0.16264268643928842,0-1
0.7305324090597874,0.2811054743007957,1-0
2.1077716961657615,-0.10196733299147745,0-1
0.917224666166649,0.5480910586707264,1-0
0.6445951871524721,3.8176718462906813,1-0
1.455384639367679,-0.07904922323511815,1-0
3.4791655803756667,0.41093536436176714,1-0
1.337464106449064,0.010712457098415316,0-1
-0.6290232108215467,-0.23439621648571368,0-1
-1.2986370473153264,0.5255091543377975,0-1
-1.5846198776962641,-0.03206197204326558,0-1
2.729287077899443,-1.5675660701352945,0-1
-0.8247686181812768,0.4395977407137695,1-0
-2.4205413029830436,-0.4121119307203627,0-1
-0.29628087759729554,0.019798968349549837,1-0
3.0942143649081064,0.2880404387720532,1-0
1.7250833119099425,0.9321862186585168,1-0
2.3316954033884323,-0.4950920187999053,1-0
1.6661154250946206,-0.3460895743784526,1-0
0.03628071658104394,0.6438474784048503,0-1
-1.635305895374512,-0.0720328128644454,0-1
-2.569854493404158,-0.8255060127920132,1-0
-1.9183636178297983,0.32143700870600417,0-1
2.8771198704888516,-0.03194322717111291,0-1
-0.03330189158544995,-0.01825550070889055,0-1
0.8682443559905879,-0.2033276396812852,1-0
0.07005031697658119,0.341442293837597,0-1
1.6775729856558999,2.727850763850957,0-1
0.7007829028024528,8.71838082627664,1-0
0.37066572900055283,6.825277871411493,1-0
-0.9735816508747409,-0.07560628566648972,0-1
0.6655420073796998,0.5980299854152444,1-0
1.4137897291163384,1.0905920707275722,0-1
-1.1475280360235431,-0.08695204194706647,0-1
-1.3819473124727664,-0.10759911631272034,1-0
1.3035479809375714,-0.6046584077782858,1-0
-3.3960745761967215,0.5152187408215662,1-0
-0.3558031000413999,-0.796417448355917,0-1
-2.493780736086242,0.5222595761073116,0-1
-1.2330176897486955,0.05235573230055524,1-0
0.030665803257226138,-0.2657188560652187,0-1
-0.3269735319265568,0.10020676666200776,1-0
-0.9606327057625799,0.8182534452539069,1-0
-0.2629914136843114,-0.12733082445997976,1-0
0.9571925744535774,0.22072759784717846,1-0
1.165470996732141,-0.29264987931922043,1-0
-0.2742332750194445,-0.012358623013487124,1-0
1.2727454582405313,-0.012291918435212499,0-1
3.022554135436237,-0.3533465139259437,0-1
1.844066439290432,0.5182965451366522,1-0
2.6871529257613407,-0.9326283625565642,0-1
0.5087900394303116,-0.6301070493614216,1-0
-1.2889084215258622,-0.3229862341451793,1-0
2.4290380328303565,-0.129966931090987,1-0
1.5236839070672827,0.06010031069536185,0-1
-0.29404809285097167,0.014403233052712997,0-1
-1.9358857420454416,0.14160173949427168,0-1
1.0718818013303193,-0.5535373554732467,1-0
0.3107098138161204,0.5499659439632464,1-0
0.8397910749475784,-0.09711442222905613,0-1
-1.1177702477084155,0.7425128367833544,1-0
0.6160558085075605,-0.2106268106699563,0-1
-2.474880993738461,0.09781525818565827,0-1
1.0565527614655859,0.4047403167930081,0-1
0.269058225571506,0.23640705000225232,1-0
-0.9620892601472023,-0.06931752956846515,1-0
-1.1065408607473692,0.0756937065300153,0-1
0.17075383234179206,0.2093819462950258,1-0
-1.3787027503342861,0.001481343856821263,0-1
-1.0077050928538527,0.12145367980729646,0-1
-2.653375093765851,0.5259013619491945,0-1
0.9585580603064077,0.31504065358000016,0-1
-0.6543716355873932,0.4553431524761574,0-1
2.309924082416512,-0.12915998040143828,0-1
2.6356185034496233,0.6946531807617444,1-0
0.11750323445320474,0.5904287585728314,1-0
0.421789862391284,0.10681039493275192,1/2-1/2
-1.9828418053519077,-1.16146392137337,1-0
0.3387824886247997,-0.10785682679661296,0-1
2.0008932008795224,-0.5764619856292705,0-1
-0.46060483476153613,0.4734667359053083,0-1
1.5303134833969911,-0.21345033323645257,0-1
1.0737742095615561,-0.11476990983487055,1-0
-1.4782550269489927,-0.2413551486269603,0-1
-1.079364176765591,-0.16067406934042627,0-1
-0.7784753253814579,-1.30061434884146,0-1
0.6666552857883925,-0.29021055525482015,1/2-1/2
-0.45756584903707154,-0.2618743509931987,1-0
0.3604043988670306,-0.09397174077077253,1-0
1.1857616536265556,0.21263012552079597,1-0
-0.21194137116866457,-0.14868624283903467,0-1
1.1254808519288326,0.2621525809736708,0-1
-0.7630080889942997,0.2845352513181673,1-0
-2.7434447458491236,-0.012988142878574672,1-0
-3.181366995784679,1.2951180691673287,1/2-1/2
0.7057770837298862,0.13094879945209612,0-1
-0.11979100319440304,0.1968252745507586,1-0
0.12315668086947533,-0.23886216078361464,0-1
2.83205487945667,-0.5070945095856935,0-1
-1.971909293992531,0.03667800835897277,1-0
1.6960407536329736,-0.18496970324270134,1-0
-0.9053600980185116,-0.0696252561224871,0-1
-1.0630024589492733,-0.8427676127949612,1-0
-0.3376740474837144,0.5795591222483956,1-0
1.213545993566749,-0.7181995710988518,1-0
0.12124753637557666,-1.6521631512582962,1-0
-0.6759163247789874,-2.674658708874272,0-1
0.46568829811195417,-2.688877603052793,1-0
2.0924846802388704,5.8222252891074024,1-0
-0.9105547047125845,-1.57109071405975,0-1
0.3398995489764379,-0.3051281608523738,1-0
-0.12965142102763952,-3.9929952700097244,0-1
1.287645441770458,0.6343663057651666,1-0
0.8840035187335079,-1.769456883173334,1-0
2.0375973865221457,-2.8314662173862373,0-1
2.80602368468191,-2.6780089649943917,0-1
1.8023816278102616,1.4900284970614832,1-0
0.07815639308702985,0.009505218158263133,0-1
2.793267816757923,2.985525637045297,1-0
0.5405734864209657,0.2579867880576906,1-0
1.7210866508454747,0.1933788240487452,1-0
0.38844507501703657,0.2549304162149012,0-1
-1.407951324653012,0.41761318818480486,0-1
-2.0789031764753245,-0.5972227581535453,1-0
3.816768512726465,1.2258743961453278,1/2-1/2
1.3270440940685237,-0.8629008469627135,1-0
0.3996467607390751,-0.09248103895684497,1-0
-0.2113335062383703,0.2817830492577892,0-1
1.416706872227221,0.29015207434475626,1-0
4.438095586800394,0.39242109207786274,0-1
-1.1017543493869817,0.8326405233776984,0-1
2.678119775010738,-0.17427274703945214,1-0
0.48564230316030577,-0.1745507154712774,1-0
1.313657288810345,0.09787861106537409,0-1
4.100632591025623,0.4640569553016484,0-1
-1.2564530905447364,-0.7817835866188927,0-1
1.2722539929440224,-0.04960425193406109,0-1
3.619480947172949,0.12707078382063924,1-0
2.632258478265609,-0.5732562473015285,1-0
0.8544336742993709,0.14606497233615034,1-0
-0.15198233654686333,-0.3108559911119032,0-1
0.7541495072328223,0.21580883220586713,1-0
1.0947681763544743,0.28909493183701385,1-0
-0.3025987369820067,0.6981767422220834,1-0
-1.3381125537174943,0.12451293936443793,1-0
2.0802909752328964,-0.6432998095924628,0-1
0.9140898175302165,-0.434545824857871,0-1
1.9182730436301265,0.027770873887019293,1-0
-0.25588571030308427,0.6182664836698866,0-1
4.105400093578144,1.401289169423467,1-0
1.1479114091351974,0.6262084548268296,1-0
-1.1352104927839188,-0.11697953953286484,0-1
-0.3298165299973583,-0.16947070204654477,0-1
-0.8875943395140797,-2.1601736241692984,1-0
-1.0795735753815927,1.058169566755543,0-1
-0.50262812783746,0.5941072236752568,1-0
1.3575295867958972,0.2307199174037562,0-1
2.8061675331560108,0.6622914711638546,1-0
-1.2755536149263567,-0.27704076442773384,1-0
1.2304357793216036,-0.6965795210975582,0-1
-1.503802018477396,0.247778277685958,1/2-1/2
3.1550594192426358,-0.6412295889600734,1-0
3.325355647011414,0.3599666860079603,0-1
-2.954792643171932,-0.7754176148341183,0-1
-2.6340452067970532,-0.27030515369683616,0-1
0.383312744161765,0.27020482941609714,1-0
0.1835697174064846,0.7349740278001481,1-0
2.0759775504445623,0.5548967671613562,1-0
1.3506913394665596,-0.1674890247102464,1-0
1.2654002307611327,-0.06366468131508862,1/2-1/2
1.4154476600282724,-0.11824703968837101,1/2-1/2
-1.496627580672567,0.7785602768542949,1-0
-1.8253138191804699,-0.31397683385237035,1/2-1/2
-2.6109759888357735,0.03215037614932203,0-1
0.7810853884333976,0.1888980392081179,1-0
-3.0425392671852713,0.12864605875218924,0-1
-0.09684355199772608,1.433604748931614,0-1
2.486230692770748,-0.02457136671861497,0-1
-0.7726286220595272,-1.4757329176082634,1-0
-2.4851001482361825,0.14332630387403036,1-0
-0.5859307130009896,-0.4118741695059688,0-1
-2.3084938169255835,-0.1604049265187682,1-0
1.202279737717874,-0.9687984184565402,1-0
-0.029189976447327747,0.7544496489485822,0-1
-1.1824934240513238,0.045805127566219975,1-0
1.0796042524698035,-0.26499916941897284,0-1
2.4220758358284504,1.214296625264339,1-0
-0.5869765356691117,-0.22321650017473144,0-1
0.011486418472100466,-0.2534037418108113,1-0
0.8480035795776398,-0.38153982388025526,0-1
-1.1736896931618204,0.45282770069596234,1-0
-0.19434712995517492,0.13077784754440092,0-1
-1.2500795438611516,0.025377356210424598,1-0
0.48674459801759506,-1.6421873854344329,0-1
-0.5539080081579644,-0.46902159499089413,0-1
1.782005442955662,1.0989447515386732,0-1
0.3415335033183885,0.37032410561956197,0-1
-1.2261518743032505,0.005648640505941219,0-1
0.8702609987152514,0.617321374352799,1/2-1/2
-0.1807971391673576,0.06288512977756658,0-1
-1.1759559859645592,-0.38083978498641236,0-1
-4.239364611039412,-0.048024184816337884,1-0
-0.4954084135345195,-0.22116914421787284,1-0
-4.077013662563515,0.22396527147131196,1-0
0.39895350097149596,-0.2832457129094384,1-0
0.3270639847614279,0.36625388186644287,1-0
2.719806877611171,-0.42748629186373505,1-0
1.9055960609614,-0.0810865308354236,1-0
1.2362716290472584,0.31166211537914384,1-0
-0.3346181350997662,0.07034544382123496,0-1
3.3860898995576854,-0.9289206171073674,1/2-1/2
-1.2415709670947723,-1.2328287373036764,1-0
-0.11776222819043228,0.31888164571863514,0-1
-1.4502342389211837,0.1795899197366223,1-0
1.264423031136543,0.020758693729012193,0-1
0.18844437609499087,-0.17088530619168465,1-0
-0.363488549170155,-0.04202929797213972,1-0
-0.7665975340394126,0.18200401190174878,1-0
0.8956603736737163,-0.3855138244367581,0-1
0.05281530622031426,-0.9240681070836273,0-1
-1.1969574778856567,-0.050233771799148626,0-1
-0.788187290757239,-0.47700826954118436,1-0
0.1058310195251753,-0.04776805510232902,1/2-1/2
1.736365886077721,-0.09254381483954967,1-0
0.8636355866823084,0.07804640679364931,0-1
-0.8867998311286569,0.29442546628871585,0-1
-1.5616361304212483,-0.4893246780718834,0-1
-2.3415624775596307,-0.040108190529629224,0-1
-0.4354745010428326,1.1416932808468638,1-0
0.02548590478358082,0.3770955170968956,1-0
2.5168261869888,0.6825990654442631,0-1
-0.17110051203656665,0.22111466904012292,1-0
-0.6194195253990509,0.6619194222788045,1-0
0.926751573334022,0.5455661837530111,1-0
-1.353111343047044,-0.06861558620280113,0-1
-1.897860068365068,-0.188263507091109,1/2-1/2
-2.7618498492980303,-0.3617185741708704,0-1
1.0735312487829913,-0.4983229752357026,1-0
0.4132997216232813,-1.4267290668477832,0-1
-1.6096723634486931,-0.44161165377132,1-0
-2.658272331065517,0.4087601237373165,0-1
-4.146167062697245,-0.04422789607105001,1-0
0.5176792982800001,-0.33728073554888593,1-0
1.3325889725428777,-0.45937613940982963,1-0
2.2251210209022587,0.8075364350527349,0-1
-0.9152185344040997,0.5995382542514242,1-0
-0.6594540286872772,-0.07622910887358286,1-0
-1.0748075604839824,0.3857030056540337,1-0
-1.494831817075819,0.6266194936897631,1/2-1/2
-2.321480073721087,2.0432746539566304,1-0
-1.1855070786737947,0.381045253973152,1-0
0.05291869426046182,0.05943900848432882,1-0
-2.453477937749684,-0.39338776354061644,1-0
1.9087317130631838,0.010369984570393965,1-0
-3.0241810037383665,-0.7856867721363828,0-1
1.0110943074711667,0.32992737036921865,1-0
0.16174150630163847,0.13002264113847284,1-0
0.1237712892054284,0.5844060180782575,1-0
-3.4060064841121673,-0.39943698637253,1-0
-1.212661450290214,1.3893968843932565,1-0
1.266470660082649,-0.3990680647056871,0-1
1.9494361513163996,-0.06645150959753861,0-1
-1.904106019723812,-0.5351881248929024,0-1
0.4978777582879112,-0.6498523187986193,0-1
2.5290939828698584,0.45101210604444203,0-1
2.2096453800725913,-0.15138479614397102,1-0
-1.762978645130982,-0.3905271609748961,1-0
0.03326698610959388,-0.02033524920722413,0-1
0.9578015090950235,0.011033239475269999,1-0
2.0329101747541194,-0.7926574531559939,1-0
3.3021211613721126,-0.4289627783539694,0-1
2.2671920364622875,0.4209537196503084,0-1
-1.3148946494751241,0.3005065912185024,0-1
-0.19457790434828406,-0.18803438020504895,1-0
-3.261083914678268,-1.9365492669213542,1-0
-4.997177200285234,-1.0514050958546624,0-1
0.11740334036737143,-0.18921524153628536,0-1
0.08979509995864451,-0.19136118914578812,0-1
-1.6771849544547426,0.24786531724890923,0-1
-2.1538585761835134,0.21584523047965604,0-1
-0.6920569762383408,-0.1311335288765082,1/2-1/2
-0.6687124891083609,0.27134560328182983,1-0
-2.6463374189346847,-0.6403786166026126,0-1
1.1098342883016945,-0.3428677727615982,1-0
-0.5321285102316229,0.4042105480814253,1-0
-1.1321035543583728,0.06013380623129521,1-0
-1.5338792610053524,0.26027388673750834,0-1
0.7818240005480676,0.03302720011825124,1-0
-0.5299933284508702,0.33768921977602007,1-0
2.181132323282921,0.2815381701163776,1-0
0.07527140350055174,0.16481801912398658,0-1
-0.6102331819758137,0.21471588895168875,0-1
0.5178847415711156,0.3816324526921389,1-0
-2.976235532679024,0.7337857248399567,0-1
-1.6069025520868903,0.3686006442342617,1-0
0.13376412159543752,-0.10563677569506419,1-0
-0.1965232908143735,0.8560402902473325,1-0
0.5668981959659811,0.4855854268488914,0-1
1.1261575302994808,-0.16001855758160083,1-0
-0.8772318117599375,-0.241332164199502,1-0
-1.9041014915894359,0.13851520879060414,1-0
-3.9914374684409473,0.20421208262973395,1-0
-2.1973470402262216,0.5874598752536964,1-0
0.6880809421311598,0.4776763687240323,1-0
0.4022335201918736,0.13297680366680903,0-1
-3.0781980481035314,-0.05486980451414157,1-0
0.19356551125920693,-0.2532390858224291,1-0
-0.7044700185523233,-0.3325550565433436,1-0
0.3827148503456433,0.1853808218891137,0-1
0.7848290385883763,0.8363322055377831,0-1
0.34038879900166386,0.01308861956493301,1-0
2.473154383048456,-0.017646836319088584,1-0
2.9739342771265087,-0.7321294652464635,1-0
0.30361100870628316,0.5587652549268688,1-0
2.748040028885468,-3.1608031551549494,0-1
-3.70209833754502,0.4648089352677836,0-1
-0.6148351506045132,0.01497432699968895,0-1
1.9246877025150573,0.301699061145834,1-0
-1.5398346622243275,-0.09454825212295473,0-1
-0.4811042957784803,-0.8290812138075488,0-1
1.1922662137403164,0.6844676548174701,1-0
1.9469771203113422,0.29383533163335496,1-0
2.06072364631431,0.4407184455580758,1-0
1.636015066735953,-0.21439745175378544,0-1
2.409450476862566,-1.8615933119451658,0-1
-0.4001920071964062,0.32237171164304085,0-1
2.831128244503106,2.405275829445561,1-0
0.36467369271738403,0.41314925308714917,1-0
0.3580972818515771,0.09269962027281944,0-1
0.9064952279613736,-0.011830968230573632,0-1
-0.11577674512800035,0.1450713506820732,1-0
1.7835179943117712,-0.6684112047709503,1-0
0.31926954974699745,0.10359523346748967,0-1
-1.5048989244610367,0.6240234180178575,0-1
0.4706648137588842,0.17055376878789627,0-1
-0.6394895121374292,0.004298001791373731,0-1
1.4689846437598633,0.30563423846611776,1-0
0.5668193355624757,-0.006842281087859991,1-0
2.5477274364687115,0.2745279991586157,1-0
0.16474956307858168,-0.23875716848323342,0-1
-2.0927857661925087,0.7774722455382174,1-0
-0.029839029427947243,-0.14220974159674546,1-0
2.1383822623830033,-0.6276492370454788,0-1
-2.9932894405517687,0.5849509438731658,1-0
-0.003288073624198558,-0.2695022087396014,1-0
3.4401715898986662,-0.06230442818116763,1-0
-1.0446293541590403,0.5126877462428676,1-0
-0.3564961508370998,0.13774909053751966,1-0
2.2955531792623534,0.16164623357726146,1-0
-2.1952697610156253,-0.6836957228351016,1-0
0.8248422233734163,-0.8370896223472314,1-0
-0.3475670043629481,0.17590856691984477,1-0
3.034835151882812,-0.05035241744971557,1-0
-0.3207865528491215,-0.11733923485085912,0-1
-0.1006350004857885,0.05268995621542056,0-1
-0.6485938432976263,-0.10264721315897345,1-0
-0.8757994753393438,-3.985306244842181,1/2-1/2
3.053726587321044,-3.4767172513787514,0-1
2.818107567914691,-1.729255516461378,0-1
-0.2662448772258124,-1.2222202196680942,0-1
-0.38704027375100203,-0.26990272147055644,1-0
-4.506443037815291,-0.2308279366085239,1-0
1.2741518658978865,0.29719451809206554,1-0
0.029727554668847835,0.3297096908444275,1-0
-1.9960954391825487,0.057002171395599155,0-1
0.037367496584781154,-0.43964067882533003,0-1
2.568480578737596,0.6517604502017756,1-0
-2.0925750888934758,0.04339617181954587,1-0
-1.2220709639616287,0.14549221342120836,0-1
0.868735897136076,0.8334075478365698,1/2-1/2
0.1741358850703069,0.12492116204292518,0-1
-2.059109449600046,-0.03728641120012796,0-1
-0.991255898051867,-1.206757287536951,0-1
1.3508589555387638,0.16358882171409048,1-0
-2.2838959275818347,1.129250399321465,0-1
-3.0672373168606537,-2.1916699848512082,1-0
0.11862144036497395,0.7524166280673446,1-0
-1.35647230481931,-0.5708530049703179,0-1
1.5164972611341676,-0.7715118996257739,1-0
-0.1557823257681089,0.44619720201737345,1-0
2.23095293698701,-0.8740368431228794,1-0
-1.0325601032977076,0.31658421769551043,0-1
0.027246420270310795,1.042943890371688,1-0
2.4174179895040555,0.27742248297544725,0-1
1.394578060851681,-0.014721954137523715,1-0
0.11965283963352676,0.5438331945017666,1-0
1.9973314570734166,-0.998400900127282,1-0
2.134831923239833,0.14242242773208835,1-0
-1.5011633722437272,-0.6055317188138299,0-1
1.3175517073947962,0.21243809365746358,1-0
-1.6982622121937327,-0.08661833852281008,0-1
-1.287242335402338,-0.5287505365917526,1-0
-3.316888567428591,-0.05071670816521147,1-0
-1.9806076660735734,0.31733075972609753,0-1
-1.2991041939470727,-0.14565498437587643,1-0
0.6232811965050079,0.007059358670694706,1-0
0.14936842746109844,0.6733571300604332,1/2-1/2
1.262962024466524,-0.54109276075786,1-0
0.3964156095629333,-0.4153865796152963,0-1
0.9081458209741765,0.40264261555724457,0-1
-1.17692644218349,0.09638247682273676,1-0
-1.08358465984563,0.2994364079114307,0-1
1.5151928297110284,-0.7077671417894174,1-0
-3.6431652374691446,0.41925394494824353,0-1
1.7597580166750537,0.6818182113768764,1-0
1.731705154139592,0.26817521673982037,0-1
-0.5814781551019794,0.16768451687033853,0-1
0.8801858784041793,-0.9851758520831899,0-1
-0.31984142773218416,-0.19446053616843326,0-1
0.7586528822015507,0.35676332992746473,0-1
1.3354641999870627,0.16459698790063665,1-0
-0.4220758297511469,-0.7686955377014788,1-0
0.25154479378700423,-0.08255049701693758,0-1
-2.5738853901414127,-0.51277340623921,0-1
-0.9983091418427343,-0.4196622767697583,0-1
-0.021015277293346766,0.3182782789821118,1-0
0.98347063122564,0.07410481380212491,0-1
0.7695462118100058,-0.3171204985531848,1-0
0.8683163398655341,-0.22920717733660587,1-0
0.5055215579957691,0.2711893721649333,1-0
1.6679511553325834,-1.390522316663761,1-0
-0.26862611753851623,0.27065797996828317,1-0
-1.9196126467749222,-0.25363358362082494,1-0
1.6408379717664898,0.08401941220484752,1-0
-0.8910869092099937,-0.31097604843536236,0-1
0.6198090876819322,-0.4679869314435047,1-0
-0.08358432032155724,0.24867833937741932,0-1
-1.1408805205971206,0.09937556731571605,1-0
0.6297920248067478,-0.5042521557676604,1-0
-1.6792481523605491,0.2885071078989938,0-1
0.8518145523502887,-0.5591968877164409,1/2-1/2
3.7500099728396585,0.375909161323709,1-0
-0.05204992891550626,-0.892357875820569,0-1
-2.2143278186638895,0.7720047601818588,1-0
3.3726131713278464,-0.40213987461855594,0-1
2.5160220464162113,0.7700422377990347,1-0
-2.8547788177710074,0.10504333314856293,1-0
0.9617735093999489,0.13325286762681304,1-0
-2.453421389711538,-0.6729439101535281,1-0
1.9204215032503176,-0.3780838937343194,0-1
0.798132686023384,0.07044229223688417,1-0
2.8751808853336422,0.15449075837326298,1-0
1.1183408587686703,-0.19523820651121065,0-1
0.9742054273988974,0.028880639192489253,0-1
0.22290205952411116,0.2965489499613692,1-0
0.36575071057882796,0.10894702413315861,1-0
-0.9079424051859132,-0.6208026190816408,0-1
1.9472748566522842,-3.336220591667089,1-0
-1.6592668640169486,0.23356389470685654,1-0
-2.1142925740590433,-1.201360793477935,1-0
-1.2732482379645063,1.19314025194721,0-1
0.8599853534533048,0.06847407146209995,1-0
-1.7392539728782035,-0.049052925491415725,1-0
-0.43035579769218935,-11.440412198917237,1-0
-3.1635942849027088,0.7222998007315959,0-1
-2.6861056148989255,0.24684999042016192,1-0
0.926463238465536,0.2725592578932225,1-0
0.35690055763108197,0.6887236145146087,0-1
-0.24977990449224732,-1.0463150063816966,0-1
0.7162766841303041,-0.39361341069180983,0-1
-2.5829627476789745,0.9514769258706361,1-0
1.6900090711193867,0.17340494821609645,1-0
4.03905410131042,0.9701230553559281,1-0
-4.234167609356568,-4.730685156167976,0-1
-2.5559661541434875,-0.16781562523098867,1-0
2.091049393360211,0.08198210460454206,0-1
1.7322507973372332,-0.054761881784224774,1/2-1/2
-0.5102705157393864,0.2833414539160258,0-1
-2.4393768390415977,-0.8761862554437453,1-0
2.8854643437123992,0.45597329756027793,1-0
-1.9633430809017955,-0.26791053302578305,0-1
1.4462137890551632,-0.2520835761423941,0-1
-2.1221512371055304,-0.8115901727332686,0-1
0.04314551958925829,0.3633895418869859,0-1
-1.3802778437749976,0.0010807113739386277,0-1
-1.7534972234335997,-0.17192488167717493,0-1
-1.4563491010007723,0.4967647424211923,1-0
-3.285175421533201,0.08031878468266823,0-1
0.05765378021055098,-0.24646627534037974,1-0
-3.22128523256202,0.824618137785893,0-1
-0.6171634344251948,-0.21107896295610803,1-0
-3.5315238218709077,0.39394399750675907,1-0
1.947914432311469,0.4640787940194649,1-0
0.30922441263235956,-0.3774565593278069,0-1
1.3894293575713577,0.5125478594018373,0-1
0.9581263707565589,-0.048981428726967924,1-0
1.2251670493302806,-0.8918381404420359,1-0
-4.038115092144121,-0.1720690829289531,1-0
-0.5486323798952512,0.4806336434470721,1-0
0.6511622028225208,-0.09697273564462865,1-0
-0.8890082754673873,-0.09794123012785605,0-1
-1.1161110381134505,0.018441288744708698,1-0
-0.7176895498330774,-0.29113732376397294,1-0
-1.8071150165941785,-0.5563127031959094,0-1
1.1135392536662623,0.04457793935656907,0-1
-2.974049476554632,-0.6452542873121407,1-0
0.7996976752270226,-0.4003107186770974,0-1
-2.8484839983680277,0.5452849268681526,1-0
1.5518917023289827,-0.8719569898961217,1/2-1/2
-1.9343551974864694,-0.40254248310316537,0-1
1.6415533349275486,-0.07816327213892613,0-1
-1.2173922929267857,0.2446514350364352,1-0
2.4944474407143264,-1.7596475015513442,0-1
-2.669448894657442,-0.7688605944285425,0-1
-0.1334741654097582,0.007031357576711542,0-1
1.0641551641512392,-0.2653393035379733,1-0
-1.7167926956961965,-1.1764895417610879,0-1
1.6878581872560334,-0.2647670500901367,0-1
0.8619773136755952,0.03644594553653885,1-0
-2.044780804207365,-0.15411907315859918,1-0
-0.4613324060508814,0.33481920909628304,1-0
1.4164836447051221,-0.5270416347624249,1-0
-1.1364516327632528,0.06000795845562847,0-1
-0.2396283388579966,-0.517751539558265,0-1
1.0423694197797495,0.08066697062615316,1-0
3.347528532051013,-0.16656236092951765,1-0
2.1448756485485396,0.013198299323063387,1-0
1.328795650878312,-0.30894691353451104,0-1
-1.8374874705191808,-1.3351312655962198,1-0
2.8160671575919243,0.4593180592384471,1-0
-0.14545802143380587,-0.03656973202016164,0-1
-0.6418376082313286,0.849710477232492,0-1
1.2962960372612473,-0.14367769848706988,0-1
2.621124590378921,0.32501190820444426,1-0
1.2917363449690833,1.355944536751691,0-1
-0.9493987333932368,-0.0487768465079082,1-0
0.5859251698009923,-0.9651515112197087,0-1
0.02474679570840033,-1.079070947814732,1-0
1.3049985953818863,-1.001066687843742,0-1
-0.4173632327161303,2.4193893305850196,1-0
-0.1775729403687539,-1.1319394291750606,0-1
0.7565632865915233,-5.063239356662442,1-0
1.4729226746378021,1.730410585434283,1-0
1.0149964060495285,0.0716137304306004,0-1
0.0871263855167272,-0.7365847786839619,1-0
-0.38660562273844,-0.2040509590128437,1-0
-2.4882702449826333,-0.021521423215242686,0-1
-3.265763313329484,-0.14510526639479493,1-0
-2.045957716154642,-0.629560844313725,1-0
-0.4929791659168526,0.14436449537830842,1-0
-2.8841193972097767,0.49358926768275235,0-1
-1.147780704838253,1.072114301445881,0-1
-4.4377481459883175,-1.536254666104883,0-1
-3.0359482997969947,0.5945298146278833,1-0
-1.4475201148582544,-0.49573649895964683,0-1
-1.539879881448518,0.37759561974652917,1-0
-0.4288873914464806,-0.08281502391075218,0-1
-1.2201054804014633,0.15430584443694814,0-1
0.9534521520071125,-0.4738601706776946,1-0
-0.44398128048168756,-0.13086749824955377,0-1
0.7048995474764197,-0.3660044117421332,1-0
-0.016289038640129927,-0.21010245936357977,0-1
-1.618279897712654,-0.7287215696620918,0-1
0.6347977727744093,-0.7460120492731297,0-1
-1.3908032722379198,-0.6862934219920745,0-1
-0.772748119446699,-0.058979939474434584,1-0
-0.9330667989643092,-0.005049909135368294,0-1
-3.156477882790937,-0.07706082871048357,1-0
-0.43315087847942696,0.5685348782921306,1-0
1.4584430518437685,1.2551867182842995,1-0
1.4615145007652512,-4.265747211865147,0-1
-0.14129533265277863,4.689013594470495,0-1
0.7104428948690498,2.819303886075317,1-0
0.18339524965747644,-6.379230778915144,0-1
1.3148331883203914,0.3395695374972498,1-0
2.3282539170080367,1.1665180859333688,1-0
0.43344104363698555,0.45779091643554704,0-1
1.418336507406675,1.4168322199792156,0-1
-1.652084746218209,0.3914727713444857,1-0
0.1950341979231364,-0.06426075386626463,1/2-1/2
0.08959122333919158,0.061599276145949004,1-0
0.4079958193709193,0.19522432426606984,1-0
2.019156383195828,0.5276185839215838,1-0
-4.407650673243384,-0.3703536148612884,0-1
1.995880785355181,0.2719218751301568,0-1
1.8426809321925046,0.3705180419547156,1-0
-0.08746991335196704,0.12050493780489623,1-0
-2.493586697458061,0.049162185072757776,1/2-1/2
0.5754935221016556,0.4718651315868644,1-0
1.3202693471548705,-0.022935836078549238,1-0
0.16440259802356647,0.17420485801537164,1-0
1.7539966540842595,-0.14610131851814057,1-0
2.2569684869530904,-0.08173020951780227,1-0
-1.6224856911473229,0.0023313894781532866,1-0
-2.871320492910716,0.029720460198938356,1-0
-0.836656038542715,-0.138226332926226,0-1
-0.5138322595454916,-0.13859746058198563,0-1
1.1014621138391398,-0.511376622411396,1-0
-0.09906340099939133,-0.15077252676053643,1-0
-0.7482026679504792,-0.06592755902984343,1-0
1.9748488365364687,3.9822850718038714,1-0
0.17927797806787174,-0.6696391794344604,0-1
0.06619557704471371,-1.1527152390307334,1-0
0.4257367188232644,1.5179728229204834,0-1
-0.5216688191984991,-0.10177419813368661,1-0
2.0085378799017106,0.45282219123050865,0-1
-2.6772442662601237,-0.26584723353173967,0-1
-1.1910787790728259,0.4051707073980875,1-0
1.2338122559474216,-0.5784906150630165,0-1
1.3715698973200923,-0.15911967041450362,1-0
0.11401467735609809,-0.37204498522220936,0-1
-0.5805253499911317,-0.28230990697794334,1-0
-0.9072446172839581,0.24366538855445916,0-1
-1.101739122522061,-0.03861408051074065,0-1
2.988470865902446,1.7134006809826683,1-0
-2.154861394898728,0.21326347485986769,1-0
-0.15132674913246436,-0.14632892664755728,0-1
0.3046736790171369,1.234060115757544,1-0
2.374143718457525,0.35491354299107236,1-0
4.97174775449013,0.1861352062873371,0-1
-1.3045125184196436,0.022951072945353528,0-1
3.4055758213860394,1.6799141410562306,1-0
1.873710713585509,-0.3429887085991641,1-0
0.48595847239069984,-0.09544310586605796,1-0
1.820111871958875,-0.0337474322000514,1-0
-0.2966880936166506,-0.6164771868438033,0-1
2.6682566773678738,-0.3043209291760713,1-0
-2.9057669233748595,-1.2445489247165495,0-1
-1.5079051080614765,-0.5385407909519483,1/2-1/2
-3.259469430514756,1.0608083366205505,1-0
-1.0427481957250075,0.12104234493410551,0-1
0.3571609822886812,0.15620700260995993,1/2-1/2
-0.9681088893982336,0.22828960071469115,0-1
0.15121829310999937,-0.8382559391459986,1-0
2.4875117993912967,-1.094050823827885,0-1
-1.728080845966672,0.050790182023621004,1-0
-0.346638517916863,0.35976594828638825,1-0
1.665882701676029,-0.13298063755539669,1/2-1/2
0.6287404711701977,-0.47464252847822114,1/2-1/2
0.4398675468125925,-0.4539796303273101,0-1
-1.8745012909584187,0.10863303047454581,1-0
0.4882667349662844,0.07714473664062414,0-1
0.22181270041148046,0.17441260893553717,1-0
-2.743734150428762,0.35416858173036914,0-1
1.933170869162691,0.08141904981387403,0-1
0.2706064970875403,0.6644578434629543,1-0
0.569928280287425,-1.2355645950881884,0-1
1.5343799703390437,-0.09353252455552603,1-0
-0.8535536374143806,0.0875183807761644,1-0
-3.485295462976687,1.4328537727383517,1-0
-1.808601145394312,0.40686801565482356,1-0
1.821224346902216,-0.03080760474733613,1-0
-2.3890087847534955,-0.021804127326838917,1-0
1.4493528019883615,-0.0822723041047607,0-1
-0.5712437737393372,-0.7490811327064727,1/2-1/2
3.773215535830842,0.1255642431979509,0-1
-1.5738770285286505,0.31403497436912464,1-0
0.21418015050082634,0.08378376491912283,1-0
1.7488277964359387,0.20219468874508184,1-0
0.07627294353273512,-0.3173677876335229,1-0
1.2742239828957334,0.39682333926376867,1-0
-2.4869226764836863,-0.15099724717560117,0-1
1.5209608025845809,0.3874429160436242,1-0
-2.637842980747016,0.20584359251398224,0-1
0.7203432469213357,0.7257272520081232,1-0
1.3885661115945602,-0.08998794638507522,1/2-1/2
-0.03863823218307478,0.1244710189570187,1-0
-1.3922238943229648,0.1092255900923368,0-1
-0.3652852493551545,0.875583494488148,0-1
-1.8784011742654976,0.08604222349470582,1-0
0.901155504789504,-0.18354857869789687,0-1
0.41277639079099937,-0.3318081137740751,1-0
3.3775569065347337,-0.2723749458988642,0-1
-1.903168707723685,-0.3649446625067926,0-1
-2.1979594905648128,0.35720174466534854,0-1
0.8067722947949972,0.3502501344011293,1-0
0.18818827059988816,-0.0895965734495595,1-0
0.4360675575913469,0.30307356280196657,1-0
-0.036698367713534054,0.04627951930886941,0-1
-3.908674146907011,0.4394005159255825,1-0
1.9934436487717242,-0.8456698547813469,1-0
2.025993484965035,0.5665683224853123,1-0
-0.47589742368219967,0.0992999600905302,0-1
-0.8968869597589715,0.2383639431676952,0-1
0.6153526534747881,0.2523860848266162,0-1
1.6573905546086223,-0.26068443957144355,1-0
2.475164415490361,0.5357116497769709,0-1
-1.6334246610915004,0.5357446398457989,0-1
1.1165895109307613,0.375739072906617,1-0
1.0892454012736004,-0.4673771340122371,0-1
-0.5261276235426573,0.5379055327264521,0-1
0.8029544995999378,0.7729334331628328,1-0
-0.9862357266846361,-1.4285914168080796,0-1
0.6425830974139398,-2.5940935487587797,0-1
0.4141824129267618,3.118721116568043,1-0
-0.8622919947116963,-0.6126742579469233,0-1
-0.4350044687973523,0.515264245692276,0-1
1.2104381185529516,-0.12964090756725588,1-0
1.2929439010430233,-0.6595290362350203,0-1
0.3746899830328833,0.8543495174137645,1-0
-2.3255899825598054,-0.13526615546533058,0-1
0.9048292749607498,0.3194416930430236,0-1
2.2589152279511904,0.35838553642612053,0-1
0.020628688231278284,0.13079580028183088,0-1
0.610603947590481,-0.35281476370579573,1-0
1.4395275315644083,0.17551485557530816,0-1
1.5088315670047094,-0.2146750194469293,0-1
1.5681742532369543,0.45673943083686597,1-0
-1.4664206606713868,0.8198881870847864,1-0
-0.17689725586027874,0.08547593675740656,0-1
-0.7395496482165274,5.52026454919726e-05,0-1
0.011692931474368047,-0.1746542040385188,0-1
-0.24060217765117234,-0.3549734078823485,1-0
-0.22393850503215051,0.14704610688002556,1-0
-0.23096977855243814,0.45568540052382717,1-0
-3.6955087246887537,-0.5534977252528265,0-1
-0.47473608069462275,0.19555676346104156,1-0
2.259659095816608,-1.0143851911220259,0-1
-3.374886725641354,0.08438845913045626,0-1
1.2623399451085398,0.1334433957570057,1-0
-0.967618702784756,-0.21916562816375812,1-0
1.0530997945732765,-0.12508301176830297,0-1
0.3466866371412779,-0.7187546017567156,1-0
-2.460443704554884,-0.25241017666313637,1-0
1.0778493889347498,-0.13397437896140146,1/2-1/2
-1.7098735058149708,-0.6922656974558158,1/2-1/2
1.5202572837141983,-0.6360731336342739,1-0
2.730670236603187,-1.2643914788619233,0-1
2.565475331725408,-1.2764757680637862,0-1
0.30212000967699454,-0.40219693157895875,0-1
-1.323895570852343,1.413157865337528,0-1
-1.9647062183604425,-0.5176196768500392,0-1
-0.9315352419681064,-0.31544328700955504,1-0
-1.0781018699810287,0.07506308367046938,0-1
-0.705233104197487,0.09556985543290802,1-0
-2.697138881083408,0.034158923893465094,0-1
-0.12803032658136862,-0.7283471385297953,0-1
-3.3087526320817724,-0.10905141065261381,0-1
1.1626480199064368,-0.5088619005786582,0-1
-0.7043699913435897,0.5725973023927968,1-0
3.8873626893132363,0.877522357879417,1-0
1.2109828469051718,0.5491833767058717,1-0
-0.9403554025565827,0.6634440353908504,1-0
0.6704522562730036,0.12482106665714124,0-1
-1.255464619380112,0.20029525878556154,0-1
0.4620185374305913,0.49736989387760927,0-1
0.826428379382283,-0.895117982261824,1-0
-0.5099089941619017,0.015813550478785077,0-1
-1.8524647509487229,0.13490443150898412,1-0
-0.19633578661997234,1.1150752252937606,1-0
-1.974773249896681,0.4792071014970614,0-1
-0.5648190106173335,-0.003999302050793974,0-1
-1.5455760035700241,-0.8690023345688568,1-0
0.02263837857840358,-0.5662852852951635,1-0
2.141826327872292,-1.0836348435227408,0-1
-1.278579610800014,-0.36813920800062444,1/2-1/2
0.8322540458541128,0.27979513250858,0-1
-0.9610509843500903,0.240406282458029,0-1
-1.9094643878659374,0.9599086070883804,0-1
