y_true,y_pred,prob_1-0,prob_0-1,prob_1/2-1/2
1-0,0-1,0.0,0.5372326157811345,0.4544079353344262
0-1,1-0,0.0,0.4946871306176282,0.49990616806127025
1-0,1-0,0.0,0.491408523228791,0.502515159151088
0-1,0-1,0.0,0.5070767427709835,0.4816558582706338
1-0,1-0,0.0,0.46902033443827357,0.5137394694023962
0-1,1-0,0.0,0.4621968458218558,0.4809884061285204
0-1,0-1,0.0,0.49736455175849126,0.4761419430314314
0-1,1-0,0.0,0.2661752794993099,0.5748276364065098
0-1,1-0,0.0,0.46942053866970895,0.5212856902989181
0-1,0-1,0.0,0.44857970132411895,0.447706227164125
0-1,1-0,0.0,0.48570648158760676,0.5085930869774716
1-0,0-1,0.0,0.5307061527440707,0.46190715125055054
1-0,1-0,0.0,0.31028252766830344,0.6793241361741065
1-0,0-1,0.0,0.49708874260302643,0.48522550469348164
1-0,1-0,0.0,0.4932511964043144,0.5014040264207892
1-0,0-1,0.0,0.5040195303011636,0.4852714116303609
1-0,0-1,0.0,0.5110427828317972,0.4664441807727243
0-1,0-1,0.0,0.5371448423253805,0.44438579777436943
1-0,1-0,0.0,0.47802522524198254,0.5154184462726527
1-0,0-1,0.0,0.5348616640510689,0.45138156733086493
0-1,0-1,0.0,0.5265899461589065,0.4665075303511835
0-1,1-0,0.0,0.469896208426932,0.49978824398907157
0-1,0-1,0.0,0.5025004999857894,0.47139861793846194
0-1,0-1,0.0,0.5046033026795332,0.47032984430710817
1-0,1-0,0.0,0.4779439051684992,0.515139488372924
0-1,1-0,0.0,0.4148046476320452,0.5346759213187198
1-0,0-1,0.0,0.5112959071046572,0.4228455076566303
0-1,0-1,0.0,0.5021102909313774,0.48497141748753386
1-0,1-0,0.0,0.47492196699756023,0.5172219171646546
0-1,0-1,0.0,0.49159544474896133,0.4783858066369698
0-1,0-1,0.0,0.5142893784602233,0.4693515127526919
1-0,0-1,0.0,0.500904110306428,0.4772410244430154
0-1,1-0,0.0,0.46310812968036025,0.495977276861259
0-1,1-0,0.0,0.3813433394023288,0.6144907407788864
0-1,1-0,0.0,0.463821082520208,0.5017622862420204
1-0,0-1,0.0,0.48000261708086417,0.4687974827475929
1-0,1-0,0.0,0.486170434314738,0.49601094755961594
0-1,0-1,0.0,0.39241632635201906,0.3635903962949615
0-1,1-0,0.0,0.37102274509741107,0.5115532681671706
0-1,0-1,0.0,0.5321967446256853,0.4575007304481528
0-1,0-1,0.0,0.4937269240282381,0.48538621259079995
1-0,1-0,0.0,0.4697888246031555,0.5202466805933594
0-1,1-0,0.0,0.48643418318405546,0.4956908924715818
1-0,1-0,0.0,0.43498698600322094,0.5457750482201734
1-0,1-0,0.0,0.467971440837055,0.5206312888055309
0-1,0-1,0.0,0.5338337483902766,0.4547168151884782
0-1,0-1,0.0,0.5225834872932027,0.4503232257165926
1-0,1-0,0.0,0.48902146580471423,0.504616232380262
1-0,1-0,0.0,0.3299328646297338,0.3613218428929851
1-0,0-1,0.0,0.5439293613867505,0.4464006274348886
0-1,0-1,0.0,0.49658441216134597,0.47792483309270606
1/2-1/2,1-0,0.0,0.46744510379626675,0.4989662484049318
1-0,1-0,0.0,0.4170827973393645,0.46726183705408103
1-0,1-0,0.0,0.48698185744869105,0.500452275864478
0-1,1-0,0.0,0.4152747437692132,0.4204012603391958
0-1,1-0,0.0,0.43934223561733965,0.5532092928534226
1-0,0-1,0.0,0.5258672911978061,0.4547928158818621
0-1,1-0,0.0,0.4617003268796369,0.523741612088375
0-1,1-0,0.0,0.09292619401421433,0.9066786296202993
0-1,1-0,0.0,0.4277030938334471,0.5668374128299757
0-1,1-0,0.0,0.4888264884881769,0.5011133323760442
0-1,0-1,0.0,0.5123508072188921,0.47533312176572595
0-1,0-1,0.0,0.5015485980585527,0.4921757022865707
1-0,0-1,0.0,0.5123056693376317,0.47872114095406126
0-1,0-1,0.0,0.5047572935867296,0.48576848926135713
1-0,0-1,0.0,0.4593188202756995,0.4353913082492308
0-1,0-1,0.0,0.414358289526806,0.4047950818076025
0-1,1-0,0.0,0.4083425920064751,0.46033158498235915
0-1,1-0,0.0,0.4001520921297027,0.5249170184392823
0-1,1-0,0.0,0.4748608725694314,0.519893928016711
1-0,1-0,0.0,0.4685850024325912,0.5143382036663884
1-0,1-0,0.0,0.4337202335535008,0.5470736020081304
0-1,1-0,0.0,0.47298613163377706,0.5059107351867511
0-1,0-1,0.0,0.5174189908427717,0.4726702323892549
0-1,0-1,0.0,0.41370574245220304,0.4126550104770412
0-1,1-0,0.0,0.37850728726969385,0.5728455996342354
0-1,1-0,0.0,0.4945541855866589,0.4973524510632684
0-1,1-0,0.0,0.4806527169211282,0.49689794491833605
0-1,0-1,0.0,0.4787240864892473,0.37545820163333393
1-0,0-1,0.0,0.5005474573814102,0.4932808503358871
1-0,1-0,0.0,0.4287360785228714,0.5421380071507372
0-1,0-1,0.0,0.5003256789009598,0.498854079517592
0-1,1-0,0.0,0.4452403338590631,0.5544982167296392
1-0,1-0,0.0,0.4716259712845018,0.5218441810376441
1-0,1-0,0.0,0.47245640863798966,0.47364256676883887
1-0,1/2-1/2,0.0,0.2631480587554077,0.2692173579139482
0-1,0-1,0.0,0.5300471033353692,0.4358598839770787
1-0,1-0,0.0,0.4114841145352787,0.5825652246770525
1-0,1-0,0.0,0.28836606007549653,0.704475837459446
0-1,0-1,0.0,0.4733083002548862,0.37586472424318057
1-0,0-1,0.0,0.39992702012206655,0.35305417317582677
1-0,0-1,0.0,0.4700297830843066,0.4247300238508138
0-1,1-0,0.0,0.3853737955737739,0.5985018237271119
0-1,1-0,0.0,0.40187058736901843,0.5933142562162455
1-0,0-1,0.0,0.5055146898286554,0.46982863683440934
1-0,1-0,0.0,0.48112553013051973,0.4987669114426584
0-1,1-0,0.0,0.4012968674732049,0.4611646824880422
1-0,1-0,0.0,0.48597589151712517,0.5031612855720443
0-1,1-0,0.0,0.4593810666202425,0.5311085818437672
0-1,1-0,0.0,0.47934676534338977,0.5070354902872939
0-1,1-0,0.0,0.4894907648572269,0.4954332729755206
1-0,0-1,0.0,0.5488275129119745,0.4361995352697825
1-0,0-1,0.0,0.5057925844862466,0.47509079094753964
1-0,0-1,0.0,0.507977597890619,0.48273151395321673
1-0,1-0,0.0,0.4609864136562797,0.5322433856779498
1/2-1/2,1-0,0.0,0.42635161166282703,0.5565374811222309
1-0,1-0,0.0,0.46279913898078817,0.5281275634071012
0-1,1-0,0.0,0.395222764167664,0.5611678581205951
1-0,1-0,0.0,0.451409579418186,0.45976654105380194
0-1,0-1,0.0,0.5022012262222428,0.49021503538422584
1-0,1-0,0.0,0.4595758391626923,0.48291300232676077
1-0,1-0,0.0,0.419604998190157,0.5405593795116221
1-0,0-1,0.0,0.42882211181920776,0.4197530016383535
0-1,0-1,0.0,0.510962637446154,0.4778844649519581
1-0,0-1,0.0,0.5378687186197876,0.4515559550572983
1-0,0-1,0.0,0.5477462687573803,0.4351095989217747
1-0,1-0,0.0,0.48514519430402164,0.507042484298338
1-0,1-0,0.0,0.3884797459964339,0.6063407257835937
0-1,1-0,0.0,0.3760875659471314,0.5979613685439543
1-0,1-0,0.0,0.45244794571296415,0.47400681162035113
0-1,1-0,0.0,0.4475579936020728,0.5342172941383694
1-0,1/2-1/2,0.0,0.2536894954820528,0.23613508241627731
0-1,0-1,0.0,0.530869723757329,0.46441131323744206
0-1,0-1,0.0,0.49466225489719357,0.49385033352194807
1-0,1-0,0.0,0.38234085345388147,0.5648013856013753
0-1,1-0,0.0,0.4717518913127125,0.5179897695168507
0-1,1-0,0.0,0.4486226347379432,0.5423815471032009
1/2-1/2,1-0,0.0,0.4877534727436315,0.49658360585307015
1-0,0-1,0.0,0.5330045138492638,0.46024826604952773
1/2-1/2,0-1,0.0,0.3583447602733266,0.3470860919583055
0-1,0-1,0.0,0.5547751262332645,0.42868099602355625
0-1,0-1,0.0,0.5115465200123408,0.44802219219363165
1-0,0-1,0.0,0.5066732728691282,0.4811005047414965
1/2-1/2,0-1,0.0,0.49319406723247905,0.4616015401732385
0-1,0-1,0.0,0.4861741024747661,0.46963846175147755
1-0,1-0,0.0,0.4775121652355338,0.5001381001425839
1-0,1-0,0.0,0.43480974673281714,0.5559055162657822
1-0,0-1,0.0,0.5238871516712651,0.46995924299843667
0-1,0-1,0.0,0.5023711997308867,0.46296713638561027
1-0,1-0,0.0,0.3182865332010579,0.6718660604013953
1-0,0-1,0.0,0.470371994262811,0.4610451423518972
0-1,1-0,0.0,0.4865584155013035,0.5066865541342291
0-1,1-0,0.0,0.459668346507758,0.5116919713195189
0-1,1-0,0.0,0.4849619449777878,0.4944493369519542
0-1,0-1,0.0,0.47674757566949727,0.47468567902267583
1-0,0-1,0.0,0.5107008633811864,0.4654979790307398
1-0,1-0,0.0,0.48584275444506564,0.501337841783232
0-1,1-0,0.0,0.47780020214646707,0.5147757030508263
1-0,0-1,0.0,0.49047483663910724,0.47963383594890907
0-1,0-1,0.0,0.4873801407296201,0.4816677645922949
0-1,1/2-1/2,0.0,0.15305764083125004,0.1540030940897939
1-0,0-1,0.0,0.4820664527162782,0.4709022292334515
1-0,1-0,0.0,0.46914609547407526,0.513803313077906
1-0,1-0,0.0,0.4895377093431807,0.5020929419182492
1/2-1/2,1-0,0.0,0.24399209993774262,0.7512726791799251
1/2-1/2,1-0,0.0,0.42702008155997767,0.45672393180001775
0-1,1-0,0.0,0.47153442930805173,0.4913745479872382
1-0,0-1,0.0,0.5233655912500746,0.4395733255242108
0-1,1-0,0.0,0.4268629262579433,0.4345317382256056
1-0,1-0,0.0,0.4785901364541286,0.4909578334648691
1-0,0-1,0.0,0.47953867418086943,0.4699193616892852
1-0,0-1,0.0,0.5052646119282139,0.456391735730607
0-1,0-1,0.0,0.5288122349357115,0.4019417345502403
0-1,0-1,0.0,0.4997161511739819,0.47225973627859347
0-1,0-1,0.0,0.4973997719007544,0.45906144409570826
0-1,1-0,0.0,0.41550636262513263,0.5742919243937562
0-1,1-0,0.0,0.48538741328511154,0.5036331078579364
0-1,1-0,0.0,0.4939287850996688,0.49957528191954964
0-1,1-0,0.0,0.43672450365696686,0.48274805086358386
0-1,0-1,0.0,0.5084300609497419,0.48355644787852153
0-1,0-1,0.0,0.49418572184098514,0.48017530589960017
0-1,0-1,0.0,0.5061425024305058,0.48310422971802514
1-0,1-0,0.0,0.3522577641462536,0.40048535729450907
1-0,0-1,0.0,0.5136636741864516,0.4811109800855585
1-0,1-0,0.0,0.4757948410968418,0.5139407751755262
0-1,0-1,0.0,0.5232146755489472,0.4639065856486842
0-1,0-1,0.0,0.4841142182006501,0.48411245030449457
0-1,0-1,0.0,0.5010675894005876,0.4841016432498825
1-0,0-1,0.0,0.4989851733994937,0.4678589805919076
0-1,0-1,0.0,0.536284506798637,0.4435876175025419
1-0,1-0,0.0,0.28807388190044936,0.3669254661572627
1-0,1-0,0.0,0.44637398883261287,0.45330654196127373
1/2-1/2,0-1,0.0,0.42509653861178914,0.387532598301723
0-1,0-1,0.0,0.5107615869498027,0.46981567733248936
1-0,0-1,0.0,0.5085617742997788,0.48300473554698736
1/2-1/2,1/2-1/2,0.0,0.21123703554003034,0.18716170893473694
1-0,1-0,0.0,0.49551262727964585,0.4969326421758789
1-0,1-0,0.0,0.35146394440624196,0.64428379544861
0-1,1-0,0.0,0.4897518229873521,0.5013754022354047
1-0,0-1,0.0,0.5096758670232984,0.48405058478888485
1-0,1-0,0.0,0.4864072790885851,0.49920864073792565
1-0,1-0,0.0,0.28555275635658306,0.6889780373871718
1-0,0-1,0.0,0.5061189518808203,0.47822523281238105
0-1,1-0,0.0,0.46512912046541227,0.5182521297087688
1-0,0-1,0.0,0.5146730780392326,0.45898042043503734
1-0,0-1,0.0,0.4947236790433921,0.48099144757212275
0-1,1-0,0.0,0.4765524487005206,0.4809195794233268
1/2-1/2,0-1,0.0,0.4835152023414109,0.46901707222569944
1-0,1-0,0.0,0.48011601532702586,0.4812789680671492
1-0,1-0,0.0,0.4068337183252818,0.5875942073522287
0-1,0-1,0.0,0.45154887321151616,0.4053885756844648
1-0,0-1,0.0,0.49477477968644507,0.49354224297830523
1-0,0-1,0.0,0.507216986933717,0.4690019052478688
0-1,0-1,0.0,0.5309040772287923,0.443816594827608
1-0,1-0,0.0,0.45657543286965463,0.5300062093188206
1-0,1-0,0.0,0.4781724590282562,0.5109819634384873
1-0,1-0,0.0,0.4859152142608883,0.5079419718724528
0-1,1-0,0.0,0.4561909411926949,0.5382209267973596
0-1,0-1,0.0,0.5196788259167261,0.4685129979006158
1-0,0-1,0.0,0.4811659795374945,0.47442423311335435
1-0,0-1,0.0,0.4539658065390036,0.45362429366909734
0-1,0-1,0.0,0.5309398025923983,0.463643010279485
1-0,0-1,0.0,0.5039646706365282,0.45018270123219123
0-1,0-1,0.0,0.49920796227267344,0.4521321469727652
0-1,0-1,0.0,0.48802465472533446,0.4641008397442963
0-1,0-1,0.0,0.518676764233657,0.4751453103068384
1-0,1-0,0.0,0.4955391183298829,0.4962978576379965
0-1,0-1,0.0,0.4832143643238354,0.4736104766224723
1-0,1-0,0.0,0.47423975871406227,0.5003077131631135
0-1,0-1,0.0,0.5461535073405602,0.43635578044009715
1-0,1-0,0.0,0.47577391323978074,0.5183648743586863
1-0,1-0,0.0,0.43132313545587075,0.4353003630885546
1-0,1-0,0.0,0.47019631238993476,0.5244059950373641
1-0,0-1,0.0,0.5217640261153695,0.4597991575695609
0-1,0-1,0.0,0.4807367210469953,0.4725742433591533
0-1,1-0,0.0,0.24325479274562525,0.44757199960909594
1-0,1-0,0.0,0.44900297444163767,0.5419733744908677
1-0,0-1,0.0,0.5058531226718085,0.4705393113102075
0-1,0-1,0.0,0.4546891020045015,0.4471452369703772
0-1,1-0,0.0,0.3502139460855886,0.6431511423641652
0-1,1-0,0.0,0.46769317088836154,0.49995944157297306
0-1,0-1,0.0,0.49159975851177906,0.4817343180464158
1-0,0-1,0.0,0.5033710113229328,0.48965962242908323
1-0,1/2-1/2,0.0,0.04301283897207838,0.03957800839847126
1-0,1-0,0.0,0.42311377570559505,0.5711406881716229
1-0,0-1,0.0,0.5004332291910919,0.48510027644967046
1-0,0-1,0.0,0.4908633920732153,0.4869824010401922
1-0,0-1,0.0,0.5294968725755024,0.4635877156779702
1-0,0-1,0.0,0.5061363940997774,0.4780987644342246
0-1,0-1,0.0,0.5137153238543577,0.44409476487685834
1-0,0-1,0.0,0.47003250320091433,0.46903568197600787
1-0,0-1,0.0,0.4990096790874318,0.48855511676337193
0-1,1-0,0.0,0.42655616402669,0.4641489047093976
1/2-1/2,1-0,0.0,0.2358576958496134,0.4929473929307654
1/2-1/2,1-0,0.0,0.4349055782186807,0.5348105612979713
1-0,0-1,0.0,0.4303980579593441,0.334012461020001
1/2-1/2,0-1,0.0,0.3823029009179534,0.3418155004461777
1-0,0-1,0.0,0.5186690800495491,0.43019361807839146
0-1,0-1,0.0,0.5006887285596735,0.4932895141211329
0-1,1-0,0.0,0.4590159912707617,0.5276040983357532
0-1,1-0,0.0,0.47024308563949824,0.5149779245816548
1/2-1/2,1-0,0.0,0.392704045921579,0.5082291123347364
1-0,1-0,0.0,0.4890101710989698,0.5016796830902114
1-0,1-0,0.0,0.3780071743036285,0.41612193859138635
0-1,0-1,0.0,0.5008021075574212,0.46585591409838845
0-1,0-1,0.0,0.5092185050611951,0.47489977804472283
0-1,0-1,0.0,0.4995878080275849,0.48796758753931035
1-0,1-0,0.0,0.491292836175053,0.49177455145520443
0-1,1-0,0.0,0.4328431088265413,0.48821427259503625
0-1,0-1,0.0,0.5395260263945575,0.4079037323339752
0-1,0-1,0.0,0.5384292892570526,0.4532893499211146
1-0,1-0,0.0,0.44280086860206674,0.5284330906678395
0-1,0-1,0.0,0.4946617915710604,0.4907234071911159
0-1,1-0,0.0,0.48334005123424295,0.509672730487283
0-1,0-1,0.0,0.49606097251205444,0.4931691148611254
0-1,0-1,0.0,0.5156004107206098,0.46753934493399735
1-0,1-0,0.0,0.482800448500086,0.5119317868683172
1-0,0-1,0.0,0.5044256560905629,0.47660453306262796
1-0,0-1,0.0,0.5197061211499259,0.46414366990777733
0-1,1-0,0.0,0.4468413378985219,0.540017890005258
1-0,1-0,0.0,0.40210415070471256,0.4861805787454085
1-0,1-0,0.0,0.4841140312614037,0.49731216303040293
1-0,0-1,0.0,0.4978177874669132,0.48552457615978156
0-1,1-0,0.0,0.4915012371212159,0.4945551534855099
0-1,1-0,0.0,0.3971461323060153,0.5854558804156798
1-0,1-0,0.0,0.2556381769563043,0.7191424397674359
0-1,1-0,0.0,0.353159361087611,0.6386092202669579
1-0,0-1,0.0,0.49397209619681154,0.4681328555498204
0-1,1-0,0.0,0.4062985481429659,0.5884982567742197
1-0,1-0,0.0,0.4832255222604033,0.5052162021853353
0-1,1/2-1/2,0.0,0.07533600620104346,0.06453374607449948
1-0,1-0,0.0,0.4436994835631629,0.5472979890010115
0-1,1-0,0.0,0.4775453461030952,0.4898561005660399
1-0,1-0,0.0,0.243191768505127,0.5958928073720509
1-0,0-1,0.0,0.5216420705652514,0.46482885037288035
0-1,0-1,0.0,0.5158013378945627,0.4703039247944765
0-1,0-1,0.0,0.5004225435389418,0.4917023323712499
0-1,1-0,0.0,0.3984759212808021,0.46285104363329665
1/2-1/2,0-1,0.0,0.4648090631270306,0.4275607051241671
1-0,1-0,0.0,0.4420060157593174,0.4612075232493011
1-0,0-1,0.0,0.5013361534430593,0.4863550800243344
1-0,0-1,0.0,0.5041012333402057,0.4519278774510238
1-0,1/2-1/2,0.0,0.1113006222520101,0.14152263200548043
0-1,0-1,0.0,0.48977189937315707,0.4669184243117278
0-1,1-0,0.0,0.4816706596454091,0.5100744444542017
1-0,0-1,0.0,0.5326705861366974,0.4610126255893251
1-0,1-0,0.0,0.479644299836687,0.48750363533490193
0-1,1-0,0.0,0.44662574687056117,0.4788248554573675
1-0,0-1,0.0,0.5097225769227479,0.4696905414666951
0-1,1-0,0.0,0.4535504823537031,0.49758973118145755
0-1,0-1,0.0,0.5270852325375385,0.46384941540490804
1/2-1/2,1-0,0.0,0.44192613825341703,0.45939174915962844
0-1,0-1,0.0,0.5166095661406037,0.459648799072691
0-1,1/2-1/2,0.0,0.27465409121035406,0.21681421055728822
1-0,1-0,0.0,0.47726118724550304,0.5155604921805753
0-1,1-0,0.0,0.4205829439258584,0.5621216530514201
1/2-1/2,0-1,0.0,0.5012936246836499,0.4918353010229292
0-1,0-1,0.0,0.5226935194672934,0.47143147368344634
1-0,0-1,0.0,0.5034612699352502,0.45977705409702035
0-1,0-1,0.0,0.5297475746986561,0.46016630133537817
0-1,0-1,0.0,0.49660643344629113,0.4922603789553747
0-1,0-1,0.0,0.436940533922198,0.43149088605110447
0-1,1-0,0.0,0.48436482098162126,0.5086557678238002
1-0,1-0,0.0,0.45218038739558974,0.5256028520361036
1-0,1-0,0.0,0.4950996474404111,0.49557321774840296
0-1,1-0,0.0,0.48584172088380656,0.5074334535715459
1-0,0-1,0.0,0.4922353700210852,0.4782174027335572
0-1,0-1,0.0,0.5027350727685626,0.48758675647876265
1-0,0-1,0.0,0.5196718511812042,0.445301823835488
1-0,0-1,0.0,0.511053591966672,0.46775038950921344
0-1,1-0,0.0,0.48725422056158113,0.5017239912741726
1-0,0-1,0.0,0.5166442770740306,0.45522493638687067
0-1,0-1,0.0,0.5123959516929778,0.42660825266959124
1-0,0-1,0.0,0.48767288107885043,0.42090426789025287
0-1,1-0,0.0,0.4621375271314026,0.4796113877998722
0-1,1-0,0.0,0.4806827773058577,0.5127554158533189
1-0,1-0,0.0,0.46389962378869004,0.5256689166376829
1-0,1-0,0.0,0.4096700185916853,0.5830700105478699
1-0,1-0,0.0,0.488633882998425,0.5044444618004562
1-0,1-0,0.0,0.4833856757340853,0.5028119166520764
0-1,0-1,0.0,0.4151306535131045,0.39420811600710487
0-1,0-1,0.0,0.5605307427344874,0.43038707573591695
0-1,1-0,0.0,0.44359059175563437,0.5410509614043026
1-0,1-0,0.0,0.11804863887368533,0.881393263359271
0-1,0-1,0.0,0.5179605569082785,0.4551898439685857
1-0,1-0,0.0,0.4907900422882954,0.5027842996526325
1-0,1-0,0.0,0.4468600608348177,0.5137863178437669
0-1,1-0,0.0,0.38062444481350255,0.4481870573102059
1-0,1-0,0.0,0.48413896987439575,0.4893623306754519
0-1,0-1,0.0,0.48061900739343255,0.466823952103425
0-1,0-1,0.0,0.5298700734955519,0.4633832579748225
0-1,0-1,0.0,0.5069061142796923,0.4825855714513878
1-0,0-1,0.0,0.5179192408934624,0.46995810770211294
0-1,1-0,0.0,0.3307643339135074,0.37766152805080433
0-1,1-0,0.0,0.44613311004664985,0.5423476339464994
0-1,0-1,0.0,0.5543195614247667,0.4366142012785267
1-0,0-1,0.0,0.4914282974626591,0.48996981013601715
1-0,1-0,0.0,0.47950012918165313,0.5127998781787938
0-1,1-0,0.0,0.45288454598939937,0.5362147544653775
1-0,0-1,0.0,0.5049344346675885,0.4414983071066606
1-0,1-0,0.0,0.4825860725611351,0.5117328546164431
1-0,0-1,0.0,0.4216135314380902,0.412821154663133
0-1,1-0,0.0,0.4897766204228826,0.4984374091880939
1-0,1-0,0.0,0.4437453176167097,0.4476230860535497
0-1,0-1,0.0,0.47679273550160095,0.47163193349290583
0-1,0-1,0.0,0.4997180677260478,0.420081138438779
1-0,1-0,0.0,0.40603641799427503,0.5866440580337402
1-0,1-0,0.0,0.4584636249900269,0.5307876261550162
0-1,0-1,0.0,0.492284135208307,0.46185168928236053
1-0,0-1,0.0,0.5018798818155988,0.4872970625676959
0-1,0-1,0.0,0.49424747171745154,0.4731515609090714
1-0,1-0,0.0,0.46123639745931144,0.5303243176512465
1-0,1-0,0.0,0.4756640048589558,0.48435973990990805
1-0,0-1,0.0,0.5156219980810134,0.43800718804078265
1-0,0-1,0.0,0.4717668797035355,0.45803252714042697
0-1,1-0,0.0,0.48698584284369417,0.4876520209902675
0-1,1-0,0.0,0.40962370901798306,0.5656342046767477
1-0,1-0,0.0,0.48466121195226614,0.5028211837303044
1-0,0-1,0.0,0.5419474980245411,0.43359057348832153
1-0,1-0,0.0,0.44408480971589803,0.49928308633051366
0-1,1-0,0.0,0.4484897603026491,0.4994814499874577
0-1,0-1,0.0,0.4845945623505214,0.39775406124638446
0-1,0-1,0.0,0.53591450743233,0.4468437735636186
0-1,0-1,0.0,0.523930786074836,0.4683839256180408
0-1,1-0,0.0,0.4035899753019182,0.5536770931030623
0-1,1-0,0.0,0.4888560330262727,0.5049654676042483
1-0,0-1,0.0,0.49410668280866804,0.46994304353168265
1-0,1-0,0.0,0.4486505094984614,0.4786364615842952
1-0,1/2-1/2,0.0,0.32299700802917464,0.32776773118588093
1-0,0-1,0.0,0.46114917193449684,0.4232539491640703
0-1,0-1,0.0,0.4604841373120166,0.45494347565340343
1-0,0-1,0.0,0.5014764476950176,0.47124652494169433
0-1,0-1,0.0,0.4970602812673087,0.49632790399641963
1-0,1-0,0.0,0.38247154614086015,0.5887955188042185
0-1,1-0,0.0,0.41844853889457984,0.4233193064687825
1-0,1-0,0.0,0.3873275615351315,0.4975248390690908
1-0,0-1,0.0,0.4711246442475347,0.4626403784449561
1-0,1-0,0.0,0.43703739503180716,0.5406644042451688
1-0,1-0,0.0,0.407153837864069,0.5800252435303067
0-1,1-0,0.0,0.4251891959663435,0.439814804948152
0-1,1-0,0.0,0.3374232354077561,0.4055564604371288
0-1,1-0,0.0,0.4905723842910245,0.5013757892696912
1-0,1-0,0.0,0.47193709509372667,0.5041203016653487
1-0,1-0,0.0,0.47843469362784025,0.5143473533101173
0-1,1-0,0.0,0.3617699467481009,0.629322583854968
1-0,1-0,0.0,0.4754976504350282,0.5075110252779087
1-0,1-0,0.0,0.4914681095905973,0.4988645302962966
1/2-1/2,0-1,0.0,0.41565331448283005,0.3910075388247005
1-0,0-1,0.0,0.5186604688915443,0.43629751715610726
1-0,0-1,0.0,0.36919956421734074,0.33186746787561583
0-1,1-0,0.0,0.4681661758147745,0.519843696280274
0-1,1-0,0.0,0.4362561086219166,0.5419293046850073
1-0,0-1,0.0,0.5253177272456874,0.45082842715456317
1-0,1-0,0.0,0.4521477149939248,0.5225782447307075
1-0,1-0,0.0,0.4286530910838622,0.5630025944284163
0-1,0-1,0.0,0.49572368370792785,0.48089543346002156
0-1,1-0,0.0,0.4804043323717235,0.4988893050188664
1-0,1-0,0.0,0.47510334361165746,0.5189462429214068
1-0,1-0,0.0,0.49181294613373755,0.5016780107694527
0-1,0-1,0.0,0.5169533067713353,0.46353063794441307
0-1,0-1,0.0,0.49388431632886703,0.4875488692694373
1-0,1-0,0.0,0.3073624176659677,0.6532642719417042
0-1,0-1,0.0,0.5287415332338514,0.46568392245943674
0-1,1-0,0.0,0.4263401760755038,0.42904817225654307
1-0,0-1,0.0,0.5456104910577881,0.44185947040185924
1-0,1-0,0.0,0.4342378001884501,0.5563780404788593
1/2-1/2,1/2-1/2,0.0,0.048621582027565294,0.053549059045304395
1-0,0-1,0.0,0.5183616314209676,0.46733680002395145
1-0,0-1,0.0,0.49971271090617103,0.4880485635247993
1-0,0-1,0.0,0.5230051690574957,0.47047260696473353
0-1,1-0,0.0,0.48187686965669135,0.49321432757920597
0-1,1-0,0.0,0.4864044279350528,0.5001574985197735
1-0,1-0,0.0,0.4573116767587795,0.5173138660066583
1-0,0-1,0.0,0.4939556374523959,0.47917777913538534
1-0,1-0,0.0,0.48277214635598775,0.5047107530988063
1-0,0-1,0.0,0.4877235825583252,0.4540309782126301
1-0,1-0,0.0,0.25631507449055085,0.6473990697188609
0-1,1/2-1/2,0.0,0.21453457187670327,0.2266003849483912
1-0,0-1,0.0,0.4879905506421445,0.47202876731014676
1-0,0-1,0.0,0.5119290543309605,0.4803664517777502
1-0,0-1,0.0,0.4886003953179908,0.4759432463056825
0-1,0-1,0.0,0.5110334790855648,0.4769189912214764
0-1,1-0,0.0,0.4907674326759503,0.5010157031156017
1-0,0-1,0.0,0.5005857585116344,0.46012508138528196
1-0,0-1,0.0,0.4945491806131129,0.49334381787736326
0-1,0-1,0.0,0.4799459960804743,0.4666246371612924
1-0,1-0,0.0,0.3867378876707151,0.6035234717307774
0-1,1-0,0.0,0.4694717755633559,0.5002212733288859
1-0,0-1,0.0,0.4772710329468004,0.40405206802758903
1-0,0-1,0.0,0.48258161215673046,0.4141622692130856
1-0,1-0,0.0,0.46016964304834174,0.48342683067663716
0-1,0-1,0.0,0.4534479714615295,0.37835310483184176
0-1,1-0,0.0,0.41807405803667136,0.443573802256268
0-1,0-1,0.0,0.5291979408522336,0.46707892694297465
1-0,1-0,0.0,0.416897224742356,0.576097646220084
1-0,1-0,0.0,0.4116770110007916,0.5421817793491995
0-1,1-0,0.0,0.4608198861269987,0.5070619685582051
0-1,1-0,0.0,0.38373716523359247,0.5741008822876492
0-1,0-1,0.0,0.5250370738800317,0.44009199463637305
0-1,0-1,0.0,0.4751824596773845,0.45971933391900593
0-1,0-1,0.0,0.5020318551031894,0.48050368194798476
1-0,1-0,0.0,0.408297237630254,0.5273383600979709
1/2-1/2,0-1,0.0,0.3758743178615993,0.3402556878225552
1-0,1-0,0.0,0.48130088860924014,0.5075529656210028
0-1,1-0,0.0,0.4900717452976399,0.4914479775550391
0-1,0-1,0.0,0.4954156172251608,0.4943742411843995
1-0,1-0,0.0,0.447005056445517,0.4775454363545024
0-1,0-1,0.0,0.4798378553615777,0.47563421659734606
1/2-1/2,1-0,0.0,0.40738539931630086,0.46033598059437475
0-1,0-1,0.0,0.5028373339458834,0.48994312352198033
0-1,0-1,0.0,0.49051194667915665,0.4882206246065057
0-1,1-0,0.0,0.3231319696640577,0.4180230191876655
0-1,1-0,0.0,0.4375812903228675,0.5573542176127881
1-0,0-1,0.0,0.48778980805913735,0.4713461493361241
1-0,0-1,0.0,0.49897064766165866,0.49315174136876627
0-1,0-1,0.0,0.5022776641682967,0.4903247915618155
1-0,0-1,0.0,0.48376968442763035,0.4612750413608601
1-0,0-1,0.0,0.5301480497568111,0.46507383236631095
0-1,0-1,0.0,0.4481581125706238,0.4334034464845172
0-1,1-0,0.0,0.3979268300343506,0.57323018498062
0-1,0-1,0.0,0.4769826440924285,0.43485825279890994
0-1,0-1,0.0,0.47962994929777075,0.4258184622285014
1-0,1-0,0.0,0.3074784519687809,0.5870867450576598
1-0,0-1,0.0,0.4865115483137511,0.47627312388681176
0-1,1-0,0.0,0.48650974711888306,0.49196069136033693
1/2-1/2,1-0,0.0,0.39571488052123427,0.4731247374055954
0-1,1-0,0.0,0.47590086439456714,0.4981965745236457
0-1,1-0,0.0,0.48806282402852325,0.5007627663407581
1-0,1-0,0.0,0.4548481408604981,0.5207327462502116
1-0,0-1,0.0,0.5226716438279467,0.4691621368638621
1-0,0-1,0.0,0.47637672037170936,0.44064059030131464
1-0,0-1,0.0,0.5099594697808761,0.4749453751362747
0-1,0-1,0.0,0.5070128529414158,0.4804134030610871
1-0,0-1,0.0,0.48817271435573145,0.47803435170072994
1-0,1-0,0.0,0.4923110509875404,0.4951864406017463
0-1,1-0,0.0,0.4765020148464375,0.4935461429336613
0-1,0-1,0.0,0.5060858704598351,0.4753135565525761
1-0,1-0,0.0,0.36727556772075604,0.37346427839571816
0-1,1-0,0.0,0.4877433672051852,0.5017511905197786
0-1,0-1,0.0,0.44586215999536705,0.42979523200552316
0-1,0-1,0.0,0.5061541458956793,0.4849473925786952
0-1,0-1,0.0,0.41956217622744535,0.3824957572762706
0-1,1-0,0.0,0.49100639801189944,0.508472879230574
1-0,1-0,0.0,0.17562944401312539,0.8028610723123397
1-0,0-1,0.0,0.5234500368896124,0.4387496174747558
1-0,0-1,0.0,0.5062123740731613,0.46201445143352604
1-0,1-0,0.0,0.4732237140063353,0.5192842814976717
1-0,1-0,0.0,0.40452838457416035,0.590540460609697
0-1,1-0,0.0,0.4545704803440881,0.5374317076175611
1-0,0-1,0.0,0.5403039015689313,0.44857374550664
0-1,1-0,0.0,0.4681657791022641,0.5205632255336493
1-0,0-1,0.0,0.5108091940644769,0.47636723709797585
0-1,1-0,0.0,0.46187124926542206,0.5156336406951499
1-0,1-0,0.0,0.4457255574195293,0.5492203323623878
1-0,0-1,0.0,0.5175114940352326,0.4676763136903499
1-0,0-1,0.0,0.502357218023631,0.4903539330544127
0-1,1-0,0.0,0.46748344310728857,0.5127048125147944
1-0,0-1,0.0,0.4977338349028841,0.4018255920523027
1-0,1-0,0.0,0.46358983034692813,0.4892636797187812
0-1,1-0,0.0,0.45547344543405616,0.5135596879465802
0-1,1-0,0.0,0.4652874658972484,0.5160896738223386
0-1,0-1,0.0,0.5138458569961024,0.4697482159293075
0-1,0-1,0.0,0.5148481363230497,0.47036647437047485
0-1,1-0,0.0,0.47208726099541615,0.5003264197440862
0-1,1-0,0.0,0.44263205764649644,0.5498716463758646
0-1,1-0,0.0,0.49050908315844777,0.5019841658053267
0-1,0-1,0.0,0.5023121581670302,0.47324961777505964
1-0,0-1,0.0,0.5085402745825898,0.4840506618425862
1-0,1-0,0.0,0.4279304557822507,0.5660138839138754
0-1,1-0,0.0,0.4843749490092104,0.5068167493602442
0-1,1-0,0.0,0.49479840354611565,0.4960966285128986
0-1,0-1,0.0,0.5066826743686069,0.479786890422656
1-0,0-1,0.0,0.48777470741228635,0.48273423910106633
0-1,0-1,0.0,0.5045291211767505,0.44020284108684726
0-1,0-1,0.0,0.4975414099395867,0.4938110379595093
1-0,1-0,0.0,0.4877086830590966,0.5005344774437808
1-0,1-0,0.0,0.2824507468960833,0.3608825870340668
1-0,1-0,0.0,0.4793055651646739,0.49633697462730253
1-0,1-0,0.0,0.47014580069174783,0.5234195750843923
1-0,0-1,0.0,0.5047172244072784,0.4874942868025227
1-0,0-1,0.0,0.509410822704117,0.4733897469169791
0-1,0-1,0.0,0.5068917004286714,0.47446815265372816
1-0,1-0,0.0,0.4770771621736757,0.5122565534375957
1-0,0-1,0.0,0.5061869121081055,0.48152402127180627
0-1,0-1,0.0,0.46969152669983405,0.3912279060826987
0-1,0-1,0.0,0.4503540039345851,0.4279931232548606
0-1,0-1,0.0,0.528252527636407,0.45117726899824473
1-0,1-0,0.0,0.49501591402966777,0.49619710976260584
0-1,1-0,0.0,0.48616263367002677,0.4972214337856133
0-1,0-1,0.0,0.505041953875808,0.488393695356769
1-0,0-1,0.0,0.5104374479425653,0.45557689267702484
0-1,0-1,0.0,0.559581089784541,0.4312555146641554
0-1,1-0,0.0,0.39011332453376263,0.46396823370635526
1-0,0-1,0.0,0.47524153272117425,0.4708304440639998
0-1,0-1,0.0,0.49193794170298716,0.48997073994599455
1-0,1-0,0.0,0.33945804463190393,0.553379265847134
1/2-1/2,0-1,0.0,0.48574023622338836,0.4695154026062377
1-0,1-0,0.0,0.47570785002980664,0.49380621342964265
0-1,1-0,0.0,0.43959412011614263,0.5517881261293263
0-1,1-0,0.0,0.4638102387569129,0.4794153181314563
1-0,0-1,0.0,0.5002247390976682,0.4924759824962491
1-0,1-0,0.0,0.4945840698387925,0.49697710218811925
1-0,1-0,0.0,0.18723124570201702,0.8105292735228479
1-0,0-1,0.0,0.4200784828191645,0.4156073834326147
1-0,0-1,0.0,0.49796691649671904,0.4832348901760626
1-0,1-0,0.0,0.48543477849098404,0.5089557575809346
1-0,0-1,0.0,0.49200115696366187,0.48970675675763276
1-0,1/2-1/2,0.0,0.2150538854411022,0.2408730020756271
1-0,1-0,0.0,0.488186457958534,0.5064132288133981
1-0,0-1,0.0,0.4229628056375586,0.3466995780260734
0-1,1/2-1/2,0.0,0.06612081792437087,0.08767337346153364
0-1,0-1,0.0,0.502849759445794,0.43601633573840815
1-0,1-0,0.0,0.3362812389291066,0.6398804183558151
1-0,0-1,0.0,0.5140308368243666,0.4615020113115902
0-1,0-1,0.0,0.5154739084364188,0.47116049509998553
1-0,0-1,0.0,0.5003720023727005,0.459520067401452
1-0,1-0,0.0,0.32588393014577394,0.609311070942529
1-0,1-0,0.0,0.4651377399807208,0.5139151722028393
1-0,1-0,0.0,0.4876753366409735,0.49652090799444915
1-0,1-0,0.0,0.4699779561647166,0.48036903334953357
0-1,1-0,0.0,0.45357228421044044,0.5262123140555495
0-1,1-0,0.0,0.4521972344366066,0.5393883719462971
1-0,1-0,0.0,0.454793856355294,0.509596265159714
0-1,1-0,0.0,0.47848577028662165,0.5120880884331083
1-0,0-1,0.0,0.5081090965671867,0.4794130163555411
0-1,1-0,0.0,0.48366524105204084,0.4925782667856103
1-0,0-1,0.0,0.5244634505648128,0.47036357493966124
1-0,0-1,0.0,0.5350535341835726,0.44153869447441435
1-0,1-0,0.0,0.35986161053626486,0.6331448539478939
0-1,1-0,0.0,0.4892165418476102,0.497775014748501
1-0,1-0,0.0,0.4855718937716248,0.4865294566757083
1-0,0-1,0.0,0.5114757282629165,0.4783101998465203
0-1,0-1,0.0,0.5289789735224593,0.4550797155035179
0-1,1-0,0.0,0.46230227933669926,0.5046480695038936
1-0,0-1,0.0,0.5148912373459037,0.47133472720135805
0-1,1-0,0.0,0.3387050745664055,0.47555407488099477
0-1,0-1,0.0,0.5144637823536805,0.47660489069610495
1-0,0-1,0.0,0.5014848769808629,0.46207872045432974
0-1,0-1,0.0,0.49783654433255603,0.49316224981316126
1-0,0-1,0.0,0.5032285174300709,0.4641356696407193
1/2-1/2,1-0,0.0,0.34542873499278237,0.36032406147333523
1-0,0-1,0.0,0.5075655270794315,0.48377431367706225
1-0,0-1,0.0,0.5409930449765296,0.44489360605887357
1-0,0-1,0.0,0.4994332284641892,0.48294527511651486
1-0,0-1,0.0,0.49681365196502264,0.49028566654703265
0-1,0-1,0.0,0.5118630737940394,0.48046123773956434
0-1,0-1,0.0,0.5189599665092591,0.4718185465812073
0-1,1-0,0.0,0.45098952666395326,0.5265962433359956
0-1,0-1,0.0,0.4889075087027047,0.4351048299607522
1-0,1-0,0.0,0.4407200690110928,0.5144995876544045
1-0,0-1,0.0,0.4925141962803957,0.4733237849931431
1-0,1-0,0.0,0.4797908433301632,0.5094387147194492
1-0,1-0,0.0,0.4853272708894316,0.5035113298490383
1-0,1-0,0.0,0.4432135307249771,0.5564509331216309
0-1,1-0,0.0,0.47465284610484243,0.5081069401883618
1/2-1/2,1/2-1/2,0.0,0.2226270752598458,0.21523830101657465
0-1,1-0,0.0,0.4291152636620562,0.5036707976483495
1-0,0-1,0.0,0.5194454753610442,0.455097358621787
0-1,0-1,0.0,0.5377816030082395,0.4528150738147264
0-1,0-1,0.0,0.5074760182815933,0.48727712218293784
0-1,0-1,0.0,0.4976386800084597,0.49078865567609714
0-1,1-0,0.0,0.4755084925743978,0.5063344248277681
1-0,0-1,0.0,0.421429785047496,0.3769252948510262
1-0,1-0,0.0,0.08771355946490193,0.911979857342143
0-1,1-0,0.0,0.4226843689939441,0.5206295053105784
1-0,1-0,0.0,0.4925704054516854,0.4984810461462972
1-0,1-0,0.0,0.4712288653629425,0.47604327337531616
0-1,1-0,0.0,0.46251922194654926,0.5052624695180925
1-0,1-0,0.0,0.4785807007019066,0.5103700660471513
1-0,1-0,0.0,0.4295658521423809,0.5426139142801454
1-0,0-1,0.0,0.5331075660858514,0.45228872289470856
1-0,1-0,0.0,0.3806033803424129,0.6058866009014897
0-1,0-1,0.0,0.5001798463511615,0.4886437707872173
1-0,1-0,0.0,0.29744052651644964,0.7001056490139625
1-0,0-1,0.0,0.5116530412506363,0.48017180259775527
1-0,1-0,0.0,0.46769597514767497,0.5133863201956967
1-0,1-0,0.0,0.48468983990724634,0.5066639842488235
1-0,1-0,0.0,0.47522015047162963,0.5173187354996182
0-1,1-0,0.0,0.4768916779261189,0.515218812523022
0-1,1-0,0.0,0.48071138835800303,0.4866890792058762
0-1,1-0,0.0,0.4853796730419369,0.49679766148185317
1-0,1-0,0.0,0.4597766075271549,0.516282431979139
1-0,1-0,0.0,0.3325036958812562,0.33873949811218396
1-0,0-1,0.0,0.4951155010247742,0.48148348493678544
0-1,0-1,0.0,0.5015576428887231,0.4915126961498106
1-0,1-0,0.0,0.42595791445826653,0.5686616301325776
1-0,1-0,0.0,0.4418951684898879,0.5291671716864167
1-0,0-1,0.0,0.5171296567721353,0.47729415475005565
0-1,0-1,0.0,0.47355446391146494,0.4680915983431392
0-1,0-1,0.0,0.48879669390655683,0.4833850810404018
1/2-1/2,1-0,0.0,0.48912704461012046,0.4969572891466585
0-1,0-1,0.0,0.5086241404908639,0.4783953528432419
1-0,1-0,0.0,0.47306284376006463,0.4937460806453886
1-0,0-1,0.0,0.46507327127827747,0.438659446805816
1-0,1-0,0.0,0.38949758405907287,0.5539879492605704
0-1,1-0,0.0,0.45387999169358956,0.5119248670573445
1-0,1-0,0.0,0.4468791905607048,0.5089938095124766
1-0,0-1,0.0,0.49752801809989144,0.4481963071254773
0-1,0-1,0.0,0.5564746252279346,0.43841969041702716
1-0,1-0,0.0,0.4894800972075679,0.4939393404734008
1-0,1-0,0.0,0.4612581799398486,0.5062811899468653
0-1,1-0,0.0,0.46918382812811316,0.5221824762573851
0-1,1-0,0.0,0.4753086100276821,0.5169571349084253
0-1,1-0,0.0,0.49024865277632623,0.49389654765533036
0-1,1-0,0.0,0.48784205155444044,0.49734926389293355
1-0,1-0,0.0,0.4456061863598253,0.5319856864084551
1-0,0-1,0.0,0.5005634701047758,0.48853996441890507
0-1,1-0,0.0,0.4829919107697251,0.48910465421635624
1-0,1-0,0.0,0.46530323636995435,0.5287238092844389
0-1,1-0,0.0,0.47539557717498643,0.5187932565903743
0-1,1-0,0.0,0.4667285333717948,0.5200297201820108
1-0,1-0,0.0,0.4402260442898731,0.5122376062147228
1-0,0-1,0.0,0.48958123369862616,0.45864451488866237
0-1,1-0,0.0,0.43129780168637716,0.5637079116213525
1-0,1-0,0.0,0.441923105374299,0.5428819086397904
0-1,0-1,0.0,0.514045225809319,0.459591719572844
0-1,0-1,0.0,0.4423250199259805,0.40923657900645916
1-0,1-0,0.0,0.46426248335845294,0.4675188441555103
0-1,1-0,0.0,0.46481608538286834,0.5256167847479951
1-0,0-1,0.0,0.500412594036571,0.49140718890645435
1-0,1-0,0.0,0.49011394750776127,0.4937691878628427
1-0,1-0,0.0,0.4438893954782729,0.5433956609026686
0-1,1-0,0.0,0.20687746591285253,0.7929926437753227
0-1,1-0,0.0,0.45037940913583946,0.5387127855258396
1-0,0-1,0.0,0.5088638877154996,0.47370129238706765
1-0,1-0,0.0,0.3204071793298784,0.6753213200371396
0-1,1-0,0.0,0.4618305520757556,0.49778244270326977
1-0,1-0,0.0,0.4800826992673203,0.5079606485264443
1-0,1-0,0.0,0.48706054152500405,0.5063916116727144
0-1,1-0,0.0,0.4704974163120577,0.5080806790940412
1-0,1-0,0.0,0.47353449274151405,0.5165905645152444
1-0,0-1,0.0,0.46952920885378413,0.4245175597929638
1-0,1-0,0.0,0.4716260212830611,0.5197812428599132
0-1,1-0,0.0,0.4612883905129574,0.529942143483344
1-0,1/2-1/2,0.0,0.14242484361702168,0.11341926291118129
1-0,0-1,0.0,0.513221060917256,0.4565192275931092
0-1,0-1,0.0,0.5053437175539643,0.4843206361991777
1-0,1-0,0.0,0.4549313882233311,0.48878898471490867
1-0,0-1,0.0,0.5314185998184232,0.4413135358317497
1-0,0-1,0.0,0.5141137932470072,0.4730218361363377
1-0,0-1,0.0,0.5021896037175493,0.47177283272280307
0-1,0-1,0.0,0.4995984424617135,0.4934938901502323
1-0,1-0,0.0,0.10067008769365884,0.8989400320526866
1-0,1/2-1/2,0.0,0.2719139651746877,0.34058342466227903
0-1,1-0,0.0,0.21620272606719976,0.781241481561271
1-0,1-0,0.0,0.48467871532821283,0.5076817788248806
0-1,1-0,0.0,0.4912022429020142,0.49576883248674714
1-0,1-0,0.0,0.47412137904997553,0.5067507353722539
0-1,0-1,0.0,0.5100901094075828,0.4813233371914704
0-1,0-1,0.0,0.5022693778547195,0.4884991939181137
0-1,0-1,0.0,0.5068257469171661,0.4809066776348105
1-0,1-0,0.0,0.41895962346270355,0.5738950543385883
0-1,0-1,0.0,0.5046683638273693,0.4534611578981686
1-0,0-1,0.0,0.4972513993327543,0.4908663921298007
1-0,1-0,0.0,0.356835421421034,0.4851853283916209
0-1,0-1,0.0,0.523014679598281,0.4650092773740908
0-1,1-0,0.0,0.4352109814293803,0.5585030776886863
1-0,1-0,0.0,0.48188680657591954,0.4964701237016492
0-1,1-0,0.0,0.4879189186956704,0.4983681958023455
0-1,1-0,0.0,0.48345788747936935,0.4883792074339004
1-0,1-0,0.0,0.41254467593779587,0.5387625687193079
1-0,1-0,0.0,0.22450603014687762,0.7706877032217215
0-1,1-0,0.0,0.2580484409278349,0.7419408076920938
1-0,0-1,0.0,0.48857598934325386,0.40870223567702846
0-1,1-0,0.0,0.3717878188467736,0.3829870057432182
1-0,0-1,0.0,0.43134875952830487,0.4215493881848615
0-1,1-0,0.0,0.40785104554238,0.5606928248629793
1-0,1-0,0.0,0.47871407265301413,0.4923555001363229
1-0,0-1,0.0,0.47805660456829474,0.46748534346879533
1-0,0-1,0.0,0.5449587413941808,0.4482403406052901
0-1,0-1,0.0,0.505043345728977,0.4749789112389235
0-1,0-1,0.0,0.515228226173054,0.4590999379888363
1-0,1-0,0.0,0.4927658509908881,0.49632469027095905
1-0,1-0,0.0,0.47469836339310445,0.5194175603254543
1-0,1/2-1/2,0.0,0.15983100308742987,0.1683917835571028
0-1,0-1,0.0,0.5421456699715494,0.42409534475617466
1-0,0-1,0.0,0.5136080278805637,0.4607154866435876
1-0,1-0,0.0,0.4299025612486321,0.5069121269582272
0-1,1-0,0.0,0.48238736096894363,0.4905639559374266
1-0,1-0,0.0,0.47336520174943236,0.4899831246522373
0-1,0-1,0.0,0.5152691602034222,0.4751603787773755
1-0,1-0,0.0,0.48901782884255435,0.500893822828191
0-1,1-0,0.0,0.4889039437802032,0.5052418335621776
1-0,1-0,0.0,0.4889780632338883,0.4890239570418991
1-0,0-1,0.0,0.4956395458232015,0.44104625174319156
1-0,1-0,0.0,0.47360921131214767,0.5122278709763668
1-0,1-0,0.0,0.47313741052568686,0.5116990045131569
1-0,0-1,0.0,0.4491282299561416,0.4296649481826399
1-0,1-0,0.0,0.48723250978258337,0.5054802184480446
0-1,0-1,0.0,0.4970065923321047,0.49185278127219484
1-0,0-1,0.0,0.5038645980894072,0.48071257595539063
1-0,1-0,0.0,0.48413862130625573,0.5040884639296483
0-1,0-1,0.0,0.5453592408704335,0.44887986218523196
1-0,0-1,0.0,0.5070064019877938,0.4829226848688081
0-1,0-1,0.0,0.5335920565381789,0.4539344050770538
0-1,1-0,0.0,0.4583271670511556,0.5298826994021147
1/2-1/2,1/2-1/2,0.0,0.1098962235783545,0.10054716859153634
1-0,0-1,0.0,0.41798285946574865,0.33491008163595515
0-1,1-0,0.0,0.2072212122281697,0.7927688916167589
1-0,0-1,0.0,0.4369513377581517,0.4063691352028469
1-0,1-0,0.0,0.4723540987722102,0.5167493252792036
0-1,1-0,0.0,0.44691181695102233,0.545204245848447
0-1,0-1,0.0,0.5112480128383884,0.48044928668671316
1-0,1-0,0.0,0.45538752639863755,0.48304056640855525
1-0,1-0,0.0,0.47774498187283065,0.5002111327362072
1-0,0-1,0.0,0.4574920593946432,0.42036794059132376
1/2-1/2,0-1,0.0,0.5103873838585978,0.48028874957681483
1-0,1-0,0.0,0.4756231976408741,0.5176486453541241
0-1,0-1,0.0,0.49942610003368143,0.4765177395766767
0-1,0-1,0.0,0.5381509198713089,0.44963919041251066
1-0,1-0,0.0,0.3928571152652773,0.6013851398387539
0-1,1-0,0.0,0.4898736000819048,0.50214882680394
0-1,1-0,0.0,0.4848492972095802,0.5057952355550307
0-1,1-0,0.0,0.4622202231017937,0.5137416318950435
0-1,0-1,0.0,0.5475926633799707,0.4431912902477678
1-0,1-0,0.0,0.4352370685251956,0.4617565784118516
1/2-1/2,0-1,0.0,0.47645652705821834,0.4658058639010833
1-0,0-1,0.0,0.4317950463110309,0.4312245124564632
1-0,0-1,0.0,0.5002738060010223,0.48494226865937284
0-1,0-1,0.0,0.48094790467646664,0.44203065875521996
1-0,1-0,0.0,0.46591021175191616,0.5118726776235809
0-1,0-1,0.0,0.4954219556785367,0.4826880530795688
1-0,1-0,0.0,0.47735928455630006,0.505250658374522
1-0,0-1,0.0,0.5142076555184604,0.4677096690868434
0-1,0-1,0.0,0.5273919730123539,0.46063974952035824
1-0,1-0,0.0,0.47716851839469243,0.51339386976047
0-1,0-1,0.0,0.5294996986050468,0.4102603638822174
0-1,1-0,0.0,0.35183084492925454,0.6429592799141156
1-0,0-1,0.0,0.5351659106233446,0.4597763811714197
1-0,1-0,0.0,0.41534424998928127,0.4290212241058754
1-0,1-0,0.0,0.48567006018509545,0.494672745583164
1-0,1-0,0.0,0.463111571188494,0.5221598730014824
1-0,1-0,0.0,0.47014405859954944,0.5203997227664894
0-1,1-0,0.0,0.45296919778151423,0.5230817221384583
1-0,0-1,0.0,0.5140643070172249,0.46882656371437387
0-1,0-1,0.0,0.49762314143891206,0.4774853525189282
1-0,1-0,0.0,0.4294733927655846,0.5481468730757261
1-0,0-1,0.0,0.5219564666769891,0.4476646907265443
0-1,1-0,0.0,0.4796706015378337,0.5111325060214158
1-0,1-0,0.0,0.47383438393369753,0.5029904363131952
1-0,1-0,0.0,0.4510364555122174,0.5356604677390464
0-1,0-1,0.0,0.48459994461546896,0.41018187374108633
1-0,0-1,0.0,0.4966155333640946,0.4843470176106154
1/2-1/2,0-1,0.0,0.4547858555616277,0.3978726709044117
0-1,1-0,0.0,0.48185908695898544,0.5037149414882724
1-0,1-0,0.0,0.4183716671537922,0.5324522180148697
1-0,1-0,0.0,0.36527402814637594,0.5808487013636702
0-1,1-0,0.0,0.48311806880947633,0.4906890852831772
0-1,1/2-1/2,0.0,0.2738130486179099,0.23247806296991363
0-1,1-0,0.0,0.47195220921665393,0.5218858038094856
0-1,0-1,0.0,0.4134749524826191,0.37156024802948784
0-1,1-0,0.0,0.4475954346965503,0.5396035309043961
1-0,1-0,0.0,0.4636287813030787,0.526711660285144
1-0,0-1,0.0,0.5424421389393597,0.44941011486074584
0-1,1-0,0.0,0.4698065579621311,0.5239998930135208
0-1,1-0,0.0,0.47268976970495286,0.516262355982819
0-1,1-0,0.0,0.3989418801028208,0.4515588481556706
1-0,1-0,0.0,0.4900808266299627,0.49885667156737806
0-1,1-0,0.0,0.42715893047884773,0.5571455924137421
1-0,1-0,0.0,0.45923356584023,0.4927926267565454
1-0,1-0,0.0,0.4658319093386244,0.5283204349761578
0-1,1-0,0.0,0.47822160708305306,0.48478174796051965
1-0,0-1,0.0,0.49607352049316267,0.4836511132457497
1-0,0-1,0.0,0.4964350067569164,0.4844948967277388
0-1,1-0,0.0,0.4603285385121522,0.534027392283261
1-0,1-0,0.0,0.4870937516662688,0.5006944762846933
0-1,0-1,0.0,0.49894441881363083,0.49166315050802134
0-1,1-0,0.0,0.47642114777824834,0.4982259666643649
0-1,0-1,0.0,0.5145044139554481,0.46332269309393836
0-1,0-1,0.0,0.5054625080975762,0.47503609228817356
0-1,1-0,0.0,0.47036017831845833,0.4919122630904182
1-0,0-1,0.0,0.5280700676425945,0.45775017708008464
0-1,0-1,0.0,0.548245109372863,0.4482748032798211
1-0,0-1,0.0,0.4877849791739391,0.47249671210859046
1-0,1-0,0.0,0.4636032809260357,0.49155977499505643
1-0,1-0,0.0,0.4831904168278449,0.4880418371048138
0-1,1/2-1/2,0.0,0.2799426560930183,0.24652229011557367
0-1,1/2-1/2,0.0,0.3234426140748265,0.32366408671742064
1-0,0-1,0.0,0.522258958738842,0.469331350469697
1-0,1-0,0.0,0.45186988663743294,0.5392921753194596
1-0,1-0,0.0,0.45346480757641155,0.5401960753450926
1-0,1-0,0.0,0.4709214897345477,0.5216039919169402
1-0,0-1,0.0,0.3568255683940261,0.29368290301914945
1/2-1/2,1/2-1/2,0.0,0.02895350512788532,0.02758437302481818
1-0,1-0,0.0,0.48167455171374335,0.5119798905939438
0-1,0-1,0.0,0.500117047904904,0.477932107859515
0-1,1-0,0.0,0.30880456443333915,0.37608171381996974
0-1,1-0,0.0,0.48657841534116403,0.5052746718199015
0-1,1-0,0.0,0.4797692888191234,0.5060753009235311
0-1,1-0,0.0,0.4646248097095528,0.5168996312618739
1-0,1-0,0.0,0.4764526461566377,0.4780719342188195
1/2-1/2,1-0,0.0,0.4278569901525005,0.5088765301802952
0-1,1-0,0.0,0.415931853681614,0.5703988634183954
1-0,1/2-1/2,0.0,0.19102802066191257,0.19709510459979868
0-1,0-1,0.0,0.5134477454112492,0.4702479219076542
1-0,0-1,0.0,0.5169636540385417,0.4727892726279058
1-0,1-0,0.0,0.4704461178180727,0.5020252894297508
1-0,1-0,0.0,0.34195850847246356,0.636424028663794
1-0,1-0,0.0,0.4436533320706051,0.4436787956638517
1-0,0-1,0.0,0.4991249505987673,0.4026946188107458
0-1,0-1,0.0,0.5108668626396317,0.4797230404875795
1-0,0-1,0.0,0.44740626066710526,0.4263055863591077
1-0,1-0,0.0,0.3761651894050148,0.5975570036958991
0-1,0-1,0.0,0.5007963304529623,0.48669346524317386
0-1,0-1,0.0,0.5318464858714055,0.45247211212189303
1-0,0-1,0.0,0.5041570392670918,0.47668913729355544
1-0,0-1,0.0,0.48747624304120213,0.4369161078802025
1-0,0-1,0.0,0.5016616366314871,0.4891085148669345
1-0,1-0,0.0,0.2892921079517898,0.3692120923575156
1-0,0-1,0.0,0.5097368737273558,0.4769953449747068
0-1,1-0,0.0,0.3610901046969909,0.6387070577526208
1/2-1/2,1-0,0.0,0.426565902703442,0.5379327662151765
1-0,1-0,0.0,0.3878305457876318,0.43250985728858116
1-0,0-1,0.0,0.49622264259170645,0.47758310277626126
0-1,1-0,0.0,0.4343451672394181,0.5584686185363352
1-0,1-0,0.0,0.4773908780412036,0.5171436023666766
0-1,0-1,0.0,0.5133241680980457,0.4715963882405828
0-1,0-1,0.0,0.5667498056213656,0.4213961761353185
0-1,1-0,0.0,0.46864077550649336,0.5098415808905131
0-1,1-0,0.0,0.482565941983172,0.5098835970490933
0-1,1-0,0.0,0.4922117331367483,0.4980247834803644
0-1,0-1,0.0,0.536100703126294,0.45829785819000124
0-1,1-0,0.0,0.4912952425561422,0.4940890372025803
0-1,1-0,0.0,0.43252371154197744,0.506219811820649
0-1,0-1,0.0,0.5159715812469778,0.4781389735610201
0-1,0-1,0.0,0.5502710379375124,0.43766093748269524
1-0,1-0,0.0,0.47680716778042886,0.517463757752476
1-0,0-1,0.0,0.5062832539223117,0.4481653911586432
0-1,1-0,0.0,0.4640754658526904,0.5087613706365991
0-1,1-0,0.0,0.4621670841816152,0.5237169110836717
1-0,0-1,0.0,0.489547614642232,0.48839836307676743
0-1,1-0,0.0,0.402605396979526,0.4629851447940776
0-1,0-1,0.0,0.5355029912413424,0.4396267152367892
0-1,1-0,0.0,0.4711450358839348,0.5093951824264824
1-0,0-1,0.0,0.4915949470571265,0.48006483170716324
1-0,1-0,0.0,0.4561268854286455,0.5350196606502837
1-0,1-0,0.0,0.4809010002847852,0.502828453275678
0-1,1-0,0.0,0.4832754179274558,0.5046882693253341
1-0,1-0,0.0,0.47020750406300943,0.5223497675857532
1/2-1/2,1-0,0.0,0.4589915346223344,0.5265325490523216
1-0,1-0,0.0,0.4888042714786122,0.5055892656436692
0-1,0-1,0.0,0.5161949399627398,0.4711767977263053
0-1,0-1,0.0,0.5312411062409329,0.45737409545607205
1-0,1-0,0.0,0.3630804296697356,0.6196507239935924
1-0,0-1,0.0,0.5411145585663656,0.45644280699267403
1-0,1-0,0.0,0.002038588189509282,0.9979613717243379
0-1,1-0,0.0,0.4296351569193979,0.4664233533353544
1-0,1-0,0.0,0.04940430202315521,0.9505653969611771
1-0,1-0,0.0,0.37902750705350813,0.6154872864411939
0-1,0-1,0.0,0.5520242929492043,0.4449123659942715
0-1,1-0,0.0,0.4178780337116363,0.5688578849684645
1-0,1-0,0.0,0.47774873070327817,0.48016190568419653
1-0,0-1,0.0,0.5126083881142031,0.4758579708879413
1-0,0-1,0.0,0.4926012052919545,0.4755949490408562
1-0,0-1,0.0,0.47945967029960657,0.4425439472404432
1-0,1-0,0.0,0.4121628961367263,0.5285910705798449
0-1,1-0,0.0,0.47402516789523397,0.5157929399141945
1-0,0-1,0.0,0.5314001858022069,0.45824636034820965
1-0,0-1,0.0,0.5423238307809479,0.4546402678327479
1-0,0-1,0.0,0.5603866378771915,0.4310558480210831
0-1,0-1,0.0,0.5176501020920633,0.46139504694807
0-1,1-0,0.0,0.4485085047280968,0.5157999982139849
0-1,0-1,0.0,0.5424341455984741,0.45161023404467926
0-1,0-1,0.0,0.5174440924169328,0.46605585622468376
1-0,1-0,0.0,0.4455037726262709,0.5144039681485233
0-1,1-0,0.0,0.4487768116444647,0.45770650315730416
1-0,1-0,0.0,0.45540546983453356,0.5224114532789756
1-0,1-0,0.0,0.4942217892751733,0.496043238975056
0-1,0-1,0.0,0.3842542129226695,0.32424098920144306
0-1,0-1,0.0,0.5295484950690066,0.4290555389542447
1/2-1/2,1-0,0.0,0.40499481665633513,0.4113019115491794
1-0,1-0,0.0,0.4069618346135631,0.4736447457945468
1-0,0-1,0.0,0.47401289221917564,0.4413148880509786
1-0,1-0,0.0,0.4585543479347365,0.49163643166081594
0-1,0-1,0.0,0.49739186980534567,0.49320462017538724
0-1,0-1,0.0,0.5258993364542891,0.44118282596538416
0-1,1-0,0.0,0.4744764923498301,0.5084088079342246
1-0,0-1,0.0,0.5104173828092988,0.4760353993278547
0-1,1-0,0.0,0.4904880780810857,0.49199201464305325
1-0,1-0,0.0,0.38698304078992846,0.6047308088633373
0-1,1-0,0.0,0.43841763723692206,0.5496857698808026
1-0,0-1,0.0,0.5050683332164367,0.4881505080641405
1/2-1/2,1/2-1/2,0.0,0.2546602259221615,0.3340675151850039
1-0,1-0,0.0,0.4549495804966668,0.53854047389818
0-1,1-0,0.0,0.4405833300645642,0.4642579614736991
1-0,1-0,0.0,0.49222787433224124,0.4969736542752683
0-1,0-1,0.0,0.5343054867354602,0.45183561349524975
1-0,0-1,0.0,0.5411471903412814,0.44399979060251604
0-1,1/2-1/2,0.0,0.203783344875321,0.28724765812902014
1-0,0-1,0.0,0.5153471198868441,0.4730731105802606
0-1,1-0,0.0,0.4374195756193682,0.5225671384101075
1-0,1-0,0.0,0.21910914910987278,0.7645633059568419
0-1,0-1,0.0,0.5083785009899029,0.4802410198429104
0-1,1/2-1/2,0.0,0.21576903202737208,0.25343623361756773
0-1,0-1,0.0,0.42666902438050963,0.3530956940323192
1-0,0-1,0.0,0.5078424069210522,0.47345261604072475
0-1,0-1,0.0,0.5332509990964553,0.45059310909833633
0-1,1-0,0.0,0.4684275907591804,0.5129154930795704
1-0,1-0,0.0,0.49257960058417605,0.5013804937939768
1-0,1-0,0.0,0.4259681964397322,0.5451536717350333
0-1,1-0,0.0,0.4861736782281517,0.4881888360606362
1-0,1-0,0.0,0.4553422685880435,0.5123927397477974
1-0,1-0,0.0,0.415051531351467,0.5794425071736048
1-0,1-0,0.0,0.47969626026918855,0.4856261820445377
1-0,1-0,0.0,0.4066381889246944,0.49195837182875474
1-0,0-1,0.0,0.49565112849206794,0.48575610442228623
1-0,1/2-1/2,0.0,0.10171897733310933,0.12172363349454741
1-0,1-0,0.0,0.49534271886817033,0.49612556506935723
1-0,1-0,0.0,0.4769428654218005,0.5135965303172931
1-0,0-1,0.0,0.522383778427598,0.44872184774734203
0-1,1-0,0.0,0.36671564431977843,0.6331688040811313
1-0,1-0,0.0,0.031065104248692185,0.9688622284321542
1-0,0-1,0.0,0.4961978493895672,0.4905852227949188
0-1,0-1,0.0,0.5101344284655003,0.45341223320222784
1-0,0-1,0.0,0.5124380854624552,0.4400374383819644
1-0,0-1,0.0,0.533148831767224,0.46080947391395527
0-1,1-0,0.0,0.47172551729367,0.5003016136590066
1-0,1-0,0.0,0.46464002433401125,0.5198456888293141
0-1,0-1,0.0,0.5084150334699241,0.4834684804105767
1-0,0-1,0.0,0.49945645767666264,0.4931244975332071
1-0,1-0,0.0,0.4098997887621109,0.5801642537445306
0-1,1-0,0.0,0.4772112540470241,0.5150865598603259
0-1,1-0,0.0,0.4363872737452011,0.5572872124057952
1-0,1-0,0.0,0.4682577172846659,0.5061095854174521
0-1,1-0,0.0,0.49072881492606213,0.5012985427359627
1-0,1-0,0.0,0.38101621428560145,0.4178979764284804
1-0,1-0,0.0,0.43118502004399434,0.5613515911020077
1-0,1-0,0.0,0.37996271022364125,0.5974984221343075
1-0,0-1,0.0,0.48399380906983713,0.4613565396756826
1-0,0-1,0.0,0.515726241467729,0.4483227728640576
1-0,1-0,0.0,0.45074870689636337,0.5418099363007536
1-0,1-0,0.0,0.41839694267258093,0.5081752805662917
0-1,0-1,0.0,0.5493735228117355,0.43346652535988367
1-0,0-1,0.0,0.5035866756008924,0.48965216976285997
1-0,1-0,0.0,0.49167955477662423,0.4995080554035688
0-1,1-0,0.0,0.45794735089646005,0.5099872569407874
0-1,1-0,0.0,0.47515633392044904,0.4901050751989984
0-1,1-0,0.0,0.4907629941820975,0.5022870242778442
1-0,0-1,0.0,0.4784329379719703,0.47839405435594695
1-0,0-1,0.0,0.3722286552618205,0.3455868667917139
0-1,0-1,0.0,0.5104077145009989,0.4649892867753926
1-0,1-0,0.0,0.48578045148470456,0.4947186326469278
0-1,0-1,0.0,0.5031539156773345,0.4900320343521217
1-0,1-0,0.0,0.48643693585294406,0.49526498852386946
0-1,0-1,0.0,0.523265248852236,0.457833620892516
0-1,0-1,0.0,0.5256134732306665,0.4568694600386603
0-1,1-0,0.0,0.4655094650148606,0.5253983387692318
0-1,1-0,0.0,0.4786869484591791,0.5121752222955758
0-1,1-0,0.0,0.4664586851097869,0.4994184972105378
0-1,1-0,0.0,0.49453359314591755,0.49663469668112953
1/2-1/2,1-0,0.0,0.46865313280548354,0.5189671095688547
1-0,1-0,0.0,0.1733410767645331,0.8259117710923818
1-0,1-0,0.0,0.4456393042217778,0.5360428850854241
0-1,1-0,0.0,0.49279321907640955,0.5001252708735598
1-0,0-1,0.0,0.504351847393052,0.48297854171615656
0-1,1-0,0.0,0.4697030098706204,0.5207872685281765
0-1,0-1,0.0,0.5048925510151223,0.4400034954993887
0-1,0-1,0.0,0.5016825071438379,0.4915708802868556
1/2-1/2,0-1,0.0,0.5087699125615996,0.4701542093865854
0-1,0-1,0.0,0.5071268645440613,0.4800764280143246
1-0,1-0,0.0,0.4736638805739168,0.5027608610473855
1-0,1-0,0.0,0.2500175250220325,0.6586381548962355
0-1,1-0,0.0,0.40573879294413673,0.5313927583958038
1-0,0-1,0.0,0.5094838139934524,0.481939769424629
1-0,0-1,0.0,0.5087391480772049,0.46603675625481306
0-1,1-0,0.0,0.4753284702016565,0.5072274735770459
1/2-1/2,0-1,0.0,0.497669251106943,0.4528175426358031
0-1,0-1,0.0,0.5111350582881092,0.4780072661978065
1-0,0-1,0.0,0.4887586353320726,0.441859089977089
0-1,1-0,0.0,0.44385795157309904,0.46623926913829516
0-1,0-1,0.0,0.4896938315868219,0.4530993633773959
1/2-1/2,1-0,0.0,0.4472105558986888,0.4482803379754831
0-1,1-0,0.0,0.4764155269877885,0.47940468967176564
0-1,1-0,0.0,0.44931135288234236,0.5436821777282071
1-0,0-1,0.0,0.48229349461666937,0.4483620720243172
1-0,1-0,0.0,0.4911101418936944,0.49500919986984304
1-0,0-1,0.0,0.48819597727495767,0.476363582336578
0-1,0-1,0.0,0.545602303858381,0.4489980921094776
1-0,0-1,0.0,0.5089866572146154,0.48336915378340983
0-1,1-0,0.0,0.4794501002705721,0.4882940447385153
0-1,1-0,0.0,0.47320551969429436,0.502877090717738
0-1,0-1,0.0,0.48985468563078727,0.4779509832783618
0-1,1-0,0.0,0.44615195396129487,0.5444126292930985
1-0,1-0,0.0,0.47364191841235714,0.5107174541741253
0-1,1-0,0.0,0.4531215966741516,0.5399176594299512
0-1,1-0,0.0,0.4156265204403741,0.4526508860530946
0-1,1-0,0.0,0.44065335855019133,0.5024796658858868
0-1,0-1,0.0,0.5114574036304692,0.4343107238894121
0-1,1-0,0.0,0.4793845472652955,0.49269463332561236
0-1,1-0,0.0,0.4148158814124548,0.5797137337579515
1-0,1/2-1/2,0.0,0.29876061951602045,0.2527247193419274
1-0,1-0,0.0,0.14841523166800377,0.8498783195415507
0-1,1-0,0.0,0.4820183384019923,0.494289179631039
1-0,0-1,0.0,0.5143963348502882,0.466157239265665
1-0,1-0,0.0,0.45462213023890713,0.5277302506850585
0-1,0-1,0.0,0.5126884461051945,0.4586335906045043
0-1,1-0,0.0,0.48309621759318255,0.49908553391499505
1/2-1/2,1-0,0.0,0.4812733539993446,0.503998748042736
1-0,1-0,0.0,0.4789585038170671,0.508691007225381
1-0,0-1,0.0,0.4937325082932056,0.48194031808232507
0-1,0-1,0.0,0.49928661236675553,0.47131637883392563
0-1,0-1,0.0,0.5245665710947093,0.46312685394894737
0-1,0-1,0.0,0.502857408337333,0.49058563055797755
1-0,0-1,0.0,0.5391561125452063,0.42530053695421277
0-1,1-0,0.0,0.4524592591349237,0.4763940808248873
0-1,0-1,0.0,0.5161032504843558,0.46320616832254236
1-0,1-0,0.0,0.48749257975649557,0.49842404356091735
1-0,0-1,0.0,0.4773030120867587,0.44375900494973924
0-1,1-0,0.0,0.4791002462711501,0.48970699412065133
0-1,0-1,0.0,0.5037995318561818,0.4848528843238068
0-1,1-0,0.0,0.4545127467392855,0.52632953715899
0-1,0-1,0.0,0.5115365309547539,0.47658968127658063
1-0,0-1,0.0,0.439894649048023,0.4329483513549476
1-0,0-1,0.0,0.4962315223117989,0.4929486281170522
0-1,0-1,0.0,0.5587289579814785,0.4357206036581406
1-0,1-0,0.0,0.45804955349360577,0.5272021000108088
1-0,1-0,0.0,0.06061563813675486,0.9388156806362499
1-0,1-0,0.0,0.41376249808323995,0.43842559949045395
1-0,1-0,0.0,0.48567122091688913,0.5022042648380102
0-1,1-0,0.0,0.4677346667396998,0.5212630883223369
1-0,1-0,0.0,0.4713027357668867,0.5049731765025461
1-0,1-0,0.0,0.4360171219632717,0.5585911319171618
1-0,1-0,0.0,0.45266094198175716,0.5100266424289732
0-1,1-0,0.0,0.2775288275988632,0.6592656046772994
0-1,1-0,0.0,0.42101655903057583,0.5727331335427318
1/2-1/2,1-0,0.0,0.4787090521767813,0.5150853101072999
1-0,1/2-1/2,0.0,0.15557460648387747,0.1707141018424219
0-1,0-1,0.0,0.508984261937799,0.48184550251706715
1-0,1-0,0.0,0.4161386099838888,0.44949803744516775
1-0,1-0,0.0,0.42291254493598884,0.5012032118259582
1-0,0-1,0.0,0.43745248563489997,0.3523975152424649
1-0,0-1,0.0,0.5057644835555681,0.4792354299902898
0-1,1-0,0.0,0.4278512725718773,0.5619099732670402
1-0,0-1,0.0,0.5084343280662471,0.4849293164528001
1-0,1-0,0.0,0.4473154999884191,0.5179280089439346
0-1,1-0,0.0,0.48040599211068546,0.481809275214685
1-0,1-0,0.0,0.4709532455091626,0.5220278475545373
1-0,0-1,0.0,0.4790617470289227,0.4670063597053398
0-1,1-0,0.0,0.4284901883536426,0.5476746300487798
1-0,1-0,0.0,0.49049900394507984,0.49475525767327344
0-1,1-0,0.0,0.44543906005027767,0.5466586074365183
1/2-1/2,1-0,0.0,0.33939337435622857,0.368235418654765
1-0,1-0,0.0,0.49033022568878804,0.49235928634303416
1-0,1-0,0.0,0.44098976235349635,0.5108944466381453
1-0,1-0,0.0,0.4293258141604586,0.5479318579245331
1-0,1-0,0.0,0.31765056078546355,0.658133694317492
1-0,0-1,0.0,0.5030808633974247,0.3930774277196796
0-1,1-0,0.0,0.4867615090017122,0.4960961113463764
1-0,1-0,0.0,0.4037911581326154,0.404768436588414
0-1,1-0,0.0,0.1805569770375657,0.81943452707088
1-0,1-0,0.0,0.4901792479493165,0.5036483168065689
0-1,0-1,0.0,0.496542928102639,0.362440659059154
0-1,1-0,0.0,0.4678807063914272,0.514910519639322
0-1,0-1,0.0,0.5086318607402356,0.4813862167142645
1-0,1/2-1/2,0.0,0.2289382160917427,0.220684043707145
0-1,1-0,0.0,0.4651603716603548,0.4656820071353035
1-0,0-1,0.0,0.5169718717490774,0.47006171480495895
0-1,0-1,0.0,0.5195468147024215,0.469841446315305
0-1,1/2-1/2,0.0,0.19869718800339894,0.19833525903724972
0-1,1-0,0.0,0.4580698148505469,0.5330328509823113
0-1,0-1,0.0,0.4326853521608135,0.4167661748063089
1-0,1-0,0.0,0.4912002988363145,0.5001748700508866
1-0,0-1,0.0,0.5206111036630825,0.47145447851942496
1-0,1-0,0.0,0.4758227737968573,0.5183246396691952
1-0,1-0,0.0,0.46010261010210984,0.4611109560442307
1-0,0-1,0.0,0.5133015247922651,0.4797847562743191
0-1,0-1,0.0,0.49398034176428546,0.4082429770762973
1-0,0-1,0.0,0.5071820768534893,0.47634604780060336
0-1,1-0,0.0,0.43265002674729286,0.5548527065444162
0-1,1-0,0.0,0.4765142358940444,0.5144573519839308
0-1,1-0,0.0,0.45276595300278544,0.4990831787974514
1-0,1-0,0.0,0.47565783998909517,0.4997559127190323
1-0,1-0,0.0,0.45931133827317105,0.5281962814623329
1-0,1-0,0.0,0.3987885235973938,0.5960421281843783
1-0,1-0,0.0,0.4499136777749452,0.5359952176257713
1-0,0-1,0.0,0.50288003541893,0.4835598287976446
1-0,1-0,0.0,0.47237015495875906,0.52176129188598
1-0,0-1,0.0,0.5316027349902076,0.46001162945548973
1-0,1-0,0.0,0.37793940489584466,0.4261577257166829
1/2-1/2,1/2-1/2,0.0,0.28001493970931085,0.2658633338044786
1-0,1-0,0.0,0.48579881114151807,0.5010434873779226
1-0,1-0,0.0,0.48517349766844853,0.5027068486969608
0-1,1-0,0.0,0.35775122939118853,0.6339115418885926
0-1,1-0,0.0,0.4886386811387304,0.5015491740104208
1-0,0-1,0.0,0.5530881321083514,0.4428223324978564
1-0,0-1,0.0,0.5199769702495735,0.4714761480844355
1/2-1/2,0-1,0.0,0.48350266232793104,0.4108892108668034
0-1,1-0,0.0,0.44860180497060465,0.5176581874669746
1/2-1/2,0-1,0.0,0.4895258263791749,0.4843077720427487
1-0,1-0,0.0,0.4375903207672996,0.5303836007942083
1-0,1-0,0.0,0.46955288620916436,0.50379290561766
1-0,1-0,0.0,0.42377989828215223,0.5594620768896282
1-0,0-1,0.0,0.47884993445909896,0.47555948273609133
1-0,0-1,0.0,0.4926555725872062,0.4888762747463332
1-0,0-1,0.0,0.50055285788609,0.49097342468987404
0-1,0-1,0.0,0.49726303231433416,0.47266603307797406
0-1,1-0,0.0,0.4776977142237676,0.48675226380899594
0-1,1-0,0.0,0.4831563387929304,0.5082800626037914
0-1,0-1,0.0,0.5390288446038962,0.44774638416568
1-0,0-1,0.0,0.49903710097103576,0.4809183480207503
1-0,0-1,0.0,0.5111338233298078,0.47232887921966754
1/2-1/2,0-1,0.0,0.5101087431070426,0.4495201035509871
1-0,1-0,0.0,0.46169631079979245,0.47440270794309325
1-0,1-0,0.0,0.49126175350530965,0.4971891327015265
1-0,1-0,0.0,0.46998156201528446,0.5164463124690652
1-0,1-0,0.0,0.4925572310870173,0.49902146122395563
0-1,1-0,0.0,0.45283491952535215,0.47556892989014654
0-1,0-1,0.0,0.5185484969019813,0.47486490517143837
1-0,1-0,0.0,0.4865126566595513,0.5053796955762562
0-1,0-1,0.0,0.5035978114358212,0.4900271229347392
0-1,0-1,0.0,0.525714962483582,0.46022567940912185
1-0,0-1,0.0,0.5205150761507872,0.4660772546296321
1-0,0-1,0.0,0.48246926836521703,0.4568754505749194
1-0,0-1,0.0,0.4919703145749391,0.49079553656120223
1-0,1-0,0.0,0.2893551849787016,0.4841925808544921
0-1,0-1,0.0,0.5074745925197041,0.48587087453268263
1-0,0-1,0.0,0.48424086797177374,0.4810617777619229
0-1,0-1,0.0,0.4832092403189039,0.443796787958155
1-0,1-0,0.0,0.48076843105561246,0.5044174072526296
1-0,1-0,0.0,0.3764919428134392,0.4283656148084761
0-1,1-0,0.0,0.44146320362256986,0.5496027076006139
1-0,1/2-1/2,0.0,0.06252380194645273,0.09882647875188492
0-1,0-1,0.0,0.4410011764475059,0.42090137246674425
1-0,1-0,0.0,0.4068139016649229,0.46169336943869704
0-1,0-1,0.0,0.5038653374890103,0.480508466257077
1/2-1/2,1-0,0.0,0.44875712135974044,0.480533018193071
0-1,1-0,0.0,0.4598061924272687,0.5291276041733313
0-1,1-0,0.0,0.49370006918483234,0.5007533631948413
0-1,0-1,0.0,0.5082975161528591,0.46018034850181677
0-1,0-1,0.0,0.5198451088750641,0.44389570609008405
1-0,1-0,0.0,0.4431783607576293,0.4953583757532938
1-0,0-1,0.0,0.5216709414008313,0.4708708960647384
1-0,1-0,0.0,0.4845849666048175,0.5081935165474167
1-0,1-0,0.0,0.46640533182421445,0.5282043854076992
0-1,1/2-1/2,0.0,0.004940229038711335,0.005501949013727571
0-1,0-1,0.0,0.519598875242559,0.4738755165983872
1-0,0-1,0.0,0.5105773769373628,0.4811912620367242
1-0,0-1,0.0,0.5062213996299116,0.48507137272490175
0-1,1/2-1/2,0.0,0.16871506635989797,0.17546292849227832
1-0,1-0,0.0,0.4728918632062009,0.5133630629472749
0-1,0-1,0.0,0.5233925415694237,0.4506981488046607
0-1,0-1,0.0,0.5252707139042104,0.46051288531508044
0-1,0-1,0.0,0.5237877745695992,0.444890158104048
1-0,1-0,0.0,0.4099348770641099,0.5161044462201513
0-1,1-0,0.0,0.4510816043237462,0.5276611946186885
1-0,1-0,0.0,0.490877310565774,0.49397605262684285
0-1,1-0,0.0,0.4256241032068619,0.5642144660346308
1-0,0-1,0.0,0.522195513372655,0.4650321995856084
0-1,1-0,0.0,0.48868364040020645,0.4976980677930421
1-0,1-0,0.0,0.48333913231185077,0.5008170267226794
0-1,0-1,0.0,0.5007074205154848,0.4869672708986198
1-0,1-0,0.0,0.48197328395711364,0.505793311941617
0-1,1-0,0.0,0.46677619949785104,0.5270537465966396
1-0,0-1,0.0,0.5037411666575982,0.4521465924247588
0-1,0-1,0.0,0.5133162510152521,0.4784593271601174
0-1,0-1,0.0,0.5278773664934638,0.4369585120844749
1-0,0-1,0.0,0.49812652087163517,0.4964500423159737
1-0,1-0,0.0,0.40330969022104646,0.5913953802206917
1-0,1-0,0.0,0.4749437971146558,0.5178522191471441
0-1,1-0,0.0,0.48913999312195505,0.5034887995952146
1-0,1-0,0.0,0.41954290942758,0.5397210765470783
0-1,1-0,0.0,0.4146006208144199,0.5556358220842791
1-0,1-0,0.0,0.472885741077206,0.5207300044197279
1-0,0-1,0.0,0.4849617694307073,0.47513990741644213
0-1,1-0,0.0,0.48441193804879024,0.4872216314044806
1-0,1-0,0.0,0.4726578295310211,0.5171056151204045
1-0,1-0,0.0,0.3128963688527848,0.6839221568671019
0-1,1-0,0.0,0.47714309715986886,0.503231463132875
1-0,1-0,0.0,0.48630093702563554,0.4983805879658665
0-1,1-0,0.0,0.48837720165696846,0.4958166561066681
1-0,1-0,0.0,0.43439750212808,0.5208768963640557
0-1,1-0,0.0,0.4586369696479801,0.5055521768277665
0-1,0-1,0.0,0.5193907673355398,0.4700990403689541
1-0,0-1,0.0,0.5372694668752281,0.44325102508264674
1/2-1/2,0-1,0.0,0.5656933147341731,0.41678960030024564
1-0,1-0,0.0,0.4710326390122938,0.5190100673804997
1-0,1-0,0.0,0.47469836339310445,0.5194175603254543
1-0,1-0,0.0,0.04863223874356884,0.9512810038396134
1-0,1-0,0.0,0.44605781586973486,0.5323766041685049
0-1,1-0,0.0,0.3775508879231111,0.5658626244801331
1-0,0-1,0.0,0.5039366040748214,0.4885061503709128
1-0,1-0,0.0,0.45389043310628474,0.528807165510843
1-0,1-0,0.0,0.46787593460392984,0.5222614752681533
1/2-1/2,1/2-1/2,0.0,0.09576527834621373,0.10091908786429934
1-0,0-1,0.0,0.5050020530169949,0.4760833930483719
0-1,0-1,0.0,0.5051475808852599,0.48814205952171213
1-0,0-1,0.0,0.4746507651245194,0.44342337449833247
1-0,1-0,0.0,0.44813915369703505,0.4792548632409459
0-1,1-0,0.0,0.48325947097612626,0.5073083911637369
1-0,0-1,0.0,0.49340480692883104,0.48588389079778743
1-0,0-1,0.0,0.49204998162046076,0.48103721246374725
1-0,1-0,0.0,0.4655610557911909,0.5190309136870763
1-0,1-0,0.0,0.4692907941682071,0.48133115047017766
1-0,0-1,0.0,0.5065008147192944,0.486717848664886
1-0,1-0,0.0,0.36431930910446414,0.4809455065281774
1-0,1-0,0.0,0.47271479424017243,0.48796001014365203
1-0,0-1,0.0,0.5099482493780352,0.46257047382857863
1-0,1-0,0.0,0.4018686634129528,0.5911883973961318
0-1,1-0,0.0,0.48612080808418406,0.4995586875261416
0-1,1-0,0.0,0.48172618918129745,0.5066453819954467
0-1,0-1,0.0,0.4847479811826517,0.4769820024208763
1-0,0-1,0.0,0.49223136983664617,0.4746295047964272
0-1,1-0,0.0,0.44024361109412763,0.5496609125009477
1-0,0-1,0.0,0.5090439648628533,0.4311579105434995
1-0,1-0,0.0,0.011633390488604838,0.9883615521696348
1-0,1-0,0.0,0.3855977254686013,0.6046449776345268
1-0,0-1,0.0,0.48737241571562595,0.45533898147060875
1-0,1-0,0.0,0.4662954540012501,0.5185809728425942
1-0,1-0,0.0,0.454882643841086,0.5226201714527174
0-1,0-1,0.0,0.5457507362713778,0.44440542629760205
0-1,1-0,0.0,0.47992551863368005,0.4951791424622606
0-1,0-1,0.0,0.5014895236973409,0.4887833832172145
1-0,1-0,0.0,0.486672044474283,0.5078119732273919
1-0,1-0,0.0,0.4055982982128386,0.5734693889381656
0-1,0-1,0.0,0.5505333933478547,0.4321115058620645
0-1,0-1,0.0,0.5010043461646658,0.4871642498594005
0-1,0-1,0.0,0.511175743946673,0.47997275238156206
0-1,1-0,0.0,0.42841426000623595,0.44572144202031233
0-1,1-0,0.0,0.3969087728800156,0.5729706747532872
1-0,1-0,0.0,0.4906962214222817,0.501563298249292
1-0,0-1,0.0,0.5464215559020986,0.44509596810936913
1-0,0-1,0.0,0.49938436554290355,0.4930898651797215
1-0,0-1,0.0,0.5059174794347009,0.4863224668880292
1-0,0-1,0.0,0.4912104092793025,0.4298056898484697
1/2-1/2,0-1,0.0,0.4039846764455373,0.3497418839474899
1-0,0-1,0.0,0.5083835533483357,0.4802203644857709
0-1,1-0,0.0,0.4858601572647162,0.5069361219088822
0-1,1/2-1/2,0.0,0.31823977088880046,0.31639795394953774
1-0,1-0,0.0,0.39819204591506413,0.45097572450310214
0-1,0-1,0.0,0.3485258872590207,0.33628182757412844
1-0,1-0,0.0,0.41410424064216605,0.4529872086554379
0-1,1-0,0.0,0.47096938965491664,0.5190351566425008
1-0,0-1,0.0,0.5074509550173468,0.48022838026959136
0-1,1-0,0.0,0.4790007097026865,0.49449941158396965
1/2-1/2,0-1,0.0,0.49228868946450316,0.4641034416360898
1-0,1-0,0.0,0.4906255024947286,0.4921592456170557
1-0,1-0,0.0,0.46971750831550974,0.5235268375637724
0-1,0-1,0.0,0.5298132924358008,0.46830783825109196
1-0,0-1,0.0,0.5121536547204483,0.46476748344250773
1-0,1-0,0.0,0.43711193885873995,0.5362044109585333
0-1,1-0,0.0,0.48071303509659136,0.5118133628364948
0-1,0-1,0.0,0.5238334034908145,0.47144188593352165
0-1,1-0,0.0,0.44700848831681683,0.5460728769782556
0-1,1-0,0.0,0.45915563006369325,0.5249435461586827
0-1,1/2-1/2,0.0,0.17973141884647967,0.21766137955052034
0-1,1-0,0.0,0.48121351294635967,0.49435823763692255
1-0,0-1,0.0,0.504768260999818,0.4875403196635356
1-0,1-0,0.0,0.32574794508169375,0.35259299965163793
1-0,1-0,0.0,0.4450829456953078,0.5292043540144741
1-0,1-0,0.0,0.3759814432944549,0.6169548788532552
1-0,0-1,0.0,0.4956261636123628,0.49343397892276375
0-1,1-0,0.0,0.47952375812471537,0.5092118715654916
0-1,0-1,0.0,0.5197646767738359,0.45109822787530696
0-1,0-1,0.0,0.49497116919898754,0.48193842905995044
0-1,1-0,0.0,0.474536407073021,0.49865846336321423
0-1,1-0,0.0,0.45150674667091306,0.47940814225458644
0-1,0-1,0.0,0.5306283684861272,0.4505005878218445
0-1,0-1,0.0,0.5257037706143061,0.461684763885213
0-1,1-0,0.0,0.48300834004330295,0.504890206291694
1-0,1-0,0.0,0.36829266874246913,0.5574233790238852
1-0,0-1,0.0,0.500440789278084,0.4810189694957723
1-0,1-0,0.0,0.47709944262040704,0.4943549500222363
0-1,0-1,0.0,0.5343148000720505,0.4558247684947542
1-0,0-1,0.0,0.5001584236612996,0.4928792076839242
1-0,0-1,0.0,0.4378975787265178,0.43445844970147657
0-1,1-0,0.0,0.47989575304346355,0.5005740522893681
1-0,1-0,0.0,0.4702654587857339,0.5177553650920964
1/2-1/2,0-1,0.0,0.4821407793271109,0.4620361764616815
1-0,1-0,0.0,0.4790984111187221,0.4792321811842445
0-1,1-0,0.0,0.4478028082997073,0.5418286095422634
0-1,1-0,0.0,0.47217046685010533,0.5273180574211123
0-1,1-0,0.0,0.41722147484242633,0.5636073176552232
1-0,0-1,0.0,0.509602682503835,0.4717597153739758
0-1,1-0,0.0,0.42352961408860135,0.5557331597170302
1-0,1-0,0.0,0.44964151131613,0.5100555116905838
0-1,1-0,0.0,0.43629586515029045,0.5555195683305642
0-1,1-0,0.0,0.4936405780851204,0.49579544196603886
1-0,1-0,0.0,0.4434418903156982,0.49154960137259884
1-0,0-1,0.0,0.4996563779498033,0.4913702627550814
0-1,0-1,0.0,0.5257139833803735,0.45649724844573575
1-0,1-0,0.0,0.47087811642468175,0.5136340446740537
1-0,1-0,0.0,0.4642169691924945,0.5258175312347819
1-0,1-0,0.0,0.46847278705782613,0.5087984686870827
1-0,1-0,0.0,0.441857230052049,0.5070741998155337
1-0,1-0,0.0,0.46362844672279463,0.529291718753807
0-1,0-1,0.0,0.4935833763782932,0.4756498710421585
1-0,1-0,0.0,0.477261701133709,0.4839954140409583
0-1,0-1,0.0,0.5358012744282333,0.45164706929504195
1-0,1-0,0.0,0.4887462168786639,0.5026373003622686
1-0,1-0,0.0,0.45263172359502335,0.4951283151780264
0-1,0-1,0.0,0.48697979205373,0.4860743512080403
1-0,1-0,0.0,0.01296512107925972,0.9870337094937528
1-0,1-0,0.0,0.4804982930210374,0.4937423016660781
1-0,1-0,0.0,0.4825585266159889,0.50556985343869
1-0,1-0,0.0,0.47761630529176125,0.4903888946249163
1-0,1-0,0.0,0.4774934900394647,0.5010040277555903
0-1,0-1,0.0,0.4872483403380281,0.47615970822807296
1-0,0-1,0.0,0.5133683270314221,0.47422191110959094
1-0,1-0,0.0,0.37356370437016523,0.6186826825895245
0-1,1-0,0.0,0.4830307101804035,0.5050441462398018
0-1,1-0,0.0,0.39259171839577955,0.6071773999137777
0-1,0-1,0.0,0.5209979049836025,0.4727547452076532
1-0,1-0,0.0,0.3174538137096493,0.6144644543282994
0-1,0-1,0.0,0.535895883847426,0.4493806500397915
1-0,1-0,0.0,0.4495919798312926,0.5430869413524866
1-0,1-0,0.0,0.4585133510622003,0.5092993889635021
0-1,1-0,0.0,0.038994112045327815,0.9609553715907861
1-0,0-1,0.0,0.5476709942988739,0.4347663445676277
0-1,1-0,0.0,0.4688881863812207,0.504057536068314
0-1,1-0,0.0,0.4544076728170388,0.533507282589976
1-0,1-0,0.0,0.39589284458464263,0.5969487569945443
0-1,1-0,0.0,0.4831961710030374,0.4991206548249502
0-1,1-0,0.0,0.4293851986236952,0.5496981858789866
1/2-1/2,0-1,0.0,0.4284902150438401,0.4253619912514382
0-1,0-1,0.0,0.5073252597237256,0.48384793741569476
0-1,0-1,0.0,0.5427119613086707,0.4411839632217883
0-1,0-1,0.0,0.5237235561948825,0.46944455204553986
0-1,1-0,0.0,0.48657802871003375,0.5059936331597178
0-1,0-1,0.0,0.4868298003120987,0.42678179851939246
1-0,1-0,0.0,0.47932338718610434,0.5049666933406322
0-1,0-1,0.0,0.49197693001650955,0.46495326929430836
1-0,1-0,0.0,0.44372208126505835,0.4822163278037071
1-0,0-1,0.0,0.47346377409176066,0.4708134598084199
1-0,1-0,0.0,0.4288825813614912,0.5649985592549834
1-0,1-0,0.0,0.3482421227297315,0.3933181088047978
1-0,0-1,0.0,0.4143445322823326,0.3690599097608375
0-1,1-0,0.0,0.48893220474357846,0.5046604635177065
0-1,1-0,0.0,0.4719565693554076,0.5196929374152832
0-1,0-1,0.0,0.48040850554288494,0.47954056526378896
1-0,1-0,0.0,0.46494423832912785,0.5121548846550612
1-0,0-1,0.0,0.480778441336375,0.4537069497790836
0-1,1-0,0.0,0.4817370998393459,0.5026858799657996
1-0,1-0,0.0,0.47534217405721113,0.5104561987979404
0-1,0-1,0.0,0.5157754197456202,0.47199654741436226
1-0,0-1,0.0,0.4799861856284539,0.4699982959601122
0-1,0-1,0.0,0.5393975529743971,0.44552054338613134
1-0,1-0,0.0,0.4704549417783949,0.5059971135770136
0-1,0-1,0.0,0.5004126314043089,0.491359450317717
0-1,1-0,0.0,0.44211732628762757,0.45383672734822383
0-1,1/2-1/2,0.0,0.2788649444898862,0.3313726939563151
0-1,1-0,0.0,0.4608243806935163,0.49378927455556865
1-0,0-1,0.0,0.5068242543923189,0.47687037627618184
0-1,0-1,0.0,0.4798532582848573,0.423523017794501
0-1,1-0,0.0,0.4768872917236347,0.5170922961092606
1-0,0-1,0.0,0.497420777333117,0.48193616477753204
1-0,0-1,0.0,0.49023235555440353,0.4901488322203111
0-1,0-1,0.0,0.4921617685937588,0.47390234919174284
1-0,0-1,0.0,0.48125019901378924,0.46416268805198885
0-1,0-1,0.0,0.5027116949772096,0.4872052982037601
0-1,1-0,0.0,0.4194429814565722,0.5697544555643597
1-0,0-1,0.0,0.5131172452723831,0.4704604103934103
0-1,1-0,0.0,0.42847425042230936,0.5517497568385573
1-0,1-0,0.0,0.4596484665807892,0.5306480628695501
1-0,0-1,0.0,0.48549143072338063,0.4654639587371953
0-1,1-0,0.0,0.37128543002073183,0.6076318440167133
1-0,1-0,0.0,0.4635313854119113,0.5264426839674251
0-1,1-0,0.0,0.45865919372555775,0.532873729137953
0-1,0-1,0.0,0.4971657501709528,0.42703163316051745
0-1,0-1,0.0,0.5311937564477216,0.4558055268098694
0-1,0-1,0.0,0.5355566504226201,0.4525448187899964
1-0,1-0,0.0,0.47354287204389894,0.5080869422601504
0-1,1-0,0.0,0.4858416127909128,0.49700439222036097
1-0,1-0,0.0,0.49396067188114606,0.4944419857810739
0-1,1-0,0.0,0.4182645797218628,0.5268921209664121
0-1,1-0,0.0,0.46854707210227187,0.5116826449693891
1-0,0-1,0.0,0.4971861296625659,0.45494771597518296
1-0,1-0,0.0,0.4890904349436683,0.4908506900939749
1-0,0-1,0.0,0.4590398676784142,0.4281279948314113
1-0,0-1,0.0,0.47266575688961227,0.4582057092921361
0-1,0-1,0.0,0.5148747606209313,0.4525733633281246
1-0,0-1,0.0,0.509503895590375,0.4746145118524649
0-1,1-0,0.0,0.46451945864016386,0.5243367160905668
1/2-1/2,0-1,0.0,0.5344544495418594,0.43132655988876817
1-0,1-0,0.0,0.46109694514513244,0.5191647530689933
0-1,0-1,0.0,0.5129066776690195,0.4798084835367891
0-1,1-0,0.0,0.48458505476683783,0.5097461713050512
1-0,1-0,0.0,0.30202957499814875,0.5538674665065512
0-1,0-1,0.0,0.5000805267820582,0.492821318304675
1-0,1-0,0.0,0.4328762599064966,0.5127314136745346
1-0,1-0,0.0,0.41316932096426734,0.54469654538928
1-0,1-0,0.0,0.4708188466450774,0.514598702952712
0-1,0-1,0.0,0.479051308424849,0.475381292196853
0-1,1-0,0.0,0.4642897359968182,0.4910363818318667
0-1,0-1,0.0,0.5270129427555258,0.46754896273438445
0-1,0-1,0.0,0.41883654749570054,0.39077222537840417
1-0,1-0,0.0,0.44211910198091975,0.5521251366994524
1-0,0-1,0.0,0.43825416039839993,0.41567480684542685
1-0,0-1,0.0,0.44198349288325844,0.4399464753600725
1-0,1-0,0.0,0.23389650324734418,0.3984064243933354
1-0,0-1,0.0,0.40016232755656533,0.38987746076679136
0-1,1-0,0.0,0.4400657450689414,0.5543944089792
1-0,1-0,0.0,0.4681771305199729,0.5057687739569474
0-1,1-0,0.0,0.48944477610887765,0.5044988900664865
1-0,0-1,0.0,0.4907697037144865,0.46161180905328886
1-0,1-0,0.0,0.47647841777516525,0.5171421822203253
1-0,0-1,0.0,0.5188677570644452,0.46957069043741934
1-0,1-0,0.0,0.4796615777196213,0.5098001129518669
1-0,0-1,0.0,0.5456418694382269,0.44811619647020534
1-0,1-0,0.0,0.4418922319787004,0.5450206202450388
1-0,1-0,0.0,0.13720113078017374,0.8620090945985711
1-0,1-0,0.0,0.2992738597035006,0.6956247941788513
0-1,1/2-1/2,0.0,0.007451201027090227,0.008871799387509685
0-1,0-1,0.0,0.40985803634740164,0.36885947468749086
1/2-1/2,1-0,0.0,0.4500300004438563,0.5449745065415799
0-1,1-0,0.0,0.48604313087072015,0.4986023923546828
0-1,0-1,0.0,0.49627655707893686,0.4904138347194497
0-1,1-0,0.0,0.46646080941416423,0.5256998234375763
1/2-1/2,0-1,0.0,0.5142209618741207,0.4456326013053443
1-0,1-0,0.0,0.026189868307010037,0.9736938278666514
0-1,0-1,0.0,0.567421641341855,0.4236390687319942
0-1,1-0,0.0,0.43849996161114624,0.5487954954198689
0-1,1-0,0.0,0.4918252294646205,0.49694024955011484
0-1,0-1,0.0,0.5064389003199279,0.4843127080419155
0-1,1-0,0.0,0.4798291176397118,0.5120748633292901
1-0,1-0,0.0,0.467392855096873,0.5234234676427514
0-1,0-1,0.0,0.5087622587225805,0.4678056025705789
1-0,1-0,0.0,0.49245822332853084,0.4995912333677491
1/2-1/2,1-0,0.0,0.43335335744666054,0.44088028291669423
0-1,0-1,0.0,0.49805246999037334,0.49559048668085415
1-0,0-1,0.0,0.4958175195322252,0.49197079283155715
1-0,0-1,0.0,0.4563341895311053,0.4524739256795399
1-0,1-0,0.0,0.45948182076727384,0.5324667406069359
0-1,1-0,0.0,0.4155114314124915,0.5755492166125112
1-0,1-0,0.0,0.48824511894619776,0.4975206071316131
1-0,1-0,0.0,0.4894317180474618,0.49738109502950817
0-1,0-1,0.0,0.48690825513932984,0.48344108631093713
1-0,1-0,0.0,0.4750756595529372,0.5179954585676595
0-1,0-1,0.0,0.5009714298809862,0.49069629568493167
0-1,0-1,0.0,0.511501062611294,0.46638852749612697
0-1,0-1,0.0,0.5104256233477686,0.4768205515878487
1-0,1-0,0.0,0.47240190124732495,0.5063879984302568
1-0,0-1,0.0,0.4983858302954316,0.49380758810579767
0-1,0-1,0.0,0.36898784846342164,0.3532566991895656
1-0,1-0,0.0,0.48955066092952204,0.5023047641464566
0-1,1-0,0.0,0.37120624693022825,0.38362364816233335
0-1,1-0,0.0,0.43144103525578503,0.5594249243254024
1-0,1-0,0.0,0.48383776844587834,0.5053321596337765
0-1,1-0,0.0,0.31451884355626775,0.5678190082378431
1-0,0-1,0.0,0.5395943846707589,0.4517755725041007
1/2-1/2,1/2-1/2,0.0,0.27025765956043557,0.2290764979979418
1-0,1-0,0.0,0.4860604424009525,0.5009634238686134
1-0,1-0,0.0,0.45825064570192275,0.5086847997014152
0-1,0-1,0.0,0.5177335498406714,0.4658213521034121
0-1,0-1,0.0,0.5055343931590636,0.4696945688871267
0-1,0-1,0.0,0.4035487881750493,0.3510727125907293
1-0,1-0,0.0,0.37492345206942684,0.5957900133086471
0-1,0-1,0.0,0.557311554575717,0.4370043329572042
0-1,0-1,0.0,0.5029204334828898,0.46204490363912876
0-1,0-1,0.0,0.4981013748790017,0.480122697864858
1-0,1-0,0.0,0.4752588232010043,0.5055611374241402
0-1,1-0,0.0,0.4613638035092963,0.5324431081103485
1-0,0-1,0.0,0.48823522486718385,0.45289566930448316
1-0,0-1,0.0,0.49860760333928106,0.4936542033327349
1-0,0-1,0.0,0.4951223753165837,0.4871125163194481
0-1,0-1,0.0,0.5238712483528982,0.45838096230772307
0-1,1-0,0.0,0.45802483401503125,0.5256052263140507
1-0,1-0,0.0,0.46013356014450313,0.5283462640667784
1-0,1-0,0.0,0.47536194025207157,0.48786133430399187
1-0,1/2-1/2,0.0,0.13876159800536003,0.12244105057572494
0-1,0-1,0.0,0.5035231615039281,0.4894395383927322
1-0,1-0,0.0,0.44096784085456203,0.45251986877744377
0-1,1-0,0.0,0.4656148565630554,0.47289313654766013
1/2-1/2,0-1,0.0,0.48867299000361536,0.4257750803465735
0-1,0-1,0.0,0.4716347321267809,0.4632171242736524
0-1,0-1,0.0,0.49863565420170974,0.49046459650280855
1-0,1-0,0.0,0.40296569937779564,0.45533792216431207
1-0,1-0,0.0,0.49047233695334375,0.5028966638344801
1-0,1-0,0.0,0.11357681705205926,0.8489570787502748
0-1,0-1,0.0,0.49835329815697704,0.43917748799535583
0-1,1-0,0.0,0.47630261476988417,0.5147091763380743
0-1,0-1,0.0,0.4954084689322609,0.4918942927917834
0-1,0-1,0.0,0.5343900497122102,0.4530849158449457
0-1,0-1,0.0,0.49387096413845444,0.4783026345127072
0-1,0-1,0.0,0.5019052512834111,0.46953258103335455
1-0,1-0,0.0,0.48629161284390027,0.508004266645554
1-0,0-1,0.0,0.5076461546063055,0.484054969972272
0-1,1-0,0.0,0.48596049222528015,0.505224111100434
1-0,0-1,0.0,0.528249609495963,0.45465586440581374
1-0,1-0,0.0,0.46823078776599913,0.48357066854259156
0-1,0-1,0.0,0.4951595943060836,0.4932851440993496
0-1,0-1,0.0,0.4844030137165861,0.46545206669681805
0-1,0-1,0.0,0.5156584417733102,0.4330413052221206
0-1,0-1,0.0,0.495955032497924,0.4657587189617245
0-1,1-0,0.0,0.4842003768945842,0.5100224666751904
0-1,1-0,0.0,0.463553067955883,0.5239436027947648
1-0,1-0,0.0,0.48514884669751973,0.5044504702855943
1-0,0-1,0.0,0.5294759927669447,0.43223184848736934
1-0,1-0,0.0,0.43527614611118026,0.5486253925488583
0-1,1-0,0.0,0.4884116885394839,0.5047442722086727
0-1,0-1,0.0,0.4393309097221111,0.4212225992311946
0-1,1-0,0.0,0.4680047286491279,0.5099274194365406
1-0,1-0,0.0,0.4571306729697216,0.536596653506228
1-0,1-0,0.0,0.032265953941247885,0.9677057730437697
1-0,0-1,0.0,0.4354409027071681,0.42933933002763525
1-0,1-0,0.0,0.4847532322215889,0.5051107604424305
1-0,0-1,0.0,0.4854724461514273,0.42099971501534017
0-1,1/2-1/2,0.0,0.19796205933319322,0.21816868231795253
0-1,0-1,0.0,0.5581305329881349,0.43654404336851055
0-1,1-0,0.0,0.4815032495202789,0.4940866195103558
1-0,0-1,0.0,0.5427484233319751,0.4479155860216021
0-1,0-1,0.0,0.38034648002094656,0.33459101046806894
0-1,0-1,0.0,0.431389659671521,0.39835665280670685
1-0,1-0,0.0,0.48588802579875795,0.5003595031128287
1-0,1-0,0.0,0.48000038399922157,0.5146816193235333
1-0,0-1,0.0,0.4185920771627166,0.4019474160188094
0-1,0-1,0.0,0.5086860813534184,0.47567979413541617
1-0,1-0,0.0,0.47745656270657116,0.5134731746141561
1-0,0-1,0.0,0.4808034618248789,0.4308896669471648
0-1,1-0,0.0,0.477698370754414,0.49893829108013604
1-0,1-0,0.0,0.4152231714131742,0.5507166133842776
0-1,1-0,0.0,0.49093250501802177,0.49731020830282063
1-0,1-0,0.0,0.4054634128900062,0.5890539704794719
1/2-1/2,1-0,0.0,0.42874294671553714,0.45725100063313573
1-0,0-1,0.0,0.4455821801538462,0.4148803382554286
0-1,1-0,0.0,0.482109999847421,0.5071693300635737
0-1,0-1,0.0,0.5084702922707542,0.4791339576326059
1-0,1/2-1/2,0.0,0.24454890312396818,0.2930631651199739
1-0,1-0,0.0,0.4506160230715268,0.5427628436590641
0-1,0-1,0.0,0.4417664507980593,0.4003016738417877
0-1,1-0,0.0,0.4762262111334491,0.5162957875252543
0-1,1-0,0.0,0.34121014879255657,0.499016793142706
0-1,0-1,0.0,0.5389586884582854,0.4523331809081136
1-0,0-1,0.0,0.4948426288573826,0.4928810882203726
0-1,0-1,0.0,0.496497671636116,0.4811820520843881
0-1,0-1,0.0,0.49286504865653635,0.4604015699320954
1-0,0-1,0.0,0.5063607159165034,0.4850713400909457
1-0,1-0,0.0,0.4557391878728481,0.49504832706364127
0-1,1-0,0.0,0.47701914668572853,0.5170069692003595
1-0,1-0,0.0,0.3492872080094515,0.6288061237523945
1-0,1-0,0.0,0.4914854270738708,0.49650699079735655
0-1,0-1,0.0,0.4555670039515552,0.4442754170762941
0-1,0-1,0.0,0.5325209159208573,0.4620396446623244
0-1,1-0,0.0,0.38578926942284114,0.5766282703674009
1-0,1/2-1/2,0.0,0.15918283256403734,0.21095540418343028
1-0,0-1,0.0,0.524167421545201,0.4649131534830945
1-0,0-1,0.0,0.5422107776942848,0.4281289922007092
0-1,0-1,0.0,0.5032088951282988,0.4760926006598852
0-1,0-1,0.0,0.5326859106828382,0.4469692341754635
0-1,0-1,0.0,0.49291751238413617,0.48796549124021105
0-1,1-0,0.0,0.45845389278569704,0.5342899788946359
1-0,0-1,0.0,0.46106375100494595,0.4224861986110539
1-0,0-1,0.0,0.49323517924040094,0.4903912071321849
0-1,0-1,0.0,0.5625932949644826,0.4269060911388713
0-1,0-1,0.0,0.5144613873220016,0.4751540770723391
1-0,1-0,0.0,0.43713816286028917,0.5429403815471622
1-0,0-1,0.0,0.5101319631686391,0.4728579018520238
0-1,0-1,0.0,0.45291193469529556,0.435816044727513
0-1,1-0,0.0,0.4024087139672883,0.4918763237229248
1-0,1-0,0.0,0.4180397499869526,0.5577149968887568
1-0,0-1,0.0,0.5490370237077097,0.4441044086132127
0-1,0-1,0.0,0.4586752872424678,0.42657129547453565
0-1,0-1,0.0,0.4162974355611765,0.41006367736834076
0-1,0-1,0.0,0.503783047797013,0.49335447497005563
0-1,0-1,0.0,0.5294735908102624,0.4484132892366592
0-1,1-0,0.0,0.47905599284923617,0.48213078049435093
1-0,1-0,0.0,0.45623432189327784,0.48038834343211534
0-1,1-0,0.0,0.4833859108220409,0.48560213990166246
1-0,0-1,0.0,0.5044413147089623,0.48498517480990755
1-0,1-0,0.0,0.23978486227218643,0.6715981573687723
1-0,1-0,0.0,0.47213328010099265,0.4858699085180976
1-0,0-1,0.0,0.5362012593873874,0.45841630135240746
0-1,0-1,0.0,0.504703321913638,0.4819394875691633
0-1,0-1,0.0,0.5019590748053443,0.4905715219312108
1-0,0-1,0.0,0.5121314854481616,0.46835396169183635
0-1,0-1,0.0,0.4894230376755448,0.4845703295095417
0-1,0-1,0.0,0.4099377024268379,0.35787103628854705
1-0,1-0,0.0,0.47881244719056043,0.5090913812614348
0-1,1-0,0.0,0.48526428985177095,0.5007872894751549
1-0,0-1,0.0,0.5447804821551296,0.40279004259739826
1-0,1-0,0.0,0.44761032908422177,0.46089421296245836
1-0,1-0,0.0,0.48366986970302506,0.5013362393666242
0-1,0-1,0.0,0.5485510491038655,0.4407458448342708
0-1,1-0,0.0,0.3585348712904967,0.6413469401148822
0-1,0-1,0.0,0.38054864747391143,0.33208804399172565
1/2-1/2,0-1,0.0,0.4599737390655315,0.4339511563058637
0-1,1-0,0.0,0.4799894075891425,0.5131280917346754
0-1,1-0,0.0,0.4725023721324616,0.5032692821358306
0-1,0-1,0.0,0.49830340899834186,0.49392191129211566
0-1,1-0,0.0,0.31077029688615987,0.686053089485237
0-1,0-1,0.0,0.559057348841261,0.42985769255186806
1-0,0-1,0.0,0.48557645434002766,0.48263624525859233
0-1,0-1,0.0,0.5618529293959957,0.43379369381801364
0-1,1-0,0.0,0.4719868543204976,0.4975286649977273
1-0,0-1,0.0,0.4993568150677592,0.4734363476246571
1-0,0-1,0.0,0.4548397728759572,0.41805130073422603
1-0,1-0,0.0,0.4865789225956489,0.49209448202430633
0-1,0-1,0.0,0.546271499915126,0.4365421062393074
0-1,0-1,0.0,0.49426505788976743,0.4532568476261304
1-0,1-0,0.0,0.44248102502455294,0.5210019243719449
0-1,1-0,0.0,0.4698057862277061,0.5246156834869479
1/2-1/2,1-0,0.0,0.41102366067464174,0.43379496847250515
0-1,1/2-1/2,0.0,0.1428348867017695,0.12157778858712695
0-1,1-0,0.0,0.49889509022981776,0.5003937926815278
1/2-1/2,0-1,0.0,0.502368306339259,0.4785821856297612
0-1,1-0,0.0,0.480878910170958,0.4921968094368909
1-0,1-0,0.0,0.4762273647678433,0.48346995303457296
0-1,1-0,0.0,0.46338191580599125,0.5089594978102374
0-1,1-0,0.0,0.44752785504021436,0.5450699031992642
1-0,1/2-1/2,0.0,0.24202819412856466,0.298268194816368
0-1,0-1,0.0,0.5259951502088593,0.46549965293911433
0-1,1/2-1/2,0.0,0.3494788035423698,0.2773247247478747
0-1,1-0,0.0,0.46363415358441057,0.5250613779761174
0-1,0-1,0.0,0.5010244893032811,0.48217040474164424
1-0,0-1,0.0,0.4961583579023536,0.4856362286420624
1-0,1-0,0.0,0.4264132940513222,0.42929353182956953
0-1,1/2-1/2,0.0,0.2162504773963422,0.3295406630782475
1-0,1/2-1/2,0.0,0.14910214964524623,0.11422591891359667
0-1,0-1,0.0,0.5074239883017113,0.4585231185085772
1-0,1-0,0.0,0.45982697151639157,0.529928877017924
0-1,0-1,0.0,0.512977808647229,0.4782386897293824
0-1,0-1,0.0,0.4893164634212567,0.48670177558042443
1-0,1-0,0.0,0.48469921762577733,0.5085348162506935
0-1,1-0,0.0,0.47559980981691224,0.5157458626293658
1-0,0-1,0.0,0.36488323583099275,0.3337349492643042
1-0,0-1,0.0,0.5029405166650208,0.48556649749063674
0-1,1-0,0.0,0.49603613733823926,0.49739974085788946
1/2-1/2,0-1,0.0,0.49895528364385283,0.4414463848310376
0-1,0-1,0.0,0.5033138966037622,0.48697991888938125
1-0,0-1,0.0,0.5296424928704024,0.46258729735761006
0-1,1-0,0.0,0.47996613622577766,0.5109574277597619
0-1,0-1,0.0,0.5169570139291134,0.4635020422810232
1-0,1-0,0.0,0.4847413798623229,0.5013658510221043
0-1,0-1,0.0,0.5167872980415106,0.4776427409660524
1-0,0-1,0.0,0.5065204837883368,0.47684303328677047
0-1,0-1,0.0,0.4937920360344348,0.4895776120874867
0-1,0-1,0.0,0.52861902599856,0.4585576148654931
1-0,1-0,0.0,0.47914655909577225,0.4867732808286268
1-0,1-0,0.0,0.45746428523642557,0.5346568853021176
1-0,1-0,0.0,0.4937526784497985,0.5004018977638408
0-1,1-0,0.0,0.48555899341191555,0.4919837487137889
1-0,0-1,0.0,0.514104699001888,0.4762916357864998
1-0,1-0,0.0,0.45804853218758096,0.532530754309848
0-1,0-1,0.0,0.4985027429356784,0.4575158427646943
1-0,1-0,0.0,0.47788007054905485,0.5076427010269213
0-1,1-0,0.0,0.46963363881088216,0.48621533701483327
1-0,1-0,0.0,0.4752330849897172,0.4827906492125519
1-0,0-1,0.0,0.3858683101525205,0.35172487028566235
1-0,1-0,0.0,0.48265660328517723,0.5051422745073361
1-0,0-1,0.0,0.5129992358308516,0.4380758963129746
1-0,1-0,0.0,0.44429752848654663,0.48292934663096304
1-0,1-0,0.0,0.4478197258275095,0.5146928423035123
0-1,1-0,0.0,0.3046259658316,0.5698048017095967
0-1,1-0,0.0,0.4638539246760693,0.5247125697827574
1-0,0-1,0.0,0.5010210448367892,0.48736672092110717
0-1,0-1,0.0,0.493776020053971,0.4320391030776054
1/2-1/2,1/2-1/2,0.0,0.3307944034917501,0.2911468928614221
1-0,0-1,0.0,0.5107291286710756,0.48116176493659396
1-0,1-0,0.0,0.4639923964715407,0.5097086038564519
0-1,1-0,0.0,0.480013674208311,0.5072455372947987
1-0,1-0,0.0,0.4710637645326482,0.5115714974994384
0-1,0-1,0.0,0.5035444053908253,0.49482349027472927
0-1,0-1,0.0,0.5066946504144794,0.48310759399125636
1-0,0-1,0.0,0.5270049039137533,0.4660807611947539
0-1,1-0,0.0,0.47537411222849413,0.5164052732863581
1-0,0-1,0.0,0.5054788499720122,0.4863665209887837
1-0,1-0,0.0,0.4932130799461347,0.4965000075041312
0-1,0-1,0.0,0.4891632453182891,0.47992013015681895
0-1,0-1,0.0,0.4861595421679793,0.4581610960587685
1-0,0-1,0.0,0.5069253371710214,0.4780084802469514
1-0,1-0,0.0,0.4672359596565023,0.5022597090434615
1-0,0-1,0.0,0.38056118265047373,0.34291310917878354
0-1,1-0,0.0,0.4129934924214513,0.5824646203061984
1-0,0-1,0.0,0.5530822680797105,0.44037249458022193
1-0,1-0,0.0,0.4634723695221261,0.5300569773495997
0-1,1-0,0.0,0.45332060810746744,0.5395489561011556
0-1,0-1,0.0,0.5405862837113458,0.4389275511497437
1-0,1-0,0.0,0.4954324192015927,0.4978534863209725
0-1,1-0,0.0,0.4901171191204835,0.4982955761383551
0-1,1-0,0.0,0.46975482908851407,0.5222991144910694
0-1,0-1,0.0,0.504172055991505,0.4830167943565527
0-1,1-0,0.0,0.40208392370611756,0.4368547599932674
1-0,1-0,0.0,0.35509300066545846,0.6404182175781231
1-0,1-0,0.0,0.29517571476401594,0.5755618880040672
1-0,0-1,0.0,0.5076287404474908,0.4888772008937531
0-1,1-0,0.0,0.4632380993057093,0.5206726112412395
0-1,1-0,0.0,0.48239211816785915,0.5082070558910448
0-1,1-0,0.0,0.49698279848661336,0.4972430943260116
1-0,0-1,0.0,0.5452073676035142,0.44942826806056924
0-1,1-0,0.0,0.43623402283664736,0.5318790197038025
0-1,1-0,0.0,0.49447336751842935,0.49700190829437324
1-0,1-0,0.0,0.48535303172737326,0.49628456386281805
1-0,1-0,0.0,0.4948131351985415,0.4951777264567479
0-1,1-0,0.0,0.44338565780219613,0.5326518497914524
0-1,0-1,0.0,0.48736712412917754,0.44491380006603665
1-0,1/2-1/2,0.0,0.012619760962681345,0.011725884129348368
0-1,1-0,0.0,0.49390185438219625,0.49976106541948234
0-1,1-0,0.0,0.4852092214196856,0.5031548549748653
0-1,0-1,0.0,0.4738431113666581,0.39710167220228104
0-1,1-0,0.0,0.48832502359028623,0.49693658867038903
0-1,1-0,0.0,0.44272659948868126,0.4880754292502153
0-1,1-0,0.0,0.46205217692329625,0.5247684792615568
1-0,1/2-1/2,0.0,0.2944630310845918,0.2647205398851633
1-0,0-1,0.0,0.5137835923489527,0.480294447082271
1-0,1-0,0.0,0.46549723381094515,0.5292676574501456
0-1,1-0,0.0,0.48049702253423054,0.487099104166938
1/2-1/2,1-0,0.0,0.39062398403176607,0.6040688551962289
1-0,1-0,0.0,0.41832004905685494,0.5753653680707914
1-0,1-0,0.0,0.41488956929399345,0.5402898605910705
1-0,1-0,0.0,0.47296864911815484,0.5170645107698401
1-0,1-0,0.0,0.4742897142768798,0.507690349797615
0-1,0-1,0.0,0.49047133284306443,0.47763758268649903
1/2-1/2,1/2-1/2,0.0,0.22068975371689056,0.2183768153945732
1-0,0-1,0.0,0.48523684936990685,0.47601990348960305
1-0,0-1,0.0,0.48534726840071785,0.47497020849667476
0-1,0-1,0.0,0.49649698882391113,0.49580100184993287
1-0,0-1,0.0,0.39219595328490775,0.3721804351009736
1-0,0-1,0.0,0.5051502688008004,0.4823111892057881
1-0,1-0,0.0,0.15446933652649164,0.8424365923845467
0-1,0-1,0.0,0.5338123974803525,0.45968713349806734
1-0,1-0,0.0,0.44128291232377065,0.5236900261405234
1/2-1/2,0-1,0.0,0.4960903493467868,0.439478080738682
1-0,1-0,0.0,0.4847499573974143,0.49367908256364074
0-1,1-0,0.0,0.4894017456372393,0.4928118309877285
1-0,1-0,0.0,0.44598653127629034,0.5474724518308499
0-1,1-0,0.0,0.4790134416615812,0.511931718309751
1-0,1-0,0.0,0.48337970245556583,0.5108545117234116
1-0,0-1,0.0,0.5134215239878533,0.4780666473276566
0-1,0-1,0.0,0.47359741245125314,0.4689340114330989
0-1,0-1,0.0,0.4664917293397704,0.38110419292629844
1-0,0-1,0.0,0.5477342789278681,0.4458160511744792
0-1,1-0,0.0,0.48773097517962666,0.4992909689029043
1-0,1-0,0.0,0.006936813017835486,0.993062947619409
1-0,1-0,0.0,0.4512370917787009,0.513542310475585
0-1,1-0,0.0,0.46365289237417784,0.5192894626148632
1-0,1-0,0.0,0.46432173451313674,0.5194686165301587
1-0,1-0,0.0,0.48330049957315735,0.5058063147030303
1-0,0-1,0.0,0.4951396514140752,0.49355597678007856
1-0,1-0,0.0,0.43988343464265445,0.5434498025204053
1-0,0-1,0.0,0.5068046362624387,0.4830023366630206
1-0,1-0,0.0,0.41858155206085473,0.4694141007378059
1-0,1-0,0.0,0.47779117012501743,0.5081161450238683
1-0,0-1,0.0,0.4939212688555896,0.4908298578802567
0-1,1-0,0.0,0.4571446967896397,0.5297747827438565
1-0,1-0,0.0,0.48284986729678014,0.495531771437938
1-0,0-1,0.0,0.5133325038066155,0.478136064245114
1-0,0-1,0.0,0.5182514833253872,0.4682431041387242
1-0,0-1,0.0,0.5393310554253157,0.45395562717661014
1-0,0-1,0.0,0.5615544229732249,0.43243464101084
0-1,0-1,0.0,0.4917583705969204,0.3681382117801039
1/2-1/2,1-0,0.0,0.3672089139334682,0.4381228061444424
1-0,1/2-1/2,0.0,0.2664102158650432,0.2371728214484912
1-0,0-1,0.0,0.5403970765654188,0.4439808576872138
0-1,0-1,0.0,0.5012265611943533,0.47797363957192496
1-0,1-0,0.0,0.33839974282158536,0.42685001512821974
1-0,0-1,0.0,0.40656639647167875,0.36916312183018524
0-1,0-1,0.0,0.49923485820109775,0.4862184945361145
0-1,1-0,0.0,0.3988092592228767,0.5953335940003196
0-1,1-0,0.0,0.4807589152004808,0.5001637607104763
1-0,1-0,0.0,0.4367977331957011,0.5248909903665215
1-0,1-0,0.0,0.48196110675570686,0.5109438615680791
1-0,0-1,0.0,0.49949351671694164,0.4896719413594898
0-1,0-1,0.0,0.49376443127957814,0.49353790438071266
0-1,0-1,0.0,0.5134216711633188,0.4741839484913352
1-0,0-1,0.0,0.5008639752115094,0.4917295758051438
1-0,0-1,0.0,0.49892995124569406,0.4874238594103804
1/2-1/2,1/2-1/2,0.0,0.31674349245920685,0.2778847880285852
1-0,1-0,0.0,0.4793094809271029,0.49872810262102407
0-1,0-1,0.0,0.48241840340729447,0.44223006472665666
0-1,0-1,0.0,0.45386911585008616,0.375035647588548
1-0,1-0,0.0,0.48690850504397165,0.48892585961060364
0-1,0-1,0.0,0.4650139278408294,0.4062973203200931
1-0,1-0,0.0,0.4900612476561911,0.5014437884218091
1-0,1-0,0.0,0.47491472772429666,0.4836581172834087
0-1,0-1,0.0,0.49959448893357006,0.4914651057628013
0-1,1-0,0.0,0.45992166250367367,0.5279140706077827
1-0,1-0,0.0,0.4238745621149994,0.5710035352562353
0-1,0-1,0.0,0.5167502644963926,0.47459997178054847
0-1,1-0,0.0,0.4304766889400047,0.5524355009329118
1-0,0-1,0.0,0.5291735554409966,0.46053093447290294
0-1,1-0,0.0,0.46231138828944296,0.5258144794931755
0-1,1-0,0.0,0.48023745146675406,0.4892373204177118
1/2-1/2,0-1,0.0,0.5284979994709313,0.4141976203875617
0-1,1-0,0.0,0.46836878824943073,0.5108645332982734
1-0,1-0,0.0,0.4375096563984204,0.49632494196184435
0-1,0-1,0.0,0.5140412075175511,0.4034987085794705
1-0,0-1,0.0,0.5238186185680505,0.4312376612398026
0-1,0-1,0.0,0.523755729951177,0.4734745405574683
1-0,0-1,0.0,0.5321650779258444,0.46334445641734817
0-1,0-1,0.0,0.5277161520134882,0.4419162382927875
1-0,1-0,0.0,0.46285709598245317,0.5066697931195822
1-0,1-0,0.0,0.4224507720401403,0.5710335456852227
1-0,1-0,0.0,0.468398383137105,0.4919759132706283
0-1,1-0,0.0,0.46159930923620157,0.526345280759599
0-1,0-1,0.0,0.3637961471314907,0.3585535159820158
0-1,0-1,0.0,0.4848890883470126,0.4408583552730177
0-1,0-1,0.0,0.4909543621307676,0.4639614385655873
1-0,0-1,0.0,0.5044309430552404,0.47234410981281133
0-1,0-1,0.0,0.5034301798895968,0.4810237343784746
1-0,0-1,0.0,0.5130538516584917,0.4779985731227184
0-1,1-0,0.0,0.4569703891992613,0.5184371946764516
1-0,1-0,0.0,0.48690058121525,0.5032902133868515
0-1,0-1,0.0,0.4986915073580993,0.4789836294841054
0-1,0-1,0.0,0.5289643246002312,0.45918181528682084
0-1,1-0,0.0,0.3737071013104252,0.5287401929225485
1-0,0-1,0.0,0.4947679670737244,0.43549015171044747
1-0,0-1,0.0,0.47986407884174326,0.4595947140437261
1-0,0-1,0.0,0.3769885890825586,0.3530927156957356
1-0,1-0,0.0,0.4650585687204577,0.5262233567876006
1-0,1-0,0.0,0.47158123923845874,0.5197560914712268
0-1,1/2-1/2,0.0,0.3360691957954993,0.2848386335724353
0-1,0-1,0.0,0.5103512006848243,0.4738667249819666
0-1,1-0,0.0,0.4788992704514387,0.5032017047292211
0-1,0-1,0.0,0.5322326667758716,0.427132708188574
0-1,1-0,0.0,0.4748488316522742,0.4926715391550033
0-1,0-1,0.0,0.49718141232551566,0.4718676219916798
0-1,1-0,0.0,0.482003136589639,0.5072586588791779
1/2-1/2,1-0,0.0,0.3759872089965872,0.3930006849856018
1/2-1/2,1-0,0.0,0.42203039927131186,0.5090173046596486
1-0,1/2-1/2,0.0,0.20552686877905882,0.21851884747213476
1-0,1-0,0.0,0.4731723196485508,0.5207603179685235
1-0,1-0,0.0,0.4748498218341386,0.5099054019535186
1-0,1-0,0.0,0.41461009900471435,0.5807410246170815
0-1,1-0,0.0,0.47111836589070377,0.5234116067593721
0-1,0-1,0.0,0.4786915596161255,0.44225051935018994
1-0,0-1,0.0,0.4877486222683223,0.48683424686710064
0-1,1-0,0.0,0.425395076168285,0.45327928431322706
0-1,0-1,0.0,0.4913008062213456,0.4719968280127465
1-0,0-1,0.0,0.49900046762689054,0.4879327406383302
0-1,1-0,0.0,0.4496737717065326,0.5347213834916447
1-0,0-1,0.0,0.517791523958651,0.4647680038109892
0-1,1-0,0.0,0.19526684910314512,0.8037769212281465
1-0,1-0,0.0,0.41771649905031477,0.5752361610313818
1-0,1-0,0.0,0.4266649112730237,0.5658071593311765
0-1,1-0,0.0,0.43617015439251566,0.45145151873618167
0-1,0-1,0.0,0.5001547109088337,0.4888316718698402
0-1,1-0,0.0,0.47727419982151686,0.5067967492578342
1-0,1-0,0.0,0.39463546447134906,0.6009977959865167
0-1,1-0,0.0,0.48280780384632355,0.5157580447208087
1-0,0-1,0.0,0.5241118649646723,0.4567028026237685
1-0,1-0,0.0,0.4708838274377255,0.5079755632177293
0-1,0-1,0.0,0.4567004993712543,0.3665511830516798
1-0,1-0,0.0,0.03345407358071222,0.9665167215168264
0-1,1-0,0.0,0.456860480093281,0.5232765341218618
1-0,1-0,0.0,0.43932279822322395,0.5338150987380816
1-0,1-0,0.0,0.40742185720032853,0.44894837032173385
1/2-1/2,0-1,0.0,0.5640254631427193,0.42865490971276926
0-1,1-0,0.0,0.4709378261238577,0.5281595037768547
1-0,1-0,0.0,0.3023898627281347,0.6949437642265489
1-0,1-0,0.0,0.2660898324031379,0.7316344217263281
1-0,1-0,0.0,0.1656006685519015,0.8335541507234744
0-1,0-1,0.0,0.504010129924782,0.46420591661090876
0-1,0-1,0.0,0.5293682044043516,0.4595704742753459
1/2-1/2,0-1,0.0,0.5134001281582429,0.4659654277679855
1/2-1/2,0-1,0.0,0.4781688261774838,0.46985292246171934
0-1,1-0,0.0,0.4088900520301883,0.5218429734323243
1-0,1-0,0.0,0.44953052578301733,0.5445392350536601
1-0,1-0,0.0,0.4232001303759301,0.571826367785692
1-0,1-0,0.0,0.47803505687020376,0.5141151453977006
1-0,1-0,0.0,0.4869715031287123,0.49494733728142143
0-1,1/2-1/2,0.0,0.2736683908853668,0.29216422155392746
1-0,1-0,0.0,0.23038731603494259,0.40910860023939677
0-1,1-0,0.0,0.4733850024389189,0.5113456121728708
0-1,0-1,0.0,0.5259938931296594,0.4685234755523869
1/2-1/2,0-1,0.0,0.46986231800769845,0.39882980502833665
0-1,1-0,0.0,0.4817910640086813,0.5033044682728692
0-1,1-0,0.0,0.4892294900499927,0.5029457396128917
1-0,0-1,0.0,0.4909391403529669,0.4882129111461573
0-1,0-1,0.0,0.4887776282735198,0.428622028446028
0-1,1-0,0.0,0.49396512832307915,0.4946133103118378
1-0,0-1,0.0,0.4860333466209961,0.4670369787132503
1-0,1-0,0.0,0.4605703787738974,0.5098327938820154
1-0,1-0,0.0,0.052379097017180375,0.9475477725028433
1/2-1/2,0-1,0.0,0.5271285697801306,0.44325091801002775
1-0,0-1,0.0,0.4888413190301578,0.467752900765922
0-1,1-0,0.0,0.4441688506392624,0.5487970591342887
1-0,1-0,0.0,0.3389024000262896,0.6539008554779389
1-0,1-0,0.0,0.43287296269133596,0.558322927716135
0-1,0-1,0.0,0.5081920892984522,0.4693343218439625
1-0,1-0,0.0,0.4811143413957856,0.5084962383133523
0-1,1-0,0.0,0.44041095888035287,0.5510179497296404
1-0,1-0,0.0,0.4882662675654527,0.49679523947974497
0-1,0-1,0.0,0.46327710788261667,0.4515058017895125
0-1,1-0,0.0,0.4929044589784607,0.49464273946904846
0-1,0-1,0.0,0.5522061145909761,0.4441321493221563
1-0,1-0,0.0,0.45182405790609803,0.51805564403198
1-0,0-1,0.0,0.5164096782058436,0.47838419778450925
0-1,1-0,0.0,0.4830125355823581,0.5107957621401712
0-1,0-1,0.0,0.5023094338782181,0.4259102202740986
1-0,0-1,0.0,0.5236533577868097,0.47073816123848655
1-0,1-0,0.0,0.4685068397985075,0.5148095530108188
1-0,0-1,0.0,0.500610217551553,0.49257969806228685
0-1,0-1,0.0,0.5312555435106154,0.4620880875004616
0-1,1-0,0.0,0.4944446585315926,0.494958407431203
0-1,0-1,0.0,0.5073376870512025,0.4769344524780024
1/2-1/2,1-0,0.0,0.4741843943093856,0.5129118971111919
0-1,1-0,0.0,0.4886700184710841,0.4980424447158468
1-0,1-0,0.0,0.4931420355821605,0.4959649143542801
0-1,0-1,0.0,0.5033630802815916,0.4831242497426301
1-0,1-0,0.0,0.45965090489312393,0.5332391568000211
1-0,0-1,0.0,0.5139143660153418,0.471179529302956
1-0,1-0,0.0,0.45549300599022186,0.4588604269160119
1-0,0-1,0.0,0.5523822479875392,0.43347039150561495
0-1,1-0,0.0,0.01599341629825662,0.9840065833904281
0-1,1-0,0.0,0.39959147219017616,0.40018259094079023
1-0,0-1,0.0,0.5112298553062485,0.4573293017604349
0-1,1-0,0.0,0.47752898403175814,0.5133660914226817
1-0,0-1,0.0,0.5048946510748524,0.4805305168573132
1-0,0-1,0.0,0.47308539528844723,0.4364483691333837
1-0,1-0,0.0,0.4285965072042092,0.5644426942618351
0-1,1/2-1/2,0.0,0.21639323148093872,0.16475855004746356
1-0,1-0,0.0,0.42281830650418223,0.5160456182504273
1-0,1-0,0.0,0.22242435980838637,0.7734269507888697
0-1,1-0,0.0,0.39398792656951764,0.5900432896680639
1-0,1-0,0.0,0.48788076849701423,0.5012396027457877
1-0,1-0,0.0,0.4945478683791214,0.49830669104407843
0-1,1-0,0.0,0.49176805276020424,0.5024205749602109
0-1,0-1,0.0,0.4816414400810969,0.46377570734183327
0-1,0-1,0.0,0.5105347444157532,0.4727222849774044
1-0,0-1,0.0,0.4610407520410849,0.43619769782069706
0-1,1-0,0.0,0.4589089482207846,0.5343242185190916
1/2-1/2,1-0,0.0,0.35264947122936313,0.3922857095971861
0-1,0-1,0.0,0.47869393359359097,0.449505648647985
0-1,0-1,0.0,0.5324560934935596,0.420015248624047
1-0,0-1,0.0,0.5452482799989411,0.41090158046182873
1-0,0-1,0.0,0.5364035258349783,0.45538214452622117
1-0,0-1,0.0,0.49533734994972195,0.4950389866414637
0-1,0-1,0.0,0.5022600138815316,0.48248767245973934
1-0,0-1,0.0,0.497732790625868,0.4700604020968393
0-1,0-1,0.0,0.4953516431428895,0.4817038962506916
1-0,1-0,0.0,0.4761711046450041,0.5168806853664918
1-0,1-0,0.0,0.47983304810380617,0.5015039950880179
0-1,1/2-1/2,0.0,0.0689458657109157,0.06321483852764229
0-1,1-0,0.0,0.423157968913569,0.5537305878758324
1-0,0-1,0.0,0.5107738286122467,0.47949318135204494
1-0,1-0,0.0,0.4121245796527639,0.5730019825911238
1/2-1/2,0-1,0.0,0.46393840480262605,0.4062896287841149
1-0,0-1,0.0,0.4849926966918924,0.48128841563671315
1-0,1-0,0.0,0.4852844801965613,0.5081873232552246
0-1,1-0,0.0,0.4509490071188466,0.5390998030612146
0-1,1-0,0.0,0.4868109638934068,0.5074379025768742
0-1,1-0,0.0,0.43778963808461757,0.5123985798766654
0-1,1-0,0.0,0.4377025197983304,0.5548979863608028
1-0,1-0,0.0,0.4678819666384545,0.498847718683449
1-0,1-0,0.0,0.4327663650235151,0.5562478945379071
0-1,0-1,0.0,0.5557477041126213,0.4331755197010875
1-0,1-0,0.0,0.14799005746079522,0.8500144146658372
0-1,0-1,0.0,0.5231273000240769,0.4560793067171745
0-1,0-1,0.0,0.5133756809481929,0.46857688621232924
1-0,0-1,0.0,0.5026012932361759,0.4843566035081936
0-1,1-0,0.0,0.48131005752183453,0.5044915430278935
0-1,0-1,0.0,0.5287220774606488,0.44208324252216374
1-0,1-0,0.0,0.24006894124902353,0.7153739197594023
0-1,0-1,0.0,0.49541127914024385,0.4752069559329772
1-0,1-0,0.0,0.4676134622093265,0.5092100114213649
0-1,1-0,0.0,0.47707089909448874,0.5125974421834872
0-1,0-1,0.0,0.5037924573989596,0.4899420080492179
1-0,0-1,0.0,0.5009372213237627,0.44459915661947463
0-1,0-1,0.0,0.4902435964829554,0.4604127628335839
0-1,0-1,0.0,0.5248796397397102,0.46443385013978716
0-1,1-0,0.0,0.48609010089858373,0.4998445155491922
