y_true,y_pred,prob_1-0,prob_0-1,prob_1/2-1/2
1-0,1-0,0.4828512990205363,0.4908424860313821,0.026306214948082548
1-0,1-0,0.4748294358977641,0.5136848739570895,0.011485690145145075
1-0,0-1,0.5324334751410458,0.4321257057336418,0.03544081912531136
0-1,1-0,0.42466275204948584,0.4722244245308672,0.10311282341964577
1-0,1-0,0.4692387157262191,0.5175088311027544,0.013252453171027738
1-0,1-0,0.37691473933660413,0.6094739922600428,0.013611268403352937
0-1,1-0,0.4473882562815527,0.5130278320290401,0.03958391168940572
1-0,1-0,0.4625943944248216,0.4849961437220976,0.05240946185308179
1-0,0-1,0.5167886670555151,0.45150936462721164,0.03170196831727398
1-0,1-0,0.44438734147252296,0.5472292254467037,0.008383433080771378
0-1,1-0,0.4831611850594228,0.5074798316941327,0.009358983246446104
0-1,0-1,0.5180384619619398,0.4722250112438964,0.009736526794162889
0-1,1-0,0.46679337297440354,0.5230838606383377,0.010122766387259419
1-0,1-0,0.48011644224960665,0.5118764444701269,0.008007113280267432
1-0,1-0,0.46958564716346396,0.521585216197921,0.008829136638615679
1-0,1-0,0.4673529268137386,0.5000851808275896,0.03256189235867198
1-0,1-0,0.32972280283996047,0.6381957335360995,0.03208146362393723
0-1,1-0,0.475240528122563,0.510674920611684,0.01408455126575246
1-0,1-0,0.3663355208611516,0.5578185016553433,0.07584597748350504
1-0,1-0,0.47688531935056305,0.5150570543234528,0.008057626325983896
1-0,0-1,0.49741762536989953,0.4568953704859646,0.04568700414413409
1-0,0-1,0.5035403440191387,0.48098656282300195,0.015473093157859136
0-1,1-0,0.458832450085646,0.47443315302075395,0.06673439689359856
1-0,1-0,0.48227054422134863,0.5080145837882962,0.009714871990355702
1-0,1-0,0.45711825843853665,0.5289239916698532,0.013957749891610808
1-0,1-0,0.47272738213885335,0.5158202506975632,0.011452367163584935
1/2-1/2,1/2-1/2,0.2726211744751747,0.2904045581099013,0.43697426741492124
0-1,1/2-1/2,0.11521439409271406,0.2176712103184295,0.6671143955888581
0-1,1-0,0.47540530620147975,0.4895412040476278,0.035053489750893396
0-1,1-0,0.4608311344617598,0.5138561778506301,0.02531268768761155
0-1,1-0,0.42789354281984293,0.560306109644884,0.011800347535272116
1-0,1-0,0.37509200192166353,0.5647101131016772,0.06019788497665702
0-1,0-1,0.5089890001474853,0.4771645280623516,0.013846471790161949
0-1,1-0,0.4630690811002334,0.4855608894744659,0.05137002942530158
0-1,1-0,0.48955197163769415,0.4965142278032569,0.013933800559049603
0-1,0-1,0.5253729662334906,0.46430090263714263,0.01032613112936714
1-0,1-0,0.45219528648757423,0.5405585487171125,0.007246164795311724
1-0,0-1,0.5264056704519636,0.46838406693778856,0.005210262610250002
0-1,0-1,0.5711643522323344,0.41522073201651283,0.013614915751153242
0-1,0-1,0.48732660689566093,0.4871496096899052,0.025523783414433517
1/2-1/2,1/2-1/2,0.11140956342106487,0.13159426134377333,0.756996175235162
0-1,1-0,0.48561886408889976,0.4994311756030967,0.014949960308000339
0-1,1/2-1/2,0.10749198361064022,0.11876323639949218,0.7737447799898686
1/2-1/2,1-0,0.37278897094404106,0.39166645933499716,0.23554456972096502
0-1,0-1,0.4947391920712804,0.48873971564555724,0.016521092283161603
0-1,0-1,0.511700479162423,0.4578300522528026,0.030469468584775686
1/2-1/2,1-0,0.4148171580531106,0.43238039774018244,0.15280244420670677
1-0,0-1,0.4938522207515625,0.4933293766377722,0.012818402610664808
1-0,1-0,0.4799507771807563,0.5088103731972151,0.01123884962202835
0-1,1-0,0.47011739530316005,0.47272937581845226,0.05715322887838612
1-0,1-0,0.21416399845302034,0.7853718444189391,0.00046415712804189033
0-1,1-0,0.4536865585192371,0.5388259001971999,0.007487541283562948
1-0,0-1,0.46907485289616646,0.39596775901643194,0.13495738808740224
0-1,1-0,0.4752230124061616,0.5121171611994136,0.012659826394427193
1/2-1/2,0-1,0.5588831066978615,0.4064160771520623,0.03470081615007789
1-0,0-1,0.5005323776781199,0.471544703671293,0.02792291865058624
1-0,1-0,0.47999141971670467,0.48210161931325374,0.03790696097004028
0-1,0-1,0.5036325347353722,0.48830469657566383,0.008062768688962623
0-1,1-0,0.46626956455333324,0.5235337815040927,0.010196653942572862
0-1,1-0,0.48411830430095826,0.5073966129507579,0.008485082748284235
0-1,1-0,0.4752266758005077,0.5097219436622287,0.015051380537262746
0-1,1-0,0.48186823940601536,0.5059059467823411,0.012225813811643707
1-0,0-1,0.5032255003147145,0.48231607631934365,0.014458423365940604
1-0,0-1,0.49576554330246564,0.4859127593600511,0.01832169733748347
1-0,1-0,0.4217873516752824,0.5699984385868435,0.008214209737876572
1/2-1/2,1/2-1/2,0.020442638065502772,0.037116126204242816,0.9424412357302556
0-1,1-0,0.4628803949344688,0.5270931867161297,0.010026418349401866
1-0,1-0,0.48886348272466285,0.5029997190051259,0.008136798270209909
0-1,1-0,0.47755286558451016,0.4879785376238311,0.034468596791658
1-0,0-1,0.5161795317252285,0.4556972734841628,0.028123194790607913
1-0,0-1,0.41578881365771947,0.3346003977755422,0.2496107885667409
1-0,1-0,0.4803319982495274,0.511842372573906,0.007825629176568058
1-0,1-0,0.4888270320014433,0.5001377760978325,0.011035191900725182
0-1,1-0,0.2874080235586455,0.5487945500232362,0.1637974264181167
1-0,1-0,0.45973823713701867,0.5134520631060481,0.026809699756931718
0-1,1-0,0.48116633828640865,0.5093713478092589,0.009462313904330092
0-1,1-0,0.4481395493257817,0.5441592157283028,0.007701234945912476
1-0,1-0,0.31960739460415577,0.6174438261277604,0.06294877926808402
0-1,1-0,0.45992455939753163,0.5301041424361126,0.009971298166355502
1-0,0-1,0.4949870170319801,0.4835739814504904,0.021439001517528165
1-0,0-1,0.5986200482680992,0.38385268456416916,0.017527267167732594
0-1,1-0,0.27464733747768516,0.7224941084820746,0.0028585540402397743
1-0,0-1,0.4840763633501746,0.4343801488603391,0.08154348778948813
0-1,0-1,0.44215902544601865,0.4351387226589618,0.12270225189501965
0-1,1-0,0.4541762376835912,0.5270443298981061,0.01877943241830013
1-0,0-1,0.5212029712425463,0.4508773460869145,0.02791968267053902
1-0,1-0,0.41280910293840606,0.5106826914322805,0.07650820562931526
0-1,0-1,0.5668093692854201,0.4273946456471676,0.0057959850674134976
1-0,1/2-1/2,0.1547667028387654,0.18490360798270258,0.6603296891785343
0-1,1-0,0.4280399827438191,0.5589991332271872,0.012960884028995368
0-1,1-0,0.47037633696943854,0.48920081253654407,0.040422850494016255
0-1,0-1,0.6712078853323669,0.32704069515941564,0.0017514195082169986
0-1,1-0,0.4314073317962153,0.509282335415651,0.059310332788132206
0-1,0-1,0.516789854297714,0.4376264834961137,0.04558366220617057
0-1,1-0,0.30155586704744025,0.6802182524814998,0.018225880471063376
1-0,1-0,0.2465359720116818,0.7491248481065519,0.004339179881766422
1-0,1-0,0.42689475387101744,0.5643351962730626,0.008770049855919594
0-1,1-0,0.4756571671298073,0.5139449239490292,0.010397908921161566
0-1,1-0,0.4355974875290837,0.5547896269504123,0.009612885520504233
0-1,0-1,0.5018844652165931,0.4838646768308654,0.014250857952543033
1-0,1-0,0.45510655079910634,0.5326144012764586,0.012279047924436496
1/2-1/2,1/2-1/2,0.2877403147792854,0.3237166598551885,0.38854302536552393
0-1,0-1,0.7096794917831313,0.2888810078185703,0.0014395003982977399
0-1,1-0,0.4014286184225659,0.5805404785331524,0.018030903044282048
0-1,0-1,0.47097294281849506,0.45088939629771013,0.07813766088379501
1-0,1-0,0.45573529436057014,0.5302763492233326,0.013988356416097223
0-1,1-0,0.4853846331886208,0.5037277517678109,0.010887615043568225
1-0,1-0,0.48242834447029836,0.5032553532460388,0.014316302283665072
0-1,1-0,0.4275204507279089,0.448346246882595,0.12413330238949637
0-1,0-1,0.508116767030509,0.47412491878276036,0.017758314186729483
1-0,1-0,0.44042222495674127,0.5519409791520496,0.0076367958912101795
0-1,1-0,0.3536370116651692,0.39893765892289207,0.247425329411938
1-0,1-0,0.45115427084487214,0.5274671822981856,0.021378546856944087
1-0,0-1,0.5357475319791055,0.4523909912377436,0.011861476783152147
1-0,1-0,0.4693880601243028,0.5224972281555218,0.0081147117201743
1-0,1-0,0.4821817134793801,0.4897654570323081,0.028052829488312638
1-0,0-1,0.5063518582920944,0.48100503265142963,0.01264310905647621
1-0,1-0,0.443283772622004,0.5269584797987715,0.029757747579223254
1-0,1-0,0.47069507873951566,0.519607930531098,0.009696990729387388
1/2-1/2,1-0,0.4156222594032311,0.42803700924002674,0.1563407313567432
1-0,1-0,0.42449617648434573,0.5634345961844197,0.012069227331233957
0-1,1-0,0.39037940849143077,0.595972419396788,0.013648172111784596
0-1,1-0,0.46256826669906065,0.493316527389708,0.04411520591123109
0-1,1-0,0.34542749507346676,0.5475098907754714,0.10706261415106008
1-0,0-1,0.4861785891133161,0.4801149382644212,0.03370647262226399
0-1,0-1,0.49507265583838334,0.47469383155225636,0.030233512609360677
1-0,1-0,0.4631679076971443,0.5225191875527349,0.01431290475012262
1-0,1-0,0.38023322906890183,0.6128202336877888,0.0069465372433069345
1-0,0-1,0.5361645746411366,0.4307900144704341,0.033045410888427766
0-1,1-0,0.47150279423167896,0.5197197643442393,0.00877744142408148
1-0,1-0,0.4814620232939964,0.49580060638760265,0.02273737031840009
0-1,1-0,0.46538913540992527,0.526080928287723,0.008529936302351684
0-1,1-0,0.45864292141531915,0.5265018374371322,0.01485524114754853
1/2-1/2,0-1,0.46459807928861413,0.4496434482147042,0.08575847249668196
1-0,1-0,0.485233998290586,0.499576573121082,0.01518942858833203
1-0,1-0,0.47957057747946186,0.5055943474455152,0.014835075075023747
0-1,0-1,0.5486784752714573,0.4111657662801208,0.040155758448420356
0-1,1-0,0.4569173579824932,0.514238269742193,0.02884437227531378
1-0,1-0,0.45776757020545533,0.5340424379647992,0.008189991829747084
0-1,1-0,0.3476004812897048,0.6410669850188299,0.01133253369146868
0-1,1-0,0.4347050279231233,0.530408355951617,0.034886616125258896
0-1,0-1,0.47815444687195313,0.45335176151748235,0.06849379161056388
0-1,1-0,0.36322212944866966,0.370768389716123,0.2660094808352068
1-0,1-0,0.475037121351604,0.49512118088941454,0.02984169775898049
1/2-1/2,1/2-1/2,0.19608533055942057,0.21336688992720693,0.5905477795133734
0-1,0-1,0.5140260613541298,0.44865339302074664,0.03732054562512367
0-1,1-0,0.4680573688752463,0.4826257556842346,0.049316875440519534
1-0,0-1,0.4938846034420447,0.4729173806990689,0.0331980158588867
1-0,0-1,0.47220100887164024,0.4697365076446789,0.05806248348368222
1-0,0-1,0.4984279839130573,0.48596668331899284,0.015605332767950916
0-1,1-0,0.424662426155935,0.5685045935164027,0.006832980327661076
1-0,1-0,0.460660565882483,0.5286311070362614,0.010708327081255612
1-0,0-1,0.4607479522710936,0.4422595300481169,0.09699251768078876
1-0,0-1,0.4907134204929719,0.43894326338229617,0.07034331612473116
1-0,1-0,0.24309191459033555,0.6989256495258033,0.057982435883857854
0-1,1-0,0.4493268880053879,0.5064262664549143,0.044246845539697696
1-0,1-0,0.4862092538597938,0.5003726514182579,0.013418094721948099
0-1,0-1,0.504327376902697,0.47879667676856147,0.016875946328740923
1-0,1-0,0.4220868225679461,0.5642858782994644,0.013627299132587993
1-0,1-0,0.4358685859114867,0.5301159155539321,0.0340154985345822
0-1,0-1,0.5061666957543809,0.47181388439497773,0.022019419850640327
1-0,1-0,0.48204768804447823,0.48929375729795854,0.028658554657563055
1-0,0-1,0.5311353846129303,0.46056938609777337,0.008295229289295538
1-0,0-1,0.48280135991048556,0.4658654630281334,0.05133317706137967
1-0,0-1,0.49271893808850015,0.49183508190367503,0.015445980007824078
1-0,0-1,0.5014997019240272,0.4883404416156825,0.010159856460291928
1-0,1-0,0.43229772477187506,0.5486105506769234,0.019091724551201412
0-1,1-0,0.4353234254694375,0.48578279107658384,0.07889378345397746
0-1,0-1,0.49257860804880466,0.4768824140170938,0.03053897793410002
1-0,1-0,0.43987832629135826,0.5501047601846399,0.010016913523998942
1-0,1-0,0.38985308570632426,0.5885985453278806,0.021548368965792083
0-1,1-0,0.44053950688537546,0.4695854969135623,0.0898749962010608
1/2-1/2,0-1,0.34141761400249354,0.33256071513348,0.3260216708640288
1/2-1/2,0-1,0.48389196966519965,0.40973923809668245,0.10636879223811868
0-1,1-0,0.4436939301883758,0.5489951909340234,0.007310878877604265
1-0,1-0,0.02549579448813896,0.9745042055118562,5.20789889130959e-16
1-0,0-1,0.5464655341769461,0.4226468601798599,0.030887605643192984
1-0,0-1,0.5118343297530207,0.46662686611798837,0.02153880412898926
1-0,1-0,0.3626618047742867,0.6290681389425745,0.008270056283140644
1-0,1-0,0.4711227635050013,0.5166825103754952,0.01219472611950376
1-0,0-1,0.49837471426074015,0.4870345425329324,0.01459074320632789
1-0,1-0,0.4288026247936373,0.5280903506517595,0.04310702455460526
1-0,1-0,0.42709314962031497,0.490784138154781,0.08212271222490485
1/2-1/2,1/2-1/2,0.2051935034907428,0.37172723065171454,0.42307926585754174
0-1,0-1,0.489130627493625,0.48415571377906186,0.02671365872731192
0-1,1/2-1/2,0.31452026470740424,0.3337425545217521,0.35173718077084326
0-1,0-1,0.49421722168568755,0.4792159263564243,0.02656685195788932
1-0,1-0,0.46241688956949617,0.5136773484964369,0.023905761934066908
0-1,1-0,0.3119753505111035,0.663858951869279,0.024165697619615716
0-1,0-1,0.5665496911140432,0.4263705849841674,0.007079723901787735
0-1,1-0,0.4873043479590879,0.5049184981463666,0.007777153894546619
0-1,1-0,0.4909861640681008,0.49829937991359785,0.010714456018301812
1-0,0-1,0.5010819884725601,0.4829520939988418,0.015965917528597953
1-0,1-0,0.4414226142694227,0.5496406395935187,0.008936746137057692
1-0,0-1,0.5130619472077146,0.47885218220866665,0.008085870583619788
1-0,0-1,0.5054960728747151,0.48517451362500674,0.009329413500277602
1-0,1-0,0.4419268296668021,0.5251326448840343,0.032940525449164884
1-0,0-1,0.5499505407238608,0.4423037662251899,0.007745693050950678
0-1,0-1,0.48943050698596524,0.48697754589282005,0.02359194712121308
1-0,1-0,0.4889030708066524,0.5029854584934079,0.00811147069993826
1-0,1-0,0.49213020384897616,0.4957081869328939,0.012161609218131574
1-0,1-0,0.4674360168862316,0.5246097144347893,0.007954268678978832
1-0,1-0,0.4728160527626869,0.516948290369535,0.01023565686777699
1-0,1-0,0.4804810927283488,0.5117141446358042,0.0078047626358463285
1-0,1-0,0.4402788474418475,0.537534015793331,0.022187136764822184
1-0,1/2-1/2,0.17975911371731346,0.3027382089073049,0.517502677375382
0-1,1-0,0.3724832958160155,0.6196982789130622,0.007818425270919234
1-0,0-1,0.5130209855224787,0.4472462080344463,0.039732806443076675
1-0,1-0,0.34558670518226575,0.46306784409838386,0.19134545071934964
0-1,0-1,0.35971292115806786,0.3493896626843273,0.29089741615760284
0-1,1-0,0.4705478393176934,0.5143742126127637,0.015077948069542485
1-0,1-0,0.48524057744986715,0.5043913273637775,0.010368095186356755
1-0,1-0,0.45684556901400597,0.47050848844986937,0.07264594253612541
0-1,1-0,0.3696807530852093,0.5709953878093036,0.059323859105485426
0-1,1-0,0.47908574014396466,0.49414996234779646,0.026764297508238624
0-1,1-0,0.475766753159874,0.4978687120262391,0.026364534813886228
0-1,0-1,0.4985958167738312,0.4946211813096711,0.006783001916496136
0-1,0-1,0.4235913709566359,0.33231996214042214,0.2440886669029408
1-0,1-0,0.44042984416551234,0.5471474005390728,0.012422755295415838
0-1,0-1,0.5181695933034992,0.4662533220753951,0.015577084621106577
0-1,1/2-1/2,0.21874988782919896,0.2609349639587929,0.5203151482120076
1-0,0-1,0.4970381498786931,0.48381483396484515,0.019147016156463408
1/2-1/2,0-1,0.48186106607190093,0.464916320557427,0.05322261337067027
1-0,1-0,0.4605782982077886,0.5309848894073961,0.008436812384816323
1-0,1-0,0.4529964797242677,0.5347205181823251,0.012283002093408405
1-0,1-0,0.4343990287066208,0.5301949982220221,0.03540597307135678
0-1,1-0,0.43870292402700495,0.5520550620447406,0.009242013928253013
1-0,1-0,0.46697794979796087,0.5126740980641764,0.020347952137860902
1-0,1-0,0.4878360903311015,0.5026840994746117,0.00947981019428549
0-1,1-0,0.3902352140765664,0.60158168408299,0.008183101840443316
0-1,1-0,0.4723923444106764,0.5064472815326478,0.02116037405667423
0-1,0-1,0.5221171098360302,0.46294357198680713,0.014939318177162712
0-1,0-1,0.5000309024606849,0.48790333994943286,0.012065757589881659
1-0,0-1,0.504545266500655,0.46509175581243095,0.030362977686914122
0-1,0-1,0.5025755943328793,0.4741585151876558,0.0232658904794662
1-0,1-0,0.49122344168774706,0.4998634992025663,0.008913059109685335
1-0,1-0,0.4598919284239067,0.5232806679554266,0.016827403620665413
0-1,1-0,0.4663466153927586,0.5151279268171927,0.01852545779004901
1-0,1-0,0.44777264435457226,0.5433140347536998,0.008913320891728983
1-0,1-0,0.3871924073933056,0.5028678797926811,0.10993971281401257
1-0,1-0,0.4547822077894852,0.5298032358587953,0.015414556351718466
1-0,1-0,0.4703196405418193,0.5182399875441278,0.011440371914053254
1-0,1-0,0.4692005337780635,0.5202328716996568,0.010566594522282412
0-1,1-0,0.47718817229563704,0.5021547467150916,0.020657080989270306
1-0,1-0,0.45906391166380756,0.5339610503647033,0.006975037971492635
1-0,0-1,0.5508228141934755,0.4327556348482743,0.016421550958249456
1-0,1-0,0.4604257812440111,0.5285096319256515,0.011064586830337557
0-1,0-1,0.5126509933940852,0.4400198357990756,0.04732917080683926
0-1,1-0,0.4679425339529229,0.5126226619233244,0.019434804123753462
1-0,1-0,0.41609278722917825,0.5773692631255362,0.006537949645285804
1-0,1-0,0.479797358601394,0.4813951761089995,0.03880746528960537
1-0,0-1,0.4619859710115706,0.4498387950424868,0.0881752339459427
0-1,1-0,0.4820933401204793,0.4995904038894397,0.01831625599008227
0-1,1/2-1/2,0.19433966663605592,0.2158304313024576,0.5898299020614857
1-0,1-0,0.4186446288477375,0.5682995801025887,0.013055791049674036
0-1,1-0,0.4895966313783271,0.500126212506612,0.010277156115059612
1-0,1-0,0.39562165058153914,0.477916489609564,0.12646185980889718
0-1,1-0,0.4873505414563056,0.5019199195012903,0.01072953904240255
1-0,0-1,0.5069784949151918,0.4621716380433109,0.030849867041496372
0-1,1-0,0.47051844208306093,0.5066698238862027,0.02281173403073613
1-0,0-1,0.49613635838067904,0.48678935520698047,0.017074286412340715
0-1,1-0,0.47925918228665704,0.48178526161350127,0.03895555609984268
1-0,0-1,0.4806790030668522,0.48043233218974485,0.03888866474340019
1-0,1-0,0.40226032649197785,0.591691523917229,0.006048149590794024
1-0,1-0,0.4588319655127996,0.4918231682319129,0.04934486625528814
0-1,1-0,0.47178983384743167,0.5082460898724526,0.019964076280116275
0-1,0-1,0.501054729982179,0.45142286335404413,0.04752240666377587
0-1,0-1,0.4910082631267801,0.49036345839847595,0.018628278474743683
0-1,1-0,0.4322462660154399,0.557805053359816,0.009948680624743618
0-1,1-0,0.38247737144391575,0.5943147090379292,0.02320791951815674
1-0,1-0,0.4733066395366883,0.5086388277913794,0.018054532671932542
1-0,1-0,0.46596393479617293,0.5233993455487156,0.010636719655110455
0-1,0-1,0.49880546553968896,0.48988318702444916,0.011311347435863064
0-1,0-1,0.5618849264222076,0.4235069703833804,0.014608103194413984
0-1,0-1,0.49312989772890103,0.4820599436871142,0.02481015858398611
1-0,0-1,0.5366087348311119,0.4491748788185193,0.014216386350369679
0-1,1-0,0.4873460588219432,0.5010249036365243,0.011629037541532826
1-0,1-0,0.4700320542004802,0.5188201418644758,0.011147803935043558
1-0,1-0,0.4683938935550299,0.5120399738525155,0.019566132592455075
0-1,1-0,0.3291433286689263,0.4651217985855566,0.2057348727455155
1-0,0-1,0.47085923243864647,0.46476603395407623,0.06437473360727694
0-1,1-0,0.43231909778473687,0.554427235543108,0.013253666672155898
0-1,1-0,0.46396567274060035,0.4914362943939524,0.044598032865446176
1-0,1-0,0.4820501838529487,0.5034203392567499,0.014529476890300416
1-0,1-0,0.4239006390538672,0.5656213702586618,0.010477990687473725
0-1,1-0,0.449081854688132,0.5198344033377641,0.031083741974103803
1-0,1-0,0.46898602469130635,0.48112948546911827,0.049884489839575975
0-1,1/2-1/2,0.1849065914763483,0.2213645489121283,0.5937288596115213
1-0,1-0,0.32795608475636273,0.6632312364022256,0.008812678841410527
0-1,1-0,0.4911438061318595,0.49629599613193637,0.012560197736204254
1-0,1-0,0.4610397067010023,0.5112158177517837,0.027744475547213644
0-1,0-1,0.5154173687780761,0.47480656420099226,0.009776067020931782
1-0,1-0,0.4779557535430064,0.5033678821540674,0.018676364302926293
0-1,1-0,0.32758657408778813,0.667407550650578,0.005005875261630622
0-1,1-0,0.43306450756585213,0.5567814651648653,0.010154027269282148
0-1,1-0,0.3735442754389939,0.6100709273364998,0.016384797224509574
1-0,1-0,0.19460885032998038,0.7002962248682078,0.1050949248018088
1-0,1-0,0.4728985104985057,0.4771191145497203,0.049982374951772726
0-1,1-0,0.47638033453681805,0.5163852792325558,0.007234386230626948
1-0,1-0,0.4161617385965641,0.546995829806895,0.036842431596537495
1-0,1-0,0.1948161846895432,0.8051371151997357,4.670011071980079e-05
0-1,0-1,0.49420251191292314,0.48994826148983694,0.015849226597240085
0-1,0-1,0.5203489123182529,0.35715840760703244,0.1224926800747181
1-0,1-0,0.46474240565812486,0.5283795912391787,0.00687800310269989
1-0,1-0,0.4944307915141902,0.4950843915053966,0.010484816980414027
1-0,1-0,0.4361081192988663,0.5518127498617726,0.012079130839360032
0-1,1-0,0.4207595268086548,0.5709113139132546,0.008329159278091828
0-1,1-0,0.4343887481593325,0.5533174978508183,0.012293753989846142
1-0,1-0,0.45466271304642136,0.5304187634508867,0.014918523502693204
0-1,1-0,0.4616473101493453,0.488612296045372,0.04974039380528425
0-1,0-1,0.5022358433249963,0.4877754927863209,0.009988663888681996
1-0,1-0,0.48447220056679835,0.4994067367018079,0.016121062731393472
1-0,0-1,0.5724261623560056,0.41959267301228775,0.007981164631706485
0-1,1-0,0.466266568459306,0.522950711280912,0.01078272025978154
1-0,1-0,0.18085633595678843,0.8188572010770755,0.0002864629661383011
1/2-1/2,1-0,0.39257182116117684,0.4834747736241061,0.12395340521471637
1-0,1-0,0.4309488872026391,0.446259753919914,0.12279135887744624
1-0,1-0,0.4272415762320015,0.5658303755841195,0.006928048183876396
0-1,1-0,0.4526925864008196,0.4550634343173449,0.09224397928183536
1-0,1-0,0.4390507529586865,0.5441145452012444,0.016834701840067485
0-1,1-0,0.4855086868192954,0.49912794970850843,0.015363363472195789
1-0,0-1,0.536548408758395,0.4529365311946156,0.010515060046990224
0-1,1-0,0.4253565058426597,0.4562847313817986,0.11835876277554143
0-1,1-0,0.4824018312133586,0.5061921509376263,0.011406017849013407
1-0,1-0,0.4927740134042369,0.49882089523900613,0.008405091356756537
0-1,1-0,0.4385726940046146,0.5029649048663342,0.05846240112905375
0-1,1-0,0.45081756488566915,0.5331492646228151,0.01603317049151565
0-1,1-0,0.4703417922195268,0.5226963267878623,0.00696188099260905
0-1,1-0,0.48498069025847174,0.5006499104650872,0.014369399276442159
1-0,1-0,0.37054180030038075,0.6242898763556971,0.005168323343921211
1-0,1-0,0.47152430384709326,0.5178863970244326,0.01058929912847321
0-1,1-0,0.3871627148572095,0.5807733744133988,0.0320639107293883
1-0,1-0,0.47241848993076874,0.516684660084917,0.010896849984315225
0-1,1-0,0.4803382214204588,0.5108995134709652,0.008762265108574748
1/2-1/2,1-0,0.41892690456614756,0.4481364318160959,0.1329366636177575
0-1,1-0,0.4553078553488383,0.5305814304946316,0.014110714156530913
1-0,1-0,0.47918112385112177,0.5083254722402883,0.012493403908590103
1/2-1/2,1/2-1/2,0.003459096159370526,0.0041537214563563745,0.9923871823842733
0-1,1-0,0.4929197438711173,0.493306836977181,0.013773419151701168
1-0,1-0,0.47954397173299224,0.5058193505714518,0.014636677695557154
0-1,0-1,0.4871118997431614,0.47409668666628657,0.03879141359055313
0-1,0-1,0.5217798734043064,0.4627156837767068,0.01550444281898837
1-0,1-0,0.24393134628438728,0.7479382494297796,0.008130404285834227
0-1,1-0,0.34539384892692065,0.5999385472135782,0.05466760385950088
0-1,1-0,0.47044965114185827,0.5208105850755186,0.008739763782622716
1-0,1-0,0.3830333750910699,0.6083257694434084,0.008640855465520358
1-0,0-1,0.5211260410234912,0.4583415802458495,0.02053237873065866
1-0,0-1,0.5575687976322019,0.40469449580676536,0.03773670656103219
1-0,0-1,0.49462236278772065,0.48887077382384775,0.01650686338843014
1-0,1-0,0.4137184969534211,0.42174976376619566,0.16453173928038234
1-0,1-0,0.28551036142984465,0.7066454305858614,0.007844207984290485
0-1,1-0,0.41951863790996957,0.5161453389944356,0.06433602309559544
0-1,1-0,0.4478483871082832,0.493123749371045,0.059027863520675364
1-0,1-0,0.4058594865292648,0.584155457520187,0.00998505595054697
0-1,1/2-1/2,0.2032426212126088,0.25824068208884,0.5385166966985521
1-0,1-0,0.427638031719758,0.5206591427391054,0.05170282554113649
0-1,0-1,0.37828020697698483,0.3651663651341057,0.2565534278889107
0-1,0-1,0.4932537063655466,0.4912420999525081,0.015504193681944427
0-1,1-0,0.41759899390711086,0.5035273312285855,0.07887367486430377
0-1,1-0,0.42499271666730665,0.48150626647559247,0.09350101685710192
1-0,1-0,0.4801122943899119,0.4957833979836003,0.024104307626486732
0-1,1-0,0.3978824088934508,0.5930590585886882,0.009058532517859983
0-1,1-0,0.39197641530741156,0.5958851239511642,0.01213846074142601
1-0,0-1,0.5009379848858413,0.47486486756393637,0.024197147550221187
1-0,0-1,0.4977586820145525,0.47901640804867435,0.02322490993677299
1-0,0-1,0.5041246470111233,0.47160267891166624,0.02427267407721149
1-0,1-0,0.3527153701494836,0.5743333178245658,0.07295131202594847
1-0,1-0,0.4870600725043407,0.48872742251517315,0.02421250498048528
0-1,1-0,0.49295951041652897,0.49740042023109865,0.009640069352370807
1-0,1-0,0.4125493605784449,0.4130494453372268,0.1744011940843267
1-0,0-1,0.4968439447812555,0.4793851623834887,0.02377089283525656
1-0,0-1,0.49615260027623775,0.4790678582277295,0.02477954149603321
0-1,0-1,0.7033786756677612,0.2947515867066034,0.0018697376256335805
0-1,0-1,0.49171403104147215,0.47828627978651483,0.02999968917201402
0-1,1-0,0.42226047139175593,0.4799358666518471,0.09780366195639796
1-0,1-0,0.46123736339948335,0.5035042478250684,0.035258388775450476
1-0,1-0,0.49093014227522186,0.49175091234476925,0.017318945380010085
1-0,1-0,0.4634811518599665,0.5200016077435516,0.016517240396483574
0-1,1-0,0.4573678450903437,0.534817176683388,0.007814978226267871
1-0,1-0,0.4854683881497716,0.4884514113778063,0.02608020047242247
0-1,0-1,0.5307718804120312,0.4531118675347588,0.016116252053211915
0-1,1-0,0.44297555640975644,0.550005509217097,0.007018934373143691
1-0,0-1,0.5060704725987825,0.48661730035764983,0.007312227043569543
0-1,0-1,0.5313751841024282,0.45543067953965655,0.01319413635791479
0-1,0-1,0.5259702034095542,0.4540497102622056,0.019980086328238823
1-0,0-1,0.4362501028660344,0.3938210916137737,0.16992880552019077
0-1,0-1,0.5809304337449007,0.4102439381317087,0.00882562812339068
0-1,0-1,0.47933889546017944,0.4701859903366391,0.050475114203181785
0-1,0-1,0.4970203044540548,0.4363852397317835,0.06659445581416065
1-0,0-1,0.5187977621551498,0.47433970967885186,0.006862528165997424
0-1,1-0,0.4107995641063915,0.5521713506264295,0.03702908526718137
1-0,0-1,0.5077905250886856,0.4781233113803937,0.01408616353091961
0-1,0-1,0.5170811607953206,0.47609228230745604,0.006826556897221599
1-0,1-0,0.4245668976124581,0.5653811508519788,0.010051951535560563
1-0,0-1,0.5274361883132836,0.4437877671610098,0.028776044525707003
1-0,1-0,0.43964264416508503,0.5280508421534426,0.03230651368147356
0-1,1-0,0.46310525279982256,0.52190640391639,0.014988343283786194
0-1,1-0,0.46510960698431214,0.5098795002969385,0.025010892718750437
0-1,1-0,0.4515033132777577,0.5400071233097319,0.008489563412512014
0-1,1-0,0.4337470099500496,0.5583127407926493,0.007940249257300275
0-1,1-0,0.47684414742191894,0.5099562481981357,0.01319960437994667
0-1,0-1,0.5624171795347763,0.41523027368657045,0.022352546778654996
0-1,1-0,0.42163247664070636,0.56783155560536,0.010535967753934977
0-1,1-0,0.468819798889532,0.5229267329865959,0.008253468123870579
0-1,0-1,0.5215143153239316,0.47074633525908993,0.007739349416979076
0-1,1-0,0.24880659532989807,0.5058597040137642,0.24533370065633597
0-1,1-0,0.29047903388274265,0.7082892531958782,0.0012317129213818123
0-1,0-1,0.5055093725930448,0.4831414702752716,0.011349157131683319
1-0,1-0,0.38171564590147933,0.6100933949585705,0.008190959139953373
0-1,1-0,0.4302994635406069,0.5565340456834943,0.013166490775896465
0-1,1-0,0.32061514342469816,0.639587564175551,0.03979729239975196
0-1,1-0,0.38312390973278115,0.6078473440614134,0.00902874620580204
1-0,1-0,0.41915888014161556,0.533531532226588,0.047309587631795526
1-0,1-0,0.48698696607061664,0.5007953352272381,0.012217698702144874
1-0,1-0,0.40890614584712787,0.581884677877266,0.009209176275604322
1-0,1-0,0.052651219979675146,0.9473487800159709,4.356874692582762e-12
0-1,1-0,0.39739808692958845,0.5895868699354018,0.013015043135010566
0-1,1-0,0.46455887834540843,0.5223384133165877,0.013102708338004724
0-1,0-1,0.491928189061104,0.4917336850441591,0.016338125894735184
0-1,0-1,0.5096115434691361,0.4761550114866079,0.014233445044255659
1-0,1-0,0.36177122715124765,0.629538970819623,0.00868980202912894
1-0,1-0,0.4825690509484971,0.5044186860526809,0.013012262998823217
1-0,0-1,0.5004684921921679,0.4840442454071524,0.015487262400679712
0-1,1-0,0.02212387448475848,0.9778761255152416,6.08624111096305e-17
1-0,1-0,0.2187357783293106,0.7809727397723698,0.00029148189831988
0-1,1-0,0.3078216602510733,0.4100654779594702,0.2821128617894573
0-1,0-1,0.4957437460758572,0.4838822047934374,0.0203740491307058
1-0,1-0,0.4863068806256592,0.48640715175815435,0.027285967616187543
0-1,1-0,0.47421377226197675,0.5185457777218041,0.007240450016220638
1-0,1-0,0.4784375825664717,0.5026915338555971,0.018870883577930375
0-1,1-0,0.47716020588175934,0.49925325244822905,0.0235865416700112
0-1,0-1,0.5012201393240571,0.42639585596769597,0.07238400470824721
1-0,0-1,0.49811358453575033,0.4888254680841027,0.013060947380147963
1-0,1-0,0.42797067485658236,0.5579807649924904,0.014048560150927505
0-1,0-1,0.49622878991252434,0.4792479753728693,0.024523234714607507
1-0,1-0,0.34077490819670586,0.6486044192044009,0.010620672598893818
0-1,0-1,0.5035004108685258,0.48168824764318463,0.014811341488289179
1-0,1-0,0.49389374171801304,0.49501291911106643,0.0110933391709206
1-0,1-0,0.4424646879634472,0.5429979560469356,0.014537355989618693
1-0,1-0,0.4117171405798874,0.5640008392429242,0.024282020177188012
1-0,1-0,0.434008155829118,0.5497954366690809,0.016196407501801364
1-0,1-0,0.07842515894812435,0.9215748356156118,5.436263324259155e-09
1-0,1-0,0.13068413742575116,0.8693133892774871,2.473296760425234e-06
1-0,1-0,0.008217157661978839,0.991782842338027,1.539613572896156e-25
1/2-1/2,0-1,0.4891024363835307,0.48382187190013826,0.027075691716332624
0-1,0-1,0.5077065224245054,0.4674565106780029,0.024836966897493307
0-1,1-0,0.29065429859928776,0.4174939222076771,0.29185177919303806
1-0,1-0,0.46643850414548366,0.5243710058240534,0.009190490030464255
0-1,0-1,0.5105171937962852,0.45473312644299096,0.034749679760722116
0-1,1-0,0.43031496452840245,0.5623171891443484,0.007367846327248889
1/2-1/2,1-0,0.4658654931973046,0.5017098527040678,0.0324246540986255
0-1,1-0,0.4646037756710008,0.5176518072379046,0.017744417091093416
0-1,1-0,0.49358266049365346,0.49371145412433826,0.01270588538201136
1-0,0-1,0.5210086892784345,0.4650393424388514,0.013951968282713346
0-1,1-0,0.450624634673889,0.5381929364706665,0.011182428855442484
0-1,1-0,0.46356426468194967,0.5251585728649758,0.011277162453075112
1-0,1-0,0.45675393906111683,0.5283310808228929,0.014914980115992061
1-0,1-0,0.42745212635186836,0.5558318452133133,0.016716028434817343
1-0,0-1,0.5408917330105786,0.4430468596826538,0.01606140730676633
0-1,1-0,0.4224782076841912,0.5423861198625574,0.03513567245325188
1-0,1-0,0.4856752694670927,0.48700567210430273,0.027319058428606043
0-1,1-0,0.475620392353478,0.5097412097343054,0.0146383979122159
0-1,1-0,0.3959243247505859,0.5890272212557207,0.01504845399369493
1-0,1-0,0.42792579145851367,0.5610380405728315,0.011036167968656535
0-1,1-0,0.45713726139005617,0.5183574080506924,0.024505330559250003
1-0,1-0,0.48769132163308654,0.504694817527391,0.007613860839519702
0-1,0-1,0.4795708667737893,0.4742777078266282,0.04615142539958287
1-0,0-1,0.4947548748577436,0.484627090307066,0.0206180348351912
1-0,0-1,0.5162211315065047,0.472303198940116,0.011475669553380528
1-0,1-0,0.29532970003091197,0.47356157969721036,0.23110872027187748
0-1,1-0,0.4310223141646329,0.5598198998970234,0.00915778593834045
1/2-1/2,1-0,0.4453893815272462,0.46933490978794734,0.08527570868481
1-0,1-0,0.47184813621306365,0.5206487459491062,0.007503117837830523
0-1,1-0,0.4824957106073492,0.4952823309977986,0.022221958394854024
1-0,0-1,0.49912546204602043,0.48659077519461646,0.014283762759361763
0-1,0-1,0.5318801339774833,0.45798341229233563,0.010136453730179221
1-0,1-0,0.30289530978324686,0.6343136704238175,0.06279101979293873
1-0,1-0,0.4844571082945439,0.5061936227933782,0.009349268912078722
1/2-1/2,0-1,0.4939657202736364,0.4938490252983169,0.012185254428045729
1-0,0-1,0.5535480103624201,0.4311166877376781,0.015335301899903241
0-1,1-0,0.4845891404313416,0.49477554250493994,0.02063531706371929
0-1,1-0,0.4858727042398901,0.5026688039766408,0.011458491783469662
1-0,0-1,0.5152814693471442,0.4725802057822368,0.01213832487061808
1-0,0-1,0.5010816072393781,0.4845400836392857,0.014378309121335465
0-1,0-1,0.5384933019647753,0.4325623707172454,0.028944327317976273
1-0,1-0,0.3931711731416531,0.5995330115728186,0.007295815285525822
0-1,0-1,0.49751912989813624,0.48927639218827823,0.01320447791358446
1-0,1-0,0.4792280778072339,0.5081375592022425,0.012634362990524834
1-0,1-0,0.4331576024403517,0.5379483041509754,0.028894093408675988
0-1,1-0,0.3891876567601704,0.4542987562973959,0.15651358694243292
0-1,1/2-1/2,0.1698217284529263,0.14278152122912907,0.6873967503179452
0-1,1-0,0.41673358848840264,0.5688964783916237,0.014369933119971152
1-0,1-0,0.24740216597700507,0.4584304240466986,0.2941674099762965
1-0,0-1,0.5122349069964397,0.47942011333813145,0.008344979665427268
1-0,1-0,0.3221409823857075,0.6717488333329859,0.006110184281303357
0-1,0-1,0.49556790442215626,0.48184253296204066,0.022589562615803915
0-1,1-0,0.41397228081199827,0.4827762182017099,0.10325150098629453
0-1,0-1,0.5263763706428521,0.45589530347003193,0.0177283258871165
1-0,1-0,0.44657218396846865,0.5461305666411134,0.007297249390416356
0-1,1-0,0.3953118501289907,0.5919082443610256,0.012779905509985041
1-0,1-0,0.44040673866970265,0.5500463409058599,0.009546920424436086
0-1,1-0,0.44938642844408155,0.45571744844905404,0.09489612310686357
0-1,0-1,0.5165029984257145,0.4687482640361552,0.014748737538131735
1-0,1-0,0.4680471544622602,0.4791445914177043,0.05280825412003603
1-0,1-0,0.4070517470109946,0.5734419758489099,0.019506277140095996
0-1,1-0,0.3502493970433227,0.633636203598498,0.01611439935818184
0-1,0-1,0.5150769317861981,0.47341799861524825,0.011505069598553666
1-0,1-0,0.48394985182336114,0.5064682320754865,0.009581916101150448
0-1,1-0,0.4606793954105552,0.5300166602350165,0.009303944354427744
1-0,1-0,0.4241603174904738,0.46295842305914325,0.1128812594503864
1-0,0-1,0.3909990827124175,0.28360475276923697,0.32539616451834785
0-1,1-0,0.48151542853359436,0.5085841121657275,0.009900459300677449
0-1,1-0,0.4452425959973468,0.5455973992998066,0.009160004702847807
1/2-1/2,0-1,0.5488342984795275,0.39533497188583705,0.05583072963463355
0-1,1-0,0.28280697229300383,0.5494876839643721,0.16770534374262197
0-1,0-1,0.4962391780220411,0.436740926221632,0.0670198957563251
0-1,1-0,0.2848347803132964,0.6946874242088568,0.020477795477843473
0-1,0-1,0.4802405744417851,0.4772913822075812,0.042468043350632666
1-0,0-1,0.5080057590301843,0.47088275426570053,0.021111486704113613
0-1,0-1,0.49929472148454745,0.4783785085977763,0.022326769917675928
1-0,0-1,0.49610944247811867,0.4847318222905761,0.01915873523130558
1-0,1-0,0.26465046378722146,0.733412593912738,0.0019369423000382537
0-1,1-0,0.47507792161585555,0.5170071367275293,0.00791494165661477
1-0,0-1,0.5143802554846288,0.4716624926799597,0.013957251835411282
1-0,0-1,0.47096386596249484,0.447795450742521,0.08124068329498388
0-1,1-0,0.48911876950476885,0.501207693630808,0.009673536864424506
1-0,1-0,0.4660348465728134,0.5113543783107367,0.02261077511644915
1-0,0-1,0.46223046125270006,0.46178031498758443,0.07598922375971434
0-1,0-1,0.5038426402520195,0.4821951950634027,0.013962164684579214
1-0,1-0,0.4604248129953451,0.5303187010840796,0.009256485920576978
1-0,1-0,0.45675220047176046,0.5235321495151476,0.01971565001309369
0-1,1-0,0.4316968973481153,0.5558552949660711,0.012447807685812844
1-0,1-0,0.47069292470959223,0.4878290460652346,0.04147802922517416
0-1,1-0,0.4876168281314339,0.49307400699647197,0.019309164872095476
1-0,1-0,0.45899932706928687,0.4943995270637307,0.046601145866983364
0-1,0-1,0.4864418769925704,0.48470735142164467,0.0288507715857859
0-1,1-0,0.4748764546901592,0.5138142398574175,0.011309305452422591
1-0,1-0,0.48603812036273264,0.5012634831959633,0.012698396441304247
0-1,1/2-1/2,0.24754371353181112,0.3446033286930775,0.4078529577751131
1-0,1-0,0.45431217231474635,0.5353806255499768,0.010307202135280032
0-1,1-0,0.4402704987272182,0.5520164097460932,0.007713091526688655
1-0,0-1,0.5464896064646128,0.4471984433215647,0.006311950213823267
0-1,1-0,0.464233355850689,0.5223943524719638,0.013372291677347145
1-0,1-0,0.3301544184128382,0.6538366524677645,0.0160089291194006
1-0,1-0,0.3303781458670556,0.630868551754743,0.038753302378198407
0-1,0-1,0.5437393927583203,0.4307408260289733,0.025519781212707034
0-1,1-0,0.47321480198368754,0.5180633426081078,0.008721855408205314
0-1,1-0,0.4845150072889589,0.49647682677350014,0.019008165937539307
0-1,0-1,0.519198763752489,0.4488023504746867,0.031998885772824955
1-0,0-1,0.5538845818254298,0.42520181521992817,0.020913602954641033
1-0,0-1,0.5064357563229207,0.47371468466293243,0.019849559014148435
1-0,1-0,0.49174036326735676,0.49505459361281207,0.01320504311983174
0-1,0-1,0.5665025105241169,0.4247540771826748,0.008743412293207164
1-0,1-0,0.4340125473880744,0.5584547339093794,0.007532718702545875
1-0,1-0,0.4223903612484514,0.5656765199522974,0.011933118799251874
1-0,1-0,0.4724007748026153,0.5057857154294477,0.02181350976793755
0-1,0-1,0.5101360558388722,0.48025977777293605,0.009604166388190817
1-0,1-0,0.46286956295405196,0.5269808094169565,0.010149627628991421
1-0,0-1,0.5056982386691697,0.46806457319938966,0.026237188131441977
1-0,1-0,0.26405102209948667,0.46513011115038805,0.27081886675012673
0-1,1/2-1/2,0.271911471445703,0.32547293031719454,0.40261559823710497
0-1,1-0,0.32568276054200407,0.5436333795895459,0.13068385986844905
1-0,1-0,0.34349787261877135,0.4073374648107311,0.24916466257049502
0-1,1-0,0.39867248469067673,0.5663017057678952,0.03502580954142634
0-1,1-0,0.4744899934399557,0.49449604321255236,0.03101396334749061
0-1,0-1,0.47505799121072634,0.47314360091735647,0.05179840787191589
1-0,0-1,0.5237602880983974,0.4132929470261045,0.06294676487549884
0-1,1-0,0.47947229915146494,0.5116766854535849,0.008851015394949499
1-0,1-0,0.47052003750165566,0.5111492339210393,0.01833072857730842
1-0,1-0,0.47809670006503213,0.5036797733934126,0.018223526541556383
1-0,1-0,0.4302075627891001,0.548710652886691,0.021081784324208992
0-1,0-1,0.5003648769708074,0.48723125929659555,0.012403863732598244
1-0,1-0,0.48340646050369457,0.5032984407892689,0.013295098707038032
1-0,1-0,0.48130423758338164,0.4873236300092828,0.03137213240733406
0-1,1-0,0.46247284808260597,0.5244318839964581,0.013095267920937652
0-1,0-1,0.4890343104292478,0.4664642803062739,0.04450140926447775
0-1,1-0,0.4488085239966016,0.5436436491411331,0.007547826862264485
0-1,1-0,0.4400756417224437,0.45857150714681394,0.10135285113074302
0-1,0-1,0.4570283900731796,0.45225477232052025,0.09071683760629695
1-0,1-0,0.4491698057031295,0.49906905367754345,0.05176114061932691
0-1,1-0,0.4362115831729983,0.47588006150093803,0.08790835532606352
1-0,1-0,0.45181131484639214,0.5087726112404584,0.0394160739131496
1-0,1-0,0.45529267890059744,0.5159442226440321,0.028763098455368816
1-0,1-0,0.4168559965663822,0.567258280076865,0.015885723356753575
0-1,0-1,0.5019633975306,0.48867853646743653,0.009358066001962704
1-0,1-0,0.3612198184827681,0.5552424161393581,0.08353776537787443
0-1,1-0,0.4606996382183919,0.504602568756724,0.034697793024883294
0-1,0-1,0.5412192332589147,0.4343569201007415,0.02442384664034411
1-0,1-0,0.45933183683273515,0.521330357730513,0.019337805436753324
0-1,1-0,0.4767045819653628,0.5138369288263767,0.009458489208261372
0-1,1-0,0.45164794334667174,0.5402513010335863,0.00810075561974358
0-1,1-0,0.4128686815488549,0.5805003573004982,0.006630961150648519
0-1,0-1,0.5993960619473001,0.38677079279380977,0.013833145258888738
1-0,1-0,0.404637314133723,0.5820038408509551,0.01335884501532091
0-1,0-1,0.4929883799180651,0.4553700027454467,0.05164161733648735
0-1,0-1,0.5008102334378073,0.4868827722847736,0.012306994277419197
1-0,1-0,0.40334253595850306,0.583303201856006,0.01335426218549394
0-1,0-1,0.5149578817165374,0.47527048661511,0.00977163166835359
0-1,1-0,0.4761640752814939,0.4918431794644988,0.031992745254006465
1-0,0-1,0.5356032426734875,0.4550053538568759,0.009391403469637771
0-1,1-0,0.47099806915042025,0.5117030894978899,0.017298841351690436
1/2-1/2,0-1,0.5124151236707877,0.42998888428486237,0.05759599204434878
1-0,0-1,0.5139662754821185,0.47193372319662574,0.014100001321254569
1-0,0-1,0.4576930894659699,0.452342404150325,0.08996450638370505
1-0,1-0,0.46032492888035215,0.47849843433436645,0.061176636785283074
0-1,1-0,0.43535480905494517,0.5546517328744032,0.009993458070655162
0-1,0-1,0.5339073696305087,0.45810928761320646,0.007983342756284536
1-0,0-1,0.48664703880160726,0.46780375430036414,0.04554920689803006
0-1,1-0,0.38678925717057394,0.5745622598653063,0.038648482964118616
1-0,1-0,0.4135975916788146,0.5482724578233873,0.03812995049780005
0-1,1-0,0.44074663840899075,0.4538116640725254,0.10544169751848385
0-1,0-1,0.5318978814431738,0.4350741590969048,0.03302795945992045
0-1,1-0,0.4553101376456003,0.5033594379371643,0.041330424417235695
0-1,1-0,0.48183453629358375,0.5049944919470846,0.013170971759331887
1-0,1-0,0.45818553175147503,0.5324626730302706,0.009351795218255193
0-1,1-0,0.4674486080948188,0.5241108296914111,0.008440562213771749
1-0,0-1,0.48888203702948946,0.4812272334230657,0.029890729547445184
1-0,1-0,0.4843153391472124,0.49793920160904026,0.017745459243748634
1/2-1/2,1-0,0.39710293028913396,0.5179949977760412,0.08490207193482605
1-0,0-1,0.5300074635152695,0.42497423303069026,0.04501830345404197
0-1,1-0,0.47312915636767466,0.520020820952771,0.006850022679557323
0-1,1-0,0.49281550572957683,0.49755143148900177,0.009633062781421155
0-1,0-1,0.501049516901863,0.4797317033488908,0.019218779749245574
0-1,1-0,0.42243135624155836,0.5684662473827969,0.009102396375645711
0-1,1-0,0.45452978440966585,0.5295865172713689,0.015883698318964634
1-0,0-1,0.4890103382647787,0.47209064783078974,0.03889901390443045
0-1,1-0,0.4653371257294007,0.4875501253442872,0.04711274892631334
1-0,1-0,0.49613846029100966,0.49725970034250155,0.0066018393664914335
1-0,1-0,0.34539911674532814,0.6477727945573616,0.006828088697310944
1-0,1-0,0.43833680513011447,0.5136253707384204,0.04803782413146394
1-0,1-0,0.46388425082323004,0.5205934865359407,0.015522262640830788
0-1,1-0,0.44711874377705874,0.5395920845366637,0.013289171686278882
1-0,1-0,0.3151115153055597,0.3937128765952912,0.29117560809914955
0-1,1-0,0.3503883094341035,0.535939421994793,0.11367226857110377
1-0,1-0,0.3942393520843025,0.5976436268486716,0.008117021067026173
1-0,0-1,0.35464478863624077,0.3123349462553354,0.3330202651084221
0-1,1-0,0.45957617031558773,0.5304407151015913,0.009983114582821414
0-1,1-0,0.4502273078121353,0.5396946669365533,0.010078025251311143
1-0,1-0,0.46925837310494956,0.5068481789024311,0.02389344799261945
0-1,0-1,0.47147107214932427,0.4591658166434899,0.06936311120718475
1-0,1-0,0.47551837125199764,0.5002787964128471,0.0242028323351542
0-1,1-0,0.41876989790213065,0.570448763366747,0.010781338731119104
0-1,1-0,0.45973723614785406,0.4992460558631532,0.04101670798899152
1-0,0-1,0.706334405040282,0.2908573316775457,0.002808263282174486
0-1,0-1,0.49635022846818183,0.4930094445244207,0.010640327007397588
0-1,1-0,0.44652656920435047,0.5313828573501248,0.022090573445523946
0-1,1-0,0.4578876415135253,0.5188137876397418,0.023298570846733355
1-0,1-0,0.4064513302003779,0.5815963450218052,0.011952324777813716
0-1,0-1,0.5019071536327326,0.4827592295806598,0.015333616786608382
0-1,1-0,0.4628919831233742,0.47124363051211154,0.06586438636451455
1-0,0-1,0.5096029790620992,0.47994260934612276,0.010454411591779568
0-1,1-0,0.4742104830444145,0.4989873909000351,0.026802126055550907
0-1,1-0,0.4466148430310894,0.5463568284134799,0.007028328555430312
0-1,1/2-1/2,0.1558377450206318,0.19672379346116198,0.6474384615182062
0-1,0-1,0.4948274243288502,0.4733116187693089,0.03186095690184118
0-1,1-0,0.4166492264339055,0.5769930801085217,0.006357693457571567
1-0,1/2-1/2,0.2282554346718224,0.21265671602795905,0.559087849300218
0-1,0-1,0.5113935655473651,0.4742658384502357,0.014340596002399215
0-1,1-0,0.46264105300714237,0.48637993260629536,0.05097901438656129
0-1,1-0,0.4717236526926161,0.5206935127934433,0.007582834513939212
0-1,1-0,0.4887869643367221,0.5007973838870199,0.010415651776259765
1-0,1-0,0.4445186548618981,0.5418428059176582,0.013638539220445257
0-1,0-1,0.5159798737413092,0.4493609255606326,0.03465920069805575
0-1,1-0,0.40281109596981873,0.566359496030557,0.030829407999623894
1-0,1-0,0.35893140034208454,0.6346632862111453,0.006405313446767945
1-0,1-0,0.4164688039043284,0.5619357858618342,0.021595410233836095
1-0,1-0,0.48602406150362953,0.5056698015631579,0.008306136933213608
1-0,1-0,0.44871318460073695,0.5441038229535977,0.007182992445663866
0-1,0-1,0.5021255107898642,0.4846340032628939,0.013240485947240269
1-0,1-0,0.45918072013503963,0.5184773040278371,0.02234197583712407
0-1,1-0,0.43463411489998305,0.5533586418215671,0.01200724327845295
0-1,1-0,0.45990272578999714,0.5054330311844938,0.034664243025510987
1-0,1-0,0.4644567199362952,0.4759111907482131,0.05963208931549288
0-1,1-0,0.49017120270657505,0.5001063752245922,0.009722422068833904
1-0,0-1,0.5041120736161853,0.47949649477729783,0.01639143160651587
1-0,1-0,0.426539114055204,0.5224591233335116,0.05100176261128409
1-0,1-0,0.4693992056814391,0.5158112797792825,0.0147895145392798
1-0,1-0,0.43745035851243924,0.5557449922693506,0.006804649218209519
1-0,1-0,0.35532389088535143,0.639794303421112,0.004881805693540066
0-1,1-0,0.4898743247240194,0.49491710706732467,0.015208568208654669
1-0,0-1,0.530367695885528,0.4596103324662989,0.010021971648171712
1-0,0-1,0.5038214529746818,0.48706260647982164,0.009115940545496038
1-0,1-0,0.3610450038302984,0.6296080635216275,0.00934693264807303
0-1,0-1,0.5140665870916912,0.4720957631366263,0.013837649771682194
1-0,1-0,0.38412475239372307,0.6092777115630296,0.0065975360432482515
1-0,0-1,0.4923529545015696,0.4911218679472784,0.01652517755115132
1-0,1-0,0.4681330118584578,0.5151622651457125,0.0167047229958289
0-1,1-0,0.41954627872692,0.4356060519614743,0.1448476693116023
1-0,1-0,0.46974179253606524,0.5204201604943315,0.009838046969604271
1/2-1/2,1-0,0.4401589462198984,0.4594629906443167,0.10037806313578397
0-1,0-1,0.5537745318450875,0.43761337666560635,0.008612091489307775
0-1,1-0,0.45979627291407804,0.5251581819232073,0.015045545162715246
0-1,0-1,0.5120437175382058,0.4565756516833331,0.0313806307784594
0-1,0-1,0.519183635000161,0.47284922607295443,0.007967138926885584
1-0,0-1,0.4995618269018164,0.4921853892222401,0.008252783875943864
0-1,0-1,0.5001890981155639,0.49027527659447745,0.00953562528995745
0-1,1-0,0.3648324308883694,0.38964593872038605,0.24552163039124522
1-0,1-0,0.4326759929902535,0.5252322585130061,0.04209174849674103
1-0,1-0,0.4844138715756759,0.49878199630428394,0.01680413212004052
1-0,1-0,0.44879973185727456,0.5396734640832511,0.011526804059475005
0-1,1-0,0.47717861202929407,0.5078836640781398,0.014937723892565527
1-0,0-1,0.5062723139461975,0.4754210826868973,0.01830660336690559
1-0,0-1,0.5506770991723227,0.4405512677646401,0.008771633063035446
1-0,1-0,0.2220458015832601,0.7775668449567038,0.00038735346003518584
1-0,1-0,0.47772843802791276,0.5150925363843467,0.00717902558774257
1/2-1/2,1-0,0.37551889292093116,0.4626966601553519,0.16178444692371347
0-1,1-0,0.4819758327920142,0.4949172742874586,0.0231068929205272
1-0,1-0,0.43791383426128694,0.5521289664564489,0.00995719928226414
0-1,0-1,0.5200323384677443,0.4095413964567308,0.07042626507552203
0-1,0-1,0.4918406228733701,0.48715983894245035,0.02099953818418117
0-1,1-0,0.3359795383578218,0.660950953323312,0.003069508318867976
0-1,1-0,0.4670865352428836,0.5074295488800358,0.02548391587708152
0-1,0-1,0.5575630694282345,0.4357263757949444,0.006710554776821837
0-1,1-0,0.4742706603317071,0.47447991867862005,0.051249420989674506
1-0,1-0,0.47058455890318873,0.48666763387808204,0.04274780721872883
1-0,1-0,0.48146801183089677,0.507912633988123,0.010619354180978516
1-0,0-1,0.5087213260791535,0.4742122865319749,0.017066387388872985
1-0,1-0,0.23874950484252105,0.7575841004505763,0.0036663947068996568
1-0,0-1,0.48963481943737874,0.4771303689636827,0.0332348115989391
1-0,1-0,0.4671541904273408,0.49732337319959474,0.035522436373065326
0-1,0-1,0.4938611964027215,0.48967251426195424,0.01646628933532301
0-1,1-0,0.347178199375142,0.3875252791401874,0.26529652148466704
0-1,1-0,0.4797852325005065,0.502764582972705,0.017450184526787663
1-0,1-0,0.49291945543591015,0.49714767557584516,0.009932868988243361
1-0,1-0,0.4401657830280503,0.4994597505531456,0.06037446641880526
1-0,0-1,0.5081452356625312,0.4779815389709493,0.013873225366520997
1-0,0-1,0.49860410787581416,0.49217524481049246,0.009220647313693642
0-1,1-0,0.33138999317384016,0.44598003364838185,0.2226299731777746
1-0,1-0,0.4571858330627074,0.5341279082110245,0.008686258726268877
1-0,1/2-1/2,0.0761894296217287,0.09313188925636955,0.8306786811219007
1-0,1-0,0.40788527528337987,0.575697339753256,0.01641738496336155
1-0,0-1,0.4948146234890133,0.4909337048624701,0.014251671648514454
1-0,0-1,0.6406938481348571,0.3472618016771115,0.012044350188029903
0-1,1-0,0.4852752235175872,0.49418191775715353,0.020542858725258135
1-0,0-1,0.5049266887157907,0.4719798569875699,0.023093454296639882
1-0,1-0,0.4615383486272999,0.5222635450137763,0.016198106358920383
0-1,0-1,0.5507194507791755,0.44143713642705673,0.007843412793764895
1-0,1-0,0.4441172840180707,0.5393208257003368,0.016561890281591933
0-1,1-0,0.4575038397170368,0.4929221910588615,0.049573969224102746
1-0,1-0,0.4871972036024587,0.5001200809417802,0.012682715455762184
1-0,0-1,0.5378774934315044,0.4159564629812433,0.04616604358725457
1-0,1-0,0.4913027178403125,0.4974058737392801,0.011291408420407033
1-0,1-0,0.37942730623366033,0.6050436998624299,0.015528993903913262
0-1,0-1,0.5031894218235574,0.46542676336588773,0.0313838148105515
0-1,1-0,0.3204870738259469,0.46593264863838507,0.21358027753566772
0-1,0-1,0.49880321415244916,0.4925934803346323,0.008603305512919147
1-0,1-0,0.40956471560807395,0.5840407185235064,0.006394565868417358
1-0,0-1,0.561050269071141,0.4301840469618301,0.008765683967027928
1-0,1-0,0.4602472831867011,0.5273572849703312,0.012395431842968273
0-1,1-0,0.49078845696550544,0.49566688447475876,0.013544658559736366
0-1,0-1,0.5560731697858837,0.4206444308302845,0.023282399383829956
1-0,1-0,0.3550961556633558,0.6215923642794363,0.023311480057205673
1-0,1-0,0.4728404996546723,0.514576274207324,0.012583226138003046
1-0,1-0,0.40652035028660244,0.5835645421971613,0.009915107516236397
0-1,1-0,0.4518502247708428,0.5048821926902541,0.04326758253890112
1-0,1-0,0.458341754773143,0.49284666142331174,0.04881158380354868
1-0,0-1,0.5056377143036046,0.4730457828124595,0.021316502883934926
1/2-1/2,1-0,0.412172331193815,0.5462146407731209,0.04161302803306664
0-1,0-1,0.529124196812329,0.4545628513854618,0.01631295180220687
0-1,1-0,0.43733225460729297,0.5554661627126626,0.007201582680046522
0-1,1-0,0.45498322411919156,0.45694778806456476,0.08806898781624467
1-0,1-0,0.4569970648432932,0.5340644163110987,0.008938518845607021
0-1,0-1,0.4817373146402398,0.47414028033185607,0.0441224050279033
1-0,1-0,0.1800659349884541,0.8198600528105581,7.401220098974467e-05
1-0,1-0,0.2991566180231045,0.46038135843428735,0.2404620235426061
1-0,0-1,0.49121637325349893,0.4764049370286875,0.032378689717812104
1/2-1/2,1-0,0.37715470093001935,0.45180060915149406,0.17104468991848723
1-0,1-0,0.48765750538346225,0.499248698897622,0.013093795718916066
0-1,1-0,0.3759764085925621,0.4242656773279097,0.19975791407952592
0-1,1/2-1/2,0.0684361268526937,0.0738016821819896,0.8577621909653174
1-0,0-1,0.456543405465174,0.44341496423887466,0.10004163029595033
0-1,1-0,0.4473962598717127,0.5449409230267707,0.007662817101516223
0-1,1-0,0.45301901502592823,0.5376270350135227,0.009353949960548396
0-1,1-0,0.43765917869606236,0.5524430116261061,0.009897809677833174
1-0,1-0,0.45011259037244805,0.5225597040149553,0.027327705612595
1/2-1/2,0-1,0.810969733683782,0.1890182612482906,1.2005067930721806e-05
0-1,0-1,0.5424605224479949,0.42980725004318493,0.02773222750881902
1-0,1-0,0.46438065549992547,0.5283613403656239,0.007258004134452059
1-0,1-0,0.3123625748880733,0.3867353398593738,0.30090208525255313
0-1,0-1,0.5139078744136214,0.47302497795999815,0.013067147626381458
1-0,1-0,0.48415228929704146,0.49420308617117326,0.021644624531783962
1-0,1-0,0.42073674429422486,0.5706641702538088,0.008599085451965893
0-1,0-1,0.5162217246351481,0.4520480388499827,0.03173023651486926
0-1,0-1,0.5088744467504287,0.45140711660892135,0.03971843664065022
0-1,1/2-1/2,0.02647298194116624,0.056106367403066605,0.9174206506557655
1-0,1-0,0.4418133896486971,0.5316603957472529,0.026526214604049816
0-1,0-1,0.5045914684684384,0.4862069735936451,0.0092015579379153
0-1,1-0,0.45888241515603984,0.5341595958431402,0.00695798900082352
0-1,1-0,0.38024660786772874,0.4425110896327568,0.17724230249951428
0-1,1-0,0.45314117063526277,0.5390446437712553,0.007814185593482315
0-1,0-1,0.5021535555195393,0.4817106143127469,0.016135830167714953
0-1,0-1,0.40636820622339137,0.40183158899239785,0.1918002047842116
1-0,1/2-1/2,0.23214930038408962,0.3634493680318532,0.404401331584057
0-1,1-0,0.4623663995388433,0.5303158755657006,0.007317724895457626
0-1,0-1,0.4904634965224338,0.43952698645765725,0.07000951701990911
0-1,1-0,0.4743468494701674,0.5159647189226163,0.009688431607217059
0-1,1-0,0.36620416711283016,0.6220205277610924,0.011775305126079008
0-1,0-1,0.4112379658358614,0.40799824702988896,0.18076378713425048
1/2-1/2,1-0,0.3791272570560511,0.5753676836324635,0.045505059311481924
1/2-1/2,1-0,0.3889014601182232,0.4088527297731091,0.20224581010866546
1-0,1-0,0.3564696804293344,0.4407472467614162,0.20278307280924798
1/2-1/2,0-1,0.4959026288521811,0.47490217443453336,0.02919519671328603
1-0,0-1,0.5125860178272225,0.47533740072568503,0.012076581447093797
1-0,1-0,0.4620010384954513,0.5275414732468837,0.010457488257664349
0-1,0-1,0.49996190484197645,0.46236908105327645,0.03766901410474778
0-1,1-0,0.466967103852208,0.5061537019427806,0.026879194205010344
1-0,0-1,0.4965374887782742,0.47771507433274835,0.02574743688897753
0-1,1-0,0.4741495912651838,0.5082472329235698,0.017603175811244997
1-0,1-0,0.40802625837804657,0.4748467234960666,0.11712701812588626
0-1,1-0,0.35002119884679816,0.5646647089903448,0.08531409216285596
1-0,0-1,0.4771114872640691,0.472517522103041,0.05037099063288937
1-0,1-0,0.482926648133081,0.49191259692269945,0.025160754944219384
1-0,1-0,0.43435268974019386,0.5545416470950492,0.011105663164760042
1-0,0-1,0.4642955015172166,0.45896371011834586,0.07674078836443865
0-1,1-0,0.4710873231991358,0.5051507388609017,0.023761937939961102
1-0,1-0,0.39010337555057245,0.5549817850409823,0.05491483940844852
0-1,0-1,0.49510550843134654,0.4818233312762339,0.023071160292420425
0-1,1-0,0.4215837609419721,0.5412799875188213,0.03713625153920967
0-1,0-1,0.5006996905087469,0.48343342770673986,0.01586688178451231
1-0,1-0,0.41246449792599904,0.4423972232477662,0.1451382788262368
1-0,1-0,0.35713625736704097,0.44687603556366173,0.19598770706929677
1-0,1-0,0.39856386061572263,0.5937457433356608,0.007690396048617867
0-1,1-0,0.4281316552479259,0.5460483781722391,0.025819966579835586
1-0,0-1,0.37279244857479055,0.32919056541000125,0.2980169860152098
0-1,1-0,0.4743286756113733,0.515900343266862,0.00977098112176363
1-0,0-1,0.4926360283101582,0.48580786124501546,0.02155611044482465
1-0,1-0,0.4116938341723678,0.4366301890406307,0.15167597678700157
0-1,1-0,0.48972784003942343,0.49324767245664136,0.01702448750393627
1-0,1-0,0.16573908230929657,0.834108655383509,0.00015226230719411649
1/2-1/2,1/2-1/2,0.2592407272628523,0.3233278083780325,0.41743146435911466
0-1,1-0,0.47853008908328687,0.5106624850356797,0.010807425881033256
1-0,1-0,0.4029759034815023,0.5177835464216061,0.07924055009689067
0-1,0-1,0.5085607781722066,0.46790057080067776,0.0235386510271142
0-1,1-0,0.40211813166166244,0.5879215068846446,0.00996036145368977
1/2-1/2,1-0,0.46902304582831567,0.4841358909405531,0.04684106323113112
0-1,0-1,0.4999099781375047,0.48748131045445703,0.012608711408037333
1-0,1-0,0.47641769275849455,0.514362760444858,0.009219546796648645
1-0,1-0,0.4846594676649224,0.5057886679354975,0.009551864399580974
0-1,0-1,0.5824350432607771,0.3954161517266967,0.022148805012524756
1-0,0-1,0.4941652640231061,0.4779367085942735,0.02789802738262113
1-0,1-0,0.4088168614678434,0.5837673277322926,0.007415810799861349
0-1,1-0,0.48446643480467844,0.5061596966664662,0.009373868528854357
1-0,0-1,0.5064790744553014,0.48083564739094675,0.01268527815375037
1-0,1-0,0.4465202725150894,0.5219531311694154,0.0315265963154956
0-1,1/2-1/2,0.12929076115016702,0.1514836285656452,0.7192256102841865
0-1,1-0,0.43930235866949,0.4862628377703122,0.07443480356019419
1-0,0-1,0.5134312841656067,0.4758763999790989,0.010692315855296161
0-1,0-1,0.5347335429222726,0.4531954591606088,0.01207099791711892
0-1,1-0,0.45620591679200595,0.5129278778665003,0.030866205341495066
0-1,1-0,0.47994547828104017,0.5123313628867683,0.007723158832189952
1-0,1-0,0.29193723162184104,0.5768944530489535,0.13116831532920878
1/2-1/2,1-0,0.4589889830676363,0.49188528690070005,0.04912573003166411
1-0,1-0,0.4076781865821908,0.5823218812987461,0.009999932119064083
1-0,0-1,0.46950621592039943,0.46101015121864225,0.0694836328609569
0-1,0-1,0.536534422365361,0.4488612384382373,0.014604339196401297
0-1,1-0,0.4387656826963251,0.5202576306837596,0.0409766866199171
1-0,0-1,0.5026557779658687,0.4554547633576598,0.04188945867647019
1-0,1-0,0.4663925818061048,0.49590602845110165,0.03770138974279459
0-1,0-1,0.7445278219498789,0.25540947124128516,6.270680883465112e-05
1-0,0-1,0.490193166381178,0.478526203145908,0.03128063047291257
0-1,0-1,0.5723133880638682,0.42236276130626504,0.005323850629866014
1-0,1-0,0.4348586223388491,0.5580460071492382,0.007095370511912604
0-1,1-0,0.48182463116068136,0.49210369662969894,0.026071672209621154
1-0,1-0,0.42139190209837923,0.5663590427594465,0.012249055142175847
0-1,1-0,0.4717728685349671,0.5200179302471188,0.008209201217914472
0-1,0-1,0.552124874199978,0.43916341725536867,0.008711708544654875
0-1,1-0,0.4838082194481239,0.5077460934974598,0.008445687054415984
1-0,1-0,0.48401836835608314,0.5090767261743846,0.006904905469530311
1/2-1/2,1-0,0.45363070424833873,0.4831104051602315,0.06325889059142753
0-1,0-1,0.49939812231874925,0.48979847610761995,0.01080340157363213
1-0,1-0,0.48890832277854596,0.4904472654708104,0.020644411750644586
0-1,0-1,0.477612290589587,0.461702791260251,0.060684918150160166
1-0,1-0,0.4041610418774628,0.5862471971312097,0.009591760991330583
1-0,1-0,0.43537154123265315,0.5577163567575696,0.0069121020097775345
1-0,1-0,0.41935234746046696,0.5628947827633476,0.017752869776186887
0-1,1-0,0.4823822282266339,0.49827700990561113,0.01934076186775382
0-1,1-0,0.47115271551726357,0.5186074483066504,0.010239836176085839
1/2-1/2,1-0,0.31883475386206617,0.45694781422937447,0.22421743190855603
0-1,1-0,0.4509730354441389,0.5404497632375874,0.008577201318275338
1-0,0-1,0.5517330300769954,0.43743685963356893,0.010830110289434825
0-1,0-1,0.5250794155770049,0.4685780652394368,0.0063425191835581735
0-1,1-0,0.48932318110395834,0.49760028189643785,0.013076536999604024
0-1,0-1,0.49390295312500215,0.44954098067128123,0.05655606620371529
1-0,1-0,0.4631821101836205,0.518381374758599,0.018436515057779844
0-1,0-1,0.5881250412493187,0.3969758744160308,0.014899084334649816
1-0,1-0,0.46291638478150937,0.5248216932152406,0.012261922003249291
1-0,1-0,0.3748197075002432,0.6183037689748203,0.006876523524936266
0-1,1-0,0.32263699814608315,0.613052370275134,0.06431063157878002
0-1,1-0,0.4319771838378565,0.5577966093662581,0.010226206795883982
1-0,0-1,0.5107987856611034,0.47755847191042083,0.011642742428475898
0-1,0-1,0.5287756559737421,0.458641287171995,0.012583056854261948
1-0,1-0,0.4357567565890114,0.5536146370187793,0.010628606392208625
1-0,1-0,0.38591821914063773,0.6080494659802836,0.006032314879081814
0-1,0-1,0.48967637143688686,0.48580697627442176,0.024516652288689728
1-0,1-0,0.4408705829551942,0.548884497674355,0.010244919370450184
1-0,1-0,0.37779033968417447,0.4737075113805319,0.14850214893529373
1-0,1-0,0.4865663202932982,0.4937465239143929,0.01968715579230907
0-1,1-0,0.4596064724037527,0.5322421997596838,0.008151327836564505
1-0,0-1,0.5108270675411953,0.46666716870885905,0.022505763749947037
0-1,0-1,0.49818196234409523,0.49061070506178106,0.01120733259412353
0-1,1-0,0.31549381097675316,0.6704656479316775,0.014040541091572538
1-0,0-1,0.4883677977411809,0.44370115524639253,0.06793104701242755
0-1,1-0,0.4612987397286198,0.48288825194744084,0.05581300832393958
1-0,0-1,0.5119075424946122,0.47199385074982303,0.01609860675556586
1-0,0-1,0.5000265940390416,0.45499801075777246,0.04497539520318676
1-0,0-1,0.4883711206726654,0.47650893467583555,0.035119944651499854
0-1,1-0,0.46556153511166476,0.5227068413385955,0.011731623549739612
0-1,1-0,0.48576239363108037,0.4968829093757223,0.017354696993200157
1-0,1-0,0.486494960854321,0.4997587330436268,0.013746306102051027
1-0,1-0,0.359166606999886,0.5611370580693931,0.079696334930724
0-1,1-0,0.3279136268285477,0.39087491737820873,0.28121145579324397
1-0,0-1,0.4944333303022492,0.48303843838801835,0.022528231309733564
1-0,1-0,0.41831632421057213,0.4556166564372679,0.12606701935216003
1-0,1-0,0.38064849229926634,0.40843594506125885,0.21091556263947628
1-0,1-0,0.19687236334506733,0.8030735597408467,5.407691408523479e-05
1/2-1/2,1/2-1/2,0.22498088460774118,0.3152527217810046,0.4597663936112548
1-0,1-0,0.4561543352369849,0.5009482686982886,0.04289739606472552
0-1,0-1,0.5242251505602121,0.4595665584154442,0.016208291024344436
1-0,0-1,0.5064164261536683,0.480797194304352,0.01278637954198005
1-0,1-0,0.436799359437981,0.5538998434985153,0.009300797063503891
1-0,1-0,0.4792424666730289,0.504357742432647,0.016399790894322544
1-0,1-0,0.47731134500438993,0.5093944354234362,0.013294219572174118
1-0,1-0,0.4505932493215237,0.5418029923673073,0.007603758311167668
1-0,0-1,0.48802332651421115,0.4797531246650404,0.032223548820746954
1-0,1-0,0.46550993186684503,0.49262775247927787,0.04186231565387653
0-1,0-1,0.501627894351592,0.4912896981727302,0.0070824074756763765
1-0,1-0,0.46108221970376995,0.5237961991138752,0.015121581182354741
1-0,1-0,0.4412915558496381,0.550430657204157,0.00827778694620598
1-0,0-1,0.44780579282290345,0.44752762219352793,0.10466658498356794
1-0,1-0,0.4767422248343306,0.5134631949656782,0.009794580199989633
1-0,1-0,0.47769174639017,0.4975293694407348,0.02477888416909645
1-0,0-1,0.5364783919924461,0.4454674180416133,0.018054189965941065
0-1,0-1,0.47870170810704593,0.4532785695875116,0.06801972230544324
0-1,0-1,0.535262789961462,0.45456311094092133,0.01017409909761795
0-1,1/2-1/2,0.19877133169606334,0.20815430481734162,0.5930743634865973
1-0,1-0,0.4864620298810066,0.49688808481515184,0.016649885303840626
1-0,1-0,0.4804854364196835,0.5124519470798269,0.007062616500490905
0-1,1-0,0.46205142414323686,0.5274893695482186,0.010459206308546291
0-1,0-1,0.7507168026363856,0.2463432279897134,0.002939969373898159
0-1,1-0,0.4868733717572835,0.503231801331617,0.009894826911100597
1-0,1-0,0.45596138307862516,0.5354690752244403,0.008569541696932494
1-0,0-1,0.4944514847845237,0.4790689995446391,0.026479515670837145
1-0,0-1,0.5234297565680212,0.4653540394478883,0.011216203984089313
0-1,1-0,0.4226814363629595,0.44113149407416313,0.1361870695628791
1-0,1-0,0.4704257867381605,0.4835539805647972,0.04602023269704198
0-1,1-0,0.4638875807421503,0.5128248652103836,0.023287554047466002
1-0,1-0,0.4819034347797492,0.5024748640139398,0.015621701206310167
0-1,1-0,0.38691594105992316,0.6062255206315015,0.006858538308575127
0-1,1-0,0.44558546841887875,0.5196542905605668,0.03476024102055282
1-0,0-1,0.5897760014125053,0.38687129410624504,0.02335270448125097
1-0,1-0,0.15098655151708565,0.8490043849586174,9.063524297228416e-06
0-1,0-1,0.7525157607399067,0.2474502549603293,3.398429976045072e-05
0-1,0-1,0.508065691455415,0.482649213426021,0.009285095118562986
1-0,0-1,0.4995828243392962,0.47432263579010203,0.02609453987060338
1-0,1-0,0.4081480605436559,0.583729231795219,0.00812270766112767
1-0,1-0,0.4644343020833391,0.5242527213310524,0.011312976585607912
0-1,1-0,0.4132721737989546,0.49168339678176176,0.09504442941928586
0-1,0-1,0.5313606038234918,0.44951067943890627,0.019128716737603003
1-0,1-0,0.34413120186251894,0.5881460875638571,0.06772271057362304
1-0,1-0,0.43353840671486454,0.5497462725352517,0.016715320749884872
0-1,0-1,0.8119946625597987,0.188005306311942,3.112825768956649e-08
0-1,0-1,0.4905813095819513,0.47765888678136914,0.03175980363667836
0-1,1-0,0.4634458731986199,0.5292475123483774,0.007306614453003748
0-1,0-1,0.502291760308635,0.4657340118821817,0.03197422780918502
0-1,1-0,0.46850162507839194,0.5193376133389569,0.012160761582651355
1-0,1-0,0.4864541411871679,0.49462428176304707,0.018921577049785494
0-1,0-1,0.5490251863382574,0.4134547718620931,0.03752004179964695
0-1,1-0,0.4329550975432523,0.43660610741923833,0.1304387950375109
0-1,1-0,0.35364407139309856,0.6363476035104609,0.01000832509643917
0-1,0-1,0.5543782712357669,0.43155999824461627,0.014061730519616854
1-0,0-1,0.5205839761980305,0.45962545241496744,0.01979057138700047
1-0,1-0,0.48064432942120294,0.5094399723634284,0.009915698215370077
0-1,1-0,0.47143725460226255,0.5212509888684431,0.00731175652929325
1-0,1-0,0.4584293311855195,0.5342290764372923,0.007341592377187632
1-0,0-1,0.47025936302914345,0.4438247418051528,0.08591589516570113
0-1,1-0,0.41125412784452053,0.579499286748228,0.009246585407252662
1-0,1-0,0.3979749423196083,0.5823427406020703,0.019682317078319262
0-1,1-0,0.4813813819070154,0.4863719683345875,0.03224664975839605
1-0,0-1,0.5191389820463945,0.4672326671370505,0.013628350816555853
0-1,1-0,0.27774676314010627,0.42398655518802975,0.2982666816718622
1-0,1-0,0.3546397455870911,0.6391965807211916,0.0061636736917180576
0-1,1-0,0.4788370969414026,0.5104452044186086,0.01071769863998987
0-1,1-0,0.4072801733325623,0.5230864723595643,0.06963335430787038
0-1,1-0,0.3975579844592775,0.5964259852314153,0.006016030309305824
1-0,0-1,0.4917067186177491,0.48617446342107146,0.022118817961178712
1-0,1-0,0.46553025299768575,0.49617506135337663,0.03829468564893926
1-0,1-0,0.484442677920635,0.49814850042411823,0.017408821655247292
0-1,1-0,0.3851667223236031,0.5789278017028174,0.035905475973577135
0-1,1-0,0.44443490396042945,0.5453365150916739,0.010228580947895506
1-0,1-0,0.4650153301353682,0.5234662498993312,0.011518419965299847
0-1,1-0,0.4423668198697446,0.46342752405613974,0.09420565607411435
1-0,0-1,0.49844487607885657,0.48194858538612,0.019606538535024167
1-0,1-0,0.4695684505457989,0.5094930364222562,0.020938513031945036
1-0,1-0,0.47557963763964495,0.5102521637680179,0.014168198592335205
0-1,1-0,0.41994795613852776,0.5717037795438702,0.008348264317603703
0-1,0-1,0.4895893021085978,0.4878999968770313,0.022510701014370405
1-0,0-1,0.5147885129436225,0.41035517600344384,0.07485631105293403
1-0,0-1,0.5173434777624646,0.42913546668224745,0.0535210555552893
1-0,1-0,0.4295496175229113,0.5367861540802703,0.033664228396820185
1-0,1-0,0.4209375248478711,0.5363163896647043,0.04274608548742562
1-0,1-0,0.3719246931535002,0.5937500793223283,0.034325227524172455
1-0,1-0,0.41349863511307555,0.442617931751819,0.14388343313510477
1-0,1-0,0.46531009283060737,0.5250636974793093,0.009626209690082026
0-1,1-0,0.43847455966711923,0.5497464638115667,0.011778976521312432
1-0,1-0,0.4517194576543995,0.5209142699769618,0.027366272368641097
1-0,1-0,0.38851335551955657,0.41908799520137036,0.19239864927907488
0-1,1-0,0.41140660101751264,0.5786854837576235,0.009907915224866625
1-0,1-0,0.24660600930489554,0.5604002357037151,0.19299375499139035
0-1,1-0,0.46867608503012353,0.5231121804749769,0.008211734494897972
1-0,1-0,0.22734403544961362,0.5609351066324394,0.21172085791794587
1-0,0-1,0.5177385927941829,0.4669281415703609,0.015333265635455026
1-0,1-0,0.479313517617483,0.5133886012951818,0.007297881087334899
1-0,0-1,0.49270164182475046,0.477985021177974,0.029313336997276354
1/2-1/2,1/2-1/2,0.04503170719672313,0.057298452044264515,0.8976698407590127
0-1,1-0,0.38841610605232024,0.5518302168617369,0.059753677085941245
1-0,1-0,0.4250922040174046,0.5441609217617813,0.030746874220812407
1-0,0-1,0.5067327518929939,0.4812084699046334,0.012058778202373487
1-0,1-0,0.4561073443678431,0.5138192934431682,0.030073362188990024
1-0,1-0,0.4390245536063435,0.5448681232766054,0.016107323117050543
1-0,1-0,0.47481313757001653,0.5034967763725361,0.02169008605744762
0-1,1-0,0.3724538460944102,0.591331429379536,0.036214724526052205
1-0,0-1,0.5316519244513273,0.4607595630150083,0.007588512533664582
1-0,1-0,0.46862663474868727,0.5239043023042683,0.007469062947044006
1-0,1-0,0.47874390460658345,0.5096724686845217,0.011583626708893385
0-1,0-1,0.5019716408015887,0.4895386680071793,0.008489691191232218
0-1,1-0,0.4767762335048928,0.5117401454484718,0.011483621046634801
0-1,0-1,0.5344302089354717,0.41208540593176546,0.05348438513276225
0-1,1-0,0.4915582334793858,0.49821094180774717,0.010230824712868713
1-0,1-0,0.2818128393704121,0.5647331582801083,0.153454002349478
0-1,0-1,0.6369362655735652,0.3607715389637386,0.0022921954626996185
1/2-1/2,1-0,0.3432384662189874,0.6454669640005898,0.011294569780419943
0-1,1-0,0.4450696456457382,0.539768639533602,0.015161714820662243
0-1,1-0,0.45666789705717337,0.49833892790168943,0.044993175041136986
0-1,1-0,0.3798682102862641,0.604231716193627,0.015900073520109758
0-1,1-0,0.3306055296467618,0.6298895676215517,0.03950490273168598
1-0,1-0,0.4908929087846269,0.4939604755923309,0.015146615623041804
1-0,1-0,0.4776843444182749,0.5080000575150138,0.01431559806671183
1-0,0-1,0.5074689516396997,0.47989492932571015,0.012636119034590488
1-0,0-1,0.5056323542505895,0.4864970394395821,0.0078706063098275
1-0,1-0,0.43543489783012357,0.4810918544426895,0.08347324772718707
1-0,1-0,0.31240622750534347,0.4883529094242378,0.1992408630704219
0-1,0-1,0.4466875949295042,0.4346212073704697,0.11869119770002441
0-1,1-0,0.4368955262599845,0.5558434134063185,0.00726106033369782
1/2-1/2,1-0,0.4634729022299349,0.5252669312494075,0.011260166520656038
0-1,1-0,0.42515394762616854,0.5339995343864922,0.040846517987340646
0-1,1-0,0.4316850236747132,0.5545808092406924,0.013734167084593922
1-0,0-1,0.4756102177626124,0.4688644910122177,0.05552529122517153
1-0,1-0,0.4784496114885067,0.5108167691928182,0.010733619318673745
0-1,0-1,0.48961689942420994,0.46652226072089037,0.0438608398548995
1-0,0-1,0.5379118539767958,0.43492413362371063,0.027164012399494238
0-1,1-0,0.4398553455786232,0.5156548745603587,0.04448977986101634
1-0,1-0,0.47220497228982844,0.48718653082060726,0.040608496889566144
0-1,1/2-1/2,0.15259092162455068,0.22455568823244693,0.6228533901430029
1-0,1-0,0.39413808878247447,0.5952099244568998,0.010651986760625284
1-0,1-0,0.4683725509946171,0.5198767324308936,0.011750716574489376
0-1,0-1,0.532617745403968,0.4425100702404722,0.024872184355558793
1-0,1-0,0.2687523891969661,0.728851175678581,0.0023964351244495506
1-0,0-1,0.4915584431058942,0.47453033746120243,0.033911219432905884
0-1,1-0,0.46165794269926796,0.5298573761697349,0.008484681130994064
1-0,1-0,0.41178210846260754,0.5435656317945854,0.044652259742805726
0-1,0-1,0.4939009542945759,0.4921657807923392,0.013933264913086519
1-0,1-0,0.48672051881892286,0.5013965255210108,0.011882955660065518
0-1,0-1,0.5777126987896887,0.40846640596928196,0.013820895241027992
1-0,0-1,0.49138845883772475,0.44959189338772515,0.05901964777454833
1-0,1-0,0.44880665734389924,0.5375661163322006,0.013627226323901597
1-0,1-0,0.4444172357414514,0.4450203791863934,0.1105623850721546
1-0,1-0,0.46808260943754737,0.5104658277355292,0.021451562826921892
0-1,1-0,0.43650554148208764,0.5518572205919805,0.011637237925930865
0-1,1-0,0.4602659251671847,0.48426260538256477,0.05547146945025064
1-0,0-1,0.5841802741180377,0.4083893749792976,0.007430350902666073
1-0,1-0,0.4739560618171472,0.4976884126987794,0.028355525484075095
1-0,1-0,0.4334409865521854,0.5566585274818606,0.009900485965957011
0-1,0-1,0.4994188851650702,0.4881830308533301,0.012398083981601546
0-1,1-0,0.4758539668032126,0.5151802667567653,0.00896576644002094
1-0,0-1,0.5327385115021152,0.45598970885178336,0.011271779646100573
1-0,0-1,0.5205890298653694,0.44261884909353666,0.03679212104109454
0-1,0-1,0.7293819084242148,0.2661246554391734,0.00449343613660968
0-1,0-1,0.5122329215471053,0.479351135436164,0.008415943016730694
1-0,0-1,0.4970083192574439,0.4905486169294118,0.012443063813144094
0-1,0-1,0.5291505918976934,0.43209039259291543,0.03875901550939229
0-1,0-1,0.5010602358189392,0.4823913308680916,0.01654843331297084
0-1,0-1,0.5067130615738321,0.45237757142758817,0.040909366998582025
1-0,1-0,0.3525864400369559,0.6432170268433252,0.004196533119722289
1-0,0-1,0.5254341575174997,0.46734879262152823,0.007217049860970248
1-0,1-0,0.49036299030413166,0.5022730969596106,0.007363912736259436
1-0,1-0,0.4373920181468757,0.4786883399480493,0.0839196419050771
1-0,1-0,0.4728559622104749,0.49850974837206563,0.02863428941746038
1-0,1-0,0.46229898598960123,0.4949543298017861,0.04274668420861354
1-0,0-1,0.5071044186539365,0.4380158810136447,0.05487970033241727
0-1,0-1,0.5182621042644409,0.45718470196520195,0.024553193770357952
0-1,0-1,0.5282750429092308,0.4562627912332829,0.015462165857486174
0-1,0-1,0.5021129239501466,0.48631998147883193,0.0115670945710224
0-1,0-1,0.536542885146889,0.44308911162256714,0.020368003230545093
1-0,0-1,0.5222925306522501,0.46854221397521106,0.00916525537253803
1-0,1-0,0.4395021611691325,0.541204489552798,0.0192933492780712
0-1,1-0,0.31770420206781935,0.6588673629836278,0.023428434948550517
0-1,0-1,0.47753816915111874,0.46859929660690586,0.05386253424197599
0-1,1-0,0.44768322761165974,0.5434323875361627,0.008884384852179107
1-0,1-0,0.46956184417623076,0.5141418682139854,0.016296287609783567
0-1,0-1,0.500923754957273,0.4808045740895803,0.018271670953146083
0-1,0-1,0.5004508872759453,0.4520785927055475,0.0474705200185081
1/2-1/2,0-1,0.4517080773393,0.26860311549108573,0.2796888071696112
1-0,0-1,0.47425887977009834,0.44852406823235147,0.07721705199754994
1-0,1-0,0.46506809354405176,0.4923762969567972,0.0425556094991519
1-0,1-0,0.4831526820050773,0.49554544763029457,0.021301870364629685
1-0,0-1,0.4622019440398459,0.4553209138170501,0.08247714214310303
0-1,1-0,0.46314860398350366,0.5291693804363279,0.007682015580170214
0-1,1-0,0.404476083387274,0.586131220319666,0.009392696293062249
1-0,0-1,0.5294124976029564,0.45337020053505406,0.017217301861992527
1-0,1-0,0.3920381745343989,0.6006776370374254,0.007284188428174106
0-1,1-0,0.47905192742649017,0.514025572535494,0.0069225000380139625
0-1,1-0,0.43669674684185433,0.4402040100930893,0.1230992430650566
1-0,1-0,0.3697752492540028,0.6186332186655902,0.011591532080404275
1-0,1-0,0.48205419449840947,0.5076384289750098,0.010307376526579466
0-1,1-0,0.39717302577147134,0.5935130889343484,0.009313885294180327
0-1,1-0,0.447686393679026,0.5428581133534779,0.00945549296749512
1-0,1-0,0.4503476256453582,0.5354760296115084,0.014176344743133456
1-0,0-1,0.4653952999029744,0.434260914280615,0.1003437858164127
0-1,0-1,0.47204295331895535,0.4487022912233042,0.07925475545774295
1-0,1-0,0.46062650996341553,0.523983523544099,0.015389966492484043
1-0,1-0,0.4489624378204749,0.5433239779011027,0.007713584278422713
0-1,1-0,0.3615506597740454,0.44170062976860974,0.19674871045734338
1-0,1-0,0.44584664175476596,0.4937134805529127,0.06043987769232056
1-0,1-0,0.431894922960594,0.5597581009298978,0.008346976109508826
1-0,1-0,0.48280247931269743,0.4976379073612158,0.019559613326085273
1/2-1/2,0-1,0.4045333194700468,0.3815048429281019,0.21396183760185175
0-1,1-0,0.46585588203143274,0.49268816734491944,0.04145595062364767
0-1,1-0,0.433343381089748,0.43442490433726744,0.1322317145729848
1-0,1-0,0.32839372954047186,0.45170968036876763,0.21989659009075843
1-0,1/2-1/2,0.2884753343985757,0.3438771426681801,0.3676475229332422
1-0,0-1,0.526983275586068,0.4480335569107401,0.02498316750319208
1-0,1-0,0.46286402859583053,0.5249064979077293,0.012229473496440322
1-0,1-0,0.4718300926975458,0.48965796818834645,0.03851193911410801
0-1,0-1,0.4949714745828554,0.4940813471320119,0.010947178285134439
1-0,1-0,0.42751491073971165,0.5635916954052395,0.008893393855048856
1-0,1-0,0.48972240066976225,0.4999604015999501,0.010317197730286961
1-0,1-0,0.47926467976863213,0.5076860081633876,0.013049312067980625
1-0,1-0,0.4709598320792885,0.5149206494962248,0.014119518424488487
0-1,0-1,0.5500464483587291,0.42472311260235934,0.02523043903891147
1-0,0-1,0.5062410409452959,0.48034414906002887,0.01341480999467384
1-0,0-1,0.4960310169850502,0.47761873720939385,0.026350245805554628
0-1,1-0,0.33659085448099346,0.36749379063300097,0.2959153548860085
1-0,1-0,0.3358893769880108,0.5690181510269986,0.0950924719849908
0-1,0-1,0.49817843517369415,0.4894586781741483,0.012362886652157958
0-1,1-0,0.45414114644049486,0.5386434773240495,0.007215376235454287
1-0,1-0,0.4800228540861132,0.5016427046788,0.018334441235084924
0-1,1-0,0.4825869874664857,0.5048928412579509,0.012520171275564528
0-1,1-0,0.4575774689995656,0.5200626537481065,0.02235987725232782
0-1,1-0,0.4334548131347507,0.5433970633989497,0.02314812346629802
0-1,1-0,0.4278537555555149,0.556763020821722,0.01538322362276456
0-1,1-0,0.46144078244329595,0.5300657066070403,0.008493510949665094
1-0,0-1,0.5012545704069574,0.47926567191158476,0.019479757681456433
1-0,0-1,0.5024811571709022,0.4876457590082405,0.009873083820858747
1-0,1-0,0.4131246564774735,0.5764462037625987,0.0104291397599307
1-0,1/2-1/2,0.12260882275141477,0.15032099742438332,0.7270701798242009
1-0,0-1,0.5132005131452684,0.4758624372665656,0.010937049588166213
0-1,1-0,0.4627103283388101,0.5252119677277495,0.01207770393343925
1-0,1-0,0.4336197348734435,0.5122434270252494,0.05413683810130821
0-1,1/2-1/2,0.29270712475538163,0.3318922568977581,0.375400618346862
0-1,0-1,0.4975238238003647,0.45883526219236337,0.04364091400727136
1-0,1-0,0.42601379242403975,0.5273724932423708,0.04661371433358926
1-0,1-0,0.43484843153274894,0.5507423904905796,0.014409177976672795
0-1,1-0,0.4265371120736489,0.5607280887982317,0.012734799128119414
0-1,0-1,0.6345068569431624,0.36281531675101153,0.002677826305825289
0-1,0-1,0.5046188742310563,0.4889502981520801,0.0064308276168613095
0-1,1-0,0.43474774776567726,0.5518311878930285,0.013421064341295955
0-1,1-0,0.47911189429771106,0.4971050119344992,0.023783093767790604
0-1,0-1,0.5233275079295784,0.4491800937962565,0.027492398274165022
0-1,0-1,0.4879695728054363,0.4571960617493826,0.05483436544518103
0-1,1-0,0.47487712188506337,0.5079019629594926,0.017220915155443984
0-1,0-1,0.5371976708486348,0.42781333543088607,0.034988993720480865
0-1,1-0,0.4429167050462121,0.5467395272463151,0.0103437677074764
0-1,0-1,0.4944329096968115,0.4713925920801136,0.03417449822307398
0-1,0-1,0.49640635519336707,0.47490469680513075,0.02868894800150366
1-0,1-0,0.4431959560208655,0.4454336440175632,0.11137039996156975
0-1,1-0,0.1024926204260183,0.8975072920631836,8.751079947503718e-08
0-1,1-0,0.40917983494768284,0.5807843102897596,0.010035854762559679
1-0,0-1,0.49336009057377134,0.4700990490029879,0.036540860423239625
1-0,1-0,0.4352042768943733,0.558044358633522,0.006751364472103759
0-1,0-1,0.5431256675696828,0.4484364233812507,0.00843790904906524
1-0,1-0,0.35413902043756296,0.6409584812833476,0.00490249827908838
1-0,1-0,0.40313492010388574,0.5355513091500769,0.061313770746034786
0-1,0-1,0.5113025025542874,0.46799345496003114,0.020704042485680696
0-1,0-1,0.5357984696439738,0.4185236552112837,0.045677875144740955
0-1,1-0,0.4365469806357659,0.5562865882913394,0.007166431072895533
1-0,1/2-1/2,0.17022731771882652,0.20324628238661469,0.62652639989456
1-0,0-1,0.5023494014480879,0.4812478884604539,0.01640271009145859
0-1,1-0,0.4731039725312342,0.5171017364877559,0.009794290981009101
1-0,0-1,0.5035843771998246,0.4891811075543767,0.007234515245798552
1/2-1/2,0-1,0.45933495613864056,0.4094426881878699,0.13122235567348803
1-0,1-0,0.09939505615052797,0.9006048416570296,1.0219244181292934e-07
0-1,1-0,0.3814048298500909,0.4676589998779109,0.15093617027199838
0-1,0-1,0.4980932584122282,0.48960356226071355,0.012303179327059986
1-0,1-0,0.418021280527944,0.5630090751784658,0.01896964429358976
0-1,1-0,0.4710930616611865,0.5190344450124682,0.00987249332634556
1-0,1-0,0.44305267011159455,0.5441505103965211,0.012796819491887513
0-1,1-0,0.3500352898641613,0.6367883227415099,0.01317638739432731
0-1,1-0,0.45476238050334533,0.49866271448230776,0.04657490501434682
0-1,0-1,0.5234512167986997,0.4654234921099713,0.011125291091328158
1-0,0-1,0.657259690050761,0.34233503951469296,0.0004052704345467106
0-1,1-0,0.3814443852361885,0.48469057992547526,0.13386503483833773
0-1,0-1,0.47951933373444766,0.4727691420388936,0.04771152422665761
1-0,0-1,0.4805318473943006,0.47992273554126624,0.03954541706443432
0-1,0-1,0.49081440266588444,0.4504767227073373,0.05870887462677831
1/2-1/2,1-0,0.45597279454890366,0.4867396654348193,0.057287540016276006
1-0,1-0,0.4339906999485594,0.5124484447493846,0.05356085530205763
1-0,0-1,0.4988924777793976,0.48987938399656483,0.011228138224035867
0-1,1-0,0.4354376717864618,0.5215558415808905,0.043006486632646154
1-0,1-0,0.47875750508053,0.5015548039764616,0.019687690943011583
0-1,0-1,0.3808549190936474,0.38070428021904557,0.2384408006873071
1-0,1-0,0.4276791684964553,0.5026633663311944,0.06965746517235126
0-1,1-0,0.48367481327024703,0.4837158066301604,0.03260938009959415
1-0,1-0,0.4773418517010255,0.47765398577168305,0.045004162527290247
1-0,0-1,0.5179238523842015,0.47017384707623655,0.01190230053956304
0-1,0-1,0.5634823380736257,0.42097182522423804,0.015545836702134731
0-1,1-0,0.40919422569665986,0.5183064875079949,0.07249928679534497
1-0,1-0,0.41052820840384474,0.5811793988801257,0.008292392716031374
0-1,0-1,0.5225907378696143,0.46809156414412845,0.009317697986258472
1-0,0-1,0.5232437522572521,0.47163930140167915,0.005116946341065737
1-0,1-0,0.42524939578821347,0.5583787011356206,0.016371903076166185
1-0,1-0,0.47122625216424635,0.5187384102338988,0.010035337601853123
0-1,1-0,0.4653271938424615,0.5228431848019213,0.011829621355616106
1-0,0-1,0.4983580950847253,0.4896930556637654,0.01194884925151064
1-0,1-0,0.42142275702387916,0.5713494251300199,0.0072278178461040645
0-1,1-0,0.49174765727522757,0.4939262618947354,0.014326080830037533
1-0,1-0,0.4428022894976635,0.5412921832926612,0.01590552720967412
1/2-1/2,1/2-1/2,0.20593451509972385,0.22541726597799402,0.5686482189222805
0-1,0-1,0.5166240777997766,0.4615692218835248,0.021806700316697476
0-1,1-0,0.4366839042415647,0.5559025376914383,0.007413558066996567
0-1,1/2-1/2,0.3071981142525414,0.3405829166721657,0.3522189690752913
1/2-1/2,1-0,0.44061923390021807,0.4654801404512868,0.09390062564849437
1-0,0-1,0.5333276710756968,0.4544645838538675,0.012207745070435122
0-1,1-0,0.46971681900608825,0.5224608452191208,0.007822335774793963
0-1,1-0,0.38099227363001,0.597443684735639,0.021564041634352576
1-0,1-0,0.4408186377669067,0.5471257165699903,0.012055645663101916
1-0,1-0,0.47546219352785235,0.5026285968639747,0.021909209608174232
1/2-1/2,0-1,0.4520085117635135,0.42649669845352534,0.12149478978296058
1-0,1-0,0.3810844940778078,0.49699427208801067,0.12192123383418316
0-1,0-1,0.48846519544896305,0.4883303517959173,0.023204452755118964
0-1,0-1,0.4931052123807493,0.4908162891953505,0.01607849842389998
1-0,1-0,0.35400302576249787,0.48026288972041903,0.1657340845170838
1-0,1-0,0.4931303548656974,0.4941512328959627,0.012718412238341378
1-0,1-0,0.44188996934507735,0.5000091706890115,0.05810085996590783
0-1,1-0,0.4666607809691283,0.4890267100178855,0.044312509012986376
1-0,1-0,0.484837843170192,0.5037245864203787,0.011437570409430331
1-0,1-0,0.3928709251315999,0.46556996933516087,0.14155910553323628
1-0,1-0,0.49157848255250003,0.49915951339459613,0.009262004052904204
1-0,0-1,0.5012321254207109,0.48213529358604407,0.01663258099324382
0-1,0-1,0.4847510250492766,0.4844217213642055,0.030827253586519467
1-0,1-0,0.45355846525636967,0.514037368652483,0.032404166091149135
0-1,0-1,0.5006795124531758,0.48471221491683186,0.014608272629990919
0-1,1/2-1/2,0.16742414335277017,0.23262904598576747,0.5999468106614629
0-1,0-1,0.4905736472477031,0.48117633495260503,0.028250017799691614
0-1,1-0,0.4867794165017581,0.5020281500862239,0.011192433412017463
0-1,0-1,0.4980590732719478,0.48389022350588484,0.018050703222166557
1-0,0-1,0.6029712113845291,0.3874199866686005,0.009608801946872098
0-1,1-0,0.4923195136808364,0.495163957235505,0.01251652908365715
1-0,1-0,0.4665052616517451,0.5249272155007912,0.008567522847464903
1-0,1-0,0.4948173255602454,0.49706855528554195,0.00811411915421207
0-1,0-1,0.5316417315535583,0.45792930791265635,0.010428960533786086
1/2-1/2,0-1,0.4103594044990278,0.40965503356874966,0.17998556193222537
0-1,1-0,0.4585169633867848,0.5333327594980847,0.008150277115133477
1-0,0-1,0.48379092308337024,0.44855463925072714,0.06765443766590107
1-0,1-0,0.4448854696633602,0.5450088209075924,0.010105709429048313
1-0,1-0,0.46858443705581465,0.5055233039109299,0.025892259033255743
1-0,1-0,0.4172411058322985,0.5337583951450836,0.049000499022621255
1-0,1-0,0.46637424442548864,0.5189676468537692,0.014658108720741215
0-1,0-1,0.5167316168066115,0.47011554362304814,0.013152839570338944
0-1,1-0,0.45676568553948715,0.5340866078013361,0.009147706659179633
0-1,1-0,0.454901375656249,0.5370755041598825,0.008023120183869905
1-0,1-0,0.4544355997667927,0.5112211889306861,0.03434321130252273
0-1,1-0,0.4804240065977298,0.5052959034221913,0.014280089980078108
1-0,1-0,0.470303184563003,0.5137002537283697,0.015996561708624814
0-1,1-0,0.45069411398664877,0.5352873251015214,0.01401856091183077
1-0,1-0,0.3560505648893143,0.3884421887829132,0.25550724632777
1-0,1-0,0.3862151378163283,0.5265332594906696,0.08725160269300167
0-1,1-0,0.4644440172919524,0.522028193920396,0.013527788787652636
0-1,0-1,0.5282493476291052,0.46333048612642774,0.008420166244467243
1-0,1-0,0.4425290426595985,0.5481432633910697,0.00932769394933139
0-1,1-0,0.4861950120796321,0.49970554644971527,0.0140994414706555
0-1,1-0,0.39745479952496043,0.5941036749104444,0.008441525564596306
0-1,1-0,0.4110171031290248,0.5651494475790911,0.023833449291882993
1-0,0-1,0.5017401321451511,0.46594689023575764,0.03231297761909172
0-1,1-0,0.4840032751732064,0.4976017166947624,0.018395008132029454
1-0,1-0,0.3963511143824805,0.5497873594154141,0.0538615262021067
1-0,1-0,0.452635634589092,0.5200060944240177,0.02735827098688971
0-1,0-1,0.581360842123506,0.3949999705268228,0.023639187349668543
1-0,1-0,0.43801145993614643,0.5542262608896162,0.0077622791742368615
0-1,0-1,0.3756663562595423,0.36118654013465656,0.2631471036058042
0-1,1-0,0.47369975488106975,0.5075794233447983,0.01872082177413167
0-1,0-1,0.49650281127390694,0.4666541793493699,0.036843009376722614
0-1,1-0,0.4585256041990621,0.5274862548227648,0.013988140978171852
0-1,1-0,0.46633010856872636,0.5028068471673108,0.030863044263964433
0-1,0-1,0.5419431610413961,0.45174035436965176,0.006316484588950667
0-1,1-0,0.46996625887816196,0.5132873821130111,0.016746359008827594
1-0,1-0,0.29457028466789914,0.6707063581304478,0.03472335720165415
1-0,1-0,0.3924353230251194,0.6009095362263126,0.006655140748570352
1-0,1-0,0.47511941466314267,0.5059148186788959,0.01896576665796068
0-1,0-1,0.5229228807338766,0.3897391938044644,0.08733792546165714
1-0,0-1,0.5068308964521854,0.4722168319844129,0.020952271563400512
0-1,1-0,0.4239131146637181,0.5406612096673963,0.035425675668885034
0-1,0-1,0.510020924567198,0.4671566531742824,0.022822422258517158
0-1,1-0,0.4559002054376945,0.5364035919100879,0.007696202652219226
1-0,1-0,0.38631509841958805,0.592986393670856,0.02069850790955552
1-0,1-0,0.48672179163398044,0.5006626121752742,0.012615596190744188
0-1,0-1,0.5193424229919045,0.457844687808764,0.02281288919933107
1-0,1-0,0.4865219157328508,0.49806795674118043,0.015410127525967796
1-0,1-0,0.47679801595893256,0.5000462277436256,0.02315575629744114
0-1,0-1,0.4935732193135655,0.4720316966938849,0.034395083992550424
0-1,1-0,0.490886629804256,0.49623857608145316,0.012874794114289854
0-1,0-1,0.810123363173267,0.1898720844277968,4.552398935897187e-06
1-0,1-0,0.449595964457643,0.4831909884118343,0.06721304713052435
1-0,1-0,0.3920789662528134,0.5760966047987665,0.03182442894842332
1-0,1-0,0.4642721843953892,0.5170093257606467,0.0187184898439634
1-0,0-1,0.5033982798973524,0.48269844923539995,0.013903270867247778
1-0,1-0,0.373569373750842,0.551175955338552,0.0752546709106088
1-0,0-1,0.5014729303755249,0.4859054450616523,0.012621624562822148
1-0,0-1,0.5001363278536969,0.4735720429934959,0.02629162915280451
1-0,1-0,0.45485507646378737,0.4790626696022292,0.06608225393398431
1-0,1-0,0.46582436545624983,0.525451518609539,0.008724115934210108
1-0,0-1,0.65041657546537,0.34074451202304606,0.008838912511582317
1-0,1-0,0.16596315961872304,0.8340269282768474,9.912104428459426e-06
1-0,0-1,0.47339215949389774,0.4722705855803624,0.0543372549257395
0-1,0-1,0.8470870906919741,0.1529116550936683,1.2542143561341723e-06
1-0,1-0,0.451562281884358,0.5295291352898692,0.01890858282577285
0-1,1-0,0.4731562819256069,0.5087448479347931,0.018098870139601073
0-1,1-0,0.4540888951925997,0.5164418572714183,0.02946924753598168
1-0,1-0,0.39662885220259725,0.5943970175881279,0.008974130209275788
1-0,0-1,0.5035389195670742,0.4468532779054244,0.049607802527502576
1/2-1/2,1-0,0.4672701246419884,0.5210881614784885,0.011641713879524873
1-0,1-0,0.44519733508164777,0.537545527438106,0.017257137480245172
0-1,1-0,0.336032966114859,0.6538110819444888,0.010155951940652755
0-1,1-0,0.3776301846556979,0.54285092661544,0.07951888872885918
1-0,1-0,0.4125113941697461,0.5809611005707295,0.006527505259524259
1-0,0-1,0.4985224875405307,0.42219416474835764,0.07928334771111174
0-1,1-0,0.4378525034765559,0.547663581508057,0.014483915015385906
0-1,0-1,0.5092935449738344,0.4620854808185092,0.028620974207655813
1/2-1/2,1-0,0.4492458772131402,0.5356693524411317,0.015084770345729213
0-1,0-1,0.5388982610239562,0.44733760049356613,0.013764138482478433
1-0,1-0,0.44498607845368654,0.5431413420111516,0.011872579535163252
0-1,0-1,0.3761959682620322,0.36663235345496786,0.25717167828299675
1-0,0-1,0.521844468114473,0.4325400279134204,0.04561550397210666
1-0,1-0,0.4362566214413417,0.5444010043789961,0.019342374179659002
1-0,1-0,0.4297340854960176,0.5345413811915568,0.035724533312427
1-0,1-0,0.451823484256274,0.5223926183875112,0.02578389735621555
1-0,1-0,0.2853929324902039,0.5962199591340118,0.11838710837578145
1-0,0-1,0.665538543755772,0.33119729049965585,0.0032641657445698327
1-0,1-0,0.3038258482955319,0.6935166799151136,0.002657471789357932
1-0,1-0,0.33150065916267485,0.626510737392469,0.04198860344485863
0-1,1-0,0.3376480009157411,0.6548321627233008,0.00751983636095874
0-1,0-1,0.5160894367882453,0.44833197264728036,0.035578590564475966
1-0,0-1,0.7015888508332616,0.296682662362424,0.0017284868043168774
0-1,1-0,0.26524660373515835,0.7339944310152658,0.0007589652495766041
0-1,1-0,0.40536509529830345,0.5817248334219586,0.012910071279738127
0-1,1-0,0.4835142229859958,0.5019374645130015,0.014548312501001215
1-0,0-1,0.4997658158328652,0.45162301101533225,0.04861117315180138
0-1,0-1,0.4675219148044864,0.44344388421174147,0.08903420098377114
0-1,1-0,0.4245797506809395,0.5511346565670199,0.024285592752040015
1-0,0-1,0.4793491177889539,0.47159730123528637,0.0490535809757606
0-1,1-0,0.4734979459314031,0.5009251282382633,0.02557692583033226
1-0,1-0,0.3666082338245501,0.6263346007175911,0.007057165457859318
1-0,1-0,0.47412238131245704,0.4762661011830781,0.04961151750446415
0-1,1-0,0.47547470960083227,0.5164155790630999,0.008109711336067095
1-0,1-0,0.4135489827382528,0.54867911360417,0.03777190365757873
0-1,1-0,0.42485856743128697,0.5620850034349669,0.013056429133747573
1-0,1-0,0.47427150594946693,0.5060591914022075,0.019669302648324782
1-0,1-0,0.4801024735851831,0.5026302453228316,0.017267281091986546
0-1,0-1,0.48382885811372767,0.47697869795630526,0.0391924439299687
1-0,1-0,0.4488754500732189,0.5438370697961249,0.007287480130654619
0-1,1-0,0.4498238790828057,0.5291535645169536,0.021022556400241605
0-1,0-1,0.5248159493529719,0.4562699468961826,0.018914103750844426
0-1,1-0,0.3581438811391492,0.5378130970620317,0.10404302179881725
1-0,1-0,0.4877684197017229,0.5044588164859687,0.007772763812308208
0-1,1-0,0.4509272867551007,0.5409437537496122,0.00812895949528828
1-0,1-0,0.45260246914755176,0.5301455979657637,0.017251932886684862
1-0,1-0,0.4539298167833642,0.5128688615221751,0.033201321694462244
0-1,1-0,0.4827512641692422,0.5058135347036197,0.011435201127138892
0-1,0-1,0.540022623990588,0.435600111444764,0.024377264564647186
0-1,1-0,0.46828401611160364,0.5228186852991334,0.008897298589263471
0-1,1/2-1/2,0.12356092004247553,0.1412523662057298,0.735186713751795
0-1,1-0,0.41337367264724,0.5774241601883996,0.009202167164361676
1-0,1-0,0.4510240429024657,0.5014839612208848,0.04749199587664959
1-0,0-1,0.48881855516424366,0.4704652275047051,0.04071621733105281
1-0,1-0,0.4419953013794585,0.5178914908579483,0.04011320776259188
1-0,0-1,0.5133782130481654,0.4729222983557105,0.013699488596123001
1-0,0-1,0.5855168294027163,0.3755191986983876,0.038963971898898137
1-0,1-0,0.33278454853559725,0.6551418381077099,0.012073613356695502
0-1,1-0,0.4104187168371794,0.567662623519146,0.021918659643674118
0-1,1-0,0.47199937878204257,0.5164136279456082,0.011586993272349907
1-0,0-1,0.5200078338332093,0.4613733170124298,0.01861884915436111
0-1,1-0,0.4561013380304747,0.48720189054761404,0.05669677142191445
0-1,0-1,0.4926631279631251,0.49102026349801636,0.016316608538857625
*,1-0,0.4778503744661116,0.5074018435322342,0.014747782001653944
0-1,1-0,0.4421035030309036,0.5367542576503586,0.02114223931873483
1-0,1-0,0.4653456322274904,0.524517862114168,0.010136505658343333
1-0,0-1,0.5081464529954473,0.4819102991837945,0.009943247820757707
0-1,1-0,0.4844904193015208,0.5052089071456567,0.01030067355282337
1-0,1-0,0.3403649034656041,0.6256341911219819,0.03400090541241051
0-1,0-1,0.5151126456896182,0.4712373001078657,0.013650054202515957
1-0,1-0,0.4919104730578823,0.4996485674932434,0.008440959448873468
0-1,1-0,0.42766731498802857,0.542837120472633,0.02949556453933526
0-1,1-0,0.4295246345578106,0.47723776217052827,0.09323760327166435
1-0,1-0,0.4102300943946487,0.576090344863989,0.013679560741361556
0-1,0-1,0.49088433339970966,0.48245885752021667,0.026656809080074586
0-1,1-0,0.4584983651683468,0.5265828638111013,0.014918771020551542
0-1,1-0,0.45274905499253915,0.5398128925259313,0.007438052481528563
0-1,0-1,0.4978933856995392,0.44372471725493234,0.05838189704552699
1-0,1-0,0.48917217375374444,0.49718576857696195,0.013642057669292395
0-1,1-0,0.4804230205634487,0.49759379105990137,0.02198318837664987
0-1,0-1,0.5016125500632571,0.4894473513991157,0.008940098537626371
1-0,1-0,0.49081025277635143,0.49896512204118454,0.010224625182464656
1-0,0-1,0.47556311407242075,0.4748621883638822,0.049574697563697
1-0,1-0,0.47806024826410404,0.5060678362544678,0.01587191548142685
1-0,0-1,0.517797813157001,0.4610922491897719,0.021109937653227315
0-1,1-0,0.4772048280616796,0.5032102242770011,0.01958494766131966
0-1,1-0,0.42997299856035565,0.4743828816286816,0.0956441198109615
0-1,1-0,0.4876391586222298,0.5018649014929055,0.010495939884863813
1-0,0-1,0.49330597208617083,0.49222418767903936,0.014469840234789153
0-1,0-1,0.5377700712228984,0.38963427101756537,0.0725956577595358
0-1,0-1,0.4990193467205994,0.4766399884108275,0.024340664868571685
0-1,0-1,0.5056009806552033,0.48257899885039013,0.011820020494404932
0-1,1-0,0.48062844425618295,0.5048779070082127,0.014493648735605966
1-0,1-0,0.4778901225809678,0.5063580244533818,0.015751852965650577
1-0,0-1,0.4920527033641803,0.47165259529072884,0.03629470134509184
0-1,0-1,0.5112214201235028,0.47995719278342025,0.008821387093076312
1-0,1-0,0.37484881473483966,0.6133904819802116,0.011760703284948895
1-0,0-1,0.49264178463008856,0.49020935062975807,0.017148864740153192
1-0,1-0,0.4709885705987192,0.4912980502251797,0.03771337917610054
0-1,1-0,0.48787679306308224,0.4926986527176265,0.019424554219292078
0-1,0-1,0.5084948655373439,0.47374880587670104,0.01775632858595597
1-0,0-1,0.4873945254609502,0.4609960078817986,0.0516094666572526
0-1,0-1,0.5084133126499422,0.47917053558235023,0.012416151767706345
0-1,1/2-1/2,0.27222991001699964,0.3374448570209954,0.3903252329620048
0-1,1-0,0.4567459400801696,0.5359787919669796,0.007275267952847768
1-0,1-0,0.42394204723043566,0.5685257844358697,0.007532168333693581
1-0,0-1,0.5046545829749384,0.47322666430070326,0.02211875272435763
1-0,1-0,0.47715584880698575,0.5075980249093263,0.01524612628368974
1-0,1-0,0.4711735156197368,0.5206758645744106,0.008150619805852417
0-1,1-0,0.476855578564068,0.5011389115354914,0.022005509900441613
1-0,1-0,0.4803268627716953,0.4890873667606371,0.030585770467667858
0-1,0-1,0.4898625190522868,0.4860597397625908,0.024077741185122167
1-0,1-0,0.47455507188469664,0.4920729622245761,0.033371965890728286
1-0,1-0,0.45618910720514066,0.5336465104300472,0.010164382364812364
0-1,1-0,0.33776205581296853,0.39494385109168323,0.26729409309534774
0-1,0-1,0.5530362940558893,0.42234035846967405,0.02462334747443585
1-0,1-0,0.36633814972264517,0.6282227503225978,0.005439099954756753
0-1,1-0,0.4846329059614446,0.5073285291616862,0.008038564876868496
1-0,1-0,0.377249949407287,0.5131540429078963,0.10959600768482014
0-1,1-0,0.46298095836613107,0.5268042520695998,0.010214789564270353
0-1,0-1,0.5217609418005816,0.47106158262824754,0.007177475571172542
1/2-1/2,1-0,0.47322649803017186,0.4740041651806775,0.05276933678915227
1-0,0-1,0.49469177374806617,0.4923610249201459,0.012947201331786362
1-0,1-0,0.4492163118303879,0.5424409447589,0.008342743410711645
1-0,1-0,0.47447174867500574,0.5116588748872478,0.013869376437747933
0-1,1-0,0.4654072044691856,0.5226252885288691,0.011967507001945857
1-0,1-0,0.440540650157238,0.5418510795698948,0.017608270272867196
0-1,0-1,0.47339215949389774,0.4722705855803624,0.0543372549257395
1-0,0-1,0.49479164981076934,0.4713833213904323,0.03382502879879748
0-1,1-0,0.45847345651307575,0.500547261385882,0.04097928210104306
0-1,1-0,0.4549023078206019,0.48669268088600026,0.05840501129339802
0-1,1-0,0.47903190983952415,0.49355691617754105,0.027411173982933433
1-0,1-0,0.4694840179340322,0.507665722830619,0.022850259235349456
0-1,0-1,0.56523448786375,0.4235637861932926,0.011201725942955845
0-1,1-0,0.44459060456420973,0.5074158124643803,0.04799358297140983
0-1,1-0,0.45143319840641544,0.5373813212471638,0.01118548034642123
0-1,1-0,0.42156641380061544,0.5084892836042475,0.06994430259513615
0-1,0-1,0.5322846258931809,0.43398933838740816,0.033726035719407604
1-0,1-0,0.3225143033030208,0.6687444767542782,0.008741219942700528
1-0,1-0,0.45846326314322783,0.5258308093893546,0.015705927467419195
1-0,1-0,0.41836271946076553,0.5710590751307872,0.010578205408443649
0-1,1-0,0.43058838171464997,0.5596128102170427,0.009798808068306583
1/2-1/2,0-1,0.43023489714780827,0.40674626298454886,0.16301883986764387
1-0,1-0,0.44428028798668795,0.5265076028857515,0.029212109127560736
1-0,1-0,0.3369542046285072,0.6558327073882501,0.007213087983244765
1-0,1-0,0.49145645153570866,0.4979410816240214,0.010602466840270004
1-0,0-1,0.49023182060043247,0.4582749902498639,0.051493189149702655
0-1,1-0,0.37895923561920414,0.4044420662122736,0.21659869816852445
1-0,1-0,0.4645299112848288,0.49686743949784196,0.038602649217332585
1-0,0-1,0.4090904747017885,0.385452264890857,0.2054572604073563
0-1,0-1,0.5085474356780866,0.4747035416167198,0.016749022705192566
0-1,1-0,0.4621825770064495,0.4635876197296044,0.07422980326394875
1-0,0-1,0.507625911414122,0.4775730717842603,0.01480101680161906
1-0,1-0,0.4645153772909936,0.5209951687492433,0.014489453959760257
0-1,0-1,0.5054254849395278,0.4582469774774902,0.036327537582981614
0-1,0-1,0.5310183740380346,0.4590312808541303,0.00995034510783369
1-0,1-0,0.47033158282812376,0.5214114348496702,0.008256982322206454
0-1,1-0,0.46950042354986793,0.5241920571788324,0.006307519271298105
1-0,0-1,0.501650384446163,0.4847845426179541,0.013565072935884192
1-0,1-0,0.4280835079641171,0.5648414495708425,0.007075042465039622
0-1,0-1,0.4688336641632267,0.4432500731286174,0.08791626270815586
0-1,0-1,0.572669616669948,0.41071622786082035,0.016614155469233494
1-0,1-0,0.4127842875305955,0.43480951138414553,0.1524062010852597
1-0,1/2-1/2,0.14523371546374625,0.18272966681883607,0.6720366177174155
0-1,0-1,0.5323348211354901,0.46275311933414154,0.004912059530365507
1-0,0-1,0.507115929812101,0.4755145687898756,0.01736950139802438
0-1,1-0,0.41854419085171735,0.5673516626080747,0.01410414654020657
0-1,0-1,0.45735139492778,0.4514553848195638,0.09119322025265893
1-0,1/2-1/2,0.3012747943530116,0.31856676298827014,0.3801584426587169
0-1,0-1,0.5331870069735748,0.4586787853268472,0.00813420769957701
0-1,1-0,0.41915449261411614,0.5643009501870507,0.01654455719883167
1-0,1-0,0.46848086768904457,0.5034750846411383,0.028044047669816177
1-0,1-0,0.46519405091983856,0.4927617321147236,0.042044216965435144
0-1,1-0,0.4775502426641315,0.4934360323168556,0.02901372501901416
1-0,1-0,0.4413580362028106,0.5496107801814193,0.009031183615766887
1-0,1/2-1/2,0.23845276519205033,0.26388966909702727,0.49765756571092096
1-0,1-0,0.38409479037406613,0.4124816069191302,0.20342360270680346
0-1,0-1,0.5108128531774718,0.4574158319407425,0.03177131488178506
1-0,1-0,0.09981305370326857,0.9001865681369006,3.7815983171090704e-07
0-1,1-0,0.41591217576807893,0.5550342902842816,0.02905353394763784
0-1,0-1,0.5573815158958403,0.4070078965805718,0.035610587523588824
0-1,0-1,0.6257276710624492,0.3692507318392716,0.005021597098281638
0-1,0-1,0.5071428329260738,0.44800001137098,0.04485715570294715
1-0,1-0,0.4523880183655604,0.5356911844721822,0.01192079716225794
1-0,1-0,0.46312522750089224,0.491523233414621,0.045351539084486234
0-1,1-0,0.40556810813375505,0.5887830649633937,0.005648826902850283
1-0,1-0,0.418645436220275,0.574085738947446,0.007268824832276747
1-0,1-0,0.4636542977350999,0.5159102638236424,0.02043543844125781
1-0,1-0,0.45692024384060126,0.5292085808534317,0.013871175305964647
1-0,0-1,0.5089868533078337,0.47925931292263,0.011753833769537375
0-1,1-0,0.42258780158671483,0.5691232109266217,0.008288987486664028
0-1,0-1,0.49371840157610447,0.48471621334919057,0.02156538507470364
1-0,0-1,0.4932722420371507,0.4811090899146321,0.025618668048216883
1-0,1-0,0.4698921037354679,0.49785362779527115,0.03225426846926105
0-1,1-0,0.48543356397612264,0.5022586362104391,0.012307799813437242
1-0,1-0,0.47309062595991447,0.5167946924624045,0.010114681577682206
1-0,1-0,0.4004154014538665,0.5939497270429425,0.005634871503189449
1-0,1-0,0.4499109774008053,0.5420048284633122,0.008084194135881384
0-1,1-0,0.48249620738523996,0.505694827649066,0.011808964965692484
0-1,1-0,0.42469883430910027,0.5647296839859152,0.010571481704983846
1-0,0-1,0.5042067399198447,0.4864072049006422,0.009386055179512224
1-0,1-0,0.4223094884755056,0.5521790565520014,0.025511454972494487
0-1,1-0,0.3523922097568751,0.643583087681893,0.004024702561231708
0-1,0-1,0.8473918825788075,0.15260742361660673,6.938045837879627e-07
0-1,0-1,0.6639529461744825,0.3236000285883057,0.012447025237214178
0-1,1-0,0.334763373508308,0.659414440428581,0.005822186063113319
1-0,1-0,0.07035398785955162,0.9296460119528474,1.8759991384186604e-10
0-1,1-0,0.40359874519046257,0.586616203809136,0.009785051000398275
1-0,1-0,0.4583204921475209,0.5334958647583067,0.008183643094173817
0-1,1-0,0.4602194878763534,0.4781013684918409,0.06167914363180594
1-0,0-1,0.5120485808285011,0.46917647447195227,0.018774944699545246
0-1,0-1,0.5059721200113064,0.4784452583613607,0.015582621627333156
0-1,1-0,0.4646098029946408,0.5065039647810269,0.028886232224330656
0-1,0-1,0.5012557087227192,0.4842538955704102,0.014490395706871268
1-0,1-0,0.46409719195453136,0.5092979310790122,0.026604876966456015
1/2-1/2,0-1,0.5116219023410442,0.4596086366904965,0.028769460968460822
1-0,1-0,0.45562154435691377,0.5372310032731332,0.0071474523699544944
0-1,0-1,0.49386054733360135,0.48552613770878195,0.020613314957615148
0-1,1-0,0.43180190310649147,0.46203123275108715,0.1061668641424207
1-0,1-0,0.02181849895115546,0.9781815010488379,6.045258249964694e-17
1-0,1-0,0.46629654565840173,0.5245562283300754,0.009147226011523206
0-1,1-0,0.410491907958108,0.5744619943196666,0.015046097722223907
0-1,0-1,0.4935156549016082,0.4723992636498468,0.03408508144854591
1-0,0-1,0.49742660118780174,0.4357325134167991,0.06684088539540016
1-0,1-0,0.48572875000278165,0.500642089627334,0.013629160369885627
1-0,1-0,0.4761012336122926,0.5111070887982283,0.012791677589478061
1-0,1-0,0.27117410693672217,0.4893211240790533,0.23950476898422624
1-0,0-1,0.5338085535533477,0.4509007531359026,0.01529069331074836
0-1,0-1,0.5689699007696813,0.41804920462208484,0.012980894608233678
1-0,1-0,0.4328611675908174,0.5604658372042289,0.006672995204952648
1-0,1-0,0.4909880118386346,0.49313256744384387,0.015879420717521454
1-0,1-0,0.45816899390187155,0.5335864841350296,0.008244521963099712
1-0,1-0,0.4555406063627785,0.5374177866973285,0.007041606939890098
1-0,1-0,0.31244539694342005,0.6831926881162067,0.004361914940373935
1-0,0-1,0.5044676096555922,0.4880224865015596,0.00750990384284714
1-0,1-0,0.4839253136951406,0.5081083210477745,0.00796636525708504
1-0,0-1,0.4814092471779506,0.4792821614606083,0.03930859136144281
1-0,1-0,0.4729504048230976,0.49283847416280896,0.03421112101409136
0-1,0-1,0.4996769487574238,0.4816774404672767,0.018645610775298173
1-0,1-0,0.43544233282500566,0.5533338573945351,0.011223809780458236
0-1,0-1,0.5029398360933935,0.4823779973938044,0.014682166512803076
1-0,1-0,0.44405222085214235,0.5442061053617342,0.011741673786124993
1-0,1-0,0.4429557147475328,0.5477331397714429,0.009311145481023358
0-1,1-0,0.47583853264578246,0.5163523188244826,0.007809148529732426
0-1,1-0,0.4040054368896887,0.43913034626288605,0.15686421684742716
1-0,1-0,0.4751479979140224,0.5136376879796308,0.011214314106345038
1-0,1-0,0.45748293053666056,0.5328996589797148,0.009617410483624984
1-0,1-0,0.4729239175546624,0.5128912034710871,0.014184878974249495
1-0,0-1,0.49807720917763126,0.4557783573108743,0.046144433511496295
1-0,1-0,0.43548022087178123,0.4388251013897767,0.12569467773844117
1-0,1-0,0.4224266210974713,0.4596345969748155,0.11793878192771441
0-1,0-1,0.5160935182307874,0.4668339439982801,0.01707253777093202
1-0,0-1,0.5005856975271273,0.4676298858315549,0.031784416641317245
0-1,0-1,0.5377209937780819,0.45009503799899603,0.012183968222920664
1-0,1-0,0.36197977239350243,0.4951554763033677,0.1428647513031273
0-1,1-0,0.4672508049131317,0.5142541829705888,0.018495012116280747
1-0,0-1,0.49095691567126615,0.48571525543067334,0.02332782889805954
0-1,0-1,0.5241796340297938,0.4495242661951655,0.026296099775041958
1-0,1-0,0.46300874950065707,0.49267572360163847,0.04431552689770468
0-1,1-0,0.4636782887929624,0.5081059230348863,0.028215788172152922
1/2-1/2,0-1,0.4221611309908816,0.4143197191450953,0.16351914986402463
0-1,1-0,0.42006702127573115,0.4295649209562687,0.15036805776799883
0-1,0-1,0.48972712166909127,0.47116902177032355,0.03910385656058403
1-0,1-0,0.44786087628915855,0.5283071951802283,0.023831928530614558
0-1,1-0,0.47858424651353587,0.5143408916798601,0.007074861806606906
1/2-1/2,0-1,0.44828100672917864,0.4057344850140866,0.14598450825673573
0-1,1-0,0.39830447422333237,0.5959302412024826,0.005765284574182295
1-0,1-0,0.3594104872691887,0.6291197176591667,0.011469795071641305
1-0,1-0,0.44713407253290105,0.5255345856744318,0.027331341792669002
1-0,0-1,0.5062871036460224,0.48532111631975844,0.008391780034221736
0-1,1-0,0.30406755313607964,0.6882421364962017,0.007690310367721418
1-0,1-0,0.2941746894875181,0.5711523411578228,0.13467296935465647
1-0,0-1,0.5255724652093683,0.4507662254002128,0.0236613093904205
0-1,0-1,0.4245412578881227,0.42143222172843553,0.1540265203834416
1-0,0-1,0.4947839028550612,0.47138810172237205,0.03382799542256569
0-1,1-0,0.42100825789203933,0.570439390896903,0.008552351211056623
1-0,0-1,0.5032534632698105,0.43138036079995334,0.06536617593023737
0-1,0-1,0.49704239110761356,0.45997870838121446,0.042978900511173
0-1,1-0,0.4444487271981148,0.5483441788691711,0.007207093932715071
1-0,0-1,0.4341853525081318,0.35982281165114705,0.20599183584072464
0-1,0-1,0.5811135560358895,0.4013299932718841,0.01755645069222411
1-0,0-1,0.5014165904606654,0.4824866013622476,0.01609680817708543
0-1,0-1,0.4964266738004126,0.48510949751319127,0.01846382868639576
0-1,1-0,0.487132119606275,0.5010369320447741,0.011830948348950415
1-0,1-0,0.48021542220045477,0.5046316464896732,0.015152931309871016
1-0,0-1,0.49888763849676104,0.4898959428854167,0.011216418617823671
1-0,1-0,0.4646533409959044,0.527219520149809,0.008127138854287235
1-0,1-0,0.4300196276847212,0.5520728782049492,0.01790749411032733
0-1,1-0,0.45620547860159555,0.5367039305237009,0.007090590874705012
0-1,1-0,0.4475315547489788,0.5404786901252308,0.011989755125789411
1/2-1/2,1-0,0.42766478473798397,0.5467527075554256,0.02558250770659304
1-0,1-0,0.4476815784398298,0.49869594158246167,0.053622479977710025
0-1,0-1,0.5881240770357179,0.3722584743634536,0.03961744860082619
1-0,1-0,0.3724385690535076,0.5892705388679496,0.038290892078545274
0-1,1-0,0.4719372982070374,0.5145532399513022,0.013509461841660958
1-0,1-0,0.49063684956949705,0.4982154186013466,0.011147731829155003
1-0,0-1,0.5539160734131687,0.42293723089021057,0.023146695696621093
0-1,1-0,0.3066623509176946,0.3504929621866564,0.34284468689564535
0-1,1-0,0.45045534121171854,0.5382950837573643,0.011249575030916729
1-0,1-0,0.4731165368652734,0.5074943050478444,0.019389158086880683
1-0,0-1,0.48742979960652244,0.48144203630741167,0.031128164086065575
1-0,1-0,0.4162844336638325,0.5602428776793885,0.023472688656778633
0-1,1-0,0.4583752793609758,0.5339172826184146,0.007707438020608386
1/2-1/2,1-0,0.3972738717751217,0.585158804182502,0.01756732404237291
1-0,1-0,0.4288555109284231,0.5625671421250361,0.008577346946540654
0-1,0-1,0.7296065923582714,0.26821899297542445,0.0021744146663013465
1-0,1-0,0.4669953421223149,0.5153699631699731,0.017634694707710844
0-1,0-1,0.49055752084540216,0.46523846586067563,0.044204013293920714
1-0,1-0,0.4919828398222989,0.49341805598606797,0.014599104191632009
1/2-1/2,1/2-1/2,0.19791514077015315,0.21993460180819713,0.5821502574216492
0-1,0-1,0.49039568757768415,0.4843602943187078,0.02524401810360861
0-1,1-0,0.460867621405707,0.47009775854576447,0.06903462004853028
1-0,1-0,0.4772242681079497,0.5110844708478435,0.011691261044208694
1/2-1/2,1-0,0.43843334084255114,0.48496843649845095,0.07659822265899825
0-1,1-0,0.38092734643176757,0.5912860848968038,0.027786568671428025
0-1,1-0,0.449984541659076,0.5387710823783344,0.011244375962590104
1-0,1-0,0.4877690469502471,0.5034530427055661,0.008777910344188176
1-0,1-0,0.4584436166387799,0.5332992042203505,0.008257179140869274
0-1,1-0,0.37161690322868796,0.37226060632714303,0.25612249044416885
0-1,0-1,0.5104146662604886,0.4774718091055555,0.012113524633957103
1-0,1-0,0.3252020053412865,0.6603808406993927,0.014417153959322951
1-0,1-0,0.3350219445392017,0.639832829554191,0.02514522590660726
1-0,1-0,0.348298563174374,0.4018836365579676,0.24981780026765585
1-0,1/2-1/2,0.01016610213586823,0.011676561602495117,0.9781573362616346
0-1,1-0,0.4726338694514428,0.5167062663131436,0.010659864235412809
0-1,1-0,0.4561046025127485,0.5245045566918743,0.019390840795378592
0-1,0-1,0.4990013457920872,0.4701883031325831,0.03081035107533081
1-0,1-0,0.35991349607622863,0.6251403230676069,0.014946180856162736
0-1,0-1,0.7177611455348138,0.27702635301210965,0.005212501453073137
0-1,0-1,0.7070863013781887,0.2915744947023301,0.0013392039194780846
0-1,0-1,0.5189792972408767,0.4518303957758854,0.029190306983239458
1-0,1-0,0.45594262972586663,0.5359679917661047,0.008089378508029703
0-1,1/2-1/2,0.10786429506547741,0.17830676973970336,0.7138289351948206
1/2-1/2,0-1,0.4573486446920004,0.3688456326628135,0.1738057226451854
1-0,1-0,0.44343742961393773,0.5433852226211363,0.013177347764925499
0-1,1-0,0.47140296709073143,0.488997020042084,0.03960001286718561
1-0,1-0,0.4823533388681269,0.5093996255970326,0.008247035534839972
0-1,0-1,0.4986176620407414,0.4849664385820726,0.016415899377184517
1-0,1-0,0.44894982590443516,0.4509270379481175,0.10012313614744667
0-1,1-0,0.49498656052030654,0.4952324295259624,0.009781009953730008
0-1,1-0,0.4626406558678701,0.521426388685171,0.01593295544695986
1/2-1/2,0-1,0.520243628433654,0.4649477941688792,0.014808577397467293
0-1,0-1,0.4882023936370504,0.4694771396925866,0.042320466670364
0-1,1-0,0.4311430990744006,0.5332224323286662,0.0356344685969326
1-0,1-0,0.4864774076268966,0.49558387550714506,0.017938716865958933
0-1,1-0,0.45718425260704093,0.5346251070654022,0.008190640327557865
1-0,1-0,0.21440798541164502,0.7855207917941528,7.122279420449654e-05
1-0,0-1,0.5520303761646432,0.4344795621485996,0.013490061686755735
1-0,1-0,0.43100402244152136,0.4617646467055602,0.10723133085291886
1-0,1-0,0.30479342564816786,0.5920604220986337,0.10314615225319676
1-0,1-0,0.3751511887062189,0.5336855404278372,0.09116327086594073
1-0,1-0,0.4358886676066422,0.5300505980131068,0.03406073438025016
1-0,1-0,0.42709578362855566,0.47994476614412784,0.0929594502273182
0-1,0-1,0.5193673423485659,0.4592307076473377,0.021401950004095824
1-0,0-1,0.52022542040639,0.46677395234035196,0.013000627253257133
1-0,1-0,0.4149312955309299,0.5223990978542468,0.06266960661482579
0-1,1-0,0.47414139554698104,0.5149953029403485,0.010863301512671371
0-1,0-1,0.48693199365851314,0.39777179293360754,0.11529621340787788
1-0,1-0,0.3762030040244196,0.4097823039003046,0.21401469207527676
1-0,0-1,0.5234293988935365,0.45809510226622135,0.01847549884024195
1-0,0-1,0.5151525654385102,0.4687618161834045,0.01608561837808585
1-0,0-1,0.5452547214954813,0.44485220898286776,0.00989306952165179
1-0,1-0,0.43650623174780806,0.5554084857996365,0.008085282452554694
1-0,1-0,0.48926549387068086,0.500049263231611,0.010685242897708776
1/2-1/2,0-1,0.4713608228514801,0.44788287167425184,0.08075630547426778
1-0,1-0,0.35237256605310924,0.5799072291247049,0.06772020482218542
0-1,0-1,0.5032870314700321,0.48918629598376734,0.007526672546199843
1-0,1-0,0.32715201975190084,0.6566094018903939,0.01623857835770638
0-1,1-0,0.46390326576990376,0.5263132400320198,0.00978349419807734
1-0,1-0,0.4483063970193968,0.5391169625745069,0.012576640406096658
0-1,1-0,0.3231146593086821,0.6276522310844894,0.04923310960682971
1-0,0-1,0.5017223234531428,0.45371081773654026,0.04456685881031713
1-0,1-0,0.4334896040359154,0.4834581424165018,0.08305225354758125
1-0,1-0,0.327441416804996,0.6623035702028113,0.010255012992196059
0-1,0-1,0.6477641802766283,0.34918854494407514,0.0030472747792969594
1-0,1-0,0.44883728609799567,0.47295998437720477,0.07820272952479844
0-1,1-0,0.4881453217010166,0.4978620176956297,0.013992660603354171
1-0,0-1,0.5059497063119308,0.47440292663722966,0.019647367050838346
1-0,1-0,0.47424728839079905,0.5169792977258024,0.008773413883397358
1/2-1/2,1-0,0.3253258239465612,0.44535938003063175,0.22931479602280488
1-0,1-0,0.4703599646381155,0.5230215390793913,0.006618496282492445
1-0,0-1,0.5320392556754296,0.44032624716529933,0.02763449715927071
0-1,0-1,0.5079159679752178,0.47424846907536766,0.017835562949414876
1-0,1-0,0.4665577524656867,0.48967223744544797,0.04377001008886484
0-1,1-0,0.3882777453801469,0.6041260046034307,0.007596250016423384
1-0,1-0,0.44516170706485475,0.5478857626452126,0.006952530289933673
1-0,1-0,0.44676480836105253,0.543533970287612,0.009701221351332048
1-0,1-0,0.4307229844078484,0.5531617688072793,0.016115246784872295
1-0,1-0,0.40538042372039684,0.5285788268946929,0.06604074938491085
0-1,0-1,0.49642728990927565,0.45431082370477954,0.04926188638594421
1-0,1/2-1/2,0.2548878701798334,0.3299075922413362,0.41520453757883247
1-0,1-0,0.49263187338370673,0.4962569431705353,0.011111183445759553
1-0,0-1,0.49697884454458235,0.4858113111433786,0.017209844312037925
0-1,1-0,0.3786914118248377,0.608266424399977,0.013042163775183595
0-1,1-0,0.3939102106757894,0.5774816311044356,0.02860815821977313
1-0,1-0,0.4537891740774965,0.5292756159035987,0.016935210018904363
1-0,0-1,0.49563497923822336,0.4898077369652767,0.014557283796499782
1-0,0-1,0.5585204772498108,0.4342207451359691,0.007258777614219303
1-0,1-0,0.46762306160917255,0.5249382711308592,0.007438667259967537
0-1,0-1,0.5387051654102478,0.42322538736472476,0.03806944722502741
1/2-1/2,0-1,0.40063640405889617,0.39703577835446763,0.20232781758663484
0-1,1-0,0.41186709263499494,0.5545172692892002,0.03361563807580587
1-0,1-0,0.30933531567396233,0.5026554429633372,0.18800924136270347
1-0,0-1,0.4920122040751412,0.48608830200468134,0.02189949392017602
1-0,1-0,0.4564337895782914,0.5221189747681387,0.021447235653571612
0-1,1-0,0.4239642826808579,0.466085444390071,0.10995027292906802
0-1,1-0,0.43819373519378463,0.5507436123196674,0.011062652486546774
1/2-1/2,1-0,0.45113467649342376,0.5410860066191159,0.007779316887459173
1/2-1/2,1-0,0.4840992735167187,0.49584819015923004,0.020052536324050355
1/2-1/2,1/2-1/2,0.31508930163253945,0.3324746763885607,0.35243602197890056
0-1,0-1,0.5052720384833783,0.47459508208390033,0.020132879432720796
1-0,1-0,0.42791630477617504,0.5586984749507402,0.013385220273084841
0-1,1-0,0.4602151769541222,0.5319519719578668,0.007832851088008104
0-1,1-0,0.4791726897600254,0.5097108300956348,0.01111648014434088
0-1,1-0,0.3971958768838365,0.43349524802223965,0.16930887509392367
0-1,1/2-1/2,0.3248146252854424,0.3370919549083716,0.33809341980618557
0-1,1-0,0.49564117148153786,0.4959847191777201,0.008374109340743662
1-0,1-0,0.477935496299149,0.503627861517249,0.018436642183598882
1-0,0-1,0.49907591055553724,0.48497503508753764,0.015949054356923356
1-0,1-0,0.41197569696209274,0.5773441614127738,0.01068014162513468
0-1,1-0,0.4505592788637166,0.5353874340211516,0.014053287115132176
0-1,0-1,0.5081017914604797,0.43170972117691747,0.06018848736260425
0-1,0-1,0.5324322282457453,0.4618728003740199,0.0056949713802355705
1-0,1-0,0.4497469279377071,0.5387925859228749,0.0114604861394214
1/2-1/2,0-1,0.4269391198440409,0.3836478267474984,0.18941305340845777
1-0,1-0,0.45969645070395815,0.4601952357044909,0.08010831359155256
1-0,1-0,0.4060357051876673,0.4407844930317963,0.153179801780534
0-1,1-0,0.4530795045469088,0.5238981056197394,0.023022389833350285
0-1,0-1,0.49973821714360944,0.49204128209303133,0.008220500763359421
1-0,0-1,0.5094134893648848,0.44634174211254946,0.044244768522565786
0-1,0-1,0.4976400761587341,0.48447820380707973,0.0178817200341865
0-1,1-0,0.48691547944207536,0.5034513088310876,0.009633211726835574
0-1,1-0,0.4080000764805064,0.5833595634194805,0.008640360100012835
1-0,1-0,0.4625041973436304,0.5303710611523658,0.007124741504002774
0-1,1-0,0.4776041682419438,0.5047367285818416,0.017659103176211544
0-1,1-0,0.48639918420918427,0.49578377435167253,0.017817041439144244
1-0,1-0,0.43732166695919594,0.5368848412713363,0.025793491769469382
0-1,0-1,0.5328828418545828,0.4589749000745079,0.008142258070909979
1-0,1-0,0.49389167357712976,0.4946709281607886,0.011437398262082414
0-1,1-0,0.0883605898218176,0.9116393490634984,6.111468659234568e-08
1-0,1-0,0.48545444910977653,0.5056553717754071,0.008890179114816127
1-0,1-0,0.4899258998269535,0.501823388302203,0.00825071187084415
0-1,1-0,0.3528096503131561,0.4868584607780865,0.16033188890875733
0-1,1-0,0.4295933720118089,0.492630111273287,0.0777765167149054
1/2-1/2,1-0,0.42846195936976583,0.5248870072617978,0.0466510333684371
0-1,1-0,0.48029293219000757,0.4909611327967805,0.02874593501321318
1/2-1/2,1-0,0.42129818647082784,0.5666037030643548,0.012098110464817374
0-1,0-1,0.5292413031368948,0.4582442973108505,0.01251439955225602
1-0,1-0,0.45208135602323485,0.5317879096631136,0.0161307343136526
0-1,0-1,0.4980049527203854,0.4776436388737829,0.02435140840583171
0-1,0-1,0.50956140970874,0.48307339334896615,0.007365196942292685
0-1,1-0,0.4267794373777601,0.44442671431393405,0.12879384830830712
1-0,1-0,0.46829623416324295,0.5113834670050426,0.02032029883171357
1-0,1-0,0.4203200728449957,0.566169638056228,0.013510289098775316
1-0,0-1,0.49286730670213474,0.4249190236412153,0.0822136696566517
1/2-1/2,1-0,0.32431113057010574,0.583558559135209,0.09213031029468237
1-0,1-0,0.48468520654637304,0.48837944626580165,0.02693534718782592
1-0,1-0,0.47087119298044916,0.5090844615612332,0.020044345458318666
0-1,1-0,0.35063882656379103,0.6266770000725567,0.022684173363654
1-0,1-0,0.43990524331489445,0.517159643693464,0.042935112991638553
1-0,0-1,0.4899134343503619,0.4448202930955586,0.06526627255408123
1-0,0-1,0.49531921289507896,0.4876113692271822,0.01706941787773788
1-0,1-0,0.4841526279218735,0.5074123748320981,0.008434997246027724
0-1,0-1,0.49334012729308774,0.48661684709535347,0.0200430256115591
0-1,1-0,0.4594103147570822,0.48836619424325933,0.05222349099965905
1-0,0-1,0.5074224293130909,0.46516262508630607,0.027414945600604236
1-0,0-1,0.5194397185307318,0.4695290370059724,0.011031244463297058
1-0,0-1,0.550771527767717,0.4388784267040828,0.010350045528199864
0-1,0-1,0.5722740387164538,0.42337964141467127,0.004346319868878075
1-0,0-1,0.5607726997111814,0.40790748249647196,0.031319817792347215
0-1,1-0,0.4078472878750037,0.5513572606659308,0.04079545145906227
0-1,0-1,0.4267914788136983,0.40736738002392264,0.16584114116238083
0-1,0-1,0.4811176394642587,0.4720054952175788,0.046876865318160724
0-1,1-0,0.44719058846038623,0.47949023375370836,0.07331917778590559
0-1,1-0,0.320563530934577,0.35213842584660743,0.32729804321881345
0-1,0-1,0.7089691629597896,0.2895643235097713,0.0014665135304418385
0-1,0-1,0.7601551635772532,0.2397115948646497,0.00013324155809415163
1-0,1-0,0.4091610383697239,0.5142127008313933,0.07662626079888413
0-1,1-0,0.46334481832545354,0.526615004284155,0.010040177390390759
0-1,1-0,0.4381543893483331,0.5512632864269476,0.010582324224719816
1/2-1/2,1/2-1/2,0.24644957835427464,0.3128759096525879,0.440674511993137
1-0,1-0,0.4871106987551592,0.5029933176265637,0.009895983618278453
0-1,1-0,0.4481545174989168,0.5440856805872324,0.007759801913851321
0-1,0-1,0.5443729319598102,0.40530269752313147,0.0503243705170601
1-0,1-0,0.3994286336926496,0.4488645203117758,0.15170684599557552
1-0,1-0,0.3885195566745787,0.5446610551742594,0.06681938815116077
1-0,1-0,0.40775545299665394,0.40830461341041935,0.18393993359292668
1-0,1/2-1/2,0.2968534697761026,0.315964613484047,0.38718191673984986
0-1,1-0,0.4507639776996125,0.5395634289912388,0.009672593309149945
0-1,1-0,0.4839376640095074,0.5079221185365472,0.008140217453946701
1-0,0-1,0.5077892689796485,0.4852965414897248,0.006914189530624246
0-1,1-0,0.47038516836428323,0.509767618287568,0.01984721334814952
0-1,1-0,0.26635318019093085,0.7138887483169007,0.0197580714921672
1-0,1-0,0.4836881832311175,0.5054989644235701,0.01081285234531212
1-0,1-0,0.49156325476055157,0.4970668149275076,0.011369930311940026
1-0,0-1,0.5023113424122735,0.4772454136685879,0.020443243919139674
0-1,1-0,0.45957418881534756,0.5296801807784212,0.010745630406232389
0-1,0-1,0.4924390763554149,0.4754576277738319,0.032103295870754577
0-1,1-0,0.4617336175496558,0.5298548071121245,0.008411575338221023
0-1,1-0,0.45731499366203576,0.49272284523217647,0.049962161105787356
1/2-1/2,1-0,0.48910525023403906,0.49302485560846837,0.01786989415749111
0-1,1-0,0.4330291566677933,0.4470213417176956,0.11994950161450943
0-1,1-0,0.4599652077995984,0.5317156600128109,0.008319132187589026
1-0,0-1,0.4896107406343414,0.4672835813529924,0.04310567801266578
1-0,0-1,0.503251661731282,0.4851571566146343,0.011591181654084487
1-0,1-0,0.4720684800252941,0.519748272243654,0.008183247731052704
0-1,1-0,0.48516724242909337,0.49960394223524984,0.015228815335658237
1-0,1-0,0.4532434666144563,0.5309296590552782,0.015826874330264133
1-0,0-1,0.6135633738158118,0.3738982107618883,0.012538415422298705
0-1,0-1,0.6256954049237125,0.34660343199097465,0.027701163085311033
0-1,0-1,0.4893824513792606,0.4840372518327728,0.026580296787967406
1-0,1-0,0.24184058704192712,0.750960389025445,0.0071990239326296755
0-1,1-0,0.4541899728770907,0.5363930374782924,0.009416989644616462
1/2-1/2,1-0,0.251307233335103,0.5387583501137031,0.2099344165511951
1-0,0-1,0.4899243079713957,0.4043313116052991,0.10574438042330386
0-1,1-0,0.42813344490331223,0.5651449957339697,0.006721559362719576
0-1,1-0,0.29850817842855654,0.54261002404155,0.15888179752989573
0-1,0-1,0.5442551402727848,0.4480511318984197,0.007693727828796656
1-0,1-0,0.46502568637558844,0.4960256539591392,0.03894865966527385
1-0,1-0,0.4242410494456055,0.5381423094366838,0.037616641117711604
1-0,1-0,0.457958160983334,0.5134687631871968,0.02857307582946743
0-1,0-1,0.48610274774224277,0.4395558605895433,0.07434139166821373
0-1,0-1,0.5145389904267701,0.4514454875032606,0.03401552206996969
1-0,0-1,0.6457860508629516,0.35122416019672703,0.0029897889403225184
1-0,1-0,0.42078115916249265,0.44157942365329766,0.13763941718420974
1-0,1-0,0.4783362438027626,0.5079182097105055,0.013745546486732813
1-0,1-0,0.4244311478692185,0.5651348523830281,0.010433999747753608
0-1,1-0,0.39558357652066795,0.5979806760715007,0.006435747407830565
1-0,1-0,0.4699303771905295,0.5219030168697283,0.008166605939745678
1-0,1-0,0.481890573994412,0.5106458268818003,0.007463599123789081
0-1,0-1,0.617588755778696,0.3752821327112045,0.00712911151010067
1/2-1/2,1-0,0.44576453804012156,0.5405950956992952,0.013640366260584898
0-1,0-1,0.4947057845743843,0.4926127897743823,0.012681425651232554
0-1,1-0,0.44202285104313127,0.4571466418859106,0.10083050707095981
1-0,0-1,0.517331891208836,0.4643767655154816,0.018291343275681608
1-0,1-0,0.4588328476339185,0.5247204429923298,0.01644670937375104
1-0,0-1,0.5743053752932264,0.4211912228726301,0.004503401834144098
1-0,0-1,0.4927139500807515,0.4683457234200933,0.03894032649915672
1-0,0-1,0.5016018277695277,0.4862347136696669,0.012163458560804093
1-0,1-0,0.4802587585061336,0.5063887134264845,0.013352528067380407
0-1,1-0,0.45997706278572176,0.5330557900858219,0.006967147128456763
1-0,1-0,0.4496485319663667,0.5403732603891347,0.009978207644499628
1/2-1/2,1-0,0.43307992130657524,0.5539576172700524,0.012962461423372866
1-0,1-0,0.4872090845227424,0.4881052278712057,0.024685687606050784
1-0,1-0,0.4656282743765125,0.5177677181618228,0.01660400746166563
1-0,1-0,0.489091907025948,0.4952108631275468,0.015697229846504214
1-0,0-1,0.48864752946016365,0.4871211472735805,0.0242313232662572
0-1,1-0,0.45722930215725266,0.5255705846601307,0.017200113182615228
1-0,0-1,0.553609898898857,0.4420516121347407,0.004338488966401496
0-1,1-0,0.4589859458807238,0.5300799819666726,0.01093407215260529
1/2-1/2,1-0,0.40491237253730034,0.4457909272007436,0.14929670026195918
0-1,1-0,0.4607998816608342,0.5272810978092459,0.011919020529921411
1-0,1-0,0.4647673657599401,0.4772644449828391,0.05796818925722134
0-1,1-0,0.4784966309237233,0.5065014136445106,0.015001955431765251
0-1,1-0,0.46089598594014003,0.5254043976312422,0.013699616428617062
1-0,0-1,0.5080572890118182,0.4772557543752866,0.01468695661289554
1-0,1-0,0.428588629637715,0.4303290444729294,0.1410823258893572
0-1,1-0,0.48367001012092686,0.4988228982841691,0.017507091594902748
1-0,0-1,0.4954025338602055,0.4853784704227595,0.019218995717035465
1-0,1-0,0.4490532668182677,0.5409798833215957,0.009966849860135782
1-0,1-0,0.435810343151027,0.539777156974552,0.024412499874419798
1-0,1-0,0.48215784329895106,0.4957897341152702,0.022052422585779115
0-1,1-0,0.47700142896116027,0.4886467729226448,0.034351798116196555
0-1,1-0,0.4372671753212089,0.5539332880692308,0.008799536609561336
1-0,0-1,0.4968142332149411,0.48587929510563244,0.01730647167942571
1-0,1-0,0.4849427430457512,0.5062312244914715,0.008826032462777578
1-0,0-1,0.5097469000070884,0.47987001242856187,0.010383087564346255
1-0,1-0,0.4853619755513453,0.5014999116312768,0.013138112817379038
1-0,1-0,0.36936990586537366,0.4568984250759066,0.17373166905872212
0-1,0-1,0.4948680959976709,0.4904624790925716,0.014669424909757006
1-0,0-1,0.5027512497149538,0.48412374234297717,0.013125007942069847
1/2-1/2,0-1,0.7475712189593544,0.252363935230785,6.484580985833463e-05
0-1,0-1,0.5624404279933221,0.4057415437008462,0.03181802830583202
1-0,1-0,0.35777483731376447,0.6210418063442634,0.021183356341968915
1-0,1-0,0.47546469660090235,0.5123717735413787,0.012163529857719369
0-1,1-0,0.4723099314156209,0.5118407916278114,0.01584927695656642
0-1,0-1,0.5789000006266111,0.4135030889710712,0.007596910402316446
0-1,1-0,0.37232628989274813,0.6159159125710246,0.01175779753622955
0-1,0-1,0.5127393718377993,0.4646693417781091,0.022591286384092742
1-0,0-1,0.5334330341972681,0.4368264550530424,0.029740510749690346
1-0,1-0,0.46779988138681117,0.5064342124205189,0.0257659061926714
1-0,0-1,0.5239425420466591,0.4650695194080703,0.010987938545270144
1-0,1-0,0.41545863424634283,0.5761506491482589,0.008390716605397756
0-1,1-0,0.44634859613842837,0.5457854207118371,0.007865983149736066
1-0,0-1,0.41934373157708305,0.39218579069037596,0.18847047773254139
0-1,1-0,0.4634048639597832,0.5292306708742399,0.00736446516597807
0-1,0-1,0.5536812581920485,0.4145466716118583,0.03177207019609346
1-0,1-0,0.46073253553475985,0.49515612343361254,0.04411134103162926
0-1,0-1,0.5205048709909421,0.47213296358045753,0.00736216542860018
1-0,1-0,0.476336634741839,0.5116518909562116,0.012011474301949014
1-0,0-1,0.5803317414758918,0.40291801003465,0.016750248489459607
0-1,0-1,0.5084531375448333,0.48452101687921534,0.00702584557595026
1-0,1/2-1/2,0.12028801339137467,0.13720461603412634,0.7425073705744959
1-0,1-0,0.4761967405723126,0.5164938883396921,0.007309371087996396
1-0,0-1,0.5201879243244656,0.4452793333982727,0.03453274227726301
0-1,0-1,0.5352299741536742,0.45126144854846534,0.013508577297862062
1-0,0-1,0.7049652741729314,0.2916845719510839,0.0033501538759811217
1-0,1-0,0.47176773121817495,0.5086011358558621,0.01963113292596262
1-0,1-0,0.4604532006764965,0.5080721964898989,0.031474602833605654
1-0,1-0,0.2634194104496468,0.5429740820557678,0.19360650749458735
0-1,1-0,0.44971500669892966,0.5023201576408489,0.04796483566021901
0-1,1-0,0.4874295716461415,0.5018657269981609,0.010704701355698355
1-0,1-0,0.37265553258064205,0.6186364367331962,0.008708030686163232
1-0,1-0,0.43189811035011233,0.5388941426076216,0.029207747042264202
0-1,1-0,0.44434929739201523,0.529474467025569,0.026176235582414584
1-0,1-0,0.38631010748292616,0.603196781479566,0.010493111037508517
0-1,0-1,0.5106157516687345,0.47651526695682317,0.012868981374443558
1-0,1-0,0.4293484972967466,0.5112007175724157,0.05945078513084034
0-1,0-1,0.5559627690629838,0.3828026034569014,0.06123462748011173
1-0,0-1,0.43376916581058234,0.42902756878316495,0.13720326540625247
0-1,0-1,0.5519922469055772,0.4336821182848576,0.014325634809566033
1-0,0-1,0.5150783297691736,0.4503576013669128,0.03456406886391535
1-0,1-0,0.372703700599362,0.46702209862245286,0.16027420077818352
1-0,1-0,0.4564264714433188,0.5110341847121296,0.032539343844551184
0-1,0-1,0.47936728091539726,0.4533663486236799,0.06726637046092386
1-0,1-0,0.41270902297796086,0.541740893931815,0.04555008309022584
0-1,0-1,0.5755679096584042,0.4082256646471993,0.016206425694395836
1-0,0-1,0.803746400328152,0.19624397575689492,9.623914953869023e-06
1-0,1-0,0.35902757013066133,0.6287329621081629,0.012239467761175234
0-1,1-0,0.4091049782319744,0.5850966521795066,0.00579836958851953
0-1,1-0,0.45606510081608165,0.5361527787381856,0.007782120445730003
0-1,1-0,0.46048810515782906,0.46406986255454075,0.07544203228762886
0-1,1-0,0.41258455730151045,0.4493650585143762,0.13805038418411242
1-0,0-1,0.5263251704383864,0.45484661736724613,0.01882821219436826
0-1,0-1,0.5154391160202884,0.4610614442834387,0.023499439696272814
0-1,0-1,0.5285886018729953,0.45684331735531497,0.014568080771690762
1-0,0-1,0.49631573683523356,0.48868839905934713,0.014995864105419227
1-0,1-0,0.4581910214333663,0.5230400034896534,0.018768975076981137
1-0,1-0,0.45044085017464275,0.5404486992108567,0.009110450614501426
1-0,1-0,0.4796761379669924,0.4828331098406225,0.03749075219238571
1-0,1-0,0.47687574960090373,0.5157582970945623,0.007365953304534324
1-0,1-0,0.2059960014320579,0.793599249332751,0.0004047492351927375
1-0,0-1,0.5062183125200331,0.38924800802994797,0.10453367945002022
0-1,0-1,0.5277853140298308,0.45665207250154166,0.015562613468627983
0-1,1-0,0.4757174690875893,0.514474294687606,0.009808236224804557
0-1,1-0,0.4896142030737633,0.4958640431263922,0.014521753799845572
0-1,0-1,0.5098917333544575,0.4768932168663573,0.013215049779184154
1-0,0-1,0.46203072554862473,0.4508175483444153,0.08715172610696144
1-0,1-0,0.4700148525004064,0.49270252514858265,0.03728262235101102
0-1,0-1,0.5378999877986669,0.44335317461026114,0.018746837591073217
0-1,0-1,0.5233578394421248,0.47071475404439633,0.005927406513478787
1/2-1/2,0-1,0.5168316230388738,0.4696428778205738,0.013525499140550845
0-1,1-0,0.46528269335383726,0.513193585437177,0.021523721208986955
0-1,0-1,0.4819072556577173,0.4045274368170849,0.11356530752519667
1-0,1-0,0.4695690125916056,0.5232525006387515,0.00717848676964452
1/2-1/2,0-1,0.4775606949089659,0.4320683763560399,0.09037092873499451
1-0,1-0,0.46480342369392946,0.5265339867003193,0.00866258960575213
1-0,1-0,0.2583280087286438,0.38177456054492664,0.3598974307264265
0-1,0-1,0.5862700527218555,0.4001740405576234,0.013555906720521918
1-0,1-0,0.4876170011246891,0.5029957964481759,0.009387202427135113
1-0,0-1,0.5227994522531566,0.46457445651963625,0.01262609122720863
0-1,1-0,0.4308358762789355,0.5543757917355373,0.014788331985530104
0-1,0-1,0.4959699318313986,0.4903330234505159,0.013697044718085501
0-1,1-0,0.42987714217315737,0.5059316156510761,0.06419124217576813
0-1,0-1,0.5237234431763244,0.4585202924851811,0.017756264338494532
1-0,1-0,0.2788041423703693,0.720314675420652,0.0008811822089754602
0-1,1-0,0.4674812053431193,0.5229307235847741,0.009588071072107964
0-1,1-0,0.42590633934035677,0.5291734893570553,0.04492017130258832
0-1,1-0,0.4854512727478587,0.4942006867714476,0.02034804048069429
0-1,0-1,0.4902987386486933,0.4734289054770533,0.036272355874255084
0-1,1-0,0.4930975975754952,0.4955044995416123,0.011397902882891558
1-0,1-0,0.4663469056910772,0.49336865032388005,0.0402844439850413
1-0,0-1,0.49853022098495103,0.4805258069296861,0.020943972085363347
0-1,0-1,0.4814617482473114,0.47002930911283197,0.04850894263985577
1-0,1-0,0.4565070813050684,0.5208431010268735,0.022649817668061147
0-1,1-0,0.383672690876677,0.6116717560782616,0.0046555530450623625
0-1,1-0,0.4189265195201199,0.5657368780882309,0.015336602391651733
0-1,0-1,0.5097605423603758,0.47736137663812717,0.012878081001495838
0-1,1-0,0.46092694671444007,0.5228961923155958,0.01617686096996357
1-0,0-1,0.5599353199035024,0.4257384795163311,0.014326200580167115
0-1,1-0,0.4726920509855387,0.5084726736310933,0.018835275383367718
