y_true,y_pred,prob_1-0,prob_0-1,prob_1/2-1/2
0-1,1-0,0.0,0.4520691681527577,0.46737446742177147
1-0,1-0,0.0,0.4699278229787509,0.48955584485795184
1-0,1-0,0.0,0.47554163682310646,0.5060679010573479
1-0,1-0,0.0,0.47533191409245157,0.5155876019087685
0-1,1-0,0.0,0.4508876629410056,0.46929974157152743
1-0,1-0,0.0,0.4751623113202084,0.5100905256427032
0-1,1-0,0.0,0.4582928875866965,0.4743684141161285
0-1,1-0,0.0,0.47680839782577733,0.5104954114865782
1-0,1-0,0.0,0.4708397746464435,0.5083753758042051
1-0,1-0,0.0,0.47504807441072183,0.5161181046073297
1-0,1-0,0.0,0.46482019345882686,0.525254982980838
0-1,1-0,0.0,0.4641528591565972,0.5290979064729802
0-1,1-0,0.0,0.4763601545595011,0.5092260878970029
1-0,1-0,0.0,0.43663146684428034,0.45631933012946496
1-0,1-0,0.0,0.4778067542318631,0.510192396070667
1-0,1-0,0.0,0.32815153469865066,0.33904827785616376
1-0,1-0,0.0,0.45616069417466926,0.5132442355447357
1-0,1-0,0.0,0.46675948310044935,0.5046763492258411
0-1,1-0,0.0,0.44561390501712556,0.5335088096766649
1-0,1-0,0.0,0.4780682422335644,0.5093507664591342
1-0,1-0,0.0,0.4752632895796899,0.50743974830674
0-1,1-0,0.0,0.47686081851354795,0.5085945448105326
0-1,1-0,0.0,0.4716600894145253,0.49014012068052315
1-0,1-0,0.0,0.4743404455440126,0.516671758674768
0-1,1-0,0.0,0.4402761376537609,0.5458882733363235
1-0,1-0,0.0,0.46730754350980463,0.5115953859486425
0-1,1-0,0.0,0.4742342198760941,0.5065124844871307
1-0,1-0,0.0,0.47814786655178876,0.5065283777080966
1-0,1-0,0.0,0.47209978631242133,0.5061387263732783
0-1,1-0,0.0,0.47633977303086467,0.5130598399412899
1-0,1-0,0.0,0.4645608132478631,0.4806435357336612
1-0,1-0,0.0,0.443546154562271,0.5496907917646372
0-1,1/2-1/2,0.0,0.16224087501798182,0.1693648496072332
0-1,1-0,0.0,0.4586733791618106,0.4826879661961289
1-0,1-0,0.0,0.4747582758218373,0.5060545454416651
1-0,1-0,0.0,0.4492997987924102,0.46578423368329663
0-1,1-0,0.0,0.46708047575162204,0.4920880690183076
1-0,1-0,0.0,0.46103353356867055,0.4771689163370184
1-0,1-0,0.0,0.4607303867338224,0.4760110442527847
1-0,1-0,0.0,0.4412195313900155,0.5249833895856798
0-1,1-0,0.0,0.4761187198472305,0.5034614777475617
0-1,1-0,0.0,0.47392705983466693,0.5134002289573957
0-1,1-0,0.0,0.470928665735878,0.517795668780872
1-0,1-0,0.0,0.4752855790041433,0.5143759626753984
1-0,1-0,0.0,0.4754572522840105,0.4958213646070732
1-0,1-0,0.0,0.45516150687632057,0.5292658133682573
1-0,1-0,0.0,0.47225022698591074,0.5190750551408643
1-0,1-0,0.0,0.4616948414815277,0.5308017948327236
1-0,1-0,0.0,0.46105562716670656,0.4783850764218211
0-1,1-0,0.0,0.4706250951942896,0.5024388114836789
1/2-1/2,1-0,0.0,0.43194613312055186,0.4498205729858095
0-1,1-0,0.0,0.45433964712409686,0.5352388139625991
1-0,1-0,0.0,0.472855035084799,0.5150157402478173
1/2-1/2,1-0,0.0,0.4740282678095225,0.49581247639788684
0-1,1-0,0.0,0.4727875791362102,0.5122263419190017
1-0,1-0,0.0,0.46597610240260773,0.4912113962893519
1-0,1-0,0.0,0.4654753630252203,0.5237069298067892
1-0,1-0,0.0,0.4442846821039001,0.5471949591794797
1-0,1-0,0.0,0.47357195330780866,0.5183088786385309
0-1,1-0,0.0,0.47374410342274464,0.5128825395902559
1-0,1-0,0.0,0.4620952980944788,0.5308003713515179
0-1,1-0,0.0,0.46706029135689014,0.5252090686273192
1-0,1-0,0.0,0.4717497738363701,0.5199365541604524
0-1,1-0,0.0,0.47387582173203585,0.5103651470887933
0-1,1-0,0.0,0.47720493039934064,0.511291654790871
0-1,1-0,0.0,0.4625562330113274,0.4781514940328639
0-1,1-0,0.0,0.47008034667124815,0.4875190768091821
1-0,1-0,0.0,0.47795381717679514,0.5039036088013423
0-1,1-0,0.0,0.46721064149789626,0.5259417813416479
1-0,1-0,0.0,0.4427616023770298,0.5047790656490612
1-0,1-0,0.0,0.47238679135901696,0.5150752858310231
1-0,1-0,0.0,0.40828509673069735,0.4560711397536409
0-1,1-0,0.0,0.4550519492677239,0.5379313806842019
0-1,1-0,0.0,0.46855875567881444,0.5172892507985991
0-1,1-0,0.0,0.4749412233778192,0.5147666145793225
0-1,1-0,0.0,0.4546738293775616,0.5044227465094335
1-0,1-0,0.0,0.4682245583513818,0.5100546185023108
0-1,1-0,0.0,0.4757373992032063,0.5125268080428252
1-0,1-0,0.0,0.4757026643440865,0.5103084858083853
0-1,1-0,0.0,0.4713236902093463,0.48932013396463675
1-0,1-0,0.0,0.4762015479422929,0.4980477587610207
0-1,1-0,0.0,0.47572552131389273,0.4997818494019052
1-0,1-0,0.0,0.4636831124194962,0.5066204604780599
1-0,1-0,0.0,0.4387040513231293,0.4863460633481707
1-0,1-0,0.0,0.47819223830996566,0.5079582700782843
1/2-1/2,1-0,0.0,0.4775105653745076,0.5083459230672359
1-0,1-0,0.0,0.4775925441591559,0.5014518538812442
1-0,1-0,0.0,0.47802682071538594,0.5049105915974599
0-1,1-0,0.0,0.44689067706375146,0.5048772959406179
0-1,1-0,0.0,0.4600697626740625,0.4803971442864401
1-0,1-0,0.0,0.4509623508673235,0.4801298024272132
0-1,1-0,0.0,0.4760766458514357,0.49724247598406257
0-1,1-0,0.0,0.46394459951796096,0.5250693332228002
0-1,1-0,0.0,0.4617967004443762,0.5137542349463209
0-1,1-0,0.0,0.46835874207226924,0.49150021749804934
0-1,1-0,0.0,0.4767848400627736,0.512183958936412
1-0,1/2-1/2,0.0,0.1282703708118876,0.16397343707712966
1-0,1-0,0.0,0.47153618486839816,0.4909091022644425
1-0,1-0,0.0,0.4768692901224718,0.5041083299786772
1-0,1-0,0.0,0.4407102949646218,0.543023235167379
0-1,1-0,0.0,0.4662914591229262,0.525398618891994
0-1,1-0,0.0,0.4756149470593696,0.5072279248457043
0-1,1-0,0.0,0.44994058319215874,0.4812782627188034
1-0,1-0,0.0,0.47043002470546114,0.5182830508455705
1-0,1-0,0.0,0.46374396732325407,0.5290564819316597
1-0,1-0,0.0,0.467846490721786,0.5248932067983539
1-0,1-0,0.0,0.4775678501220681,0.5109865819714047
0-1,1-0,0.0,0.4780198536304118,0.5081354295914775
1-0,1-0,0.0,0.4774609127712798,0.5026174168310247
1-0,1-0,0.0,0.4681693448541657,0.5101409624767248
1-0,1-0,0.0,0.4706808737354799,0.5212364986252572
1-0,1-0,0.0,0.46225627049271223,0.5311966540220499
1-0,1-0,0.0,0.447221072045863,0.5452020058879347
0-1,1-0,0.0,0.47316067306192283,0.5138292341887022
0-1,1-0,0.0,0.46781052973672876,0.5139772110748037
1-0,1-0,0.0,0.45077100771196393,0.535350844081362
1-0,1-0,0.0,0.4682947430398443,0.5234888327579725
1-0,1-0,0.0,0.46208151292282024,0.49868943621650597
1-0,1-0,0.0,0.47028230677199206,0.5217830863196122
0-1,1-0,0.0,0.4702279223448031,0.518452874742736
1-0,1-0,0.0,0.47846409642749943,0.5061920881056801
0-1,1-0,0.0,0.4693355632739341,0.4904066738492936
1-0,1-0,0.0,0.47261563077879915,0.5171378883236466
0-1,1-0,0.0,0.46477002989264365,0.5027046708264795
0-1,1-0,0.0,0.4663053754655361,0.5269387580705882
1-0,1-0,0.0,0.4670642499798112,0.5257914255009606
0-1,1-0,0.0,0.47311141111410054,0.5183563676641807
1-0,1-0,0.0,0.4777860264175186,0.5016346995995954
0-1,1-0,0.0,0.4379235111281287,0.5288063943890103
1-0,1-0,0.0,0.47641755457977863,0.511315257040638
0-1,1-0,0.0,0.4746134224856045,0.500885995518185
0-1,1-0,0.0,0.4768283174322211,0.5077286770817399
0-1,1-0,0.0,0.46199746442072753,0.5137203685600608
1-0,1-0,0.0,0.476863057754095,0.5071227310917056
1-0,1-0,0.0,0.46915080314461655,0.48702433851030885
1-0,1-0,0.0,0.46380774202411695,0.48272944215582314
0-1,1-0,0.0,0.4661698074747114,0.5248534368558457
1-0,1-0,0.0,0.47691771118481124,0.5125099557418781
0-1,1/2-1/2,0.0,0.26796951452035106,0.27786840485646
1/2-1/2,1-0,0.0,0.3603748239043717,0.39536545572236775
0-1,1-0,0.0,0.4747631226735466,0.5111188062179184
0-1,1-0,0.0,0.4654852241474339,0.5213909845630712
0-1,1-0,0.0,0.4775251313238218,0.5004307743359181
0-1,1-0,0.0,0.4774008405486899,0.504881030805231
1-0,1-0,0.0,0.4671513245767654,0.49304625534785196
1-0,1-0,0.0,0.46908887471164307,0.5204935827943097
0-1,1-0,0.0,0.4447658358860678,0.46573951844143013
1-0,1-0,0.0,0.46083454214339853,0.5324795274819022
0-1,1-0,0.0,0.4709556463492319,0.5038789820514242
1-0,1-0,0.0,0.4720529365676013,0.5172194731877521
1-0,1-0,0.0,0.46864521434478906,0.5186170200707011
1-0,1-0,0.0,0.47820932477474054,0.5046757006758149
0-1,1-0,0.0,0.4715665895546316,0.4985967026598929
1-0,1-0,0.0,0.475735939122788,0.49785860954398625
1-0,1-0,0.0,0.3778126791370849,0.38870700578613165
1-0,1-0,0.0,0.4752928094168882,0.4965486566145097
1-0,1-0,0.0,0.4772134434293893,0.5085732607364086
1-0,1-0,0.0,0.4589882648438497,0.5026025066075643
1-0,1-0,0.0,0.43222305294670477,0.5290921413455977
1-0,1-0,0.0,0.46892065235719943,0.522933492173396
1-0,1-0,0.0,0.47688633748731096,0.5040957573678048
1-0,1-0,0.0,0.47824568946070595,0.5035637918548096
0-1,1-0,0.0,0.46970833330156336,0.48988472484152473
0-1,1-0,0.0,0.47842066981108416,0.5052014845646631
1-0,1-0,0.0,0.44797594887031034,0.5037762534937101
0-1,1-0,0.0,0.4278328163727296,0.45800148711915883
1-0,1-0,0.0,0.4709806586005206,0.5010501719881023
0-1,1-0,0.0,0.46655440423787775,0.4904613017889682
0-1,1-0,0.0,0.47400803293029337,0.49735084463877194
1-0,1-0,0.0,0.47106245802782687,0.5215059228089926
1/2-1/2,1/2-1/2,0.0,0.002731238630368663,0.002949453874935151
1/2-1/2,1-0,0.0,0.4179575779359963,0.43352307110847
1-0,1-0,0.0,0.45418643787922464,0.47600987228443653
1-0,1-0,0.0,0.4664777424388388,0.5233172497912528
0-1,1-0,0.0,0.4544569483620164,0.5115592815585509
1-0,1-0,0.0,0.4479864606587041,0.5222842979012084
1-0,1-0,0.0,0.4592351366392151,0.5316310001743665
0-1,1-0,0.0,0.4773463535161275,0.5116639458144138
0-1,1-0,0.0,0.47608287436773333,0.5022019989221834
0-1,1-0,0.0,0.46282704417856374,0.5287148401865163
1-0,1-0,0.0,0.4768615631747465,0.5041069083861408
1-0,1-0,0.0,0.47502827151441746,0.5115674165842815
0-1,1-0,0.0,0.441120800736845,0.5407246541144812
1-0,1-0,0.0,0.4746820621484326,0.5164037270429258
0-1,1-0,0.0,0.4700758205922469,0.5139004205469694
1-0,1-0,0.0,0.47395439155937047,0.5177806262363225
1-0,1-0,0.0,0.4574991134839986,0.5246881179673952
1-0,1-0,0.0,0.4613669801614215,0.5246916762181324
1-0,1-0,0.0,0.46411922790779414,0.5217540346019399
1-0,1-0,0.0,0.4725164267842876,0.5189027611340306
1-0,1-0,0.0,0.44690063634829447,0.5297866453110415
0-1,1-0,0.0,0.4511074859609807,0.5349991498618699
1-0,1-0,0.0,0.4625395314439981,0.49120769852490687
1-0,1-0,0.0,0.42098755251280207,0.5412325426084854
0-1,1-0,0.0,0.47061209619581196,0.4970227772719868
1-0,1-0,0.0,0.4733635189461007,0.49752524098328943
0-1,1-0,0.0,0.46607408659911465,0.5227316536402771
0-1,1-0,0.0,0.47651108249878854,0.5133098918753357
1-0,1-0,0.0,0.46162885379090524,0.5096170762553723
0-1,1-0,0.0,0.4777336530716408,0.5017980142195122
1-0,1-0,0.0,0.4646767717598759,0.5254268458207777
1-0,1-0,0.0,0.4747511546469333,0.5068235406028866
1-0,1-0,0.0,0.4769272190383046,0.4998857108186089
1-0,1-0,0.0,0.3606135362378951,0.37751737769187155
1-0,1-0,0.0,0.4543759517073743,0.4820401494778077
1-0,1-0,0.0,0.47314229643753897,0.4969134456088272
1-0,1-0,0.0,0.43391255035821036,0.5175868929596404
0-1,1-0,0.0,0.4528493976096698,0.5349566621642947
1-0,1-0,0.0,0.44841294947605487,0.5358036652546996
0-1,1-0,0.0,0.4775626961336508,0.5047419592110687
0-1,1-0,0.0,0.47366442649017104,0.5158757917651218
1-0,1-0,0.0,0.45818232677558146,0.5214601737149579
1-0,1-0,0.0,0.4764422633097054,0.49887410393952963
1-0,1-0,0.0,0.45156456467863587,0.5248555814851111
1-0,1-0,0.0,0.4768017343565575,0.5000651771909665
0-1,1-0,0.0,0.3604836044841511,0.3776601584093914
1-0,1-0,0.0,0.4541874119782322,0.5352467198920324
1-0,1-0,0.0,0.47825674694284087,0.5034921927312819
0-1,1-0,0.0,0.4660970378965375,0.5252509033635188
0-1,1-0,0.0,0.4731021351027717,0.4969038097103295
1-0,1-0,0.0,0.46834337670349097,0.5229942414849356
1-0,1-0,0.0,0.43700032073914885,0.46454921361945095
1-0,1-0,0.0,0.43640286600481615,0.4545009928891452
1-0,1-0,0.0,0.47546257697378497,0.5081611019965272
1-0,1-0,0.0,0.4505031002920945,0.5102929091747507
0-1,1-0,0.0,0.47120756639929046,0.4944386997859468
1-0,1-0,0.0,0.34804533394384485,0.35836662781338674
1/2-1/2,1-0,0.0,0.4625457605896494,0.49457319720189724
1-0,1-0,0.0,0.4717890853367905,0.5197480149466122
0-1,1-0,0.0,0.4024267500916285,0.4147590673176622
0-1,1-0,0.0,0.4296759659931334,0.5147220411227053
1-0,1-0,0.0,0.475981879254062,0.5133483856922998
0-1,1-0,0.0,0.47174299653711793,0.5131486563000768
0-1,1-0,0.0,0.44927603741811933,0.5103233060310696
1-0,1-0,0.0,0.46970790958221864,0.48910542563162657
1-0,1-0,0.0,0.4503217320541324,0.5358312110868423
0-1,1/2-1/2,0.0,0.2638663047220751,0.2773220292406426
0-1,1-0,0.0,0.4749707212675896,0.5047269550938982
0-1,1-0,0.0,0.4520705946093753,0.540802255904253
0-1,1-0,0.0,0.4745316360634959,0.5163348311096265
0-1,1-0,0.0,0.47675873390311324,0.5111870127566874
1-0,1-0,0.0,0.47631337514432165,0.5045596257902285
0-1,1-0,0.0,0.45519960833429296,0.5357097476533743
1-0,1-0,0.0,0.4684631856110427,0.5228798941027135
1-0,1-0,0.0,0.4780952916094035,0.5024895977726361
1-0,1-0,0.0,0.40534752031523896,0.43758665692628496
0-1,1-0,0.0,0.4714972796925292,0.4894622300187727
0-1,1-0,0.0,0.40487800347410613,0.46827583531651656
1-0,1-0,0.0,0.4611687394886968,0.4985080855175192
1-0,1-0,0.0,0.4727848046087221,0.5152270699218926
1-0,1-0,0.0,0.45764108811625154,0.5126805004759595
1/2-1/2,1-0,0.0,0.4641973633522484,0.48938951253107094
0-1,1-0,0.0,0.471740888548886,0.518556797766336
1-0,1-0,0.0,0.4686921015448103,0.5083888805478097
1/2-1/2,1/2-1/2,0.0,0.00010836382864755757,0.00013143921050715398
0-1,1-0,0.0,0.4712237046352254,0.5080812683669699
0-1,1-0,0.0,0.436165831705076,0.5224087056430515
0-1,1-0,0.0,0.42751911033912815,0.445387334846747
1-0,1-0,0.0,0.4761694205933706,0.5085825028296794
1-0,1-0,0.0,0.47090660141246254,0.5145926052381653
1-0,1-0,0.0,0.47820072124266017,0.5061697519774057
0-1,1-0,0.0,0.46660311802130344,0.48630459939788706
0-1,1-0,0.0,0.46728860828750524,0.5103965313032471
1-0,1-0,0.0,0.4218805072844394,0.5621886291740689
1-0,1-0,0.0,0.4664705740424264,0.4990078143156041
1-0,1-0,0.0,0.3681494589819194,0.4789404839588339
1-0,1-0,0.0,0.4465102745907413,0.5427936217981281
0-1,1-0,0.0,0.47467802402271275,0.5030320845147852
1/2-1/2,1-0,0.0,0.32633210863061696,0.3835004930916384
1-0,1-0,0.0,0.45512111352258205,0.4900131215918017
1-0,1-0,0.0,0.47081801103358795,0.5124275640619068
0-1,1-0,0.0,0.4693332787246098,0.5137451811669308
0-1,1-0,0.0,0.4771723094703037,0.5118187001673965
1-0,1-0,0.0,0.4514187268863386,0.47012006403947754
0-1,1-0,0.0,0.45264574937197277,0.46889189395623165
1-0,1-0,0.0,0.44314807608183004,0.5042850687430137
0-1,1-0,0.0,0.47588318540208513,0.5117540224438427
1-0,1-0,0.0,0.478032535652604,0.5027286687969701
1-0,1-0,0.0,0.4535217476020338,0.5305828478181526
0-1,1-0,0.0,0.4543125354271093,0.48683512378128707
0-1,1-0,0.0,0.4762582530389831,0.5135703274507829
0-1,1-0,0.0,0.45030946782597775,0.5166519992292198
1-0,1-0,0.0,0.431553334438747,0.4461269406617441
0-1,1-0,0.0,0.36504041792423514,0.37572037990367346
1-0,1-0,0.0,0.4763160746704833,0.5045544829863917
1-0,1-0,0.0,0.4634755399689324,0.528865907791975
0-1,1-0,0.0,0.46841359504674984,0.5037841112258713
0-1,1-0,0.0,0.47730356746643043,0.5116857011661927
0-1,1-0,0.0,0.4770038389000568,0.5079304626859109
0-1,1-0,0.0,0.4728784109199092,0.5172619493167996
1-0,1-0,0.0,0.45530237341441104,0.5177966781966064
0-1,1-0,0.0,0.46642009844756,0.5229061165669534
1-0,1-0,0.0,0.4623357258736825,0.4908738858996084
0-1,1-0,0.0,0.44827904088894616,0.5240188014475746
1-0,1-0,0.0,0.47838621738530496,0.504416439463426
1-0,1-0,0.0,0.46313289989785517,0.5165030033159499
1-0,1-0,0.0,0.47563654746631756,0.5014193279926682
1-0,1-0,0.0,0.47366097316887984,0.5171729685473602
0-1,1-0,0.0,0.477733645378352,0.50626877835526
1-0,1-0,0.0,0.45703924438725546,0.5235441057840541
1-0,1-0,0.0,0.468550279596668,0.522564632724284
1-0,1-0,0.0,0.4427889864838067,0.45842840199548046
1-0,1-0,0.0,0.4677897755336862,0.5173238201721203
0-1,1-0,0.0,0.468392402831068,0.5038124403143541
0-1,1-0,0.0,0.4715421887324189,0.5063999326335666
0-1,1-0,0.0,0.47330892106247513,0.5138874224212764
1-0,1-0,0.0,0.4684188279377417,0.4853968839234467
0-1,1-0,0.0,0.46977973350284247,0.5198592335108777
0-1,1-0,0.0,0.47048058755548156,0.5203267116618395
1-0,1-0,0.0,0.4553465101576108,0.4732619677100918
0-1,1-0,0.0,0.43375304742435256,0.5589538527594484
1-0,1-0,0.0,0.4688690804439695,0.5225017112804937
1-0,1-0,0.0,0.4719110391713713,0.5119070165001145
0-1,1-0,0.0,0.47661532204445045,0.5019545918303108
0-1,1-0,0.0,0.4582941667675715,0.5137977453504105
0-1,1-0,0.0,0.4748195147504142,0.5134294924143843
0-1,1-0,0.0,0.45644347191730866,0.5346544943324438
0-1,1-0,0.0,0.47297387605267294,0.5160516652064424
0-1,1-0,0.0,0.4750464064315076,0.4967068878283215
1-0,1-0,0.0,0.47674739849781955,0.5093654119651072
1-0,1-0,0.0,0.46945075084729776,0.49353010834461125
1-0,1-0,0.0,0.4685997132407235,0.5222360129888368
0-1,1-0,0.0,0.4739823073500936,0.5172144148406893
0-1,1-0,0.0,0.4536340670621867,0.5243605408101318
0-1,1-0,0.0,0.47809330789247884,0.5034588592006249
1-0,1-0,0.0,0.4645901729039927,0.492583429503188
0-1,1-0,0.0,0.47793287788779554,0.5063909214264458
0-1,1-0,0.0,0.4737009684911131,0.49823209308115723
0-1,1-0,0.0,0.4756743163872325,0.5105816853959767
0-1,1-0,0.0,0.4782833894697512,0.5043747481605391
0-1,1-0,0.0,0.4557051905536344,0.4719503278421547
0-1,1-0,0.0,0.473426187063828,0.5180437019472215
0-1,1-0,0.0,0.4484350834867345,0.5426943446496438
0-1,1-0,0.0,0.4772190805615537,0.5004137866177524
0-1,1-0,0.0,0.44650205862514053,0.5341586544257987
0-1,1-0,0.0,0.4483387560259122,0.4781167499416877
1-0,1-0,0.0,0.4547730731626063,0.4710153047986778
1/2-1/2,1-0,0.0,0.4716365124724743,0.49014543885146344
0-1,1-0,0.0,0.4728659721212558,0.5066177348161182
1-0,1-0,0.0,0.46577348993951184,0.5230112897743028
0-1,1-0,0.0,0.4721495298575106,0.5060612011500631
0-1,1-0,0.0,0.46776154385126045,0.5073116129640284
0-1,1-0,0.0,0.4699999525808909,0.511335018896341
0-1,1-0,0.0,0.473441907860872,0.5035064379916373
1-0,1-0,0.0,0.47389426949203206,0.5083626012845015
0-1,1-0,0.0,0.45944481547359983,0.4748791760924265
1-0,1-0,0.0,0.4780358827371287,0.5086987287908306
0-1,1-0,0.0,0.45282903355154186,0.4693566605029774
1-0,1-0,0.0,0.44778679069467997,0.46321972359546626
1-0,1-0,0.0,0.4681634398901288,0.4917576936629844
1-0,1-0,0.0,0.47111095707142076,0.5057193755918424
1-0,1-0,0.0,0.47277578335826503,0.5114821367494586
1-0,1-0,0.0,0.4744747361009636,0.5013339549842382
1-0,1-0,0.0,0.46907109500418553,0.5232708614991491
1-0,1-0,0.0,0.464032961843414,0.5280783447888705
1-0,1-0,0.0,0.47245481279785445,0.5094742473766214
1-0,1-0,0.0,0.47637866853844163,0.5119430322773931
1-0,1-0,0.0,0.4651287443460504,0.5017879252666423
1-0,1-0,0.0,0.47659202236716847,0.5082603554237992
0-1,1-0,0.0,0.47731623715552474,0.5106528492341812
0-1,1-0,0.0,0.47246201397465404,0.5083308692005054
1-0,1-0,0.0,0.4626671935190986,0.5268095299789366
0-1,1-0,0.0,0.4693009247028985,0.49144004088184634
1-0,1-0,0.0,0.46983598904811613,0.489688215799018
1-0,1-0,0.0,0.4548632125812197,0.4930514411395681
1-0,1-0,0.0,0.47625835652558546,0.5121489768426197
0-1,1-0,0.0,0.4679876594279443,0.5157186234019465
0-1,1-0,0.0,0.45184490927406373,0.5407938109461663
1-0,1-0,0.0,0.45502141966647214,0.5306750736601553
0-1,1-0,0.0,0.4489803698745001,0.4662167594248864
0-1,1-0,0.0,0.4683609362385259,0.4870455875191675
0-1,1-0,0.0,0.4625083650553562,0.5103079534207112
1-0,1-0,0.0,0.47283738360270466,0.5141347848932711
1/2-1/2,1/2-1/2,0.0,0.2797650940002531,0.3196063624068032
1-0,1-0,0.0,0.43429660208809956,0.4471525006617392
1-0,1-0,0.0,0.46665308200093175,0.5236231619404101
0-1,1-0,0.0,0.4616509092077331,0.5263145378158478
1-0,1-0,0.0,0.46872613653746864,0.5223903157500176
1-0,1-0,0.0,0.4780243120865027,0.5079351815048443
0-1,1-0,0.0,0.47683210290573147,0.5092900632062114
1-0,1-0,0.0,0.4677773062521394,0.4951598385839227
0-1,1-0,0.0,0.4458299696542737,0.5139222874022579
1-0,1-0,0.0,0.4632284787666539,0.5285891788243905
1-0,1-0,0.0,0.47772818182954563,0.5051870717120123
0-1,1-0,0.0,0.4604476259956083,0.4756361604110774
1-0,1-0,0.0,0.47042015626159883,0.5135849711377152
1-0,1-0,0.0,0.46203320277223064,0.5302352697524859
1-0,1-0,0.0,0.4628533907163678,0.478449218188206
0-1,1-0,0.0,0.43877595417808407,0.541395232941819
0-1,1-0,0.0,0.4770289256538828,0.5113414176001346
1-0,1-0,0.0,0.4706069180951919,0.5195975710082615
1-0,1-0,0.0,0.46505705711497713,0.48845416487072085
1-0,1-0,0.0,0.4778306112096697,0.51017073502864
1/2-1/2,1/2-1/2,0.0,0.00873688576927218,0.009308243957910328
0-1,1-0,0.0,0.46956608914708137,0.5171188623604468
0-1,1-0,0.0,0.47335261336945056,0.5098032146329389
1-0,1-0,0.0,0.4330878052549819,0.5003725124250858
1-0,1-0,0.0,0.45589498242843457,0.49747388989782443
1-0,1-0,0.0,0.47737301223571155,0.5035010562335052
1-0,1-0,0.0,0.46876510314597597,0.5124165778981106
1/2-1/2,1-0,0.0,0.47611799438364716,0.4971316332072044
0-1,1-0,0.0,0.47755160538876484,0.5104552862219308
0-1,1-0,0.0,0.4765722496744326,0.5081946051450499
0-1,1-0,0.0,0.4675558911847976,0.49539152164240846
1-0,1-0,0.0,0.47107298656319835,0.5057248212962225
0-1,1-0,0.0,0.35759621019175675,0.3679579511415594
1-0,1-0,0.0,0.4616597281119878,0.5038329024094429
1-0,1-0,0.0,0.46828565844241854,0.49152708609391216
0-1,1-0,0.0,0.4727174643274609,0.49129370158488894
0-1,1-0,0.0,0.47363798435458976,0.5032976555388178
0-1,1-0,0.0,0.45664138970193097,0.5364101503750901
0-1,1-0,0.0,0.45565639489845944,0.47378152824051323
1-0,1-0,0.0,0.47835132428978827,0.5077710036082731
0-1,1-0,0.0,0.45262686767743643,0.5060434940645295
1-0,1-0,0.0,0.45781755290233306,0.4981542028576174
0-1,1-0,0.0,0.4735450192752494,0.4975065232427821
0-1,1-0,0.0,0.463159597442637,0.5279024083323236
0-1,1-0,0.0,0.461206790987594,0.5236779881027457
0-1,1-0,0.0,0.47618255289004185,0.5136466609582937
0-1,1-0,0.0,0.4513820944838577,0.47338962955413133
0-1,1-0,0.0,0.4755193545070704,0.5153834071682698
1-0,1-0,0.0,0.4771124340548998,0.506046441933238
0-1,1-0,0.0,0.4738805007872956,0.5015406949633697
0-1,1-0,0.0,0.4720396080212315,0.5017884506944542
1-0,1-0,0.0,0.44695193391693694,0.5325943123169492
0-1,1-0,0.0,0.47638095262274427,0.49809469635792275
1-0,1-0,0.0,0.46295484837522993,0.5281969365756006
1-0,1-0,0.0,0.47507419356258324,0.5161215178518034
1-0,1-0,0.0,0.4226748146825374,0.4410135291492875
1-0,1-0,0.0,0.4784316950711316,0.5052261448106328
1-0,1-0,0.0,0.4757965897841107,0.4968357159804349
1-0,1-0,0.0,0.4596733304654636,0.531119916674127
0-1,1-0,0.0,0.478232990747233,0.5085622977684112
1-0,1-0,0.0,0.46543137917662514,0.5276332776117353
0-1,1-0,0.0,0.4730565520448443,0.5039586498514017
1-0,1-0,0.0,0.4743769320299975,0.4995108538316559
1-0,1-0,0.0,0.4591419185770778,0.5338216683022836
1-0,1-0,0.0,0.47553089302428886,0.4998164091627656
1-0,1-0,0.0,0.4660169685670498,0.5181901135560548
0-1,1-0,0.0,0.477420870714433,0.5008048662508521
1-0,1-0,0.0,0.45532978540436464,0.4699959354661361
1-0,1-0,0.0,0.454642895530414,0.47532560573433796
1/2-1/2,1-0,0.0,0.3815301262518085,0.40106037767890096
1-0,1-0,0.0,0.47634037467342727,0.4990425522314851
1-0,1-0,0.0,0.4718386141431364,0.513096530769287
1-0,1-0,0.0,0.4256855139370031,0.5336827200764488
0-1,1-0,0.0,0.43094202181375474,0.5251199984999415
1-0,1-0,0.0,0.46103692724235334,0.5292241886484131
0-1,1-0,0.0,0.47472418298796554,0.49863825702569603
1-0,1-0,0.0,0.45185836179435157,0.5379485901833719
1-0,1-0,0.0,0.3828235553395643,0.39451356698692563
1-0,1-0,0.0,0.4773851205233702,0.5094248180917332
1-0,1-0,0.0,0.47695909286336813,0.5119905287893708
0-1,1-0,0.0,0.4614571334847588,0.5221885009592231
1-0,1-0,0.0,0.4752856784740302,0.5155526593849451
0-1,1-0,0.0,0.46240979247881503,0.5178774338177914
0-1,1-0,0.0,0.4704925565398081,0.5109990140800246
0-1,1-0,0.0,0.46774742585689716,0.5243512855789323
1-0,1-0,0.0,0.45304241388665306,0.5394705418366074
0-1,1-0,0.0,0.4738451954025654,0.5045414210212874
1-0,1-0,0.0,0.47826910787998905,0.5034370965916686
0-1,1-0,0.0,0.459654172433361,0.5001393891643516
0-1,1-0,0.0,0.46429956455712945,0.507003216117975
1-0,1-0,0.0,0.3669405941613856,0.4220805809459409
1-0,1-0,0.0,0.4631017459082327,0.5151441107426737
0-1,1-0,0.0,0.4766589428157749,0.5111106589568587
0-1,1-0,0.0,0.47003410916303623,0.5228297439798006
1-0,1-0,0.0,0.44854677964870177,0.5220325666837459
0-1,1-0,0.0,0.47369016520995555,0.49327000712819
1-0,1-0,0.0,0.46208645179678004,0.5216992967252799
1-0,1-0,0.0,0.45410635943523936,0.518810633877801
0-1,1-0,0.0,0.47806524447911697,0.5033388557407996
0-1,1-0,0.0,0.4559925330078719,0.5364475890088817
1-0,1-0,0.0,0.4733436694203428,0.5162303698908037
1-0,1-0,0.0,0.476734160834784,0.5006078785870518
1-0,1-0,0.0,0.4776173001652942,0.5108959820173011
0-1,1-0,0.0,0.47738218289306206,0.5034446020461645
0-1,1-0,0.0,0.46125509763883643,0.524174932569572
1-0,1-0,0.0,0.46569340120310604,0.5242016090193583
1-0,1-0,0.0,0.4739477645430488,0.5015837499284708
0-1,1-0,0.0,0.4668138076660642,0.4858983040563899
0-1,1-0,0.0,0.36731240861307485,0.3803493061364374
0-1,1-0,0.0,0.47207389183009874,0.519644349466188
1-0,1-0,0.0,0.4692584620097222,0.5044212907613143
1-0,1-0,0.0,0.47062098940640834,0.5207058289974422
1-0,1-0,0.0,0.4703792941102008,0.5221993011517222
0-1,1-0,0.0,0.464216528520844,0.5098391494030339
0-1,1-0,0.0,0.4552193267611184,0.49320004230715386
0-1,1-0,0.0,0.46792302798617236,0.503837835021839
0-1,1-0,0.0,0.47818870162372273,0.5072908783792106
1-0,1-0,0.0,0.4751153743467126,0.5140795309552597
0-1,1-0,0.0,0.46359324707779914,0.5272466664782023
1-0,1-0,0.0,0.47250727484856736,0.5196729674149538
1/2-1/2,1-0,0.0,0.449557699890572,0.4640126759027458
0-1,1-0,0.0,0.4670085514360695,0.526148035252177
0-1,1-0,0.0,0.4730970602988069,0.5078982836950094
1-0,1-0,0.0,0.4771544812224887,0.5086106781817272
1-0,1-0,0.0,0.4687333097938067,0.5183199767413561
1-0,1-0,0.0,0.39453446181118196,0.4129621861417602
1-0,1-0,0.0,0.47548983344585954,0.5073468086614095
0-1,1/2-1/2,0.0,0.08732428586477232,0.09325237535810514
1/2-1/2,1-0,0.0,0.3495908365914736,0.3722332117036106
0-1,1-0,0.0,0.4570976410203156,0.5310455218161705
1-0,1-0,0.0,0.47837214540116496,0.5069677353403715
1-0,1-0,0.0,0.4767102747933367,0.5002277857152263
1-0,1-0,0.0,0.4706441416409388,0.5221183185499567
1/2-1/2,1-0,0.0,0.46654844747255153,0.4861408863479262
1-0,1-0,0.0,0.4702573766855054,0.48774902704861495
0-1,1-0,0.0,0.47793183525157207,0.5088075556010005
0-1,1-0,0.0,0.4630261815909608,0.5273223124730506
0-1,1-0,0.0,0.4595976081064632,0.4797247175515245
0-1,1-0,0.0,0.47522282444503827,0.49654648827942627
1-0,1-0,0.0,0.47546453573227865,0.5050390987338029
1-0,1-0,0.0,0.465969136042814,0.49423680666519365
1-0,1-0,0.0,0.4758475963146377,0.5143004826491336
1-0,1-0,0.0,0.47298196086300287,0.517015387477212
0-1,1-0,0.0,0.4780919047598282,0.5087337285309357
0-1,1-0,0.0,0.4664702712995171,0.5151336594161409
1-0,1-0,0.0,0.47649622236278905,0.5108565322503705
1/2-1/2,1-0,0.0,0.45145534691000033,0.48065066653178146
1-0,1-0,0.0,0.47591183766972395,0.5142415314074195
1-0,1-0,0.0,0.477269901033991,0.5092512402199943
1-0,1-0,0.0,0.47629985315317686,0.5135375232945735
1-0,1-0,0.0,0.44366101539768693,0.5453038551862641
1-0,1-0,0.0,0.47602459319858037,0.49688295681986616
0-1,1-0,0.0,0.47775078317452047,0.5090819571460261
0-1,1-0,0.0,0.4751904525069721,0.5101860412661764
0-1,1-0,0.0,0.46411037734936805,0.5294353192309713
1-0,1-0,0.0,0.4648132053809837,0.48080891458566444
1-0,1-0,0.0,0.4738328538970797,0.5176791882341544
1-0,1-0,0.0,0.46893614216456725,0.522902048782472
0-1,1-0,0.0,0.46420284693282865,0.4849947627256924
1-0,1-0,0.0,0.4482681676974488,0.46967789259096515
1-0,1-0,0.0,0.4760052513083405,0.5128246251613574
1-0,1-0,0.0,0.47497299593305436,0.5058279306233017
0-1,1-0,0.0,0.46793262941658664,0.519241211373443
0-1,1-0,0.0,0.4727362468083246,0.5147533984777869
0-1,1-0,0.0,0.4782865263798666,0.5046108816850119
1-0,1-0,0.0,0.4780548672226922,0.5093983908339814
0-1,1-0,0.0,0.47508225037139534,0.5000914252813308
1-0,1-0,0.0,0.46774222225544226,0.5158856875903083
0-1,1-0,0.0,0.4602682148250331,0.4897669782013166
1/2-1/2,1-0,0.0,0.46892171261664783,0.5142186106153657
1-0,1-0,0.0,0.47161460673726485,0.48968002638489005
0-1,1-0,0.0,0.46602018929481565,0.5143410224984877
1-0,1-0,0.0,0.4632951174875449,0.5079429917225454
1-0,1-0,0.0,0.4746783701033477,0.5124637287985725
0-1,1-0,0.0,0.44931221808804006,0.535481738896035
1/2-1/2,1-0,0.0,0.46261006049682585,0.47822368302457174
1-0,1-0,0.0,0.44901055000522666,0.4821995158147887
0-1,1-0,0.0,0.46788821868158975,0.4917093104805334
1/2-1/2,1-0,0.0,0.4467029070363648,0.4716902317629475
0-1,1-0,0.0,0.47479806716002143,0.515740825888787
1/2-1/2,1-0,0.0,0.4312566070186779,0.4442594498421752
1-0,1-0,0.0,0.47385996571267097,0.5134685086321538
0-1,1-0,0.0,0.4567757262507927,0.5335636569065416
0-1,1-0,0.0,0.4737592093261136,0.4931322061529671
1-0,1-0,0.0,0.47632068348188794,0.513923881678099
0-1,1-0,0.0,0.476270391928248,0.5066086573951466
0-1,1-0,0.0,0.47691616216355276,0.50172422710749
1-0,1-0,0.0,0.4762697965673947,0.49952582068985113
0-1,1-0,0.0,0.42678653892816576,0.5609669938685955
0-1,1-0,0.0,0.4521606856966252,0.529701700485709
1-0,1-0,0.0,0.4573850239390116,0.4956409608421825
1-0,1-0,0.0,0.4209703683542546,0.4332232403188517
1-0,1-0,0.0,0.4714122660812122,0.5197995335809675
1-0,1-0,0.0,0.44687822806475735,0.5288910550383891
1-0,1-0,0.0,0.4737248699895869,0.5006104024056212
0-1,1-0,0.0,0.4701853431188186,0.5027818085577258
0-1,1-0,0.0,0.44859264935339543,0.5305046516892769
1-0,1/2-1/2,0.0,0.3227701734549977,0.3329222751396538
1-0,1-0,0.0,0.47726915413912596,0.5037844980296569
1-0,1-0,0.0,0.47399680782465536,0.49804864782186375
0-1,1-0,0.0,0.4492362311786467,0.5015478163983972
0-1,1-0,0.0,0.4314767685453296,0.5425345447082635
1-0,1-0,0.0,0.4762103719285665,0.498113663802272
1-0,1-0,0.0,0.432767724716609,0.5566038119514419
0-1,1-0,0.0,0.46501924778475806,0.5162088425878572
1-0,1-0,0.0,0.46550389828840266,0.494874849227277
0-1,1-0,0.0,0.4642903147930037,0.48901504923263905
0-1,1-0,0.0,0.4685620020197763,0.5222921982539086
1-0,1-0,0.0,0.475489289873845,0.5127416804140503
0-1,1-0,0.0,0.4780147788073405,0.5023767424138977
1/2-1/2,1/2-1/2,0.0,0.17503375646787314,0.18280108310218499
0-1,1-0,0.0,0.43471318480001697,0.5328478726816791
0-1,1-0,0.0,0.4778977757619915,0.5040636899595082
1-0,1-0,0.0,0.47449813403944857,0.4974062011547721
0-1,1-0,0.0,0.4062449617899003,0.4246167200779102
0-1,1-0,0.0,0.44652654655748464,0.5367401974542534
0-1,1-0,0.0,0.46621358681175395,0.482902445364372
0-1,1-0,0.0,0.40243933523589764,0.4352312244559692
1-0,1-0,0.0,0.4370293194638591,0.527398910488358
0-1,1-0,0.0,0.46913061941026646,0.5088898577884038
1-0,1-0,0.0,0.466323594108249,0.5192459157256853
0-1,1-0,0.0,0.47518375503282695,0.498541260824631
0-1,1-0,0.0,0.4544681427459178,0.5212488148878034
0-1,1-0,0.0,0.4640017577039688,0.49893388225164254
1-0,1-0,0.0,0.46439372326808126,0.5282310323647121
1-0,1-0,0.0,0.462403280034641,0.5110229331536709
0-1,1-0,0.0,0.46905991482919085,0.5151210539125662
0-1,1-0,0.0,0.4776934022732652,0.5046643666532583
1-0,1-0,0.0,0.47165987479723204,0.5166107716394108
1-0,1-0,0.0,0.46362906129073234,0.49545834069140676
1-0,1-0,0.0,0.474051041878926,0.5158603253571252
1-0,1-0,0.0,0.47246534765798404,0.4909796568559072
0-1,1-0,0.0,0.4687302285261055,0.49993649660939854
0-1,1-0,0.0,0.4570771429357683,0.47684586075335345
1-0,1-0,0.0,0.4759966971901888,0.4994092481528603
1-0,1-0,0.0,0.4625060182397267,0.5050918782212322
0-1,1-0,0.0,0.4753777736542099,0.512799115279381
1-0,1-0,0.0,0.4750222874955319,0.5125113517626274
1-0,1-0,0.0,0.46730686817306555,0.5061065416301583
0-1,1-0,0.0,0.47598443252422507,0.5116787184278244
1-0,1-0,0.0,0.47287902056079817,0.5077422134474273
0-1,1-0,0.0,0.4745471177491243,0.49554407063736555
0-1,1/2-1/2,0.0,0.24644276334952323,0.2628672100851546
1-0,1-0,0.0,0.4618358921082597,0.5008471744399632
1-0,1-0,0.0,0.47819765068090453,0.508583785000008
0-1,1-0,0.0,0.47032046338715366,0.5215834411508892
1-0,1-0,0.0,0.4661706951993429,0.5248496955995083
1-0,1-0,0.0,0.45940546495489065,0.5306234732262446
1-0,1-0,0.0,0.4527086252522524,0.4779838705485565
1-0,1-0,0.0,0.4519978991525089,0.5378264283391407
1-0,1-0,0.0,0.4616715737280717,0.48399794382686173
1-0,1-0,0.0,0.4703922863408208,0.5025786728535738
0-1,1-0,0.0,0.4711465471437286,0.5150343316431155
0-1,1-0,0.0,0.47770671270918785,0.5089420591607347
1-0,1-0,0.0,0.46710939450947314,0.5184309057947308
0-1,1-0,0.0,0.4538219558200764,0.5280074220439155
1/2-1/2,1/2-1/2,0.0,0.10162870720437511,0.13998435862372177
0-1,1-0,0.0,0.45375372290794946,0.5362260149401499
1-0,1-0,0.0,0.4723752971966877,0.5180545812666196
0-1,1-0,0.0,0.47633560192967817,0.5125431196362167
0-1,1-0,0.0,0.46985742685597187,0.5054103453161838
0-1,1-0,0.0,0.4508037082433797,0.5360522241242623
0-1,1-0,0.0,0.47758980629243664,0.5097026544064202
1-0,1-0,0.0,0.4760940066443877,0.5057203804692779
0-1,1-0,0.0,0.4636244410845172,0.513311242562279
1-0,1-0,0.0,0.47340749955719547,0.5131978334971328
0-1,1-0,0.0,0.47785452897312725,0.5101436824958355
0-1,1/2-1/2,0.0,0.26532785177542273,0.2753331128342231
1-0,1-0,0.0,0.4711912919231543,0.5214808164874877
1-0,1-0,0.0,0.4526182581011033,0.5357672759049273
0-1,1-0,0.0,0.47700167947643446,0.5124593448608918
1/2-1/2,1-0,0.0,0.46579443002686205,0.4972206484797618
1-0,1-0,0.0,0.4671901214868522,0.5127618272489733
0-1,1-0,0.0,0.4697475578058517,0.48725029641211376
0-1,1-0,0.0,0.46878895805722853,0.5220642409283172
0-1,1-0,0.0,0.4018885493337051,0.5310705911945031
0-1,1-0,0.0,0.4685367339456592,0.513513584575845
0-1,1-0,0.0,0.42790574275806076,0.4586025089016075
0-1,1/2-1/2,0.0,0.2140966599491217,0.2215383570809542
1-0,1-0,0.0,0.47821753599632216,0.5062166406992599
1-0,1-0,0.0,0.46686118781569175,0.4933919121851222
1-0,1-0,0.0,0.47741623100119845,0.5091874171893811
0-1,1-0,0.0,0.46837756756889926,0.5188370904998688
1-0,1-0,0.0,0.4723737838016616,0.5110505901455206
1-0,1-0,0.0,0.4706271492860572,0.4919982110615689
0-1,1-0,0.0,0.47657445841473306,0.5043024265167544
1-0,1-0,0.0,0.47550792078107834,0.509108082458555
1-0,1-0,0.0,0.4732782690116064,0.5175865252453175
1-0,1-0,0.0,0.47045149551799015,0.5142957520676242
1-0,1-0,0.0,0.4734116473272909,0.5130101669123118
1-0,1-0,0.0,0.4751521282417203,0.4965622062410213
1-0,1-0,0.0,0.4593356558204029,0.5257409790944062
1-0,1-0,0.0,0.47681648170476454,0.5051196719524105
0-1,1-0,0.0,0.4776122990486083,0.5109066891665814
0-1,1-0,0.0,0.43536088661596184,0.5327807298686633
0-1,1-0,0.0,0.4485840804920351,0.5355515024161206
1-0,1-0,0.0,0.47353446448630215,0.5183420195199621
0-1,1/2-1/2,0.0,0.2588756834219854,0.2700974427497577
1-0,1-0,0.0,0.4499519400180605,0.46668747309964176
0-1,1-0,0.0,0.44465469798301366,0.45852174809619395
1-0,1-0,0.0,0.4751194692705779,0.5156764040730644
1-0,1-0,0.0,0.4769170372022456,0.5108912580659692
1-0,1-0,0.0,0.45854692464729424,0.47414351363012935
0-1,1-0,0.0,0.4652907740511877,0.5248574902552886
1-0,1-0,0.0,0.47489202043771134,0.513242065655635
0-1,1-0,0.0,0.44644503242713446,0.4717954169767457
1-0,1-0,0.0,0.4693236764573558,0.495848297378769
1-0,1-0,0.0,0.4627109674756827,0.48256563147065606
1/2-1/2,1/2-1/2,0.0,4.544603335631602e-07,7.716863853606591e-07
0-1,1-0,0.0,0.4626063431250631,0.5195951872209427
1-0,1-0,0.0,0.4722917140566782,0.5166367000804969
1-0,1-0,0.0,0.4763547156192318,0.5005563895007802
0-1,1-0,0.0,0.46236934646439515,0.5253454100917716
0-1,1-0,0.0,0.46574396399115914,0.5034027837056464
0-1,1-0,0.0,0.4525832653780212,0.4777870135737613
0-1,1-0,0.0,0.4736632207518293,0.4934202371964422
0-1,1-0,0.0,0.4537276562732322,0.47681645284245294
1-0,1-0,0.0,0.47125106588371246,0.521293969280745
1-0,1-0,0.0,0.4769460755265377,0.5104300796035769
0-1,1-0,0.0,0.4736986074495735,0.5165640832516937
0-1,1-0,0.0,0.4635779601123517,0.49027345709078424
1-0,1-0,0.0,0.4582991253173989,0.5084109071528315
1/2-1/2,1-0,0.0,0.4511735510596469,0.4899603126933628
0-1,1-0,0.0,0.40726866112666005,0.44985567286876177
0-1,1-0,0.0,0.47778820364812524,0.5069107819068921
0-1,1-0,0.0,0.4631114706570083,0.5246066302465228
0-1,1-0,0.0,0.42162255548459565,0.4645320435771094
1-0,1-0,0.0,0.4276363363449418,0.5545449422113982
1-0,1-0,0.0,0.47668508041944424,0.5106760831263537
1-0,1-0,0.0,0.44391230646970764,0.5373801104866439
0-1,1-0,0.0,0.4779649415589556,0.5044947611357264
1-0,1-0,0.0,0.44543083569315167,0.5382307316707311
0-1,1-0,0.0,0.4620212271775853,0.513653301794761
0-1,1-0,0.0,0.47542463767466586,0.5072487882176175
0-1,1-0,0.0,0.4309941626139876,0.4866322538008548
1-0,1-0,0.0,0.4778358395515755,0.5016255085505325
0-1,1-0,0.0,0.4672022795035162,0.48706879469626607
0-1,1-0,0.0,0.4756518743301303,0.5078359112023053
0-1,1-0,0.0,0.4464809126843844,0.5469422530757987
1-0,1-0,0.0,0.4712460544517145,0.5068755840059319
0-1,1-0,0.0,0.47803735264804886,0.5093986150364163
1-0,1-0,0.0,0.43823311879305343,0.5423337271840887
1/2-1/2,1-0,0.0,0.4197155802966591,0.4879946937463347
0-1,1-0,0.0,0.4778870609413534,0.5049795957431308
1-0,1-0,0.0,0.464600538825725,0.5150099196136939
0-1,1-0,0.0,0.47637587953003485,0.513477879732444
1-0,1-0,0.0,0.47234618826466346,0.5125991511351131
0-1,1-0,0.0,0.4644798346699444,0.5085714814169631
1-0,1-0,0.0,0.4734632443556905,0.5180565589597567
1-0,1-0,0.0,0.4538116753116101,0.5079244264342693
1-0,1-0,0.0,0.47625858282790573,0.5130754652107411
0-1,1-0,0.0,0.4483888659197275,0.4809191167966315
1-0,1-0,0.0,0.47129123385576005,0.520379174706282
0-1,1-0,0.0,0.4780592676810119,0.508103666281522
0-1,1-0,0.0,0.47030964409042564,0.5119270210765702
0-1,1-0,0.0,0.4512012417321672,0.4653049861786804
1-0,1-0,0.0,0.4770094712876928,0.5059165048861801
1-0,1-0,0.0,0.47756573294763077,0.5053664522021355
1-0,1-0,0.0,0.4579813026579597,0.47282128258693307
0-1,1-0,0.0,0.4674644356771383,0.5181931845152684
1-0,1-0,0.0,0.4646539844248393,0.5245183966036515
0-1,1-0,0.0,0.450464167171523,0.46457791082598504
0-1,1-0,0.0,0.4525737339895372,0.5056343614259673
1-0,1-0,0.0,0.46863659486627884,0.5241003719587148
0-1,1-0,0.0,0.47808736217374403,0.5048414060575445
0-1,1-0,0.0,0.4581323882918903,0.5339280568084114
1-0,1-0,0.0,0.4703739907431026,0.5197976348222959
0-1,1-0,0.0,0.47753128136488643,0.5103663178489252
0-1,1-0,0.0,0.4506933411424514,0.48081345628474326
0-1,1-0,0.0,0.45254145598770135,0.5282674394611149
1-0,1-0,0.0,0.47074477132020354,0.5083254034218064
0-1,1-0,0.0,0.4782912895164791,0.5043263696207525
1-0,1-0,0.0,0.477345506278531,0.5076759858042584
0-1,1-0,0.0,0.4661371084381458,0.5265304712428899
1-0,1-0,0.0,0.45876472124348716,0.5232825191865941
0-1,1-0,0.0,0.46496474939547167,0.5269437743068546
0-1,1-0,0.0,0.470866709491944,0.5170816688492273
1-0,1-0,0.0,0.4725561724396689,0.4923918365372741
1-0,1-0,0.0,0.47251123673785694,0.519787893244188
0-1,1-0,0.0,0.4770055473025838,0.5068395738571403
1-0,1-0,0.0,0.4718689689154841,0.5170108460359266
1-0,1-0,0.0,0.476235222369759,0.5074921129908107
0-1,1-0,0.0,0.4731787856518398,0.4977540058841731
0-1,1-0,0.0,0.46385187979814757,0.5003150595259926
1-0,1-0,0.0,0.4467780879921942,0.5442191996283227
1-0,1-0,0.0,0.4686080737285308,0.5193244678073375
0-1,1-0,0.0,0.46948443517346294,0.5013580550085526
0-1,1-0,0.0,0.47780557275296426,0.5014273318508377
1-0,1-0,0.0,0.47791008998306445,0.505437544104849
0-1,1-0,0.0,0.4734950683676698,0.5151107687609843
1-0,1-0,0.0,0.4607308199104483,0.5289968532189572
1-0,1-0,0.0,0.41859509759885877,0.572270110109233
1-0,1-0,0.0,0.4705766372603852,0.5138853892590697
1-0,1-0,0.0,0.4602749179619477,0.5288898631346485
1-0,1-0,0.0,0.4607803992371403,0.5322492929393728
1-0,1-0,0.0,0.4677756003642678,0.511248343947367
1-0,1-0,0.0,0.4644245836155989,0.5042384730565681
0-1,1-0,0.0,0.47463726699256414,0.514929457605972
0-1,1-0,0.0,0.4673719180991541,0.5238073612881522
0-1,1-0,0.0,0.4640396666256263,0.4988827006246988
1-0,1-0,0.0,0.442073678780587,0.5253343093728272
0-1,1-0,0.0,0.4725506974192717,0.5154495347930825
1-0,1-0,0.0,0.4775339772982475,0.5097498205104939
0-1,1-0,0.0,0.4545004626611485,0.5095127128616224
1-0,1-0,0.0,0.47457872674447876,0.5145805008570177
1/2-1/2,1/2-1/2,0.0,0.08905348155568944,0.09283376810166659
1-0,1-0,0.0,0.4645216055742299,0.5197268617182109
1-0,1-0,0.0,0.40611212969214605,0.4447991395032539
0-1,1-0,0.0,0.4780293089159548,0.5026791715848501
1/2-1/2,1/2-1/2,0.0,0.034513435562792114,0.03648066939737756
0-1,1-0,0.0,0.47241246542089327,0.5043359885354142
1-0,1-0,0.0,0.4457669488454753,0.45983258658468307
0-1,1-0,0.0,0.45527628648943347,0.5371092646737258
1-0,1-0,0.0,0.47627047865288946,0.5034672256635785
1-0,1-0,0.0,0.47548427727573217,0.5145726172138304
1/2-1/2,1-0,0.0,0.4651311868765117,0.5196507538902752
1-0,1-0,0.0,0.46998488203884536,0.5225886356609011
1-0,1-0,0.0,0.431859679959551,0.5055846418004288
1-0,1-0,0.0,0.46462909171948297,0.5114256099185819
0-1,1-0,0.0,0.46807383531616287,0.5214267264477555
1-0,1-0,0.0,0.45371054090228613,0.49064547050435986
0-1,1-0,0.0,0.4567747122588107,0.5302245738879412
1-0,1-0,0.0,0.4466352099442222,0.537270079591499
1-0,1-0,0.0,0.4736746067805954,0.49271347533984605
1-0,1-0,0.0,0.4770857302095497,0.5097316163787124
0-1,1-0,0.0,0.43084722741905995,0.4515621324984502
0-1,1-0,0.0,0.36832659606897933,0.3789455130281024
1-0,1-0,0.0,0.4697071220759112,0.4959377623760573
0-1,1-0,0.0,0.47046496496888757,0.5213989096055124
0-1,1-0,0.0,0.4747259672821007,0.5077067659523409
1-0,1-0,0.0,0.4699839989816145,0.5201373034903867
0-1,1-0,0.0,0.45619319145288206,0.52731251325564
1/2-1/2,1-0,0.0,0.45232874018252495,0.47035418737749046
0-1,1-0,0.0,0.4720209189719786,0.5061091124919139
0-1,1-0,0.0,0.4762554657418434,0.5020816546634957
0-1,1-0,0.0,0.47186358965834857,0.520100316796051
1-0,1-0,0.0,0.46756723896836916,0.4891328441595177
1-0,1-0,0.0,0.4691445646654182,0.5107601566284927
0-1,1-0,0.0,0.47713407216693454,0.5036270659460542
0-1,1-0,0.0,0.4667486083993379,0.5081655174551005
1/2-1/2,1-0,0.0,0.46302508124843633,0.48789637079996134
1-0,1-0,0.0,0.47647108338874067,0.5102465576700872
1-0,1-0,0.0,0.4722030415641649,0.5181947248496563
1-0,1-0,0.0,0.46700866173921624,0.5220178534487744
1-0,1-0,0.0,0.476431831784972,0.5129707984762973
0-1,1-0,0.0,0.41284796905418336,0.5134295274985461
0-1,1-0,0.0,0.47258447375723356,0.49226539277625253
1-0,1-0,0.0,0.46265165728036983,0.522205473095665
1-0,1-0,0.0,0.46215372058389886,0.4825787553160389
1-0,1-0,0.0,0.47228767607188643,0.5171519089814987
0-1,1/2-1/2,0.0,0.10452182103820601,0.10873112706477094
1-0,1-0,0.0,0.4440302831081382,0.5070762946539025
0-1,1-0,0.0,0.45828173907071,0.5153333138975311
1-0,1-0,0.0,0.4748355023827012,0.514369176934518
1-0,1-0,0.0,0.4594912475108772,0.5244803302305007
0-1,1-0,0.0,0.46878483016977057,0.5228369102384857
1-0,1-0,0.0,0.47539208366914243,0.5133370029065818
0-1,1-0,0.0,0.470607717079342,0.4989321702683861
1-0,1-0,0.0,0.4746289763399164,0.5144542240171619
0-1,1-0,0.0,0.38877750127758953,0.403564600379041
1-0,1-0,0.0,0.47758176023283394,0.5014611481671931
0-1,1-0,0.0,0.46869343298935123,0.48565534357616613
0-1,1-0,0.0,0.47741594917011504,0.5109641754456672
1-0,1-0,0.0,0.46378772589071215,0.5038198295048294
1-0,1-0,0.0,0.4756766844752018,0.5013618826977183
1-0,1-0,0.0,0.4728712898574875,0.5009830172386945
0-1,1-0,0.0,0.4586882011021479,0.48730697725499156
0-1,1-0,0.0,0.34859488424430474,0.3595693558766774
0-1,1-0,0.0,0.45838852986302736,0.48756497944154126
0-1,1-0,0.0,0.47845259258474887,0.5060249404515597
1-0,1-0,0.0,0.47595130562798427,0.4979026174088136
0-1,1-0,0.0,0.4726438217166899,0.4998459075949458
1-0,1-0,0.0,0.4774965122334433,0.5006432683955332
1/2-1/2,1-0,0.0,0.46326537846013305,0.5124538030563753
0-1,1-0,0.0,0.47112608836974834,0.5080338566853261
0-1,1-0,0.0,0.476245939535241,0.5126199037010151
0-1,1-0,0.0,0.478054199786916,0.5093868964347
0-1,1-0,0.0,0.4708869988473499,0.5182646375796514
1-0,1-0,0.0,0.4202858756541236,0.4325729975532341
0-1,1-0,0.0,0.47274303552434055,0.5156882904409303
0-1,1-0,0.0,0.44982927647313015,0.5393235691383359
1-0,1-0,0.0,0.4762581834640369,0.513148358263783
0-1,1-0,0.0,0.4490745990042631,0.5280317915430657
0-1,1-0,0.0,0.4355989883663469,0.449506487523188
1/2-1/2,1-0,0.0,0.4597958911734014,0.5279270220758826
0-1,1-0,0.0,0.4706306394744145,0.5014230564189067
1-0,1-0,0.0,0.46075251033435216,0.47609479448267655
0-1,1-0,0.0,0.4326713916268199,0.462289164896486
1-0,1-0,0.0,0.4726294432116199,0.49513347970444
1-0,1-0,0.0,0.4756150878548947,0.5037848717180908
0-1,1-0,0.0,0.4705960543927519,0.49946111052170555
0-1,1-0,0.0,0.47656844527291664,0.5132624728911943
0-1,1-0,0.0,0.47530225715723623,0.5039508142693185
1-0,1-0,0.0,0.4770183081994685,0.5124423406695867
0-1,1-0,0.0,0.3608810914230014,0.38486830695646634
0-1,1-0,0.0,0.45272203759752433,0.5167490926747391
0-1,1-0,0.0,0.4731373012443139,0.49447243816614866
1-0,1/2-1/2,0.0,0.18959474640275067,0.2039653251830471
0-1,1-0,0.0,0.47500041772680573,0.5161498585138886
0-1,1-0,0.0,0.46326602843481995,0.5205757978290805
1-0,1-0,0.0,0.46403131708938583,0.5232750504602294
1-0,1-0,0.0,0.47807856860950926,0.504444329134229
0-1,1-0,0.0,0.4714254671371315,0.5205921621924309
1-0,1-0,0.0,0.47840259553824455,0.5061367602241231
1-0,1-0,0.0,0.4578995628414833,0.5357656086151008
1-0,1-0,0.0,0.44810193767060613,0.5318253558397887
0-1,1-0,0.0,0.31790020915909134,0.45405231550801733
1-0,1-0,0.0,0.4592419822002932,0.5025713852210801
1-0,1-0,0.0,0.46734432091788536,0.524710315084908
1/2-1/2,1-0,0.0,0.45773183927771044,0.510916540491461
1-0,1-0,0.0,0.4217079273054617,0.5264921429528295
1-0,1-0,0.0,0.4530447018633696,0.5212408507364458
0-1,1-0,0.0,0.4371385308657396,0.5459356021628307
1-0,1-0,0.0,0.44411233754365825,0.5332718314649685
0-1,1-0,0.0,0.47805453189250297,0.5093894589615293
0-1,1-0,0.0,0.4748168139170295,0.5159459174887573
0-1,1-0,0.0,0.4555505996296432,0.535394257677338
1-0,1-0,0.0,0.4594030745916921,0.49459186758265933
1-0,1-0,0.0,0.45515574758811056,0.5262091693537497
0-1,1-0,0.0,0.46215955926920543,0.4979074222502874
1-0,1-0,0.0,0.467184196993107,0.5077849710198389
0-1,1-0,0.0,0.47671139027882736,0.513147302966642
1-0,1-0,0.0,0.478124301532139,0.5065591296985611
1-0,1-0,0.0,0.47432461430770606,0.5115451624806521
0-1,1-0,0.0,0.4595661359799858,0.5305312500876004
0-1,1-0,0.0,0.47516823541699205,0.5123708180521794
1/2-1/2,1-0,0.0,0.41163308805252374,0.4238767280872834
1-0,1-0,0.0,0.4605281477695761,0.5017086964541874
1-0,1-0,0.0,0.4778320761225493,0.5101601375910741
1-0,1-0,0.0,0.4736175398519556,0.5172926659302992
0-1,1-0,0.0,0.4541569623054533,0.5258147765281396
1-0,1-0,0.0,0.4745014028354296,0.5131821202577111
1-0,1-0,0.0,0.4595333902428013,0.5255504370549169
1-0,1-0,0.0,0.45209136886033735,0.4674046947168224
1-0,1-0,0.0,0.4473346534792632,0.5446292476178722
0-1,1-0,0.0,0.45962088605898427,0.48284038479495456
0-1,1-0,0.0,0.4572532363334926,0.5326158191643098
0-1,1-0,0.0,0.47713449590257934,0.5104953778589026
0-1,1-0,0.0,0.4651164610337626,0.5160756887126932
0-1,1-0,0.0,0.4617428881660676,0.5162302986342198
1-0,1-0,0.0,0.4752652854737786,0.5013231901754589
0-1,1-0,0.0,0.47596759382602294,0.49749639560199316
1-0,1-0,0.0,0.4696000497747863,0.5209441809220714
1/2-1/2,1/2-1/2,0.0,0.29436008587358803,0.303528917513312
1-0,1-0,0.0,0.4780785378888269,0.5024805023444422
1-0,1-0,0.0,0.33849973557170904,0.36488487412634324
1-0,1-0,0.0,0.4552106153204565,0.5129406282971284
1-0,1-0,0.0,0.46778675729161623,0.5151309287250039
1-0,1-0,0.0,0.4740239979278937,0.4989255045002658
1-0,1-0,0.0,0.4764711465073299,0.5044042429981959
1-0,1-0,0.0,0.47188070346219246,0.5137240920709021
0-1,1-0,0.0,0.4562680670844629,0.5155538579705086
0-1,1-0,0.0,0.4735621832822687,0.5047944367549815
0-1,1-0,0.0,0.44832816480220544,0.46229971330340647
0-1,1-0,0.0,0.4642005989703889,0.527673796523105
1-0,1-0,0.0,0.46190191094348354,0.518680148175112
1-0,1-0,0.0,0.35893724553461176,0.39631698464376874
1/2-1/2,1-0,0.0,0.4090983431882686,0.42165628114240616
1-0,1-0,0.0,0.4660061316240096,0.5174481247255065
1-0,1-0,0.0,0.3430412013232051,0.3884420175254772
1/2-1/2,1-0,0.0,0.44548053331197823,0.4832693300568199
0-1,1-0,0.0,0.38942696439597013,0.4064354864556094
0-1,1-0,0.0,0.39349845389450744,0.4082822621198535
1-0,1-0,0.0,0.4418077201978996,0.5321124709265713
1-0,1-0,0.0,0.455737703945359,0.47171862947619214
0-1,1-0,0.0,0.4783549550702526,0.5053964308352867
0-1,1-0,0.0,0.4749185249011576,0.5047070058801325
0-1,1-0,0.0,0.4700110115371521,0.5186601247621142
1-0,1-0,0.0,0.45026071356414094,0.5384462441649487
0-1,1-0,0.0,0.3955357693636387,0.4233254494370975
0-1,1-0,0.0,0.4752271561951011,0.5135604730872287
0-1,1-0,0.0,0.46703837015634064,0.5236943408893528
0-1,1-0,0.0,0.4769758437311881,0.5040502429916772
1-0,1-0,0.0,0.4765472242175113,0.5072704776625991
1-0,1-0,0.0,0.45237707472804656,0.5266193752581887
1-0,1-0,0.0,0.46811226424010055,0.5244198274603288
0-1,1-0,0.0,0.4766947093151991,0.49828990738834045
1-0,1-0,0.0,0.4478810386774843,0.4921003880506167
1-0,1-0,0.0,0.4732794609622383,0.5098746218064134
1-0,1-0,0.0,0.47179106087145906,0.5194877881101909
1-0,1-0,0.0,0.4783015941489017,0.507188282013654
0-1,1-0,0.0,0.42500658581563333,0.5484094681925503
1-0,1-0,0.0,0.4706778816326195,0.516163624646506
0-1,1-0,0.0,0.47353711614547705,0.5060696378299047
0-1,1-0,0.0,0.46933391542949465,0.5049292815594371
0-1,1-0,0.0,0.4713831965485842,0.4909847853865318
1-0,1-0,0.0,0.4755325413935579,0.4982676556550227
0-1,1-0,0.0,0.47229946863614497,0.49258901510031566
1-0,1-0,0.0,0.4747114527122488,0.5161773938907187
0-1,1-0,0.0,0.47181114739168767,0.5131022897071418
0-1,1/2-1/2,0.0,0.1409689189949454,0.15814658562430828
0-1,1-0,0.0,0.47122178754139976,0.5214424244962783
1-0,1-0,0.0,0.45586949667031207,0.5261309275808674
1-0,1-0,0.0,0.4641743310699682,0.5254400268125777
0-1,1-0,0.0,0.4648995893128161,0.5110631807168925
0-1,1-0,0.0,0.47705670451793036,0.512381174873545
0-1,1-0,0.0,0.475718377537503,0.5124780740756998
1-0,1-0,0.0,0.4605753187856609,0.5148704233628517
1-0,1-0,0.0,0.4781058656135945,0.5080841593934337
0-1,1-0,0.0,0.47755950054745183,0.5006134733786876
1-0,1-0,0.0,0.4198311968444329,0.5682815030713865
1-0,1-0,0.0,0.46535404067216707,0.48292799739957243
1-0,1-0,0.0,0.4708121910872479,0.5107666395724292
1-0,1-0,0.0,0.4247543185935699,0.5670525776126139
0-1,1-0,0.0,0.4701038738164177,0.5217928508738919
1-0,1-0,0.0,0.438443776266418,0.49851710278628064
1-0,1-0,0.0,0.474067842594009,0.5102317629552842
1-0,1-0,0.0,0.4692421303518373,0.5183479898645589
1-0,1-0,0.0,0.4713674338492612,0.5206427813506737
1-0,1-0,0.0,0.4665616044586026,0.522029811761229
0-1,1-0,0.0,0.4583095802166243,0.48293809126503595
1-0,1-0,0.0,0.47062466777873124,0.507072350296261
1-0,1-0,0.0,0.4696683968420193,0.5040165549839044
1-0,1-0,0.0,0.47730754789627455,0.5073138520229568
1-0,1-0,0.0,0.4693682145226738,0.5200866594329753
1/2-1/2,1-0,0.0,0.47375991516741695,0.507473834202653
0-1,1-0,0.0,0.46148906979522236,0.5321727697505816
1-0,1-0,0.0,0.4435636754785594,0.481853176634971
1-0,1-0,0.0,0.4271106883917466,0.5520449721909806
0-1,1-0,0.0,0.45451342135753753,0.491433136498685
1-0,1-0,0.0,0.46726277396022275,0.5258831677536686
0-1,1-0,0.0,0.4770372158418964,0.5124210793797715
0-1,1-0,0.0,0.47434657121422286,0.5032748775118974
0-1,1-0,0.0,0.4740850970127339,0.5172294952562867
1-0,1-0,0.0,0.4693410039516005,0.5065198327784298
0-1,1-0,0.0,0.47555901624595975,0.4997667960523978
0-1,1-0,0.0,0.4782717821123108,0.5034411299426574
0-1,1-0,0.0,0.402245949407266,0.4495768681501055
0-1,1-0,0.0,0.4748806790255136,0.49693522716223687
0-1,1-0,0.0,0.4090602224601611,0.4957150812950007
1-0,1-0,0.0,0.46709134894703797,0.5078568867344065
1-0,1-0,0.0,0.47201553263738727,0.5105048502710066
0-1,1-0,0.0,0.476765086766832,0.5081103121169797
1-0,1-0,0.0,0.47650992183424856,0.5054086354369035
0-1,1-0,0.0,0.4700588709415842,0.5228220452786264
0-1,1-0,0.0,0.45990165259787136,0.5068933919832452
0-1,1-0,0.0,0.46978988482800654,0.48972765142752683
1-0,1-0,0.0,0.4434556454089615,0.49290599052729317
1-0,1-0,0.0,0.4747485940218813,0.501581740998429
1-0,1-0,0.0,0.4693578102487521,0.520305060228865
1-0,1-0,0.0,0.46452956301811965,0.5286202761672241
0-1,1-0,0.0,0.4025227518184235,0.5673728301082305
0-1,1-0,0.0,0.47658179285005015,0.49806934356272914
1-0,1-0,0.0,0.45968569223548833,0.521464432609716
0-1,1-0,0.0,0.4547299644014066,0.4901907849243893
1-0,1-0,0.0,0.47700410104948765,0.5004127330118961
0-1,1-0,0.0,0.46435066642699313,0.48049057032445874
0-1,1-0,0.0,0.44837763189270236,0.5159311743574807
1-0,1-0,0.0,0.47648549023886516,0.5133614233155503
1-0,1-0,0.0,0.4776484768419863,0.501809018647653
1-0,1-0,0.0,0.44948520516189866,0.5417224165999567
0-1,1-0,0.0,0.3229904030860381,0.3443771573730869
0-1,1-0,0.0,0.4500153593331982,0.5435120735778273
0-1,1-0,0.0,0.4062801732858448,0.41795016098045773
1-0,1-0,0.0,0.4589026011340708,0.4832349240714449
0-1,1-0,0.0,0.47329756119839395,0.5144404351468893
1-0,1-0,0.0,0.47389082503676005,0.5151907764524895
0-1,1-0,0.0,0.47327349404069263,0.4985600155327595
1-0,1-0,0.0,0.4548421597092999,0.5116622764320894
0-1,1-0,0.0,0.46507855114354313,0.5095845260603945
0-1,1-0,0.0,0.43944838448999046,0.48592578104282974
0-1,1-0,0.0,0.4754456320502361,0.49587455989102
0-1,1-0,0.0,0.4270185869474907,0.5302212770285086
0-1,1-0,0.0,0.46847205442159867,0.5136029676469427
1/2-1/2,1-0,0.0,0.4740643543041908,0.5167839880081175
1-0,1-0,0.0,0.4779536345306798,0.5088539452999743
0-1,1-0,0.0,0.47026675229095943,0.5144872456812232
0-1,1-0,0.0,0.47802582791965953,0.5034390311839712
1-0,1-0,0.0,0.4679926314263212,0.521986541647917
0-1,1-0,0.0,0.4587579554542645,0.5316744747603618
1/2-1/2,1-0,0.0,0.42505882955594165,0.44880839284050295
1-0,1-0,0.0,0.46053912043516976,0.5254542940408748
1-0,1-0,0.0,0.47509427496139095,0.508597220233924
0-1,1-0,0.0,0.4700694435588967,0.5227984752151115
0-1,1-0,0.0,0.47666358108538176,0.49839635858962844
0-1,1-0,0.0,0.47750157366704193,0.5004022562959033
1-0,1-0,0.0,0.4017263746748801,0.4430974245138248
1-0,1-0,0.0,0.4758223873611827,0.5143169347597283
1-0,1-0,0.0,0.47769152473728316,0.5076822130762353
0-1,1-0,0.0,0.43714177548186167,0.5485691371911127
1-0,1/2-1/2,0.0,0.05589590564562199,0.05933271605694692
0-1,1-0,0.0,0.47837815012992446,0.5069684135862793
0-1,1-0,0.0,0.4364445700892314,0.45377713554585813
1-0,1-0,0.0,0.4615178164759031,0.5228280961154513
1-0,1-0,0.0,0.3793074058425976,0.39428467651166665
0-1,1-0,0.0,0.45566324380899936,0.5205957194018621
1-0,1-0,0.0,0.446889262192502,0.519701939882425
1-0,1-0,0.0,0.47338704026650535,0.5109467040988218
0-1,1-0,0.0,0.47137983643310144,0.49868772972855
0-1,1-0,0.0,0.43013143219786143,0.4636994562505371
1-0,1-0,0.0,0.4679366235006383,0.5004092538883844
0-1,1-0,0.0,0.4516275890466408,0.47908287291522406
0-1,1-0,0.0,0.4241256360560595,0.5632550877572727
1-0,1-0,0.0,0.47782337379715734,0.5088500790198406
0-1,1-0,0.0,0.4625317476055676,0.5263115633063941
0-1,1-0,0.0,0.47634488256189667,0.5138821521563439
1-0,1-0,0.0,0.473007758164515,0.5024646649168458
0-1,1-0,0.0,0.47168391839962126,0.49834550639244496
1-0,1-0,0.0,0.47219623261926735,0.5072690805656302
1-0,1-0,0.0,0.4704082438190118,0.5131223087720613
0-1,1-0,0.0,0.46849269407147787,0.48768703971385213
1-0,1-0,0.0,0.47454591240603616,0.5017590617523021
0-1,1-0,0.0,0.4726882455917136,0.5184276296502734
1-0,1-0,0.0,0.47505759002144043,0.5085058013722463
0-1,1-0,0.0,0.4770234682946522,0.504910516037001
1-0,1-0,0.0,0.47786611833868636,0.5025471161165348
0-1,1-0,0.0,0.476226233491261,0.5139728034063702
0-1,1-0,0.0,0.4749615259275088,0.5158121475147309
0-1,1-0,0.0,0.47195977773461484,0.5062228859196413
1/2-1/2,1-0,0.0,0.35814819359850625,0.36978655684641537
0-1,1-0,0.0,0.459810067037726,0.48026222862642237
0-1,1-0,0.0,0.457754937517314,0.5018876931075422
0-1,1-0,0.0,0.4445311509838154,0.5421406071245144
0-1,1-0,0.0,0.4751733996784969,0.49863221011497005
1-0,1-0,0.0,0.47565976211784716,0.5106050235929126
0-1,1-0,0.0,0.4578560371258983,0.4791496536801682
1-0,1-0,0.0,0.4769835662316941,0.5026809123797559
0-1,1-0,0.0,0.4778646200853871,0.5050926429267578
1-0,1-0,0.0,0.47798860564760287,0.5062814839123323
1-0,1-0,0.0,0.4655725636613202,0.5178183335795941
1-0,1-0,0.0,0.4743497745023577,0.5171382067447439
0-1,1-0,0.0,0.4759228408817148,0.5078624375296077
1-0,1-0,0.0,0.4758162564799365,0.5049750178695238
1-0,1-0,0.0,0.47500707518747254,0.5162056819040455
0-1,1-0,0.0,0.45634088488485414,0.5306160905647722
1-0,1-0,0.0,0.4624422304332047,0.5256315752158355
0-1,1-0,0.0,0.4612043587488906,0.4837622344803471
0-1,1-0,0.0,0.4734215832214301,0.505344567169103
0-1,1-0,0.0,0.46361033436592125,0.5258786578433567
0-1,1-0,0.0,0.4669851139475645,0.5167794003031475
0-1,1-0,0.0,0.4760381666688585,0.4971700757399234
1-0,1-0,0.0,0.45713999659354315,0.49838496982502517
0-1,1-0,0.0,0.4772398198619341,0.5046643975833841
1-0,1-0,0.0,0.44609521234226934,0.5440684008288607
1-0,1-0,0.0,0.4567711580982214,0.5121136870853553
0-1,1-0,0.0,0.4547422309638026,0.5343860097836646
0-1,1-0,0.0,0.4684312300249425,0.5117740789707872
0-1,1-0,0.0,0.47266572764010584,0.4920368505368173
0-1,1-0,0.0,0.475276037898018,0.5031608654222087
1-0,1/2-1/2,0.0,0.3050070993169215,0.33134623391542734
0-1,1-0,0.0,0.4771648066379503,0.5112987484427454
1-0,1-0,0.0,0.45900693438677276,0.5007690329735226
0-1,1-0,0.0,0.4769018530659717,0.5098647711580788
0-1,1-0,0.0,0.4754788684677525,0.5146179751651805
1-0,1-0,0.0,0.4650415597395667,0.5235891997108159
0-1,1-0,0.0,0.4680457297836527,0.511514023125646
0-1,1-0,0.0,0.4709910785828021,0.5212053822932883
0-1,1-0,0.0,0.4773432763110214,0.5116443548801908
0-1,1-0,0.0,0.46527593788872595,0.5263320113690407
1-0,1-0,0.0,0.45373522317032594,0.5338693383249846
0-1,1-0,0.0,0.4389978373621551,0.4799032273805605
1-0,1-0,0.0,0.46311546652628693,0.5291290328166248
0-1,1-0,0.0,0.4700240499818815,0.5180623463267858
0-1,1-0,0.0,0.4745629037636575,0.5168524673941012
1/2-1/2,1/2-1/2,0.0,0.2134597784767899,0.22088536551639046
1-0,1-0,0.0,0.47264117622960655,0.5089982569380783
0-1,1-0,0.0,0.47033037409630934,0.5049694485738507
0-1,1-0,0.0,0.4592151680658182,0.5092436624601463
1-0,1-0,0.0,0.39341275527063424,0.44530972424499393
0-1,1-0,0.0,0.47402194118268604,0.49720815784164507
0-1,1/2-1/2,0.0,0.11627315633847833,0.12180889424718672
1-0,1-0,0.0,0.4782742370522714,0.5034568323496075
0-1,1-0,0.0,0.47654164865688,0.5108002334310804
0-1,1-0,0.0,0.47449529237127885,0.5107065763491037
1-0,1-0,0.0,0.42360070115307186,0.48880909029559183
1-0,1-0,0.0,0.4773440897897583,0.500841210789245
1-0,1-0,0.0,0.4393628215902249,0.5233415953477534
0-1,1-0,0.0,0.47845456855919866,0.5052642400460688
1-0,1-0,0.0,0.4576053986452461,0.5294031322276914
1-0,1-0,0.0,0.4758095569742645,0.5070410623525293
1-0,1-0,0.0,0.38981413899011885,0.40098815890479705
0-1,1-0,0.0,0.47561329383025913,0.5121742957319295
0-1,1-0,0.0,0.4595176145348607,0.488638911307594
0-1,1-0,0.0,0.4738077986331144,0.5174560114192659
0-1,1-0,0.0,0.45850169988256817,0.5299477426383669
1-0,1-0,0.0,0.4687215756730569,0.5198293096103136
0-1,1-0,0.0,0.4692142360822608,0.5216822413635827
0-1,1-0,0.0,0.4510796451102176,0.5237388830159232
0-1,1-0,0.0,0.38072759024150576,0.40284457007338614
1/2-1/2,1/2-1/2,0.0,0.3100914159768744,0.3252692266659957
1-0,1-0,0.0,0.4754402903286163,0.5151432226604281
0-1,1-0,0.0,0.44624830182239295,0.5463442705265342
0-1,1-0,0.0,0.4764367526520196,0.5091740325359042
0-1,1-0,0.0,0.45375246002805686,0.5294079291088081
0-1,1-0,0.0,0.4747069789635607,0.5097572016237057
0-1,1-0,0.0,0.4251103231105417,0.49637210904949247
0-1,1-0,0.0,0.4774462171445403,0.5098094390968836
1-0,1-0,0.0,0.47791076149308975,0.5050162390562486
0-1,1-0,0.0,0.4478238736400635,0.5292382157776975
0-1,1-0,0.0,0.4713125391772098,0.489239180002583
1-0,1-0,0.0,0.47213431912765064,0.49260328408090726
1-0,1-0,0.0,0.4688176909142455,0.5196435722709793
1-0,1-0,0.0,0.45594872154448696,0.4901889869847788
1-0,1-0,0.0,0.4143125360712307,0.45005448180574414
0-1,1-0,0.0,0.38080905640646423,0.4003663775371987
1-0,1-0,0.0,0.4780947091111998,0.5063092484147285
1-0,1-0,0.0,0.4550754960619405,0.536514975388736
1-0,1-0,0.0,0.3475537940486525,0.3704986425068321
0-1,1-0,0.0,0.4696753601665639,0.507012245972281
1-0,1-0,0.0,0.4724297455244533,0.5133849044507962
1-0,1-0,0.0,0.47736910881871336,0.5111482925179689
0-1,1-0,0.0,0.4740394095292091,0.517421912376834
1/2-1/2,1-0,0.0,0.46417657504459275,0.5063432976687191
1-0,1-0,0.0,0.4772575194417369,0.5084951481027388
0-1,1-0,0.0,0.4734574757725364,0.5129649119328189
1-0,1-0,0.0,0.4301627943774497,0.44353113682708684
0-1,1-0,0.0,0.4698849193749903,0.5008780308710791
0-1,1-0,0.0,0.4319864487227447,0.5551434521723349
1-0,1/2-1/2,0.0,0.23690009905888557,0.2554217854534534
0-1,1-0,0.0,0.4757399986316452,0.5147770177604313
0-1,1-0,0.0,0.454407952025818,0.5371199494020648
1-0,1-0,0.0,0.45619140184527657,0.5373454103552859
0-1,1-0,0.0,0.4427908513390303,0.46603129962677414
0-1,1-0,0.0,0.4591599474608129,0.5345449136163548
1-0,1-0,0.0,0.4512488218485821,0.5142374869725685
0-1,1-0,0.0,0.42589618698236176,0.5610657195711716
0-1,1-0,0.0,0.47662369218123574,0.5132150282037776
1-0,1-0,0.0,0.45735444244542706,0.5231498788062925
0-1,1-0,0.0,0.4744505190592073,0.49940935550964133
0-1,1-0,0.0,0.47684929440117907,0.5104039986839058
1-0,1-0,0.0,0.4763786948180404,0.4988813931721968
1/2-1/2,1-0,0.0,0.47717215289185794,0.49976359483802263
1-0,1-0,0.0,0.4630010438697229,0.4827017646521845
1-0,1-0,0.0,0.4542947346067906,0.48692904392233916
1-0,1-0,0.0,0.4632738309741104,0.5303156110820646
1-0,1-0,0.0,0.4393457414733944,0.52547517234116
1-0,1-0,0.0,0.38800137544364477,0.40186432075135436
0-1,1-0,0.0,0.4740367692195936,0.5102189004076004
0-1,1-0,0.0,0.46000961954419617,0.5329892658301176
0-1,1-0,0.0,0.47631104893875337,0.513901847019745
0-1,1-0,0.0,0.47155379191350527,0.5198101100236219
0-1,1-0,0.0,0.41946000728994204,0.43462351989929066
1-0,1-0,0.0,0.459539027686586,0.5143561583212276
1-0,1-0,0.0,0.4632191598356374,0.480139465217364
1/2-1/2,1/2-1/2,0.0,0.003135500722256318,0.003414519305031953
0-1,1-0,0.0,0.45940290256103256,0.5333970527150461
0-1,1-0,0.0,0.47812290311103645,0.5065724249235484
1-0,1-0,0.0,0.4750342183734944,0.5020404711788289
0-1,1-0,0.0,0.4652197335302964,0.4813395407364072
1-0,1-0,0.0,0.47373943918319505,0.4975303546432116
0-1,1-0,0.0,0.4454468697790485,0.4622740953074923
1-0,1-0,0.0,0.47814801407619884,0.5046775861397076
0-1,1-0,0.0,0.4756337543050601,0.5011035856245497
0-1,1/2-1/2,0.0,0.2999475349665675,0.3276745006236695
1-0,1-0,0.0,0.47424958794670663,0.49398395044548293
1-0,1-0,0.0,0.4771308120811568,0.4993971969837457
0-1,1-0,0.0,0.4583438343349097,0.4736767112414705
0-1,1-0,0.0,0.47139510699582027,0.48966086029983924
0-1,1-0,0.0,0.40595498942227376,0.49026183698867565
0-1,1-0,0.0,0.4725493148766979,0.5163314815995458
1-0,1/2-1/2,0.0,0.20471722833439754,0.21295324981126493
1-0,1-0,0.0,0.46859702176050416,0.520251112502703
1/2-1/2,1-0,0.0,0.3599044655537634,0.37891306028027605
0-1,1-0,0.0,0.4777539283785128,0.5017033946320054
1-0,1-0,0.0,0.4766978375303642,0.5087038191432841
1-0,1-0,0.0,0.4695656867804888,0.5233203759553702
1-0,1-0,0.0,0.4724289190812347,0.5124042957158519
1-0,1-0,0.0,0.47029016417343367,0.512004465765209
0-1,1-0,0.0,0.4589068787252707,0.5311647004439882
0-1,1-0,0.0,0.47297722252664887,0.5160144970388805
0-1,1-0,0.0,0.4744738847238775,0.5089326036377717
0-1,1-0,0.0,0.47644817400021433,0.5106390897779514
1-0,1-0,0.0,0.4471495750696563,0.48481147478374026
0-1,1-0,0.0,0.4630373633256099,0.4941179406103925
1-0,1-0,0.0,0.4010148378770427,0.4346449984866667
0-1,1-0,0.0,0.47590946154705854,0.4966385666798333
1/2-1/2,1-0,0.0,0.4182895804667687,0.44197626494567244
0-1,1-0,0.0,0.47711227078375285,0.5118559138445159
0-1,1-0,0.0,0.41343814415669383,0.42768799120431333
1-0,1-0,0.0,0.407361349568104,0.581366166900154
1-0,1-0,0.0,0.4508478551446048,0.5091413139500537
0-1,1-0,0.0,0.46596534767170794,0.5262517125944389
0-1,1-0,0.0,0.4661631209936935,0.5115443968897941
0-1,1-0,0.0,0.45257375856953885,0.46911539972903227
1-0,1-0,0.0,0.47722009358826084,0.5117959062328952
1-0,1-0,0.0,0.4736622872979768,0.5175756480380839
1-0,1-0,0.0,0.32659665766407636,0.34213725559227187
1-0,1-0,0.0,0.44903480891732045,0.5153241683797333
0-1,1-0,0.0,0.46172449681530486,0.5289476541948822
0-1,1-0,0.0,0.42942922006770495,0.5523358587377984
0-1,1-0,0.0,0.4778630920242877,0.5083110622901889
0-1,1-0,0.0,0.4761098773942073,0.5127351674861673
1-0,1-0,0.0,0.45502920584397616,0.50102509162268
1-0,1-0,0.0,0.4726450983742066,0.5091719044402194
0-1,1-0,0.0,0.36336271339356163,0.3855459301932167
1-0,1-0,0.0,0.46269340927144825,0.5256744580121857
0-1,1-0,0.0,0.4763943411220313,0.5068678614756439
0-1,1-0,0.0,0.4667864379372593,0.5111438555691522
1-0,1-0,0.0,0.46658255641269203,0.5171016480269145
1-0,1-0,0.0,0.47269007976390554,0.4960833275174788
1-0,1-0,0.0,0.47484256749063397,0.5058822891409579
1-0,1-0,0.0,0.47346752493555105,0.511570984233465
0-1,1-0,0.0,0.4738145266250928,0.5045284902553152
1-0,1-0,0.0,0.45901993102289834,0.5267370003726863
1/2-1/2,1-0,0.0,0.41649765089958457,0.4294700919996926
0-1,1-0,0.0,0.46533906554801524,0.5106401489466308
1-0,1-0,0.0,0.4731745409903916,0.5075247474973834
0-1,1-0,0.0,0.4766609601135091,0.4983112708489692
0-1,1-0,0.0,0.47792891394944104,0.5028535956702808
0-1,1-0,0.0,0.47298005495714684,0.5163705588966238
1-0,1-0,0.0,0.47198656451604637,0.5187363837933558
1-0,1-0,0.0,0.4774366092357299,0.5110769558543659
1-0,1-0,0.0,0.4759318303106705,0.51465141382435
1-0,1-0,0.0,0.4683061645134445,0.5181727944122092
0-1,1-0,0.0,0.47262000234538526,0.5056750449157744
1-0,1-0,0.0,0.47460909673033524,0.49732930054778346
1-0,1-0,0.0,0.46347667612280097,0.5228358042776822
0-1,1-0,0.0,0.45844739815847474,0.527211679000935
1-0,1-0,0.0,0.44919223558936827,0.4646831223060448
1-0,1-0,0.0,0.47468508517283725,0.5049333143222646
1-0,1-0,0.0,0.4678099418548953,0.519619685174294
1-0,1-0,0.0,0.45431385903753824,0.48351424214650024
1-0,1-0,0.0,0.4682578988886981,0.5240538161041505
1-0,1-0,0.0,0.47602603209153227,0.5122762570238614
1/2-1/2,1-0,0.0,0.4766309537440432,0.49815038539974404
1-0,1-0,0.0,0.4782731717486068,0.5078824194418391
1-0,1-0,0.0,0.4352903080943225,0.5547698934955924
0-1,1-0,0.0,0.4680565255781261,0.5127913500902899
1-0,1-0,0.0,0.45401064724154866,0.525810907637482
1-0,1-0,0.0,0.47390600226482205,0.5157208133631254
0-1,1-0,0.0,0.43905025291887567,0.5470016342531823
1-0,1-0,0.0,0.47770665818642133,0.5014103557036653
1-0,1-0,0.0,0.447764590662446,0.4732787936385581
0-1,1-0,0.0,0.47815909177157184,0.5070815838782834
1-0,1-0,0.0,0.4483812322362747,0.539493802631231
1-0,1-0,0.0,0.47173829021308755,0.5017523868692297
0-1,1-0,0.0,0.4783575035231611,0.5062359674048288
0-1,1-0,0.0,0.4711149818018542,0.5181989117684551
1-0,1-0,0.0,0.3442947265127597,0.4076051232662611
0-1,1-0,0.0,0.4765137609269069,0.5063852159368928
0-1,1-0,0.0,0.4684021740288353,0.503771013791774
1-0,1-0,0.0,0.4778108265701917,0.5088176703673964
1-0,1-0,0.0,0.4749729221719667,0.5058297635111104
1-0,1-0,0.0,0.4715499124568651,0.5139824848636977
1-0,1-0,0.0,0.4492851072013177,0.4847995945520869
0-1,1-0,0.0,0.4728742117426463,0.4943196203373004
1-0,1-0,0.0,0.47838556545955546,0.5044324202012425
0-1,1-0,0.0,0.46129029362635665,0.5098045962045484
1-0,1-0,0.0,0.4751694937048675,0.5032597285088032
1-0,1-0,0.0,0.4631692144305775,0.5112617390574743
1/2-1/2,1-0,0.0,0.3169049799858694,0.4157678117598381
0-1,1-0,0.0,0.47716164813347584,0.5107950159490628
0-1,1-0,0.0,0.42744903190103756,0.5474357807861071
0-1,1-0,0.0,0.4697364553874546,0.5003721884917616
0-1,1-0,0.0,0.471685013965551,0.5183047494229079
1-0,1-0,0.0,0.47626011870758184,0.5021307296516079
1-0,1-0,0.0,0.4770842714204079,0.5004317801331688
1-0,1-0,0.0,0.47402475962196955,0.5171812004462484
1/2-1/2,1-0,0.0,0.4515337240656658,0.47258868092788586
0-1,1-0,0.0,0.4777977892005745,0.508872365408759
1-0,1-0,0.0,0.39008072152073264,0.4093629067183535
1-0,1-0,0.0,0.4737901592283601,0.5084161997056332
0-1,1-0,0.0,0.47547461839097827,0.5128336344093307
0-1,1-0,0.0,0.46769281237307675,0.4941204297869959
1-0,1-0,0.0,0.45376031498110586,0.4769935512234697
0-1,1-0,0.0,0.4733997726108944,0.5184183039300824
0-1,1-0,0.0,0.4736639180963959,0.5168001062897313
1-0,1-0,0.0,0.475382071830326,0.4999892990751541
1-0,1/2-1/2,0.0,0.23392408475222698,0.2568881071462493
0-1,1-0,0.0,0.4307759661259324,0.5531705711859837
1-0,1-0,0.0,0.47702231674350265,0.5124492750304459
0-1,1-0,0.0,0.4564878435205248,0.4714115545492765
0-1,1-0,0.0,0.4744087133949243,0.5130381570900995
0-1,1-0,0.0,0.4242606376784762,0.4375149441016041
1-0,1-0,0.0,0.4668351023649758,0.4918167236323831
1-0,1/2-1/2,0.0,0.21944072339335496,0.23354720949219038
0-1,1-0,0.0,0.4624013094493621,0.5181209770363299
1-0,1-0,0.0,0.460449167576647,0.5295964902985256
0-1,1-0,0.0,0.46998464294650405,0.49279195441415197
1-0,1-0,0.0,0.46472442672039643,0.5238721315844718
0-1,1-0,0.0,0.4727558555946777,0.5041483477835427
1-0,1-0,0.0,0.46971869231892677,0.5115064015086355
1-0,1-0,0.0,0.47595399156306045,0.5093840881846083
1-0,1-0,0.0,0.45639852733350117,0.5312458959082903
0-1,1-0,0.0,0.4461980066175538,0.5355460158622278
1-0,1-0,0.0,0.4507257147696466,0.5353987725823287
0-1,1-0,0.0,0.47671950169935273,0.5104628603657908
0-1,1-0,0.0,0.45401898988013994,0.49560865878678784
0-1,1-0,0.0,0.4772618619924226,0.5035923599832403
1-0,1-0,0.0,0.4624005437377732,0.5305157989907254
1-0,1-0,0.0,0.40966504517531477,0.46193658992687536
1-0,1/2-1/2,0.0,0.16827690518251806,0.19782411503843
1-0,1-0,0.0,0.4749063059569334,0.5085743499192296
1-0,1-0,0.0,0.4656063033727207,0.5212421220075685
1-0,1-0,0.0,0.44719277692395126,0.5412512021238546
1-0,1-0,0.0,0.47742996361107154,0.5091796262729827
0-1,1-0,0.0,0.41792678352134816,0.4896417826884849
1-0,1-0,0.0,0.43660171118894653,0.55268226762658
0-1,1-0,0.0,0.4475829095728085,0.5331879544468665
1-0,1-0,0.0,0.47292253998919853,0.49787573310100325
0-1,1-0,0.0,0.47607647436024525,0.5068696573923606
1-0,1-0,0.0,0.43408504279326904,0.5549694137428348
1-0,1-0,0.0,0.46279458035699955,0.4817670029556371
0-1,1-0,0.0,0.4627655606072923,0.5243421379759143
1-0,1-0,0.0,0.4435219635778146,0.4810763389399781
1-0,1-0,0.0,0.46220515866551254,0.5241280651325739
1-0,1-0,0.0,0.46744536632365286,0.49561892158135146
1-0,1-0,0.0,0.4759857626403006,0.5037702807659475
0-1,1-0,0.0,0.47077607670109006,0.5146035382800431
0-1,1-0,0.0,0.47082643431921517,0.5201748339538604
0-1,1-0,0.0,0.46013184519850936,0.5304068929508958
1-0,1-0,0.0,0.471958804849957,0.5180717092798217
1-0,1-0,0.0,0.3248978551485741,0.34601267931889057
0-1,1-0,0.0,0.4718108635282882,0.50871718394401
1-0,1-0,0.0,0.45263946821021445,0.4683592538393454
1-0,1-0,0.0,0.3649844009730617,0.39218444779484163
1-0,1-0,0.0,0.47165273090524007,0.5186643941540051
0-1,1-0,0.0,0.44679192452559524,0.48443755927550985
1-0,1-0,0.0,0.4738688679762645,0.5144373267617877
1-0,1-0,0.0,0.4755168739707719,0.5149703811577211
0-1,1/2-1/2,0.0,0.13760538742829198,0.14338033858010035
1-0,1-0,0.0,0.42847073563064886,0.5480208021402193
1-0,1-0,0.0,0.47696374988547285,0.5102232936883675
1-0,1-0,0.0,0.47183179872691694,0.5203598498874329
0-1,1-0,0.0,0.4642862016642407,0.514197410692338
0-1,1-0,0.0,0.46129104530568155,0.5143218294578074
0-1,1-0,0.0,0.4418341956660749,0.5340127342656026
1-0,1-0,0.0,0.44212344287337024,0.48865735103758084
1-0,1-0,0.0,0.4686143347612224,0.5134528113548735
1-0,1-0,0.0,0.4754076792084126,0.5107832603646711
0-1,1-0,0.0,0.4473274607522587,0.48839864237455155
1-0,1-0,0.0,0.4752016652940696,0.515244492456142
0-1,1-0,0.0,0.4712434234091787,0.505273940677446
1-0,1-0,0.0,0.4650627765965018,0.5076757020981162
0-1,1-0,0.0,0.47549414573153187,0.5138080022865145
0-1,1-0,0.0,0.4671508100191765,0.5145479235274302
0-1,1-0,0.0,0.3848869603134147,0.48434208630226355
0-1,1-0,0.0,0.47710825986289185,0.5113322290894353
0-1,1/2-1/2,0.0,0.30946543828090023,0.32589537411047176
1-0,1-0,0.0,0.46739902857159094,0.5189179294695723
1-0,1-0,0.0,0.4707951034706781,0.5127814452724504
1-0,1-0,0.0,0.47391297365652174,0.5131811461705922
0-1,1-0,0.0,0.42484323199037827,0.45844403188429916
1-0,1-0,0.0,0.4726952576085009,0.5103385715979001
1-0,1-0,0.0,0.45052174685148266,0.5403785576249623
0-1,1-0,0.0,0.472994243516512,0.5181476055512197
1-0,1-0,0.0,0.43153696467952873,0.46406710484132974
1-0,1-0,0.0,0.47684413607618475,0.5014208055084127
1/2-1/2,1/2-1/2,0.0,0.009628064795458784,0.010235599778007969
1-0,1-0,0.0,0.4517803743263367,0.5114437140215383
0-1,1-0,0.0,0.4131796062292624,0.4284373706365248
0-1,1-0,0.0,0.4672037373099039,0.517841550514581
1-0,1-0,0.0,0.4501412225733662,0.47709687287892655
1-0,1-0,0.0,0.4778484725111549,0.501534270553717
0-1,1-0,0.0,0.45676278187960934,0.5236074685991388
1-0,1-0,0.0,0.4332134863838892,0.47821838974497743
0-1,1-0,0.0,0.4667719684089711,0.5010564532571162
1-0,1-0,0.0,0.47355231333710346,0.5183671054254329
1-0,1-0,0.0,0.4669557006683269,0.5106462655896407
0-1,1-0,0.0,0.43523446342606653,0.5423578203392584
1-0,1-0,0.0,0.4441374817096367,0.4657141108376293
1-0,1-0,0.0,0.4598324377848602,0.5178827125431265
0-1,1-0,0.0,0.4742252640390527,0.5065110996633071
1-0,1-0,0.0,0.46929529122168995,0.522631968340915
0-1,1-0,0.0,0.4761182281832711,0.513604285567286
0-1,1-0,0.0,0.47200152839773435,0.504838489169427
1-0,1/2-1/2,0.0,0.05089474605257916,0.05470727787047281
1-0,1-0,0.0,0.4746939658707676,0.49448025231179077
0-1,1-0,0.0,0.4729390815195459,0.5182117593103367
1-0,1-0,0.0,0.4654885065635428,0.5212946423156091
1-0,1-0,0.0,0.4669039460141014,0.5158103958342856
0-1,1-0,0.0,0.47419424813892663,0.5125424079137337
0-1,1-0,0.0,0.47152422459462534,0.49868924234934137
1-0,1-0,0.0,0.458701941662101,0.5160913404561654
1-0,1-0,0.0,0.4184708047262816,0.5733962145759882
1/2-1/2,1-0,0.0,0.44880572346241565,0.49970430413028
0-1,1-0,0.0,0.45354698604675425,0.5314058859332496
0-1,1-0,0.0,0.4762900453484663,0.5134989066287938
1-0,1-0,0.0,0.46910266986535215,0.5034231556549089
1/2-1/2,1/2-1/2,0.0,0.27157448189389316,0.28178676350619314
1-0,1-0,0.0,0.4781966389631239,0.503394690081097
1-0,1-0,0.0,0.47479484653896636,0.49694751592426506
0-1,1-0,0.0,0.47629586473534175,0.5021108640374228
1-0,1-0,0.0,0.44663989944227334,0.5232757293255863
1-0,1-0,0.0,0.46381724017386994,0.5176428524183252
0-1,1-0,0.0,0.4764095676972557,0.5134047112175779
1-0,1-0,0.0,0.4778685926548049,0.5050611450807656
0-1,1-0,0.0,0.4258571450977056,0.4444015545072663
1-0,1-0,0.0,0.4744759980221513,0.5142254355826474
0-1,1-0,0.0,0.4738406754104329,0.5134897393143786
0-1,1-0,0.0,0.4655344729261689,0.5135096041155806
1-0,1-0,0.0,0.47738803513619527,0.5094256775664603
0-1,1-0,0.0,0.47055434509309313,0.5075289347645197
0-1,1-0,0.0,0.4630127461025262,0.4786499832375277
1-0,1-0,0.0,0.4772256812942367,0.5089242972376088
1-0,1-0,0.0,0.4641666064238665,0.49290195833244926
1-0,1-0,0.0,0.4733622116619609,0.5124350310943168
1-0,1-0,0.0,0.4739386505257089,0.5151309655514367
1-0,1-0,0.0,0.4689445151283657,0.5190835955949236
1-0,1-0,0.0,0.4618680687626928,0.48251033812747424
1-0,1-0,0.0,0.47610500081737456,0.5021278334412843
1-0,1-0,0.0,0.46190393396285057,0.48823711007917747
0-1,1-0,0.0,0.4677522713861381,0.5117872985270886
0-1,1-0,0.0,0.460431190576124,0.4795493543727395
1-0,1-0,0.0,0.43906979476702174,0.47357676554468586
1-0,1-0,0.0,0.47538918398232405,0.5139235845885289
1-0,1-0,0.0,0.4514276797907617,0.5405005771733538
1-0,1-0,0.0,0.4675823101718766,0.5187952173044592
1-0,1-0,0.0,0.47584568817023404,0.5147515552802236
0-1,1-0,0.0,0.4673524235165759,0.4894657820645035
0-1,1-0,0.0,0.4570990174866127,0.5342997783467494
1-0,1-0,0.0,0.4747809200509878,0.5055387835401615
0-1,1-0,0.0,0.4581521682933625,0.47695850862625744
1-0,1-0,0.0,0.4774442595926428,0.5048094098239828
1-0,1-0,0.0,0.4571019751481344,0.49291552981074055
1-0,1-0,0.0,0.47569848006050885,0.5144310189289555
1-0,1-0,0.0,0.4764869059017902,0.5081452371457632
0-1,1-0,0.0,0.47351589999953464,0.5034123872375064
0-1,1-0,0.0,0.4690089847965348,0.5061423953166674
0-1,1-0,0.0,0.4726550855377573,0.49214191187975176
1-0,1-0,0.0,0.45810801254589445,0.5170178875003534
1-0,1-0,0.0,0.47450203107898903,0.5011122596717709
0-1,1-0,0.0,0.4726360834599111,0.5043313254391418
1-0,1-0,0.0,0.46399416461245674,0.5175134148100597
1/2-1/2,1-0,0.0,0.4680961886589873,0.5037394038649402
1-0,1-0,0.0,0.41895385705762817,0.4424769201692429
1-0,1-0,0.0,0.4643932749932615,0.5222329382872483
0-1,1-0,0.0,0.4497266748908676,0.46403881633553506
1-0,1-0,0.0,0.41281018100710404,0.4348052831213129
1-0,1-0,0.0,0.46532935180204743,0.5242100345540471
1-0,1-0,0.0,0.468273132191174,0.48814008642577134
1-0,1-0,0.0,0.4782668766143344,0.5077700496317868
0-1,1-0,0.0,0.4767000487320685,0.5131622283662812
1-0,1-0,0.0,0.4679673663519816,0.5121214282410347
1-0,1-0,0.0,0.47158736593311346,0.5207331809559272
1-0,1-0,0.0,0.45888263305603316,0.5258170693857659
0-1,1-0,0.0,0.43555652836533293,0.4521949484385067
1/2-1/2,1-0,0.0,0.4555742929382912,0.47313369037938297
0-1,1-0,0.0,0.47582984432309755,0.5143102052837966
0-1,1-0,0.0,0.47251554346994434,0.49707990597502455
0-1,1-0,0.0,0.45517016462969095,0.5340339896567223
0-1,1-0,0.0,0.46455268242077064,0.5289200838558863
1/2-1/2,1-0,0.0,0.3959955871811862,0.42647919206716894
1-0,1-0,0.0,0.47708956485637255,0.5016252858912414
1-0,1-0,0.0,0.461806635073666,0.5311035724567655
0-1,1-0,0.0,0.46074459248191363,0.5193264878468105
1-0,1-0,0.0,0.47541050281353203,0.5099938085341363
1-0,1-0,0.0,0.46969403142323995,0.5183722426333216
1-0,1-0,0.0,0.4677161245222251,0.5117737129826861
0-1,1-0,0.0,0.4547795993861191,0.47487527283776076
1-0,1-0,0.0,0.46754582049122717,0.5168273483565675
1/2-1/2,1-0,0.0,0.46885658383952644,0.48612204945301524
0-1,1-0,0.0,0.4561466264827843,0.5330681835571967
0-1,1-0,0.0,0.4690480411209569,0.5168299858939162
0-1,1-0,0.0,0.477583178661545,0.5109426285357255
0-1,1-0,0.0,0.4095004834519029,0.42172967089710217
1-0,1-0,0.0,0.4771802751499593,0.5107673408012833
0-1,1-0,0.0,0.45229079359095986,0.5006630992379637
1/2-1/2,1/2-1/2,0.0,0.2186946918153015,0.23256338743382815
0-1,1-0,0.0,0.46672845498597254,0.49348235495037923
1-0,1-0,0.0,0.4770480040234871,0.5079677003413612
0-1,1-0,0.0,0.47278298949295056,0.5121216804535865
0-1,1-0,0.0,0.41860517642870376,0.5595955435871854
1-0,1-0,0.0,0.46460786371527457,0.5165446432714386
1-0,1-0,0.0,0.47042644647703946,0.49904381749076404
0-1,1-0,0.0,0.4777114191324528,0.5061348079164419
1-0,1-0,0.0,0.4706896732029361,0.52205864171716
1-0,1-0,0.0,0.4732549974754309,0.5125621350928719
1-0,1-0,0.0,0.463151707983826,0.5217148836905922
0-1,1-0,0.0,0.4767535869554832,0.5061768725370676
1-0,1-0,0.0,0.41059407957995603,0.5568490336865897
1-0,1-0,0.0,0.45817852939722487,0.4766471273421697
1-0,1-0,0.0,0.47090038961044595,0.502879624491908
0-1,1-0,0.0,0.47661398560943957,0.5002837027421806
1-0,1-0,0.0,0.4663953378931227,0.4908754155470771
0-1,1-0,0.0,0.4724216393204878,0.5195002467355941
1-0,1-0,0.0,0.45344599676910574,0.5205246274794879
1-0,1-0,0.0,0.4755698460448932,0.5113636463912081
0-1,1-0,0.0,0.47506141580131495,0.5161381682590106
0-1,1-0,0.0,0.45945746393423686,0.533156411497203
1-0,1-0,0.0,0.4320910905986419,0.5605254315687244
1-0,1-0,0.0,0.4762518290161971,0.49735801689638937
1-0,1-0,0.0,0.4767598942372395,0.5118809985496754
1-0,1-0,0.0,0.4633434588705417,0.48027558372806023
0-1,1-0,0.0,0.47743528522837614,0.5081007300406027
0-1,1-0,0.0,0.47755287595345053,0.5005146764188056
1-0,1-0,0.0,0.4289833231586488,0.5630534777383327
0-1,1-0,0.0,0.46972571982069056,0.5215419302798442
1-0,1-0,0.0,0.4777102662932303,0.5061040059817468
1-0,1-0,0.0,0.4726520877714296,0.5153269699594771
0-1,1-0,0.0,0.4675888958039766,0.49249585200451296
1-0,1-0,0.0,0.47099010568604227,0.5200308538263474
0-1,1-0,0.0,0.4587735747462197,0.4768718559991646
1-0,1-0,0.0,0.4754889471841393,0.4960836981429552
1-0,1-0,0.0,0.47637266439793274,0.5045114785927773
0-1,1-0,0.0,0.3275290471949617,0.399279510128528
0-1,1-0,0.0,0.47758054379274,0.5065617033492978
1-0,1-0,0.0,0.46599431533665264,0.5129378885214397
1-0,1-0,0.0,0.4735792216858813,0.496520423330181
1-0,1-0,0.0,0.46992195800344205,0.5061740424708281
1-0,1-0,0.0,0.46444342488387647,0.4848997205773361
0-1,1-0,0.0,0.47032325975499073,0.48789456118098606
1-0,1-0,0.0,0.37946898078990265,0.40502600153720075
1-0,1-0,0.0,0.4748824046400279,0.49546957856784474
0-1,1-0,0.0,0.47797472933211677,0.5028780969477514
1-0,1-0,0.0,0.47644539387268997,0.5102562163228243
1-0,1-0,0.0,0.4725257703306592,0.4962355541920848
1-0,1-0,0.0,0.470206658260389,0.5223416063883359
0-1,1-0,0.0,0.45872581910967525,0.5222411503648452
0-1,1-0,0.0,0.47547671626078875,0.5038445224244342
1/2-1/2,1-0,0.0,0.4447510135608791,0.47297191619094536
1-0,1-0,0.0,0.47619163108217394,0.5131532583648875
1-0,1-0,0.0,0.44856235770756236,0.46814284625685626
1-0,1-0,0.0,0.3766926994213842,0.3876684929682439
1-0,1-0,0.0,0.4631012514695858,0.5173080647874986
1-0,1-0,0.0,0.4761887842486192,0.508409716057306
1-0,1-0,0.0,0.4745682108295857,0.5169050787811462
1-0,1-0,0.0,0.46941293376022025,0.5234751053605986
1/2-1/2,1-0,0.0,0.44051352802485394,0.4603862485233753
1-0,1-0,0.0,0.45830384918967265,0.4768482516411272
0-1,1-0,0.0,0.47696318007213817,0.5026855000900736
0-1,1-0,0.0,0.4556204493833839,0.5189330484312827
1-0,1-0,0.0,0.44304934101540805,0.5211417388018889
1-0,1-0,0.0,0.4727918894815841,0.49161824832384304
1-0,1-0,0.0,0.4692405194680409,0.519684101071139
1-0,1-0,0.0,0.4731375004782221,0.5178525024604295
0-1,1-0,0.0,0.46983388658551806,0.5216726099975783
1-0,1-0,0.0,0.46427112777514884,0.5292378071196107
1-0,1-0,0.0,0.4748911027668267,0.5152877034388269
1/2-1/2,1/2-1/2,0.0,0.2568280825244432,0.2649276586723595
0-1,1-0,0.0,0.443564750406681,0.5494243868172346
1-0,1-0,0.0,0.47223217506244186,0.5191009807999915
0-1,1-0,0.0,0.4717845367988712,0.5123676150996929
0-1,1-0,0.0,0.4662039674714898,0.5266594991498397
0-1,1-0,0.0,0.4522181488478041,0.536465982355954
0-1,1-0,0.0,0.4699828882759864,0.512412468122126
0-1,1-0,0.0,0.4771723877429698,0.5015710520346096
1-0,1-0,0.0,0.4678421907731515,0.5121534145556901
0-1,1-0,0.0,0.4645865886809771,0.5266767849591439
1-0,1-0,0.0,0.47679479864123625,0.49929668742187955
0-1,1-0,0.0,0.4532266269523229,0.4907055144955343
1-0,1-0,0.0,0.4512574706504134,0.5221762410671779
1-0,1-0,0.0,0.4704963275001533,0.517015685609257
1-0,1-0,0.0,0.4733748829014565,0.5125145325910989
0-1,1-0,0.0,0.4772155225423542,0.5106474414435689
0-1,1-0,0.0,0.465990761865028,0.5229655848841872
0-1,1-0,0.0,0.45186115581305963,0.4673206222531198
1-0,1-0,0.0,0.47049267966178165,0.5182290779189139
1-0,1-0,0.0,0.4169879665817982,0.4299044000071905
0-1,1-0,0.0,0.4576630803724843,0.5142103900874733
1-0,1-0,0.0,0.4760681891078025,0.5141795372785605
1/2-1/2,1-0,0.0,0.4745402978392057,0.49474374391112275
1-0,1-0,0.0,0.477511039073346,0.5047892810630501
1-0,1-0,0.0,0.47283086678483766,0.5171172677956932
1-0,1-0,0.0,0.4763546456878774,0.502057747297219
1-0,1-0,0.0,0.4763375026450007,0.5082626659895426
0-1,1-0,0.0,0.4705134734755339,0.5218651097704342
1-0,1-0,0.0,0.4706486023904287,0.5168655600281642
0-1,1-0,0.0,0.46599583978180703,0.4994838746660371
1-0,1-0,0.0,0.4590768745626335,0.5115547935594256
0-1,1-0,0.0,0.4746838186349546,0.5130232196521264
0-1,1-0,0.0,0.46633051550594873,0.48495485095812974
0-1,1-0,0.0,0.45949384912485647,0.5337903860698782
0-1,1-0,0.0,0.4553033375068765,0.5271825724009207
1/2-1/2,1-0,0.0,0.35236314259418605,0.3790726672566692
1-0,1-0,0.0,0.46532023313242793,0.5270975549344816
1-0,1-0,0.0,0.47343877850264365,0.5038200374306882
1-0,1-0,0.0,0.3975020850682619,0.4352900317619693
0-1,1-0,0.0,0.4766281536704554,0.5088013984401262
1-0,1-0,0.0,0.4690933360154132,0.506633549358788
1-0,1-0,0.0,0.47731055363667935,0.5067473006670001
0-1,1-0,0.0,0.4738994647104795,0.5044321076093201
1-0,1-0,0.0,0.47710212239799854,0.5060324535769598
0-1,1-0,0.0,0.4772906881221257,0.5088397970906031
1-0,1-0,0.0,0.47324844836065744,0.5171721549106425
0-1,1-0,0.0,0.47614735862781027,0.4980531907922356
1-0,1-0,0.0,0.4574045514402573,0.5340223816446662
0-1,1-0,0.0,0.47773249143591334,0.5081816258666373
0-1,1-0,0.0,0.46921601610323177,0.5183917396084473
1-0,1-0,0.0,0.4575899037256796,0.48861125684254497
0-1,1-0,0.0,0.4703632682281195,0.49530214017528384
1-0,1-0,0.0,0.47804587381922004,0.5071577547090155
1-0,1-0,0.0,0.46708244522658204,0.5184189168320373
0-1,1-0,0.0,0.4770630767510458,0.510768792309291
0-1,1-0,0.0,0.4699731909869989,0.49291509130442096
0-1,1-0,0.0,0.37974992322923545,0.42910218084798113
0-1,1-0,0.0,0.4752820492514193,0.5139964982155012
0-1,1-0,0.0,0.47699364492805707,0.49981244567357613
1-0,1-0,0.0,0.4763725413532928,0.5107235303252948
0-1,1-0,0.0,0.4739374948588691,0.5061270519653841
1-0,1-0,0.0,0.34953567524374696,0.3759426609993012
0-1,1-0,0.0,0.4725893960187124,0.508034166539576
1-0,1-0,0.0,0.4782749038654092,0.5034944356540253
1-0,1-0,0.0,0.4638660671139795,0.48568338096388824
0-1,1-0,0.0,0.453593259485943,0.529567761476556
0-1,1-0,0.0,0.4747232891459557,0.49901057293344986
0-1,1-0,0.0,0.47479827016422566,0.4954795691327703
0-1,1-0,0.0,0.4716447429845032,0.49270820384561825
1-0,1-0,0.0,0.4741429242645755,0.51536161849677
1-0,1-0,0.0,0.4769779405123414,0.5124416319537812
1-0,1-0,0.0,0.4669510548726861,0.49862487511288506
1-0,1-0,0.0,0.4578270268688,0.4741410286766449
1-0,1-0,0.0,0.47062346991129833,0.5215487936733569
0-1,1-0,0.0,0.45286711477856145,0.531936080394504
0-1,1-0,0.0,0.47154012871137685,0.5125027661256429
0-1,1-0,0.0,0.468431275277065,0.5230830890015179
0-1,1-0,0.0,0.46089455755773345,0.4961433932780186
1-0,1-0,0.0,0.4747359257581682,0.5163649270109313
1-0,1-0,0.0,0.47235709533301784,0.5198995949911945
1-0,1-0,0.0,0.4617310551982981,0.4989358566042735
0-1,1-0,0.0,0.47716126671200215,0.5093543057118253
1-0,1-0,0.0,0.46096753861759754,0.5137056252647758
0-1,1-0,0.0,0.45136390084482514,0.5066966471767116
0-1,1-0,0.0,0.4529538057313963,0.5327404472713495
0-1,1-0,0.0,0.4696503386822577,0.5150097135892923
0-1,1-0,0.0,0.47843175367089474,0.5069536538765875
0-1,1-0,0.0,0.47810854008741993,0.5065598572558023
0-1,1-0,0.0,0.4783484255015562,0.507767436403673
1/2-1/2,1-0,0.0,0.4756680976651504,0.4998194408054321
1-0,1-0,0.0,0.4469983444871551,0.46073043163977984
1/2-1/2,1-0,0.0,0.47352898280045314,0.5122427854912641
0-1,1-0,0.0,0.4778649707084385,0.5095444373876737
0-1,1-0,0.0,0.4716442270419887,0.5206762535726382
0-1,1-0,0.0,0.4773990108900208,0.5026719649995106
0-1,1-0,0.0,0.43835985113637216,0.4692998526442246
0-1,1-0,0.0,0.47323469458174044,0.5187401328611355
1-0,1-0,0.0,0.46839096845204786,0.5243435510487896
1-0,1-0,0.0,0.46797591716672005,0.509804716785769
0-1,1-0,0.0,0.4515012575452344,0.5330993465353452
1/2-1/2,1-0,0.0,0.40621056526166344,0.42666472789530835
1-0,1-0,0.0,0.47535529023305434,0.4983447202495822
0-1,1-0,0.0,0.47507804581174934,0.5141274571436786
0-1,1-0,0.0,0.47767780684404776,0.5077359252639787
0-1,1-0,0.0,0.38987049828993914,0.4081127019324207
0-1,1-0,0.0,0.45270533613214176,0.4907938752882239
0-1,1-0,0.0,0.47627191870169516,0.5120417510286224
1-0,1-0,0.0,0.4679159210228466,0.5210702448786189
0-1,1-0,0.0,0.4691296922080974,0.5154500269795145
0-1,1-0,0.0,0.4717795050750044,0.5188983508981787
1-0,1-0,0.0,0.4708054247733245,0.5167484842722473
1-0,1-0,0.0,0.4260393080617632,0.47735789701387565
1/2-1/2,1-0,0.0,0.33132648935846926,0.41225618885017956
1-0,1-0,0.0,0.4757193769724983,0.5080302841397628
1-0,1-0,0.0,0.47622117307231865,0.5067016503509842
0-1,1-0,0.0,0.46673538679195914,0.5222586914391643
0-1,1-0,0.0,0.478123978845695,0.5047495889372761
1-0,1-0,0.0,0.4776080243090342,0.5025554314565597
0-1,1-0,0.0,0.4775857115391614,0.5109512374040724
1-0,1-0,0.0,0.47064325994224376,0.5206944217874282
0-1,1-0,0.0,0.4529958433402762,0.5299946575165527
1-0,1-0,0.0,0.4631601529766188,0.5039736187328149
1-0,1-0,0.0,0.4747387989343465,0.5060963423624681
1-0,1-0,0.0,0.4537786886266147,0.5102778917057994
1-0,1-0,0.0,0.42541767035744754,0.5637421367610841
1-0,1-0,0.0,0.46727203657006516,0.5078735208041212
1-0,1-0,0.0,0.4569570316718702,0.5340847560176754
0-1,1-0,0.0,0.47664769798408346,0.5131924385933447
0-1,1-0,0.0,0.4439746942873439,0.49758398966387685
0-1,1-0,0.0,0.47502795526637803,0.5142247061559733
0-1,1-0,0.0,0.42544024618255477,0.44741043168811057
0-1,1-0,0.0,0.4664968949990959,0.5110644327314802
0-1,1-0,0.0,0.4547608773242004,0.5325343941515243
0-1,1-0,0.0,0.4663889600843547,0.5067859701678084
0-1,1-0,0.0,0.45780936285014,0.5032517763572266
1-0,1-0,0.0,0.47531685751255837,0.5092084691391736
1-0,1-0,0.0,0.3963897418723954,0.4289285820436271
0-1,1-0,0.0,0.47354396962575157,0.5180015509968474
0-1,1-0,0.0,0.46433760777569877,0.5280541058063024
0-1,1-0,0.0,0.4605804598500121,0.47579693488099556
1-0,1-0,0.0,0.46924839952467723,0.5236046476863309
0-1,1-0,0.0,0.46491519169771295,0.5251857543378922
1-0,1-0,0.0,0.4688766318792473,0.523869234587837
1-0,1-0,0.0,0.4525662231098799,0.5240436153973108
0-1,1-0,0.0,0.42532507756077037,0.4843151920951483
1-0,1-0,0.0,0.47400257624904074,0.5049194056814458
1-0,1-0,0.0,0.47307511806074687,0.5075079458533869
1-0,1-0,0.0,0.46815251655928614,0.5021913133381048
1-0,1-0,0.0,0.44288250672545704,0.5209372245646433
0-1,1-0,0.0,0.4755428948489651,0.5104824440680319
0-1,1-0,0.0,0.4248456544762137,0.5570288898281884
1-0,1-0,0.0,0.3860212160244263,0.4190695855487956
0-1,1-0,0.0,0.46018851871791305,0.5278852443658699
1-0,1-0,0.0,0.46935753955090237,0.5236225274265741
0-1,1-0,0.0,0.4661285855062299,0.5100921552302545
0-1,1-0,0.0,0.4768499385488818,0.5085614621377273
1-0,1-0,0.0,0.4680137869303724,0.524702756469811
1-0,1-0,0.0,0.47681820389896873,0.5103989430453504
0-1,1-0,0.0,0.46665758317737344,0.510960129211894
1-0,1-0,0.0,0.4697966855126422,0.5183463108212616
1-0,1-0,0.0,0.4707296054675995,0.5194923814771518
0-1,1-0,0.0,0.4537632351686464,0.5158623461611815
1-0,1-0,0.0,0.4480452881644572,0.5108384311589901
0-1,1-0,0.0,0.4522740596736528,0.4668479369647128
0-1,1-0,0.0,0.4723732633002357,0.4951523629773551
0-1,1-0,0.0,0.47298833267582907,0.5187478610612654
0-1,1-0,0.0,0.4732571530936565,0.4925170173804411
1-0,1-0,0.0,0.4473632530936177,0.4776508798255803
1-0,1-0,0.0,0.4645072810141953,0.5286266159329126
0-1,1-0,0.0,0.470056630375359,0.5228229578847989
0-1,1-0,0.0,0.47182160502317333,0.5191683147114926
1-0,1-0,0.0,0.47765998648745595,0.5077735895450076
0-1,1-0,0.0,0.45119822522743247,0.47030787229869575
1-0,1-0,0.0,0.4590750304286033,0.49451496815397644
1-0,1-0,0.0,0.4663128411953102,0.5218844913043269
1/2-1/2,1-0,0.0,0.4067653182914116,0.41845367452253984
1-0,1-0,0.0,0.4745382259360614,0.5168818331515596
1-0,1-0,0.0,0.4737433363031343,0.5069622292781063
1-0,1-0,0.0,0.4650092253675261,0.5183510586178921
1-0,1-0,0.0,0.4345876320696705,0.5396873155823054
0-1,1-0,0.0,0.4380729256719572,0.46891624192709613
1-0,1-0,0.0,0.46888411291927057,0.48640307161956137
1-0,1-0,0.0,0.4237686986117937,0.4364496319461964
0-1,1-0,0.0,0.434174294533569,0.5502304004886918
1-0,1-0,0.0,0.47346751498336115,0.5060185771440673
0-1,1-0,0.0,0.44921936278850494,0.5398732417520222
0-1,1-0,0.0,0.47231222588850286,0.5161339242475811
1-0,1-0,0.0,0.4658588814232439,0.4912887126193549
1-0,1-0,0.0,0.47783581987562257,0.5016113978956442
0-1,1-0,0.0,0.4580694418873871,0.5356424066403745
1-0,1-0,0.0,0.4573291115052807,0.5340876657653569
1-0,1-0,0.0,0.4767977106388949,0.5125968321995148
1-0,1-0,0.0,0.4775836739409415,0.5030847391755415
0-1,1-0,0.0,0.44111877387311804,0.4583465021508299
0-1,1-0,0.0,0.4754344775199608,0.5137859887633018
1/2-1/2,1-0,0.0,0.46541374182030365,0.48263575506706397
0-1,1-0,0.0,0.4731820433081172,0.5138107485274952
0-1,1-0,0.0,0.46652581588862424,0.5010704627495425
0-1,1-0,0.0,0.43352220485413767,0.4554886571363874
0-1,1-0,0.0,0.46447321432703187,0.4848141778488428
0-1,1-0,0.0,0.4565241062341311,0.48925206542497685
1-0,1-0,0.0,0.47738208155650996,0.5094348130460209
1-0,1-0,0.0,0.4647329138559089,0.5276741105700389
1-0,1-0,0.0,0.47655518795298496,0.5042059330427412
0-1,1-0,0.0,0.4283674034641197,0.5610368296460624
0-1,1-0,0.0,0.4700401965942957,0.4980303085202978
1-0,1-0,0.0,0.47436260120448187,0.5171173329838586
0-1,1-0,0.0,0.45447652783081444,0.4689325775872287
0-1,1-0,0.0,0.47032964229515284,0.4888942192740033
1-0,1-0,0.0,0.4670468455055772,0.5223604294260165
1-0,1-0,0.0,0.4674590273611687,0.518172187626887
0-1,1-0,0.0,0.4405138479924758,0.4898894734348221
1-0,1/2-1/2,0.0,0.24696809483890658,0.26001031733623886
0-1,1-0,0.0,0.47690883721932686,0.4992025094519971
0-1,1-0,0.0,0.4385205061306615,0.5465419995797112
1-0,1-0,0.0,0.4754328534016765,0.5022839502167324
1-0,1-0,0.0,0.47732717673278197,0.5068373232665471
0-1,1-0,0.0,0.4676326263527376,0.5002419006452309
0-1,1-0,0.0,0.4488279334010912,0.5438866979351886
0-1,1-0,0.0,0.47462637293197574,0.5114137470161415
0-1,1-0,0.0,0.47275817861926195,0.5135416318023612
1-0,1-0,0.0,0.4773901886123279,0.5112450125345951
1-0,1-0,0.0,0.4743804946417661,0.5084767470168161
0-1,1-0,0.0,0.4739923492412158,0.5166487512875125
0-1,1-0,0.0,0.45712384313798266,0.5359333717962107
0-1,1-0,0.0,0.4617937438558959,0.5237154463020024
0-1,1-0,0.0,0.4485319988162838,0.4809074600456668
0-1,1-0,0.0,0.4761398112598896,0.5034296833487466
0-1,1-0,0.0,0.4652939155053188,0.5043732108619852
1-0,1-0,0.0,0.4738539198303996,0.515651411546978
1-0,1/2-1/2,0.0,0.14836029291709324,0.1673540888461998
0-1,1-0,0.0,0.4316099778005593,0.44846534188500997
0-1,1-0,0.0,0.4607875297845658,0.5206139639549513
1-0,1-0,0.0,0.4683361394092911,0.49975812477192066
0-1,1-0,0.0,0.4513680024032435,0.5355744301657103
0-1,1-0,0.0,0.47704733692134865,0.512397951175698
1-0,1-0,0.0,0.4762438129437754,0.502152169070952
0-1,1-0,0.0,0.4413685243495712,0.4599180343097897
0-1,1-0,0.0,0.4726854604279951,0.5180767695665697
0-1,1-0,0.0,0.47804375025345114,0.5024230835919945
0-1,1-0,0.0,0.47418888497567335,0.5041918750524025
0-1,1-0,0.0,0.4528735892758963,0.5301009187142842
1-0,1-0,0.0,0.43419148349195064,0.4470751371413157
0-1,1-0,0.0,0.4678267799323941,0.5220141177635187
1-0,1-0,0.0,0.4757326772679206,0.5061172125668941
1-0,1-0,0.0,0.4703119935455064,0.4878124610838393
1-0,1-0,0.0,0.4729978891054288,0.5187427743679587
0-1,1-0,0.0,0.4701529899444246,0.4992000679796644
1-0,1-0,0.0,0.4601764396766842,0.5165635609658225
1-0,1-0,0.0,0.47801602168720786,0.5094501213524049
1-0,1-0,0.0,0.4668650623288266,0.5207426801291579
0-1,1/2-1/2,0.0,0.03794111387392364,0.04069193968315448
0-1,1-0,0.0,0.47509189809400676,0.5160959148323323
1-0,1-0,0.0,0.4158879728084017,0.42926390959912775
0-1,1-0,0.0,0.4784249643263611,0.5069731467951434
0-1,1-0,0.0,0.4767095660695359,0.5060999367778117
0-1,1-0,0.0,0.45502624095755456,0.485484290546823
1-0,1-0,0.0,0.47780211531201827,0.5041386511208727
1-0,1-0,0.0,0.4658388281708342,0.5209811829318032
1-0,1-0,0.0,0.4737999220052133,0.49308093445959456
0-1,1-0,0.0,0.4760156269826562,0.49817800377309684
0-1,1-0,0.0,0.4739416297432377,0.5157059308101699
0-1,1-0,0.0,0.4668092499138921,0.49022200853475684
1/2-1/2,1-0,0.0,0.46996005526634077,0.5075662192957122
0-1,1-0,0.0,0.44677454916229237,0.5156745235786349
0-1,1-0,0.0,0.4526386453655553,0.5281038437670383
1/2-1/2,1-0,0.0,0.4323366612832934,0.4687427811993417
0-1,1-0,0.0,0.44994083913674565,0.5098956626329486
1-0,1-0,0.0,0.46013015004037466,0.5295515687811831
0-1,1-0,0.0,0.47584420482151674,0.49691218554469
0-1,1-0,0.0,0.46645359888779214,0.4872383851556274
1-0,1-0,0.0,0.4453254470399388,0.45954476978816144
0-1,1-0,0.0,0.4767066571491867,0.5041289202003368
1-0,1-0,0.0,0.47332949039436634,0.5151682746152015
0-1,1-0,0.0,0.4395250842936238,0.4569909625913887
0-1,1-0,0.0,0.46277631580507594,0.49135279468361953
1-0,1-0,0.0,0.4768354246133627,0.5029707625862763
1-0,1-0,0.0,0.42532099692549247,0.5389407277989617
1-0,1-0,0.0,0.4236622443952936,0.4620678575685419
1-0,1-0,0.0,0.4691865587354165,0.5120463464173353
1/2-1/2,1-0,0.0,0.44548398538962103,0.5375875495566192
1-0,1-0,0.0,0.4704754077411236,0.5072057700158399
0-1,1-0,0.0,0.47456864278199384,0.5081984522094171
1-0,1-0,0.0,0.47602183186136304,0.505733273493067
1-0,1-0,0.0,0.47033050715914204,0.51439525188244
0-1,1-0,0.0,0.4599143613312781,0.4828871754928064
1-0,1-0,0.0,0.4739113169609837,0.5178422778490326
1-0,1-0,0.0,0.43066552600859104,0.5556266989055548
0-1,1-0,0.0,0.38135252912556317,0.4052808487863726
1-0,1-0,0.0,0.47608135861135165,0.513263500977255
1-0,1-0,0.0,0.46268349475778586,0.5213555110732355
0-1,1-0,0.0,0.45200005996970116,0.5308002347055375
1-0,1-0,0.0,0.44156575951949856,0.5511587270573738
0-1,1-0,0.0,0.4720278251608257,0.5168064615151291
0-1,1-0,0.0,0.4612098889074297,0.5038399012464465
1-0,1-0,0.0,0.46206835889154513,0.500617116450957
0-1,1-0,0.0,0.47400433824521493,0.5176231163690943
1-0,1-0,0.0,0.475098374554139,0.5160859440303103
0-1,1-0,0.0,0.4459312015209286,0.4599401200787299
0-1,1-0,0.0,0.4649035149636985,0.5202774725540856
1-0,1-0,0.0,0.4411195313852118,0.4569439896901486
1-0,1-0,0.0,0.46517569644955314,0.5274204230197542
1-0,1-0,0.0,0.4777993814905687,0.5101995548935297
1-0,1-0,0.0,0.4332791916641349,0.5481331702520619
1-0,1-0,0.0,0.47140474947891337,0.5200865291974469
0-1,1-0,0.0,0.4767614874504532,0.5121881774635904
1-0,1-0,0.0,0.45155516443030624,0.5360803208005407
1-0,1-0,0.0,0.4767917620931223,0.5080563375320591
1-0,1-0,0.0,0.4544001729123644,0.49531712372123476
0-1,1-0,0.0,0.4574669591025498,0.5260439581431171
1-0,1-0,0.0,0.44535403290486714,0.5432692470533376
0-1,1-0,0.0,0.47652809583551303,0.5128565934303456
1-0,1-0,0.0,0.46895243417523075,0.5028610231018317
0-1,1-0,0.0,0.4778082137365279,0.5083710078599858
1-0,1-0,0.0,0.46146581804802944,0.516622577614922
0-1,1-0,0.0,0.4736333318360458,0.49267321177810575
1-0,1-0,0.0,0.46285454122475367,0.5292173124958769
1-0,1-0,0.0,0.4616625469726303,0.4776325712242364
1-0,1-0,0.0,0.46261787106123653,0.5047608084549289
1-0,1-0,0.0,0.4657897851105685,0.48765925384100267
0-1,1-0,0.0,0.4661160483341473,0.5236684085694939
1-0,1-0,0.0,0.45174756948882044,0.49407714651456625
1/2-1/2,1-0,0.0,0.4671357355049436,0.4856188693233658
0-1,1-0,0.0,0.4725310297587264,0.5189099774256387
1-0,1-0,0.0,0.47542786134490933,0.515456387838421
1-0,1-0,0.0,0.46792287488080647,0.50843456015474
0-1,1-0,0.0,0.47131268131119197,0.5113282370584532
0-1,1-0,0.0,0.46791267606913123,0.5089315227401036
1-0,1-0,0.0,0.47359036670788585,0.5183416615093273
1-0,1-0,0.0,0.4645840658933923,0.5275579292229942
0-1,1-0,0.0,0.4461496329974129,0.5364233420559706
1-0,1-0,0.0,0.46172234352417424,0.5139746548232862
1-0,1-0,0.0,0.45996069816804064,0.520043987263803
1-0,1-0,0.0,0.45662103175520063,0.5206922560525895
0-1,1-0,0.0,0.47580160001370353,0.5026303785620672
1-0,1-0,0.0,0.4535605398367398,0.4995925255777834
1-0,1-0,0.0,0.44850426615321043,0.48466883916484704
0-1,1-0,0.0,0.4771679777011205,0.5113517177598799
1-0,1-0,0.0,0.4592429457507428,0.5258880917521799
0-1,1-0,0.0,0.42724193769380114,0.5634985516367261
1-0,1/2-1/2,0.0,0.04426077869907433,0.05117645532531969
0-1,1-0,0.0,0.4604156297790079,0.5043138164944586
0-1,1-0,0.0,0.47318936571037595,0.5103006423102743
0-1,1-0,0.0,0.420495144540821,0.4626689162084124
1-0,1-0,0.0,0.47490082998538763,0.5159943991949857
0-1,1-0,0.0,0.4686761664072911,0.48563385192109304
1-0,1-0,0.0,0.47381427126422804,0.5132026685500266
0-1,1-0,0.0,0.44788332526650754,0.4883912977884449
0-1,1-0,0.0,0.4672750403459733,0.49578715848112154
0-1,1-0,0.0,0.4566335455141327,0.5225587321536483
0-1,1-0,0.0,0.466810323568347,0.5225553519245884
1-0,1-0,0.0,0.4734090615162186,0.5185577722784458
0-1,1-0,0.0,0.47354414746562784,0.5063716153904506
1-0,1-0,0.0,0.46677549020845505,0.511004218815392
0-1,1-0,0.0,0.4730594754439387,0.5008065056304283
0-1,1-0,0.0,0.34589678575983246,0.35600568367397306
0-1,1-0,0.0,0.475956082864943,0.5049041222180876
0-1,1-0,0.0,0.47060889315365934,0.5219655277586422
1-0,1-0,0.0,0.4502316461017192,0.537238430905796
1-0,1-0,0.0,0.4725291384231667,0.5132164275210364
0-1,1-0,0.0,0.4730215236827926,0.5110016933059368
1-0,1-0,0.0,0.47655117911314343,0.5109246270713294
0-1,1-0,0.0,0.4776963297931337,0.5009731580602159
1-0,1-0,0.0,0.4643044889898269,0.5163827142586546
1-0,1-0,0.0,0.47804181901466336,0.509396588348579
0-1,1-0,0.0,0.46802512133418367,0.5148927153831145
1-0,1-0,0.0,0.4735978143185239,0.5173201402211037
1-0,1-0,0.0,0.45154913660650203,0.521822541521557
0-1,1-0,0.0,0.477484185826379,0.5066882706035116
1-0,1-0,0.0,0.46692611477167834,0.48719641244551354
0-1,1-0,0.0,0.4782711232148131,0.503413106633087
1-0,1-0,0.0,0.45094376522597435,0.5077993835168875
1-0,1-0,0.0,0.4627151088595924,0.5085000694156571
0-1,1-0,0.0,0.41060028729928094,0.55808583302142
1-0,1-0,0.0,0.44676383344102627,0.5217981854050227
1-0,1-0,0.0,0.44438907484492035,0.48649883355345175
1-0,1-0,0.0,0.4476052820942985,0.5427320299054909
1/2-1/2,1-0,0.0,0.47469756571164884,0.4945131844539581
0-1,1-0,0.0,0.4776488305662335,0.5018655793609894
1-0,1-0,0.0,0.47366969468807596,0.5178877716913476
1-0,1-0,0.0,0.4724933265967393,0.5069735251335125
0-1,1-0,0.0,0.4391642846194003,0.5256835003008256
1-0,1-0,0.0,0.4642723846143974,0.49297355268090975
1-0,1-0,0.0,0.46580142235727073,0.4876777118563813
1/2-1/2,1-0,0.0,0.41319998047784723,0.42922430465677724
0-1,1-0,0.0,0.4725355887940583,0.5146101081486508
1-0,1-0,0.0,0.4781669866299771,0.5056366778246607
0-1,1-0,0.0,0.393805476897697,0.44421546819826596
1-0,1-0,0.0,0.47766837031362785,0.5019227601878161
1-0,1-0,0.0,0.4676305572010099,0.5088640352078345
0-1,1-0,0.0,0.4758336868746875,0.4996825051986479
1-0,1-0,0.0,0.47578571065472736,0.49774993644982946
1-0,1-0,0.0,0.46201409011747774,0.5290972620541488
0-1,1-0,0.0,0.4763201869934489,0.513891234818165
1-0,1-0,0.0,0.4780584502738982,0.5044849523006365
0-1,1-0,0.0,0.44616195931674857,0.47875743126696557
1/2-1/2,1/2-1/2,0.0,0.10136528971115699,0.11146684992340404
0-1,1-0,0.0,0.35908077362518714,0.38660536092729963
0-1,1-0,0.0,0.474769105691746,0.5096513200871001
1-0,1-0,0.0,0.47121526033504674,0.4948450815892051
0-1,1-0,0.0,0.4576395730361249,0.5294696717480848
0-1,1-0,0.0,0.4770604955591689,0.512360989286407
1-0,1-0,0.0,0.47499145178443314,0.515574540772177
0-1,1-0,0.0,0.47360562007189116,0.5114502916775747
0-1,1-0,0.0,0.47600846405729175,0.5009235397756238
1-0,1-0,0.0,0.4683396939471864,0.5174103913696704
1-0,1-0,0.0,0.47762872272439927,0.5108707630915206
0-1,1-0,0.0,0.4754610948429131,0.5114658784332536
