y_true,y_pred,prob_1-0,prob_0-1,prob_1/2-1/2
1-0,1-0,0.47028109079925606,0.5139296581901855,0.015789251010558513
1-0,1-0,0.47259083021541154,0.5162646920253358,0.011144477759252923
1-0,1-0,0.4762907213579821,0.48582393576210353,0.03788534287991421
0-1,1-0,0.44018441305200096,0.44896245353542563,0.1108531334125735
1-0,1-0,0.46257948521344405,0.5262027225679187,0.011217792218637272
1-0,1-0,0.4420583099971356,0.5430108641639726,0.014930825838891802
0-1,1-0,0.4661385505975737,0.5151048483298415,0.018756601072584696
1-0,1-0,0.453952158484391,0.4705263159484351,0.07552152556717398
1-0,1-0,0.4732819489834195,0.48568150147238043,0.041036549544199906
1-0,1-0,0.4537229741545961,0.5363135112161334,0.009963514629270543
0-1,1-0,0.46522422285915616,0.5248698115591709,0.009905965581672952
0-1,1-0,0.47645341950258174,0.5113707621777625,0.012175818319655723
0-1,1-0,0.4694443731978044,0.5175202667425752,0.013035360059620403
1-0,1-0,0.4690749255032364,0.5210485846771743,0.009876489819589327
1-0,1-0,0.4657392135310809,0.524519623859339,0.009741162609580094
1-0,1-0,0.47434892078068536,0.48561082123909555,0.04004025798021905
1-0,1-0,0.4429399927492278,0.539167535835296,0.017892471415476268
0-1,1-0,0.48063853229616266,0.5028429920582571,0.016518475645580184
1-0,1-0,0.4610698542435667,0.5027437004126588,0.0361864453437745
1-0,1-0,0.46758833387114207,0.5229486159929191,0.009463050135938634
1-0,1-0,0.473465881184185,0.4823006468958044,0.04423347192001086
1-0,1-0,0.47972909957644044,0.5013810591021591,0.018889841321400418
0-1,1-0,0.4699748037498058,0.4955114176491711,0.0345137786010231
1-0,1-0,0.47417222903141204,0.515105687940269,0.01072208302831906
1-0,1-0,0.4807182255187574,0.5037832072376045,0.015498567243638177
1-0,1-0,0.46037681152126736,0.5289243890767952,0.010698799401937483
1/2-1/2,1/2-1/2,0.31262903231479283,0.3281106161357085,0.35926035154949865
0-1,1-0,0.3785953939480333,0.5543752280234048,0.06702937802856203
0-1,1-0,0.47329934280865454,0.5065190687189274,0.020181588472418042
0-1,1-0,0.46448648034679507,0.5210040260842211,0.014509493568983647
0-1,1-0,0.47164989648710365,0.5107460260376487,0.017604077475247677
1-0,1-0,0.45833077605379585,0.5174481106091958,0.024221113337008274
0-1,1-0,0.4760124911819225,0.5051681996027657,0.01881930921531172
0-1,1-0,0.4717233448340553,0.5015190605637184,0.026757594602226292
0-1,1-0,0.4804479009330519,0.5047273558743308,0.01482474319261718
0-1,1-0,0.477524922583652,0.510377415720035,0.01209766169631297
1-0,1-0,0.4646205528992479,0.5262130715665579,0.0091663755341942
1-0,1-0,0.44936915210137535,0.5373599871260062,0.013270860772618477
0-1,1-0,0.48150027664135664,0.49907763884580497,0.01942208451283844
0-1,1-0,0.48077865629361666,0.49646969642438876,0.02275164728199451
1/2-1/2,1/2-1/2,0.2008407585167992,0.21941657829383285,0.5797426631893677
0-1,1-0,0.4587314923843509,0.5177100200084891,0.023558487607160006
0-1,1/2-1/2,0.23985553504586485,0.2674421995016361,0.49270226545249923
1/2-1/2,1-0,0.40041540178070584,0.4135644461104918,0.18602015210880235
0-1,1-0,0.47987832849662837,0.5001282289181732,0.019993442585198494
0-1,1-0,0.45745802274311487,0.5261024011110685,0.016439576145816655
1/2-1/2,1-0,0.44601001322937883,0.4625872712022737,0.09140271556834753
1-0,1-0,0.4664931282179075,0.522353281061305,0.011153590720787428
1-0,1-0,0.4736587723466834,0.5118065670818442,0.01453466057147248
0-1,1-0,0.4694692453464831,0.5033248280858196,0.027205926567697245
1-0,1-0,0.46026052532473744,0.4695412411018425,0.07019823357342
0-1,1-0,0.4664017105544904,0.5241236519076805,0.009474637537829114
1-0,1-0,0.4461582495668812,0.4616691853904699,0.09217256504264885
0-1,1-0,0.4702308128767866,0.5128149978089563,0.01695418931425724
1/2-1/2,1-0,0.47029292540594053,0.4792725310374255,0.050434543556634126
1-0,1-0,0.4803627562369281,0.49539858978083406,0.02423865398223785
1-0,1-0,0.4681054366317991,0.4818907988599717,0.050003764508229125
0-1,1-0,0.4701049616692523,0.519431087913931,0.010463950416816518
0-1,1-0,0.45066319107007985,0.5384538474058338,0.010882961524086372
0-1,1-0,0.4716824225730703,0.5182235958560212,0.010093981570908463
0-1,1-0,0.46681396991230595,0.5213358012725432,0.011850228815150993
0-1,1-0,0.4794259863953829,0.5062917217305224,0.014282291874094853
1-0,1-0,0.4806179017465239,0.5028276851424204,0.01655441311105579
1-0,1-0,0.4792138665129679,0.5050761828419859,0.015709950645046204
1-0,1-0,0.45657502153312896,0.53336886494107,0.010056113525800915
1/2-1/2,1/2-1/2,0.23711570070196875,0.30162359775291353,0.4612607015451176
0-1,1-0,0.4683815556396021,0.5212669845803691,0.010351459780028681
1-0,1-0,0.4697705380159472,0.5200905562151488,0.010138905768904192
0-1,1-0,0.4663751896800877,0.4849920862796252,0.048632724040287116
1-0,1-0,0.48028138914178437,0.49375311984667525,0.025965491011540526
1-0,1-0,0.36375675795621354,0.3766109218573631,0.25963232018642335
1-0,1-0,0.468081942237462,0.5224329743540685,0.009485083408469411
1-0,1-0,0.4745441311244219,0.5142599994759046,0.011195869399673524
0-1,1-0,0.439406038746103,0.5181850193923292,0.04240894186156782
1-0,1-0,0.46947290437665906,0.4917926817764905,0.0387344138468505
0-1,1-0,0.4628098679436609,0.5245062232769784,0.012683908779360696
0-1,1-0,0.44392706465396436,0.5459946320299967,0.01007830331603888
1-0,1-0,0.4414662202358117,0.5359905800275215,0.022543199736666745
0-1,1-0,0.4769413489324775,0.5104122703331003,0.012646380734422246
1-0,1-0,0.4813821849530541,0.4983954281274247,0.020222386919521013
1-0,1-0,0.4555874750777555,0.5233117321849183,0.021100792737326117
0-1,1-0,0.42972740328093917,0.5547803362763748,0.015492260442685911
1-0,1-0,0.4646449166561373,0.49739827074825,0.03795681259561261
0-1,1-0,0.4512868074995937,0.46415406239803525,0.08455913010237105
0-1,1-0,0.45079274175083006,0.5215370253819207,0.027670232867249362
1-0,1-0,0.4802494085059876,0.4937852713072101,0.02596532018680214
1-0,1-0,0.41676799164062983,0.4481653975204202,0.13506661083895
0-1,1-0,0.47224539342565935,0.517033037180806,0.010721569393534854
1-0,1/2-1/2,0.2335034916752342,0.25121477370877315,0.5152817346159926
0-1,1-0,0.4789965730290459,0.5060537696954974,0.014949657275456668
0-1,1-0,0.47416474758545407,0.50234518876893,0.023490063645615882
0-1,1-0,0.44853922572917787,0.536305584027643,0.015155190243179186
0-1,1-0,0.47115314978224404,0.4895638372449952,0.03928301297276066
0-1,1-0,0.4734834625733244,0.48262668364013206,0.043889853786543385
0-1,1-0,0.43036551030056835,0.5521706242837084,0.01746386541572321
1-0,1-0,0.4545967792016775,0.526005724349172,0.01939749644915038
1-0,1-0,0.4362660955298284,0.5540909364775667,0.009642967992604872
0-1,1-0,0.4643190789570807,0.5218934244233853,0.013787496619533973
0-1,1-0,0.4788368334060518,0.508163915331661,0.012999251262287079
0-1,1-0,0.4777500616684606,0.5039023432513244,0.01834759508021481
1-0,1-0,0.4720656151268264,0.5113871048129768,0.01654728006019684
1/2-1/2,1-0,0.3269079327145994,0.34168720708832007,0.3314048601970806
0-1,1-0,0.4732781296580204,0.5081940226004564,0.018527847741523218
0-1,1-0,0.47838972286697407,0.4890415234473652,0.03256875368566073
0-1,1-0,0.45863456745658676,0.46679259532260026,0.07457283722081293
1-0,1-0,0.47906383234823674,0.5066639687075655,0.014272198944197626
0-1,1-0,0.47339509415545455,0.5156347114475995,0.010970194396945805
1-0,1-0,0.453561120893655,0.5228769733267247,0.023561905779620248
0-1,1-0,0.43554460026585495,0.444750852016348,0.11970454771779716
0-1,1-0,0.48145141587678836,0.4991755855930927,0.019372998530119003
1-0,1-0,0.4644402840117196,0.5257441272996533,0.009815588688627143
0-1,1-0,0.433967827688136,0.5164398978085315,0.04959227450333244
1-0,1-0,0.467403123635625,0.5186322418241344,0.013964634540240784
1-0,1-0,0.47978997572604787,0.5051740568026409,0.01503596747131114
1-0,1-0,0.47041216898752014,0.5197282130041421,0.00985961800833767
1-0,1-0,0.4802361114249206,0.4955667185726993,0.024197170002380107
1-0,1-0,0.47880092590293616,0.508129112538475,0.013069961558588894
1-0,1-0,0.47477440011634997,0.5053400610771392,0.019885538806510752
1-0,1-0,0.47295417635462006,0.5164808361094932,0.010564987535886684
1/2-1/2,1-0,0.4228095082152293,0.4329365994840933,0.1442538923006774
1-0,1-0,0.48135803059238447,0.5015334240568827,0.01710854535073283
0-1,1-0,0.4571810293777795,0.5230451441056279,0.019773826516592583
0-1,1-0,0.471270623601743,0.5059747239936004,0.022754652404656576
0-1,1-0,0.4230353375962815,0.554009162587625,0.02295549981609351
1-0,1-0,0.47438920770720144,0.48556025032689176,0.04005054196590681
0-1,1-0,0.4683382431244606,0.5148197951749982,0.01684196170054098
1-0,1-0,0.47354814947510776,0.5070415789652992,0.019410271559593052
1-0,1-0,0.44463060097448404,0.5465078151573218,0.00886158386819407
1-0,1-0,0.47314241741336044,0.48350820146466217,0.04334938112197745
0-1,1-0,0.46718954074235497,0.521700842912392,0.011109616345252853
1-0,1-0,0.4648892071934269,0.5008728883064093,0.034237904500163716
0-1,1-0,0.46658347017252233,0.5226881792059933,0.010728350621484587
0-1,1-0,0.47431777174375994,0.50526824859993,0.020413979656310168
1/2-1/2,1-0,0.43702624265865153,0.4492214744286385,0.1137522829127099
1-0,1-0,0.47766551232820326,0.5028477938735736,0.01948669379822295
1-0,1-0,0.467128734912559,0.5210786575968611,0.011792607490579836
0-1,1-0,0.456761069361625,0.5184362777006124,0.02480265293776256
0-1,1-0,0.47373298137537906,0.5080734641916116,0.018193554433009216
1-0,1-0,0.4712571350291349,0.5183667375344486,0.010376127436416508
0-1,1-0,0.42096707498264785,0.5692520848725527,0.009780840144799309
0-1,1-0,0.47671911481708934,0.4957178753160924,0.027563009866818138
0-1,1-0,0.46903587387852147,0.49623274268414946,0.03473138343732913
0-1,1-0,0.3777266946215249,0.3905027880161462,0.23177051736232884
1-0,1-0,0.4781551205934766,0.5002230065045109,0.021621872902012406
1/2-1/2,1/2-1/2,0.19322197364982086,0.20572395972950142,0.6010540666206778
0-1,1-0,0.4714761666111899,0.5068977715451053,0.021626061843704646
0-1,1-0,0.47414521562598605,0.49608704220668104,0.029767742167332852
1-0,1-0,0.47658356743228386,0.5015437213350433,0.02187271123267278
1-0,1-0,0.47231924523902447,0.4850251093218664,0.04265564543910929
1-0,1-0,0.479947186861201,0.5012385084980887,0.018814304640710214
0-1,1-0,0.46695470896971786,0.5233658280539827,0.00967946297629949
1-0,1-0,0.4786011730142686,0.508358732369633,0.013040094616098315
1-0,1-0,0.4632647922658735,0.4932230334055539,0.04351217432857263
1-0,1-0,0.4691360996681063,0.48820473836299577,0.04265916196889799
1-0,1-0,0.419617427706815,0.5548055325882015,0.025577039704983394
0-1,1-0,0.47197995743142435,0.5041694168695692,0.02385062569900636
1-0,1-0,0.4747920186148896,0.5130641068567481,0.012143874528362249
0-1,1-0,0.4801142732475418,0.5042898703265866,0.015595856425871765
1-0,1-0,0.48157424954685235,0.49810566510914583,0.020320085344001773
1-0,1-0,0.4655621982088297,0.5171155743656884,0.017322227425481906
0-1,1-0,0.47876104640797773,0.5038134896594333,0.01742546393258897
1-0,1-0,0.4767668237765185,0.48902795720500347,0.034205219018478
1-0,1-0,0.47423612761250544,0.5143668910029037,0.011396981384590835
1-0,1-0,0.46564112146504183,0.511607790772924,0.022751087762034057
1-0,1-0,0.4726603452206061,0.5148000662454264,0.012539588533967451
1-0,1-0,0.47665228176415053,0.5112019208027774,0.012145797433071905
1-0,1-0,0.44524484079879667,0.5287894744270469,0.025965684774156367
0-1,1-0,0.4674563250535946,0.4898856604916421,0.04265801445476344
0-1,1-0,0.4798134041157978,0.49435534774566664,0.02583124813853561
1-0,1-0,0.45425215990495366,0.5337407326754854,0.012007107419560927
1-0,1-0,0.45619363732120505,0.5056496852331548,0.038156677445640094
0-1,1-0,0.4654090335307408,0.49157419028908056,0.04301677618017866
1/2-1/2,1/2-1/2,0.3087529478426484,0.3220288973437239,0.36921815481362763
1/2-1/2,1-0,0.45470201512496944,0.46803588446603767,0.07726210040899291
0-1,1-0,0.45550526985489487,0.5355592399309679,0.008935490214137318
1-0,1-0,0.45548729463522025,0.5325637843577499,0.01194892100702988
1-0,1-0,0.478287183870324,0.4896066287937893,0.03210618733588658
1-0,1-0,0.4789628603659584,0.5036347637535911,0.017402375880450575
1-0,1-0,0.4564064528036621,0.5301219309028083,0.013471616293529581
1-0,1-0,0.4786590985017938,0.5061255828073055,0.015215318690900741
1-0,1-0,0.47050755529100563,0.5174866408960141,0.012005803812980146
1-0,1-0,0.46363737021347995,0.5171240298413122,0.019238599945207834
1-0,1-0,0.45926411805061246,0.46914245853473563,0.0715934234146519
1/2-1/2,1/2-1/2,0.11984218924123288,0.14300307001580834,0.7371547407429591
0-1,1-0,0.47575077869759713,0.5063692096941248,0.017880011608278283
0-1,1-0,0.3569712223645572,0.3724553724502286,0.2705734051852142
0-1,1-0,0.4804760876957773,0.4967745624488487,0.02274934985537383
1-0,1-0,0.4718195634055352,0.5126821624157509,0.015498274178713868
0-1,1-0,0.425342227242417,0.5460743894440161,0.02858338331356688
0-1,1-0,0.47058893565332355,0.5191242604556933,0.010286803890983144
0-1,1-0,0.4680119458241302,0.5223256033398587,0.009662450836011008
0-1,1-0,0.4775339534079056,0.5098700291493247,0.01259601744276975
1-0,1-0,0.47757250907553206,0.5016634752605704,0.020764015663897614
1-0,1-0,0.467342353496887,0.5224798755960701,0.010177770907042956
1-0,1-0,0.45998020479862667,0.5303123632853783,0.009707431915995006
1-0,1-0,0.4742178297237671,0.5139061892163369,0.011875981059896188
1-0,1-0,0.46180050410569695,0.522089993615778,0.01610950227852496
1-0,1-0,0.4732914210648976,0.5162483604142794,0.010460218520823118
0-1,1-0,0.47531577517159285,0.5083600968658831,0.016324127962524155
1-0,1-0,0.47012514646407677,0.5200151399379861,0.009859713597937159
1-0,1-0,0.47204126587099415,0.5166917925372542,0.011266941591751659
1-0,1-0,0.4685883885919773,0.5215205560059304,0.009891055402092097
1-0,1-0,0.47468695348266904,0.5123598103638028,0.012953236153528084
1-0,1-0,0.46774720230677336,0.522585247050388,0.00966755064283869
1-0,1-0,0.4696548762712693,0.4963231860465116,0.0340219376822192
1-0,1-0,0.41088379072568165,0.5085864897151852,0.08052971955913317
0-1,1-0,0.462485782912115,0.523534347337983,0.013979869749902132
1-0,1-0,0.4715021881986047,0.505720823161654,0.02277698863974102
1-0,1-0,0.3450789915115642,0.35902729606014727,0.29589371242828844
0-1,1/2-1/2,0.32096665263844254,0.3343597818858682,0.3446735654756893
0-1,1-0,0.47996390566903796,0.5012623658339402,0.018773728497021826
1-0,1-0,0.4749829167056297,0.5139482561061801,0.011068827188190238
1-0,1-0,0.46822330740740065,0.4818705277692784,0.049906164823321
0-1,1-0,0.4540327589316633,0.5238358246690215,0.022131416399315183
0-1,1-0,0.48056311152460246,0.495212541708399,0.02422434676699856
0-1,1-0,0.47322772802968416,0.5100999175889862,0.016672354381329586
0-1,1-0,0.46088405259784604,0.5302164696937337,0.008899477708420311
0-1,1/2-1/2,0.31951405764765295,0.3329697018896477,0.3475162404626995
1-0,1-0,0.4747820659554532,0.5072740527692804,0.017943881275266513
0-1,1-0,0.4787817574870517,0.5068553290054088,0.014362913507539533
0-1,1-0,0.31964406333043266,0.3411149247087469,0.33924101196082057
1-0,1-0,0.48047245164735325,0.49722641267754886,0.022301135675097904
1/2-1/2,1-0,0.4695586795326625,0.4778208217318418,0.05262049873549545
1-0,1-0,0.4519776397915945,0.5379803646373078,0.010041995571097586
1-0,1-0,0.4759726300334658,0.5116057185981914,0.012421651368342721
1-0,1-0,0.4769635467858653,0.49154375800102534,0.03149269521310934
0-1,1-0,0.46086701358009047,0.5288991589631784,0.010233827456731046
1-0,1-0,0.48109742317002974,0.4956810249593456,0.02322155187062458
1-0,1-0,0.4708075798459133,0.5190191034312529,0.010173316722833699
0-1,1-0,0.46398053824430974,0.5229304623578735,0.013088999397816692
0-1,1-0,0.4597516040658307,0.5270600144118993,0.01318838152227002
0-1,1-0,0.46502117344784266,0.5227704997708472,0.012208326781310331
0-1,1-0,0.4761072227216249,0.5120014619399808,0.011891315338394317
1-0,1-0,0.4649557635836388,0.48811833780360253,0.0469258986127586
0-1,1-0,0.47906700267553204,0.5026357876891446,0.018297209635323254
1-0,1-0,0.46992293185888373,0.5201727174861046,0.009904350655011782
1-0,1-0,0.4746708003210881,0.5115655627949134,0.01376363688399855
0-1,1-0,0.47483064067359537,0.5108304041001026,0.014338955226301924
1-0,1-0,0.47371275749228403,0.5143908450347706,0.011896397472945346
1-0,1-0,0.4381068366558865,0.5375827568894876,0.0243104064546258
1-0,1-0,0.46256006089775276,0.5255347501164921,0.011905188985755103
1-0,1-0,0.4536208510400569,0.5353462905605563,0.011032858399386876
1-0,1-0,0.4557606227416904,0.5298723179520963,0.01436705930621331
0-1,1-0,0.47775799096329064,0.4957730589086718,0.026468950128037468
1-0,1-0,0.4526834182352005,0.5385128386322858,0.00880374313251377
1-0,1-0,0.4785229019273,0.5056188702099241,0.0158582278627757
1-0,1-0,0.4653481346464211,0.5203002673371732,0.014351598016405747
0-1,1-0,0.46278315911972273,0.4738568476444436,0.06335999323583365
0-1,1-0,0.4698043442274123,0.5166565190043182,0.013539136768269571
1-0,1-0,0.45607994110581684,0.5345360476017539,0.009384011292429278
1-0,1-0,0.47119470567062266,0.508232830363711,0.020572463965666258
1-0,1-0,0.44948887470927457,0.4578765857299594,0.09263453956076596
0-1,1-0,0.47113801443658887,0.5155538155035763,0.01330817005983471
0-1,1/2-1/2,0.2681105848919385,0.28622616078030605,0.44566325432775533
1-0,1-0,0.46351301263251476,0.5181387892316898,0.018348198135795527
0-1,1-0,0.4727061299258006,0.5166425116849493,0.010651358389250075
1-0,1-0,0.44282080584423217,0.5289806209377634,0.02819857321800452
0-1,1-0,0.469424986036829,0.5200374211200406,0.01053759284313031
1-0,1-0,0.4797205651806004,0.49253176165377854,0.027747673165620833
0-1,1-0,0.4742859347230057,0.5099600560603521,0.01575400921664229
1-0,1-0,0.4776934913688084,0.5002723776550189,0.02203413097617266
0-1,1-0,0.46963089718806533,0.5104877609404352,0.01988134187149928
1-0,1-0,0.46265364173429535,0.519416308146125,0.017930050119579655
1-0,1-0,0.4720059470307139,0.51773384127145,0.01026021169783623
1-0,1-0,0.4702354136149317,0.5055656945655108,0.024198891819557644
0-1,1-0,0.4815161835354638,0.49826272182659626,0.020221094637939845
0-1,1-0,0.4752330371476038,0.490752272097903,0.03401469075449325
0-1,1-0,0.46027884840328614,0.5270019744752518,0.012719177121462158
0-1,1-0,0.46904518301919296,0.5172081819646818,0.013746635016125441
0-1,1-0,0.4472208616576829,0.5381393568556935,0.014639781486623654
1-0,1-0,0.47906595559010495,0.4980663190839435,0.02286772532595146
1-0,1-0,0.47753213591368554,0.5103809938394653,0.012086870246849242
0-1,1-0,0.47431012182070387,0.5144329046424566,0.011256973536839526
0-1,1-0,0.4636890257535734,0.5225694053590396,0.013741568887386969
0-1,1-0,0.48101375367604243,0.49619357462737834,0.022792671696579083
1-0,1-0,0.4809407167175233,0.5015910335790366,0.017468249703440072
0-1,1-0,0.47866167803597515,0.5076359699056281,0.013702352058396707
1-0,1-0,0.46861021991701024,0.5206803153178684,0.010709464765121381
1-0,1-0,0.4696941740583952,0.5167466103989696,0.013559215542635356
0-1,1-0,0.4356794557322289,0.465550159469188,0.09877038479858316
1-0,1-0,0.46941229669815404,0.4800992206589368,0.05048848264290914
0-1,1-0,0.48151911971427447,0.5003658627338453,0.018115017551880185
0-1,1-0,0.46498529169629316,0.4768128817216928,0.058201826582014185
1-0,1-0,0.4749515131355301,0.5124220648638796,0.012626422000590245
1-0,1-0,0.4396626255555402,0.5486731879157968,0.011664186528663032
0-1,1-0,0.4773115204093952,0.49972438119155926,0.022964098399045507
1-0,1-0,0.4633352895142341,0.47403858016156286,0.06262613032420307
0-1,1/2-1/2,0.22433613324961985,0.2387832463073466,0.5368806204430334
1-0,1-0,0.43403572800365325,0.5556735997157962,0.010290672280550535
0-1,1-0,0.4788513664490997,0.5059542305451951,0.015194403005705084
1-0,1-0,0.4768259519701213,0.5036053367275516,0.01956871130232728
0-1,1-0,0.47515642595999275,0.5119246329627343,0.012918941077272992
1-0,1-0,0.47871959876384157,0.5055130708897245,0.015767330346433905
0-1,1-0,0.45225135089915336,0.5369901822270612,0.010758466873785483
0-1,1-0,0.4614198063119522,0.5257462939169266,0.012833899771121237
0-1,1-0,0.44813553735010103,0.5298571476947401,0.022007314955158983
1-0,1-0,0.3941297994311564,0.5735662153726663,0.03230398519617719
1-0,1-0,0.4745055308200325,0.49376823900139133,0.031726230178576245
0-1,1-0,0.46038398159996535,0.5306653974874428,0.008950620912591856
1-0,1-0,0.4564647509124486,0.47765076368545906,0.06588448540209242
1-0,1-0,0.46612145481953543,0.5232490985634652,0.010629446616999397
0-1,1-0,0.4812499965572004,0.501451522169712,0.01729848127308769
0-1,1-0,0.41540985984844,0.4265811098963207,0.15800903025523938
1-0,1-0,0.4474505340165496,0.5438179729421486,0.00873149304130188
1-0,1-0,0.47379140974544165,0.515335060605711,0.010873529648847425
1-0,1-0,0.4750185593267545,0.5123942661591508,0.012587174514094563
0-1,1-0,0.47188029412386184,0.5173013600542089,0.010818345821929216
0-1,1-0,0.458294260875922,0.5261897917467778,0.015515947377300167
1-0,1-0,0.4731442312818832,0.5061116448034761,0.020744123914640786
0-1,1-0,0.47336325070684887,0.48352464579557336,0.04311210349757762
0-1,1-0,0.4716190984351306,0.5179250348504205,0.010455866714448848
1-0,1-0,0.47191593623720846,0.5154144025145277,0.012669661248263938
1-0,1-0,0.4780789761347862,0.5080560809481396,0.013864942917074269
0-1,1-0,0.46748299587691283,0.5185001159281457,0.014016888194941485
1-0,1-0,0.46122075969109555,0.4897554961569208,0.04902374415198374
1/2-1/2,1-0,0.3993521729708841,0.41310524437654417,0.18754258265257176
1-0,1-0,0.4541331940926955,0.4694762820817929,0.07639052382551166
1-0,1-0,0.45412184549436124,0.5371186101119483,0.008759544393690514
0-1,1-0,0.4256639432810139,0.44122820470359314,0.13310785201539296
1-0,1-0,0.4563411363289499,0.5209591894997797,0.022699674171270334
0-1,1-0,0.4810375839995676,0.5015870935040665,0.01737532249636601
1-0,1-0,0.4740498556206799,0.5146147059772753,0.011335438402044765
0-1,1-0,0.4578778121520338,0.5026490700927132,0.03947311775525302
0-1,1-0,0.47810362520904803,0.5081070338106054,0.013789340980346482
1-0,1-0,0.4715401428233598,0.5183674671722798,0.010092390004360356
0-1,1-0,0.45150225026251595,0.5289583654989015,0.01953938423858252
0-1,1-0,0.4793220190547832,0.5050221456013588,0.015655835343857803
0-1,1-0,0.45677053728807343,0.5344625888733789,0.008766873838547637
0-1,1-0,0.4764437541871205,0.5106550733266023,0.012901172486277234
1-0,1-0,0.4586285705937272,0.532032445187789,0.009338984218483769
1-0,1-0,0.4778625689909022,0.50958903049744,0.012548400511657776
0-1,1-0,0.4576732299963767,0.5254341072376241,0.016892662765999298
1-0,1-0,0.4781613246841805,0.5087327201745638,0.01310595514125576
0-1,1-0,0.4721178998872637,0.517742385647808,0.010139714464928428
1/2-1/2,1-0,0.45054297433681656,0.4658721250806451,0.08358490058253824
0-1,1-0,0.4811298601603923,0.5025835242730903,0.01628661556651744
1-0,1-0,0.4798107245013023,0.5059844904546591,0.014204785044038692
1/2-1/2,1/2-1/2,0.006748015683985714,0.008292741785411317,0.9849592425306026
0-1,1-0,0.48042768078027337,0.5047329647595377,0.014839354460189006
1-0,1-0,0.4747951899788329,0.5125515836468869,0.012653226374280097
0-1,1-0,0.4763712068551116,0.4859621172297585,0.037666675915129885
0-1,1-0,0.4714940207990375,0.5157402297708702,0.01276574943009217
1-0,1-0,0.41184892526917627,0.5664228858151541,0.02172818891566953
0-1,1-0,0.4338152278696493,0.5470126500500953,0.0191721220802555
0-1,1-0,0.4679363476741692,0.5210266997307754,0.011036952595055405
1-0,1-0,0.44701615297383834,0.5428251944207063,0.0101586526054554
1-0,1-0,0.47439716529483317,0.4957217525840476,0.029881082121119174
1-0,1-0,0.47456383850898737,0.4912576630479329,0.034178498443079755
1-0,1-0,0.47983806669072676,0.5001546096743312,0.020007323634942027
1-0,1-0,0.4134398084371006,0.4236662976146253,0.16289389394827405
1-0,1-0,0.4650554362452961,0.4819567726025011,0.052987791152202826
0-1,1-0,0.45300625219563767,0.5263002452851478,0.020693502519214497
0-1,1-0,0.46638090840507423,0.508647983054642,0.02497110854028395
1-0,1-0,0.4606805650671872,0.525748694187437,0.013570740745375778
0-1,1/2-1/2,0.0842422863930222,0.1028113216596386,0.8129463919473389
1-0,1-0,0.47246363058457247,0.4934949896088396,0.034041379806587974
0-1,1-0,0.4224102540996705,0.4458728223381844,0.1317169235621451
0-1,1-0,0.4740600291074801,0.5131466712305458,0.01279329966197423
0-1,1-0,0.4658463099203359,0.4845549237466159,0.04959876633304814
0-1,1-0,0.46434348570599665,0.48938775070571466,0.04626876358828868
1-0,1-0,0.48019552550675243,0.49957990509185785,0.020224569401389624
0-1,1-0,0.47668651141968765,0.5048149223071672,0.01849856627314532
0-1,1-0,0.4549716747440657,0.5289621366177988,0.016066188638135623
1-0,1-0,0.47950084267671444,0.5012635596101472,0.01923559771313824
1-0,1-0,0.4812860052925298,0.49577180521244957,0.022942189495020603
1-0,1-0,0.47293893900975736,0.5110465312124394,0.01601452977780329
1-0,1-0,0.4536735895194393,0.5198295735397429,0.026496836940817753
1-0,1-0,0.48111948818514,0.49607092601990377,0.022809585794956247
0-1,1-0,0.47066887902439014,0.5191093710836132,0.0102217498919966
1-0,1-0,0.4152175156411063,0.42580956655619967,0.1589729178026941
1-0,1-0,0.48051940297305396,0.49925808924246956,0.020222507784476474
1-0,1-0,0.45601028671159777,0.5000866804213884,0.043903032867013886
0-1,1-0,0.4807542791653559,0.49875687833537363,0.02048884249927055
0-1,1-0,0.4799645046574404,0.49418928515206917,0.025846210190490514
0-1,1-0,0.43907094621411136,0.4480137037368095,0.11291535004907913
1-0,1-0,0.46050915167902096,0.5231150916150434,0.01637575670593558
1-0,1-0,0.47768190854375175,0.5077994690460123,0.014518622410235946
1-0,1-0,0.46949766339115595,0.5178785543637008,0.012623782245143203
0-1,1-0,0.46196171817550585,0.5283536631903231,0.00968461863417114
1-0,1-0,0.4773606243718199,0.5041113404438123,0.01852803518436764
0-1,1-0,0.4615130850496238,0.5047934406437072,0.03369347430666888
0-1,1-0,0.45692751911376994,0.5342742112351424,0.008798269651087593
1-0,1-0,0.46090578089911427,0.5298832825680626,0.009210936532823144
0-1,1-0,0.47389287020330373,0.5137710479778073,0.012336081818888948
0-1,1-0,0.46454856843751946,0.5214171609243947,0.01403427063808582
1-0,1-0,0.4148598608507803,0.4254190066448926,0.15972113250432712
0-1,1-0,0.4795282381664194,0.5068390203636911,0.013632741469889562
0-1,1-0,0.4679917090299244,0.5085848130804277,0.02342347788964779
0-1,1-0,0.4555155519606442,0.4645465526466886,0.07993789539266713
1-0,1-0,0.46672296228923627,0.5235601848916583,0.009716852819105322
0-1,1-0,0.46623766511602655,0.514208165268545,0.019554169615428586
1-0,1-0,0.48045540827857625,0.5047104255994472,0.014834166121976678
0-1,1-0,0.46069524940470646,0.5279740420875033,0.011330708507790244
1-0,1-0,0.4301258672406944,0.5580707878503749,0.011803344908930742
1-0,1-0,0.47984066766008643,0.49229994162768687,0.02785939071222675
1-0,1-0,0.45418107901481525,0.4950090996151652,0.050809821370019576
0-1,1-0,0.47439710367124555,0.5052051800103726,0.020397716318381803
0-1,1-0,0.4765273574354689,0.4910422021888542,0.032430440375676835
0-1,1-0,0.47242683661294305,0.5165102497708308,0.011062913616226185
0-1,1-0,0.4716250615779169,0.5172517471145662,0.01112319130751672
0-1,1-0,0.4643975383856532,0.5244017420501035,0.011200719564243358
0-1,1-0,0.4797420353466714,0.4973848180491231,0.02287314660420542
0-1,1-0,0.45193099361455064,0.5357955055338786,0.012273500851570808
0-1,1-0,0.46758633837134905,0.5228475213994555,0.009566140229195597
0-1,1-0,0.4708346897770806,0.5183603709234398,0.010804939299479482
0-1,1-0,0.4255086827376372,0.5334203282800989,0.0410709889822639
0-1,1-0,0.48147204192001636,0.5006515695341837,0.01787638854580005
0-1,1-0,0.4748795894567554,0.509972781054383,0.015147629488861617
1-0,1-0,0.4660830072580625,0.5189709840694815,0.01494600867245602
0-1,1-0,0.46230401215974165,0.5201347775866756,0.017561210253582687
0-1,1-0,0.41639246261186313,0.533633343545374,0.049974193842762686
0-1,1-0,0.45124160641559374,0.5374387635327865,0.011319630051619713
1-0,1-0,0.4707982918713289,0.5023509925708551,0.02685071555781602
1-0,1-0,0.47925985416013067,0.5064220606285036,0.01431808521136584
1-0,1-0,0.479538653076623,0.5062970080392752,0.014164338884101754
1-0,1-0,0.46312907864286545,0.5271058660516936,0.009765055305440981
0-1,1-0,0.45838516478421837,0.5232535313453491,0.018361303870432513
0-1,1-0,0.45939320136660605,0.5293832847625998,0.011223513870794255
0-1,1-0,0.47845202715840873,0.5071524737884587,0.014395499053132695
0-1,1-0,0.4797656873300617,0.5060258813712613,0.014208431298677092
1-0,1-0,0.44122739857137494,0.5487643506761395,0.010008250752485607
1-0,1-0,0.47753146682564757,0.5097683603250843,0.01270017284926801
1-0,1-0,0.47401256864662855,0.5131814872298064,0.01280594412356502
0-1,1-0,0.43751803251472476,0.5497320644313454,0.01274990305392972
1-0,1-0,0.47632737880478804,0.490499626525622,0.03317299466959
0-1,1-0,0.43526841952394546,0.5099409003490932,0.05479068012696137
0-1,1-0,0.4764707307450154,0.5081239406243149,0.015405328630669754
1-0,1-0,0.4725768256316486,0.5106269823841842,0.016796191984167125
0-1,1-0,0.44919745213666923,0.5410807199490548,0.009721827914275987
1-0,1-0,0.48156258521329864,0.4993230293060146,0.019114385480687016
0-1,1-0,0.4743894465438137,0.4938985470897269,0.031712006366459426
0-1,1-0,0.4420704221902693,0.4542271152568143,0.10370246255291643
1-0,1-0,0.4676978361046648,0.5210031413426547,0.01129902255268051
1-0,1-0,0.46847062396014405,0.5108142770846233,0.02071509895523254
0-1,1-0,0.47302656490013084,0.5109803929858564,0.01599304211401282
1-0,1-0,0.4408550582552521,0.5461009665876679,0.013043975157079966
0-1,1-0,0.4773408856078135,0.5093283163081168,0.013330798084069796
1-0,1-0,0.46466117134640506,0.5191549076627686,0.016183920990826214
1-0,1-0,0.48059342890838885,0.5031255631753052,0.016281007916305993
1-0,1-0,0.46679240199555055,0.48783197974158876,0.0453756182628607
1-0,1-0,0.47696558281818463,0.5077595496870654,0.015274867494750025
1-0,1-0,0.4689633918103647,0.5140323058088896,0.017004302380745774
1-0,1-0,0.4719347370438459,0.49003213416396224,0.03803312879219181
1-0,1-0,0.47502418519441053,0.5113031282945225,0.013672686511067044
1/2-1/2,1-0,0.4788624853987738,0.5007575306734515,0.02037998392777471
0-1,1-0,0.48059923757330325,0.4979629781211196,0.021437784305577367
0-1,1-0,0.40775911943911364,0.43522296230186164,0.15701791825902472
1-0,1-0,0.4720308770431118,0.5176701516912321,0.010298971265655975
0-1,1-0,0.4755340087591187,0.48545453308243464,0.0390114581584466
0-1,1-0,0.4664129283244944,0.5235910949676656,0.009995976707839901
1/2-1/2,1-0,0.46195660577505165,0.4892087071745977,0.04883468705035066
0-1,1-0,0.4548213017788472,0.5327112874422659,0.01246741077888693
0-1,1-0,0.44856927482809567,0.5394480148396154,0.01198271033228905
1-0,1-0,0.48044622369102935,0.5047128477483076,0.014840928560663205
0-1,1-0,0.4646792561421293,0.5208694244981872,0.014451319359683473
0-1,1-0,0.46771693001910675,0.5175391911000045,0.014743878880888924
1-0,1-0,0.48125409849850814,0.5004473633096682,0.018298538191823623
1-0,1-0,0.465419412623353,0.5216697941175515,0.012910793259095428
1-0,1-0,0.48155059436939673,0.5002418206773149,0.01820758495328824
0-1,1-0,0.45534205331900446,0.4847709695059856,0.05988697717500993
1-0,1-0,0.468797866907229,0.49199872535943223,0.03920340773333868
0-1,1-0,0.47933662990084275,0.506417898821774,0.014245471277383227
0-1,1-0,0.4620542354156869,0.5248368334734593,0.013108931110853792
1-0,1-0,0.4661605475033672,0.5226472102741286,0.011192242222504154
0-1,1-0,0.4773635004052624,0.49075712106687597,0.031879378527861664
1-0,1-0,0.46431783068799776,0.5258429328435001,0.009839236468502162
0-1,1-0,0.47103918562397135,0.47965587689165773,0.04930493748437092
1-0,1-0,0.48155661140536604,0.49817318539404504,0.0202702032005891
1-0,1-0,0.47827063195688996,0.5091708796052664,0.012558488437843634
1-0,1-0,0.4349957413983719,0.480102653011325,0.08490160559030309
0-1,1-0,0.45991473515388204,0.528718778639698,0.01136648620641987
1/2-1/2,1-0,0.4649092706254409,0.4995870740002792,0.0355036553742799
1-0,1-0,0.4649960855111927,0.5256889128801376,0.009315001608669573
0-1,1-0,0.4810241749680673,0.49878974150985667,0.020186083522076112
1-0,1-0,0.4766010188369889,0.5105172154956871,0.012881765667323937
0-1,1-0,0.4779425859706688,0.5094794769379337,0.012577937091397347
1-0,1-0,0.40250161581384786,0.5722697533109371,0.025228630875214972
1-0,1-0,0.4721204745338556,0.5176086570117577,0.010270868454386727
1/2-1/2,1-0,0.4745409942045812,0.5093811961104779,0.016077809684940738
1-0,1-0,0.4803780480665967,0.5032169482203993,0.016405003713004098
0-1,1-0,0.4815115287966066,0.49825149237092375,0.020236978832469683
0-1,1-0,0.4774782557294089,0.5103945451192596,0.012127199151331706
1-0,1-0,0.47309906698809884,0.5153804834702961,0.011520449541605157
1-0,1-0,0.480773713255401,0.5036370990998241,0.015589187644774773
0-1,1-0,0.46208218965833325,0.519829832184201,0.018087978157465764
1-0,1-0,0.47225022566084246,0.5138136449497843,0.013936129389373124
0-1,1-0,0.4792121013005438,0.5048000977737137,0.01598780092574262
1-0,1-0,0.4777404817484348,0.5096020335123139,0.012657484739251245
1-0,1-0,0.45746064897646593,0.5276658871830163,0.014873463840517695
0-1,1-0,0.4373363520621366,0.4514985001034636,0.11116514783439979
0-1,1/2-1/2,0.19941039794695137,0.21808112361443302,0.5825084784386156
0-1,1-0,0.4612320112320438,0.5187214688310622,0.02004651993689408
1-0,1-0,0.4288461888177061,0.5034058625735044,0.06774794860878941
1-0,1-0,0.4688132786124757,0.5214476708692884,0.009739050518235703
1-0,1-0,0.45400863906165895,0.5314822938791971,0.01450906705914394
0-1,1-0,0.4813576291949312,0.49716699462265485,0.02147537618241383
0-1,1-0,0.4620961835520747,0.4878381619362099,0.05006565451171545
0-1,1-0,0.48009138064494356,0.5034954514503889,0.016413167904667597
1-0,1-0,0.467175570730618,0.5234636432366383,0.009360786032743564
0-1,1-0,0.45353037476305363,0.5301352739323323,0.016334351304614157
1-0,1-0,0.4728184654929127,0.5139886367054485,0.013192897801638875
0-1,1-0,0.4637767486352082,0.4822249290389992,0.05399832232579258
0-1,1-0,0.4783531830175591,0.5078668596016181,0.01377995738082294
1-0,1-0,0.4659026677417308,0.4745351289207158,0.0595622033375536
1-0,1-0,0.46077191564295433,0.5076558688006629,0.0315722155563827
0-1,1-0,0.4083362790809746,0.5787524163235976,0.012911304595427948
0-1,1-0,0.4642085450423752,0.5248889191695666,0.010902535788058143
1-0,1-0,0.46335605526337165,0.5266472439084219,0.009996700828206534
0-1,1-0,0.47352721140911225,0.5145482434941501,0.011924545096737722
1-0,1-0,0.4605923392901407,0.4954040728169823,0.044003587892877005
1-0,1/2-1/2,0.25923419035996875,0.27254067038822244,0.46822513925180886
0-1,1-0,0.47309386260259456,0.5143512063450348,0.012554931052370348
0-1,1-0,0.47398643079134584,0.5135959858435721,0.012417583365082188
1/2-1/2,1-0,0.46702726242506515,0.48989040487085367,0.043082332704081155
0-1,1-0,0.43583219505450965,0.5266205841318109,0.03754722081367944
0-1,1-0,0.46959999802096775,0.49073843607766415,0.039661565901367934
0-1,1-0,0.41211362104700455,0.5712438998284649,0.016642479124530627
0-1,1-0,0.4377499463553916,0.5439688661316191,0.01828118751298922
1-0,1-0,0.48100723306729054,0.4998819529892533,0.01911081394345607
0-1,1-0,0.48126101955610423,0.49564308853921213,0.023095891904683592
1-0,1-0,0.47173432282874517,0.5145265495681144,0.013739127603140618
1-0,1-0,0.4341890355604458,0.556757833855227,0.009053130584327175
0-1,1-0,0.4674778982283415,0.5231069127440934,0.00941518902756504
1-0,1-0,0.48067750780986496,0.5036867023999185,0.015635789790216528
1-0,1-0,0.46443224398817784,0.47606424814375214,0.059503507868069905
0-1,1-0,0.47193683473739684,0.5177126475758601,0.01035051768674304
1-0,1-0,0.47292108035196534,0.5117723044657528,0.015306615182281807
1-0,1-0,0.4677437085625242,0.48239560497444967,0.04986068646302621
0-1,1-0,0.474998962312609,0.50592009615489,0.01908094153250121
1-0,1-0,0.44630536509066254,0.541260525534759,0.012434109374578452
1-0,1-0,0.47946916731047795,0.4949375591066753,0.025593273582846788
0-1,1-0,0.47426120512523384,0.5130175043014485,0.01272129057331758
1-0,1-0,0.47507214987979957,0.484296092178206,0.04063175794199445
0-1,1-0,0.47465801655185325,0.5109586823723112,0.0143833010758356
1-0,1-0,0.4751983815283018,0.4931769128575359,0.0316247056141622
0-1,1-0,0.4800278382786493,0.4957746751748351,0.024197486546515476
0-1,1-0,0.4655925363666189,0.5192872269069849,0.015120236726396206
1-0,1-0,0.46298146987437255,0.5184646161408714,0.018553913984756157
0-1,1-0,0.3717380465798952,0.3981627417729265,0.23009921164717834
1-0,1-0,0.46404547162902815,0.522825969311442,0.013128559059529947
0-1,1-0,0.47269494045201044,0.5169713940779186,0.010333665470071099
1-0,1-0,0.469243303276779,0.5198033242081204,0.0109533725151008
0-1,1-0,0.47004347156722576,0.518312972462296,0.011643555970478217
1-0,1-0,0.46568603223053684,0.5138267831132379,0.020487184656225132
1-0,1-0,0.4446598780551619,0.536262207596571,0.019077914348267222
0-1,1-0,0.4742489855573154,0.5066493500296119,0.01910166441307269
0-1,1-0,0.4659119811674011,0.524405956583473,0.009682062249125753
0-1,1-0,0.4654777709986507,0.5215946762561356,0.012927552745213499
0-1,1-0,0.4788857441243069,0.49524695234252064,0.02586730353317236
1-0,1-0,0.4806843745513105,0.49781497577357064,0.021500649675118878
1-0,1-0,0.48160667686458847,0.4980232341882302,0.020370088947181314
1-0,1-0,0.4722611810132049,0.5160667324282863,0.011672086558508994
0-1,1-0,0.4782874738281121,0.5071444280717782,0.014568098100109783
1-0,1-0,0.4686280618246122,0.5215984033574458,0.009773534817941871
1-0,1-0,0.4699506769374614,0.5120661248802687,0.017983198182269938
1-0,1-0,0.48097584567212176,0.4988511722794673,0.020172982048410944
0-1,1-0,0.4751088306870172,0.5139143449350851,0.010976824377897617
1-0,1-0,0.4767696354501389,0.5115462388454111,0.011684125704449783
1-0,1-0,0.4807826854368413,0.49488949417847083,0.024327820384688056
1-0,1-0,0.38602260936600274,0.5789190714336321,0.03505831920036507
0-1,1-0,0.41632058223366164,0.5137521630934568,0.06992725467288159
0-1,1-0,0.4489874450402668,0.5092884349448723,0.041724120014860956
1-0,1-0,0.4404106184091985,0.4869695641900325,0.07261981740076905
0-1,1-0,0.4465081050248599,0.49055822598372345,0.06293366899141663
0-1,1-0,0.47660993018491815,0.5027054926590423,0.020684577156039503
0-1,1-0,0.4743614634620084,0.489108077224262,0.03653045931372961
1-0,1-0,0.4568799384559441,0.4651762039380838,0.07794385760597211
0-1,1-0,0.47332071653521385,0.5160475767771351,0.010631706687650944
1-0,1-0,0.464579159558608,0.5089433645995521,0.02647747584183989
1-0,1-0,0.47899903231961116,0.4980986378784555,0.022902329801933272
1-0,1-0,0.46679770094960465,0.4999872073771849,0.03321509167321044
0-1,1-0,0.47581357304883654,0.5122336519494816,0.011952775001682061
1-0,1-0,0.4721066575961271,0.5161958057264014,0.011697536677471426
1-0,1-0,0.4783683816842615,0.4889292416673935,0.03270237664834484
0-1,1-0,0.47795747887604734,0.5048427203948509,0.017199800729101638
0-1,1-0,0.47323311749973496,0.5017226213029862,0.025044261197278813
0-1,1-0,0.46435163349856784,0.5260990752411144,0.009549291260317762
0-1,1-0,0.46267344797044463,0.4833085178263117,0.05401803420324361
0-1,1-0,0.4183701535361017,0.4384988064946369,0.14313103996926135
1-0,1-0,0.47173840253994215,0.4814950340407054,0.04676656341935253
0-1,1-0,0.46342919707053964,0.47776625821518154,0.05880454471427901
1-0,1-0,0.4608138697119371,0.48025599813946707,0.05893013214859584
1-0,1-0,0.47701091396777306,0.5023910777802236,0.020598008252003294
1-0,1-0,0.4785109065891815,0.49386870894494245,0.027620384465876054
0-1,1-0,0.4738371260329095,0.5142477955382238,0.011915078428866752
1-0,1-0,0.4591550807702889,0.5041852323962986,0.03665968683341252
0-1,1-0,0.478196233941525,0.49429278864881765,0.027510977409657203
0-1,1-0,0.4798105710285218,0.4916910940916031,0.028498334879875162
1-0,1-0,0.47118037526837336,0.5013271236502427,0.027492501081383933
0-1,1-0,0.4665437289133614,0.5234814757611138,0.009974795325524685
0-1,1-0,0.4725329216660408,0.5171324079888497,0.010334670345109492
0-1,1-0,0.46522430882022925,0.525015457608805,0.00976023357096574
0-1,1-0,0.46286558348135076,0.5198620977883435,0.01727231873030578
1-0,1-0,0.4621345442340594,0.5255382531125696,0.012327202653370903
0-1,1-0,0.4692684923835322,0.47752949942577916,0.05320200819068856
0-1,1-0,0.46869809158218806,0.5201995024614186,0.011102405956393434
1-0,1-0,0.4499115236733673,0.5376930372874793,0.012395439039153404
0-1,1-0,0.4750235941054166,0.512039548756217,0.01293685713836624
0-1,1-0,0.471089616311079,0.486330639319956,0.042579744368964875
1-0,1-0,0.47262382438479,0.5166770754183841,0.01069910019682571
0-1,1-0,0.4623908422230029,0.5253033604916935,0.012305797285303682
1/2-1/2,1-0,0.4639466466233615,0.4720371754177149,0.06401617795892374
1-0,1-0,0.4751894052364394,0.5122087254624565,0.012601869301104046
1-0,1-0,0.3892842962541587,0.4279074505422501,0.18280825320359118
1-0,1-0,0.4716129989040338,0.48588403848996,0.0425029626060062
0-1,1-0,0.46003530684424515,0.5275511289755168,0.012413564180238106
0-1,1-0,0.4604379680339316,0.5295501234462904,0.01001190851977796
1-0,1-0,0.4757448761201703,0.4874841012130154,0.036771022666814354
0-1,1-0,0.44155397696288634,0.4794135605891605,0.07903246244795316
1-0,1-0,0.4523629750034032,0.5312637022780508,0.016373322718546076
0-1,1-0,0.4393358773070522,0.4482037463100377,0.11246037638291005
0-1,1-0,0.4705681285062004,0.5086842711576752,0.020747600336124484
0-1,1-0,0.4546782502373402,0.5283466463149326,0.016975103447727173
0-1,1-0,0.4794720749200919,0.5046165630819281,0.01591136199797999
1-0,1-0,0.47216004020172775,0.5157606946233906,0.012079265174881719
0-1,1-0,0.46801655953200233,0.5213765811078943,0.010606859360103327
1-0,1-0,0.47304916061335384,0.488051127107603,0.03889971227904309
1-0,1-0,0.4759952907244614,0.5098519646395462,0.014152744635992311
1/2-1/2,1-0,0.4605064248439171,0.508810094515087,0.03068348064099601
1-0,1-0,0.4559692450355261,0.47035676329469445,0.07367399166977945
0-1,1-0,0.4512535380787144,0.5399123127266776,0.00883414919460799
0-1,1-0,0.47502878816548116,0.5140142028531155,0.010957008981403267
0-1,1-0,0.4768320464579104,0.49785751609217693,0.025310437449912623
0-1,1-0,0.4627035055425759,0.5267997459527215,0.010496748504702608
0-1,1-0,0.4785934000868083,0.4997540112749587,0.02165258863823308
1-0,1-0,0.47438947347901095,0.48370210633515875,0.04190842018583044
0-1,1-0,0.46709040715607025,0.511552939552277,0.021356653291652723
1-0,1-0,0.45538427276070365,0.5357429557036647,0.00887277153563167
1-0,1-0,0.44231314328732474,0.5482575372500282,0.009429319462647016
1-0,1-0,0.4698508449135152,0.47825425991381154,0.051894895172673226
1-0,1-0,0.4790679651701844,0.5007060112818688,0.020226023547946854
0-1,1-0,0.48068817103019185,0.5038208484012042,0.01549098056860397
1-0,1-0,0.4152477698708967,0.44127043002332383,0.14348180010577957
0-1,1-0,0.4169715926177261,0.5592769082474114,0.023751499134862495
1-0,1-0,0.462195726479702,0.5256844498645472,0.012119823655750804
1-0,1-0,0.3387790895891136,0.35273130704665845,0.30848960336422804
0-1,1-0,0.4703058999733646,0.5167831399723586,0.01291096005427688
0-1,1-0,0.4743659330272564,0.5144173021785549,0.01121676479418886
1-0,1-0,0.474795344962485,0.508809315437816,0.016395339599698865
0-1,1-0,0.45604627020982424,0.46483601073951314,0.07911771905066263
1-0,1-0,0.4806457742916533,0.4979632800423717,0.021390945665975096
0-1,1-0,0.4711339287276411,0.5121651771006532,0.0167008941717056
0-1,1-0,0.4688301415720028,0.47936077568506946,0.05180908274292774
1-0,1-0,0.4712519497449201,0.4998395334837858,0.028908516771294024
0-1,1-0,0.4759254016808726,0.5127040111585766,0.011370587160550805
0-1,1-0,0.47976436356774743,0.5000146415495772,0.020220994882675397
0-1,1-0,0.45582555924418916,0.5305979472016656,0.013576493554145237
1-0,1-0,0.4495058410555956,0.5366722415790176,0.01382191736538679
0-1,1-0,0.47918371225472384,0.5017597740263584,0.019056513718917856
0-1,1-0,0.4706857027490421,0.4925391126108847,0.03677518464007313
1-0,1-0,0.4768019444390775,0.5115110397265636,0.011687015834358739
0-1,1-0,0.46322194579222503,0.5220229065113294,0.014755147696445522
0-1,1-0,0.459280499643357,0.531857899086731,0.00886160126991205
0-1,1/2-1/2,0.29015915876406634,0.3160575386765742,0.39378330255935945
0-1,1-0,0.47928659130093854,0.4908077730689022,0.0299056356301592
0-1,1-0,0.45435876593253155,0.5365406801448541,0.009100553922614284
1-0,1/2-1/2,0.2661645125408545,0.2835940468903885,0.4502414405687571
0-1,1-0,0.47500760026355854,0.5123590557102258,0.012633344026215703
0-1,1-0,0.4682604017860813,0.508392963369426,0.02334663484449272
0-1,1-0,0.4546209549843165,0.5360194697445746,0.009359575271108892
0-1,1-0,0.4767419821104713,0.5115886292259262,0.011669388663602696
1-0,1-0,0.4753484831354556,0.511581067310636,0.013070449553908445
0-1,1-0,0.45598938985657883,0.5260612550250422,0.017949355118379026
0-1,1-0,0.4714600692433269,0.5070522421688699,0.02148768858780298
1-0,1-0,0.4802018428848087,0.496215944164534,0.023582212950657242
1-0,1-0,0.46597115621505486,0.5192944115234389,0.014734432261506381
1-0,1-0,0.471012506013046,0.5188952469647055,0.01009224702224865
1-0,1-0,0.46496701437794424,0.5258600533794486,0.009172932242607125
0-1,1-0,0.47747621675412694,0.5098005906907885,0.012723192555084549
1-0,1-0,0.4585604640755948,0.5280263542475031,0.013413181676902136
0-1,1-0,0.4649783458147649,0.5189601065381602,0.016061547647075024
0-1,1-0,0.4613525309922228,0.4863973550181243,0.052250113989652916
1-0,1-0,0.47070411943796375,0.49896489725855897,0.030330983303477253
0-1,1-0,0.47418957853160454,0.5150946024245465,0.0107158190438489
1-0,1-0,0.48037418254256226,0.5040599846313659,0.01556583282607182
1-0,1-0,0.4433766635637492,0.47059347189450296,0.08602986454174782
1-0,1-0,0.4729763923919987,0.5145540883596841,0.012469519248317315
1-0,1-0,0.45882117981961895,0.5322498261306003,0.008928994049780755
1-0,1-0,0.46661248276648554,0.5223163531598435,0.011071164073670904
0-1,1-0,0.4777826120773352,0.5027587914136745,0.019458596508990327
1-0,1-0,0.476831247098487,0.5114608221621714,0.011707930739341878
1-0,1-0,0.4722018480219563,0.5175616334774255,0.010236518500618142
1-0,1-0,0.4775343800502726,0.5041011795398677,0.018364440409859753
0-1,1-0,0.47997855821923524,0.5032764826854311,0.01674495909533352
1-0,1-0,0.44342074099947854,0.5477908237626645,0.008788435237856907
1-0,1-0,0.4783135473968208,0.5072685726047397,0.014417879998439668
1-0,1-0,0.4626745309313303,0.5134688342220365,0.023856634846633053
0-1,1-0,0.447597232520481,0.5143940683922084,0.03800869908731065
1-0,1-0,0.4734268843921669,0.5140687601971324,0.012504355410700763
1/2-1/2,1-0,0.451668819216837,0.46087086200464195,0.08746031877852106
0-1,1-0,0.47696937516338156,0.5096945445603664,0.013336080276251916
0-1,1-0,0.46480895285651663,0.5233515802160383,0.011839466927444966
0-1,1-0,0.47954087801546197,0.49275605154216773,0.027703070442370296
0-1,1-0,0.47202544210808883,0.517609042254446,0.010365515637465118
1-0,1-0,0.47080514211111735,0.5193087491751027,0.009886108713779837
0-1,1-0,0.47319000556495755,0.516322266114425,0.0104877283206173
0-1,1/2-1/2,0.31124434635780923,0.3290077682841997,0.3597478853579911
1-0,1-0,0.47183389967306977,0.5043141216237903,0.02385197870314021
1-0,1-0,0.47800441484013895,0.5075339990860155,0.014461586073845711
1-0,1-0,0.4578948024526059,0.5311783163639958,0.010926881183398242
0-1,1-0,0.48112120006062903,0.502535596009475,0.016343203929896157
1-0,1-0,0.48105499523624057,0.49818697740687645,0.020758027356882997
1-0,1-0,0.4738215440946249,0.5152802138525403,0.010898242052834956
1-0,1-0,0.4614237862691338,0.4720048652077503,0.06657134852311596
1-0,1-0,0.4603463416301038,0.5305645096130345,0.009089148756861712
1/2-1/2,1-0,0.3338123403811608,0.36959151826681247,0.29659614135202694
0-1,1-0,0.4811324851049376,0.49745312085347976,0.02141439404158262
1-0,1-0,0.4724987320321686,0.5135667820039688,0.01393448596386265
0-1,1-0,0.4629046199184457,0.4986630958750363,0.03843228420651793
0-1,1-0,0.4808027699108874,0.4957322656042419,0.02346496448487072
0-1,1-0,0.46450156737114806,0.5254089928948406,0.01008943973401143
0-1,1-0,0.47493983937382456,0.5079080451320017,0.017152115494173777
0-1,1-0,0.47340359053709985,0.5159380221832655,0.010658387279634765
0-1,1-0,0.46926180732891715,0.4775399061888079,0.05319828648227502
1-0,1-0,0.4731414718689051,0.5031884046246193,0.023670123506475644
1-0,1-0,0.46336901418564086,0.5262622178734816,0.010368767940877474
1-0,1-0,0.4813370361752814,0.5014836608342443,0.017179302990474158
1-0,1-0,0.45580798567460123,0.5234999823223809,0.020692032003017877
1-0,1-0,0.4791942546002703,0.4932096255070777,0.02759611989265192
1-0,1-0,0.46200183699176867,0.5213014682103606,0.01669669479787067
0-1,1-0,0.48032707299608096,0.5041107649446813,0.015562162059237739
0-1,1-0,0.4268758474550101,0.4539399176792784,0.11918423486571152
0-1,1-0,0.47344387973134033,0.5131287289122829,0.013427391356376791
1-0,1-0,0.4761687296691815,0.5121445468326237,0.011686723498194931
1-0,1-0,0.4488381970881274,0.4630504096975297,0.0881113932143429
1-0,1-0,0.47558466582609665,0.5118890342621236,0.01252629991177979
1-0,1-0,0.4732325111310328,0.5163465765617931,0.010420912307174145
0-1,1-0,0.44284117980494225,0.5051179957793747,0.052040824415683196
1-0,1-0,0.4655947754656356,0.524623573026191,0.009781651508173329
1-0,1/2-1/2,0.11013258176795011,0.12094833197059007,0.7689190862614597
1-0,1-0,0.4592408868546768,0.5278732816604343,0.01288583148488887
1-0,1-0,0.4698827614573316,0.5096857658705972,0.020431472672071203
1-0,1-0,0.4773542844512746,0.48751465923816234,0.03513105631056299
0-1,1-0,0.4814623201591064,0.4968532472246378,0.021684432616255703
1-0,1-0,0.473419348048116,0.49430541256870714,0.0322752393831769
1-0,1-0,0.4524991972182344,0.52366689758046,0.02383390520130564
0-1,1-0,0.47059643347555774,0.5142644307982903,0.015139135726151984
1-0,1-0,0.4590700489258521,0.528691292850569,0.012238658223578844
0-1,1-0,0.46885843977491737,0.5079225857459146,0.02321897447916799
1-0,1-0,0.47983094927620284,0.5059617768824092,0.014207273841388071
1-0,1-0,0.4256494448054954,0.45448857303958184,0.11986198215492283
1-0,1-0,0.47163917268524697,0.5174533263256083,0.010907500989144798
1-0,1-0,0.4616862285020611,0.507188642449893,0.031125129048045947
0-1,1-0,0.41779424827239137,0.48515509495585546,0.09705065677175305
0-1,1-0,0.4313004120100706,0.4606599271410808,0.1080396608488485
0-1,1-0,0.4697863986636626,0.5188808087787197,0.011332792557617686
1-0,1-0,0.44857177858093006,0.5422678025876793,0.009160418831390673
1-0,1-0,0.4744678915118699,0.514276971193965,0.011255137294165067
1-0,1-0,0.47715954691062945,0.5064279963326713,0.0164124567566992
0-1,1-0,0.4772207734284418,0.5100155039473039,0.012763722624254322
0-1,1-0,0.47649241146351873,0.4889439858269342,0.034563602709546976
1-0,1-0,0.464901600601052,0.5153381913700344,0.01976020802891356
1-0,1-0,0.47942651651834317,0.5070028804306841,0.013570603050972704
1-0,1-0,0.47444229504549307,0.5128839086473551,0.01267379630715206
0-1,1-0,0.46434736820406214,0.5165353607188579,0.019117271077080094
1-0,1-0,0.44235073764618754,0.5395480404976258,0.018101221856186622
1-0,1-0,0.48093780360404353,0.4999516896875475,0.01911050670840887
1/2-1/2,1-0,0.4361119254691898,0.4969183374539462,0.06696973707686403
0-1,1-0,0.4471903465733071,0.5067286953989827,0.04608095802771026
0-1,1-0,0.44466809132684953,0.5459820544024097,0.009349854270740851
0-1,1-0,0.4618439513183894,0.47324617485742543,0.06490987382418507
1-0,1-0,0.47494717029671835,0.5141138401219293,0.010938989581352322
0-1,1-0,0.46021943015388467,0.47700989633153995,0.06277067351457542
1-0,1-0,0.44688147260329,0.45726185646243567,0.09585667093427441
1-0,1/2-1/2,0.3200659315215333,0.33330559384688746,0.3466284746315792
1-0,1-0,0.4759535699052116,0.5032363329346555,0.020810097160132966
1/2-1/2,1-0,0.45009961705254514,0.5030942290481337,0.04680615389932114
1-0,1-0,0.48008398315828305,0.504990091940305,0.014925924901411909
0-1,1-0,0.44383778065639645,0.47308666641538827,0.08307555292821538
0-1,1/2-1/2,0.04660632428437567,0.052011396529444566,0.9013822791861797
1-0,1-0,0.46312733403928613,0.48678665338903165,0.05008601257168218
0-1,1-0,0.46801186773622194,0.52207712382138,0.009911008442397944
0-1,1-0,0.4759484238821292,0.5127441174479767,0.01130745866989428
0-1,1-0,0.4597462274815744,0.5297516479927593,0.010502124525666194
1-0,1-0,0.47539947321239767,0.5057930929994024,0.01880743378819969
1/2-1/2,1-0,0.47959775387280124,0.49384197559577236,0.026560270531426327
0-1,1-0,0.4796845393411984,0.49249899180134726,0.027816468857454337
1-0,1-0,0.46264938827195995,0.5283597344416963,0.008990877286343818
1-0,1-0,0.43458496801242863,0.4953590940552619,0.07005593793230945
0-1,1-0,0.4474263630749058,0.5195418795847033,0.0330317573403908
1-0,1-0,0.48119276007103867,0.49564700989170246,0.023160230037258835
1-0,1-0,0.44676420003526707,0.5436214566364407,0.0096143433282922
0-1,1-0,0.4784360378483253,0.4889690430608223,0.0325949190908523
0-1,1-0,0.47184149461179753,0.48152154039707135,0.04663696499113096
0-1,1/2-1/2,0.09957048763271925,0.11688160840148391,0.7835479039657968
1-0,1-0,0.44678013403911854,0.5128423895688123,0.04037747639206908
0-1,1-0,0.47324324966675635,0.5163255477714748,0.01043120256176895
0-1,1-0,0.4518482419217776,0.5393931097295842,0.008758648348638143
0-1,1-0,0.3533729769495734,0.3717999230426021,0.27482710000782445
0-1,1-0,0.4590884914396401,0.5314814663234404,0.00943004223691951
0-1,1-0,0.48049923442173026,0.503949093761381,0.015551671816888891
0-1,1-0,0.442257386854564,0.4669299088724611,0.09081270427297485
1-0,1-0,0.417767031352517,0.477485513992502,0.10474745465498092
0-1,1-0,0.45675808583150856,0.534194080339185,0.009047833829306358
0-1,1-0,0.46924671535284324,0.48810417219027585,0.042649112456881084
0-1,1-0,0.47587044657191707,0.5124304502718339,0.011699103156249021
0-1,1-0,0.44884433087794007,0.5357596692831553,0.015395999838904731
0-1,1-0,0.4365133719463972,0.4529892072543343,0.1104974207992686
1/2-1/2,1-0,0.4492704354942085,0.5326506543299185,0.01807891017587291
1/2-1/2,1-0,0.4353190066705513,0.4553256412301392,0.10935535209930965
1-0,1-0,0.44592698369328604,0.5030017372894013,0.051071279017312635
1/2-1/2,1-0,0.47021238633115797,0.4889907753568048,0.040796838312037245
1-0,1-0,0.4789095660552645,0.5080427969907325,0.013047636954002954
1-0,1-0,0.47327131517629756,0.5157417756665277,0.010986909157174563
0-1,1-0,0.47797221742095564,0.4902182734004651,0.03180950917857926
0-1,1-0,0.472783418477274,0.4904383996479847,0.03677818187474143
1-0,1-0,0.4792661791548067,0.4918050793338046,0.028928741511388717
0-1,1-0,0.4809714924967079,0.5018916815866944,0.0171368259165976
1-0,1-0,0.4540813202827859,0.46981098142110905,0.07610769829610498
0-1,1-0,0.4325554216557686,0.5459707169291651,0.021473861415066253
1-0,1-0,0.44720734562818204,0.5335887605291988,0.01920389384261916
1-0,1-0,0.47271206096374313,0.5112499611946271,0.016037977841629802
1-0,1-0,0.4664347033244162,0.5186292768276143,0.014936019847969467
1-0,1-0,0.46761963446031957,0.4825227098174804,0.04985765572219998
0-1,1-0,0.47494302970676894,0.5086852270461197,0.01637174324711135
1-0,1-0,0.4589694606954476,0.5190419364213863,0.02198860288316611
0-1,1-0,0.4781738456493072,0.504325448364954,0.017500705985739
0-1,1-0,0.4485310752395821,0.48995283550210045,0.06151608925831747
0-1,1-0,0.4788179092974149,0.5068378063170976,0.01434428438548755
1-0,1-0,0.45510957274583635,0.4854859949424286,0.05940443231173503
1-0,1-0,0.4450337133304512,0.4784915049158897,0.07647478175365904
1-0,1-0,0.47989196316474514,0.5060002984478231,0.014107738387431892
0-1,1-0,0.4640414493933571,0.5208552658383199,0.01510328476832301
1-0,1-0,0.35112465812091814,0.36435681141984416,0.2845185304592378
0-1,1-0,0.4675758384355614,0.5222903267890333,0.010133834775405345
1-0,1-0,0.47915169020499376,0.5034910112512888,0.017357298543717495
1-0,1-0,0.4460712295623215,0.4625405901784233,0.09138818025925537
0-1,1-0,0.47405690616923996,0.5026756962103648,0.02326739762039535
1-0,1-0,0.35192174592221037,0.3653748711195099,0.2827033829582798
1/2-1/2,1/2-1/2,0.22946276499592588,0.24302587760449904,0.5275113573995752
0-1,1-0,0.4723164865990288,0.5136860153235215,0.013997498077449743
1-0,1-0,0.45869132790838685,0.5146654925096456,0.026643179581967647
0-1,1-0,0.4805525057703764,0.49921198487336266,0.0202355093562609
0-1,1-0,0.45167773978073583,0.5365586168456974,0.011763643373566814
1/2-1/2,1-0,0.47145227415221613,0.4799211690897169,0.04862655675806706
0-1,1-0,0.47947776029994293,0.5069410601672522,0.01358117953280497
1-0,1-0,0.4741007474107791,0.5152494874601231,0.010649765129097797
1-0,1-0,0.4738275722918255,0.514266575799097,0.011905851909077576
0-1,1-0,0.4744682804779912,0.5032021191492061,0.022329600372802877
1-0,1-0,0.4749777890309932,0.4895546381745929,0.03546757279441388
1-0,1-0,0.46501423085057053,0.5241420871083204,0.010843682041108986
0-1,1-0,0.4746512278877365,0.5140089548802144,0.011339817232049349
1-0,1-0,0.47673153359875425,0.5109601913319763,0.012308275069269316
1-0,1-0,0.4781998759158085,0.49602836133411177,0.025771762750079745
0-1,1/2-1/2,0.19632708872581953,0.21238995665895383,0.5912829546152267
0-1,1-0,0.4149744087063171,0.4529014185311656,0.1321241727625173
1-0,1-0,0.4508247420771647,0.5377319940638571,0.011443263858978146
0-1,1-0,0.4792987850854282,0.5046961080377468,0.016005106876825114
0-1,1-0,0.415642932103413,0.5099906555179492,0.07436641237863782
0-1,1-0,0.4528421357041321,0.5375608962733468,0.009596968022520996
1-0,1-0,0.42916321273302643,0.5432373250601217,0.02759946220685193
1/2-1/2,1-0,0.47448192667012723,0.4938236774887769,0.031694395841095735
1-0,1-0,0.4728444993950398,0.5098440077602676,0.017311492844692432
1-0,1-0,0.46960495210337183,0.48437904789462183,0.04601600000200635
0-1,1-0,0.4762560982069535,0.5102044246910329,0.013539477102013378
0-1,1-0,0.46512397983443476,0.5159267847641278,0.018949235401437465
1-0,1-0,0.4767510754185433,0.4891039483317822,0.03414497624967447
1-0,1-0,0.47773457372327266,0.490609766995351,0.031655659281376314
0-1,1-0,0.4737572262783325,0.5129315430804058,0.013311230641261742
1-0,1-0,0.4796756034273028,0.49263310928202303,0.027691287290674098
0-1,1-0,0.4689135441021669,0.5214807354417271,0.009605720456105962
1-0,1-0,0.4492328743653907,0.5420508235500338,0.008716302084575474
0-1,1-0,0.4768213873665759,0.4908956178811034,0.03228299475232077
1-0,1-0,0.47790531804478603,0.5015523814385492,0.020542300516664825
0-1,1-0,0.47053148900437347,0.5193678667591721,0.010100644236454522
0-1,1-0,0.47680669185902874,0.5114950825084105,0.011698225632560892
0-1,1-0,0.4647976001007884,0.5256679378599917,0.009534462039219928
1-0,1-0,0.45086123563413877,0.5399889617703767,0.009149802595484492
1/2-1/2,1-0,0.43849777202333295,0.4615457585949222,0.0999564693817449
0-1,1-0,0.47585456096615364,0.5127467653301371,0.011398673703709433
1-0,1-0,0.4711061515351484,0.4994826797943645,0.029411168670487115
0-1,1-0,0.46752388120556565,0.47587103625112065,0.05660508254331394
1-0,1-0,0.44993301453457024,0.5390440539934271,0.0110229314720027
1-0,1-0,0.45441038614878315,0.536481830697882,0.009107783153334843
1-0,1-0,0.4606550817355883,0.5263530733001233,0.012991844964288504
0-1,1-0,0.4759343771500489,0.5092642911695586,0.014801331680392403
0-1,1-0,0.47397143395500363,0.512976764667292,0.013051801377704338
1/2-1/2,1/2-1/2,0.2799821999614161,0.3008545897554172,0.4191632102831668
0-1,1-0,0.46260921456572657,0.5267237758333304,0.010667009600942927
1-0,1-0,0.47983742071761154,0.5059032373971672,0.014259341885221231
0-1,1-0,0.4631374108852677,0.5278306505690427,0.00903193854568956
0-1,1-0,0.4709306311852255,0.5175841284406957,0.011485240374079024
0-1,1-0,0.43892255191177293,0.5385054747492023,0.022571973339024793
1-0,1-0,0.47069743076820886,0.5033346908828751,0.025967878348916278
0-1,1-0,0.4753856344781625,0.5074303199606416,0.01718404556119589
1-0,1-0,0.479969326653889,0.5058751679157416,0.014155505430369144
1-0,1-0,0.4599432015432725,0.5287249689549197,0.011331829501807786
0-1,1-0,0.43732488795283186,0.5412259964640773,0.021449115583090855
0-1,1-0,0.4633059588240855,0.5259804689737443,0.010713572202170273
1-0,1-0,0.47892689645925496,0.5073956652311902,0.013677438309555036
0-1,1-0,0.47483979448750696,0.5130015679909674,0.012158637521525491
1-0,1-0,0.45690392366954363,0.5322538744209168,0.010842201909539547
1-0,1-0,0.46587214373206765,0.523374082461189,0.010753773806743302
0-1,1-0,0.4783438956686237,0.5032712411567721,0.01838486317460414
1-0,1-0,0.4743502925197671,0.5112681888087183,0.014381518671514555
1-0,1-0,0.44172429919163303,0.4584341876075155,0.09984151320085143
1-0,1-0,0.48094627396110246,0.5009757952880556,0.018077930750842023
0-1,1-0,0.46754386970901646,0.5228635446475534,0.009592585643430407
1-0,1-0,0.47830713661078794,0.5041966977855203,0.017496165603691768
0-1,1-0,0.4744086593333812,0.5143575871705905,0.011233753496028143
0-1,1-0,0.4132967601972188,0.5759948340074225,0.010708405795358776
1-0,1-0,0.41542575614676736,0.4473748261069824,0.13719941774625027
0-1,1-0,0.47302355699094906,0.4929090932306504,0.03406734977840052
1-0,1-0,0.4810264924396605,0.5005138735353767,0.018459634024962937
1-0,1-0,0.4652764600485671,0.4767017376403374,0.058021802311095494
1-0,1-0,0.47872836802010854,0.49168295077882085,0.029588681201070666
0-1,1-0,0.4758635738939,0.5122142695197095,0.01192215658639051
0-1,1-0,0.4691734821029438,0.5059101434111303,0.024916374485926
1-0,1-0,0.4788044662069632,0.5041784465277213,0.017017087265315426
1-0,1-0,0.3888731592390848,0.4226701918816612,0.1884566488792539
0-1,1-0,0.3673040561144404,0.380838570902716,0.25185737298284366
1-0,1-0,0.47609866543607043,0.507703905808799,0.016197428755130725
1-0,1-0,0.4579786280354359,0.48315818522535026,0.05886318673921389
1-0,1-0,0.424903995765252,0.4411861109896182,0.13390989324512986
1-0,1-0,0.48056137097421314,0.4940988699306147,0.025339759095172065
1/2-1/2,1-0,0.36006532266512087,0.38813150226406457,0.2518031750708147
1-0,1-0,0.46116117094795006,0.5206273497383401,0.01821147931370979
0-1,1-0,0.4801954725137428,0.5042015008503066,0.015603026635950503
1-0,1-0,0.47105131833268155,0.5174787087919166,0.01146997287540197
1-0,1-0,0.443158844714777,0.5454168191768908,0.011424336108332359
1-0,1-0,0.4700363297431905,0.5174299661468772,0.012533704109932292
1-0,1-0,0.4642691232295449,0.5245043410266729,0.011226535743782285
1-0,1-0,0.44581818258598493,0.5443153101922338,0.009866507221781225
1-0,1-0,0.47658964084403393,0.4872222354232145,0.036188123732751605
1-0,1-0,0.4766960147104056,0.4917313293561868,0.03157265593340744
0-1,1-0,0.46477500509350844,0.5260504270907788,0.009174567815712806
1-0,1-0,0.47317030854045994,0.5060835484348951,0.020746143024644885
1-0,1-0,0.44986427559049713,0.5404719706472371,0.009663753762265867
1-0,1-0,0.4600668233273453,0.4758982392771813,0.06403493739547338
1-0,1-0,0.45979818074991513,0.5300435684484136,0.0101582508016714
1-0,1-0,0.48087436120462895,0.49638022649447117,0.022745412300899964
1-0,1-0,0.481567515564561,0.4992467986160576,0.019185685819381317
0-1,1-0,0.46917153820700497,0.4961208256045479,0.034707636188447064
0-1,1-0,0.47571452990311924,0.5128228663702772,0.011462603726603458
0-1,1/2-1/2,0.1611268808628396,0.1727100660542814,0.6661630530828787
1-0,1-0,0.4813982225122519,0.5003362898726188,0.018265487615129344
1-0,1-0,0.45587220605955536,0.5351564779526455,0.008971315987799097
0-1,1-0,0.4749741966343358,0.5114585348000175,0.013567268565646709
0-1,1-0,0.38857631783112695,0.40421454715965577,0.20720913500921728
0-1,1-0,0.4701397540176691,0.5169066855998706,0.012953560382460297
1-0,1-0,0.44014658545385654,0.5482247760986613,0.011628638447482244
1-0,1-0,0.48055920101901317,0.49326195266829226,0.026178846312694373
1-0,1-0,0.47827886810639425,0.5091616913667301,0.012559440526875855
0-1,1-0,0.45673893347352684,0.48828050249601823,0.0549805640304549
1-0,1-0,0.4664341694611261,0.47683097807057045,0.056734852468303454
0-1,1-0,0.4793160508246789,0.50146915564315,0.01921479353217121
1-0,1-0,0.48041791245931664,0.5009422483728899,0.018639839167793288
0-1,1-0,0.4738192659079958,0.5143979391197648,0.011782794972239326
0-1,1-0,0.4555036511197001,0.5287503280466288,0.01574602083367102
1-0,1-0,0.4713157556922027,0.5045148457107164,0.024169398597080977
1-0,1-0,0.457600626713001,0.529996187316645,0.01240318597035403
0-1,1-0,0.4636002684981286,0.5051086553761518,0.031291076125719554
0-1,1-0,0.4743295931949011,0.5138048074372802,0.01186559936781891
1-0,1-0,0.4805464582841707,0.49318810618430964,0.02626543553151975
1-0,1-0,0.44034995135213956,0.5507021755595252,0.008947873088335312
1-0,1-0,0.47188199152241705,0.5132877968530638,0.014830211624519207
0-1,1-0,0.41389349258127134,0.43249959562397283,0.15360691179475583
0-1,1-0,0.47232117582652755,0.4967966426125002,0.030882181560972184
1-0,1-0,0.459379746505949,0.5018254845614469,0.038794768932604015
1-0,1-0,0.4674159312781061,0.5195957313532028,0.012988337368691177
0-1,1-0,0.45300516958381853,0.538162850103765,0.008831980312416532
0-1,1-0,0.4690697273603525,0.48687540996523637,0.04405486267441095
0-1,1-0,0.4630239456210581,0.5279513266096807,0.009024727769261233
0-1,1-0,0.47930860970646183,0.4948622645244315,0.025829125769106488
0-1,1-0,0.4753391159497846,0.5087722877575391,0.01588859629267641
1-0,1-0,0.47052766131850854,0.5160524862380866,0.0134198524434047
0-1,1-0,0.45779347201224885,0.5187571131883706,0.023449414799380522
0-1,1-0,0.45079646173197213,0.46526984030771307,0.08393369796031476
0-1,1-0,0.4472516642094194,0.5393159876962407,0.01343234809433976
0-1,1-0,0.4650076704964345,0.5219449043903214,0.013047425113244027
1-0,1-0,0.48135345386833567,0.4995178667806008,0.019128679351063743
1-0,1-0,0.4612379427151655,0.5286039633132387,0.010158093971595688
0-1,1-0,0.46340512737981865,0.5275397683465555,0.0090551042736259
1-0,1-0,0.4561955737036883,0.5346610865573151,0.009143339738996573
1-0,1-0,0.39968938505721846,0.4317413275043562,0.16856928743842534
0-1,1-0,0.48076799920117713,0.5037329006293852,0.015499100169437462
1-0,1-0,0.4532608453042833,0.5182156769989493,0.028523477696767458
0-1,1-0,0.4716218547684044,0.48617179869852595,0.04220634653306975
1-0,1-0,0.47091958490072744,0.5171412311687549,0.01193918393051784
0-1,1-0,0.37318933712807145,0.5834827490728965,0.04332791379903201
1-0,1-0,0.4556035781153062,0.5335330812354319,0.010863340649261947
0-1,1-0,0.4748604958191835,0.5115415659453383,0.01359793823547829
0-1,1-0,0.46468235614645503,0.5056012110054696,0.029716432848075295
0-1,1-0,0.47048674703034427,0.5192909560408768,0.010222296928778938
1-0,1-0,0.46436557013941565,0.5011240397512954,0.03451039010928897
1-0,1-0,0.47011791474662223,0.5101081346551892,0.019773950598188525
1-0,1-0,0.4805490415477325,0.5031266120157482,0.016324346436519366
0-1,1-0,0.4698554814851559,0.5046419099903018,0.02550260852454232
0-1,1-0,0.47904290633164426,0.5073491325945951,0.01360796107376063
1-0,1-0,0.4735692196345158,0.515031743961663,0.011399036403821158
0-1,1-0,0.46383509210435786,0.48220609365273126,0.053958814242910755
1-0,1-0,0.48152259417754545,0.4993516127354546,0.019125793086999836
1-0,1-0,0.47295302959141006,0.5123804258241679,0.014666544584421948
1-0,1-0,0.45748829078827474,0.5214332976787662,0.021078411532959047
0-1,1-0,0.47872562866740215,0.5082761545194024,0.012998216813195351
0-1,1-0,0.4810014944451785,0.49880308434428233,0.020195421210539157
1-0,1-0,0.4484963394542686,0.5174117989593735,0.03409186158635804
1-0,1-0,0.4551535665464421,0.4671032105341907,0.07774322291936715
1-0,1-0,0.45054541048107866,0.5340473294667946,0.015407260052126844
1-0,1-0,0.468520075332445,0.5093973293607063,0.022082595306848734
1-0,1-0,0.46768280012690794,0.5077443567323199,0.024572843140772252
1-0,1-0,0.4057778641349866,0.4172233651091024,0.17699877075591086
1-0,1-0,0.4658830740738607,0.5218361610803749,0.012280764845764338
0-1,1-0,0.48049300955900703,0.5029853143099059,0.01652167613108704
1-0,1-0,0.45749365973728384,0.5280748166149359,0.014431523647780222
1-0,1-0,0.4311721154163224,0.44724858503278336,0.12157929955089433
0-1,1-0,0.44873468979209663,0.5401178109032964,0.011147499304606989
1-0,1-0,0.4254243754907579,0.4864144598503319,0.08816116465891012
0-1,1-0,0.46759786417013594,0.5228512358999322,0.009550899929931807
1-0,1-0,0.38458195630725667,0.5818269472882062,0.03359109640453697
1-0,1-0,0.4720011801077122,0.515326637872202,0.01267218202008589
1-0,1-0,0.46356224544879937,0.5273778144759315,0.00905994007526914
1-0,1-0,0.472460323943148,0.5099309214788159,0.017608754578035967
1/2-1/2,1/2-1/2,0.06071106746636638,0.06777863497578274,0.871510297557851
0-1,1-0,0.42160917081585547,0.5583063858547731,0.02008444332937153
1-0,1-0,0.4756401638673466,0.501184296422855,0.023175539709798233
1-0,1-0,0.47700706799445725,0.5074057402730194,0.015587191732523124
1-0,1-0,0.47028732380012384,0.5125284237722477,0.017184252427628503
1-0,1-0,0.47633293430755913,0.5089648335537363,0.014702232138704465
1-0,1-0,0.48107633044380416,0.4987474204191503,0.020176249137045507
0-1,1-0,0.4352385251135936,0.5051285259465944,0.05963294893981193
1-0,1-0,0.4722409567314066,0.5173954450057319,0.01036359826286147
1-0,1-0,0.4529650410055798,0.5376807595892642,0.00935419940515591
1-0,1-0,0.4788547541240225,0.5074807639340193,0.013664481941958198
0-1,1-0,0.47003419984339234,0.5201557786910808,0.009810021465526708
0-1,1-0,0.44994605174993973,0.5386770888143769,0.011376859435683399
0-1,1-0,0.47078809219787193,0.48956918188669196,0.03964272591543607
0-1,1-0,0.47407038060439793,0.5128768632000265,0.013052756195575568
1-0,1-0,0.4386026959587994,0.4934232478169465,0.0679740562242541
0-1,1-0,0.4597019830389249,0.5300496217589855,0.010248395202089635
1/2-1/2,1-0,0.47167877577046147,0.4802047829195092,0.04811644131002942
0-1,1-0,0.45591019004874367,0.5239312545073738,0.020158555443882543
0-1,1-0,0.47389521792690203,0.4997423740793656,0.0263624079937325
0-1,1-0,0.475591657342975,0.5047377081101638,0.01967063454686139
0-1,1-0,0.4369642648261869,0.5446402461967282,0.018395488977084932
1-0,1-0,0.4807961440854172,0.5036757276339364,0.015528128280646395
1-0,1-0,0.48082524845794716,0.5036373119024664,0.015537439639586483
1-0,1-0,0.4712171080760082,0.5173447136969945,0.01143817822699723
1-0,1-0,0.4556189003438347,0.5306821147147416,0.013698984941423738
1-0,1-0,0.4660359750614877,0.48428088620780274,0.049683138730709564
1-0,1-0,0.3934320023096752,0.41052757233826953,0.1960404253520552
0-1,1-0,0.45893676987310394,0.4821877697085206,0.05887546041837546
0-1,1-0,0.45557342143405194,0.5354945434157241,0.00893203515022395
1/2-1/2,1-0,0.4772485292277687,0.5105793814016609,0.012172089370570422
0-1,1-0,0.4417777171919631,0.49153956116953934,0.06668272163849755
0-1,1-0,0.4754246086970745,0.5109608257629957,0.013614565539929829
1-0,1-0,0.4639591733002715,0.5129413889607932,0.023099437738935236
1-0,1-0,0.4762486809913677,0.5103644462847169,0.013386872723915342
0-1,1-0,0.4723006853387231,0.5038486376167803,0.023850677044496584
1-0,1-0,0.4776456018978208,0.48875246324957045,0.03360193485260884
0-1,1-0,0.4723942229926146,0.5024910246573496,0.025114752350035865
1-0,1-0,0.47510068968847474,0.5001963274155327,0.024702982895992653
0-1,1-0,0.36142453610248404,0.4093468224345865,0.22922864146292954
1-0,1-0,0.4688132973144264,0.5118437160612529,0.01934298662432074
1-0,1-0,0.4770562644966837,0.510725702580994,0.012218032922322047
0-1,1-0,0.4798034241967416,0.49867906924709043,0.02151750655616794
1-0,1-0,0.4600483763818571,0.5256731116903982,0.014278511927744713
1-0,1-0,0.3998121809614713,0.47923779903255453,0.12095002000597395
0-1,1-0,0.4595463941696744,0.5299064999784295,0.010547105851895958
1-0,1-0,0.45728915684839583,0.5244427407862303,0.018268102365373882
0-1,1-0,0.4780622028936547,0.5087395261977374,0.013198270908608029
1-0,1-0,0.4788763991186343,0.5080945851544287,0.013029015726936892
0-1,1-0,0.48050029991479,0.5022236411525184,0.017276058932691702
1-0,1-0,0.46348791613286183,0.4717954675540073,0.06471661631313094
1-0,1-0,0.4514412371434723,0.5367502787292796,0.011808484127248211
1-0,1-0,0.4610424027621041,0.48472161173499273,0.05423598550290306
1-0,1-0,0.47960988670223875,0.502200434696315,0.018189678601446317
0-1,1-0,0.45886573401284647,0.5265270554816942,0.014607210505459314
0-1,1-0,0.4720279390377714,0.4978873229015828,0.030084738060645915
1-0,1-0,0.47873087363125727,0.5075026141916771,0.013766512177065576
1-0,1-0,0.47694113831902374,0.48900255740346116,0.034056304277515305
1-0,1-0,0.4650280076962101,0.5219947863937294,0.012977205910060383
0-1,1-0,0.47948780510761674,0.5062270372074475,0.014285157684935755
0-1,1-0,0.4733859942219204,0.5156134612567823,0.011000544521297445
1-0,1-0,0.4792900653289178,0.5070746161013052,0.013635318569777061
1-0,1-0,0.4772479327496663,0.49506410370599707,0.027687963544336617
0-1,1-0,0.3677610640927621,0.38103142884198693,0.25120750706525097
0-1,1-0,0.4727024303087202,0.5169438440779405,0.010353725613339438
1-0,1-0,0.4731253934984966,0.515368775406444,0.011505831095059295
0-1,1-0,0.47554602018740993,0.4965665125367315,0.027887467275858648
0-1,1-0,0.4783009807691651,0.5072726726834351,0.014426346547399847
0-1,1-0,0.4660117522586832,0.5133660143258023,0.02062223341551447
1-0,1-0,0.45547434656895336,0.5356039997701385,0.008921653660908172
1-0,1-0,0.46578487782860817,0.5224355036840309,0.011779618487360888
1-0,1-0,0.4653168190483066,0.5253697226956558,0.0093134582560374
1-0,1-0,0.4189762969218044,0.4435477003305378,0.13747600274765784
1-0,1-0,0.45981817871233305,0.5252760384825123,0.014905782805154701
1-0,1-0,0.47061118067888874,0.5076612767140328,0.02172754260707861
1-0,1-0,0.46976334604662867,0.4784348131535864,0.05180184079978482
0-1,1-0,0.474942088888275,0.5078600915135,0.01719781959822495
0-1,1-0,0.48111213800774183,0.502546826658816,0.016341035333442146
0-1,1-0,0.4740353557087828,0.5146445881065868,0.011320056184630585
0-1,1-0,0.47415987432954476,0.5100132432624148,0.01582688240804043
1-0,1-0,0.47559763698037094,0.5126541838434631,0.011748179176165868
1-0,1-0,0.45246524268682237,0.5345897969446082,0.01294496036856953
0-1,1-0,0.4615900075454346,0.4806457571675988,0.05776423528696662
0-1,1-0,0.4660840402025504,0.4745830357027078,0.05933292409474173
0-1,1-0,0.47073990105323205,0.5175599656467552,0.0117001333000128
1-0,1-0,0.4684086565471589,0.5192117742618105,0.012379569191030703
0-1,1-0,0.4792423409607016,0.5050474098273029,0.015710249211995528
0-1,1-0,0.47351041716420184,0.48270119535550954,0.04378838748028859
1/2-1/2,1/2-1/2,0.15537726637811947,0.16686499870169233,0.6777577349201883
1-0,1-0,0.44184114157458454,0.4542482034776219,0.10391065494779357
1-0,1-0,0.45525227870140234,0.5273021475952425,0.01744557370335509
1-0,1-0,0.4814962828805911,0.49695831759711484,0.021545399522294006
1-0,1-0,0.45440890327879907,0.462560261765259,0.08303083495594193
0-1,1-0,0.46794673293113315,0.5225762588065472,0.00947700826231973
0-1,1-0,0.4365262238117587,0.5538544662347105,0.009619309953530816
1-0,1-0,0.46759263731040585,0.5013927451591484,0.031014617530445713
1-0,1-0,0.4803947474669692,0.5048620474411273,0.014743205091903605
0-1,1-0,0.4468430643374597,0.5432575290061185,0.009899406656421953
0-1,1-0,0.4474364018977263,0.45847613524870307,0.09408746285357064
1-0,1-0,0.42013225010741395,0.5698758631762244,0.009991886716361618
1-0,1-0,0.47386076398844296,0.5152931262284424,0.010846109783114751
0-1,1-0,0.4283697673605562,0.5623650163662389,0.009265216273204872
0-1,1-0,0.4767577223761375,0.5115670683402238,0.011675209283638617
1-0,1-0,0.4612080370543836,0.5198787449432981,0.018913218002318294
1-0,1-0,0.4618929419360438,0.4942783195006688,0.0438287385632874
0-1,1-0,0.4656640821983161,0.4989349970822619,0.03540092071942209
1-0,1-0,0.47966744571677294,0.5003129061064158,0.020019648176811344
1-0,1-0,0.45755071540962444,0.5329910061570242,0.009458278433351215
0-1,1-0,0.44247880667006,0.5158638773411917,0.041657315988748396
1-0,1-0,0.47162547851978065,0.49177250297473557,0.03660201850548365
1-0,1-0,0.47608372675485444,0.5117535251990375,0.012162748046108068
1-0,1-0,0.47066922699888286,0.5015878920616635,0.02774288093945377
1/2-1/2,1-0,0.3229128398566643,0.3415855444211923,0.3355016157221433
0-1,1-0,0.4725103518542235,0.5049620686132602,0.022527579532516374
0-1,1-0,0.44259416405089747,0.45340074503437033,0.10400509091473215
1-0,1-0,0.435053658973321,0.4660203771396176,0.09892596388706144
1-0,1-0,0.4240077458415249,0.5056636655547487,0.07032858860372637
1-0,1-0,0.4737359552948824,0.5088506319528033,0.017413412752314204
1-0,1-0,0.47996393745862803,0.505879033482368,0.014157029059004034
1-0,1-0,0.47143182721994015,0.5080491995730881,0.02051897320697169
0-1,1-0,0.47746673058714206,0.5093132778134404,0.013219991599417558
1-0,1-0,0.46101792641476236,0.5277335804666723,0.011248493118565324
1-0,1-0,0.4754357938001237,0.511701382120022,0.01286282407985426
1-0,1-0,0.47305444179530964,0.5095970108458933,0.017348547358797133
1-0,1-0,0.47631463903673177,0.5107698388722686,0.012915522090999651
0-1,1-0,0.4780303304407652,0.5002310030352899,0.02173866652394496
1-0,1-0,0.47932235670340706,0.5070652400030665,0.013612403293526486
1-0,1-0,0.47925074505725695,0.5004078411205691,0.020341413822173943
0-1,1-0,0.4204650274140946,0.44864870895026104,0.13088626363564437
1-0,1-0,0.4507142597754858,0.5178168344723142,0.031468905752199974
0-1,1-0,0.478883282174376,0.5080716684119174,0.013045049413706605
0-1,1-0,0.461950925368931,0.5290282484218137,0.009020826209255333
1-0,1-0,0.47541324138282287,0.5103379972874258,0.014248761329751386
0-1,1-0,0.47977005718884197,0.5060140622516026,0.01421588055955544
0-1,1-0,0.47135723576713723,0.5137029754148734,0.01493978881798939
0-1,1-0,0.4796081248928217,0.49770733811479123,0.022684536992387087
0-1,1-0,0.459038796568019,0.5203497158800684,0.020611487551912604
0-1,1-0,0.47290669870147317,0.5167450428297916,0.01034825846873539
1-0,1-0,0.48156881090685966,0.4980007738521703,0.020430415240969987
1-0,1-0,0.4755982248441732,0.5121412038157216,0.01226057134010516
1-0,1-0,0.46196384896635034,0.5239403846953058,0.01409576633834383
1-0,1/2-1/2,0.10111249179412317,0.11007517477126938,0.7888123334346073
1-0,1-0,0.47810903584389164,0.5093389780461695,0.012551986109938872
0-1,1-0,0.46404473065275503,0.5250390568672524,0.010916212479992585
1-0,1-0,0.4664347091934004,0.5098823794005016,0.02368291140609795
0-1,1-0,0.41436521411832683,0.4539225882221202,0.13171219765955297
0-1,1-0,0.45092341192911306,0.5300494192603957,0.019027168810491272
1-0,1-0,0.45248853422870433,0.4706557328330886,0.07685573293820712
1-0,1-0,0.46553506085727825,0.5223912105266965,0.012073728616025367
0-1,1-0,0.4577581255165828,0.5306907879876944,0.011551086495722751
0-1,1-0,0.471205470568477,0.518676188077442,0.01011834135408102
0-1,1-0,0.45691573018818665,0.534232567133025,0.008851702678788358
0-1,1-0,0.47478460250809273,0.5120516432171536,0.013163754274753785
0-1,1-0,0.47077721848174636,0.5141645535665196,0.015058227951734064
0-1,1-0,0.4799904585587384,0.491904969578133,0.028104571863128487
0-1,1-0,0.46972483003130433,0.47812273513362796,0.05215243483506765
0-1,1-0,0.4800864506031023,0.4987856136442568,0.021127935752641044
0-1,1-0,0.47762312895397957,0.4905491957232533,0.031827675322767215
0-1,1-0,0.46075428513756317,0.5263153579638075,0.012930356898629326
0-1,1-0,0.4784876124794834,0.48932629857225435,0.03218608894826228
0-1,1-0,0.4790062399046206,0.4903269294049719,0.030666830690407487
1-0,1-0,0.44068485506350163,0.4494866432397414,0.10982850169675688
0-1,1-0,0.4417911794540507,0.5470108885528768,0.011197931993072448
0-1,1-0,0.4556517586764459,0.53197965334858,0.012368587974974069
1-0,1-0,0.4759168556215528,0.5008469623438292,0.023236182034618014
1-0,1-0,0.4623628326223242,0.5286634639637406,0.00897370341393521
0-1,1-0,0.47090645568271544,0.5140172713807668,0.015076272936517738
1-0,1-0,0.46758638609186587,0.521155941542936,0.011257672365198382
1-0,1-0,0.4551382612932902,0.5238332283255813,0.021028510381128573
0-1,1-0,0.4784431661504279,0.5049298750859582,0.016626958763613923
0-1,1-0,0.4738298278506336,0.48946515598930807,0.03670501616005848
0-1,1-0,0.45773245637478444,0.5329710402039709,0.009296503421244664
1-0,1/2-1/2,0.27145778717722674,0.2922938235519301,0.4362483892708431
1-0,1-0,0.4714005854103653,0.5158272050931132,0.012772209496521487
0-1,1-0,0.4513788287182512,0.5379401001406449,0.01068107114110397
1-0,1-0,0.4662195774475373,0.5244659667295632,0.009314455822899628
1/2-1/2,1-0,0.41568157441679693,0.42627506746379484,0.15804335811940826
1-0,1-0,0.4682984699583867,0.5152398925057464,0.016461637535866755
0-1,1-0,0.44799092879528213,0.46940192443580553,0.08260714676891233
0-1,1-0,0.4793348725645614,0.5063518917304235,0.014313235705015066
1-0,1-0,0.4562579955463545,0.5306201892940687,0.013121815159576888
0-1,1-0,0.4740063558493468,0.5152016544553109,0.010791989695342402
1-0,1-0,0.44882422832787205,0.5348340336254314,0.01634173804669651
0-1,1-0,0.4117993522056733,0.5779275096556118,0.010273138138714773
0-1,1-0,0.4673688463261092,0.5113429377505632,0.021288215923327723
0-1,1-0,0.4694232874181059,0.5196112470419393,0.010965465539954635
1-0,1-0,0.4446888898898533,0.5460728014203965,0.00923830868975017
0-1,1-0,0.42253868748475065,0.5512148812850861,0.026246431230163295
0-1,1-0,0.47544340830591236,0.49060224130389973,0.03395435039018779
1-0,1-0,0.4676201831746731,0.5130266205445073,0.019353196280819544
0-1,1-0,0.45754922182096497,0.5190041223030092,0.023446655876025783
1/2-1/2,1-0,0.4534430599298656,0.46708329259109493,0.07947364747903941
1-0,1-0,0.4493089654711458,0.46677430369060685,0.08391673083824734
1-0,1-0,0.4766679779142494,0.511576369635912,0.011755652449838373
0-1,1-0,0.464019931391141,0.5168124698999768,0.01916759870888241
1-0,1-0,0.45382061157141973,0.5331980232837448,0.012981365144835524
0-1,1-0,0.41769184290498695,0.43509712992338284,0.14721102717163023
1-0,1-0,0.4579370388779613,0.5187759390441967,0.023287022077841914
0-1,1-0,0.47785364399482316,0.4992011521406324,0.022945203864544336
1-0,1-0,0.466185007456959,0.5132575280477781,0.020557464495262866
1-0,1-0,0.4650775713818113,0.5238419952237496,0.01108043339443907
0-1,1-0,0.4804018446907327,0.502326207025757,0.017271948283510283
0-1,1-0,0.44095024019962037,0.4511345367212831,0.1079152230790966
1-0,1-0,0.45168745281167233,0.5385105965876258,0.00980195060070184
0-1,1-0,0.47512708537933124,0.5138894180465127,0.01098349657415604
1-0,1-0,0.45435521653446787,0.5364721595341462,0.009172623931385807
1-0,1-0,0.4813577968036106,0.4972749935329859,0.021367209663403545
1-0,1-0,0.45772172359791197,0.5319424866738615,0.010335789728226552
0-1,1-0,0.4521248959768258,0.5312018036405528,0.016673300382621405
1-0,1-0,0.47226117156972447,0.5165137289598646,0.011225099470411115
1-0,1-0,0.4572754232470751,0.5335207104391422,0.009203866313782658
0-1,1-0,0.47207108823127164,0.5080880312184587,0.019840880550269818
1-0,1-0,0.4743834480006912,0.5118142912458643,0.013802260753444453
1/2-1/2,1/2-1/2,0.14192337748159772,0.15390116020601058,0.7041754623123918
0-1,1-0,0.4776216582026973,0.4940927160691385,0.028285625728164104
0-1,1-0,0.4619962741602737,0.5285712000249275,0.009432525814798691
0-1,1-0,0.3574121921997311,0.37313623963010784,0.269451568170161
1/2-1/2,1-0,0.46466841584487695,0.4890527030705292,0.04627888108459376
1-0,1-0,0.4741989284581525,0.5064696690522225,0.01933140248962492
0-1,1-0,0.4599854196943366,0.5301952202623903,0.009819360043273093
0-1,1-0,0.4392250618002729,0.5347118739004816,0.026063064299245545
1-0,1-0,0.47685746946483826,0.5056998396582864,0.017442690876875562
1-0,1-0,0.4786459831982874,0.5039422478167209,0.01741176898499164
1/2-1/2,1-0,0.45126581540357585,0.46404722509302165,0.08468695950340256
1-0,1-0,0.45410408272947445,0.4766820256971782,0.06921389157334747
0-1,1-0,0.46959034925637544,0.5157303715725907,0.014679279171033819
0-1,1-0,0.4813313703035956,0.5014143766022524,0.01725425309415213
1-0,1-0,0.4391073571054811,0.529038215298276,0.03185442759624292
1-0,1-0,0.4778399890741257,0.5095132967321264,0.012646714193747839
1-0,1-0,0.46233908626883724,0.5153370437262847,0.02232387000487803
0-1,1-0,0.4707527678114306,0.4795718917913068,0.04967534039726253
1-0,1-0,0.4653492403096748,0.5239997068051998,0.010651052885125465
1-0,1-0,0.4555784156855853,0.48930383230337166,0.055117752011043054
1-0,1-0,0.4696699876362739,0.5203178500119605,0.01001216235176555
1-0,1-0,0.4770095272683559,0.5089971204604758,0.013993352271168342
0-1,1-0,0.4778353441937723,0.5004864496742261,0.021678206132001755
1-0,1-0,0.4782689282402346,0.4959510543955835,0.025780017364181822
0-1,1-0,0.4803742489966776,0.5047993810016754,0.01482637000164685
0-1,1-0,0.3334386372281647,0.36672794862284785,0.2998334141489874
0-1,1-0,0.47016801341944914,0.5133314797338244,0.01650050684672648
0-1,1-0,0.47377899240368315,0.5117010569127529,0.014519950683564072
0-1,1-0,0.4728376636255851,0.5136171046293023,0.013545231745112591
1-0,1-0,0.47504020025639593,0.5105635374703145,0.014396262273289474
0-1,1-0,0.4701120237637663,0.5186644610111416,0.011223515225091976
1-0,1-0,0.47169432304292164,0.5175903665213926,0.010715310435685672
1-0,1-0,0.46703847315219627,0.5222594004283089,0.010702126419494813
0-1,1-0,0.47833315684789063,0.5085426433242535,0.013124199827855877
1/2-1/2,1-0,0.3468158910594239,0.367145728429346,0.28603838051123004
0-1,1-0,0.46082976476742415,0.5290961210202386,0.01007411421233716
1-0,1-0,0.46502206904870325,0.4734960909184845,0.06148184003281234
1-0,1-0,0.4784143790729065,0.5078764591569431,0.013709161770150366
1-0,1-0,0.47790889444563994,0.4905606220638699,0.03153048349049013
1-0,1-0,0.4540465980644162,0.5276613053867113,0.018292096548872414
1-0,1-0,0.48068260301773463,0.5038097830398478,0.015507613942417358
0-1,1-0,0.4802836108879437,0.5048127245993245,0.014903664512731766
0-1,1-0,0.46356280638532094,0.5249607352352593,0.011476458379419728
0-1,1-0,0.4619293683772721,0.5285904148466074,0.009480216776120405
1-0,1-0,0.464544785007994,0.5186135301900074,0.016841684801998456
0-1,1-0,0.4808118476462963,0.5036377890621534,0.015550363291550288
1-0,1-0,0.4678310113714823,0.5098589186145377,0.022310070013980006
0-1,1-0,0.4656008335678007,0.5227150373593944,0.01168412907280489
1-0,1-0,0.3307944647152874,0.34477082375676293,0.32443471152794967
1-0,1-0,0.46244120694336344,0.49110403843719347,0.04645475461944311
0-1,1-0,0.47405903309228736,0.5077922666484255,0.01814870025928714
0-1,1-0,0.47436510260429043,0.5146683051439105,0.01096659225179925
1-0,1-0,0.45006027218508726,0.5389103576214478,0.011029370193464965
0-1,1-0,0.46201130665249535,0.5167618375963245,0.021226855751180135
0-1,1-0,0.43318433509965654,0.5577766681780078,0.009038996722335798
0-1,1-0,0.46271157192596507,0.4947544069738854,0.0425340211001496
1-0,1-0,0.4784407263370449,0.48897843438964816,0.03258083927330704
0-1,1-0,0.4813822201288693,0.5005441205605711,0.018073659310559518
1-0,1-0,0.4421431431380642,0.5397408105995103,0.01811604626242558
1-0,1-0,0.47838702505144315,0.5000526480470137,0.021560326901543133
0-1,1-0,0.46635514536514827,0.5120155458145615,0.02162930882029023
1-0,1-0,0.4539788326844955,0.536248168065932,0.009772999249572449
0-1,1-0,0.37730543681571216,0.39000339035511544,0.23269117282917237
0-1,1-0,0.47211873966253387,0.5142237635872103,0.01365749675025598
0-1,1-0,0.47827595101529136,0.49218036955759675,0.029543679427111818
0-1,1-0,0.4800558866402428,0.5051188776411765,0.014825235718580524
0-1,1-0,0.463594832412403,0.5206261316691848,0.015779035918412142
0-1,1-0,0.4675263420036752,0.5213606177150875,0.011113040281237236
0-1,1-0,0.4709839608188934,0.5161861883027905,0.01282985087831604
1-0,1-0,0.44280181953513725,0.5357666391003154,0.021431541364547342
1-0,1-0,0.4541039794152252,0.5367401626469003,0.009155857937874481
1-0,1-0,0.47844127527977554,0.5057518115162157,0.015806913204008757
0-1,1-0,0.4577926001182717,0.4870884067895198,0.05511899309220859
1-0,1-0,0.480380755336953,0.5014746323353463,0.018144612327700774
0-1,1-0,0.4457582780855915,0.4979118510824104,0.056329870831998106
0-1,1-0,0.45869581385061,0.5270802246216382,0.014223961527751752
0-1,1-0,0.4561097222576755,0.5344703028565001,0.009419974885824451
1-0,1-0,0.4764198136048859,0.49922485087104784,0.024355335524066386
1-0,1-0,0.47877974961237457,0.5081597590858269,0.013060491301798635
0-1,1-0,0.4794063605043956,0.49329899327790866,0.02729464621769579
1-0,1-0,0.4807083641443824,0.50376798177163,0.015523654083987514
1-0,1-0,0.48122671346977786,0.495933914387878,0.022839372142344303
0-1,1-0,0.47847554736910886,0.48937629429978896,0.03214815833110214
0-1,1-0,0.47358878142671396,0.5091693123896467,0.017241906183639227
0-1,1-0,0.4798536217778052,0.505667348152261,0.014479030069933691
1-0,1-0,0.46971978018822497,0.4957458175439844,0.0345344022677906
1-0,1-0,0.44777997588372254,0.4939012927875376,0.05831873132873997
1-0,1-0,0.4499177384614322,0.5371518254829198,0.012930436055647906
1-0,1-0,0.4780793652377003,0.5087190522381219,0.013201582524177876
1-0,1-0,0.45037427038256533,0.5266265631898983,0.02299916642753633
1-0,1-0,0.4747150368191713,0.5082832657593602,0.017001697421468513
1-0,1-0,0.45099686283123297,0.5340571268721862,0.014946010296580728
1-0,1-0,0.470049286774469,0.48395564997602997,0.04599506324950097
1-0,1-0,0.4698628754091563,0.5202226182422808,0.00991450634856299
1-0,1-0,0.47546645580223323,0.5010046006004392,0.023528943597327615
1-0,1-0,0.48025151308980224,0.4945816770015393,0.025166809908658393
1-0,1-0,0.46637249562109834,0.4747167824174595,0.058910721961442244
0-1,1-0,0.43940237561748463,0.4491792568905549,0.11141836749196048
1-0,1-0,0.4695744546419699,0.5168544638133795,0.013571081544650565
0-1,1-0,0.46144518896828823,0.5260670600347065,0.012487750997005352
0-1,1-0,0.4705749679122043,0.5122952954416236,0.01712973664617234
1-0,1-0,0.47866103833979057,0.5022635838994642,0.019075377760745228
1-0,1-0,0.465980404488664,0.5101481966059774,0.023871398905358422
1/2-1/2,1-0,0.4789748135328245,0.5066704493663717,0.014354737100803738
1-0,1-0,0.4631825239841886,0.5242952667518376,0.012522209263973709
0-1,1-0,0.4570989319083315,0.5158573918718592,0.027043676219809305
0-1,1-0,0.4623376935501068,0.49948552187488104,0.03817678457501216
1-0,1-0,0.45085938136452725,0.5404080385095132,0.008732580125959398
1-0,1-0,0.46520201799193217,0.4805027728460224,0.05429520916204525
0-1,1-0,0.46716746853910013,0.5206616972826303,0.012170834178269687
0-1,1-0,0.47999544374463843,0.49199040605538735,0.02801415019997431
1/2-1/2,1-0,0.4642739396335725,0.5151491912487672,0.020576869117660157
0-1,1-0,0.4740562430051847,0.513123644259791,0.012820112735024387
1-0,1-0,0.46643612148959646,0.522419233903322,0.01114464460708144
0-1,1-0,0.4267492575172958,0.4536562669202437,0.11959447556246039
1-0,1-0,0.4749318962678392,0.4883529093252977,0.03671519440686315
1-0,1-0,0.46703854105513487,0.5038711603157764,0.02909029862908875
1-0,1-0,0.4748455970649364,0.5004821471055848,0.024672255829478837
1-0,1-0,0.45345253911284567,0.53249756916005,0.014049891727104408
1-0,1-0,0.44070685497114326,0.5214948215711142,0.03779832345774258
1-0,1-0,0.4540980062656086,0.5280846606258928,0.017817333108498586
1-0,1-0,0.4621143849776858,0.5252391751090827,0.012646439913231524
1-0,1-0,0.46046560302902284,0.48588719174608913,0.05364720522488804
0-1,1-0,0.4465716787522744,0.5405405924930924,0.012887728754633364
0-1,1-0,0.4648812649691916,0.5160512938960288,0.019067441134779456
1-0,1-0,0.47462052261066395,0.5079540137552256,0.0174254636341105
0-1,1-0,0.46345913361550584,0.5260385113626987,0.010502355021795529
0-1,1-0,0.4740504793573639,0.501314006445828,0.024635514196808095
0-1,1-0,0.4717006985791717,0.5083711084124762,0.019928193008352083
1-0,1-0,0.4745035778324457,0.4857163554568297,0.03978006671072476
0-1,1-0,0.4444799472763992,0.5276929740684626,0.0278270786551382
0-1,1-0,0.46481042237646303,0.520233370821476,0.01495620680206102
1-0,1-0,0.46104258041232,0.473876807264553,0.06508061232312705
0-1,1-0,0.45658604165820776,0.5026288402389605,0.04078511810283188
1-0,1-0,0.4623368712401126,0.5243622521911518,0.013300876568735576
1-0,1-0,0.46241965831533716,0.4739508863509354,0.06362945533372746
0-1,1-0,0.4696496788093319,0.5206643168104671,0.009686004380201044
1-0,1-0,0.46976165847463586,0.5084108476646714,0.021827493860692933
0-1,1-0,0.4758378982108522,0.5029652855297087,0.021196816259439123
1-0,1-0,0.47899582354571524,0.5044920578232355,0.016512118631049177
1-0,1-0,0.47065928829868603,0.5164468554970731,0.01289385620424086
0-1,1-0,0.4706142082409513,0.4815863437418887,0.047799448017159844
1-0,1-0,0.4593208139397627,0.5315344228721601,0.009144763188077202
0-1,1-0,0.4804475316022502,0.49938663735728006,0.020165831040469668
0-1,1-0,0.48030927029950427,0.5024468111658527,0.01724391853464313
0-1,1-0,0.4551696111315539,0.5091832588008303,0.035647130067615884
1-0,1-0,0.460831826782691,0.5298868947136077,0.009281278503701196
0-1,1-0,0.4699397860561015,0.520210118242025,0.009850095701873403
1-0,1-0,0.46358144645858346,0.5239685457868891,0.012450007754527505
1-0,1-0,0.4697872002162787,0.5121501651412955,0.018062634642425808
0-1,1-0,0.46901534250310645,0.5156242580522956,0.015360399444597932
0-1,1-0,0.4803186883905047,0.49686181747395214,0.022819494135543197
0-1,1-0,0.4707029551851243,0.5180705340020618,0.011226510812813981
0-1,1/2-1/2,0.1282231037129892,0.13871120546872553,0.7330656908182854
0-1,1-0,0.4631670549088485,0.5242428729996889,0.012590072091462737
1-0,1-0,0.4632868191666856,0.47409215069126515,0.06262103014204926
1-0,1-0,0.4646131412962544,0.4795801718630641,0.055806686840681505
1-0,1-0,0.4550361571226804,0.481248565547959,0.0637152773293606
1-0,1-0,0.47913272811413393,0.507218369562117,0.013648902323749067
1-0,1-0,0.46414596050733803,0.4975618185589603,0.03829222093370163
1-0,1-0,0.45459803261744347,0.5091057757369131,0.0362961916456434
0-1,1-0,0.4738615959410314,0.5080150207001832,0.018123383358785324
0-1,1-0,0.4634165545072285,0.5258781286224565,0.010705316870314957
1-0,1-0,0.4812793618800744,0.5006136786668751,0.01810695945305045
0-1,1-0,0.46589365909328695,0.5102777364033468,0.023828604503366158
0-1,1-0,0.47602330783305224,0.5104254414174771,0.013551250749470568
*,1-0,0.47831107738930456,0.5079291164386692,0.0137598061720262
0-1,1-0,0.4585813280973065,0.5109138391742446,0.03050483272844888
1-0,1-0,0.47685847501389345,0.5104812520266686,0.012660272959437942
1-0,1-0,0.474719406783737,0.5123065624030246,0.01297403081323851
0-1,1-0,0.4713309318424412,0.518146207375617,0.010522860781941768
1-0,1-0,0.45498534931539986,0.5248448830301553,0.0201697676544449
0-1,1-0,0.47963607596100943,0.5035274374844467,0.016836486554543936
1-0,1-0,0.4666701106935591,0.5221582550114177,0.011171634295023032
0-1,1-0,0.4516246899625084,0.5335894545156006,0.014785855521891088
0-1,1-0,0.42385769055934086,0.551640852179331,0.024501457261328147
1-0,1-0,0.4624384245048379,0.5252901611611424,0.012271414334019607
0-1,1-0,0.47975346246923223,0.49175450769334694,0.02849202983742077
0-1,1-0,0.48113640830790244,0.5005130041693442,0.01835058752275316
0-1,1-0,0.46082250167409194,0.5299924651452436,0.009185033180664468
0-1,1-0,0.46345819469443666,0.47176964693960105,0.06477215836596217
1-0,1-0,0.477126657479058,0.5100932763432364,0.012780066177705425
0-1,1-0,0.46753816207483617,0.5185051171204517,0.013956720804712192
0-1,1-0,0.469867843765757,0.52019168476965,0.009940471464593011
1-0,1-0,0.47030415282252397,0.5160933052482736,0.013602541929202452
1-0,1-0,0.47464825803414196,0.49363404981717884,0.03171769214867922
1-0,1-0,0.48102362856159425,0.5005569547143593,0.018419416724046535
1-0,1-0,0.48149767129906224,0.4968831998710171,0.021619128829920745
0-1,1-0,0.4682515792841171,0.5184206398209461,0.01332778089493684
0-1,1-0,0.462334219306305,0.5015994494161202,0.03606633127757489
0-1,1-0,0.4767719060388031,0.5115540168663916,0.011674077094805474
1-0,1-0,0.4808023975425614,0.5036286932428041,0.01556890921463455
0-1,1-0,0.4585558219608798,0.46986765826138965,0.07157651977773057
0-1,1-0,0.4808441558117103,0.4977316181759488,0.021424226012340807
0-1,1-0,0.46763406781565503,0.5214371909248046,0.010928741259540355
0-1,1-0,0.48082966879796296,0.5036356996683695,0.015534631533667692
1-0,1-0,0.46918937872755534,0.518570875505244,0.012239745767200582
1-0,1-0,0.4759402071627415,0.48556449181011874,0.03849530102713985
0-1,1-0,0.4733524837074138,0.515181013076252,0.011466503216334224
1-0,1-0,0.4457492975408687,0.5405902926803307,0.013660409778800623
1-0,1-0,0.48151018568436177,0.5002890828602559,0.01820073145538241
1-0,1-0,0.4731443884912698,0.5055883200831697,0.021267291425560646
0-1,1-0,0.47728664594766307,0.4976144813103072,0.02509887274202963
0-1,1-0,0.4769595548038487,0.4992986510920805,0.023741794104070627
1-0,1-0,0.4692342515787849,0.47750788964076046,0.05325785878045461
0-1,1-0,0.47946341046358226,0.5069470275428754,0.01358956199354245
0-1,1/2-1/2,0.2858370722242151,0.29935056234254404,0.414812365433241
0-1,1-0,0.45559607878046243,0.5354694669725696,0.00893445424696807
1-0,1-0,0.4694984277487318,0.5196305292739248,0.010871042977343506
1-0,1-0,0.4805745051532536,0.5002943964698905,0.019131098376855973
1-0,1-0,0.475474956310472,0.5114566592985321,0.013068384390995934
1-0,1-0,0.4605402270915821,0.5300036998785964,0.009456073029821398
0-1,1-0,0.4739789457745869,0.49603558960957966,0.02998546461583356
1-0,1-0,0.4669980366448387,0.5166087871838562,0.016393176171305146
0-1,1-0,0.48034894665819927,0.4994259532234458,0.0202251001183548
1-0,1-0,0.4773356193669851,0.48735596317887075,0.03530841745414423
1-0,1-0,0.4685591902291848,0.5182890315004206,0.013151778270394711
0-1,1/2-1/2,0.27524028264504835,0.2968521619077713,0.4279075554471804
0-1,1-0,0.4695604648799534,0.4865550849805845,0.04388445013946219
1-0,1-0,0.4599751689035982,0.5299210889795358,0.010103742116866012
0-1,1-0,0.4675795958137127,0.5229687081605733,0.009451696025713939
1-0,1-0,0.4518812627080054,0.5183980430013124,0.02972069429068222
0-1,1-0,0.4767617566154969,0.5115468244394927,0.01169141894501047
0-1,1-0,0.45914072347421075,0.5313962855305081,0.009462990995281173
1/2-1/2,1-0,0.44065280067319035,0.47033468204890855,0.08901251727790106
1-0,1-0,0.47867983902886424,0.508234132024472,0.013086028946663735
1-0,1-0,0.4721490457336447,0.5176393592529158,0.01021159501343954
1-0,1-0,0.4788374988326319,0.5074924515385548,0.013670049628813434
0-1,1-0,0.4780006782370156,0.5066546066833522,0.015344715079632008
1-0,1-0,0.4736458087630865,0.4998751264689679,0.0264790647679456
0-1,1-0,0.46637249562109834,0.4747167824174595,0.058910721961442244
1-0,1-0,0.47446284238250713,0.485530556714954,0.04000660090253903
0-1,1-0,0.44413120597459815,0.5390654431829157,0.016803350842486197
0-1,1-0,0.4701396642944337,0.5012038836079925,0.02865645209757383
0-1,1-0,0.46901019189937027,0.4919295624252142,0.039060245675415564
1-0,1-0,0.47983785629087855,0.49323722448223706,0.026924919226884385
0-1,1-0,0.4798420445487506,0.505918097144157,0.014239858307092413
0-1,1-0,0.47401137907719276,0.4865981865179174,0.03939043440488972
0-1,1-0,0.479691065785755,0.5061033026296791,0.01420563158456605
0-1,1-0,0.39379860695843194,0.4666787531958639,0.1395226398457042
0-1,1-0,0.4357170208008248,0.47458659753729965,0.08969638166187562
1-0,1-0,0.44390855281101793,0.5422119941310549,0.013879453057927132
1-0,1-0,0.4650984491333637,0.5132135302800954,0.021688020586540926
1-0,1-0,0.4581619077719757,0.5285699137563203,0.013268178471704067
0-1,1-0,0.4531879582649758,0.5359842174796968,0.010827824255327391
1/2-1/2,1-0,0.44988750863615207,0.4798326435193801,0.07027984784446795
1-0,1-0,0.4715562751970823,0.51071639660437,0.017727328198547897
1-0,1-0,0.4668828720438116,0.5041918873672063,0.028925240588982035
1-0,1-0,0.4710271774087138,0.5183717484182321,0.010601074173054066
1-0,1-0,0.4692139720279853,0.47749055402759644,0.053295473944418234
0-1,1-0,0.4343097055879062,0.4567192769093245,0.10897101750276933
1-0,1-0,0.4476877356352738,0.5358566789876757,0.016455585377050323
1-0,1-0,0.3963532132400556,0.4076043489775334,0.1960424377824111
0-1,1-0,0.4780516210739983,0.5074765288111371,0.014471850114864461
0-1,1-0,0.45105282196865365,0.5250355418739583,0.023911636157388037
1-0,1-0,0.4746091199949766,0.5126878147004557,0.01270306530456781
1-0,1-0,0.4674278459936561,0.5127827261934854,0.01978942781285839
0-1,1-0,0.47437507684609564,0.5033765592316891,0.02224836392221526
0-1,1-0,0.4772476450379719,0.5094741734834928,0.013278181478535492
1-0,1-0,0.4662491367601775,0.5233840919260216,0.010366771313800913
0-1,1-0,0.4357454012258794,0.5551828541156919,0.009071744658428721
1-0,1-0,0.46853444073293704,0.5199307127263958,0.011534846540667052
1-0,1-0,0.47102811422932145,0.519038318594094,0.009933567176584612
0-1,1-0,0.4655436753996354,0.48820383006808526,0.046252494532279274
0-1,1-0,0.4645954379945083,0.5197497407941883,0.01565482121130323
1-0,1-0,0.45392682565620784,0.4863852669382599,0.05968790740553221
1-0,1/2-1/2,0.23545717762698268,0.2542825631167667,0.5102602592562506
0-1,1-0,0.44700063141623364,0.5437422982737182,0.009257070310048224
1-0,1-0,0.47874838491885974,0.5062009165913762,0.015050698489764008
0-1,1-0,0.4685763586718992,0.5186551863253488,0.012768455002751936
0-1,1-0,0.4637087766107606,0.4981907059459643,0.038100517443275125
1-0,1-0,0.38227956514408445,0.4050026021225393,0.2127178327333762
0-1,1-0,0.4731821440965637,0.516425185013032,0.010392670890404224
0-1,1-0,0.4640578776769695,0.5110470280382013,0.024895094284829007
1-0,1-0,0.4769607414750325,0.5034829285120526,0.01955633001291508
1-0,1-0,0.4491857391510988,0.5337380886753592,0.01707617217354195
0-1,1-0,0.4742255693095154,0.5076463227133553,0.01812810797712929
1-0,1-0,0.4685791928351201,0.5194801230646574,0.011940684100222384
1-0,1/2-1/2,0.1793398934736229,0.19264590205490523,0.6280142044714718
1-0,1-0,0.41785571758061835,0.4312469273181083,0.15089735510127333
0-1,1-0,0.4792367315111525,0.4949182771709729,0.02584499131787442
1-0,1-0,0.4633162782256151,0.515088161732567,0.021595560041817747
0-1,1-0,0.4746490900853432,0.5032735228298839,0.022077387084772797
0-1,1-0,0.47329304370901876,0.4820381166492339,0.04466883964174737
0-1,1-0,0.4385425356466687,0.5444566072573638,0.017000857095967676
0-1,1-0,0.47317893039756065,0.5002494617673876,0.026571607835051837
1-0,1-0,0.4457219449102861,0.5423437067887216,0.011934348300992218
1-0,1-0,0.46797720592247954,0.5108465941362927,0.021176199941227727
0-1,1-0,0.4617776358633137,0.5292243450996204,0.008998019037065956
1-0,1-0,0.45818211906845263,0.5324413340672194,0.00937654686432786
1-0,1-0,0.47449754027036556,0.5104710012508067,0.015031458478827937
1-0,1-0,0.46685593163250894,0.5143989730869881,0.018745095280503003
1-0,1-0,0.4737298886376453,0.5148812975994614,0.01138881376289326
0-1,1-0,0.4707834135088954,0.5169951897882092,0.012221396702895349
0-1,1-0,0.48008909645109177,0.5017499039884925,0.018160999560415666
1-0,1-0,0.4748875072898599,0.49163944207864757,0.0334730506314925
1-0,1-0,0.47918973470878373,0.4932583426979599,0.02755192259325641
0-1,1-0,0.4768740907704599,0.5075325201101414,0.015593389119398825
1-0,1-0,0.47692596064149184,0.5109704122341753,0.012103627124332897
1-0,1-0,0.4708359738461342,0.5190941873256586,0.010069838828207184
1-0,1-0,0.47207962284715466,0.5177891304155466,0.010131246737298786
0-1,1-0,0.4694868239076185,0.5195792080356355,0.01093396805674608
0-1,1-0,0.4803828412675653,0.5030791334821538,0.01653802525028091
1-0,1-0,0.4697341183960991,0.5172435107539113,0.013022370849989553
1-0,1-0,0.46937703310099477,0.5140323267831706,0.01659064011583467
0-1,1-0,0.47302436809147674,0.5155254385142887,0.011450193394234679
0-1,1-0,0.4249482978469363,0.43576566206901196,0.13928604008405174
0-1,1-0,0.46981844812987855,0.48335366253761386,0.04682788933250745
0-1,1-0,0.4721608807690481,0.5131295500917525,0.014709569139199425
1-0,1-0,0.47752079564597427,0.5089655384033829,0.01351366595064285
0-1,1-0,0.46429214078687403,0.5212358616955836,0.014471997517542468
1-0,1-0,0.46750692312310327,0.5228756052193404,0.00961747165755627
0-1,1-0,0.4593136591654083,0.46827232943552544,0.07241401139906625
1-0,1-0,0.48131282643171974,0.5005876479140074,0.018099525654272825
0-1,1-0,0.48111509074493525,0.5015158381927157,0.017369071062348966
0-1,1-0,0.4650713511818568,0.519431254489359,0.01549739432878418
0-1,1-0,0.4808033729046408,0.503619940676695,0.015576686418664323
1-0,1-0,0.4741154685040593,0.50859352091277,0.017291010583170716
1/2-1/2,1-0,0.4791197644206999,0.4903267761628121,0.030553459416488012
1-0,1-0,0.4613290719019719,0.5297248088952476,0.008946119202780465
0-1,1-0,0.477559541659189,0.5064805064587256,0.01595995188208538
0-1,1-0,0.42893983586746076,0.43949293563256875,0.1315672284999704
1-0,1-0,0.44867691059651577,0.541802341155373,0.009520748248111287
1-0,1-0,0.4718257659637226,0.5165795084962154,0.011594725540061988
0-1,1-0,0.45406681574997865,0.5265864233633998,0.01934676088662169
0-1,1-0,0.46652478877389447,0.4849031215423556,0.04857208968374987
1-0,1-0,0.46875898513364195,0.4809664284191034,0.05027458644725478
1-0,1-0,0.47426594097903574,0.5076094265589295,0.01812463246203481
1-0,1-0,0.47756686728945064,0.509743902310769,0.01268923039978038
1-0,1-0,0.4188684547518788,0.5481654688701635,0.0329660763779577
1-0,1-0,0.46261484587166857,0.5247178037995902,0.01266735032874122
0-1,1-0,0.48013675194772415,0.5042153313207024,0.015647916731573595
1-0,1-0,0.4579382186573739,0.5332395599497207,0.008822221392905375
1-0,1-0,0.4776535756766883,0.5084679440703785,0.01387848025293308
1-0,1-0,0.47223145506379854,0.5174291244732602,0.0103394204629411
1-0,1-0,0.4536924430556747,0.53739871661468,0.00890884032964544
1-0,1-0,0.43574842700476224,0.5552789238690645,0.008972649126173293
1-0,1-0,0.45929568240010943,0.5313530033948668,0.009351314205023886
1-0,1-0,0.46072249997609227,0.5299127183101664,0.00936478171374137
1-0,1-0,0.4771651641058267,0.4952168730402379,0.027617962853935255
1-0,1-0,0.4528509648580664,0.5313253450253929,0.0158236901165408
0-1,1-0,0.47957826744025356,0.49772273893914376,0.02269899362060263
1-0,1-0,0.4583163994241759,0.5277378147940727,0.013945785781751522
0-1,1-0,0.4808331577008135,0.5036060576878096,0.015560784611376749
1-0,1-0,0.4798662392033836,0.505988294828003,0.01414546596861345
1-0,1-0,0.4774741044976143,0.5104669925134051,0.012058902988980751
0-1,1-0,0.4644012334940054,0.5257687689894277,0.009829997516566751
0-1,1-0,0.4528262501111568,0.4827527234667318,0.06442102642211132
1-0,1-0,0.46685167633440705,0.5182459375156613,0.014902386149931748
1-0,1-0,0.46262038569036074,0.5252701697612183,0.012109444548420953
1-0,1-0,0.4783782627136135,0.5034789868790078,0.01814275040737867
1-0,1-0,0.46722449565838964,0.5103339250862331,0.022441579255377295
1-0,1-0,0.4066652762812216,0.42070370550311864,0.17263101821565977
1-0,1-0,0.45919795268461233,0.48209456051800026,0.05870748679738745
0-1,1-0,0.47966459434306885,0.4989846878088054,0.02135071784812569
1-0,1-0,0.4792851402573579,0.49078934919736933,0.02992551054527268
0-1,1-0,0.47593361338754286,0.5051896050415711,0.018876781570886066
1-0,1-0,0.4322081262087331,0.5409768901445683,0.026814983646698643
0-1,1-0,0.4735433225067663,0.5124921441016118,0.01396453339162181
1-0,1-0,0.4792997635111265,0.49339036348125975,0.027309873007613693
0-1,1-0,0.4750881063871263,0.48944751133840914,0.03546438227446458
1-0,1-0,0.4743363887611928,0.49936202013773834,0.026301591101068774
0-1,1-0,0.47171742606539685,0.5113519432894107,0.016930630645192297
1/2-1/2,1-0,0.39737317182493914,0.4088719048149419,0.193754923360119
0-1,1-0,0.437335524205186,0.4491248442100609,0.11353963158475314
0-1,1-0,0.4744606257565992,0.48372202174215695,0.0418173525012439
1-0,1-0,0.471151040856486,0.5132423526332714,0.015606606510242527
0-1,1-0,0.4543054784104332,0.5366640208991256,0.009030500690441286
1/2-1/2,1-0,0.4208523774958785,0.4306741807260181,0.14847344177810337
0-1,1-0,0.4528025313074709,0.5379080811461282,0.009289387546400872
1-0,1-0,0.46206828358876895,0.5108003356425399,0.027131380768691194
1-0,1-0,0.4728286723561543,0.5096701142639626,0.01750121337988329
1-0,1-0,0.4547877122737734,0.529862252812738,0.01535003491348852
0-1,1-0,0.4212136666268179,0.5692892201257197,0.009497113247462365
1-0,1-0,0.43548117007934045,0.4737456178828299,0.09077321203782968
1-0,1-0,0.4791033780640203,0.5015835491828569,0.019313072753122856
0-1,1-0,0.4221874362248834,0.43215254447757945,0.14566001929753716
1-0,1-0,0.46496757549000534,0.48530387789246954,0.04972854661752506
0-1,1-0,0.4780793603882982,0.5081762675290746,0.013744372082627234
1-0,1-0,0.461265359344968,0.4692768338334542,0.06945780682157784
0-1,1-0,0.47302004865202885,0.48182313213148914,0.045156819216481944
0-1,1-0,0.45864260304070037,0.53237851682079,0.008978880138509612
1-0,1-0,0.431265940447647,0.45924436705524246,0.1094896924971105
0-1,1-0,0.47223573265934377,0.510038346815494,0.01772592052516212
1-0,1-0,0.4784473078344927,0.5010701157996555,0.02048257636585183
0-1,1-0,0.48009678378997594,0.5035180331254043,0.01638518308461959
0-1,1-0,0.47377300610807666,0.514858800274869,0.011368193617054349
1-0,1-0,0.4683432712359668,0.5196855840763912,0.011971144687641953
1-0,1-0,0.47667338019029276,0.5115726063460331,0.011754013463674105
1-0,1-0,0.45075899490014804,0.5392995964591457,0.009941408640706244
1-0,1-0,0.4432385507816585,0.5432957608888721,0.0134656883294693
0-1,1-0,0.4572132114608297,0.5338781614760062,0.008908627063164226
0-1,1-0,0.47236814851732717,0.5111556228807705,0.016476228601902454
1/2-1/2,1-0,0.46118366729083843,0.49801169599572476,0.04080463671343679
1-0,1-0,0.4683687899550908,0.5070752763517176,0.024555933693191714
0-1,1-0,0.466401570592745,0.4903128125671677,0.04328561684008738
1-0,1-0,0.46890294325926896,0.4855784738866567,0.04551858285407424
0-1,1-0,0.475643972658735,0.5065824466667758,0.01777358067448924
1-0,1-0,0.4575701251729843,0.5248395167227637,0.01759035810425198
1-0,1-0,0.4570185441626226,0.5258460869577458,0.017135368879631626
0-1,1-0,0.38272021244232296,0.4021318340761342,0.2151479534815428
0-1,1-0,0.4778058024897416,0.5095686783764408,0.012625519133817523
1-0,1-0,0.46343648445198476,0.523679678830614,0.012883836717401386
1-0,1-0,0.47969485517590654,0.4926138434902944,0.027691301333799063
1-0,1-0,0.473063054005801,0.4859921290221954,0.04094481697200346
0-1,1-0,0.4592638133284975,0.5314214904275962,0.009314696243906356
1/2-1/2,1-0,0.46396280072151286,0.5037577311918042,0.032279468086682944
1-0,1-0,0.47460958250844815,0.5142463259819297,0.011144091509622207
0-1,1-0,0.4686870091392515,0.47973363671670477,0.05157935414404375
1-0,1-0,0.4779971876399822,0.5068672048645675,0.015135607495450395
0-1,1-0,0.47628031200404436,0.4920784745382195,0.031641213457736184
1-0,1-0,0.4763083331094755,0.5107619262288735,0.012929740661651028
1/2-1/2,1/2-1/2,0.24501514347315642,0.2604856152311939,0.49449924129564954
0-1,1-0,0.47405642980811286,0.5094033740350502,0.016540196156836877
0-1,1-0,0.4406140263023853,0.4576798211460811,0.10170615255153374
1-0,1-0,0.47819458075265725,0.5092494569214359,0.012555962325906707
1/2-1/2,1-0,0.4670694479107875,0.49791252823073695,0.03501802385847533
0-1,1-0,0.4515470001634873,0.48578933257113305,0.06266366726537967
0-1,1-0,0.4798419237539802,0.5059840622509972,0.014174013995022472
1-0,1-0,0.461326545682222,0.528945738475374,0.009727715842404049
1-0,1-0,0.4697119370857487,0.5198155270042295,0.010472535910021832
0-1,1-0,0.39020110458473267,0.4034931089830889,0.20630578643217837
0-1,1-0,0.47792069249361285,0.5066751101743464,0.01540419733204064
1-0,1-0,0.4357985862033272,0.546478040550034,0.017723373246638783
1-0,1-0,0.44744017179460177,0.5356662675983861,0.01689356060701212
1-0,1-0,0.4395802335905342,0.48227716616790306,0.07814260024156276
1-0,1/2-1/2,0.012772674528021628,0.015045601141067582,0.972181724330911
0-1,1-0,0.4663389295669169,0.5232320591199829,0.010429011313100062
0-1,1-0,0.4693836618301618,0.5170082531603316,0.013608085009506693
0-1,1-0,0.4793253372128041,0.4905844297446441,0.030090233042551748
1-0,1-0,0.4721814273648139,0.5085479046337971,0.01927066800138883
0-1,1-0,0.44489920293360036,0.4700320537118116,0.0850687433545881
0-1,1-0,0.47579870637301697,0.5077661724788497,0.016435121148133343
0-1,1-0,0.47062425075812303,0.5114101273265818,0.01796562191529516
1-0,1-0,0.45074097941842534,0.539315676708637,0.009943343872937677
0-1,1-0,0.3827966344081444,0.4777868689627185,0.13941649662913697
1/2-1/2,1-0,0.4169289853166965,0.42944967737204115,0.15362133731126235
1-0,1-0,0.4789771436046275,0.5067465370911934,0.014276319304179087
0-1,1-0,0.4773010278555127,0.49323254726867855,0.029466424875808785
1-0,1-0,0.470558987189006,0.5195735834327514,0.00986742937824254
0-1,1-0,0.4811648233433215,0.5004471676533989,0.01838800900327978
1-0,1-0,0.46202358413362266,0.47926529141227703,0.05871112445410026
0-1,1-0,0.47185345189506717,0.5177644554610694,0.01038209264386344
0-1,1-0,0.470073730065505,0.5174078984998766,0.012518371434618335
1/2-1/2,1-0,0.479264681348072,0.5016801579353479,0.019055160716579943
0-1,1-0,0.47622841015786616,0.4867022456451286,0.037069344197005354
0-1,1-0,0.46959495224002235,0.47946885140713597,0.0509361963528416
1-0,1-0,0.4810343949003542,0.5018191787025661,0.017146426397079587
0-1,1-0,0.4617956648790335,0.5286641807711682,0.009540154349798427
1-0,1-0,0.47517832312148384,0.5127053443341504,0.012116332544365935
1-0,1-0,0.48059652867740893,0.5007380988280401,0.018665372494551167
1-0,1-0,0.45942461465079154,0.5037768709345304,0.036798514414677956
1-0,1-0,0.448076243482284,0.5075381136802667,0.044385642837449404
1-0,1-0,0.460702597140319,0.49251334400290425,0.046784058856776715
1-0,1-0,0.4770740350610752,0.49539495346535156,0.02753101147357317
1-0,1-0,0.46293833965121123,0.5011483035183365,0.03591335683045219
0-1,1-0,0.47985335105120525,0.5019314550408169,0.018215193907977902
1-0,1-0,0.4802542610915309,0.5048314352137333,0.014914303694735752
1-0,1-0,0.4613167093444826,0.5150828783461127,0.023600412309404867
0-1,1-0,0.47668037433878085,0.5115850376087774,0.011734588052441916
0-1,1-0,0.43522011413138006,0.44447458992233746,0.12030529594628252
1-0,1-0,0.38416497829678337,0.39563034454598295,0.22020467715723369
1-0,1-0,0.4814558703901443,0.4979881145020066,0.020556015107849067
1-0,1-0,0.4804325993949482,0.5039982177225754,0.015569182882476605
1-0,1-0,0.4782975403998602,0.5078953500240925,0.013807109576047371
1-0,1-0,0.474661106686395,0.5140236968533373,0.011315196460267891
1-0,1-0,0.47230865337874206,0.5169379529147095,0.01075339370654852
1/2-1/2,1-0,0.4456978774386354,0.4556990878700474,0.09860303469131715
1-0,1-0,0.4026124905154433,0.47450570716466056,0.12288180231989612
0-1,1-0,0.46440739723570995,0.5250604972214367,0.010532105542853377
1-0,1-0,0.4449727286915869,0.519195717819006,0.035831553489407204
0-1,1-0,0.472960447710928,0.514479358500928,0.012560193788143917
1-0,1-0,0.4663555561287777,0.5168985087031652,0.016745935168057037
0-1,1-0,0.44933303052582285,0.5274847251837933,0.023182244290383885
1-0,1-0,0.4648961691749441,0.4766946032337261,0.05840922759132979
1-0,1-0,0.46601442598449544,0.49645847659356196,0.037527097421942636
1-0,1-0,0.4512868179881309,0.526238875101889,0.02247430690997996
0-1,1-0,0.4433600414248682,0.5407283198437285,0.015911638731403315
1-0,1-0,0.45895824344238906,0.46730562281470744,0.0737361337429036
0-1,1-0,0.4542028375565633,0.5340515833585893,0.011745579084847359
1-0,1-0,0.478988909389427,0.4966117998084304,0.024399290802142495
1-0,1-0,0.4497313662605988,0.5398698319674674,0.010398801771933917
1/2-1/2,1/2-1/2,0.2954544473921918,0.31317213010096734,0.391373422506841
1-0,1-0,0.4400476139000557,0.5509345946531213,0.009017791446822972
1-0,1-0,0.4739124482020009,0.506938937471918,0.01914861432608106
0-1,1-0,0.4772810354755865,0.49909988741253947,0.023619077111874092
1-0,1-0,0.4753618437734907,0.49684545696186894,0.02779269926464025
0-1,1-0,0.4678568294152169,0.5209234152482193,0.011219755336563742
1-0,1-0,0.4606224584875287,0.5304898663697646,0.008887675142706764
1-0,1-0,0.4560113503958721,0.5321816172396276,0.011807032364500248
1-0,1-0,0.4593670577834019,0.5187809708880811,0.021851971328517166
1-0,1-0,0.4285478138406809,0.451061668359294,0.12039051780002508
0-1,1-0,0.4744358332174875,0.48582950843029327,0.03973465835221931
1-0,1/2-1/2,0.23643539284195964,0.24971268207005617,0.5138519250879842
1-0,1-0,0.4779930845628629,0.5088633686621211,0.013143546775016156
1-0,1-0,0.48151335627682124,0.5002833064037051,0.018203337319473597
0-1,1-0,0.453554305398611,0.5281487892525736,0.018296905348815347
0-1,1-0,0.4692800452331992,0.5108667167869981,0.019853237979802707
1-0,1-0,0.4778447942944773,0.507006042941024,0.015149162764498538
1-0,1-0,0.4705988206255825,0.5174136850846399,0.011987494289777537
1-0,1-0,0.4709279549728232,0.5188963299718243,0.010175715055352376
1-0,1-0,0.46213141648276546,0.528800114613047,0.009068468904187603
0-1,1-0,0.45573417383806597,0.47372808177069586,0.07053774439123817
1/2-1/2,1-0,0.44407744188832576,0.4788534090372912,0.07706914907438296
0-1,1-0,0.47541419540648844,0.48817931470442927,0.03640648988908238
1-0,1-0,0.41769905086696946,0.5538483853237453,0.028452563809285444
1-0,1-0,0.4811981117131999,0.49563642284542103,0.02316546544137895
1-0,1-0,0.46602674430337837,0.5202495780326946,0.013723677663927162
0-1,1-0,0.4589357270305371,0.5041562112355307,0.03690806173393221
0-1,1-0,0.47896772548811634,0.5050488454061318,0.015983429105751915
1/2-1/2,1-0,0.4542705226504297,0.5363527449552248,0.009376732394345631
1/2-1/2,1-0,0.48159299302489395,0.4981235956310513,0.020283411344054862
1/2-1/2,1-0,0.37097546744992543,0.3884703111527263,0.2405542213973483
0-1,1-0,0.4746947576319797,0.49741077382097754,0.027894468547042726
1-0,1-0,0.4803830119512631,0.503328472517453,0.016288515531283892
0-1,1-0,0.45427694386164186,0.5360895962195047,0.009633459918853442
0-1,1-0,0.46885198025646124,0.5204866513595743,0.010661368383964425
0-1,1-0,0.4153608255495166,0.4259267117186421,0.1587124627318413
0-1,1/2-1/2,0.31352193402504064,0.32664955757976216,0.3598285083951973
0-1,1-0,0.46839854189009783,0.5205954768199881,0.011005981289914066
1-0,1-0,0.4490021831892191,0.5186859361084147,0.03231188070236611
1-0,1-0,0.4797642900449748,0.5053397607942275,0.014895949160797766
1-0,1-0,0.46086897254835735,0.5248652692678883,0.0142657581837544
0-1,1-0,0.47696034087281286,0.5033951041113564,0.019644555015830935
0-1,1-0,0.4705647421618603,0.4830895164508176,0.04634574138732201
0-1,1-0,0.45707642057998854,0.5306506208402455,0.012272958579765824
1-0,1-0,0.46618668029094057,0.5188199892251893,0.014993330483870162
1/2-1/2,1-0,0.4247994740295382,0.43895771573981945,0.13624281023064239
1-0,1-0,0.46703497598924903,0.4831687612928899,0.04979626271786109
1-0,1-0,0.4516418391160026,0.5046618928059993,0.04369626807799812
0-1,1-0,0.46290474596307196,0.5232602447890219,0.01383500924790617
0-1,1-0,0.46489305566905254,0.5256066206612063,0.009500323669741137
1-0,1-0,0.4759657204175797,0.48997969485740595,0.03405458472501427
0-1,1-0,0.4784360926049535,0.5064726629619454,0.015091244433100913
0-1,1-0,0.4719589680397256,0.5176998224904465,0.010341209469827889
0-1,1-0,0.4803097058772974,0.5040567759674456,0.015633518155256897
1-0,1-0,0.46035253789517444,0.5307691360063136,0.008878326098511967
0-1,1-0,0.4685388990950401,0.5063424424584433,0.025118658446516614
0-1,1-0,0.481517550311896,0.5003763020325739,0.01810614765552997
1-0,1-0,0.47809092831634453,0.5003320724904718,0.021576999193183483
0-1,1-0,0.47301739711082796,0.5149568164271253,0.01202578646204697
1-0,1-0,0.47823919442997564,0.5092238846438475,0.01253692092617678
0-1,1-0,0.4342747816402869,0.5565417901649806,0.009183428194732562
1-0,1-0,0.47171389885279547,0.5171446867119728,0.011141414435231704
1-0,1-0,0.45878844792929224,0.5316112006990348,0.009600351371672953
0-1,1-0,0.3268212574107391,0.36539064360242224,0.3077880989868386
0-1,1-0,0.4657135416640049,0.48031090354077827,0.0539755547952168
1/2-1/2,1-0,0.4735281262279252,0.4947394138524578,0.0317324599196171
0-1,1-0,0.476857358088947,0.5035563942608349,0.019586247650218103
1/2-1/2,1-0,0.48090913691292553,0.4995785407209369,0.01951232236613749
0-1,1-0,0.47750954238340676,0.509756292161805,0.012734165454788218
1-0,1-0,0.4671183660504248,0.5103906557297265,0.022490978219848714
0-1,1-0,0.46986638960328775,0.5148986759730074,0.01523493442370481
0-1,1-0,0.46234937868554116,0.5284077568370472,0.009242864477411595
0-1,1-0,0.4570748296683946,0.4980056143030172,0.044919556028588215
1-0,1-0,0.4815046364769153,0.4969571910852727,0.02153817243781197
1-0,1-0,0.4728374358943886,0.5050432103477985,0.02211935375781275
1-0,1-0,0.46541810308893006,0.48460769001872706,0.04997420689234284
1/2-1/2,1-0,0.34157348686274097,0.3749815980386583,0.2834449150986008
1-0,1-0,0.4768312081141246,0.5045585112933666,0.0186102805925089
1-0,1-0,0.47508236167457074,0.5099807557613057,0.01493688256412339
0-1,1-0,0.4610153521813889,0.5208363317077201,0.01814831611089108
1-0,1-0,0.4334384953626931,0.493194256632452,0.07336724800485495
1-0,1-0,0.4705655877270435,0.48685116914314397,0.04258324312981251
1-0,1-0,0.4766570078505228,0.5092944643047979,0.014048527844679188
1-0,1-0,0.461796819197478,0.5286456000822349,0.009557580720287073
0-1,1-0,0.4812495770521281,0.49687322767487657,0.021877195272995413
0-1,1-0,0.47304716598311497,0.4840993767844276,0.04285345723245738
1-0,1-0,0.4800772275652435,0.4971476377495108,0.0227751346852458
1-0,1-0,0.47816423610815406,0.5080270892380689,0.013808674653777067
1-0,1-0,0.4792835390847828,0.5063491946618484,0.014367266253368828
0-1,1-0,0.46683662667915865,0.5234354447023691,0.009727928618472222
1-0,1-0,0.4770986052609885,0.4884478598043652,0.03445353493464636
0-1,1-0,0.45868686389691055,0.5233385936536774,0.01797454244941213
0-1,1-0,0.37389726470384027,0.38940263446314466,0.23670010083301504
0-1,1-0,0.46680869603095454,0.4768297468765847,0.056361557092460775
0-1,1-0,0.4649826510609703,0.47512640306511095,0.05989094587391871
0-1,1-0,0.3359235137117736,0.3491265731574628,0.31494991313076365
0-1,1-0,0.47494358197642544,0.5068179498983534,0.018238468125221178
0-1,1-0,0.4757657453636492,0.5091753631379982,0.015058891498352503
1-0,1-0,0.46552801795853666,0.499205874865791,0.035266107175672315
0-1,1-0,0.47630534847132755,0.5109653703808396,0.012729281147833008
0-1,1-0,0.47814178442737637,0.5065685040761557,0.015289711496467843
1/2-1/2,1-0,0.41213166709773447,0.46486205073022024,0.12300628217204533
1-0,1-0,0.47584537825247836,0.5128658112135634,0.01128881053395812
0-1,1-0,0.4707109355730164,0.5192014648507979,0.010087599576185787
0-1,1-0,0.4581011377353151,0.5120033474386794,0.02989551482600553
1-0,1-0,0.39310039240384664,0.40584896875413584,0.20105063884201754
1-0,1-0,0.4422561027409007,0.5380598733902645,0.019684023868834753
1-0,1-0,0.446791349169298,0.47676369708132726,0.07644495374937459
1-0,1-0,0.3590923020065741,0.37720992011939397,0.2636977778740319
0-1,1-0,0.47103527383989,0.5183860551503077,0.010578671009802384
0-1,1-0,0.46904477072385203,0.5207783272451256,0.010176902031022136
1-0,1-0,0.46016785824827305,0.5293197159993457,0.010512425752381272
0-1,1-0,0.4815207734153331,0.4982584240864039,0.020220802498262996
0-1,1-0,0.419426404817168,0.43726082104622943,0.1433127741366026
1-0,1-0,0.4767271302801699,0.5099531800755492,0.013319689644280817
1-0,1-0,0.477525506944597,0.510359724376432,0.012114768678970938
1-0,1-0,0.4813828492628011,0.4968283662003926,0.0217887845368065
0-1,1-0,0.4717274420299828,0.5141963096859974,0.014076248284019845
0-1,1-0,0.47882928546008696,0.4969141113858747,0.024256603154038315
0-1,1-0,0.47109825532025223,0.518935344468898,0.009966400210849765
0-1,1-0,0.4625712329257324,0.5170777754943943,0.020350991579873336
1/2-1/2,1-0,0.47946552485685817,0.504865889666572,0.01566858547656966
0-1,1-0,0.4344771198970198,0.44355823137913997,0.12196464872384014
0-1,1-0,0.46744309313697857,0.5229012349401578,0.009655671922863802
1-0,1-0,0.4691160414870131,0.4792856704658621,0.051598288047124734
1-0,1-0,0.46963707470385774,0.5194507267464495,0.01091219854969287
1-0,1-0,0.4688023383385476,0.5215944959442039,0.009603165717248476
0-1,1-0,0.47287930377610243,0.5146249116146666,0.012495784609231042
1-0,1-0,0.4814961916124151,0.4992292485905521,0.01927455979703277
1-0,1-0,0.48089915948498707,0.4944842742165657,0.02461656629844719
0-1,1-0,0.4521903632052635,0.49799308798127845,0.049816548813458046
0-1,1-0,0.48055817680573953,0.4933062759465514,0.02613554724770903
1-0,1-0,0.45675896084664797,0.5102615625037042,0.03297947664964786
0-1,1-0,0.474736938347146,0.5129315569500553,0.012331504702798663
1/2-1/2,1-0,0.43148440969827034,0.5093903362433913,0.05912525405833839
1-0,1-0,0.4544501096911942,0.4684227032005883,0.07712718710821745
0-1,1-0,0.46823206707643433,0.5222781987010909,0.009489734222474773
0-1,1-0,0.4218022847698307,0.5510313058232552,0.027166409406913995
0-1,1-0,0.47428453960230704,0.5143158080427375,0.01139965235495558
1-0,1-0,0.4774163955238946,0.4909769474239744,0.03160665705213106
1-0,1-0,0.4678687883587467,0.4771274029233241,0.05500380871792918
1-0,1-0,0.4695814756302327,0.489323024262738,0.04109550010702917
0-1,1-0,0.466225436352055,0.4984626044514436,0.03531195919650144
0-1,1-0,0.4781862001139757,0.49591487663418493,0.0258989232518393
1-0,1-0,0.4786857230100311,0.5074888248736252,0.013825452116343739
1-0,1-0,0.44994633107282356,0.5127459986087097,0.037307670318466775
1-0,1-0,0.4756289873722337,0.5118704211824031,0.012500591445363191
1-0,1-0,0.4762693776063715,0.5071597549044297,0.01657086748919876
0-1,1-0,0.47545584219950676,0.5131011678564902,0.011442989944003038
1-0,1-0,0.4628770358247913,0.5268551864634269,0.010267777711781653
1-0,1-0,0.4645131361305556,0.5263651169403882,0.009121746929056231
0-1,1-0,0.47755704660741444,0.5084600329648077,0.013982920427778028
1/2-1/2,1-0,0.4672457128670075,0.5209988142912181,0.011755472841774375
0-1,1-0,0.47879228072469415,0.508144187812335,0.013063531462970901
0-1,1-0,0.41198555577573615,0.4315326564920618,0.15648178773220203
1-0,1-0,0.47999186137365846,0.5035910419270028,0.016417096699338756
1-0,1-0,0.4598180783914279,0.5280850479224558,0.012096873686116229
1-0,1-0,0.4668804493010213,0.5237771343093282,0.009342416389650807
1-0,1-0,0.4763673188136768,0.4859673660706753,0.03766531511564797
1-0,1-0,0.47890397243420924,0.5080560532544002,0.01303997431139071
1-0,1-0,0.48006340214462806,0.5041687893801707,0.015767808475201137
0-1,1-0,0.44370722547347535,0.5475110154178034,0.008781759108721152
1-0,1-0,0.47801309763164845,0.5088768224354137,0.01311007993293799
1/2-1/2,1-0,0.4762250433145188,0.5039431872085709,0.01983176947691035
1-0,1-0,0.4809813318886351,0.4945695825843201,0.024449085527044865
1-0,1-0,0.46948826179137104,0.5178851416468675,0.012626596561761313
1-0,1-0,0.47985372957626865,0.5052703761352759,0.01487589428845529
1-0,1-0,0.4774019979971194,0.5049854325604238,0.01761256944245672
0-1,1-0,0.4767196187049537,0.49953482180226755,0.023745559492778654
1-0,1-0,0.4538679489837955,0.5313901179550914,0.014741933061113094
0-1,1-0,0.4742515916577191,0.5113340952568497,0.014414313085431455
1/2-1/2,1-0,0.3843323703394501,0.4000568003447723,0.21561082931577752
0-1,1-0,0.4758449127578279,0.5083771949653798,0.015777892276792244
1-0,1-0,0.47136997459097774,0.4821447788286451,0.046485246580377185
0-1,1-0,0.48087356424527594,0.5017008903691695,0.01742554538555461
0-1,1-0,0.4737326833323322,0.5139405872211441,0.01232672944652373
1-0,1-0,0.4800002848570169,0.5022683393775679,0.017731375765415086
1-0,1-0,0.4188043330008085,0.42875701220566803,0.1524386547935234
0-1,1-0,0.479615152172348,0.5047416192549783,0.015643228572673588
1-0,1-0,0.48052387364591603,0.5022832414787135,0.017192884875370518
1-0,1-0,0.45877926986232437,0.5308171524524564,0.010403577685219196
1-0,1-0,0.47598449509908264,0.5053211431343064,0.018694361766610882
1-0,1-0,0.48127945594042326,0.4956766619947383,0.02304388206483846
0-1,1-0,0.47844681338177286,0.4895304999638364,0.0320226866543907
0-1,1-0,0.47414803953998913,0.513459681164519,0.012392279295491863
1-0,1-0,0.4777093864431516,0.5077721044189575,0.014518509137890802
1-0,1-0,0.46730972424809625,0.5229562698587198,0.009734005893183862
1-0,1-0,0.46939801037622503,0.5152851941219196,0.01531679550185536
1-0,1-0,0.47999056295560366,0.5058412763912237,0.014168160653172836
1-0,1-0,0.4496149063980492,0.5034544075955656,0.04693068600638522
0-1,1-0,0.48034869825053284,0.5048278257046191,0.01482347604484799
1-0,1-0,0.4800678974367463,0.5049887536893154,0.014943348873938254
1/2-1/2,1-0,0.4722858745303974,0.5175247042470337,0.010189421222568966
0-1,1-0,0.4548404762753144,0.522053511832629,0.023106011892056553
1-0,1-0,0.42864167352606497,0.5497662048441906,0.021592121629744446
1-0,1-0,0.4769319105798941,0.5108194562915427,0.01224863312856324
0-1,1-0,0.47803005744738536,0.5013937025198825,0.020576240032732212
0-1,1-0,0.47828890374430416,0.5078757264768358,0.01383536977885992
0-1,1-0,0.46633214003037343,0.5062791126914401,0.027388747278186472
0-1,1-0,0.4733406799473763,0.4943261063248522,0.03233321372777136
1-0,1-0,0.4734337301055069,0.5063443782246422,0.020221891669851135
1-0,1-0,0.47346613418426015,0.5099100823923738,0.01662378342336598
1-0,1-0,0.47722623346906445,0.5080460911514706,0.01472767537946488
1-0,1-0,0.43967084058383515,0.5512395214324999,0.009089637983664953
0-1,1-0,0.4657349094598601,0.524218892634118,0.010046197906021676
1-0,1-0,0.42485036233563284,0.43834009275187824,0.13680954491248898
0-1,1-0,0.4620494367925105,0.5289073228477533,0.00904324035973625
0-1,1-0,0.47747461904492006,0.49288100880819774,0.029644372146882363
1-0,1-0,0.4750820287601819,0.4970984519605063,0.02781951927931166
0-1,1-0,0.4685739204876522,0.5218968053673492,0.009529274144998602
1-0,1-0,0.477060417795143,0.5107174079972032,0.01222217420765388
1-0,1-0,0.46924451642232984,0.5140176273401615,0.016737856237508602
0-1,1-0,0.45942281730965057,0.5314288133537411,0.009148369336608293
1-0,1/2-1/2,0.10500316093117072,0.11414827106331281,0.7808485680055163
1-0,1-0,0.4605730078455352,0.5304339126150578,0.008993079539407072
1-0,1-0,0.4784956587596304,0.49187948803958986,0.02962485320077971
0-1,1-0,0.47987201056157675,0.5023276161674097,0.017800373271013498
1-0,1-0,0.46826755471404263,0.4984883924224109,0.03324405286354663
1-0,1-0,0.47543983477634383,0.5096832887232102,0.014876876500445908
1-0,1-0,0.46956638708574283,0.5131124047893159,0.017321208124941156
1-0,1-0,0.43065831574051844,0.5300899265907338,0.03925175766874765
0-1,1-0,0.4666722062666524,0.5119046204112285,0.021423173322119307
0-1,1-0,0.4733101055711503,0.5128431821621937,0.013846712266656167
1-0,1-0,0.43276543851358273,0.558112682237884,0.009121879248533311
1-0,1-0,0.4620560215445134,0.5224593781386566,0.015484600316829996
0-1,1-0,0.4733367970539608,0.5092545278586527,0.01740867508738641
1-0,1-0,0.4294589849782774,0.5606386000401956,0.009902414981526997
0-1,1-0,0.4736792424563418,0.5080226458742835,0.018298111669374825
1-0,1-0,0.418992010492216,0.4750744545882163,0.10593353491956757
0-1,1-0,0.4581677101749923,0.49686807914742087,0.04496421067758688
1-0,1-0,0.4426136637526965,0.45413196942981277,0.10325436681749073
0-1,1-0,0.4723704930944313,0.5004275629507955,0.027201943954773183
1-0,1-0,0.4748039295211957,0.5030082747934683,0.022187795685335958
1-0,1-0,0.4463848865175257,0.5173105841093438,0.036304529373130376
1-0,1-0,0.45705076532731814,0.5275079552729824,0.01544127939969952
0-1,1-0,0.4703652240573833,0.4870862286251734,0.04254854731744322
1-0,1-0,0.4502542676805868,0.5324113629564731,0.017334369362940125
0-1,1-0,0.4812039238217522,0.4955277413079893,0.023268334870258478
1-0,1-0,0.47750630756751933,0.5069625306806178,0.01553116175186279
1-0,1-0,0.47244183346318686,0.5100727295560656,0.01748543698074749
0-1,1-0,0.4657427095044871,0.5250384031832901,0.009218887312222647
0-1,1-0,0.4287094185399904,0.5577425878195658,0.013547993640443826
0-1,1-0,0.42814737935351904,0.45063935254263965,0.12121326810384128
0-1,1-0,0.40064899952297695,0.4138088907553376,0.18554210972168542
1-0,1-0,0.47528739625351607,0.5097701139131848,0.014942489833299167
0-1,1-0,0.46939763482567387,0.49402220794698226,0.03658015722734387
0-1,1-0,0.47680210808647744,0.5021493645139018,0.021048527399620716
1-0,1-0,0.4803937062284209,0.502006164501857,0.01760012926972204
1-0,1-0,0.4654370650312499,0.5216404315301094,0.012922503438640678
1-0,1-0,0.47261138985538576,0.5153667265889247,0.012021883555689608
1-0,1-0,0.4704824369802387,0.5097975793061436,0.01971998371361782
1-0,1-0,0.46402512272563756,0.5268067431985246,0.00916813407583776
1-0,1-0,0.46866341196312533,0.5084624544742439,0.022874133562630947
1-0,1-0,0.4245307073396645,0.43438176378159143,0.14108752887874393
0-1,1-0,0.4652003013959103,0.522221589429291,0.012578109174798829
0-1,1-0,0.476190863910107,0.5121327247353269,0.011676411354566138
0-1,1-0,0.478932047569822,0.503056200234741,0.018011752195437172
0-1,1-0,0.4793814039880902,0.507013378198403,0.013605217813506926
1-0,1-0,0.4658335392621288,0.49115178626345496,0.04301467447441623
1-0,1-0,0.46921706329849566,0.5117480914506016,0.019034845250902818
0-1,1-0,0.4813297122894185,0.4967893873667404,0.021880900343841065
0-1,1-0,0.4567746888885692,0.5319497277838804,0.011275583327550328
1/2-1/2,1-0,0.47621876532603485,0.5050066832923222,0.018774551381643086
0-1,1-0,0.47735607103089944,0.494322453484447,0.028321475484653563
0-1,1-0,0.4557293707779111,0.4925046703837732,0.051765958838315744
1-0,1-0,0.46107714939157807,0.52997704410312,0.008945806505301942
1/2-1/2,1-0,0.455435611672405,0.4643028349653602,0.08026155336223485
1-0,1-0,0.4690021672841852,0.5200627084551314,0.010935124260683427
1-0,1/2-1/2,0.2382994761822292,0.2515523064943712,0.5101482173233995
0-1,1-0,0.4796688374105121,0.5029514773556066,0.017379685233881247
1-0,1-0,0.4747700637553246,0.5142881003741971,0.010941835870478155
1-0,1-0,0.4776208963172178,0.5096702297141491,0.012708873968633029
0-1,1-0,0.4690401032695413,0.5090679146860508,0.021891982044407777
0-1,1-0,0.47920405147212913,0.5071712948264973,0.013624653701373638
0-1,1-0,0.44390908495059345,0.4585315322747823,0.09755938277462416
0-1,1-0,0.4718174287854038,0.5144417264246034,0.013740844789992651
1-0,1-0,0.4768903913202321,0.5098532885251675,0.01325632015460033
0-1,1-0,0.46611778417476457,0.5216290921446479,0.012253123680587506
0-1,1-0,0.46267846117210987,0.5178899322342,0.01943160659369018
0-1,1-0,0.4815645489551929,0.49817346009763963,0.020261990947167574
0-1,1-0,0.4737589408150136,0.5050594763211108,0.02118158286387569
0-1,1-0,0.47657519321897335,0.5116468532427664,0.01177795353826039
1-0,1-0,0.47592869298844576,0.49800426590736463,0.026067041104189666
1-0,1-0,0.47802042860866495,0.4955943080540035,0.02638526333733139
0-1,1-0,0.47523286299311035,0.49080609556377836,0.033961041443111226
1-0,1-0,0.4616861285998739,0.5048801838317687,0.033433687568357476
0-1,1-0,0.46855685441875944,0.5218124931832169,0.009630652398023742
0-1,1-0,0.45341674173380647,0.5270750796510026,0.01950817861519093
0-1,1-0,0.4440492868386812,0.5430982150173334,0.012852498143985413
0-1,1-0,0.4787733710376798,0.5062165557675398,0.015010073194780376
1-0,1-0,0.47552039376076416,0.5101947039884576,0.014284902250778251
0-1,1-0,0.4761037795527982,0.5091304731074945,0.01476574733970727
