y_true,y_pred,prob_1-0,prob_0-1,prob_1/2-1/2
0-1,1-0,0.00030556573036088916,0.49720228817678247,0.4616285662906218
1-0,1-0,0.0003739994609132023,0.42301053054274584,0.5359996204220939
1-0,0-1,0.0002826042546111499,0.5447181471725516,0.4139756251946125
1-0,1-0,0.0003206566009240418,0.427257846241365,0.5317609949378086
0-1,0-1,0.0003462186114078773,0.6204734048083064,0.3378907972754011
1-0,1-0,0.00034181443254542614,0.43517456335702054,0.5238040357820778
0-1,1-0,0.0003142385023978967,0.46643169833150433,0.49249224116408874
0-1,0-1,0.00033187676460758904,0.5875253283677269,0.3709936384985585
1-0,0-1,0.00028589872269205163,0.5328410360924862,0.42579869953897187
1-0,1-0,0.000362713422827683,0.4200303067560424,0.5390151640698073
1-0,0-1,0.00027426674085033996,0.5552773577625839,0.4033173028232386
0-1,1-0,0.0002509875182873959,0.5097231043716625,0.4490975863602613
0-1,1-0,0.00027054821974670197,0.48075808449102136,0.478134597848038
1-0,1-0,0.00028285351213911525,0.4405204871582228,0.5184738909229729
1-0,1-0,0.00035727021812372663,0.4174289046958684,0.5416291039000947
1-0,1-0,0.0003412994349703725,0.43720874365119883,0.5217722566500549
1-0,1-0,0.00025700408793276753,0.42260787750553774,0.5364719481754155
1-0,0-1,0.0002891072695019653,0.5738925857815247,0.3846757832381878
0-1,1-0,0.00025726615584829,0.4983591589550246,0.4606785202483009
1-0,1-0,0.00033303554379260624,0.4500237200714817,0.5089488158431498
1-0,1-0,0.0002888710524511,0.418664266585571,0.540438229731278
0-1,1-0,0.0003760125993930967,0.42569161468232714,0.5333058815974644
0-1,1-0,0.0003879674963771542,0.42186372512955655,0.53717699087937
1-0,1-0,0.00035613514915546927,0.4440808799026012,0.514927283637911
0-1,1-0,0.0002685537729410289,0.4222791575868153,0.5370683705290877
1-0,1-0,0.00028419516336083934,0.4191844502653389,0.539923470735892
0-1,1-0,0.0003376514446768326,0.42412820534914214,0.5348288214598422
1-0,1-0,0.0003674214556500117,0.4350756671299066,0.5239496047698773
1-0,1-0,0.000318379521770182,0.4199113890539794,0.5390551686978335
0-1,1-0,0.0003162962327587635,0.4176347094860215,0.5414246578453225
1-0,1-0,0.0003278978912069736,0.4692792006990755,0.48965359939705694
1-0,0-1,0.00032574521963726384,0.6052457513439483,0.3537833071760564
0-1,0-1,0.00030119749609209997,0.5343449362142815,0.42434732924904894
0-1,1-0,0.00031515957067387987,0.4175727856895791,0.5414123386557549
1-0,1-0,0.00035210382438761155,0.4175064757160342,0.54144800114562
1-0,1-0,0.0003667504915329896,0.4173911529741388,0.5415779804722979
0-1,1-0,0.0002910022625272545,0.4170923686487121,0.5420006301815556
1-0,1-0,0.0003326084391953126,0.4683137812629154,0.49066256219668136
1-0,1-0,0.0003622674301596791,0.43948451804169386,0.5195340278741553
1-0,1-0,0.0002775261958112319,0.407381795833073,0.5522114773523135
0-1,1-0,0.0002999607276465035,0.4264707471220573,0.5325565226163689
0-1,0-1,0.0002623658016569939,0.5217103536124349,0.4370761521949005
0-1,1-0,0.00033469349583902164,0.41786662209401104,0.5410871315225343
1-0,1-0,0.0003770988641916876,0.4279385770602426,0.5310932790268613
1-0,1-0,0.000375113266208787,0.427411319894755,0.5316244536810523
1-0,1-0,0.0002625191313661685,0.4189410935640141,0.5401701253427531
1-0,1-0,0.0003792775120976149,0.4262910421926957,0.5327411298087407
1-0,1-0,0.00025945852464613774,0.41756858454527485,0.5415915229556884
1-0,1-0,0.0003789591379133991,0.41752993342660244,0.5414627459919675
0-1,0-1,0.00026183087139026946,0.5226298380426087,0.436154170733347
1/2-1/2,1-0,0.000312326203719022,0.42816166448914755,0.530792395187714
0-1,1-0,0.00025799625247512823,0.43018655240105197,0.5288383218409528
1-0,1-0,0.00027130141587086937,0.4172887476386995,0.5418308278851519
1/2-1/2,1-0,0.0003733460740412907,0.4257357313644977,0.5332822145507038
0-1,1-0,0.00032326273408938314,0.4257045607005031,0.5332464872920251
1-0,1-0,0.000324667785269549,0.4175260442075766,0.5414380279960131
1-0,0-1,0.00027676086835541386,0.558668300913855,0.39991019231628017
1-0,1-0,0.0002683468582630205,0.4185235113384838,0.5405590548163623
1-0,1-0,0.00034573805452592956,0.43036938843629124,0.5286467723682962
0-1,1-0,0.0002551187131731262,0.4653765787821318,0.49357116463006034
1-0,1-0,0.00024458068486268224,0.4894983102941534,0.4693721203236787
0-1,1-0,0.00025362164316476666,0.4372069631549352,0.5218282449718957
1-0,1-0,0.00025816854238183267,0.4914842747215969,0.4673905653561936
0-1,1-0,0.0002652130583237954,0.4350560409526863,0.5239740191729365
0-1,1-0,0.0003731741409533261,0.42961388359573915,0.5294188048950559
0-1,1-0,0.0003229667809502615,0.4837118246075154,0.47518575423264137
0-1,1-0,0.00035741221784254146,0.43759056415488895,0.5214220327420854
1-0,1-0,0.0003275082130530852,0.48153357645995043,0.4773954372195987
0-1,1-0,0.000255607595468896,0.4731703597538216,0.48575589488256327
1-0,1-0,0.00025244854979504256,0.45151442765106364,0.507735600855537
1-0,1-0,0.0003379810294009358,0.4175902557052206,0.5413617475250446
1-0,1-0,0.00025868096693121414,0.43039074787709997,0.5288441548926333
0-1,1-0,0.0002576900127082326,0.4224198892720502,0.5366531988913646
0-1,1-0,0.00029592002281531824,0.42058295465384044,0.5384502780823281
0-1,1-0,0.0002717707309015519,0.4546807921012838,0.5042820504250615
0-1,1-0,0.0002642431007124298,0.4235375669789264,0.5355511821605553
1-0,0-1,0.0002603381127044111,0.5344898580290306,0.4242397733498664
0-1,1-0,0.00029449736669441074,0.41753983604503947,0.5415373659588117
1-0,1-0,0.00036201657634799114,0.42556318570202845,0.5334322466275908
0-1,1-0,0.00036957732432081034,0.42435076585684595,0.5346868532141275
1-0,0-1,0.00030495216832038003,0.5224332865071767,0.4363047738925435
0-1,1-0,0.0003245471900089819,0.42172596277080704,0.5373399489774855
1-0,1-0,0.0002441519396397104,0.4691603671725538,0.4897747323488099
1-0,1-0,0.00026560625051577446,0.4159614009568966,0.5430807452830647
1-0,1-0,0.0003301686872035213,0.4726942334334497,0.4862404337538953
1/2-1/2,1-0,0.0002999801809887249,0.4436501764922319,0.515327951916835
1-0,1-0,0.00032579012689454024,0.45016433605481254,0.50880294596143
1-0,1-0,0.0003962933691195486,0.41768864625106283,0.541359454967275
0-1,1-0,0.0002559271695858284,0.43873700287392003,0.5203819505328111
0-1,1-0,0.0003308521148881734,0.432646889280725,0.5263091911507068
1-0,1-0,0.0002732653328367056,0.4519945811503952,0.5069744589757545
0-1,1-0,0.00036042345028329374,0.4405583495827226,0.5184570771522294
0-1,1-0,0.00029057633016481825,0.42023960958378465,0.5388236153818651
0-1,1-0,0.0002590022945333488,0.5078706977191358,0.45099833577529114
0-1,1-0,0.0002729530916033826,0.49986478638408405,0.4589716299767221
0-1,1-0,0.0003969330325672835,0.41809024528530975,0.5409672998095155
1-0,0-1,0.00028632757388856304,0.5824811277740436,0.37404894996477556
1-0,1-0,0.000334250201329386,0.43061884079835766,0.5283929446188605
1-0,1-0,0.00028613420453207054,0.46855045785867133,0.4903660750625564
1-0,1-0,0.0002646406486846773,0.4306142180310849,0.5286839966311295
0-1,1-0,0.0002511724033163099,0.4375067164286136,0.5215279797649249
0-1,1-0,0.0003499693687051826,0.4294921190319378,0.5294910553838872
0-1,1-0,0.00027087808065211065,0.443789795694918,0.5152419193887321
1-0,1-0,0.0002515291210347168,0.4443070023019178,0.5147047213598034
1-0,0-1,0.0003553010025975065,0.6124963456539047,0.34579488387278223
1-0,1-0,0.0003825720637782029,0.42039999629153835,0.5386487107562014
1-0,1-0,0.00037640382416100207,0.42118490926853774,0.5378846045184115
0-1,1-0,0.0003363922811393266,0.46642095950217216,0.4925393242302897
1-0,1-0,0.0002960686855116501,0.49621621516996267,0.4626159224004819
1-0,1-0,0.0002450413545728349,0.47369040513330374,0.48523494702474645
1-0,1-0,0.0002550729870127379,0.46812221839077256,0.49081807668722816
1-0,1-0,0.00026296952006054573,0.4172802936799615,0.5418629277610316
1-0,1-0,0.000266629217568581,0.41624757852855065,0.5428525478720847
0-1,1-0,0.0003411581353745025,0.4203687423416744,0.5385871340936762
0-1,0-1,0.00030615254074085245,0.5911615417792301,0.36726025785380045
1-0,1-0,0.00025725167514610954,0.4402309401258009,0.518806166990833
1-0,0-1,0.00028299636418844376,0.5665517907855904,0.3920547240722295
1-0,0-1,0.0002633153125257408,0.5390347758574908,0.4196819877805945
1-0,1-0,0.0003716861279301238,0.4325439695463431,0.5264860403779771
0-1,1-0,0.000246877504403616,0.4637833270914798,0.49517133325832335
1-0,1-0,0.00038282155533690275,0.4185023228825403,0.5405651997819964
0-1,1-0,0.0003435210927421749,0.4375523026586015,0.5214339106513204
1-0,1-0,0.0003552189447294944,0.4259476200769,0.5330065590475316
0-1,1-0,0.00027146810425168375,0.5198643938845031,0.4388590760762757
0-1,0-1,0.00036143986250330664,0.630934677546157,0.32721768757477904
1-0,0-1,0.0003683921853955677,0.6393926943532309,0.31879512444603325
0-1,1-0,0.0002828652193645033,0.4285641482069756,0.5304691300610277
1-0,1-0,0.0003176553773272508,0.5050403267382467,0.4537968062319479
0-1,1-0,0.00026810053640057664,0.42043755541251066,0.5387835844181791
1-0,1-0,0.000281780843847722,0.4497319694830581,0.509237282346679
0-1,1-0,0.00033938956070844067,0.4400646910510963,0.5189168604364234
0-1,0-1,0.0003274706878563695,0.5846968175924889,0.3738637723812935
0-1,1-0,0.000271015971582663,0.4156575517994296,0.5434740120764301
1-0,1-0,0.0002785731703442229,0.513487951987657,0.445301727449409
1-0,0-1,0.00033193124810306705,0.583540118781823,0.374907093467597
1-0,1-0,0.0003283165891913954,0.41936795765123863,0.5396986296630728
0-1,1-0,0.0002501795530494849,0.4384917973550895,0.5205384815292217
1-0,1-0,0.0003513438692986552,0.4403064415150324,0.5186972894854607
0-1,1-0,0.00031759464136740367,0.4541471703589919,0.5048073592095508
1/2-1/2,1-0,0.00024860872452075653,0.44201839295291223,0.5169972888796586
0-1,1-0,0.00030492354831300147,0.4901150673092375,0.46878088297891846
0-1,1-0,0.0002597368838403025,0.4235481129708982,0.5356190842512578
0-1,1-0,0.00033535234593438,0.4593412647025954,0.4996191491126913
0-1,1-0,0.00032161656912230174,0.4200644705370826,0.5389783971717758
1-0,1-0,0.0003162884708137241,0.4296943183275489,0.5292526861148975
1-0,1-0,0.0002479236994346545,0.5021209319371241,0.45672009931093965
0-1,1-0,0.00028861645903140946,0.4243654950965725,0.5346786292158051
1-0,1-0,0.00024473282301161605,0.4606054013908344,0.4983532391793147
0-1,1-0,0.0002547791396803286,0.5014995799880353,0.4573497980347838
1-0,1-0,0.0003516623884154101,0.42033617100546133,0.5386284795552304
1-0,1-0,0.0002525561281936503,0.43388147221366025,0.525166849044887
1-0,1-0,0.00037095393610216295,0.43167600970044356,0.5273537421147786
0-1,1-0,0.0003379496232023676,0.4183743915431179,0.5405788623379609
1-0,1-0,0.00036322873154322324,0.43811326455180083,0.5209091883785689
1-0,0-1,0.0003198990984268162,0.5531370723505865,0.40550458579771126
1-0,1-0,0.00036122133257676816,0.4354332307017182,0.5235907420092928
1-0,1-0,0.000292100170402633,0.4465154300621874,0.5124574343116438
1-0,0-1,0.0002557300444671889,0.5263277370661306,0.4324145667586278
1-0,1-0,0.00026197471193415946,0.41724211854034315,0.5444313518697663
1-0,1-0,0.00026802736230119935,0.4169635777550299,0.5421895526942858
1-0,1-0,0.0002856733818324205,0.47128666991873447,0.4876225413996537
1-0,1-0,0.0003722340747805761,0.42724518921318155,0.5317893315237248
0-1,1-0,0.0003599999588533822,0.429565758544221,0.5294366604447596
0-1,1-0,0.0003095755366651008,0.49862922788389313,0.4602004884690928
1-0,0-1,0.0002869568657860288,0.5669174118116382,0.39162363534212885
0-1,1-0,0.0002761278105638354,0.41634771605109966,0.5428113748023741
1-0,1-0,0.00031244109645246505,0.43195667242790875,0.5269876449433447
0-1,1-0,0.0003302785260919365,0.4232615499969835,0.5356914482563548
0-1,1-0,0.0002918086247311278,0.4555500344139338,0.5033992845925235
1-0,1-0,0.0002725971035458315,0.4669002640334577,0.4920286590577004
1/2-1/2,1-0,0.0003320864066398663,0.4730056790028954,0.485939066981304
1/2-1/2,1-0,0.0002919099542527474,0.47251243818980226,0.486391433913962
1-0,1-0,0.00030754067414964016,0.44005912028255134,0.5188720348724835
1-0,1-0,0.00024777313124782485,0.5051823325876789,0.4536380478526271
0-1,1-0,0.00025331467577799143,0.45208895854330167,0.5069313079706965
1-0,1-0,0.00025713462111326706,0.43466480535710317,0.5248606582958314
1-0,1-0,0.00025776281083546396,0.4215502813278771,0.5375332686958848
0-1,1-0,0.00034946084637822673,0.42655269514608335,0.5324727553350449
0-1,1-0,0.0002886493329465138,0.455095743033045,0.5038558019732086
0-1,1-0,0.00027101035356390826,0.4192116433156773,0.5398679539967445
1-0,1-0,0.00028372128994201014,0.4788967162065731,0.47999205224780866
1-0,1-0,0.00036182421934436386,0.42104614119472655,0.5379346733336154
0-1,1-0,0.00026990670899533395,0.4185867700070042,0.5406899549658898
1-0,1-0,0.00038906909259513384,0.41728362479214737,0.5417761973594274
0-1,1-0,0.0003022108005329231,0.41734354509291105,0.5416860336104452
1-0,1-0,0.0003122865087496529,0.43459020308654933,0.5244095717702435
1-0,1-0,0.0002585617270768989,0.5166152294768108,0.4422059183924569
1-0,1-0,0.00027121462538376185,0.4225643747768913,0.5365762838654052
1-0,1-0,0.0002781263126982791,0.42007170852159825,0.5390620479735005
1-0,0-1,0.00028025350301945617,0.5493781792221304,0.409307686449778
1-0,1-0,0.00027823352427548985,0.4159145731964539,0.5364895384577328
0-1,1-0,0.00026464199675952163,0.41716358334122,0.5418793713088218
1-0,1-0,0.00028998882257347855,0.4400723182544114,0.5188805748556812
1-0,0-1,0.0003046438336011819,0.580469650015462,0.3778618913512736
0-1,1-0,0.0002646390868910695,0.482248310601204,0.47664563200775595
1-0,0-1,0.00031641766690282224,0.582662313881035,0.37585030003244013
0-1,1-0,0.0002602288397984778,0.4197763456395089,0.5394091775660299
0-1,0-1,0.00032122905505436815,0.5781781925629814,0.38032110161886745
1-0,1-0,0.0002669446945083723,0.4192062554990361,0.5399114418907683
0-1,1-0,0.0003743647867751783,0.4294704652114647,0.5295630455767424
1-0,1-0,0.00025160675898242723,0.43287553542726526,0.5261720211557065
1-0,1-0,0.0002768808904714631,0.43355635006985793,0.5254412360442549
1-0,1-0,0.00036975604368388187,0.43399885487859824,0.5250293735759415
1-0,1-0,0.0002922714864974213,0.4240176009718847,0.5350308266402493
1-0,1-0,0.00027815445518493707,0.4555926347435534,0.5033327756349321
1-0,1-0,0.0003639125558339727,0.42023207370006743,0.5387491226880554
1-0,0-1,0.0002662901372318021,0.5330307292066798,0.42697015982603703
0-1,1-0,0.0002649336517914559,0.4165855500948932,0.5425039002011679
1-0,1-0,0.00026689793877411735,0.42005296201409464,0.5390146953915285
0-1,1-0,0.0003026083558076888,0.45054652556187813,0.5084138857079259
0-1,0-1,0.00034557164673087255,0.6208513818157572,0.3375098790337982
1-0,1-0,0.0002564520829227884,0.4259309869051361,0.5331196035287075
1-0,1-0,0.0003980823381831045,0.41716251716039415,0.5418803971909523
1-0,1-0,0.0002509849655477405,0.4600226150260372,0.4990627758885947
1-0,1-0,0.00037345330281638903,0.43104216607333823,0.5279888521490922
0-1,1-0,0.00029701568374485455,0.4191898919373266,0.5398634427602642
1-0,1-0,0.00027305334148417486,0.41854304776892715,0.5406080768420729
1-0,1-0,0.00032536325323365996,0.47803510150575396,0.48087841065016296
0-1,1-0,0.0002463097127873606,0.49877672909680376,0.4600684017858552
0-1,1-0,0.00034431850081856623,0.43645076012274936,0.5225351685575171
1-0,1-0,0.0003169719450092327,0.43751106256348427,0.5214370766396577
1-0,1-0,0.0002521625799963404,0.49554799340866956,0.4633189951422512
1-0,1-0,0.00031278408842413616,0.44378823776085313,0.5151437828367934
1-0,0-1,0.0002755817502238328,0.5356755629741098,0.4230553909339453
1-0,1-0,0.0002520115130645106,0.45477446475450267,0.5042625007922702
0-1,1-0,0.00034503567790970135,0.4259244148208497,0.5330184236783854
1-0,0-1,0.0003199873246640919,0.5658784679654356,0.39276271475084984
1/2-1/2,1-0,0.00028312884084758725,0.43566633030745805,0.5233378744903892
1-0,1-0,0.0003757685451798161,0.4290209163618621,0.5300107098129055
0-1,1-0,0.00037461839126595633,0.41777526379988816,0.5412902650923408
0-1,1-0,0.0002624064254420325,0.4177892409498895,0.5439696339282942
1-0,1-0,0.00039816369678257217,0.41715590094980637,0.5418875661367843
0-1,1-0,0.000310333674870494,0.42961074731796484,0.5293399308388984
0-1,1-0,0.00026095173262095326,0.4178269244964821,0.5412921492033068
1-0,1-0,0.00031415858370504923,0.4444790829349558,0.5144967376434341
1-0,1-0,0.00026551339975875197,0.42076521647503007,0.5383109210712806
0-1,1-0,0.0002762510998581123,0.4529019972701113,0.5060622806988176
0-1,1-0,0.0003573920529071556,0.41754615479998325,0.5414100791844799
0-1,1-0,0.0002618059953207882,0.422613594198918,0.536529291240352
0-1,0-1,0.00029793752008786754,0.5624212504591224,0.3961916969188513
0-1,1-0,0.0003980202193515512,0.41741067407710686,0.5416259624840435
1-0,1-0,0.0003067844233172619,0.41989000401501325,0.539187707057245
0-1,1-0,0.0002564256009465289,0.4313029762460882,0.5277168721306558
1-0,1-0,0.00035210683594197746,0.4264096194811092,0.5325411216368906
1-0,1-0,0.00035559583266965924,0.435547023142585,0.5234662282330363
1-0,0-1,0.0002901767628507917,0.5754855031973449,0.3830602383418337
0-1,1-0,0.00038275788865031735,0.4197437796496921,0.5393065325093689
0-1,1-0,0.00025243710079795255,0.4592678563537026,0.5012573632741558
1-0,0-1,0.00032568370989730615,0.5991500078596225,0.3592732585344184
1-0,1-0,0.0003426006602605317,0.42261712280808095,0.5363426030803737
1-0,1-0,0.0002522022253097507,0.4685320749562013,0.49045791738772176
1/2-1/2,1-0,0.0002997390385152225,0.4506365149922215,0.5082740498962689
0-1,1-0,0.00025523580690912527,0.45023761805376633,0.5087530794567053
1-0,1-0,0.00024629273399290205,0.4700273656099763,0.48890975243677265
1/2-1/2,0-1,0.00028198021513881446,0.5580381986938058,0.40105779539192143
0-1,1-0,0.00028728713282001074,0.4619427595392349,0.4969389222144583
0-1,1-0,0.0002629304552596714,0.43075090914388625,0.528394632010237
0-1,1-0,0.00027751142414314176,0.4831883514332635,0.47569199046535304
1-0,1-0,0.0002881418821866432,0.4264322596590258,0.5326039520178745
1-0,1-0,0.0003120580899373758,0.4187662333040368,0.5402185473145392
1-0,0-1,0.0003098914432536654,0.5525761325196845,0.4060349715572344
0-1,1-0,0.0003573039733265837,0.42659543787977294,0.532394177008036
0-1,1-0,0.00028051069662218743,0.4280878766299909,0.5309792745193244
1-0,1-0,0.0002618669872445178,0.4172616498182951,0.5442417198771493
1-0,1-0,0.00025083861857617897,0.46863751694652295,0.49030379846912503
1-0,1-0,0.0002868704316378403,0.4813177252940534,0.45757306704178236
1-0,1-0,0.00026719162695943485,0.4195420465998576,0.539602867616775
0-1,1-0,0.0002682720918734535,0.4793094225827311,0.47958922594667963
1/2-1/2,1-0,0.00025238875387233444,0.4683957606400585,0.49060972950969056
1-0,1-0,0.000246406262079808,0.48817784529677,0.4707074429897646
1-0,1-0,0.0003041645203652299,0.4227874721737929,0.5362003676575252
0-1,1-0,0.00029597832536424007,0.4183405690059915,0.5407090155942078
0-1,1-0,0.0003659583964471314,0.43017216091023563,0.5288551757807399
1-0,1-0,0.0002882497197401008,0.4556110277692046,0.5033393090525085
0-1,1-0,0.0003599871123757142,0.42788419207077416,0.5311138729946477
1-0,0-1,0.00027638134729879597,0.552435009221149,0.4060879874610575
0-1,1-0,0.00026775420686960314,0.4842413924786399,0.4746441893029178
1-0,1-0,0.0003947382082785498,0.4173666661450363,0.5416936305935245
1-0,1-0,0.0002637260605923131,0.4179879701813002,0.5410873211416393
0-1,0-1,0.0003044448069951455,0.57658654901099,0.3819044396282255
0-1,1-0,0.00029663503090786856,0.45245012366601567,0.5065061149892545
0-1,1-0,0.00024979176406321463,0.48325958446758654,0.47565996892320794
1-0,1-0,0.0003630609148488629,0.42229088162867,0.5366689066427968
0-1,0-1,0.0003464275094835523,0.6013984569364661,0.35696158751908824
1-0,1-0,0.0003709122644127281,0.4222038127456834,0.5367972981469252
1-0,1-0,0.000252088555140148,0.4323148401687422,0.5267381505234701
0-1,1-0,0.00024848875410467773,0.47969335443491423,0.47921805127175165
0-1,1-0,0.00032397770055032216,0.47187627595512843,0.487044963770688
0-1,1-0,0.00029200302685779386,0.4395508295445842,0.5194408819607375
0-1,1-0,0.0003805142553145406,0.4172652052514905,0.5417253054129829
1-0,1-0,0.00025185963386093043,0.4943445982107649,0.46452383970143196
0-1,1-0,0.00024849795782501004,0.4426555467305067,0.5163586540671197
1-0,1-0,0.00025408665763697254,0.4816338323847271,0.47727066446679095
0-1,1-0,0.0002629865890103344,0.42221803605392433,0.5368432752907217
1-0,1-0,0.00035597152549040034,0.4375020981973757,0.521509189451807
1-0,1-0,0.0002575905181162681,0.4198614623946707,0.5392583917305274
1-0,1-0,0.00037638788305692516,0.4183877872931834,0.5406063520406371
1-0,1-0,0.0002688958843087517,0.4525564173940848,0.5064148070018041
0-1,1-0,0.00029233105424853183,0.4305387186323664,0.5286291061342203
1-0,1-0,0.00025508243117318603,0.43201131685261196,0.5270087041351167
1-0,1-0,0.00032103444136693344,0.4355331045596097,0.5234071585172649
1-0,1-0,0.0003387406649231758,0.4196661458157201,0.5393768691691455
1-0,1-0,0.0002902320507382958,0.41990742629501177,0.5391602247431916
0-1,1-0,0.00024935575478063864,0.46502397771621296,0.4939276430870826
0-1,0-1,0.0003582635997111739,0.6273193522351652,0.3309300247966749
0-1,0-1,0.0003477780306122246,0.6241714461359178,0.3341609094656698
1-0,1-0,0.00035794642430828154,0.4348524216269684,0.5241635546478136
0-1,0-1,0.00027345085387272806,0.5546656272461421,0.4039884414705275
0-1,1-0,0.0003667007186024998,0.41950064823861277,0.5394623263703395
1-0,1-0,0.00030562245468771334,0.48897354586085723,0.4699264642607444
0-1,1-0,0.00027256118956434203,0.41681939532523676,0.542376791322221
1-0,1-0,0.0003157457621856294,0.47803991127704787,0.48090259608083225
1-0,1-0,0.0002555979538737679,0.4409274400196701,0.5180927592446619
0-1,1-0,0.0003238447346221098,0.4186371863269101,0.5404121541040748
0-1,1-0,0.0002571701590896649,0.4213867846755656,0.537708799010842
0-1,1-0,0.0003735143028340087,0.41962032589496906,0.5393749468945755
0-1,1-0,0.00029669119378111845,0.4375044667561787,0.5214418364996602
0-1,1-0,0.00027146011963281625,0.41970766534525356,0.5393877826237015
0-1,1-0,0.0003691867977612715,0.4325675737561655,0.5264583677433007
1-0,1-0,0.0003847995469563164,0.4196743492815877,0.5393446180751359
1-0,1-0,0.0002990329057596922,0.4171887724586376,0.5418903797183369
1-0,1-0,0.00035083209890639455,0.4190077094639004,0.5399525447998738
0-1,1-0,0.000288597124945151,0.4311497459353799,0.5278692740479205
0-1,1-0,0.0002639506603838236,0.41780900254721687,0.5412973969895138
0-1,1-0,0.0003515225756216045,0.42286703388022123,0.5361676985692905
1-0,1-0,0.000303043526133006,0.4268805276892225,0.5320920424188201
0-1,1-0,0.0003089074671190341,0.44755628712664003,0.5114115957555424
0-1,1-0,0.000307072423246631,0.4945959102882048,0.4643034145047827
0-1,1-0,0.0002840228072718016,0.42416332083737773,0.5348867205990361
0-1,1-0,0.0003565895672671547,0.4212583632417586,0.5377819958456752
0-1,1-0,0.0003435928189080983,0.4464959012271309,0.5125031902667578
0-1,1-0,0.00027052808849395774,0.47206327205385695,0.48685324435775623
0-1,1-0,0.00026615423218736634,0.41833759015211935,0.5407500594497728
0-1,1-0,0.00034159291851398193,0.4311362933245175,0.5278766848540274
0-1,1-0,0.0002667894555157898,0.41972206674388907,0.5394091297749873
0-1,0-1,0.0003193131705616309,0.5974480892603028,0.3563131806080328
1-0,1-0,0.00034890343733030003,0.41755519193708085,0.5415057036616135
1/2-1/2,1-0,0.000372181666211963,0.4321473722700268,0.5268829993034412
0-1,1-0,0.0003098177052104924,0.44129030162751076,0.5176404027932724
1-0,1-0,0.0002598602630671569,0.423591141635571,0.535573526976019
0-1,1-0,0.000259674314819645,0.44409787614851404,0.5149076959493349
0-1,1-0,0.00028933979411906353,0.4168950927782242,0.542204177145331
0-1,1-0,0.0002948989541681421,0.42673349375258735,0.5322667186155104
0-1,1-0,0.0003119158016485512,0.4528772009484612,0.5060514966247669
1-0,1-0,0.0002562649355582125,0.48841514563260136,0.4704695315229176
0-1,1-0,0.0003422959209466763,0.44441307101742217,0.5145766947775773
1-0,1-0,0.00033740520606174404,0.4248462099406542,0.5341802792376625
0-1,1-0,0.00036167152480055353,0.423715087413421,0.5352447287465192
1-0,1-0,0.0003382171345029656,0.4271782620749106,0.531842498310435
1-0,1-0,0.0002971664145315892,0.49276325698864165,0.4660920459876543
1-0,1-0,0.0003106068405673357,0.4197699413001086,0.5392138491499471
1-0,1-0,0.0003150690899079434,0.4340101650251427,0.5249311525198156
1-0,1-0,0.00028555201349552686,0.42576530975117494,0.5332978525273075
1-0,1-0,0.0002512042826586971,0.4843351104711944,0.47456335895730095
1-0,1-0,0.0002436578459807585,0.474892996745648,0.48402225559007367
1-0,1-0,0.00025988238253454345,0.4369680191904126,0.5220616491512158
1-0,1-0,0.00027875322072018537,0.4639829383662361,0.49494967912586163
1-0,1-0,0.0002468149214627466,0.48772414411302417,0.47116316584625073
1-0,1-0,0.00029585855991216473,0.4237798232380246,0.5352602595934406
0-1,1-0,0.00035807278189223094,0.443129469930162,0.5158827403643611
0-1,1-0,0.0002545903801917987,0.45640475345730874,0.50256838850294
1-0,1-0,0.0002595219052401521,0.4194421243190399,0.5397359736207641
0-1,1-0,0.00031101305069322383,0.4191757431687966,0.5398990146230255
1-0,1-0,0.00036609867185937735,0.4270919783301057,0.5319156772655619
1-0,0-1,0.00030449373853297455,0.5898288445439623,0.36861818431929666
1-0,1-0,0.00038973973974754393,0.4198096271374497,0.5392230787817754
0-1,1-0,0.0002886268422090029,0.4202808805961775,0.5387929567034168
0-1,1-0,0.00025017599512633935,0.48299211370551315,0.47593624747601043
1-0,1-0,0.00026290663804296214,0.42513698262574406,0.5339411755152369
0-1,0-1,0.00034476446954515423,0.6070924010606196,0.35126504905652445
0-1,1-0,0.00029734827879914573,0.5028931146781976,0.4559166528750585
0-1,1-0,0.0002705533040671808,0.4223834025824736,0.5367571143271447
1-0,1-0,0.00033647167962472984,0.419200379624503,0.5397470054403463
1/2-1/2,1-0,0.0002477031353573755,0.4757062170571526,0.4832057418297876
1-0,1-0,0.000390358592284061,0.4204209937493384,0.5386238857428112
1-0,1-0,0.0002481833868810761,0.44466213589680215,0.5143466592924375
0-1,1-0,0.00027695692867577633,0.4216706754846849,0.537458710363915
1-0,1-0,0.00036034840158641183,0.4188646213653602,0.5401058688828595
1-0,1-0,0.00029553937812680704,0.5056193042895399,0.45318153108576126
0-1,1-0,0.0003879029925840805,0.418591586086453,0.5404286974395516
1-0,1-0,0.00028839673007007304,0.48046040079032953,0.4783786996446242
0-1,1-0,0.0002550438332075299,0.5086128654489286,0.4502840412285422
1-0,1-0,0.0002599932218397921,0.41824241120273087,0.5409382263513368
1-0,1-0,0.00035699591405554873,0.44415546019943203,0.5148597720596321
0-1,1-0,0.0003317570801119719,0.47223753609642466,0.4867039945572005
1-0,1-0,0.0003034325646657402,0.4207825940936256,0.5382181835575797
1-0,1-0,0.00025174931907572825,0.43248897840919526,0.5265593415396309
1-0,1-0,0.000325185543142554,0.483783392234413,0.4751245292367805
0-1,1-0,0.0002607337249629287,0.44311325969173654,0.5161726396576135
0-1,0-1,0.00035762876095698116,0.6199708897452233,0.3383220577518819
1-0,1-0,0.0002569500966838257,0.4347470640480695,0.5242945015716293
1-0,1-0,0.0003227953168874984,0.430980190408901,0.5279670819930223
1-0,1-0,0.00035860484725711754,0.4182371524042189,0.5408144135174492
1/2-1/2,1-0,0.0003286679112647131,0.479331310593328,0.4796014018064591
0-1,1-0,0.0002459611381305438,0.46165635153678203,0.4973032978460199
0-1,1-0,0.00025420708497032174,0.4668709010341479,0.49207340645476566
1-0,1-0,0.00025785508047339436,0.43350810351440117,0.5266192206842767
1-0,1-0,0.00026839425272229993,0.4247910693262242,0.5343414553294894
1-0,1-0,0.00039306869012711377,0.41817926266173944,0.5408529200118859
1-0,1-0,0.0002862505512295437,0.4295322412310351,0.5294921039002857
1/2-1/2,1-0,0.00038062375615360156,0.4237001663575831,0.5353421171877122
0-1,1-0,0.0003897659499821143,0.4186085970863486,0.5404440706391579
0-1,0-1,0.0003188939544780038,0.5887807241779819,0.3697155949181975
0-1,1-0,0.00028766192604679083,0.47677344068843613,0.482071959607701
1-0,1-0,0.00030345527274992947,0.43086301685385187,0.5280935827333267
0-1,0-1,0.0003181180575178612,0.5512118030851876,0.40746724365692344
1-0,1-0,0.0002614334176107217,0.4171471862849373,0.5420239796650529
1-0,1-0,0.00027214032977055134,0.4950108428954078,0.4638403483595905
0-1,0-1,0.0003160915792246267,0.5334806066155526,0.4252487369829112
0-1,1-0,0.0003021553753454017,0.47610913118131215,0.4827846236369044
0-1,1-0,0.0002595627192394038,0.4181022190855404,0.5410484460190165
0-1,1-0,0.00028880171008849396,0.4757015311400792,0.4831942247836831
1-0,1-0,0.00034999291812647625,0.43230839187402487,0.5267061498474332
0-1,1-0,0.0002550192889884566,0.4457581770898108,0.5132798130112882
1-0,1-0,0.00025490818535237595,0.42774232414392616,0.5313322674113528
0-1,1-0,0.0002793626864803923,0.5028901028762568,0.45593073994129835
0-1,1-0,0.00031787561865057387,0.42460646691330456,0.5343487570735564
0-1,1-0,0.00027128993468581667,0.41830487210958844,0.5408403285795308
0-1,1-0,0.0003057485368219085,0.4334192071111916,0.5255846348584645
0-1,1-0,0.0002669713665593842,0.49951506541640067,0.45932892947274523
0-1,1-0,0.00031924756935525027,0.44781997651260247,0.5111494282577613
1-0,1-0,0.000298125800241814,0.4368996071391115,0.522096908965936
0-1,1-0,0.0002985307805550103,0.5123699998675227,0.4464541308718334
0-1,1-0,0.000317447563618579,0.4338341942388025,0.5251082709426206
1-0,1-0,0.0002669362271425657,0.4185406161181276,0.540579475932784
0-1,1-0,0.00034491295104928176,0.4334048168936776,0.5256051516824803
1-0,1-0,0.00025745441638925327,0.4200904790672529,0.5390277670230148
1-0,1-0,0.00035719039356320504,0.4174279895144458,0.5416321718131449
1-0,1-0,0.0002721141982583936,0.40422999565732826,0.5521962680735906
1-0,1-0,0.0003335642958211108,0.4493785846846388,0.5095955422561929
1-0,1-0,0.00033940576496702146,0.4406411634997774,0.5183526748622015
1-0,1-0,0.00030156484069791237,0.41716109256868755,0.5418751551856139
0-1,1-0,0.0003312608782475949,0.45395756412186145,0.50500630223765
1-0,1-0,0.0003622383380147401,0.4205287643328543,0.5385151029657813
0-1,1-0,0.00033330421400036656,0.41779017111869576,0.5411627752898901
1-0,1-0,0.00036751435147482325,0.41860288732613243,0.5403769186389892
1-0,1-0,0.00024423749974622505,0.47038069416993045,0.48853973508786697
1-0,1-0,0.0003176856592887257,0.42106573338513587,0.5379739571274464
1-0,1-0,0.00028243741578791903,0.41647903270621184,0.5426609624844059
0-1,1-0,0.00038619945989093387,0.4222138067630874,0.5368303577285342
1-0,1-0,0.0003641729783301018,0.4384100180063289,0.5206125398457518
1-0,1-0,0.0003226000912074442,0.4294111574110693,0.5295367920827263
1/2-1/2,1-0,0.0002669660008916404,0.5153984806774503,0.44340121839248064
1-0,1-0,0.0003973951967052446,0.418092617186394,0.540943035244163
1-0,1-0,0.0003174231145067807,0.4180643865756073,0.5409137759989288
1-0,1-0,0.0002681261245999239,0.4264565596236168,0.5331326320732273
0-1,1-0,0.0002592028055893699,0.4473921532889407,0.5118205671598037
1-0,1-0,0.000260856846103542,0.42405977358396263,0.535102581210701
0-1,1-0,0.0002888272777121312,0.463180953416103,0.49574911723194753
1-0,1-0,0.0002600684182484984,0.4289060508619971,0.5301341909271245
1-0,0-1,0.00035170105290076374,0.6068045628917347,0.35150209228668405
1-0,1-0,0.00038439386851559046,0.423859246490718,0.5351784618508532
1-0,1-0,0.0003024534188567549,0.4498631548597078,0.5090989698643925
0-1,1-0,0.000252074180057165,0.4342028742919594,0.5248241804229636
1-0,1-0,0.00038524811642906277,0.4175715922878117,0.5414933777432943
0-1,1-0,0.00025585788706347136,0.47715755347704136,0.48181896733630936
0-1,1-0,0.0002846748026148522,0.4279024583100002,0.5311420772330586
0-1,1-0,0.00026772985960581423,0.4241836744987749,0.5347384156766506
1-0,1-0,0.00026198286436816186,0.4181525221165418,0.5409631657117825
0-1,1-0,0.0003420579550546956,0.4178631387213363,0.5410894353085718
1-0,1-0,0.0003154099711543865,0.501920253264452,0.45691129488165844
0-1,1-0,0.00026827640692321785,0.43322068311830497,0.5258855520860907
0-1,1-0,0.0002614895262094059,0.48632802236447104,0.47256983516962503
1-0,0-1,0.0002887378619528407,0.566664795515249,0.39218364058278854
1-0,1-0,0.0002454997959508596,0.455472645716023,0.5034945330722426
0-1,1-0,0.00028461676413496793,0.4521443966958777,0.5068167564314137
0-1,1-0,0.0002718879693273061,0.490274364604339,0.46859053226285624
1-0,1-0,0.0002647598548585026,0.4167586727972976,0.542327930556385
0-1,0-1,0.00031564556933549664,0.5361619115643073,0.42258168575899774
1-0,1-0,0.00025633048993433023,0.42298054052604944,0.5361045563986506
1-0,1-0,0.00025088551512001685,0.4634108104113163,0.49557886351670966
0-1,0-1,0.00037460384563770053,0.6303088634898559,0.3278540029434255
0-1,1-0,0.00026040414077527967,0.41800875151360783,0.5411209889401829
1-0,1-0,0.000277596553164855,0.416908993698226,0.5422038335944599
1-0,1-0,0.00033258295119285625,0.4232412552019411,0.5357892681925185
1-0,1-0,0.0003279900267424428,0.44860787243424216,0.510363866569763
0-1,1-0,0.0003523695231156119,0.4475496800096042,0.5114610304914258
0-1,0-1,0.0002894339541097897,0.5638154874743432,0.3948257684787617
1-0,1-0,0.00030951855137794395,0.4173524691922754,0.5416504278411941
1-0,1-0,0.00034602235778244053,0.42401347735805,0.5349522750557034
0-1,1-0,0.00036009780726717317,0.42895661148254155,0.5300444591902028
0-1,1-0,0.0003137198314248658,0.458091536040067,0.5008429132443663
0-1,1-0,0.0002828257714596953,0.41830702780998896,0.5407789442837624
1-0,1-0,0.00030092758072085784,0.41763077830265566,0.5414015038039756
1-0,1-0,0.00025374231661724165,0.45413232629022426,0.5048479782239923
1-0,1-0,0.0002757659052118577,0.4328771075649313,0.5261480682744432
0-1,1-0,0.0002438653557498244,0.4692788364437965,0.48965375217921064
0-1,1-0,0.0002466115311552688,0.4553253579576122,0.5036522607852513
0-1,1-0,0.00027901858124596994,0.453495584406085,0.5054358720034806
0-1,1-0,0.0003946768681896484,0.4172982333443671,0.5417577371010577
1-0,1-0,0.00032382306778480717,0.48062212795727083,0.47832849752598233
0-1,1-0,0.0002583171609028131,0.41874083247112776,0.540393389479661
1-0,0-1,0.0002985907726517044,0.559965541228233,0.3986510107518127
1/2-1/2,1-0,0.0003249907053194019,0.46562052785886693,0.49331454506335026
0-1,1-0,0.0002641246434126931,0.4359040814655113,0.5231242464904942
0-1,1-0,0.00026730616004705377,0.42876465667874447,0.5302877357442369
1-0,1-0,0.00028443182839550744,0.46254656204680905,0.4963869140863686
1-0,1-0,0.00028931005652242604,0.42600311811790753,0.5330438659904893
1-0,1-0,0.0002685762008344365,0.49037818573469744,0.46848961495441793
1-0,1-0,0.0003510107580194665,0.427062789723232,0.531916818223967
0-1,0-1,0.0002927885381125731,0.5634040531825648,0.39522076249688753
1/2-1/2,1-0,0.0002704810193447567,0.4307847193658466,0.5283242160190298
0-1,1-0,0.00026665716842110687,0.42179766483924963,0.5373056764742173
1-0,1-0,0.00034466551091394984,0.43019221916805334,0.5288238674475183
1-0,1-0,0.0003954201615286362,0.4176190311882404,0.5414167247145422
1-0,1-0,0.00033583419201135964,0.4248422695467771,0.534218534327319
1/2-1/2,1-0,0.0003097803976308268,0.49089033881482297,0.46802300517684536
1-0,1-0,0.0003553938607840974,0.4438354068781551,0.5151711409112472
0-1,1-0,0.0003403346061838326,0.4210749451541433,0.5379901651957673
0-1,0-1,0.0002619085205941119,0.5353019234702523,0.42338407204358075
0-1,0-1,0.0003190465751859847,0.5855042999870281,0.37299403708843176
0-1,1-0,0.00039723057327718266,0.4180922435147122,0.5409424735345084
1-0,1-0,0.0002706493777017772,0.465919117826315,0.49301397797997976
1-0,1-0,0.00029659430391387157,0.44173786011201654,0.5171945704169647
1-0,1-0,0.00038562215190114294,0.42091075785436777,0.5381367317203062
1-0,1-0,0.00027637784763465356,0.41730500598517223,0.5418033169603387
0-1,1-0,0.0003495112217023485,0.4464764548968482,0.5125192245282961
0-1,1-0,0.00025327563725516364,0.42970720600607687,0.5293575570681825
1-0,1-0,0.0003920712507881205,0.41731146949978565,0.541709389279295
1/2-1/2,1-0,0.00026130424449429836,0.43256810791633954,0.5264767604319164
1-0,1-0,0.0003750283455797442,0.4268433512445709,0.5321930103140747
1-0,1-0,0.0002825138889681449,0.5061820331666159,0.45262562424690667
1-0,1-0,0.0003074692050422103,0.436643367542877,0.5223515782843934
1-0,1-0,0.0002668333009081544,0.4162696506721091,0.5427774953081187
1-0,1-0,0.00033270870234460194,0.4610434244064819,0.497910344263004
0-1,1-0,0.00038375346245513703,0.42385604366231444,0.5351855872423361
0-1,1-0,0.00027557373444171766,0.43041776365016193,0.5286166729076746
0-1,1-0,0.00027742553860033814,0.4248230382666619,0.5342769951550462
1-0,0-1,0.00036723833266219573,0.6320065584999731,0.32619680839762627
1-0,1-0,0.00030040164709197674,0.42877854749173605,0.5302733715410587
1-0,1-0,0.0002531324029175209,0.4456676953373033,0.5133387611320852
0-1,1-0,0.0003063087431915518,0.4768487979390237,0.48206119250098733
1-0,1-0,0.0002677411538381647,0.47849927645062046,0.4804020559059482
1-0,1-0,0.00027841750234471746,0.4568473413589696,0.5021047261523676
1-0,1-0,0.00034811930390393563,0.4239264487500105,0.5350418868835691
0-1,1-0,0.00025747532467791797,0.42207369182573734,0.5370324056070794
0-1,1-0,0.0003361475677003721,0.42421102441159486,0.5347448821975433
0-1,1-0,0.0003934523482225722,0.4172728718546093,0.5417846085350271
1-0,1-0,0.0003691766970835586,0.4188621754003672,0.5402052824078319
0-1,1-0,0.0003138077077233306,0.4194553995268274,0.5396173367379715
1-0,1-0,0.0002688746134400145,0.48440207698146226,0.47444347927506564
0-1,1-0,0.0002831249918861201,0.4434453993918667,0.5155168772174095
1/2-1/2,1-0,0.0002748819071275789,0.4190745786532405,0.5399812289065198
1-0,1-0,0.0003553826163880838,0.44462960626410875,0.5143771311325328
0-1,1-0,0.0002582052673997215,0.41979096912099717,0.5393331360942291
1-0,1-0,0.00026889014226733597,0.4327763215812905,0.5263295760040704
1-0,1-0,0.0003401469994630078,0.4391991173874781,0.5197827043119339
0-1,0-1,0.00033860478679157406,0.6176452473737977,0.34071121114101105
1/2-1/2,1-0,0.0003606602117376678,0.4351375558350248,0.5238804353486504
1-0,1-0,0.0002649937265788388,0.4519489321236185,0.5070784372154277
0-1,1-0,0.00027754493639081283,0.448110842138526,0.5108657561588115
1/2-1/2,1-0,0.0002979371089815134,0.41763020736789214,0.5414159125180038
0-1,1-0,0.00028061770330763727,0.4484530096935836,0.5105204848073952
1/2-1/2,0-1,0.00033038674856813945,0.5774194313121929,0.38106631779705685
1-0,1-0,0.000254785063312825,0.48702420184242734,0.47186526878825324
0-1,1-0,0.0003051122141710954,0.5118975166035948,0.4368700838836053
0-1,1-0,0.00032492231448047785,0.48659060457632913,0.4723217235941831
1-0,1-0,0.0003420883520502524,0.42483326869058013,0.5341941438754727
0-1,1-0,0.0003501652215252806,0.4370409498045856,0.5219580065325343
0-1,1-0,0.00029456077093763125,0.47894507778330153,0.4799401428678486
1-0,1-0,0.00034069090035877174,0.41905431359766937,0.5400105997190157
0-1,1-0,0.00026695862544198507,0.43248328990722507,0.5274169264401383
0-1,1-0,0.0002649643638358782,0.4165879390030836,0.5425013068633693
1-0,1-0,0.00026283448450268736,0.41713974002417314,0.5420307047308977
1-0,1-0,0.000368945460375604,0.43220404367018544,0.5268236895953124
1-0,1-0,0.0003871417129341274,0.41793313205668176,0.541080757594818
1-0,1-0,0.0002633700256248328,0.4193724331084492,0.5412326587749964
1-0,0-1,0.00032374737748066526,0.595901405565611,0.3625693782608691
0-1,1-0,0.0002609532131237091,0.4386316596866321,0.5203907780146892
0-1,1-0,0.00026232825160469925,0.42135422547444235,0.5381743671436076
1-0,1-0,0.000318347453111011,0.4853785954274925,0.4735032779680594
1-0,0-1,0.0003466548581435794,0.6087741054908576,0.3495727574196097
1-0,1-0,0.0003701554454107587,0.418869821621408,0.5401157358817976
0-1,1-0,0.000245926725568171,0.4595758050175561,0.49937206262163847
0-1,0-1,0.0002820652062767294,0.5489948699226979,0.4097724179490473
1-0,1-0,0.0003357453767381283,0.436207844396392,0.5227925158070621
1-0,1-0,0.00025802881871271984,0.4788021530327288,0.48050419374090153
0-1,1-0,0.000244422356518225,0.4618907666900687,0.49705997869155244
1-0,1-0,0.0002540572237925875,0.48285168160917114,0.4760495427474029
0-1,0-1,0.00030402333301001117,0.562665691505898,0.3958948456208332
0-1,1-0,0.0002637709533265108,0.41677957206526867,0.5423744529357195
1-0,1-0,0.0002913866513560968,0.4173651946205419,0.5417179634080581
0-1,0-1,0.00032045816154446143,0.5617524129123204,0.39681024004961885
1/2-1/2,1-0,0.0003104808475668358,0.4335358013842998,0.5254062808872346
0-1,1-0,0.00025666882247703395,0.48013575056921015,0.478975848112102
0-1,1-0,0.0003963959788729846,0.4197572629603526,0.5392904624472321
1-0,1-0,0.00035325030337899683,0.43906681445791934,0.5199414440571832
0-1,1-0,0.00030584596029177655,0.42645790288834595,0.5325096791576275
0-1,1-0,0.0002516016052012755,0.4937725713161071,0.4652420475202409
0-1,1-0,0.0003232178859762081,0.46887517340497664,0.49005107050723684
0-1,1-0,0.00025598285962647187,0.4546682689096415,0.5043791099336957
1-0,1-0,0.000262360738335578,0.42127778822029976,0.5403793112732704
0-1,1-0,0.0002826707782918909,0.4251964683326981,0.5338917482837946
1-0,1-0,0.0002855337655562577,0.4181338270106745,0.5409749029335227
0-1,1-0,0.0003447255805988499,0.4490002846635959,0.5100025124753198
0-1,1-0,0.00025280244985825205,0.45174306817295395,0.5072875870430243
0-1,1-0,0.0002859691252883985,0.4213887413129719,0.5376921728736094
1-0,1-0,0.00026115093616417204,0.4240777769770973,0.5350702332903984
1-0,1-0,0.00024383475710143356,0.46908977429953436,0.48983912702280213
0-1,1-0,0.0002555490585794067,0.4281998475442564,0.5308721497280601
0-1,1-0,0.0003091459041842121,0.445008503604437,0.5139655522509602
1-0,1-0,0.0002509332519356166,0.5027354780528285,0.4561096453107172
1-0,0-1,0.00033275082776143913,0.6132172339026795,0.3451684528974401
1-0,1-0,0.00038290089736808325,0.4202410929601109,0.5387763531409394
1-0,1-0,0.0003228553193856982,0.4759288913610745,0.4829823828619717
0-1,1-0,0.00025721527490371615,0.45188939461808547,0.5070946901645159
0-1,1-0,0.0002785014361710277,0.5031739025791226,0.4556469468156132
1-0,1-0,0.00037499308116142606,0.42712208024247617,0.5319032005951171
1-0,1-0,0.00026816369870525275,0.42154270409857664,0.5375743350822986
0-1,1-0,0.00026460421045347517,0.4832307877300205,0.47566051322704844
1-0,1-0,0.00027772861984350127,0.4264884197714057,0.5325592095681431
1-0,1-0,0.00027993344955456464,0.4371336407867275,0.521879701806721
0-1,1-0,0.00027386597645137937,0.45581347762420404,0.5031445969669005
1-0,1-0,0.00031832855582127376,0.4280063994902201,0.5309426226793778
0-1,1-0,0.0003158648128732661,0.4532871972410997,0.505668631303349
0-1,0-1,0.0002621565717552194,0.5238608097628314,0.43491926228441735
1-0,1-0,0.00027332653675778406,0.42956262057111627,0.529538666646346
1-0,1-0,0.00034236840925887095,0.43284034559504,0.5261695236818746
0-1,1-0,0.0002557268666430433,0.45492811022938173,0.5040483877761257
1-0,1-0,0.00024770935206598296,0.446567430902617,0.5124353023703356
1-0,1-0,0.0002515703275573957,0.505668808480863,0.45314959667933324
1-0,1-0,0.0002812266780120406,0.4645281695047441,0.4943515466880927
1-0,1-0,0.0002619182721804779,0.4240187030940093,0.5350336195908494
1-0,1-0,0.0003312252132789268,0.4181098273927489,0.5408441556702311
1-0,1-0,0.0002597160404738742,0.5185489133812621,0.4402484176534644
0-1,1-0,0.00024955860097254905,0.502311478839624,0.4565333357489474
0-1,1-0,0.00031689691374064364,0.4305269453327343,0.5284831648824022
1-0,1-0,0.0002501917048330885,0.43765141570846344,0.5213810263524381
0-1,0-1,0.0003579906396655293,0.629405580962866,0.3302449197521129
1/2-1/2,1-0,0.0002701417889578633,0.42859635748531444,0.5310042064561116
0-1,1-0,0.0002572150436792709,0.43318964875255017,0.5258290935132113
1-0,1-0,0.0003742833099518817,0.42159344327147696,0.5373851252608053
0-1,1-0,0.0002937867716933623,0.4364223301276245,0.5225773444207438
0-1,1-0,0.0003005495772038632,0.42274829587361357,0.5362519794364614
0-1,1-0,0.0002598463902543832,0.4321953081830012,0.5268541248920453
0-1,1-0,0.0003012755804217804,0.4543947007634225,0.5045561082213635
1-0,1-0,0.0002738230465482404,0.46760181654832905,0.4913242928037235
0-1,1-0,0.00024791497683178805,0.5047836328184921,0.4540316771028701
1-0,1-0,0.0002712809025319359,0.419515137548137,0.5395821659991233
0-1,1-0,0.0003397444402134232,0.44594035355393186,0.513044797357493
0-1,0-1,0.0003556358534834196,0.6135272586227881,0.34475761043593633
1-0,1-0,0.0003136973487023359,0.42900461605591245,0.5300099876220193
1-0,1-0,0.0002647104298423072,0.4173502924128966,0.5417455515020879
0-1,1-0,0.00035119878295238554,0.41856354278448377,0.5404853399944447
1/2-1/2,1-0,0.0002926468151776082,0.4306853342286728,0.5283027449903072
1-0,1-0,0.00027398203213943725,0.4417581177665757,0.5172646072368322
0-1,1-0,0.00031185988296044147,0.5211261156199598,0.43762631581242334
0-1,1-0,0.00025179600882899454,0.44118057985071774,0.5178414347795107
0-1,1-0,0.00027407511138506646,0.42026312541922484,0.539059751906525
0-1,1-0,0.0002460565857127254,0.45806142366587277,0.5009080097466291
0-1,0-1,0.00027924923088540007,0.5616040924278802,0.3970267252675447
0-1,1-0,0.0003610630733469181,0.4273494276990217,0.5316492514145934
1-0,1-0,0.0003294404816589382,0.43459271644722575,0.5244089132805083
1-0,1-0,0.0003176632744280447,0.42257254212318507,0.5363875835331037
1-0,1-0,0.0003201633972403122,0.41803120942208327,0.5410231247936932
0-1,1-0,0.0002478642028771542,0.4474387384652132,0.5115621833102085
1-0,1-0,0.00031895508112694647,0.42146719163734814,0.5374941324969497
1-0,1-0,0.00033975955540495366,0.44395206267342846,0.5150360197537415
0-1,1-0,0.0002837964516915306,0.46207936230650903,0.4968556602234452
1-0,1-0,0.0002861672232692802,0.41941461104332733,0.53965802548476
1-0,1-0,0.00038841622074012295,0.42056145206121065,0.5384715435393549
1-0,1-0,0.00030362463316541735,0.4235082427798823,0.5354777657335694
1-0,1-0,0.0003401001505041467,0.4209679185378135,0.5379880070004045
1-0,1-0,0.0003774548974371309,0.42756749155090734,0.5314641667870921
1-0,1-0,0.00025624485089835794,0.4264821058839059,0.5325656979502712
1-0,1-0,0.000366493433290255,0.42959231564639866,0.5294227012056385
0-1,1-0,0.0003349533216087085,0.45140466537118046,0.5075671603504697
0-1,1-0,0.0002726665847083196,0.41569082724928075,0.5433823132192857
0-1,1-0,0.00026096583630049494,0.4320732861795057,0.5270040200469037
1-0,1-0,0.0003664400782710594,0.41754014058241096,0.5415171584521031
0-1,1-0,0.0002906850798148555,0.46413327066103655,0.49474403700976166
1-0,1-0,0.0002988327205832794,0.4651897337989906,0.4937332930851041
0-1,1-0,0.0003578000656182201,0.4425179485423601,0.5164992882240097
1-0,1-0,0.00037471453935520433,0.42579976132128744,0.5332377536977391
1-0,1-0,0.00028701618189412494,0.4579477597365175,0.5009968785140371
1-0,1-0,0.00037634554944467985,0.4271712649953884,0.5318569282458272
0-1,1-0,0.00024485319120226323,0.45853964699416583,0.5004222098415666
1-0,1-0,0.0002767134311018201,0.4282277765124986,0.5308138723416864
0-1,1-0,0.00028958395712119957,0.4314600796547041,0.5275366285229216
1-0,1-0,0.0002794639379912732,0.43277723142788166,0.5262407716229739
1-0,1-0,0.00028648989216731823,0.46495986780921944,0.49396625952833617
1/2-1/2,1-0,0.00034030011458583017,0.49869236841242703,0.4639448250416755
0-1,1-0,0.0002725059430695021,0.41559274627800263,0.5435550389958798
1-0,1-0,0.00025491432275650725,0.4491495367414215,0.5098447182693365
1-0,1-0,0.0003300419554472958,0.4711510016731433,0.4878199077364145
0-1,1-0,0.0002498614492580015,0.4401283035340871,0.5188802151319644
0-1,0-1,0.0002724408233285346,0.5531618392122544,0.4054993187748073
0-1,0-1,0.00029602507392724974,0.5569405897015213,0.4015924282327851
0-1,1-0,0.0003184631173848521,0.502087289362494,0.4567903940461924
0-1,1-0,0.0002667645794301994,0.5118086378694232,0.4470013109556452
1-0,1-0,0.0003342439914436434,0.44113673450329255,0.5178532069304751
1-0,1-0,0.0003721283888377238,0.4314324145699241,0.5275967835996255
0-1,1-0,0.00036563283947154963,0.4309217024901873,0.5280753006360491
0-1,1-0,0.0003114076862564639,0.41754819939016874,0.5414457352892296
1-0,1-0,0.000262423894303551,0.4313657771038725,0.5277331757741874
1/2-1/2,1-0,0.0002623136575843269,0.5156815579525794,0.44315008490193436
0-1,1-0,0.00025320836026311566,0.42892905275768745,0.5301330408785611
0-1,1-0,0.00039213479211897874,0.4195332425332279,0.5395072714742352
0-1,1-0,0.00026482867989111627,0.4692492408832951,0.4896907750623875
0-1,1-0,0.00026268880820991074,0.4231361968350017,0.5359360220616715
1-0,0-1,0.0003128074999736404,0.595541587067959,0.36424306231563525
1-0,1-0,0.00038542895920376746,0.42152182564463886,0.5375076033000838
1-0,1-0,0.00026914658476786526,0.41763584000595677,0.5415602326116681
0-1,1-0,0.0003103180030524872,0.45661343892263806,0.5023328382896596
1-0,0-1,0.0002793913930198732,0.5560979574806909,0.4024085923215953
0-1,1-0,0.0002687944281099237,0.4223332946416066,0.536801419406247
0-1,1-0,0.00026857513189366294,0.45735546532413185,0.5016026801550367
0-1,1-0,0.0002630214798584492,0.4198352606885656,0.5395461100900466
1-0,1-0,0.0003793220964190237,0.42328312667236373,0.5357595671282289
0-1,0-1,0.0003031222788013003,0.5553182525723566,0.40329788750199086
0-1,0-1,0.0003589743328249514,0.6253138329984264,0.33297891435928567
0-1,0-1,0.00037480024041887887,0.6231417603597514,0.33650641369134965
1-0,1-0,0.00029916621573839965,0.4378187529607398,0.5211222458392313
0-1,1-0,0.0003487060575057879,0.440222898520649,0.5187785102460412
1-0,1-0,0.0002598218283464133,0.4292789701190019,0.5319505919731867
1/2-1/2,0-1,0.000312256229269187,0.5917465092875082,0.36669237661918136
0-1,1-0,0.0003160361836085813,0.5144962485410899,0.4443350072282743
1-0,1-0,0.0002681722328682213,0.43590591676452844,0.523187690613094
0-1,1-0,0.00032594310665072236,0.41979973344696453,0.5392434396358665
1-0,1-0,0.00030287204136523126,0.4500066774286953,0.5089075702299931
0-1,1-0,0.00026729644663199456,0.44317649609662224,0.5158831189656398
1-0,1-0,0.0003825114165933789,0.4224217789709252,0.5366228414652595
1-0,1-0,0.00025772894880633237,0.42043660717074305,0.5386658223448084
1-0,0-1,0.0003324512584793066,0.5987538186392998,0.35967333420301906
0-1,1-0,0.0002478657944626565,0.46368946641668896,0.49526582462703395
1-0,1-0,0.0002578650682172644,0.4582182762456031,0.5007470752909512
0-1,1-0,0.0003491621150379883,0.4506810157841511,0.5083133119393861
0-1,0-1,0.00028881416408452296,0.5435503737916599,0.4150398712490222
0-1,0-1,0.0003646068092689713,0.6298744693861794,0.3283550825617303
1-0,1-0,0.00037195989849089567,0.4270550494124962,0.5319639846679988
1-0,1-0,0.0003745250926453874,0.429342599040123,0.5296871754502341
1-0,1-0,0.0003833482082388219,0.42354475007043707,0.5354977649930263
0-1,0-1,0.0002784135122699637,0.5294869883321055,0.42916914746341733
1-0,1-0,0.00025971232327735497,0.4178604197670243,0.5413128657220379
0-1,0-1,0.00031470950279593156,0.5306627910849974,0.42806017333380375
0-1,0-1,0.0002751349965376759,0.5530000178315184,0.4056004114601689
1-0,1-0,0.000266453889075115,0.43013263928182405,0.5289151046624598
0-1,1-0,0.00039482936524306547,0.41811921959732895,0.5409299227621656
0-1,1-0,0.00025873408563278764,0.4193450583841807,0.5397610725222685
1-0,1-0,0.00035085430366016537,0.41869636363961293,0.5402519740769015
0-1,1-0,0.00029255007264619536,0.49951572452286347,0.4593065273367763
0-1,1-0,0.0002842176609770461,0.41646902209905373,0.5426663647107416
0-1,1-0,0.00026437337039934903,0.4169190364959872,0.5421660743294717
1-0,1-0,0.00024890118566388915,0.46977729557017334,0.489161334235237
0-1,1-0,0.00031334605563584,0.47684351537156017,0.4820534527719379
1-0,1-0,0.0003010142518522928,0.4354754097311057,0.5235240663907282
0-1,1-0,0.0002494285817284307,0.4505987023787682,0.508393950047509
1-0,1-0,0.00024698111143399047,0.4727699648665148,0.4861438738682239
0-1,1-0,0.0002575283143932739,0.42155141373284244,0.5375584660956987
0-1,0-1,0.00036669012120241396,0.6226884155665556,0.33763084052218706
1-0,1-0,0.0003828601123689095,0.4227490419124841,0.5362792040178694
1-0,1-0,0.00032006959145556847,0.44464767933273236,0.5143290727923598
0-1,1-0,0.0003873329184841394,0.41784534660551526,0.5411683227562792
1-0,1-0,0.0002537583766614278,0.448373387816553,0.5106241341778488
1-0,1-0,0.00030760656740602037,0.5074049966697443,0.451471310307597
0-1,1-0,0.00029599060852749867,0.4288671853105304,0.530154316263728
0-1,1-0,0.00024845898541145394,0.4557886732948959,0.5031888272226102
1-0,1-0,0.0002680743761148318,0.41629359956857515,0.5428284127889063
1-0,1-0,0.0002619723331786561,0.4169178023272569,0.5422454509658526
0-1,1-0,0.0002551534656856733,0.5033926038157671,0.45545121374125075
0-1,1-0,0.0003268287234761239,0.4649567276870087,0.49398195658265476
1-0,0-1,0.0003206856280552419,0.5762787602120414,0.38222683580927613
0-1,1-0,0.0003456773846395168,0.42754589812080673,0.5313990968332175
1-0,1-0,0.00025185102787815024,0.43551514903339805,0.5235050059302033
1-0,1-0,0.00026588562767826054,0.4376648973057422,0.5223370234380701
1-0,1-0,0.0002518718697287792,0.44278090091072053,0.5162356963370395
1-0,1-0,0.00024695871019296745,0.48613870866369346,0.4727348110370042
1-0,1-0,0.0002528328785749277,0.4299382868293463,0.5291233593952531
1-0,1-0,0.0002808719429701174,0.4211119024276349,0.5380193822137745
1-0,1-0,0.0002449592267287412,0.47074406981320094,0.4881893016283606
0-1,1-0,0.000331061732430163,0.4683605864752796,0.49061573868945535
0-1,1-0,0.0003411116824167175,0.42845707868627647,0.5305092290166257
0-1,1-0,0.0002847059161884303,0.4245851008253544,0.5344804792323791
1-0,1-0,0.000262543760993207,0.4211435974966231,0.5395534504463804
0-1,1-0,0.0003436846304418717,0.41805909122771495,0.5408889233165044
1-0,1-0,0.00030231483373289704,0.44920335102367315,0.5097604306170312
0-1,1-0,0.0002662297435511503,0.4158588475046141,0.5431873135185361
1-0,1-0,0.0003828156563593989,0.4181852957032263,0.5408205709806915
1/2-1/2,0-1,0.0003474260520505798,0.6191996233648374,0.3390723050127228
1-0,1-0,0.00025716853908510734,0.42059361966207265,0.5385203807609633
1-0,0-1,0.0003187314630746865,0.599684327776784,0.3588722148921224
0-1,1-0,0.00036520868532399797,0.43474602414511976,0.5242767046111946
1/2-1/2,0-1,0.000313855717746244,0.5530970648557708,0.4055076138088759
0-1,0-1,0.00032918407921643164,0.5973645545698787,0.3610489491779172
1-0,1-0,0.000329809800841325,0.4605202193642107,0.4984303434624092
0-1,1-0,0.0002507093759326412,0.4458294908917439,0.5131513220679134
1-0,1-0,0.00038123693225120973,0.41732299485423713,0.5416676955138695
1-0,0-1,0.0003242410211574096,0.5669764662958122,0.39161157465352214
1/2-1/2,1-0,0.0002803604833820479,0.41618454262416277,0.5429671161892639
1-0,1-0,0.0002650675921419975,0.44778790858569356,0.5112007189504033
1-0,1-0,0.0002615393745453726,0.42396882028762595,0.5369466121976592
1-0,1-0,0.0002751628560298549,0.42061016604487217,0.5385318190590324
0-1,1-0,0.00025076479422436526,0.4386021801306025,0.5204285729652055
1-0,1-0,0.00026191463507812526,0.41766758919355296,0.5414726935651901
0-1,1-0,0.0002614253293834209,0.41847041206059726,0.5406125361342856
1-0,1-0,0.00026784953554957736,0.4192740475287334,0.5397884704369614
1-0,1-0,0.0003362858993914072,0.4598368617851962,0.4991246655265647
1-0,1-0,0.0003912079299969443,0.42145305987137255,0.5375737505336382
0-1,1-0,0.000287012976234036,0.4608590667109444,0.4980258364612667
0-1,1-0,0.0003255962094560562,0.4851786209569275,0.4737376889980798
1-0,1-0,0.00033062293573423145,0.42077883343178313,0.5381752642521167
0-1,1-0,0.00039705627958313314,0.41791589436253546,0.541117109228914
0-1,0-1,0.0002942599310491453,0.5693094106548636,0.38929780217905124
1-0,1-0,0.0003466608479102117,0.41810143280314516,0.5408467563649054
0-1,1-0,0.0002619449800790964,0.42669595414864964,0.5323774785788081
1/2-1/2,1-0,0.00033262325979603656,0.43757718786188704,0.5213867790829592
0-1,1-0,0.0002531778963994473,0.4901368376809094,0.46874499975563133
0-1,1-0,0.00028351816847637295,0.4835540124779418,0.4753214716311995
0-1,1-0,0.00026932163744827954,0.4467776626796549,0.5122097840777897
1-0,1-0,0.0003379413864482458,0.43431230460373965,0.5246574292671735
1-0,1-0,0.00025048967947570656,0.444698739868293,0.5143119880622992
0-1,0-1,0.00031757652617847197,0.5595554936332487,0.39911632082949616
0-1,1-0,0.0002814842073250944,0.42463377250093215,0.5344508141586198
1/2-1/2,1-0,0.0002680986146788793,0.5200485246159088,0.4387367656365807
1-0,1-0,0.000348380959180737,0.4468995659413498,0.5121078004336213
1-0,1-0,0.0003774393712506388,0.41754304255168956,0.5414468023175397
1-0,1-0,0.0002914400591846839,0.4463405244006954,0.5125847247023649
1-0,1-0,0.00038206085582479724,0.42719155090211214,0.5318641111909831
0-1,0-1,0.00038128145435430545,0.6478354141981167,0.3119166365662992
0-1,1-0,0.00036305991184206425,0.4374656367591777,0.5215564063447865
1-0,1-0,0.00025950898178614813,0.42188126874823645,0.5372992432113741
1-0,1-0,0.0002797062509184439,0.476762567641969,0.4821344463737899
1-0,1-0,0.0002544002589630312,0.45378461456673747,0.5051962295900299
0-1,0-1,0.00036773138644273306,0.6277719884999291,0.33042988556766256
1-0,1-0,0.0002514917430604761,0.45673914063299226,0.502477977232044
0-1,1-0,0.00025189500639373485,0.47615598027467626,0.4828106371707871
1-0,1-0,0.0003826348987915267,0.42159569342505426,0.5374027059564006
1-0,1-0,0.00025823795883135294,0.4454536804681417,0.513618579928243
0-1,1-0,0.00037103637384720264,0.4233409556729082,0.5356351854352089
1-0,0-1,0.0002855331276464548,0.5507230529639133,0.4079491395525721
0-1,1-0,0.00025991866165851784,0.48552297645717013,0.47336647362741285
1-0,0-1,0.000353587883484063,0.6217923779890522,0.3365547808403896
0-1,1-0,0.00032565442159266674,0.4294375414714421,0.5295120311725581
1-0,1-0,0.00033079703163368116,0.4429867903373822,0.5159977433412183
0-1,1-0,0.00034543587256008555,0.45329003566310827,0.5056951706627115
0-1,0-1,0.0003475186941129374,0.6196509481781804,0.3385731698983832
1-0,1-0,0.0002784132408185972,0.4170550801136659,0.5421039877593388
1-0,1-0,0.00037148127121335565,0.4219377826362771,0.5370634133049409
1-0,1-0,0.00032606765121977427,0.4354171056097933,0.5235338308448092
0-1,1-0,0.00028937934060431465,0.43121789621728984,0.5277810714096459
0-1,1-0,0.0003324184752018178,0.4537126946183146,0.5052527067343769
0-1,1-0,0.00028183198810623547,0.4437213607285256,0.5152453041983055
0-1,0-1,0.00034517345686154577,0.5995982365691819,0.3587536153715639
1-0,1-0,0.00029889762669932097,0.43545732930144954,0.5236442562463065
0-1,1-0,0.00028816979924541997,0.4264104547157147,0.5326636103292446
1-0,1-0,0.0003689042812042236,0.4322326673792386,0.5267950127308185
1/2-1/2,0-1,0.0002986828462519183,0.5743691043037672,0.3842223859175476
0-1,1-0,0.00025154236260643847,0.5013865311944713,0.4574631966196013
0-1,1-0,0.00028968821743481545,0.44041565941543864,0.5185747915856889
0-1,1-0,0.00036170395369472893,0.426347743260959,0.5326829965624155
0-1,1-0,0.00032862010945824304,0.4241423391823063,0.5348011414857743
1-0,1-0,0.0003355257061954887,0.46446229088652763,0.49449380606469673
0-1,1-0,0.0002587468487267176,0.4408079204491653,0.5182094887043953
0-1,1-0,0.0002669017798738172,0.4162110141224189,0.5428924254857267
1-0,1-0,0.0003124824330237015,0.422677109892166,0.5363915719731506
0-1,1-0,0.0002503492889525413,0.4669834523748838,0.49222468809964404
0-1,0-1,0.00031329439108620697,0.5537027258579444,0.40500815223764675
1/2-1/2,1-0,0.0002734622803402072,0.419191010062323,0.539958980620865
0-1,1-0,0.0003170169630653477,0.4197661401548382,0.5392032616761246
1-0,1-0,0.0003279840424773113,0.4806622229170621,0.47826939758322384
0-1,1-0,0.0002723382954540716,0.4309874122547144,0.5281110529298769
1-0,1-0,0.000355958268510676,0.43016643505553703,0.528829628605429
1-0,1-0,0.0002943640106645039,0.42456352433509925,0.5344745952299048
0-1,1-0,0.0003026863911921969,0.4510149159647246,0.50789785603944
0-1,1-0,0.00036265915322268816,0.43002351020418955,0.5290019214219409
0-1,1-0,0.0002750389943960033,0.45530233864151254,0.5036562541481286
1-0,1-0,0.00037249758558101793,0.4174378123784447,0.5416212151569112
0-1,1-0,0.0002741209854170484,0.4196637323988347,0.5394844220906636
0-1,1-0,0.00025186841325850357,0.45553739211896843,0.5034972661034741
0-1,1-0,0.0003647974129859316,0.43065192196527674,0.5283623604421583
1-0,1-0,0.00025326405888164685,0.5052194327645098,0.45361914587100766
0-1,1-0,0.00036798506393870305,0.420050394510128,0.5389962971644684
0-1,1-0,0.0002747507063378029,0.41574995665312586,0.5434097934049283
1-0,1-0,0.0002568241277498634,0.4212623745687073,0.537843799978076
1-0,1-0,0.00032499351511384783,0.4406969739973546,0.5182899919958166
0-1,1-0,0.0003946478483726736,0.4177833523413253,0.5412688402819997
1-0,1-0,0.0003587974832157544,0.419891330748356,0.5391536847911147
1-0,1-0,0.0002809898382768575,0.4187767420736807,0.5415512388469417
1-0,1-0,0.0002636607930711173,0.4182963683074217,0.5412847768590886
0-1,1-0,0.004066475648314261,0.19009134897552185,0.3298160032531679
1-0,1-0,0.00024397988470009114,0.46747031853776055,0.4914675925652768
1-0,1-0,0.0002634692194866323,0.42412826576968876,0.5350098795450315
1/2-1/2,1-0,0.0002676055022367473,0.4161532714000882,0.5429261060828279
1-0,1-0,0.000258804300734029,0.4567226401574894,0.5026724199990689
1-0,1-0,0.00026312785483181296,0.4192100300962801,0.539945603708353
0-1,1-0,0.0002572238287339667,0.47845735380788595,0.48071206844986014
1-0,1-0,0.00026401949648255596,0.5184590325586675,0.44057437710974484
0-1,1-0,0.0003683044445809682,0.41737730905022247,0.5416841279730372
0-1,1-0,0.0003939888751656336,0.4199595504071968,0.5391005724363674
0-1,1-0,0.00026012666615074265,0.4212139120181526,0.5378483915391075
1-0,1-0,0.00025132300761749704,0.5110892494363702,0.44772685717327565
1-0,1-0,0.0002619518965559074,0.4185089910235786,0.5405684493272788
0-1,1-0,0.00027743323094247093,0.43123700248844593,0.5278287672541145
1-0,1-0,0.0002837130414424719,0.42400671609342516,0.5350687955536453
0-1,1-0,0.000333237328636633,0.43995883888101645,0.5190329120392182
1-0,1-0,0.0003766276628233904,0.4284400908220521,0.5305952665605339
1-0,1-0,0.00034122716361380354,0.4280361008346508,0.530929742321158
0-1,1-0,0.00025995790879315955,0.4180367733589419,0.5410989110073205
0-1,1-0,0.00026639636973929025,0.45464209117612564,0.5043255252697105
1/2-1/2,1-0,0.0003381919549478755,0.4543468435722673,0.5046243237583575
1-0,0-1,0.0003375427055474543,0.6111178877308932,0.3473400883827149
1-0,1-0,0.0003493053523562367,0.42445132943233754,0.5345788554357886
1-0,1-0,0.0003828974880944832,0.42468505939430506,0.534351344744034
0-1,1-0,0.0002502711117029323,0.48098304946064957,0.47793471359909045
1-0,1-0,0.00034845165506638444,0.43253761892545606,0.5264491129935419
1-0,1-0,0.0002494480691804714,0.4481438946575278,0.5108315432750504
1-0,1-0,0.00030972393559297834,0.48005715555209116,0.47882841304894513
1-0,1-0,0.0002658710955526763,0.4205771044614923,0.5384955505647542
0-1,1-0,0.0002671393981729891,0.4682285869298444,0.49070115453823515
0-1,1-0,0.00025947708865683625,0.42115298613179863,0.5379152110446298
0-1,0-1,0.0003444382357720099,0.6275417149709743,0.3295140040121468
0-1,0-1,0.0002616839208621612,0.5368540893492357,0.42183498715776296
0-1,0-1,0.0003416997538976007,0.6165321452958489,0.342008581480185
1-0,1-0,0.0002819177463046137,0.46062121904078673,0.498318653481954
0-1,1-0,0.0003665861849211731,0.4364721664660844,0.5225527746591273
1-0,1-0,0.00026357820318734,0.4186660635727096,0.5404565684994611
1/2-1/2,1-0,0.00038855605470662776,0.4178209129318334,0.5411842169008664
1-0,1-0,0.0003713562405283206,0.4203378562456828,0.5387088709861384
1-0,1-0,0.00024968516089814765,0.5056555083519554,0.45317753163034713
1-0,1-0,0.0002591393454189044,0.4325009339373164,0.5265631187233211
1-0,1-0,0.0002838420196422925,0.419347577761407,0.5397788791069781
1-0,1-0,0.0002802790259156562,0.5199737669536999,0.4387940834939959
1-0,1-0,0.00037414373926960095,0.4216661297143655,0.5373391906648917
1-0,1-0,0.0003182824920245591,0.4231427856470017,0.535815256466743
0-1,1-0,0.00026302301590341935,0.42322759388116304,0.5358433140318416
0-1,1-0,0.00033652245329622663,0.419579260421509,0.5393746242486177
0-1,1-0,0.0003323853899077248,0.4728257267419062,0.48613360377908454
0-1,1-0,0.00026052245609261475,0.4177318856519003,0.5414463867702849
1-0,1-0,0.00026822651917705794,0.418913594121954,0.537843836791962
1-0,1-0,0.00026766406318693136,0.41394556228025553,0.5458914691072646
1/2-1/2,0-1,0.00038687738955712564,0.6420207791385799,0.3160531639178983
1-0,1-0,0.00028113677096323794,0.41824602411181205,0.5408856123166011
1-0,1-0,0.0002611079308914475,0.42454043665411983,0.5355273399471866
1/2-1/2,0-1,0.0003769759451683791,0.6248732660866618,0.33694977587309805
0-1,1-0,0.00029121569187458236,0.45878820736503756,0.500101593461729
0-1,1-0,0.0002880219343636628,0.5016799074800921,0.4571376064865079
1-0,1-0,0.0002690710376316056,0.41818450882757374,0.5409082012134564
1-0,1-0,0.00035534967386456124,0.4375829221671746,0.5214269617728777
0-1,1-0,0.00031613855397612825,0.5112797619907689,0.4475304829322574
0-1,1-0,0.0003249267852172802,0.44985979660008746,0.5090999473922642
0-1,1-0,0.00025577551973276905,0.4310876520239518,0.5279705679381335
1-0,1-0,0.0002654265347717598,0.4208190195893424,0.5382582467975173
0-1,1-0,0.00024910906137598656,0.49547442567934286,0.46339183598683686
0-1,1-0,0.00038886559251548374,0.4172019581472766,0.5418062352320325
0-1,1-0,0.0002606574146286015,0.41767890147759185,0.5414660644711602
0-1,1-0,0.0002928067673370984,0.45469362698329446,0.5042576536796112
1-0,1-0,0.00037972053151281223,0.4182147067617784,0.5407848827823089
1-0,1-0,0.0002727388378285795,0.41035619989645866,0.5492626314816498
1-0,1-0,0.0002565385066822501,0.44090833037591115,0.5181110316838091
0-1,1-0,0.0003892107932296181,0.418466899805494,0.540599049058967
1-0,1-0,0.00024770817419716973,0.44486995795423195,0.5141340258120896
1-0,1-0,0.00025924496584722934,0.444701285750141,0.5143028047155757
1-0,1-0,0.00037563155455774046,0.4276724009210381,0.5313356495354006
1-0,1-0,0.0003884732987174116,0.42107988800886703,0.5379859251400566
0-1,1-0,0.0002618396207723872,0.4270773977010405,0.5333525875505795
1-0,1-0,0.0002473664962369725,0.49389291236636684,0.4649760609577373
0-1,1-0,0.00033407803822562646,0.41805074685946614,0.5409008456453133
0-1,1-0,0.0002509221510996726,0.45813078672141305,0.5008396167382939
0-1,1-0,0.00034682074218476,0.41747268669583865,0.5415871117212111
1-0,1-0,0.0002935520916937766,0.49725177037426416,0.4615775218755982
0-1,1-0,0.00030496282943203834,0.4627235524027763,0.4962063799602
1-0,1-0,0.00027689171029590855,0.4786669141769504,0.48022661246039944
0-1,1-0,0.0003177306255797366,0.41977399019031586,0.5391941072623645
0-1,1-0,0.0002497051837767643,0.43837252134773824,0.5206510148519798
0-1,1-0,0.0003282018497161762,0.41843170742683633,0.5406179229026736
1-0,1-0,0.00026427873447734717,0.42009763287003987,0.5389702264801572
1-0,1-0,0.00025898206966993664,0.4179014061780421,0.5412476063652633
0-1,0-1,0.0002845233770749638,0.5533235049339786,0.40530615106582324
0-1,1-0,0.0003113741433187306,0.4794253258083108,0.4794631616299888
0-1,0-1,0.00031181217510138274,0.5843583658305489,0.37417039597666135
1-0,1-0,0.00026494836248759174,0.4264867930937981,0.5326257335073493
1-0,1-0,0.0003902647659969218,0.4187445474074447,0.5403073951744476
0-1,1-0,0.0003757210381931458,0.427893530247288,0.5311699275984593
1-0,1-0,0.00026901955399354056,0.43043004096490417,0.5293358958784047
1-0,1-0,0.00032599355977652484,0.4365328578487334,0.522498394297022
1-0,1-0,0.00026710044496695525,0.41709114921611684,0.5420661609091522
1-0,1-0,0.000264010514066362,0.44012535778427414,0.5198112619490667
0-1,1-0,0.0002586629791659421,0.4420458956296084,0.5169674365674637
1-0,1-0,0.00025744787055414207,0.42622653867981947,0.5328143765621154
1-0,1-0,0.0002739198325469502,0.42124116013525265,0.5378391015910321
1-0,1-0,0.0003081449662554344,0.4208375937386242,0.5381478972180921
1-0,1-0,0.0003977567790578508,0.41724254594831967,0.5418123666497423
1-0,1-0,0.00029597637990569717,0.42617010031574803,0.5328288873688813
0-1,1-0,0.00030565977634759543,0.4285275431367553,0.5304329619464732
1-0,1-0,0.0002496184981184361,0.46943838309906194,0.4895010884589742
1-0,1-0,0.00030115715119010566,0.42393896470016273,0.5350528495954044
1-0,1-0,0.00031377113187078845,0.5120657796217948,0.4467938683085715
1-0,0-1,0.0003656992051158533,0.6226125493277007,0.3370520961143815
1/2-1/2,1-0,0.00027925967797988314,0.41868237386938445,0.5404408710994303
0-1,1-0,0.00028074739263675723,0.418650943955759,0.541733371778409
1-0,1-0,0.00026679909812533616,0.4250607859501969,0.5340642859586868
1-0,1-0,0.00025439769108652244,0.48755546864505794,0.4747279500976846
0-1,1-0,0.00027217128768800377,0.42491657823709594,0.5342142565622027
1-0,1-0,0.0003138910723367154,0.45027529234887015,0.5086869356541637
0-1,1-0,0.00036329503460917617,0.42008685651401745,0.5389585806299969
0-1,1-0,0.00027672469743373013,0.4391684855157126,0.5198349602462409
0-1,1-0,0.0003880701427714032,0.4185165512078239,0.5405369877952805
1-0,1-0,0.00025637451953306226,0.43568970802653406,0.5233487977374353
0-1,1-0,0.0003025830676978314,0.4411319312236242,0.5178521855263182
0-1,1-0,0.00036396721784500954,0.4261815421003549,0.5328505058464198
0-1,1-0,0.0002513154429747799,0.45769208098696595,0.5014400400355604
0-1,1-0,0.00036569022217014806,0.43347765283522505,0.5255438475437865
0-1,1-0,0.0002619353069305867,0.4213823353218894,0.5403105126430665
1-0,1-0,0.0002814149480202833,0.4280727567179088,0.5309889410765679
1-0,1-0,0.0003158319792550905,0.4193969008450403,0.5395761537617871
0-1,1-0,0.0002867443073999722,0.4423120516463402,0.5166747103318685
1-0,1-0,0.00035426539686722163,0.4363443183721895,0.5226614517325744
0-1,1-0,0.00029309832549959347,0.5124211343372734,0.4463573795755434
0-1,0-1,0.0002850198818530959,0.5594727465223592,0.39920328846866165
0-1,1-0,0.00035574793942263686,0.4347437703379385,0.5242618744056035
1-0,1-0,0.0002627121420348847,0.42153964444789693,0.5376682539470556
1-0,1-0,0.00027407420243939404,0.5092915973475587,0.4495161835915582
1-0,1-0,0.0002640950237264982,0.4184399169496913,0.5407316355294238
1-0,1-0,0.00028076542237503413,0.418996156103417,0.5413273973559013
0-1,0-1,0.00032018458867458905,0.6280397588303075,0.33540118927022167
0-1,0-1,0.00031329873380076965,0.531553324617902,0.42715739532920594
1-0,1-0,0.00024720609071708925,0.45750794578058174,0.5014431712705295
0-1,1-0,0.00024793424057092614,0.45474969861592746,0.5042306204314947
1-0,0-1,0.00030175528098447843,0.5238659815315556,0.43486645635016774
0-1,1-0,0.000312427935158627,0.5096535437731757,0.4491441733095768
0-1,0-1,0.0003354428695068998,0.6162420904098097,0.34431135648789557
1-0,1-0,0.0003068947488349826,0.4492818891999559,0.5096816728604845
1-0,0-1,0.0003207610667779237,0.5569563028680227,0.40167691942790723
1-0,1-0,0.0002652221835890194,0.41900920724024454,0.540076605750702
0-1,1-0,0.00026900458233392716,0.42047540623233476,0.5386192988632309
0-1,0-1,0.000379581830338276,0.6250355090949155,0.33556125603049664
0-1,0-1,0.0003521018819277223,0.6106974472506859,0.34762935939267936
1-0,1-0,0.00027790401960786106,0.41504461834046524,0.5439985589070971
0-1,1-0,0.00027198088176305543,0.4161458009494822,0.5423635926147308
1-0,1-0,0.00037541819831872475,0.4173074479372147,0.5416745834933737
0-1,0-1,0.0003290726232286658,0.5940072131329063,0.3645026274378699
1-0,0-1,0.0002893373061157456,0.5688916383559786,0.38964250062889827
0-1,1-0,0.00026738727354672786,0.44554302010863545,0.5135027754509852
0-1,1-0,0.00026337294530930197,0.4201412566065835,0.5388909686559329
0-1,1-0,0.00036344057795380686,0.43727732167734734,0.5217424876423863
0-1,1-0,0.0002697021663850861,0.42209122947151506,0.5373744194699922
0-1,1-0,0.0002813325427837554,0.43793774715217487,0.5210629685313357
1/2-1/2,1-0,0.00026941192061702955,0.5082830001229195,0.4505335167598454
1-0,1-0,0.0003227004473242957,0.48953411626714377,0.46935669743262265
0-1,1-0,0.0003027312754041734,0.4182963949325514,0.54073280443519
0-1,1-0,0.000308374237154178,0.47792626146815487,0.4809644195799735
1-0,1-0,0.00026048072813427445,0.41848312558349693,0.5406503472435269
0-1,1-0,0.0002567349699482792,0.4248591449938621,0.5341984518695828
1/2-1/2,1-0,0.00025650654693699346,0.4809637693864293,0.47794083817496713
1-0,1-0,0.0002666974864643919,0.4221115676515485,0.5369952441730383
1-0,1-0,0.0003493618423626781,0.42431159528249063,0.534659283651132
0-1,1-0,0.00030159188630879446,0.41834049408347174,0.5407224079894732
0-1,1-0,0.0003797817206280217,0.42477065078891607,0.5342698976634674
0-1,1-0,0.0003460678770424524,0.4429221040039428,0.51607325464915
1-0,1-0,0.0002596954158498434,0.42011432496017476,0.5390713993907648
1-0,1-0,0.00037415100147721427,0.42849146860464465,0.5305427458313616
1-0,0-1,0.00033780172813508,0.5942343904012447,0.36422439459264083
0-1,1-0,0.0002645456376952755,0.433548614878501,0.5259138170350001
1-0,0-1,0.0002955609870424681,0.5470242951258241,0.4116342577688842
0-1,1-0,0.00034904978402015076,0.426860187956688,0.5321644568417587
0-1,1-0,0.0003105999228171987,0.4557374850763362,0.5031880004384881
1-0,1-0,0.00026603406827236005,0.42199323054303983,0.5371110269427362
1-0,1-0,0.0003050863549764174,0.4510315835636619,0.5078844080644992
0-1,1-0,0.0002610881786640481,0.41774169930892247,0.5413684048576725
1-0,1-0,0.0002621167220516568,0.42186784085079715,0.5378015031883988
1-0,1-0,0.0003286936245816378,0.42480125237354177,0.5341509157521646
0-1,1-0,0.0003103747832841599,0.45106499994193,0.5078604762049965
0-1,0-1,0.00026491970278356476,0.5423630225105847,0.4163369340564631
1-0,1-0,0.0002663700320878479,0.42391575706550566,0.535162188715114
0-1,0-1,0.00027851780527339554,0.5273978517063241,0.431263129239307
0-1,0-1,0.00027843061630335837,0.5428592747953972,0.4159054940448058
1-0,1-0,0.00031889215116680047,0.43331734032476277,0.5256856083611438
0-1,1-0,0.00028439886255080866,0.4168515551847355,0.5422826365181352
0-1,1-0,0.00033826245748615007,0.43987140883030695,0.5191231324519462
1-0,1-0,0.0003206179203136671,0.4383038119814575,0.5206401747636258
0-1,1-0,0.0003014854744453923,0.4751505581273468,0.483741111221316
1-0,0-1,0.00025998187099152375,0.521814143260742,0.4369728818508349
1-0,1-0,0.00026247374484122336,0.41954886082604304,0.5395678741123721
0-1,1-0,0.0003592059531308235,0.4329388036954635,0.5260698464258086
1-0,1-0,0.0002835021952896324,0.4382702008750973,0.5207303514193471
0-1,1-0,0.0002587922193907943,0.48406562276884674,0.47482875609630504
1-0,1-0,0.000264681140664445,0.45766632440698907,0.5012944140066663
0-1,1-0,0.00036267750629670107,0.43453813836147326,0.52447991363865
1-0,1-0,0.00035558217648079716,0.4225379659625741,0.5365285768823528
0-1,1-0,0.00035084168557496915,0.4386135720947107,0.5203918229594228
0-1,1-0,0.00038743331341321315,0.4199067470629349,0.5391427941204223
0-1,1-0,0.0003019182761689096,0.4432819313268372,0.5156429169431433
1/2-1/2,0-1,0.0003080091397513173,0.5324998716154962,0.42619733731995585
0-1,0-1,0.00030819181941493795,0.5637169730950631,0.39489987398863896
0-1,1-0,0.00027123104501326127,0.4159077699471957,0.5432299822887003
0-1,1-0,0.00025949133216280023,0.5036365055592671,0.4554066511315035
0-1,1-0,0.000383509686925204,0.41829555650395234,0.5407125579731668
1-0,1-0,0.0002888206076631776,0.4180454765583803,0.5410338532742945
0-1,0-1,0.0003365368835994678,0.612584965488518,0.345618004743784
1-0,1-0,0.0003635459798599464,0.4359387212640186,0.5230826869298942
0-1,1-0,0.0003987144670015548,0.4171408655446714,0.5419024947441919
1-0,0-1,0.00034861816360920065,0.6084069776920183,0.34992406885954225
1-0,1-0,0.0002786317378480169,0.42076675471940805,0.5383602121615426
1-0,1-0,0.00030141544048053716,0.44502126332964426,0.513953124655131
0-1,1-0,0.0003713515364577326,0.41744536321154696,0.5415276810900357
1-0,1-0,0.00028266729485049624,0.43542030348452415,0.5235585844902927
1-0,1-0,0.00033531178999434075,0.4209904548916175,0.5380474745783901
0-1,1-0,0.00026224559115309217,0.41765709970640935,0.5414522927458615
1-0,1-0,0.0002810752199926582,0.4175351694913681,0.5416020420480131
0-1,0-1,0.0003351272371498026,0.6039076177541397,0.3544853741723283
0-1,1-0,0.0002754717563830172,0.43060935008726314,0.5284352287725322
0-1,0-1,0.0002756850312372011,0.5557011530941545,0.40287976997409125
0-1,1-0,0.000251108307343242,0.43519435301130516,0.5238475445242228
0-1,0-1,0.0003175968736032177,0.544061279111225,0.4146267059286118
1-0,1-0,0.0002488232417406854,0.4428997823488301,0.5161152830272875
0-1,1-0,0.0003295170440015914,0.4724615223218419,0.4865065548097405
1-0,1-0,0.00026534118447325605,0.42360770910636086,0.5355269681088
1-0,1-0,0.00027351570075078,0.40884253798643644,0.5502863483350116
0-1,1-0,0.00025936767867799964,0.4261269186889911,0.5329098822386065
0-1,0-1,0.0003684382649105406,0.6143886944764066,0.3432411040043766
0-1,1-0,0.00035004314455404644,0.4505309810576289,0.5084750287466895
0-1,1-0,0.0003625325427948793,0.4200684313465694,0.538909966738908
1-0,0-1,0.0002654206535181505,0.5436117731552025,0.41507828331484947
0-1,1-0,0.000328216016808155,0.4177002660272868,0.5413546575728401
1-0,1-0,0.000272574744446288,0.4190314731518697,0.54011800982484
0-1,1-0,0.00037288915085060826,0.42952387719916807,0.5295031218525136
0-1,1-0,0.0003906144124709978,0.4201939655556808,0.5388517724497008
1-0,1-0,0.00024462098452729587,0.46075356838287224,0.4981991582135521
0-1,1-0,0.00024713696164527097,0.5002831525820369,0.4585617445552799
0-1,1-0,0.0002820981332345441,0.4211295721806048,0.5379808966219638
0-1,1-0,0.00031319367507913904,0.4927019088779024,0.4661511444436467
0-1,0-1,0.00025468804602982897,0.5241794265187885,0.43457411015726705
1-0,0-1,0.00036024127213335076,0.6326239194177691,0.3259913333331261
0-1,1-0,0.0002650713125725739,0.42303778846322404,0.5360608737449508
1-0,1-0,0.00037773450530770785,0.42197904248241724,0.537008173017273
0-1,1-0,0.0002530114422168722,0.4373075512675347,0.5217276590737426
0-1,1-0,0.00035186489662322767,0.4292352404080916,0.5297857610314424
1/2-1/2,1-0,0.00032165597645087085,0.4706503187067846,0.4883104098856899
1-0,1-0,0.0003210844420681218,0.42060108550210723,0.5383597566089566
0-1,1-0,0.00030151972838265105,0.42762183326861886,0.5313516278264037
0-1,1-0,0.0002450227954469814,0.4887923938867692,0.47007259616437963
1-0,1-0,0.000262741236217021,0.4204565505084889,0.5393851381019698
0-1,0-1,0.00035858253512171097,0.621178445563722,0.3371113939533125
0-1,0-1,0.00033786479145919907,0.5961087126685914,0.36228632683866036
1-0,1-0,0.000338607018455057,0.4546166127482828,0.5043548161118627
0-1,1-0,0.0003751291331333762,0.42719275062883105,0.5318329978562149
0-1,1-0,0.0003479574712088715,0.4214175271642591,0.5375455372838974
1-0,1-0,0.0002636977484927004,0.41745841043061716,0.541641490358778
1-0,1-0,0.00032695896843832045,0.4825350949493771,0.4763898626231668
1-0,1-0,0.00026859844427979914,0.416432294054614,0.542709633400335
0-1,1-0,0.00037147490932213495,0.4189114048001501,0.5401396696841606
1-0,1-0,0.00026938667116429855,0.4180405858688227,0.5410878477019531
1-0,1-0,0.00034630356947658227,0.43521177655211873,0.5237759312287354
1-0,1-0,0.00032007481152006816,0.4986746346888394,0.4602050182471652
0-1,1-0,0.0003253053932291191,0.47187880382692515,0.48708801133502655
0-1,0-1,0.00033045602072724736,0.6104743919329558,0.3479378642007464
0-1,1-0,0.0003863129481217794,0.42160471146636486,0.537440976380383
0-1,1-0,0.00025342288986038503,0.43571393932840247,0.523295594682851
1-0,1-0,0.00026252666972385066,0.4184507710262525,0.5407268324714747
0-1,1-0,0.00026240030372482473,0.42014409769561223,0.5389675490721876
0-1,1-0,0.00025461977889346284,0.44276809859733784,0.5162347927228266
0-1,1-0,0.00027134311410174716,0.4480338289315284,0.5109699247421687
1/2-1/2,0-1,0.0003837457924584995,0.6450489132008534,0.31314789488403205
1-0,1-0,0.0003072816648194633,0.4286680415282834,0.53034899877424
0-1,1-0,0.00026570813244339536,0.41963168557492164,0.5394453606820137
0-1,1-0,0.0002747206104311796,0.46185227089096365,0.49708876688445996
0-1,1-0,0.00026536454567935774,0.4162247250158665,0.542838378773142
0-1,1-0,0.00034205871456634886,0.4275933040815152,0.5313730697467883
0-1,1-0,0.0002571941621880912,0.43730944660122617,0.5236017936581073
0-1,1-0,0.0002894208313450987,0.47666070364817326,0.482232144702385
1-0,1-0,0.00038179633632492754,0.42558529006457035,0.5334522559661796
0-1,1-0,0.0002667551314017432,0.41685912108937395,0.5422432525903926
0-1,0-1,0.000316735466460201,0.5446514042380446,0.4140051399924021
1-0,1-0,0.0002971368854091276,0.4782763813140061,0.4806105977497195
1-0,1-0,0.00031185424388967335,0.4207290833978348,0.5382473620167502
1-0,1-0,0.00028023137617876694,0.41664038789204394,0.5425073747571777
1-0,1-0,0.00026208635805101757,0.4308164308137817,0.5282771643548053
0-1,1-0,0.00028460595658612585,0.43734046550242894,0.5216468792780052
1-0,1-0,0.00033696642653988524,0.4215192439091104,0.5375169647198313
1-0,1-0,0.0002617467963528897,0.4178471239875923,0.5412680683587089
1-0,0-1,0.0002765446864422986,0.5543882748139521,0.4042824096099566
0-1,1-0,0.0002989038761172147,0.4194392629638465,0.5395881328873053
1-0,1-0,0.0002767352447923726,0.4137836125340029,0.5453424404909988
1-0,1-0,0.0003804061593964534,0.4224935860218568,0.5365506605599989
0-1,0-1,0.00038290036096310764,0.6422734006570974,0.3159118882165765
1/2-1/2,1-0,0.0002458922840101643,0.4566114265973988,0.5023614374427747
1-0,0-1,0.0003002042101125439,0.557624127908239,0.4009935170354701
0-1,1-0,0.0003373635484182656,0.42430155005108217,0.5346553814103235
1-0,1-0,0.000309598932206588,0.5099040085843809,0.44888697769178254
0-1,0-1,0.00039035428087844624,0.6519711320829708,0.3060755454946462
0-1,1-0,0.00026295337356769925,0.44127304757121893,0.5184335349652749
1-0,1-0,0.00025440684019303677,0.46320908883400136,0.4958126811935159
0-1,1-0,0.0003480778847840729,0.44436746516599074,0.5146282044196783
0-1,1-0,0.000257382373982768,0.42900530453306407,0.5300217412592036
1-0,1-0,0.00025269661919119474,0.4304358997035796,0.5286166354956782
0-1,0-1,0.0003546867938032764,0.6248923388698556,0.3333690271229822
0-1,1-0,0.0002730059459365093,0.4197948318628901,0.5395054956001292
1-0,1-0,0.0002618952151372786,0.42295090280960723,0.5362048046171292
0-1,0-1,0.0002896696871731057,0.5608463970999112,0.3976360271275664
0-1,1-0,0.00035644964498365297,0.4325741691633107,0.5264437423533902
1-0,1-0,0.0002574293522454746,0.43923683814249015,0.5198203621787608
0-1,1-0,0.00036213136901407496,0.42347065778175824,0.5355186428047911
0-1,0-1,0.0003542311818502063,0.6231787380611287,0.33513899030841504
1-0,0-1,0.00033506726429078417,0.6292710933901939,0.32705644138252626
1/2-1/2,1-0,0.0002763380718437533,0.42015821246755936,0.5392127196322174
1-0,1-0,0.0003185477145270852,0.4174798963576288,0.5415804876476248
1-0,1-0,0.0002499247029539601,0.501901098229054,0.45694564660995035
1-0,0-1,0.0003419016941562432,0.614558025849051,0.34375722024268507
1-0,1-0,0.0002537801651388824,0.4972498360104182,0.46296412248324165
1-0,1-0,0.0003260276391656896,0.44044995681462146,0.5185040372266992
0-1,1-0,0.000257032704541829,0.46356178435743456,0.49538944298741866
0-1,1-0,0.0002465941185545225,0.4495825921295739,0.509403928770424
0-1,1-0,0.0003353602349724628,0.4494800930965526,0.5094953686750405
0-1,0-1,0.00028920701836360934,0.5680469227943735,0.3905701713672807
0-1,1-0,0.0003119759164787357,0.46461192991732897,0.49431891002081674
1-0,1-0,0.0002665762974031649,0.42039126596585424,0.5387130302939251
1-0,1-0,0.0003144242574920466,0.4631513000450565,0.4957807081337734
1/2-1/2,0-1,0.0003266832149278228,0.5815877784489595,0.3768826354798431
0-1,1-0,0.00025310396339327663,0.42947717439609634,0.5295792797419837
0-1,1-0,0.0003902620419336186,0.42011889596854124,0.5389279903063581
1-0,1-0,0.00036662104004220715,0.41757590645568216,0.5413958435607839
0-1,1-0,0.0003518931753048491,0.44874251239613405,0.5102583750500043
1-0,1-0,0.00031107352909774227,0.4198038620304393,0.5392440168189254
0-1,1-0,0.00029111940165276617,0.47887459818458006,0.4800114537469918
1-0,0-1,0.00031780174111044286,0.5452882841176383,0.41339610662944065
0-1,1-0,0.00028171170783769474,0.4802131661072109,0.47867293008091755
0-1,0-1,0.00028614142965866933,0.5709770769133679,0.3875665226875539
1-0,0-1,0.00032874413595374095,0.5768492025996965,0.38163380557444015
1-0,1-0,0.0002750268574931425,0.4302303078673904,0.5223189823298054
0-1,1-0,0.0003209519064601386,0.49252771630830144,0.4663856300886815
0-1,0-1,0.00035283450132092195,0.6222241904325595,0.33608934758178693
0-1,0-1,0.000329744911862784,0.6122061569130022,0.3476447216257853
0-1,1-0,0.00029952827444528667,0.5108476037466321,0.44798654073609767
1-0,1-0,0.0003021915555330095,0.4676867380205025,0.49121152419516406
1-0,1-0,0.00031325702709055663,0.4219254950311274,0.5370434529024543
1/2-1/2,1-0,0.00027019507901850873,0.4880311624275065,0.4707930332660614
0-1,1-0,0.0003231439691228765,0.4891917373406458,0.46970280201986947
1-0,1-0,0.0003781980878873157,0.4219917557573888,0.5370231221306171
1-0,1-0,0.0002789016295564178,0.4346872064808494,0.524328514028781
1-0,1-0,0.0002608856146451775,0.4311218668857485,0.5279296482990188
1-0,1-0,0.0002904265098034509,0.4398069683272587,0.5191457471509797
0-1,1-0,0.00028667177201668843,0.4177457098413559,0.5413599149690198
0-1,1-0,0.0002541571960958357,0.4979694418096949,0.46089018507480867
0-1,1-0,0.0002582107342693868,0.49036669971640406,0.468511139145338
0-1,1-0,0.0002807224962065143,0.44903532664928547,0.5099364971137885
1-0,1-0,0.00024505527012565285,0.48962980249632,0.46924635749406773
0-1,1-0,0.00028855879600769846,0.4305389056226609,0.5284677300284873
1-0,0-1,0.00039368745698933655,0.6577360603694188,0.30139034620783817
0-1,0-1,0.0003530710354807245,0.6233475432030212,0.3349470513442042
1/2-1/2,0-1,0.0003255189029235871,0.596999303431424,0.36137008602723125
0-1,1-0,0.0003286883754622432,0.473734020303319,0.48519481024910815
0-1,1-0,0.0003268338561052236,0.43163298868416294,0.5273748936497948
1-0,0-1,0.00031847434197383777,0.6034764431013039,0.3539545717505562
1-0,0-1,0.0002665698751637593,0.5376213904689371,0.4210894656884569
0-1,1-0,0.0002499599961979647,0.4426789860901089,0.5163381197593044
0-1,1-0,0.0002444448135609975,0.48711071290573615,0.4717704892945969
0-1,1-0,0.0003423814964334286,0.44104027730682943,0.5179492496855901
1-0,1-0,0.0003849289431560958,0.41794713317213206,0.5411190896854167
1-0,1-0,0.0003810611341567593,0.4254752584623999,0.5335642258776088
1-0,1-0,0.0002709326771578594,0.4904227524271673,0.4684426308587961
1-0,1-0,0.00026082366354511965,0.420883855291863,0.5381771403817556
0-1,1-0,0.0003020090943619029,0.4190402876697651,0.539989288334433
0-1,1-0,0.00026854843557935575,0.42763734510774387,0.53211500885057
0-1,1-0,0.0003779810810976892,0.42780541725621885,0.5312307994391811
0-1,1-0,0.0002824702252317644,0.45042290836921783,0.5085440533242767
1-0,0-1,0.00030024887686470555,0.5793157698561441,0.37931189125382503
1-0,0-1,0.00039269702511962433,0.6545557679138796,0.30351325060161244
0-1,1-0,0.00025516698732527967,0.49930197739898413,0.459553461099494
1-0,1-0,0.00025131785114651637,0.4350000025259138,0.5240290452628328
0-1,1-0,0.0002848830607525188,0.4168174205054759,0.5440571697854109
0-1,1-0,0.0002476764922661808,0.44827593936871696,0.5107223845327451
1-0,1-0,0.00025078979110458783,0.435675633492716,0.5233637403979136
1-0,0-1,0.0002867756175101308,0.5332854490019834,0.4254317830186092
1-0,1-0,0.00028444470812935855,0.41840174265044205,0.542519396718816
1-0,1-0,0.00029336164929682406,0.5155423473082066,0.4432358602079947
0-1,1-0,0.0003282685097219017,0.432422640246577,0.5265298782832224
1-0,1-0,0.00026981865654917214,0.4156598113412279,0.5434528754939669
1/2-1/2,0-1,0.0003293234196088335,0.5784748495405074,0.37999920584255314
0-1,1-0,0.0002477885337312498,0.5051467128514474,0.45367603299089315
1-0,1-0,0.0003266872322326641,0.4188198173845556,0.5401380300943296
0-1,1-0,0.00034570846021348366,0.45277626449113784,0.50620962540572
0-1,1-0,0.0003904029410777806,0.419813718517356,0.5392342701436232
0-1,0-1,0.000303354413369827,0.5245603200571514,0.4342532025785369
1-0,1-0,0.00026512838391674713,0.4312207031915227,0.5278243908432408
1-0,1-0,0.0003584795340031793,0.4373156675454337,0.521698258254008
1-0,1-0,0.0003663963077821107,0.4174456610388914,0.5416165649862007
1-0,1-0,0.0002442674874749363,0.48343845005774333,0.4754550427423596
0-1,1-0,0.0003254329961703197,0.4179941781204281,0.5409674425004978
1-0,1-0,0.0003806499597082309,0.41989316441832714,0.5391176736987491
1-0,1-0,0.0002615601089864914,0.48030661997520163,0.47861302246604276
0-1,1-0,0.00026717267934218096,0.4213839789132909,0.5377345568783221
1-0,1-0,0.0003636033635021343,0.42785866982424847,0.5311462774394794
1-0,1-0,0.00032700647002960185,0.44383321853866936,0.515125783064778
1-0,1-0,0.000297333914685604,0.4178870032549,0.5411701565166936
1-0,0-1,0.0002654540927220502,0.535798721236833,0.4229409651611512
1-0,1-0,0.00024865881927398916,0.4851865308305131,0.4737095659856222
1-0,1-0,0.00029839482614949924,0.41798437361481156,0.5410842848519858
1/2-1/2,1-0,0.0003480942043331516,0.4435215970486039,0.5154750476306404
1-0,1-0,0.0003469145906839406,0.4477418226255714,0.5112490092518015
1-0,1-0,0.0002676335625673567,0.4267771465881124,0.5327541820230409
0-1,1-0,0.0002555643687250414,0.42740593491669054,0.5316700274168485
1-0,1-0,0.00025017075507655973,0.4796411953760005,0.4792979951059312
1-0,1-0,0.0002806483228492975,0.4180520308340102,0.5410398907999548
0-1,1-0,0.00027295071251901687,0.4159609162541892,0.5431532011457905
1-0,1-0,0.00031563923558668524,0.476635395519789,0.4822642220147432
1-0,1-0,0.0002602190381230833,0.5123213024532839,0.4464940730744104
0-1,1-0,0.0003158917322497798,0.4488512974567829,0.5101147476899485
1-0,1-0,0.00026755635738253596,0.41703863877089586,0.5420829581720958
1-0,0-1,0.00029545746091391695,0.5725995558825621,0.3859963701105418
0-1,0-1,0.00032353349178777693,0.5630203185682721,0.3955572285616106
0-1,1-0,0.0002499314005249314,0.4578624808534423,0.5011090081192782
1-0,1-0,0.00026059993265083517,0.4324850033834462,0.526584935454686
0-1,1-0,0.00036011690137876975,0.4311524866665232,0.527853976883155
0-1,1-0,0.00025057568373971334,0.5003131356490962,0.45853934502322474
1-0,0-1,0.00029847610195226287,0.5369127273582703,0.421773361369065
1-0,1-0,0.0003490526706975342,0.423094620179307,0.5358732297417937
1-0,1-0,0.0002883610068044601,0.4774857544021617,0.4813595763261021
1-0,1-0,0.00026383123405939043,0.4173874685062949,0.5417825787441196
0-1,1-0,0.00031825505682312594,0.4286765813448606,0.5303384526380753
1-0,1-0,0.0003705491827692017,0.4260542211795425,0.5329810725573142
0-1,0-1,0.00029789321966772116,0.5814516407989301,0.3769715324772167
1-0,1-0,0.0003588023439266086,0.4215507060026794,0.5374270257106813
1-0,1-0,0.00027006275573866273,0.4253750189461258,0.5337579789344872
1/2-1/2,0-1,0.0002942346306001978,0.5938098300892554,0.36075879810960665
0-1,1-0,0.00036168143798429264,0.44045234670336053,0.5185662885246507
0-1,1-0,0.00027747394225675887,0.4119832807455395,0.5471444119978975
0-1,1-0,0.00031356255954050316,0.4193656334397888,0.539612558138329
0-1,1-0,0.00036359117609822505,0.4174144259599942,0.5415505094104301
1-0,1-0,0.0003502186405038011,0.44252006340432937,0.5164870833455756
1-0,1-0,0.00031911039163770734,0.45268727155936667,0.5062712021452185
1-0,1-0,0.0002996263228244781,0.4183413030091098,0.5407233393170895
1/2-1/2,1-0,0.0003243687925839883,0.4184201625923012,0.5405418208080102
0-1,1-0,0.0003208312427094644,0.42986976632587226,0.5291420043904692
1-0,1-0,0.0002955603856057599,0.4238113929271242,0.5352028285989464
1-0,0-1,0.0002688754423820419,0.5352901810521864,0.42345057626488175
0-1,1-0,0.0003567006977620469,0.4378642582842067,0.5211484554647842
0-1,1-0,0.0002789068736867896,0.4255959775427167,0.5334540223480198
1-0,1-0,0.0002788099714819036,0.4294108239214965,0.5296236575401747
0-1,1-0,0.0003406604344185418,0.4477198535464149,0.5112634391024761
0-1,1-0,0.0002767094314472684,0.42797133668367743,0.5310713644698966
1-0,0-1,0.00030783140249378407,0.5259957260940185,0.4328243750740382
1-0,0-1,0.0002951610390477948,0.5803951753803289,0.37808501822906565
0-1,1-0,0.0002685206824420059,0.4273126363088374,0.5324106619939667
1-0,1-0,0.00036891269575419454,0.4202607523447624,0.5388079410867682
0-1,0-1,0.00037431525861249064,0.6307057600490784,0.32744420995695184
0-1,1-0,0.0002761855696893018,0.4214647474386363,0.5376102816123408
0-1,0-1,0.00031112453397353056,0.545646008964099,0.41309912801803356
1-0,0-1,0.0003652625245798155,0.6331901129925466,0.32509220989196624
1-0,1-0,0.0002742327577098618,0.4182828564691219,0.5408754813946302
0-1,0-1,0.00027740347673717964,0.5571331973468276,0.401438288262518
1-0,1-0,0.00028766958233257544,0.41817373809896363,0.5409371067490895
0-1,1-0,0.0003220311873724691,0.4536908465701377,0.5052645134765527
1-0,1-0,0.00024560471740245934,0.45460786251735075,0.5043626128909087
0-1,0-1,0.0003480450591880835,0.6226619876893565,0.33568906494234746
1-0,0-1,0.00028405399931994536,0.5364783874108098,0.42213988654888673
1-0,1-0,0.0003659711850874463,0.423380110898133,0.5356158555241152
1-0,1-0,0.00026020870210242774,0.4413789150444085,0.5177076236421889
0-1,1-0,0.0002681237043101467,0.4175604674577267,0.5415874297474986
1-0,1-0,0.0002602645897085089,0.4311420461194842,0.5279100991580963
0-1,1-0,0.00030608736613814614,0.4209140804392362,0.5381627114711567
0-1,1-0,0.000260938967547185,0.4426763651084458,0.5164096647610683
0-1,1-0,0.00037329875376217284,0.42936138107112004,0.5296660474513817
1-0,1-0,0.00025436688409632036,0.427432396452066,0.5316433082078309
1-0,1-0,0.00026002227634968375,0.4180474480528684,0.54107285999361
1-0,1-0,0.000263155865810733,0.41925279468589155,0.5398144332521391
1-0,0-1,0.00028394895358525607,0.5550992896838374,0.40356475930125907
1-0,1-0,0.00025852468892927424,0.418577298288632,0.5405598457425212
1-0,1-0,0.0002780611075090243,0.4072146548793639,0.552451955533406
1-0,1-0,0.00027135132705065834,0.40695176043846015,0.5488219046575732
0-1,1-0,0.0002521663656094551,0.46753132551762794,0.4933869165138943
1-0,1-0,0.00026080388534733596,0.4454945308156764,0.5139072663396789
0-1,1-0,0.0002634602164236903,0.5192619049932935,0.43975650297824126
1-0,1-0,0.0002941045508056405,0.4273722200994589,0.5316556185550736
0-1,1-0,0.00035432674466590573,0.42795187815687386,0.531005514095881
1-0,1-0,0.0002669426980692379,0.429183800903363,0.5304258814314955
1-0,1-0,0.0003239294511434341,0.4586112276103258,0.5003529071456735
0-1,1-0,0.00024938125467435703,0.44126120264574986,0.5177448149961423
1-0,0-1,0.0003624557955261062,0.6323673740816064,0.3261826914887717
1-0,1-0,0.00025635025861643504,0.4230393969762562,0.536044500034406
1-0,1-0,0.0003089312692658519,0.4276029144164101,0.5313550501335048
1-0,1-0,0.0002802753842673178,0.419747617391613,0.5396013705701426
0-1,1-0,0.00026143230387488497,0.42173022800321985,0.537371160519452
0-1,1-0,0.0002553184466018345,0.4464544106306143,0.5125478621521261
0-1,1-0,0.00024998545313023964,0.4419578923778055,0.5170397032482108
1-0,1-0,0.00036411766864133193,0.4196911638738787,0.5392682881628722
1-0,1-0,0.0002680110324537683,0.4360063056897883,0.5230875743338187
0-1,1-0,0.00031238678040802146,0.42132640570704644,0.5376464872674436
1-0,1-0,0.0003620691589719141,0.4306242027692877,0.5283847945624043
1-0,1-0,0.00026333271083639085,0.4195959475947128,0.5395182775729974
1-0,1-0,0.0003520189067524934,0.4310345738140698,0.5279558779535506
0-1,1-0,0.0002642647622560648,0.4350308731949238,0.5240763812819346
1-0,1-0,0.00027267852063290435,0.41670531910539066,0.542051054860116
1-0,1-0,0.00037729637514185497,0.4248803695265636,0.5341593639871632
0-1,1-0,0.0003113091629031064,0.48384389296212893,0.47503230222542236
1-0,1-0,0.000262229683522467,0.4444938338088112,0.5152687496733304
1-0,1-0,0.00029812218575054055,0.4329653415423507,0.5260423394196683
1-0,1-0,0.00026789631463187334,0.4709480948657647,0.48797363407194766
0-1,1-0,0.000272287681537915,0.42393283323885445,0.5352019112642821
0-1,1-0,0.0002699612322799472,0.4156690837819351,0.5434461806264197
0-1,1-0,0.0002633693541994515,0.4181816094301658,0.5427036911558769
1-0,1-0,0.00026355121391266715,0.4222983096770333,0.5367729014354008
1-0,1-0,0.0002458963409914354,0.45940959488171407,0.49955598450712124
1-0,1-0,0.0002709774031172352,0.4437469064730108,0.5152479795422188
0-1,0-1,0.0002598089750855421,0.534300614101788,0.42440980939836026
1-0,1-0,0.0003948991341790273,0.41771790383579516,0.5413343242212457
0-1,1-0,0.00026141561737130184,0.4358490116033692,0.5231829186608313
1-0,1-0,0.0002567043742215345,0.4244332273182827,0.534658172562847
0-1,1-0,0.0002925060556971467,0.42252948999833484,0.5365188819411685
0-1,1-0,0.00024628165672587474,0.4988834008680886,0.4599604419001796
0-1,1-0,0.00027298315474114885,0.4179918057442998,0.5413799004944876
0-1,1-0,0.00031319179219614824,0.4297804879234335,0.5292320104185854
0-1,1-0,0.00027677491557071026,0.44714483088439005,0.5118296690952718
1-0,1-0,0.0002901958182044007,0.41789276806230313,0.5412045371451808
1-0,1-0,0.00025107614283708985,0.44732808251992995,0.5116742085266399
1-0,1-0,0.00035098809467369667,0.4195558700917638,0.5393913912349567
0-1,1-0,0.00024944390837509727,0.44601520242524695,0.5129913153228356
1-0,1-0,0.0002633763642163606,0.42959205938514256,0.5294625429247478
1-0,1-0,0.00025427102144828925,0.45005606228793704,0.5089579753482458
0-1,1-0,0.0002682756050078087,0.44609969932870674,0.5128907694583407
1-0,1-0,0.00024700936831363916,0.46172796294879764,0.49723243015801033
1-0,0-1,0.0003131861803397709,0.5345802535338661,0.42419406486863276
1/2-1/2,1-0,0.00031447084463329306,0.5035107579315513,0.4553792986039474
1-0,0-1,0.000298979505638736,0.5807401165622833,0.37775725120134174
0-1,1-0,0.00034507097489545863,0.4178659408903892,0.5410873441012667
0-1,1-0,0.00028825520545336364,0.41749940042329625,0.5415995226439217
1-0,1-0,0.0002605655401121855,0.44352099350580776,0.5154854894531221
1-0,1-0,0.0003503100878402027,0.44424875320430196,0.5147497640306492
0-1,1-0,0.0002562308917606007,0.5111400160554139,0.44768365477325767
1-0,1-0,0.0002558288870932602,0.44229953682899775,0.5167459388386424
0-1,1-0,0.0002670940605310041,0.41800475858080716,0.5411160614754886
1-0,1-0,0.0003332800721190449,0.43543628067093554,0.5236032402675257
1-0,1-0,0.0002675237129281729,0.46372151810068374,0.49522487284317807
0-1,1-0,0.00026260598145772977,0.41827103039733937,0.5435660168847676
1-0,1-0,0.00029485180209498564,0.4496797077474455,0.5092321031731126
1-0,0-1,0.00029444209638557363,0.5733517867559844,0.3852939896655846
0-1,1-0,0.0003321975046642469,0.42981753614924084,0.5291382613983677
1-0,1-0,0.0003763387287877869,0.427440816593251,0.5315681589682492
0-1,0-1,0.0003424106010007923,0.5973089333633913,0.36109308648124355
0-1,1-0,0.000295205489639411,0.46140040953289474,0.49748757236348995
1-0,1-0,0.0002612177113768942,0.5018979111473386,0.4569604347350788
1-0,1-0,0.00037775678249512846,0.42632946752126893,0.5327085586402622
0-1,1-0,0.00037465219849261455,0.4302505025299869,0.5287767267181229
1-0,1-0,0.00024391693567404508,0.4681217453010017,0.4908094814882712
1-0,1-0,0.0002449429111925484,0.49189786216329884,0.4669665042816915
0-1,1-0,0.00027640556629391846,0.4185502202751935,0.5405449214330342
0-1,1-0,0.0002848013121561704,0.4278135219975541,0.5312546213648659
1-0,0-1,0.00034884776030801083,0.6260481287968225,0.3337378566514776
1-0,1-0,0.00026010639774282014,0.4602002186451058,0.4999227900048421
1/2-1/2,0-1,0.00031342738233199817,0.5948998513793882,0.3636488398257116
0-1,1-0,0.0002566122648196557,0.4365763299927731,0.5224394466263189
0-1,0-1,0.00037977557761629106,0.6379525888832331,0.3202282150112456
1-0,1-0,0.0002574162711417983,0.4394809421873886,0.5195424841398957
1/2-1/2,1-0,0.0003375578266230532,0.4219085628527047,0.5370467544940357
1-0,1-0,0.000323313640481358,0.4623495706353336,0.4965904854400904
1-0,0-1,0.0003254996525542033,0.5831721041596013,0.3752999746105828
0-1,1-0,0.00036505409362014323,0.43025233397106794,0.5287615092924477
1-0,1-0,0.0002660033024767452,0.4164500521637769,0.54264328341993
1-0,1-0,0.0002671231687303566,0.4347921068661017,0.5243112475987662
0-1,1-0,0.0003832592524049757,0.42013637971960055,0.5389129831617441
1-0,1-0,0.00038216118654714395,0.4253195074479415,0.5337177364100117
0-1,1-0,0.0003039495711772483,0.44316752837958373,0.5157576710884041
1-0,1-0,0.000378287962165336,0.4173325071850686,0.5416527727719551
0-1,1-0,0.0002548893736956591,0.4736986940797355,0.48522665393033404
0-1,1-0,0.0002604172941290886,0.4205907319116179,0.5385921372885162
1-0,1-0,0.0003893210245567323,0.42101866824060313,0.5380210877904114
0-1,1-0,0.0003033892008225815,0.42093535243739855,0.538064721852253
0-1,1-0,0.0003593005330540322,0.4411140751552892,0.5178993873649668
1-0,1-0,0.00039051667621973297,0.4193273271170172,0.5397047893601788
1-0,1-0,0.000254578227232672,0.4862290489867175,0.472662709673549
1-0,1-0,0.0003367500721520423,0.41886769954330993,0.5400802283912135
1-0,1-0,0.00035128108078789504,0.43547687864204165,0.5235213953603807
1-0,1-0,0.0003071647669279578,0.4240049864983632,0.5349691720276422
1-0,0-1,0.00029030684407247174,0.544806791849888,0.41386990943086754
1-0,0-1,0.0002966971229156409,0.5512771618055265,0.4073665969005295
1-0,1-0,0.0003093920205160479,0.41734298317088636,0.5416602251204915
0-1,1-0,0.00025187603739345075,0.43621550731031683,0.522824002906855
0-1,1-0,0.0003186217621107713,0.4598083207661077,0.499141390328932
1-0,1-0,0.0002570432875901108,0.4266826603126313,0.5323955625150159
1-0,1-0,0.00029566607010136827,0.4208173477320358,0.5382709666382519
1-0,1-0,0.00026413106196382407,0.41691136042236593,0.542174977036726
1-0,1-0,0.0002770726145001211,0.4261693428703747,0.532911750997245
1-0,1-0,0.0003326991379047305,0.4234470406590884,0.535582870760427
0-1,1-0,0.000342704716400196,0.4251671684176889,0.5337963469020383
0-1,1-0,0.00025680574137365884,0.4259417784451711,0.5331056576560158
1-0,1-0,0.0002785603090078068,0.4304880852715626,0.5285426325960196
0-1,1-0,0.00028802782651166596,0.4682427403969787,0.4906739398890105
1-0,1-0,0.00029443552493433424,0.46277386233769113,0.49615593340393954
1-0,1-0,0.00027510435202770866,0.42531445534169926,0.5338023548817752
1-0,1-0,0.0003924290494682374,0.41849754092691815,0.540553693339218
1-0,1-0,0.0003782237587525005,0.41919363579454966,0.5398086386788613
0-1,1-0,0.00030076320475343156,0.47725301947187776,0.4816344896580341
0-1,1-0,0.00028744645689005965,0.4367712812829895,0.5222064050925501
0-1,1-0,0.00037364280374959497,0.4301588555430368,0.5288708789423435
1-0,1-0,0.0002661955170531525,0.4166510891222632,0.5423834279366401
1-0,1-0,0.00035598465605394,0.42183459569398923,0.5371158689686935
0-1,1-0,0.00025704527474558524,0.4741140626497568,0.4848085431629812
1-0,1-0,0.00027401050058919823,0.41912212862047354,0.5400279818166567
1/2-1/2,1-0,0.00029290709064052977,0.4239184035356397,0.5351073356251147
1-0,1-0,0.00028057779013077874,0.4376079225382295,0.5213989067968996
1-0,1-0,0.00024507278981997005,0.45887003385448777,0.5000857893453496
0-1,0-1,0.0003172382323979431,0.5504808160021182,0.40814111759618177
1-0,1-0,0.00027894306609762404,0.4504557624059863,0.5084905035431084
1-0,1-0,0.00029979052282183446,0.41880245101708874,0.5402386339481433
1-0,1-0,0.0003646770202434578,0.42397344617204813,0.5350220637299221
1-0,1-0,0.00030330253088363325,0.5086753527627093,0.45011463510857364
0-1,1-0,0.00033696223270865834,0.4331115035572586,0.5258956771397704
1-0,1-0,0.0002872421474723015,0.41863982606002603,0.5404549174690565
1-0,1-0,0.0003664816569212501,0.4253572574631571,0.5336773259854664
1-0,1-0,0.000273614502275121,0.40863307723465436,0.5503308074200421
0-1,1-0,0.0002877581918087915,0.48090023209475186,0.47798101093554557
1/2-1/2,1-0,0.0003515476546801388,0.42752616996920656,0.5314554320578534
0-1,1-0,0.0003730668007116925,0.42919009983261985,0.5298428667248213
0-1,0-1,0.0003488965971826015,0.6193589885318145,0.3389443873577386
0-1,1-0,0.0002625867973083433,0.41830324513172806,0.5408067950096136
0-1,1-0,0.0002861444841661412,0.43474107964375563,0.5242682782140856
1/2-1/2,1-0,0.00026271683770141125,0.4357138382219784,0.5233890590147661
1-0,1-0,0.0002949139705397661,0.49889037830883404,0.45993321847255547
1-0,1-0,0.00026005738526118163,0.42325160275649965,0.5359146400608764
0-1,1-0,0.0002605408512609117,0.43852046447186993,0.5205697476654314
1-0,1-0,0.0002673542705129693,0.4536935965618498,0.5052758134947605
1-0,1-0,0.00026253205597560485,0.41757840375379984,0.541561152824432
1-0,1-0,0.000244369126670181,0.47484861516281796,0.48407173817424237
0-1,1-0,0.00031056633287396496,0.4520444081866147,0.5068812787883984
1-0,1-0,0.0002791100986247859,0.4388536655085884,0.5201542775378082
1/2-1/2,1-0,0.0003385547732573362,0.4646281652621198,0.49434527734030037
0-1,1-0,0.00027485870869086614,0.41609102566344547,0.5430679915570504
0-1,1-0,0.0002564848288423559,0.4258936943470115,0.5331894947650218
0-1,1-0,0.00035374918271954527,0.4192201530405991,0.5398262827305162
0-1,0-1,0.00032370943054183817,0.5755229858983404,0.38307551857579875
1-0,1-0,0.00033681085882539133,0.4669170704289302,0.49204982443832174
0-1,1-0,0.00025952452394140655,0.42149623765911254,0.5376874168950158
1/2-1/2,1-0,0.00027905829992492376,0.41831661654799024,0.5407756855957557
0-1,1-0,0.00030910082312548295,0.43297133647859143,0.5259725444788433
1-0,1-0,0.00030412648598375253,0.42803329851128746,0.5310209045118311
0-1,1-0,0.0002632462624079341,0.4287688127830692,0.5302897080964326
0-1,1-0,0.0002836155228172234,0.41150163852593924,0.5424290578936932
1-0,1-0,0.0002485361223076178,0.4419559931813862,0.5170568905985962
1-0,1-0,0.00026051111067359876,0.46650546568557516,0.4924347647028097
0-1,1-0,0.0003770825216712218,0.42822777860149547,0.5308048274620297
1-0,1-0,0.0003249295714710936,0.4330797232257225,0.5259244209105918
1-0,1-0,0.00031188252422518944,0.4313077231856689,0.5276363319038802
1-0,1-0,0.0002521625843846583,0.4322563993386731,0.5267854893912867
0-1,1-0,0.0003804017009455049,0.41937011719532774,0.5396375565208631
1-0,1-0,0.00033700787281471954,0.41743307236183663,0.5161671224063026
1-0,1-0,0.0003522035268823345,0.4233925294252481,0.5355803761707144
1-0,1-0,0.0003113347133597113,0.4253602705478341,0.5336008237434003
0-1,1-0,0.00035733163286544994,0.4429038128938893,0.516112936978821
1-0,1-0,0.0003169276566409775,0.42554092643429026,0.5334138823836583
0-1,1-0,0.00037491490102141173,0.4263099411597626,0.53272700645454
1-0,1-0,0.0002611918626029923,0.41917315544217043,0.5399022498748398
1-0,1-0,0.0002679369891044916,0.45813316937343407,0.5008233851646435
0-1,1-0,0.00032261117964521406,0.4396133913193223,0.5193752988038572
0-1,1-0,0.00025953125034949013,0.41909257324033333,0.5400843252076319
1-0,1-0,0.00026871175971145795,0.42433183752368514,0.5351753078807875
1-0,1-0,0.00027953835803534683,0.41809281500961826,0.5419872067613242
1-0,1-0,0.00027808005190444786,0.42198725825878963,0.537908893563205
1-0,1-0,0.0003595691549549515,0.43725044522120804,0.5217662863358162
0-1,0-1,0.0003395419789147626,0.6277640755720659,0.32916062349281106
0-1,1-0,0.0003802987781358535,0.4223091688713734,0.5367597324204518
1-0,0-1,0.00027832481185137084,0.5425217890529337,0.4162294097475844
0-1,1-0,0.00024929722576751747,0.4622455626596816,0.496713752764783
1-0,1-0,0.00033228083498872477,0.4722321346208571,0.48673150243065344
1-0,1-0,0.0003156228926436698,0.45306898575935417,0.5058689292345864
0-1,1-0,0.0003064044016978587,0.4533757576388064,0.5055408008698439
1-0,1-0,0.0002652997429925087,0.4248906301048555,0.5341838158874734
0-1,0-1,0.0003172872831086715,0.5755300718600926,0.38298991085139233
1-0,1-0,0.0003736278890269112,0.4311879847632785,0.5278627817052938
1-0,1-0,0.00030854224228118267,0.4181875883441285,0.5408886449629033
0-1,1-0,0.00026117192942649175,0.43896640550902444,0.5202412884819162
0-1,0-1,0.00034871955811432195,0.6115194827307022,0.346818179128604
1-0,0-1,0.00029305099048243483,0.5780123972428889,0.3804728754907273
1-0,1-0,0.0003648060504744938,0.4247425279858551,0.5342249230558941
1-0,1-0,0.00026570856765564376,0.4200888852237281,0.539015720471267
1-0,1-0,0.0003514101798885823,0.42102588207291647,0.5379402102586113
0-1,1-0,0.00037171397637553297,0.4313987947335345,0.5276317187803066
1-0,1-0,0.00025040969348925235,0.49429186399848324,0.4645786240672151
1-0,1-0,0.0003098402533754731,0.4822542697667087,0.4766252202502802
0-1,1-0,0.0003652309785067183,0.4343770886351063,0.5246717462032898
1-0,1-0,0.00032381543973756616,0.47807552818450505,0.4808808402455084
1-0,1-0,0.0002892583389122297,0.4444291883554301,0.5145504408107255
1-0,1-0,0.0003749885704874356,0.4215204887793439,0.5375243623525587
0-1,1-0,0.0002538939582639144,0.43241931096083147,0.5266048094444412
0-1,1-0,0.0002795159126529795,0.447958529618056,0.5110170771347383
1/2-1/2,0-1,0.000353517362281971,0.6221939874921316,0.3361141618838001
1-0,1-0,0.0003829391487614198,0.4247858148695917,0.5342536853326537
1-0,1-0,0.00032481940485140686,0.4272738056268025,0.531676161871281
1-0,1-0,0.00031831070559139367,0.5003068259905257,0.4585426837088037
1-0,1-0,0.0002623568519340177,0.4440041442237293,0.5150762342210204
1-0,1-0,0.0003646491981418246,0.42539965910861904,0.5336002401504557
1-0,1-0,0.0003214319869452941,0.43622107243488006,0.5227751434362976
1-0,1-0,0.0002705289851105202,0.44828150180512544,0.510700436094658
1/2-1/2,1-0,0.00029532095691949054,0.4620852235913875,0.4968018255070538
1-0,1-0,0.00034914204720522355,0.42333436618106507,0.5356104549248605
0-1,1-0,0.0003463533669923292,0.4515304678309719,0.5074739461532527
0-1,1-0,0.0002489583881277748,0.45458086952616844,0.50437851099974
1-0,1-0,0.00026567283008907604,0.418937370154008,0.5401540855411352
1-0,1-0,0.0003653765061186282,0.43722290372409406,0.5218001277699709
1-0,1-0,0.0003163698871578373,0.4254663446826533,0.5334883534581846
1-0,1-0,0.00027762855329789446,0.4172791602421556,0.542255276219919
0-1,1-0,0.0003295265605181907,0.4657688036501405,0.4932089845127559
1-0,1-0,0.00029301250614840476,0.42007452890117064,0.5390191967705954
1-0,1-0,0.0002953899896914091,0.42320316315576045,0.5358780910170681
1/2-1/2,1-0,0.0003590600171263415,0.44187091606384693,0.5171473611141841
0-1,1-0,0.00026780571240391773,0.4163424552865575,0.5427779681886948
1-0,1-0,0.0003968933309173402,0.4176801215623528,0.5413513499884034
0-1,1-0,0.0003093935857264642,0.42911564444726785,0.5298373443170278
0-1,1-0,0.00026572030469093627,0.4172702875808305,0.541864104634948
0-1,1-0,0.00026790464978042734,0.41683498663608487,0.5422452917264318
0-1,1-0,0.00025100270281692446,0.44417438569974294,0.5148379370993005
0-1,0-1,0.0002984414294724724,0.5249657527042491,0.43376416572533427
1-0,1-0,0.00026838957588204177,0.49662361683272227,0.46218053224285394
0-1,1-0,0.00025423970680588104,0.42691299359947177,0.5321640843484632
1-0,1-0,0.00034544911994113537,0.4283029488157068,0.5307173526928165
0-1,1-0,0.00025642881426633974,0.4263508659702656,0.5327298724177698
1-0,1-0,0.0002629862436397605,0.4222750290791881,0.5368520354861304
1-0,1-0,0.0002488824679636611,0.4528694279891832,0.5061165238396554
1-0,1-0,0.0002721682416523574,0.42351228961188536,0.5356080992032248
0-1,1-0,0.0003005029958556348,0.4441696913940733,0.5148070083320385
0-1,1-0,0.00027789290416175443,0.42556233858989795,0.5334830832649191
0-1,1-0,0.0003111122748282404,0.4714167128499398,0.48749288916840944
1-0,1-0,0.00025248351681721057,0.44175172282066977,0.5172680352529583
1-0,1-0,0.00030934871247715516,0.5047873089674826,0.4540214767978546
0-1,1-0,0.00025770000768910893,0.42071658948749724,0.5383811983533429
1-0,1-0,0.00033076513198201853,0.41762634677108973,0.5414288876557125
1/2-1/2,0-1,0.0003185096981201728,0.552020521193087,0.40665192190582355
1-0,1-0,0.00031231778451343994,0.4335278639547286,0.5254746554090679
1-0,1-0,0.00025758124444801944,0.5085571301247537,0.4502707469107165
1-0,1-0,0.0002990697908446349,0.44265816056107804,0.5163227262863286
1-0,1-0,0.00035453685127215457,0.43509128913289385,0.5239126763811401
0-1,1-0,0.0003457809678294256,0.43952885223475074,0.5195156253368168
1-0,1-0,0.00024844255062478685,0.4997728414106496,0.459078590891643
0-1,1-0,0.0002843382729864786,0.43895374214702393,0.520026193613954
1-0,1-0,0.0002657423142468094,0.4226755156241371,0.53643094140874
0-1,1-0,0.0003561443554274166,0.4277837101765429,0.5312068460839758
0-1,1-0,0.00031083796645765675,0.4473055354083777,0.5116631422038351
0-1,1-0,0.00025257043854439484,0.43049261898141195,0.5285659365344794
0-1,1-0,0.0002623212310463621,0.41788769730490644,0.5411955392282681
1/2-1/2,1-0,0.0002468774557687145,0.4693341164442214,0.48960530124949964
1-0,1-0,0.0002446243065407846,0.4831975930639715,0.475698585331839
1-0,1-0,0.00026131392850849003,0.4701846841228158,0.4887448806857541
1-0,1-0,0.00024422842368408346,0.4864791714202157,0.47239964339293206
0-1,1-0,0.0003802537110852928,0.4215854491281324,0.5374067052180147
1-0,1-0,0.00024733224245582127,0.47865745371730056,0.48025642640811805
1-0,0-1,0.0003628196225949668,0.6253967415674037,0.33287525983316
0-1,1-0,0.00031924774096179413,0.44515241763103813,0.5137908257781094
1-0,1-0,0.00028421563923702176,0.4678286498469158,0.491090660287672
0-1,1-0,0.000353884308974248,0.4462377201970376,0.5127748025046971
1-0,1-0,0.0002608067253393696,0.45902076396557023,0.49993973655995866
0-1,0-1,0.0003055301622289921,0.5307130060318564,0.4279913479115031
1-0,1-0,0.00025945039464478966,0.4194703948299025,0.5396213175168315
0-1,1-0,0.00031003039352287887,0.4372887409705478,0.5217043089631344
0-1,1-0,0.00030478646486763314,0.4199157448363708,0.5390979772265697
1-0,1-0,0.00028780751855785936,0.4165891455512404,0.5425232413971502
0-1,1-0,0.000343000919549005,0.41776281255640985,0.5411862058099995
1-0,1-0,0.0003110809989582642,0.4495072873542554,0.5094561799220305
1-0,1-0,0.00027413900547139825,0.4498944020058617,0.502268596371436
0-1,1-0,0.0002899743549095392,0.4581003926874014,0.500842784742253
0-1,1-0,0.0003503544932206006,0.42190926148548624,0.5370576395193283
0-1,1-0,0.0002470974606548305,0.48018920587268366,0.478704953268152
0-1,1-0,0.0002888326649667279,0.4232006397338865,0.5358483695886106
0-1,1-0,0.00038677287596906444,0.42239154457610245,0.5366511158969286
1-0,1-0,0.0002967665219102898,0.42059976644857333,0.5384539506413715
0-1,1-0,0.0002741313363749936,0.42760555359300145,0.5314420765851268
1-0,1-0,0.0002679507391738335,0.42171501455248733,0.5374127787220763
0-1,1-0,0.0003224420926953032,0.41772475495008965,0.5412421219257664
1-0,1-0,0.00036817006180056095,0.42741253958449243,0.53161963571693
1-0,1-0,0.0003317168940924454,0.428720388923496,0.5302342201695206
0-1,1-0,0.00026307949181693526,0.41906482451571164,0.5400033421044418
0-1,1-0,0.00031212767833286323,0.49193597957771634,0.4669821257094212
0-1,1-0,0.0003090593359093183,0.4793246161559302,0.47956257114212403
0-1,1-0,0.00029021420509551664,0.4821975890643737,0.47667904623996027
1-0,1-0,0.0003240270610460635,0.4740192040627903,0.48494358977876656
1-0,1-0,0.00031489467028928585,0.4962645482577927,0.46258152654822104
1-0,1-0,0.00029666686450083296,0.42706102795647166,0.5319305868334817
1-0,0-1,0.0003059912746861622,0.5390660779909731,0.4196035883524587
1-0,1-0,0.0002697252638550982,0.43041476298536546,0.5286272206194653
0-1,0-1,0.0002878203469618874,0.5677899486520956,0.3907901343794681
0-1,0-1,0.00031578574525419897,0.5823303954008395,0.3761163155870107
0-1,0-1,0.0003515264182239268,0.6216803976407413,0.33666069181821906
0-1,1-0,0.000277258795855832,0.4301281003371984,0.528945942920045
1-0,1-0,0.00038754585718621306,0.4184835179622016,0.5405830724135645
1-0,1-0,0.00032091580467585564,0.44071890565428407,0.5183081640950895
1-0,1-0,0.0002454576596269067,0.47519997875504344,0.4837218429750758
0-1,1-0,0.0002856431614846891,0.46203307711584635,0.49690124638275324
1-0,1-0,0.00025300058039381035,0.4297011779083992,0.5293544932844315
0-1,1-0,0.00025973685881031555,0.42003195006405164,0.5391353475934888
0-1,1-0,0.00026158339710098265,0.4241732662231662,0.5348762187495573
0-1,1-0,0.0003003755628112213,0.418655113127145,0.5403713883721424
0-1,1-0,0.00031929742716884534,0.4832381413738199,0.47565064167618554
0-1,1-0,0.00035276604494091076,0.44825193010885583,0.5107513737259282
0-1,1-0,0.00034530071986458856,0.43579647545287137,0.5232094096969873
1/2-1/2,1-0,0.00038288250184685116,0.41888886108851026,0.5401215027786886
1-0,1-0,0.000317015184953898,0.5054955297252609,0.45333504199248
1/2-1/2,1-0,0.0003178223325424999,0.4453685347097792,0.5135719197278723
0-1,1-0,0.0003152290596893161,0.5193923558150952,0.43938481331802803
0-1,1-0,0.00031595619314515525,0.4908863718377709,0.46797675123426535
0-1,1-0,0.0003045412018477953,0.4600594969693954,0.49887715506401076
0-1,1-0,0.0002650024150936982,0.4185145576380183,0.5406059888265083
0-1,1-0,0.00029953543890465814,0.43781435403074825,0.5211792036202573
1-0,1-0,0.000268728178383481,0.4233666507428496,0.5357101938582175
1-0,1-0,0.00028583937168059816,0.42336724635917383,0.5357001814983529
0-1,1-0,0.0002536119445703399,0.4540412725578212,0.5049703406534842
1/2-1/2,1-0,0.00029592259496786523,0.4225595268859218,0.5364607620613403
1-0,1-0,0.0003525662734746171,0.4434729012192334,0.5155387860007746
0-1,1-0,0.0003631222245722398,0.4350534665566621,0.5239661302106925
0-1,1-0,0.0003177103743006854,0.5045433661927897,0.45432700415610516
0-1,1-0,0.0002965273584527615,0.43269747558467236,0.5262680390693179
0-1,1-0,0.00025048061299936164,0.44002655949822955,0.5189993351386879
0-1,1-0,0.00028361856385433174,0.4462635514361462,0.5127140879273829
1-0,1-0,0.0002583929567075744,0.4209380498204059,0.5381755912642882
0-1,1-0,0.0002914622349930705,0.42944996713328437,0.5295496335457172
0-1,1-0,0.00037098345445125725,0.4229717641783358,0.5360032930816666
1-0,1-0,0.0002487398058180584,0.45592755880856833,0.5030495729157005
1-0,1-0,0.0002633411025231721,0.41934543565766574,0.5398925387313519
1/2-1/2,1-0,0.00026039040746773733,0.480038600683795,0.4776841350386401
1-0,1-0,0.0003622885943151888,0.4211810801586058,0.5378009521494513
1-0,1-0,0.00037540713982376896,0.41780916748614955,0.5411686596064857
0-1,1-0,0.00029226893194258754,0.44118481330237996,0.5177573899775713
0-1,1-0,0.0003389119399045958,0.4637195786232197,0.4952505975339976
1-0,1-0,0.00030291031794063084,0.4778262174384659,0.48106267845287576
0-1,1-0,0.00035932536207870157,0.41778150283381754,0.5412819093559853
1-0,1-0,0.000265386570034193,0.42485514752668024,0.5342193392074527
0-1,1-0,0.00025218930098342974,0.45644375362607004,0.5025455694624212
1-0,0-1,0.00036270232055579134,0.6303396581601769,0.3280542761255561
1-0,1-0,0.000346830535963536,0.42039962439403833,0.5385450036150072
1-0,1-0,0.00025321018420602844,0.43218627693096373,0.5268447059485531
1-0,1-0,0.0002640628139940091,0.44067135421496645,0.519327334223363
1-0,1-0,0.00025159806526153295,0.439810130002697,0.5192166463321531
1-0,1-0,0.0002530205735371896,0.43764348446228263,0.5213595365145858
0-1,1-0,0.00034793821177548273,0.4389822620867021,0.520020269928278
0-1,1-0,0.0002700404183421609,0.4171578494289837,0.5419950667700744
0-1,1-0,0.0002869163923827462,0.4213557708203826,0.5377044368277568
0-1,1-0,0.0002986834122677807,0.4180821651691692,0.5409564452162218
0-1,1-0,0.00027105608748297295,0.44426435992728525,0.5147633211945776
0-1,0-1,0.0003010337311005216,0.5791184380979199,0.3796724474496058
0-1,1-0,0.00024780018340104777,0.45228329217223856,0.5067039716784781
0-1,1-0,0.00024375845343039803,0.47983491190774397,0.4790629344377051
1-0,1-0,0.00035366415311484573,0.42447151615522816,0.5345063022283443
1-0,0-1,0.0002821527034464615,0.5664738746059729,0.39211126697921095
0-1,1-0,0.0003913392995589237,0.4188450196489511,0.540219882152041
0-1,1-0,0.0002607120746508595,0.4172330037776759,0.5419228386395568
0-1,1-0,0.00035506607841003505,0.4450098668903784,0.5139963409641297
1-0,1-0,0.00033225683286452096,0.4452378583141829,0.5137430645683839
0-1,1-0,0.0002464000207419839,0.49886903640140257,0.4599668480368219
1-0,1-0,0.0002772656264798804,0.41686003974112396,0.5422547268987179
1-0,1-0,0.0002545215357176939,0.44332857548840066,0.5157873749538529
0-1,1-0,0.00025103218188126563,0.4880859401802733,0.4711069087734871
1-0,1-0,0.000283131810185889,0.423586057770103,0.5355112986746724
1-0,1-0,0.00029047236802835893,0.49371533569233605,0.4651039862383758
1-0,1-0,0.00026006728176911455,0.4323392276638189,0.5267082518331171
1-0,1-0,0.0002635440474739382,0.41791780780342985,0.5424751507548773
0-1,1-0,0.00036924076032506046,0.4192593612552607,0.5397073606840739
0-1,1-0,0.00026317108411441295,0.5059352722616262,0.45338113268045943
1-0,0-1,0.00027466202989892595,0.5571688604738637,0.40145343226614144
0-1,1-0,0.0002562700878638309,0.425189654363754,0.5338696634826214
1-0,1-0,0.0003341888793995052,0.4192491741537531,0.5397956377823789
0-1,1-0,0.0002522703193179312,0.5182803312318184,0.440500378786477
0-1,1-0,0.00037836023655818136,0.4230817184594241,0.5359376913434611
1-0,1-0,0.0002522921402459266,0.49753480260076677,0.4613264741273983
1-0,1-0,0.00030098430284969684,0.42982941914460576,0.5292167804807952
0-1,1-0,0.0002807913688934867,0.42180915951691006,0.5372991213536987
1-0,1-0,0.00031815809643203464,0.41759437819825157,0.541381499376188
1-0,1-0,0.00034844987418513614,0.4230301778648318,0.5359141048752537
0-1,1-0,0.000250902901430035,0.4888855074158789,0.4699986416039024
1-0,1-0,0.0002582008642540966,0.42487298734430656,0.5341727219073089
0-1,1-0,0.00035057820302398894,0.44949792525520893,0.5095099708832025
0-1,0-1,0.0003316300344003159,0.5958195039780821,0.36269101637270373
0-1,1-0,0.0003752034549425268,0.42626697193936725,0.5327701538533244
0-1,1-0,0.00031435815264623673,0.481341413325595,0.4775446796759219
1-0,1-0,0.000265536283552358,0.498319855066992,0.46050189294652333
1-0,1-0,0.0002590972276233042,0.4250373207738306,0.5340470674785486
0-1,1-0,0.0002930187360014399,0.4967892895178061,0.462041653129604
0-1,1-0,0.0003768541932295281,0.4240569446404814,0.5349353928539736
1-0,1-0,0.00034329807520376495,0.45833832205383523,0.5006529468218368
0-1,1-0,0.00031124639889281835,0.4190604012137615,0.5400141987613625
1-0,1-0,0.00026604787671256517,0.4579181320191411,0.501069348416993
1-0,1-0,0.0002436606998199975,0.47756789786423237,0.48133777882925605
1/2-1/2,1-0,0.00032502588714855286,0.4861352798184317,0.47277531591085836
1-0,1-0,0.0003710613692392925,0.4173596336589389,0.5417020358897314
1-0,1-0,0.0003310086073885349,0.424511798150575,0.5344412103882101
1-0,1-0,0.00027414492605066837,0.4198852197424759,0.5392701797862142
1-0,1-0,0.00026025746463418655,0.519391294839213,0.4416542746654857
0-1,0-1,0.00025663026578308335,0.5229833414281717,0.4357963950754501
1-0,1-0,0.000356345774226316,0.44497669146340946,0.5140371083216654
1-0,1-0,0.0003524666580377645,0.44637428178625804,0.5126375155262888
0-1,1-0,0.00026059291957583315,0.49900965012440923,0.46008569776331776
1-0,1-0,0.00029247944449445936,0.5007684577354152,0.45804599009855795
0-1,1-0,0.00026725483459709865,0.4162779254820903,0.5428296425826655
0-1,1-0,0.0003468057536873568,0.4175340384792251,0.541417867256807
1-0,1-0,0.00032259849329820296,0.41938980045171953,0.5395720974181437
1-0,1-0,0.00037092201419672554,0.42882390945397064,0.5302080897199751
0-1,1-0,0.0002809400781365253,0.4193395759125579,0.5410164446314973
1-0,1-0,0.0002576109823794997,0.4236173272342518,0.535443511394144
1-0,1-0,0.00031745221201267534,0.5005545602569106,0.45828923128141646
1-0,0-1,0.0003571680855855772,0.6198484704109405,0.33845339115411427
0-1,1-0,0.0003290934179867179,0.43590361916015224,0.5230522985685955
0-1,0-1,0.0003128306474892362,0.5309587915082966,0.4278308605789012
1/2-1/2,1-0,0.0003773134419469858,0.42531236506510345,0.5337124337751344
0-1,1-0,0.00034169597131262125,0.42010319066310003,0.538852661472834
0-1,1-0,0.0002486874178434349,0.4701989920008162,0.48873848930855107
0-1,1-0,0.00026808310139363065,0.4505111191761283,0.5084666538011874
0-1,1-0,0.00034848087710792,0.4244889038354912,0.5344810887309122
0-1,1-0,0.0002695762924321242,0.5151865279671368,0.44356105880579033
1-0,1-0,0.0003932976403446285,0.41896642217875113,0.5400744268127264
1-0,1-0,0.0002596435757012436,0.41901301411595526,0.5401164798344882
1-0,0-1,0.000316330087046393,0.5640550007820309,0.3946112742915169
0-1,1-0,0.00026354538848013967,0.5080644868814709,0.45108145861610627
0-1,1-0,0.00032389681422905593,0.418295425026974,0.5406682660653868
1-0,1-0,0.000286472682407933,0.49800662927246675,0.46082351889702666
0-1,1-0,0.00039030369493465604,0.4172856878999428,0.5417736023138212
0-1,1-0,0.0003905029836508557,0.4210009515740781,0.5380199693645026
1-0,1-0,0.0003106706516956143,0.4194170026956833,0.5395683136072091
1-0,1-0,0.0002597455624138932,0.4179505799237942,0.5411933085175209
0-1,1-0,0.00025693921239534835,0.4373535899882336,0.5217079521208673
1-0,1-0,0.0002710160988555176,0.47928451637363484,0.4795698803754327
0-1,0-1,0.0003098322639420064,0.5334948718587392,0.42519919300602743
0-1,1-0,0.00026326937115196355,0.5111608457375452,0.4478425331599693
1-0,0-1,0.0003462603778354764,0.6204211707049387,0.33794648782389974
1-0,1-0,0.00030960880682832936,0.4247180679637067,0.534310806318152
0-1,1-0,0.0002955601050800688,0.42812310920212004,0.5308671114011836
0-1,1-0,0.000264517448449709,0.4176733803017323,0.5414227026959821
0-1,1-0,0.00026071103845781365,0.4586153391600732,0.5003463762615542
0-1,1-0,0.0002922399169540576,0.5152011010345715,0.4435699114422943
1-0,1-0,0.00028456584674232716,0.4145864153075912,0.5451874346099622
1-0,1-0,0.0002996946020750582,0.43479971370031945,0.5241483728420442
0-1,1-0,0.0003966971216919082,0.4186912877642261,0.5403440372516924
0-1,1-0,0.00024722419536464296,0.4511938829061866,0.5077787442100427
0-1,1-0,0.0002591041831875892,0.4182357659495822,0.5408962541459855
0-1,1-0,0.0002483209630502007,0.4615452622674517,0.4974160338752941
0-1,1-0,0.00029093308483995093,0.4409642155523262,0.5180240892120596
0-1,1-0,0.00027679518693572974,0.43299973892861365,0.5260587912740607
1-0,1-0,0.0003780023019135507,0.4196684336843246,0.5393142843324779
1-0,1-0,0.0002616214914483328,0.42321008587625936,0.5367789962122311
0-1,1-0,0.0003359233708062833,0.42329108884648253,0.5356641217163155
0-1,1-0,0.0002470875278779565,0.45409081175000177,0.5048714040664074
1-0,1-0,0.000293696787349808,0.4253310757376352,0.533700418903824
0-1,1-0,0.00025707250228958813,0.43861427119970225,0.5204393240866494
0-1,1-0,0.0003353818825840768,0.4451456381308512,0.5138374787007063
1-0,1-0,0.00035387551776886855,0.4389550086470058,0.5200542282512487
0-1,1-0,0.0003078573253294407,0.431100024358436,0.5278503406932097
0-1,1-0,0.00025698343851457157,0.4734448445089539,0.4854796120980601
0-1,1-0,0.00032048278608831654,0.4732872687779173,0.4856259358233172
0-1,1-0,0.0003407592761519475,0.42425528540683,0.5347047674765371
0-1,1-0,0.0002501516033528696,0.47805534277143447,0.480875514049613
1-0,1-0,0.0003187682848549454,0.5026114026831139,0.45625802576846736
0-1,1-0,0.00032071425937637893,0.4217349642486068,0.5372237080178794
1-0,1-0,0.00031619372842114256,0.4727489734104232,0.48619661581704937
1-0,1-0,0.0003944690745695239,0.41772530588987766,0.5413361915537834
1-0,1-0,0.0003828806800741748,0.4212690571556942,0.5377777913566915
0-1,1-0,0.00026241570208896016,0.4526629734225916,0.5063139939240923
1-0,1-0,0.0002681026186818759,0.4161504997122325,0.5429283480294518
1-0,1-0,0.0003825661912481457,0.41770916463313423,0.5413565181977631
1-0,0-1,0.00028971818731625545,0.5742763966279021,0.38422397108697837
0-1,0-1,0.00040028635389812215,0.6561054667256897,0.3020146079945248
0-1,1-0,0.0003092446977756464,0.46703584536679554,0.4918841892683566
1-0,1-0,0.0003441420219871017,0.4289916261913503,0.5300267546628883
0-1,1-0,0.00032928117132992215,0.46551181136486985,0.49342952702601306
0-1,0-1,0.00035150926364148566,0.6245352569360214,0.33382250723437823
0-1,0-1,0.0003569483991576667,0.6271397062417806,0.3313055180778643
1-0,1-0,0.00039436926272825754,0.41853623869400747,0.5405062756070785
1-0,1-0,0.0002461225282392683,0.49771260261815087,0.4611275016438033
1-0,1-0,0.0003617663088220687,0.4395739235219763,0.5194436279293572
0-1,1-0,0.0003400126274739273,0.4253565502766575,0.5336690920337962
0-1,1-0,0.0002817001782966103,0.42116358759357486,0.5379475951793732
0-1,1-0,0.0003389493083597716,0.41794999676695516,0.5410026983989669
1/2-1/2,1-0,0.00025779545668892594,0.4327619869081814,0.5262866583402258
0-1,1-0,0.0002616235536441164,0.42298535146891614,0.5365379132969051
0-1,1-0,0.00025178004799897915,0.4586632495607147,0.5003216032921101
1/2-1/2,1-0,0.00024426376857697684,0.48043277613609325,0.4784705474608243
0-1,1-0,0.00025821506639936616,0.42253273210592895,0.5365331116247894
1-0,1-0,0.0002575734594586681,0.42178133971290643,0.5373016539585617
0-1,1-0,0.00036834519821466567,0.4198564540638664,0.5392119244400984
0-1,1-0,0.000280953195016773,0.490856740362549,0.4679988985145401
1-0,1-0,0.00031994762904696903,0.4724148848766175,0.48649962501145017
0-1,1-0,0.0003373475063980666,0.4568690465537688,0.5021236006854743
1-0,1-0,0.0002562272075161453,0.45737657876896576,0.5015925219208657
0-1,0-1,0.0002894844507637523,0.5330934614613607,0.42561961724293657
0-1,1-0,0.0002866280317779578,0.4269604679642311,0.5320893123404119
1-0,1-0,0.00028618654266438035,0.4879054176564762,0.4709558615289724
1-0,1-0,0.0002680998609342431,0.4276797184268839,0.5320110440857314
1-0,1-0,0.0002521801474243303,0.4792066482686466,0.4797541246404283
1-0,1-0,0.0002883422927490929,0.4299086560278977,0.5291027082906472
1/2-1/2,0-1,0.0003019867272527953,0.5829033276894068,0.3753897569992874
1-0,1-0,0.00025651947248229,0.4387501199082017,0.5202768379232875
0-1,1-0,0.0003429090147973341,0.42288759452612645,0.536072805239173
1-0,0-1,0.0002831689701151094,0.5399309697648097,0.41877432257809155
1-0,1-0,0.00029921719964142254,0.42950364488270326,0.5294680574767962
0-1,1-0,0.00028187140796286737,0.4316532118307516,0.5273699099669589
1-0,1-0,0.0003214307968303544,0.42779002949671807,0.5312628790062
1-0,1-0,0.00026337723689641386,0.44060937640539866,0.519174033384442
0-1,1-0,0.00027522588880830043,0.419134083822012,0.5400235951725976
1-0,1-0,0.00027978586531188747,0.46977838548618245,0.4891378857373974
1-0,1-0,0.00026520651269958036,0.42166917915824836,0.5374167629747267
0-1,1-0,0.0002525965096421498,0.4576819089122929,0.5013167133669165
1-0,1-0,0.00026307576502869055,0.4302135153489092,0.5289296790089951
0-1,1-0,0.0003172051277727179,0.4530598446987956,0.5058821770362584
0-1,1-0,0.00024748745935263054,0.5039545701681512,0.454872723544829
1-0,1-0,0.00027083277427487526,0.43786029932151416,0.5212069294131478
0-1,1-0,0.0003414740476406782,0.4433537400075544,0.5156369819135692
1-0,1-0,0.00030828199760033213,0.47189925698966556,0.48700771504874574
0-1,1-0,0.0003308410726441425,0.4607643389067306,0.4981871427817163
0-1,1-0,0.0002550811459093848,0.4246802797713752,0.5344057070739183
1-0,1-0,0.0003305881462641283,0.44851405778212416,0.5104584527312227
1-0,1-0,0.00039824066353569255,0.4171602482274533,0.5418852954766459
1-0,1-0,0.00034229211129674857,0.449031366848512,0.5099519482124965
1-0,1-0,0.00026869827123521305,0.4255536524807839,0.5340497248959638
1-0,1-0,0.0003949790786540118,0.417830794190222,0.5411933333027262
0-1,1-0,0.00038300496415864745,0.4240301768525576,0.5350114718440727
1-0,1-0,0.00026500763725971407,0.41840677891776984,0.5406734494933396
1-0,1-0,0.0002770145903992291,0.5123286275635122,0.44646651000802234
1-0,1-0,0.0002655662987307868,0.4312839600654927,0.527832824955542
0-1,0-1,0.000347102382273369,0.6244122269219866,0.33538191509215476
1-0,1-0,0.00027137203431091677,0.40940824867864906,0.5500872332532403
0-1,1-0,0.0003774926155623961,0.4268310052796452,0.5322063554725004
1-0,1-0,0.0002774805170071868,0.4886760224149539,0.4701252197795478
0-1,1-0,0.0003882301531470136,0.421604670210359,0.5374386648376334
1-0,1-0,0.00026930016497413807,0.41853721508995645,0.5405926258269209
0-1,1-0,0.0003322601825578046,0.46372604486945607,0.4952231842567641
1-0,1-0,0.0002599759290632482,0.4179370205565668,0.5412406581072614
1-0,1-0,0.0003177782525999475,0.4753825344232193,0.48352248835761114
1-0,1-0,0.0002748901830392836,0.4207775302454743,0.5383644302481836
1-0,1-0,0.00034746250164104873,0.41753193142819517,0.5414202154856568
0-1,1-0,0.0002505066645298586,0.43643267139832137,0.5226037354189197
1-0,1-0,0.00026933543146783915,0.4159320925099362,0.5431726933682629
1/2-1/2,1-0,0.0003672302163387186,0.42735184346291705,0.5316298364242243
0-1,1-0,0.000274913872610509,0.4304392473930856,0.5285959081829789
1-0,1-0,0.0003599808003802507,0.42899134291333585,0.5300714704578114
1-0,0-1,0.00028323510794691064,0.5420024555161889,0.41660461968658086
0-1,0-1,0.000267498164379895,0.5437211253236888,0.4149855287357275
0-1,1-0,0.00024669169502964094,0.459214352670272,0.4997527389447941
1-0,1-0,0.00033324258118994554,0.4267802169446687,0.5322405877231228
1-0,1-0,0.00024405727382868826,0.4678680927847849,0.49106965789543755
0-1,1-0,0.0002522358721469788,0.49668229561065885,0.4623661464323343
1-0,1-0,0.00026925558403275535,0.41720534871960724,0.5419067170629249
1-0,1-0,0.0002458516236950893,0.4762395764982797,0.4826606394201796
1-0,1-0,0.0002617341414034699,0.4260467808400473,0.5330236240404096
0-1,1-0,0.00036686886035132486,0.4232707485196973,0.5357265193680183
1-0,0-1,0.0002823451523100026,0.5650049518323056,0.3935304648584678
1-0,1-0,0.0002472944657448061,0.45371524323360707,0.5052675857130466
0-1,1-0,0.0003929992342422684,0.4205201652697824,0.5385404637307752
1-0,1-0,0.0002602243509438005,0.4215852044953115,0.5375740508494765
0-1,0-1,0.00033505331168836363,0.591235698392525,0.3628198383009117
1-0,1-0,0.0002488102116660552,0.4988210090511378,0.4600115660497397
0-1,1-0,0.000243998065055627,0.46703579873221085,0.4919032188300014
0-1,1-0,0.0003140325843413063,0.43933999870582036,0.5195959453376491
0-1,1-0,0.0002534657484857616,0.5201093080932063,0.43864745837621794
1-0,1-0,0.0002794016027580129,0.4896212011111289,0.46923920529679264
0-1,1-0,0.0003290389597823884,0.47587338420876585,0.48305561603160735
1-0,1-0,0.000298410257213349,0.5165260179776384,0.442285396309475
0-1,1-0,0.00024411201278622618,0.4846302980705431,0.4742570537246954
0-1,1-0,0.0003067908840884904,0.4282066519817207,0.5307528908180329
0-1,1-0,0.00024795510410532506,0.4711727168333098,0.4877520627361671
0-1,1-0,0.0002958507821171935,0.44161416709104867,0.5173196930216967
1-0,1-0,0.00031720442661674466,0.4255400746671805,0.5334841825403032
0-1,1-0,0.0002608127947497305,0.45433058274119426,0.5046431188206701
1-0,0-1,0.0003212900367941465,0.6041993696589878,0.3541238177217903
0-1,1-0,0.0003319690597890953,0.4313677548002715,0.5275888837653417
0-1,0-1,0.0003167796875712772,0.5482750915717244,0.4104260782823345
0-1,1-0,0.0003662755693366037,0.42146366049416895,0.5375261515213563
0-1,1-0,0.00026711240421322454,0.46287563208204985,0.49606865912719667
1-0,1-0,0.00026581243705577366,0.41849777684508127,0.5405942204258758
1-0,1-0,0.0002987007024977577,0.43226197052894516,0.5266977403071702
0-1,0-1,0.00036870669542790927,0.6306846175424075,0.32784656690930153
1-0,1-0,0.0002817622561855233,0.4179060738290787,0.5415572089160529
0-1,0-1,0.0003079593765162915,0.6216379207999386,0.3333086158295849
1-0,1-0,0.0002689670550058706,0.4224391299172439,0.5366925235229609
1-0,1-0,0.0003541891321140382,0.4344814542439004,0.5245321922719715
0-1,1-0,0.000288989404611017,0.4175413241587251,0.5415530612961897
1-0,1-0,0.00039844366425537185,0.41750455601450953,0.5415350475764283
1-0,1-0,0.0002625230921106685,0.4187763149499517,0.5402949171441448
0-1,1-0,0.0002870908743907261,0.47557608613973146,0.4833206168524142
1-0,1-0,0.0002878976249572814,0.47037523662528546,0.48853565149496625
0-1,1-0,0.00031899906046106133,0.484776198819074,0.4741084480598134
1-0,1-0,0.0002632722890511436,0.4204878836889125,0.5388771476078217
1-0,1-0,0.00027415835927696423,0.41651826437670064,0.5426384050236579
0-1,1-0,0.0002759627769389624,0.4705032440891617,0.4751107133477377
1-0,1-0,0.00026201685689628435,0.42158301048313207,0.5386988184942294
1-0,1-0,0.0002538867226358191,0.4618005113807247,0.49722044918940134
1-0,1-0,0.0002671144417751218,0.4199258531978606,0.5391426804837268
1/2-1/2,1-0,0.00038259146931791574,0.4235379666935424,0.5355046870949645
0-1,1-0,0.0003280666731358551,0.48038565562193924,0.47854377726177943
1-0,1-0,0.0003750960222500306,0.424570594152213,0.53446881123473
1-0,1-0,0.0003147672935316853,0.42865957041441577,0.5302897847307242
0-1,1-0,0.0002551093142451776,0.445979991896162,0.5150315198071866
1-0,1-0,0.000304410795190437,0.41854214269214446,0.5404686956681938
1-0,1-0,0.00034666088671357343,0.4178727639816013,0.5410761283424343
1/2-1/2,1-0,0.00032713333567919116,0.42814897200539187,0.5308017466336441
0-1,1-0,0.0002553419867488494,0.44609361985675205,0.5129097727058057
1-0,1-0,0.00033769457742703304,0.4652179567846979,0.49374806151009437
0-1,1-0,0.00025023758877870347,0.47825407306415246,0.4809702606504086
1-0,1-0,0.0003945706187299186,0.4181915604335304,0.5408577285003515
1-0,1-0,0.00028575581479961613,0.4173291980743206,0.5417960836840322
0-1,1-0,0.0003269511979776467,0.41871623830047516,0.5403320027506588
1-0,1-0,0.00034112086561326866,0.46037270126864904,0.4986160949546537
1-0,1-0,0.00031747945356232866,0.4181301243405661,0.5408477334647325
0-1,1-0,0.0003259723890873124,0.4617720068016818,0.4971718292536568
1-0,1-0,0.00034628138008239236,0.4189951013381925,0.5400512534780061
0-1,0-1,0.00028486028092739594,0.5536338006252787,0.4049921596895275
1/2-1/2,0-1,0.0002644643119731521,0.5417223444248888,0.41697921465506704
0-1,0-1,0.00032565678589374555,0.6033700186095899,0.3551947012893032
0-1,1-0,0.0002634827959737265,0.4528485683368778,0.5061268486168975
1-0,1-0,0.0002841629407396462,0.44854320754430815,0.5104278850634798
0-1,1-0,0.00025969318787186793,0.42101043658007214,0.5380573049386548
0-1,0-1,0.0003156867522115852,0.5581634754159102,0.40041726232081876
1-0,1-0,0.0003041798931572443,0.4184119166670843,0.5406483789648615
0-1,1-0,0.00026187011896392154,0.4390112713172244,0.5200087710443202
0-1,1-0,0.0002944417950937859,0.45444413957454766,0.5045073967857777
1-0,1-0,0.00025195164334669914,0.43472158219304025,0.5243233464733738
1-0,1-0,0.00030990341577970173,0.5211494631720425,0.4375984124403947
0-1,1-0,0.0002754056727222758,0.4361814045272309,0.5228328632434641
