y_true,y_pred,prob_1-0,prob_0-1,prob_1/2-1/2
1-0,1-0,0.0002533093327150667,0.42742116799806096,0.5320443548083105
1-0,1-0,0.00025670516272497453,0.4248646389360817,0.5344724615520287
1-0,1-0,0.0003299046420021512,0.43302671219426636,0.5262871394695123
1-0,1-0,0.0003751199195244876,0.4252400699194265,0.5342243931151738
1/2-1/2,0-1,0.0007337881118357741,0.5677547672673225,0.3710047870342066
1-0,1-0,0.0002503248844681476,0.4505540709617924,0.5088755489959613
0-1,0-1,0.0002937338952827045,0.5580529985458038,0.4010439586855898
1-0,1-0,0.0002542657686259081,0.48942647649894483,0.4691898061938149
1-0,1-0,0.0002662433018529321,0.4701731956497313,0.4891788218412831
0-1,1-0,0.00028423722295460455,0.4327574143784735,0.5267682614124025
0-1,1-0,0.0003473805027316671,0.43475344823383766,0.5246846015970357
0-1,0-1,0.0003207047255463573,0.5784672886274287,0.38065997908782856
1-0,1-0,0.0002531606528126709,0.45760986292031347,0.5017833590051797
1/2-1/2,1-0,0.00036375130722955803,0.4376421145152471,0.5216523983317353
0-1,1-0,0.00036115165926675895,0.44145312924717006,0.5178905344771877
0-1,1-0,0.0003124638736452304,0.444517742615774,0.5148983122478419
0-1,1-0,0.00037322567993863483,0.4233920371339557,0.5361012489378992
0-1,0-1,0.00033392219901429165,0.5947683221584524,0.3641976145660002
1-0,1-0,0.00028113455097825087,0.4251075501476412,0.5341579937880226
1-0,1-0,0.00025591738495943036,0.4257108952035441,0.533724954602176
0-1,1-0,0.0003431746880456485,0.4292698464212833,0.5300610594420473
0-1,1-0,0.00035094489339169055,0.42835594068177885,0.5309918250983878
0-1,1-0,0.0002835722728190203,0.47070005474363025,0.48867750395854664
0-1,1-0,0.00029631777442820135,0.46552978609844303,0.49386581473969465
0-1,1-0,0.0003549554929059716,0.43062097025656304,0.5285967643157071
0-1,1-0,0.00036405085861088035,0.42754191300226335,0.5318470195630048
1-0,1-0,0.0003609990308766814,0.4415370803729541,0.5177268565705456
0-1,1-0,0.00033653595343687915,0.4398960594664858,0.5195359847901689
0-1,1-0,0.00036838401277159875,0.4312954561366518,0.5281676704320106
1-0,1-0,0.00030104066544712024,0.4235801812284317,0.5356836217137212
1-0,0-1,0.00032624725907714835,0.5936936747672437,0.3647387154746923
1-0,1-0,0.0003514939427467385,0.4375482127994265,0.5216987366759264
1-0,1-0,0.000253136878256837,0.4936826936890201,0.46502044652050833
0-1,0-1,0.00025472360889552937,0.5207367326057825,0.4381540788659343
0-1,1-0,0.0003457776558219745,0.42388171449314677,0.5354889491074505
0-1,0-1,0.0003080684976474745,0.5868450619700003,0.3717861995666627
0-1,1-0,0.0002613330819199011,0.42798971638756617,0.5314810107281049
1-0,1-0,0.000264082958889565,0.4248086583734749,0.5341158263116564
1-0,1-0,0.000248284670370074,0.44166230666074674,0.5177846762704691
0-1,1-0,0.00026510028377125323,0.43608239478116695,0.5230220024052125
0-1,1-0,0.0003030900561310957,0.4246545545301713,0.5346789429275498
1-0,1-0,0.000265930288741809,0.42444693636009545,0.53515722872586
0-1,1-0,0.000358967262262226,0.43003593017372493,0.5293085209761829
0-1,1-0,0.0002715675166624903,0.42821727214918825,0.5313706522968581
0-1,1-0,0.00031639779811681233,0.4954370249055178,0.4637235484785972
1-0,0-1,0.0002938696597950512,0.5285374057459762,0.4304109543032094
1-0,1-0,0.0002459733813509137,0.4934887165448615,0.46551638538452206
1-0,1-0,0.00034950113792452814,0.4488309261504738,0.5105063472845539
0-1,1-0,0.00025215160200331156,0.4393268149682993,0.5199383586859679
1-0,1-0,0.00033764050126837967,0.4256967269955296,0.5336482751589161
1-0,1-0,0.0002673372365053764,0.4236058011624587,0.5356295829687197
0-1,1-0,0.0003718116248118288,0.4313040738390384,0.5281502588536676
0-1,1-0,0.00026816094048524543,0.4614228648540158,0.4982161555680873
1-0,1-0,0.0002547011285922475,0.4512585053371451,0.5081749415085659
0-1,1-0,0.00033270331137148177,0.4522341520718487,0.507160076172023
1-0,1-0,0.0002673305046915876,0.485729887150194,0.4738832271767201
1/2-1/2,1-0,0.0002643174142081024,0.4568883661714148,0.5025148906266037
1-0,1-0,0.0002689589328213479,0.4688073421515046,0.4905545414726764
0-1,1-0,0.00036773853429025987,0.42667180702672153,0.5327414005722169
1-0,1-0,0.00026010393885585794,0.4242196393814948,0.5351735679522842
0-1,1-0,0.00028300243119964513,0.5058776735523982,0.45341012775219464
0-1,1-0,0.0003572476375372226,0.4309845056634492,0.5283451499670427
0-1,1-0,0.0003584083394016875,0.43737764109550614,0.5220518154358705
0-1,1-0,0.0003477575601413378,0.45177738944686585,0.5075287695892275
0-1,1-0,0.0003473100929525382,0.450563980260874,0.5087672230041194
1-0,1-0,0.00025069573189560824,0.43349924150387437,0.5259628102798884
0-1,1-0,0.0003184610612363159,0.4290813796341715,0.5302681621062543
1-0,1-0,0.00026275790944209056,0.4236526189744311,0.5357629924064834
1-0,0-1,0.0002520057150914983,0.5083160732442865,0.45061926323252405
1-0,1-0,0.0002847336327981356,0.49022840772210385,0.46910558447899603
1-0,1-0,0.00024916149591263254,0.4441886240599261,0.5151043714639887
1-0,1-0,0.0003693442673999985,0.4304332591437832,0.5289444086489988
0-1,1-0,0.0003486987759688781,0.4287238012806768,0.530617047091879
1-0,1-0,0.0002458760619579226,0.4779208923705127,0.481258485912969
0-1,1-0,0.00024634390696267163,0.4529201495457693,0.5063439113200031
1-0,1-0,0.0002987691370897257,0.4432477889157294,0.5158681229492255
1-0,1-0,0.00036438529339200085,0.4388901000592375,0.520418178671775
0-1,1-0,0.0003683749888800702,0.43269348788427825,0.5266609264852901
0-1,1-0,0.00027392401039257963,0.4307301632574394,0.5288465634848141
1-0,1-0,0.0002581898435002041,0.4486766245294776,0.510769020983416
1-0,0-1,0.00029105262185080943,0.5434256683900739,0.4157629080953384
0-1,1-0,0.0003314216894359033,0.4750147930696667,0.4838565380814548
0-1,1-0,0.0003234330160150161,0.4401073385489406,0.5193125374770348
1-0,1-0,0.000336074571005454,0.4376982872707001,0.5215607724064952
0-1,1-0,0.0003804172962492169,0.4263160975908101,0.5331716081911162
0-1,1-0,0.00024828704366519996,0.5030779103235827,0.45585819832435726
0-1,0-1,0.00025515986489546354,0.5165814149352317,0.44229574457601656
0-1,1-0,0.0003526557249834783,0.4405483642058225,0.5186678255619002
1-0,1-0,0.0002531954980806734,0.42747314720764723,0.5319875678962923
0-1,1-0,0.00033479253949939784,0.4723191241751989,0.4867970951006441
1-0,1-0,0.0003175076067354913,0.4977541062958996,0.46094679634670765
1-0,1-0,0.0002568248507368071,0.44703032911446594,0.5124280051484177
1-0,1-0,0.0002815893619112684,0.4819308802880418,0.47741823615401346
1-0,1-0,0.00032550400891058354,0.431315452798871,0.528016725807101
0-1,1-0,0.00025301467895149905,0.49021473295931206,0.46847799315473776
1-0,1-0,0.000257815756267765,0.47261164977635783,0.4869762629902841
0-1,1-0,0.0002840686912763376,0.4336962646753668,0.5257055747500587
0-1,1-0,0.0003577018716559338,0.42957262763047943,0.5298809976847414
0-1,1-0,0.0003257646650368555,0.42865709216070436,0.5306809135632218
1-0,1-0,0.00029452808592077436,0.42833068578322236,0.5307196945690285
0-1,0-1,0.00031646376828444605,0.5887660191104171,0.37366318480776844
0-1,0-1,0.00033172582465265974,0.5995589098819321,0.35907936771957216
0-1,0-1,0.000329161908587428,0.5971148971878424,0.36144507778024315
0-1,0-1,0.00027611556327770156,0.5244517344708067,0.43470828004383566
0-1,1-0,0.00030785036762851197,0.41679534736569995,0.5334804759589539
1-0,1-0,0.0003713578746040384,0.43284077499829154,0.5265856443411614
0-1,1-0,0.00032953208464455065,0.43796280155946854,0.5214602342688869
1-0,1-0,0.00026517253649103334,0.46604039891918914,0.49332621318248443
0-1,1-0,0.00024836911185053943,0.44312673632974314,0.5163233733622032
0-1,1-0,0.002807022725299369,0.36647817752385903,0.5302168822323193
0-1,0-1,0.00028361438741665,0.526331689208675,0.43287356962818124
0-1,1-0,0.00027967058208704467,0.5019557559764244,0.45733249971303225
1-0,1-0,0.00026832727360818836,0.5031911872072581,0.45602545347936846
0-1,1-0,0.00036757766759674997,0.4272483244739418,0.5321567779003353
1-0,1-0,0.00028832551883432265,0.4915751185755936,0.4676653566804521
0-1,1-0,0.00025784474422688104,0.43051657649107816,0.528806346822348
1-0,1-0,0.000301251354946662,0.49804149952609644,0.46125208455099875
1-0,1-0,0.00035172119560374727,0.4342444209631758,0.5250400084462551
0-1,1-0,0.00024464338939840524,0.45971059135870834,0.49952280494480916
1-0,0-1,0.00027619074075403027,0.5371715033383199,0.42186272862762947
1-0,1-0,0.0002578130679632757,0.4239548146773184,0.5353505445638503
1-0,0-1,0.00030254481870560155,0.5468287642676896,0.4123757334816407
0-1,1-0,0.0002738136092796279,0.46172613754276315,0.49766242475650385
0-1,1-0,0.0002524749617640435,0.47912145255004335,0.48012444536305526
1-0,1-0,0.0003641025938341352,0.43911508982813496,0.5202429758582922
1/2-1/2,1-0,0.00027875686352067826,0.4262118753704691,0.5333157327818923
0-1,0-1,0.00029373524323038537,0.5715226680740468,0.38717781766350984
1-0,1-0,0.0002685122228282453,0.4542202542904466,0.5051907610667763
1-0,1-0,0.00028738017369540187,0.43366324238434156,0.5252784145015449
0-1,1-0,0.00033124531408511857,0.4638845802056298,0.4954203554965251
0-1,0-1,0.0003012995328000476,0.5271863474713375,0.43158587340538374
0-1,1-0,0.0003151291410235952,0.4495406567956149,0.5098778424383342
1-0,1-0,0.0002729822053769775,0.4249997139505673,0.5345846862744659
0-1,1-0,0.00025736141118121804,0.42444558960318246,0.534776267148349
1-0,1-0,0.0002593499749129966,0.424938382778423,0.5341048057585712
0-1,1-0,0.00036905719692044767,0.43509809667497895,0.5242935954832111
0-1,1-0,0.00029866295217595505,0.44948174922925416,0.5099294641114025
1-0,1-0,0.0003294829428306493,0.4656327778038617,0.4936688537357394
0-1,0-1,0.00032046799857982864,0.5126721445111306,0.4459362319535308
1-0,1-0,0.0002554430763390198,0.43756042632572795,0.5219386382932422
0-1,1-0,0.00025586105163543185,0.42490524519667133,0.5344639439020482
1-0,1-0,0.00025338741680447883,0.42811959103242964,0.531309308111626
0-1,1-0,0.0002643870785446727,0.44983673807293995,0.5097686985208474
0-1,1-0,0.00037117435647945733,0.42619889647231257,0.5332840191092392
1-0,1-0,0.0003416782582592825,0.4545475928892566,0.5045123604614605
1-0,1-0,0.00028807663337962453,0.4614512019951293,0.49794651734270384
0-1,1-0,0.00029610797198378257,0.4250338061324138,0.5343400098252149
0-1,1-0,0.0002578999513617541,0.4239774515470695,0.5340148846857475
1-0,1-0,0.000351109862257016,0.4367431676632921,0.5225125034179793
0-1,1-0,0.00025896101089953615,0.425040212842857,0.5340600811081072
1-0,1-0,0.00032954410898469104,0.4719455363175214,0.4872798203214578
1-0,1-0,0.0003692531030118676,0.42865592346603026,0.5308219642923551
1-0,1-0,0.00037838505889202257,0.4277672542590273,0.5317129436873974
1-0,1-0,0.0003651267266207869,0.43209985745407625,0.5272413902085787
1-0,1-0,0.0003634946801182155,0.4364019075839896,0.5228958339929344
0-1,1-0,0.00029269253101968254,0.4452357564127345,0.5142427649213397
1-0,1-0,0.0002461025331424445,0.46771453262065454,0.49155819439912707
0-1,1-0,0.00031566217053745273,0.48539902529978635,0.4738530943610157
0-1,1-0,0.00037883675124259403,0.42536214511076575,0.5341196629370096
0-1,1-0,0.000257509334470213,0.5044048610515376,0.45468496874249886
0-1,1-0,0.00036684526094577045,0.4370712211782552,0.522274268716547
1-0,1-0,0.0003345250331696665,0.4382310110688471,0.5210266508590811
0-1,1-0,0.00034206101289280103,0.4594365507458103,0.499805279121699
0-1,1-0,0.0002574757105900846,0.43904228545074836,0.5203963612050836
1-0,1-0,0.0002613414326290489,0.4250917078030364,0.5339285371254857
1-0,1-0,0.00035678387760588434,0.43023536386673394,0.5291019693512797
1-0,1-0,0.0002783138198054003,0.43046725009300263,0.5290845969636628
1-0,1-0,0.00038279891316241987,0.423948667334594,0.5356282487064917
0-1,1-0,0.00026628177495764487,0.428818817738193,0.5307771272594517
0-1,1-0,0.0002481985103533012,0.47408504316822214,0.4854681734498956
0-1,1-0,0.00025292303498025546,0.43047258746701933,0.5289226857162289
1-0,1-0,0.0003461892894637048,0.43561614093775447,0.5238250220987926
0-1,1-0,0.00033759946468660463,0.46987041182445916,0.4890920383659131
0-1,1-0,0.0002712551807330198,0.4709701567858678,0.4886447436455393
1-0,1-0,0.0003425675039485909,0.46333149014527886,0.495716364273423
1-0,1-0,0.0005000419765617874,0.4330463846672601,0.5429230187424782
1-0,1-0,0.00035024324731594125,0.42458564088177725,0.5347961928488472
1-0,1-0,0.0003337298380687691,0.4172985588213265,0.5464611725279628
0-1,1-0,0.00034091429663433596,0.4636626828256345,0.49550480558845406
0-1,1-0,0.0003850088456944939,0.4228530096079381,0.5367007869738106
0-1,1-0,0.00027967873877666896,0.4822051497845104,0.47713943123696384
0-1,1-0,0.00028214426450015893,0.47469134538744673,0.4846757714908646
0-1,1-0,0.0003165839561674344,0.4504835790508837,0.5089343169637113
0-1,1-0,0.0002547406763589863,0.4250310048273526,0.534373147955166
0-1,0-1,0.0002722209827259216,0.5101337951592095,0.4490768253963398
1-0,1-0,0.00031755423876997813,0.42643002494817406,0.5328793421165252
1-0,0-1,0.0002759044697362719,0.5284305779775125,0.4306951805289047
1/2-1/2,1-0,0.0002541101658467494,0.4702781814219978,0.48864062270083997
1-0,1-0,0.0003853409535862555,0.42320892680971617,0.536332887263984
0-1,1-0,0.00027213443105490395,0.4607759956347468,0.4986143992598086
0-1,1-0,0.0002470612232913955,0.4450355707460324,0.5143268295466247
0-1,1-0,0.0002990501783922934,0.48146592287051776,0.47788996547180795
1-0,1-0,0.0003739275908513994,0.4307714808902523,0.5286783486906287
0-1,1-0,0.0002698281035032761,0.4422271263927485,0.5173799208882978
0-1,1-0,0.00036746293921852586,0.4316243650216637,0.527837074345477
0-1,1-0,0.00025105504111060545,0.4331078897427354,0.5263779914209742
1-0,1-0,0.00027000824126243074,0.4222240529918527,0.533166342765938
0-1,1-0,0.00032346269668958677,0.4300778605166113,0.529108780347341
0-1,1-0,0.00031610671626418075,0.44748075637220086,0.5119068769150316
1-0,1-0,0.0003189777622568535,0.4524502911070003,0.5069640149887991
0-1,1-0,0.00037939863482975384,0.4236686210162839,0.5358425570183254
1-0,1-0,0.0003456149208636839,0.42979172746919886,0.5295360186767053
0-1,1-0,0.00030962811396261674,0.49391144930069936,0.4653425948284189
0-1,1-0,0.00033929396529987297,0.4396096701987124,0.5198240113790774
0-1,1-0,0.00037102364108502616,0.4239483465213699,0.5355212610714447
1-0,1-0,0.000255842822982241,0.432103034471054,0.5274014235259854
0-1,1-0,0.0002583550650671786,0.43020578094802425,0.5289633743352861
1-0,1-0,0.00027828844165936226,0.4293552198867692,0.530192222318553
0-1,1-0,0.00029694448720554153,0.4439450333001912,0.5154622214976514
1-0,1-0,0.0003216920721616089,0.45617944234079794,0.5032212318352609
0-1,1-0,0.00025314343020988047,0.4645777742834225,0.4947711580087137
1-0,1-0,0.00037128606850522766,0.42587326647774626,0.5336684472873268
1-0,1-0,0.00029004571988051425,0.42387116922041373,0.5354149501543696
0-1,0-1,0.00028956892875454395,0.550916623861604,0.40816471443057967
1-0,1-0,0.0002676628064645631,0.44107554426447776,0.518523613961484
0-1,1-0,0.00025116458239897454,0.4742923143120976,0.4850618573766301
0-1,1-0,0.000266686596577499,0.4250663876761562,0.5345182359629326
1-0,1-0,0.0003545807856720238,0.4282954423420094,0.5311502790905058
1-0,1-0,0.00038691510106742607,0.422689826798533,0.5368704822434484
1-0,1-0,0.0002684946012680844,0.42324627784964797,0.5359986464519215
0-1,1-0,0.0002597205526753079,0.4238811204428227,0.5354869568267384
0-1,0-1,0.00027483644874299267,0.5071978298408031,0.45204638883352466
1-0,1-0,0.0003146984028057066,0.46045849262312094,0.49867848228193706
1-0,1-0,0.00024679699498111884,0.4761890666465868,0.48291019054218515
0-1,1-0,0.00032809581502979136,0.4585403490531752,0.5005095994819843
1-0,1-0,0.00030408555013519277,0.45903853051831517,0.5002330015120421
1-0,1-0,0.00029433465452284076,0.4557864717079279,0.5036207415832865
0-1,0-1,0.000354502118576306,0.5991338926515467,0.35706257775029765
0-1,1-0,0.0003738106617212269,0.4238257575350605,0.5356514142171359
0-1,1-0,0.0002541787384986735,0.49813741255757277,0.4613117141826975
1-0,1-0,0.0028538731638645494,0.36822363294864763,0.5279937084923761
1-0,0-1,0.0002646347086213885,0.5399160147140132,0.41904231199687636
1-0,1-0,0.00026358852642136487,0.4252150356722487,0.533848882930781
1/2-1/2,1-0,0.0002767562424978332,0.44807759251851403,0.5115224083087506
1-0,0-1,0.00031352480875064564,0.5343900075086425,0.42464247624623147
1/2-1/2,1-0,0.0002688516610547911,0.4418070136434363,0.5176396381542198
1-0,1-0,0.0003064948629044317,0.46848352869500204,0.4906601613128493
1-0,1-0,0.0002957829300253622,0.42398186132109306,0.5352322551740727
0-1,1-0,0.00034439141532065286,0.4551445619985948,0.504143751567768
1-0,1-0,0.0002549111363789978,0.4242890479371003,0.5350598243449053
0-1,1-0,0.0003576076714763912,0.44584975115866343,0.5134119833860469
0-1,1-0,0.00035796654914851316,0.4443272689136578,0.5148996339183313
1-0,1-0,0.00032810006884243924,0.4720007609273273,0.4872428994277603
0-1,1-0,0.00028908087397076196,0.43271148852480207,0.5267835480664205
1-0,1-0,0.00030462294631419427,0.42969671498394996,0.529698225201733
0-1,1-0,0.00032528792404902095,0.49152050243289946,0.4672253267764955
0-1,1-0,0.00026031738505252343,0.49452574332759675,0.4650814679910253
1-0,1-0,0.0003475088504627088,0.4365291410837226,0.5229123934979335
1-0,1-0,0.00030279142610047566,0.42689514156653513,0.5324825944421061
0-1,1-0,0.00025621692231572355,0.4444368168939904,0.5146359444831714
0-1,0-1,0.00025251077352065883,0.5150705562992464,0.44460328424027307
1-0,1-0,0.0002562858037638533,0.4239909284657929,0.5351629122934247
1-0,1-0,0.0002577092041310631,0.42474447965400786,0.5345522154544867
1-0,1-0,0.0003330961210283599,0.4673565890478621,0.4915770411886971
0-1,1-0,0.0002491404845063102,0.4377975348889109,0.5216473055661723
0-1,1-0,0.0002923682950589739,0.42431293875054066,0.5349774053437142
0-1,1-0,0.00037950871921197234,0.42604429440177916,0.533459994728521
1-0,1-0,0.00025467227949986954,0.4869764456767179,0.47222971950059356
1-0,1-0,0.0002984988954496913,0.49202625862292515,0.4672978270629255
0-1,1-0,0.0002489145458784189,0.47641111037755085,0.48343949971585276
1-0,1-0,0.0002990339441202564,0.4486004394012721,0.5108057464875834
1-0,1-0,0.00025230511853835885,0.4432932750236304,0.5161828318321294
1-0,1-0,0.00025775673243780853,0.4226552426263332,0.5324440771379578
1-0,1-0,0.00026927286402434077,0.45207095818828064,0.507346236553361
0-1,1-0,0.00024913141977710054,0.5009110316497091,0.45806663967647404
0-1,1-0,0.00025259946641483866,0.46777902273206734,0.4915466529657298
0-1,0-1,0.00032168725765761136,0.5158345465297308,0.44280485781082246
1-0,1-0,0.0002524247517786899,0.5044059424339071,0.454833293195145
0-1,1-0,0.00034948240438895914,0.4236358523010837,0.5357533304550305
1/2-1/2,1-0,0.0003422107870974059,0.42455602224547756,0.5347766534978143
1-0,1-0,0.00038691553009530954,0.42258826716769526,0.5369705124639161
0-1,1-0,0.0003303440071443169,0.48467535543389517,0.4741937398292511
0-1,1-0,0.0002448077073023426,0.4554830286243775,0.503836288340745
1-0,0-1,0.00027456866766314275,0.5228964504130404,0.436256951595372
0-1,1-0,0.00037862990679228054,0.42732570598865394,0.5321500665833409
1-0,1-0,0.0004985934201455205,0.43429320059419024,0.5417082085696131
1-0,1-0,0.00034781936505635675,0.45582501639840334,0.5032792313009581
1-0,1-0,0.0003457635330377154,0.4411493714624826,0.518352781913923
1-0,1-0,0.0003307347968635109,0.4330087527006885,0.5261565243617943
1-0,1-0,0.00035487015476504916,0.4435321607296493,0.5156658118298814
1-0,1-0,0.0002685014274001465,0.4906311488391019,0.4689579149125103
1-0,1-0,0.00034634225254070463,0.4344238524214002,0.5248567272159227
1-0,1-0,0.00028390275870256366,0.45653668395839797,0.502865908846921
1-0,1-0,0.00027993438305951626,0.45137845563045154,0.5080317343730804
0-1,1-0,0.0002716058217423935,0.4227887861674929,0.5363596729171952
0-1,1-0,0.0002525758828491313,0.4426803604137714,0.5167991060600768
0-1,1-0,0.0002521803720801828,0.46491095078601247,0.49443191079218274
1-0,1-0,0.00026813843191507924,0.4242260209222171,0.5349169958926977
0-1,1-0,0.00028413247867427273,0.4770718904167222,0.48229268352890203
0-1,1-0,0.0002746043173459561,0.4343834170324585,0.5250504704765604
0-1,1-0,0.0002525367831429445,0.4553424089025252,0.5037226938284298
0-1,1-0,0.00032226679648106544,0.4686675040572516,0.4902990109202264
1-0,1-0,0.000319704858176218,0.4891870542888483,0.4699790738875425
0-1,1-0,0.0003250609772087223,0.43518248690847694,0.5241308551296797
0-1,0-1,0.0002524824083684545,0.5153649479697352,0.44351739904506754
1-0,1-0,0.00030145700155410893,0.4716587894880431,0.48772217080874064
1-0,1-0,0.0002855964754212806,0.48421037549389084,0.47513962966329865
0-1,1-0,0.0003165876970534914,0.49980440517877794,0.45931507592502085
0-1,1-0,0.00036978462051415515,0.4343420996033821,0.525028675591612
1-0,1-0,0.0003477853484221979,0.43972200234519376,0.5197099839994133
0-1,1-0,0.0002791321139536232,0.45358244033286965,0.5059992027702074
1/2-1/2,1-0,0.00030672293265078516,0.42452143786549273,0.5347981806493964
1-0,0-1,0.00028935736787012603,0.5247835275861258,0.4344668075328812
0-1,1-0,0.00027256815794471975,0.44609212074322757,0.5135218438436849
1/2-1/2,1-0,0.00025662305721503884,0.42373597770054805,0.5355403889894365
0-1,1-0,0.00024791274632081085,0.44433538105870135,0.5151033125571373
0-1,1-0,0.00028553833916927253,0.42390075592067544,0.5354126595847101
1-0,1-0,0.0003026718033158973,0.42858716468259916,0.5308083393716491
1-0,1-0,0.0002545196792280194,0.4304392884700562,0.5290613039362351
1-0,1-0,0.00025987177341562804,0.4562905775512211,0.5015050235487643
0-1,1-0,0.0002897475915956568,0.4278524013737485,0.5315003011533365
0-1,1-0,0.00035150234365726254,0.4346006211742496,0.5248462592913401
1-0,1-0,0.0002521008263329145,0.43109133887559076,0.5283341147858552
0-1,1-0,0.0003737753810855952,0.4232184657493949,0.5362469608810799
0-1,1-0,0.0002469608892460219,0.4454089160602117,0.5139961070567264
0-1,1-0,0.0002520000154717742,0.47394298182522765,0.4853369041659734
0-1,1-0,0.00027288141596895827,0.42391245008981443,0.5354717628519966
0-1,1-0,0.0003225794162140459,0.45794704156639454,0.5014445079917912
0-1,1-0,0.00024565209979123,0.4682238967305482,0.4910377945722296
0-1,0-1,0.00027579903500227497,0.5532264281031427,0.4054389504523655
0-1,1-0,0.0002992108819995701,0.43764259191878174,0.5217976783700452
1-0,1-0,0.00025094951359928884,0.4486060284208714,0.5108376811998425
0-1,1-0,0.0002622858366681214,0.4248956275390971,0.5340666210161649
1-0,1-0,0.0003732925931363755,0.42314535965903566,0.5363686119533249
1-0,1-0,0.00032288681182465425,0.4624462617974266,0.49692068402097544
1-0,1-0,0.0003226961726003847,0.5036349889475316,0.45525991676226724
0-1,1-0,0.0003149471984514003,0.45879035728249823,0.5003632949551955
1/2-1/2,1-0,0.0002478521890111019,0.4477512439619184,0.5116756123356055
1-0,1-0,0.00024653531632715656,0.4786144563951377,0.4805695311728578
0-1,1-0,0.00030401453820311176,0.42409677028065884,0.5352125214669607
0-1,1-0,0.00036403312280587895,0.43586838350526363,0.5234362791000408
1-0,1-0,0.00029745401768517077,0.42484742811057724,0.5345145727992642
1-0,1-0,0.00030263748182120427,0.45297018951383355,0.506370143556431
1-0,1-0,0.0002530729748107022,0.44268105525604445,0.51679878926381
0-1,1-0,0.00024978273368951115,0.4633551875854741,0.49620150482628084
1-0,1-0,0.00030735357035556856,0.4310795873190767,0.5283097222088655
1-0,1-0,0.0002600075189001849,0.42601360042382524,0.5331617312831574
1/2-1/2,1-0,0.0003612250983558515,0.44133440349873326,0.5180114348497619
0-1,1-0,0.00024780346911800323,0.44619463031935525,0.5131118597904725
1-0,1-0,0.00028396682424696156,0.4289622323627789,0.5304809462825429
1-0,1-0,0.00026413917765880313,0.4498285604546829,0.5091482721488039
0-1,1-0,0.0002492685439266012,0.43748317487604627,0.5219683622416194
0-1,1-0,0.0002710484136657986,0.4232535525142338,0.5363659157707895
1-0,1-0,0.00037582238128225934,0.4244294165893251,0.5350511458936499
0-1,0-1,0.00029272558564827914,0.5611552944231837,0.39749521562848417
1-0,1-0,0.0003806932218489616,0.42456564807551345,0.5349364223237494
1-0,1-0,0.0003337255305236573,0.4416316158647959,0.5177979191580656
0-1,0-1,0.00030433000385960427,0.5821946667520791,0.37653806299536685
0-1,1-0,0.000280494575547495,0.45249375141314424,0.5070781903293612
0-1,1-0,0.0002528874796455808,0.4625843883628399,0.49640050923455126
1-0,1-0,0.0003602870477384898,0.44231108599957847,0.5169452188394885
1-0,1-0,0.00024825708594881685,0.44047376334526345,0.5189507927539847
1-0,1-0,0.00025743235247085197,0.42925080863589005,0.528962770079878
0-1,1-0,0.000351417770011922,0.4276610414371162,0.5315231887544326
0-1,1-0,0.0003836100864693714,0.42511033606153015,0.5344284708120339
0-1,1-0,0.0002536256503201135,0.42654989266891047,0.5328960462495165
1-0,1-0,0.00025893213314012926,0.4241503916913905,0.535108682105432
1-0,1-0,0.00034721731518588003,0.4558739790714769,0.5032171780186325
0-1,1-0,0.00034339268438607297,0.4452370861646296,0.5141714311977299
0-1,1-0,0.0002901800699418691,0.42350920384782836,0.5358425143285022
1-0,1-0,0.0003041464230003957,0.4900448603199463,0.46926505864454854
1-0,1-0,0.0003573663474267337,0.43006401428208096,0.5292765015147796
1-0,1-0,0.0002544445956746125,0.46418311261981826,0.49528708806159744
1-0,1-0,0.0003665894893891251,0.4278884537270169,0.5316385597912272
0-1,1-0,0.0003216254508377783,0.44173789720375256,0.5175405877354287
0-1,0-1,0.00033985304943663733,0.6135471362273756,0.34538073744282766
1-0,1-0,0.0002556004245788228,0.42571539558298743,0.5336549302443515
0-1,1-0,0.00026409810687894037,0.42484779440675924,0.5346721171581219
0-1,1-0,0.00027647338329594653,0.457426977051118,0.5019728420714897
1-0,1-0,0.00024739121987592445,0.4457663328768597,0.5136578196942788
1-0,0-1,0.0003163075656534383,0.5918879869613218,0.3665349168112442
1-0,0-1,0.0003222421170160432,0.5555160463972005,0.40292850144477754
0-1,1-0,0.00035150870578128703,0.45079139137238716,0.5084767065730935
1-0,1-0,0.0003411208780063643,0.44241850182552445,0.5170082947702271
1-0,1-0,0.00031099364545266405,0.48703766905872264,0.47224462185294114
1-0,1-0,0.0002494516806089777,0.4441992305827768,0.5152608711089101
1-0,1-0,0.0002614754153595863,0.4233830911337206,0.5358339773217093
0-1,1-0,0.00026487321185526553,0.4372220550855216,0.5218869683853732
1-0,1-0,0.0003411220303539528,0.4419093617689423,0.5175192002298957
0-1,1-0,0.00025519591427796085,0.43870889050943834,0.5207867781558941
0-1,1-0,0.00037519105770948664,0.42918543633925715,0.5302423054241494
1-0,1-0,0.000259511837418663,0.4457962786315078,0.5137260368248118
0-1,1-0,0.0002499689457378599,0.46635360316999686,0.4929673086325405
0-1,1-0,0.000337773154888171,0.44750170871064604,0.5119066208785709
1-0,1-0,0.00038370235498035493,0.4242700594766569,0.5352560947786489
0-1,1-0,0.000385794450148363,0.42307289269245535,0.5364747075466293
0-1,1-0,0.00026036034088912347,0.45329856059365015,0.5058540828714138
1-0,0-1,0.00030053303003448116,0.5354593038568024,0.42332201450529433
1-0,0-1,0.00032472315248020735,0.5617604298939614,0.39669308576310197
0-1,1-0,0.0003216740377264132,0.48467493706904663,0.4745084385537749
1-0,1-0,0.00024805125284342697,0.45346634947193837,0.5057550926780731
1-0,1-0,0.00030859142800974715,0.4958904416367457,0.4633621921839589
0-1,0-1,0.00027270616527080285,0.5397591387483609,0.41914577036704115
1/2-1/2,1-0,0.0002811393055224932,0.42505595108440253,0.5342121354583516
1-0,1-0,0.0002851590019718365,0.4118415932628796,0.5483278100294722
1-0,1-0,0.0002623653625464317,0.44929426912713133,0.510142496723951
0-1,1-0,0.00027757401281426906,0.5044673172489289,0.45480328207859444
1/2-1/2,1-0,0.00033705523342835206,0.46591193382072876,0.4930449470849919
0-1,1-0,0.0003087020283512488,0.4441779412331218,0.514795481009547
0-1,1-0,0.0003689045242878676,0.429775328299945,0.5296978352365201
1-0,1-0,0.00025756872546088517,0.46346272020522544,0.4959046441877817
1-0,1-0,0.0003455841135537489,0.45582535530453555,0.5034320989321569
1-0,1-0,0.0002467295882919502,0.49762935092792854,0.4613695393764197
0-1,1-0,0.0003588161739625005,0.42911860527318224,0.5302362273058521
0-1,1-0,0.0002980303744307991,0.44108658709226223,0.5179456222765196
0-1,1-0,0.0002774584629922177,0.4821944032405392,0.47714508087872787
1-0,0-1,0.0002956054641464455,0.5554835630126073,0.4024332737226279
1-0,1-0,0.0002575977159884536,0.5053106690420563,0.4542106622816158
1/2-1/2,1-0,0.0003030250234109109,0.4961613812734964,0.4627529667433943
1-0,1-0,0.00030961479837362144,0.42403384520846166,0.5351810666769399
0-1,1-0,0.0003621587668378089,0.44017026748476346,0.5191057876222233
1-0,1-0,0.00030145057434229376,0.44436274882260685,0.5150462077169651
0-1,1-0,0.00024439095635365944,0.4860389900123356,0.4730173679238543
1-0,1-0,0.000251542831643921,0.4317095921026902,0.527776010985476
1-0,1-0,0.00027323144934307346,0.4373402925749664,0.5220989433118182
1-0,1-0,0.0002506050716077267,0.4454492587247999,0.5140111911289685
1-0,1-0,0.0002587194625134587,0.42385575358815947,0.5309734861795492
1-0,1-0,0.0002550510792356055,0.46666062789472484,0.49268193393998605
1-0,1-0,0.00027566773172333915,0.41642489849748116,0.5424894869448272
1-0,1-0,0.000355292166558128,0.4250354445808558,0.5343578520005624
0-1,1-0,0.00038475323492089827,0.4236397216106148,0.5358962659725355
1-0,1-0,0.0002692914339567978,0.4239162733972492,0.5354784919053969
1-0,1-0,0.0002599146240005965,0.42405150431356453,0.5351726362750213
1-0,1-0,0.0002517956794958831,0.4330105530780939,0.5264890558003036
0-1,1-0,0.00034624351745881043,0.4434795658631176,0.515698502183966
0-1,1-0,0.00037801159479524554,0.4279664145827968,0.5314945699851292
0-1,1-0,0.00024877460768496723,0.4943182997550114,0.46495531615971786
0-1,0-1,0.0003070879226044066,0.5268411913291037,0.4323179763590571
0-1,0-1,0.0003105804825642972,0.5824648341637939,0.3759881681261877
1-0,1-0,0.00033897687533322496,0.43740388084183435,0.5220300892078895
1-0,1-0,0.00032406330871154843,0.4961031770008077,0.4626124779736268
1-0,1-0,0.00029752871752019216,0.4405820150199951,0.5188669213773763
0-1,1-0,0.0002585709216298012,0.4386003112010821,0.5204779102954824
0-1,1-0,0.00024718708044552394,0.45173512398993887,0.5076626784032817
1-0,1-0,0.00030703631643883125,0.4366400326904021,0.5221315589674688
0-1,1-0,0.0003136301490736212,0.46557675622893707,0.49351180476089257
0-1,1-0,0.00025820975832020656,0.4427680336527415,0.5162974137645242
1-0,1-0,0.00030104397805191184,0.4274957081149914,0.5318295625273354
1-0,1-0,0.00036050677103576157,0.42375695790543844,0.5356744375332998
0-1,1-0,0.00026970605332437295,0.4269158104819924,0.5326867299242479
1-0,1-0,0.0003496827430608795,0.45442576646668803,0.5047221791922891
1-0,1-0,0.00031001523121220473,0.46469983796627856,0.4946906826929933
1-0,1-0,0.0003492214459640951,0.45504950785032455,0.5040983767999738
0-1,0-1,0.0002501712713483604,0.5062353343056956,0.45268978952826416
0-1,1-0,0.0002976718880903522,0.47417369707950713,0.4850422641472022
1-0,1-0,0.00027562801628491757,0.4343363602041447,0.525093682527845
1-0,1-0,0.00035135641152589424,0.4521894458565552,0.5070327554076047
1-0,0-1,0.00026612591081498954,0.5376012353544993,0.42115183437816367
1/2-1/2,0-1,0.0003198320272237547,0.5660045530513182,0.39302522872992957
0-1,1-0,0.00027999809267646855,0.42312961918557784,0.5363290083419029
1/2-1/2,0-1,0.00030707203196339523,0.5752950607643574,0.38344486241549686
0-1,1-0,0.00035492651756056633,0.42701786902479993,0.5324106055969342
1-0,1-0,0.0002527117152937605,0.43158603502835857,0.5277930930990974
1-0,1-0,0.00031646043607187264,0.4356015913410278,0.523794403931052
1/2-1/2,0-1,0.00026865467250360495,0.5400618674066064,0.41926601191485235
0-1,1-0,0.00024404379152190075,0.475162642884704,0.48400270992859834
1-0,1-0,0.0003222780917917879,0.4461319502872414,0.513305739869103
1-0,1-0,0.000285202819842192,0.472222080270234,0.4871541933511164
1-0,1-0,0.00025202491931852804,0.43101477094339863,0.5284768362739193
1-0,1-0,0.00033050298765376095,0.4247357458847178,0.5345386751666089
0-1,1-0,0.0002588090389540876,0.42457771053788307,0.5344246728316735
0-1,0-1,0.0004124523834590659,0.587170300193522,0.3661419342055405
1/2-1/2,1-0,0.0002535925443003119,0.4409703520556238,0.5182683743054203
1-0,1-0,0.00034903178931621696,0.4521688880718666,0.5069444760100862
0-1,1-0,0.00026485153576350174,0.426291892366562,0.5331503390768969
1-0,1-0,0.00031393954003055885,0.45874892979122894,0.5006540794914166
0-1,1-0,0.0002590143952661733,0.48835453446420757,0.4708773960623933
0-1,1-0,0.00024650163291997743,0.47308084594960126,0.48615271252218295
0-1,1-0,0.00030127592142229913,0.46063644258481334,0.4987678540096713
1/2-1/2,1-0,0.0002665541675241626,0.4321285667688799,0.5257730735071706
1-0,1-0,0.00024476352123910125,0.4550862050073764,0.5042263881673413
1-0,1-0,0.0003082101379413315,0.42398367882611954,0.5352072847270593
0-1,1-0,0.0002934921019591005,0.42438597728980343,0.5348871497375697
0-1,0-1,0.0002848192640896178,0.5191459545909451,0.4400411953973802
0-1,1-0,0.000250250856709205,0.47396671255385275,0.48532896634743716
1-0,1-0,0.0003244859315479993,0.49799535817583446,0.46072611091590665
1-0,1-0,0.00029165785094933277,0.45904716638404847,0.5003556316281353
1-0,1-0,0.0003451725877987226,0.44820865982550856,0.5111677526091002
0-1,1-0,0.0002513472150093332,0.4563900295380476,0.5028901195039414
1-0,1-0,0.0002672263960647095,0.42547569774281696,0.5336336259949311
0-1,1-0,0.00032392316672417976,0.42909720340012014,0.5300958763199913
1-0,1-0,0.0003657390704908273,0.4377798407101017,0.5215454331979363
0-1,1-0,0.0003393161489327279,0.44308306777424666,0.5163427928874642
1-0,1-0,0.00028797183626074206,0.4085614296431268,0.5519434434732625
1-0,1-0,0.0003732910072204862,0.423941357959234,0.5354438989884421
1-0,1-0,0.000280968172129396,0.5057893660310879,0.4534916658958093
1-0,1-0,0.0002465963824849272,0.490412258979107,0.4686615864212331
1-0,1-0,0.0002605983341810958,0.4363903336985301,0.5231253655123091
1-0,1-0,0.0002599666821612832,0.4325410593456264,0.5269524107088163
0-1,0-1,0.00026926262554470326,0.5110288138145301,0.44814926702881663
1-0,0-1,0.00031380494036532564,0.5592152626781578,0.3999009985821245
1-0,1-0,0.0002522091015301968,0.4775798060820785,0.4812389204386256
1-0,0-1,0.00032200088977710656,0.5127963314683034,0.44598535610955387
0-1,1-0,0.00026249840128230253,0.42330042899283404,0.5354483848156979
1-0,1-0,0.00030886871289523683,0.4810600100039442,0.47791068834508565
0-1,1-0,0.00031361991100884275,0.4304646228124446,0.5289000227326347
1-0,1-0,0.000244237416879046,0.4671064784824228,0.4920748499539805
1-0,1-0,0.0002502332815696771,0.4391081201562499,0.5203763747441409
1-0,1-0,0.00026038339136046285,0.42813090240475365,0.5313441861310891
0-1,0-1,0.0002925880953798593,0.551124795860681,0.40802745466796264
1-0,1-0,0.0002491316397233228,0.46137831791375455,0.49797272348221916
0-1,1-0,0.0002951746469185228,0.4808408432422022,0.4785208454757563
0-1,1-0,0.00026316605179502205,0.42477555503359027,0.5341481299817524
0-1,0-1,0.0003006217441476546,0.58071987234958,0.37781364219824537
0-1,1-0,0.00024497957710002856,0.45871193061061744,0.5005240160161297
1-0,1-0,0.00028667192180422936,0.4355954078061847,0.523925766350198
1-0,1-0,0.00026332554626507415,0.42538591814629567,0.5337142005251733
0-1,1-0,0.0003489885077623212,0.44288688788376285,0.5162990832945573
1-0,1-0,0.0002708336577023487,0.4267388415239578,0.5328579441704829
0-1,1-0,0.0003423493347397273,0.4246067390465145,0.5347507889248544
1/2-1/2,1-0,0.0003092752983341976,0.5055397600111016,0.4536558950344373
1-0,1-0,0.0002617615413063955,0.42996737635187965,0.5289898862581671
0-1,1-0,0.00032761711796176974,0.43207346107440037,0.5273198131344413
0-1,1-0,0.00033919152397732857,0.4340157677394577,0.525274116932922
1-0,1-0,0.00026591832863120837,0.42813948046866684,0.5309375450302072
0-1,1-0,0.0002741997414315851,0.42304451800358356,0.5364838335898112
0-1,1-0,0.00027009376502488194,0.4336031007900275,0.5258483940523746
1-0,1-0,0.0003154929277474341,0.4239001201995977,0.535384414202028
0-1,1-0,0.00025658926094497737,0.4498866683669076,0.5091677153353559
0-1,0-1,0.00028190002023260636,0.5285113189020038,0.43068196697378003
0-1,0-1,0.000287806629191311,0.5385075704280637,0.4205963316357708
0-1,1-0,0.0002582579207650246,0.42719164280991967,0.532031164956672
0-1,1-0,0.00036198522122028026,0.4265684509663234,0.5328263542075629
1-0,1-0,0.0002579177896231662,0.42415179714129375,0.5351476091595113
0-1,1-0,0.00032311482236986724,0.426784028922844,0.532552958074594
1-0,1-0,0.00028781101127881096,0.47291841539679763,0.4864590162140055
0-1,0-1,0.0002611958588106732,0.5208820188945897,0.43806965773308315
0-1,0-1,0.00028434069336383196,0.5418332074498358,0.41729004744747694
1-0,1-0,0.00025790843477034337,0.43331229107664826,0.5258314359416738
1-0,1-0,0.00025501654445162956,0.4546038028869421,0.5044329253465496
0-1,1-0,0.0002478113423282577,0.4984881426395334,0.46049298636691083
1-0,1-0,0.00026535944608146127,0.44982397508226774,0.5096059548314178
0-1,1-0,0.0003053986459395545,0.4238706174681517,0.535334149317138
1-0,1-0,0.00027519761897414204,0.4260810177196645,0.5334801595525513
1-0,1-0,0.00027700917569071034,0.450835604326032,0.508577324829037
1-0,1-0,0.0002647287209451946,0.44019946314902453,0.5189306312021237
1-0,1-0,0.000252177496702187,0.4459963298433727,0.5134652686905031
0-1,0-1,0.0002859526033190822,0.561166292347911,0.3976096754840705
1-0,1-0,0.000262769099784885,0.46574600430666674,0.4936184459131305
1-0,1-0,0.00038446510064086604,0.4238023350450748,0.5357304620503036
1-0,0-1,0.0002650639426685225,0.5112667654210162,0.4467546268851993
1-0,1-0,0.00025414188111275377,0.4491059815969753,0.5102642531055915
0-1,1-0,0.00029604617248467027,0.4643754317102331,0.4950220398763413
0-1,1-0,0.0002435429903596655,0.46902118139819654,0.4901538969287539
1-0,1-0,0.0002614109359481227,0.42476230033642615,0.5344514972986004
1/2-1/2,1-0,0.00024971612618503554,0.4587896947431666,0.5004112489426233
1-0,1-0,0.00028522151340926025,0.45590086861317064,0.5036165755936346
0-1,1-0,0.0003482825193708572,0.4382245831482682,0.5210130530427496
1-0,1-0,0.0003317290537041867,0.4643569479863767,0.49493838301329823
1-0,1-0,0.0002640061054356657,0.4248945286651077,0.5342081629441365
0-1,0-1,0.0003210733754655975,0.5132267647754284,0.4453909914906527
0-1,1-0,0.00031445150612279416,0.43801851567968414,0.5213259850344815
1-0,1-0,0.0002524462344837139,0.4445167127100827,0.5147039616556518
1-0,1-0,0.00028542809826660357,0.42357165631427024,0.5357321372384293
1-0,1-0,0.000256262297501418,0.4341356119369152,0.5253686887513261
1-0,1-0,0.0003374728160525558,0.4270894386807277,0.5322514173229499
0-1,1-0,0.00028601732302383073,0.49081123403288957,0.468523138472377
1-0,1-0,0.0002595895876303321,0.5008006828852994,0.45878039321503133
1-0,1-0,0.00027923980447057243,0.47833927793121983,0.4810142623165285
0-1,0-1,0.00029374386259342156,0.5498550996561515,0.40931900788186953
0-1,0-1,0.003840323851538103,0.5283116250644496,0.3672468653263233
0-1,1-0,0.0002484807877398095,0.4512822226384391,0.5079495720710966
0-1,0-1,0.0003114057493451558,0.587600529695507,0.371114960420754
0-1,1-0,0.0003116337421371462,0.49996704911005757,0.45922938148018005
1-0,1-0,0.00037639775356770313,0.4275770192336117,0.5318687269527476
1-0,1-0,0.00033126949133594445,0.43762923613746535,0.5216440216893009
1-0,1-0,0.00027949178168449766,0.4514614299359047,0.5079488605482781
1/2-1/2,1-0,0.0003514377173206067,0.43831983272114566,0.5209184578318958
0-1,1-0,0.0002549027237492411,0.42462587838544197,0.5347543669095697
1-0,1-0,0.0003428027746261715,0.46100727772934486,0.49802294891906534
1-0,1-0,0.00030421221855492003,0.4758851704888386,0.483478901910287
1-0,1-0,0.0002494704877093728,0.4477297473349562,0.5117123945305179
1/2-1/2,1-0,0.0002605021552601656,0.4230763332147209,0.5359731568665608
1-0,1-0,0.0003211744248069775,0.44712480771693114,0.5122968064869841
1-0,1-0,0.0003864961995150333,0.4230772696587285,0.5364917187435075
1-0,1-0,0.0004825622020712202,0.4513133115523455,0.5301475202898883
1/2-1/2,0-1,0.0004990629586236292,0.5792224180840979,0.3674135894431704
1-0,1-0,0.00026169731687277707,0.4290145799032618,0.5304621912848514
1-0,1-0,0.0003015818325483771,0.4545998152696551,0.5048112585563631
1-0,1-0,0.00031520608580384765,0.48035273404453294,0.47854415719988097
1-0,1-0,0.00025767901589931574,0.4270534675029125,0.5308639522375713
0-1,1-0,0.00035657657030830676,0.4247013857632757,0.534700214671954
0-1,1-0,0.0002484459360746243,0.43989749504126674,0.5195335593804168
0-1,1-0,0.0002541355821187979,0.46866115866299385,0.49081612233748595
1-0,1-0,0.00027940809959443,0.4384985103132205,0.5204424510985385
1-0,1-0,0.0003354991953199322,0.46530878350328275,0.4936457469836936
0-1,1-0,0.000255711049981036,0.4348487034395236,0.5243533421104186
0-1,0-1,0.0002733505095207763,0.5403372283709542,0.41902766603098895
0-1,1-0,0.00024807714113674626,0.4438708583020514,0.5154624555328846
0-1,1-0,0.000253922988900943,0.4294231418916495,0.5299472041878968
1-0,1-0,0.0003452668567797768,0.4251542721218738,0.5340182392494357
0-1,1-0,0.0003239003572465784,0.4256106649043717,0.5337190146373154
1-0,1-0,0.0003016411879975185,0.42745795067201914,0.5319310251842589
0-1,1-0,0.00026514690843549985,0.43643706190333786,0.5231392129190322
1-0,0-1,0.0003087563089985508,0.5102469963405469,0.44845798643954676
1-0,1-0,0.0002501154933175418,0.49426286415900733,0.46492919229510793
1-0,0-1,0.00025939213501593875,0.5208877663650013,0.43802049728029285
0-1,1-0,0.0002529839814437065,0.44954642118265475,0.5098958082023777
1-0,0-1,0.00027745842385583396,0.5233167372155375,0.4358653112578696
1-0,1-0,0.0002472804218987709,0.47610395502399605,0.4829782017796325
1-0,1-0,0.00032477217355090577,0.486027530573358,0.4730810380207779
0-1,1-0,0.00026839060853589157,0.432502075576809,0.5269559675200519
1-0,1-0,0.00024456610985464756,0.46251530654468526,0.4967673711154749
0-1,1-0,0.00028588710074134086,0.44251997899001566,0.5168909919572294
0-1,1-0,0.0002742791423229596,0.4211311966992041,0.5384068641746318
0-1,1-0,0.0002651529088989236,0.47690386056285555,0.4824179719800766
0-1,1-0,0.0002534111625409824,0.42769240233932265,0.5317449449010598
1-0,1-0,0.00034056795185149384,0.43568681796780584,0.5237472957523416
0-1,1-0,0.00034565783100486553,0.4234013345458172,0.5358996937975756
1-0,1-0,0.00044270498937296955,0.4347777318426559,0.5376668119200465
1-0,1-0,0.0002498836437741735,0.48154944623131485,0.47737119549717894
0-1,1-0,0.0003579134119056305,0.42472577210222395,0.5345220961821073
0-1,1-0,0.00032963135908225513,0.4322194115135885,0.5271790643004168
1-0,1-0,0.0002560324322762479,0.4329879264488481,0.5261159909730136
0-1,1-0,0.0002999001955485486,0.45000542585444275,0.5094063687520508
1-0,1-0,0.0002772521929739107,0.4367127971308128,0.5228652322818004
1-0,1-0,0.00025800722104676497,0.4979992054626713,0.4611549049127094
0-1,1-0,0.0003737703392968936,0.42509459335576155,0.5343939160721778
0-1,1-0,0.0002984557010968192,0.42676849026727953,0.532625806452364
0-1,1-0,0.0002792769660043847,0.4252265790688771,0.5342880705471164
0-1,1-0,0.00036870194513860966,0.433207705811926,0.5261465849992424
0-1,1-0,0.0003607932184216659,0.42455682694487956,0.5348616465220037
0-1,1-0,0.0003857821336446502,0.42313481326966146,0.5364398367967379
0-1,1-0,0.00030555628714180134,0.5061836060843273,0.4530496929417459
0-1,0-1,0.0003071357932025402,0.5767496763082053,0.38233521707737156
1/2-1/2,1-0,0.00032392770440501734,0.4591527971670416,0.5002291106483765
1-0,0-1,0.00030008005325935985,0.5080484696760549,0.45121922824791
1/2-1/2,1-0,0.0003168098057858462,0.48100301550310776,0.47786920821384693
0-1,1-0,0.0002571791094222491,0.4245561091062637,0.5346313698184152
0-1,1-0,0.0002538204376448579,0.42769111793999987,0.5317244450424077
0-1,1-0,0.0002518079528897044,0.44342406040107196,0.5160505362069764
0-1,1-0,0.00030379567002605687,0.42918491511365764,0.5302103273195838
0-1,0-1,0.0002880539408076391,0.5372711673751153,0.42182530957418296
1-0,1-0,0.0003832683735670891,0.4240832593069122,0.5354232279164268
0-1,1-0,0.00026459827323468217,0.4746200140022967,0.48502246897915624
1-0,1-0,0.00025325694348858017,0.4419096227340132,0.5172854870434938
1-0,1-0,0.00033129512323072375,0.4382889480097295,0.5211370202009022
1/2-1/2,0-1,0.0002703059097448721,0.5193449648659936,0.4397835452762157
0-1,1-0,0.0002960479409537352,0.4894481069070579,0.4696560370678057
1-0,1-0,0.000246142386119583,0.45361941379923476,0.5057508521658889
0-1,1-0,0.00026110290988848713,0.4352708883983126,0.5242169496576043
1-0,1-0,0.0002629972097129348,0.4252868779946499,0.533797325525929
0-1,1-0,0.00025462845511779676,0.43629096462173417,0.5232126086034471
1-0,1-0,0.00025651592985880255,0.4266813005461765,0.5327792490671512
1-0,1-0,0.00031458833753700695,0.4636332849489325,0.4957527715766134
0-1,0-1,0.0003197949803884263,0.5261132551044884,0.4327001047774966
1-0,1-0,0.0003530964785318459,0.4375711922028065,0.521677446151336
1-0,1-0,0.00036265531159914815,0.43685340363459974,0.5224359024542224
1-0,1-0,0.00025718266366199754,0.42393343626413066,0.5353710967578916
0-1,0-1,0.00032185963079457816,0.537166094659954,0.421456170074966
1-0,1-0,0.00025251290019125166,0.42916669537977997,0.5302921528734054
1-0,1-0,0.0003837029912210663,0.42393433711704187,0.5355951056596059
1-0,1-0,0.0002638331505914666,0.4243008535642894,0.535129249580089
0-1,1-0,0.00032503570238623863,0.4774972648722231,0.48171986476796647
1-0,1-0,0.000286240247043878,0.42896283087395376,0.5304100434839428
0-1,1-0,0.0002957586453414067,0.44844237319166397,0.5109676567489841
0-1,1-0,0.0002739535969922733,0.4946155874714584,0.4646732636275824
1-0,1-0,0.0003601423170616834,0.4426464131799514,0.5166101833611064
0-1,1-0,0.00026597103475883496,0.4322889832766282,0.5267840622321737
1-0,1-0,0.00033047609666922456,0.43726954625361797,0.5220095331352957
1/2-1/2,0-1,0.00030122722150645244,0.5706060744414228,0.38845153425518925
1-0,1-0,0.00028349405586358103,0.42489539261147014,0.5343481420830986
1-0,1-0,0.00025792969852086057,0.4247847149766206,0.5345016459935052
1-0,1-0,0.00025806958035993913,0.42269683601050306,0.5336507281943762
0-1,1-0,0.00033702299197958655,0.4582778536466679,0.5007434103498651
0-1,0-1,0.00031718288731573694,0.532014425167298,0.42690549411170364
1-0,1-0,0.0003081447996210411,0.4388048950340239,0.5205957984313965
0-1,0-1,0.00032474328684545207,0.5901687578973569,0.36783416312991923
1/2-1/2,1-0,0.0003173681306036159,0.45326432945126854,0.5059289447465061
0-1,0-1,0.00030279265368775434,0.5395714280022125,0.41963115641415727
0-1,1-0,0.00024896891356301427,0.4544405659209282,0.5049570908276604
0-1,1-0,0.00038349446219883765,0.42440113954356934,0.5351230473232375
1-0,1-0,0.00031078498195878673,0.44396599670810494,0.5154481335946302
1-0,0-1,0.0002782651065399852,0.5128952878148818,0.44634639620289823
1/2-1/2,1-0,0.0003142004302367596,0.474399084216875,0.4845783383276832
0-1,1-0,0.00030088436068676633,0.5056345005566251,0.4536357959968844
0-1,1-0,0.00029509136796290904,0.5053784263636667,0.45391610301199425
0-1,0-1,0.000314782630363576,0.548166464490149,0.41032966272182325
1-0,1-0,0.001235792875192503,0.3934754752590951,0.5249172779586423
1-0,1-0,0.0003380071020765142,0.42622206618612163,0.5331325704329505
1-0,1-0,0.00026640549694702254,0.4424401280447959,0.5171567654193646
1-0,1-0,0.00028670913152987245,0.4235809517099443,0.5357106724645744
0-1,1-0,0.00026186719179052654,0.42382277871062407,0.5355515355560078
0-1,1-0,0.00032219519097158035,0.454858257385797,0.5045463819132997
0-1,1-0,0.00028859605266997695,0.46157397046277465,0.4978758416317886
0-1,1-0,0.0002723881704221043,0.433643911345959,0.5259429973778598
1-0,1-0,0.0002530761099762273,0.45095997788728226,0.5084739593948729
1-0,0-1,0.00025157424480627113,0.5127507989557186,0.44622246512051106
0-1,1-0,0.00025195571273030115,0.4772797171439643,0.4825194588147242
0-1,0-1,0.0004522682907360258,0.5784469603776677,0.3724990619505754
1-0,1-0,0.00027540812027171575,0.45829449047901405,0.5013100365559774
1-0,1-0,0.00030958584028723245,0.5032761635773375,0.45592712878389563
1-0,1-0,0.0003524480156706648,0.44485716471343256,0.5145147804371049
1-0,1-0,0.000333680356023895,0.47372167313302216,0.4851744767116667
1-0,1-0,0.0003791410727265569,0.426806751445118,0.5326661393652922
0-1,0-1,0.0002615696546731694,0.5078853723516298,0.45122779628925225
0-1,1-0,0.00025186405049744816,0.4946235902274665,0.4642034283941158
0-1,0-1,0.0003189444110132409,0.6015977814677206,0.357205908088287
0-1,1-0,0.00024944964835835534,0.46428168142771714,0.4952466607337377
0-1,1-0,0.0002674205222841625,0.4676029807001019,0.4920377666493231
0-1,1-0,0.00035000836807686213,0.4379425833793434,0.5214953518802451
0-1,1-0,0.0002516007119580946,0.46357840685819296,0.4962169237017266
0-1,0-1,0.00026293249295477873,0.5348531127704669,0.4239001694427511
0-1,1-0,0.00034964291278113155,0.4380328432675035,0.5214049125366883
0-1,1-0,0.00030730836599097945,0.42914217946005645,0.5301389465459957
1-0,1-0,0.0002700070763644077,0.44814260704444275,0.5112850860578548
1-0,1-0,0.0003414016631943194,0.43508547855922824,0.5241911683905808
0-1,1-0,0.00029597991116556014,0.43974857120035826,0.519651890888566
0-1,1-0,0.0002527563367305472,0.4416696506175815,0.5178147759227926
1-0,1-0,0.00027668680565763886,0.46949669904489794,0.4898746895577707
1-0,1-0,0.0003470743843302214,0.43810209390240956,0.5213360388551886
1-0,1-0,0.0002615377269557859,0.423581062958291,0.535623066787983
0-1,1-0,0.0002573680379194318,0.4241993367078989,0.5348516681321195
1-0,1-0,0.0002712655024252533,0.4267752867186668,0.5328184276837123
1-0,1-0,0.0003623616598519749,0.4377513801611916,0.5216567995703358
0-1,1-0,0.00028924209743126314,0.44713500329693884,0.512369645978433
0-1,1-0,0.0003400621939618671,0.4337716751406283,0.5256567912760587
1-0,1-0,0.0003860910895589385,0.4228763916276197,0.5366674641910781
1-0,1-0,0.00031615389688516705,0.4262189405988866,0.5330848970089196
1-0,1-0,0.00025582537404677993,0.4424545645763252,0.5165691143423086
0-1,1-0,0.00036218445576193133,0.44135806521089327,0.5179413170275181
1-0,1-0,0.00027309628049774695,0.4618402671857891,0.4977764096036667
0-1,1-0,0.0002481700384488732,0.44649534177007405,0.5129412718183821
0-1,1-0,0.00031026675981444765,0.4306407094238491,0.5287160155369882
1-0,1-0,0.0003571377498830866,0.4367635033759518,0.5225023072423641
1-0,1-0,0.0002511086067762027,0.43475447423031793,0.5247413833849998
0-1,1-0,0.0002605183772259675,0.4252642514605044,0.5338757950133041
1/2-1/2,0-1,0.0002768044041761526,0.5367717099534006,0.4225699837747604
1-0,0-1,0.000316298627313199,0.5940864385790192,0.36430605309212416
1-0,1-0,0.00025762154904217244,0.4265768040382273,0.532685291903074
0-1,1-0,0.0002569411262129123,0.4299499218575569,0.5289250415584895
0-1,1-0,0.00024834188886426573,0.45802388427525026,0.5013450921887308
1-0,1-0,0.00035651534047521926,0.42549260128694727,0.533923233449071
1-0,1-0,0.0003603953428407738,0.43711331404689413,0.5223125584809524
1-0,1-0,0.00024388882559956193,0.47752370373850683,0.481612849887574
0-1,1-0,0.00033961850380091735,0.4318820885667288,0.5274268777533383
1-0,1-0,0.00027209415777494395,0.44337940232283196,0.516229889870479
1-0,1-0,0.00032388384926705036,0.46678470154160917,0.4921922280040388
1-0,1-0,0.00036356048980399995,0.42639383093709327,0.5330620268044253
0-1,1-0,0.00026616547616189345,0.43264028073832655,0.5269426490238107
1-0,1-0,0.0002483756238360311,0.4414819018120046,0.5179676402324699
0-1,1-0,0.0003052176573093313,0.4321614341377641,0.5272402392306104
1/2-1/2,0-1,0.00032799284883477334,0.5845758699434983,0.3738812533242349
0-1,1-0,0.0002906634178880738,0.45368666767505833,0.5057206769623018
0-1,1-0,0.00035829552935872055,0.42745476241215297,0.5320134804290592
0-1,1-0,0.00035612837512125534,0.42507811333301554,0.5343600859341848
1-0,1-0,0.000300113596547686,0.4340799325138236,0.5252994535221196
1-0,1-0,0.0003592574670950691,0.430590921733488,0.5289051935657882
1-0,1-0,0.00031381570840060847,0.4298231046738439,0.5295396730776106
1-0,1-0,0.0002608424899641576,0.42397362068652034,0.5352571325880737
0-1,1-0,0.0003138988810271229,0.4468971450953366,0.5125213938488491
1-0,1-0,0.0003545499173953027,0.4489302084071178,0.5102752038381427
0-1,1-0,0.0002645168213085854,0.49812486057024624,0.46109000932506283
1-0,1-0,0.0002816041685135656,0.42525414051682814,0.5342366116524837
1-0,1-0,0.00029808679629201256,0.42641682533173375,0.5329740523104076
0-1,1-0,0.0002528512809210982,0.4717050950826055,0.48804184611224
0-1,1-0,0.00035798311853861044,0.4276863789245991,0.5316833198348491
1-0,1-0,0.0002521505082393421,0.442688481389991,0.5167903815507728
1-0,1-0,0.00025651127137437844,0.43678470767827604,0.5227144271622135
0-1,1-0,0.00027632408998287585,0.4898154101227972,0.4694986276419847
1-0,1-0,0.00024997740350919537,0.4591324545215629,0.5002392882328721
1-0,1-0,0.0003458029044742736,0.4367314034570841,0.522523744659814
1-0,1-0,0.00028132472425723915,0.4442225931674868,0.5151937543998015
0-1,0-1,0.00048189505859762895,0.5800133437683465,0.3719263924693153
1-0,1-0,0.0002505976652146433,0.43507041133778185,0.5244176520567012
1-0,1-0,0.00037701183012657784,0.4239920171051092,0.5355637283319985
1-0,1-0,0.0003553399542525806,0.4458406060744772,0.5134851610837013
1-0,1-0,0.0002644264979464895,0.4575732785918761,0.5018271670432671
1/2-1/2,1-0,0.0002496567701085341,0.4901348673151705,0.4689838449854317
1-0,1-0,0.00026408151084112786,0.43145325082723585,0.5281178156319476
0-1,1-0,0.00025521397684554083,0.44305711602999703,0.5160636569545561
0-1,1-0,0.0002551879797719069,0.4259866667515814,0.5333971343765571
1-0,1-0,0.00035960954931987875,0.43554012251087826,0.5237457169349207
1-0,1-0,0.0002516991168866659,0.45677191423791896,0.5026227192078481
1-0,1-0,0.0002470765043143838,0.44463519222199743,0.5147671918714276
0-1,1-0,0.0003844362313108628,0.4233808920277357,0.5361543421851847
1-0,1-0,0.0002726552761961063,0.42587523500672747,0.5337101766618187
1-0,1-0,0.0003074998026097901,0.4398219316769984,0.519581341757347
1-0,1-0,0.0002654305127589364,0.4347778245705756,0.524799600523587
1-0,1-0,0.00035540367864880264,0.44728821693341325,0.511910678671319
1-0,1-0,0.00029149763054470043,0.45980252078079625,0.4996208361632325
1-0,1-0,0.00030443460383486765,0.42375693663112135,0.535457890500001
1-0,1-0,0.00035189758643773555,0.44036368577004004,0.5188530170420695
1-0,1-0,0.000258563060134344,0.4317672714905121,0.527659720503125
0-1,1-0,0.0002472891687953858,0.44858928156045935,0.510825202735574
0-1,0-1,0.0003365410358114208,0.6040798521883213,0.3549670940985679
1/2-1/2,1-0,0.0003188370916078081,0.471260947020934,0.4880693673224633
1-0,1-0,0.00024927454620549176,0.44155860485582954,0.5177690116005744
0-1,1-0,0.00033239709528379166,0.4789959126918059,0.48002292712047234
1-0,1-0,0.0002801643814180246,0.49259187444135955,0.466725908280289
0-1,1-0,0.0002593911375506869,0.42397785577598446,0.5352736781793496
1-0,1-0,0.00027505699389381483,0.48844092622960755,0.47087307609914575
0-1,1-0,0.00031381400740391585,0.4241222666738518,0.5351744080896289
1-0,1-0,0.00032763153465084974,0.4829377693346116,0.4761520802633966
1-0,1-0,0.00026003742983751895,0.4262220520154783,0.5332293463602079
1-0,0-1,0.0002868339057786932,0.5676724586193596,0.39133614527560906
0-1,1-0,0.0002531466083551135,0.4764245393027085,0.48303418312128604
1-0,1-0,0.0003044459220983912,0.44998993641944085,0.5093544501325745
1-0,1-0,0.00035392428067527657,0.4434722876353246,0.5159085195893582
0-1,1-0,0.0002981937122462547,0.4241697422741056,0.5350677653808672
1-0,1-0,0.0002441750776270238,0.46171608992535695,0.49755784995473307
0-1,0-1,0.0002586101411106592,0.5282335676205483,0.4308337011916152
1-0,1-0,0.00026084916339321547,0.4630322209719122,0.4963422187760787
0-1,1-0,0.00031942854090834217,0.449880087378877,0.5095384866459648
1-0,1-0,0.0003424340916506477,0.4286359478418346,0.5306995452029701
0-1,1-0,0.0002503858610723656,0.48643483593486253,0.4724516928171695
0-1,1-0,0.0002975771829765564,0.4453778726787688,0.5140569879660609
0-1,0-1,0.0002713132724682167,0.5093894015003905,0.4498176525291444
0-1,1-0,0.0002740035014158759,0.4823223370643149,0.477007461770868
1-0,1-0,0.00025283604191333434,0.4299323178116099,0.5294814637387807
1-0,1-0,0.00033365446021933043,0.4476208545918257,0.5117941990339593
1-0,1-0,0.000318150184862222,0.43815760862894765,0.5211664155355284
0-1,1-0,0.0003576150296614659,0.43300483885519814,0.5264496563750307
0-1,0-1,0.0003141822407298565,0.5865510153223654,0.3728573772551755
1/2-1/2,1-0,0.0003479095317981475,0.4373610430305124,0.521886418197369
0-1,1-0,0.00034021866967303506,0.43201433403805056,0.5271411747684771
0-1,1-0,0.0002866041949200277,0.4245057989459544,0.5349226285141334
0-1,1-0,0.00026408330874408984,0.46135393472329383,0.4980308329704582
0-1,0-1,0.0002757199515665602,0.5277811978997858,0.4297852797267592
1-0,1-0,0.00033255003757663585,0.47798453539072616,0.4810587936214259
0-1,0-1,0.00033325544294608847,0.5870383846223347,0.37153400631094796
0-1,1-0,0.00031054485589163003,0.4219340323883312,0.5267684542809387
1-0,0-1,0.0003330298489696322,0.5881146574216851,0.370711666174033
1/2-1/2,0-1,0.0003300971467470672,0.5947216970138841,0.36378968451655463
0-1,0-1,0.0004072345796761376,0.5760012363034357,0.37782954228432386
0-1,0-1,0.0002731226793702272,0.5259659411678205,0.4334575517034875
0-1,1-0,0.0003797167527448336,0.42633559080493066,0.5332360642178143
0-1,0-1,0.00031480761525333256,0.5909486058419933,0.36777332398787366
0-1,0-1,0.0003749067064109915,0.5975189687119639,0.38228769938670665
0-1,1-0,0.0002548961465843708,0.43369794972726444,0.5258088480644413
1-0,1-0,0.00035193120498195794,0.42724823330693606,0.5321715303968957
1-0,1-0,0.000259100837145214,0.4241590857007043,0.5350930710815787
1-0,1-0,0.00033547054418960016,0.42338207941551537,0.5358652461872333
0-1,1-0,0.00029668219185904665,0.4304833797691015,0.5289545630441108
1-0,1-0,0.00032535425562991494,0.49806392009674716,0.46077930696505254
1-0,1-0,0.0003846644816543118,0.42336008337755376,0.53617966280987
1-0,1-0,0.00024866507207838755,0.43968045541104894,0.5197193642588368
0-1,0-1,0.00031366017626970603,0.5862450236809031,0.37225361611215
0-1,1-0,0.0003680493079043158,0.4360400198167295,0.5233190391140873
0-1,1-0,0.0002982453324320926,0.4636592713184258,0.49573987267897823
1-0,1-0,0.0002539891337936872,0.47323851351511814,0.4860694964755129
1-0,1-0,0.0002704941517969598,0.4244228987944981,0.5351246199022328
1-0,1-0,0.00031768676048353364,0.4240248837132103,0.5352686954812924
1-0,1-0,0.00025525257011257507,0.4453935532136118,0.513704111454057
1-0,1-0,0.0002715282117656338,0.44895566680224575,0.5104674655094407
1-0,1-0,0.00030022121612878456,0.4726594253556389,0.4867199750878503
1-0,1-0,0.00030183050570859815,0.44045067178045433,0.5189514589203413
0-1,1-0,0.00038580272553125896,0.4233183736616896,0.5362260026147739
1-0,1-0,0.00026437709882565544,0.4328503359634708,0.5266255577914208
1-0,1-0,0.0002682374944995426,0.4242038396912335,0.5351960847129603
0-1,1-0,0.00026446481624103847,0.42427054448823254,0.5315660566799268
1-0,1-0,0.0003525654062727715,0.4238688753040842,0.5355286621525114
1-0,1-0,0.0002582955666999358,0.424433708039382,0.534769138050852
1-0,1-0,0.0003363340482363365,0.47273904692794383,0.48621649699929365
0-1,1-0,0.0002714456628139499,0.4265275965105913,0.5328814252305922
1-0,1-0,0.00024928831174132727,0.44371406996952034,0.5157467088038933
1-0,1-0,0.0003472036891240498,0.44463841007617605,0.5145272404340947
1-0,0-1,0.00034033773730322126,0.6116677272910299,0.347296637140392
0-1,1-0,0.00036154998641722835,0.4315663558798066,0.527894810015701
0-1,0-1,0.000295019550273416,0.5791268875792607,0.3798161120202722
0-1,0-1,0.00031296531086734603,0.524139211171221,0.43442916861661196
1-0,1-0,0.000259130852488097,0.42485932169069673,0.5343361549571347
0-1,1-0,0.0003203186455792538,0.5054596686678625,0.453508105180711
1-0,1-0,0.00031816969538972604,0.4480125774800425,0.51140767845859
1/2-1/2,1-0,0.0002461150290163039,0.4487973799534203,0.5105364487511636
0-1,0-1,0.00033338459077347326,0.5996313263040148,0.35827524284151224
0-1,1-0,0.00033486767628212316,0.44775577507897013,0.5116568763248189
0-1,0-1,0.00028737606062846036,0.5132842838666845,0.4459934324320143
0-1,1-0,0.00025441879092337374,0.4902481054851227,0.4689300611666122
0-1,0-1,0.0004860061153753085,0.5844195557462913,0.3683632875599394
1-0,0-1,0.0002712809727824532,0.5540062552419115,0.40537669394939413
1-0,1-0,0.00027027950548260966,0.4241374387545065,0.5352557831111285
0-1,1-0,0.0003850845798486457,0.4227765237307484,0.5367812479368433
1/2-1/2,0-1,0.00032100355239431545,0.5446122325226455,0.414163874516855
1-0,1-0,0.00032971901888889334,0.4332973432514853,0.5260151346155542
0-1,1-0,0.0003359882907376148,0.43378778093928977,0.5256327095085943
1-0,1-0,0.00025081046115572593,0.4332071848552851,0.5262602927031353
1-0,0-1,0.00027347791074745184,0.5214354025903003,0.4377160106010907
1-0,1-0,0.00024513968265595446,0.4626962077824987,0.4965988321153202
0-1,1-0,0.00035046558077289896,0.4462447516297371,0.5129119362994975
0-1,1-0,0.0002732833642251509,0.44743765427278376,0.5119863490480444
0-1,1-0,0.00032752262283383666,0.48139091699411246,0.4777281174080412
1-0,1-0,0.0003338609812652883,0.44391641478066346,0.5152815953050107
1-0,1-0,0.00025943350443042104,0.42477250048007237,0.5343023861936634
1/2-1/2,1-0,0.00028596367940133903,0.44886494652779796,0.5106654918313781
1-0,1-0,0.0003273403152631271,0.43143346768898266,0.5279544166017174
0-1,0-1,0.0002874604359580822,0.5492260302143336,0.4098679266248884
0-1,1-0,0.0003135696797678124,0.49283279858998214,0.4663872228033758
0-1,0-1,0.0002773072947335115,0.5581102305835638,0.4009883724536313
0-1,1-0,0.00034439636956714995,0.4535228909110658,0.5055526275001055
1-0,1-0,0.00025444998128629296,0.42501940137477695,0.5343828238853388
1-0,1-0,0.0003208163025088364,0.48568991759077756,0.4734955496382037
1-0,1-0,0.0002954971761006557,0.4459370126731867,0.5135128728530257
1-0,1-0,0.0002527241186760667,0.44125217673598016,0.5179687987560616
0-1,1-0,0.00024927595515393075,0.4397215728858779,0.519639923292493
1-0,1-0,0.00025858551767322127,0.424093537305302,0.5352022762763681
1-0,1-0,0.0002984850709517919,0.42955540217218785,0.5298668964817679
1-0,1-0,0.0003284483324415918,0.4473260490093526,0.512145642312103
0-1,1-0,0.0002581812078552305,0.42433099335249425,0.5348273103193496
1-0,1-0,0.0003376085837671529,0.4284748301488586,0.5308594313763081
0-1,1-0,0.00027232067391912704,0.493247350656842,0.4660390115827593
0-1,1-0,0.00026993492130321194,0.44085540756615366,0.5185900342607651
1-0,0-1,0.0002683110892134263,0.5166562167411008,0.4411769191681098
1/2-1/2,1-0,0.0003203986869246573,0.5022450861683782,0.4564138708744814
0-1,1-0,0.0003318723056789766,0.45429988281307093,0.5047823605736678
1-0,1-0,0.00026018014574153564,0.4236055207443003,0.5356298066773635
0-1,1-0,0.0002485849248793037,0.4517736079291293,0.5076384420359412
1-0,1-0,0.0002963779675849535,0.42453681902807733,0.5347456404826288
0-1,1-0,0.00030954874611259406,0.4864139670305075,0.47288211328743607
0-1,1-0,0.0003246727295766722,0.44365080706527177,0.5157734889228252
1-0,1-0,0.0003308929979250311,0.43445347100742626,0.5248479233352669
1-0,0-1,0.00032044087541041957,0.5223406635813322,0.43645288100281143
1-0,1-0,0.00035917179048633907,0.4390157936859613,0.520237764236734
1-0,1-0,0.0003208563150563716,0.43348505103071705,0.5259054625459264
1-0,1-0,0.00026624673573556984,0.48724653409577634,0.47203493315062345
1-0,0-1,0.000275525601830745,0.536683539524068,0.42234384387670093
1-0,1-0,0.0002928340725248752,0.4814044562871229,0.4779565600598931
1-0,1-0,0.00026830368237760295,0.426026551549791,0.5330681910123327
0-1,1-0,0.00030653863048449683,0.4307974433898835,0.5285944156668714
0-1,1-0,0.00034761230805439267,0.4254152451242928,0.5337638829837513
0-1,1-0,0.00024729446758215594,0.44676827194326413,0.5126519835194148
0-1,1-0,0.0002896234183491927,0.46360881908137,0.4957866885758128
1-0,1-0,0.000246732017861698,0.4599216738772271,0.4994182072075911
0-1,0-1,0.0002578257629646784,0.5087326278877149,0.450315536218919
0-1,1-0,0.00032010142478264405,0.4484774688001628,0.5109427811231761
1-0,1-0,0.00025226021723200227,0.432241842248761,0.5271441572092523
0-1,0-1,0.00032607421873172976,0.5990611448831953,0.35950225695032556
0-1,1-0,0.00026239062324887003,0.49760397508654497,0.4615962884175621
1-0,1-0,0.00025011108651710307,0.47720408214515475,0.482036156654558
1-0,1-0,0.00038600070236476146,0.42261261764205343,0.5369290703768056
1-0,1-0,0.0003195636590634188,0.49951224702100366,0.4595452534537518
0-1,1-0,0.00037019206578438834,0.42456819889590924,0.5348860134966479
1-0,1-0,0.00025943702047128515,0.42583296659812614,0.5333677094398733
1-0,1-0,0.0002458805527697316,0.49432530653723145,0.46467056259523665
0-1,1-0,0.00026329780220253683,0.4402961136998048,0.5192691175867087
1-0,1-0,0.0002524712639656809,0.4591863089043064,0.500195084699468
1-0,1-0,0.00026475408491865145,0.42608375198657694,0.5335244635004249
0-1,0-1,0.00033212834372138355,0.6020315551809207,0.35622261469996436
0-1,1-0,0.000328499793384048,0.4259707857987916,0.5333635368408679
0-1,0-1,0.00031169683544619555,0.5593211692776578,0.39982794027761315
1-0,0-1,0.00025743879077596004,0.5225601378550766,0.4362685759859146
1-0,1-0,0.0002659192960742244,0.4972654721421381,0.46196498862602536
0-1,1-0,0.0002674831256818067,0.4363598956816755,0.5232290726227282
0-1,1-0,0.00024923272585061806,0.46036175936466234,0.49899712360520054
0-1,1-0,0.00024801700378982263,0.49867906369959325,0.4603701185676367
1/2-1/2,1-0,0.0002615186142293302,0.4235838225985002,0.5356177555193671
0-1,1-0,0.0002587193868931908,0.4244846427595202,0.5347454749921248
0-1,1-0,0.0002785425776458353,0.4230296665870804,0.5364182656599247
0-1,1-0,0.0002519755261679505,0.4607433219525397,0.49862629591577184
1-0,1-0,0.00030066911241321984,0.48349378575537955,0.47585257769830186
0-1,1-0,0.0003760905320772786,0.4295833772719309,0.5298611857384259
0-1,1-0,0.0003020779290702745,0.48644068055451384,0.47258118691688894
1/2-1/2,1-0,0.0003098600960127444,0.4950839332152043,0.4641613378191288
1-0,1-0,0.00031454527601985227,0.44808175728991856,0.5113371405557413
0-1,1-0,0.00035051283347023465,0.4531993621559208,0.5060114238714849
1-0,0-1,0.0003136128015739599,0.5787041835865016,0.3799139779343273
0-1,1-0,0.0002720996028328797,0.45925322179722367,0.5001415087738011
1-0,1-0,0.00026558916302858244,0.4643831918971065,0.49499052495621043
0-1,0-1,0.0003520778288154999,0.6042523013200196,0.3528020399771319
0-1,0-1,0.0002571259733653895,0.5090403695937951,0.4504333448221832
1/2-1/2,0-1,0.00028385420760448086,0.5112653017840469,0.4480090240660788
0-1,1-0,0.00033722598314695965,0.42426087728582723,0.5350811109416739
1-0,1-0,0.0002543109522704478,0.4407374624442768,0.5187511677744168
1-0,0-1,0.0002787878124933463,0.507433609713425,0.45183225779831965
0-1,1-0,0.00025739108135268467,0.4517031901709999,0.5077961811197736
1/2-1/2,0-1,0.00025272051072948145,0.507886645991951,0.4517986483227339
1-0,1-0,0.00032518276025383155,0.4283401851300953,0.5309985144489484
0-1,0-1,0.0002696134024662877,0.517402715118758,0.4417329351237422
1-0,0-1,0.00029303992540955827,0.550262554044509,0.40890160862951336
1-0,1-0,0.0002518823687802229,0.4310035396532353,0.5284403562472042
1-0,1-0,0.0003287103882361349,0.4551193561437826,0.5039690358503259
1-0,0-1,0.00029724675514425575,0.5253954026962379,0.43347505037284284
1-0,1-0,0.00032642173394523973,0.4753913149125994,0.48383238911419446
1-0,0-1,0.000303229256108162,0.5277230773792496,0.43100514548102464
1-0,1-0,0.0003653957081654905,0.42876277386119827,0.5306157488310096
0-1,1-0,0.00028693285617914526,0.46403496877270545,0.4953580269280533
0-1,1-0,0.0003581241397513053,0.4258435972975166,0.5333930697590343
0-1,1-0,0.0002433580984791742,0.47180209176117394,0.48735731175992086
1/2-1/2,0-1,0.0003119452765318778,0.5619752183366762,0.39718108676188024
1-0,1-0,0.0002750667094808029,0.42925188777614537,0.5303160356335919
0-1,1-0,0.00026573111179610445,0.4615432960362139,0.49784164718200674
0-1,1-0,0.00033003874967787273,0.4649221745848504,0.4940422562004066
0-1,1-0,0.00025215428892808413,0.4829096567151748,0.47630458666376
1-0,1-0,0.0002850431005935451,0.4650309191878994,0.4943589283912619
0-1,1-0,0.00030320942511022803,0.4801243469319465,0.47922731649141637
0-1,0-1,0.0003041540477308224,0.5400051003139078,0.4191866433301975
1-0,1-0,0.00028911524828064615,0.4409831390349687,0.5185295521493024
0-1,1-0,0.00026887598395093675,0.48312533519430884,0.4761845992831128
0-1,1-0,0.00029899952372814943,0.5062692288544842,0.45300910168419906
1/2-1/2,1-0,0.0003229394899368656,0.5023035633552889,0.45637869521982466
1-0,1-0,0.00034121662333919984,0.4351029704988572,0.5241737005084749
0-1,1-0,0.00036948238215002736,0.4274741177033928,0.5319357465813042
0-1,1-0,0.00034051189970322375,0.4492591732039329,0.5101290719765872
1-0,1-0,0.00026108491435431294,0.42655413076383286,0.5329011369463366
1-0,1-0,0.0002446236935081664,0.4572901363154435,0.5020188387203015
1-0,1-0,0.00026059306223192723,0.4252681586447817,0.5338737946490455
1-0,1-0,0.00035774722480529916,0.44423436754001394,0.514988433476899
1-0,1-0,0.0003233424409492795,0.4787517122459312,0.48047361470757305
1-0,1-0,0.00025760802250300065,0.42945342290172117,0.5286277582258141
0-1,1-0,0.00033887413838370426,0.44189897692760055,0.517307046107422
0-1,1-0,0.00035729026732204657,0.44262111655724634,0.5167464706853788
1-0,1-0,0.00033367907007397817,0.4294927258522597,0.5298366304561742
1/2-1/2,1-0,0.00024769015635653065,0.44425297187596946,0.5151798817801122
1-0,1-0,0.002823378191320955,0.36941219069075837,0.5272464304285315
0-1,0-1,0.00032180498802365456,0.5919333068006282,0.3664187973204528
1-0,1-0,0.00027572533645716085,0.42524033036275805,0.5322850398343594
0-1,1-0,0.0003228891492974218,0.4263721184765472,0.5327627662663891
1-0,1-0,0.00028197923908365247,0.4470475297941021,0.5125179640994142
1-0,0-1,0.00026391314007083195,0.5332169323837191,0.4261020917271591
0-1,1-0,0.00029815178438801393,0.43467503086379383,0.524708112848341
0-1,1-0,0.0002490658190490201,0.49327743678658154,0.465875208844502
1-0,1-0,0.0003195294791390752,0.42791727130268226,0.5314274554564778
0-1,1-0,0.00031419720237205716,0.433179722558356,0.5261825829498734
0-1,1-0,0.00031372338126691996,0.4704651463490401,0.4888935538528789
1/2-1/2,1-0,0.0002568673344478415,0.42277902351643704,0.5336909641608784
0-1,1-0,0.000250437952144668,0.43524323275424975,0.5242417070767128
1-0,1-0,0.00036239600686898744,0.4320814306920805,0.5272494500297542
1-0,1-0,0.00028331389847756843,0.46783566311799624,0.4915473731755919
0-1,1-0,0.00025131354416046004,0.43222796500565325,0.5272185539201651
1/2-1/2,1-0,0.0002510581813034507,0.4770801202662098,0.48216952708044963
1-0,1-0,0.0002697737668999531,0.4330987934295341,0.52595116088761
0-1,1-0,0.0002534327942632988,0.4414014994037633,0.5180844672524919
0-1,1-0,0.000257864221589638,0.45909801552268054,0.5004483959581905
0-1,1-0,0.00028632078071918094,0.42931408417983796,0.5301781499718391
0-1,0-1,0.00030300223872528306,0.5107193099139694,0.4485207174424089
0-1,1-0,0.0002466394642154511,0.44813624034286353,0.5112636962236433
0-1,0-1,0.00028251961583400403,0.5296248308710911,0.4295676756560398
0-1,1-0,0.00024783119594392174,0.4744164119147944,0.48482288567369386
1-0,1-0,0.000298908723445523,0.4248798456078186,0.5344761933058824
0-1,1-0,0.0003214082916913922,0.4238409674748391,0.5353975489888615
0-1,0-1,0.00032130691681435614,0.5142323466228294,0.4445823501022065
0-1,1-0,0.0003537943461637978,0.44187516537287014,0.5173311932631943
0-1,0-1,0.0002894969117983055,0.5601826886766356,0.39876626872732696
0-1,1-0,0.0002521211050513257,0.44570505510236796,0.5135141654792313
1-0,1-0,0.00026430101505441094,0.4295917522686574,0.5296997922393288
0-1,1-0,0.00034334031192720073,0.44296744653515036,0.5164544682205393
0-1,1-0,0.00024814307001915794,0.46947848319941565,0.48980419554667315
0-1,1-0,0.00036299810449924087,0.4332220335000247,0.5260992827666459
0-1,1-0,0.00035776993173929766,0.44257514958640126,0.5167885748847191
1-0,1-0,0.00025424416062757465,0.4312303003710166,0.5282734471228061
0-1,0-1,0.00030007522357790073,0.5262876236385454,0.4325144992644814
0-1,0-1,0.0002674355980737367,0.5377684425567476,0.4210191737927992
0-1,0-1,0.0002530878988316305,0.5139353407914837,0.4449381624679056
1-0,1-0,0.0002571247757842188,0.4541829707175025,0.5053218857664706
1/2-1/2,1-0,0.00025370907431710945,0.4267132008334556,0.5327256522909911
1-0,1-0,0.00025086147702368944,0.45908504301194747,0.5001847524357852
0-1,1-0,0.0003864758563769732,0.42256404311252144,0.5369863807861018
1-0,1-0,0.0002492637887158837,0.4381724900621955,0.5212291054803608
1-0,1-0,0.0003202214426967744,0.43217863702204623,0.5269784412993415
1-0,1-0,0.00026360126141471954,0.42523542449640017,0.5339044934344126
1-0,0-1,0.0003169253168276441,0.5098924950623072,0.44913533241343034
0-1,1-0,0.00032935663830090974,0.45411010221433046,0.5049870480773613
1/2-1/2,1-0,0.0002614543007901033,0.4216029971453852,0.53273633616275
0-1,1-0,0.0003719676555306237,0.43084775822645976,0.5286125691574906
0-1,1-0,0.0003747341138592734,0.4234335733061115,0.5360643630678046
1-0,1-0,0.0003633650580801218,0.43104001532343694,0.5283054734054395
1/2-1/2,1-0,0.0003180691819909992,0.471963618880853,0.4873664687561376
1-0,1-0,0.00025873312369171267,0.4243320873451758,0.5350593882425003
0-1,1-0,0.0002584861900606706,0.4265845625479262,0.5324647283790848
1-0,1-0,0.0003469086617570931,0.45625612439448276,0.5029626177644186
1-0,0-1,0.00025246706445695955,0.5090462468098721,0.45010456713272745
0-1,0-1,0.00031737230533346886,0.5802168778525197,0.3783379130280555
1-0,1-0,0.00046872250775140855,0.4219227097464318,0.551133201834591
0-1,0-1,0.0002648568373553358,0.5173532908515346,0.4417150488737583
1-0,1-0,0.00038370078944398257,0.42423092789809985,0.5352934217767162
0-1,1-0,0.0002776523321619709,0.44844974552686506,0.51114523397012
1-0,1-0,0.00028366308511301616,0.4589404385063473,0.5004585595777623
0-1,1-0,0.0003246490170448652,0.45741701995384454,0.501971753481595
1/2-1/2,1-0,0.0003275346528911509,0.48700591208764044,0.47178184553934205
0-1,1-0,0.00035715231931716083,0.4461098375757311,0.5131650526658198
0-1,1-0,0.0003480211099614883,0.43103877789882666,0.5282781984582897
1-0,1-0,0.00028818235052372983,0.44742649244715443,0.5120870205275971
1-0,1-0,0.0003088300914365359,0.44753626060264,0.5118795279061202
0-1,1-0,0.00026175492705659225,0.46358316448800574,0.495789751736691
1-0,0-1,0.0002526531080714809,0.5155651628862348,0.4441366724016706
0-1,1-0,0.00029890047766048707,0.43080564007349237,0.5282040093256798
1-0,1-0,0.0003385135162323262,0.4628266859910646,0.4961569588579184
1-0,1-0,0.00030441932865208574,0.5005043941916764,0.45834791030672317
1-0,1-0,0.0002673098534253534,0.42633290706014615,0.5332826379704058
0-1,0-1,0.00031870115671409484,0.5794041141106098,0.3797525342789933
1-0,1-0,0.0003039273003376178,0.43550645663932464,0.5235069631851851
1-0,1-0,0.0003408508452485446,0.45612884021028716,0.5031833599429069
1-0,1-0,0.00026068120600965255,0.4310004436263259,0.5285108195194341
0-1,0-1,0.00032266430278780564,0.5739035583442396,0.38264930902172395
1-0,1-0,0.0002588704445281106,0.4352324288556057,0.5242633162147051
1-0,1-0,0.0002581343893869548,0.4306007153395755,0.5288947123596137
1/2-1/2,1-0,0.00024821822647695365,0.46093616593442355,0.4984112761870032
0-1,1-0,0.0003509240036289763,0.42398886913523376,0.5354102137111972
0-1,1-0,0.0002433447345486815,0.4718708768543666,0.4872895135141277
1-0,1-0,0.000269254542756654,0.44183657448671004,0.5176088408023654
0-1,1-0,0.0003609005574109006,0.43967295294611597,0.5197144203228126
0-1,1-0,0.00027611324106585,0.4501415022318542,0.5092734802595301
1-0,1-0,0.00025563791331685624,0.42669320168190666,0.5327669031579364
0-1,1-0,0.00026700928221856565,0.460275758662556,0.4991145094881124
0-1,0-1,0.0003078275348403624,0.5585896901881467,0.3984645238552607
0-1,1-0,0.0003791077714191843,0.4233560427089433,0.5360957698326325
0-1,1-0,0.00025250167046578383,0.43180635618129737,0.5275779529790039
1-0,1-0,0.0002748248772110569,0.43529701209712274,0.5242866230050118
1-0,1-0,0.0002599071823668223,0.424397300562623,0.5347521449018872
1-0,1-0,0.0002773514442087031,0.4402296077310955,0.519196213082426
1-0,1-0,0.0002523512113815458,0.4379295931347708,0.5215688612660546
1-0,1-0,0.0002443737724487755,0.46628150170452337,0.4929042653777226
0-1,0-1,0.0002903270645708529,0.5116303541852119,0.4476544707439079
1-0,1-0,0.00029805576548404023,0.4352499928757401,0.5241968659869433
1-0,0-1,0.0003079833686172829,0.5181662294092683,0.4409972808093399
1-0,1-0,0.00037915249314229675,0.4273709391735514,0.5321069047445718
0-1,1-0,0.00028929519709711165,0.46575552785499563,0.4936363392811014
1-0,1-0,0.0002533352929661205,0.4272738351736803,0.5321886235945105
0-1,0-1,0.0003106457075236864,0.5825837909762445,0.37586781637540506
1-0,0-1,0.0003202015602659282,0.5196395451637862,0.4391882120758847
0-1,0-1,0.00032898675450177407,0.5970931405656043,0.36102077003033267
1-0,1-0,0.00028608596416716266,0.48204388038491647,0.4773118358387468
1-0,1-0,0.0003289892469863208,0.4238767656706976,0.5354127870041663
1-0,1-0,0.0003151610015324264,0.4535902314980996,0.5058234456495596
0-1,0-1,0.0002935883657886286,0.546995427342825,0.4119785873205962
1-0,1-0,0.0002794700407748636,0.4508272759619208,0.5085839727700129
0-1,1-0,0.00029865692582145694,0.45808732684267484,0.5013195881367772
1-0,1-0,0.00035551618839382864,0.429186658983071,0.5302720893381491
0-1,1-0,0.0003629271529814943,0.4284862055327419,0.5308874965848488
1-0,1-0,0.00033399849330733775,0.46392355581935363,0.49535407535756343
1-0,1-0,0.000260343420345206,0.4446507730198565,0.5148097249752929
1-0,1-0,0.00025049589892255244,0.4433903037907079,0.516080140218437
1-0,1-0,0.0003398696125826615,0.43906202843579606,0.5201740699997423
0-1,1-0,0.00033545094505509673,0.44985701760377717,0.5095435579596013
0-1,1-0,0.0003201791808350051,0.44587458001909125,0.513547228191952
1-0,1-0,0.0002600971539733753,0.42804090153747865,0.5308070440398542
1-0,1-0,0.00038015039493239337,0.42262235115065466,0.5368561260317859
1-0,1-0,0.00029117114113994306,0.42736875366327337,0.5320734186963223
1-0,1-0,0.0002435875637903988,0.46860036571075,0.4906061540853836
0-1,1-0,0.0002909420258019938,0.4666027993847617,0.4927887122791494
1-0,1-0,0.0003579394305262275,0.4365434337419972,0.5229795123831699
1-0,1-0,0.000368983472606261,0.42275356256830904,0.5366539426759714
1-0,0-1,0.0003172328553142555,0.5634168814528784,0.3956571907831595
0-1,1-0,0.0002932796144639886,0.48518551441365715,0.47416585257533483
1-0,0-1,0.00025416228691670524,0.5173654566082727,0.4416866996376199
1-0,0-1,0.00028559631473327,0.5456094067399232,0.41349442740147035
0-1,1-0,0.00028398540530928337,0.4376617705330584,0.5217482880032872
1-0,1-0,0.00025030820635269446,0.4436062851635311,0.5156607418470294
1-0,1-0,0.00034272666804340034,0.4531698637305845,0.5061651843174181
0-1,1-0,0.00034240856995327,0.4505908552754793,0.5087761912457748
1-0,1-0,0.00024629401138497254,0.4727468818469789,0.4863804695377617
0-1,1-0,0.00028958800133201714,0.4564912560743695,0.5029744374403998
0-1,1-0,0.00025205202128656496,0.45792963191139735,0.5011201936358669
1-0,1-0,0.00025068617202683594,0.43479625411371803,0.5246102351140859
0-1,1-0,0.0002697395807353087,0.42740748798076317,0.5321922691137588
1-0,1-0,0.0002719693124020639,0.4911797193503077,0.4683640829752921
0-1,0-1,0.00032076367807361544,0.5303910045963027,0.4283463353458344
1-0,1-0,0.00024955244021036577,0.43918031272539115,0.5202952135844335
1-0,1-0,0.0002715763497762073,0.4269654938301295,0.5326254194217478
0-1,1-0,0.0003122385123971967,0.46352936817037066,0.4958614703836319
1-0,1-0,0.00026420811731092523,0.4401358539910633,0.5194386463071894
0-1,1-0,0.0002702787775017503,0.4370164883965588,0.5225788147498803
1-0,1-0,0.000261031457094834,0.4448119900237182,0.5147351966349483
1-0,1-0,0.0002623289318912918,0.4240084464001397,0.5354918871333093
0-1,1-0,0.0002869907839455629,0.4312663399418349,0.52823436456808
0-1,1-0,0.0002523283943614246,0.43306140270515314,0.5263026549346799
1/2-1/2,1-0,0.00027904969966643294,0.4407293101671505,0.518692453395047
1-0,1-0,0.0003659162260684321,0.42303850331489407,0.5363089512836267
0-1,1-0,0.0003800710950969735,0.4229527876834924,0.5365954037932635
0-1,1-0,0.0003435163853975848,0.43979962871367984,0.5194916854034176
1-0,1-0,0.0002454080687962036,0.46905630037334173,0.4901944115652316
1-0,1-0,0.0003466653486469845,0.4237195854041687,0.5356551316337358
1-0,1-0,0.00035303372281087094,0.4430445348741447,0.5163469957502167
0-1,1-0,0.0002876327176962021,0.43351970104481186,0.5259880003609351
1-0,1-0,0.00033573479810437,0.47094458515133647,0.48798275832685123
0-1,0-1,0.0002905730031683479,0.5733406291892623,0.385610256436696
1-0,1-0,0.00024842357659190893,0.493801458888,0.4652541968605379
0-1,1-0,0.00024816536793622126,0.46531459261259545,0.49400023737386806
1-0,1-0,0.0003724047439136224,0.4318285044792635,0.5275675893988504
0-1,1-0,0.0003434504871780453,0.4356724307413188,0.5235960087414534
0-1,1-0,0.00031414178124832134,0.4921314563824191,0.4670868438774508
0-1,1-0,0.00030294571664553376,0.49719004550503276,0.4617168226230526
0-1,0-1,0.0003316991296425659,0.6004563636365289,0.3582093088910385
1-0,1-0,0.0003004751433131338,0.43350176991093653,0.5254889066692593
0-1,1-0,0.00028757359161424523,0.450135193916834,0.5092739325133716
1-0,1-0,0.00025807155233746945,0.42775625517629806,0.531463979019601
0-1,1-0,0.00031820488193926656,0.4322383047866154,0.5271109305311124
1-0,1-0,0.0003518074402940495,0.4260775111937481,0.5332948253677192
0-1,1-0,0.00025392644336371707,0.4258970117234192,0.5335375841275919
0-1,1-0,0.0003088107754770961,0.47108324797161116,0.4882875606791634
0-1,1-0,0.0002730849159120298,0.4273336210082371,0.5322458856988244
1-0,1-0,0.0003702123599229884,0.42993391630633565,0.529618110864898
0-1,0-1,0.0002708791876129099,0.5212676173633259,0.4364646762756062
1-0,1-0,0.0003424751903882831,0.43840738541196006,0.5208318549864792
1-0,0-1,0.00029064563514874243,0.5566365413291033,0.4024171539400494
1-0,1-0,0.0003073092878300576,0.490751849597338,0.4685368228970772
1-0,1-0,0.0003431729574223142,0.46068772492450116,0.49850122495438814
0-1,1-0,0.0002810819866955152,0.4239615976441411,0.5353777038386045
1-0,1-0,0.00031277296334846595,0.4452994047961285,0.5141175958895791
0-1,1-0,0.0002651698699520507,0.4232798419681846,0.5363583008264284
1-0,1-0,0.0002828359727418222,0.4497973870372299,0.5096133140323257
1-0,1-0,0.0003346936214856821,0.4420459831132263,0.517170295402133
1-0,1-0,0.0002593712968272439,0.4237243201796084,0.5349229879234723
0-1,1-0,0.0003833425541733558,0.4234291535828723,0.5360994313751641
1-0,1-0,0.0002626536519547635,0.42529495542802354,0.5338551064679325
0-1,1-0,0.00033207926467332995,0.4503830235772052,0.5090225973089569
0-1,1-0,0.00025480523532453686,0.4312245507923388,0.5280700054009833
1-0,1-0,0.00030465886383311953,0.4255096901631309,0.5336317874587928
0-1,1-0,0.0003586003445685959,0.43731155316645137,0.5221179793616055
1-0,1-0,0.0002516661565195456,0.46799904387154745,0.4909479990424311
1-0,1-0,0.000245200681118983,0.4592148391476362,0.5001044142242369
0-1,1-0,0.0002488861520162616,0.5026491246237208,0.45638794439440383
1-0,1-0,0.000279193478998366,0.4660088457097069,0.4933737378864323
0-1,0-1,0.0002666983246294141,0.5271878284845172,0.4317898507801337
1-0,1-0,0.00029683763207420536,0.46772766168304697,0.49166397815646035
0-1,1-0,0.00031588779136707245,0.4577375697062387,0.5016661703565451
1-0,1-0,0.00036001803277999067,0.43827687208615845,0.5211370675075133
1-0,1-0,0.0003182485445099957,0.45840459870323347,0.5009938105842727
0-1,1-0,0.00034997617871692434,0.44309172668783353,0.5160934097572025
0-1,1-0,0.0003346169460851914,0.4500037569761358,0.5093981142629169
0-1,1-0,0.00032166882648974264,0.4528749299123478,0.5065364823695868
0-1,1-0,0.00026475981616529614,0.44731445925953206,0.5121257837027989
1-0,1-0,0.0003526922213650447,0.4255301702432099,0.5336741496606057
1-0,1-0,0.000272424038636297,0.45675487550101385,0.5026468149337479
1-0,1-0,0.00029835494782706626,0.49165096178245676,0.46767469812194407
0-1,0-1,0.0002896786790744483,0.5089832607604466,0.4503079716911091
1-0,1-0,0.0002517536193465275,0.46581692423252763,0.49404913554270025
1-0,1-0,0.0003099750840711272,0.4462102570769067,0.5132055221843846
0-1,1-0,0.00027092937194225406,0.48047423826022506,0.47885231319714705
1-0,1-0,0.0003693693339478719,0.4279275084403788,0.5315518907228873
1-0,1-0,0.0003575887223703742,0.437052436859994,0.5222118104038829
0-1,0-1,0.0003224573268055751,0.5758787178455663,0.3825849899041804
0-1,1-0,0.0003343421267679777,0.4280117506158253,0.5313587204548176
1-0,0-1,0.0003251135369593143,0.5774253893798452,0.38157916810019193
1-0,1-0,0.0002568995852240476,0.4251847635243227,0.5341383456384717
1-0,1-0,0.00025236622918070633,0.4447632070686122,0.5147053696847046
1-0,1-0,0.00026362345723218125,0.4401214050495739,0.5193461634830574
0-1,1-0,0.00034038804910268227,0.44114831396093823,0.5182827490277438
1-0,1-0,0.00037630807407171496,0.4273279538711933,0.532119025305866
1-0,1-0,0.0002578466934668493,0.43392008916580566,0.5252184371902064
0-1,1-0,0.0002758824363761843,0.4312962903676866,0.5282721403725541
1-0,0-1,0.0002795420432290641,0.5320688849870271,0.4270745367980267
0-1,1-0,0.00025582453332365237,0.42409744044007264,0.535189920208535
0-1,1-0,0.00032474597622726123,0.42405998930096683,0.5352032657889235
0-1,1-0,0.0003323312137279721,0.4486547570950915,0.5107580361891361
0-1,0-1,0.0003243122333144771,0.5591986708635066,0.39953970649830683
1-0,1-0,0.0002767537262345777,0.4671993395360384,0.49217784259200686
0-1,1-0,0.00027717713128132444,0.4513694568155217,0.5080423827471684
1-0,1-0,0.00035825938941086205,0.4232734695519961,0.5360938826145308
0-1,0-1,0.00025839104599296797,0.5272341518709753,0.43156393325048714
0-1,1-0,0.000248422300135104,0.45479090036766073,0.504408737773365
1-0,1-0,0.00029423802846868894,0.4281993677384755,0.5311452361875827
1-0,1-0,0.0002568019566216365,0.484784899928571,0.4744539384179673
0-1,1-0,0.00031277430583846955,0.4359725154154814,0.5233894636696944
0-1,1-0,0.0002579806655543505,0.43363281662101116,0.52578749074568
1-0,1-0,0.0002558993805538916,0.4623740351487228,0.496996207745109
0-1,1-0,0.0003030950650916102,0.4467036742173533,0.5127083663199477
0-1,1-0,0.0003384109133170237,0.4692325549604112,0.48984087925381425
1-0,1-0,0.000244521828738004,0.4840226795925723,0.4750608035721308
1/2-1/2,1-0,0.00026366190046536535,0.4367009347103092,0.5228620232621448
1-0,1-0,0.0002523301207296605,0.4592846140786349,0.5000677311834405
1-0,1-0,0.0003229959435404687,0.42412255874267074,0.535130830719791
1-0,1-0,0.00034642099935878974,0.4585548581361523,0.5005683751579034
0-1,1-0,0.00024486750465609644,0.4554559517057752,0.5038214329244369
0-1,1-0,0.000352964788516186,0.43498118189476875,0.5245037799516743
1-0,1-0,0.00027914845020977084,0.487126064372247,0.47220416108484514
0-1,1-0,0.0003177555263887317,0.4264804154569764,0.5328583494478413
0-1,1-0,0.00035120681379069527,0.4510472801824205,0.5082201646482836
0-1,1-0,0.000257799923505978,0.4259640135961739,0.5302764044551227
0-1,1-0,0.00033409575326274,0.4533830478539037,0.5057011746127159
0-1,1-0,0.00024928556111825957,0.4588502631786836,0.5003411479175686
1-0,1-0,0.0002537477151809824,0.4262760330789579,0.5331656225460544
1-0,0-1,0.0002607886376010118,0.5094063317556364,0.44968146419896915
1-0,0-1,0.00031990694602331747,0.5479785163138433,0.4108805411041499
0-1,0-1,0.00026835472914989877,0.542644029557739,0.4160677772047493
1-0,1-0,0.0002596011332329978,0.4218691813233449,0.5322665201086347
1-0,1-0,0.0003633616977623758,0.42680496577644317,0.5325911534111872
1-0,1-0,0.00038551641999783537,0.42318452495034375,0.5363589003415987
0-1,1-0,0.00024650449063879265,0.4586601626863875,0.5006855547144003
1-0,1-0,0.0002585097804625858,0.4275357595602933,0.5316703582142174
1-0,1-0,0.0002974523937181866,0.4345587205941637,0.5248243264441772
0-1,1-0,0.0002494342306033995,0.47736169008118445,0.48187062030927275
0-1,1-0,0.0002868772563001533,0.4254712462481028,0.5337095778786108
0-1,0-1,0.0003676619088573483,0.578251732565446,0.37643087011083465
1-0,1-0,0.0003494528240282961,0.44020063068264964,0.519309906792902
1-0,1-0,0.00026181626217634634,0.4578234595326991,0.5015759721875054
1-0,1-0,0.0002459625880721118,0.4490299250826952,0.5103127036204502
0-1,1-0,0.0002994719286434671,0.4343791568430658,0.5246008603580624
1/2-1/2,1-0,0.00026771390106274253,0.4238741503932304,0.5353435918841897
1-0,1-0,0.0002966882727622485,0.44523423129780926,0.5140184580877571
1-0,1-0,0.0002798753932016443,0.42628528956712197,0.533280081526322
1-0,1-0,0.00026516873568007803,0.4259343472864897,0.533147704176385
1-0,1-0,0.0002543045643924107,0.4273433836890921,0.5320555139097112
0-1,1-0,0.0003438694453166486,0.4250035396805481,0.5341658414595607
1-0,1-0,0.000267773029431064,0.4460555225301624,0.5133825322955834
0-1,1-0,0.0002784828978214458,0.47889844076072996,0.480452152897972
1-0,1-0,0.00034598626116627546,0.4275846774423496,0.531762823932907
0-1,1-0,0.00033526299343430657,0.4442163700454812,0.5149731938732873
1-0,1-0,0.0003389884731815521,0.42472885347919875,0.5345959825736852
1-0,1-0,0.0002651143899556487,0.48052193308484437,0.4787842009648281
0-1,1-0,0.00034263745209445353,0.4611169287152907,0.49807420192645013
1-0,1-0,0.0002800309827628189,0.4311232025169173,0.5282830164985993
0-1,1-0,0.00028229285500116293,0.47447765926321306,0.48489014981041195
0-1,0-1,0.00025539436856243067,0.5132512911218097,0.4456874517518422
1-0,1-0,0.00027089947075077875,0.45510877870811917,0.5042980576879434
1-0,1-0,0.0002612166120594768,0.4443667229316927,0.5147238844609817
0-1,1-0,0.00026089857281940424,0.45006798352953964,0.5093675285690474
1-0,1-0,0.00032278930543713677,0.4345063426301434,0.5248931837843009
0-1,1-0,0.000284855686062648,0.4733605549732927,0.48606943045148415
0-1,0-1,0.0003133074855956614,0.5253397945910439,0.4337054147049487
0-1,0-1,0.00028965349116387266,0.5690463515007967,0.3895595470201752
0-1,1-0,0.00025459008053133004,0.4713430790756123,0.48758330731634625
1-0,1-0,0.0003289422881003715,0.4642021552139445,0.49511801132152516
1-0,1-0,0.00037303038765308064,0.4281379836339636,0.531346583736447
0-1,0-1,0.00026955728280364874,0.5481716827798057,0.4111849297189134
1-0,1-0,0.0002581524992664257,0.4531658668169926,0.5055164049181027
0-1,1-0,0.0002754766560272795,0.43909455544677867,0.5203367732033963
1-0,1-0,0.00025374444594167,0.42637182497367465,0.5330687208015465
0-1,1-0,0.0002570734740129342,0.44186980953045824,0.517609900276129
1-0,1-0,0.0002644580779560263,0.4239895293604371,0.5354078485857605
1-0,1-0,0.00026720307470684974,0.48439504012966667,0.47490313498293435
1-0,0-1,0.000340631018829093,0.6023127634265989,0.3846296836619213
1-0,1-0,0.0003516107183993186,0.4480531358373228,0.5112753136932017
1-0,1-0,0.00029046607160390154,0.4251502924828226,0.534179813518841
0-1,1-0,0.0003686286719858541,0.42450965193405116,0.5349393260973404
1-0,1-0,0.00026129549642220465,0.4262863175495177,0.5328415796976278
1-0,1-0,0.00026064290501273446,0.4243822394869337,0.5348066972925972
0-1,1-0,0.00026357449362867616,0.42384689958280364,0.5357355593374657
1-0,0-1,0.0003189901859074248,0.5299522743809324,0.42856354287607223
1-0,0-1,0.0003304448039883568,0.5772265148596801,0.3814347581822654
0-1,1-0,0.00033791118683592166,0.42382133669159106,0.5355178915527343
1-0,1-0,0.0002477622683979959,0.4831658175803319,0.47620358310910627
0-1,1-0,0.00025345745792382035,0.47270399533045215,0.4868231450726375
1-0,1-0,0.00024888234708233956,0.49394638307675376,0.46511659671159994
0-1,1-0,0.0002555531103187957,0.47940901592027435,0.47985652003700674
1-0,1-0,0.0002828652725978058,0.4472918990829325,0.5121209105514773
0-1,1-0,0.0003619715703022973,0.42390537479101964,0.5355287716724254
0-1,1-0,0.0003856225098688649,0.4230883829463911,0.536486445579686
1-0,1-0,0.00036326497314837294,0.44036838703850845,0.5189463169863171
1-0,0-1,0.00028963510956602135,0.5685939091789928,0.3900294754950854
0-1,1-0,0.0002476163013539995,0.4443267162555611,0.5151038871074104
1-0,1-0,0.0002618964791671725,0.4489906828825344,0.5105854993686285
0-1,1-0,0.0003690478047805858,0.4352279103188914,0.524144514794757
1-0,1-0,0.00026059732069903607,0.4313175739364627,0.5281718582840718
0-1,1-0,0.00025553086439070936,0.4621089353535432,0.49690760502684145
1-0,1-0,0.00025177095340063785,0.4857521248393892,0.4734350511425041
1-0,1-0,0.0003075672304411103,0.47070720105271824,0.488667731660901
1-0,1-0,0.0003552596200757734,0.4309011787557334,0.5285677249690792
0-1,1-0,0.0002558584721328014,0.44299967384183275,0.5164016159237521
0-1,0-1,0.0002870499310788389,0.5666288825049319,0.39197838325331563
1-0,1-0,0.0003218725355545102,0.4986238565589379,0.46037993230536456
0-1,1-0,0.0003513659405120038,0.452065919636379,0.5070893106802087
0-1,1-0,0.00030076719647590793,0.4255585647970957,0.5338055233048679
1-0,1-0,0.0002543733126670332,0.4293243581872187,0.53016924154853
0-1,1-0,0.00028357851076961176,0.4517965995387778,0.5077493929019804
1-0,1-0,0.00025441316122971365,0.44626389724668364,0.513197488362425
1-0,1-0,0.00036002295596505927,0.42358856460099775,0.5358602919619992
1-0,1-0,0.0003162368749660682,0.4312894143786042,0.5280673393398442
1-0,0-1,0.00030431827122958164,0.5666532424275632,0.39212664344959663
0-1,1-0,0.00024691315199128135,0.4467826080428538,0.512547693097135
0-1,0-1,0.00032412622398457627,0.5963857909837101,0.3619979152124297
1-0,0-1,0.00032255541816833056,0.5930037516739718,0.3653312324743998
1-0,1-0,0.0003564965653474149,0.4361042181809025,0.5233379270589406
0-1,1-0,0.00037254726323352475,0.42385935642052164,0.535618511488582
0-1,1-0,0.0003833710673351363,0.4225918080440405,0.5369274482439306
0-1,1-0,0.0003296536335668486,0.45928903697250417,0.5000689181071846
1-0,1-0,0.00024963093169811035,0.4865660642312155,0.4725876292152876
0-1,1-0,0.00035491134801987856,0.43084553821137517,0.5286049225401109
0-1,1-0,0.0003546577033728585,0.44388176562746934,0.5153126830433488
0-1,1-0,0.0003512010796521236,0.4500635296216234,0.5090771304572256
0-1,1-0,0.000296422106153504,0.485975355575507,0.47337117218168795
1-0,0-1,0.00027867680533889426,0.511698566899915,0.44755051217036007
1-0,1-0,0.00033061176540745695,0.4792226405306716,0.4798575293453537
0-1,1-0,0.00024438937215604656,0.4578125139101267,0.5014537803740643
0-1,1-0,0.0003801259454778566,0.4264465939501547,0.5330400830445474
0-1,1-0,0.00029828496553962536,0.5060571475880916,0.4528742862045456
1/2-1/2,0-1,0.0002965240672987699,0.5153613905517861,0.4439047589212816
1-0,1-0,0.000261572801833061,0.4421315800099719,0.5169487474237022
1-0,1-0,0.00035682173253283236,0.4447447019160293,0.5144659356095256
1-0,1-0,0.000252800075006603,0.47253905073582364,0.48633441627923196
0-1,1-0,0.0002950803292030984,0.43253359945161673,0.5238414739795959
0-1,1-0,0.00026325915523172174,0.42723986752294274,0.5323381125749923
0-1,1-0,0.0003234143082188327,0.4636674293777639,0.4956896061730958
1-0,1-0,0.0002523269112112789,0.4810487386051248,0.4781814900983254
1-0,1-0,0.00029015871189552863,0.43335806762915874,0.5261330130393198
0-1,1-0,0.00030291230567822147,0.45049208351883774,0.5088638388805093
0-1,1-0,0.00026037210293552613,0.4241004760674225,0.5352877927616069
0-1,1-0,0.00026917630538420717,0.4485405205780285,0.5110808620891475
1-0,1-0,0.00029903313701709063,0.4249372645082853,0.5343073515104776
0-1,1-0,0.00035258503142180845,0.42981043634594496,0.529524418543666
1-0,1-0,0.0002533512519623777,0.4466961179787778,0.5127627626940343
1-0,1-0,0.0002797284946284481,0.43961672753137754,0.519448984620282
1-0,1-0,0.0003371218066342128,0.4391985635986007,0.5202034332966068
1-0,1-0,0.000263646084906016,0.4581689429713227,0.501454845637968
0-1,1-0,0.000255951196335456,0.4265782415250872,0.532759204223185
1-0,1-0,0.0003370983748847095,0.46995168246251234,0.4891544935344334
1-0,1-0,0.00024367782550176553,0.46526005867342834,0.4939718415755986
1-0,1-0,0.00032976671372240756,0.4425548488522249,0.5168420843172703
0-1,1-0,0.0002543877859565062,0.4324669400243988,0.527039600588843
1-0,1-0,0.00029460331046434916,0.4382180094767382,0.5211794527883057
1-0,0-1,0.0002671107725298525,0.526980052261326,0.4323604798639134
0-1,1-0,0.00025736175466239,0.4951525663620047,0.4640172548773558
0-1,1-0,0.0003170527383171535,0.43636252016090743,0.5230377067686323
1-0,1-0,0.0002786489933431711,0.4277832812304092,0.5313992309494816
0-1,0-1,0.0002518785349931657,0.5098098954709125,0.4490996510056105
1-0,1-0,0.0003411619446754415,0.43255346994906957,0.5266092306021987
1-0,1-0,0.0002601704482851322,0.4823659173231345,0.47725861151796295
0-1,1-0,0.00032847923218595125,0.4549911499353131,0.5043996073993883
1-0,1-0,0.00026863241245658314,0.4873929429136345,0.4718992017598283
1-0,1-0,0.00029154270442364457,0.47715007263839015,0.4821415003126581
0-1,1-0,0.0002532362241829577,0.4419673751879591,0.5172032393027312
0-1,1-0,0.0002566385785453656,0.44617207712229073,0.5128958892145907
1-0,1-0,0.00024745809720916546,0.44412446935959765,0.5152337866521743
0-1,1-0,0.0003277300955067483,0.42414557841541795,0.5351692380130153
0-1,1-0,0.0003443954269472871,0.448834612817116,0.5105395031409998
0-1,1-0,0.0002780427100463772,0.4949215374733966,0.4645043563098538
1-0,1-0,0.00026296709512397913,0.4551631557756193,0.5042478316813633
0-1,1-0,0.0003587236438782383,0.43844754357283744,0.5208082156347542
1-0,1-0,0.0002461277430393164,0.4540938405500745,0.5052737647416339
0-1,1-0,0.00026520318771830936,0.5058814729362123,0.4532901193650841
1-0,1-0,0.0002710511304286581,0.43109817774228837,0.5280700444311044
1-0,1-0,0.00036391396718714976,0.4313588169933855,0.5281047292192148
0-1,1-0,0.0003071911833118046,0.42496418179424966,0.5343099144665917
0-1,0-1,0.00060811002830172,0.5631020400443398,0.379868152069198
0-1,1-0,0.00036394834901463686,0.42598626542300794,0.5334227075836311
0-1,1-0,0.0002448849972277002,0.47306450481829215,0.48614138647664146
0-1,1-0,0.000294357047672091,0.43754449770711706,0.5219290256250431
1-0,1-0,0.0002808216879097499,0.4368639165050626,0.5225524750678331
0-1,1-0,0.0002979821545849539,0.4265892383236667,0.5328047307412023
1-0,1-0,0.0003073533837901646,0.47086870405801684,0.4885061012988306
0-1,1-0,0.0002659647881711374,0.4399139172394687,0.5195463570717941
1-0,0-1,0.0003189722345711819,0.5449503362133227,0.4139307259613467
1-0,1-0,0.0005733321367486312,0.43387390124873293,0.544349414881627
1-0,0-1,0.00031502363204775706,0.5916338855498505,0.36721828938515355
0-1,1-0,0.0002473127541305581,0.44380002480214653,0.5155815717875679
0-1,1-0,0.0002593663750998703,0.43080906630027377,0.5286491342939195
0-1,0-1,0.0003277705738537679,0.5735304851710525,0.385270742943532
1-0,1-0,0.0005495791910147804,0.42746608610199377,0.5495134769006451
1-0,0-1,0.0002625180098399404,0.5070129112134651,0.45211993870533645
0-1,1-0,0.0003388256714732393,0.42740591594114985,0.5319700793524899
0-1,1-0,0.000251097839188821,0.43319056607624046,0.5262977447792403
1-0,1-0,0.000249315309562982,0.4378347412863657,0.5216289389471718
0-1,0-1,0.0002806158118999544,0.5643275903552744,0.3947982883658922
1-0,1-0,0.00032231515890662293,0.4589186099270545,0.5004691038813116
0-1,1-0,0.00034707591700653263,0.4237117835237563,0.5356650834976298
1-0,1-0,0.000249631601213341,0.4579780429922008,0.5013997400216273
0-1,0-1,0.0002735416718269163,0.5577027228738911,0.4017070901280166
0-1,1-0,0.00030746177869996825,0.4367992078399894,0.5225897420641574
1-0,1-0,0.0002490979528222712,0.45238037708505935,0.5070314444725325
0-1,1-0,0.00025013630531252134,0.47204077065667843,0.4869226878760641
1-0,1-0,0.00036985752660225634,0.4336360418019986,0.5257300750472187
1-0,1-0,0.0003061598204081748,0.4156948890749189,0.5328486808272362
1-0,1-0,0.00026262191496156115,0.4248755680351128,0.5340773626246519
1-0,1-0,0.000367408160625959,0.4261779761851835,0.5332911678809305
0-1,1-0,0.00036265066587481916,0.44090251432038347,0.5184167342520102
1-0,1-0,0.0003778391748334332,0.42703664654260337,0.532457821157488
1-0,1-0,0.00025359055463838545,0.4719245708524599,0.4875424305278816
0-1,1-0,0.0002652956632525316,0.42304015756534286,0.5365912469557002
1-0,1-0,0.0003700475654683377,0.42327293902497154,0.5362135403611074
0-1,1-0,0.0002610865065080019,0.42295499437956985,0.5321445929850793
1-0,1-0,0.0003442386161886437,0.42580816690096474,0.5335615395911381
1-0,1-0,0.0002521720873272319,0.4430603230576432,0.5164167495980029
0-1,1-0,0.00034931501896731096,0.42446710800657317,0.5348945040173704
0-1,1-0,0.00025480828781380635,0.436835282298366,0.5222584217350535
1-0,1-0,0.0003554627309842464,0.4441889993533887,0.5150092045371648
0-1,1-0,0.00036189593334031334,0.4415096728932915,0.5177786315331974
1/2-1/2,1-0,0.00035340515807231196,0.4248591052339252,0.5345301830972683
1-0,1-0,0.00030453085424439865,0.4269845762925453,0.5323303855882047
1-0,1-0,0.0002516111860229971,0.48521554697123487,0.47397441537204155
0-1,1-0,0.0003866750492103006,0.42264981400406165,0.5369166280353759
1-0,1-0,0.0003534280064847479,0.43922918334483035,0.520002229958638
0-1,1-0,0.0002535766949788267,0.466336904064161,0.49300239435796284
1-0,1-0,0.00034423139136594276,0.42685275946155155,0.5322995121092429
1-0,1-0,0.00026400210388526394,0.4231843272457516,0.5354461082687596
0-1,1-0,0.00027420381040884603,0.4648663057536122,0.4945141572240338
1-0,1-0,0.00027246257024830567,0.4348166009053434,0.5247723865742583
1-0,1-0,0.00029492776465054845,0.42699741243224043,0.5324179459655216
1-0,1-0,0.000350138530813595,0.45401790472767506,0.5051532729633407
1-0,1-0,0.00024577360140366463,0.46612786573011034,0.493044647008572
0-1,1-0,0.0002686862053051095,0.42851183293965667,0.5308534619781604
1-0,1-0,0.0003716357311758395,0.43294131020626264,0.5264520940254157
0-1,1-0,0.000298185583340564,0.4453843009742596,0.5140326142352118
0-1,1-0,0.0002551363931355021,0.42438424091290494,0.5349783707936377
0-1,1-0,0.00025407378802171245,0.47728146629119556,0.48198882305916474
0-1,1-0,0.0003197143508993683,0.48802256104696956,0.47115542565386953
0-1,1-0,0.0002746557842927278,0.4959791740230325,0.46330798316328625
1/2-1/2,0-1,0.0002701921502155928,0.5821708022007968,0.40665721058225635
0-1,1-0,0.00033311764151920594,0.43765403489412896,0.5217731567175806
0-1,1-0,0.0002816815800637702,0.4406574684575838,0.5187590814299619
1-0,1-0,0.00036842082114471386,0.43150558370737674,0.5280413300900456
1-0,1-0,0.0003448051311481384,0.4593502666430937,0.499831568373892
0-1,1-0,0.0003549199657647773,0.42357366441763566,0.5357875347051008
0-1,1-0,0.00024693185511111764,0.44588864332830513,0.5135185380421029
0-1,1-0,0.0003552134001539938,0.4483200933337522,0.5109184143793467
1-0,1-0,0.00029801675618514533,0.44664985321111617,0.5127600324029261
0-1,0-1,0.0002695097119354778,0.5264399907526458,0.43260445590779656
0-1,0-1,0.0003206258177576006,0.5187705569028861,0.4398198561062463
1-0,1-0,0.0003152979244027506,0.48835146884423575,0.47045777734372823
0-1,1-0,0.00030176649878880905,0.46058981190812887,0.4988145963943606
1-0,1-0,0.0002564489676716539,0.47746610798128963,0.48181687841633497
0-1,1-0,0.00036789604786375483,0.4337931636002718,0.525551810207901
1-0,1-0,0.0003648800706969099,0.43754918402205434,0.521840851481591
0-1,0-1,0.0002794262829522512,0.55728757091403,0.4013620933221957
1-0,1-0,0.0003544693792429416,0.434026800200103,0.5254232879608272
1-0,1-0,0.00025995546200546776,0.4509537596907478,0.5085996313274704
1-0,1-0,0.00035142331332200415,0.4257373742995201,0.5336372996886635
0-1,1-0,0.0003548148934997202,0.43192628914941333,0.5275255475019334
1/2-1/2,1-0,0.00024817091774569235,0.46529012583637924,0.4940249370612032
0-1,1-0,0.0003159580663807519,0.4237645753826266,0.5354995120702892
1-0,1-0,0.0002870400194840544,0.4255288386130456,0.5339166543629963
1-0,1-0,0.0002979225386518656,0.49372467810613074,0.4655956520806283
0-1,1-0,0.0005067673867813656,0.44613933690009244,0.5344092623180166
0-1,1-0,0.00024370195016305767,0.4762439092196365,0.48289918125849146
1-0,1-0,0.00032763587711968933,0.4278371508341301,0.536471713110115
1-0,1-0,0.0003017892747047881,0.41631407517229074,0.5341258175933763
1-0,1-0,0.0003130751670827345,0.4711235688767498,0.4882343090536221
1-0,1-0,0.00027121175336778107,0.43093697818505006,0.5285055823169775
1-0,1-0,0.00030822276915111615,0.450278790575207,0.5091369165341489
0-1,0-1,0.00030860852036904493,0.5945388089723672,0.3644639133233668
1-0,0-1,0.00031429324493812403,0.5411560589130023,0.41786736659491147
0-1,1-0,0.0003174236859504555,0.4736814653257131,0.485269005653123
1-0,1-0,0.0003131766569022322,0.44730911433157705,0.511978569956421
0-1,1-0,0.00025723370338960464,0.45778255371397136,0.5016154197747503
1-0,1-0,0.0002914039989036335,0.48475552331983507,0.4745972429170993
0-1,0-1,0.00033818850696588074,0.5999446911846454,0.35770153542347566
0-1,1-0,0.00025772838111125,0.42423992887930095,0.5348909420734863
1-0,0-1,0.0002671932120822454,0.5338533782816403,0.4255524570517099
0-1,1-0,0.00026405261914797125,0.42345041370837117,0.5361005708516007
0-1,1-0,0.0003744399409681109,0.42563333829498745,0.5338223705704794
1-0,1-0,0.00033388398346645653,0.43044705799872823,0.5289477242717728
1-0,1-0,0.0002613774065029563,0.4257524274739697,0.5337834128012037
1-0,1-0,0.0002983787681501188,0.43753554752089907,0.5218583793502746
0-1,1-0,0.0002512141235540894,0.43401162178705605,0.5254838483272157
1-0,1-0,0.000312730173624458,0.4276495240784309,0.5317063141002758
0-1,1-0,0.000353844826776878,0.44262332477295113,0.5165766554165007
1-0,1-0,0.00025622037203127084,0.42672298185866303,0.5327382013505115
1-0,1-0,0.0002669483848742456,0.4965723829633938,0.4626689491128723
0-1,1-0,0.0002630961204030643,0.4240452078078742,0.5350942726106894
1-0,1-0,0.0002444561994404695,0.45685135728006854,0.5024407200843658
1-0,1-0,0.000312371364878663,0.44646709799909845,0.5129503705869524
1-0,1-0,0.00025780910710750815,0.42451402718634634,0.5347830973109411
1-0,1-0,0.00026160841382131584,0.4237484128800996,0.5354683899015591
1/2-1/2,1-0,0.00024494958879914903,0.4538211856058912,0.5054901405442759
0-1,0-1,0.0003332918830170021,0.5948088548641156,0.3641909712064646
0-1,1-0,0.00026414463042253764,0.4868092349402161,0.4724634301085284
1-0,1-0,0.00025230965166579743,0.4587621178363562,0.5002722400236284
0-1,1-0,0.0002624509580911223,0.4809229625236588,0.4783701559034695
0-1,1-0,0.00025415481082725335,0.46374566808531487,0.4952307138516575
1-0,0-1,0.0003194571571515818,0.5737324165942229,0.3853792594785899
1-0,0-1,0.00031201245590362515,0.5241316406209227,0.4344488918176125
0-1,1-0,0.0003446875828147519,0.43770601835400774,0.5215388339839135
1-0,1-0,0.000728075346718771,0.39766313064773473,0.5321934934764476
0-1,0-1,0.0003455761010999617,0.5836439714988145,0.3726729066854923
0-1,0-1,0.00032141687803565367,0.5464802632771208,0.4122854107674248
1-0,0-1,0.00026832279842913366,0.5239936650424308,0.4350587096621284
1-0,1-0,0.00026016162611202547,0.42960313959812174,0.529881971913313
1-0,0-1,0.00027331764847264984,0.5194531646876877,0.43971078637970396
1-0,1-0,0.00025802113422523703,0.42465226172251946,0.5345503904528849
0-1,1-0,0.0002572319034269831,0.4241817752867512,0.5348844142442752
1/2-1/2,1-0,0.00026442293391771573,0.4229717460300766,0.536623875165495
0-1,1-0,0.0002709837485049505,0.4968117018607446,0.46272666359176834
1-0,0-1,0.00025799367111286356,0.5094734786752164,0.4493680014290579
0-1,1-0,0.0003681411419770762,0.42389091081475044,0.53556822785209
1-0,1-0,0.00025543807505142463,0.4274279880104356,0.5319150443690634
1-0,1-0,0.0002915529168365432,0.45234708473208846,0.5070613057729548
1-0,1-0,0.00024964092126393734,0.43977171053972025,0.5197047077998507
0-1,1-0,0.0003594064463085168,0.43321694828621304,0.5260925294707403
0-1,1-0,0.0002500547660707062,0.4462299296706124,0.5130133731124576
1-0,1-0,0.00024418832962511664,0.47406697098128503,0.48511301897238046
0-1,1-0,0.00024358028195818523,0.4706771018848161,0.48848482038348007
1-0,1-0,0.0002929418764797641,0.4518549699268351,0.5075540148525068
1-0,1-0,0.00030880484189675737,0.4627942649297519,0.4966030907922349
1-0,1-0,0.00025125196991821266,0.49075986410673483,0.46837591627046726
0-1,1-0,0.00024665439850664057,0.4540181977691743,0.5052285295199759
0-1,1-0,0.0002975430753319264,0.47049755362920925,0.48888831642763203
1-0,1-0,0.0002472510716302985,0.4448417341461651,0.5145119363614628
0-1,1-0,0.00031158412397299556,0.46311416935016775,0.49627900548321846
1-0,1-0,0.0002760778712087652,0.4272965527552134,0.5319569925924853
0-1,1-0,0.0002891361654544721,0.42988957121531424,0.5295886553920817
1-0,1-0,0.000245504587993271,0.45576192190445175,0.5035833849515895
1-0,1-0,0.00036869514525153296,0.4302336802052462,0.5292368752614105
1-0,1-0,0.0002680392037700492,0.43413334075257,0.5253270140404247
0-1,1-0,0.0002889219152228378,0.4720486053290583,0.4873314739361033
1-0,1-0,0.00031680459227347144,0.4635702993292782,0.4955083700615827
0-1,1-0,0.0003360442803885201,0.4296044509410771,0.5296924584719508
0-1,1-0,0.00035121065725946297,0.44998347870130895,0.5093108164341247
1-0,1-0,0.0002797029298022092,0.43286870215329626,0.5261170078115942
1-0,1-0,0.00036076275585473854,0.4427240148461885,0.5165714483173046
1-0,1-0,0.00035097728257176583,0.44132880091461113,0.5178762634759697
0-1,1-0,0.0003239956952172355,0.44053151381197314,0.5187450601156319
0-1,0-1,0.0003130842721040379,0.5063008844652584,0.4464593120929051
0-1,1-0,0.0003421012687470009,0.46281094903635606,0.49621301568487625
0-1,1-0,0.0003148027973493722,0.47164477158941365,0.48770359669907665
1-0,1-0,0.0002665172296964279,0.42930430442882694,0.5302897325944701
1-0,1-0,0.0002658277756701982,0.4445294680690034,0.514917937863407
0-1,0-1,0.0002747640606542029,0.517887258189836,0.4413018040111476
0-1,1-0,0.0003246188988958139,0.49806371701926155,0.4608366430546474
1-0,1-0,0.0002499570879565317,0.4354690320961917,0.5239859369560818
0-1,1-0,0.00026614748449714,0.48131767801894726,0.4779890701075133
1-0,1-0,0.0003527581264864181,0.43132477445395057,0.527993578226736
1-0,1-0,0.0002534801692225028,0.43703939287003696,0.5222123607593226
1-0,1-0,0.0002560768839776775,0.43349168007579986,0.5253687928965607
0-1,1-0,0.00026800887685481724,0.44042750327938934,0.519024834241037
0-1,1-0,0.00032509093273937943,0.43869072861968056,0.5205964833854139
0-1,1-0,0.00028037520020686386,0.438293334306522,0.5212733614821334
1-0,1-0,0.00025381423219270803,0.44823854019981424,0.5111104167164688
0-1,1-0,0.0003408880979824293,0.4547094768252624,0.5046210731681615
1-0,1-0,0.0002847753526049177,0.4306712647740385,0.528342174174161
1-0,1-0,0.00027605434713461947,0.5047397010404845,0.45452194763528164
1-0,1-0,0.00025330821977473633,0.44113241342014103,0.5180706911715789
1-0,0-1,0.00028711802523321303,0.5627971269804813,0.3962968282919649
0-1,0-1,0.00031445625593117026,0.5850322324412444,0.37331884817869593
1-0,1-0,0.0003294895471678282,0.43795603439667474,0.5213202105502116
1-0,1-0,0.0002837648640571649,0.4172491070148638,0.5355362453142608
1-0,1-0,0.00028722735556675896,0.4238944374081465,0.5354080551492729
0-1,1-0,0.0003060246717933758,0.5015927852501625,0.4576551749231683
1-0,1-0,0.0003618666046234921,0.43155654132559823,0.527904929329785
0-1,1-0,0.00025630132341207643,0.4239791157729233,0.5351795289421386
0-1,1-0,0.0003616805788496563,0.4330754582660533,0.5262424798363455
0-1,1-0,0.00032147879221500154,0.4353203925791769,0.524005209194178
1-0,1-0,0.00028208923202733654,0.43295441726042033,0.5265852702063251
1-0,1-0,0.0002659660036420577,0.42403466156065817,0.534632326700148
0-1,1-0,0.00026543470248557177,0.42487920829490317,0.5341300683136442
1-0,1-0,0.00025923628156637594,0.42422291407298085,0.5351655665922694
0-1,1-0,0.00025854570536884265,0.45806413213465136,0.5013331894024411
0-1,1-0,0.0002443944456286073,0.4752224527039091,0.4839111956129462
1-0,1-0,0.0003012380988666317,0.4236713267270655,0.5355671704367455
1-0,1-0,0.00025800824338049046,0.42849964901583143,0.5306777724857096
1-0,1-0,0.00037226739979285547,0.42502102323894125,0.5344341805647124
0-1,1-0,0.00034147155412064714,0.43465328476943405,0.5247298649825516
0-1,1-0,0.00035501579251311674,0.43042137817478787,0.528795292056188
1-0,1-0,0.000264372559767742,0.42841428658574665,0.530446250635082
0-1,0-1,0.00028985542796730574,0.5515524533181442,0.4075556966883465
0-1,1-0,0.00036629152732585706,0.4338953041763219,0.5255461910371451
0-1,1-0,0.00029226660892305966,0.42436283221770804,0.5350151904344149
1-0,1-0,0.0002686419867298768,0.46871099969845853,0.49065071132317184
1/2-1/2,1-0,0.00026889789918364517,0.43129272646660494,0.5282977759539054
1-0,1-0,0.0002602979877383781,0.42493654780812057,0.534250561015646
0-1,0-1,0.00028773683478537377,0.5301356200030471,0.42909139070130115
0-1,1-0,0.0002594115786444923,0.46077491700117906,0.4984198241145245
1-0,1-0,0.0003060879469482512,0.4237686814717934,0.5355124354061656
1-0,1-0,0.0003734428892058102,0.4244091283537671,0.5350729505239574
1/2-1/2,1-0,0.00032488653915682436,0.44069904338272525,0.5185716724579954
0-1,0-1,0.0003189739698488301,0.5883305904791806,0.36985002600902683
0-1,1-0,0.0003220953255111114,0.44471858121943586,0.514529957099949
1-0,0-1,0.0003346074386203424,0.5984965796198269,0.36014377791228824
0-1,1-0,0.0003688598772857711,0.4354059642932042,0.5239719610086164
0-1,0-1,0.00029041259372227163,0.5411374567828038,0.416116604444409
1-0,1-0,0.00036449490953018623,0.4269240094945005,0.5325837017550562
1-0,0-1,0.00031984537215473945,0.5108608070105263,0.4477491572710822
1-0,1-0,0.00032426400201169577,0.4888720595983927,0.4702062119391182
0-1,1-0,0.00025230323371127977,0.43385899165143915,0.5256453422586407
1/2-1/2,1-0,0.0002539597023906079,0.47032536400562075,0.48858862101664197
1-0,1-0,0.0003028093142008361,0.4258940169354827,0.533231640827244
1-0,1-0,0.0004937312997983319,0.41334376048774274,0.5248449304184409
1-0,1-0,0.0003692280864851875,0.4238738973347548,0.5355900292882151
0-1,1-0,0.00027378292824618107,0.4838638669657534,0.4756818182871505
1-0,1-0,0.0002555707927232718,0.42825408197249054,0.5310652945468818
1-0,1-0,0.0002587478003311345,0.42479637525621855,0.5306593175532001
0-1,1-0,0.00026712943541303745,0.48471998262748356,0.4745765214768608
1-0,1-0,0.0003167242021619958,0.42457451185985773,0.5345816720132538
1-0,1-0,0.0002509419503583288,0.4552432797409688,0.5041587458087591
1-0,1-0,0.000371221853942162,0.4280067276279981,0.5314047111578373
1-0,1-0,0.00028274937881363573,0.4309633206230552,0.5285628600249217
1-0,1-0,0.0002961846003413375,0.4523726360281614,0.5070372900020327
1-0,1-0,0.0002821669394861881,0.45437468931173836,0.5050306846992139
1-0,1-0,0.00025808668618831194,0.4249376921771158,0.5343385751662649
1-0,1-0,0.0003212835081651803,0.44019003832527553,0.5192275793207863
0-1,1-0,0.00036572035840262056,0.4331972946805277,0.5261817392923882
1-0,1-0,0.00027114552063423465,0.4251246397544831,0.5337344834921709
1-0,1-0,0.0003571049851667157,0.4349239158388486,0.5243612049191712
0-1,1-0,0.0003770045799803056,0.4275158382291395,0.5319349529765257
1-0,1-0,0.00025316514469416157,0.44394088296855844,0.5152325666249599
0-1,1-0,0.0002535300860495187,0.4267550004378577,0.5326941388550828
1-0,1-0,0.000334962349063526,0.45520927773692144,0.5041547126243276
0-1,1-0,0.00030951367836427185,0.45014030020946233,0.5092759941467498
0-1,1-0,0.00029976131280976264,0.4245329473338754,0.53480895700448
0-1,1-0,0.0002631035491935426,0.4612683232167246,0.4983588697346574
1-0,0-1,0.00032472666712460004,0.5958780124115208,0.36265060718323844
0-1,0-1,0.00032265152174552295,0.5935649264194753,0.3647862545606367
0-1,1-0,0.0003561603805888495,0.4236083434070547,0.5356546241589352
1-0,1-0,0.00025652699610797803,0.4627895592194672,0.49626719137298986
1-0,1-0,0.0002523649901966796,0.4313289643970351,0.5281693365047788
0-1,1-0,0.00025332589424895103,0.49896234290422303,0.46012076350845893
1/2-1/2,0-1,0.0003355485131070495,0.6081820510028114,0.35087069812372984
1/2-1/2,1-0,0.000257355245556824,0.42229937548643,0.5346910066884561
0-1,1-0,0.00025420883625541346,0.4345924807571548,0.5246691257227832
0-1,0-1,0.000250166926150885,0.5077320763687778,0.4512849721601439
1-0,1-0,0.0002576653539958906,0.42266651753255063,0.534982364649677
1-0,1-0,0.00028464672977839006,0.45306314135872156,0.5063438080808362
1-0,1-0,0.0002866373791790344,0.42399362610696595,0.5353147345856558
0-1,1-0,0.0003470745416313396,0.4452109400004505,0.5139485016297658
1-0,0-1,0.0003013556830070997,0.5745653375681418,0.3842738460731165
1-0,1-0,0.00026759413168673114,0.428119752065066,0.5309938293399868
0-1,1-0,0.0002564880724695122,0.42414034754773194,0.5352016162156306
0-1,1-0,0.0002957653375324512,0.45725395411722153,0.5021526276761755
0-1,1-0,0.0002469151343967943,0.4980531242274328,0.4609168858439299
0-1,1-0,0.00027896732651685677,0.4319443810406362,0.5274685771685694
1-0,0-1,0.00026555396024371914,0.5347573083935928,0.42404333344080136
0-1,0-1,0.00025332931441384397,0.5137949297482342,0.44540964549311923
0-1,1-0,0.0002764751838625668,0.4790492457975729,0.4804781714251988
1-0,1-0,0.0002570642672916062,0.42398899137318946,0.535336147184777
1-0,1-0,0.00032065600583680554,0.42582263692919037,0.5333778674146231
0-1,1-0,0.0003407624319533094,0.457666364183841,0.501624398659557
0-1,1-0,0.00026974482504480633,0.42462958536664347,0.5349269861472371
1-0,1-0,0.0005118224455021649,0.43415656956762394,0.5422272252226545
1/2-1/2,1-0,0.0002733900861630613,0.4351298497352478,0.5238412289718667
1-0,1-0,0.0003245550812934699,0.44580843376565854,0.5136149687613504
0-1,0-1,0.00029108990031836746,0.5497217370145512,0.4094233817896828
0-1,1-0,0.0003217227347210518,0.49083040749448004,0.46827958816406734
0-1,1-0,0.00037783565458821114,0.4264237596914724,0.533020391632358
1-0,1-0,0.00025326832537349173,0.4408484119063073,0.5183596113684574
0-1,1-0,0.0003656214444109728,0.42332382364878857,0.5361451964812545
1-0,1-0,0.00025020333222141667,0.4799636433985619,0.47933036568817755
0-1,1-0,0.00026493162822966777,0.42504503610107114,0.5340697797182105
0-1,1-0,0.0002569049478247367,0.42375740864236994,0.535546711523602
0-1,1-0,0.0002646465754891806,0.42597421037363314,0.5334644804858801
0-1,1-0,0.0003427042417322471,0.4605378581635171,0.4986667316001525
0-1,1-0,0.000260031876089866,0.42387084899709826,0.535355022014553
0-1,0-1,0.00035243035448501495,0.5889491586590536,0.3669812148774894
0-1,1-0,0.00034150739078026276,0.4558582020015813,0.5034513555655474
1-0,1-0,0.00029562318048748565,0.42641549809017015,0.527624813764926
1-0,1-0,0.00024797458716082043,0.47782963697371816,0.4817315596563495
1-0,1-0,0.00033217112054306335,0.4371889742181324,0.5220856056689588
0-1,1-0,0.0003303701336662031,0.45054762959388445,0.5085875006430646
1/2-1/2,1-0,0.0002895393273596325,0.47690229483186586,0.4824680942807753
0-1,1-0,0.00030957861892275096,0.42439798793439265,0.5349125258387107
1-0,1-0,0.00026494086455648507,0.43730191398748486,0.522167769897861
1-0,1-0,0.0002610947418167073,0.4237719193489653,0.5354531875671508
1-0,1-0,0.0002647508921519295,0.48040957213413765,0.47889562751997977
0-1,1-0,0.0002740526847408862,0.428372003412276,0.5312009783195338
0-1,0-1,0.00033054493516137016,0.6034803079434005,0.3555855774109863
0-1,1-0,0.0003831740122480053,0.42369038305079654,0.5358373668746236
1-0,1-0,0.0003464152980078784,0.4344831269365708,0.5249578370881332
1-0,1-0,0.00034022518173224177,0.432555949063069,0.5267465851202288
1-0,1-0,0.00025941158466541745,0.42390768006637697,0.5354206433463645
1-0,1-0,0.0002571120254392931,0.42394653707657276,0.535357995813425
1-0,0-1,0.0002698086629374087,0.5477586065100077,0.4113854268870216
0-1,1-0,0.00028466677409578697,0.4431209057073121,0.5164251658780387
0-1,1-0,0.000361316027903921,0.44187346125576843,0.5174025567347907
1-0,0-1,0.0002895099082304294,0.5339875658320452,0.42523377581544675
0-1,1-0,0.00031017766653302557,0.43633204751296706,0.5230426050758925
0-1,1-0,0.00029367261128818275,0.4438348933971014,0.5155723370820404
1-0,1-0,0.0003310901351366929,0.46221812556994424,0.4971052758095203
1-0,1-0,0.0002874795384870898,0.42433596243826255,0.5349830317219081
1-0,1-0,0.00024998645910615256,0.4625840223469356,0.4967638157862858
1-0,1-0,0.000340941641967935,0.45548191596169146,0.5038382035741954
0-1,1-0,0.0002545091801981183,0.4966738037751498,0.46280040905024505
0-1,0-1,0.00026792950858907724,0.5390340591644915,0.41973814192314557
1-0,1-0,0.00032063812120357066,0.42745488138815546,0.5318867581591145
1-0,1-0,0.00028936537018671573,0.45576575996877017,0.50363944277973
0-1,1-0,0.00036620874326843446,0.4346906620159853,0.5247407821106292
1-0,1-0,0.0002649181459167704,0.42613278250899417,0.5329464244268259
1-0,1-0,0.00025795609877880604,0.423726822063263,0.5355831474335939
1-0,1-0,0.00024825364282066376,0.4769320334563988,0.48210174340003825
1-0,1-0,0.00027363864147284846,0.42546881221831523,0.5339366064497643
0-1,1-0,0.0002630618792464845,0.4235853937529773,0.5343608153832005
0-1,0-1,0.0002634901089893665,0.5233076951963634,0.435256616611911
0-1,1-0,0.00027453017142773116,0.45900733217190737,0.5003885163545084
0-1,1-0,0.0002988184859585065,0.4654662564786814,0.49392975562535485
0-1,1-0,0.00025969006646470654,0.4271292456309555,0.5320378162202992
0-1,1-0,0.0002495713081402733,0.4476932587027239,0.5117497035206677
1-0,1-0,0.0003603894798123598,0.44245754259723125,0.5168025526944664
1/2-1/2,1-0,0.0002969152605621979,0.47425938591192496,0.48496795076615745
1-0,1-0,0.00026842200610818377,0.4463947214555209,0.5130409379575297
1-0,1-0,0.0002435647051806527,0.4680943073416117,0.49111454237876717
0-1,1-0,0.0002904994718940237,0.4366793805916044,0.5227179644240121
1-0,1-0,0.00026533832312768894,0.46165935854753165,0.49772490548010045
1-0,1-0,0.00025224611720838115,0.4537757584400704,0.505639466744888
0-1,0-1,0.000270772826954152,0.5306702154081537,0.42876638071922313
0-1,1-0,0.0002843041038309334,0.4232427384770074,0.5361073826613248
0-1,1-0,0.00032504442215249165,0.46735066043581325,0.4919694475394917
1-0,1-0,0.0002660156584705582,0.42351444631429663,0.5352716347228305
0-1,1-0,0.00030630431385136067,0.44174113586095587,0.5176659905508671
1/2-1/2,1-0,0.0003161108977451819,0.4690513397117098,0.4899684292125574
1-0,1-0,0.0002691464109448712,0.42344559299167345,0.5361801090470916
1-0,1-0,0.00036857316686296395,0.42339896777386654,0.5360973257600503
0-1,1-0,0.00031717444390307617,0.4399499905986851,0.5193676660722577
0-1,1-0,0.00024737799375204426,0.4504334729775115,0.5089738859599113
0-1,1-0,0.0003556074972166244,0.44713510380465116,0.5121493338909121
1/2-1/2,0-1,0.00026902286320705174,0.5134516375000442,0.4457072157503876
1-0,1-0,0.00025341034319425576,0.4272696890371295,0.5321945102142718
0-1,1-0,0.0002487617877661152,0.47493657631797814,0.4848343803313969
1/2-1/2,1-0,0.0002784201161838533,0.4266714810408561,0.5325650712178903
0-1,1-0,0.0003199624343197123,0.4572529762645508,0.5021466891981773
1-0,1-0,0.00026141330133648777,0.42533290879298025,0.5337927077087411
1-0,1-0,0.000252329215819565,0.45653730843740553,0.5027974441511145
1-0,1-0,0.00029863792608124834,0.469476862353571,0.4899110037842645
1/2-1/2,1-0,0.0002938782509221689,0.43243167119972875,0.5270325366865105
1-0,1-0,0.0003248742014755348,0.46389871725083265,0.4951062246720595
1-0,1-0,0.0003388272466351399,0.46905681542655814,0.489948052856047
1-0,1-0,0.0002583493422985915,0.49688091097703824,0.4622857872902885
1-0,1-0,0.0003641496789041027,0.43837279867939816,0.5210067327352261
0-1,0-1,0.0003190573439789177,0.58890098263206,0.36931553286510127
0-1,1-0,0.00026962978920243015,0.4228746725037073,0.5363800219885638
1-0,1-0,0.0003017822511056351,0.43677783237999834,0.5226460512273695
0-1,0-1,0.00026594406992544266,0.5381906107278415,0.421079235839814
0-1,1-0,0.0002521834320268847,0.4520392783212051,0.5073866217325139
0-1,1-0,0.00026178469014956834,0.4365412054659002,0.5229418975957268
1-0,1-0,0.0003185343042143266,0.4278584321538227,0.5314875620528777
1-0,1-0,0.0002870001570115021,0.4922357016967725,0.46702714931674644
0-1,1-0,0.00025120602316744487,0.4985397867746665,0.46069259956850594
1-0,1-0,0.0002865802513253452,0.42569495740085556,0.5334784285195977
1-0,1-0,0.0003281306871700385,0.48973976612123965,0.4691636203345763
1-0,1-0,0.0003154076956866713,0.4899106343448004,0.4688815855967606
0-1,0-1,0.0003001060496910874,0.5804623792215773,0.3784992156751532
0-1,0-1,0.0003190640012553056,0.5934711604445018,0.3651901391733314
0-1,1-0,0.00037289329425194834,0.43127623615098853,0.5282590823669597
1-0,0-1,0.0002633256809315708,0.5089528357720995,0.45061499129143817
1-0,1-0,0.0003321748390680476,0.46252947899985614,0.4967821869060413
0-1,1-0,0.0002755932676860485,0.4623277278941746,0.49706035114823105
0-1,0-1,0.00032523529625792005,0.561042869004985,0.3976575028892433
0-1,1-0,0.0003806427062508535,0.42409350919694333,0.5354219247240695
1-0,1-0,0.00029965625931098624,0.4714130686345418,0.4879698720718309
1-0,1-0,0.00025740982210356627,0.48773546978879706,0.47148833752494124
1-0,1-0,0.0002481851265574779,0.44421306075503875,0.5152314758530764
0-1,0-1,0.00025733360168579954,0.5263217179751054,0.4325823138823873
1-0,1-0,0.00034348442227085193,0.42910313815131035,0.5302293268312999
1-0,1-0,0.00038668179919718976,0.42295888172280766,0.5366019986265361
0-1,1-0,0.0002576722493401174,0.42149761454214024,0.5342587630764823
1-0,1-0,0.00037902649989468703,0.42437298584311295,0.5351233863061603
1-0,1-0,0.0025929798233651755,0.37097918680615694,0.5280649477532431
0-1,1-0,0.00028052350396835427,0.48785969614793406,0.4714719654672824
1-0,1-0,0.0002993673499050201,0.4260901778289306,0.5370236414609133
1-0,1-0,0.0002511244769449256,0.467286787108083,0.49203456661761313
1-0,1-0,0.0002997063660334432,0.4900129423692713,0.46901737463557563
1-0,1-0,0.0002651785653292737,0.4235428064456983,0.5356504831429534
0-1,1-0,0.0002557673692357601,0.42421580042946355,0.5351333240133012
1-0,1-0,0.0002937106455735028,0.4241252053671881,0.5350852048045261
1-0,1-0,0.00026111626300244023,0.44113104062386077,0.5184051339710056
1-0,1-0,0.0002762636922237039,0.4256537385958674,0.5337323723380157
1-0,1-0,0.00026603772750780096,0.4705334318647762,0.4888167564286633
1-0,1-0,0.0003650508176519144,0.43107181262266875,0.5283934642501543
0-1,1-0,0.0002685329822919062,0.4533047071820728,0.5061092855720236
0-1,1-0,0.0002571058145533866,0.4239354226617039,0.5353732037980043
0-1,1-0,0.00030172563218577067,0.4474158306087048,0.5119714426621671
1-0,1-0,0.0003395985300582396,0.441561113547721,0.5176471651375367
0-1,1-0,0.0002598745242485679,0.4787375011050144,0.48055514650625053
1/2-1/2,1-0,0.00034181677726021067,0.4625033428504378,0.496513539782235
0-1,1-0,0.00035266549210204287,0.4245248771769632,0.5348655594372981
1-0,1-0,0.0002918884618825009,0.44481795395850376,0.5146685270460337
1-0,0-1,0.0002819882868990463,0.5542415080446231,0.40460655958652153
1-0,0-1,0.0003159724260602125,0.5868266718032985,0.3714775082175625
1-0,1-0,0.0005411905598893405,0.4297977606789238,0.5471979741302806
0-1,0-1,0.00032742810219596257,0.6035481530891088,0.35490655622518097
1-0,1-0,0.000335711788867424,0.42697528318022143,0.5323175863628914
1-0,1-0,0.00027996242324364697,0.4397055045931508,0.5193459609662502
1-0,1-0,0.00030146558569280003,0.4257938043995811,0.5335720870421087
0-1,1-0,0.0003788524148151606,0.42673536313444427,0.5327616145606755
1-0,1-0,0.0002548459808237081,0.44531991503239005,0.5140547724031245
0-1,1-0,0.0003319525885813036,0.42890773099276946,0.5304250649979916
0-1,1-0,0.0003290107856389876,0.43631572677640595,0.5229762286562897
1-0,1-0,0.0002499318765562311,0.48484558413838813,0.47441319275906596
1-0,1-0,0.0003679651675225205,0.4279704250941283,0.5314272256708035
0-1,1-0,0.0003078599273986236,0.48734320887771737,0.4719587386071826
0-1,1-0,0.0002582524670166018,0.4735237330530436,0.4857904433207656
0-1,1-0,0.00030152329743254826,0.4746494900159173,0.48472305909150587
1-0,1-0,0.00031779650636057903,0.42552315548942127,0.5337677799441634
1-0,1-0,0.0002531052232068316,0.48611640028927683,0.47308160853515235
0-1,1-0,0.0003018916910747481,0.502240122554217,0.4566454905752842
0-1,1-0,0.00025268644239574955,0.4356712078493994,0.523629750450819
1-0,1-0,0.0003751664391304408,0.4240095941362627,0.5353939411415748
1-0,1-0,0.0003169251212209237,0.44427283173590487,0.515012997024834
1/2-1/2,1-0,0.00032882425044253864,0.4372118881542471,0.5220732082909617
1/2-1/2,1-0,0.0003145930427529576,0.44044488893011247,0.5188848926603246
1-0,1-0,0.0003734378662925567,0.4267058018192823,0.5327313412631057
1-0,0-1,0.0003051793497908897,0.5363863089273604,0.4222879764651002
1-0,1-0,0.0002653841338619338,0.4315850306033234,0.5275558408215282
0-1,1-0,0.0003818298794517901,0.42393217178195536,0.5355887794187312
0-1,1-0,0.00025710485898715996,0.46103605378994966,0.4983438882146016
1-0,1-0,0.0003811342228579504,0.4240882925149413,0.5354294344339698
0-1,1-0,0.0003300094735747188,0.4690670748239256,0.48985283608071145
0-1,1-0,0.0002570655888248125,0.46631238699572825,0.49303808821376705
0-1,1-0,0.000363873465159891,0.4308810293812308,0.5284679772321247
0-1,1-0,0.0002479664191564958,0.49374642544943725,0.4653004558483304
1-0,1-0,0.0003619104870936898,0.42615621681562565,0.5332910069572635
1-0,1-0,0.00033670273747566666,0.4359081965655633,0.5235205476161869
0-1,1-0,0.00025230633203640466,0.46475432561167695,0.494590120209104
1-0,1-0,0.0003160526181522982,0.4796667856940907,0.4792285114724991
0-1,0-1,0.00033613786063460636,0.5958393519721403,0.36293716459568565
1-0,1-0,0.00024639404808375983,0.4869331932657862,0.4721618405786991
0-1,1-0,0.00025705203760371,0.42401019801751955,0.5353163824045105
1-0,1-0,0.00033767423793833325,0.47106056119785794,0.4879462361631583
1-0,1-0,0.00030313240210651547,0.47257998052753925,0.4865673900156967
1-0,1-0,0.0002487550459937554,0.44459836705055256,0.5147011686655817
0-1,1-0,0.00028132361289639975,0.4364923023804363,0.5230643104037119
0-1,1-0,0.00026817277283429147,0.42282732568255393,0.5368364240466158
1-0,0-1,0.0002636803268119619,0.5102818177987885,0.44928044692609426
0-1,1-0,0.00024793922750399093,0.4744468361203571,0.4849893129186946
0-1,0-1,0.00027544831324502315,0.5491433658595147,0.4105722189912364
0-1,1-0,0.00024894679051131727,0.45318624140622815,0.5060144561342511
1-0,1-0,0.0003106509523934696,0.43172854739945443,0.5276374672045214
1-0,1-0,0.00030855756861401757,0.43488661586021166,0.5244981966215294
0-1,1-0,0.0003551478282955852,0.43501132448954616,0.5244363888095885
1-0,1-0,0.0003451351738719475,0.42410223961615023,0.5350916697251092
1-0,1-0,0.00033328512169783297,0.44473409801048114,0.5144566984870192
0-1,1-0,0.0003681214446074033,0.43095757710020927,0.5285887677255423
1-0,0-1,0.00025161362270915126,0.5072055664688521,0.4519735703170699
0-1,1-0,0.0002885439767801317,0.46025985936184544,0.4991397833663327
0-1,1-0,0.00024835395442414615,0.4615385442722859,0.49780566108066765
0-1,0-1,0.00030223167341857755,0.5628713071559764,0.3962968605486099
1-0,1-0,0.0003837620114956153,0.4231547201810252,0.5363757016466643
0-1,1-0,0.00028643131490294516,0.46162448147668084,0.49777195971211063
1-0,1-0,0.0003226506215604114,0.4241048758682732,0.5351985100445075
1-0,1-0,0.0003253376064392546,0.46368243155470373,0.49566490572177546
0-1,1-0,0.00025913053269252187,0.48984856579471303,0.4697580966483649
1-0,1-0,0.0002539476170767521,0.4430572271795403,0.5160892815955572
1-0,1-0,0.00027674251287378117,0.4311286379674958,0.5282904470874789
0-1,1-0,0.00030455964850114876,0.46849046843306313,0.49089593672460113
0-1,0-1,0.00033388221858466076,0.5752874686305086,0.380773392185889
1-0,1-0,0.0002942273351294243,0.4882095092637468,0.47113324427775366
0-1,1-0,0.0003141608553957667,0.4984669802807552,0.4607043012661962
1-0,1-0,0.00024941374080827256,0.4370487773718894,0.5224044172498117
0-1,1-0,0.00035981700839209357,0.435795220322856,0.5236444188234033
1-0,1-0,0.0003307291107787149,0.4266990100070602,0.5326380048490854
1-0,1-0,0.0003710955850864209,0.42397725356728083,0.5353867250951055
1-0,1-0,0.00037295816555246193,0.42275385871080184,0.5366872903078259
1-0,1-0,0.0002775310271587992,0.42705006182996763,0.5324931160168976
1-0,1-0,0.00025280851698350503,0.4728352878587444,0.48645742754709065
1-0,1-0,0.0003659775631647883,0.4369164986751929,0.522404914121595
1-0,1-0,0.0002860720337688638,0.5011655744513724,0.45806250940125703
0-1,1-0,0.00026771941714094036,0.4232397842829764,0.5359360724852126
0-1,1-0,0.00029737190377243883,0.44655208475609065,0.5128575568497639
1-0,0-1,0.00030053694823465324,0.554917178569872,0.40427757372392575
1-0,1-0,0.00033834518227789676,0.4635447323748264,0.49543352554118014
1-0,1-0,0.00038199167687413783,0.42542248208490413,0.5340850092780557
1-0,1-0,0.0003050591152673561,0.4292143128872281,0.5301759820006388
0-1,1-0,0.000346350854630022,0.43288792037363755,0.5265500604191481
0-1,1-0,0.00025323418100698617,0.436334601748316,0.5231692060831787
1-0,1-0,0.000361016051293055,0.4281251046072629,0.5312473681427126
0-1,1-0,0.0002722258384136035,0.4618568112487173,0.49776556247848797
0-1,1-0,0.0003315387968139649,0.4476921678815234,0.5114714545679822
1-0,1-0,0.0003691715435740272,0.4338140977629323,0.5256129767830009
1-0,1-0,0.00025251183387076304,0.4389701887617142,0.5205251075942697
1-0,1-0,0.00036349597891580186,0.431373449634609,0.5279688594945314
0-1,0-1,0.0003199985184053926,0.583645318589413,0.3755132437490344
0-1,1-0,0.0003338735119991536,0.4732117004025818,0.48568791987990073
1-0,1-0,0.00025267557341112924,0.4334766827347569,0.5258637118362123
1/2-1/2,1-0,0.00029446847215589,0.4359048523088179,0.5235660071623943
0-1,1-0,0.0003081810493827666,0.43765795827827964,0.5217388208780755
1-0,1-0,0.0002623381644046848,0.42312175356901655,0.5363060019551128
1-0,1-0,0.00032461917095303076,0.4731057478009056,0.4861645141174845
1-0,1-0,0.0003575741654354593,0.44429804171023307,0.5149223278241383
0-1,1-0,0.0002689810018921905,0.4736483759264394,0.4856966282497591
1-0,1-0,0.0002612668385205502,0.46129183415893577,0.4980912865668149
1-0,1-0,0.0002753861325554126,0.4954942802476864,0.4637977773853938
1-0,1-0,0.00025901407026649576,0.42388452160140877,0.5353768605916146
1-0,1-0,0.0002628561544346217,0.4438821455285589,0.5155752023363525
1-0,1-0,0.00036145007575031203,0.43305276169539964,0.5262646363336599
1-0,1-0,0.00024643696747197503,0.44698395858875184,0.5123951137583487
0-1,0-1,0.0002995502819823186,0.5176481642404678,0.4415989113984616
1-0,1-0,0.0003529939379904548,0.4300719197192533,0.5292606666035252
0-1,1-0,0.0003073652392360013,0.4237007182455676,0.5355153003990245
0-1,1-0,0.00030773876812050237,0.4457964011742505,0.5135071806053105
1-0,0-1,0.0003250572881969895,0.580335965405377,0.3787125670981586
0-1,0-1,0.0003011382905171961,0.5389163006170707,0.41985187115406825
1-0,0-1,0.00031413450065978396,0.5374543974984504,0.42156540687349703
0-1,1-0,0.00025314445780295203,0.43055679094161414,0.5288252134763981
1-0,1-0,0.00026044870711281224,0.43082248501872417,0.5282715623181391
1-0,1-0,0.0002610375773812477,0.4240687673729993,0.5351597319663561
1-0,1-0,0.00025678212437018873,0.4345949390027141,0.5249077230229456
0-1,1-0,0.0002949573417911364,0.4727057318904543,0.4866755255126149
1-0,1-0,0.00033589056234815837,0.470223974023592,0.48870621201902187
0-1,0-1,0.0003211766273767708,0.5204886024586648,0.43811879053769864
1/2-1/2,1-0,0.0003467938041413707,0.45008006012541135,0.5092628432189564
1-0,1-0,0.00037624198400479825,0.42889799138848034,0.5305739829509156
0-1,1-0,0.00026036626332750796,0.4643359062668983,0.4948682676344213
1-0,1-0,0.0003265091306278548,0.434629465598479,0.5246827825687613
1-0,1-0,0.00026764989240540615,0.43759992663354097,0.5219915742806849
0-1,1-0,0.0002708840392924058,0.47795770944427163,0.4813772649624851
1-0,1-0,0.00031406010142440085,0.48087308518234984,0.4780312461810576
1-0,1-0,0.0002772877035403767,0.46984303286234724,0.4895283324544363
0-1,0-1,0.000316107223320741,0.5251678495201161,0.43380032991563505
0-1,1-0,0.00028516253980622017,0.42327815881474434,0.5360597486330829
1-0,1-0,0.00025180692662419023,0.43071064514998214,0.5287619483560138
1-0,1-0,0.0003566418355307588,0.44682531146636856,0.5124284693124579
1-0,0-1,0.00031782544787532183,0.5485979052947438,0.41034895866057863
1-0,1-0,0.0003262950367596056,0.4313599701622893,0.528025183017928
0-1,1-0,0.0002578371798960187,0.42390834386285725,0.5353961762054493
1-0,1-0,0.00026590138694354814,0.4236203907206367,0.5349174824749405
1-0,1-0,0.0002896381913182089,0.43448631140566524,0.5250122627449214
1-0,1-0,0.00025186345413596517,0.4323326323793282,0.5270721638709477
0-1,1-0,0.00031369585414717867,0.43795634706236375,0.5213926574441631
1-0,1-0,0.0002550750354135703,0.4367570616927453,0.5227448250740274
1-0,1-0,0.000359505269329944,0.4378070400161473,0.521614593042101
0-1,1-0,0.00025188271962244793,0.43421202881159043,0.5251475832850024
0-1,1-0,0.00025634834616531304,0.4251938699065201,0.5341529534225133
0-1,1-0,0.0003302938015374903,0.42384034410189375,0.5353266984908102
0-1,1-0,0.00034417947207358764,0.44855805878450744,0.5105641795362817
0-1,1-0,0.00024370235322586982,0.4655177613190876,0.4937143183855422
0-1,1-0,0.0003028367057643852,0.4503860207051585,0.5090271479487465
1-0,1-0,0.00029118528757208335,0.4511490122002556,0.5083239776057653
0-1,1-0,0.0002574210847924162,0.4289935500993985,0.5304949416614033
1-0,1-0,0.00035475450918845105,0.42353878107138243,0.5358749963634464
1-0,1-0,0.0003701428627496636,0.42910854782649616,0.5304420977669749
0-1,0-1,0.0003147162538115424,0.5879043991638226,0.3705827142430921
0-1,0-1,0.0002770565695255307,0.5347950937631164,0.42428509994108105
1-0,1-0,0.0003292954238713833,0.4419537556766372,0.5172843537428827
0-1,1-0,0.00037082513156520765,0.4236567545578895,0.5358189569273909
0-1,1-0,0.00032335891361875995,0.4263483331203136,0.5329864065973448
0-1,1-0,0.00027976909738796924,0.4631132392534897,0.49627598983506044
1-0,0-1,0.00031987131065325204,0.5260186737766374,0.43279068860927344
0-1,0-1,0.0002849256188003453,0.5690478881844929,0.3900237510273292
1-0,1-0,0.00034469763359316934,0.4251647359900712,0.5341957316408195
1-0,1-0,0.0002851547291507521,0.42658497143923135,0.5327708111986186
0-1,1-0,0.0003734476629451587,0.42982823682606663,0.5295812517805991
1-0,1-0,0.00033741515278823593,0.4284283811561114,0.5307024029363193
1-0,0-1,0.00025973217247080694,0.527947909569264,0.43084070464577345
1/2-1/2,1-0,0.0002537934055265272,0.4952723588414071,0.4638545856745117
0-1,1-0,0.0002567277114187756,0.4237826318839742,0.5355249769165101
