y_true,y_pred,prob_1-0,prob_0-1,prob_1/2-1/2
1-0,1-0,0.4207503014275778,0.5384166072494341,0.04083309132298804
1-0,1-0,0.4222067499058302,0.5370091627800442,0.04078408731412555
1-0,0-1,0.5583104944985438,0.40043473368465143,0.04125477181680516
0-1,1-0,0.4305237117823429,0.5286640415143778,0.040812246703279355
1-0,1-0,0.41522657091339826,0.5439613013461144,0.0408121277404871
1-0,1-0,0.4198637290722948,0.5392153827609782,0.04092088816672711
0-1,1-0,0.4145122279247755,0.5447305583301043,0.040757213745120015
1-0,1-0,0.47543744229412077,0.4835692172803633,0.040993340425515994
1-0,0-1,0.558004897609669,0.4006711727124253,0.0413239296779056
1-0,1-0,0.4268321528570041,0.5323329973528397,0.040834849790156114
0-1,1-0,0.44078715063449664,0.5183551394627489,0.04085770990275456
0-1,1-0,0.5105235214743171,0.44835166818301697,0.04112481034266607
0-1,1-0,0.4220246425572668,0.5371978665187459,0.04077749092398718
1-0,1-0,0.43954028051927074,0.5196118184323982,0.04084790104833115
1-0,1-0,0.4283114797438987,0.5308460498731792,0.04084247038292206
1-0,1-0,0.4475125660593418,0.5115640330139362,0.04092340092672185
1-0,1-0,0.4187153674768992,0.5402830838356935,0.04100154868740741
0-1,1-0,0.43695077574757224,0.5221479064219561,0.040901317830471684
1-0,1-0,0.4187198543853068,0.5404365958243217,0.040843549790371365
1-0,1-0,0.44165892187954453,0.5174257519634278,0.04091532615702781
1-0,1-0,0.487510337572315,0.47149989568978445,0.04098976673790042
1-0,1-0,0.4900636639564456,0.468880039175811,0.041056296867743564
0-1,1-0,0.4223358252603922,0.5368658914943821,0.04079828324522538
1-0,1-0,0.44160433104062324,0.517494636753069,0.04090103220630781
1-0,1-0,0.41585749540374445,0.5433596728257152,0.04078283177054019
1-0,1-0,0.42019384605091076,0.5390101197256917,0.04079603422339746
1/2-1/2,1-0,0.445410092501119,0.5136610954581241,0.04092881204075689
0-1,0-1,0.5477430077821247,0.4223312224368982,0.029925769780977208
0-1,1-0,0.4187616335629353,0.5404144862723697,0.04082388016469509
0-1,1-0,0.41429784581278545,0.5449106162695868,0.04079153791762763
0-1,1-0,0.41401986479609537,0.5452082025349855,0.040771932668918966
1-0,1-0,0.4159633020245748,0.5432153888021505,0.04082130917327487
0-1,1-0,0.48671038128622013,0.472285566664331,0.041004052049448965
0-1,1-0,0.41909216160531854,0.5401153753534823,0.04079246304119934
0-1,1-0,0.4496447758257842,0.5094480935366845,0.04090713063753128
0-1,0-1,0.528486270763323,0.4303198355807991,0.0411938936558778
1-0,1-0,0.4188240564559366,0.5403742719696393,0.04080167157442412
1-0,0-1,0.643672024636178,0.3143823097376966,0.04194566562612553
0-1,0-1,0.6299449017094654,0.32840543823556984,0.04164966005496462
0-1,1-0,0.43550970690167257,0.5236565694840926,0.04083372361423496
1/2-1/2,1-0,0.4530487629644554,0.5060720282007269,0.04087920883481758
0-1,1-0,0.5030102345316148,0.4559505820846969,0.04103918338368849
0-1,0-1,0.5282136314328133,0.43057298320823406,0.041213385358952456
1/2-1/2,1-0,0.43432167412305894,0.5247733645622249,0.04090496131471598
0-1,1-0,0.4742930282296743,0.484700419226396,0.04100655254392962
0-1,1-0,0.4996401550804393,0.4592989978972559,0.041060847022304885
1/2-1/2,1-0,0.42660298206216646,0.5325594505682902,0.04083756736954323
1-0,1-0,0.43244722625698784,0.5266962506038955,0.04085652313911679
1-0,1-0,0.435737960035286,0.5234439926481185,0.04081804731659578
0-1,1-0,0.43091667226508956,0.5282834855373894,0.04079984219752102
1-0,1-0,0.4070802219561443,0.5385572260089597,0.0543625520348961
0-1,1-0,0.41856487279792953,0.5406445457404904,0.04079058146158008
1-0,1-0,0.5041966975916521,0.45470957534546785,0.041093727062879865
0-1,1-0,0.4308502970343911,0.5283383040587568,0.04081139890685214
1/2-1/2,0-1,0.6386418123776026,0.31966369809649486,0.04169448952590269
1-0,1-0,0.453654210949171,0.5054483789324872,0.0408974101183416
1-0,1-0,0.48580104225360515,0.4731546790591742,0.0410442786872208
0-1,1-0,0.468334558773565,0.49073224773611807,0.040933193490316835
0-1,1-0,0.4257302150989323,0.5334738177164972,0.04079596718457063
0-1,1-0,0.4490406628050105,0.5100361904428596,0.04092314675212994
0-1,1-0,0.4158158766533866,0.5433527538709478,0.04083136947566539
0-1,1-0,0.44513779405633686,0.5139371434130431,0.040925062530620296
1-0,1-0,0.48465559468747743,0.47430252434764586,0.04104188096487676
1-0,1-0,0.43636338077413855,0.5227902458331969,0.04084637339266447
1-0,1-0,0.4135516486692352,0.5456792342454773,0.04076911708528748
1/2-1/2,1-0,0.507836257478313,0.44890109054241895,0.043262651979268055
0-1,1-0,0.4177251732315777,0.5415028569323025,0.040771969836119734
1-0,1-0,0.44915317155321527,0.5099748271920072,0.04087200125477749
0-1,1-0,0.4733786821213747,0.4856506229511339,0.04097069492749143
1-0,1-0,0.4905466919657348,0.4684478150016614,0.04100549303260386
1-0,0-1,0.5703088582005028,0.3883143996307478,0.04137674216874929
1-0,1-0,0.444410476758868,0.5146964000772,0.04089312316393171
1-0,1-0,0.4418168937756005,0.517324588078293,0.040858518146106346
0-1,1-0,0.41440766574425497,0.5447840523292617,0.04080828192648321
1-0,1-0,0.4352725752405988,0.5238944910055832,0.04083293375381809
0-1,1-0,0.45041803184565093,0.5086874240960182,0.040894544058330776
0-1,1-0,0.42794438386445877,0.5311949165201777,0.040860699615363386
1-0,1-0,0.4176359191432833,0.5414134537633444,0.04095062709337224
0-1,1-0,0.42248597226435886,0.5366584480868812,0.04085557964875998
1-0,1-0,0.4494960918479775,0.5096349464927493,0.040868961659273007
1-0,0-1,0.6545285738022639,0.3028715381954581,0.04259988800227787
0-1,1-0,0.407407226573908,0.5485957061818528,0.04399706724423925
1-0,1-0,0.486940459586502,0.47206149887691123,0.04099804153658669
0-1,1-0,0.4381313214577927,0.5209558621762637,0.04091281636594352
0-1,1-0,0.50287037813469,0.4560780416672189,0.041051580198090964
1-0,1-0,0.5002267140420206,0.4587334161986809,0.041039869759298526
1-0,1-0,0.4252520601319298,0.5339638218427832,0.04078411802528678
0-1,0-1,0.5907601379696026,0.3677775945057614,0.04146226752463578
1-0,1-0,0.4322164062991816,0.5269752098057158,0.04080838389510242
0-1,1-0,0.41986203613826506,0.5393907493013008,0.04074721456043435
0-1,1-0,0.4175032171507549,0.5416708476758424,0.04082593517340265
0-1,0-1,0.6318942838168319,0.3258837028960085,0.04222201328715958
0-1,1-0,0.41418694387560856,0.5449840937666454,0.04082896235774637
0-1,0-1,0.5214868038218635,0.43739424757332507,0.04111894860481164
0-1,1-0,0.41103942966297585,0.5479180959326766,0.041042474404347704
1-0,1-0,0.39452190091062955,0.564804514439111,0.04067358465025965
1-0,1-0,0.48120267464324773,0.4777238747161003,0.0410734506406518
0-1,1-0,0.44064866283946325,0.5184877692277258,0.040863567932811
0-1,1-0,0.4126371492128598,0.5465400598089907,0.04082279097814951
0-1,1-0,0.48014185193519016,0.4788652570694951,0.04099289099531477
1-0,1-0,0.41743816880598217,0.5418000793982758,0.04076175179574192
1/2-1/2,1-0,0.42837100805928335,0.5307424309777463,0.040886560962970324
0-1,0-1,0.622867101873013,0.335585184382024,0.04154771374496304
0-1,1-0,0.41989680696840537,0.5392758982536989,0.040827294777895644
0-1,1-0,0.4721617870353291,0.48688983410215025,0.040948378862520514
1-0,1-0,0.41421631833498135,0.545034781176199,0.0407489004888199
0-1,1-0,0.4364419352350592,0.5227198319609658,0.040838232803974896
1-0,0-1,0.5443983187968892,0.41443431099052175,0.0411673702125891
0-1,1-0,0.44154226264471536,0.517593105690416,0.04086463166486864
0-1,1-0,0.49349110926416534,0.4654592165381541,0.041049674197680734
1-0,1-0,0.4136648251784929,0.5455761722051489,0.040759002616357995
0-1,0-1,0.5582083093016471,0.40021657899102486,0.041575111707327854
1-0,1-0,0.41413285425915725,0.5450403188963368,0.040826826844506156
1-0,0-1,0.557535274615553,0.40113997541477275,0.04132474996967424
1-0,1-0,0.4312190603997334,0.5279117437964981,0.04086919580376842
1-0,1-0,0.4285314252971867,0.5306461118115491,0.0408224628912642
1-0,1-0,0.474518448959269,0.4845138849207334,0.0409676661199977
1-0,1-0,0.41550422487783717,0.5436630366775446,0.04083273844461834
1-0,1-0,0.42609451156794786,0.5330678988214081,0.0408375896106439
1/2-1/2,1-0,0.44644462329523116,0.5126564483283068,0.040898928376461835
1-0,1-0,0.41551438471613295,0.5436938972211252,0.04079171806274192
0-1,1-0,0.41344068013484603,0.5457879296747314,0.040771390190422446
0-1,1-0,0.41729768256721367,0.5419190600085281,0.04078325742425841
0-1,1-0,0.4271709768620824,0.5321643426633101,0.04066468047460723
1-0,1-0,0.482970878538264,0.47600036183526134,0.04102875962647499
0-1,1-0,0.43786077568464155,0.5212967125212506,0.04084251179410776
1-0,1-0,0.4237603688520103,0.5354585983011665,0.04078103284682299
1-0,1-0,0.4172541872505292,0.541967720652372,0.0407780920970988
1-0,0-1,0.6011665049947669,0.3573317032285793,0.041501791776653744
0-1,1-0,0.4248874270490196,0.534325182804927,0.04078739014605332
1-0,1-0,0.4527354417059215,0.5063731102033044,0.040891448090773976
0-1,1-0,0.4208410604130071,0.5383860955128302,0.04077284407416262
0-1,1-0,0.42216854044611735,0.5370487048561091,0.04078275469777357
1/2-1/2,0-1,0.5296176201467134,0.4291832936827097,0.04119908617057684
1-0,1-0,0.4537991189064509,0.5052949189928664,0.04090596210068249
1-0,1-0,0.41783743546500096,0.5413264087546514,0.04083615578034783
0-1,0-1,0.6267676885287892,0.3313583093075805,0.0418740021636303
0-1,1-0,0.41340077277752924,0.5457722957110308,0.04082693151144008
1-0,1-0,0.42085319016542927,0.5383295425834719,0.04081726725109896
0-1,1-0,0.41476716650727724,0.5443546961063127,0.04087813738641008
0-1,1-0,0.41692077912410686,0.5422586998324519,0.04082052104344135
0-1,1-0,0.4464598452855913,0.5126827635273697,0.040857391187038974
0-1,1-0,0.4525582439716561,0.5064898922008474,0.040951863827496646
1-0,1-0,0.4168323118864394,0.5423260803298311,0.0408416077837296
1/2-1/2,1-0,0.47371574622960333,0.4852821310851491,0.0410021226852474
0-1,1-0,0.47091672178195476,0.48813350157051,0.040949776647535185
0-1,1-0,0.41869434066552724,0.5404646079298575,0.04084105140461523
1-0,1-0,0.43084292113027184,0.528264294207376,0.040892784662352126
1-0,1-0,0.4288150282370232,0.5303029723451335,0.04088199941784344
1-0,1-0,0.4797499120057023,0.47922602207371773,0.04102406592057992
0-1,1-0,0.41463607683622405,0.5445586513934709,0.040805271770304886
1-0,1-0,0.4214734498750001,0.5376620526177617,0.040864497507238084
1-0,1-0,0.45694888694525243,0.502166558433018,0.04088455462172972
1-0,1-0,0.46157062727729026,0.49747734469207405,0.040952028030635836
1-0,1-0,0.4126991632197323,0.5441888191505155,0.043112017629752065
0-1,1-0,0.41383475070958103,0.5453758005589333,0.04078944873148565
1-0,1-0,0.4278287276789599,0.5313628031805179,0.04080846914052238
0-1,1-0,0.4565422302264455,0.5025665420783787,0.04089122769517588
1-0,1-0,0.41494364237448444,0.5442552052687049,0.040801152356810574
1-0,1-0,0.4142626779655436,0.544961373945205,0.04077594808925152
0-1,1-0,0.4447573971734665,0.514335144256344,0.04090745857018954
1-0,1-0,0.46718269866077605,0.4918343925307854,0.04098290880843844
1-0,0-1,0.5313124155173298,0.42748992643474887,0.04119765804792128
1-0,1-0,0.4545449593990229,0.5045721108131959,0.040882929787781026
1-0,1-0,0.427351149895135,0.5317976710387097,0.040851179066155194
1-0,1-0,0.47735262324597383,0.4816367832262055,0.04101059352782082
1-0,1-0,0.5046187762468755,0.45426510451960833,0.04111611923351598
0-1,1-0,0.41470762730619726,0.5445041773411685,0.04078819535263404
0-1,1-0,0.4415362334040135,0.5175950497237329,0.04086871687225359
1-0,1-0,0.43661578852074384,0.5225034294089164,0.04088078207033971
1-0,1-0,0.4154243867905355,0.5438038018148281,0.04077181139463641
0-1,1-0,0.4217238246009759,0.5375011757553372,0.04077499964368688
1/2-1/2,0-1,0.53190666776669,0.4269431462548039,0.041150185978506046
1/2-1/2,1-0,0.4966855823732608,0.46222364040712294,0.04109077721961595
0-1,1-0,0.4141493518298654,0.5450912447885418,0.040759403381593035
1-0,1-0,0.4986870983371683,0.46793861652277824,0.03337428514005328
1-0,0-1,0.5618528738302271,0.3968608270315565,0.041286299138216076
1-0,1-0,0.4539909993059349,0.5050776170964213,0.04093138359764367
1-0,1-0,0.4185886108512935,0.5406188085071021,0.040792580641604854
1-0,1-0,0.4334320075332724,0.5256893205107973,0.04087867195593016
1-0,1-0,0.43336931092147213,0.5257574119327316,0.04087327714579635
1-0,1-0,0.4135777990766323,0.5456574256055113,0.04076477531785647
1-0,1-0,0.41402841061125056,0.5451644489621873,0.04080714042656186
1/2-1/2,1-0,0.41345720923305934,0.5457753753669251,0.04076741540001555
0-1,1-0,0.42326703574203484,0.5358618964742219,0.040871067783743414
0-1,1-0,0.4386804505769545,0.5204146950133997,0.04090485440964575
0-1,1-0,0.4413950080087578,0.5177423113521836,0.04086268063905891
1-0,1-0,0.41330998847828154,0.545859582331083,0.040830429190635495
0-1,1-0,0.40917062515253,0.5501436985229105,0.040685676324559675
0-1,0-1,0.6112233386394231,0.34725352790110003,0.04152313345947687
0-1,1-0,0.44856592989329147,0.5105613548754278,0.04087271523128089
0-1,1-0,0.45889179653046974,0.5001489652930873,0.040959238176442946
1-0,1-0,0.48228064584058444,0.47671800768052536,0.0410013464788903
1-0,1-0,0.4138328371352117,0.5454080839750428,0.040759078889745566
1-0,1-0,0.5096370202529541,0.44927134685466424,0.04109163289238194
1-0,1-0,0.4769073983124673,0.48211898561676997,0.04097361607076252
1-0,1-0,0.4138341530034399,0.5454060365668658,0.04075981042969399
1-0,0-1,0.5876188416460222,0.3709347225422022,0.04144643581177533
0-1,1-0,0.42258052880473584,0.5365504058793751,0.04086906531588906
1-0,1-0,0.45495043347906805,0.5041298700892443,0.04091969643168753
1-0,1-0,0.4360595641168434,0.5231083766278452,0.04083205925531164
1-0,1-0,0.4263957913126006,0.5327983865486232,0.04080582213877614
1-0,1-0,0.43111898718174624,0.528059602003659,0.04082141081459483
1-0,1-0,0.43927460455966283,0.5198846803482937,0.04084071509204341
1-0,1-0,0.41754187227116907,0.5416820355938945,0.0407760921349366
1-0,1-0,0.4577439804936795,0.5003532969787063,0.0419027225276143
0-1,1-0,0.42318912733563757,0.5359669519786282,0.04084392068573427
1-0,1-0,0.4722788151209592,0.48676876843030126,0.040952416448739384
1-0,1-0,0.4188354692348306,0.5403532124628413,0.04081131830232812
0-1,0-1,0.5426356449734353,0.41617486262850567,0.041189492398059
0-1,1-0,0.4351679117971817,0.5239362925609258,0.04089579564189233
1-0,1-0,0.4423626267763332,0.516751499875301,0.04088587334836556
1-0,1-0,0.42160212928715207,0.537531698456821,0.04086617225602681
0-1,1-0,0.4151417064450801,0.5440491533987175,0.040809140156202635
0-1,1-0,0.42799610679548356,0.5311948050551921,0.04080908814932444
0-1,1-0,0.41600202849755097,0.5431583400538582,0.04083963144859098
0-1,1-0,0.4698452315240407,0.48921292330366606,0.04094184517229326
0-1,0-1,0.6395070642344468,0.3187840210268756,0.0417089147386776
1-0,1-0,0.4149708500655895,0.5442466292172667,0.0407825207171438
0-1,1-0,0.4761987889129506,0.482843337805675,0.040957873281374395
0-1,1-0,0.4263822723901844,0.5328357761492464,0.04078195146056924
1-0,1-0,0.4807989869342934,0.47817183137091784,0.04102918169478883
1/2-1/2,1-0,0.4698587862726529,0.48920943448035376,0.040931779246993254
1-0,1-0,0.4307176719611032,0.5284191668106409,0.04086316122825585
1-0,1-0,0.4139966598898497,0.5452589123221309,0.04074442778801963
1-0,1-0,0.4160486743682338,0.5431626019643337,0.04078872366743259
0-1,1-0,0.41417585335434676,0.5450798694301127,0.04074427721554081
1-0,1-0,0.4281274326059082,0.5310261651616305,0.040846402232461276
1-0,1-0,0.4479288469598494,0.5111720237676765,0.04089912927247389
0-1,1-0,0.4209017258163297,0.5382803946816123,0.04081787950205801
0-1,1-0,0.41747427867223796,0.5417155003723682,0.040810220955393765
0-1,1-0,0.4632278331562531,0.495780899680357,0.040991267163389834
0-1,1-0,0.4551297275281919,0.5039801404457341,0.04089013202607381
1-0,1-0,0.5118312773529068,0.44706398832114436,0.04110473432594862
0-1,1-0,0.4408318377032573,0.5182727083228513,0.04089545397389137
1-0,1-0,0.4580472038910721,0.5010056017498856,0.04094719435904228
1-0,1-0,0.4134554766518671,0.5457504415362349,0.04079408181189786
0-1,1-0,0.41344864570996853,0.5457381907939299,0.04081316349610139
1-0,1-0,0.4162727177204394,0.5429242518976494,0.04080303038191122
1-0,1-0,0.4560665544839234,0.5031065497503915,0.04082689576568509
1-0,1-0,0.4134478126543917,0.5457267308152024,0.040825456530405986
1-0,1-0,0.4211956643288063,0.5380000582307071,0.040804277440486904
1-0,1-0,0.48672154037228327,0.47228047714059673,0.04099798248711984
0-1,1-0,0.45193788376678723,0.507130984146774,0.04093113208643879
1-0,1-0,0.42416451714462294,0.535050890158458,0.04078459269691904
1-0,0-1,0.5288705845722715,0.42995156790221467,0.041177847525513754
1-0,1-0,0.4237324629162097,0.5354630087067571,0.04080452837703281
0-1,0-1,0.5801636006187255,0.3784185581799712,0.041417841201303374
0-1,1-0,0.4135008296786714,0.5456628992132659,0.040836271108062615
1-0,1-0,0.41230797439911754,0.5468554387193747,0.040836586881507674
1-0,1-0,0.42575469981693087,0.5334357991634127,0.040809501019656476
1-0,1-0,0.4832358172345767,0.4757897497680945,0.040974432997328745
0-1,1-0,0.4176727341054418,0.5414768273497446,0.040850438544813676
0-1,1-0,0.44589477757117046,0.5132443498396749,0.040860872589154905
1-0,1-0,0.41339128021528726,0.5458428655330415,0.040765854251670924
0-1,1-0,0.4457431763634437,0.513379789295246,0.040877034341310285
1-0,1-0,0.4761133162324255,0.4829799742853107,0.04090670948226358
0-1,1-0,0.43652666146419355,0.5226433334376188,0.04083000509818761
1-0,1-0,0.4731755153872568,0.4858723714163602,0.040952113196383165
0-1,1-0,0.4138818213260284,0.5452802161276422,0.04083796254632911
1-0,1-0,0.4762102836777485,0.4828046967290888,0.04098501959316263
0-1,1-0,0.42760546117998344,0.5315941298875875,0.040800408932428874
1-0,1-0,0.44238722632220967,0.5167747533362295,0.0408380203415608
1-0,1-0,0.417888955331282,0.5412570817746324,0.04085396289408555
1-0,1-0,0.41808574360994916,0.5411425901416229,0.040771666248427624
0-1,1-0,0.4244044719027878,0.5347992281557591,0.04079629994145313
0-1,1-0,0.45561498590248206,0.5034171616697046,0.040967852427813055
0-1,1-0,0.42794567750556345,0.5311933935160078,0.04086092897842854
0-1,1-0,0.41336580430964914,0.5458736550204535,0.04076054066989727
0-1,1-0,0.42246881378509576,0.5366717376626269,0.04085944855227745
1-0,1-0,0.4425679357296109,0.5165218274186504,0.04091023685173874
1-0,1-0,0.4229371942144122,0.5362167938328891,0.0408460119526985
0-1,1-0,0.4542327127671669,0.50487908286372,0.04088820436911306
0-1,0-1,0.5430823455012731,0.4156926884700199,0.04122496602870706
0-1,1-0,0.44650458767199697,0.5126338245507235,0.04086158777727972
1-0,0-1,0.5627486380565887,0.395914251014188,0.04133711092922323
0-1,1-0,0.4536481282152979,0.5054063777715642,0.04094549401313789
1-0,1-0,0.41880457646298586,0.5404225466655557,0.04077287687145859
1-0,1-0,0.4135721588210821,0.5455911231200634,0.040836718058854644
0-1,1-0,0.4144325990856879,0.5447744312717074,0.04079296964260489
1-0,1-0,0.4354001216800022,0.5237111625329146,0.04088871578708319
0-1,1-0,0.4134137059561547,0.5457886414933577,0.04079765255048752
0-1,1-0,0.4625395331010851,0.49648652971557355,0.04097393718334143
1-0,1-0,0.42192307600645806,0.5372757998772151,0.040801124116326574
1-0,1-0,0.49379060150603027,0.46507024330869234,0.041139155185277346
0-1,1-0,0.4139900369749693,0.5451862439223457,0.04082371910268498
1-0,1-0,0.4763981475981498,0.4825915888612078,0.041010263540642314
0-1,1-0,0.4261036836649481,0.5330235182275449,0.04087279810750685
1-0,1-0,0.40578714297117574,0.5534566287792062,0.04075622824961788
0-1,1-0,0.461170696565908,0.4978723146954446,0.04095698873864765
1-0,1-0,0.413184022978048,0.5459854220364276,0.04083055498552454
0-1,1-0,0.49459976772639197,0.4643619230577933,0.04103830921581488
1-0,1-0,0.4189709841665183,0.5402310152007372,0.04079800063274445
0-1,1-0,0.41882917681877674,0.5402397385957931,0.04093108458543022
0-1,1-0,0.4150665556596244,0.544153859279729,0.040779585060646474
0-1,1-0,0.4112231198507264,0.5479559453164456,0.04082093483282791
1-0,1-0,0.4159319833723255,0.5420280019165473,0.0420400147111271
1-0,1-0,0.42186776831026,0.537270540269986,0.040861691419754216
0-1,1-0,0.4442424326003503,0.5148709931557396,0.040886574243910304
1-0,1-0,0.4155235309672583,0.5436694127107757,0.040807056321966004
1-0,1-0,0.4287298177656294,0.5270540863234705,0.04421609591089984
0-1,1-0,0.4630183334489704,0.49602411915563754,0.040957547395392035
0-1,0-1,0.6102938531584562,0.3481022133927086,0.04160393344883543
1-0,1-0,0.4327544060741162,0.5264088850098898,0.040836708915993926
1-0,1-0,0.45321042301815595,0.5058886836361164,0.0409008933457278
1-0,1-0,0.41773184188395185,0.5415247885083032,0.040743369607745245
0-1,1-0,0.4187992693072749,0.5404266946494098,0.040774036043315164
0-1,1-0,0.4258231638460816,0.5333373987022835,0.04083943745163482
1-0,1-0,0.41928066025471755,0.5399495653661803,0.040769774379102175
0-1,1-0,0.42224322278727094,0.5369418587092766,0.04081491850345273
0-1,1-0,0.46746570531677445,0.4915936848729704,0.040940609810255074
1-0,1-0,0.419997319894323,0.5391640918825836,0.040838588223093275
1-0,0-1,0.6179998388789913,0.3403750803704724,0.041625080750536364
0-1,1-0,0.42378424203768333,0.5354205033269775,0.04079525463533924
1-0,1-0,0.4140366584693505,0.5465170493415005,0.03944629218914918
1/2-1/2,1-0,0.4325764358210195,0.5265417378793036,0.040881826299676904
1-0,1-0,0.42479578638156706,0.5343520883403846,0.04085212527804849
1-0,1-0,0.41337981978013577,0.5458593487979158,0.04076083142194852
0-1,1-0,0.51725084773179,0.4415908701510195,0.041158282117190546
1-0,1-0,0.4418568859786107,0.5172517582752121,0.04089135574617711
0-1,1-0,0.45088854640089643,0.5081780721294034,0.04093338146970031
1-0,0-1,0.5278147162698579,0.43105402723725167,0.04113125649289039
0-1,1-0,0.4477333620686139,0.5113300082428491,0.04093662968853679
0-1,1-0,0.44638936345237407,0.5126960943302685,0.04091454221735733
1-0,1-0,0.4622047872444846,0.49683945911699434,0.040955753638521164
0-1,1-0,0.43739001244724746,0.521689911159899,0.04092007639285349
0-1,1-0,0.414146109469091,0.5451086547199867,0.04074523581092246
0-1,1-0,0.43001067920785574,0.5291901371125975,0.040799183679546644
0-1,1-0,0.42630986414019156,0.5328859583533401,0.040804177506468066
1-0,1-0,0.42553013159840225,0.5335893152899257,0.040880553111672206
1-0,1-0,0.4314493739944016,0.5276606916056387,0.0408899343999598
0-1,1-0,0.4201748466558844,0.5389782203722586,0.04084693297185711
1-0,1-0,0.43324519827496144,0.5258627615280078,0.040892040197030695
0-1,1-0,0.44327133477680053,0.5158085794862708,0.040920085736928666
1/2-1/2,1-0,0.4201371554402957,0.5390250620029211,0.04083778255678325
0-1,1-0,0.4159926971878515,0.5432092551701548,0.040798047641993636
1-0,1-0,0.439220836523696,0.5198759683777169,0.040903195098587315
1/2-1/2,0-1,0.6068368391276305,0.35150488171807687,0.04165827915429285
0-1,1-0,0.45695209522813657,0.5021118975604592,0.04093600721140421
1-0,1-0,0.41994350741879416,0.539259821108997,0.040796671472208924
0-1,1-0,0.45959383468744675,0.4995064301835838,0.040899735128969425
0-1,1-0,0.46236405636018396,0.4966558196830094,0.0409801239568065
1-0,1-0,0.3944668147294901,0.5646452848667826,0.04088790040372734
0-1,1-0,0.41478468603098323,0.5444560674757797,0.040759246493237054
0-1,1-0,0.4242238312033923,0.5349941398484986,0.040782028948108916
1-0,1-0,0.4117181305181171,0.5475039934352145,0.040777876046668306
1-0,0-1,0.5326647796028594,0.4261352528211851,0.04119996757595565
1-0,0-1,0.55407806589391,0.4046154716356314,0.04130646247045855
1-0,1-0,0.4740839504413602,0.48491060081375503,0.04100544874488487
1-0,1-0,0.46095886606152847,0.4981187478703587,0.04092238606811256
1-0,1-0,0.4014613533273423,0.5559697655812001,0.04256888109145766
0-1,1-0,0.4215604434681083,0.5375812931556587,0.04085826337623258
0-1,1-0,0.41996813193480564,0.5392643675048675,0.04076750056032699
1-0,1-0,0.41435983135869414,0.5448718890933021,0.04076827954800379
0-1,0-1,0.5455956995086789,0.4132122669390816,0.041192033552239625
1-0,1-0,0.4160523846727426,0.5431166311230365,0.04083098420422073
0-1,1-0,0.475386615579795,0.4836637798928334,0.0409496045273714
0-1,1-0,0.42878487213139777,0.5303691065770332,0.040846021291569175
0-1,1-0,0.41452981908286574,0.5446518174576983,0.040818363459435875
0-1,1-0,0.415238927154933,0.5439963618060857,0.0407647110389814
1-0,1-0,0.42247880927357284,0.5367097153908565,0.04081147533557053
0-1,1-0,0.41714731369366775,0.5420479456127351,0.04080474069359704
0-1,1-0,0.4128564148801381,0.5463590014419158,0.040784583677945865
1-0,1-0,0.4405721319602132,0.518538501428287,0.04088936661149956
1-0,1-0,0.4633094686068189,0.49577518316137237,0.04091534823180879
1-0,1-0,0.4373063453504362,0.5217895970322007,0.040904057617363175
1-0,1-0,0.41600053741734827,0.5431879119037684,0.040811550678883646
1-0,1-0,0.439919382663882,0.5192405860383056,0.04084003129781221
0-1,1-0,0.45436388919402065,0.5047262418341615,0.04090986897181785
1-0,1-0,0.4577248836707841,0.5013345516605463,0.04094056466866966
1-0,1-0,0.44163771050623607,0.5174972953966006,0.040864994097163265
1-0,1-0,0.5030623297202497,0.4558802638977816,0.04105740638196843
0-1,0-1,0.6202132974172269,0.3382685844164382,0.041518118166335084
0-1,1-0,0.4418144539125612,0.5173222282645429,0.040863317822895616
0-1,1-0,0.4296607433465482,0.5295292645553913,0.04080999209806054
1-0,1-0,0.42159263805099323,0.5376377480803826,0.04076961386862415
1-0,1-0,0.42849203654405443,0.5306764849139717,0.04083147854197405
1-0,1-0,0.4132265011844489,0.5459518980333423,0.04082160078220863
0-1,1-0,0.4173611024398464,0.5418728854034186,0.040766012156735434
1-0,1-0,0.42111959852137276,0.5380200111356761,0.04086039034295107
0-1,0-1,0.5489065274972496,0.4098771487456289,0.041216323757121386
0-1,1-0,0.4144616199136206,0.5447807560538726,0.04075762403250665
1-0,1-0,0.5020857718840452,0.4568106976356597,0.04110353048029505
0-1,1-0,0.49134020888083624,0.467628140071327,0.04103165104783676
0-1,1-0,0.4767709481138535,0.4822429321838068,0.040986119702339535
1-0,1-0,0.5071023009278296,0.4517956611715042,0.04110203790066615
0-1,0-1,0.6380782701740263,0.3202240678063457,0.04169766201962791
0-1,1-0,0.44103181096387006,0.5181401500814878,0.04082803895464209
0-1,0-1,0.5599295093379537,0.3987875037815564,0.04128298688048984
1-0,1-0,0.492031900413227,0.4669439047758462,0.04102419481092695
0-1,1-0,0.4185212647992829,0.5406628251088331,0.0408159100918839
1-0,1-0,0.4820374644181219,0.4769622844778276,0.04100025110405055
0-1,1-0,0.5154451095590731,0.44346289519665866,0.04109199524426827
1-0,0-1,0.5639170927643623,0.3946470380089107,0.04143586922672691
1-0,1-0,0.520203399902439,0.43868872697275646,0.04110787312480442
1-0,1-0,0.4230158207157682,0.5361867800726526,0.040797399211578954
0-1,1-0,0.4251787724371591,0.5340312467624406,0.040789980800400256
0-1,1-0,0.43994520800337755,0.5191442280017193,0.04091056399490309
0-1,1-0,0.41753870951031297,0.541657098860011,0.040804191629676
0-1,1-0,0.41421016985305525,0.5449894111000668,0.04080041904687799
0-1,1-0,0.41832438561046414,0.5408558592087472,0.04081975518078879
0-1,0-1,0.5597483006227908,0.3989396781149271,0.04131202126228203
0-1,1-0,0.42789805794415275,0.5312294622050201,0.040872479850827204
0-1,1-0,0.4307274609888535,0.5283890607004393,0.040883478310706885
0-1,1-0,0.4985749651554669,0.46037504806398216,0.0410499867805511
0-1,1-0,0.4142252581964322,0.5446317749783602,0.041142966825207544
0-1,1-0,0.40608051335035067,0.5454166143884286,0.04850287226122043
0-1,1-0,0.4732079477445983,0.48584119709444196,0.04095085516096002
1-0,1-0,0.4235240191700061,0.5356243832741668,0.04085159755582661
0-1,1-0,0.41582272817529303,0.5433920944013383,0.040785177423368894
0-1,1-0,0.42610777070122174,0.5330577055518314,0.0408345237469466
0-1,1-0,0.4124175913314371,0.5468131957507798,0.04076921291778313
1-0,1-0,0.41755628828639685,0.5416292733858887,0.04081443832771465
1-0,1-0,0.45334432394103413,0.5057089891286337,0.0409466869303322
1-0,1-0,0.4224358956255722,0.5367374469825913,0.040826657391836156
1-0,1-0,0.427380768580436,0.5424957768794523,0.030123454540111817
0-1,1-0,0.41361605828963444,0.5456110888807713,0.0407728528295941
0-1,1-0,0.41436792362647556,0.544821180205041,0.04081089616848342
0-1,1-0,0.4330163444905771,0.5261554941249574,0.04082816138446531
0-1,1-0,0.47587693314633517,0.4831650852551805,0.0409579815984843
1-0,1-0,0.4085970559872944,0.5506328330224465,0.04077011099025896
1-0,1-0,0.4299527162475837,0.5292351176565824,0.040812166095833824
1-0,1-0,0.4363570160195665,0.5227709303802951,0.04087205360013828
0-1,1-0,0.4630648111617833,0.5036596279382308,0.03327556089998588
1-0,1-0,0.4084269129718385,0.5390952865284753,0.05247780049968626
0-1,1-0,0.46263781499782025,0.4965110301683277,0.040851154833852
0-1,1-0,0.42872458740158104,0.5304022131285916,0.04087319946982709
1-0,1-0,0.42229657113446384,0.5368536314349889,0.040849797430547195
0-1,1-0,0.4905249547361703,0.4684695792592559,0.04100546600457387
1-0,1-0,0.43129139666322774,0.5278864704501506,0.04082213288662128
0-1,1-0,0.4556382458894943,0.5034441973342885,0.04091755677621731
0-1,0-1,0.600900748230375,0.35757814107018787,0.041521110699436974
1-0,1-0,0.43638113241660387,0.5227484991740466,0.04087036840934925
1-0,1-0,0.4130904839838502,0.5461519124189538,0.04075760359719606
0-1,1-0,0.42885367255642437,0.5302656602377973,0.0408806672057783
1-0,1-0,0.4051693218503062,0.5540656866200871,0.04076499152960656
0-1,1-0,0.44914408091572944,0.5099811906492357,0.04087472843503483
1-0,1-0,0.47159781233993253,0.4874443597434725,0.04095782791659533
1-0,1-0,0.4144511138899739,0.5448040925277253,0.04074479358230077
1-0,1-0,0.4138448378608545,0.5453388262617627,0.040816335877382814
1-0,1-0,0.4199570801083909,0.5392692830432145,0.04077363684839451
1-0,1-0,0.42318447542319026,0.5485371957164085,0.028278328860401353
1-0,1-0,0.4135778897340272,0.5565398652871371,0.029882244978835723
1-0,1-0,0.4209552478906781,0.5458702104519018,0.0331745416574203
1/2-1/2,1-0,0.4263293942863441,0.5328080798857887,0.04086252582786727
0-1,1-0,0.46053581427432944,0.49854238541434126,0.040921800311329436
0-1,1-0,0.41451437636368715,0.5446961238532831,0.04078949978302985
1-0,1-0,0.42399918662435393,0.535157025699834,0.04084378767581187
0-1,0-1,0.5300339850029104,0.4288006830303357,0.0411653319667538
0-1,1-0,0.4142821948998789,0.5449367264072142,0.04078107869290668
1/2-1/2,1-0,0.444584547915371,0.5145680208649503,0.04084743121967861
0-1,1-0,0.41461010664757875,0.5445609512366845,0.0408289421157367
0-1,1-0,0.4404421074737829,0.5186431548217811,0.040914737704436044
1-0,1-0,0.5093679477682133,0.4495456815141967,0.0410863707175901
0-1,1-0,0.4189323661853152,0.5402785849015398,0.04078904891314489
0-1,1-0,0.42227128844125855,0.5369388208388597,0.0407898907198819
1-0,1-0,0.4193248387892923,0.5398306629954848,0.04084449821522311
1-0,1-0,0.4216338314675321,0.5375258250023334,0.04084034353013445
1-0,0-1,0.5608133257173321,0.3979035026289099,0.04128317165375783
0-1,1-0,0.41522069715048876,0.5440182044344146,0.040761098415096786
1-0,1-0,0.4706200669273235,0.4884368672544137,0.04094306581826268
0-1,1-0,0.4230705644918795,0.5361412875754568,0.04078814793266358
0-1,1-0,0.4297003716459596,0.5294383864408156,0.04086124191322499
1-0,1-0,0.42059907093041615,0.5386402024093787,0.04076072666020528
0-1,1-0,0.4288772693964694,0.5302408141611066,0.040881916442424136
1-0,1-0,0.4408971354168325,0.5182599823104229,0.04084288227274447
0-1,1-0,0.46945992689983074,0.48959990384152885,0.04094016925864023
1-0,1-0,0.4541742375882958,0.5049381785087363,0.04088758390296776
1-0,1-0,0.5019706632465629,0.4569513193211828,0.0410780174322541
1-0,1-0,0.41381155611248616,0.5454113863759812,0.04077705751153253
0-1,1-0,0.41432879176636483,0.5448963171695749,0.04077489106406027
1/2-1/2,1-0,0.429667585940709,0.529534660421544,0.040797753637746854
1-0,1-0,0.4298148868414556,0.5293797967757118,0.04080531638283274
0-1,1-0,0.4289231873120963,0.5302671166023565,0.040809696085547534
1-0,1-0,0.4429709579104313,0.5161738141440817,0.040855227945486926
0-1,0-1,0.5457165178713641,0.41301055322444225,0.04127292890419363
1-0,1-0,0.41564510645636327,0.5435382519936173,0.04081664155001945
1-0,1-0,0.44509289866326385,0.5140000310461376,0.040907070290598715
1/2-1/2,1-0,0.45498922998970537,0.5041269465709273,0.04088382343936709
1-0,0-1,0.5569720765651631,0.40177299975226677,0.041254923682570055
0-1,1-0,0.4377174588633905,0.5214463204942955,0.04083622064231422
0-1,1-0,0.44211178721439637,0.517006150875725,0.04088206190987855
1-0,1-0,0.4711026102734928,0.4879557920832897,0.04094159764321728
1-0,1-0,0.47374344503963073,0.48526698910880556,0.040989565851563915
0-1,0-1,0.5460788792909924,0.4126720457277781,0.041249074981229455
1-0,1-0,0.4211222959843679,0.5380442078786782,0.04083349613695393
0-1,1-0,0.4735984977787323,0.4854038754199246,0.04099762680134281
1-0,1-0,0.42826439317213233,0.5309233508645285,0.04081225596333888
1-0,1-0,0.4140275592855235,0.5452027689800534,0.04076967173442346
0-1,1-0,0.41366796252345367,0.545500967835861,0.04083106964068538
0-1,0-1,0.6106631907548091,0.3477354221830358,0.04160138706215519
0-1,1-0,0.4140475624444458,0.5451762594396499,0.040776178115904185
1-0,1-0,0.4131785611052426,0.5461373190113327,0.040684119883424436
1-0,1-0,0.5029198938800197,0.4559847732226475,0.04109533289733289
1-0,1-0,0.41727481196711386,0.5417991157228398,0.04092607231004628
0-1,1-0,0.45278448392518034,0.5063364404717792,0.0408790756030409
0-1,1-0,0.41441998001213803,0.5448204818413541,0.04075953814650791
0-1,1-0,0.4930474648344472,0.46593554207217674,0.04101699309337579
1-0,1-0,0.41662374727365054,0.5425307868196911,0.04084546590665832
0-1,1-0,0.41408182228596147,0.5451091538308038,0.04080902388323463
1-0,1-0,0.4144541843176506,0.5447678548449155,0.040777960837433985
0-1,1-0,0.42688371689523863,0.5322790022023077,0.04083728090245382
0-1,1-0,0.4749566936988857,0.4840925732447562,0.04095073305635821
1-0,1-0,0.4626369364826802,0.4964340629927443,0.04092900052457522
1-0,1-0,0.41372532336787976,0.5455103316495247,0.04076434498259566
0-1,1-0,0.5161952875788269,0.4429638936084698,0.040840818812703454
0-1,1-0,0.46585789307976594,0.49318632622905795,0.04095578069117623
1-0,1-0,0.4402769247621648,0.5188763666821734,0.04084670855566189
0-1,1-0,0.42174032056941063,0.5374576719957742,0.0408020074348152
1-0,1-0,0.42812540585642894,0.5310646267406044,0.040809967402966475
1-0,0-1,0.6339544472636135,0.32428542147574096,0.04176013126064557
0-1,1-0,0.4374832185043397,0.5216904231383218,0.04082635835733833
0-1,1-0,0.4155765643884234,0.5436252778042197,0.04079815780735708
1/2-1/2,0-1,0.5708927862123021,0.3877779086611196,0.041329305126578376
0-1,1-0,0.4133290604832933,0.545843791680806,0.040827147835900725
0-1,1-0,0.4690124538191414,0.49002483029310295,0.040962715887756046
0-1,1-0,0.4220666722558659,0.5378362322502448,0.04009709549388942
0-1,0-1,0.5360944343905985,0.4226891881397178,0.0412163774696835
1-0,1-0,0.4640925729376325,0.49498903240400116,0.04091839465836642
0-1,1-0,0.472855768944877,0.48618619879328556,0.0409580322618374
1-0,1-0,0.4273502859270038,0.5317659352866145,0.04088377878638177
1-0,1-0,0.40276701699546696,0.5561188666790552,0.04111411632547789
0-1,1-0,0.43957725457386015,0.51951726531594,0.04090548011019996
1-0,1-0,0.5048929810209338,0.45400619134827075,0.041100827630795485
1-0,1-0,0.4454044251606672,0.5136593746252779,0.040936200214054974
0-1,1-0,0.44925107764734096,0.509845435469358,0.04090348688330122
1-0,1-0,0.41334218700303005,0.5458227674263328,0.040835045570636906
1-0,1-0,0.4272894453182673,0.531830584615808,0.04087997006592471
0-1,1-0,0.47462377377467424,0.4844201437844001,0.04095608244092549
1-0,0-1,0.5352724832584771,0.42355487304908074,0.04117264369244242
1-0,1-0,0.4247991474000237,0.5343278515597223,0.04087300104025386
0-1,1-0,0.4200591210999693,0.5391866461865845,0.04075423271344617
1-0,1-0,0.4361990344914318,0.5229720991228132,0.040828866385754954
0-1,1-0,0.42122935488542285,0.5379162727126569,0.0408543724019207
1-0,1-0,0.4144200360571147,0.5447389993378707,0.04084096460501486
0-1,1-0,0.4316261329105656,0.5275331678028476,0.04084069928658669
0-1,1-0,0.4379565959884491,0.5211901632601291,0.04085324075142193
1-0,1-0,0.4719748566645581,0.4870684964347547,0.04095664690068728
0-1,1-0,0.41331678515052483,0.5459108446873154,0.04077237016215983
1-0,1-0,0.42045364521206713,0.5387516849639901,0.04079466982394297
0-1,1-0,0.4137437730535371,0.5454107920149129,0.04084543493154977
1-0,0-1,0.536033262269543,0.42277114425600043,0.0411955934744566
0-1,1-0,0.41403142896908507,0.5451884495193159,0.040780121511598905
1-0,1-0,0.4104211988386997,0.5487712177218924,0.040807583439407796
1-0,1-0,0.4189080793773477,0.5401002582586562,0.04099166236399617
0-1,1-0,0.5061263351905564,0.45276339306963514,0.04111027173980838
0-1,1-0,0.43307259528183023,0.5260636783040402,0.040863726414129775
0-1,1-0,0.42024430014351855,0.5389011601960543,0.04085453966042696
0-1,1-0,0.4774709716512739,0.48151441156414954,0.04101461678457673
1-0,0-1,0.5550597758668552,0.40367786117973764,0.04126236295340744
1-0,1-0,0.4823121845551782,0.4767014984538804,0.04098631699094144
1-0,1-0,0.43152134057391245,0.5276476325274206,0.04083102689866687
0-1,0-1,0.6080401589104776,0.35038813010392245,0.04157171098559997
1-0,1-0,0.41271201253114354,0.5464671158978996,0.04082087157095676
1-0,1-0,0.41428357234208607,0.5449451377102594,0.04077128994765432
1-0,1-0,0.4204484377461622,0.5387704919268373,0.040781070327000436
0-1,1-0,0.4943548252864726,0.4645728437253671,0.04107233098816019
1-0,1-0,0.42096791806987605,0.5381886870375058,0.040843394892617894
1-0,1-0,0.47058104482771496,0.4884831890715831,0.04093576610070206
1-0,1-0,0.5195100362701963,0.43758862112233887,0.04290134260746497
0-1,0-1,0.5877655434604137,0.3680390960417921,0.0441953604977942
0-1,1-0,0.4147076551434694,0.5445324440692857,0.040759900787244875
1-0,1-0,0.445515220198079,0.5135407154624556,0.0409440643394655
0-1,1-0,0.41316426233975434,0.5460741903354814,0.04076154732476427
0-1,1-0,0.41616149404668207,0.5429906493896257,0.04084785656369229
0-1,1-0,0.42616961409731774,0.5329517930763212,0.04087859282636104
1-0,0-1,0.602683882178497,0.3558469982849723,0.0414691195365308
0-1,1-0,0.44170097638371864,0.5174021393150431,0.040896884301238376
1-0,1-0,0.44021436318300194,0.5189266844634323,0.0408589523535658
1-0,1-0,0.4494359069918712,0.5096364235435943,0.04092766946453481
1-0,1-0,0.4138162963247551,0.5454266416558022,0.040757062019442576
0-1,1-0,0.4524076307250426,0.506714091794579,0.040878277480378346
1-0,1-0,0.423524687164884,0.5356689472890616,0.040806365546054255
1-0,1-0,0.45082409261777107,0.5082923717879019,0.04088353559432699
0-1,1-0,0.42615985754054414,0.5329992790585637,0.04084086340089214
0-1,1-0,0.43563537736173713,0.5235048232111476,0.040859799427115255
0-1,1-0,0.4152675693626385,0.5439714048347848,0.04076102580257692
0-1,1-0,0.4236428461132926,0.5355520509126447,0.04080510297406266
0-1,0-1,0.522265977859384,0.43657394412050765,0.041160078020108244
1-0,1-0,0.4163635816184755,0.5428470248406188,0.040789393540905904
0-1,1-0,0.41537273969474986,0.5437857520315431,0.04084150827370707
1-0,1-0,0.44076623814391713,0.5183698434435335,0.04086391841254944
1-0,1-0,0.41338390865017205,0.5457885717826187,0.0408275195672094
1-0,1-0,0.4123729145620421,0.5467909934862298,0.04083609195172799
0-1,1-0,0.4691433166100947,0.48991497355091523,0.040941709838989856
1-0,1-0,0.41747048805073883,0.5416931643823636,0.04083634756689762
0-1,1-0,0.4142014169893607,0.5449876828414078,0.040810900169231626
0-1,0-1,0.5786379267277035,0.3800027658818358,0.04135930739046103
1-0,1-0,0.42487275167587796,0.5343438036609998,0.04078344466312227
0-1,1-0,0.431891082904114,0.5272773037743809,0.040831613321505214
0-1,1-0,0.4178318644827062,0.5413185018516239,0.0408496336656699
0-1,1-0,0.4170915108759446,0.5420969849693043,0.04081150415475098
0-1,0-1,0.624468274000674,0.3338639580694455,0.041667767929880604
1-0,1-0,0.42939980202115213,0.529757867849067,0.04084233012978117
0-1,1-0,0.4987449481902607,0.46022783589571137,0.041027215914027845
0-1,1-0,0.44329936435720846,0.5158280277358993,0.04087260790689227
1-0,1-0,0.42731747396964637,0.5318419279520731,0.04084059807828069
0-1,1-0,0.4930156833875722,0.46595311799316397,0.041031198619263784
0-1,1-0,0.46851696309966673,0.4905015977419663,0.040981439158366856
1-0,0-1,0.5381929695273531,0.4206259118886705,0.04118111858397629
0-1,1-0,0.4147036606967743,0.5444553795401271,0.04084095976309854
1/2-1/2,0-1,0.5603976372764298,0.398338168024513,0.04126419469905749
1-0,1-0,0.46169382315130336,0.4973805969158116,0.040925579932885085
1-0,1-0,0.5177227403650492,0.4411626709813646,0.04111458865358637
1-0,1-0,0.419217338164108,0.5399244180726055,0.04085824376328641
0-1,1-0,0.4171550974841891,0.5420519967196784,0.04079290579613236
0-1,0-1,0.5437024259792822,0.4151019183853034,0.04119565563541431
1-0,1-0,0.442572694731025,0.5165323692896201,0.04089493597935487
0-1,1-0,0.415167531000644,0.5440558187814857,0.040776650217870365
1-0,1-0,0.4131891285546249,0.546026848546824,0.04078402289855083
0-1,1-0,0.46094471348310495,0.4981513960005243,0.040903890516370486
0-1,1-0,0.503803295062079,0.4551363100800139,0.04106039485790707
0-1,1-0,0.42983833339090416,0.5293266600468225,0.04083500656227345
0-1,1-0,0.44744114959457176,0.5116340761617691,0.040924774243659104
1-0,1-0,0.4191667081936632,0.5400557554354553,0.04077753637088113
0-1,1-0,0.4227995469008217,0.536423961347147,0.04077649175203126
1-0,1-0,0.48952064608593704,0.46942548435702347,0.04105386955703965
1-0,1-0,0.4206037191473641,0.5385686829967424,0.04082759785589314
1/2-1/2,1-0,0.4129117550485187,0.5462933138472529,0.0407949311042284
1-0,0-1,0.6145145135466654,0.34387580753772456,0.04160967891560999
0-1,1-0,0.4402007346132168,0.5189376352900062,0.040861630096776805
0-1,1-0,0.4609067211622599,0.498124329281785,0.040968949555955154
0-1,1-0,0.49018450952045894,0.4687806988422491,0.04103479163729203
0-1,1-0,0.41960068384169685,0.5396527486301995,0.04074656752810386
0-1,1-0,0.4226417039947273,0.5365051780380078,0.0408531179672653
1-0,1-0,0.48126037722269427,0.4777550338827955,0.04098458889451011
0-1,1-0,0.42532392453135004,0.5338973882490604,0.04077868721958964
1-0,1-0,0.47319607089352544,0.48584796749275344,0.04095596161372123
1-0,1-0,0.4146283624855409,0.5445961836287961,0.04077545388566278
1-0,1-0,0.41541600975248544,0.5438270606795637,0.04075692956795082
1-0,1-0,0.4295685988005086,0.5295602356525574,0.040871165546934145
0-1,1-0,0.4137739437699912,0.5454544377502945,0.0407716184797144
1-0,1-0,0.41546831614142765,0.5437692435391769,0.04076244031939536
0-1,1-0,0.4469779867618291,0.512182181611724,0.040839831626446714
1-0,1-0,0.41916676157133387,0.5400341333952867,0.04079910503337961
1-0,0-1,0.5280182975799012,0.4307742125810399,0.041207489839058996
0-1,1-0,0.41824590097918296,0.5409905827267308,0.04076351629408638
0-1,1-0,0.41404664719789275,0.5451851591154111,0.04076819368669623
1-0,1-0,0.4137288844009147,0.5454337817963303,0.04083733380275475
0-1,1-0,0.49540472027198995,0.4635627871233546,0.04103249260465544
1-0,1-0,0.42160290633901454,0.537603048627031,0.040794045033954306
0-1,1-0,0.4154378258864707,0.5437747629804887,0.04078741113304074
0-1,1-0,0.446594467643293,0.5124858027784959,0.04091972957821123
1-0,0-1,0.6239775553037624,0.33446175319204824,0.04156069150418966
0-1,1-0,0.4604389825523438,0.49861931757284755,0.04094169987480871
0-1,1-0,0.4147361502384547,0.5444996457429045,0.04076420401864073
0-1,1-0,0.4150399953724202,0.5441827842285102,0.040777220399069745
1-0,1-0,0.4258455159145423,0.5332616314235666,0.040892852661890855
0-1,1-0,0.4859406057507742,0.47302479319823576,0.04103460105099022
0-1,1-0,0.4231242930255362,0.5360489713823956,0.04082673559206826
1-0,1-0,0.49107528389225213,0.46786931891612965,0.04105539719161824
0-1,1-0,0.42065996163694275,0.5385528064864354,0.04078723187662167
0-1,1-0,0.4158816533133714,0.5433511462573546,0.040767200429273884
0-1,1-0,0.43179387226226756,0.5273528546515629,0.04085327308616932
0-1,1-0,0.46012031060916847,0.4989773828621381,0.04090230652869312
0-1,1-0,0.41297560536435507,0.5461935037676728,0.04083089086797215
1-0,1-0,0.520155642616882,0.43871635708693035,0.04112800029618776
0-1,1-0,0.4562091004304363,0.5028785875650134,0.040912312004550165
0-1,1-0,0.42358662768183125,0.5356390734872184,0.04077429883095019
0-1,1-0,0.44636886014208527,0.5127049826901618,0.04092615716775281
0-1,1-0,0.45258026679410135,0.5064783354332476,0.04094139777265103
1-0,1-0,0.41572884401988613,0.5435199129265978,0.04075124305351582
0-1,0-1,0.5327824844870422,0.4259895254498073,0.041227990063150456
0-1,1-0,0.42553973754997915,0.5335981337206261,0.04086212872939485
1-0,1-0,0.41933476670189707,0.5395568003287035,0.041108432969399415
1-0,1-0,0.42315357331403075,0.5359947083062411,0.04085171837972822
1-0,1-0,0.4499318333972874,0.5091657290142738,0.04090243758843874
1-0,1-0,0.41765793359308323,0.5415304985040972,0.04081156790281957
0-1,1-0,0.45542738174515407,0.5036849807753866,0.04088763747945951
1-0,1-0,0.4143674389683389,0.5448410190463105,0.040791541985350545
0-1,1-0,0.4138514586429346,0.5453815182718144,0.04076702308525086
0-1,1-0,0.4413354544229612,0.5178268149394757,0.040837730637563296
1-0,1-0,0.4238175485646993,0.5353853075072607,0.04079714392803995
0-1,1-0,0.45386386573491394,0.5051988128532976,0.04093732141178857
1-0,1-0,0.4600354901786336,0.49906319478456274,0.04090131503680351
1-0,1-0,0.4230275346428494,0.536191820506144,0.0407806448510065
1-0,1-0,0.414668522647116,0.5445411793602268,0.04079029799265725
1-0,1-0,0.41532602068030827,0.5438468500620363,0.04082712925765549
1-0,1-0,0.4305790428672084,0.5278702291993203,0.04155072793347136
0-1,1-0,0.4612014908111289,0.4978678888753221,0.040930620313549056
1-0,0-1,0.5379271044015662,0.42085299119676206,0.0412199044016717
1-0,1-0,0.4809759048691636,0.4780029632863903,0.04102113184444628
1-0,1-0,0.4305156972591993,0.5283004691780641,0.04118383356273664
0-1,1-0,0.5098181805862134,0.44905102951156456,0.041130789902221944
1-0,1-0,0.41961797026947495,0.5395794147864148,0.040802614944110284
1-0,1-0,0.4327238875938457,0.526445915297763,0.04083019710839117
1-0,1-0,0.44610870017463927,0.5130089126086518,0.04088238721670903
0-1,0-1,0.5277722523650386,0.4311197959202661,0.0411079517146951
1-0,1-0,0.42717077427392597,0.5320279366938422,0.04080128903223177
1/2-1/2,1-0,0.4312551574680286,0.5278866382431182,0.040858204288853034
0-1,0-1,0.580338866610463,0.37823322495188216,0.04142790843765494
0-1,1-0,0.41322317699617767,0.5459569554629086,0.04081986754091382
0-1,1-0,0.4791625800351172,0.4798574024374716,0.040980017527411025
0-1,1-0,0.5091843969902842,0.44970713840117027,0.041108464608545704
1-0,1-0,0.47600504623854667,0.48298683144134,0.04100812232011332
0-1,1-0,0.4714033722709909,0.4876117577421686,0.040984869986840304
0-1,0-1,0.5285797765263771,0.4302167085732581,0.041203514900364724
1-0,1-0,0.415450992821006,0.5437421947201391,0.04080681245885492
1-0,1-0,0.4239664617414788,0.5352260606108301,0.04080747764769104
1-0,1-0,0.41372600960785894,0.5455066037200238,0.040767386672117364
0-1,1-0,0.4341833454919468,0.5249512805383906,0.04086537396966253
1-0,1-0,0.4960061995365242,0.46292102486918674,0.041072775594289165
1-0,0-1,0.5756753397013168,0.3829793256556222,0.04134533464306064
1-0,1-0,0.4058445303213092,0.538055236071839,0.0561002336068519
1-0,1-0,0.4321528142113867,0.5270367991904147,0.04081038659819874
1/2-1/2,1-0,0.44198290963319864,0.5171633053649549,0.040853785001846395
0-1,1-0,0.43064489808574785,0.5285423624884291,0.040812739425823176
1-0,1-0,0.4141261962683296,0.5451008748892101,0.0407729288424603
0-1,0-1,0.5646593271005363,0.39399251784139405,0.041348155058069595
0-1,1-0,0.46798449576706613,0.4910409307726631,0.040974573460271224
0-1,1-0,0.421350405277979,0.5379426214915775,0.04070697323044359
0-1,1-0,0.41352920547607946,0.5456343480296578,0.04083644649426245
0-1,0-1,0.5921438600378117,0.3663652891542917,0.04149085080789665
0-1,1-0,0.46035339061571057,0.4987420925916817,0.04090451679260787
1-0,1-0,0.41910161194789475,0.5400851200300166,0.040813268022088664
1-0,1-0,0.4300228028665088,0.5291656299196957,0.04081156721379528
1-0,1-0,0.47944346921434766,0.4795845211085914,0.0409720096770611
1-0,1-0,0.39600421823387444,0.5634314207826709,0.04056436098345451
1-0,1-0,0.4382091471141663,0.5209247949982355,0.04086605788759828
1-0,1-0,0.42455493429046837,0.5346682320702977,0.0407768336392341
0-1,1-0,0.4432933497015753,0.5158562506223473,0.04085039967607739
0-1,1-0,0.4319457819202205,0.5272390343043465,0.040815183775432945
0-1,1-0,0.41707895777749354,0.5420891251228408,0.0408319170996657
1-0,1-0,0.4618949637683058,0.49713827317867154,0.04096676305302243
1-0,1-0,0.44704471591496414,0.5120286451865397,0.04092663889849602
1-0,1-0,0.455009978266645,0.504093769379593,0.04089625235376168
1-0,1-0,0.4714855974075649,0.48751649829068516,0.04099790430175005
0-1,1-0,0.43040217026405797,0.5288130237658465,0.0407848059700957
1-0,1-0,0.4186004504840044,0.5405899273532146,0.04080962216278113
1-0,1-0,0.4419822892531323,0.5171536657421585,0.04086404500470923
1-0,1-0,0.4262602857882021,0.5328812711689177,0.04085844304287985
1-0,1-0,0.45779188598074166,0.5012994269822919,0.04090868703696646
1-0,0-1,0.6415718750981486,0.31659137445571284,0.04183675044613849
0-1,1-0,0.4475369011057744,0.511575609643669,0.04088748925055645
1-0,1-0,0.503859133119368,0.45506184587631787,0.04107902100431422
1-0,1-0,0.50888699633423,0.45004942325317476,0.04106358041259514
0-1,0-1,0.5444668720674355,0.41432315147959176,0.041209976452972724
1-0,1-0,0.41498188735000585,0.5441858335544557,0.04083227909553819
0-1,1-0,0.4189555227619579,0.5402797471930395,0.040764730045002764
1-0,1-0,0.4505888392139543,0.5084776569459081,0.04093350384013737
1-0,0-1,0.5922828290055069,0.36635276546359696,0.041364405530896195
1-0,1-0,0.43950470374416967,0.5196565609997508,0.04083873525607979
1-0,1-0,0.42124041093747294,0.5379375498950884,0.04082203916743867
0-1,0-1,0.6445488113600245,0.313393911135484,0.042057277504491716
0-1,1-0,0.41551737730950306,0.5436797420223458,0.04080288066815123
0-1,1-0,0.4554732663779691,0.503638580893165,0.040888152728865805
1-0,1-0,0.4145996889797275,0.544585496080056,0.040814814940216416
1-0,0-1,0.5900259419950962,0.36856988427211984,0.04140417373278414
1-0,1-0,0.423695667848645,0.5354814745066134,0.040822857644741715
0-1,1-0,0.43674412018741554,0.5224255726886035,0.04083030712398099
0-1,0-1,0.6273145574164373,0.3310214743095644,0.041663968273998236
1-0,1-0,0.42078355607009443,0.5383515156671662,0.040864928262739166
1-0,1-0,0.4266756749984054,0.5324900084989834,0.04083431650261118
1-0,1-0,0.4292325018513864,0.5299626858250257,0.04080481232358806
0-1,1-0,0.4178467409748415,0.5413924033235336,0.040760855701625014
1-0,1-0,0.47939249971365233,0.4795547193132892,0.04105278097305847
1-0,1-0,0.4589570523978368,0.5001389633273432,0.04090398427481977
1/2-1/2,1-0,0.44091287147923086,0.5181955398006494,0.0408915887201197
0-1,0-1,0.6213321340799347,0.3369282188104709,0.04173964710959444
0-1,1-0,0.41696715853951494,0.5422549158662114,0.040777925594273644
0-1,1-0,0.4305611551322052,0.5285476356220244,0.04089120924577013
1-0,1-0,0.4194229906750265,0.5397159401997782,0.04086106912519529
0-1,1-0,0.5004036406650458,0.4585173883914266,0.04107897094352759
1-0,1-0,0.4095655322446305,0.5396018273041951,0.050832640451174464
1-0,1-0,0.42179037314462026,0.5374485917548866,0.040761035100493344
1-0,1-0,0.4276398726905701,0.5314802431882406,0.040879884121189196
1/2-1/2,1-0,0.4388420010398272,0.5202392807345408,0.04091871822563161
1-0,1-0,0.4532720956974356,0.505782341212276,0.04094556309028838
0-1,1-0,0.42659366403666066,0.5326026644527466,0.04080367151059266
0-1,0-1,0.5600312070288058,0.39868261348898554,0.04128617948220869
1-0,1-0,0.44399434821500056,0.5151592825163713,0.04084636926862801
0-1,1-0,0.415935507177457,0.5432806463650397,0.04078384645750339
0-1,1-0,0.4161312348311424,0.5430312781806148,0.0408374869882428
0-1,1-0,0.41479416555681353,0.5444656369573563,0.04074019748583021
1-0,1-0,0.41429827561710064,0.5448703487927465,0.04083137559015267
1/2-1/2,0-1,0.6233444573941687,0.3236326989774471,0.0530228436283842
0-1,0-1,0.5468235389607328,0.4119560615629155,0.04122039947635188
1-0,1-0,0.42820188498351547,0.5309675085030726,0.04083060651341178
1-0,1-0,0.46786435597718096,0.49124581480183827,0.0408898292209808
0-1,0-1,0.6353128299732488,0.3228646632467064,0.04182250678004498
1-0,1-0,0.44849707189173554,0.5106088225287876,0.04089410557947696
1-0,1-0,0.4241655560066757,0.5349829931796002,0.0408514508137242
0-1,1-0,0.5184033281847202,0.44049871313581557,0.04109795867946418
0-1,0-1,0.5423988756189864,0.4163764158129707,0.0412247085680428
0-1,1-0,0.4134194165905001,0.5458978348952924,0.04068274851420737
1-0,1-0,0.4825832106318947,0.4764194080769872,0.04099738129111817
0-1,1-0,0.48312201364650553,0.4758446773567986,0.04103330899669587
0-1,1-0,0.42243146072753507,0.5367931810950881,0.040775358177376854
0-1,1-0,0.4705028973927705,0.488503275878317,0.04099382672891232
0-1,1-0,0.42145013460335795,0.5376926118495272,0.040857253547114926
0-1,1-0,0.458897666213905,0.5002029670654449,0.04089936672065038
0-1,1-0,0.45774605522960765,0.5013670370965766,0.04088690767381559
1-0,1-0,0.41911822098345314,0.5402431940094264,0.04063858500712033
0-1,1-0,0.422096515108793,0.5371139671422709,0.040789517748935925
0-1,1-0,0.4605897092375582,0.4984591993678004,0.04095109139464147
0-1,1-0,0.4353693487439974,0.5237429566969057,0.0408876945590964
0-1,1-0,0.4089962778402804,0.5502252598221609,0.0407784623375586
0-1,1-0,0.44250784280648114,0.5166093741770383,0.04088278301648051
1/2-1/2,1-0,0.414805657174052,0.5443842794629772,0.040810063362970765
1/2-1/2,1-0,0.43180286464815804,0.5273858683183259,0.0408112670335162
1-0,1-0,0.4420628845280412,0.5170462916588103,0.04089082381314849
1/2-1/2,1-0,0.499814338511518,0.45911758493489874,0.0410680765535835
1-0,1-0,0.4933952174435491,0.46555817336256927,0.041046609193881804
1-0,1-0,0.4171027254648999,0.5421207129658181,0.04077656156928199
0-1,1-0,0.45968440014400647,0.49938470322677664,0.04093089662921712
0-1,1-0,0.4462968107995231,0.5128025389101424,0.040900650290334364
1-0,1-0,0.48545218551728664,0.4735214061028309,0.04102640837988232
0-1,1-0,0.4228911959642426,0.5363217864819997,0.040787017553757424
1-0,1-0,0.4134941763245991,0.545685857597719,0.04081996607768208
0-1,1-0,0.41445422686689704,0.5449148095846995,0.04063096354840317
1-0,1-0,0.5146793020510894,0.44415962093598793,0.04116107701292272
1-0,1-0,0.41911420875348426,0.5400359998186011,0.04084979142791479
1-0,1-0,0.41301775695781473,0.546223854551562,0.04075838849062318
1-0,1-0,0.4297152634618886,0.529399238689765,0.040885497848346185
0-1,1-0,0.414055289768511,0.5451059307854703,0.04083877944601895
1-0,1-0,0.4146074641197649,0.5445854445083563,0.040807091371878886
0-1,1-0,0.42987474999981484,0.5292522892868957,0.04087296071328936
0-1,1-0,0.41608378979403043,0.5431443944028391,0.040771815803130565
0-1,1-0,0.4468505908111948,0.5122845035541187,0.040864905634686484
1-0,1-0,0.4328838853984622,0.5262986997545913,0.040817414846946544
1-0,1-0,0.4155549543844774,0.5436504065715104,0.04079463904401223
1-0,1-0,0.42177436381947403,0.5373317331779495,0.04089390300257639
0-1,1-0,0.417420814942878,0.5417647684763823,0.040814416580739525
1-0,0-1,0.5290169861893783,0.4297780989862734,0.04120491482434808
0-1,1-0,0.4274418684297114,0.5317465764479018,0.0408115551223868
1-0,1-0,0.4300172327217445,0.5291327143589669,0.0408500529192887
1-0,1-0,0.42315199226718864,0.536018280493783,0.040829727239028335
0-1,1-0,0.45717161907014836,0.5019365255798885,0.040891855349962876
1-0,1-0,0.4098426443988454,0.5406519284188556,0.04950542718229914
1/2-1/2,1-0,0.445936965297656,0.5131987762718255,0.04086425843051854
0-1,1-0,0.432652081525518,0.5265404481766884,0.040807470297793434
1-0,1-0,0.413904158835473,0.5452854976259868,0.04081034353854014
0-1,1-0,0.45974365677124474,0.49933558059484456,0.04092076263391085
0-1,1-0,0.41486930135175815,0.5443204945171723,0.0408102041310693
1/2-1/2,1-0,0.4455533221697902,0.5135873077919504,0.04085937003825932
0-1,1-0,0.468844732519646,0.4901823452785422,0.040972922201812034
1-0,1-0,0.43699676635696094,0.5220998858723169,0.04090334777072195
1-0,1-0,0.444014997810409,0.5151250296559831,0.04085997253360804
0-1,0-1,0.5783528450454986,0.3802651952432024,0.04138195971129908
1-0,1-0,0.4964574385792316,0.46246075855713126,0.04108180286363735
1-0,1-0,0.41793019730870373,0.541266759605946,0.0408030430853501
0-1,1-0,0.44758706290513195,0.5115087429414382,0.04090419415343007
1-0,1-0,0.46337134513723083,0.4957165049117418,0.04091214995102723
1-0,1-0,0.41409173150486556,0.5451072543786537,0.040801014116480586
0-1,1-0,0.44243077972197153,0.5167264328811333,0.0408427873968952
0-1,1-0,0.45795906873917014,0.5011279387599725,0.04091299250085729
1-0,1-0,0.4757695875180339,0.4832312887962242,0.04099912368574195
0-1,0-1,0.5534181490982691,0.40527485769661736,0.041306993205113184
0-1,0-1,0.6559549217925378,0.3020491459149484,0.041995932292514006
0-1,1-0,0.46134834693402105,0.4976808653940608,0.04097078767191802
1-0,1-0,0.4129775754427049,0.5461691478319828,0.0408532767253124
1/2-1/2,1-0,0.4147872816486641,0.5443730613459059,0.040839657005430026
1-0,1-0,0.4177798470721485,0.5414015689913392,0.04081858393651209
1-0,1-0,0.4305633780957738,0.5285452488383707,0.04089137306585538
0-1,1-0,0.4998793460871059,0.4590553817717489,0.04106527214114504
0-1,1-0,0.41382779072374476,0.5454137986760822,0.04075841060017296
1-0,1-0,0.4640059720695418,0.4950323872933081,0.040961640637150035
1-0,1-0,0.41880699676526123,0.540384787254967,0.04080821597977181
0-1,0-1,0.6176857204727522,0.33420660297922694,0.04810767654802096
1-0,1-0,0.44394136395488537,0.515195924180917,0.04086271186419762
0-1,0-1,0.630159255717277,0.32814709083833826,0.04169365344438467
1-0,1-0,0.4132568460702178,0.5459877838542161,0.04075537007556598
0-1,1-0,0.4664778432822559,0.4925360909336974,0.04098606578404692
1-0,1-0,0.4132152937116566,0.5459569147440141,0.04082779154432944
0-1,1-0,0.4318131124141431,0.5273452752789481,0.04084161230690857
0-1,0-1,0.591178834305708,0.3673525024368165,0.04146866325747532
0-1,1-0,0.45025128521557634,0.5088254138894717,0.040923300894951775
1-0,1-0,0.46203379252848176,0.49704142297561704,0.04092478449590144
1/2-1/2,1-0,0.46885680717025024,0.490205263499478,0.04093792933027167
0-1,1-0,0.4640232393989854,0.49503216576919573,0.040944594831819024
1-0,1-0,0.4604364267875233,0.4986597050849964,0.04090386812748028
0-1,1-0,0.46105720808967326,0.4980293003522249,0.040913491558101846
1-0,1-0,0.41617060510261467,0.543007214148213,0.04082218074917226
1-0,1-0,0.41557954581205825,0.5435842632695093,0.04083619091843229
1-0,1-0,0.42267211401968996,0.5364780849631953,0.04084980101711454
0-1,1-0,0.41861065046802,0.5405539901062852,0.040835359425694856
0-1,1-0,0.4285573408024522,0.5306375242770596,0.04080513492048808
1/2-1/2,1-0,0.42128363977687505,0.5378735308791557,0.04084282934396915
0-1,1-0,0.4160300970189158,0.5431996556985951,0.0407702472824892
1-0,0-1,0.5918822429220505,0.3666462359794679,0.04147152109848128
0-1,0-1,0.5287271434225037,0.4300851996161918,0.041187656961304456
0-1,1-0,0.4286211510310556,0.5305524211230148,0.0408264278459296
0-1,0-1,0.6183295837331575,0.3398660995433181,0.041804316723524367
1-0,1-0,0.42623677703395146,0.5329760326572819,0.04078719030876701
0-1,0-1,0.5785542733561515,0.3800335945500406,0.04141213209380805
1-0,1-0,0.4208841963743653,0.5382778958950433,0.040837907730591455
1-0,1-0,0.4228458898133515,0.5363158613324857,0.04083824885416309
0-1,1-0,0.41657635185920416,0.5425616821689484,0.04086196597184739
0-1,1-0,0.41748411966599336,0.5417712465760787,0.04074463375792829
1-0,1-0,0.49820023127900975,0.46071000126772743,0.04108976745326277
0-1,1-0,0.494909916464982,0.46406654689590043,0.04102353663911751
1-0,1-0,0.41544158369105283,0.5438091591553668,0.040749257153580284
1-0,1-0,0.4236011358873384,0.5355418534235568,0.04085701068910492
0-1,1-0,0.42519690245015973,0.5339424879825746,0.040860609567265734
1-0,1-0,0.41476001410024443,0.5444536399658445,0.040786345933911027
1-0,1-0,0.41462876057846426,0.5445554855606668,0.04081575386086914
1-0,1-0,0.43283170992561976,0.5263486819505154,0.040819608123864794
0-1,1-0,0.42222827465443175,0.5369125935880318,0.040859131757536526
1-0,1-0,0.44970820632061353,0.509359103990085,0.04093268968930121
0-1,1-0,0.4543166239942415,0.5047926934570662,0.04089068254869205
0-1,1-0,0.41622380083398625,0.5431690989687108,0.04060710019730283
1-0,0-1,0.5382939632250962,0.42050936987520193,0.04119666689970175
0-1,1-0,0.4173510088858869,0.5418104120729346,0.04083857904117864
1-0,1-0,0.5058406561409294,0.4530485088118265,0.04111083504724392
1-0,0-1,0.5438784825312675,0.41486064364394304,0.04126087382478969
1-0,1-0,0.4396057816702511,0.5195280883314893,0.04086612999825978
0-1,1-0,0.4176078564950445,0.5416205226129909,0.04077162089196443
0-1,1-0,0.44929919566358145,0.5098243860988876,0.04087641823753094
1-0,1-0,0.45508576609085,0.5039840004061702,0.040930233502979745
1-0,1-0,0.4154491252636734,0.5437624103060852,0.040788464430241235
0-1,1-0,0.4161044000941088,0.5430526951690224,0.040842904736868614
1-0,1-0,0.4268551199161911,0.532266088494668,0.04087879158914096
1-0,1-0,0.4221418734637011,0.5370875198175888,0.04077060671871026
1-0,1-0,0.42506974132354913,0.534093679759874,0.04083657891657673
1-0,1-0,0.4085322595494728,0.5392449594194076,0.05222278103111974
1/2-1/2,1-0,0.413289078052446,0.5459281311986063,0.04078279074894777
1-0,1-0,0.42333386502609494,0.5358802664655904,0.04078586850831461
0-1,1-0,0.49608723533753507,0.4628948101919121,0.041017954470552793
1-0,1-0,0.45006882939287746,0.5090380658661098,0.04089310474101265
1-0,1-0,0.4162001348526586,0.5430110176016886,0.04078884754565279
1-0,1-0,0.4168212465829518,0.5423403286510436,0.04083842476600426
1-0,1-0,0.4184464535222424,0.5407309341414006,0.040822612336356714
1-0,1-0,0.42882374904416815,0.5303124277088689,0.040863823246962805
1-0,1-0,0.47659191522712435,0.4824180222843129,0.04099006248856249
1-0,1-0,0.41674336593780664,0.5424216021001738,0.04083503196201946
0-1,1-0,0.47262178037625774,0.48642439900513623,0.04095382061860625
1-0,1-0,0.4228797283604819,0.5363421325112294,0.040778139128288746
1-0,1-0,0.4336870001472591,0.5254468298734516,0.040866169979289484
1-0,1-0,0.4306229063913083,0.5285085399738274,0.040868553634864344
1-0,1-0,0.431624364570414,0.5275600634237105,0.04081557200587551
1-0,1-0,0.42627828135782264,0.532920664355715,0.0408010542864625
1-0,0-1,0.5421873190739737,0.4166217407980314,0.04119094012799509
0-1,1-0,0.44644074359594016,0.5127004931705808,0.04085876323347895
0-1,0-1,0.5387531940326068,0.42005705095249174,0.041189755014901575
0-1,0-1,0.535464888290578,0.4233703607259223,0.04116475098349979
1-0,1-0,0.4504051548126042,0.508676395555792,0.040918449631603744
1-0,1-0,0.4533244160127794,0.5057686145243779,0.04090696946284245
0-1,1-0,0.4228491204808054,0.5363490680634462,0.04080181145574832
0-1,0-1,0.6350457464495014,0.32090791400683905,0.04404633954365961
0-1,1-0,0.43989271294095544,0.5192693779231615,0.04083790913588293
1-0,0-1,0.566374430408707,0.3922995798106822,0.04132598978061074
1-0,1-0,0.4612843524237686,0.4978076201048555,0.04090802747137585
1-0,1-0,0.5195371124202406,0.43931978112976494,0.04114310644999452
0-1,1-0,0.4405608203044234,0.5185924776122044,0.040846702083372245
1-0,1-0,0.4716202308558357,0.4873875960710666,0.04099217307309775
0-1,1-0,0.4139136627896196,0.5452946306308704,0.040791706579510034
1-0,1-0,0.44969555769352304,0.5093671651086946,0.04093727719778236
0-1,1-0,0.4311222758207454,0.527883323679806,0.040994400499448684
0-1,1-0,0.41666420171124013,0.5425708325204543,0.04076496576830565
1-0,0-1,0.6014815372758134,0.35704598040224067,0.041472482321945794
1-0,1-0,0.4129976696881232,0.5524890616472987,0.0345132686645781
0-1,0-1,0.6169065081229967,0.332189396720318,0.05090409515668525
0-1,1-0,0.4820484479710938,0.47695790000806737,0.04099365202083857
1-0,1-0,0.47362659678001884,0.485423602392892,0.040949800827089
1-0,1-0,0.4172901729015346,0.541892303208062,0.040817523890403364
1-0,1-0,0.421578212993314,0.5376489570056027,0.04077283000108354
0-1,1-0,0.4441272448445909,0.514972000743524,0.04090075441188533
0-1,0-1,0.5425808907065343,0.41618330915332136,0.04123580014014441
1-0,1-0,0.4204101088834812,0.5386898165696843,0.04090007454683456
1-0,1-0,0.41983059399294603,0.5393368878036209,0.040832518203433185
0-1,0-1,0.6196113314094713,0.34392616515882046,0.03646250343170791
0-1,1-0,0.49491056639960135,0.4640357580744368,0.041053675525961716
0-1,1-0,0.4283141354155694,0.5308395348181776,0.040846329766252853
0-1,1-0,0.45164454937996196,0.5074355660412907,0.040919884578747456
0-1,1-0,0.42787495365848904,0.5313206911693653,0.04080435517214555
1-0,1-0,0.420088167319616,0.5390506044405501,0.04086122823983373
0-1,0-1,0.6178949918891439,0.34034370387018187,0.0417613042406742
0-1,1-0,0.43146784183675163,0.5276530623538818,0.04087909580936657
0-1,1-0,0.40884277326983665,0.5503998595006312,0.0407573672295318
0-1,0-1,0.5225400923002358,0.43628914457506657,0.041170763124697744
1-0,1-0,0.4965057538637196,0.4624756108118804,0.04101863532440012
1-0,1-0,0.4343468933033152,0.5248297201014763,0.040823386595208636
0-1,1-0,0.43244250613068647,0.5267326685427707,0.04082482532654298
1-0,1-0,0.42903346192106806,0.5300936179024879,0.04087292017644411
1-0,0-1,0.5283728975459128,0.4304643583489742,0.04116274410511307
0-1,1-0,0.4165019849763025,0.5426644709179191,0.04083354410577815
1-0,1-0,0.41553484788415035,0.5436582979269834,0.040806854188866225
0-1,1-0,0.4785909496632927,0.480390886402846,0.04101816393386126
1-0,1-0,0.4638876721595114,0.49515040602832494,0.04096192181216353
0-1,0-1,0.569189219667925,0.401224944118867,0.02958583621320785
1-0,1-0,0.4221940317753136,0.536951395317922,0.04085457290676452
0-1,1-0,0.43688415571615535,0.5222834150575002,0.04083242922634467
0-1,1-0,0.4137125721546306,0.5455108369277191,0.04077659091765035
0-1,1-0,0.4214545577374651,0.5376613025251856,0.04088413973734944
1-0,1-0,0.4689581151478779,0.4900921723443982,0.04094971250772378
1-0,1-0,0.4175464038461131,0.5416726796772664,0.04078091647662047
1-0,1-0,0.43067244514356395,0.5285159416471551,0.04081161320928079
0-1,1-0,0.4259852981119514,0.533144182775738,0.04087051911231086
0-1,1-0,0.41403677302240527,0.5451159598993756,0.040847267078219264
1-0,1-0,0.416650976812116,0.5425860437187955,0.04076297946908856
0-1,1-0,0.4208805083428358,0.5382971626868898,0.04082232897027435
1-0,1-0,0.4582756278531358,0.5008253829367564,0.04089898921010769
1-0,1-0,0.4136525527802376,0.5455111624671012,0.04083628475266152
1-0,1-0,0.49568662783291145,0.4632959146958631,0.041017457471225156
0-1,1-0,0.4134225939265292,0.5457470591993094,0.0408303468741616
0-1,1-0,0.4365707058898433,0.5225945952655157,0.040834698844641075
1-0,0-1,0.6456141073456825,0.3120025671844281,0.042383325469889384
1-0,0-1,0.6051261883513339,0.3533251882862974,0.04154862336236871
1-0,1-0,0.41377453078851806,0.545457692742914,0.040767776468567954
1-0,1-0,0.4162561605119634,0.5429479229295028,0.04079591655853374
1-0,1-0,0.424458585748908,0.5346658283682642,0.040875585882827616
1-0,1-0,0.4728006094669236,0.48624154057132657,0.040957849961749906
1-0,1-0,0.42292548314515116,0.5362809310580273,0.04079358579682146
0-1,1-0,0.4129968360029047,0.5461604488015919,0.04084271519550366
1-0,1-0,0.4147590160805196,0.5444805234382185,0.04076046048126189
1-0,1-0,0.4228509065732283,0.5363162192309335,0.040832874195838434
0-1,1-0,0.423338689399641,0.5357946623523696,0.04086664824798943
1-0,1-0,0.41753420673344316,0.5409431194286065,0.04152267383795027
0-1,1-0,0.43079513809947945,0.5283198306531371,0.0408850312473833
1-0,1-0,0.4234741684855643,0.5347679943369438,0.04175783717749217
1-0,1-0,0.4571860399802795,0.5018564775526894,0.04095748246703119
1-0,1-0,0.4413458408892945,0.5178021137544466,0.04085204535625865
1-0,1-0,0.42907784489169354,0.530063607264356,0.040858547843950835
1/2-1/2,1-0,0.4427916626933905,0.5163266571525534,0.04088168015405607
0-1,1-0,0.4252462144694898,0.5339396056471254,0.040814179883384843
1-0,1-0,0.42131138077714286,0.5378478185228469,0.04084080070001029
1-0,1-0,0.48352307351273016,0.47547701441650936,0.04099991207076064
1-0,1-0,0.41365954123117243,0.5455387871805809,0.040801671588246734
1-0,1-0,0.41811608888100876,0.5411093771455732,0.04077453397341816
1-0,1-0,0.422667385162928,0.5365451829004009,0.04078743193667108
0-1,1-0,0.4160625816149161,0.5431025014939213,0.040834916891162754
1-0,0-1,0.5373662003701238,0.4214046176640346,0.04122918196584154
1-0,1-0,0.4434945435530578,0.5155941280290202,0.04091132841792196
1-0,1-0,0.44078486437899334,0.5183021499420686,0.0409129856789382
0-1,1-0,0.4812550563993526,0.47771457530599054,0.04103036829465674
0-1,1-0,0.4282966654526912,0.5308712903408005,0.0408320442065084
0-1,0-1,0.5282152049032517,0.43060032764321554,0.04118446745353261
0-1,1-0,0.4511105177410508,0.508016478047806,0.04087300421114331
1-0,1-0,0.4185178555120698,0.540421201979815,0.0410609425081151
0-1,0-1,0.6445845675629528,0.3135631672983352,0.041852265138712055
1/2-1/2,1-0,0.4252770772225293,0.5328183922893089,0.04190453048816172
0-1,1-0,0.4532548430400164,0.5058216060452335,0.04092355091474995
0-1,1-0,0.41411845085034127,0.5450646814879561,0.04081686766170249
0-1,1-0,0.43241301350298006,0.5267145069208343,0.040872479576185436
0-1,1-0,0.4187406503607507,0.5403127802914064,0.040946569347843
1-0,1-0,0.44810123731907364,0.5110139904179818,0.04088477226294446
1-0,1-0,0.433790720615134,0.5253475074643902,0.04086177192047589
1-0,1-0,0.4525597064759798,0.5065426950613763,0.04089759846264402
1-0,0-1,0.5600197440520043,0.3987459995138578,0.041234256434137896
1-0,1-0,0.4146737365062328,0.544511043207989,0.040815220285778275
1-0,1-0,0.4270653738127878,0.5320718103837663,0.040862815803446
0-1,1-0,0.44726913838717225,0.5118774889079174,0.0408533727049102
0-1,1-0,0.4130978298973439,0.5461464597306174,0.04075571037203871
1/2-1/2,1-0,0.41851173163077826,0.54069144163636,0.04079682673286167
0-1,1-0,0.42991094697041576,0.529252077921346,0.04083697510823837
0-1,1-0,0.4205927138442096,0.538644340149562,0.040762946006228346
1-0,1-0,0.453780079304239,0.5053238843185843,0.040896036377176495
1-0,1-0,0.4391084941787895,0.5200293414178366,0.04086216440337382
0-1,1-0,0.43769948198996245,0.5214497365754233,0.0408507814346141
1-0,0-1,0.5879544503882551,0.37062094945609436,0.04142460015565039
0-1,1-0,0.4141343255317665,0.5450631716250791,0.04080250284315441
1-0,1-0,0.4179341661805165,0.5412248080182065,0.040841025801276916
0-1,1-0,0.4313120555964117,0.5279298254571865,0.04075811894640163
1-0,1-0,0.42083810093536544,0.5383318624071322,0.04083003665750242
1-0,1-0,0.4203478153285652,0.5388604991109592,0.04079168556047531
0-1,1-0,0.4988730612826631,0.46005254621695607,0.04107439250038077
1-0,1-0,0.39553961793791437,0.5626112121148091,0.04184916994727637
1-0,0-1,0.6706849659858949,0.28663029792436767,0.042684736089737454
0-1,1-0,0.42803759418926207,0.5311372505438354,0.04082515526690267
1-0,1-0,0.4131934433061772,0.5460201578291645,0.040786398864658326
0-1,1-0,0.4417227835116439,0.5174316231030585,0.0408455933852977
1-0,1-0,0.44726453296262975,0.5118194690871696,0.04091599795020083
0-1,0-1,0.5991256283512679,0.3594046530813159,0.041469718567416054
1-0,1-0,0.5185457580380991,0.44035001002707147,0.04110423193482972
1-0,1-0,0.4133230613880184,0.5458620908845894,0.04081484772739232
1-0,1-0,0.43694093822293084,0.5222381939335341,0.04082086784353521
1-0,1-0,0.41511463805901466,0.5440999715479418,0.04078539039304354
0-1,1-0,0.42440322056475926,0.5347659223740922,0.04083085706114853
0-1,1-0,0.4180692050438184,0.5411269235382589,0.04080387141792306
1-0,0-1,0.6398473014717206,0.3184032456254429,0.041749452902836534
1-0,1-0,0.451837387497874,0.5072269018869465,0.040935710615179255
1-0,1-0,0.4130031642644851,0.5462375855543756,0.04075925018113926
0-1,1-0,0.474857660322438,0.48413032221804686,0.04101201745951532
0-1,1-0,0.4359945034155035,0.5231457421412935,0.04085975444320307
1-0,0-1,0.5480118907456153,0.4107121856328314,0.04127592362155325
1-0,1-0,0.47787146944427883,0.48109272129420816,0.04103580926151311
0-1,0-1,0.6316720741911547,0.3247750120892797,0.0435529137195656
0-1,1-0,0.4998178513625416,0.45909443029422864,0.041087718343229676
1-0,1-0,0.44195439298582356,0.5171955734097741,0.040850033604402466
0-1,1-0,0.4935183431983476,0.4654018055920863,0.0410798512095661
0-1,1-0,0.4433615542661456,0.5157740290238926,0.04086441670996176
0-1,1-0,0.4822465527314571,0.47677650128012894,0.040976945988413914
1-0,1-0,0.42537784324082567,0.5337452284433545,0.04087692831582011
1-0,1-0,0.504432903670029,0.4544974863168704,0.041069610013100666
1-0,1-0,0.45140556379233515,0.5077202452369969,0.040874190970667884
1-0,1-0,0.46571863918935985,0.4933561961454341,0.040925164665206216
1-0,1-0,0.42441417572352386,0.5348066511547165,0.04077917312175954
1-0,1-0,0.41730761130495875,0.5419144351618954,0.040777953533145714
1-0,1-0,0.5114619463564258,0.4474509634097894,0.04108709023378486
0-1,1-0,0.4567617268027157,0.5022699194535127,0.04096835374377163
0-1,0-1,0.5235858716990546,0.4352872188003096,0.04112690950063571
0-1,1-0,0.4567876981453571,0.5023202100443193,0.040892091810323605
0-1,1-0,0.4859298800992624,0.47300921128458784,0.041060908616149645
1-0,1-0,0.5182245681462803,0.4406236581406872,0.04115177371303252
1-0,1-0,0.41458785867288184,0.5445974682005797,0.04081467312653827
0-1,1-0,0.4111904712278706,0.5477936442955559,0.04101588447657329
0-1,1-0,0.4808446897241833,0.47817426121944123,0.040981049056375264
0-1,1-0,0.4152012844330818,0.544030981109241,0.04076773445767705
1-0,1-0,0.4138554054360043,0.5453155271819848,0.040829067382010704
0-1,1-0,0.4431504219909946,0.5159823780537778,0.04086719995522751
0-1,1-0,0.48620346603081505,0.4728009045564423,0.040995629412742644
1/2-1/2,0-1,0.6267768838879207,0.33162023544381547,0.04160288066826403
1-0,0-1,0.541333736479987,0.41741609979575933,0.041250163724253615
1-0,1-0,0.4426210068831022,0.5164937689960863,0.040885224120811775
1-0,1-0,0.4396605213308614,0.5194915439406483,0.04084793472849034
1-0,1-0,0.468677574496685,0.49039298403749837,0.040929441465816514
0-1,1-0,0.4261014354390819,0.5330524511659006,0.04084611339501743
0-1,1-0,0.43928305251289124,0.5197467608074698,0.040970186679638816
1-0,0-1,0.5265590760613852,0.4322884898514584,0.04115243408715642
1-0,1-0,0.42222020524392045,0.5368416265725119,0.04093816818356736
0-1,0-1,0.5261571095313872,0.4327346439845717,0.04110824648404137
0-1,1-0,0.4351440121287043,0.5239514263147454,0.04090456155655041
1-0,1-0,0.45421086148003315,0.5047218807409816,0.04106725777898534
1-0,1-0,0.43652355776924556,0.5226185745243822,0.04085786770637239
0-1,1-0,0.4394792909888565,0.5195402055314519,0.04098050347969157
0-1,1-0,0.4141424618235107,0.5450315162866721,0.040826021889817155
1-0,1-0,0.43234460365103056,0.5268073505959071,0.04084804575306252
1-0,1-0,0.47582228418298933,0.48321432244990425,0.04096339336710673
0-1,1-0,0.4591622309576993,0.49994424324303427,0.04089352579926639
1-0,1-0,0.42618298522964526,0.5329444898500686,0.040872524920286236
1-0,1-0,0.41960227112425014,0.5395429957028041,0.040854733172945655
0-1,1-0,0.4752700101673686,0.48383236719550665,0.04089762263712461
1-0,1-0,0.41382929851659606,0.5453495068550636,0.04082119462834036
1-0,1-0,0.41294287871087826,0.546222218875896,0.04083490241322573
1-0,1-0,0.4486036482547755,0.5105329807655028,0.040863370979721765
1/2-1/2,0-1,0.5928242854438529,0.36568001521086735,0.04149569934527966
0-1,1-0,0.41695902810003127,0.5422407594664569,0.040800212433511965
0-1,1-0,0.43935214859838906,0.5197335127648584,0.04091433863675247
1-0,1-0,0.4132615641682442,0.5459525692166786,0.04078586661507707
1-0,0-1,0.5542393092412999,0.4038287373053085,0.04193195345339151
1-0,1-0,0.47263987295698867,0.486354752697877,0.041005374345134175
1-0,1-0,0.42097236646752245,0.5381879344533661,0.04083969907911128
1-0,1-0,0.41971624429722576,0.5394862090157695,0.04079754668700473
0-1,1-0,0.46543636606621874,0.49359818592004284,0.04096544801373853
1-0,1-0,0.41326824501583986,0.5459671405891634,0.040764614394996665
1-0,1-0,0.45256993050486655,0.5065365538853952,0.04089351560973808
1-0,1-0,0.4356162443320212,0.5235662425308265,0.04081751313715228
1-0,1-0,0.4170096796094554,0.5422201250954192,0.040770195295125426
0-1,0-1,0.5221838644708997,0.4366304934663164,0.041185642062783946
1-0,1-0,0.47185592649349345,0.4871921781394359,0.04095189536707066
1-0,1-0,0.43426897301605627,0.5248513479735972,0.0408796790103466
0-1,1-0,0.4429377592307772,0.5161977059363075,0.04086453483291516
1-0,1-0,0.4156197302080728,0.5435935338726026,0.040786735919324635
0-1,1-0,0.4625734409152155,0.49648300200762885,0.04094355707715545
0-1,1-0,0.42223987714248523,0.5369111439059776,0.0408489789515371
1-0,1-0,0.4174945257282652,0.5416784196158574,0.04082705465587735
0-1,1-0,0.4442673019288577,0.5148142865409034,0.04091841153023863
0-1,1-0,0.4134581606669308,0.5457107158187957,0.040831123514273655
0-1,1-0,0.4182214516567676,0.541015574584081,0.040762973759151444
0-1,1-0,0.42129255805671495,0.5378878673179626,0.04081957462532243
0-1,1-0,0.42345405735264424,0.5356766380823028,0.040869304565053104
1-0,1-0,0.4753201971194995,0.48370602845547744,0.04097377442502319
1-0,1-0,0.4753958343541565,0.4836235282772566,0.04098063736858696
1-0,1-0,0.41381161266768607,0.5454214909302653,0.04076689640204865
1-0,1-0,0.4655470138852466,0.4935207027148788,0.04093228339987459
1-0,1-0,0.5013113701339496,0.4575908387928281,0.041097791073222256
0-1,1-0,0.41446342859657725,0.5447580646391595,0.04077850676426332
1-0,1-0,0.4140435414392937,0.5451989799558112,0.04075747860489501
0-1,1-0,0.46572389703194234,0.49326248888663415,0.04101361408142356
0-1,0-1,0.5347847453422072,0.4239664634853698,0.04124879117242303
1-0,1-0,0.42318280966201804,0.5359782383153119,0.04083895202267025
1-0,1-0,0.4191119191246534,0.5400742278091559,0.040813853066190627
0-1,1-0,0.4204704024943084,0.5387247847234153,0.0408048127822763
0-1,0-1,0.6595977937738144,0.29852972515010506,0.041872481076080444
0-1,1-0,0.48659432463258717,0.472399515311262,0.041006160056150924
0-1,1-0,0.4192547463130005,0.5399859613284655,0.040759292358533906
0-1,1-0,0.41729941465453446,0.5418604088436354,0.04084017650183012
0-1,0-1,0.5246138992617677,0.4342661993222422,0.04111990141599025
0-1,1-0,0.47705706430015243,0.48198367754158916,0.040959258158258516
0-1,1-0,0.44236369245853185,0.5167193131863427,0.04091699435512531
0-1,0-1,0.5268253533765033,0.4319986926579367,0.04117595396556014
0-1,1-0,0.4204948393042845,0.5386993265421117,0.04080583415360353
0-1,1-0,0.4626723130002524,0.4964173956076252,0.040910291392122475
0-1,1-0,0.4813085511757176,0.4777010495597018,0.04099039926458051
1-0,1-0,0.46038935884046733,0.49869898579141814,0.04091165536811476
0-1,1-0,0.42086763768086083,0.553661429707617,0.025470932611521894
0-1,1-0,0.41440230678151685,0.5448075028890148,0.040790190329468394
1-0,1-0,0.4323964778162765,0.5267120897130683,0.040891432470655104
1-0,1-0,0.4144695298694247,0.5447195690819508,0.04081090104862443
0-1,0-1,0.5313728376136281,0.427458501302438,0.04116866108393387
1-0,1-0,0.43016666763923456,0.5282551972431743,0.04157813511759091
1-0,1-0,0.4130437217692971,0.5461499560231161,0.040806322207586794
0-1,1-0,0.45166503949979314,0.5074077959836639,0.04092716451654308
0-1,1-0,0.5208920248787664,0.43792708409074704,0.04118089103048646
0-1,1-0,0.41452156389366357,0.5446286891946482,0.0408497469116883
1-0,1-0,0.43385891079856376,0.5253352907705819,0.040805798430854204
1-0,1-0,0.43499342865464696,0.5241098242458982,0.040896747099454706
0-1,1-0,0.43456559300014863,0.5246098567127209,0.04082455028713062
1-0,1-0,0.47711525944197236,0.4819104686169257,0.040974271941101724
1/2-1/2,0-1,0.565340853359537,0.39336867188057767,0.04129047475988556
1-0,1-0,0.42278837353320287,0.5493551549041052,0.027856471562691977
0-1,1-0,0.41383693913474834,0.5453907702899878,0.04077229057526402
0-1,1-0,0.4727373149679351,0.4862576938285987,0.04100499120346633
1-0,1-0,0.4211732213139258,0.5379834539783152,0.04084332470775916
0-1,1-0,0.4264640783450205,0.5326941148367378,0.0408418068182419
1-0,1-0,0.4965541238064289,0.46237132560926364,0.04107455058430754
0-1,1-0,0.45554890653277985,0.5034906833179975,0.04096041014922239
0-1,1-0,0.4180007114642557,0.5412393305462809,0.04075995798946329
0-1,1-0,0.4862497544070978,0.4727532447319292,0.04099700086097295
1-0,0-1,0.6141135128211455,0.3426664977305004,0.043219989448353854
0-1,0-1,0.5334803494813728,0.4247182806835835,0.04180136983504375
0-1,1-0,0.42811785269869274,0.5309989666502072,0.04088318065110006
1-0,1-0,0.4327576807180702,0.526438100934522,0.04080421834740768
0-1,0-1,0.5221172670187769,0.4366819652677443,0.04120076771347882
1/2-1/2,1-0,0.46894914219697975,0.4900593087170936,0.04099154908592668
1-0,1-0,0.4344473181706764,0.5246830686546057,0.04086961317471772
1-0,1-0,0.46212152128879036,0.4969424160886844,0.04093606262252537
0-1,1-0,0.41378020340956667,0.5454606885985365,0.04075910799189678
1-0,1-0,0.4233006670402472,0.5358782555318474,0.040821077427905354
0-1,1-0,0.4472098114121131,0.5119046818345592,0.04088550675332814
1-0,1-0,0.4236590070493186,0.5354867280182598,0.040854264932421655
0-1,1-0,0.42262285168797264,0.5365108947615918,0.04086625355043556
1-0,1-0,0.4376500554642647,0.5215319632535657,0.040817981282169485
1-0,1-0,0.46730296435975477,0.4917276465853551,0.04096938905489019
0-1,0-1,0.5718864461461531,0.3867821732283752,0.0413313806254717
0-1,1-0,0.4172074056884259,0.5419756792514693,0.04081691506010466
1-0,1-0,0.4140227141655462,0.5451958733118873,0.04078141252256643
0-1,0-1,0.5228143804573319,0.43601151259700044,0.04117410694566754
1-0,0-1,0.525080058943461,0.4337922593824337,0.041127681674105195
1-0,1-0,0.41741728777377113,0.5418257430463003,0.04075696917992843
1-0,1-0,0.42588939095094536,0.5333142746459112,0.040796334403143536
0-1,1-0,0.5182613272764014,0.44064308044628364,0.041095592277315005
1-0,1-0,0.4454349866467184,0.513706135945771,0.040858877407510596
1-0,1-0,0.41386519003150773,0.5453701713059671,0.04076463866252521
0-1,1-0,0.45215898917009967,0.5069615683240813,0.040879442505819034
1-0,1-0,0.4169859695990591,0.542227689619578,0.040786340781362763
1/2-1/2,0-1,0.5599618226379234,0.3987373314381558,0.04130084592392066
0-1,0-1,0.5349411006571183,0.4238305143682842,0.04122838497459725
0-1,1-0,0.41338695698484595,0.5457820884510711,0.04083095456408294
0-1,1-0,0.42735431973703003,0.5317772097948046,0.04086847046816548
1/2-1/2,1-0,0.4226271720564786,0.5365902054994768,0.04078262244404458
1-0,0-1,0.5241411495805877,0.43470539637370303,0.04115345404570931
0-1,1-0,0.42849788578935527,0.5306842164573747,0.04081789775326995
0-1,1-0,0.4412082236099778,0.5177711786646356,0.04102059772538672
1-0,1-0,0.415244678584705,0.5439448806400505,0.04081044077524436
1-0,1-0,0.4166778138317731,0.5425093535131738,0.04081283265505313
1/2-1/2,1-0,0.4522370674775426,0.5068081030369103,0.04095482948554688
1-0,1-0,0.416009822098042,0.5431941838825088,0.04079599401944926
0-1,1-0,0.4231830745526043,0.5359645431452339,0.04085238230216197
0-1,1-0,0.4589607457009224,0.5001019721674473,0.040937282131630254
1-0,1-0,0.4512181507773991,0.5079887835788581,0.040793065643742715
1-0,1-0,0.4460494076692774,0.5130833756427009,0.04086721668802162
1-0,1-0,0.42126376424392614,0.5379381078564144,0.04079812789965935
0-1,1-0,0.4486259519289567,0.5104876767281974,0.04088637134284554
1-0,1-0,0.42900479845968775,0.5301776171771252,0.0408175843631872
1-0,1-0,0.4177507902096662,0.5414632341558561,0.040785975634477764
1-0,1-0,0.4550982994702785,0.5039804140600079,0.04092128646971349
1-0,1-0,0.4397114686606153,0.5194199791112859,0.04086855222809875
0-1,1-0,0.4225370178685303,0.5365968871597906,0.04086609497167891
1-0,1-0,0.4133261071770069,0.5458676915444237,0.040806201278569335
0-1,1-0,0.46308918009584815,0.4959841825073405,0.040926637396811405
0-1,1-0,0.4205669003939935,0.5385787285650112,0.040854371040995235
0-1,1-0,0.4283672103815009,0.5307919588978793,0.04084083072061988
0-1,1-0,0.4435540565816359,0.5156020276395692,0.04084391577879517
0-1,1-0,0.4296846368606333,0.5294306343860028,0.04088472875336371
1-0,0-1,0.6016131738508945,0.3568399113161607,0.04154691483294494
0-1,1-0,0.433204066818013,0.5259601994421867,0.04083573373980015
1-0,1-0,0.42599693320452164,0.5331879543343929,0.040815112461085545
1-0,1-0,0.44904923154119636,0.5100793424012687,0.04087142605753486
0-1,0-1,0.5452566631658748,0.4134707834985119,0.04127255333561315
1/2-1/2,0-1,0.5509658770056785,0.4077415504106924,0.04129257258362906
0-1,1-0,0.42005535250456955,0.5391576187809967,0.04078702871443358
1-0,1-0,0.4763902927544126,0.48263664953374996,0.04097305771183758
1-0,1-0,0.4148409992084256,0.5443098882250753,0.04084911256649892
1-0,1-0,0.44115990283735756,0.517932768223218,0.040907328939424344
1-0,1-0,0.41378650768133385,0.5454126174882704,0.04080087483039573
1-0,1-0,0.4199214103510099,0.5392863592045167,0.04079223044447322
0-1,1-0,0.5101315612720423,0.4487457932814773,0.041122645446480366
0-1,1-0,0.41935244754212037,0.5398619473779601,0.040785605079919546
0-1,1-0,0.4205869405782102,0.5385676913207169,0.04084536810107264
1-0,1-0,0.4153939974402064,0.5438469530276536,0.040759049532140185
0-1,1-0,0.4379758091802869,0.5211458630589687,0.04087832776074418
1-0,1-0,0.43187836132516516,0.5272984177927816,0.040823220882053264
0-1,1-0,0.4142088082696028,0.5449901125718367,0.04080107915856024
1-0,1-0,0.4893678882596787,0.4696195373691339,0.041012574371187355
1-0,1-0,0.4179194179644687,0.5412697535740739,0.040810828461457324
0-1,1-0,0.42439277957846655,0.5348227570042515,0.04078446341728191
0-1,0-1,0.5333245049673981,0.4254576406846605,0.04121785434794125
1-0,1-0,0.45374698621472065,0.5053147354283999,0.040938278356879604
0-1,1-0,0.47956470536919005,0.47945790212148853,0.04097739250932148
0-1,1-0,0.4170625966369183,0.5421085792763081,0.04082882408677334
0-1,1-0,0.4142699316213278,0.5449547758370975,0.04077529254157482
1-0,1-0,0.48658065367061903,0.4724308253265082,0.040988521002872876
0-1,1-0,0.4352959309730282,0.5238743513857965,0.0408297176411752
1-0,1-0,0.41404949801797153,0.5451418431017944,0.04080865888023435
1-0,1-0,0.4136547661033054,0.545538016343459,0.04080721755323547
0-1,0-1,0.6097172879123286,0.34871640405256243,0.04156630803510892
1-0,1-0,0.41515700363955854,0.5440098099119323,0.0408331864485092
0-1,1-0,0.4784355565211221,0.48053351207957773,0.041030931399300447
0-1,1-0,0.4144946570897289,0.5446691909228109,0.040836151987460094
0-1,1-0,0.4474844200175964,0.5116055244693283,0.04091005551307541
0-1,1-0,0.415412763258302,0.5438215979777221,0.04076563876397591
0-1,1-0,0.41888825333330854,0.5403428042443487,0.04076894242234282
0-1,0-1,0.5266199169899982,0.43222790724614546,0.04115217576385637
0-1,1-0,0.41388555968184315,0.5452908930145854,0.04082354730357137
1-0,1-0,0.41519282271085395,0.5432756310462533,0.04153154624289278
1-0,1-0,0.4193595672082287,0.5398389201155211,0.040801512676250026
1-0,1-0,0.417046737091926,0.5421565426257096,0.04079672028236426
0-1,0-1,0.5881511781540919,0.37039485099357605,0.04145397085233223
1-0,1-0,0.45520850396098805,0.5038886190853862,0.04090287695362595
0-1,1-0,0.4285189438099118,0.5306444301452061,0.04083662604488212
0-1,1-0,0.4657886133587338,0.4932932420457303,0.04091814459553601
0-1,1-0,0.4262024289906983,0.5329211616518337,0.040876409357467995
1-0,1-0,0.43295376666431407,0.5261913480683399,0.04085488526734596
1-0,1-0,0.44119890140996376,0.5179327211026801,0.04086837748735623
0-1,0-1,0.539474763873517,0.4192886663411321,0.041236569785350764
1-0,1-0,0.4393660156585079,0.5197834598022775,0.04085052453921434
1-0,1-0,0.42994918064438226,0.5292399253381175,0.040810894017499884
0-1,1-0,0.46019355678787405,0.4989030404313743,0.040903402780751524
0-1,1-0,0.4498845897266464,0.5092489356658335,0.04086647460751992
0-1,0-1,0.6230588659345118,0.32721482634032595,0.04972630772516219
1-0,1-0,0.4174845017062354,0.5417321207121776,0.040783377581587045
1-0,1-0,0.4138915329195885,0.5453431715643519,0.04076529551605981
1-0,1-0,0.4161689611635198,0.5430159134842238,0.040815125352256516
1-0,1-0,0.45616845472108125,0.5029422614530251,0.0408892838258936
1-0,1-0,0.41259240315351253,0.546639332169301,0.04076826467718659
1-0,1-0,0.4673564734517007,0.4917147234452071,0.04092880310309201
1-0,1-0,0.4765600595172957,0.4824753097486674,0.040964630734036854
1-0,1-0,0.4178785698746756,0.5412675604715907,0.040853869653733534
1-0,1-0,0.4250809241650391,0.5340643210653853,0.04085475476957538
1-0,0-1,0.624513279244899,0.33383474691514037,0.04165197383996041
1-0,1-0,0.4152490357493276,0.5468011230161515,0.03794984123452092
1-0,1-0,0.46958434208913497,0.489475326802676,0.040940331108188906
0-1,0-1,0.6142180814012327,0.32772603679346796,0.058055881805299414
1-0,1-0,0.4144112242089074,0.5447585361194951,0.04083023967159745
0-1,1-0,0.4157425426591663,0.5434183175565559,0.04083913978427772
0-1,1-0,0.41362785310902356,0.54556562342158,0.040806523469396776
1-0,1-0,0.4157967103050066,0.5434080459923923,0.04079524370260101
1-0,1-0,0.4908469049857573,0.46813621164682884,0.04101688336741387
1/2-1/2,1-0,0.4287078120457187,0.5304121959850608,0.040879991969220486
1-0,1-0,0.415271957421316,0.5438955420873693,0.04083250049131485
0-1,1-0,0.4218443049147296,0.5372626894204263,0.04089300566484434
0-1,1-0,0.41781357238549033,0.5413636246599696,0.04082280295454015
1-0,1-0,0.4156201094207845,0.5435909460244054,0.04078894455481024
1-0,1-0,0.4883133111387998,0.47063022454076475,0.04105646432043531
0-1,1-0,0.4182295983126309,0.5409624097747394,0.04080799191262988
0-1,1-0,0.4906051760986193,0.4683958742812375,0.040998949620143194
1/2-1/2,1-0,0.42192040484862664,0.5372769731210613,0.040802622030312125
0-1,1-0,0.5005538978011769,0.4583663058203785,0.04107979637844468
1-0,1-0,0.4150135128626628,0.5442261832163551,0.04076030392098236
0-1,1-0,0.48069185076141174,0.47832034081186253,0.040987808426725836
1-0,1-0,0.4977894954775686,0.46111488370572246,0.04109562081670888
1-0,1-0,0.41401714225587005,0.5452283627857083,0.040754494958421796
1-0,1-0,0.41846211329038646,0.5406992146346049,0.0408386720750088
1-0,1-0,0.4152128104569943,0.5440270293517812,0.04076016019122477
1-0,1-0,0.4168578111270395,0.5419494608871973,0.04119272798576311
1-0,0-1,0.635947338181345,0.321104869720089,0.04294779209856622
1-0,1-0,0.41261478924275635,0.5464814903049734,0.04090372045227026
1-0,1-0,0.41733191855298124,0.5418420782954843,0.040826003151534423
0-1,1-0,0.4233963665862268,0.5355851096765263,0.04101852373724688
0-1,1-0,0.49623416953204263,0.4627352524627574,0.04103057800519987
1-0,0-1,0.6214535846372524,0.33698570680607653,0.041560708556670975
0-1,1-0,0.4151768198692145,0.5438695310658838,0.040953649064902085
0-1,1-0,0.4163406205452203,0.5428404280163475,0.04081895143843231
0-1,1-0,0.44163009061804676,0.5175272543160646,0.040842655065888654
1-0,1-0,0.46731757997885554,0.4917085534673665,0.04097386655377815
0-1,0-1,0.5919280018042541,0.3666146987508753,0.04145729944487065
0-1,1-0,0.41924201177394177,0.5399282620676271,0.04082972615843115
1-0,1-0,0.5040400618944069,0.4548494862543904,0.041110451851202476
0-1,1-0,0.46594737482639137,0.4931118523475658,0.0409407728260427
1-0,1-0,0.4242652950272305,0.5348685410952461,0.04086616387752333
1-0,1-0,0.4900826510121487,0.46885726076283296,0.04106008822501823
0-1,1-0,0.4386564081765633,0.5204457081643341,0.04089788365910273
1-0,1-0,0.4199612591449738,0.5392096147559498,0.04082912609907653
0-1,1-0,0.414057245135732,0.5451319165898858,0.04081083827438221
1-0,1-0,0.4170195298565217,0.5421864977398281,0.04079397240364981
1-0,1-0,0.4169348960875159,0.5422216342110945,0.04084346970138967
0-1,1-0,0.4897260964663225,0.4692197874205446,0.041054116113133005
1-0,1-0,0.41996290492504473,0.5391758976442377,0.0408611974307174
0-1,1-0,0.41403292928688884,0.5452163903669567,0.040750680346154707
0-1,1-0,0.48930782025802944,0.46968463107801983,0.04100754866395054
0-1,1-0,0.4135905445872927,0.5456170858713475,0.0407923695413598
1-0,1-0,0.46472017069394594,0.49429941201584465,0.040980417290209424
0-1,1-0,0.4163982805203239,0.5427587716695202,0.04084294781015569
1-0,1-0,0.4138131751289532,0.5453554422255917,0.040831382645455154
1-0,1-0,0.413824492225792,0.545387685942016,0.04078782183219219
0-1,1-0,0.4385453031693436,0.5206108355060697,0.04084386132458668
0-1,0-1,0.5239151455509569,0.43493923619335284,0.04114561825569044
0-1,1-0,0.4246493086873548,0.5345642861619563,0.040786405150688966
0-1,1-0,0.46147294910655384,0.49754333889197616,0.04098371200147008
0-1,1-0,0.41465528101241594,0.5445759475132438,0.04076877147434017
1-0,1-0,0.44292239158608127,0.5161644140668424,0.04091319434707627
1-0,1-0,0.5109687976151099,0.44790219595224384,0.04112900643264619
1-0,1-0,0.4278692374888757,0.5313361069183888,0.04079465559273533
1-0,1-0,0.4814506545703187,0.47757598422943537,0.04097336120024576
1-0,0-1,0.6306817257823634,0.32756548450359496,0.04175278971404157
1-0,1-0,0.42268079886493454,0.5364116460619311,0.04090755507313432
0-1,1-0,0.42768650274829423,0.5314614544419889,0.040852042809717055
0-1,1-0,0.41887012850970995,0.5403411052567734,0.040788766233516696
1-0,1-0,0.4951588213452507,0.46382708467570893,0.041014093979040475
0-1,1-0,0.4255054998068939,0.5337092186392374,0.040785281553868916
0-1,1-0,0.42900753531046526,0.5301526877777087,0.040839776911826
*,1-0,0.42251030402760514,0.5367039681156637,0.04078572785673111
0-1,1-0,0.4291100251573149,0.5300544327374607,0.04083554210522429
1-0,1-0,0.4266736954490751,0.5324646843305608,0.040861620220364124
1-0,1-0,0.47925467481405243,0.47976864365529237,0.040976681530655236
0-1,1-0,0.4370706691229803,0.522086831114763,0.04084249976225686
1-0,1-0,0.418963837656311,0.5400823860222784,0.04095377632141029
0-1,1-0,0.5116428882413638,0.44722228735732206,0.0411348244013143
1-0,1-0,0.4459616308737879,0.5131719978834173,0.040866371242794595
0-1,1-0,0.41369202107920894,0.5455420940081407,0.04076588491265058
0-1,0-1,0.5858173418237811,0.3721151182603188,0.0420675399159001
1-0,1-0,0.4278152637211941,0.5313465873746255,0.04083814890418033
0-1,1-0,0.4670871589146848,0.49196558568002385,0.040947255405291524
0-1,1-0,0.420938108822625,0.5382078153788938,0.04085407579848103
0-1,1-0,0.42163191968024366,0.5375014286147375,0.04086665170501907
0-1,0-1,0.5341560206168932,0.4246809740684381,0.04116300531466876
1-0,1-0,0.43416430940619855,0.5250131946980993,0.040822495895701964
0-1,1-0,0.41841301772712386,0.5407494728002337,0.04083750947264224
0-1,1-0,0.4762682265108992,0.4827348959595221,0.0409968775295784
1-0,1-0,0.4450197753579275,0.514122366637231,0.040857858004841235
1-0,1-0,0.4237063503971809,0.5354251345941516,0.040868515008667415
1-0,1-0,0.44164032696869465,0.5174488634521299,0.04091080957917559
1-0,1-0,0.505997053600926,0.4529440156649064,0.04105893073416769
0-1,1-0,0.4159681760851012,0.543186608002871,0.04084521591202749
0-1,1-0,0.4264626993280183,0.5327237693291502,0.040813531342831694
0-1,1-0,0.45004323936323654,0.5090254554361903,0.04093130520057308
1-0,1-0,0.45808374964266657,0.5009782443911875,0.040938005966145656
0-1,0-1,0.5716970912814227,0.3869156158680405,0.04138729285053694
0-1,1-0,0.44938317655527454,0.509738188931931,0.04087863451279437
0-1,1-0,0.4518548082426916,0.5072488296865765,0.040896362070731954
0-1,1-0,0.4368210002335014,0.5223120649642078,0.04086693480229105
1-0,1-0,0.416501049303476,0.5426650447747635,0.04083390592176046
1-0,1-0,0.48135689848531277,0.47766120371269566,0.04098189780199128
0-1,1-0,0.48590566357013176,0.47308973652010644,0.04100459990976161
1-0,1-0,0.41095542609257196,0.5482111581790693,0.040833415728358746
1-0,1-0,0.4577352394142997,0.5013376558501826,0.040927104735517764
1-0,1-0,0.41762587937619067,0.5415596342089564,0.040814486414853045
0-1,1-0,0.46666041743899095,0.49237980387396624,0.04095977868704276
0-1,1-0,0.50114467024681,0.4577827882649314,0.04107254148825853
1-0,1-0,0.48712877423442785,0.47188233796373225,0.04098888780183996
0-1,1-0,0.48747374572987734,0.47148970589952227,0.0410365483706005
0-1,1-0,0.4202810177907005,0.5388982058374219,0.040820776371877546
0-1,1-0,0.41904226339869166,0.5401798528260986,0.040777883775209856
1-0,1-0,0.4150704665682279,0.5441307180033088,0.04079881542846316
1-0,1-0,0.4530942084199908,0.5060097783318508,0.04089601324815819
1-0,1-0,0.4182475482944695,0.5409592144180427,0.040793237287487946
1-0,1-0,0.4372588108032168,0.5218486043107519,0.04089258488603124
0-1,1-0,0.4510438672058483,0.508068821358078,0.04088731143607378
1-0,1-0,0.4248761219053748,0.5343254184685247,0.040798459626100375
0-1,1-0,0.4320326209929758,0.5271276521051639,0.04083972690186062
1-0,1-0,0.44321281868496093,0.5159261503376978,0.0408610309773413
1-0,1-0,0.4167085259746695,0.5425289116031823,0.04076256242214858
0-1,1-0,0.4862359134683204,0.4727464016146128,0.041017684917066935
0-1,0-1,0.6125299453735313,0.3458808569187829,0.0415891977076858
1-0,1-0,0.4255437336344783,0.5335685369555757,0.04088772940994588
0-1,1-0,0.4529810927922932,0.5060735859499278,0.040945321257779076
1-0,1-0,0.41636779406428515,0.5428338255395555,0.04079838039615918
0-1,1-0,0.42077744297298336,0.5383831703844311,0.04083938664258594
0-1,0-1,0.5399576751669259,0.4188071577737523,0.04123516705932181
1/2-1/2,1-0,0.48332994059598283,0.4756759421657959,0.04099411723822114
1-0,1-0,0.4508286042085974,0.5082834750288784,0.04088792076252425
1-0,1-0,0.41528498776594736,0.5438761240867082,0.0408388881473442
1-0,1-0,0.42263324872416963,0.536578595282439,0.04078815599339118
0-1,1-0,0.42777008259701055,0.5313779449762279,0.04085197242676126
1-0,1-0,0.41651785146459197,0.5426936483328778,0.04078850020253029
0-1,1-0,0.46958434208913497,0.489475326802676,0.040940331108188906
1-0,1-0,0.5019443305716964,0.4569646732973421,0.041090996130961614
0-1,1-0,0.45374695839616136,0.5052901654176414,0.04096287618619724
0-1,1-0,0.41850419408845546,0.5407220598323106,0.04077374607923372
0-1,1-0,0.46028988875411914,0.49880290948962425,0.04090720175625626
1-0,1-0,0.43639815480001226,0.5227163022843495,0.0408855429156381
0-1,0-1,0.6011971326441381,0.3573391629195451,0.04146370443631686
0-1,1-0,0.41334319960624444,0.545850479562451,0.04080632083130452
0-1,1-0,0.4162439573747994,0.5429069738403608,0.04084906878483989
0-1,0-1,0.5696158817315483,0.3891026289575549,0.04128148931089675
0-1,0-1,0.5788982057444398,0.37977368458507305,0.04132810967048716
1-0,1-0,0.4101697634399499,0.549044496842035,0.04078573971801507
1-0,1-0,0.4269518361676968,0.5322312486187817,0.04081691521352162
1-0,1-0,0.41516710016249614,0.5440426828024265,0.04079021703507738
0-1,1-0,0.4152077559183225,0.5440527673651051,0.040739476716572555
1/2-1/2,1-0,0.4848426075306142,0.4741482573979777,0.04100913507140804
1-0,1-0,0.4148912822452772,0.5442894258457237,0.040819291908999106
1-0,1-0,0.4232139233682156,0.5359979351309557,0.040788141500828684
1-0,1-0,0.44393322887321074,0.515210855959034,0.04085591516775494
1-0,1-0,0.4936279418541214,0.46536143819789844,0.041010619947980144
0-1,1-0,0.43229515109071714,0.5269041252563043,0.04080072365297839
1-0,1-0,0.4506916526135915,0.5083761479174581,0.04093219946895045
1-0,1-0,0.49439405064265546,0.4645518803398488,0.04105406901749556
0-1,1-0,0.45256980843656447,0.5065307529795247,0.04089943858391088
0-1,1-0,0.5140313924414814,0.44483023326270577,0.04113837429581261
1-0,1-0,0.4481919416451634,0.510911877479707,0.04089618087512981
1-0,1-0,0.4265170191150911,0.532675137667697,0.040807843217212085
0-1,1-0,0.44882478010227445,0.5102566324850573,0.04091858741266832
0-1,0-1,0.5373229529614819,0.42144659488380243,0.041230452154715685
1-0,1-0,0.42420674725754404,0.5350107471381905,0.04078250560426558
0-1,0-1,0.5396960422487379,0.4191429348493503,0.041161022901911835
1-0,1-0,0.4389507778609096,0.52016348366709,0.04088573847200032
1-0,1-0,0.4122445146542028,0.5469177292414689,0.040837756104328354
0-1,1-0,0.44880594532477036,0.5103215477775973,0.040872506897632326
0-1,0-1,0.5748011815617822,0.3838518553980953,0.04134696304012268
1-0,1-0,0.44237981908408847,0.5167549770501194,0.04086520386579191
1-0,1-0,0.42427198361478546,0.5349519073177336,0.0407761090674812
0-1,0-1,0.5460143595782793,0.41273581300133494,0.04124982742038563
1-0,1-0,0.45167482037981876,0.507431532374806,0.04089364724537514
0-1,1-0,0.42614637230244345,0.5330330488383657,0.04082057885919089
0-1,1-0,0.45137848996292146,0.5077459848585603,0.04087552517851836
1-0,1-0,0.4504947867240489,0.5086449735359795,0.04086023973997153
0-1,0-1,0.550008661715223,0.40870021747948937,0.04129112080528759
0-1,1-0,0.41311017758756063,0.5461286975793392,0.04076112483310019
1-0,1-0,0.4139804717434986,0.545182637667953,0.040836890588548176
1-0,1-0,0.45637580820119816,0.5026618093660834,0.040962382432718235
0-1,1-0,0.4172324771410424,0.5419249504188721,0.040842572440085635
1-0,1-0,0.4135326408084313,0.545710586341634,0.040756772849934716
1-0,0-1,0.5373844646023253,0.4214123191523015,0.04120321624537304
1-0,1-0,0.4250840780871861,0.5340412138713381,0.04087470804147587
0-1,1-0,0.465061292247265,0.4939742648683252,0.04096444288440994
1-0,1-0,0.4270408806208439,0.5427615885794931,0.03019753079966306
0-1,1-0,0.42453683436963646,0.5346119377492398,0.0408512278811238
0-1,0-1,0.6120153544110203,0.3464578838578481,0.04152676173113167
0-1,0-1,0.6509970147540487,0.30555277106835743,0.04345021417759381
0-1,1-0,0.4622936974578352,0.49676429249648624,0.04094201004567827
1-0,1-0,0.41511299631701726,0.5441030422468518,0.040783961436130944
1-0,1-0,0.4214422977158486,0.5377882499582194,0.040769452325931876
0-1,1-0,0.4142516437657163,0.5449313417999667,0.040817014434317005
1-0,1-0,0.4143799584433265,0.544851757793197,0.04076828376347702
1-0,1-0,0.41319868321476805,0.545976488735282,0.04082482804995016
1-0,1-0,0.4214799327551869,0.5377279174175779,0.04079214982723515
1-0,1-0,0.465607124393557,0.4934744637612652,0.04091841184517768
0-1,1-0,0.415315492407983,0.5438888192806777,0.04079568831133936
0-1,1-0,0.434779032330183,0.5243739171254087,0.040847050544408244
1-0,1-0,0.48992640386991315,0.4690249177317198,0.04104867839836703
1-0,1-0,0.4195346913272369,0.5396634643576709,0.04080184431509237
0-1,1-0,0.44876479367462124,0.5103534739140883,0.04088173241129042
1-0,1-0,0.43375796231616637,0.5253495162257624,0.04089252145807104
1-0,1-0,0.4159716060369003,0.543229694099518,0.0407986998635816
1-0,1-0,0.4163637056081823,0.5427818741961821,0.040854420195635566
0-1,1-0,0.4260500514954153,0.533146988454206,0.04080296005037852
0-1,1-0,0.4123439665730491,0.5468199582736514,0.04083607515329916
1-0,1-0,0.46323671557182083,0.495838303169536,0.04092498125864321
1-0,1-0,0.4211701824081363,0.5379864399658576,0.040843377626006185
0-1,1-0,0.4275185599724449,0.5305227406726486,0.04195869935490634
0-1,0-1,0.617645773512738,0.3277739530812147,0.05458027340604735
0-1,0-1,0.6221937076683184,0.3361502809299376,0.04165601140174365
0-1,1-0,0.41820367562705496,0.5402541689889812,0.04154215538396387
1-0,1-0,0.42052713721850454,0.5523951015079115,0.027077761273583977
0-1,1-0,0.41670052287013376,0.542518200007902,0.040781277121964284
1-0,1-0,0.42105563333306784,0.5380914747427856,0.040852891924146637
0-1,1-0,0.46366002830273795,0.49540048239405876,0.04093948930320356
1-0,1-0,0.4795001327591906,0.47953713650780044,0.04096273073300889
0-1,1-0,0.4889654086089578,0.4699875913887529,0.041047000002289405
0-1,1-0,0.41625533848561114,0.5429676027824019,0.04077705873198719
0-1,1-0,0.4729809668730485,0.486035880773908,0.04098315235304321
1-0,1-0,0.4133774846195279,0.5457894310343395,0.04083308434613275
1/2-1/2,1-0,0.5123689428177748,0.4465430288083323,0.04108802837389292
1-0,1-0,0.41985257019761196,0.5393655656940515,0.04078186410833654
0-1,1-0,0.4282374293696203,0.5309008523386967,0.04086171829168281
0-1,1-0,0.46694129475022506,0.49210973222902926,0.04094897302074573
1-0,1-0,0.5033666926157141,0.46324718036407847,0.03338612702020722
1-0,1-0,0.4239254380253613,0.5352855181207485,0.04078904385388995
0-1,1-0,0.4220162330344159,0.5371334442959624,0.040850322669621485
0-1,1-0,0.5046776198928942,0.45423505084335336,0.04108732926375251
1-0,1-0,0.474963605298837,0.4840099127720311,0.04102648192913209
1-0,1-0,0.4452491557790201,0.5139012307982417,0.040849613422738046
1-0,1-0,0.42435811565633985,0.5348461473679665,0.0407957369756937
1-0,1-0,0.4347242278397674,0.5238260851437203,0.04144968701651247
1-0,1-0,0.48572241503845187,0.4732313148192487,0.04104627014229963
0-1,0-1,0.5903167228687385,0.3682734480133712,0.041409829117890186
1-0,1-0,0.41451867237990636,0.5446804765347945,0.040800851085299066
1-0,1-0,0.4309802588630228,0.5281948676185375,0.04082487351843972
1-0,1-0,0.42157690861917796,0.5375761248620499,0.04084696651877214
1-0,1-0,0.42456251104010906,0.5346290987665736,0.040808390193317265
1-0,1-0,0.41763683591231493,0.5413837957523262,0.040979368335358854
1-0,1-0,0.5005563691838173,0.45834832776337436,0.041095303052808424
1-0,1-0,0.45714802871988813,0.501897342995048,0.04095462828506381
1-0,1-0,0.42434327642181735,0.5347844938825923,0.04087222969559029
1-0,1-0,0.4435695732294276,0.5155662671645559,0.04086415960601647
0-1,1-0,0.488407000948135,0.47053856456501575,0.04105443448684946
1-0,1-0,0.42408811866442175,0.5350809537370287,0.040830927598549796
0-1,1-0,0.4743281976262414,0.4846915861624913,0.04098021621126736
1-0,1-0,0.41350692097187886,0.5457117758752634,0.04078130315285755
1-0,1-0,0.413287561830512,0.5458779701958268,0.040834467973660964
0-1,1-0,0.4288605230578423,0.5303403761923899,0.04079910074976787
0-1,1-0,0.43078970559102253,0.528398763673096,0.04081153073588118
1-0,1-0,0.43412309146608713,0.5250405353788512,0.04083637315506168
1-0,1-0,0.4233917133700435,0.5358008935561296,0.04080739307382714
1-0,1-0,0.4372503747830462,0.521876880046073,0.040872745170881054
1-0,1-0,0.4688133125485925,0.4902611519392,0.040925535512207706
1-0,0-1,0.5232310758954596,0.4355930104921826,0.04117591361235787
1-0,1-0,0.42003335252670687,0.5391925957135613,0.0407740517597317
0-1,0-1,0.5220275381404399,0.4367958923686538,0.04117656949090606
1-0,1-0,0.47092692618666027,0.4881370619842948,0.040936011829045126
0-1,0-1,0.5395564580870554,0.4192200930306992,0.04122344888224551
1-0,1-0,0.4657556809949928,0.49333031507123853,0.04091400393376863
0-1,1-0,0.4134328400351584,0.545745480990716,0.04082167897412567
1-0,1-0,0.4753203331124623,0.48367040697846947,0.04100925990906815
0-1,0-1,0.564614749905779,0.39402671213060303,0.041358537963618075
1-0,1-0,0.4153823344074983,0.5437918998012068,0.04082576579129477
0-1,1-0,0.4138175825005112,0.5453644753375801,0.04081794216190869
1/2-1/2,1-0,0.5177291120365337,0.4411705725910192,0.04110031537244701
0-1,1-0,0.43324446825471796,0.5258540391072777,0.04090149263800427
0-1,1-0,0.48176444003941293,0.47725174042460855,0.04098381953597859
1-0,1-0,0.414863287718165,0.5443067077956948,0.04083000448614006
0-1,1-0,0.452216905977261,0.506879303103926,0.040903790918812834
1/2-1/2,1-0,0.5197669972697052,0.4391160112380006,0.04111699149229408
0-1,1-0,0.4140140748142054,0.5451681982924267,0.040817726893367885
1-0,1-0,0.42479408445916705,0.5343306900729908,0.04087522546784217
1-0,1-0,0.41474910946721766,0.5444226296519927,0.04082826088078973
1-0,0-1,0.5773934164819464,0.3812907449274828,0.04131583859057055
0-1,1-0,0.41022430506957774,0.5489643132205824,0.04081138170983991
1-0,1-0,0.41858939194406675,0.5404342668840015,0.04097634117193154
1-0,1-0,0.4777505589371922,0.4812329147165573,0.04101652634625033
0-1,1-0,0.46445365498914093,0.49460142090641224,0.04094492410444671
1-0,1-0,0.503530433355346,0.45539435011843554,0.04107521652621855
0-1,1-0,0.412753826353998,0.5464146295065422,0.04083154413945976
1-0,0-1,0.5429318879031747,0.4158773746629283,0.041190737433896826
0-1,1-0,0.4996169067942112,0.4593477552465039,0.041035337959285045
0-1,1-0,0.4141114496727741,0.545133852475878,0.04075469785134775
1-0,0-1,0.5640683479627038,0.3945823862718309,0.041349265765465264
0-1,0-1,0.5728764701012907,0.38577092009651526,0.041352609802194226
1-0,1-0,0.48542804495232017,0.47354801716000433,0.04102393788767558
0-1,1-0,0.44099137897321233,0.5181586336636608,0.04084998736312662
0-1,1-0,0.4337632398744319,0.5254153951687714,0.040821364956796766
1-0,1-0,0.41792209768333843,0.5412418447350512,0.04083605758161036
1-0,1-0,0.4622423220320446,0.4968207668013466,0.04093691116660869
1-0,1-0,0.43912848184302894,0.519968105612504,0.04090341254446713
1-0,1-0,0.415412214787954,0.5437615076150901,0.04082627759695589
0-1,1-0,0.42486301774631513,0.5343075577392442,0.040829424514440445
0-1,1-0,0.4152023366275892,0.5440379406549698,0.04075972271744088
1/2-1/2,1-0,0.41369923228560307,0.5455459610128205,0.04075480670157681
1-0,1-0,0.4162977359786238,0.5429447193296721,0.04075754469170405
0-1,0-1,0.6162113627866335,0.34223328222194044,0.04155535499142623
1-0,1-0,0.43196598251116763,0.5271765980281371,0.04085741946069499
0-1,1-0,0.4322182136307383,0.5269652452444046,0.04081654112485706
1-0,0-1,0.5241428499850445,0.4347572237944277,0.041099926220527896
1-0,0-1,0.588070766270838,0.37044255355671496,0.04148668017244738
0-1,1-0,0.42276487732198537,0.5364439749416084,0.04079114773640589
0-1,1-0,0.4140017516053785,0.5452291551665163,0.040769093228105104
1-0,1-0,0.41561896920591546,0.5435470287784144,0.040834002015670064
1-0,1-0,0.44037419375597153,0.5187750312497286,0.04085077499430001
1-0,1-0,0.4122602980317998,0.5468997966989094,0.04083990526929075
0-1,1-0,0.42630925915590295,0.5328145357977694,0.04087620504632791
1/2-1/2,1-0,0.41753749614947344,0.5416662282880474,0.0407962755624791
1-0,1-0,0.4149204581197115,0.5442943944107465,0.040785147469542024
0-1,0-1,0.6279582187838113,0.33000157510253275,0.04204020611365599
1-0,1-0,0.41448998170339013,0.5447312602125851,0.04077875808402468
0-1,1-0,0.4379299133408703,0.5211575853989853,0.04091250126014431
1-0,1-0,0.4325315524547795,0.5266411183962372,0.040827329148983016
1/2-1/2,1-0,0.44337858694715504,0.5157146161350394,0.04090679691780575
0-1,1-0,0.42380358800043594,0.535327024724808,0.04086938727475645
0-1,1-0,0.49800422412444656,0.4609216803325607,0.041074095542992774
1-0,1-0,0.43147867952196883,0.5276686402129137,0.040852680265117416
1/2-1/2,1-0,0.41754491317101255,0.541695226449816,0.040759860379171224
0-1,1-0,0.41916956399782335,0.5400108264830412,0.04081960951913499
0-1,1-0,0.41524901038824324,0.5439121214907033,0.04083886812105342
1-0,1-0,0.4548129054608308,0.50427606613591,0.04091102840325924
1-0,1-0,0.419672398991982,0.539544506419697,0.040783094588320884
0-1,1-0,0.4524544947722934,0.506586566660399,0.04095893856730748
0-1,1-0,0.4944575939749782,0.46449048531076687,0.041051920714255
1-0,1-0,0.40381370029135705,0.5554322907516855,0.040754008956957265
1-0,1-0,0.4180829027578328,0.5409582107009212,0.0409588865412458
1-0,1-0,0.44746132949077305,0.5115812656926295,0.040957404816597494
1-0,0-1,0.5499541180978006,0.4088061111681997,0.041239770734000016
0-1,1-0,0.42187048227173707,0.537346455560764,0.040783062167499086
0-1,1-0,0.4136249637924944,0.5455437202159755,0.04083131599153
0-1,1-0,0.4732180773806947,0.4858392282155639,0.04094269440374133
1-0,1-0,0.4249669230093645,0.5341669872111342,0.040866089779501506
0-1,0-1,0.6239457841874665,0.33430229594735467,0.04175191986517869
0-1,0-1,0.620851023453242,0.3375700652495738,0.041578911297184495
0-1,1-0,0.46950699071254226,0.4895383320551527,0.040954677232305024
1-0,1-0,0.4291841297804694,0.5299382298733368,0.040877640346193705
0-1,1-0,0.49280414535145844,0.46425055589254466,0.04294529875599716
1/2-1/2,0-1,0.5423817439428582,0.41635635232553236,0.041261903731609394
1-0,1-0,0.41469880690459343,0.544559980696233,0.040741212399173395
0-1,1-0,0.4188291141259014,0.540326784426823,0.04084410144727561
1-0,1-0,0.4468346360433736,0.5122525720273795,0.04091279192924716
0-1,1-0,0.4756593412534115,0.4833347563089554,0.04100590243763307
1-0,1-0,0.42921788344242073,0.5299296525655863,0.040852463991992854
0-1,1-0,0.45761631078854675,0.5014614334351438,0.040922255776309466
0-1,1-0,0.4132712469139072,0.5459155651416138,0.04081318794447896
1/2-1/2,0-1,0.5250693640154135,0.43374729058093775,0.041183345403648645
0-1,1-0,0.45068264436567174,0.5084263833158644,0.04089097231846383
0-1,1-0,0.41592598909912243,0.543246622808491,0.040827388092386514
1-0,1-0,0.43541699792387367,0.5237560980145555,0.04082690406157094
0-1,1-0,0.421669573096179,0.537489419549874,0.04084100735394697
1-0,1-0,0.4218068017665616,0.528304287298542,0.04988891093489637
1-0,0-1,0.598750711661551,0.3597300600019035,0.04151922833654543
1-0,1-0,0.44369810319331876,0.5153899502586101,0.04091194654807125
1-0,1-0,0.41862212649893116,0.54035221523713,0.041025658263938586
1-0,1-0,0.41837446039744797,0.5408041678757518,0.040821371726800136
1-0,1-0,0.4165775277448799,0.5426083700342287,0.040814102220891414
1-0,1-0,0.42180740077881196,0.5374015322126718,0.040791067008516056
0-1,1-0,0.471904694713814,0.4871233280956265,0.04097197719055981
1-0,1-0,0.5187834743414366,0.44006061792653445,0.04115590773202904
1-0,1-0,0.4133736406641181,0.5458398453429716,0.04078651399291049
0-1,1-0,0.42836338526429885,0.5307926205813158,0.0408439941543853
0-1,0-1,0.5596654917443673,0.39904362458292014,0.04129088367271256
1-0,1-0,0.4435599337047463,0.5155705080828594,0.040869558212394186
1-0,0-1,0.5298294876323432,0.42899622224842293,0.04117429011923411
1-0,1-0,0.4820337563728155,0.47699535137050314,0.04097089225668149
1-0,0-1,0.5728309592682417,0.38577189804073425,0.04139714269102391
1-0,1-0,0.4134409356655256,0.5457237197495998,0.04083534458487453
1-0,1-0,0.4416270681058726,0.5175205559944775,0.040852375899649906
1/2-1/2,0-1,0.5253710285079881,0.4334726413054702,0.04115633018654168
1-0,1-0,0.42087305685471776,0.5382531800042402,0.040873763141042324
0-1,1-0,0.46387970187203903,0.4951874785011664,0.040932819626794376
1-0,1-0,0.41343598970673556,0.5457838541534294,0.04078015613983482
0-1,1-0,0.4225324089873852,0.5366817491333826,0.04078584187923207
1-0,1-0,0.41680546367001575,0.5424185668209172,0.040775969509067096
0-1,1-0,0.4187214558921642,0.5402305671363736,0.041047976971462195
1-0,0-1,0.5484254860218918,0.4102921724421531,0.041282341535955024
1-0,1-0,0.417325551189465,0.54191583001087,0.04075861879966496
1-0,1-0,0.4157129302823938,0.5434614107909943,0.040825658926611684
0-1,0-1,0.6415369638655695,0.3157108739848683,0.042752162149562234
1-0,1-0,0.43248768024771755,0.5266796415085991,0.04083267824368367
0-1,1-0,0.42820141883375235,0.5309134786595885,0.04088510250665942
1-0,1-0,0.5046019113227314,0.4542877017469062,0.041110386930362494
1-0,1-0,0.4482793604363859,0.5108233381860191,0.0408973013775952
1/2-1/2,1-0,0.42624241618255854,0.5328801048515648,0.04087747896587652
1-0,1-0,0.44473267217646206,0.5143923084218551,0.04087501940168276
1-0,1-0,0.4857295081230899,0.47323241625756446,0.04103807561934549
0-1,1-0,0.5011160104708472,0.4578085542041255,0.04107543532502722
1-0,1-0,0.4161595969718103,0.5429968809918501,0.04084352203633962
0-1,1-0,0.43298311163607345,0.526109208884185,0.040907679479741624
1-0,1-0,0.4167017710914806,0.5425042547200594,0.04079397418846007
1-0,1-0,0.43537953377263616,0.5237532872644036,0.04086717896296017
1-0,1-0,0.42217352595784974,0.5370060766139797,0.04082039742817024
1-0,1-0,0.4195255218944123,0.5396672733315384,0.04080720477404931
0-1,1-0,0.46086095864766546,0.4981821335270684,0.04095690782526621
1-0,1-0,0.42718178550339087,0.5320176385471354,0.04080057594947376
1-0,1-0,0.4620321711267265,0.4970011680055641,0.04096666086770938
1-0,1-0,0.4654479659545581,0.4936024729558265,0.04094956108961524
0-1,1-0,0.4117620956677471,0.5474639672590139,0.04077393707323903
0-1,1-0,0.4259500605082404,0.5331821500146133,0.04086778947714614
1-0,1-0,0.4140013339813922,0.5452343623804247,0.040764303638183015
1-0,1-0,0.4306824641646661,0.5284547952350734,0.0408627406002608
1-0,0-1,0.6019661012550118,0.3565445522495431,0.04148934649544519
1-0,1-0,0.43422099196185976,0.5248955338218958,0.040883474216244546
0-1,0-1,0.6072169619580747,0.3512285882362301,0.0415544498056952
1/2-1/2,1-0,0.48431432158533566,0.4746377915449701,0.04104788686969459
0-1,1-0,0.4239521800355207,0.5352672909744648,0.04078052899001436
1-0,1-0,0.45434239052464764,0.504209884738581,0.04144772473677123
1-0,1-0,0.4616235206174215,0.4974448350050851,0.04093164437749328
1-0,1-0,0.4134982311275612,0.545679896292652,0.04082187257978685
0-1,1-0,0.4377124331297257,0.5213904174866831,0.04089714938359122
0-1,1-0,0.4137299810272748,0.5454282191370043,0.040841799835720914
1/2-1/2,1-0,0.42333362802131297,0.5358543710486277,0.04081200093005958
1/2-1/2,1-0,0.43997826272901985,0.5191717588677016,0.040849978403278676
1/2-1/2,1-0,0.4401346771025379,0.5189951554431586,0.04087016745430347
0-1,1-0,0.49651121167357604,0.4624418749239489,0.04104691340247516
1-0,1-0,0.4185188543727522,0.5407311721880177,0.04074997343922984
0-1,1-0,0.43551472975057853,0.523630380270514,0.04085488997890734
0-1,1-0,0.42564622818062536,0.5335575369111114,0.040796234908263285
0-1,1-0,0.42992570639014577,0.5292228381774833,0.04085145543237092
0-1,1-0,0.4835308549516166,0.47547632858385425,0.04099281646452897
0-1,1-0,0.4503151002178681,0.5088123257381308,0.040872574044001124
1-0,0-1,0.560714176274521,0.39805387033734746,0.041231953388131626
1-0,1-0,0.44903073544215044,0.5101016825480961,0.04086758200975321
1-0,1-0,0.4137220635138497,0.5455085114061857,0.04076942507996476
0-1,1-0,0.41921551657454115,0.5399710121429483,0.04081347128251036
0-1,1-0,0.4876706449355245,0.4712625706214801,0.04106678444299532
0-1,0-1,0.5861869572114822,0.3724185340701939,0.041394508718323876
1-0,1-0,0.4167533854167579,0.5424713699764565,0.040775244606785485
1/2-1/2,1-0,0.48411156350604007,0.4748451805142468,0.04104325597971313
1-0,1-0,0.4270475745932426,0.5320843230329267,0.040868102373830574
1-0,1-0,0.47129381358015304,0.4876830009014907,0.04102318551835608
0-1,1-0,0.41366751721558864,0.5455305133679047,0.040801969416506274
0-1,1-0,0.48000922966087584,0.4789742122432138,0.041016558095910365
1-0,1-0,0.4708431324273392,0.4881502434485809,0.04100662412408
0-1,1-0,0.43672318755198625,0.5224223630501845,0.04085444939782937
0-1,1-0,0.4462453942666092,0.5128579704245286,0.0408966353088621
0-1,1-0,0.41481062817120806,0.5443577060027386,0.040831665826053194
1-0,1-0,0.42486634505326304,0.5343377295460294,0.0407959254007077
0-1,1-0,0.4398145598920263,0.5193406251549142,0.04084481495305935
0-1,1-0,0.44208007586517756,0.5170598663819527,0.04086005775286978
1-0,1-0,0.417693206285274,0.5415021188094608,0.040804674905265126
0-1,1-0,0.5203980784904964,0.43846169331479895,0.04114022819470481
1-0,1-0,0.4592932731475269,0.49975383626421904,0.040952890588254326
0-1,1-0,0.42859025683558943,0.5376822633545262,0.033727479809884206
1-0,1-0,0.44275831352574396,0.5163953175888616,0.0408463688853943
1-0,1-0,0.4665905396162825,0.49244347767499136,0.040965982708726104
0-1,1-0,0.4202828749083174,0.5389334417478424,0.040783683343840096
0-1,1-0,0.41323869799054774,0.5459284265071728,0.04083287550227943
1/2-1/2,1-0,0.4167506892666692,0.5424146775749644,0.040834633158366315
0-1,1-0,0.4183650365175293,0.5407796016825754,0.040855361799895205
1/2-1/2,1-0,0.41271325809171394,0.546454731117548,0.040832010790738026
0-1,1-0,0.5097877107552005,0.44914729299385087,0.041064996250948775
1-0,1-0,0.4189277749136026,0.5402938710474334,0.0407783540389639
0-1,1-0,0.432624578547907,0.5265045112662015,0.04087091018589154
0-1,1-0,0.5078493859539568,0.4510263843375936,0.041124229708449284
0-1,1-0,0.4555828192066565,0.5034649389807815,0.04095224181256205
1-0,1-0,0.4241568609492301,0.5350383908783383,0.04080474817243173
1-0,1-0,0.4148020674255095,0.544404942054854,0.04079299051963629
1-0,1-0,0.4823712319996679,0.47662286433694034,0.04100590366339192
1/2-1/2,1-0,0.4212652027171132,0.5378946466565325,0.040840150626354134
1-0,1-0,0.42049060132834737,0.5386476416366599,0.04086175703499275
1-0,1-0,0.4139832796987129,0.5451904313085073,0.04082628899277974
0-1,1-0,0.419550368757104,0.5395704237205446,0.04087920752235133
1-0,1-0,0.4883719810422938,0.4706282495232864,0.04099976943441998
1-0,1-0,0.4539354069911058,0.5051104189699681,0.0409541740389259
1-0,1-0,0.43144398618816426,0.5277055775610582,0.04085043625077761
1-0,1-0,0.45250451932125574,0.5065727268495371,0.04092275382920713
0-1,1-0,0.46646229137685086,0.49257567077240516,0.040962037850743725
0-1,1-0,0.419320807285218,0.5398549887150712,0.040824203999711046
1-0,1-0,0.45768821020863315,0.501383508559701,0.04092828123166587
1-0,1-0,0.5156353235043226,0.4432181779105641,0.04114649858511338
1-0,0-1,0.5890643205909875,0.36946092384901535,0.04147475555999746
0-1,0-1,0.5813271194138615,0.37730695349202353,0.04136592709411488
1-0,0-1,0.5816556912066945,0.3769444033513197,0.04139990544198581
0-1,1-0,0.4145809055941702,0.5446263644699519,0.040792729935877764
0-1,0-1,0.5702319527592562,0.38839463067419777,0.041373416566546
0-1,1-0,0.4936578152366157,0.4652841786216359,0.04105800614174858
0-1,1-0,0.4195145115958796,0.5396507527908286,0.04083473561329168
0-1,1-0,0.440540925199421,0.518560710242687,0.04089836455789204
0-1,0-1,0.6219764452672417,0.3364600464194645,0.04156350831329413
0-1,0-1,0.635527572443312,0.3208420980915272,0.04363032946516071
1-0,1-0,0.4140183551924505,0.5452107470896962,0.04077089771785349
0-1,1-0,0.42495437786984525,0.5342011931925975,0.04084442893755729
0-1,1-0,0.4139732363817217,0.545192180823435,0.04083458279484307
1/2-1/2,1-0,0.46225062840898956,0.4968590894784227,0.0408902821125877
1-0,1-0,0.4513388673065097,0.5077194172368047,0.040941715456685554
0-1,1-0,0.41671977963415,0.5424562160417388,0.040824004324111304
0-1,0-1,0.6260552766131674,0.33208381328158243,0.04186091010525029
1-0,1-0,0.46134246706084353,0.4977172073634356,0.04094032557572081
1-0,1-0,0.4159526667851239,0.5432588372359132,0.040788495978963
1-0,1-0,0.4628821944214911,0.4961858943252347,0.04093191125327419
1-0,1-0,0.44083967730369567,0.5182977727730221,0.04086254992328254
0-1,1-0,0.41421483839842477,0.5450219317856452,0.04076322981592999
0-1,1-0,0.44069282464895393,0.5184695205134938,0.04083765483755228
1-0,1-0,0.49043044564469634,0.46855376165945484,0.04101579269584887
0-1,1-0,0.4233548111480797,0.5358519062376143,0.04079328261430607
0-1,1-0,0.397707162542048,0.5603922844740377,0.04190055298391421
1-0,1-0,0.44655346266035945,0.5125537902437263,0.04089274709591408
1-0,1-0,0.4519263438050382,0.5071573533350058,0.04091630285995606
1-0,1-0,0.4814667379478897,0.47753468484360856,0.04099857720850166
0-1,1-0,0.41883016205803025,0.5404043627579825,0.04076547518398711
0-1,1-0,0.43335708790196326,0.5257588256444462,0.04088408645359023
0-1,1-0,0.423153938770565,0.535978601761513,0.040867459467922064
0-1,1-0,0.42787869048464866,0.5313146479038774,0.04080666161147422
1/2-1/2,1-0,0.4304046329013446,0.5287745588761297,0.04082080822252561
0-1,1-0,0.4543054911590606,0.5048052933563874,0.04088921548455191
0-1,1-0,0.42178659018532305,0.5373641343273928,0.040849275487284155
1-0,1-0,0.5068884426863729,0.4520069281695343,0.04110462914409298
1-0,1-0,0.4517028603627894,0.507414423900681,0.040882715736529567
1-0,1-0,0.434749292686357,0.5243526221089109,0.04089808520473216
0-1,1-0,0.4217309173278821,0.5374427793575607,0.04082630331455714
1-0,1-0,0.4168356264580202,0.5423428904089622,0.04082148313301761
1-0,0-1,0.6506960628851641,0.307464894185883,0.04183904292895313
0-1,0-1,0.64794628259246,0.308240203820275,0.04381351358726484
0-1,1-0,0.4515124954901385,0.507610277513366,0.04087722699649546
1-0,1-0,0.3957507244410693,0.5634703717954709,0.04077890376345992
0-1,1-0,0.41885678218672473,0.5403310907772078,0.04081212703606752
1/2-1/2,1-0,0.4150800194322722,0.5437022224877182,0.04121775808000987
1-0,1-0,0.5089802876910562,0.4498926026529929,0.04112710965595109
0-1,1-0,0.41278360217526605,0.5463809451871026,0.04083545263763147
0-1,1-0,0.42004509327461415,0.539094375510308,0.040860531215077635
0-1,0-1,0.558128239957835,0.4005528379530167,0.04131892208914812
1-0,1-0,0.417343357694345,0.5418414116579785,0.04081523064767648
1-0,1-0,0.4139976756467669,0.5451940510845078,0.040808273268725374
1-0,1-0,0.43657452345015385,0.5225715558550815,0.04085392069476482
0-1,1-0,0.4775861080286498,0.48145608903996756,0.04095780293138266
0-1,1-0,0.46590192227094224,0.4931058552396954,0.04099222248936209
1-0,0-1,0.6432661832756744,0.3150910847914577,0.04164273193286802
1-0,1-0,0.5066195480489492,0.45230102530657734,0.04107942664447355
1-0,1-0,0.4213236079391793,0.5378902552095428,0.040786136851277854
1-0,1-0,0.4141111576947143,0.5450742148689838,0.04081462743630202
0-1,1-0,0.4235567380895782,0.5355254510344295,0.04091781087599195
1-0,1-0,0.4257040655634533,0.5334941817585364,0.04080175267801062
1-0,1-0,0.44901329818203767,0.5100812748842349,0.04090542693372752
0-1,0-1,0.6316605889570259,0.32660376826237036,0.04173564278060383
1/2-1/2,1-0,0.4154448276147501,0.5437649864952989,0.040790185889950925
0-1,1-0,0.4533209873491954,0.5057752289761582,0.040903783674646345
0-1,1-0,0.5045516201061095,0.4543553886537033,0.041092991240186845
1-0,1-0,0.4738043234376917,0.4852399304166035,0.040955746145704595
1-0,1-0,0.41321110019968005,0.5459554991030727,0.040833400697247176
1-0,0-1,0.6116713229632424,0.34675604116609055,0.041572635870666924
1-0,1-0,0.4696842577716405,0.48938457291758586,0.040931169310773556
1-0,1-0,0.4710293166595865,0.4879937429977464,0.040976940342667044
1-0,1-0,0.4442218027076906,0.5148556538749542,0.04092254341735507
0-1,1-0,0.4412365788326595,0.5178925035330023,0.04087091763433821
1-0,1-0,0.4164322869843837,0.5427143494485628,0.04085336356705361
1/2-1/2,1-0,0.41430522277413084,0.5448879545770882,0.04080682264878116
1-0,1-0,0.44680047074583684,0.512335118314833,0.04086441093933005
1-0,1-0,0.4133236884216838,0.5458523229512653,0.0408239886270508
1-0,1-0,0.43639497431747043,0.522775498392488,0.04082952729004152
1-0,1-0,0.4231594788559433,0.5359775147964109,0.040863006347645656
0-1,1-0,0.42545084362672847,0.5337163434852815,0.04083281288798997
1-0,0-1,0.6492526200871328,0.3084324868451662,0.04231489306770113
0-1,1-0,0.42033972838821093,0.538877743525924,0.04078252808586522
1/2-1/2,1-0,0.4852595054421987,0.4736954493954984,0.0410450451623027
0-1,1-0,0.4228550141138031,0.5363437827498395,0.040801203136357524
1-0,1-0,0.42558521640030156,0.5335637274171158,0.04085105618258295
0-1,1-0,0.4416516735408933,0.5174359597494986,0.040912366709607975
0-1,1-0,0.41387201670898116,0.5453639979794561,0.04076398531156276
1-0,1-0,0.4981029548135981,0.4608095811930209,0.041087463993381014
1-0,1-0,0.4812096627388217,0.47782225856487964,0.040968078696298725
0-1,1-0,0.4260559383735218,0.5331410544468894,0.04080300717958861
1-0,1-0,0.441199415524161,0.5179518384403646,0.04084874603547451
1-0,1-0,0.41428463349257166,0.5449662666861737,0.040749099821254665
1-0,1-0,0.4188334272237816,0.5403377107164689,0.04082886205974942
1-0,1-0,0.44263478103573795,0.516499207841873,0.04086601112238905
0-1,1-0,0.43379069915136925,0.5253849766717736,0.040824324176857225
0-1,1-0,0.414311439343229,0.5448826652042824,0.040805895452488875
1-0,1-0,0.43477954353103454,0.5243687695148418,0.040851686954123764
1-0,1-0,0.4480846395885246,0.5110066996197454,0.04090866079173005
1-0,1-0,0.4761659381821694,0.48285939196249955,0.04097466985533102
1-0,1-0,0.4438617566285481,0.5152423955003649,0.04089584787108698
1-0,1-0,0.43198578455977654,0.52712572433205,0.04088849110817355
0-1,1-0,0.4523658162937999,0.5067415290179383,0.040892654688261885
1-0,1-0,0.48138902607201817,0.4775797813038864,0.04103119262409555
1/2-1/2,0-1,0.6240620008088055,0.33205425074675077,0.043883748444443545
0-1,0-1,0.6424118382733546,0.3154292357612174,0.042158925965428126
1-0,1-0,0.45349766577494743,0.5054758328392572,0.04102650138579525
1-0,1-0,0.4247114420971576,0.5344881104977983,0.040800447405043856
0-1,1-0,0.4384486324684875,0.5206785185198683,0.04087284901164397
0-1,0-1,0.6286824012395378,0.329633966499766,0.041683632260695935
0-1,1-0,0.4246131919213594,0.5345189339903074,0.04086787408833345
0-1,1-0,0.5190582549726752,0.4398006771733006,0.041141067854024105
1-0,1-0,0.4926511330116678,0.46629855580609664,0.041050311182235594
1-0,1-0,0.4137768911664525,0.5453887268619877,0.040834381971559766
1-0,1-0,0.5185414375370683,0.4403163323220609,0.041142230140870796
1-0,1-0,0.427719246551761,0.5314040336730459,0.04087671977519311
0-1,1-0,0.41440091550625946,0.5448408319444747,0.04075825254926553
1-0,1-0,0.4667113423531331,0.4922931070700781,0.04099555057678887
0-1,1-0,0.4297857212907955,0.529345663855898,0.04086861485330651
0-1,0-1,0.5458474278338807,0.4128811746862498,0.04127139747986983
1-0,1-0,0.4144384917274513,0.5447260083041144,0.040835499968434295
0-1,0-1,0.5213027674087328,0.4375273470539519,0.04116988553731533
1-0,1-0,0.4262968818909574,0.5328935103366789,0.04080960777236385
1-0,0-1,0.5771197849789016,0.38152113792984005,0.04135907709125848
0-1,1-0,0.5087051865100567,0.4501691831695273,0.04112563032041605
1-0,1-0,0.4865625467829741,0.4724129869680722,0.041024466248953714
1-0,1-0,0.4450414681995656,0.514059191478468,0.04089934032196618
1-0,1-0,0.49121251855732107,0.4677460259386024,0.04104145550407656
0-1,0-1,0.5589858931545572,0.3996810165029712,0.04133309034247151
1-0,0-1,0.6244151553619604,0.3339384057513754,0.04164643888666402
1-0,1-0,0.41426877318203986,0.5449085502406222,0.040822676577337985
1-0,1-0,0.41436315688533365,0.5448458882647358,0.04079095484993076
1-0,1-0,0.4128429472799712,0.5461025791336352,0.041054473586393525
0-1,1-0,0.416886883257222,0.5423555672086657,0.04075754953411221
0-1,1-0,0.4435819891315812,0.5155741318316776,0.04084387903674124
1-0,1-0,0.4105491635338017,0.5486460672550364,0.040804769211161884
1-0,1-0,0.4149531774014016,0.5442625456017672,0.040784276996831036
0-1,1-0,0.41561761187990265,0.5435497843523426,0.04083260376775501
1-0,1-0,0.4450569459946202,0.5139026937152025,0.04104036029017765
0-1,1-0,0.48117288549165366,0.47784378720216686,0.04098332730617974
1-0,1-0,0.4782361843584241,0.48079201545057343,0.04097180019100245
0-1,0-1,0.6340934437669694,0.32399560634856434,0.04191094988446606
1-0,1-0,0.44162194091325324,0.5174518933771918,0.04092616570955509
0-1,0-1,0.5647657243573722,0.3939224481730031,0.04131182746962462
1-0,1-0,0.46189557850067464,0.4971398393870461,0.040964582112279255
1-0,1-0,0.4489445768809706,0.5101998812087485,0.04085554191028095
1-0,1-0,0.4193941765920702,0.5398413322003774,0.04076449120755228
0-1,1-0,0.440040507106065,0.5190494885424547,0.040910004351480386
1-0,1-0,0.4132966411890347,0.5459018483928318,0.04080151041813371
0-1,0-1,0.6349064121690604,0.32342547569644986,0.04166811213448986
1-0,0-1,0.6283118791906993,0.3204102127698823,0.05127790803941856
1-0,1-0,0.42560243471609105,0.5334923318119106,0.04090523347199819
0-1,1-0,0.41396299011590626,0.545217671235736,0.04081933864835746
0-1,0-1,0.6440463789738771,0.314110001987259,0.04184361903886404
0-1,1-0,0.5009618128199439,0.4579752412567781,0.0410629459232782
0-1,1-0,0.47791244310382325,0.48108253124611494,0.04100502565006187
1-0,1-0,0.4691318308195146,0.48986301622243683,0.041005152958048526
0-1,1-0,0.5181941017986154,0.44067515976540433,0.04113073843598025
0-1,0-1,0.5326490210292897,0.4261527412970396,0.041198237673670694
1-0,1-0,0.47347045813221367,0.48552200474578044,0.04100753712200607
1-0,1-0,0.4133304547267044,0.5458382581107526,0.04083128716254281
1-0,1-0,0.4165985294597895,0.5426186153651575,0.04078285517505309
1-0,1-0,0.42569778157474364,0.5334971848578975,0.0408050335673589
1-0,1-0,0.43542542282466534,0.523751982433311,0.04082259474202364
1-0,1-0,0.41022368271619475,0.5482158598701604,0.041560457413644766
1-0,0-1,0.6249090077765127,0.3334896761374824,0.04160131608600487
0-1,1-0,0.4722446427477456,0.48674066127931814,0.04101469597293627
0-1,1-0,0.436805795516025,0.5222952458576569,0.040898958626318184
0-1,1-0,0.4613735805813793,0.4976762868845724,0.04095013253404833
0-1,1-0,0.4809568191190631,0.478058271326672,0.04098490955426476
1-0,1-0,0.44104366003578716,0.5181204803576976,0.04083585960651525
1-0,1-0,0.42012809488540187,0.5390902898743807,0.040781615240217464
0-1,0-1,0.5660375164563264,0.3926429520683238,0.04131953147534963
0-1,0-1,0.5600492238651644,0.39870045526124714,0.04125032087358845
1/2-1/2,1-0,0.5019123079211906,0.4570227154048294,0.041064976673979896
0-1,1-0,0.4372140671947069,0.5218899129541141,0.04089601985117914
0-1,0-1,0.5559872695955037,0.4026788052520614,0.04133392515243497
1-0,1-0,0.42837400901304123,0.530829146834958,0.04079684415200085
1/2-1/2,1-0,0.4869612303259615,0.47201176309442616,0.041027006579612266
1-0,1-0,0.42136032749758145,0.5378666739704615,0.040772998531956886
1-0,1-0,0.41402655072657424,0.5452300598545796,0.04074338941884641
0-1,0-1,0.5980888652020091,0.3604167798089228,0.04149435498906809
1-0,1-0,0.45332445876309246,0.5057301834704511,0.04094535776645664
1-0,1-0,0.4976339071252652,0.46134244245003275,0.04102365042470202
0-1,1-0,0.4131263138516178,0.5461174119215062,0.04075627422687592
0-1,1-0,0.45118075735469343,0.5079357962873847,0.04088344635792186
0-1,1-0,0.43740483107723144,0.5216941723623372,0.04090099656043125
0-1,1-0,0.4629077450850802,0.49610170765724354,0.04099054725767612
1-0,1-0,0.4053146305235719,0.5443940491472694,0.050291320329158486
0-1,1-0,0.4241254138957632,0.5350777222813236,0.040796863822913046
0-1,1-0,0.41345152572995075,0.5457810773633832,0.040767396906666094
0-1,1-0,0.44046465066955004,0.5186876106997274,0.040847738630722434
0-1,1-0,0.4305335912750127,0.5286080334546326,0.040858375270354685
0-1,1-0,0.45057570171203604,0.5085289115311704,0.04089538675679359
1-0,1-0,0.41527318344338,0.5438841650845676,0.04084265147205254
1-0,1-0,0.49129708054344207,0.4676438441094518,0.04105907534710626
0-1,1-0,0.43004161832719545,0.5290674391342814,0.04089094253852301
1-0,1-0,0.4304044747638186,0.528769265015395,0.04082626022078619
0-1,1-0,0.4184059268185774,0.5408429000959493,0.040751173085473186
0-1,1-0,0.43165993235819117,0.5274520310728551,0.040888036568953574
0-1,1-0,0.4655637128885564,0.49343870402802575,0.04099758308341778
0-1,1-0,0.41418929981376873,0.5450543550959555,0.04075634509027591
1-0,0-1,0.5364027580554664,0.42236793301283515,0.041229308931698364
0-1,1-0,0.41480399961639086,0.5443826710531909,0.04081332933041815
