y_true,y_pred,prob_1-0,prob_0-1,prob_1/2-1/2
0-1,0-1,0.0,0.48142329036520487,0.4365150741803055
1-0,0-1,0.0,0.47387852178534917,0.46811312892081297
1-0,0-1,0.0,0.5282105237660704,0.455374353699325
1-0,1-0,0.0,0.4884250823555998,0.5021885505884804
0-1,0-1,0.0,0.6165463782723423,0.3788217113505403
1-0,0-1,0.0,0.5126075009859832,0.4642822483552733
0-1,0-1,0.0,0.4759448683612506,0.4544753036693692
0-1,0-1,0.0,0.5856757812328944,0.406616443985686
1-0,0-1,0.0,0.5463058450934111,0.425377611269823
1-0,1-0,0.0,0.48515657548648994,0.5052147481118562
1-0,0-1,0.0,0.5360062674710139,0.45890317824744536
0-1,0-1,0.0,0.5155941136859312,0.47926992645886884
0-1,0-1,0.0,0.5091473698683113,0.4766414456484782
1-0,1-0,0.0,0.429710828708963,0.48638327212300475
1-0,1-0,0.0,0.46670875645724763,0.5214361467819045
1-0,1/2-1/2,0.0,0.2944455335378487,0.30162713140993963
1-0,1-0,0.0,0.43017311921486984,0.5456422026634071
1-0,0-1,0.0,0.5257807258033684,0.4546867374100581
0-1,1-0,0.0,0.4773136448574837,0.5115280483363285
1-0,0-1,0.0,0.5137572314728638,0.4717798873027304
1-0,1-0,0.0,0.42344844425511596,0.5655787255759368
0-1,1-0,0.0,0.444122044201535,0.5397573799311184
0-1,1-0,0.0,0.47326631217252063,0.4787882339824259
1-0,0-1,0.0,0.5199541976059912,0.46938553778307746
0-1,1-0,0.0,0.394346385879861,0.5920443999232056
1-0,1-0,0.0,0.45441189686878575,0.49684986311582335
0-1,0-1,0.0,0.49179483997617973,0.47496083053383475
1-0,0-1,0.0,0.5088550071997018,0.4714295343005992
1-0,1-0,0.0,0.4735784496961895,0.4853757458345896
0-1,1-0,0.0,0.4607116757352578,0.5297823781942235
1-0,0-1,0.0,0.491402790891828,0.4465561824876146
1-0,0-1,0.0,0.5226107161508929,0.4769225909661772
0-1,1/2-1/2,0.0,0.20406197574126664,0.20919221471572097
0-1,1-0,0.0,0.4186339006738946,0.4855838798231981
1-0,1-0,0.0,0.4714082954920428,0.4978074373855469
1-0,1-0,0.0,0.4197788726031713,0.4685841342180046
0-1,1-0,0.0,0.4205932898035844,0.5540079338434275
1-0,0-1,0.0,0.4918953372782256,0.42713202100577113
1-0,0-1,0.0,0.4713387719695638,0.45202015442883947
1-0,1-0,0.0,0.21850027403650601,0.7798617654056064
0-1,1-0,0.0,0.4701621234806299,0.5109758785622255
0-1,0-1,0.0,0.5204946790431524,0.46832376797909253
0-1,1-0,0.0,0.47970526783019535,0.5012357098714523
1-0,0-1,0.0,0.5088667568679066,0.4774123509091254
1-0,0-1,0.0,0.4864163062152654,0.47865868565019226
1-0,1-0,0.0,0.39200098263224387,0.596607291508727
1-0,0-1,0.0,0.5070951366122411,0.4817890569776703
1-0,1-0,0.0,0.4288803364425695,0.5650081528048473
1-0,1-0,0.0,0.44249788309323657,0.47732250067788756
0-1,0-1,0.0,0.5076769516722641,0.46888105032760724
1/2-1/2,1-0,0.0,0.36272536144723333,0.528570953407225
0-1,1-0,0.0,0.461869232917824,0.5289896503865685
1-0,1-0,0.0,0.4430298239687193,0.5475446172926284
1/2-1/2,0-1,0.0,0.4876836959113639,0.468931675787995
0-1,0-1,0.0,0.49560938463246984,0.4774686917359923
1-0,1-0,0.0,0.4390637605159417,0.48952770613185215
1-0,0-1,0.0,0.5368333296674261,0.45758518711832463
1-0,1-0,0.0,0.367479200782357,0.6255106746656783
1-0,0-1,0.0,0.49965838996652734,0.4914633608072846
0-1,0-1,0.0,0.49527075919007574,0.492162760076365
1-0,0-1,0.0,0.5074343700423518,0.48716220427547624
0-1,1-0,0.0,0.47719310320274816,0.5157348147671031
1-0,0-1,0.0,0.5136426654932966,0.47878083597077964
0-1,1-0,0.0,0.4727773920884426,0.5130169643106989
0-1,0-1,0.0,0.5061330113117266,0.4794552702577745
0-1,0-1,0.0,0.4964165847376311,0.4362843609371591
0-1,0-1,0.0,0.4827765180912369,0.4678860664874201
1-0,0-1,0.0,0.53492522809334,0.44324486674350283
0-1,0-1,0.0,0.5040919708065659,0.48982320024845205
1-0,1-0,0.0,0.359043819059681,0.43279494331161067
1-0,1-0,0.0,0.47607736301951287,0.5028617775309597
1-0,1/2-1/2,0.0,0.2596802195212249,0.34361454860176865
0-1,1-0,0.0,0.4526106836306438,0.5409547638187433
0-1,1-0,0.0,0.47464191543216405,0.4959600835804964
0-1,0-1,0.0,0.498584096566631,0.49128751683087823
0-1,1-0,0.0,0.3994370214108484,0.4758219444690656
1-0,0-1,0.0,0.5147889633784899,0.4685472097270107
0-1,1-0,0.0,0.4532658804476828,0.5369573771712345
1-0,0-1,0.0,0.5036348448846445,0.4749875264758668
0-1,1-0,0.0,0.4703116619293104,0.48672221730513254
1-0,0-1,0.0,0.5313847976442656,0.44219005986922094
0-1,1-0,0.0,0.42198108479820495,0.5624333102844263
1-0,1-0,0.0,0.47741999083677145,0.4977442343048004
1-0,1-0,0.0,0.3289348578582387,0.48423948565879366
1-0,0-1,0.0,0.5311406781594639,0.45263661095647806
1/2-1/2,0-1,0.0,0.4958504736130214,0.48949655888362725
1-0,0-1,0.0,0.5031273581939935,0.47338124310734836
1-0,1-0,0.0,0.48004762071247037,0.49871990385680065
0-1,1-0,0.0,0.37317415776919216,0.449660287051872
0-1,0-1,0.0,0.46112359675295755,0.4405465150752533
1-0,0-1,0.0,0.433421209725748,0.41667759252606545
0-1,0-1,0.0,0.5017603650544006,0.4643656668963947
0-1,1-0,0.0,0.4725660096762762,0.5050802795578515
0-1,0-1,0.0,0.49302623821037883,0.4479746063473351
0-1,0-1,0.0,0.4963297096995696,0.46599150272482426
0-1,1-0,0.0,0.46817376369452396,0.5193073629114684
1-0,1/2-1/2,0.0,0.008832107118966268,0.014781721440637446
1-0,1-0,0.0,0.4717052727824772,0.49053227710948455
1-0,0-1,0.0,0.5042943810946715,0.4762297083240639
1-0,1-0,0.0,0.41212729245571533,0.5725634113948449
0-1,1-0,0.0,0.4753649179035141,0.517052155230555
0-1,0-1,0.0,0.5045566930674514,0.4681862078985066
0-1,1-0,0.0,0.4203601862266469,0.4209372914592737
1-0,1-0,0.0,0.47984885423785995,0.5098207904355908
1-0,0-1,0.0,0.5766600007971691,0.42109886965140736
1-0,1-0,0.0,0.4896986062747556,0.502343382924558
1-0,1-0,0.0,0.4504045262877489,0.5389660071673237
0-1,0-1,0.0,0.5300419945020259,0.45324355294412627
1-0,0-1,0.0,0.5217733267506914,0.4573780651380988
1-0,1-0,0.0,0.4869568032663783,0.49422055533462095
1-0,0-1,0.0,0.5017185734473562,0.4907803462447039
1-0,1-0,0.0,0.4412375747581131,0.5533753521012373
1-0,1-0,0.0,0.4198653469869547,0.5728029580491081
0-1,0-1,0.0,0.4907903251290762,0.4872613973398663
0-1,0-1,0.0,0.5441593859642359,0.44662240958779315
1-0,1-0,0.0,0.46137074094642644,0.5274165016810444
1-0,0-1,0.0,0.5374747091222202,0.4572374190958364
1-0,0-1,0.0,0.5036526200445307,0.4664891121214766
1-0,0-1,0.0,0.5118665116236882,0.47870582764097547
0-1,1-0,0.0,0.4923051834356316,0.49739910206286364
1-0,1-0,0.0,0.45756564620613227,0.5272628057967493
0-1,0-1,0.0,0.48862332611562226,0.4488741053040567
1-0,1-0,0.0,0.44490359968082055,0.5424750779507883
0-1,0-1,0.0,0.5113451406157209,0.4272611313075221
0-1,0-1,0.0,0.596490593315392,0.4032448194936657
1-0,0-1,0.0,0.5664105282585293,0.4312515090131478
0-1,1-0,0.0,0.47929334635858517,0.5125925344219556
1-0,0-1,0.0,0.5400434549567366,0.4370402723006916
0-1,1-0,0.0,0.392186535617031,0.5795647686545637
1-0,0-1,0.0,0.4966778223074237,0.49101555399795627
0-1,0-1,0.0,0.5067012788772001,0.4547272097032397
0-1,0-1,0.0,0.5855419830323498,0.40450038728757903
0-1,1-0,0.0,0.4077607398022195,0.5331876782307566
1-0,0-1,0.0,0.5233103376462819,0.46119138099404183
1-0,0-1,0.0,0.5428102033736136,0.4193346531715658
1-0,1-0,0.0,0.4141479269387009,0.5530770847819544
0-1,1-0,0.0,0.47508785355043925,0.5167349570568786
1-0,0-1,0.0,0.5123751862908618,0.4751376045370206
0-1,1/2-1/2,0.0,0.29038489713917215,0.32653484794891985
1/2-1/2,1-0,0.0,0.367690058756049,0.47398287990766524
0-1,0-1,0.0,0.545748955708956,0.4362678038829695
0-1,1-0,0.0,0.36839299570425277,0.6260407043537395
0-1,0-1,0.0,0.5139212229180761,0.4598268238581803
0-1,1-0,0.0,0.4659889953379802,0.5175751022140426
1-0,0-1,0.0,0.4713078848126001,0.45544433246992055
1-0,0-1,0.0,0.5114098134269462,0.4799214969938297
0-1,1-0,0.0,0.42288132348144297,0.5136754340204999
1-0,1-0,0.0,0.4918717541518762,0.5025174753743528
0-1,0-1,0.0,0.5002960954762843,0.47732232709073386
1-0,0-1,0.0,0.49441176087892624,0.4886165268942522
1-0,1-0,0.0,0.46689617972929826,0.5217613359997562
1-0,0-1,0.0,0.5031707028694135,0.47503523479043286
0-1,1-0,0.0,0.4646343211337711,0.48464959003718033
1-0,0-1,0.0,0.5032550721197511,0.4605959526125345
1-0,0-1,0.0,0.4258473260890258,0.35110255675222257
1-0,1-0,0.0,0.4069328360767588,0.5733971018720087
1-0,0-1,0.0,0.4956671160741092,0.48982507196853475
1-0,0-1,0.0,0.5008835897576119,0.47186267719697605
1-0,1-0,0.0,0.273979448233338,0.5900949510312135
1-0,1-0,0.0,0.4290528973076678,0.5650046449727816
1-0,0-1,0.0,0.5057259524084046,0.4747974470497929
1-0,0-1,0.0,0.4948557942775324,0.48299877932264246
0-1,0-1,0.0,0.4819583579302039,0.45770407715662315
0-1,0-1,0.0,0.533182148854909,0.44916933098432316
1-0,0-1,0.0,0.4478345529708555,0.4155886684269487
0-1,1-0,0.0,0.34186957920902045,0.42986534173362906
1-0,0-1,0.0,0.4862046190353206,0.4612218258639783
0-1,0-1,0.0,0.46259086674481076,0.46257378211235783
0-1,0-1,0.0,0.48923876025065965,0.48221024121222444
1-0,0-1,0.0,0.5079918801041655,0.4849385384592749
1/2-1/2,1/2-1/2,0.0,0.005007668756876233,0.006773578807583579
1/2-1/2,1-0,0.0,0.4293918187493612,0.43922389325184313
1-0,0-1,0.0,0.449782071448333,0.4258940742918273
1-0,0-1,0.0,0.5132516132054737,0.4789300444542279
0-1,1-0,0.0,0.421678860538377,0.46199670814255483
1-0,1-0,0.0,0.3804998532497113,0.49315491305785947
1-0,1-0,0.0,0.44819089350909025,0.5434713388112976
0-1,1-0,0.0,0.4935910143012152,0.49415988352571133
0-1,0-1,0.0,0.49384949088282476,0.484302251360581
0-1,1-0,0.0,0.22457291712424993,0.7752103559855749
1-0,0-1,0.0,0.5090994569710939,0.47148872761174737
1-0,0-1,0.0,0.4957661684720999,0.48326836133251405
0-1,1-0,0.0,0.38337205379022576,0.6000626151969212
1-0,1-0,0.0,0.4785108698012309,0.5114168962956755
0-1,1-0,0.0,0.4614728708811216,0.506783244710024
1-0,0-1,0.0,0.4957414357186254,0.49571741620350335
1-0,0-1,0.0,0.49004154127537125,0.4646073083618351
1-0,1-0,0.0,0.45603405427595956,0.5082299470030386
1-0,1-0,0.0,0.4594726709425476,0.506862525957663
1-0,0-1,0.0,0.5350657093296715,0.458034167345618
1-0,1-0,0.0,5.869246714847613e-05,0.9999413075328515
0-1,1-0,0.0,0.3809464214299323,0.5826271251522662
1-0,0-1,0.0,0.4628465289257288,0.44251852623778537
1-0,1-0,0.0,0.423700205097398,0.5582027959146216
0-1,0-1,0.0,0.4914182036244189,0.47854951856597916
1-0,0-1,0.0,0.5372669988577559,0.43827511930601304
0-1,1-0,0.0,0.39771046083715567,0.5956521899458335
0-1,0-1,0.0,0.5570018324457979,0.4350365009824391
1-0,1-0,0.0,0.32069043527446167,0.6587620375708223
0-1,0-1,0.0,0.4977632766038619,0.4761982655474998
1-0,1-0,0.0,0.4673694161092571,0.5236610467748891
1-0,1-0,0.0,0.3529190480577285,0.6425450414835792
1-0,0-1,0.0,0.5013746699720144,0.4680379985573939
1-0,1-0,0.0,0.29409928896124604,0.45011454589443556
1-0,0-1,0.0,0.44926014991979674,0.41973921775250767
1-0,1-0,0.0,0.47670428742649834,0.476971821609947
1-0,1-0,0.0,0.3470954818986552,0.4106149044977199
0-1,1-0,0.0,0.41972520963602145,0.5692102175572358
1-0,1-0,0.0,0.3403615298486094,0.6512265779896247
0-1,0-1,0.0,0.4989534864328174,0.48243958453423164
0-1,0-1,0.0,0.5580228836545646,0.4357936230702945
1-0,1-0,0.0,0.4461607483622758,0.5363841382610831
1-0,1-0,0.0,0.46882505531735663,0.5010687177275472
1-0,1-0,0.0,0.42417143110968697,0.4845344596733399
1-0,0-1,0.0,0.4994097203509228,0.4694365306829304
0-1,1-0,0.0,0.2881779543503011,0.39815096196840766
1-0,1-0,0.0,0.44767301408748056,0.5283526117945206
1-0,0-1,0.0,0.528104853936516,0.4506078539395742
0-1,0-1,0.0,0.5113135694522795,0.4818477248381483
0-1,0-1,0.0,0.4979657765846145,0.4549051368357045
1-0,1-0,0.0,0.395634648217237,0.5975296155378165
1-0,1-0,0.0,0.4528949878958856,0.4693965864558506
1-0,0-1,0.0,0.42257439079317294,0.3999901342803965
1-0,0-1,0.0,0.5256085593590736,0.45968863140741983
1-0,1-0,0.0,0.4014983723662339,0.45385678219691183
0-1,1-0,0.0,0.42319899098825076,0.5376980005374319
1-0,0-1,0.0,0.40422795884653295,0.31870396676529045
1/2-1/2,0-1,0.0,0.4555876031408606,0.44991355500786245
1-0,0-1,0.0,0.5099176736776434,0.4794618366704488
0-1,1-0,0.0,0.3788064525115044,0.49436885682408865
0-1,1-0,0.0,0.26858139096084893,0.536647711641342
1-0,1-0,0.0,0.481920507599975,0.5046310171640763
0-1,0-1,0.0,0.49723389438215954,0.4745208998166362
0-1,1-0,0.0,0.39453082290952396,0.578520999018218
1-0,1-0,0.0,0.4777963027526735,0.48082077497144965
1-0,1-0,0.0,0.35135983956610023,0.6406243425369373
0-1,1-0,0.0,0.29968119189386744,0.3660304183928187
0-1,1-0,0.0,0.4669961314850431,0.501701040479924
0-1,1-0,0.0,0.3661657865474828,0.6294761782829957
0-1,0-1,0.0,0.5439980246623284,0.44863370459133606
0-1,1-0,0.0,0.47433829970149755,0.5105555051465254
1-0,1-0,0.0,0.42552848698337425,0.5620470673361695
0-1,1-0,0.0,0.46594102744729976,0.5260733376555026
1-0,1-0,0.0,0.4429231383966819,0.546568448479684
1-0,0-1,0.0,0.49970274703397466,0.47719375320342977
1-0,0-1,0.0,0.46553250036072064,0.4356426094677188
0-1,1-0,0.0,0.4639135342095266,0.4937323244065438
0-1,1/2-1/2,0.0,0.2230158828670354,0.3018591229822395
1-0,0-1,0.0,0.5397237771280485,0.4083261249812223
1-0,0-1,0.0,0.497342100289731,0.4829251150996142
1-0,1-0,0.0,0.44945052280798176,0.45852033448899393
1/2-1/2,0-1,0.0,0.4804473951043429,0.4348557102629879
0-1,1-0,0.0,0.488726284597454,0.502187869365065
1-0,1-0,0.0,0.48439241212126366,0.4955688131944218
1/2-1/2,1/2-1/2,0.0,2.9206734366917467e-05,5.2713430276142734e-05
0-1,0-1,0.0,0.5131088850711859,0.4489349262512823
0-1,1-0,0.0,0.41327340409918234,0.5532293773377498
0-1,1-0,0.0,0.4414777538740131,0.4489985561045014
1-0,1-0,0.0,0.47119314720321404,0.5148084280634592
1-0,1-0,0.0,0.47547827976688245,0.4968017626811578
1-0,0-1,0.0,0.5481747163289717,0.4374669441392149
0-1,0-1,0.0,0.4713281624610042,0.4570217972522453
0-1,1-0,0.0,0.4684130647809273,0.47914930848245585
1-0,1-0,0.0,0.2845572537466733,0.6653378079013572
1-0,1-0,0.0,0.476643153495355,0.4935447691364184
1-0,1/2-1/2,0.0,0.08507042219657146,0.16561545093627042
1-0,1-0,0.0,0.4243748527734906,0.5653285408710522
0-1,0-1,0.0,0.49995807515320684,0.47855432379785795
1/2-1/2,1-0,0.0,0.3666176252702315,0.45881289872579356
1-0,1-0,0.0,0.4711927636286352,0.4846507186618426
1-0,1-0,0.0,0.4811228614406767,0.4852765045011077
0-1,1-0,0.0,0.46423179485944505,0.5002960113140216
0-1,0-1,0.0,0.5042483455964317,0.4824978535050391
1-0,1-0,0.0,0.4555303305827523,0.47460759457747553
0-1,0-1,0.0,0.44761642155144665,0.44063609000646103
1-0,0-1,0.0,0.41275798179679907,0.40973586090206426
0-1,0-1,0.0,0.5115992134866998,0.47634552659278867
1-0,1-0,0.0,0.46457740875936676,0.5143438898960685
1-0,1-0,0.0,0.42837684374277524,0.557449996750888
0-1,0-1,0.0,0.5105431810131437,0.3993413736758615
0-1,0-1,0.0,0.5058325031545169,0.48356797403186147
0-1,1-0,0.0,0.4840210300805507,0.4953001476166117
1-0,1-0,0.0,0.3841308200538919,0.49349148022576417
0-1,0-1,0.0,0.44853810263053034,0.3455860552213741
1-0,0-1,0.0,0.4931700157843321,0.47790066257214137
1-0,1-0,0.0,0.46940968569123304,0.523632461738215
0-1,1-0,0.0,0.48648035413943924,0.4892447134629142
0-1,0-1,0.0,0.5290232551192199,0.4586876777904978
0-1,1-0,0.0,0.48848752717739885,0.4964871193525814
0-1,1-0,0.0,0.48124952389051745,0.5048799371964696
1-0,1-0,0.0,0.454214733552775,0.45891228293173736
0-1,1-0,0.0,0.4766358309405367,0.5137150090651366
1-0,1-0,0.0,0.47639896486966243,0.4834195934225113
0-1,1-0,0.0,0.4287667142394039,0.5478779194661535
1-0,0-1,0.0,0.5045343329033154,0.47466126562381294
1-0,1-0,0.0,0.430706712942204,0.5534325735841534
1-0,1-0,0.0,0.4792511169295954,0.48683184410784625
1-0,0-1,0.0,0.49693040461105403,0.4941581033068651
0-1,1-0,0.0,0.3109342295409864,0.6867245784313692
1-0,1-0,0.0,0.4563775247339101,0.5270007897980857
1-0,1-0,0.0,0.4071261897803575,0.5846879838540601
1-0,1-0,0.0,0.4208547531337447,0.5023988545911562
1-0,1-0,0.0,0.46859357459249185,0.49913778932250435
0-1,1-0,0.0,0.47887709325649586,0.4968786285000694
0-1,0-1,0.0,0.6083269450908846,0.3864211458476659
0-1,0-1,0.0,0.5577525900662335,0.43509743743241136
1-0,0-1,0.0,0.4767876173154393,0.4709919569345966
0-1,0-1,0.0,0.5322457318713597,0.46048902166826977
0-1,1-0,0.0,0.4653090181533086,0.5220648956211654
1-0,0-1,0.0,0.4916833085149651,0.4077259348615864
0-1,1-0,0.0,0.3447677906354394,0.6487347961511605
1-0,0-1,0.0,0.5411961076350384,0.44949121180911056
1-0,1-0,0.0,0.4736662285468888,0.511857499179684
0-1,1-0,0.0,0.45819198923111154,0.5229103824415658
0-1,1-0,0.0,0.42873466642307934,0.5494787079647161
0-1,0-1,0.0,0.4946488952464804,0.487886138741885
0-1,0-1,0.0,0.49792692830782337,0.4893674071013576
0-1,1-0,0.0,0.45495822888345805,0.5358081735994707
0-1,0-1,0.0,0.4968356423495795,0.4639887800489249
1-0,0-1,0.0,0.49320870384268484,0.4870692287473383
1-0,1-0,0.0,0.4283684785368206,0.54674873519721
1-0,1-0,0.0,0.48978318577302593,0.49623534726279306
0-1,1-0,0.0,0.4844087620724523,0.5070094267170665
0-1,1-0,0.0,0.3644798832308404,0.5769631788563695
0-1,1-0,0.0,0.4801216626679971,0.5002595250414942
1-0,1-0,0.0,0.45743259464958896,0.4577753445608471
0-1,0-1,0.0,0.5005504788405403,0.4826975221699427
0-1,0-1,0.0,0.5354764842997852,0.42704582436107896
0-1,1-0,0.0,0.4674558002972769,0.5202009905145824
0-1,1-0,0.0,0.4789548910398016,0.5025634203674202
0-1,0-1,0.0,0.4688442582449362,0.42898213390082957
0-1,0-1,0.0,0.5100175109452856,0.4817197234242579
0-1,1-0,0.0,0.3878027401153405,0.6045919265489451
0-1,1-0,0.0,0.4868870529397263,0.48879852357283016
0-1,1-0,0.0,0.41767732850565914,0.5648956740809868
0-1,1-0,0.0,0.21359837661574865,0.7864016233842503
1-0,1-0,0.0,0.41927537714733676,0.5276451865178382
1/2-1/2,0-1,0.0,0.48613088392472287,0.46415500388848785
0-1,0-1,0.0,0.5049914609399577,0.45809706599965483
1-0,1-0,0.0,0.37195357042171934,0.6230766860618155
0-1,1-0,0.0,0.4735185815687379,0.5071226670208796
0-1,1-0,0.0,0.44272385779547024,0.5040304441221118
0-1,0-1,0.0,0.48147712158161304,0.4792865518331577
0-1,0-1,0.0,0.5137701979559195,0.44780769574988283
1-0,0-1,0.0,0.5028791005210028,0.48065065819519515
0-1,0-1,0.0,0.46843251673183683,0.4607595222671547
1-0,1-0,0.0,0.48521763269358176,0.5007418218612554
0-1,1-0,0.0,0.4041471640539486,0.5161410843435194
1-0,1-0,0.0,0.43723866624439556,0.4834412131802183
1-0,0-1,0.0,0.519169701483365,0.42153025893999485
1-0,1-0,0.0,0.4686166539276616,0.48610597838186115
1-0,0-1,0.0,0.5040288130000055,0.46779541566169364
1-0,1-0,0.0,0.30780687012995817,0.6879023849219885
1-0,0-1,0.0,0.5078889595108197,0.4853193415580895
1-0,0-1,0.0,0.5002804904179632,0.4931769141289302
1-0,1-0,0.0,0.4699437606886796,0.5141031161780848
1-0,0-1,0.0,0.5060209117662718,0.482194309679347
1-0,1-0,0.0,0.48538092445981196,0.4866795474705561
1-0,1-0,0.0,0.46937413439274356,0.5167306647317327
0-1,0-1,0.0,0.5185166872199591,0.46632185413981564
0-1,1-0,0.0,0.48328173773657085,0.4992429290061955
1-0,1-0,0.0,0.4008899296733682,0.5920732649763398
0-1,1-0,0.0,0.4163452671272083,0.5601609436982022
1-0,0-1,0.0,0.4793739519371069,0.4613319127122024
1-0,0-1,0.0,0.5224097919444387,0.4482644146549839
1-0,0-1,0.0,0.49504883385561843,0.4892555208332716
0-1,1-0,0.0,0.4669722613397532,0.4970136014719082
0-1,0-1,0.0,0.5011272806506984,0.4948444016691353
1-0,1-0,0.0,0.4369080318674471,0.5196584957367502
0-1,0-1,0.0,0.5171896579681675,0.4162055107641994
0-1,0-1,0.0,0.5048483684176235,0.44969691606833856
0-1,1-0,0.0,0.43651880921450786,0.4897900539109256
1-0,1-0,0.0,0.45956383708315596,0.5199708195331789
1/2-1/2,1-0,0.0,0.33765212321436827,0.40767172207202107
1-0,1-0,0.0,0.41826843976396827,0.4558906692778856
1-0,1-0,0.0,0.479592621935785,0.5115839367651351
0-1,1-0,0.0,0.4638152822793444,0.5083467845020062
1-0,1-0,0.0,0.4908394375637215,0.496124495751708
1-0,0-1,0.0,0.5308896694799847,0.45478015683010475
0-1,1-0,0.0,0.48982274414297783,0.49072143616648484
1-0,0-1,0.0,0.5088390036205097,0.42826192587360773
0-1,1-0,0.0,0.404052128077435,0.4362674786665838
1-0,1-0,0.0,0.4133528910288239,0.5807512567328424
1-0,0-1,0.0,0.5168631817415028,0.4602429362376301
0-1,0-1,0.0,0.4892040699516722,0.4356928446242295
1-0,1-0,0.0,0.47692672174687023,0.490860142511309
1-0,1-0,0.0,0.468992170518385,0.5239857436802324
1-0,0-1,0.0,0.498654747480079,0.43309155339216726
0-1,1-0,0.0,0.4172374459803326,0.5651832146578584
0-1,0-1,0.0,0.5677333893459198,0.42469979845523553
1-0,1-0,0.0,0.4745101508632772,0.5165300572952168
1-0,0-1,0.0,0.46863988612037205,0.44959713810991697
1-0,1-0,0.0,0.4746144293771081,0.5129284565414215
1/2-1/2,1/2-1/2,0.0,0.013422202728347621,0.016573469972838324
0-1,1-0,0.0,0.4882839843161064,0.4997441921761021
0-1,1-0,0.0,0.4921764056249594,0.49220834073695846
1-0,1-0,0.0,0.303182979957572,0.422777432182163
1-0,1-0,0.0,0.4109105730526769,0.46318608665410144
1-0,1-0,0.0,0.4823972960025769,0.49202707533708184
1-0,0-1,0.0,0.48010962030262416,0.4783744803229843
1/2-1/2,1-0,0.0,0.4831814770956819,0.4846226352629219
0-1,1-0,0.0,0.48629866501917207,0.49925611373089596
0-1,0-1,0.0,0.5483654314078785,0.43958819019285095
0-1,0-1,0.0,0.505691222879082,0.42981019751627947
1-0,0-1,0.0,0.48657908324931287,0.4674849515529146
0-1,0-1,0.0,0.40295358390478947,0.33031878138062964
1-0,1-0,0.0,0.40096764949456487,0.5795954742348702
1-0,0-1,0.0,0.49414144116491027,0.4681453418167601
0-1,0-1,0.0,0.5394176424651252,0.4230222358728065
0-1,0-1,0.0,0.5280545976493373,0.4367604107418276
0-1,1-0,0.0,0.4219949751565634,0.5721696499995707
0-1,0-1,0.0,0.47157289686773124,0.46167912387055826
1-0,0-1,0.0,0.49921398772439274,0.484795494809005
0-1,1-0,0.0,0.40752342809658454,0.4536795619916836
1-0,1-0,0.0,0.43409716335398946,0.5333610546554518
0-1,0-1,0.0,0.5088641756977657,0.46286009653341414
0-1,0-1,0.0,0.4933189352662443,0.4925577410199777
0-1,1-0,0.0,0.4421297476309487,0.5180060860505561
0-1,1-0,0.0,0.49129286757942103,0.4982750747131906
0-1,0-1,0.0,0.47160641761320726,0.46293288299956986
0-1,0-1,0.0,0.5100020743051572,0.4801745655367357
1-0,1-0,0.0,0.4860277463621728,0.4971733612856564
0-1,0-1,0.0,0.5458057420581944,0.42288669611858065
0-1,0-1,0.0,0.49255183758232474,0.45990952880620395
1-0,1-0,0.0,0.4155107959994515,0.5662656332237141
0-1,0-1,0.0,0.4878567309603351,0.48391172841622715
1-0,1-0,0.0,0.4444556325724717,0.5477962563533089
1-0,1-0,0.0,0.46655807208744415,0.5247567408089421
1-0,1-0,0.0,0.049239350654648496,0.9507605203928661
1-0,0-1,0.0,0.5096678610935217,0.47144787953768325
1-0,0-1,0.0,0.49267644540705324,0.4766234764658587
1-0,1-0,0.0,0.45758451925430355,0.5265073035976565
0-1,0-1,0.0,0.5159914522202813,0.46879233676532445
1-0,1-0,0.0,0.4827800043062357,0.5102532756691255
0-1,1-0,0.0,0.45709500708078254,0.5049101481285088
1-0,1-0,0.0,0.47581537255566725,0.48425724789184216
1-0,0-1,0.0,0.4982450853781268,0.4963502455059705
1-0,1-0,0.0,0.4614227689893585,0.5164806598242383
1-0,1-0,0.0,0.4463923543887155,0.5180021118857888
0-1,0-1,0.0,0.4870778280921968,0.4856110511197081
1-0,0-1,0.0,0.46290154981856163,0.44481407857377814
1-0,0-1,0.0,0.44386360680314896,0.436448327035496
1/2-1/2,1-0,0.0,0.4091458924529374,0.4201404000803338
1-0,1-0,0.0,0.45794934051826736,0.5133879888334237
1-0,1-0,0.0,0.45722804975586046,0.5165126604403906
1-0,1-0,0.0,0.3484095565061153,0.6178826379326572
0-1,1-0,0.0,0.4104253007811102,0.5549981296133968
1-0,1-0,0.0,0.3468465527462574,0.6495428596972115
0-1,0-1,0.0,0.495061569566669,0.4781039047873701
1-0,1-0,0.0,0.45721870456658026,0.533830262146948
1-0,0-1,0.0,0.46237245782335423,0.36286111548427624
1-0,0-1,0.0,0.5004836369043768,0.4819155742420696
1-0,0-1,0.0,0.5049521055785323,0.4833681072783593
0-1,1-0,0.0,0.4617871034837538,0.5239156642350026
1-0,1-0,0.0,0.46942945673414915,0.5207778153141349
0-1,0-1,0.0,0.48692095437289346,0.4632425937887779
0-1,1-0,0.0,0.3889057448619467,0.5910864487889984
0-1,1-0,0.0,0.2786779991262402,0.7207112637076364
1-0,1-0,0.0,0.4126065396199595,0.5808555453163277
0-1,1-0,0.0,0.4711616902562127,0.4924520357196314
1-0,0-1,0.0,0.5373256074200886,0.4425868936566113
0-1,1-0,0.0,0.4356644332283542,0.4587831216382727
0-1,0-1,0.0,0.4919420698960612,0.44283283556122927
1-0,1/2-1/2,0.0,0.18575625700983156,0.20782268384080227
1-0,1-0,0.0,0.475387664150065,0.5062461009264235
0-1,0-1,0.0,0.49956919475172246,0.48802199695246606
0-1,0-1,0.0,0.5183392346018825,0.4752163246302589
1-0,1-0,0.0,0.4066346954175122,0.5698106672514849
0-1,0-1,0.0,0.5464978685463375,0.41915312397444426
1-0,1-0,0.0,0.4435506247125013,0.5425831595405886
1-0,1-0,0.0,0.43206575193879615,0.47112936197061095
0-1,0-1,0.0,0.580750984816712,0.4083386115267964
0-1,1-0,0.0,0.42218020856474114,0.5712523209869536
1-0,1-0,0.0,0.4437329772910751,0.5481162020163501
1-0,1-0,0.0,0.4719039335433697,0.5058435945295918
1-0,0-1,0.0,0.5117425831768649,0.475324931091804
0-1,0-1,0.0,0.5177061016100306,0.45627386524003155
0-1,0-1,0.0,0.5320033268649661,0.4457958786912513
1-0,1-0,0.0,0.4641216667222748,0.5179254077081941
1-0,0-1,0.0,0.48753032434420307,0.4716365892104372
0-1,0-1,0.0,0.4748939556234748,0.45501939530358493
0-1,1/2-1/2,0.0,0.3390964166250883,0.3200722629194622
0-1,1-0,0.0,0.45754999258984513,0.5353033268488577
1-0,1-0,0.0,0.45171254952106615,0.49553945423484386
1-0,1-0,0.0,0.4918705486350322,0.5000416243688632
1-0,1-0,0.0,0.48260644056256913,0.5103875178722422
0-1,1-0,0.0,0.4804592400102349,0.4978013921478575
0-1,1-0,0.0,0.4545958778187275,0.5044760736904051
0-1,0-1,0.0,0.49028506408064493,0.45027045972316193
0-1,1-0,0.0,0.47712272581318327,0.5057521152982807
1-0,0-1,0.0,0.5438679684400373,0.44362054623242214
0-1,1-0,0.0,0.4384169693246416,0.5538098806805403
1-0,0-1,0.0,0.5443193871920345,0.44960268313906837
1/2-1/2,0-1,0.0,0.4662893745717228,0.44204038786182104
0-1,1-0,0.0,0.48102219954277875,0.5127038152980121
0-1,1-0,0.0,0.4625193596066315,0.521201732840017
1-0,0-1,0.0,0.5046713865308352,0.48076583809544415
1-0,1-0,0.0,0.4101237658385225,0.5722489931827605
1-0,1-0,0.0,0.4124597137319947,0.4328630056942309
1-0,0-1,0.0,0.5013651059613732,0.4710862619508518
0-1,1/2-1/2,0.0,0.1394260556194645,0.15474494136211964
1/2-1/2,1/2-1/2,0.0,0.23879243974151326,0.27472011362112353
0-1,1-0,0.0,0.3750556884720466,0.6060716905950903
1-0,0-1,0.0,0.4940089620503032,0.4896022354613589
1-0,1-0,0.0,0.4754419848042267,0.49480744066005405
1-0,1-0,0.0,0.43204859506588983,0.5624593781729822
1/2-1/2,0-1,0.0,0.5156868971338311,0.41994462693612483
1-0,0-1,0.0,0.48976196158356927,0.45907939775064605
0-1,1-0,0.0,0.43883092342670155,0.550870085560359
0-1,0-1,0.0,0.528441306936839,0.46634599288411144
0-1,0-1,0.0,0.5171590935824794,0.4325612435927584
0-1,1-0,0.0,0.4549110350949617,0.5126007409497056
1-0,0-1,0.0,0.4962698406845024,0.48477339549593673
1-0,0-1,0.0,0.47662481291460834,0.44558009350645106
1-0,0-1,0.0,0.49430765669164883,0.4937091756744511
1-0,1-0,0.0,0.4478739292443897,0.544052763268794
0-1,0-1,0.0,0.5164124342164772,0.46756968535824167
0-1,1-0,0.0,0.4548286336822255,0.5295810757548312
1-0,1-0,0.0,0.4837723821085897,0.4989947116985044
1/2-1/2,1-0,0.0,0.43301652904368804,0.5176513377376711
1-0,0-1,0.0,0.5031035006555489,0.4849039052673539
1-0,0-1,0.0,0.5254105825120813,0.4612803268657084
1-0,0-1,0.0,0.4953407484861693,0.4940837964728398
1-0,1-0,0.0,0.3947199449835243,0.5809310923528853
1-0,0-1,0.0,0.5094384218795243,0.45872105224145393
0-1,0-1,0.0,0.49863529145434954,0.48448135017373123
0-1,1-0,0.0,0.47281425409348427,0.5138299849803726
0-1,1-0,0.0,0.4037105132317158,0.5925314036586163
1-0,0-1,0.0,0.6093468033562662,0.37816092104754445
1-0,1-0,0.0,0.4069553969299187,0.5883063636140016
1-0,1-0,0.0,0.4851382902878556,0.5073213201309726
0-1,0-1,0.0,0.5017998249365682,0.4214396292455349
1-0,1-0,0.0,0.4596878952033523,0.469767389600896
1-0,0-1,0.0,0.5017557887853871,0.4870323749219146
1-0,0-1,0.0,0.49357902129517467,0.4746328978121164
0-1,1-0,0.0,0.44867813818820895,0.5405392939357555
0-1,0-1,0.0,0.4986559851396055,0.4802965781092293
0-1,1-0,0.0,0.473402656456378,0.5069424180188943
1-0,1-0,0.0,0.4552269001785042,0.5330086923513917
0-1,1-0,0.0,0.42549912238737264,0.558302123787249
1-0,0-1,0.0,0.5178737936435454,0.4513671261760792
0-1,0-1,0.0,0.45673557792703917,0.43759139377852985
1/2-1/2,1-0,0.0,0.3250656050643507,0.6672932061306686
1-0,0-1,0.0,0.49355511504673477,0.45856127211887
0-1,1-0,0.0,0.43415299649067357,0.5507814099623882
1-0,1-0,0.0,0.4520094624973119,0.4721718791729797
1-0,0-1,0.0,0.5181461902512027,0.4624760057176802
0-1,0-1,0.0,0.51187071150152,0.4631039395202472
1/2-1/2,0-1,0.0,0.4685426454645488,0.46478236817238966
1-0,0-1,0.0,0.41920171429653696,0.41581188538654656
0-1,1-0,0.0,0.46991952090488426,0.4938359323151861
1/2-1/2,1-0,0.0,0.39660313398020003,0.45503206266986473
0-1,0-1,0.0,0.49794113626395164,0.49262442165079257
1/2-1/2,0-1,0.0,0.4970578729993686,0.39268958790684216
1-0,0-1,0.0,0.506657925308926,0.48155632221004024
0-1,1-0,0.0,0.14275268663029198,0.85724731336971
0-1,0-1,0.0,0.522956763999862,0.4371559178486392
1-0,1-0,0.0,0.4897636994203613,0.4997222045871047
0-1,0-1,0.0,0.5128761328393608,0.46132851943511993
0-1,0-1,0.0,0.511245879803621,0.46632300269965166
1-0,1-0,0.0,0.43642730924561285,0.5453289104402184
0-1,1-0,0.0,0.3376100035531176,0.6495048012205148
0-1,1-0,0.0,0.4133374716217886,0.5711099343859817
1-0,1-0,0.0,0.3936942605136534,0.5822583138097318
1-0,1-0,0.0,0.41500676804006986,0.43173226836373996
1-0,1-0,0.0,0.49009848921937665,0.4980757529032544
1-0,1-0,0.0,0.2707029027136919,0.7073217015127108
1-0,0-1,0.0,0.541220744189029,0.43863267951840823
0-1,1-0,0.0,0.4644125498637213,0.5125502494410469
0-1,1-0,0.0,0.38194654519843313,0.5358696913679499
1-0,0-1,0.0,0.339055225935759,0.33335539791687757
1-0,0-1,0.0,0.5600558373942027,0.4258057825981691
1-0,1-0,0.0,0.47537703395211417,0.48247246012612627
0-1,1-0,0.0,0.45972481269523974,0.5027223028878915
0-1,1-0,0.0,0.4442166328382759,0.5428501559789572
1-0,0-1,0.0,0.48830790937934454,0.48379768210936763
1-0,1-0,0.0,0.41936492519053853,0.5714102161839243
0-1,1-0,0.0,0.48233050155808616,0.5016686349923207
1-0,1-0,0.0,0.48173788630608233,0.48370627162528124
0-1,0-1,0.0,0.5450169755578338,0.402016486547914
0-1,1-0,0.0,0.43347882640504865,0.5595220596025892
1-0,1-0,0.0,0.45090299764628305,0.5394726882734594
0-1,0-1,0.0,0.5549612062432039,0.42729748682937213
1/2-1/2,1/2-1/2,0.0,0.13050397036978242,0.14706664822374593
0-1,1-0,0.0,0.4345753631673894,0.5430500050007713
0-1,1-0,0.0,0.45598208377209853,0.5242752677256184
1-0,0-1,0.0,0.5032635520964274,0.4554052987648274
0-1,1-0,0.0,0.3517751445778806,0.37350035008110816
0-1,1-0,0.0,0.443268143497176,0.4961691823049338
0-1,0-1,0.0,0.49206065798859994,0.45159332171915656
0-1,1/2-1/2,0.0,0.2974874189904443,0.3214536787696375
1-0,1-0,0.0,0.3097440302389545,0.5249636808029604
0-1,1-0,0.0,0.3960347465626587,0.575128197081918
1-0,1-0,0.0,0.4597869747261464,0.5080381092135356
0-1,0-1,0.0,0.5125026857611297,0.44985279749961093
0-1,1-0,0.0,0.430467213106528,0.4823520314846266
0-1,1-0,0.0,0.441847983964095,0.4749194771843907
1-0,1-0,0.0,0.38168472354514354,0.6146592649024653
1-0,1-0,0.0,0.4801377585990919,0.49802825875195633
0-1,1-0,0.0,0.4572551063398556,0.5292508559070056
0-1,0-1,0.0,0.496463531108841,0.4848834554389526
1-0,0-1,0.0,0.5114482498985939,0.47829602891960143
1-0,0-1,0.0,0.5345963869636133,0.4400086329420433
1-0,0-1,0.0,0.49768620143442627,0.48827094624967854
1-0,0-1,0.0,0.5083133165071244,0.44992703953778523
0-1,1-0,0.0,0.4710030258618357,0.5018121828412282
0-1,0-1,0.0,0.48260949912951434,0.45644761468234624
1-0,0-1,0.0,0.49480695099680544,0.47042367170705046
1-0,1-0,0.0,0.3365049552371886,0.6370212431121584
0-1,0-1,0.0,0.5103196149512788,0.47825889263335836
1-0,1-0,0.0,0.4703460955007518,0.5183283562289399
1-0,0-1,0.0,0.47524052453267157,0.46433980164318805
0-1,0-1,0.0,0.4981514789956897,0.48963403885924833
1-0,0-1,0.0,0.4928261067436669,0.4713615934264035
0-1,0-1,0.0,0.49438529928398867,0.4735745242721358
0-1,1/2-1/2,0.0,0.300487126731987,0.3325461878808922
1-0,1-0,0.0,0.44215483881763423,0.4643847474971028
1-0,0-1,0.0,0.49824899325092636,0.4868470416026222
0-1,1-0,0.0,0.49376504823427503,0.49867394246319097
1-0,1-0,0.0,0.48189244387654184,0.5099702404249457
1-0,0-1,0.0,0.515216150049373,0.4791471101063152
1-0,0-1,0.0,0.4550114469915812,0.4119514409592795
1-0,1-0,0.0,0.45025439600049,0.5404917381782193
1-0,1-0,0.0,0.42567819949777924,0.49262661137484726
1-0,0-1,0.0,0.5057481888689482,0.4707022931897586
0-1,0-1,0.0,0.5087005124945719,0.47934557700570285
0-1,1-0,0.0,0.487883871815916,0.4982888268615722
1-0,1-0,0.0,0.46789008317972597,0.5192960192147031
0-1,0-1,0.0,0.5478821173858437,0.4520988281273537
1/2-1/2,1-0,0.0,0.14108538331650416,0.5502610484270106
0-1,1-0,0.0,0.4653827234918855,0.5260279684511826
1-0,1-0,0.0,0.45901234707314836,0.528748092823994
0-1,1-0,0.0,0.48997059713543484,0.4988551428653476
0-1,1-0,0.0,0.4696245605199603,0.4792812052507961
0-1,1-0,0.0,0.45443764632925776,0.5343182567675185
0-1,0-1,0.0,0.5064620522049965,0.48004245444505306
1-0,0-1,0.0,0.4997934489831255,0.4822515292885055
0-1,0-1,0.0,0.5024403693958933,0.4803665962509617
1-0,1-0,0.0,0.4515461523179558,0.5375113117471404
0-1,0-1,0.0,0.5128663516512633,0.4731822653653771
0-1,1/2-1/2,0.0,0.34220474566632775,0.29264455141860335
1-0,1-0,0.0,0.48915581648264905,0.5035098888375487
1-0,1-0,0.0,0.40290782216720733,0.5871633014323737
0-1,1-0,0.0,0.4756313444535601,0.5135263335089185
1/2-1/2,0-1,0.0,0.46347208802727613,0.4586348206801419
1-0,0-1,0.0,0.48382636881879426,0.4697692444096252
0-1,0-1,0.0,0.5223484773582515,0.4323239999264503
0-1,1-0,0.0,0.4791847827277137,0.5124194315800323
0-1,1-0,0.0,0.23965203464902554,0.737440759850485
0-1,1-0,0.0,0.48105646691685616,0.5031095019130947
0-1,0-1,0.0,0.4738454735116135,0.44653871698508985
0-1,1/2-1/2,0.0,0.1933610049007669,0.21837985575818009
1-0,0-1,0.0,0.4942010055960344,0.4888645403421143
1-0,1-0,0.0,0.459929828954307,0.4664064749438844
1-0,1-0,0.0,0.4617671520854549,0.5261395147024047
0-1,1-0,0.0,0.47872568165448,0.5097627925980126
1-0,1-0,0.0,0.4840190058377742,0.4849513452241099
1-0,0-1,0.0,0.49702390814628983,0.4459665998867392
0-1,0-1,0.0,0.4993085369002762,0.48137553888054635
1-0,1-0,0.0,0.45539890721632986,0.5317752002442786
1-0,0-1,0.0,0.49806113793410783,0.4899384725551557
1-0,1-0,0.0,0.4840662312516293,0.4855567917862278
1-0,0-1,0.0,0.49164668637612496,0.4853006533701507
1-0,0-1,0.0,0.4911164255774265,0.4704472639188816
1-0,1-0,0.0,0.4526468126506676,0.5341366275828379
1-0,0-1,0.0,0.5047777624346332,0.46869995309091855
0-1,0-1,0.0,0.516703819045523,0.47006935893354945
0-1,1-0,0.0,0.30199695103193214,0.6848329215988744
0-1,1-0,0.0,0.44610238339621094,0.5403148691536502
1-0,1-0,0.0,0.4744471292447547,0.5171004662482944
0-1,1/2-1/2,0.0,0.20200367088085483,0.19991639772067663
1-0,0-1,0.0,0.4612009467751875,0.4597611243893131
0-1,0-1,0.0,0.45005287831742774,0.42798453538763637
1-0,0-1,0.0,0.5013043473169037,0.48769157158930504
1-0,0-1,0.0,0.5046106738567913,0.48286243994586175
1-0,0-1,0.0,0.4583461419288146,0.4543025646690662
0-1,1-0,0.0,0.48923683190976786,0.5021271694855075
1-0,1-0,0.0,0.47321330298104947,0.5158613831811253
0-1,1-0,0.0,0.4142156546232843,0.42214070094800593
1-0,1-0,0.0,0.35327773617734437,0.6382302910796149
1-0,0-1,0.0,0.47479860288517867,0.47361626469438145
1/2-1/2,1/2-1/2,0.0,1.6945052646085756e-08,5.41349917446197e-08
0-1,1-0,0.0,0.422413875526727,0.5338112380104634
1-0,1-0,0.0,0.48626400074725845,0.5034163152170071
1-0,0-1,0.0,0.5284086869692505,0.4410744884324084
0-1,1-0,0.0,0.47247636668823684,0.5166628046162374
0-1,0-1,0.0,0.5153439557032785,0.4618719116482655
0-1,0-1,0.0,0.5100697607048998,0.3933746293160778
0-1,0-1,0.0,0.5321932143743953,0.42895217657358886
0-1,0-1,0.0,0.47872318255869367,0.4612303652286713
1-0,0-1,0.0,0.5078262747315542,0.48431591655053263
1-0,0-1,0.0,0.5109361591975141,0.4719930693478083
0-1,1-0,0.0,0.434166742443065,0.5560107813370527
0-1,1-0,0.0,0.43411527908953224,0.4829861615330853
1-0,1-0,0.0,0.42551463028761866,0.47385269144462544
1/2-1/2,0-1,0.0,0.45276241102275006,0.4074584099612714
0-1,1-0,0.0,0.3903772607538526,0.5172671052564377
0-1,1-0,0.0,0.48987486766690475,0.48995165855299216
0-1,0-1,0.0,0.5069148522937509,0.46911937823648425
0-1,1-0,0.0,0.3017408190571534,0.38877975217707583
1-0,1-0,0.0,0.42573625888370015,0.5086546541691582
1-0,0-1,0.0,0.4982006620739121,0.4843296271804239
1-0,1-0,0.0,0.3961376476189597,0.5869279387052857
0-1,0-1,0.0,0.5063730803510137,0.47454342187860543
1-0,1-0,0.0,0.4686751269192283,0.4837671053007676
0-1,1-0,0.0,0.4363838705216403,0.49544449468432794
0-1,0-1,0.0,0.4920371511163819,0.49128645249608816
0-1,1-0,0.0,0.30217600348275797,0.43534466660329196
1-0,1-0,0.0,0.487517188345635,0.4877653133480108
0-1,0-1,0.0,0.5193190861816102,0.43885148481143776
0-1,0-1,0.0,0.6303742538333897,0.3695353012188979
0-1,1-0,0.0,0.48184854399262594,0.51815144623665
1-0,0-1,0.0,0.49499008563473174,0.4622052741557777
0-1,0-1,0.0,0.5095896050592169,0.4755444447166089
1-0,1-0,0.0,0.35789142197403795,0.5462164200115277
1/2-1/2,1-0,0.0,0.32289293702162997,0.3390351288359414
0-1,0-1,0.0,0.5511968674353749,0.4303350250220769
1-0,1-0,0.0,0.4678165146753495,0.47953801001693414
0-1,1-0,0.0,0.47396396118737466,0.5160799544058614
1-0,0-1,0.0,0.5168587014758664,0.4573806516119149
0-1,0-1,0.0,0.4671722841616715,0.46458223401860943
1-0,0-1,0.0,0.4972802406368944,0.49262584983750973
1-0,1-0,0.0,0.4183622322703766,0.5535969446628958
1-0,0-1,0.0,0.5580250412637564,0.4342433470870413
0-1,1-0,0.0,0.45038825844173147,0.4942826425732746
1-0,0-1,0.0,0.4968483666378109,0.49530598206927784
0-1,0-1,0.0,0.5208141933519933,0.4619961319740739
0-1,0-1,0.0,0.5514087620792345,0.4260659611522078
0-1,0-1,0.0,0.6000248187868022,0.3775014397465191
1-0,0-1,0.0,0.5027570141049632,0.4724725007920091
1-0,0-1,0.0,0.5045590008696744,0.4718512763384481
1-0,1-0,0.0,0.45191615837046695,0.47001527450081193
0-1,0-1,0.0,0.541103077087986,0.43855530069076604
1-0,1-0,0.0,0.4151620436067905,0.5770367872787178
0-1,0-1,0.0,0.49932893260498185,0.4132641176339472
0-1,0-1,0.0,0.5182077063144308,0.46266316077111197
1-0,1-0,0.0,0.47550914598813937,0.5178218783308045
0-1,1-0,0.0,0.48173835769301154,0.4970769798494291
0-1,1-0,0.0,0.44099493537460754,0.551814734575267
1-0,1-0,0.0,0.4667560369683717,0.5186121157473907
0-1,0-1,0.0,0.528860841264541,0.45885313058241045
0-1,1-0,0.0,0.3874935114391049,0.4834344599770925
0-1,1-0,0.0,0.41691479908709833,0.5666633428896248
1-0,1-0,0.0,0.48734087395745446,0.49394745576619326
0-1,0-1,0.0,0.5216133770756703,0.4590374600619424
1-0,1-0,0.0,0.48730108893533947,0.49760587262701933
0-1,1-0,0.0,0.48757630702837756,0.5057880547510539
1-0,1-0,0.0,0.49125226525161814,0.4957315928415286
0-1,1-0,0.0,0.4525918967969489,0.5402970881407916
0-1,0-1,0.0,0.5786850234144237,0.42131457658178106
1-0,0-1,0.0,0.47856735984247384,0.47382162692011687
1-0,0-1,0.0,0.5074757180615104,0.4844801268305325
0-1,1-0,0.0,0.48429209052127226,0.4929433955689791
1-0,1-0,0.0,0.48496076684973494,0.5047233415914617
1-0,0-1,0.0,0.552674698648518,0.42847636832588765
0-1,1-0,0.0,0.4651132879089622,0.5089171428872888
0-1,1-0,0.0,0.46608395523589286,0.504008474804081
1-0,1-0,0.0,0.40579514509637776,0.5855710227957797
1-0,1-0,0.0,0.4251642917333112,0.5661541137278936
0-1,0-1,0.0,0.4978294299911957,0.4765028567171816
0-1,0-1,0.0,0.5159127383272343,0.4600011400349914
1-0,0-1,0.0,0.5527185702474279,0.43312369177438687
0-1,1-0,0.0,0.4384074666724857,0.5478015266349678
1-0,1-0,0.0,0.47009456817390505,0.5207263104707999
1-0,1-0,0.0,0.31172703567177684,0.6780908182521201
1-0,1-0,0.0,0.4739445008725051,0.5121766149561005
1-0,0-1,0.0,0.505284606192942,0.48737561977242283
1-0,1-0,0.0,0.4663120999803757,0.5273967804964431
1-0,1-0,0.0,0.4087259328391872,0.5561831010786318
1-0,1-0,0.0,0.4773767568519914,0.49622478417208343
0-1,0-1,0.0,0.5381964403864309,0.44920712959113296
0-1,0-1,0.0,0.5065784250445724,0.4807032554224068
0-1,1-0,0.0,0.4471778172919846,0.4687218622624884
1-0,1-0,0.0,0.3342466292519129,0.5242385778188675
0-1,1-0,0.0,0.46823909712397516,0.5127371632051317
1-0,0-1,0.0,0.5027663577174298,0.4837897683260059
0-1,1-0,0.0,0.37848687880208365,0.5184186318926233
1-0,1-0,0.0,0.4907578943970459,0.4938062381832986
1/2-1/2,0-1,0.0,0.4812178994174921,0.31954881387771267
1-0,1-0,0.0,0.4381672289382239,0.5489361284860341
1-0,0-1,0.0,0.36643008452320897,0.321632853746538
0-1,0-1,0.0,0.5028003458554282,0.47304860128516596
1/2-1/2,1/2-1/2,0.0,0.05501807399802965,0.05923935991067472
0-1,0-1,0.0,0.5831035444431343,0.4008863122211387
1-0,0-1,0.0,0.45923710526610434,0.44080851455052616
0-1,1-0,0.0,0.4820471308326777,0.5118385842828219
1-0,1-0,0.0,0.4699448310881515,0.5016501155269933
1-0,0-1,0.0,0.5736692751937955,0.41930029047621675
1/2-1/2,1-0,0.0,0.442216435039528,0.5232395950933206
1-0,1-0,0.0,0.4925877257426914,0.5004106379081121
1-0,1-0,0.0,0.28881661074571907,0.4519467528905382
1-0,1-0,0.0,0.44459159892122563,0.494423108502901
0-1,1-0,0.0,0.47408840569939104,0.5163748774012212
1-0,1-0,0.0,0.4069553254099804,0.559962665436238
0-1,1-0,0.0,0.43291534376574903,0.5554829018565244
1-0,1-0,0.0,0.34671794598506805,0.6434550904707046
1-0,0-1,0.0,0.5043054505615706,0.4558761293693862
1-0,1-0,0.0,0.45653537650854487,0.5282973007528258
0-1,0-1,0.0,0.4118918276513062,0.38076025457330287
0-1,0-1,0.0,0.38021812395317317,0.3509799263897885
1-0,1-0,0.0,0.4660480477009424,0.4734146195779599
0-1,1-0,0.0,0.4723007947384367,0.517877977780347
0-1,0-1,0.0,0.5348559793973783,0.4507958277402534
1-0,1-0,0.0,0.4694639783892164,0.5153886635040257
0-1,1-0,0.0,0.43432441869668276,0.5132745209116863
1/2-1/2,0-1,0.0,0.45196285314226603,0.4268651311181114
0-1,0-1,0.0,0.4982969137222688,0.4819282904794962
0-1,0-1,0.0,0.5088916134904581,0.46912984097263927
0-1,1-0,0.0,0.4933692151328918,0.49891396399928944
1-0,0-1,0.0,0.4808063316050569,0.44907349423809656
1-0,1-0,0.0,0.470454871109677,0.5120153474663318
0-1,0-1,0.0,0.5710247593079439,0.4123902565583039
0-1,1-0,0.0,0.4595144566334619,0.48124280986713036
1/2-1/2,0-1,0.0,0.49395950503384706,0.46290410249833264
1-0,0-1,0.0,0.5241259461199081,0.4576424266261327
1-0,1-0,0.0,0.4866903811122917,0.499593932561462
1-0,0-1,0.0,0.5108419820705833,0.47024113245040944
1-0,1-0,0.0,0.44075473238384416,0.5493622453844642
0-1,1-0,0.0,0.34147901643712364,0.37649405519051926
0-1,0-1,0.0,0.4946467218723984,0.4571115453351547
1-0,1-0,0.0,0.37573617369716056,0.6166509782540357
1-0,0-1,0.0,0.4786286832519534,0.4696612804690825
1-0,1-0,0.0,0.49015855981617434,0.49995285339417783
0-1,1/2-1/2,0.0,0.20145984481676157,0.1586800055942512
1-0,1-0,0.0,0.36774085922864647,0.43622431550200247
0-1,1-0,0.0,0.4593095067143655,0.4607952664386813
1-0,1-0,0.0,0.4587210936100193,0.5279641640584145
1-0,1-0,0.0,0.4655332705110733,0.48937221171780043
0-1,1-0,0.0,0.453224632006189,0.5365609547702769
1-0,0-1,0.0,0.5362515522687955,0.45412549182713313
0-1,0-1,0.0,0.49230649489545053,0.47982928767451144
1-0,0-1,0.0,0.6111443865416046,0.38687875580436976
0-1,1-0,0.0,0.3448815634718324,0.3571354028526393
1-0,0-1,0.0,0.49817678123297315,0.47845777760817026
0-1,0-1,0.0,0.4924860710545079,0.45258313479446266
0-1,0-1,0.0,0.6303903181279888,0.3694540400145786
1-0,1-0,0.0,0.407720604334618,0.5273009128881084
1-0,0-1,0.0,0.4886383135880538,0.4768008118911234
1-0,0-1,0.0,0.49712481771434835,0.45771494503823046
0-1,1-0,0.0,0.44225118555464116,0.44441533818686557
0-1,1-0,0.0,0.3559861190788506,0.37449847620422394
0-1,0-1,0.0,0.4511118447489346,0.4340900736516218
0-1,0-1,0.0,0.5719611543843145,0.416861366824935
1-0,1-0,0.0,0.3231925370587447,0.6721085376784102
0-1,1-0,0.0,0.38917921852122217,0.5993355044140649
1-0,0-1,0.0,0.49819201361951565,0.47447398033139776
1/2-1/2,0-1,0.0,0.5301061091202334,0.42989082579518073
0-1,0-1,0.0,0.5025539675837243,0.4791451895249322
0-1,1-0,0.0,0.49258306072834096,0.49621553884130065
0-1,0-1,0.0,0.4953257151728664,0.49011607066099716
0-1,1-0,0.0,0.44281194967053855,0.5420158834647189
1-0,0-1,0.0,0.431261662347147,0.4100623799428736
0-1,1-0,0.0,0.48018630523657607,0.5091050013827408
0-1,1-0,0.0,0.4117687897485695,0.578136280837527
1-0,1-0,0.0,0.42720787424302814,0.5655786833481671
0-1,1-0,0.0,0.4190067236842349,0.48707987655685137
0-1,0-1,0.0,0.5011261504975741,0.38164726921863357
1/2-1/2,1-0,0.0,0.4517580356624855,0.518252987672118
0-1,1-0,0.0,0.4655562183597064,0.48177659306104653
1-0,0-1,0.0,0.4956865222155577,0.4283492135255077
0-1,1-0,0.0,0.36769635401460893,0.39844601673710206
1-0,0-1,0.0,0.49013570019789393,0.4603114352683768
1-0,1-0,0.0,0.4650648337662146,0.5166120583376117
0-1,0-1,0.0,0.5007099269252948,0.44551091850417635
0-1,0-1,0.0,0.50348446619296,0.48451501352708354
0-1,1-0,0.0,0.4899079190652628,0.4900279785735951
1-0,1-0,0.0,0.4735989858748533,0.5152253364549223
0-1,1/2-1/2,0.0,0.24951770775730306,0.31025807535982947
0-1,1-0,0.0,0.4172246715955812,0.4693848422858629
0-1,0-1,0.0,0.4912666998201785,0.46152250200532335
1-0,1/2-1/2,0.0,0.2493294887503825,0.2952256360220367
0-1,1-0,0.0,0.486623312053552,0.5035713855601301
0-1,1-0,0.0,0.4311557264829187,0.5299432180555463
1-0,1-0,0.0,0.44328128564802105,0.5458561198349949
1-0,0-1,0.0,0.49749229869053374,0.4833819348077051
0-1,1-0,0.0,0.4858661419530642,0.5047276215937558
1-0,1-0,0.0,0.4776686021050188,0.505939119953514
1-0,1-0,0.0,0.0920847640918517,0.9079148008617607
1-0,1-0,0.0,0.37294722844944217,0.5520289925947162
0-1,1/2-1/2,0.0,0.031528450614846694,0.10597135256624249
1-0,1-0,0.0,0.47028538054158125,0.498700523705646
1-0,1-0,0.0,0.38744530516719283,0.6086067944821165
1/2-1/2,1-0,0.0,0.39759740486128514,0.5135102120661998
1-0,1-0,0.0,0.38440331880627365,0.5733666809197251
1-0,1-0,0.0,0.35073194446765,0.5873442847196559
0-1,1-0,0.0,0.4331406702591383,0.5538988073693957
1-0,1-0,0.0,0.48108080157114486,0.5085837019431456
0-1,1-0,0.0,0.46643168004544744,0.5209097942300277
0-1,1-0,0.0,0.46127246275375783,0.528770067200369
0-1,1-0,0.0,0.44844938958894376,0.5431598446323391
1-0,0-1,0.0,0.4871368317955663,0.47592455062360917
1-0,1-0,0.0,0.4277040048221481,0.5562722609992509
0-1,1-0,0.0,0.446971430315514,0.45841058752513336
1-0,1-0,0.0,0.46044602666591666,0.4815121048563224
0-1,0-1,0.0,0.5063354180926878,0.4823465811690913
1-0,0-1,0.0,0.5024402653236631,0.4777945774317847
1-0,0-1,0.0,0.5043772720254102,0.47247259166904454
0-1,1-0,0.0,0.42073470437370536,0.5710614627631784
0-1,0-1,0.0,0.49421052951586536,0.4937305278673572
1/2-1/2,0-1,0.0,0.41711443420198885,0.41548085670248247
1-0,0-1,0.0,0.5407041466534778,0.41096808426774073
1-0,1-0,0.0,0.489003144180318,0.49782030902575336
1-0,0-1,0.0,0.5045731753981085,0.4837486960751505
0-1,1-0,0.0,0.4546116494548456,0.47876930058113165
1-0,0-1,0.0,0.5127799535471979,0.46852698161547834
1-0,1-0,0.0,0.47719149165526553,0.510432067255352
1-0,0-1,0.0,0.4741425599711907,0.4433521673861178
1-0,1-0,0.0,0.3582035394428971,0.636306580716152
0-1,1-0,0.0,0.46826930886352724,0.48130599255020257
0-1,1-0,0.0,0.4467353543976747,0.5439592633610674
0-1,0-1,0.0,0.6167135781838048,0.3832818424572813
0-1,0-1,0.0,0.520969285231342,0.46696318272074816
0-1,0-1,0.0,0.5454940060004105,0.42690006920917706
1-0,0-1,0.0,0.49370635791143197,0.4831206821860594
0-1,0-1,0.0,0.5003060209888163,0.4648131123341892
1-0,1-0,0.0,0.4479350949863357,0.5442263876783495
1/2-1/2,1-0,0.0,0.27913030108424325,0.3616781655279722
1-0,1-0,0.0,0.4786588336162434,0.49987496296566597
1-0,1-0,0.0,0.3752363313451524,0.4151716569456176
1-0,1-0,0.0,0.4117520956268185,0.47998027601805515
1-0,1-0,0.0,0.4226852370105552,0.5460089679344894
1-0,0-1,0.0,0.5159139665441084,0.4582615034699284
1-0,0-1,0.0,0.4922758277470639,0.4791821431157544
1-0,0-1,0.0,0.4899008664968919,0.48348681399715565
0-1,1-0,0.0,0.40862316087814327,0.49839551115816605
0-1,1-0,0.0,0.47799125181803004,0.48420365287281125
0-1,0-1,0.0,0.4729604741897398,0.4182770361660085
0-1,1-0,0.0,0.417857266196557,0.5762094392014098
1-0,1-0,0.0,0.11007084397046768,0.8899131916942136
1-0,1-0,0.0,0.22358483791260664,0.7091195942502239
1/2-1/2,0-1,0.0,0.530316154809115,0.37721625533005054
1-0,1-0,0.0,0.4541545591449124,0.5069915658166707
1-0,1/2-1/2,0.0,0.15174780869063065,0.2361161201564152
1/2-1/2,0-1,0.0,0.5171391359653728,0.4828608522571303
0-1,0-1,0.0,0.3477386057162197,0.33016085112092186
0-1,0-1,0.0,0.4158744190798351,0.4105960494746746
1-0,1-0,0.0,0.34652246130624553,0.6370452971214362
1-0,0-1,0.0,0.46264507705423397,0.4363691370458578
0-1,0-1,0.0,0.5457581920824767,0.43686948525047903
0-1,0-1,0.0,0.5174754300473439,0.45043885740181994
0-1,1-0,0.0,0.4671133082931386,0.5227616531681127
1-0,1-0,0.0,0.35466418085095863,0.6384290585486484
0-1,1-0,0.0,0.4160215156785732,0.45114099414449904
0-1,1-0,0.0,0.4801596350389238,0.5044903151439598
0-1,1-0,0.0,0.43834523917929474,0.5541613244982517
0-1,0-1,0.0,0.4975780809603035,0.4829444987214405
1-0,1-0,0.0,0.4857760505933842,0.49046203810922
1-0,1-0,0.0,0.17925964094381788,0.8197404343167912
1-0,1-0,0.0,0.48283830314302356,0.5102778284124136
0-1,1-0,0.0,0.45086367547267253,0.5248425453774557
1-0,1-0,0.0,0.44131532841776994,0.5128500513665928
1-0,1-0,0.0,0.4785309982261735,0.5061210551808388
1-0,1-0,0.0,0.44298518737286324,0.5477170315569495
1-0,1-0,0.0,0.45149473917965066,0.5342787442081867
0-1,1-0,0.0,0.284656027084652,0.5462541127647724
1-0,0-1,0.0,0.5054605776159949,0.4830666900622799
0-1,1-0,0.0,0.45779370382160717,0.5088497474694074
0-1,1-0,0.0,0.47682425574400394,0.5006188928532306
0-1,1-0,0.0,0.4395212065934532,0.5304305255855066
1-0,0-1,0.0,0.5153974725178166,0.4575330528243553
0-1,0-1,0.0,0.4933986053043632,0.4700037857305848
1-0,0-1,0.0,0.5155196658013749,0.4755131522920684
0-1,1-0,0.0,0.4805267784335388,0.4912066697319541
0-1,1/2-1/2,0.0,0.2055727383942443,0.30459741870874807
0-1,1-0,0.0,0.4707071926195705,0.5222620686870144
1-0,1-0,0.0,0.4176956021416563,0.5242157750707018
1-0,1-0,0.0,0.4297235553000009,0.5619167798368274
0-1,0-1,0.0,0.5280705352927861,0.4309291729314978
0-1,0-1,0.0,0.5285106971985426,0.4601845212931666
0-1,0-1,0.0,0.5474954300342867,0.443387214723574
1-0,1-0,0.0,0.4356938935897995,0.49143276126588137
1-0,1-0,0.0,0.48539488875495884,0.4978712380571124
0-1,1-0,0.0,0.42658983919144344,0.5565417366501466
1-0,1-0,0.0,0.2910474421290847,0.6983733775920024
1-0,1-0,0.0,0.3720789285470502,0.6099242116349448
1-0,1-0,0.0,0.4155808805653823,0.5730924815662943
1-0,1-0,0.0,0.3595725277680627,0.6308131636968851
0-1,1-0,0.0,0.4847115080568929,0.5077293866437953
1-0,1-0,0.0,0.41873083569745856,0.5340468007925402
1-0,1-0,0.0,0.45518138080887494,0.5318052593350411
1-0,1-0,0.0,0.48262886489934553,0.4936599909055517
1-0,1-0,0.0,0.4759904504528835,0.5148006903787661
1-0,1-0,0.0,0.48837827476829937,0.48943679415169067
0-1,0-1,0.0,0.44471094711487935,0.4438744370181903
1-0,1-0,0.0,0.48627428391740446,0.4938123651110961
1-0,1-0,0.0,0.4704111976397684,0.47554343274839467
1-0,0-1,0.0,0.5540602119451925,0.42924931694843205
1-0,0-1,0.0,0.5865175394002534,0.41348040989972135
1/2-1/2,1-0,0.0,0.4156633541340018,0.5732939426106781
0-1,1-0,0.0,0.16055288706562656,0.8394319688371048
1-0,1-0,0.0,0.37328399388001354,0.4319283715572142
1-0,1-0,0.0,0.35174726180863436,0.5163667521896449
0-1,1-0,0.0,0.4106496903269117,0.4540143103102583
1-0,0-1,0.0,0.5076489896651177,0.48575271486687566
0-1,1-0,0.0,0.4843143898680532,0.5041066152294063
0-1,1-0,0.0,0.4756900432821483,0.503741562781847
0-1,1-0,0.0,0.4873353771849061,0.5025131888752594
1-0,1-0,0.0,0.4609545366038848,0.5187434002549622
0-1,1-0,0.0,0.48434840209815583,0.4910125142504954
0-1,0-1,0.0,0.4900252624737221,0.4888550799537413
0-1,1/2-1/2,0.0,0.2523072268701104,0.3047184778622554
0-1,0-1,0.0,0.49810237302577987,0.461930847491565
0-1,1-0,0.0,0.2059389551503958,0.4030022748395303
1-0,1-0,0.0,0.46559266087297174,0.4758868082291876
1-0,1-0,0.0,0.47596059536294216,0.4908035344236467
0-1,1-0,0.0,0.4892384830175831,0.49577229619086
1-0,0-1,0.0,0.5113903187147255,0.4617149224270943
0-1,0-1,0.0,0.533942746014408,0.4599494213050261
0-1,0-1,0.0,0.5052695412845228,0.4270156493289132
0-1,0-1,0.0,0.487256570767314,0.45289964481243317
1-0,1-0,0.0,0.30006131709142375,0.6371499679228527
1-0,0-1,0.0,0.512969973803935,0.4643647709684413
1-0,1-0,0.0,0.4115885783927019,0.5819062686146474
1-0,1-0,0.0,0.10575954846389198,0.8942395713931893
0-1,1-0,0.0,0.34718990544041384,0.49613878225035773
0-1,0-1,0.0,0.5416462069574114,0.43240836377810604
1-0,1-0,0.0,0.48053774858502457,0.5043584079623356
0-1,1-0,0.0,0.4528888098157917,0.503554861426485
1-0,0-1,0.0,0.5324494778969945,0.44470108034691364
0-1,0-1,0.0,0.5085054080826864,0.43240180032941766
0-1,0-1,0.0,0.5805654134461713,0.4176671263752989
1-0,0-1,0.0,0.5066815358969461,0.48252212187478133
1-0,0-1,0.0,0.5636240476774845,0.4178214321081243
1-0,1-0,0.0,0.386359710606489,0.6063632485777686
0-1,1-0,0.0,0.33593737123090794,0.48655970435534146
0-1,1-0,0.0,0.4901225384316214,0.5098774552403311
0-1,0-1,0.0,0.5084039248914283,0.3681306586032699
1-0,1-0,0.0,0.2726280461275072,0.720558869815663
0-1,1-0,0.0,0.12291908167839778,0.8770750386513
1-0,1-0,0.0,0.4814912721105533,0.5026228537433106
0-1,0-1,0.0,0.5845244706782318,0.3968517326332223
1-0,0-1,0.0,0.5312150026128725,0.45741724676075735
0-1,0-1,0.0,0.4725890803881524,0.46436966107860195
0-1,1-0,0.0,0.31945241498450483,0.553174691446384
0-1,0-1,0.0,0.4967143158934259,0.46740168304655383
0-1,1-0,0.0,0.34875127555264385,0.6174666009034171
0-1,0-1,0.0,0.48884155481589975,0.4720030778815576
1/2-1/2,0-1,0.0,0.5236159481929163,0.4679611855042977
1-0,0-1,0.0,0.5404422023542128,0.4447695481125113
0-1,1-0,0.0,0.44715853324724103,0.5252369795721945
0-1,0-1,0.0,0.518995338490062,0.4606736699810878
1-0,1-0,0.0,0.44261510739523263,0.5491703901139962
0-1,1-0,0.0,0.45578015202617983,0.5354660265552196
1/2-1/2,1-0,0.0,0.4356205011320828,0.4653536385136837
1-0,1-0,0.0,0.37164252153987337,0.6072074000170057
1-0,0-1,0.0,0.49764308574110633,0.47567044008641296
0-1,1-0,0.0,0.46357282488255086,0.5300037863822771
0-1,0-1,0.0,0.4868036228028252,0.48265147870519864
0-1,0-1,0.0,0.5022037634309884,0.471733079802252
1-0,1-0,0.0,0.33804614472891215,0.6100303602028827
1-0,0-1,0.0,0.505734418614494,0.4821461382502409
1-0,0-1,0.0,0.5864972983702296,0.40461723321676607
0-1,1-0,0.0,0.39808312253571526,0.587705936352831
1-0,1/2-1/2,0.0,0.09052131395815942,0.10187358639677997
0-1,1-0,0.0,0.490369688460054,0.49336748853245094
0-1,0-1,0.0,0.43334147547424834,0.3949220745034598
1-0,1-0,0.0,0.35136340868399696,0.6304046726980524
1-0,0-1,0.0,0.3397747886462031,0.3275365157730059
0-1,1-0,0.0,0.4104969685281984,0.5713967406984592
1-0,1-0,0.0,0.3578761369212553,0.508881315104993
1-0,0-1,0.0,0.49482407336783085,0.4774492378537338
0-1,0-1,0.0,0.503892368595897,0.44476474464901133
0-1,0-1,0.0,0.4697530359271393,0.45522717472632557
1-0,1-0,0.0,0.4437047454159151,0.5322372020766342
0-1,0-1,0.0,0.48366850808746453,0.39719734475738766
0-1,1-0,0.0,0.40484765315858096,0.5852621235593639
1-0,1-0,0.0,0.49192394042157794,0.4940069144722742
0-1,1-0,0.0,0.43985868029692954,0.5378673817844339
0-1,0-1,0.0,0.5080333361710904,0.48095788195920086
1-0,0-1,0.0,0.5006833444214379,0.456541152419284
0-1,0-1,0.0,0.5197410136606283,0.43327394372888806
1-0,0-1,0.0,0.5120994274245133,0.470052000146417
1-0,1-0,0.0,0.4424698167599504,0.544687498428061
0-1,0-1,0.0,0.48262562223716005,0.4534039502129403
1-0,1-0,0.0,0.4761439604110872,0.5018099700901498
0-1,0-1,0.0,0.5106815347654374,0.48103107226088915
1-0,1-0,0.0,0.49150342271378783,0.4928149809142018
0-1,0-1,0.0,0.5096343548038373,0.4643913797225533
1-0,1-0,0.0,0.433320029486341,0.551908367726327
0-1,0-1,0.0,0.5107480816787641,0.4778436906248231
0-1,1-0,0.0,0.492278063476492,0.4966205430026029
0-1,0-1,0.0,0.5023492750544203,0.45694206101134427
1/2-1/2,0-1,0.0,0.3921582053389756,0.35860135950597105
0-1,0-1,0.0,0.5412806794366986,0.3958469864458091
0-1,1-0,0.0,0.3981278184654821,0.5002365152159493
0-1,1-0,0.0,0.4762630940451729,0.5168108723945081
0-1,1-0,0.0,0.4761950099241972,0.48676834527588037
1-0,1-0,0.0,0.45257880072982115,0.5361340022684912
0-1,0-1,0.0,0.6214485185241421,0.3775318260998582
1-0,0-1,0.0,0.5081964589049491,0.4631245205006279
0-1,1-0,0.0,0.4727516918701331,0.5062591486295198
1-0,0-1,0.0,0.5653680769486242,0.423226217339311
1-0,1-0,0.0,0.4591103291993542,0.5008052561853379
1-0,0-1,0.0,0.50249284887955,0.4887328009136941
0-1,1-0,0.0,0.47277214548616997,0.5033397199131447
1-0,1-0,0.0,0.3406845237162033,0.6555519095896
1-0,1-0,0.0,0.4807757717126868,0.5102309380664424
0-1,1-0,0.0,0.4108644890222936,0.5783862719730277
1-0,1-0,0.0,0.45546755738318423,0.5178803578117299
0-1,0-1,0.0,0.570988031030534,0.38980288394565066
0-1,1-0,0.0,0.3663740312754234,0.6271200245647479
0-1,0-1,0.0,0.5369354337280292,0.45826757028347753
0-1,1-0,0.0,0.46353097073579863,0.522290286260249
0-1,0-1,0.0,0.5523282256335632,0.42117863101403896
1-0,1-0,0.0,0.4491772911182038,0.5157291888388809
0-1,0-1,0.0,0.5339285172779441,0.4426678023399
1-0,1-0,0.0,0.43467091426248805,0.5560730154673713
1-0,1-0,0.0,0.18756474725269034,0.8112699408031638
0-1,1-0,0.0,0.45583588180905515,0.5343878716974362
0-1,1-0,0.0,0.43033408408485846,0.5696659159134425
0-1,0-1,0.0,0.5035777524125078,0.4493575419372637
0-1,0-1,0.0,0.48473452698400527,0.4812528459886655
1-0,1-0,0.0,0.36750676368650437,0.38618429006742744
0-1,1-0,0.0,0.46332954791600944,0.5260098708723389
1-0,1-0,0.0,0.41432864514608225,0.48228978585506455
0-1,0-1,0.0,0.5089943571371852,0.47264813298160896
0-1,0-1,0.0,0.49488629308131477,0.4926341456582476
1-0,1-0,0.0,0.48919989954159987,0.5009840754326915
0-1,0-1,0.0,0.501080796307382,0.4819506588866504
0-1,1-0,0.0,0.4194172534231182,0.5755264838096437
0-1,0-1,0.0,0.5367492982199262,0.4516145095248776
0-1,0-1,0.0,0.5223841925141698,0.47184317724002656
1-0,0-1,0.0,0.5439567959734688,0.4456100430895945
0-1,1-0,0.0,0.35308721309003366,0.4276296578481553
1-0,1-0,0.0,0.45415736974075044,0.5368253061876305
0-1,1-0,0.0,0.47265456275721845,0.5165864921916391
0-1,0-1,0.0,0.4998131568230356,0.4905998163229977
1/2-1/2,1/2-1/2,0.0,0.19772056400866506,0.1935287856536056
1-0,1-0,0.0,0.4804297381198989,0.4853607643549621
0-1,0-1,0.0,0.47898257942743144,0.47087983755878104
0-1,0-1,0.0,0.48838580326641373,0.48778346666813954
1-0,1/2-1/2,0.0,0.22011924339578698,0.34171302437987
0-1,0-1,0.0,0.5560053948657829,0.42327842055008
0-1,1/2-1/2,0.0,0.169548421041123,0.16179853768481278
1-0,0-1,0.0,0.5147062081346111,0.4634677310527089
0-1,0-1,0.0,0.5070143973754878,0.4752921693809686
0-1,0-1,0.0,0.4931320920905044,0.48234716103443914
1-0,1-0,0.0,0.3622722983429464,0.5869095316091519
1-0,0-1,0.0,0.5316599135292074,0.4419555232347701
1-0,1-0,0.0,0.382340731889982,0.5886059419475909
0-1,1-0,0.0,0.4770352385428875,0.5052576479705627
1-0,1-0,0.0,0.4382377306588958,0.5272980629609006
1-0,0-1,0.0,0.5107139581901451,0.4626245790408515
1-0,0-1,0.0,0.41029776803885065,0.3634359052949868
0-1,0-1,0.0,0.5394810607201073,0.44514634078380766
0-1,0-1,0.0,0.5263272597440601,0.4394409859784458
0-1,0-1,0.0,0.4969592512175261,0.4924211311051336
0-1,1-0,0.0,0.46904587338614784,0.5208616144159066
1-0,1-0,0.0,0.40840804525797403,0.5845085189487121
0-1,1-0,0.0,0.45267458282139994,0.5395681516284915
0-1,1-0,0.0,0.45952196545414387,0.5207682045682477
0-1,1/2-1/2,0.0,0.2979535851894954,0.3077982162322225
1/2-1/2,0-1,0.0,0.4091118964245851,0.3484157937047196
1-0,1-0,0.0,0.4864448930351904,0.5040540825270274
0-1,1-0,0.0,0.37780738677331877,0.616115938669993
0-1,0-1,0.0,0.500407248745665,0.48528083479433926
0-1,1-0,0.0,0.3974029942636627,0.5504861562273345
0-1,0-1,0.0,0.5024544354013899,0.47189789090921586
0-1,1-0,0.0,0.27026508142010214,0.3928381940145728
0-1,0-1,0.0,0.5162956812820001,0.4704810077079306
1-0,0-1,0.0,0.4986145074376695,0.47872868883092684
0-1,1-0,0.0,0.4099283334495295,0.5703373876895794
0-1,0-1,0.0,0.5369536919468991,0.42372675094429757
1-0,0-1,0.0,0.4999844617560707,0.46354412807106704
1-0,1-0,0.0,0.4843552288621955,0.49425832636897493
1-0,1-0,0.0,0.4026389219126518,0.48001465543188837
1-0,1-0,0.0,0.30577271649560894,0.36037797021832163
0-1,1/2-1/2,0.0,0.307354795571779,0.3217298159993414
1-0,1-0,0.0,0.47604212314149336,0.5082090962226103
1-0,1-0,0.0,0.41672587474780914,0.575934545164312
1-0,1-0,0.0,0.3970276461782621,0.39979882281076295
0-1,1-0,0.0,0.4620925044998645,0.48943327790963054
1-0,1-0,0.0,0.24962799736963015,0.7494767481368325
1-0,0-1,0.0,0.4950373519396143,0.49102393321610627
0-1,0-1,0.0,0.5738648605975601,0.4219270254241253
1/2-1/2,1-0,0.0,0.46990742698159277,0.5052790661902897
1-0,0-1,0.0,0.5422034008572909,0.44521792939100313
0-1,0-1,0.0,0.49814595260041467,0.4788894408474958
1-0,0-1,0.0,0.4610972868708609,0.41208820786921957
0-1,0-1,0.0,0.5923882224329405,0.40223188721265124
0-1,1-0,0.0,0.38070783256449914,0.605671721108419
1-0,1/2-1/2,0.0,0.11740802537415855,0.1335009961531752
0-1,0-1,0.0,0.5162210620634679,0.4727666069113808
0-1,1-0,0.0,0.4634760803138174,0.5290022459681651
1-0,1-0,0.0,0.46589730751264574,0.5283875381904654
0-1,0-1,0.0,0.6111767039824751,0.37635870486537304
0-1,1-0,0.0,0.21561160308119884,0.7842674743340822
1-0,1-0,0.0,0.3806619983308385,0.4949653910044031
0-1,1-0,0.0,0.41966156009287986,0.5720833908351465
0-1,0-1,0.0,0.5049935470236766,0.48314075347627033
1-0,1-0,0.0,0.44290310064185645,0.494029949593735
0-1,0-1,0.0,0.48733223914926926,0.47196860378917527
0-1,0-1,0.0,0.6227478436177261,0.37610479053905277
1-0,0-1,0.0,0.6153710806140942,0.38462669353784956
1/2-1/2,1-0,0.0,0.05441565440313839,0.9455843297406407
1-0,1-0,0.0,0.42775901213042145,0.5339691178174348
1-0,1-0,0.0,0.4755336627876445,0.47713407460497587
1-0,0-1,0.0,0.5961917505258802,0.40374536845698406
1-0,1-0,0.0,0.3683726407484431,0.45166404074350175
1-0,0-1,0.0,0.3560134291815648,0.35037769572750654
0-1,0-1,0.0,0.4926193312227393,0.49260830867057737
0-1,1-0,0.0,0.48481967735831044,0.5091703084601397
0-1,0-1,0.0,0.5163368903295266,0.47258447226485417
0-1,0-1,0.0,0.539208500590967,0.45448293236782106
0-1,0-1,0.0,0.4153424478136392,0.37410309656360924
1-0,1-0,0.0,0.4205627345045,0.501626984052647
1-0,0-1,0.0,0.4810141859848442,0.4600224621699449
1/2-1/2,1/2-1/2,0.0,0.007219729612873989,0.008766335136456518
0-1,1-0,0.0,0.4651687903456598,0.5283073679113711
0-1,1-0,0.0,0.4894362294971062,0.4912373269972499
1-0,1-0,0.0,0.47274235905741613,0.49232893278123785
0-1,0-1,0.0,0.48485141430902845,0.4496573296390452
1-0,1-0,0.0,0.4529368407176761,0.5230127677617836
0-1,0-1,0.0,0.46120055745743715,0.4525351278837038
1-0,0-1,0.0,0.5609284031349406,0.4229459779731445
0-1,0-1,0.0,0.5050564135875302,0.4715437060878986
0-1,0-1,0.0,0.38578324304910455,0.3845591337345804
1-0,0-1,0.0,0.5513292263639785,0.42083434882504356
1-0,1-0,0.0,8.490042085428167e-06,0.9999915099579103
0-1,0-1,0.0,0.49939874436549997,0.4178640475328141
0-1,0-1,0.0,0.6267077845267762,0.3697020519474861
0-1,1/2-1/2,0.0,0.2610830786099612,0.2993797108713509
0-1,0-1,0.0,0.555452853937637,0.43267145634120574
1-0,1/2-1/2,0.0,0.1676333178711758,0.16596090701952293
1-0,1-0,0.0,0.48803949520003104,0.49166911880956604
1/2-1/2,1/2-1/2,0.0,0.2976003307244582,0.2778668907715903
0-1,0-1,0.0,0.5340561065419258,0.44194629635217847
1-0,0-1,0.0,0.4977057263847165,0.4810780317399984
1-0,1-0,0.0,0.4855515076917649,0.5077123482662101
1-0,1-0,0.0,0.46625093502237,0.5204443174109495
1-0,0-1,0.0,0.4976338478975448,0.46670258411905197
0-1,1-0,0.0,0.45993086044397136,0.5204199620498585
0-1,0-1,0.0,0.5120587384361943,0.47796697760283174
0-1,0-1,0.0,0.5056826263750309,0.4787839518821245
0-1,0-1,0.0,0.4950841961318517,0.49203216248953335
1-0,1-0,0.0,0.4644271535691645,0.4831310948386042
0-1,1-0,0.0,0.4532788247351483,0.45452426589082967
1-0,0-1,0.0,0.5048152526293908,0.3663976012780814
0-1,0-1,0.0,0.6284089795394503,0.36975253029966776
1/2-1/2,0-1,0.0,0.46990350755274296,0.3566255228751532
0-1,0-1,0.0,0.5332345780180863,0.45428612264438156
0-1,1-0,0.0,0.40731189361005904,0.46087744846716944
1-0,1-0,0.0,0.3614462392001586,0.6284237953307444
1-0,0-1,0.0,0.5111078143676014,0.4704968762910346
0-1,1-0,0.0,0.4806188368483629,0.5122944309293457
0-1,0-1,0.0,0.49321785879237673,0.48828881052612755
0-1,0-1,0.0,0.45830712858241485,0.42717011727209386
1-0,1-0,0.0,0.46524144028548675,0.5232600561782466
1-0,0-1,0.0,0.5037417975778746,0.48548202553288505
1-0,1-0,0.0,0.354942888520956,0.38574871933099375
1-0,1-0,0.0,0.4229850146343145,0.5484742711329349
0-1,1-0,0.0,0.44508163930174505,0.5394834151391098
0-1,1-0,0.0,0.3399875662564755,0.6428536334440977
0-1,0-1,0.0,0.5036288993673563,0.47842582649001764
0-1,0-1,0.0,0.4985781088815095,0.49018727431819026
1-0,0-1,0.0,0.49430185175413566,0.41578002723809643
1-0,0-1,0.0,0.5776257967069676,0.41643379294119076
0-1,1-0,0.0,0.3897194459784751,0.4239547255436348
1-0,1-0,0.0,0.4677307810203656,0.5218422983009428
0-1,1-0,0.0,0.1307059260237488,0.869288455016939
0-1,1-0,0.0,0.4701367995163364,0.5108326625921459
1-0,1-0,0.0,0.4637793723629974,0.5219611215993644
1-0,0-1,0.0,0.5184918268806744,0.45214120267427926
1-0,1-0,0.0,0.1097858349096354,0.8902122216356428
1-0,0-1,0.0,0.5531682122929737,0.42883469777326516
0-1,0-1,0.0,0.49918128653832805,0.46329273094431617
1-0,1-0,0.0,0.41497428862734487,0.5498708146387694
1/2-1/2,0-1,0.0,0.4763501122156108,0.38904777788225703
0-1,0-1,0.0,0.5006952707964034,0.48039075099660783
1-0,1-0,0.0,0.4522465311270392,0.516294045853722
0-1,0-1,0.0,0.5100176510338569,0.4590947352264515
0-1,1-0,0.0,0.48441961163319586,0.49175994644719684
0-1,0-1,0.0,0.5619473739997999,0.4280236301565384
1-0,1-0,0.0,0.4750040135044029,0.5164440629984207
1-0,0-1,0.0,0.5108857456820848,0.4751968198640552
1-0,1-0,0.0,0.4672129757246042,0.5232928590548227
1-0,0-1,0.0,0.49957893196819747,0.48886545143524873
0-1,1-0,0.0,0.46761972244275984,0.49328800456918115
1-0,1-0,0.0,0.4794034239431005,0.4804559496277505
1-0,0-1,0.0,0.507969765126808,0.46434890407934876
0-1,1-0,0.0,0.4425107087692265,0.5173901570719502
1-0,0-1,0.0,0.44275230518959585,0.43820346151226325
1-0,0-1,0.0,0.5125883874149402,0.454349206753926
1-0,1-0,0.0,0.44753880406257046,0.5290811980233917
1-0,0-1,0.0,0.4883816965479263,0.4619140198526315
1-0,0-1,0.0,0.5071041653829654,0.4861831217785452
1-0,1-0,0.0,0.45734775286634827,0.5326019930846979
1/2-1/2,0-1,0.0,0.5006941730707748,0.4693410127641734
1-0,0-1,0.0,0.5159263945441529,0.4673387674273393
1-0,1-0,0.0,0.38502594957828895,0.6044301627469263
0-1,1-0,0.0,0.4524681914613445,0.5316469596059986
1-0,1-0,0.0,0.48980520990884924,0.49744858209007786
1-0,1-0,0.0,0.45346942594545153,0.5378765443409872
0-1,1-0,0.0,0.3228275961036724,0.6684967459666256
1-0,0-1,0.0,0.5191663391258873,0.4573868223258897
1-0,0-1,0.0,0.4710865334143883,0.4637209820689895
0-1,0-1,0.0,0.5048156820160662,0.4790318311283742
1-0,1-0,0.0,0.4178384227045428,0.5706872831901613
1-0,0-1,0.0,0.5279679113167315,0.45069532740141655
0-1,0-1,0.0,0.5660180610844308,0.4208674370965531
0-1,1-0,0.0,0.4906594368668029,0.49946965222295825
1-0,1-0,0.0,0.34593167093371807,0.4905062737041742
0-1,0-1,0.0,0.5074462180019012,0.4669255820484029
0-1,0-1,0.0,0.49587816668918816,0.4801714068193028
1-0,0-1,0.0,0.541127668085997,0.4462737757475354
1-0,0-1,0.0,0.4921703994077205,0.4760603464044755
1-0,0-1,0.0,0.5314155873572841,0.44603802230075523
1-0,1-0,0.0,0.3837500163275694,0.5859046676128926
0-1,1-0,0.0,0.4684924533346993,0.5003795762366167
1-0,0-1,0.0,0.49308934170660806,0.4864094418856893
0-1,0-1,0.0,0.5375745265479128,0.449988166184398
1-0,0-1,0.0,0.48789548772079555,0.47763995490406885
1-0,1-0,0.0,0.4447805892790845,0.48620988486696665
1/2-1/2,1/2-1/2,0.0,0.0502010978255541,0.0800164548870058
0-1,0-1,0.0,0.5174371892586697,0.4671241680584979
0-1,1-0,0.0,0.2619644417045853,0.7294183224828847
0-1,1-0,0.0,0.4607595645147311,0.48228976151567493
0-1,1-0,0.0,0.48095582394606134,0.5040394766707901
1-0,0-1,0.0,0.5127143446189442,0.4558174567213603
1-0,0-1,0.0,0.5015536213315689,0.47371972462442385
1-0,1-0,0.0,0.4624866852184543,0.5296408205910459
1/2-1/2,1-0,0.0,0.4184454607870763,0.4571690631007872
0-1,1-0,0.0,0.48816996443319005,0.4979205808057208
1-0,1-0,0.0,0.31838055126552206,0.3533215426898309
1-0,0-1,0.0,0.5209389642939063,0.46362115095157597
0-1,0-1,0.0,0.5187739823109102,0.4649385607869137
0-1,1-0,0.0,0.44795751594998884,0.5220251478711281
1-0,1-0,0.0,0.4358625563472537,0.5121231306627485
0-1,0-1,0.0,0.5167719287969508,0.47420951016318075
0-1,1-0,0.0,0.47530506008275436,0.5158066748065857
1-0,0-1,0.0,0.5535466846113797,0.41919832653392813
1-0,1-0,0.0,0.3406689595945554,0.34272085145448816
0-1,1-0,0.0,0.3471272353460582,0.6372512838571481
1-0,1-0,0.0,0.4519797886712997,0.5383299486688029
0-1,0-1,0.0,0.5633819208195008,0.3941032891395782
0-1,1-0,0.0,0.46007281462296584,0.5291262784740425
0-1,0-1,0.0,0.48021545320112385,0.37353192523191414
1-0,0-1,0.0,0.5453414453288279,0.4276739683520193
1-0,1/2-1/2,0.0,0.15642366898509813,0.25474225345483603
0-1,0-1,0.0,0.5323182301435454,0.4587319436866397
1-0,1-0,0.0,0.43597845608505614,0.5460093151013525
0-1,0-1,0.0,0.5020506300800891,0.43909796389048683
1-0,1-0,0.0,0.48503423535469664,0.5049996025364547
0-1,0-1,0.0,0.5502888359090253,0.4348126609299326
1-0,0-1,0.0,0.5450881455552621,0.4287777881236568
1-0,0-1,0.0,0.49971721058431323,0.4778801659740327
1-0,1-0,0.0,0.46833057004664874,0.5001153674207283
0-1,1-0,0.0,0.4078590433570109,0.5755953924412367
1-0,1-0,0.0,0.452309894192007,0.5357561113559391
0-1,1-0,0.0,0.42762835957262857,0.5637524106156299
0-1,1-0,0.0,0.418938989295288,0.4407849871741708
0-1,0-1,0.0,0.5027678644051379,0.4703992626277628
1-0,1-0,0.0,0.4636229620124579,0.5299917634251738
1-0,1-0,0.0,0.3658935792384644,0.5624092703500454
1-0,1/2-1/2,0.0,0.2186839213543658,0.3682739118485683
1-0,0-1,0.0,0.5308586072219439,0.4551365036884874
1-0,1-0,0.0,0.4335919362082084,0.5559060852333259
1-0,1-0,0.0,0.2107972399302085,0.7887073935096686
1-0,1-0,0.0,0.004210931344513225,0.9957890686554864
0-1,1/2-1/2,0.0,0.25200768511603044,0.3400543242506078
1-0,1-0,0.0,0.4147782467299135,0.5748966379116838
0-1,1-0,0.0,0.49180060718122015,0.4998436476689717
1-0,1-0,0.0,0.46231380921632526,0.5121186364830668
0-1,1-0,0.0,0.43421651544454976,0.5466553819393127
1-0,1-0,0.0,0.3788063237763808,0.6095682111258125
1-0,0-1,0.0,0.4890482068578943,0.4278040822332146
0-1,1-0,0.0,0.47283678258194434,0.5157936106591592
1-0,0-1,0.0,0.5128138779173008,0.3903285842928923
1-0,1-0,0.0,0.4464925691619626,0.5415571872254948
1-0,0-1,0.0,0.46813057157988736,0.4605737485587843
1-0,1-0,0.0,0.25923818984256014,0.7400634191754518
0-1,1-0,0.0,0.4500905458760347,0.5379240788451856
0-1,1-0,0.0,0.48630853657497713,0.5052983015224833
0-1,1-0,0.0,0.47750924449118276,0.514243912094987
1-0,1-0,0.0,0.46432282059240704,0.5217688461954564
1-0,1/2-1/2,0.0,0.21124852552629242,0.24053543323576923
0-1,1-0,0.0,0.47799048720234316,0.4842192003849822
1-0,0-1,0.0,0.45130604945002756,0.43916357333210515
1-0,1-0,0.0,0.3561816093874073,0.5175258448415133
1-0,0-1,0.0,0.5126176393800841,0.473509996597191
0-1,1-0,0.0,0.39254845182517895,0.4261396162030477
1-0,1-0,0.0,0.12583122741417416,0.8741627737925173
1-0,0-1,0.0,0.5004191753917077,0.4880942854014115
0-1,1/2-1/2,0.0,0.16790511318830967,0.18477487706635298
1-0,1-0,0.0,0.36610197390794164,0.6108350828206324
1-0,1-0,0.0,0.48579184212859683,0.5014304877535875
1-0,0-1,0.0,0.5085707493368469,0.4840078737274458
0-1,1-0,0.0,0.4514022902706134,0.4922204407142232
0-1,1-0,0.0,0.4039971579921192,0.5358849965176185
0-1,1-0,0.0,0.33190953263948464,0.5734217735723431
1-0,1-0,0.0,0.3529760410075949,0.44250330763247586
1-0,1-0,0.0,0.48196098280193855,0.5022172811523878
1-0,1-0,0.0,0.48601333935364655,0.5007878381272478
0-1,0-1,0.0,0.489895270259567,0.46654894520858103
1-0,1-0,0.0,0.48578411473908123,0.5026121757831844
0-1,1-0,0.0,0.46456196189086074,0.515327479370423
1-0,1-0,0.0,0.44049964454710067,0.5384633297634446
0-1,1-0,0.0,0.47049657988409477,0.5196049046620358
0-1,0-1,0.0,0.5025900339887714,0.4825924716662876
0-1,1-0,0.0,0.2806876963432854,0.6590913069267839
0-1,1-0,0.0,0.48766027396761374,0.5004673051531383
0-1,1/2-1/2,0.0,0.22081075958938332,0.23283571640231263
1-0,1-0,0.0,0.4395912136629394,0.5342371055037651
1-0,1-0,0.0,0.4768689578552751,0.5084222413179659
1-0,1-0,0.0,0.4611747422721948,0.5197065924398008
0-1,1-0,0.0,0.4177120097217226,0.499942965150726
1-0,1-0,0.0,0.46366085538406365,0.5216830607923079
1-0,1-0,0.0,0.4758043691080912,0.5175003854695467
0-1,1-0,0.0,0.4919145001156938,0.49955391646656755
1-0,1-0,0.0,0.4326724518761289,0.4897827602399439
1-0,0-1,0.0,0.5578988451464548,0.4199202472584182
1/2-1/2,1/2-1/2,0.0,0.012822727005037766,0.014442892743854146
1-0,0-1,0.0,0.4736752901671903,0.4300123091654883
0-1,1-0,0.0,0.3693198944982323,0.4197737591351403
0-1,1-0,0.0,0.4581424039787445,0.5092797958260349
1-0,1-0,0.0,0.4409511281296681,0.5031886469639896
1-0,0-1,0.0,0.50684934089614,0.46809132444895385
0-1,0-1,0.0,0.48036824060648486,0.4650983372880019
1-0,1-0,0.0,0.3390930436106187,0.3919798411724352
0-1,1-0,0.0,0.4272559113002185,0.5510427626835761
1-0,1-0,0.0,0.40634863051147796,0.5888837974088527
1-0,0-1,0.0,0.49510610002074174,0.45512797534102195
0-1,1-0,0.0,0.3128215490198274,0.5896183252434792
1-0,0-1,0.0,0.4324960072564268,0.4050597863477916
1-0,0-1,0.0,0.5159269989104273,0.440668918096776
0-1,0-1,0.0,0.4994536351887298,0.46740921001452923
1-0,1-0,0.0,0.4430037497937496,0.5484275067532643
0-1,0-1,0.0,0.5842421570517171,0.41001342142974123
0-1,0-1,0.0,0.5141353552036405,0.44525298786476303
1-0,1/2-1/2,0.0,0.02599696836308727,0.028753253195498197
1-0,0-1,0.0,0.48373105714599257,0.47872090371339165
0-1,1-0,0.0,0.43616873900767766,0.5552833158799603
1-0,1-0,0.0,0.4918315422178739,0.49696314480993636
1-0,0-1,0.0,0.5002632083329908,0.48559930393701084
0-1,1-0,0.0,0.4507077991224745,0.5385370525185822
0-1,1-0,0.0,0.3809745101642455,0.6079078675843096
1-0,0-1,0.0,0.5970175345102129,0.40170513443372036
1-0,1-0,0.0,0.3492361297694517,0.6406352265366695
1/2-1/2,0-1,0.0,0.47254204598098226,0.4098345444487191
0-1,1-0,0.0,0.46249205004699573,0.5250015219335926
0-1,0-1,0.0,0.5760162406069252,0.418485684196729
1-0,1-0,0.0,0.4630748801395211,0.5137252546702331
1/2-1/2,1/2-1/2,0.0,0.2247818597584137,0.25853675563564676
1-0,0-1,0.0,0.514634319602739,0.4643555833136342
1-0,0-1,0.0,0.5456178035174003,0.43021543264072026
0-1,0-1,0.0,0.5017807037403674,0.466372278511384
1-0,1-0,0.0,0.4023191642836413,0.5734723347269258
1-0,1-0,0.0,0.4668390346935117,0.48457080047134177
0-1,1-0,0.0,0.49083279404620106,0.4970637753034275
1-0,0-1,0.0,0.4984749855552589,0.4787566938181827
0-1,0-1,0.0,0.39891852586900395,0.38470956423248487
1-0,1-0,0.0,0.4788238814134306,0.5049942477388918
0-1,0-1,0.0,0.5005381420151291,0.4875485317796621
0-1,1-0,0.0,0.3830797897092956,0.6069523268195827
1-0,0-1,0.0,0.49545137224851055,0.487061195295231
0-1,1-0,0.0,0.4702633749640831,0.48513974394086845
0-1,0-1,0.0,0.4755853049663117,0.4544572945967179
1-0,0-1,0.0,0.49170880696976627,0.4894239561645486
1-0,1-0,0.0,0.48118388545017954,0.4815536219237174
1-0,1-0,0.0,0.460089835717456,0.5173742108406216
1-0,0-1,0.0,0.5170152922111598,0.4672882625700842
1-0,0-1,0.0,0.48959219137529036,0.487868554106352
1-0,0-1,0.0,0.5044966515081565,0.4455629461321193
1-0,0-1,0.0,0.5335932072755537,0.44647457681086467
1-0,1-0,0.0,0.42578111975322636,0.4870558633121192
0-1,1-0,0.0,0.46159174460495667,0.5209518052418405
0-1,0-1,0.0,0.4841644943128745,0.42389752046258583
1-0,1-0,0.0,0.4133209970002673,0.5291077452588068
1-0,1-0,0.0,0.4253743759423088,0.567548442786134
1-0,1-0,0.0,0.4290411148860048,0.563327624009272
1-0,1-0,0.0,0.37417647300876483,0.6122944008727899
1-0,1-0,0.0,0.4850338224836948,0.5051793535106884
0-1,0-1,0.0,0.46948781289820946,0.45951822438630463
0-1,1-0,0.0,0.4590215722395971,0.5331171851866127
1-0,1-0,0.0,0.46910349713796906,0.5133033335673911
0-1,0-1,0.0,0.47080013474328686,0.46828553532382233
1-0,0-1,0.0,0.5049516245330503,0.4764754022540183
1-0,1-0,0.0,0.4214207296558608,0.4570721755784963
1-0,1-0,0.0,0.48880348977140925,0.49914495348143395
1-0,0-1,0.0,0.4902398794212925,0.48705087812062586
0-1,0-1,0.0,0.5283017487394486,0.436418797466519
0-1,0-1,0.0,0.4831025173692994,0.4637761073746504
0-1,0-1,0.0,0.48758904375612383,0.46492912449737833
1-0,1-0,0.0,0.3826781392452932,0.5555124421137858
1-0,1-0,0.0,0.44353232337502874,0.5246022619264469
0-1,0-1,0.0,0.4917462752150209,0.48702627094846757
1-0,1-0,0.0,0.4458471145493251,0.5065628725286898
1/2-1/2,1-0,0.0,0.46328744507732983,0.4758935877595504
1-0,1-0,0.0,0.36080313499680267,0.3717240513656127
1-0,1-0,0.0,0.48600507373512547,0.5025469189398307
0-1,0-1,0.0,0.5048218208351897,0.41179919875643245
1-0,0-1,0.0,0.3616275754001087,0.3559007798311503
1-0,1-0,0.0,0.44570575190700484,0.536048473314353
1-0,0-1,0.0,0.47162398181109194,0.4633758686701486
1-0,0-1,0.0,0.536213103831833,0.44940353062669314
0-1,0-1,0.0,0.4998617903046435,0.48891924184277963
1-0,1-0,0.0,0.456504091222589,0.4987977116720692
1-0,0-1,0.0,0.49735343211491734,0.49410205870354157
1-0,1-0,0.0,0.1986815960739493,0.8005794023164795
0-1,0-1,0.0,0.45044493684548886,0.44770566223564195
1/2-1/2,0-1,0.0,0.45051995137691897,0.442389480981778
0-1,0-1,0.0,0.5064554170098613,0.4814381033382999
0-1,0-1,0.0,0.6288552187162101,0.36935030620898024
0-1,1-0,0.0,0.403859266184303,0.5873077332543791
0-1,1-0,0.0,0.48531017913011354,0.5087401465182219
1/2-1/2,1/2-1/2,0.0,0.28567624419015036,0.32525979144788436
1-0,0-1,0.0,0.5211288756365611,0.4567423794138684
1-0,1-0,0.0,0.3816760756088718,0.6145759729848264
0-1,1-0,0.0,0.4551467040887181,0.4865115574379969
1-0,1-0,0.0,0.49169987775684987,0.49424819563587713
1-0,1-0,0.0,0.43787364064123196,0.5528558002067091
1-0,1-0,0.0,0.4883963809608694,0.49392165198188226
0-1,0-1,0.0,0.463793291964346,0.4195563866373731
1-0,0-1,0.0,0.490862830396457,0.4751578581348156
1/2-1/2,0-1,0.0,0.5021225557605836,0.44131130710564204
0-1,1-0,0.0,0.4390759397931346,0.5366259656416785
0-1,1-0,0.0,0.4555607944177396,0.5323838501713661
0-1,1-0,0.0,0.4780639214453351,0.5099105817603573
0-1,0-1,0.0,0.48461482417111695,0.3634992738320623
1-0,0-1,0.0,0.5334131863170327,0.4520966645905986
0-1,1-0,0.0,0.3592064695913993,0.6229419866760709
1/2-1/2,1-0,0.0,0.27570583025185924,0.42683278369480604
0-1,0-1,0.0,0.4726717971459902,0.4522337324440963
1-0,1-0,0.0,0.40413250313420895,0.5881651265495227
0-1,1-0,0.0,0.46429898562356986,0.522559270267348
0-1,1-0,0.0,0.24526807097776515,0.6764090585583937
1-0,1-0,0.0,0.46708588377731103,0.5165846259280596
1-0,1-0,0.0,0.48288177576529345,0.4894306756019983
0-1,0-1,0.0,0.5037823171510311,0.47421891814726247
1-0,0-1,0.0,0.4967937071898048,0.49577979642155207
1-0,1-0,0.0,0.4124606802854796,0.5721451411773194
1-0,1-0,0.0,0.4604639200143969,0.5262077766637951
0-1,0-1,0.0,0.4891108139872821,0.4859458530194059
1-0,1-0,0.0,0.2224975872112268,0.5327017693255464
1-0,1-0,0.0,0.44919087023050147,0.45134549444228855
1-0,0-1,0.0,0.47783061154827594,0.47134506187772257
0-1,0-1,0.0,0.5104242650954611,0.4578974511196446
1-0,1-0,0.0,0.40884568830527535,0.539571689221599
0-1,0-1,0.0,0.5021032463782363,0.48847537825750503
1-0,1-0,0.0,0.42394722711447985,0.5546904390996645
1-0,0-1,0.0,0.4966342398389501,0.4906317648418322
0-1,0-1,0.0,0.5036669314740905,0.4868842306820661
0-1,1-0,0.0,0.4080195093758601,0.5865290493574332
1-0,1-0,0.0,0.3840539105027167,0.6079208693762647
1-0,1-0,0.0,0.10403072467830153,0.8959674058509441
1-0,1-0,0.0,0.04545106549815458,0.9545489322685909
1-0,0-1,0.0,0.4760337839074754,0.44606207952025073
0-1,0-1,0.0,0.6092273478949738,0.39077142099905243
0-1,1-0,0.0,0.4391032613296413,0.5421137431810163
1-0,1-0,0.0,0.4426415718996157,0.5532478788274681
0-1,1-0,0.0,0.4951107183612647,0.49687484593897213
1-0,0-1,0.0,0.534319517022606,0.44542389189245196
1-0,0-1,0.0,0.526069711332736,0.4559319226038185
0-1,0-1,0.0,0.4934518045992086,0.43740285252093
1-0,1-0,0.0,0.46577153554645484,0.5262005961963707
0-1,0-1,0.0,0.515634404971748,0.4283872974689976
1-0,1-0,0.0,0.4164022511674314,0.5628018586396428
1-0,1-0,0.0,0.43405443425484685,0.5524179654812252
0-1,1-0,0.0,0.32177088761434997,0.49682104373327696
0-1,0-1,0.0,0.5623914298218898,0.4261603204108479
1-0,0-1,0.0,0.5372104303458809,0.45167484501440347
1-0,1-0,0.0,0.4326193006540665,0.533963806314861
1-0,1-0,0.0,0.4400953377880351,0.542038517776307
1-0,1-0,0.0,0.45669348493192424,0.46381284032119546
0-1,0-1,0.0,0.4806503875825188,0.46823040667561344
1-0,1-0,0.0,0.401912832936478,0.44060969802358124
1-0,0-1,0.0,0.5121016415236384,0.45547665473769205
0-1,1-0,0.0,0.4143667994605927,0.5722241871333557
1-0,0-1,0.0,0.5415214379831529,0.44204071804963563
1-0,1-0,0.0,0.47762179932837306,0.49279129150268686
1-0,1-0,0.0,0.4915227466525835,0.5002556803006956
0-1,1-0,0.0,0.4572504657156618,0.5263622663618158
0-1,1-0,0.0,0.4860900531903671,0.4939728891060789
1/2-1/2,0-1,0.0,0.5378469097440702,0.38496967883113253
1-0,0-1,0.0,0.5029805525821813,0.4833018364787487
1-0,1-0,0.0,0.4302161966402631,0.4310038028891598
1-0,0-1,0.0,0.3975023015750435,0.36185586483392107
1-0,1-0,0.0,0.4697057397088341,0.47788911955878627
1-0,0-1,0.0,0.5021512803681539,0.4744204155869382
1-0,0-1,0.0,0.499967338481285,0.4909885604898572
1-0,1-0,0.0,0.49484073270841655,0.49844517888379086
1/2-1/2,0-1,0.0,0.43740923049813096,0.39511066721158794
1-0,1-0,0.0,0.4095029775609912,0.5177253582766613
0-1,0-1,0.0,0.5197761192509334,0.45221204213002014
0-1,1-0,0.0,0.472636135378684,0.5076322147994125
1-0,1-0,0.0,0.4103103061182535,0.560348414039816
1-0,0-1,0.0,0.4919706443461975,0.46260279175472874
1-0,0-1,0.0,0.49620601687686905,0.4842952398409062
1-0,1-0,0.0,0.023696245818425547,0.9763037541645997
0-1,0-1,0.0,0.5358803667697892,0.45458959572747737
1-0,1-0,0.0,0.4284693934363819,0.5668476739595907
1-0,1-0,0.0,0.4185794281086067,0.57530874745318
1/2-1/2,1/2-1/2,0.0,0.24944108273872867,0.26495950117852973
0-1,1-0,0.0,0.4173345339313938,0.575776470836101
1-0,1-0,0.0,0.47432299667356215,0.5149658761593546
0-1,0-1,0.0,0.49535349248736343,0.4746478090964532
0-1,1-0,0.0,0.44442523613233276,0.5497063497555337
0-1,1-0,0.0,0.4009277117384758,0.5738848794529731
0-1,1-0,0.0,0.4726705764187365,0.5117690848481258
0-1,0-1,0.0,0.5318642999432569,0.44689443057481154
1-0,0-1,0.0,0.5185029225165877,0.4437700191732907
0-1,1-0,0.0,0.4609968308609511,0.5311161552742706
1-0,1-0,0.0,0.48266930755677495,0.4916573940416662
0-1,1-0,0.0,0.4264880010461156,0.5341121871945581
1-0,1-0,0.0,0.33954494848936106,0.6496340351127388
1-0,1-0,0.0,0.48440731890312966,0.5042033387016878
1-0,1-0,0.0,0.39543655812713746,0.5978010736328278
0-1,0-1,0.0,0.49851618135840253,0.4888303265714582
0-1,1-0,0.0,0.35886699376810627,0.632816375884051
0-1,0-1,0.0,0.46950567477119226,0.4484857693656291
1-0,1-0,0.0,0.47792081682216964,0.5117742017915095
1-0,0-1,0.0,0.4435352867661885,0.4049993336726958
0-1,1-0,0.0,0.4263593347624088,0.5517851041319501
1-0,1-0,0.0,0.46498225225674195,0.5258589155271357
1/2-1/2,0-1,0.0,0.5554097871614334,0.41506889412915293
1-0,1-0,0.0,0.4858380940453692,0.49609864143266735
1-0,0-1,0.0,0.5176393538482682,0.473416398348017
1-0,1-0,0.0,0.4874046152673937,0.490912440008162
1-0,0-1,0.0,0.5130280293258463,0.46408371072090143
0-1,1-0,0.0,0.4031532284337495,0.5920191590377731
1-0,0-1,0.0,0.5087241426968,0.48051968999318384
0-1,0-1,0.0,0.4711016852906209,0.4540263632766926
1-0,1-0,0.0,0.420260680795152,0.49179656850693393
0-1,0-1,0.0,0.5078052147309481,0.47348899336727296
0-1,1-0,0.0,0.47391660716356815,0.47794521881586804
0-1,1-0,0.0,0.4667977173234111,0.527180027766109
0-1,1-0,0.0,0.4249614898490136,0.5599830486293951
1/2-1/2,1-0,0.0,0.37285818438733553,0.44125054837290023
1-0,0-1,0.0,0.5045940359597388,0.4890908973075673
1-0,0-1,0.0,0.49181248545936646,0.4869134856035041
1-0,1-0,0.0,0.419665616503519,0.4636084204308576
0-1,1-0,0.0,0.4554813857950645,0.5265198496705729
1-0,1-0,0.0,0.4883452618562949,0.4903943639899231
1-0,0-1,0.0,0.5658743016429502,0.423518879374771
0-1,0-1,0.0,0.5105206053315279,0.4531299411350664
1-0,0-1,0.0,0.5052340555753766,0.47753123066517356
0-1,0-1,0.0,0.5220372204463112,0.45947789553562385
1-0,0-1,0.0,0.4977116138329523,0.49312238505667455
0-1,0-1,0.0,0.5338953977496961,0.4401700073449862
1-0,1-0,0.0,0.4417130223892331,0.5504308350878155
0-1,0-1,0.0,0.4929153008362294,0.49237299707862914
0-1,1-0,0.0,0.4440283964742611,0.5350027324385472
1-0,1-0,0.0,0.4074332538404615,0.48665749478174763
0-1,1-0,0.0,0.44861178832090126,0.498246925009214
1-0,0-1,0.0,0.5037677822263676,0.48023572733670633
1-0,1-0,0.0,0.0016829176158382035,0.9983170823841621
0-1,0-1,0.0,0.5057811926876108,0.48162038799767537
0-1,0-1,0.0,0.47110681641400554,0.46890187045799037
0-1,1-0,0.0,0.41402469890684884,0.46526134103578237
0-1,1-0,0.0,0.470590302884297,0.5195218533444359
0-1,0-1,0.0,0.486825324685054,0.48360141038567855
1-0,1-0,0.0,0.4650316518530027,0.5233790925915072
0-1,1-0,0.0,0.46306022262809615,0.5197654460119926
1-0,1/2-1/2,0.0,0.22173748389854295,0.28096970046979425
0-1,1-0,0.0,0.4670918897027122,0.49774223611355617
1-0,0-1,0.0,0.4935712894893425,0.48470119207134366
1-0,0-1,0.0,0.46470551952617467,0.4500290392009004
0-1,1-0,0.0,0.4321643225656331,0.5528799306259383
0-1,0-1,0.0,0.5363795368873606,0.4293182081014488
0-1,0-1,0.0,0.5099382906026169,0.4576913972485243
0-1,0-1,0.0,0.49910379142709854,0.4648603813564525
1-0,0-1,0.0,0.541255774162214,0.4461781163489531
1-0,0-1,0.0,0.5400662715380918,0.44889281429137
1-0,1-0,0.0,0.46361358931135765,0.4647800114195274
1-0,0-1,0.0,0.5047369156169478,0.4296067330875616
1-0,1-0,0.0,0.47717381495444466,0.5155527551796003
0-1,0-1,0.0,0.5025757350485159,0.4657020603629931
0-1,0-1,0.0,0.5745605741560752,0.41251900765992144
0-1,0-1,0.0,0.609147596720889,0.39022762641608943
0-1,1-0,0.0,0.4412421108402261,0.4568322487415515
1-0,1-0,0.0,0.4645946449774729,0.5260542077631534
1-0,1-0,0.0,0.38135538289526116,0.6152135418545522
1-0,1-0,0.0,0.4743474573980173,0.4930243046963002
0-1,0-1,0.0,0.5055409866060352,0.48061425945034314
1-0,1-0,0.0,0.44742505319651416,0.5316466169469504
0-1,1-0,0.0,0.3714243108591696,0.6079410767779293
0-1,1-0,0.0,0.4463855694869181,0.5408374427287173
0-1,1-0,0.0,0.4694354826521548,0.499345697783496
0-1,0-1,0.0,0.5315060663860888,0.45208091359989533
0-1,0-1,0.0,0.5190798026090486,0.46138527096172477
0-1,0-1,0.0,0.5020662184745334,0.4819345587252357
1/2-1/2,1-0,0.0,0.4800370239117025,0.48501746074374247
1-0,0-1,0.0,0.48422366782137655,0.41543004839666486
1/2-1/2,0-1,0.0,0.5183426315532013,0.4586237051648333
0-1,0-1,0.0,0.5515173855614045,0.43585978787884744
0-1,0-1,0.0,0.5368989767145264,0.45580498054040025
0-1,0-1,0.0,0.5045658883294635,0.47410256904087084
0-1,1-0,0.0,0.39948773533317417,0.5477694810462472
0-1,1-0,0.0,0.49547595244663173,0.49641898595473327
1-0,1-0,0.0,0.46584830598431487,0.5276526373203654
1-0,1-0,0.0,0.46462965289500896,0.48471767705082247
0-1,1-0,0.0,0.4722203016600087,0.5165014269680414
1/2-1/2,1-0,0.0,0.3394962856863209,0.3769279720984682
1-0,0-1,0.0,0.5084264758648186,0.4541390839903612
0-1,0-1,0.0,0.516725894668689,0.4685747192544295
0-1,0-1,0.0,0.5498071921404337,0.4341532121506266
0-1,1-0,0.0,0.32786473155867035,0.34262515387778464
0-1,1-0,0.0,0.44041784753321456,0.5167109416146288
0-1,0-1,0.0,0.49512876667462036,0.4931527626715616
1-0,1-0,0.0,0.4485204895531863,0.5421716211020753
0-1,0-1,0.0,0.48759133871858285,0.4802432956320382
0-1,1-0,0.0,0.45483697156247377,0.5335069372856174
1-0,1-0,0.0,0.48672149706546963,0.50190259944508
1-0,1-0,0.0,0.2947221904008993,0.4193831972380988
1/2-1/2,1/2-1/2,0.0,0.06847331840531322,0.12185146374166254
1-0,0-1,0.0,0.49324881188168673,0.4811564256646883
1-0,1-0,0.0,0.4682687949462543,0.5075310978132157
0-1,0-1,0.0,0.5060824083311305,0.47433253124087255
0-1,0-1,0.0,0.5262471108798014,0.45247664738349813
1-0,0-1,0.0,0.5154090760876959,0.4631961123261847
0-1,1-0,0.0,0.46002904406907197,0.5290811521253173
1-0,1-0,0.0,0.4660655077159233,0.5261751615600196
0-1,1-0,0.0,0.4759388367730365,0.5116971649848516
1-0,0-1,0.0,0.5657977593893163,0.40632691125066916
1-0,1-0,0.0,0.45130674845759394,0.521025109457803
1-0,1-0,0.0,0.4431351866053951,0.5279494107927111
1-0,1-0,0.0,0.3470508059327531,0.6406649690563595
1-0,1-0,0.0,0.46189377853000707,0.5171526238971157
1-0,1-0,0.0,0.47379036281059156,0.518504069979232
0-1,0-1,0.0,0.5099410838302664,0.4782802108440346
0-1,1-0,0.0,0.22608993535252672,0.7722713353880767
0-1,1-0,0.0,0.4659416940009442,0.5243991056784962
0-1,1-0,0.0,0.36345015718109974,0.42067935389429856
0-1,0-1,0.0,0.48016725148532713,0.46649921073567674
0-1,0-1,0.0,0.5345251248541185,0.46314176469750845
0-1,1-0,0.0,0.4697109665739379,0.5074183133647886
0-1,1-0,0.0,0.4772999820034048,0.4920001455936843
1-0,0-1,0.0,0.4994510449314973,0.4757472222247874
1-0,0-1,0.0,0.45440066593084005,0.4344326937640325
0-1,1-0,0.0,0.4642185558073764,0.5267807693735284
0-1,1-0,0.0,0.4346642478496739,0.5591847208073665
0-1,0-1,0.0,0.4743744317173951,0.4496566634953941
1-0,0-1,0.0,0.5099971827427426,0.4827058555188013
0-1,0-1,0.0,0.5111411277793614,0.4814418698515425
1-0,1-0,0.0,0.445818694135672,0.5482991685695536
1-0,1-0,0.0,0.4177807580491264,0.4930670474739175
0-1,1-0,0.0,0.305642826662757,0.3541180199297229
1-0,1-0,0.0,0.39867570796296153,0.5912694186286385
1-0,0-1,0.0,0.5374909915901818,0.43398326842969953
1-0,1-0,0.0,0.4546309013431516,0.5212956671252874
1-0,1-0,0.0,0.32214315522090486,0.5522911995827057
0-1,1-0,0.0,0.4635183025250578,0.516983556675138
0-1,1-0,0.0,0.3883122099593503,0.5948873997835554
1-0,0-1,0.0,0.4427434490916557,0.4326908396881285
0-1,1-0,0.0,0.4534874726482813,0.5357644890737426
1-0,1-0,0.0,0.47477431621633504,0.5183963071048814
0-1,0-1,0.0,0.506646299260496,0.4749971340145002
0-1,0-1,0.0,0.49958932368103937,0.4794181636334883
1-0,0-1,0.0,0.5131324915365292,0.4806776187652136
1-0,1-0,0.0,0.39958893610061585,0.5941459340482009
0-1,1-0,0.0,0.45648005050130386,0.49003654560347576
1-0,1-0,0.0,0.4720279405838485,0.5066324155218179
1-0,1-0,0.0,0.45140883726161646,0.5353604010835566
0-1,1-0,0.0,0.4407820312192864,0.4556001672499638
1-0,1-0,0.0,0.4286583563201093,0.5388224271355606
0-1,0-1,0.0,0.4659715105086436,0.4306346217785556
0-1,0-1,0.0,0.5837990543155507,0.39509972915837116
0-1,0-1,0.0,0.5022821479808705,0.4880034374214313
0-1,0-1,0.0,0.5097435556984721,0.4523706871268447
1-0,0-1,0.0,0.44720761861517677,0.396714013455307
1-0,1-0,0.0,0.46341374204343566,0.53047578364656
0-1,0-1,0.0,0.5285340823098743,0.4650755671340564
0-1,1-0,0.0,0.4523146610800277,0.537035675479688
1-0,0-1,0.0,0.5280970374863453,0.45324465230432137
0-1,1-0,0.0,0.3994113569968908,0.5588412053226495
1-0,0-1,0.0,0.45536734466088713,0.43460445929776265
1-0,0-1,0.0,0.4984549971832582,0.4916473515443594
1/2-1/2,0-1,0.0,0.42479316350753804,0.38385311450444237
1-0,1-0,0.0,0.47061696397270764,0.5205089551462247
1-0,0-1,0.0,0.49084339344711975,0.4749554160415606
1-0,1-0,0.0,0.4048241362586054,0.5646473551298661
1-0,1-0,0.0,0.37690896315072026,0.4796852546975069
0-1,0-1,0.0,0.46638558324402485,0.46264465860186743
1-0,0-1,0.0,0.49115068960873937,0.45038269509790907
1-0,0-1,0.0,0.42356577902164294,0.40438320327602423
0-1,1-0,0.0,0.4299314807654733,0.5585920862019514
1-0,0-1,0.0,0.5412213699271672,0.43009012739106767
0-1,1-0,0.0,0.40652396775572963,0.5833975140456349
0-1,1-0,0.0,0.4778796001889468,0.5034622963698668
1-0,1-0,0.0,0.450641097196647,0.47296620528692024
1-0,0-1,0.0,0.494724541313753,0.4801458986713632
0-1,1-0,0.0,0.10660937511264064,0.8933894775317398
1-0,1-0,0.0,0.45444468494771784,0.5376557140714177
1-0,0-1,0.0,0.5447173113082358,0.4443015052213606
1-0,0-1,0.0,0.6010921400210681,0.39104417239279177
0-1,0-1,0.0,0.4293693509949099,0.4137694683208109
0-1,0-1,0.0,0.5637018223813336,0.42661722995778034
1/2-1/2,0-1,0.0,0.46793021392843465,0.46209684517029603
0-1,0-1,0.0,0.490139235454097,0.487946851444934
0-1,1-0,0.0,0.4780408300902238,0.494060706250106
0-1,1-0,0.0,0.43072253382145503,0.48330879003068894
0-1,0-1,0.0,0.4627252393096895,0.45685963491885906
0-1,0-1,0.0,0.4817701231764525,0.4106816450238419
1-0,1-0,0.0,0.49032542237081367,0.4923595212351085
1-0,1-0,0.0,0.44660781559902396,0.5469014801957881
1-0,0-1,0.0,0.574416460794311,0.40959742757028456
0-1,1-0,0.0,0.41341451477925273,0.577801228415949
0-1,1-0,0.0,0.4413504430291893,0.5068991055130875
1-0,0-1,0.0,0.5278523451707879,0.46397873351647434
0-1,1-0,0.0,0.43062252323424943,0.49749892753687736
0-1,1-0,0.0,0.43542789577562635,0.5220701891672028
1-0,1-0,0.0,0.48018308736727316,0.5004539073643564
1-0,1-0,0.0,0.4320147757782598,0.557006419006124
0-1,1-0,0.0,0.3540111581275361,0.4193570248441939
1-0,1/2-1/2,0.0,0.1715831880162002,0.17031114803304456
0-1,0-1,0.0,0.5396120311615665,0.43635941565409464
0-1,1-0,0.0,0.45462085341189756,0.5366959324567466
1-0,0-1,0.0,0.6215907015361356,0.3774902873987227
1-0,1-0,0.0,0.47461053897201255,0.5101707696285309
0-1,0-1,0.0,0.467379652472524,0.46535326519626546
0-1,1-0,0.0,0.40592672546045067,0.5874568574668649
0-1,1-0,0.0,0.492942903061114,0.49377683903826197
0-1,0-1,0.0,0.5531465999630194,0.43057862547075126
1-0,1-0,0.0,0.23530720096350963,0.7644415017107561
1-0,1-0,0.0,0.37663851041258894,0.6120958161934501
0-1,1-0,0.0,0.46873005416145125,0.5199957770802289
0-1,1-0,0.0,0.4862759514162821,0.5080695662147835
0-1,1-0,0.0,0.42416790588855213,0.5642701850275804
0-1,1-0,0.0,0.44934674502542804,0.4955320005623799
0-1,1-0,0.0,0.48424204193935283,0.4957901721762679
0-1,1-0,0.0,0.46137127631941127,0.46613974846015843
1-0,1-0,0.0,0.4652242287707189,0.5208333219606157
1-0,1/2-1/2,0.0,0.04441808341552123,0.07557538687459987
0-1,1-0,0.0,0.40088745496130446,0.4176630130119861
0-1,1-0,0.0,0.47808405067739607,0.5065659566429485
1-0,1-0,0.0,0.4019035397392181,0.5569029037948744
0-1,1-0,0.0,0.4463646995890927,0.5144775259576542
0-1,0-1,0.0,0.5118028253531111,0.4762071255019616
1-0,0-1,0.0,0.5099055421174999,0.4584000426012748
0-1,1-0,0.0,0.36411666531849046,0.5569691952433937
0-1,0-1,0.0,0.50467679277903,0.486626177937569
0-1,0-1,0.0,0.5204430676974808,0.4572700415264928
0-1,0-1,0.0,0.49004856211518877,0.47306694034333924
0-1,1-0,0.0,0.45715332542006926,0.4876472028397296
1-0,0-1,0.0,0.46771433055689043,0.39827655457526995
0-1,1-0,0.0,0.490305957929554,0.49221806967331033
1-0,0-1,0.0,0.5343819804896258,0.4402567198123605
1-0,1-0,0.0,0.4437761048386708,0.5153892825116559
1-0,1-0,0.0,0.4944461329224843,0.49587540287894544
0-1,1-0,0.0,0.4744949587768703,0.4982862114063369
1-0,1-0,0.0,0.3952939979846,0.5478007601564723
1-0,1-0,0.0,0.4648389640255747,0.5221743033116999
1-0,0-1,0.0,0.5419134642056344,0.4519239032040839
0-1,1/2-1/2,0.0,0.08884056231305079,0.08586891251520033
0-1,0-1,0.0,0.5208947624663549,0.46985858393765717
1-0,1-0,0.0,0.4082803466749389,0.456957732734262
0-1,0-1,0.0,0.5235556384043532,0.4594462586958761
0-1,0-1,0.0,0.620667701386654,0.37850565543032255
0-1,0-1,0.0,0.6123647894199556,0.3809809676137666
1-0,1-0,0.0,0.48376656881695984,0.49291833501619275
1-0,0-1,0.0,0.5075854536781284,0.48226588985048746
1-0,0-1,0.0,0.49526015655529126,0.46298370792348037
0-1,1-0,0.0,0.4749608020712218,0.49876819484952584
0-1,1-0,0.0,0.4161679651935093,0.5775326896030875
0-1,1-0,0.0,0.4495619542809416,0.4803703666462844
1/2-1/2,1-0,0.0,0.45959868244647584,0.521546869891945
0-1,1-0,0.0,0.3574216607511709,0.495655216974601
0-1,1-0,0.0,0.47572739760841876,0.5104792911360099
1/2-1/2,1-0,0.0,0.4444563166366064,0.48168711702578215
0-1,1-0,0.0,0.4239836673559487,0.5448204912317597
1-0,1-0,0.0,0.4473782613333637,0.5432920522017772
0-1,1-0,0.0,0.43845540761007795,0.5392968887699947
0-1,0-1,0.0,0.49168236679736366,0.4637989976340345
1-0,0-1,0.0,0.46372025767943675,0.43683990124495675
0-1,0-1,0.0,0.524871566522899,0.4483849726220808
1-0,1-0,0.0,0.49262420975781784,0.496528521796028
0-1,0-1,0.0,0.47379652065919925,0.43382844620769057
0-1,1-0,0.0,0.37904930813892235,0.5722099678217912
1-0,0-1,0.0,0.5134217809770001,0.4659111942350572
1-0,1-0,0.0,0.3392752689191426,0.6307347925886305
1-0,1-0,0.0,0.3433740976609667,0.35263625688103395
1-0,0-1,0.0,0.4822320094516433,0.4770853607845206
1/2-1/2,0-1,0.0,0.47794561506339334,0.47750102091519364
1-0,1-0,0.0,0.46609098078010547,0.5147020386627597
0-1,0-1,0.0,0.49276966389852356,0.4780543375982213
1-0,0-1,0.0,0.5283150361879276,0.4550440818539562
1-0,0-1,0.0,0.4920969013140769,0.47756511478269087
0-1,1-0,0.0,0.4458099600659625,0.5086590945502233
1-0,1-0,0.0,0.41968051197471024,0.5749235715803553
1-0,1-0,0.0,0.3712430344530952,0.6141621476224037
0-1,1-0,0.0,0.2874783021327355,0.4369282080483934
1-0,0-1,0.0,0.5107876791548331,0.47845962506898915
1-0,1-0,0.0,0.2875291251959846,0.7105924917616492
0-1,1-0,0.0,0.4747127795855977,0.5129723812139904
1-0,1-0,0.0,0.4423078402343649,0.5512657484967202
0-1,0-1,0.0,0.52685703576229,0.45688720581761866
0-1,0-1,0.0,0.49185497989915883,0.4809234979790255
1-0,1-0,0.0,0.4511232200171722,0.45620267677105086
0-1,0-1,0.0,0.5129575461910142,0.47774194388368235
1-0,0-1,0.0,0.5235779287787494,0.46723557983070163
0-1,0-1,0.0,0.45980558485921735,0.43980321986774407
0-1,1-0,0.0,0.4493678384725139,0.5379252788496622
1-0,0-1,0.0,0.44291470421358076,0.4081508064337464
1-0,1-0,0.0,0.4787938363583518,0.512814710076767
1-0,0-1,0.0,0.5169213700266044,0.4689191110796371
1-0,1-0,0.0,0.35906475346447897,0.6232726794335245
1-0,1-0,0.0,0.4735472951303011,0.5158495744874886
0-1,0-1,0.0,0.5004245020001845,0.4856029835263307
1-0,1-0,0.0,0.43221168982028857,0.5563108543183035
1-0,0-1,0.0,0.5230673029399436,0.4623150668789827
1-0,1-0,0.0,0.4122228205730727,0.45048040926052463
0-1,0-1,0.0,0.5905705225612834,0.40890606937567425
1-0,1-0,0.0,0.25255817048099044,0.7437868671936508
0-1,0-1,0.0,0.5038117388805172,0.4829405935955615
1-0,0-1,0.0,0.5154308350746918,0.43405156914205534
0-1,0-1,0.0,0.49485490130732485,0.4872658895159383
1-0,1-0,0.0,0.4291414593012525,0.5094072564630852
0-1,0-1,0.0,0.5057241142471184,0.45476567637556864
1-0,1-0,0.0,0.4168774370616525,0.5772323639471377
1-0,0-1,0.0,0.4872787243490995,0.44717045717347986
1-0,1-0,0.0,0.43302598857335783,0.4843799813648534
1-0,1-0,0.0,0.4441738540577354,0.48461542576599065
0-1,1-0,0.0,0.4713128742316287,0.5194287503301195
1-0,1-0,0.0,0.36864257722650723,0.5114374433879927
1/2-1/2,1-0,0.0,0.41533980822608624,0.5403568437330614
0-1,1-0,0.0,0.4788402629962642,0.5131027996861929
1-0,1-0,0.0,0.429997456239339,0.5629459948324013
1-0,0-1,0.0,0.5368147366961491,0.4269029442652533
0-1,0-1,0.0,0.5221262109250058,0.4641100933509895
0-1,1-0,0.0,0.47745933974514426,0.5024154942117126
1-0,1-0,0.0,0.49139240711962096,0.5001284394512004
1-0,1-0,0.0,0.49648867538902597,0.4967761995693393
0-1,1-0,0.0,0.4403200550787647,0.49468144813592263
1-0,1-0,0.0,0.3940332978560694,0.5527232388578996
1-0,1-0,0.0,0.49159963555220076,0.4935521513214733
1-0,1-0,0.0,0.4203401771226036,0.5036740152056378
0-1,0-1,0.0,0.49227263741426575,0.4746932975985055
1-0,0-1,0.0,0.5185495550515113,0.4571826795738925
1-0,1-0,0.0,0.4453340659743042,0.5032857658004644
0-1,1-0,0.0,0.45766147191922446,0.5302385046167586
1-0,1-0,0.0,0.37633007278245856,0.6152690862531883
0-1,1-0,0.0,0.4418285223265443,0.5581710764027619
1-0,1/2-1/2,0.0,0.09795666015690795,0.13078774402014776
0-1,1-0,0.0,0.4720491907011767,0.4991052401027456
0-1,0-1,0.0,0.5089297180184039,0.4621797648242602
0-1,1-0,0.0,0.4606896596816608,0.4633195173941298
1-0,0-1,0.0,0.521458156355492,0.46966548314330203
0-1,0-1,0.0,0.5046990276791553,0.4412128985218983
1-0,0-1,0.0,0.5570102561633385,0.4287110988165521
0-1,1-0,0.0,0.46456100883516027,0.4866292807618761
0-1,0-1,0.0,0.4680390256462754,0.45996093269142607
0-1,1-0,0.0,0.4873320493128517,0.49793604451271883
0-1,0-1,0.0,0.5084326290212994,0.47333555966419216
1-0,1-0,0.0,0.4853158393537693,0.5065779888324787
0-1,1-0,0.0,0.48392206953049843,0.49753960391263313
1-0,0-1,0.0,0.5488652728435433,0.4412444554831516
0-1,0-1,0.0,0.4936946148032319,0.4614463551365787
0-1,0-1,0.0,0.3877510213438948,0.31947511231720166
0-1,0-1,0.0,0.4912404673795372,0.4790951927574545
0-1,0-1,0.0,0.5036563551521664,0.4893289312195565
1-0,1-0,0.0,0.4296424195178349,0.5586682058686304
1-0,1-0,0.0,0.3949150171323817,0.5917300784525966
0-1,0-1,0.0,0.6173712291353226,0.38261972531729554
1-0,1-0,0.0,0.2521922375431449,0.7472801878025209
0-1,0-1,0.0,0.5427246042762481,0.45727539505104997
1-0,1-0,0.0,0.3760840239999926,0.5957864702060823
1-0,0-1,0.0,0.504664271092995,0.48050254816827387
0-1,1-0,0.0,0.45641218676740414,0.5062783748415555
1-0,1-0,0.0,0.4751871879317911,0.5136829510491376
1-0,1-0,0.0,0.4222656729162708,0.5556622743719768
0-1,0-1,0.0,0.5117774549352169,0.4718610240483617
1-0,0-1,0.0,0.48433616719031447,0.47103896263634737
0-1,0-1,0.0,0.5288757797701038,0.45035320196416234
1-0,1-0,0.0,0.29691202858193255,0.6664243895305682
1-0,1-0,0.0,0.42214991741394137,0.5056854533652421
0-1,1-0,0.0,0.24295044687045528,0.46621461519113166
1-0,1-0,0.0,0.28708044302486335,0.6732251671540913
1-0,1-0,0.0,0.39302156111497405,0.40812000043704005
1-0,1-0,0.0,0.34549765365198687,0.6486672085616033
1/2-1/2,1-0,0.0,0.48015017545705396,0.48258704288665494
0-1,0-1,0.0,0.5316571375808976,0.4435594933388234
1-0,0-1,0.0,0.49914462398044707,0.49098296867070557
1-0,0-1,0.0,0.49123150376125885,0.4702022796184157
0-1,1-0,0.0,0.3406671361672411,0.4761660861513856
1-0,1-0,0.0,0.43991230078072396,0.47754091823197453
1-0,1-0,0.0,0.437843913417627,0.4939269332364628
1/2-1/2,1-0,0.0,0.3767058286910649,0.38665462860523997
0-1,1-0,0.0,0.48195017751808744,0.50619914322129
1-0,0-1,0.0,0.5278102398649464,0.452226540413456
0-1,1/2-1/2,0.0,0.22905644379338422,0.274394618446922
1-0,1-0,0.0,0.4786750609825965,0.4962830963724013
1-0,1-0,0.0,0.427035929670312,0.5265585040318056
0-1,1-0,0.0,0.4567789916980673,0.521722927743729
1-0,0-1,0.0,0.5179294033309132,0.4471878946358057
1-0,1-0,0.0,0.45812975954938584,0.5277803184304716
0-1,0-1,0.0,0.5230560764905187,0.4660945050330452
1-0,1-0,0.0,0.4692755114881232,0.5135287514200536
0-1,0-1,0.0,0.4702359290417751,0.3898598867274184
1/2-1/2,1/2-1/2,0.0,0.17046777148746256,0.20028185846744492
0-1,1/2-1/2,0.0,0.3192273654394834,0.26960927440155
0-1,1-0,0.0,0.4884179798994793,0.49683978389582795
1-0,1-0,0.0,0.4772103125380566,0.4909853780006802
0-1,1-0,0.0,0.4430384824048419,0.5453535988392225
0-1,0-1,0.0,0.5564544412209442,0.43460902964235587
1-0,1-0,0.0,0.46352268775329925,0.5279570694314834
0-1,1-0,0.0,0.47629975208530134,0.5100786888229191
0-1,0-1,0.0,0.49414481713958686,0.48234751204238857
1-0,1-0,0.0,0.46584761261683344,0.5215684463434209
1-0,0-1,0.0,0.5469961569210288,0.441737428587241
0-1,1-0,0.0,0.4811952164173731,0.5064158904683889
