y_true,y_pred,prob_1-0,prob_0-1,prob_1/2-1/2
1-0,0-1,0.0,0.5372326145813382,0.454407941067616
0-1,1-0,0.0,0.49468711391434944,0.49990618642481127
1-0,1-0,0.0,0.4914085148275042,0.502515170613974
0-1,0-1,0.0,0.5070767458318338,0.4816558602553893
1-0,1-0,0.0,0.4690203277639271,0.5137394844054141
0-1,1-0,0.0,0.46219684848698095,0.4809883982045825
0-1,0-1,0.0,0.4973645568858745,0.47614193817593986
0-1,1-0,0.0,0.26617527177147043,0.5748276066289112
0-1,1-0,0.0,0.4694205359074167,0.5212856981476895
0-1,0-1,0.0,0.4485797123601781,0.4477062304729966
0-1,1-0,0.0,0.4857064649118587,0.5085931054066414
1-0,0-1,0.0,0.530706150547566,0.46190715748351896
1-0,1-0,0.0,0.3102825298020561,0.6793241382204199
1-0,0-1,0.0,0.4970887458947211,0.4852255102275926
1-0,1-0,0.0,0.49325117968803883,0.5014040447789576
1-0,0-1,0.0,0.5040195318540238,0.4852714154593643
1-0,0-1,0.0,0.5110427855010243,0.46644419014204724
0-1,0-1,0.0,0.537144847337187,0.4443858009870572
1-0,1-0,0.0,0.47802521949109894,0.5154184555469313
1-0,0-1,0.0,0.5348616661673393,0.451381572293225
0-1,0-1,0.0,0.5265899423427979,0.46650753793707805
0-1,1-0,0.0,0.4698962154795197,0.4997882495632682
0-1,0-1,0.0,0.502500505882198,0.47139861481352596
0-1,0-1,0.0,0.5046033082013514,0.4703298402784823
1-0,1-0,0.0,0.4779438940661659,0.5151395025790957
0-1,1-0,0.0,0.41480465196508537,0.5346759430011927
1-0,0-1,0.0,0.5112959013899331,0.4228454922939354
0-1,0-1,0.0,0.5021102943345281,0.48497141985946646
1-0,1-0,0.0,0.47492194172955426,0.5172219424939243
0-1,0-1,0.0,0.49159545216643125,0.4783858092618864
0-1,0-1,0.0,0.5142893839576561,0.46935151170138273
1-0,0-1,0.0,0.5009041164763202,0.47724102493797954
0-1,1-0,0.0,0.46310813875013823,0.4959772846459003
0-1,1-0,0.0,0.38134332408330657,0.6144907575550228
0-1,1-0,0.0,0.4638210820667316,0.5017623040140627
1-0,0-1,0.0,0.48000262846489616,0.4687974960517599
1-0,1-0,0.0,0.486170439863372,0.49601094546351726
0-1,0-1,0.0,0.39241614410612263,0.36359022072212865
0-1,1-0,0.0,0.37102274310437355,0.5115532538942896
0-1,0-1,0.0,0.5321967457485468,0.4575007346428384
0-1,0-1,0.0,0.49372692962210063,0.48538620922264447
1-0,1-0,0.0,0.469788826690549,0.5202466831812655
0-1,1-0,0.0,0.48643418812282574,0.4956908946213431
1-0,1-0,0.0,0.43498699119455675,0.5457750489081908
1-0,1-0,0.0,0.46797144229154186,0.5206312930787438
0-1,0-1,0.0,0.5338337503593448,0.4547168189713254
0-1,0-1,0.0,0.5225834929161417,0.45032322171763967
1-0,1-0,0.0,0.4890214535990729,0.5046162472902919
1-0,1-0,0.0,0.3299326584872359,0.36132161099372684
1-0,0-1,0.0,0.543929362764546,0.446400630973458
0-1,0-1,0.0,0.4965844172860146,0.4779248282293122
1/2-1/2,1-0,0.0,0.4674451113713268,0.4989662509415742
1-0,1-0,0.0,0.41708280851106905,0.46726184161265766
1-0,1-0,0.0,0.4869818576938109,0.5004522823332521
0-1,1-0,0.0,0.41527472984843683,0.420401235953087
0-1,1-0,0.0,0.439342234835239,0.5532092975805534
1-0,0-1,0.0,0.5258672971849092,0.4547928151408915
0-1,1-0,0.0,0.46170033095866925,0.523741613803198
0-1,1-0,0.0,0.09292619324964158,0.9066786305866025
0-1,1-0,0.0,0.42770308685254194,0.5668374227135418
0-1,1-0,0.0,0.4888264867669388,0.5011133395823296
0-1,0-1,0.0,0.5123508112431812,0.47533312265484634
0-1,0-1,0.0,0.5015485888341409,0.4921757145691665
1-0,0-1,0.0,0.5123056699611408,0.47872114496718443
0-1,0-1,0.0,0.5047572948267125,0.4857684927886131
1-0,0-1,0.0,0.45931879566533657,0.4353912735666278
0-1,0-1,0.0,0.4143582418877144,0.4047950246853873
0-1,1-0,0.0,0.408342567780812,0.46033154586738345
0-1,1-0,0.0,0.400152083321374,0.5249169937740036
0-1,1-0,0.0,0.4748608510778946,0.519893950302792
1-0,1-0,0.0,0.4685850077349159,0.5143382029939452
1-0,1-0,0.0,0.4337202260681761,0.5470736184390299
0-1,1-0,0.0,0.47298613133729717,0.5059107468621116
0-1,0-1,0.0,0.5174189927802617,0.4726702352809839
0-1,0-1,0.0,0.4137056970341016,0.4126549544045218
0-1,1-0,0.0,0.37850728132605455,0.5728455763903789
0-1,1-0,0.0,0.4945541786298232,0.49735246219811974
0-1,1-0,0.0,0.4806527163021581,0.49689795753829785
0-1,0-1,0.0,0.47872398554090834,0.3754581139372411
1-0,0-1,0.0,0.5005474451794957,0.4932808651579568
1-0,1-0,0.0,0.42873608136374486,0.5421379981806937
0-1,0-1,0.0,0.5003256517845677,0.49885410660277596
0-1,1-0,0.0,0.44524030671874365,0.5544982438630685
1-0,1-0,0.0,0.471625963820678,0.5218441918837152
1-0,1-0,0.0,0.4724564166130856,0.4736425666594396
1-0,1/2-1/2,0.0,0.2631478624243864,0.26921715124513523
0-1,0-1,0.0,0.5300471061305123,0.43585987609749055
1-0,1-0,0.0,0.4114841023007972,0.5825652394714017
1-0,1-0,0.0,0.2883660553064137,0.7044758461821059
0-1,0-1,0.0,0.4733082554614438,0.37586467877861723
1-0,0-1,0.0,0.39992689437510504,0.35305405367282866
1-0,0-1,0.0,0.4700297716967399,0.4247300029028819
0-1,1-0,0.0,0.3853737992205953,0.598501826500102
0-1,1-0,0.0,0.4018705794283984,0.5933142666731275
1-0,0-1,0.0,0.50551469534205,0.4698286327907439
1-0,1-0,0.0,0.4811255323346415,0.49876691990025973
0-1,1-0,0.0,0.4012968294982853,0.46116462699345573
1-0,1-0,0.0,0.48597589433990296,0.5031612876158339
0-1,1-0,0.0,0.45938106807067824,0.5311085850324445
0-1,1-0,0.0,0.4793467663864917,0.5070354963990018
0-1,1-0,0.0,0.4894907682734858,0.49543327659379127
1-0,0-1,0.0,0.5488275183689929,0.43619953390455146
1-0,0-1,0.0,0.5057925628344995,0.47509081455451796
1-0,0-1,0.0,0.5079775938730163,0.4827315229994402
1-0,1-0,0.0,0.46098640868069846,0.5322433943371548
1/2-1/2,1-0,0.0,0.4263516167018983,0.556537477906437
1-0,1-0,0.0,0.4627991393008126,0.5281275677802512
0-1,1-0,0.0,0.395222771731986,0.5611678620570225
1-0,1-0,0.0,0.4514095879615597,0.4597665413051355
0-1,0-1,0.0,0.5022012238996229,0.4902150418503151
1-0,1-0,0.0,0.4595758285883421,0.4829129787580567
1-0,1-0,0.0,0.4196050009075772,0.5405593708018795
1-0,0-1,0.0,0.42882203749191894,0.419752918638959
0-1,0-1,0.0,0.510962640108736,0.477884467514579
1-0,0-1,0.0,0.5378687213043893,0.4515559573417784
1-0,0-1,0.0,0.5477462743792624,0.4351095991344277
1-0,1-0,0.0,0.4851451919392995,0.5070424909330861
1-0,1-0,0.0,0.3884797412511293,0.606340733386187
0-1,1-0,0.0,0.3760875711713041,0.5979613728275611
1-0,1-0,0.0,0.4524479522253716,0.4740068092337024
0-1,1-0,0.0,0.44755799796691087,0.5342172974628197
1-0,1/2-1/2,0.0,0.253689153755016,0.23613476202880182
0-1,0-1,0.0,0.5308697082138856,0.4644113303800362
0-1,0-1,0.0,0.4946622514025022,0.49385034322362364
1-0,1-0,0.0,0.38234086250155197,0.5648014020465667
0-1,1-0,0.0,0.47175187030219556,0.5179897920740613
0-1,1-0,0.0,0.44862262691310406,0.5423815594645183
1/2-1/2,1-0,0.0,0.4877534777001027,0.4965836062129012
1-0,0-1,0.0,0.5330045084570108,0.4602482750584103
1/2-1/2,0-1,0.0,0.3583445343643578,0.3470858676364949
0-1,0-1,0.0,0.5547751318775433,0.4286809954832137
0-1,0-1,0.0,0.5115465251848063,0.44802218745272243
1-0,0-1,0.0,0.5066732761630851,0.48110050691766987
1/2-1/2,0-1,0.0,0.4931940681111846,0.46160152998345283
0-1,0-1,0.0,0.48617410102945363,0.4696384486720238
1-0,1-0,0.0,0.4775121709593406,0.5001381032409297
1-0,1-0,0.0,0.4348097484376262,0.5559055189246846
1-0,0-1,0.0,0.5238871452194075,0.4699592526974576
0-1,0-1,0.0,0.5023712017273924,0.4629671271738638
1-0,1-0,0.0,0.31828653640612664,0.6718660599011513
1-0,0-1,0.0,0.47037200077557284,0.4610451397274703
0-1,1-0,0.0,0.48655840983790144,0.5066865634251365
0-1,1-0,0.0,0.4596683530721786,0.5116919767052017
0-1,1-0,0.0,0.4849619496351789,0.49444934184748834
0-1,0-1,0.0,0.47674758623403996,0.4746856858126244
1-0,0-1,0.0,0.5107008691910871,0.4654979757574776
1-0,1-0,0.0,0.48584275639407326,0.5013378462643343
0-1,1-0,0.0,0.4778001966384741,0.5147757125448257
1-0,0-1,0.0,0.4904748436091295,0.4796338358790876
0-1,0-1,0.0,0.4873801471902987,0.4816677627599384
0-1,1/2-1/2,0.0,0.15305744819967745,0.15400289723274804
1-0,0-1,0.0,0.48206646330691005,0.470902236744809
1-0,1-0,0.0,0.4691460991498204,0.5138033173438867
1-0,1-0,0.0,0.48953770059496904,0.5020929547401705
1/2-1/2,1-0,0.0,0.2439921028385177,0.7512726768025835
1/2-1/2,1-0,0.0,0.4270200632452802,0.45672390055706624
0-1,1-0,0.0,0.4715344372060196,0.4913745499424923
1-0,0-1,0.0,0.523365593825338,0.4395733174312468
0-1,1-0,0.0,0.4268628852594355,0.4345316852086865
1-0,1-0,0.0,0.4785901418628161,0.490957843779847
1-0,0-1,0.0,0.47953867825027313,0.4699193555812237
1-0,0-1,0.0,0.505264613485792,0.4563917262266061
0-1,0-1,0.0,0.5288122206991618,0.4019417132297615
0-1,0-1,0.0,0.49971615579960155,0.4722597305009714
0-1,0-1,0.0,0.49739978215213704,0.45906145358671563
0-1,1-0,0.0,0.41550636520800754,0.5742919261551532
0-1,1-0,0.0,0.48538741572290245,0.5036331105647295
0-1,1-0,0.0,0.49392877589443024,0.4995752942916159
0-1,1-0,0.0,0.436724481846985,0.4827480143494934
0-1,0-1,0.0,0.5084300594615138,0.4835564537140584
0-1,0-1,0.0,0.4941857284690157,0.4801753061685111
0-1,0-1,0.0,0.506142504950434,0.4831042322374819
1-0,1-0,0.0,0.35225767011511067,0.40048524049821765
1-0,0-1,0.0,0.5136636586478982,0.48111099739700974
1-0,1-0,0.0,0.4757948418027415,0.513940779770018
0-1,0-1,0.0,0.5232146800300008,0.4639065859461502
0-1,0-1,0.0,0.4841142258628911,0.48411245419518145
0-1,0-1,0.0,0.5010675924501994,0.4841016473902814
1-0,0-1,0.0,0.4989851771877364,0.4678589736745096
0-1,0-1,0.0,0.5362845129597769,0.44358761680467
1-0,1-0,0.0,0.28807387562333386,0.36692545001714116
1-0,1-0,0.0,0.4463739478294092,0.4533064888947466
1/2-1/2,0-1,0.0,0.4250964141198988,0.3875324764075818
0-1,0-1,0.0,0.5107615898830864,0.4698156845400855
1-0,0-1,0.0,0.5085617735711749,0.4830047407984059
1/2-1/2,1/2-1/2,0.0,0.2112366150635196,0.18716133636208562
1-0,1-0,0.0,0.4955126249088037,0.49693264867535464
1-0,1-0,0.0,0.35146394082070687,0.6442838013878147
0-1,1-0,0.0,0.48975182286051727,0.5013754070456062
1-0,0-1,0.0,0.5096758596579936,0.48405059539579054
1-0,1-0,0.0,0.4864072785419979,0.4992086490927627
1-0,1-0,0.0,0.28555275905822036,0.6889780470041043
1-0,0-1,0.0,0.5061189419127979,0.4782252493601695
0-1,1-0,0.0,0.4651291215754276,0.5182521374470379
1-0,0-1,0.0,0.5146730827123777,0.45898041468607215
1-0,0-1,0.0,0.49472368495913266,0.480991452388224
0-1,1-0,0.0,0.47655245380537126,0.4809195747376564
1/2-1/2,0-1,0.0,0.48351520648496343,0.4690170661636773
1-0,1-0,0.0,0.48011602173724816,0.4812789656927642
1-0,1-0,0.0,0.40683370971112504,0.5875942187993568
0-1,0-1,0.0,0.451548793141632,0.40538849408366845
1-0,0-1,0.0,0.4947747809020847,0.4935422477840372
1-0,0-1,0.0,0.5072169928904997,0.469001909808301
0-1,0-1,0.0,0.5309040835861124,0.44381660016726604
1-0,1-0,0.0,0.4565754351866367,0.5300062135215856
1-0,1-0,0.0,0.47817245933860286,0.5109819688431012
1-0,1-0,0.0,0.4859152049419136,0.5079419841893797
0-1,1-0,0.0,0.4561909307155048,0.5382209399093041
0-1,0-1,0.0,0.5196788235003468,0.46851300673546636
1-0,0-1,0.0,0.48116598889971396,0.4744242369786211
1-0,0-1,0.0,0.45396578601162374,0.4536242613819675
0-1,0-1,0.0,0.5309397933100612,0.46364302219998105
1-0,0-1,0.0,0.5039646725829408,0.45018269249949544
0-1,0-1,0.0,0.4992079613277475,0.45213213503561395
0-1,0-1,0.0,0.488024656600315,0.4641008307801568
0-1,0-1,0.0,0.518676756894454,0.47514532083713773
1-0,1-0,0.0,0.495539113103737,0.49629786723901187
0-1,0-1,0.0,0.4832143709816227,0.4736104744605987
1-0,1-0,0.0,0.4742397651778324,0.5003077144273098
0-1,0-1,0.0,0.5461535131130866,0.43635578004652703
1-0,1-0,0.0,0.47577389305574086,0.5183648956809248
1-0,1-0,0.0,0.4313230860687353,0.43530030210845994
1-0,1-0,0.0,0.47019629890286063,0.5244060106880489
1-0,0-1,0.0,0.5217640319490343,0.45979915673938837
0-1,0-1,0.0,0.48073672859211586,0.47257424268294435
0-1,1-0,0.0,0.24325468955432109,0.44757179999157015
1-0,1-0,0.0,0.44900296569967196,0.5419733876400575
1-0,0-1,0.0,0.5058531285718312,0.47053931585204606
0-1,0-1,0.0,0.45468909227264853,0.44714521624559417
0-1,1-0,0.0,0.35021393257131617,0.6431511584085771
0-1,1-0,0.0,0.46769317702260393,0.499959451766024
0-1,0-1,0.0,0.4915997653620588,0.48173432014712414
1-0,0-1,0.0,0.5033710066200002,0.48965963091391
1-0,1/2-1/2,0.0,0.043012635354539995,0.03957782233628693
1-0,1-0,0.0,0.4231137508041502,0.5711407131511053
1-0,0-1,0.0,0.5004332294599177,0.4851002839790237
1-0,0-1,0.0,0.49086339791075473,0.48698239854552205
1-0,0-1,0.0,0.5294968680113307,0.4635877239920504
1-0,0-1,0.0,0.5061363990174466,0.47809876534518564
0-1,0-1,0.0,0.5137153336767118,0.44409476902608674
1-0,0-1,0.0,0.47003249917949436,0.4690356663089432
1-0,0-1,0.0,0.4990096827177641,0.4885551184086382
0-1,1-0,0.0,0.42655617499692644,0.4641489087216608
1/2-1/2,1-0,0.0,0.23585757440491129,0.49294713096478526
1/2-1/2,1-0,0.0,0.43490558492954745,0.5348105656144696
1-0,0-1,0.0,0.430397898147089,0.3340123297011301
1/2-1/2,0-1,0.0,0.38230273418007943,0.34181534394671814
1-0,0-1,0.0,0.5186690715169251,0.4301935997681095
0-1,0-1,0.0,0.5006887163368431,0.49328952890117844
0-1,1-0,0.0,0.45901599510634394,0.5276040998319371
0-1,1-0,0.0,0.4702430888127213,0.5149779283082845
1/2-1/2,1-0,0.0,0.39270405698134525,0.5082291188241472
1-0,1-0,0.0,0.48901017219235177,0.5016796866832568
1-0,1-0,0.0,0.37800720508759483,0.4161219691896729
0-1,0-1,0.0,0.5008021138204188,0.4658559113511086
0-1,0-1,0.0,0.5092185080096506,0.4748997830362751
0-1,0-1,0.0,0.4995878104689091,0.48796759114581023
1-0,1-0,0.0,0.4912928409706348,0.4917745533811242
0-1,1-0,0.0,0.43284311669465464,0.48821427260023714
0-1,0-1,0.0,0.5395260242918932,0.40790372072279124
0-1,0-1,0.0,0.5384292755949281,0.4532893666408403
1-0,1-0,0.0,0.442800874839522,0.528433089929402
0-1,0-1,0.0,0.4946617897310906,0.49072341695746324
0-1,1-0,0.0,0.4833400464278654,0.5096727390888784
0-1,0-1,0.0,0.4960609740219071,0.493169118763846
0-1,0-1,0.0,0.5156004139909894,0.4675393500853745
1-0,1-0,0.0,0.48280042574440835,0.5119318101789219
1-0,0-1,0.0,0.5044256619072722,0.4766045316769972
1-0,0-1,0.0,0.5197061264204734,0.4641436701215378
0-1,1-0,0.0,0.4468413405054688,0.5400178935474313
1-0,1-0,0.0,0.4021041629651489,0.48618058600357333
1-0,1-0,0.0,0.4841140350606797,0.4973121682023898
1-0,0-1,0.0,0.49781779226404527,0.4855245779772702
0-1,1-0,0.0,0.4915012350633822,0.4945551631118096
0-1,1-0,0.0,0.3971461323535875,0.58545588976143
1-0,1-0,0.0,0.2556381750744749,0.7191424181829317
0-1,1-0,0.0,0.3531593583207707,0.6386092275685982
1-0,0-1,0.0,0.4939721032137716,0.468132854165436
0-1,1-0,0.0,0.40629853855641107,0.588498268926102
1-0,1-0,0.0,0.48322551788712137,0.5052162127356712
0-1,1/2-1/2,0.0,0.07533584310100722,0.06453360561136563
1-0,1-0,0.0,0.44369947988184466,0.5472979976063077
0-1,1-0,0.0,0.4775453528545657,0.48985610983740435
1-0,1-0,0.0,0.24319177018395569,0.595892799794482
1-0,0-1,0.0,0.5216420707688025,0.4648288574681183
0-1,0-1,0.0,0.5158013427450446,0.4703039246722238
0-1,0-1,0.0,0.5004225419634964,0.4917023382203721
0-1,1-0,0.0,0.39847594366746075,0.46285108490799254
1/2-1/2,0-1,0.0,0.46480904822577035,0.4275606805255727
1-0,1-0,0.0,0.44200601429464464,0.46120751107345687
1-0,0-1,0.0,0.501336153739906,0.48635508630352203
1-0,0-1,0.0,0.5041012424489565,0.4519278911167904
1-0,1/2-1/2,0.0,0.111300513901745,0.14152249087607469
0-1,0-1,0.0,0.48977190361785944,0.466918418312772
0-1,1-0,0.0,0.481670642205209,0.5100744641355274
1-0,0-1,0.0,0.5326705814156862,0.46101263373807677
1-0,1-0,0.0,0.4796443076311964,0.4875036394712704
0-1,1-0,0.0,0.44662574698425533,0.47882484457189795
1-0,0-1,0.0,0.5097225829656656,0.4696905417124477
0-1,1-0,0.0,0.4535504776746747,0.497589713445869
0-1,0-1,0.0,0.5270852327140275,0.4638494200106299
1/2-1/2,1-0,0.0,0.44192613156671967,0.4593917310220862
0-1,0-1,0.0,0.5166095716579169,0.45964879497778166
0-1,1/2-1/2,0.0,0.27465383841987395,0.21681400673670848
1-0,1-0,0.0,0.47726118082009183,0.5155605023995553
0-1,1-0,0.0,0.42058294715793193,0.5621216578837157
1/2-1/2,0-1,0.0,0.501293619934154,0.4918353095015887
0-1,0-1,0.0,0.5226935111778512,0.47143148492777265
1-0,0-1,0.0,0.5034612788022865,0.4597770585407041
0-1,0-1,0.0,0.5297475772101646,0.46016630355591476
0-1,0-1,0.0,0.49660642986735865,0.4922603885515534
0-1,0-1,0.0,0.43694051956749647,0.43149086109523815
0-1,1-0,0.0,0.4843648056619302,0.5086557855190651
1-0,1-0,0.0,0.4521803885505655,0.5256028628597631
1-0,1-0,0.0,0.4950996441154005,0.4955732261594415
0-1,1-0,0.0,0.4858417152087338,0.5074334628581819
1-0,0-1,0.0,0.492235376410975,0.4782174007702165
0-1,0-1,0.0,0.5027350740463068,0.48758676006994617
1-0,0-1,0.0,0.5196718539517237,0.445301815832551
1-0,0-1,0.0,0.5110535981190742,0.4677503890891454
0-1,1-0,0.0,0.48725422300997945,0.5017239939901501
1-0,0-1,0.0,0.5166442822330616,0.45522493152919363
0-1,0-1,0.0,0.5123959554669325,0.42660824654468904
1-0,0-1,0.0,0.48767285897149437,0.4209042377759507
0-1,1-0,0.0,0.46213753529481794,0.4796113880903117
0-1,1-0,0.0,0.4806827661484872,0.5127554299553377
1-0,1-0,0.0,0.4638996259457537,0.5256689193730141
1-0,1-0,0.0,0.409670012849255,0.5830700202093059
1-0,1-0,0.0,0.48863387387733315,0.5044444742960292
1-0,1-0,0.0,0.4833856791862652,0.5028119193650017
0-1,0-1,0.0,0.4151305831737048,0.39420803905780555
0-1,0-1,0.0,0.5605307446582661,0.4303870782595806
0-1,1-0,0.0,0.44359059663206923,0.5410509607005558
1-0,1-0,0.0,0.11804863802468793,0.8813932644916597
0-1,0-1,0.0,0.5179605640675881,0.45518984663479845
1-0,1-0,0.0,0.4907900280060202,0.5027843163182484
1-0,1-0,0.0,0.44686006858491556,0.5137863293089849
0-1,1-0,0.0,0.3806244138905788,0.44818700942217515
1-0,1-0,0.0,0.4841389738234849,0.4893623406838335
0-1,0-1,0.0,0.4806189995075058,0.46682393238097586
0-1,0-1,0.0,0.5298700688837641,0.46338326624565507
0-1,0-1,0.0,0.5069061152763084,0.48258557587633355
1-0,0-1,0.0,0.517919243849395,0.4699581104222713
0-1,1-0,0.0,0.33076422902368285,0.3776613989502607
0-1,1-0,0.0,0.4461331077569923,0.5423476425322188
0-1,0-1,0.0,0.5543195617603109,0.43661420573521403
1-0,0-1,0.0,0.49142830305391416,0.4899698102344367
1-0,1-0,0.0,0.4795001192578489,0.5127998917149638
0-1,1-0,0.0,0.4528845477021305,0.5362147580638074
1-0,0-1,0.0,0.5049344344961152,0.44149829636695376
1-0,1-0,0.0,0.48258605915114267,0.5117328702985059
1-0,0-1,0.0,0.4216134576176811,0.4128210720907065
0-1,1-0,0.0,0.4897766210712218,0.49843741474218833
1-0,1-0,0.0,0.44374529663618195,0.4476230533235994
0-1,0-1,0.0,0.4767927406222995,0.4716319288796984
0-1,0-1,0.0,0.4997180571096044,0.4200811187764169
1-0,1-0,0.0,0.4060364114389578,0.5866440684809158
1-0,1-0,0.0,0.4584636267089419,0.5307876296731555
0-1,0-1,0.0,0.49228414530989556,0.4618517020146474
1-0,0-1,0.0,0.5018798804066522,0.4872970698704803
0-1,0-1,0.0,0.4942474796723326,0.47315156480169246
1-0,1-0,0.0,0.46123638458336663,0.530324333903591
1-0,1-0,0.0,0.47566401318393264,0.48435974217488653
1-0,0-1,0.0,0.515622001108453,0.43800718073147266
1-0,0-1,0.0,0.47176685967297455,0.4580324957920324
0-1,1-0,0.0,0.4869858479455896,0.48765201614438203
0-1,1-0,0.0,0.4096236831234701,0.5656342296382069
1-0,1-0,0.0,0.4846612147291926,0.5028211868098283
1-0,0-1,0.0,0.5419475049685556,0.4335905748136616
1-0,1-0,0.0,0.4440848097954744,0.4992830746810677
0-1,1-0,0.0,0.4484897533924997,0.4994814295207411
0-1,0-1,0.0,0.48459455541816543,0.39775404599640607
0-1,0-1,0.0,0.5359145114282873,0.44684377791649527
0-1,0-1,0.0,0.5239307845951253,0.468383931268034
0-1,1-0,0.0,0.40358998008407954,0.5536770887152519
0-1,1-0,0.0,0.48885602463864924,0.5049654791052803
1-0,0-1,0.0,0.4941066856164217,0.46994303533387854
1-0,1-0,0.0,0.4486505229581978,0.47863647136444315
1-0,1/2-1/2,0.0,0.3229968047103057,0.32776751847657143
1-0,0-1,0.0,0.4611491220136124,0.4232538925841705
0-1,0-1,0.0,0.4604841343541013,0.45494346188502816
1-0,0-1,0.0,0.5014764532673581,0.4712465209894525
0-1,0-1,0.0,0.49706027562087035,0.4963279131917724
1-0,1-0,0.0,0.38247155109488673,0.5887955271039114
0-1,1-0,0.0,0.4184485654572213,0.42331932996620497
1-0,1-0,0.0,0.38732756836494286,0.4975248383419676
1-0,0-1,0.0,0.47112464794444114,0.46264037211988335
1-0,1-0,0.0,0.4370374004539756,0.5406644070112204
1-0,1-0,0.0,0.40715384230799206,0.5800252420978642
0-1,1-0,0.0,0.42518917382498517,0.4398147707813567
0-1,1-0,0.0,0.3374232399900197,0.4055564576552777
0-1,1-0,0.0,0.490572382708181,0.5013757952225615
1-0,1-0,0.0,0.4719371003580335,0.504120307472872
1-0,1-0,0.0,0.47843468806545864,0.5143473627485302
0-1,1-0,0.0,0.3617699372252193,0.629322597615939
1-0,1-0,0.0,0.4754976447429171,0.507511039444421
1-0,1-0,0.0,0.4914681107879178,0.49886453396327024
1/2-1/2,0-1,0.0,0.4156531887891334,0.39100741212321694
1-0,0-1,0.0,0.5186604758585928,0.4362975149205227
1-0,0-1,0.0,0.36919938943253217,0.3318673035593398
0-1,1-0,0.0,0.4681661763436185,0.5198437020640488
0-1,1-0,0.0,0.4362561142205991,0.5419293049727377
1-0,0-1,0.0,0.5253177337957365,0.4508284300210206
1-0,1-0,0.0,0.4521477202840078,0.5225782511155675
1-0,1-0,0.0,0.4286530915713878,0.5630025981534528
0-1,0-1,0.0,0.49572368996700766,0.48089543263513523
0-1,1-0,0.0,0.48040433780710623,0.4988893077708511
1-0,1-0,0.0,0.4751033291791761,0.5189462595678584
1-0,1-0,0.0,0.4918129349857054,0.5016780248349122
0-1,0-1,0.0,0.5169533098049282,0.46353064510071745
0-1,0-1,0.0,0.4938843219906018,0.48754886720413054
1-0,1-0,0.0,0.30736242243418105,0.6532642712831663
0-1,0-1,0.0,0.5287415381013008,0.4656839171107879
0-1,1-0,0.0,0.4263401330889951,0.4290481178446498
1-0,0-1,0.0,0.5456104958106229,0.44185946992932745
1-0,1-0,0.0,0.43423780191129435,0.5563780431660191
1/2-1/2,1/2-1/2,0.0,0.048621418858404535,0.0535488797227217
1-0,0-1,0.0,0.5183616358947263,0.4673368012453057
1-0,0-1,0.0,0.49971271175803106,0.4880485691093641
1-0,0-1,0.0,0.5230051627126644,0.47047261675108354
0-1,1-0,0.0,0.48187686888243514,0.49321434148296606
0-1,1-0,0.0,0.48640443199670463,0.5001574998114448
1-0,1-0,0.0,0.45731168301113195,0.5173138682794136
1-0,0-1,0.0,0.49395564394007585,0.47917778448934906
1-0,1-0,0.0,0.48277214526468504,0.5047107609989501
1-0,0-1,0.0,0.4877235708114599,0.45403095544081096
1-0,1-0,0.0,0.2563150839222766,0.6473990874978252
0-1,1/2-1/2,0.0,0.21453425523838254,0.2266000483400887
1-0,0-1,0.0,0.48799055105244926,0.4720287562036222
1-0,0-1,0.0,0.5119290498831255,0.4803664604016707
1-0,0-1,0.0,0.4886003973054832,0.4759432369331165
0-1,0-1,0.0,0.5110334827261477,0.4769189926950281
0-1,1-0,0.0,0.4907674317782826,0.5010157084226774
1-0,0-1,0.0,0.5005857619713666,0.4601250742456416
1-0,0-1,0.0,0.49454918017054783,0.49334382486281964
0-1,0-1,0.0,0.47994600676222016,0.46662464224730243
1-0,1-0,0.0,0.38673789063977176,0.6035234723921274
0-1,1-0,0.0,0.46947177889095304,0.5002212654160558
1-0,0-1,0.0,0.47727098946084945,0.40405202066137785
1-0,0-1,0.0,0.48258157467888485,0.4141622262459026
1-0,1-0,0.0,0.46016964812457495,0.483426826138629
0-1,0-1,0.0,0.4534478683313414,0.37835300992419035
0-1,1-0,0.0,0.41807398679755087,0.4435737161955528
0-1,0-1,0.0,0.5291979279732443,0.46707894142637396
1-0,1-0,0.0,0.4168972225121412,0.5760976522707989
1-0,1-0,0.0,0.4116770063232007,0.5421817595827685
0-1,1-0,0.0,0.46081988859992795,0.5070619593569841
0-1,1-0,0.0,0.3837371619518674,0.5741008631301787
0-1,0-1,0.0,0.5250370803328288,0.4400919918824844
0-1,0-1,0.0,0.4751824585688182,0.4597193218863646
0-1,0-1,0.0,0.5020318595486882,0.4805036852742185
1-0,1-0,0.0,0.4082972248720385,0.5273383302070173
1/2-1/2,0-1,0.0,0.3758741490830899,0.3402555276574114
1-0,1-0,0.0,0.4813008895804643,0.5075529703993429
0-1,1-0,0.0,0.49007175092692645,0.49144797693222664
0-1,0-1,0.0,0.49541561807619033,0.49437424560352344
1-0,1-0,0.0,0.4470050483500329,0.4775454157014491
0-1,0-1,0.0,0.4798378647203755,0.475634220498786
1/2-1/2,1-0,0.0,0.40738533852508146,0.46033590077762976
0-1,0-1,0.0,0.502837330082129,0.489943131329882
0-1,0-1,0.0,0.4905119526553545,0.4882206235824886
0-1,1-0,0.0,0.3231319278136658,0.4180229543883977
0-1,1-0,0.0,0.43758127576203454,0.5573542340736215
1-0,0-1,0.0,0.4877898071674763,0.47134613674867254
1-0,0-1,0.0,0.49897064607697267,0.4931517472286324
0-1,0-1,0.0,0.5022776595718396,0.49032480017080043
1-0,0-1,0.0,0.48376967946691235,0.4612750249483223
1-0,0-1,0.0,0.5301480283640018,0.4650738544640895
0-1,0-1,0.0,0.4481581201362137,0.43340344529271496
0-1,1-0,0.0,0.39792683458283173,0.5732301946977043
0-1,0-1,0.0,0.4769826235791818,0.4348582227368203
0-1,0-1,0.0,0.4796299157548714,0.4258184213679637
1-0,1-0,0.0,0.30747845890456116,0.5870867483032745
1-0,0-1,0.0,0.48651155013491876,0.47627311432666114
0-1,1-0,0.0,0.4865097527804851,0.49196069420469535
1/2-1/2,1-0,0.0,0.39571484082295344,0.47312467789827767
0-1,1-0,0.0,0.47590086905553614,0.4981965830230057
0-1,1-0,0.0,0.48806282390642,0.5007627724417014
1-0,1-0,0.0,0.45484814566663345,0.5207327531730652
1-0,0-1,0.0,0.5226716431161839,0.4691621419558418
1-0,0-1,0.0,0.4763766984116653,0.4406405584744922
1-0,0-1,0.0,0.5099594749600411,0.47494537459334446
0-1,0-1,0.0,0.507012848189935,0.4804134144087237
1-0,0-1,0.0,0.48817271653022387,0.4780343424745873
1-0,1-0,0.0,0.49231104927203456,0.49518644912985427
0-1,1-0,0.0,0.47650201992717467,0.49354613815016823
0-1,0-1,0.0,0.5060858762171002,0.47531355583704993
1-0,1-0,0.0,0.3672754464945583,0.37346414623184315
0-1,1-0,0.0,0.48774336692438947,0.5017511964252809
0-1,0-1,0.0,0.44586218560386875,0.4297952557899996
0-1,0-1,0.0,0.5061541458853194,0.4849473972842458
0-1,0-1,0.0,0.4195621092575607,0.38249568625148633
0-1,1-0,0.0,0.4910063867598078,0.5084728907446456
1-0,1-0,0.0,0.17562944617986095,0.8028610669070754
1-0,0-1,0.0,0.52345003837068,0.4387496081779633
1-0,0-1,0.0,0.5062123818427073,0.4620144532621494
1-0,1-0,0.0,0.4732237107932044,0.5192842888178357
1-0,1-0,0.0,0.40452837017092147,0.5905404768761338
0-1,1-0,0.0,0.4545704764473019,0.5374317158907105
1-0,0-1,0.0,0.5403039051712037,0.44857374663574473
0-1,1-0,0.0,0.46816577535527304,0.5205632353809226
1-0,0-1,0.0,0.5108091981790437,0.4763672380963577
0-1,1-0,0.0,0.4618712499320083,0.51563365217474
1-0,1-0,0.0,0.4457255406735114,0.5492203506798876
1-0,0-1,0.0,0.5175114990537206,0.4676763137078424
1-0,0-1,0.0,0.5023572133969443,0.4903539416350973
0-1,1-0,0.0,0.4674834485202441,0.5127048092097689
1-0,0-1,0.0,0.4977337839900168,0.40182554081960176
1-0,1-0,0.0,0.4635898354193993,0.48926367510075225
0-1,1-0,0.0,0.4554734521830235,0.5135596883289353
0-1,1-0,0.0,0.46528746238564067,0.5160896870655053
0-1,0-1,0.0,0.5138458622718093,0.46974821622173885
0-1,0-1,0.0,0.5148481414849851,0.4703664737522205
0-1,1-0,0.0,0.47208726509007176,0.5003264130170221
0-1,1-0,0.0,0.4426320445831116,0.5498716624511115
0-1,1-0,0.0,0.4905090712178186,0.5019841809323056
0-1,0-1,0.0,0.5023121633043934,0.473249612890866
1-0,0-1,0.0,0.5085402683896595,0.48405067194225626
1-0,1-0,0.0,0.4279304497481678,0.5660138932169929
0-1,1-0,0.0,0.4843749454692845,0.5068167577083199
0-1,1-0,0.0,0.4947984008952748,0.4960966361419282
0-1,0-1,0.0,0.5066826788753596,0.4797868909298644
1-0,0-1,0.0,0.4877747134110623,0.48273423621631767
0-1,0-1,0.0,0.5045291208163826,0.4402028302111534
0-1,0-1,0.0,0.49754140980507905,0.4938110426586882
1-0,1-0,0.0,0.4877086817990394,0.5005344851029699
1-0,1-0,0.0,0.2824506631895468,0.3608824708639593
1-0,1-0,0.0,0.4793055706216119,0.4963369804285473
1-0,1-0,0.0,0.4701457818030443,0.5234195954849138
1-0,0-1,0.0,0.5047172126010859,0.48749430190817916
1-0,0-1,0.0,0.5094108260002161,0.47338975220843127
0-1,0-1,0.0,0.5068917031005203,0.47446815972141126
1-0,1-0,0.0,0.47707716489039115,0.5122565555008878
1-0,0-1,0.0,0.5061869145628299,0.48152402479014206
0-1,0-1,0.0,0.4696915216683324,0.39122789276976083
0-1,0-1,0.0,0.4503539572779928,0.42799306791891595
0-1,0-1,0.0,0.5282525338147179,0.45117726839492184
1-0,1-0,0.0,0.4950159054186791,0.49619712264668386
0-1,1-0,0.0,0.48616263908702156,0.4972214322551052
0-1,0-1,0.0,0.5050419374295714,0.4883937138138286
1-0,0-1,0.0,0.510437449970437,0.4555768835773437
0-1,0-1,0.0,0.5595810933406585,0.431255514792224
0-1,1-0,0.0,0.3901132983290247,0.4639681906861602
1-0,0-1,0.0,0.47524152980558737,0.4708304294250081
0-1,0-1,0.0,0.4919379469414853,0.489970741378789
1-0,1-0,0.0,0.33945805976542304,0.5533792866525569
1/2-1/2,0-1,0.0,0.48574023721148524,0.4695153923896139
1-0,1-0,0.0,0.4757078573036039,0.4938062180890154
0-1,1-0,0.0,0.43959411394904074,0.5517881368563972
0-1,1-0,0.0,0.46381024905116214,0.47941532261135505
1-0,0-1,0.0,0.5002247359748918,0.49247598961653477
1-0,1-0,0.0,0.4945840591643391,0.4969771166361199
1-0,1-0,0.0,0.18723124584629658,0.8105292743571803
1-0,0-1,0.0,0.4200784686984151,0.41560735927029685
1-0,0-1,0.0,0.497966922067244,0.4832348909669515
1-0,1-0,0.0,0.48543475702388844,0.5089557798920836
1-0,0-1,0.0,0.4920011607802335,0.48970676177826133
1-0,1/2-1/2,0.0,0.21505369842489463,0.24087278743911303
1-0,1-0,0.0,0.48818643771589976,0.5064132500997836
1-0,0-1,0.0,0.42296262028918225,0.34669941962089623
0-1,1/2-1/2,0.0,0.06612075542168191,0.08767328840421633
0-1,0-1,0.0,0.5028497738949662,0.4360163473927551
1-0,1-0,0.0,0.33628123718481323,0.6398804329623622
1-0,0-1,0.0,0.5140308419784728,0.46150200641761535
0-1,0-1,0.0,0.5154739056604417,0.47116050507948004
1-0,0-1,0.0,0.5003720118709831,0.4595200761546381
1-0,1-0,0.0,0.32588392200233296,0.6093110408515003
1-0,1-0,0.0,0.4651377444865455,0.5139151774147512
1-0,1-0,0.0,0.48767533776625144,0.49652091528477643
1-0,1-0,0.0,0.4699779630438316,0.48036903159748345
0-1,1-0,0.0,0.45357228345177497,0.526212325735602
0-1,1-0,0.0,0.4521972273713028,0.5393883833689908
1-0,1-0,0.0,0.4547938639332437,0.509596273853022
0-1,1-0,0.0,0.47848577079877314,0.5120880927923391
1-0,0-1,0.0,0.5081091005933985,0.4794130173059018
0-1,1-0,0.0,0.4836652471203261,0.4925782700815218
1-0,0-1,0.0,0.5244634350755594,0.47036359218375534
1-0,0-1,0.0,0.5350535393467271,0.4415386895767808
1-0,1-0,0.0,0.3598615959446974,0.6331448709882186
0-1,1-0,0.0,0.48921654554402627,0.49777501656726647
1-0,1-0,0.0,0.4855718909838181,0.4865294732115176
1-0,0-1,0.0,0.5114757280546669,0.4783102055224243
0-1,0-1,0.0,0.5289789775038897,0.4550797189586423
0-1,1-0,0.0,0.4623022863828572,0.5046480700533774
1-0,0-1,0.0,0.5148912311688799,0.4713347402550078
0-1,1-0,0.0,0.33870508207633593,0.47555407638592706
0-1,0-1,0.0,0.5144637829811413,0.47660489468386974
1-0,0-1,0.0,0.5014848851521496,0.46207872198496536
0-1,0-1,0.0,0.4978365448671226,0.49316225393025304
1-0,0-1,0.0,0.5032285255286129,0.4641356742982191
1/2-1/2,1-0,0.0,0.34542851751986836,0.36032382897668463
1-0,0-1,0.0,0.5075655270143077,0.4837743183126733
1-0,0-1,0.0,0.5409930501665713,0.4448936052240697
1-0,0-1,0.0,0.49943323396530054,0.4829452750117682
1-0,0-1,0.0,0.4968136553231695,0.49028566895614745
0-1,0-1,0.0,0.5118630715567748,0.48046124416908664
0-1,0-1,0.0,0.5189599660733867,0.4718185519580174
0-1,1-0,0.0,0.45098953163739397,0.5265962385812193
0-1,0-1,0.0,0.48890749411605416,0.43510480565856324
1-0,1-0,0.0,0.4407200691865933,0.5144995755277855
1-0,0-1,0.0,0.4925142025415841,0.47332378232573363
1-0,1-0,0.0,0.47979084521042187,0.5094387180838259
1-0,1-0,0.0,0.4853272729048564,0.503511333265866
1-0,1-0,0.0,0.4432135304183878,0.5564509335859716
0-1,1-0,0.0,0.47465284552369047,0.5081069501243143
1/2-1/2,1/2-1/2,0.0,0.22262683450708992,0.2152380642613925
0-1,1-0,0.0,0.42911527723974124,0.5036708137762103
1-0,0-1,0.0,0.51944548051975,0.45509735373749693
0-1,0-1,0.0,0.5377816039143604,0.4528150777672393
0-1,0-1,0.0,0.5074760225451341,0.4872771147019208
0-1,0-1,0.0,0.4976386812177549,0.49078866043171365
0-1,1-0,0.0,0.47550849746524276,0.5063344271352224
1-0,0-1,0.0,0.42142964276668937,0.3769251597891957
1-0,1-0,0.0,0.08771355992133774,0.9119798569744779
0-1,1-0,0.0,0.42268436923595315,0.5206294934749941
1-0,1-0,0.0,0.4925704034674531,0.4984810530144383
1-0,1-0,0.0,0.4712288762070211,0.47604327975370253
0-1,1-0,0.0,0.46251922935069967,0.5052624728615585
1-0,1-0,0.0,0.4785807010684211,0.5103700715016012
1-0,1-0,0.0,0.4295658576873688,0.5426139116652893
1-0,0-1,0.0,0.5331075713160296,0.45228872215916704
1-0,1-0,0.0,0.38060338285324846,0.6058866044455935
0-1,0-1,0.0,0.5001798479962687,0.48864377475635745
1-0,1-0,0.0,0.29744050477920936,0.7001056708248884
1-0,0-1,0.0,0.5116530325835357,0.48017181523797575
1-0,1-0,0.0,0.4676959806271116,0.5133863175754415
1-0,1-0,0.0,0.48468983632446905,0.5066639925519765
1-0,1-0,0.0,0.4752201457428004,0.5173187442812085
0-1,1-0,0.0,0.47689166496626245,0.5152188286333484
0-1,1-0,0.0,0.48071139595463896,0.48668908143636475
0-1,1-0,0.0,0.48537967706060114,0.49679766575618917
1-0,1-0,0.0,0.45977661334773534,0.5162824355937335
1-0,1-0,0.0,0.3325035225413172,0.3387393142388033
1-0,0-1,0.0,0.49511550647223124,0.481483480881274
0-1,0-1,0.0,0.5015576381632427,0.49151270463605723
1-0,1-0,0.0,0.4259579074552357,0.5686616399970481
1-0,1-0,0.0,0.441895173355268,0.5291671814893238
1-0,0-1,0.0,0.5171296445174609,0.47729416936948804
0-1,0-1,0.0,0.4735544745839241,0.4680916028396797
0-1,0-1,0.0,0.48879670083868915,0.4833850850288846
1/2-1/2,1-0,0.0,0.4891270490546544,0.4969572898553446
0-1,0-1,0.0,0.5086241426728408,0.47839535716963205
1-0,1-0,0.0,0.4730628505743483,0.4937460901356654
1-0,0-1,0.0,0.4650732821050166,0.4386594494381282
1-0,1-0,0.0,0.38949759291139396,0.5539879551065067
0-1,1-0,0.0,0.4538799993408799,0.5119248718087425
1-0,1-0,0.0,0.4468791955645344,0.5089938049264742
1-0,0-1,0.0,0.49752801792692275,0.44819629623887935
0-1,0-1,0.0,0.5564746231081585,0.43841969532264485
1-0,1-0,0.0,0.4894800996551103,0.4939393465294144
1-0,1-0,0.0,0.46125818739897984,0.5062811942789586
0-1,1-0,0.0,0.46918382656161534,0.5221824825110307
0-1,1-0,0.0,0.475308608260252,0.5169571408774695
0-1,1-0,0.0,0.4902486539416838,0.49389655493180723
0-1,1-0,0.0,0.48784205636817063,0.497349264109934
1-0,1-0,0.0,0.445606190590631,0.5319856929660318
1-0,0-1,0.0,0.5005634716805869,0.4885399683183152
0-1,1-0,0.0,0.4829919162915878,0.48910465034237427
1-0,1-0,0.0,0.4653032287341206,0.5287238200177553
0-1,1-0,0.0,0.4753955605203309,0.5187932750365591
0-1,1-0,0.0,0.4667285342080204,0.5200297263085596
1-0,1-0,0.0,0.4402260541054382,0.5122376178525316
1-0,0-1,0.0,0.4895812451081727,0.45864452193151717
0-1,1-0,0.0,0.4312977901401255,0.5637079254278683
1-0,1-0,0.0,0.4419231098853114,0.542881909289698
0-1,0-1,0.0,0.5140452309634019,0.4595917146990447
0-1,0-1,0.0,0.4423249384121493,0.4092364938037134
1-0,1-0,0.0,0.46426248380337426,0.46751883380469345
0-1,1-0,0.0,0.4648160863856489,0.5256167885623079
1-0,0-1,0.0,0.5004125904221447,0.49140719698575575
1-0,1-0,0.0,0.4901139426709152,0.4937692009532817
1-0,1-0,0.0,0.44388939654339815,0.5433956663937867
0-1,1-0,0.0,0.20687746800189802,0.7929926414939942
0-1,1-0,0.0,0.45037940948893507,0.5387127741053588
1-0,0-1,0.0,0.5088638933610035,0.47370129082099777
1-0,1-0,0.0,0.32040717751779185,0.6753213241364331
0-1,1-0,0.0,0.4618305610013002,0.4977824494234558
1-0,1-0,0.0,0.48008269929211367,0.5079606548954412
1-0,1-0,0.0,0.48706052383065146,0.5063916311455684
0-1,1-0,0.0,0.47049742022578755,0.5080806858332074
1-0,1-0,0.0,0.4735344938656478,0.5165905683608648
1-0,0-1,0.0,0.46952919736486565,0.424517538752915
1-0,1-0,0.0,0.4716260183453736,0.5197812505033376
0-1,1-0,0.0,0.461288390176384,0.5299421484537805
1-0,1/2-1/2,0.0,0.14242455003762544,0.11341902819106085
1-0,0-1,0.0,0.5132210668853109,0.4565192372609594
0-1,0-1,0.0,0.5053437138164022,0.48432064552547377
1-0,1-0,0.0,0.45493138358160023,0.4887889674690308
1-0,0-1,0.0,0.5314186071158014,0.4413135368298529
1-0,0-1,0.0,0.5141137894964264,0.47302184674361875
1-0,0-1,0.0,0.5021896088537147,0.4717728278562931
0-1,0-1,0.0,0.4995984377124435,0.49349389864867604
1-0,1-0,0.0,0.10067008780853748,0.8989400320896374
1-0,1/2-1/2,0.0,0.27191383968631344,0.3405832592788273
0-1,1-0,0.0,0.2162027275105498,0.7812414809255046
1-0,1-0,0.0,0.4846787081967778,0.5076817899047747
0-1,1-0,0.0,0.4912022449491624,0.4957688369728104
1-0,1-0,0.0,0.4741213846441316,0.5067507349547388
0-1,0-1,0.0,0.5100901093396728,0.4813233417912517
0-1,0-1,0.0,0.502269375996514,0.48849920081150916
0-1,0-1,0.0,0.5068257498075874,0.48090668048467333
1-0,1-0,0.0,0.41895962191639136,0.5738950597358868
0-1,0-1,0.0,0.5046683671381305,0.4534611506825954
1-0,0-1,0.0,0.4972514024771531,0.49086639430280304
1-0,1-0,0.0,0.3568353403400047,0.4851852076848877
0-1,0-1,0.0,0.5230146825367291,0.46500928004240877
0-1,1-0,0.0,0.4352109777332745,0.5585030848432017
1-0,1-0,0.0,0.4818868120018041,0.4964701273714571
0-1,1-0,0.0,0.4879189203835545,0.49836820116822705
0-1,1-0,0.0,0.4834578915461343,0.4883792006858647
1-0,1-0,0.0,0.4125446853840316,0.538762580262921
1-0,1-0,0.0,0.22450603184055015,0.7706877030399507
0-1,1-0,0.0,0.2580484365571344,0.7419408120690969
1-0,0-1,0.0,0.4885759427879757,0.40870218628239824
0-1,1-0,0.0,0.3717876847896886,0.3829868591094666
1-0,0-1,0.0,0.4313487344386177,0.4215493528190756
0-1,1-0,0.0,0.4078510518078011,0.5606928258371636
1-0,1-0,0.0,0.4787140789077442,0.49235549821316965
1-0,0-1,0.0,0.4780565998247169,0.46748532701421985
1-0,0-1,0.0,0.544958739770829,0.44824034592440687
0-1,0-1,0.0,0.5050433516395919,0.4749789114331801
0-1,0-1,0.0,0.5152282303811309,0.45909994731792364
1-0,1-0,0.0,0.4927658538738097,0.49632469227499215
1-0,1-0,0.0,0.474698338064268,0.519417585700989
1-0,1/2-1/2,0.0,0.15983069156128538,0.16839145434469657
0-1,0-1,0.0,0.542145670775895,0.42409533492477375
1-0,0-1,0.0,0.5136080346845486,0.4607154899496485
1-0,1-0,0.0,0.4299025702023696,0.5069121296561375
0-1,1-0,0.0,0.4823873667867517,0.49056396307117917
1-0,1-0,0.0,0.47336520801940746,0.4899831222178574
0-1,0-1,0.0,0.5152691615382413,0.4751603822576502
1-0,1-0,0.0,0.48901781954751095,0.5008938368394539
0-1,1-0,0.0,0.48890393344480176,0.5052418466466724
1-0,1-0,0.0,0.48897806928312904,0.4890239561108268
1-0,0-1,0.0,0.4956395321849515,0.44104622807916877
1-0,1-0,0.0,0.4736092156832069,0.5122278718487101
1-0,1-0,0.0,0.47313741546195104,0.5116990042300604
1-0,0-1,0.0,0.44912821313604456,0.4296649211666175
1-0,1-0,0.0,0.48723250345238345,0.5054802286261285
0-1,0-1,0.0,0.4970065922707441,0.49185278729312254
1-0,0-1,0.0,0.5038646013131903,0.4807125802042036
1-0,1-0,0.0,0.484138620686575,0.5040884709159448
0-1,0-1,0.0,0.5453592360521609,0.4488798701324196
1-0,0-1,0.0,0.5070064017058826,0.48292269054284526
0-1,0-1,0.0,0.5335920609973733,0.4539344052511604
0-1,1-0,0.0,0.4583271655756054,0.5298827073031014
1/2-1/2,1/2-1/2,0.0,0.10989588635377859,0.10054686100303002
1-0,0-1,0.0,0.4179826855015932,0.334909935254799
0-1,1-0,0.0,0.207221214492308,0.7927688893514268
1-0,0-1,0.0,0.4369512717904652,0.40636906351468344
1-0,1-0,0.0,0.47235409961267544,0.5167493300624637
0-1,1-0,0.0,0.44691181439938116,0.5452042527173553
0-1,0-1,0.0,0.511248012096985,0.4804492918814161
1-0,1-0,0.0,0.4553875288517451,0.48304055828007675
1-0,1-0,0.0,0.4777449845464037,0.5002111417286585
1-0,0-1,0.0,0.4574919963680137,0.4203678723754263
1/2-1/2,0-1,0.0,0.5103873702471945,0.48028876662597336
1-0,1-0,0.0,0.4756231927179611,0.5176486539343601
0-1,0-1,0.0,0.49942610456228287,0.4765177472915783
0-1,0-1,0.0,0.5381509243003837,0.4496391905217667
1-0,1-0,0.0,0.3928571120250429,0.6013851462504831
0-1,1-0,0.0,0.489873598466369,0.5021488327497168
0-1,1-0,0.0,0.48484929305214763,0.505795244781208
0-1,1-0,0.0,0.46222022868740154,0.513741628855258
0-1,0-1,0.0,0.5475926653070963,0.4431912928197946
1-0,1-0,0.0,0.4352370556954532,0.4617565531615573
1/2-1/2,0-1,0.0,0.476456519831393,0.46580584491379545
1-0,0-1,0.0,0.43179500044024327,0.4312244554987522
1-0,0-1,0.0,0.5002738104389011,0.484942270103388
0-1,0-1,0.0,0.4809478845361308,0.44203062865440357
1-0,1-0,0.0,0.4659102123976064,0.5118726889752545
0-1,0-1,0.0,0.4954219615069009,0.4826880558973856
1-0,1-0,0.0,0.47735928931589433,0.5052506605145785
1-0,0-1,0.0,0.5142076605098657,0.4677096717257476
0-1,0-1,0.0,0.5273919714489295,0.46063975760511194
1-0,1-0,0.0,0.47716851774869107,0.5133938754665008
0-1,0-1,0.0,0.5294996870328148,0.4102603441890957
0-1,1-0,0.0,0.35183084440374846,0.6429592830901439
1-0,0-1,0.0,0.5351658973221523,0.45977639648494717
1-0,1-0,0.0,0.41534416326442136,0.42902112465739595
1-0,1-0,0.0,0.4856700603879925,0.4946727560153426
1-0,1-0,0.0,0.46311157340602366,0.5221598781610021
1-0,1-0,0.0,0.4701440551494701,0.5203997313788957
0-1,1-0,0.0,0.4529692020667923,0.523081729736328
1-0,0-1,0.0,0.5140643114939963,0.46882656685553836
0-1,0-1,0.0,0.4976231469341606,0.47748534850337704
1-0,1-0,0.0,0.4294733943117927,0.5481468835262492
1-0,0-1,0.0,0.5219564705665137,0.44766468397977127
0-1,1-0,0.0,0.4796706025421508,0.5111325096479528
1-0,1-0,0.0,0.4738343878784636,0.5029904441768158
1-0,1-0,0.0,0.4510364567767512,0.5356604733278406
0-1,0-1,0.0,0.48459991840355593,0.4101818407867056
1-0,0-1,0.0,0.4966155365328628,0.4843470241802784
1/2-1/2,0-1,0.0,0.45478579712972605,0.3978726094966451
0-1,1-0,0.0,0.48185908160103125,0.5037149542508427
1-0,1-0,0.0,0.418371676412785,0.5324522325354243
1-0,1-0,0.0,0.3652740326993098,0.5808486972954482
0-1,1-0,0.0,0.4831180751998623,0.4906890898493522
0-1,1/2-1/2,0.0,0.2738128184538034,0.2324778626960573
0-1,1-0,0.0,0.4719522016534717,0.5218858145656348
0-1,0-1,0.0,0.41347479367794115,0.3715600980116983
0-1,1-0,0.0,0.4475954388839636,0.5396035310753842
1-0,1-0,0.0,0.46362877178873185,0.5267116743296145
1-0,0-1,0.0,0.5424421370395527,0.44941012120933427
0-1,1-0,0.0,0.46980655125056525,0.5239999030034602
0-1,1-0,0.0,0.47268977205228624,0.5162623588132264
0-1,1-0,0.0,0.39894190923775524,0.4515588891249123
1-0,1-0,0.0,0.49008082816956056,0.4988566755862593
0-1,1-0,0.0,0.4271589128793886,0.5571456137178664
1-0,1-0,0.0,0.4592335762322968,0.49279263598112
1-0,1-0,0.0,0.4658319007907969,0.5283204464778233
0-1,1-0,0.0,0.478221607991613,0.48478173711546335
1-0,0-1,0.0,0.4960735223327915,0.4836511222722199
1-0,0-1,0.0,0.4964350125117027,0.48449489613726904
0-1,1-0,0.0,0.4603285280592855,0.5340274053955889
1-0,1-0,0.0,0.4870937518476521,0.5006944826305003
0-1,0-1,0.0,0.49894441888781355,0.4916631553877918
0-1,1-0,0.0,0.47642115424206444,0.49822596871950847
0-1,0-1,0.0,0.5145044199127567,0.4633226904913053
0-1,0-1,0.0,0.505462513816144,0.4750360895240898
0-1,1-0,0.0,0.4703601849632797,0.4919122760920922
1-0,0-1,0.0,0.5280700707619724,0.45775018084251207
0-1,0-1,0.0,0.5482451077923113,0.44827480672858017
1-0,0-1,0.0,0.4877849835060827,0.47249670615849165
1-0,1-0,0.0,0.46360328872720813,0.49155979063329114
1-0,1-0,0.0,0.483190420861854,0.4880418303337974
0-1,1/2-1/2,0.0,0.2799425331569844,0.24652217546254226
0-1,1/2-1/2,0.0,0.3234424782713465,0.32366394288518513
1-0,0-1,0.0,0.5222589587016299,0.46933135494622513
1-0,1-0,0.0,0.4518698873696472,0.5392921790430543
1-0,1-0,0.0,0.4534648024627362,0.5401960839112271
1-0,1-0,0.0,0.47092147451189853,0.5216040096890157
1-0,0-1,0.0,0.35682534346717015,0.29368271207094704
1/2-1/2,1/2-1/2,0.0,0.028953377752465814,0.02758425231482272
1-0,1-0,0.0,0.48167454509191565,0.5119799005710172
0-1,0-1,0.0,0.5001170533564966,0.4779321121319126
0-1,1-0,0.0,0.30880445835064496,0.37608157537063286
0-1,1-0,0.0,0.4865784143943945,0.5052746771394695
0-1,1-0,0.0,0.47976928671372565,0.5060753107146481
0-1,1-0,0.0,0.46462481004163264,0.5168996409249513
1-0,1-0,0.0,0.4764526528809513,0.4780719322141664
1/2-1/2,1-0,0.0,0.42785698816080003,0.5088765156060853
0-1,1-0,0.0,0.41593185720785564,0.5703988653432256
1-0,1/2-1/2,0.0,0.1910278687579834,0.19709494313918194
0-1,0-1,0.0,0.5134477408634411,0.4702479347958107
1-0,0-1,0.0,0.5169636555631402,0.47278927625532147
1-0,1-0,0.0,0.4704461238705516,0.5020252960603051
1-0,1-0,0.0,0.34195850769791564,0.6364240412156267
1-0,1-0,0.0,0.44365331366618077,0.44367876588038857
1-0,0-1,0.0,0.4991249454909816,0.40269460501327214
0-1,0-1,0.0,0.5108668639047839,0.47972304395762505
1-0,0-1,0.0,0.447406217195756,0.4263055338841361
1-0,1-0,0.0,0.37616519452973024,0.5975570089225962
0-1,0-1,0.0,0.5007963329203406,0.48669346885505477
0-1,0-1,0.0,0.5318464907339732,0.4524721135000008
1-0,0-1,0.0,0.5041570450874794,0.4766891359458456
1-0,0-1,0.0,0.4874762312436991,0.4369160860406277
1-0,0-1,0.0,0.5016616333244736,0.48910852320607257
1-0,1-0,0.0,0.28929210175027487,0.3692120762496365
1-0,0-1,0.0,0.5097368776171763,0.4769953467096253
0-1,1-0,0.0,0.3610901085660369,0.6387070538684091
1/2-1/2,1-0,0.0,0.4265659099830162,0.5379327695998442
1-0,1-0,0.0,0.38783051236053795,0.43250980888218205
1-0,0-1,0.0,0.4962226477163333,0.47758309791992154
0-1,1-0,0.0,0.4343451651233985,0.5584686245667403
1-0,1-0,0.0,0.4773908601804535,0.5171436217177666
0-1,0-1,0.0,0.5133241731364813,0.47159638832667267
0-1,0-1,0.0,0.5667498107916762,0.4213961733192723
0-1,1-0,0.0,0.46864078127940567,0.509841579268582
0-1,1-0,0.0,0.48256593731649106,0.5098836058148476
0-1,1-0,0.0,0.4922117306530003,0.4980247912992759
0-1,0-1,0.0,0.5361006957254025,0.45829786848795506
0-1,1-0,0.0,0.49129524212021286,0.49408904556934585
0-1,1-0,0.0,0.4325237195406343,0.5062198126649702
0-1,0-1,0.0,0.5159715720011797,0.47813898567499086
0-1,0-1,0.0,0.5502710421187706,0.4376609381293128
1-0,1-0,0.0,0.47680715737605484,0.5174637708510398
1-0,0-1,0.0,0.5062832570302072,0.4481653838244031
0-1,1-0,0.0,0.46407547242725455,0.5087613739836089
0-1,1-0,0.0,0.46216708400141804,0.5237169188855161
1-0,0-1,0.0,0.4895476205905104,0.48839836522805724
0-1,1-0,0.0,0.40260541100832276,0.46298515365983933
0-1,0-1,0.0,0.535502997791152,0.4396267197020269
0-1,1-0,0.0,0.47114504012494185,0.5093951872263559
1-0,0-1,0.0,0.49159495419067584,0.4800648340705406
1-0,1-0,0.0,0.45612688384223615,0.5350196670450176
1-0,1-0,0.0,0.48090100256411267,0.5028284593449025
0-1,1-0,0.0,0.48327542169388643,0.5046882703605924
1-0,1-0,0.0,0.4702075015151323,0.5223497742060108
1/2-1/2,1-0,0.0,0.45899153917717106,0.5265325494156976
1-0,1-0,0.0,0.48880424744702444,0.505589289994036
0-1,0-1,0.0,0.5161949416074767,0.4711768025829969
0-1,0-1,0.0,0.5312411094887122,0.45737409730883416
1-0,1-0,0.0,0.3630804329820874,0.6196507279956619
1-0,0-1,0.0,0.5411145602773689,0.4564428062866136
1-0,1-0,0.0,0.0020385881561420212,0.997961371757729
0-1,1-0,0.0,0.42963511186139364,0.4664232929242976
1-0,1-0,0.0,0.04940429955704014,0.9505653994435073
1-0,1-0,0.0,0.37902750437545624,0.6154872921233923
0-1,0-1,0.0,0.5520242900699301,0.4449123705565544
0-1,1-0,0.0,0.4178780382868786,0.5688578835061211
1-0,1-0,0.0,0.47774874002448264,0.4801619162064819
1-0,0-1,0.0,0.5126083912743901,0.47585797289150594
1-0,0-1,0.0,0.4926012084424333,0.47559494109914524
1-0,0-1,0.0,0.4794596607693644,0.4425439271912701
1-0,1-0,0.0,0.41216288275934,0.528591040032008
0-1,1-0,0.0,0.47402516137508693,0.5157929516870781
1-0,0-1,0.0,0.5314001747864497,0.45824637573421106
1-0,0-1,0.0,0.542323830172302,0.4546402700020819
1-0,0-1,0.0,0.5603866420272329,0.43105584656483326
0-1,0-1,0.0,0.5176501079697745,0.4613950442459033
0-1,1-0,0.0,0.44850851220575083,0.5158000070450103
0-1,0-1,0.0,0.5424341415842523,0.45161024131887667
0-1,0-1,0.0,0.5174440970844572,0.4660558585312022
1-0,1-0,0.0,0.4455037811329215,0.5144039740891527
0-1,1-0,0.0,0.44877680008215204,0.4577064797994131
1-0,1-0,0.0,0.45540547102190904,0.5224114640507115
1-0,1-0,0.0,0.49422179050854803,0.4960432426394289
0-1,0-1,0.0,0.38425415571886445,0.32424093249197855
0-1,0-1,0.0,0.5295484948336935,0.42905552818745896
1/2-1/2,1-0,0.0,0.40499483166204064,0.4113019196883741
1-0,1-0,0.0,0.40696178494326796,0.4736446763820327
1-0,0-1,0.0,0.4740128698181864,0.44131485566783235
1-0,1-0,0.0,0.4585543520101992,0.49163642555700265
0-1,0-1,0.0,0.49739187097821647,0.493204623734864
0-1,0-1,0.0,0.5258993393748033,0.44118281812287197
0-1,1-0,0.0,0.47447649744134296,0.5084088086425633
1-0,0-1,0.0,0.5104173873353537,0.4760353998222111
0-1,1-0,0.0,0.4904880829865794,0.49199201668798576
1-0,1-0,0.0,0.38698304152965685,0.6047308121824533
0-1,1-0,0.0,0.4384176412175252,0.5496857699550584
1-0,0-1,0.0,0.5050683156150815,0.4881505274984934
1/2-1/2,1/2-1/2,0.0,0.2546599362043582,0.3340671327403084
1-0,1-0,0.0,0.4549495592027698,0.5385404961882939
0-1,1-0,0.0,0.440583318485137,0.4642579375701113
1-0,1-0,0.0,0.492227874140101,0.4969736602466653
0-1,0-1,0.0,0.5343054871528843,0.4518356205556576
1-0,0-1,0.0,0.541147191723948,0.44399979714578564
0-1,1/2-1/2,0.0,0.20378321067044392,0.28724746226160025
1-0,0-1,0.0,0.5153471234470632,0.47307311193815615
0-1,1-0,0.0,0.43741957737904713,0.5225671283283437
1-0,1-0,0.0,0.21910915125682826,0.7645633099146862
0-1,0-1,0.0,0.5083785040855687,0.48024102184296236
0-1,1/2-1/2,0.0,0.21576897970026737,0.2534361656467324
0-1,0-1,0.0,0.4266688562940285,0.35309554794232534
1-0,0-1,0.0,0.5078424090666913,0.47345262382384284
0-1,0-1,0.0,0.5332510046649305,0.4505931079290217
0-1,1-0,0.0,0.4684275956770235,0.5129154955546109
1-0,1-0,0.0,0.4925795912577557,0.5013805060666743
1-0,1-0,0.0,0.4259681998932574,0.5451536638930916
0-1,1-0,0.0,0.4861736825037415,0.48818884508733273
1-0,1-0,0.0,0.45534227246403786,0.5123927327991524
1-0,1-0,0.0,0.4150515199752281,0.5794425210456917
1-0,1-0,0.0,0.47969626839338847,0.4856261864906505
1-0,1-0,0.0,0.40663819185129707,0.49195836495152817
1-0,0-1,0.0,0.4956511261685795,0.4857561166044193
1-0,1/2-1/2,0.0,0.1017188818778768,0.12172351628682204
1-0,1-0,0.0,0.4953427180796422,0.49612557043423855
1-0,1-0,0.0,0.4769428664682163,0.5135965340336914
1-0,0-1,0.0,0.5223837841007187,0.44872184380398933
0-1,1-0,0.0,0.36671563833979004,0.6331688101280261
1-0,1-0,0.0,0.031065104693006045,0.9688622279489346
1-0,0-1,0.0,0.49619785375690634,0.4905852233258067
0-1,0-1,0.0,0.5101344336300158,0.45341222842369466
1-0,0-1,0.0,0.5124380845174386,0.44003742674971014
1-0,0-1,0.0,0.533148820734772,0.4608094876466626
0-1,1-0,0.0,0.4717255238754608,0.5003016135417626
1-0,1-0,0.0,0.46464001818457,0.5198457027356942
0-1,0-1,0.0,0.5084150298896307,0.4834684884199227
1-0,0-1,0.0,0.4994564545878017,0.4931245046848166
1-0,1-0,0.0,0.4098997851453528,0.5801642628048668
0-1,1-0,0.0,0.4772112522861445,0.5150865658051006
0-1,1-0,0.0,0.4363872693414706,0.5572872202816588
1-0,1-0,0.0,0.46825772364183876,0.506109588437801
0-1,1-0,0.0,0.4907288087829136,0.5012985530849554
1-0,1-0,0.0,0.38101607785921526,0.41789781875961074
1-0,1-0,0.0,0.431185018616061,0.5613515965488303
1-0,1-0,0.0,0.37996271324783054,0.5974984303428125
1-0,0-1,0.0,0.48399380051791396,0.4613565195889589
1-0,0-1,0.0,0.5157262466376782,0.44832276808093624
1-0,1-0,0.0,0.45074870556408153,0.5418099416359217
1-0,1-0,0.0,0.4183969491458008,0.5081753087007747
0-1,0-1,0.0,0.5493735285642096,0.4334665229630769
1-0,0-1,0.0,0.5035866645685384,0.4896521838210465
1-0,1-0,0.0,0.4916795505369506,0.4995080644189395
0-1,1-0,0.0,0.4579473572158139,0.5099872554008898
0-1,1-0,0.0,0.4751563383622044,0.49010506932620496
0-1,1-0,0.0,0.4907629799862467,0.5022870410497383
1-0,0-1,0.0,0.4784329402672498,0.47839404562572646
1-0,0-1,0.0,0.37222863049138993,0.34558683527257217
0-1,0-1,0.0,0.5104077210106231,0.46498928598316047
1-0,1-0,0.0,0.4857804558983808,0.4947186372915171
0-1,0-1,0.0,0.5031539109235561,0.4900320428040356
1-0,1-0,0.0,0.48643693334423105,0.49526500074169283
0-1,0-1,0.0,0.5232652545346282,0.4578336197755294
0-1,0-1,0.0,0.52561347720112,0.45686946454203214
0-1,1-0,0.0,0.4655094641828775,0.5253983444805498
0-1,1-0,0.0,0.47868694889977603,0.5121752265787322
0-1,1-0,0.0,0.4664586928777806,0.4994185035990289
0-1,1-0,0.0,0.4945335924335502,0.4966347021294182
1/2-1/2,1-0,0.0,0.46865313682496934,0.5189671101410663
1-0,1-0,0.0,0.1733410723616172,0.8259117759177563
1-0,1-0,0.0,0.4456393061160391,0.5360428927791875
0-1,1-0,0.0,0.4927932109419918,0.5001252825718984
1-0,0-1,0.0,0.5043518478162736,0.48297854805895485
0-1,1-0,0.0,0.46970301034438383,0.5207872729699113
0-1,0-1,0.0,0.5048925455748489,0.44000347954466007
0-1,0-1,0.0,0.5016824980419036,0.49157089267480053
1/2-1/2,0-1,0.0,0.5087699186188429,0.4701542104480525
0-1,0-1,0.0,0.5071268683115986,0.48007642967417097
1-0,1-0,0.0,0.4736638775095931,0.5027608761037163
1-0,1-0,0.0,0.25001750739576245,0.6586380932144201
0-1,1-0,0.0,0.40573878456341306,0.5313927340505092
1-0,0-1,0.0,0.5094838139208595,0.4819397740238681
1-0,0-1,0.0,0.5087391548226505,0.4660367587492275
0-1,1-0,0.0,0.47532847219889207,0.5072274807096456
1/2-1/2,0-1,0.0,0.49766924699706583,0.4528175273919
0-1,0-1,0.0,0.5111350539353451,0.47800727634959833
1-0,0-1,0.0,0.48875861743857746,0.4418590622420018
0-1,1-0,0.0,0.4438579459629986,0.4662392519089662
0-1,0-1,0.0,0.4896938221645626,0.45309934291177295
1/2-1/2,1-0,0.0,0.4472105391079261,0.4482803096559791
0-1,1-0,0.0,0.4764155362408795,0.479404693577934
0-1,1-0,0.0,0.4493113427232276,0.5436821911884937
1-0,0-1,0.0,0.48229349657746656,0.4483620637701417
1-0,1-0,0.0,0.4911101436539347,0.49500920524801756
1-0,0-1,0.0,0.48819598406891923,0.47636358081914726
0-1,0-1,0.0,0.545602298134541,0.4489981007332411
1-0,0-1,0.0,0.5089866535020314,0.4833691616692466
0-1,1-0,0.0,0.4794501058929194,0.488294041011588
0-1,1-0,0.0,0.4732055258374688,0.5028770901253081
0-1,0-1,0.0,0.48985469177753305,0.47795098052326046
0-1,1-0,0.0,0.4461519480218651,0.5444126402179118
1-0,1-0,0.0,0.47364191505960773,0.5107174658547925
0-1,1-0,0.0,0.4531215917179636,0.539917668174791
0-1,1-0,0.0,0.4156265279603004,0.4526508854366632
0-1,1-0,0.0,0.4406533671367743,0.502479667860603
0-1,0-1,0.0,0.5114574110403297,0.4343107221214078
0-1,1-0,0.0,0.47938455324608004,0.4926946407021619
0-1,1-0,0.0,0.41481587186091445,0.5797137460028294
1-0,1/2-1/2,0.0,0.2987602827942564,0.25272443157370195
1-0,1-0,0.0,0.14841522616758732,0.8498783259481243
0-1,1-0,0.0,0.4820183443002516,0.494289177299836
1-0,0-1,0.0,0.5143963406030563,0.46615723646276636
1-0,1-0,0.0,0.45462213557631354,0.5277302487637622
0-1,0-1,0.0,0.5126884501156925,0.4586335838834723
0-1,1-0,0.0,0.483096221199093,0.4990855389222033
1/2-1/2,1-0,0.0,0.48127335726035,0.5039987516568863
1-0,1-0,0.0,0.478958488253662,0.5086910265655209
1-0,0-1,0.0,0.49373251377376165,0.481940314046762
0-1,0-1,0.0,0.4992866163551796,0.4713163720592652
0-1,0-1,0.0,0.5245665751911971,0.46312685476409304
0-1,0-1,0.0,0.5028573930205993,0.49058564810127386
1-0,0-1,0.0,0.5391561201631998,0.42530053618599206
0-1,1-0,0.0,0.45245927303493383,0.4763940917363127
0-1,0-1,0.0,0.5161032563355406,0.46320616560686917
1-0,1-0,0.0,0.48749257843871846,0.49842405254160355
1-0,0-1,0.0,0.4773029884328282,0.4437589713911068
0-1,1-0,0.0,0.4791002534903872,0.48970699524017847
0-1,0-1,0.0,0.5037995330540882,0.4848528889756724
0-1,1-0,0.0,0.4545127359967151,0.5263295554839776
0-1,0-1,0.0,0.5115365337846053,0.4765896840051179
1-0,0-1,0.0,0.4398946195093838,0.43294831100996356
1-0,0-1,0.0,0.49623152152490985,0.49294863475866973
0-1,0-1,0.0,0.5587289577479204,0.4357206067930833
1-0,1-0,0.0,0.45804954513756246,0.5272021152498054
1-0,1-0,0.0,0.06061563910609133,0.9388156793583614
1-0,1-0,0.0,0.41376248619659245,0.43842557620447026
1-0,1-0,0.0,0.4856712240151185,0.5022042671646632
0-1,1-0,0.0,0.4677346636886994,0.5212630973706752
1-0,1-0,0.0,0.4713027353655386,0.5049731895749882
1-0,1-0,0.0,0.4360171006765047,0.5585911540404308
1-0,1-0,0.0,0.45266094861520817,0.5100266413251974
0-1,1-0,0.0,0.277528832073857,0.6592656037837724
0-1,1-0,0.0,0.421016555281427,0.5727331407343144
1/2-1/2,1-0,0.0,0.4787090409271597,0.5150853241434397
1-0,1/2-1/2,0.0,0.15557427417886788,0.17071373689069683
0-1,0-1,0.0,0.5089842594047886,0.48184551006123116
1-0,1-0,0.0,0.41613853571099857,0.44949794692400064
1-0,1-0,0.0,0.42291254682090446,0.5012032030248844
1-0,0-1,0.0,0.43745232134411344,0.352397375909574
1-0,0-1,0.0,0.5057644886991803,0.47923542945341796
0-1,1-0,0.0,0.42785127346642204,0.5619099775318653
1-0,0-1,0.0,0.5084343207925383,0.4849293271544963
1-0,1-0,0.0,0.44731550755668215,0.5179280157870711
0-1,1-0,0.0,0.4804060001951218,0.4818092856030913
1-0,1-0,0.0,0.47095324214888523,0.5220278547650676
1-0,0-1,0.0,0.4790617572233704,0.4670063635989728
0-1,1-0,0.0,0.4284901940067413,0.5476746289800349
1-0,1-0,0.0,0.4904990064213951,0.49475526257811775
0-1,1-0,0.0,0.4454390528661353,0.5466586187167302
1/2-1/2,1-0,0.0,0.3393931620980535,0.3682351825999894
1-0,1-0,0.0,0.49033023121783254,0.4923592848605365
1-0,1-0,0.0,0.4409897664406536,0.5108944405781226
1-0,1-0,0.0,0.42932581891755683,0.5479318632413872
1-0,1-0,0.0,0.31765056343637,0.6581336850631742
1-0,0-1,0.0,0.5030808281914999,0.3930773898740163
0-1,1-0,0.0,0.486761514020296,0.496096112654933
1-0,1-0,0.0,0.40379112607229056,0.40476839403641146
0-1,1-0,0.0,0.18055697856574532,0.8194345255431175
1-0,1-0,0.0,0.490179238645486,0.5036483291215637
0-1,0-1,0.0,0.4965428195534237,0.3624405719308549
0-1,1-0,0.0,0.4678807117727087,0.5149105175921193
0-1,0-1,0.0,0.5086318621486996,0.48138622032614975
1-0,1/2-1/2,0.0,0.22893785062177047,0.22068369007826721
0-1,1-0,0.0,0.4651603663752926,0.46568199026800977
1-0,0-1,0.0,0.516971874888496,0.47006171772925825
0-1,0-1,0.0,0.5195468172789119,0.4698414487132534
0-1,1/2-1/2,0.0,0.19869684044764288,0.19833491092287694
0-1,1-0,0.0,0.4580698156439221,0.5330328546730763
0-1,0-1,0.0,0.4326852896681904,0.4167661040404853
1-0,1-0,0.0,0.491200294516531,0.5001748790455126
1-0,0-1,0.0,0.520611100126652,0.47145448638725485
1-0,1-0,0.0,0.4758227497910074,0.5183246640150183
1-0,1-0,0.0,0.460102616800117,0.46111095375594885
1-0,0-1,0.0,0.5133015201257712,0.4797847646911427
0-1,0-1,0.0,0.4939803276743988,0.40824295498750646
1-0,0-1,0.0,0.5071820823339017,0.47634604679486536
0-1,1-0,0.0,0.43265003050815204,0.5548527074213374
0-1,1-0,0.0,0.4765142220700823,0.5144573691548059
0-1,1-0,0.0,0.45276594995240094,0.4990831629571522
1-0,1-0,0.0,0.475657846095147,0.4997559113421174
1-0,1-0,0.0,0.4593113422409042,0.5281962821281291
1-0,1-0,0.0,0.3987885173556104,0.5960421372264899
1-0,1-0,0.0,0.4499136711840294,0.5359952312824933
1-0,0-1,0.0,0.5028800317628725,0.4835598396786308
1-0,1-0,0.0,0.4723701309622703,0.5217613162253905
1-0,0-1,0.0,0.5316027350025385,0.46001163387024
1-0,1-0,0.0,0.37793931903582306,0.4261576186114455
1/2-1/2,1/2-1/2,0.0,0.2800147234283397,0.2658631229415109
1-0,1-0,0.0,0.4857988154237109,0.5010434879719197
1-0,1-0,0.0,0.48517350146683896,0.5027068497330095
0-1,1-0,0.0,0.3577512266532892,0.6339115492174124
0-1,1-0,0.0,0.4886386823526636,0.5015491777331677
1-0,0-1,0.0,0.5530881225594312,0.44282234404404536
1-0,0-1,0.0,0.5199769696281975,0.471476153288389
1/2-1/2,0-1,0.0,0.48350266242867773,0.4108892016687578
0-1,1-0,0.0,0.44860181092953927,0.5176581850417354
1/2-1/2,0-1,0.0,0.48952583239602004,0.48430777809780684
1-0,1-0,0.0,0.43759032331837905,0.5303835915247898
1-0,1-0,0.0,0.4695528928076659,0.5037929079627018
1-0,1-0,0.0,0.4237799021275673,0.5594620801299419
1-0,0-1,0.0,0.4788499376426415,0.4755594752921395
1-0,0-1,0.0,0.4926555782548592,0.48887627339158046
1-0,0-1,0.0,0.5005528564749604,0.4909734306966817
0-1,0-1,0.0,0.4972630383912529,0.4726660301793052
0-1,1-0,0.0,0.4776977225056712,0.48675226937048194
0-1,1-0,0.0,0.48315633591604296,0.508280070167882
0-1,0-1,0.0,0.5390288494568338,0.4477463838233312
1-0,0-1,0.0,0.4990371033811941,0.4809183562363938
1-0,0-1,0.0,0.5111338236431303,0.4723288878592419
1/2-1/2,0-1,0.0,0.5101087482776981,0.4495200988093042
1-0,1-0,0.0,0.4616963211784804,0.47440271178810434
1-0,1-0,0.0,0.4912617565170896,0.49718913485998817
1-0,1-0,0.0,0.46998156401490154,0.5164463172742351
1-0,1-0,0.0,0.4925572242070173,0.49902147245039186
0-1,1-0,0.0,0.45283492847936135,0.47556893117603577
0-1,0-1,0.0,0.5185484913779543,0.47486491422802984
1-0,1-0,0.0,0.4865126557035368,0.505379700884152
0-1,0-1,0.0,0.5035978040640123,0.49002713360142985
0-1,0-1,0.0,0.5257149674260375,0.46022567925375735
1-0,0-1,0.0,0.5205150780464238,0.4660772596317472
1-0,0-1,0.0,0.4824692582183541,0.4568754291399946
1-0,0-1,0.0,0.49197031887077675,0.49079553993598307
1-0,1-0,0.0,0.2893551951976466,0.4841925894618712
0-1,0-1,0.0,0.5074745869479894,0.48587088367434506
1-0,0-1,0.0,0.4842408746823141,0.4810617762189164
0-1,0-1,0.0,0.48320922929140986,0.44379676640699983
1-0,1-0,0.0,0.4807684298764201,0.5044174164884383
1-0,1-0,0.0,0.37649193163628786,0.42836559193022405
0-1,1-0,0.0,0.44146320061428623,0.5496027155084228
1-0,1/2-1/2,0.0,0.06252357411408466,0.09882612048874408
0-1,0-1,0.0,0.4410011526592662,0.42090133892050025
1-0,1-0,0.0,0.4068139207464273,0.4616933859082068
0-1,0-1,0.0,0.5038653403185449,0.4805084712416731
1/2-1/2,1-0,0.0,0.44875712173876786,0.48053300755544476
0-1,1-0,0.0,0.4598061778103319,0.5291276225585365
0-1,1-0,0.0,0.4937000501697338,0.5007533835041691
0-1,0-1,0.0,0.5082975218628552,0.46018034466243646
0-1,0-1,0.0,0.5198451095288602,0.4438956957287355
1-0,1-0,0.0,0.44317834749970075,0.4953583481848476
1-0,0-1,0.0,0.5216709391674033,0.47087090237231793
1-0,1-0,0.0,0.4845849633697742,0.5081935237402984
1-0,1-0,0.0,0.46640531833116733,0.5282044010627691
0-1,1/2-1/2,0.0,0.004940193007376706,0.005501909319934405
0-1,0-1,0.0,0.5195988697015814,0.47387552563887225
1-0,0-1,0.0,0.5105773761700374,0.4811912672193725
1-0,0-1,0.0,0.5062213989615941,0.48507137806171613
0-1,1/2-1/2,0.0,0.16871485325715943,0.17546270362399655
1-0,1-0,0.0,0.47289186527352983,0.5133630677696909
0-1,0-1,0.0,0.5233925475353615,0.4506981456038601
0-1,0-1,0.0,0.5252707184082456,0.4605128864743578
0-1,0-1,0.0,0.5237877803140681,0.4448901542335938
1-0,1-0,0.0,0.4099348740402725,0.5161044300859858
0-1,1-0,0.0,0.4510816095247829,0.5276611906754459
1-0,1-0,0.0,0.49087731500155,0.49397605421456164
0-1,1-0,0.0,0.4256241011168145,0.5642144736825082
1-0,0-1,0.0,0.5221955112633329,0.46503220863105876
0-1,1-0,0.0,0.4886836442043318,0.49769806975942527
1-0,1-0,0.0,0.48333913682261115,0.500817028508072
0-1,0-1,0.0,0.5007074244613078,0.4869672718687007
1-0,1-0,0.0,0.48197327614092333,0.5057933256921475
0-1,1-0,0.0,0.46677619192124964,0.5270537573717489
1-0,0-1,0.0,0.5037411635845721,0.45214657816161746
0-1,0-1,0.0,0.5133162482383131,0.4784593344351548
0-1,0-1,0.0,0.5278773709162274,0.4369585062617211
1-0,0-1,0.0,0.49812650530743074,0.4964500597245818
1-0,1-0,0.0,0.4033096748530954,0.5913953974279
1-0,1-0,0.0,0.4749437906857386,0.5178522293837546
0-1,1-0,0.0,0.4891399892238244,0.5034888075219945
1-0,1-0,0.0,0.4195429142948442,0.5397210720594461
0-1,1-0,0.0,0.41460062473665443,0.5556358153108757
1-0,1-0,0.0,0.472885728849992,0.5207300193663345
1-0,0-1,0.0,0.48496177871326923,0.4751399145917888
0-1,1-0,0.0,0.48441194265323,0.4872216256267768
1-0,1-0,0.0,0.47265783020751717,0.5171056197305891
1-0,1-0,0.0,0.31289636387814157,0.6839221636133777
0-1,1-0,0.0,0.47714309974226127,0.503231470798308
1-0,1-0,0.0,0.48630093739119573,0.4983805958534126
0-1,1-0,0.0,0.48837720692381714,0.49581665513297946
1-0,1-0,0.0,0.43439749870887095,0.5208768791626083
0-1,1-0,0.0,0.4586369730031247,0.505552192498111
0-1,0-1,0.0,0.5193907698862575,0.4700990427455824
1-0,0-1,0.0,0.537269472390077,0.4432510277897376
1/2-1/2,0-1,0.0,0.5656933191769445,0.4167895942466724
1-0,1-0,0.0,0.47103264013905133,0.5190100712648693
1-0,1-0,0.0,0.474698338064268,0.519417585700989
1-0,1-0,0.0,0.04863223875653571,0.9512810038583991
1-0,1-0,0.0,0.4460578190567951,0.5323766119967497
0-1,1-0,0.0,0.3775508833183958,0.5658626508425154
1-0,0-1,0.0,0.5039366010547085,0.48850615752832427
1-0,1-0,0.0,0.45389043584435657,0.5288071714179126
1-0,1-0,0.0,0.46787593665248983,0.5222614778478853
1/2-1/2,1/2-1/2,0.0,0.0957649677704976,0.10091876181719972
1-0,0-1,0.0,0.5050020588143238,0.4760833916691262
0-1,0-1,0.0,0.5051475744767766,0.4881420694716853
1-0,0-1,0.0,0.4746507436222795,0.4434233428326821
1-0,1-0,0.0,0.44813913403751904,0.4792548298696726
0-1,1-0,0.0,0.4832594668296695,0.5073084004205236
1-0,0-1,0.0,0.4934048122850577,0.48588389415448807
1-0,0-1,0.0,0.49204998806520034,0.48103721118829573
1-0,1-0,0.0,0.4655610496220644,0.5190309275602614
1-0,1-0,0.0,0.46929080018526387,0.4813311473005445
1-0,0-1,0.0,0.5065008056697509,0.4867178610168579
1-0,1-0,0.0,0.3643193189070255,0.480945510824468
1-0,1-0,0.0,0.4727148018154833,0.4879600226890004
1-0,0-1,0.0,0.5099482560014832,0.4625704724895642
1-0,1-0,0.0,0.40186864384588256,0.5911884183569724
0-1,1-0,0.0,0.48612081231775267,0.49955868899227834
0-1,1-0,0.0,0.4817261839696747,0.5066453933216891
0-1,0-1,0.0,0.48474798815582676,0.47698200112751743
1-0,0-1,0.0,0.4922313760442767,0.4746295020781771
0-1,1-0,0.0,0.44024360440337673,0.5496609244158688
1-0,0-1,0.0,0.5090439639326686,0.4311578993929169
1-0,1-0,0.0,0.011633390395057739,0.9883615522654161
1-0,1-0,0.0,0.3855977259887552,0.6046449820436924
1-0,0-1,0.0,0.48737241961846556,0.45533897528857253
1-0,1-0,0.0,0.4662954520369604,0.5185809830156343
1-0,1-0,0.0,0.4548826473646669,0.5226201794057249
0-1,0-1,0.0,0.5457507349079873,0.4444054330300445
0-1,1-0,0.0,0.47992552479997924,0.495179141083978
0-1,0-1,0.0,0.5014895249789935,0.488783386828919
1-0,1-0,0.0,0.48667202777839597,0.5078119916199695
1-0,1-0,0.0,0.4055982929434907,0.5734694046737487
0-1,0-1,0.0,0.5505333991160335,0.4321115054374545
0-1,0-1,0.0,0.5010043496801293,0.4871642513664923
0-1,0-1,0.0,0.5111757405980131,0.4799727605563629
0-1,1-0,0.0,0.42841424687279206,0.4457214172663627
0-1,1-0,0.0,0.39690877435603616,0.5729706632016632
1-0,1-0,0.0,0.4906962190712626,0.5015633048304228
1-0,0-1,0.0,0.5464215576216068,0.44509597053797884
1-0,0-1,0.0,0.49938435932692005,0.49308987536549975
1-0,0-1,0.0,0.505917475735728,0.48632247482346536
1-0,0-1,0.0,0.49121041264263643,0.4298056834629103
1/2-1/2,0-1,0.0,0.40398448697144085,0.34974171341244753
1-0,0-1,0.0,0.5083835564476109,0.48022036648911914
0-1,1-0,0.0,0.4858601525207318,0.5069361305643632
0-1,1/2-1/2,0.0,0.31823963240591013,0.3163978085044579
1-0,1-0,0.0,0.3981920088566179,0.4509756708899271
0-1,0-1,0.0,0.34852573563744177,0.33628167345718907
1-0,1-0,0.0,0.41410424004605484,0.4529871979073751
0-1,1-0,0.0,0.4709693896934233,0.5190351618769475
1-0,0-1,0.0,0.507450959009479,0.48022838119207906
0-1,1-0,0.0,0.47900071637127634,0.4944994129534112
1/2-1/2,0-1,0.0,0.49228869166006195,0.4641034329562995
1-0,1-0,0.0,0.4906255067732692,0.49215924900087044
1-0,1-0,0.0,0.46971750337278245,0.5235268461800777
0-1,0-1,0.0,0.529813283600059,0.46830784807630366
1-0,0-1,0.0,0.5121536605736032,0.4647674878047491
1-0,1-0,0.0,0.4371119424635611,0.5362044032935748
0-1,1-0,0.0,0.48071302790230885,0.511813373895368
0-1,0-1,0.0,0.5238333820570618,0.47144190806598996
0-1,1-0,0.0,0.4470084833285309,0.5460728857341278
0-1,1-0,0.0,0.4591556352172293,0.5249435447253582
0-1,1/2-1/2,0.0,0.17973122241323317,0.21766113746329963
0-1,1-0,0.0,0.4812135193092167,0.49435823949069846
1-0,0-1,0.0,0.5047682470165105,0.48754033648938944
1-0,1-0,0.0,0.32574770818186194,0.35259273823036047
1-0,1-0,0.0,0.4450829498484571,0.5292043473963363
1-0,1-0,0.0,0.37598144033791414,0.6169548856984378
1-0,0-1,0.0,0.49562616652174496,0.4934339809137694
0-1,1-0,0.0,0.4795237605721897,0.5092118743953571
0-1,0-1,0.0,0.5197646807390286,0.45109822116344
0-1,0-1,0.0,0.49497117180345274,0.4819384387951329
0-1,1-0,0.0,0.4745364114726217,0.49865847285749154
0-1,1-0,0.0,0.45150672809935544,0.4794081101772383
0-1,0-1,0.0,0.530628374401272,0.4505005876898841
0-1,0-1,0.0,0.5257037737312749,0.4616847666692975
0-1,1-0,0.0,0.4830083427105607,0.5048902092887431
1-0,1-0,0.0,0.36829268072845367,0.5574234043686808
1-0,0-1,0.0,0.50044079324745,0.4810189744811919
1-0,1-0,0.0,0.4770994496168873,0.4943549525861604
0-1,0-1,0.0,0.5343148025549113,0.4558247706404647
1-0,0-1,0.0,0.5001584181387345,0.4928792169417287
1-0,0-1,0.0,0.43789751017014633,0.4344583713571232
0-1,1-0,0.0,0.47989575702550874,0.5005740577316992
1-0,1-0,0.0,0.47026546039960704,0.5177553694943027
1/2-1/2,0-1,0.0,0.4821407705073812,0.4620361560625943
1-0,1-0,0.0,0.47909842060933955,0.47923218781870236
0-1,1-0,0.0,0.44780280827317087,0.5418286150414903
0-1,1-0,0.0,0.4721704631938881,0.5273180613618673
0-1,1-0,0.0,0.4172214577117793,0.5636073393087079
1-0,0-1,0.0,0.5096026875748058,0.4717597181621149
0-1,1-0,0.0,0.4235296180540765,0.5557331653843406
1-0,1-0,0.0,0.44964151205618197,0.5100555311233704
0-1,1-0,0.0,0.43629586510676954,0.5555195726156015
0-1,1-0,0.0,0.4936405804728521,0.49579544453013247
1-0,1-0,0.0,0.44344188426773407,0.49154958236351315
1-0,0-1,0.0,0.49965637378316935,0.49137027178170406
0-1,0-1,0.0,0.525713989156249,0.4564972468370181
1-0,1-0,0.0,0.4708781172987473,0.5136340520542151
1-0,1-0,0.0,0.4642169658429711,0.5258175400236133
1-0,1-0,0.0,0.4684727925511313,0.5087984727354355
1-0,1-0,0.0,0.44185724068455934,0.5070742111300036
1-0,1-0,0.0,0.46362844104278195,0.5292917282404953
0-1,0-1,0.0,0.4935833820181744,0.4756498672195462
1-0,1-0,0.0,0.4772617030466175,0.4839954319378499
0-1,0-1,0.0,0.5358012756702155,0.4516470746544725
1-0,1-0,0.0,0.48874621668421286,0.5026373051060194
1-0,1-0,0.0,0.4526317302303606,0.4951283356380264
0-1,0-1,0.0,0.48697979887266696,0.4860743525604056
1-0,1-0,0.0,0.012965120596897398,0.9870337099768234
1-0,1-0,0.0,0.480498299442944,0.49374230537677083
1-0,1-0,0.0,0.4825585246454587,0.5055698618848393
1-0,1-0,0.0,0.4776163103798605,0.4903888898543737
1-0,1-0,0.0,0.47749349361068627,0.5010040351586937
0-1,0-1,0.0,0.48724834610912715,0.4761597046030073
1-0,0-1,0.0,0.5133683310788463,0.4742219120125181
1-0,1-0,0.0,0.3735637053926395,0.6186826852267567
0-1,1-0,0.0,0.4830307135859132,0.5050441478962633
0-1,1-0,0.0,0.39259171025789696,0.6071774081821487
0-1,0-1,0.0,0.5209978976774668,0.4727547557401718
1-0,1-0,0.0,0.31745382053721743,0.614464482764052
0-1,0-1,0.0,0.5358958887656675,0.4493806505789896
1-0,1-0,0.0,0.44959197248706473,0.5430869524933796
1-0,1-0,0.0,0.45851335654972214,0.5092994000722562
0-1,1-0,0.0,0.038994112089926536,0.9609553715630841
1-0,0-1,0.0,0.5476709988369153,0.43476634823660687
0-1,1-0,0.0,0.46888819299707657,0.5040575393354918
0-1,1-0,0.0,0.45440767326208914,0.5335072885101939
1-0,1-0,0.0,0.39589284513853557,0.5969487599504862
0-1,1-0,0.0,0.48319617197851605,0.4991206633542505
0-1,1-0,0.0,0.4293852004061744,0.5496981951994812
1/2-1/2,0-1,0.0,0.42849013126246455,0.4253618982625514
0-1,0-1,0.0,0.5073252597017879,0.4838479420952817
0-1,0-1,0.0,0.5427119667112428,0.4411839632994785
0-1,0-1,0.0,0.5237235523434657,0.46944455962890547
0-1,1-0,0.0,0.48657802554139534,0.5059936403983197
0-1,0-1,0.0,0.4868297731888996,0.42678176356987435
1-0,1-0,0.0,0.47932338693338267,0.5049667021117977
0-1,0-1,0.0,0.49197693516078755,0.46495326458730674
1-0,1-0,0.0,0.44372209479446084,0.48221633790796165
1-0,0-1,0.0,0.47346378303154896,0.47081346125148477
1-0,1-0,0.0,0.4288825761253956,0.5649985678306894
1-0,1-0,0.0,0.34824207077309555,0.39331803993399034
1-0,0-1,0.0,0.4143445280528099,0.3690598976611754
0-1,1-0,0.0,0.4889321981717455,0.5046604734755259
0-1,1-0,0.0,0.4719565648493823,0.5196929464538419
0-1,0-1,0.0,0.4804085048769612,0.4795405527013803
1-0,1-0,0.0,0.4649442433612434,0.512154879848332
1-0,0-1,0.0,0.4807784321593276,0.4537069294686645
0-1,1-0,0.0,0.481737100229695,0.5026858879667974
1-0,1-0,0.0,0.4753421746360812,0.5104562057968187
0-1,0-1,0.0,0.5157754212774588,0.4719965521803762
1-0,0-1,0.0,0.4799861965187706,0.4699983029177163
0-1,0-1,0.0,0.539397558170293,0.44552054332511176
1-0,1-0,0.0,0.4704549477501626,0.5059971121386038
0-1,0-1,0.0,0.5004126305674037,0.4913594555688274
0-1,1-0,0.0,0.44211732913882357,0.45383672051386725
0-1,1/2-1/2,0.0,0.2788647363024893,0.3313724405980786
0-1,1-0,0.0,0.46082438487216154,0.49378926852073873
1-0,0-1,0.0,0.5068242558549381,0.47687038348928934
0-1,0-1,0.0,0.47985323142965197,0.42352298298406127
0-1,1-0,0.0,0.4768872813866214,0.5170923092765971
1-0,0-1,0.0,0.49742078328483025,0.48193616363725406
1-0,0-1,0.0,0.4902323613378518,0.4901488317456764
0-1,0-1,0.0,0.49216177647439724,0.47390235684498444
1-0,0-1,0.0,0.4812502107546342,0.46416269570096685
0-1,0-1,0.0,0.5027116963587037,0.48720530189277683
0-1,1-0,0.0,0.41944297654762747,0.5697544662786642
1-0,0-1,0.0,0.5131172507717608,0.47046040935672634
0-1,1-0,0.0,0.42847425546849277,0.5517497529616542
1-0,1-0,0.0,0.459648465235432,0.5306480694792133
1-0,0-1,0.0,0.4854914269530022,0.4654639433120194
0-1,1-0,0.0,0.37128543465489316,0.6076318465114688
1-0,1-0,0.0,0.4635313787973455,0.5264426957596465
0-1,1-0,0.0,0.45865919387836535,0.532873733367899
0-1,0-1,0.0,0.49716576460942635,0.42703164068341004
0-1,0-1,0.0,0.5311937610033763,0.45580552708123245
0-1,0-1,0.0,0.535556650889795,0.4525448246838311
1-0,1-0,0.0,0.4735428710193298,0.5080869532180493
0-1,1-0,0.0,0.4858416130002692,0.49700440129647244
1-0,1-0,0.0,0.49396067529809373,0.4944419872883505
0-1,1-0,0.0,0.41826456940265416,0.5268920945867898
0-1,1-0,0.0,0.46854706979114147,0.5116826577649386
1-0,0-1,0.0,0.49718613148460733,0.45494770707611887
1-0,1-0,0.0,0.48909043952480746,0.4908506948248474
1-0,0-1,0.0,0.45903982394330267,0.42812794303077356
1-0,0-1,0.0,0.4726657534667315,0.45820569478043355
0-1,0-1,0.0,0.5148747663782742,0.45257335950701627
1-0,0-1,0.0,0.5095039009952393,0.4746145107647705
0-1,1-0,0.0,0.4645194484605965,0.5243367312563467
1/2-1/2,0-1,0.0,0.5344544503598062,0.4313265499124477
1-0,1-0,0.0,0.4610969503896685,0.5191647550901625
0-1,0-1,0.0,0.5129066678299288,0.47980849678734044
0-1,1-0,0.0,0.4845850413593829,0.5097461869789932
1-0,1-0,0.0,0.30202959268041385,0.5538674951758018
0-1,0-1,0.0,0.500080509211087,0.49282133779596415
1-0,1-0,0.0,0.4328762709688967,0.5127314259071
1-0,1-0,0.0,0.4131693235070394,0.544696536529098
1-0,1-0,0.0,0.47081883832470206,0.5145987180703354
0-1,0-1,0.0,0.47905131517235855,0.47538129018011477
0-1,1-0,0.0,0.46428974382452576,0.49103638241678144
0-1,0-1,0.0,0.5270129325086571,0.46754897552848845
0-1,0-1,0.0,0.41883643925546854,0.3907721153107057
1-0,1-0,0.0,0.442119085358137,0.5521251551121386
1-0,0-1,0.0,0.43825411027251954,0.41567474851149594
1-0,0-1,0.0,0.44198344406778434,0.43994641565348613
1-0,1-0,0.0,0.23389639301375528,0.39840622756642347
1-0,0-1,0.0,0.4001622980053646,0.3898774220414075
0-1,1-0,0.0,0.4400657372764862,0.5543944196526938
1-0,1-0,0.0,0.46817712985370113,0.5057687883493065
0-1,1-0,0.0,0.4894447638359058,0.5044989049144926
1-0,0-1,0.0,0.49076970559449645,0.4616118001230529
1-0,1-0,0.0,0.47647841027744775,0.5171421930217834
1-0,0-1,0.0,0.5188677606446068,0.46957069176830724
1-0,1-0,0.0,0.47966157736348225,0.5098001189517479
1-0,0-1,0.0,0.5456418669706349,0.448116202355636
1-0,1-0,0.0,0.4418922349320259,0.5450206231465297
1-0,1-0,0.0,0.13720112843045437,0.8620090973945347
1-0,1-0,0.0,0.299273853846608,0.6956248028281855
0-1,1/2-1/2,0.0,0.007451151305783177,0.008871740776091461
0-1,0-1,0.0,0.40985789380089366,0.3688593384084788
1/2-1/2,1-0,0.0,0.45002997901463476,0.5449745287395589
0-1,1-0,0.0,0.48604313592927006,0.4986023920075463
0-1,0-1,0.0,0.4962765614637599,0.490413835266751
0-1,1-0,0.0,0.4664608013610619,0.5256998354420102
1/2-1/2,0-1,0.0,0.5142209670490452,0.44563259656252713
1-0,1-0,0.0,0.02618986867802646,0.973693827424735
0-1,0-1,0.0,0.5674216456511736,0.42363906721903066
0-1,1-0,0.0,0.438499965724182,0.5487954956326855
0-1,1-0,0.0,0.4918252242193409,0.4969402607015354
0-1,0-1,0.0,0.506438897052171,0.4843127163509423
0-1,1-0,0.0,0.4798291138770142,0.5120748715156879
1-0,1-0,0.0,0.4673928549037462,0.5234234726853467
0-1,0-1,0.0,0.5087622651259852,0.4678056047657557
1-0,1-0,0.0,0.49245821882835417,0.49959124218002054
1/2-1/2,1-0,0.0,0.43335329072238693,0.4408802045783303
0-1,0-1,0.0,0.4980524625845068,0.4955904973735393
1-0,0-1,0.0,0.4958175223247671,0.49197079575352876
1-0,0-1,0.0,0.45633418595727515,0.4524739113465752
1-0,1-0,0.0,0.45948181449547304,0.5324667511356904
0-1,1-0,0.0,0.4155114314315329,0.5755492212263428
1-0,1-0,0.0,0.48824511965320183,0.49752061401659503
1-0,1-0,0.0,0.4894317141685749,0.49738110594160867
0-1,0-1,0.0,0.4869082611415465,0.48344108343873604
1-0,1-0,0.0,0.4750756521919066,0.5179954695153324
0-1,0-1,0.0,0.5009714290752056,0.4906963009603679
0-1,0-1,0.0,0.5115010686529453,0.46638853018979787
0-1,0-1,0.0,0.5104256263841821,0.4768205545164775
1-0,1-0,0.0,0.47240190709846464,0.5063879983067682
1-0,0-1,0.0,0.49838582656234043,0.49380759610182656
0-1,0-1,0.0,0.368987686488664,0.35325653649476496
1-0,1-0,0.0,0.4895506491583949,0.5023047793736221
0-1,1-0,0.0,0.37120611311813817,0.383623501323915
0-1,1-0,0.0,0.431441032250943,0.5594249323415756
1-0,1-0,0.0,0.48383777124620303,0.5053321616856187
0-1,1-0,0.0,0.31451885502884236,0.5678190214130259
1-0,0-1,0.0,0.5395943853687725,0.4517755762689898
1/2-1/2,1/2-1/2,0.0,0.27025748431481483,0.22907634392872803
1-0,1-0,0.0,0.48606044569147017,0.5009634263789231
1-0,1-0,0.0,0.45825065278670424,0.5086848077645445
0-1,0-1,0.0,0.5177335508510741,0.4658213599396533
0-1,0-1,0.0,0.5055343992703198,0.46969456650982244
0-1,0-1,0.0,0.40354862149812865,0.35107256029549244
1-0,1-0,0.0,0.37492345584858927,0.5957900067252347
0-1,0-1,0.0,0.5573115567761641,0.4370043332181029
0-1,0-1,0.0,0.5029204414781605,0.4620449049864176
0-1,0-1,0.0,0.49810138071273197,0.48012270063368606
1-0,1-0,0.0,0.4752588270468751,0.505561142837634
0-1,1-0,0.0,0.4613637959243391,0.5324431189071612
1-0,0-1,0.0,0.4882352375462777,0.4528956774561488
1-0,0-1,0.0,0.49860760103613444,0.49365420986354075
1-0,0-1,0.0,0.4951223805220596,0.48711251766744934
0-1,0-1,0.0,0.5238712540610401,0.45838096204677603
0-1,1-0,0.0,0.4580248360875248,0.5256052326455238
1-0,1-0,0.0,0.46013356156861107,0.5283462684327721
1-0,1-0,0.0,0.4753619482649178,0.4878613437252039
1-0,1/2-1/2,0.0,0.13876141179508814,0.12244088383757187
0-1,0-1,0.0,0.5035231575872855,0.48943954615449803
1-0,1-0,0.0,0.44096781706094923,0.4525198326282311
0-1,1-0,0.0,0.46561485428256344,0.47289312273008466
1/2-1/2,0-1,0.0,0.4886729560021663,0.42577503972135683
0-1,0-1,0.0,0.47163472737282686,0.46321710807605154
0-1,0-1,0.0,0.49863565526214626,0.49046460106452744
1-0,1-0,0.0,0.4029656644750034,0.4553378709738198
1-0,1-0,0.0,0.4904723277666655,0.5028966762543812
1-0,1-0,0.0,0.11357680756763394,0.8489570019359199
0-1,0-1,0.0,0.49835330334350125,0.4391774834645912
0-1,1-0,0.0,0.47630260611294667,0.514709189372512
0-1,0-1,0.0,0.4954084729137213,0.4918942938724467
0-1,0-1,0.0,0.5343900541844198,0.4530849160248779
0-1,0-1,0.0,0.49387096876560027,0.4783026287382622
0-1,0-1,0.0,0.5019052548962455,0.4695325927001487
1-0,1-0,0.0,0.4862915950312768,0.5080042860094
1-0,0-1,0.0,0.5076461538348563,0.4840549751950308
0-1,1-0,0.0,0.4859604826014481,0.5052241248521819
1-0,0-1,0.0,0.5282496146344106,0.45465586605971897
1-0,1-0,0.0,0.46823079595715833,0.4835706693972868
0-1,0-1,0.0,0.4951595908343711,0.4932851538141293
0-1,0-1,0.0,0.4844030177951721,0.46545206059967786
0-1,0-1,0.0,0.5156584532342426,0.43304131062890233
0-1,0-1,0.0,0.4959550389886016,0.4657587164858893
0-1,1-0,0.0,0.48420036455202436,0.5100224814764879
0-1,1-0,0.0,0.46355307166247617,0.5239436040748361
1-0,1-0,0.0,0.48514884898754007,0.5044504728721333
1-0,0-1,0.0,0.5294760015045855,0.4322318499784411
1-0,1-0,0.0,0.43527614964599437,0.54862539619138
0-1,1-0,0.0,0.488411683711352,0.5047442807538361
0-1,0-1,0.0,0.4393308813446848,0.42122256108341216
0-1,1-0,0.0,0.4680047322393904,0.5099274271048515
1-0,1-0,0.0,0.45713066070027764,0.5365966684538384
1-0,1-0,0.0,0.032265953849234114,0.9677057731471498
1-0,0-1,0.0,0.4354408520348901,0.42933926905922193
1-0,1-0,0.0,0.48475323297687806,0.5051107649203032
1-0,0-1,0.0,0.48547244685159086,0.4209997061136515
0-1,1/2-1/2,0.0,0.19796175404914307,0.218168343807758
0-1,0-1,0.0,0.5581305337356534,0.43654404525439067
0-1,1-0,0.0,0.4815032546063696,0.4940866146688876
1-0,0-1,0.0,0.542748425724611,0.44791558801632186
0-1,0-1,0.0,0.3803463618613931,0.33459089809549236
0-1,0-1,0.0,0.431389581741642,0.3983565708677666
1-0,1-0,0.0,0.48588803042763434,0.500359503160584
1-0,1-0,0.0,0.4800003672539437,0.5146816377074829
1-0,0-1,0.0,0.41859199021057086,0.4019473226892311
0-1,0-1,0.0,0.5086860860313333,0.47567979567329005
1-0,1-0,0.0,0.47745656063711,0.5134731816363961
1-0,0-1,0.0,0.480803437776094,0.4308896341087143
0-1,1-0,0.0,0.477698376676918,0.498938294370261
1-0,1-0,0.0,0.4152231765440652,0.550716625807983
0-1,1-0,0.0,0.4909325015692361,0.49731021810375586
1-0,1-0,0.0,0.4054633931194312,0.5890539913512933
1/2-1/2,1-0,0.0,0.4287429353685472,0.4572509771850099
1-0,0-1,0.0,0.44558213684261294,0.4148802870870588
0-1,1-0,0.0,0.48210999523859804,0.5071693404072235
0-1,0-1,0.0,0.5084702947704544,0.4791339611571916
1-0,1/2-1/2,0.0,0.24454876778593823,0.29306299582952905
1-0,1-0,0.0,0.4506160164069546,0.542762853832399
0-1,0-1,0.0,0.4417663568849026,0.40030157942783323
0-1,1-0,0.0,0.4762262086279047,0.5162957941211278
0-1,1-0,0.0,0.3412101506277716,0.49901678541887395
0-1,0-1,0.0,0.5389586891711161,0.4523331847059744
1-0,0-1,0.0,0.49484263275518126,0.49288108921886464
0-1,0-1,0.0,0.49649767770465164,0.4811820542121322
0-1,0-1,0.0,0.4928650480622546,0.4604015581201588
1-0,0-1,0.0,0.5063607124730576,0.48507134820902537
1-0,1-0,0.0,0.45573919785022615,0.4950483332128429
0-1,1-0,0.0,0.47701913820135916,0.5170069806987816
1-0,1-0,0.0,0.3492872127261778,0.6288061241397819
1-0,1-0,0.0,0.4914854283481565,0.4965069957100531
0-1,0-1,0.0,0.45556702189017884,0.4442754302425209
0-1,0-1,0.0,0.5325208946099156,0.4620396667750529
0-1,1-0,0.0,0.3857892702636764,0.5766282892010882
1-0,1/2-1/2,0.0,0.15918272114034984,0.21095525131566598
1-0,0-1,0.0,0.5241674237825324,0.46491315656130255
1-0,0-1,0.0,0.5422107839144702,0.42812898916681447
0-1,0-1,0.0,0.5032089010472365,0.4760925987445124
0-1,0-1,0.0,0.5326859163763692,0.4469692306700811
0-1,0-1,0.0,0.49291751806593936,0.48796549140280776
0-1,1-0,0.0,0.45845388364497025,0.534289991582506
1-0,0-1,0.0,0.4610636906938787,0.4224861329843352
1-0,0-1,0.0,0.49323518452054554,0.49039120687141824
0-1,0-1,0.0,0.562593298820594,0.4269060915037985
0-1,0-1,0.0,0.5144613898121754,0.4751540794509663
1-0,1-0,0.0,0.4371381668158638,0.5429403868495336
1-0,0-1,0.0,0.5101319678859995,0.47285790431917596
0-1,0-1,0.0,0.4529119515212247,0.4358160552347807
0-1,1-0,0.0,0.40240873307698827,0.49187634521284757
1-0,1-0,0.0,0.4180397473875991,0.5577150121290055
1-0,0-1,0.0,0.549037020747551,0.4441044153314701
0-1,0-1,0.0,0.45867523319710085,0.42657123455374196
0-1,0-1,0.0,0.4162973379415569,0.4100635717313846
0-1,0-1,0.0,0.5037830489072386,0.4933544751200849
0-1,0-1,0.0,0.5294735970120775,0.44841328735436625
0-1,1-0,0.0,0.47905600030034456,0.4821307804030266
1-0,1-0,0.0,0.4562343321193821,0.48038834731611557
0-1,1-0,0.0,0.48338591830418576,0.48560214278113156
1-0,0-1,0.0,0.5044413167193487,0.4849851779476671
1-0,1-0,0.0,0.23978487193336168,0.6715981845685292
1-0,1-0,0.0,0.472133289223193,0.485869913266456
1-0,0-1,0.0,0.5362012501261947,0.4584163132343262
0-1,0-1,0.0,0.5047033250511475,0.48193949067489356
0-1,0-1,0.0,0.501959067742173,0.49057153285159893
1-0,0-1,0.0,0.5121314912997358,0.4683539596222383
0-1,0-1,0.0,0.489423041575503,0.4845703393138813
0-1,0-1,0.0,0.40993753203998107,0.3578708804675357
1-0,1-0,0.0,0.4788124402778822,0.5090913942366588
0-1,1-0,0.0,0.48526429450372544,0.5007872895656854
1-0,0-1,0.0,0.544780463419715,0.4027900184501801
1-0,1-0,0.0,0.44761033928958116,0.4608942155695712
1-0,1-0,0.0,0.48366987168243314,0.5013362450904072
0-1,0-1,0.0,0.5485510529773003,0.44074584524806854
0-1,1-0,0.0,0.3585348736514505,0.641346937780075
0-1,0-1,0.0,0.3805485916461862,0.3320879865927346
1/2-1/2,0-1,0.0,0.45997371418223404,0.4339511215094284
0-1,1-0,0.0,0.47998939934474427,0.5131281034473327
0-1,1-0,0.0,0.47250237774998316,0.5032692872253143
0-1,0-1,0.0,0.4983034028448245,0.493921921545939
0-1,1-0,0.0,0.3107702898928924,0.6860530981935055
0-1,0-1,0.0,0.559057353864074,0.4298576892922022
1-0,0-1,0.0,0.4855764620104677,0.4826362500158305
0-1,0-1,0.0,0.5618529276511054,0.43379369792072814
0-1,1-0,0.0,0.47198686106343346,0.4975286722565355
1-0,0-1,0.0,0.49935681971444623,0.47343634185819183
1-0,0-1,0.0,0.454839712899794,0.41805123515106135
1-0,1-0,0.0,0.48657892519491014,0.4920944907176171
0-1,0-1,0.0,0.5462715055835424,0.43654210320469317
0-1,0-1,0.0,0.4942650514951141,0.45325683008175305
1-0,1-0,0.0,0.4424810293645812,0.52100191851732
0-1,1-0,0.0,0.4698057727744791,0.5246156991760164
1/2-1/2,1-0,0.0,0.41102358767715147,0.4337948809114416
0-1,1/2-1/2,0.0,0.14283456785719584,0.12157751666155621
0-1,1-0,0.0,0.4988950861241457,0.5003937971848098
1/2-1/2,0-1,0.0,0.5023683120842067,0.4785821857107652
0-1,1-0,0.0,0.4808789166838375,0.49219681417793126
1-0,1-0,0.0,0.4762273734463021,0.4834699564082214
0-1,1-0,0.0,0.46338192209510143,0.5089594968218853
0-1,1-0,0.0,0.44752785166874737,0.5450699106353298
1-0,1/2-1/2,0.0,0.24202810064907068,0.29826807194885196
0-1,0-1,0.0,0.5259951365282417,0.46549966975389084
0-1,1/2-1/2,0.0,0.3494785681080461,0.27732453241721705
0-1,1-0,0.0,0.4636341567200169,0.5250613796433364
0-1,0-1,0.0,0.5010244943779245,0.48217040587302745
1-0,0-1,0.0,0.4961583635480104,0.48563622652447824
1-0,1-0,0.0,0.42641327821546215,0.4292935051695846
0-1,1/2-1/2,0.0,0.21625038669931865,0.3295405166318895
1-0,1/2-1/2,0.0,0.14910170626619815,0.11422558059331785
0-1,0-1,0.0,0.5074239920252613,0.4585231115815699
1-0,1-0,0.0,0.45982697401997463,0.5299288791087668
0-1,0-1,0.0,0.5129778074075289,0.4782386957299902
0-1,0-1,0.0,0.4893164661893496,0.48670178561766236
1-0,1-0,0.0,0.4846992127577657,0.5085348247944008
0-1,1-0,0.0,0.4755998010739589,0.5157458755890089
1-0,0-1,0.0,0.3648832096076429,0.33373491704991415
1-0,0-1,0.0,0.5029405178950305,0.4855665021845372
0-1,1-0,0.0,0.49603612197594443,0.4973997584504584
1/2-1/2,0-1,0.0,0.4989552888271257,0.4414463802722178
0-1,0-1,0.0,0.503313895557834,0.4869799251924288
1-0,0-1,0.0,0.5296424914477909,0.46258730299596507
0-1,1-0,0.0,0.47996613346980666,0.5109574354817303
0-1,0-1,0.0,0.5169570198716265,0.46350204090434377
1-0,1-0,0.0,0.4847413842699937,0.5013658517591931
0-1,0-1,0.0,0.516787284754412,0.4776427564719132
1-0,0-1,0.0,0.5065204877359325,0.47684303708973735
0-1,0-1,0.0,0.49379204079139016,0.4895776139342124
0-1,0-1,0.0,0.5286190299212252,0.45855761638468495
1-0,1-0,0.0,0.4791465612900566,0.4867732715187719
1-0,1-0,0.0,0.45746428205197387,0.5346568928073976
1-0,1-0,0.0,0.4937526681357286,0.5004019108215694
0-1,1-0,0.0,0.48555899948830544,0.4919837478592495
1-0,0-1,0.0,0.5141047003449217,0.47629163927542284
1-0,1-0,0.0,0.45804853256173816,0.5325307588076531
0-1,0-1,0.0,0.49850274390766985,0.45751583272706825
1-0,1-0,0.0,0.47788007330144056,0.5076427052974101
0-1,1-0,0.0,0.4696336399776776,0.48621532672289025
1-0,1-0,0.0,0.4752330908471869,0.48279064579645337
1-0,0-1,0.0,0.38586812846316837,0.35172469776343973
1-0,1-0,0.0,0.4826565998939907,0.5051422844902055
1-0,0-1,0.0,0.5129992463930987,0.4380759003084746
1-0,1-0,0.0,0.4442975335275001,0.4829293422620443
1-0,1-0,0.0,0.4478197258475312,0.5146928611064112
0-1,1-0,0.0,0.304625968167667,0.5698047945597962
0-1,1-0,0.0,0.4638539209438173,0.5247125797038692
1-0,0-1,0.0,0.5010210466230173,0.4873667249659737
0-1,0-1,0.0,0.4937759972762248,0.4320390718398065
1/2-1/2,1/2-1/2,0.0,0.3307940895124205,0.29114661315526474
1-0,0-1,0.0,0.5107291251040875,0.4811617729283108
1-0,1-0,0.0,0.4639924018663654,0.5097086000117865
0-1,1-0,0.0,0.48001367608893597,0.5072455418061276
1-0,1-0,0.0,0.4710637682988441,0.5115715018183813
0-1,0-1,0.0,0.5035444086077613,0.4948234874666651
0-1,0-1,0.0,0.5066946513261981,0.4831075983425325
1-0,0-1,0.0,0.5270049001096955,0.46608076877601207
0-1,1-0,0.0,0.4753740993340775,0.5164052894630418
1-0,0-1,0.0,0.5054788393136004,0.48636653529415497
1-0,1-0,0.0,0.49321307831995204,0.4965000147367734
0-1,0-1,0.0,0.48916325276231987,0.47992013205133355
0-1,0-1,0.0,0.4861595484387967,0.45816109299963975
1-0,0-1,0.0,0.5069253419616324,0.4780084810306612
1-0,1-0,0.0,0.46723596437343606,0.5022597203328052
1-0,0-1,0.0,0.38056099361690243,0.34291293209989687
0-1,1-0,0.0,0.4129934758003605,0.5824646383529397
1-0,0-1,0.0,0.5530822634735785,0.44037250275329604
1-0,1-0,0.0,0.46347235520369956,0.5300569940789398
0-1,1-0,0.0,0.45332059798119545,0.5395489695848802
0-1,0-1,0.0,0.540586289244476,0.4389275547295839
1-0,1-0,0.0,0.4954324135800391,0.49785349554629926
0-1,1-0,0.0,0.49011711849791456,0.4982955830271241
0-1,1-0,0.0,0.46975482799200136,0.5222991198559859
0-1,0-1,0.0,0.5041720585615813,0.48301679801002273
0-1,1-0,0.0,0.4020838301193022,0.4368546486551556
1-0,1-0,0.0,0.35509298475485757,0.6404182349219691
1-0,1-0,0.0,0.29517570614998156,0.5755618577115402
1-0,0-1,0.0,0.5076287379211745,0.48887720534013956
0-1,1-0,0.0,0.4632381027075209,0.520672615341788
0-1,1-0,0.0,0.48239211752745326,0.5082070615715024
0-1,1-0,0.0,0.49698278718701805,0.49724310821417333
1-0,0-1,0.0,0.5452073665906457,0.4494282719460962
0-1,1-0,0.0,0.43623402679132145,0.5318790326647329
0-1,1-0,0.0,0.49447336470219977,0.4970019157743908
1-0,1-0,0.0,0.48535302743850833,0.4962845775361092
1-0,1-0,0.0,0.4948131365054328,0.4951777301840885
0-1,1-0,0.0,0.4433856411663047,0.5326518719934871
0-1,0-1,0.0,0.48736713890200634,0.4449138108297938
1-0,1/2-1/2,0.0,0.012619718543429572,0.011725844743650305
0-1,1-0,0.0,0.49390184606831206,0.49976107692488797
0-1,1-0,0.0,0.4852092247812993,0.5031548565538172
0-1,0-1,0.0,0.4738430689809958,0.3971016262483952
0-1,1-0,0.0,0.48832502817985834,0.4969365895341072
0-1,1-0,0.0,0.4427266122512903,0.4880754386837317
0-1,1-0,0.0,0.4620521812800793,0.5247684793893753
1-0,1/2-1/2,0.0,0.2944628757072365,0.264720393659767
1-0,0-1,0.0,0.5137835811773013,0.4802944609048336
1-0,1-0,0.0,0.46549721705380875,0.5292676758262677
0-1,1-0,0.0,0.4804970256691655,0.4870990961466052
1/2-1/2,1-0,0.0,0.3906239608692189,0.6040688787171445
1-0,1-0,0.0,0.4183200453275351,0.575365375277883
1-0,1-0,0.0,0.41488957484137484,0.5402898576189985
1-0,1-0,0.0,0.47296863192755345,0.517064530667583
1-0,1-0,0.0,0.47428971524365493,0.5076903585160086
0-1,0-1,0.0,0.4904713393935547,0.4776375809018363
1/2-1/2,1/2-1/2,0.0,0.2206894423595654,0.21837650481607837
1-0,0-1,0.0,0.4852368572998379,0.47601990442135783
1-0,0-1,0.0,0.4853472754810036,0.47497020729806144
0-1,0-1,0.0,0.4964969662624838,0.49580102521078173
1-0,0-1,0.0,0.3921958174645005,0.37218029785597856
1-0,0-1,0.0,0.5051502612343434,0.48231120284193346
1-0,1-0,0.0,0.15446933663379525,0.8424365936326886
0-1,0-1,0.0,0.53381238943472,0.4596871448099938
1-0,1-0,0.0,0.4412829199069605,0.5236900322041632
1/2-1/2,0-1,0.0,0.4960903353360272,0.43947805683622043
1-0,1-0,0.0,0.48474996331976805,0.4936790839185152
0-1,1-0,0.0,0.4894017478788468,0.4928118380489055
1-0,1-0,0.0,0.4459865276815503,0.5474724590208371
0-1,1-0,0.0,0.4790134395978402,0.511931725317583
1-0,1-0,0.0,0.48337968100298184,0.5108545340444375
1-0,0-1,0.0,0.5134215220009087,0.4780666539594148
0-1,0-1,0.0,0.4735974252569896,0.46893402316475163
0-1,0-1,0.0,0.4664916336336546,0.3811041058089328
1-0,0-1,0.0,0.5477342758350737,0.4458160578023794
0-1,1-0,0.0,0.4877309794482174,0.4992909694446779
1-0,1-0,0.0,0.006936812721967399,0.9930629479154193
1-0,1-0,0.0,0.4512370962351988,0.5135423247505853
0-1,1-0,0.0,0.4636528856142462,0.519289477621083
1-0,1-0,0.0,0.46432173424599477,0.5194686255876317
1-0,1-0,0.0,0.48330050238302436,0.5058063167733416
1-0,0-1,0.0,0.49513965353806394,0.4935559801563647
1-0,1-0,0.0,0.43988343830486776,0.5434498062865238
1-0,0-1,0.0,0.5068046366110365,0.48300234168557826
1-0,1-0,0.0,0.4185815350599671,0.4694140697440785
1-0,1-0,0.0,0.4777911747460741,0.5081161451934849
1-0,0-1,0.0,0.4939212719430185,0.4908298621826168
0-1,1-0,0.0,0.45714469421299475,0.5297747924394426
1-0,1-0,0.0,0.48284987293656956,0.49553177433819956
1-0,0-1,0.0,0.5133325031367683,0.4781360694895418
1-0,0-1,0.0,0.5182514876463846,0.4682431052015076
1-0,0-1,0.0,0.5393310523674841,0.4539556339116414
1-0,0-1,0.0,0.561554426925735,0.4324346387460155
0-1,0-1,0.0,0.491758278115663,0.36813813391005495
1/2-1/2,1-0,0.0,0.36720886272400666,0.4381227337874953
1-0,1/2-1/2,0.0,0.26640983235730614,0.23717247855019677
1-0,0-1,0.0,0.5403970812118795,0.4439808596588959
0-1,0-1,0.0,0.5012265660899219,0.4779736443255997
1-0,1-0,0.0,0.33839969754603577,0.42684994706981555
1-0,0-1,0.0,0.4065662334149969,0.36916296650694486
0-1,0-1,0.0,0.49923486258281763,0.48621849594319916
0-1,1-0,0.0,0.39880924982235716,0.5953336062882665
0-1,1-0,0.0,0.4807589207606035,0.5001637580356225
1-0,1-0,0.0,0.4367977342119637,0.5248909790549968
1-0,1-0,0.0,0.4819610976710507,0.510943874113174
1-0,0-1,0.0,0.49949351659057717,0.48967194728316915
0-1,0-1,0.0,0.49376443275345216,0.4935379094444957
0-1,0-1,0.0,0.513421668863097,0.4741839575252958
1-0,0-1,0.0,0.500863970623036,0.49172958441143044
1-0,0-1,0.0,0.4989299535174022,0.48742386397648174
1/2-1/2,1/2-1/2,0.0,0.31674339549280633,0.27788469565362867
1-0,1-0,0.0,0.4793094862815484,0.4987280985697445
0-1,0-1,0.0,0.48241838082611804,0.44223003248831955
0-1,0-1,0.0,0.45386902594085143,0.3750355640317007
1-0,1-0,0.0,0.4869085113522345,0.4889258621579771
0-1,0-1,0.0,0.46501387636123,0.40629726483992323
1-0,1-0,0.0,0.4900612369724329,0.5014438029058548
1-0,1-0,0.0,0.4749147291456555,0.4836581072784288
0-1,0-1,0.0,0.4995944889004905,0.49146511051356967
0-1,1-0,0.0,0.45992165038083876,0.5279140875782182
1-0,1-0,0.0,0.423874553357471,0.571003546614623
0-1,0-1,0.0,0.5167502603562409,0.4745999806040258
0-1,1-0,0.0,0.43047668789155813,0.5524355112770504
1-0,0-1,0.0,0.5291735580005081,0.46053093674239376
0-1,1-0,0.0,0.462311391529084,0.5258144812955532
0-1,1-0,0.0,0.48023745747588276,0.48923731762534794
1/2-1/2,0-1,0.0,0.5284979842362704,0.41419759753742086
0-1,1-0,0.0,0.4683687919779428,0.5108645399043187
1-0,1-0,0.0,0.4375096555965466,0.4963249293790518
0-1,0-1,0.0,0.5140411868622194,0.40349868175845344
1-0,0-1,0.0,0.5238186192019757,0.43123765139236564
0-1,0-1,0.0,0.523755732786995,0.47347453861260913
1-0,0-1,0.0,0.5321650612317053,0.46334447448502486
0-1,0-1,0.0,0.5277161551489418,0.4419162306057252
1-0,1-0,0.0,0.46285710311268863,0.5066697961732933
1-0,1-0,0.0,0.42245075563804135,0.5710335641224872
1-0,1-0,0.0,0.4683983918682148,0.4919759225681269
0-1,1-0,0.0,0.4615993091407548,0.5263452873054504
0-1,0-1,0.0,0.36379596576610873,0.3585533302381951
0-1,0-1,0.0,0.4848890817621524,0.44085833824550263
0-1,0-1,0.0,0.49095436179146446,0.4639614269128074
1-0,0-1,0.0,0.5044309488108737,0.4723441065307285
0-1,0-1,0.0,0.503430168716207,0.4810237516892382
1-0,0-1,0.0,0.5130538522806745,0.47799857712406774
0-1,1-0,0.0,0.45697039325864985,0.518437203134178
1-0,1-0,0.0,0.48690057467282444,0.5032902249867475
0-1,0-1,0.0,0.49869151357343444,0.47898362929542265
0-1,0-1,0.0,0.5289643255865508,0.4591818205371594
0-1,1-0,0.0,0.3737071024438663,0.5287401830688081
1-0,0-1,0.0,0.49476796317648614,0.4354901375715391
1-0,0-1,0.0,0.4798640708659273,0.45959469462062447
1-0,0-1,0.0,0.3769883834284041,0.3530925169817745
1-0,1-0,0.0,0.46505856347680813,0.5262233667100759
1-0,1-0,0.0,0.47158123141285924,0.5197561036571728
0-1,1/2-1/2,0.0,0.3360689371310755,0.28483840937454613
0-1,0-1,0.0,0.5103512058264102,0.4738667251993199
0-1,1-0,0.0,0.47889927506660657,0.5032017076653883
0-1,0-1,0.0,0.5322326719590779,0.4271327034803735
0-1,1-0,0.0,0.47484883364494823,0.49267155434918974
0-1,0-1,0.0,0.4971814199696627,0.47186762469441784
0-1,1-0,0.0,0.4820031393576759,0.5072586609226771
1/2-1/2,1-0,0.0,0.3759871309628417,0.39300059335375426
1/2-1/2,1-0,0.0,0.4220303845774861,0.50901727389779
1-0,1/2-1/2,0.0,0.2055267584428459,0.21851872452168236
1-0,1-0,0.0,0.4731723073489701,0.52076033285333
1-0,1-0,0.0,0.4748498266390094,0.5099054023239087
1-0,1-0,0.0,0.4146100874400604,0.5807410382917536
0-1,1-0,0.0,0.47111835136909236,0.5234116233186684
0-1,0-1,0.0,0.4786915417998512,0.44225049135253836
1-0,0-1,0.0,0.48774862871219477,0.4868342504254857
0-1,1-0,0.0,0.42539508787476266,0.4532792890230162
0-1,0-1,0.0,0.4913008126046322,0.471996825480411
1-0,0-1,0.0,0.4990004719869336,0.4879327411217793
0-1,1-0,0.0,0.4496737755803501,0.534721386219708
1-0,0-1,0.0,0.5177915296277361,0.46476800287804093
0-1,1-0,0.0,0.19526684387832408,0.8037769269865732
1-0,1-0,0.0,0.4177164869827173,0.5752361761246277
1-0,1-0,0.0,0.42666490637759236,0.5658071683296635
0-1,1-0,0.0,0.43617009975040727,0.45145145122518754
0-1,0-1,0.0,0.5001547138651512,0.4888316738465886
0-1,1-0,0.0,0.477274194817557,0.5067967624276888
1-0,1-0,0.0,0.39463545005505696,0.6009978120574364
0-1,1-0,0.0,0.4828078072320192,0.5157580416387636
1-0,0-1,0.0,0.5241118668437278,0.4567028110410218
1-0,1-0,0.0,0.47088383128794703,0.5079755698835107
0-1,0-1,0.0,0.4567004602085489,0.36655114212450285
1-0,1-0,0.0,0.03345407292845574,0.9665167221856176
0-1,1-0,0.0,0.45686048346770336,0.5232765406444428
1-0,1-0,0.0,0.4393228037948236,0.5338150959995137
1-0,1-0,0.0,0.4074218592568444,0.44894836296555773
1/2-1/2,0-1,0.0,0.5640254673767525,0.42865490751915925
0-1,1-0,0.0,0.4709378270301059,0.5281595032488261
1-0,1-0,0.0,0.30238985640792126,0.6949437720103027
1-0,1-0,0.0,0.2660898287182849,0.7316344266836897
1-0,1-0,0.0,0.16560065824321418,0.8335541613213328
0-1,0-1,0.0,0.5040101330392989,0.4642059087160692
0-1,0-1,0.0,0.5293682067145948,0.459570477349722
1/2-1/2,0-1,0.0,0.513400133912716,0.4659654301781469
1/2-1/2,0-1,0.0,0.4781688290393621,0.46985291477729113
0-1,1-0,0.0,0.40889005561201136,0.5218429670543561
1-0,1-0,0.0,0.44953051539330974,0.5445392482403069
1-0,1-0,0.0,0.4232001158604958,0.5718263841727704
1-0,1-0,0.0,0.4780350551562057,0.5141151513749191
1-0,1-0,0.0,0.48697150832147595,0.4949473387559017
0-1,1/2-1/2,0.0,0.2736684333243568,0.29216426400722334
1-0,1-0,0.0,0.23038727946074927,0.4091085252029314
0-1,1-0,0.0,0.47338500752741247,0.5113456112330934
0-1,0-1,0.0,0.5259938798682893,0.4685234909992555
1/2-1/2,0-1,0.0,0.46986224186240405,0.39882973079857
0-1,1-0,0.0,0.48179106053161985,0.5033044796881823
0-1,1-0,0.0,0.48922948839035924,0.5029457455205681
1-0,0-1,0.0,0.49093913771462466,0.48821292463723687
0-1,0-1,0.0,0.48877760249787633,0.4286219946242583
0-1,1-0,0.0,0.4939651231450037,0.4946133214924724
1-0,0-1,0.0,0.4860333549006524,0.4670369792661285
1-0,1-0,0.0,0.46057038314271564,0.5098328050609456
1-0,1-0,0.0,0.05237909477705242,0.9475477747839425
1/2-1/2,0-1,0.0,0.5271285775341761,0.4432509201960565
1-0,0-1,0.0,0.48884132650194434,0.46775291616731124
0-1,1-0,0.0,0.4441688485309475,0.5487970650725542
1-0,1-0,0.0,0.3389024007593578,0.6539008581501481
1-0,1-0,0.0,0.4328729621939938,0.5583229328714446
0-1,0-1,0.0,0.5081920955950777,0.46933432312750717
1-0,1-0,0.0,0.4811143321309312,0.5084962524374707
0-1,1-0,0.0,0.4404109594791319,0.5510179534552982
1-0,1-0,0.0,0.48826627193857075,0.4967952410485533
0-1,0-1,0.0,0.46327709742456213,0.45150578015527726
0-1,1-0,0.0,0.49290446222289996,0.4946427417940578
0-1,0-1,0.0,0.5522061104787492,0.4441321554634552
1-0,1-0,0.0,0.4518240648362113,0.5180556471712963
1-0,0-1,0.0,0.5164096626797734,0.4783842150765897
0-1,1-0,0.0,0.4830125233347343,0.5107957770221943
0-1,0-1,0.0,0.5023094373989065,0.42591021400851087
1-0,0-1,0.0,0.5236533475633997,0.4707381740887373
1-0,1-0,0.0,0.4685068447695482,0.5148095536960469
1-0,0-1,0.0,0.500610212783422,0.49257970652684907
0-1,0-1,0.0,0.5312555396537793,0.4620880949944375
0-1,1-0,0.0,0.4944446539759309,0.4949584176522393
0-1,0-1,0.0,0.5073376921622618,0.4769344527071928
1/2-1/2,1-0,0.0,0.47418439665479895,0.5129119010360471
0-1,1-0,0.0,0.4886700205620655,0.4980424492862463
1-0,1-0,0.0,0.49314203710173016,0.49596491830871675
0-1,0-1,0.0,0.5033630820545318,0.48312425492038924
1-0,1-0,0.0,0.4596509022088825,0.5332391633779043
1-0,0-1,0.0,0.5139143699741,0.4711795319956294
1-0,1-0,0.0,0.4554929843324101,0.4588603931834283
1-0,0-1,0.0,0.5523822520367762,0.43347039379529206
0-1,1-0,0.0,0.01599341609848615,0.9840065835901974
0-1,1-0,0.0,0.3995914270186397,0.40018253526496816
1-0,0-1,0.0,0.5112298615194868,0.45732929887600077
0-1,1-0,0.0,0.47752898328031007,0.513366097057893
1-0,0-1,0.0,0.5048946557574585,0.4805305175696222
1-0,0-1,0.0,0.47308536397286105,0.43644832891695945
1-0,1-0,0.0,0.4285965050192843,0.5644427002401019
0-1,1/2-1/2,0.0,0.21639286067848662,0.1647582663749986
1-0,1-0,0.0,0.42281829205113775,0.5160455874743738
1-0,1-0,0.0,0.2224243596172222,0.773426952968085
0-1,1-0,0.0,0.393987928421963,0.5900432958250527
1-0,1-0,0.0,0.48788076829377436,0.5012396087719535
1-0,1-0,0.0,0.49454786286445584,0.4983067003925036
0-1,1-0,0.0,0.4917680372423166,0.5024205924558067
0-1,0-1,0.0,0.4816414400347085,0.4637756962472622
0-1,0-1,0.0,0.5105347497271837,0.47272228534582716
1-0,0-1,0.0,0.4610407205960071,0.43619765670255234
0-1,1-0,0.0,0.45890893704356867,0.5343242327409036
1/2-1/2,1-0,0.0,0.3526493295542517,0.3922855436599534
0-1,0-1,0.0,0.4786939489035072,0.4495056602797466
0-1,0-1,0.0,0.5324560975724939,0.42001524272409396
1-0,0-1,0.0,0.5452482746117284,0.41090156576102027
1-0,0-1,0.0,0.5364035252217735,0.4553821495533225
1-0,0-1,0.0,0.49533735006099094,0.495038991605303
0-1,0-1,0.0,0.5022600186728388,0.4824876733099625
1-0,0-1,0.0,0.497732793726904,0.4700603941494675
0-1,0-1,0.0,0.4953516491822613,0.4817038992643378
1-0,1-0,0.0,0.4761710964023413,0.5168806971114907
1-0,1-0,0.0,0.47983305225841577,0.5015039996103087
0-1,1/2-1/2,0.0,0.06894559625870175,0.06321459275955038
0-1,1-0,0.0,0.423157973130736,0.5537305814342686
1-0,0-1,0.0,0.510773829959063,0.4794931849012496
1-0,1-0,0.0,0.41212458407385416,0.5730019827368315
1/2-1/2,0-1,0.0,0.46393833061881024,0.40628955406164075
1-0,0-1,0.0,0.48499270457018095,0.4812884225151464
1-0,1-0,0.0,0.485284471896836,0.5081873348442923
0-1,1-0,0.0,0.4509490029252364,0.5390998126545566
0-1,1-0,0.0,0.48681094489353466,0.5074379229214288
0-1,1-0,0.0,0.43778964212903204,0.512398573791962
0-1,1-0,0.0,0.4377025189956876,0.5548979910830674
1-0,1-0,0.0,0.4678819689675837,0.49884770939594325
1-0,1-0,0.0,0.4327663644551386,0.5562479009989771
0-1,0-1,0.0,0.5557477060935315,0.43317552330605186
1-0,1-0,0.0,0.1479900591506168,0.8500144132048533
0-1,0-1,0.0,0.523127306153768,0.4560793054433169
0-1,0-1,0.0,0.5133756863600909,0.4685768874594871
1-0,0-1,0.0,0.5026012966715142,0.48435660590257384
0-1,1-0,0.0,0.48131005873453503,0.5044915492701849
0-1,0-1,0.0,0.5287220820427067,0.4420832367662941
1-0,1-0,0.0,0.24006894588782202,0.7153739354935128
0-1,0-1,0.0,0.49541128313384347,0.4752069491522006
1-0,1-0,0.0,0.46761346822368877,0.509210010789199
0-1,1-0,0.0,0.4770709013113254,0.5125974448118553
0-1,0-1,0.0,0.5037924481947056,0.48994202030649936
1-0,0-1,0.0,0.5009372225790665,0.4445991473801459
0-1,0-1,0.0,0.4902436043080433,0.46041276225907674
0-1,0-1,0.0,0.5248796419213659,0.46443385316156877
0-1,1-0,0.0,0.4860900988251876,0.4998445252579214
