y_true,y_pred,prob_1-0,prob_0-1,prob_1/2-1/2
0-1,1-0,0.0002647292959845834,0.4730369886653341,0.4863066094730949
1-0,1-0,0.000323218310912172,0.4223023719626313,0.5371423093078787
1-0,0-1,0.0002654321853040623,0.5163233699958414,0.44300437146335825
1-0,1-0,0.00034302067164028124,0.4466811121470583,0.5129359231045116
0-1,0-1,0.00035841491882299283,0.6468063095801876,0.3115870810315791
1-0,1-0,0.0003303438777462312,0.43995709310454006,0.5196416657392804
0-1,1-0,0.00027125957841223877,0.46556019716227154,0.49377669999420576
0-1,1-0,0.0003468328160155582,0.5124198303213107,0.4468586905009151
1-0,1-0,0.00027011499951391435,0.47401231020880924,0.48568643629535435
1-0,1-0,0.0003701946483986275,0.4436451424026695,0.5158159106996314
1-0,1-0,0.00020005364430289088,0.4867033885295797,0.4734283550481036
0-1,1-0,0.00023697577145749622,0.44372360263345495,0.5167679042236372
0-1,1-0,0.0002777880931366137,0.4859789195941822,0.4735460223629675
1-0,1-0,0.00023127027180596394,0.48083213663534563,0.4786186810537308
1-0,1-0,0.0003613223901357497,0.43422328802570903,0.5253819598148044
1-0,1-0,0.0002537319477851085,0.4144682331368355,0.5432902077287588
1-0,1-0,0.00019927943257189227,0.45099099655902697,0.5098274043340048
1-0,0-1,0.00022472825109122224,0.5410636433096214,0.41847989720206513
0-1,1-0,0.00020168424298047587,0.4451600480863859,0.5158358689242718
1-0,1-0,0.0003539405622107379,0.46115306569325665,0.49839564901551364
1-0,1-0,0.0002738440021305314,0.4408641203581113,0.5186582639627246
0-1,1-0,0.0003695607183098667,0.4129251713086113,0.5468151102922753
0-1,1-0,0.0003284646827879221,0.42580924815069526,0.5336697549790803
1-0,1-0,0.0003639643332569754,0.46372515805322556,0.49562844725332766
0-1,1-0,0.00021735042591667777,0.41659353272582017,0.5437785069784135
1-0,1-0,0.0002532542621867801,0.4280498847172284,0.531654810817885
0-1,1-0,0.00031690409555336347,0.4285097042021556,0.5311087907818975
1-0,1-0,0.00036257653520557043,0.4467897287640534,0.5127433243495733
1-0,1-0,0.0002953406885904147,0.4243231407633014,0.5353459671805014
0-1,1-0,0.00032912284212105474,0.4357136597155876,0.5239552477973288
1-0,1-0,0.00029192725943400204,0.4558789308694427,0.5035064699401496
1-0,1-0,0.00020093295067391981,0.45381303530674444,0.5063427871766483
0-1,1-0,0.00021719368963672337,0.46254164293596556,0.4962686478448769
0-1,1-0,0.00027774055958444877,0.4224782379845548,0.5370628592166447
1-0,1-0,0.00032806422317898,0.41904712937224675,0.540607023466211
1-0,1-0,0.0002976191365654967,0.41115391900058196,0.5483997884856533
0-1,1-0,0.00024691073197188976,0.45876217022417565,0.500838705287399
1-0,1-0,0.0003008588274255945,0.4383308523780238,0.5211675525119916
1-0,1-0,0.00030125043599262105,0.433368863591101,0.5261003430870234
1-0,1-0,0.00022411272663382461,0.4030894673246219,0.5572708821758849
0-1,1-0,0.00028316547285310166,0.4632174227446447,0.4962146445940712
0-1,1-0,0.00024673935913983777,0.4982492458813439,0.461374684470832
0-1,1-0,0.0003029978897515968,0.4286468237679451,0.5311523713532417
1-0,1-0,0.00036283883958215877,0.4491496365096351,0.510284126158306
1-0,1-0,0.00033432573546547087,0.43745606025586087,0.5220492117922824
1-0,1-0,0.00021390858303118606,0.41777177648700303,0.5420708452333568
1-0,1-0,0.0003504591643540684,0.4567618641596342,0.5026755036556887
1-0,1-0,0.00022904797515805805,0.4155983504120026,0.5449205150916293
1-0,1-0,0.0003116625402303945,0.4128174487343528,0.5466772216739975
0-1,0-1,0.00023554595052365085,0.5215378017478733,0.4378069910026618
1/2-1/2,1-0,0.0002753135160277473,0.41094206353912605,0.5486676055539651
0-1,1-0,0.00020832813277138983,0.4272381718313385,0.5324077934191995
1-0,1-0,0.0002511344563058504,0.4438807710808366,0.5158377307514029
1/2-1/2,1-0,0.0003344620824165522,0.42740880347597937,0.5320451805833712
0-1,1-0,0.0003024186250065058,0.43187890974909326,0.527897942667521
1-0,1-0,0.00029154238972894535,0.41945556032255576,0.5400230471927654
1-0,1-0,0.00020036233958173406,0.49364138104864774,0.4662775022248494
1-0,1-0,0.000221362624721157,0.4111485311149988,0.5487267267568242
1-0,1-0,0.00036099393246989876,0.4541712877079201,0.5052712052997972
0-1,1-0,0.0002447391703708841,0.4804813432777594,0.47910578317853697
1-0,1-0,0.00021807986083765177,0.4408946174304739,0.5198773535564513
0-1,1-0,0.00023999112758939974,0.4343008190475568,0.5262310086678497
1-0,1-0,0.0002668736947084405,0.4641390452617629,0.49598918053317764
0-1,1-0,0.0002456516761763608,0.4716886338597617,0.4878001891335176
0-1,1-0,0.00037183978329255983,0.4485371542065429,0.5109402588329506
0-1,1-0,0.0002905525681116215,0.4568366914056591,0.5025663978016568
0-1,1-0,0.0003097131287301376,0.44316539422804396,0.5162620243402035
1-0,1-0,0.0003478696272405362,0.46369812902225804,0.49575927002472175
0-1,1-0,0.00026985181425659974,0.4420579412901458,0.518095768939069
1-0,1-0,0.00020061337433210986,0.4854628681999793,0.4748609354227106
1-0,1-0,0.00031145445671832176,0.4244466412919274,0.5353638080114717
1-0,1-0,0.00020270228725304996,0.5065047494406998,0.45378326977967703
0-1,1-0,0.00021859590203279314,0.41740139993391523,0.5429465328593798
0-1,1-0,0.0002669116034028039,0.42774154000905745,0.5321086655977976
0-1,1-0,0.0002851095095739912,0.4636356932604392,0.4961594229126125
0-1,1-0,0.00021396703591841206,0.4556174383888812,0.5038190758438976
1-0,0-1,0.00021427083853917838,0.5190009341737637,0.44046284725786966
0-1,1-0,0.00029523608910355227,0.4400235601458136,0.5196546468914645
1-0,1-0,0.0003429403978379996,0.43605415225213107,0.5235310295265418
0-1,1-0,0.00031293495970108695,0.4380589702440318,0.5213815936209417
1-0,1-0,0.0003066400589872121,0.4906619683722797,0.4687225803343372
0-1,1-0,0.0003045207186852301,0.43210395924424605,0.5273980163098011
1-0,1-0,0.000204037588231231,0.4968083702972523,0.4632227879401956
1-0,1-0,0.0002076206081859221,0.4570693548634891,0.5029110381576934
1-0,1-0,0.0003574088176526694,0.46684387076124756,0.4926421439920178
1/2-1/2,1-0,0.00030957419716575455,0.4651586837219721,0.49441052591875145
1-0,1-0,0.000322518967883103,0.4631537913624751,0.49634977009741554
1-0,1-0,0.00036698883861777955,0.42879656360048846,0.530807850898965
0-1,1-0,0.0002031748450226545,0.4752051129132436,0.48465735508631297
0-1,1-0,0.0002912675572474016,0.4289965501043594,0.5305042604239671
1-0,1-0,0.00024087768849128345,0.46457161441901107,0.4951010529244878
0-1,1-0,0.0003363810906043875,0.4438567340558189,0.5156346991698199
0-1,1-0,0.00025058158514540326,0.43383297893427464,0.5258343437405655
0-1,1-0,0.00022161629145811505,0.48181255392264294,0.4776637089124863
0-1,1-0,0.00025336432025074715,0.5067314056831824,0.4525524080672295
0-1,1-0,0.0003831735560556012,0.4288309827022975,0.5307100497776392
1-0,0-1,0.0005639202028793029,0.5015340815518834,0.4291458126224893
1-0,1-0,0.0002924799433851418,0.455336726557924,0.504035391935599
1-0,1-0,0.00028966981806534235,0.4825434464839318,0.47688501218356294
1-0,1-0,0.00021376190353088791,0.42204407409591355,0.5386184922539307
0-1,1-0,0.00022654336341726742,0.438399731649911,0.5220598769650224
0-1,1-0,0.0003336347107627294,0.43443843946845945,0.5251271695099604
0-1,1-0,0.00023459324175178635,0.46658573984358526,0.4930848543593725
1-0,1-0,0.00022680110864699553,0.46182536226536625,0.49799795649725237
1-0,0-1,0.0003194393300938475,0.5491975776660564,0.41127754291302876
1-0,1-0,0.0003416172673809909,0.46463657968933714,0.49512725592374074
1-0,1-0,0.0003828635331750253,0.4234792939430269,0.5361196981576667
0-1,1-0,0.00035955613895319864,0.4630943151751539,0.49637768910202196
1-0,1-0,0.0003066958668536983,0.48679763380228663,0.47265095299026727
1-0,1-0,0.00021077199000670227,0.49643814978754125,0.46311989749525934
1-0,1-0,0.00026099990277365936,0.45314063379474573,0.5071007526446708
1-0,1-0,0.0002569632830503178,0.40730444790029524,0.5529221997102878
1-0,1-0,0.00021807929190584017,0.4143970645723402,0.5455512234737591
0-1,1-0,0.00031570113096823034,0.43015447200283063,0.5296017415745545
0-1,0-1,0.0002158744619556964,0.5361292979228863,0.4232174991427244
1-0,1-0,0.00020703523996528983,0.42867096661337944,0.5311391473663454
1-0,1-0,0.00022505108575886603,0.4819898706755747,0.47851468466457
1-0,0-1,0.00021799231637227177,0.5309005670928136,0.42907778904962796
1-0,1-0,0.0003440204201743382,0.4677910537888542,0.49172873732175587
0-1,1-0,0.00022306517744939867,0.4699559236992706,0.4898650917187698
1-0,1-0,0.00036959249966624243,0.42538090393295386,0.5342679930049987
0-1,1-0,0.0003127236663616589,0.4304540806997477,0.528956187553274
1-0,1-0,0.00033947707202988957,0.4205996348015164,0.5391262508267295
0-1,1-0,0.0002433409477091766,0.47928874372961194,0.4802468695217787
0-1,0-1,0.00026207044562773923,0.5636693521952489,0.3958815060175623
1-0,1-0,0.00023402284457839598,0.5027167705500238,0.4576966088107641
0-1,1-0,0.0002973680501017149,0.44138118817857763,0.5185498357764743
1-0,1-0,0.00033784791969550026,0.4735875593691304,0.48586696768010523
0-1,1-0,0.00020884136899676625,0.42956068565682787,0.5332467897215216
1-0,1-0,0.00029317617476370354,0.46729723333419326,0.4923403568062688
0-1,1-0,0.0003251233654176924,0.4359032930962155,0.5235357309337755
0-1,1-0,0.00033609350443558215,0.5051008127488885,0.45419025853739253
0-1,1-0,0.00023185032242995128,0.4222516299263308,0.5373024170803834
1-0,1-0,0.00028442269909738696,0.4986057390734833,0.46085505451616443
1-0,1-0,0.0002872019122422316,0.5074088178663468,0.4518223299764714
1-0,1-0,0.00027373360854558796,0.4382441951871236,0.5212221234840895
0-1,1-0,0.00021981163286990388,0.443034437215125,0.517247453209491
1-0,1-0,0.00036772891700291056,0.45692708647168545,0.5025337533080393
0-1,1-0,0.0002297520337848354,0.4439853257166725,0.5154280252424766
1/2-1/2,1-0,0.00020420996361454497,0.47897135858026113,0.47135068484225734
0-1,1-0,0.0003195312906572571,0.46315674330509904,0.49640657657887
0-1,1-0,0.00022373195075938183,0.42298925556211914,0.5366959929186653
0-1,1-0,0.0003346153641606412,0.45951993143097797,0.49998718092560335
0-1,1-0,0.000309443209108452,0.4494962206023482,0.5100210195601131
1-0,1-0,0.000287978825256931,0.43215475390989494,0.5273005643639072
1-0,1-0,0.0002172163083196924,0.4775246919124991,0.48246650007377784
0-1,1-0,0.00023252247568730157,0.47297468278388877,0.48653909876349133
1-0,1-0,0.00022842840537534758,0.4269169799233632,0.5336413705765564
0-1,1-0,0.00023237441589562838,0.5131478780503346,0.4462265175060011
1-0,1-0,0.0003187491960443341,0.43687076028143024,0.5228214288881029
1-0,1-0,0.00021570511744827786,0.45940557123543946,0.5002431842357539
1-0,1-0,0.0003587951416050133,0.44399788655104344,0.5155552473350905
0-1,1-0,0.00030846242629859144,0.4204163597701949,0.5390798671829868
1-0,1-0,0.00033925656777172977,0.43799957344484,0.5214653646216694
1-0,1-0,0.00025028333766244744,0.4511253002894466,0.5082960672994191
1-0,1-0,0.00035652056639801067,0.4015449817126262,0.5581540246948
1-0,1-0,0.00030051821993005735,0.46805505924724156,0.49150555737943236
1-0,0-1,0.00020527837447470017,0.5190976437120978,0.44140597429720396
1-0,1-0,0.0002132683417598062,0.4100120935140603,0.5545214118523384
1-0,1-0,0.00025989647971187506,0.41794224404642977,0.5423768521516085
1-0,1-0,0.0002898704780773367,0.48354646271585155,0.475881019290158
1-0,1-0,0.0003544213358765754,0.4425362272957501,0.5170386846451136
0-1,1-0,0.00031882486524926644,0.4263205852535125,0.5331055091694664
0-1,1-0,0.00033492398273667236,0.4803547907219908,0.4791662355411296
1-0,0-1,0.00021804460761368368,0.531017288127218,0.4283656955768194
0-1,1-0,0.00022299085868891498,0.46437814668186994,0.49569872409800314
1-0,1-0,0.000291695215156734,0.433334960901298,0.5261838972556052
0-1,1-0,0.0002953098255861224,0.42612893916405986,0.5333172949412444
0-1,1-0,0.0002765535989243824,0.4805426678724565,0.47878743218571246
1-0,1-0,0.0003014045835800712,0.4540940662609561,0.5057828705657774
1/2-1/2,1-0,0.0006476838993054156,0.41849399061764475,0.5136917421322978
1/2-1/2,1-0,0.0002371261282159867,0.4758562042472297,0.48360714422987444
1-0,1-0,0.0002724523261535807,0.4388184323270801,0.5207753832234322
1-0,1-0,0.00020669500254708666,0.4734680105484364,0.4865635363373344
0-1,1-0,0.00020768444900598357,0.4727352371573314,0.4868842737273942
1-0,1-0,0.00019933761402744852,0.4627012867377206,0.4994201472757431
1-0,1-0,0.00021209892454631567,0.4267335765388588,0.5332352610621979
0-1,1-0,0.0003608626260391049,0.4481268981924221,0.5114279121369112
0-1,1-0,0.00028277524458149793,0.4793670393846862,0.48002031764184744
0-1,1-0,0.00023756474436648756,0.4114435493314414,0.5491032882316927
1-0,1-0,0.00028895043763538497,0.4867096469329762,0.4727114248182154
1-0,1-0,0.00033793015328789525,0.4322626443175555,0.5273768737569825
0-1,1-0,0.00021568552455084484,0.41680398605773955,0.544248354081646
1-0,1-0,0.00037764392416276714,0.4400071816014731,0.5194126328370686
0-1,1-0,0.00027770532778993473,0.4203381131461696,0.5395271552346521
1-0,1-0,0.0003396991798687661,0.4502152797798283,0.5093993440152275
1-0,1-0,0.00021021461453610185,0.4902609037470953,0.4696806962903715
1-0,1-0,0.00022849779048434736,0.43608484835980504,0.5235436100035102
1-0,1-0,0.0002405192802541797,0.4302076260209691,0.5294758581613481
1-0,1-0,0.00026727162493118267,0.4852547691428507,0.4747877882897877
1-0,1-0,0.0003824374397175975,0.4000928230984585,0.5407648093823435
0-1,1-0,0.00020996446412927864,0.4254300737206022,0.5362985658939212
1-0,1-0,0.00026269561646359455,0.4455213163278103,0.5140036932047894
1-0,1-0,0.0002071046794460498,0.4979993228607193,0.46347985777032724
0-1,1-0,0.0002471960454834771,0.5043442691091431,0.45499137196958755
1-0,0-1,0.0002734251605949682,0.5308796940424472,0.4282788302321051
0-1,1-0,0.00022470677331406204,0.4256317936044571,0.5341627641446035
0-1,1-0,0.00032468981811354666,0.5084091280161004,0.4511366166621055
1-0,1-0,0.00024480259570904125,0.39601330249555666,0.5636161618440709
0-1,1-0,0.0003516850148688158,0.4404380453142189,0.5191093788620802
1-0,1-0,0.00021210333681723962,0.4429337225971537,0.5170637397297564
1-0,1-0,0.0002821951343898108,0.41704794158438113,0.5426083589640076
1-0,1-0,0.0003460572499595765,0.43963778120342667,0.5198702262687033
1-0,1-0,0.00023801442013180962,0.43306919145130024,0.5256286872188499
1-0,1-0,0.0002494055730014983,0.4590628846019679,0.5005713763941196
1-0,1-0,0.00032694913600712607,0.4218627234688011,0.5375932242141417
1-0,0-1,0.0001947477891904936,0.5188660630967221,0.4464015129457369
0-1,1-0,0.00021399811524975602,0.4174915312182384,0.5421255890649258
1-0,1-0,0.00022131224801239205,0.4069942512919346,0.5532526834971112
0-1,1-0,0.00030613250082299324,0.4703538418072958,0.4891421813578417
0-1,0-1,0.00025743050815499785,0.525358913536339,0.43446801425095694
1-0,1-0,0.00020038308711781564,0.4452309031705591,0.5149236071779004
1-0,1-0,0.00035222433521589383,0.4217058377073134,0.5378640452242839
1-0,1-0,0.00019982027098780896,0.47689821046667874,0.4846304273231705
1-0,1-0,0.00034704819444127116,0.4367906572660462,0.5227142576281435
0-1,1-0,0.00023640243318407106,0.43907262365296146,0.5195288573602479
1-0,1-0,0.00021912092523064823,0.4447236428414497,0.5149262793403239
1-0,1-0,0.00034313083209787257,0.46725658717897556,0.49225130957073776
0-1,1-0,0.00021351461297277843,0.4615984154036587,0.4988508802376034
0-1,1-0,0.0003215654201543185,0.43235686747620106,0.5270541071564366
1-0,1-0,0.00031773033887993606,0.4220389367113028,0.5377762214822616
1-0,0-1,0.00021800499162987155,0.5159334826781453,0.4436922331616915
1-0,1-0,0.0002679354478662873,0.4359937385661418,0.5236758282199747
1-0,1-0,0.00026176547886647394,0.5111881336782945,0.4482061210541444
1-0,1-0,0.00020382380257065276,0.47937860480855576,0.48051914234762744
0-1,1-0,0.0003257238112068991,0.4052835217951538,0.5542639448923955
1-0,1-0,0.00024917301749822476,0.443162813028657,0.51557833029188
1/2-1/2,1-0,0.0002532368082401821,0.44734717902644827,0.5121841444791244
1-0,1-0,0.0003487667376109878,0.4603938481064986,0.49905083490063384
0-1,1-0,0.0002654091113621004,0.41783241840375346,0.5417650852032725
0-1,1-0,0.000210737251948854,0.4188420638520906,0.5432497166373061
1-0,1-0,0.00037499841454018167,0.4346208870413059,0.5248773478998753
0-1,1-0,0.0002899232571337153,0.4342161178546222,0.5255996430070283
0-1,1-0,0.00020418011971230836,0.435635414675803,0.5255997464518285
1-0,1-0,0.0002797299473073101,0.46733314237755286,0.4919939617416845
1-0,1-0,0.00022100963711687403,0.40815021136902174,0.5517436522072814
0-1,1-0,0.0002144614909100686,0.4717212222047984,0.48438818552641033
0-1,1-0,0.00033247344130748113,0.4171513007073408,0.5424805294331583
0-1,1-0,0.00022250555859451048,0.4123823020312053,0.5476501255582804
0-1,1-0,0.00029347535221083636,0.49625546540549337,0.46352454848340824
0-1,1-0,0.00037533454904536506,0.42793445882197023,0.5316399531072766
1-0,1-0,0.0002948287409616343,0.43662652031728083,0.5228826827053699
0-1,1-0,0.00020900302988195333,0.42717689251551716,0.5327130792656187
1-0,1-0,0.00031650570492484974,0.4318166879515827,0.5279064448401996
1-0,1-0,0.0003440183447660751,0.4497176997343595,0.5098388082400118
1-0,0-1,0.0002163028552146105,0.5396109564289895,0.41941824690119933
0-1,1-0,0.00031977260468804395,0.4306978413814618,0.5287685465420779
0-1,1-0,0.00020190868541748077,0.5093748519630322,0.45126652063856465
1-0,0-1,0.00024384543532982012,0.5166683541224203,0.4427948398648274
1-0,1-0,0.0003160737560878584,0.43491633282645725,0.5248129147743076
1-0,1-0,0.00021214891528049539,0.475208282772029,0.48427351721295275
1/2-1/2,1-0,0.00027811609631688325,0.4428964204418221,0.5165831599160214
0-1,1-0,0.00024726885299407227,0.457570547167859,0.5024711064094118
1-0,1-0,0.00021429525530480045,0.49770573391813916,0.4618468780712868
1/2-1/2,0-1,0.008330880428172692,0.1825087956277468,0.286657427431889
0-1,1-0,0.00027764631155926145,0.44809530602133585,0.5115929077458287
0-1,1-0,0.0002047780074144176,0.44020224109068073,0.5231221734070671
0-1,1-0,0.00023256709030759827,0.49136694338043935,0.4680586322003612
1-0,1-0,0.0002794814449123113,0.4604186868351154,0.49910056232217087
1-0,1-0,0.000286833760931132,0.42450340791281693,0.5353623568908179
1-0,1-0,0.0003206065338414013,0.5037429656104456,0.45575188720127874
0-1,1-0,0.0003114634830883228,0.42363273260562634,0.5358081460379006
0-1,1-0,0.0002511039634155485,0.4368262248892048,0.5228493156173722
1-0,1-0,0.0001926229991141655,0.4685165871347646,0.5092346931535356
1-0,1-0,0.00022217040112494066,0.5053339559069981,0.4543419355934149
1-0,1-0,0.0003998680515697648,0.4298432731498055,0.4977698442499147
1-0,1-0,0.0002169252479463824,0.41479618693745207,0.5449534596730814
0-1,1-0,0.00026074378428588685,0.49652396088757694,0.46280090115702055
1/2-1/2,1-0,0.00021832629965038084,0.48819395398674587,0.46109608280692743
1-0,1-0,0.00021162654512099302,0.5138337698100005,0.44638597022000254
1-0,1-0,0.0002802882608502037,0.4284814873682543,0.5313427563660835
0-1,1-0,0.000269379308868854,0.4236188561660196,0.5362149865145021
0-1,1-0,0.00037116429103426277,0.4502455354734782,0.5092373238814819
1-0,1-0,0.00024491410431636755,0.48205201941234666,0.4773631583946618
0-1,1-0,0.0002975262216221697,0.4202332390874088,0.539321740190627
1-0,0-1,0.00021178521846487424,0.5303343850552663,0.42969389054962975
0-1,1-0,0.0002776641107307625,0.482692808593462,0.4769438096367552
1-0,1-0,0.0003627973413927146,0.42458991598030066,0.5350425871977331
1-0,1-0,0.00020912147103205905,0.4240071595555815,0.5359551936881177
0-1,1-0,0.0002409328383471617,0.5096839464122741,0.449872610421453
0-1,1-0,0.0003242623137583647,0.46239453758577176,0.49726053876316034
0-1,1-0,0.00019375752678606415,0.4686953116577478,0.4932061230328882
1-0,1-0,0.00029218753886624835,0.40246676166903084,0.557072342227219
0-1,1-0,0.00024256211971034495,0.4685686188545775,0.4907675327092577
1-0,1-0,0.00034499628530128957,0.4287164747016013,0.5308238784163838
1-0,1-0,0.00022436532677356543,0.42907344545948206,0.5315345816467563
0-1,1-0,0.0002205034914856041,0.5067402945718197,0.452832259622416
0-1,1-0,0.00035930520316022137,0.4705112063952354,0.4889526605431642
0-1,1-0,0.0002938981793866314,0.466451675264531,0.4930796472194684
0-1,1-0,0.00034312787206344396,0.4353165295688585,0.5242606977262079
1-0,1-0,0.0002066919597127912,0.4886671065634529,0.4712756903444923
0-1,1-0,0.0002117240634053865,0.45324182335298757,0.5066430140812281
1-0,1-0,0.00022692295902132444,0.5117613977823383,0.44792262243111103
0-1,1-0,0.0002041094447030109,0.43281548407022197,0.5288750404818457
1-0,1-0,0.00035156487888871746,0.4506535924690892,0.508909737714746
1-0,1-0,0.00020425913606460854,0.45067285216727115,0.5091811748338789
1-0,1-0,0.00034222203708771673,0.4219900694765404,0.5375387733192629
1-0,1-0,0.00028297425686395585,0.45705751023835206,0.5028702459003541
0-1,1-0,0.00037872440700069995,0.39566076251135285,0.5645904865354198
1-0,1-0,0.00019965486054785654,0.44509675400420834,0.5150560684461595
1-0,1-0,0.0003149654397552284,0.4214443496351505,0.5383577370434495
1-0,1-0,0.000259689785339027,0.4445546352171426,0.5149047855533766
1-0,1-0,0.00026005817787590907,0.4270206428721277,0.5328033284244084
0-1,1-0,0.0002197437357010097,0.5007470374639554,0.4588535373861957
0-1,0-1,0.00029306268263860105,0.547238343671272,0.41235187756935576
0-1,0-1,0.00024734477967266636,0.5393644324341332,0.4201865293254121
1-0,1-0,0.0003045546725784296,0.4426736469470381,0.516741440752259
0-1,1-0,0.00021964890781305964,0.49563447454186976,0.4643732470544636
0-1,1-0,0.0003258811721833741,0.4332133500066419,0.5264412778878209
1-0,1-0,0.000285213353450296,0.44417542714627817,0.515400713254435
0-1,1-0,0.00021825670016319246,0.4204248538079333,0.5397954894241475
1-0,1-0,0.0003093133214461682,0.4807711225654363,0.47895230684330486
1-0,1-0,0.00022814227432218183,0.47621874728638003,0.483265445477266
0-1,1-0,0.00030193517815375003,0.44879911616652063,0.51067333747545
0-1,1-0,0.0002002513040557917,0.45122144862319974,0.5093081878185717
0-1,1-0,0.00034616179641138107,0.43498509743684655,0.524608197190374
0-1,1-0,0.0002401423954858401,0.4710946175839138,0.4891184789822876
0-1,1-0,0.00025723281342396646,0.4443015337100912,0.5155222508222151
0-1,1-0,0.00033745033745192956,0.43370457517182204,0.5257576718972649
1-0,1-0,0.00036052914016622504,0.43252559638534166,0.5270415333604328
1-0,1-0,0.0002573485826198632,0.45648910595658665,0.5030208151679342
1-0,1-0,0.00030251472685462075,0.4438650499243829,0.5158527047547267
0-1,1-0,0.00030700525022623806,0.44540420252112517,0.5144321239324052
0-1,1-0,0.000216005819480594,0.4163095912693067,0.5445297302894568
0-1,1-0,0.00033567843142572783,0.44578078898818624,0.513785338410737
1-0,1-0,0.00027251813394356996,0.43540959590390893,0.5240904324573293
0-1,1-0,0.0003175957909269779,0.46618149539924403,0.49336634103719806
0-1,1-0,0.0003148102818843183,0.45490508941107827,0.5044453552684858
0-1,1-0,0.0002757308843972536,0.45643072925570805,0.503147122208819
0-1,1-0,0.00034212957565789206,0.4432016208725223,0.5163836088373192
0-1,1-0,0.00029742356034598045,0.4283071641416597,0.5312376076784292
0-1,1-0,0.0002951118957118861,0.462165903560932,0.49772162976338313
0-1,1-0,0.00022020997416157833,0.4111889417763452,0.5485681616262692
0-1,1-0,0.0003224334311350457,0.4529720453873177,0.5065334907884143
0-1,1-0,0.00021108028027552094,0.4209684846691941,0.5399396443564392
0-1,0-1,0.00030062337293946807,0.6514666658983539,0.29937774378534027
1-0,1-0,0.00027421489029847925,0.43514398086966244,0.5242949633102131
1/2-1/2,1-0,0.0003249799121972066,0.4325148116167776,0.5269462385431217
0-1,1-0,0.0002973834868924044,0.43820619721212695,0.5214189763455741
1-0,1-0,0.00022791027606684216,0.42000935783969134,0.5398033049302126
0-1,1-0,0.00023392736841439669,0.4861640576731851,0.4732691557072551
0-1,1-0,0.00026098245404076504,0.42364259339004323,0.5360196181496244
0-1,1-0,0.0002708852172810318,0.43209207060775834,0.5276913390868418
0-1,1-0,0.0003057856855248196,0.4420314514736795,0.5174718806813391
1-0,1-0,0.00024355789822224483,0.49922377105440036,0.4601543372874034
0-1,1-0,0.00028481300728493993,0.4479379630333423,0.5114530213449207
1-0,1-0,0.00034195599213932937,0.44827909325573717,0.5113206560585786
0-1,1-0,0.00030626224693318453,0.4031390350865147,0.556392883743762
1-0,1-0,0.00026459285357361616,0.448416592848626,0.5110060676617418
1-0,1-0,0.00029206785022841693,0.45252374539269197,0.5068790659544373
1-0,1-0,0.0002866698237550069,0.4248978224943114,0.5347652505852474
1-0,1-0,0.0002988193905355234,0.4365072328195898,0.5232487387914986
1-0,1-0,0.00033251913388707247,0.3968001680470988,0.5633841959670275
1-0,1-0,0.00025147342476375113,0.4528415034112908,0.5075473223369047
1-0,1-0,0.00021560588003318817,0.44613212731370566,0.5145096217421239
1-0,1-0,0.00023281928370064096,0.4775624268679046,0.4818931030302613
1-0,1-0,0.0002963616511079583,0.4718143176839539,0.48784659313425766
1-0,1-0,0.00021447681033553084,0.5110480868465804,0.4487735594565038
1-0,1-0,0.0002888303564930434,0.4564211452302434,0.5031099013258862
0-1,1-0,0.00036699643590735223,0.45487268607897385,0.5045862467267958
0-1,1-0,0.00023257989141917752,0.489283392204052,0.470129635913915
1-0,1-0,0.00021905381758720072,0.4226178904062264,0.5371592749202614
0-1,1-0,0.00026984605969961604,0.4441079323990204,0.5153906377935695
1-0,1-0,0.0003209071665874104,0.4249626943307477,0.5344715389893058
1-0,0-1,0.00022406816715763345,0.5520273426124948,0.4084521576406132
1-0,1-0,0.0003672572869982473,0.4379952419644261,0.521514590189044
0-1,1-0,0.0002590367857791801,0.42735324943349257,0.532456774153103
0-1,1-0,0.00020631931768718632,0.43324777117485225,0.527169389486379
1-0,1-0,0.00020996349976243103,0.44804735523077044,0.5123273959489577
0-1,0-1,0.0002552342422280189,0.526548010251757,0.432656547822653
0-1,1-0,0.00027660426306379786,0.4876207261017703,0.4716398122241073
0-1,1-0,0.00022978300128718656,0.44039159217934043,0.5191039437607915
1-0,1-0,0.00031681016754854497,0.4176220685213696,0.5422246339765782
1/2-1/2,1-0,0.0002346056074543182,0.48774999095023686,0.44965639106160565
1-0,1-0,0.0002883227682583305,0.41525230684142245,0.544296723818338
1-0,1-0,0.0002158750092942007,0.45027684705753684,0.5098220438663699
0-1,1-0,0.00023477772441243242,0.43557511966183676,0.5240009513376418
1-0,1-0,0.00030883748093727233,0.44689354592591196,0.5128015211453538
1-0,1-0,0.0003211715635589187,0.48723972382207065,0.47231064534198386
0-1,1-0,0.00036253661987512134,0.43107529162116864,0.5284993255941567
1-0,1-0,0.00027895595899582785,0.4531985089541954,0.5062604940894666
0-1,1-0,0.0002011867179764859,0.5073077961656627,0.453850869229567
1-0,1-0,0.00022914884561926936,0.4167320406273052,0.5436282939387224
1-0,1-0,0.00035520884837876864,0.447366107101374,0.5121271846773419
0-1,1-0,0.0002930410398051763,0.4480292245436936,0.511414813456604
1-0,1-0,0.0002783430959546592,0.42670091058269427,0.5331458656490078
1-0,1-0,0.00021924407562437311,0.428865285833764,0.531701883417953
1-0,1-0,0.00029448986349283577,0.4532165934490546,0.5062124330041027
0-1,1-0,0.0002105755796104,0.4301065519382841,0.5311353538887661
0-1,0-1,0.00031147228730114666,0.5297646054576266,0.42977752144827364
1-0,1-0,0.00023906808807296133,0.449905601550895,0.5101528113809378
1-0,1-0,0.0002907129474390601,0.4310774961650547,0.5283759015422135
1-0,1-0,0.00036147344411903567,0.43784301935190006,0.5217533251532787
1/2-1/2,1-0,0.0004965211512045719,0.4122620545978659,0.5241375507888394
0-1,1-0,0.00021525791724276872,0.47561839788027305,0.48397814550416585
0-1,1-0,0.00023806197392091676,0.48974713680178455,0.4696768676738736
1-0,1-0,0.00019864961557675926,0.47454312504479607,0.4865518267621935
1-0,1-0,0.00022352700208335172,0.45623023138934204,0.5032336774105953
1-0,1-0,0.00035952312267830246,0.42640341837166534,0.5331729897455031
1-0,1-0,0.0002603540785651606,0.435100224253356,0.5246710397552039
1/2-1/2,1-0,0.0003390798448361518,0.43525749093924937,0.5242692460323407
0-1,1-0,0.00037703218883804727,0.4371316813523651,0.5224084171762592
0-1,0-1,0.0002817413310701747,0.5255867833408995,0.4338451831309024
0-1,1-0,0.0002770018987167625,0.45265866767940305,0.506809419740945
1-0,1-0,0.0002831289655536854,0.4338355478097796,0.5258045864416898
0-1,1-0,0.0002501095458343323,0.4429697023238952,0.5161647424100301
1-0,1-0,0.0002090043951652903,0.45515342298435274,0.5050157530429815
1-0,1-0,0.00025257012166917043,0.5053686575245522,0.4539267947993148
0-1,1-0,0.0003108627688380845,0.4755803994445411,0.48380100533237896
0-1,1-0,0.00030528504883416645,0.45062735092584255,0.5088419245372758
0-1,1-0,0.0002255557753671908,0.41173849049570677,0.5486080192339063
0-1,1-0,0.0002521933659328132,0.48548938153632065,0.4738510249045373
1-0,1-0,0.0003543179923636166,0.4513036079806071,0.5082763503849582
0-1,1-0,0.00020851177173212862,0.47377308660626416,0.4857043925626134
1-0,1-0,0.0002037761537122013,0.4783794856441252,0.48195917210676253
0-1,1-0,0.00026975613475393426,0.5018705679217466,0.45739229784151403
0-1,1-0,0.000264774774468158,0.45297283470969296,0.5068841528262206
0-1,1-0,0.00022773549543933833,0.430899771682701,0.5287691673571728
0-1,1-0,0.00032593795848873304,0.4523752934274854,0.5072921826096258
0-1,1-0,0.0002350258123858962,0.5101507553348148,0.44934548799239266
0-1,1-0,0.00035056355342568464,0.4602433305658288,0.4992794190267665
1-0,1-0,0.0002954508042591285,0.4659521234380227,0.4935418459496024
0-1,1-0,0.00030745610100421016,0.46255494543793996,0.4968301436690981
0-1,1-0,0.00029889950826189393,0.43355819055933675,0.525956462825412
1-0,1-0,0.0002105655687101946,0.42134689303888667,0.5396928323656272
0-1,1-0,0.0003200158445766567,0.45229906439932066,0.5071817007584948
1-0,1-0,0.0002181621542756399,0.427979789188299,0.5322123163366219
1-0,1-0,0.0003701574367370036,0.43388886512907104,0.5256219023303095
1-0,1-0,0.00023682162521769428,0.42361477830847905,0.5352672352913576
1-0,1-0,0.00034200139019505425,0.4604143880853965,0.4991456617263391
1-0,1-0,0.00031641971336567075,0.4555572902532035,0.5039006574136667
1-0,1-0,0.00024770047720642987,0.44000118750161027,0.5197383608181181
0-1,1-0,0.0003522674066150654,0.4626375146267752,0.4969128638122362
1-0,1-0,0.0003302338390653504,0.464632068979926,0.49539165932816054
0-1,1-0,0.0003116598049902509,0.41579662228205305,0.5438448116176999
1-0,1-0,0.00033274591121615474,0.42073225919370666,0.5387638707330464
1-0,1-0,0.0002141019668693536,0.4333386942343017,0.5273700632316976
1-0,1-0,0.0002908677615746212,0.45535488389560713,0.504070977350707
1-0,1-0,0.0002501044764536228,0.42126887420171855,0.5384900270359522
0-1,1-0,0.0003521444552263412,0.4336985512949178,0.5258614573285831
1-0,1-0,0.0002981879322109359,0.42849043328986297,0.5310191763496546
1-0,1-0,0.00028014689539298783,0.4307653053941286,0.5288019287226368
1/2-1/2,1-0,0.00021794696293044722,0.5069341361873345,0.4516378405909416
1-0,1-0,0.0003548092575315991,0.41626322274057864,0.5433321462760504
1-0,1-0,0.00029797016937414876,0.41623453623149254,0.5436486158481977
1-0,1-0,0.00020866728480341195,0.44804999282321334,0.5150388820018891
0-1,1-0,0.00020452145139388463,0.44981465692260203,0.5138233210094726
1-0,1-0,0.00022494524386887916,0.4135425305943573,0.5463546420661127
0-1,1-0,0.00027866241364070605,0.4834340672976484,0.4758999802570531
1-0,1-0,0.00021069379480184947,0.4232332265790584,0.5364282141210703
1-0,1-0,0.00024028459356907505,0.4839340935822487,0.4755489017242546
1-0,1-0,0.0003686522600588796,0.43995214181099557,0.5195711568474504
1-0,1-0,0.00032719634235107753,0.46282374940903265,0.49680332448754055
0-1,1-0,0.0002001026514727023,0.45221543708369905,0.5074505613253733
1-0,1-0,0.00038110495420560933,0.4347530602178928,0.5246996095046245
0-1,1-0,0.00022229292663169235,0.46680259401176244,0.4927777874321699
0-1,1-0,0.00028639368115651104,0.4005216367030883,0.5594704059271666
0-1,1-0,0.00027418709852902935,0.3961915880694488,0.5641937918562258
1-0,1-0,0.0002193976816744416,0.413744946992217,0.5463483757180977
0-1,1-0,0.0003176496213782875,0.41988096417237675,0.5397378774095712
1-0,1-0,0.00033870742734640896,0.4770567842584331,0.4824336471049498
0-1,1-0,0.00023001884080848817,0.45560480176079526,0.5038520300259639
0-1,1-0,0.00023530184148574674,0.4695856468705444,0.4899351062187365
1-0,0-1,0.00022629671808213023,0.5734891213912657,0.3858110332103041
1-0,1-0,0.00019806924664418475,0.47646966530703244,0.48342208330242503
0-1,1-0,0.00029897606786750773,0.4678314447007639,0.4918016566924685
0-1,1-0,0.00030103267024372826,0.4607652121346178,0.49904802081876465
1-0,1-0,0.0002066597055446837,0.4274737599801595,0.5341523449143014
0-1,1-0,0.0003169585798873143,0.4736145041669919,0.4857548961629707
1-0,1-0,0.00020359053405660509,0.4456206343157795,0.5140297467996069
1-0,1-0,0.00020408560989239725,0.47638456857360734,0.4838513022896771
0-1,0-1,0.0003261388528356406,0.5397471489718172,0.4196016261087406
0-1,1-0,0.00021975447276367333,0.41506173576538125,0.545176563730151
1-0,1-0,0.00027082657112789893,0.43492758969200157,0.524931540406714
1-0,1-0,0.00030943843753408073,0.45192397302987686,0.5075495159555677
1-0,1-0,0.0003523809607453544,0.4611994862752061,0.4983499590710176
0-1,1-0,0.00034945298074681995,0.44640530576312776,0.5130696396384696
0-1,1-0,0.00022411187612989542,0.49837352472718727,0.4612227487909519
1-0,1-0,0.00026962952750465987,0.42913016152456185,0.5306198524328397
1-0,1-0,0.0003207959627453123,0.42671074575109375,0.5327886802783987
0-1,1-0,0.0003134779788701764,0.42467503529383444,0.5347694933895091
0-1,1-0,0.00025390231447332035,0.4290776505676994,0.5295298700754429
0-1,1-0,0.00029197410160944207,0.4285634618333626,0.5314667554354795
1-0,1-0,0.00027505002283872596,0.42338556593863774,0.536250884971855
1-0,1-0,0.000249308048924816,0.45181501089881104,0.5084226022497172
1-0,1-0,0.0002929678229969483,0.4361181680584238,0.5239231141448928
0-1,1-0,0.00020201651454566526,0.49253474329458696,0.46740112760714014
0-1,1-0,0.0002052476891973198,0.4974381458271957,0.46292071452583916
0-1,1-0,0.00025994193600110835,0.4490965295960618,0.5104916958304935
0-1,1-0,0.00037377595309713373,0.4304010668660847,0.5292073549123218
1-0,1-0,0.0003468524429303164,0.4708521549822867,0.4885566955876969
0-1,1-0,0.0002190438370811424,0.4280419433152337,0.532073803566278
1-0,1-0,0.0003022471757649892,0.4887736226504469,0.4709631410516068
1/2-1/2,1-0,0.00027200844991500463,0.4543888268502093,0.5050220855435366
0-1,1-0,0.00027525164017204164,0.4282182065915181,0.5319549048455244
0-1,1-0,0.0002399452697995541,0.47292157104414123,0.4865324479433767
1-0,1-0,0.0002968380260983253,0.47573519451002416,0.4838173466198901
1-0,1-0,0.00028085287016208535,0.40505351580817905,0.5549248455303165
1-0,1-0,0.0002213753769964685,0.496305628079708,0.46271032628659703
1-0,1-0,0.0003326570559507251,0.4327123184030054,0.5268682732857222
0-1,1-0,0.00022164691863657833,0.4920407719165865,0.4562800951131277
1/2-1/2,1-0,0.00022372433435587162,0.4957966069113554,0.4626377171324407
0-1,1-0,0.00023056129446561436,0.40711933611282664,0.5527824654764432
1-0,1-0,0.00034617304585718195,0.4511494518834541,0.5084381489434997
1-0,1-0,0.00035361391349928996,0.423422948230757,0.5361396344383023
1-0,1-0,0.0003613356030302502,0.423927041486905,0.5356455471327749
1/2-1/2,1-0,0.00030106273266551246,0.4476914379078523,0.5117296099394065
1-0,1-0,0.0003136136318271575,0.4423034469259113,0.5171366962160463
0-1,1-0,0.0003507884178379967,0.4249065865452953,0.5347188400784167
0-1,1-0,0.00019785984813329986,0.47466397167368574,0.4854989809598175
0-1,0-1,0.0002561078717446339,0.530673482885569,0.42851993971765584
0-1,1-0,0.0003487755190089118,0.41500636107042965,0.544561115638812
1-0,1-0,0.00026528382534761816,0.48840119808396754,0.47097483553198405
1-0,1-0,0.000273573676730105,0.44178789568210836,0.517701152102986
1-0,1-0,0.0003757031709112861,0.4448345740424293,0.514596479499743
1-0,1-0,0.00027006043731293356,0.43499284238328373,0.5249232710951125
0-1,1-0,0.0003628657043885071,0.4567023871581176,0.5028123104744814
0-1,1-0,0.0002063621147478578,0.4653505192076437,0.49426871530297944
1-0,1-0,0.00036596450949718634,0.42992882764568124,0.5296485153648194
1/2-1/2,1-0,0.0002158675986795886,0.48922618582470095,0.4706026553878594
1-0,1-0,0.00037311138219221876,0.4502362616502813,0.5091812417758396
1-0,1-0,0.00030027592650450855,0.49032966144569134,0.4692357403767641
1-0,1-0,0.0003298352182503846,0.45438141757677536,0.5052683923858121
1-0,1-0,0.00020521632462791858,0.44874265507953015,0.5131407329570816
1-0,1-0,0.00032283516565671783,0.4596157604181243,0.4998477212137647
0-1,1-0,0.00037118432053305544,0.4411450011782635,0.5183879053111796
0-1,1-0,0.0002638424308009966,0.4645848236337794,0.49494857707030315
0-1,1-0,0.00030507314407480314,0.40192739802979754,0.5577277213091782
1-0,0-1,0.00030446682264808196,0.5518579510598436,0.4072966651728208
1-0,1-0,0.0003426194823703555,0.40913368419386564,0.5506033022944943
1-0,1-0,0.00024413074204650742,0.44307311675054994,0.5173243032241687
0-1,1-0,0.00029236404545465857,0.4445177031585258,0.5149360921498876
1-0,1-0,0.00023325624938179073,0.5014322984426579,0.458073045169072
1-0,1-0,0.0002948214417930117,0.46752148529913495,0.4921753818233332
1-0,1-0,0.000326542830365852,0.4286748488608361,0.530905563469237
0-1,1-0,0.00021638932763101484,0.44980859931658224,0.5098358148089365
0-1,1-0,0.00031170484760912427,0.43476811009156713,0.5249830992162009
0-1,1-0,0.00036647758694299614,0.42884389029604214,0.5307804913278114
1-0,1-0,0.0003715939001422876,0.4268179666718013,0.532802838608275
0-1,1-0,0.000290083782084065,0.43929893986740953,0.5201808068947331
1-0,1-0,0.00024935492628515966,0.4600968262657858,0.4997091786576037
0-1,1-0,0.0002546287737523619,0.4509490223277655,0.5086040394988388
1/2-1/2,1-0,0.00027544175676267685,0.393034907451182,0.5671665122237496
1-0,1-0,0.0003179599650036329,0.4425682496170395,0.5168779920112303
0-1,1-0,0.0002083444699983474,0.4566553837198766,0.5030500151148241
1-0,1-0,0.00023292190340153097,0.4479418532006759,0.5115572663401865
1-0,1-0,0.00033078204413916363,0.44528146564508825,0.5143156016793391
0-1,0-1,0.00021266481225136664,0.5495892333898217,0.41269977585817286
1/2-1/2,1-0,0.00029739016660041724,0.4385896740481281,0.5208354463101134
1-0,1-0,0.00022965596989922576,0.47424395547206444,0.4854010806046719
0-1,1-0,0.0002483844959125948,0.4880776875745953,0.47132493246790075
1/2-1/2,1-0,0.00025334095500128173,0.43808519179430255,0.5216353285920733
0-1,1-0,0.00030128028622073826,0.4575774247660909,0.5022210808617806
1/2-1/2,1-0,0.00025793628618101937,0.4791379553809154,0.4803195155541448
1-0,1-0,0.0002468185248727659,0.48629206924060514,0.47334392296751865
0-1,0-1,0.00031298685238890947,0.5711618089806113,0.37777419128069967
0-1,1-0,0.0003206432083847597,0.4580522783870112,0.5013672312384692
1-0,1-0,0.0003583866860958231,0.44657088925055416,0.5129771042229077
0-1,1-0,0.0003405249207337399,0.4396345479726686,0.5198796494948453
0-1,1-0,0.0002989039109893086,0.4829902344173332,0.47642876262116646
1-0,1-0,0.0003150300308842643,0.43312637464025766,0.526382047326204
0-1,1-0,0.00021626161335538561,0.43401840240501327,0.526645450642697
0-1,1-0,0.0002104464971454786,0.42117490525171647,0.5391582914342735
1-0,1-0,0.00020984993031771565,0.4578290865839313,0.5022693002412469
1-0,1-0,0.000274684264395704,0.42420547039497597,0.5353525347152508
1-0,1-0,0.00034140642520554936,0.4468243808767099,0.5126982457105744
1-0,1-0,0.00022543633637218667,0.3788887816265709,0.5836676926589879
1-0,0-1,0.0002680185686986401,0.5401497187057732,0.4189972922682958
0-1,1-0,0.00022909315342139038,0.48728708210324007,0.47224396772812915
0-1,1-0,0.0002014291521778056,0.4476274257551257,0.5156300620357739
1-0,1-0,0.00024074864494768794,0.44006488958107093,0.5194289747445294
1-0,0-1,0.0003013501904088083,0.5326253634412822,0.42671738124668784
1-0,1-0,0.0003324881375784133,0.4207230318316672,0.5387554826214501
0-1,1-0,0.0001947469565909483,0.48059318836975573,0.4809176888514562
0-1,1-0,0.0002054150154376457,0.4658288954095418,0.4955379142027102
1-0,1-0,0.00031371783952930597,0.45647432485141376,0.5029853424775829
1-0,1-0,0.0002143726963214491,0.4324718327625613,0.5277629724038844
0-1,1-0,0.00020017328031932412,0.47891518029426816,0.4807241486323108
1-0,1-0,0.0002286626392940809,0.5114310460005005,0.4481698547331208
0-1,1-0,0.0002729457718305946,0.4802560115886866,0.4792321613784387
0-1,1-0,0.00024057940240542383,0.4272487886489145,0.5329362542286767
1-0,1-0,0.00029029469261216177,0.4398493988025239,0.5198347722095559
0-1,1-0,0.00032550835431320715,0.5022521168216498,0.4571839859659087
1/2-1/2,1-0,0.0002846058873153028,0.42723234351694145,0.5180701136323704
0-1,1-0,0.0002043165460351681,0.4511164383020566,0.5117083900369247
0-1,1-0,0.00037051276136163496,0.4177562646133786,0.5419104822943444
1-0,1-0,0.00033149024765257655,0.434994344114919,0.5244288152161419
0-1,1-0,0.0002478492406484602,0.44213833782273,0.5173230745784273
0-1,1-0,0.00019506277770365698,0.5038193017354061,0.4607785806110765
0-1,1-0,0.00028987347603314883,0.46086273621920815,0.49849444807901294
0-1,1-0,0.00021664015366242636,0.5142615066569424,0.4455212380985565
1-0,1-0,0.00020312687361649434,0.439776862100136,0.5257046920171051
0-1,1-0,0.00027527268146113396,0.4041401399882012,0.5556993479818787
1-0,1-0,0.00025260883459364265,0.42535008043154093,0.5344261776698204
0-1,1-0,0.00033303221552928065,0.44045251287781023,0.5189637245399866
0-1,1-0,0.00020418609229247775,0.46894716449831586,0.4914599780284771
0-1,1-0,0.00025224921133757967,0.43747389013719395,0.5220612060635846
1-0,1-0,0.0002506780312189893,0.4045332299695976,0.5559595454779117
1-0,1-0,0.0001986357179909572,0.4885040031280505,0.47162038862804895
0-1,1-0,0.00021510419231116963,0.4642407982820463,0.49529830542647996
0-1,1-0,0.00031085020584705435,0.4665481458598335,0.4929610080333169
1-0,1-0,0.00022894879324508835,0.48703244920490196,0.4727228510775944
1-0,0-1,0.0002442598346907621,0.5626767674290291,0.3968508412557896
1-0,1-0,0.0003525577721652891,0.442537541393946,0.5169606864457456
1-0,1-0,0.00030630528925927375,0.46355406110987,0.4958406486569029
0-1,1-0,0.00022829044650643594,0.49634641484435393,0.46321214766891355
0-1,1-0,0.00024725125850061646,0.5025301478000699,0.4568077806026503
1-0,1-0,0.0003436195962040449,0.431368034682614,0.5281167673592324
1-0,1-0,0.0002484692053762915,0.4023878285227188,0.5572563729472682
0-1,1-0,0.0002724872571472972,0.48096875374060927,0.47871472831699974
1-0,1-0,0.0002706101823276387,0.4559176651205516,0.5037356536400971
1-0,1-0,0.0002541616362782833,0.4430118916452122,0.5165996858926473
0-1,1-0,0.00028248183394241323,0.4710810153565289,0.48856043785924047
1-0,1-0,0.00029940982145392007,0.4313117447216589,0.5283665309408794
0-1,1-0,0.00029800150390771226,0.4680789930125964,0.4913022327503445
0-1,1-0,0.00020614121045194015,0.501311134635701,0.4496120133631111
1-0,1-0,0.00023716121793839574,0.4490007821935519,0.5104917087854247
1-0,1-0,0.00035076385928671207,0.45269319699515415,0.5068898111609434
0-1,1-0,0.000258180832002797,0.4478776341737843,0.5124021564740047
1-0,1-0,0.00021817693953148402,0.4464528162776262,0.5138408351548213
1-0,1-0,0.0001966853690249104,0.4585693207305758,0.501376640487714
1-0,1-0,0.00025440147952454346,0.4579857898393311,0.5016700956275364
1-0,1-0,0.0002117626175080173,0.4215079809157139,0.5381450458710781
1-0,1-0,0.0002927134296132315,0.416223231388056,0.5432711086315937
1-0,0-1,0.00023376704021721033,0.5203550255025204,0.4390101814783583
0-1,1-0,0.00022173460654041012,0.4942348566547792,0.46530633725942017
0-1,1-0,0.0003245550592635366,0.4548920566658738,0.5047036289817245
1-0,1-0,0.00020795976701061438,0.4634415505727702,0.49610808335256723
0-1,0-1,0.00021900509089766316,0.5566838223902009,0.40215791871545964
1/2-1/2,0-1,0.00030764223564304794,0.5247630898774367,0.38019614187009615
0-1,1-0,0.00020846834333285809,0.42706196888530285,0.5326322826366306
1-0,1-0,0.0003444978711857158,0.42850383390724356,0.5311139185645143
0-1,1-0,0.00030802731703809933,0.45677253975327925,0.502906052153483
0-1,1-0,0.00027550237505082054,0.4295300303655504,0.5301143654125607
0-1,1-0,0.00020890524444438358,0.4253826574003299,0.5343570451181461
0-1,1-0,0.00032171227683375973,0.467267701502192,0.49233086340482907
1-0,1-0,0.0002729918490467244,0.4862586462368253,0.4731511182113314
0-1,1-0,0.00019931797312726927,0.4996048557503562,0.4602561794878486
1-0,1-0,0.00024953349610261594,0.4523676868652405,0.507251620228173
0-1,1-0,0.0003593009724889461,0.458965521154931,0.5005651832684508
0-1,1-0,0.00022021299791513967,0.4868778090041951,0.47256384030904425
1-0,1-0,0.00033692606576216566,0.44575620221756074,0.5138706577526321
1-0,1-0,0.0002166550320235207,0.41419141959555605,0.5454075619972887
0-1,1-0,0.0003612956236581261,0.4385994162969982,0.5209774794616616
1/2-1/2,1-0,0.000264892020756947,0.4394914174503327,0.5200304674016294
1-0,1-0,0.0002475900283415556,0.4441656493394685,0.5155438546409886
0-1,1-0,0.000295252560566852,0.4780858961637947,0.4812551826023637
0-1,1-0,0.0002307058304169242,0.44786157960695683,0.512369974289403
0-1,1-0,0.0002157946847187613,0.48574007466910996,0.47453603065211075
0-1,1-0,0.00020985560302077129,0.48385666867355726,0.4756499764708553
0-1,0-1,0.00022026258480661303,0.5379386007352178,0.4218180096289416
0-1,1-0,0.00024430867380119577,0.402449633064996,0.5514463719383317
1-0,1-0,0.0003320594853241761,0.45643077438230617,0.5031410363767723
1-0,1-0,0.00028635563404549787,0.4283596121318066,0.531111026479864
1-0,1-0,0.00032153857764441083,0.44151615751090906,0.5180843930785365
0-1,1-0,0.00021248250445582496,0.4660022079212476,0.49363457638960473
1-0,1-0,0.0002966145757413383,0.4269941093441059,0.5327943897536094
1-0,1-0,0.00031540873669916005,0.43372570568830665,0.525673907829903
0-1,1-0,0.0002840347238388953,0.4815946722537429,0.47782289151950985
1-0,1-0,0.00027131531098685763,0.45406809790071506,0.505454401574637
1-0,1-0,0.00035670974470421033,0.4483071003511371,0.5111306972101604
1-0,1-0,0.00027886799317942176,0.4296771804870377,0.5301738023013312
1-0,1-0,0.00031593102579847683,0.4299497717917079,0.5298008277986805
1-0,1-0,0.00033935547725921626,0.4314172679640439,0.5280641330644347
1-0,1-0,0.0002028785828632597,0.44040322882154026,0.5192332424100017
1-0,1-0,0.00034874002901407933,0.435798961906308,0.5237142613409864
0-1,1-0,0.00035949389944352596,0.4618274858617754,0.49768480707796875
0-1,1-0,0.00021664220344910708,0.41611221180715935,0.5461098420404855
0-1,1-0,0.00020886610009018935,0.42534084863482163,0.5348596139336987
1-0,1-0,0.00037010944767251253,0.44016725631203674,0.5192856004994493
0-1,1-0,0.0002463124284954361,0.4455574015943522,0.5072213924189187
1-0,1-0,0.000253197719914346,0.4752629215315205,0.4841075963544697
0-1,1-0,0.00029088259785982925,0.42510481070446615,0.5344660994805438
1-0,1-0,0.00037215069138035224,0.4512968999045226,0.5080981076254879
1-0,1-0,0.00030542764242985046,0.46974535528458056,0.4898813709603623
1-0,1-0,0.00030617282351824395,0.421536115477061,0.5379739482065599
0-1,1-0,0.0002090516296267122,0.45431859932769547,0.5057395143671534
1-0,1-0,0.0002720655449860203,0.4553976820299691,0.50429877966461
0-1,1-0,0.0002489288966765236,0.45061526707183897,0.5091093706250738
1-0,1-0,0.00026096560934238747,0.4274506329540231,0.5323123565169345
1-0,1-0,0.00025472358775972977,0.4864592242330407,0.4728727033803743
1/2-1/2,0-1,0.00042382503829656906,0.4848050225213034,0.41831001108838384
0-1,1-0,0.00023395321689636343,0.420497098123859,0.5391668149039697
1-0,1-0,0.00024148157306657048,0.46443996248409997,0.49539522830990734
1-0,1-0,0.0003367608232769418,0.45189418328088576,0.5075137970004329
0-1,1-0,0.00020252479360834282,0.44933801084463365,0.5102593506035593
0-1,0-1,0.00022069269118911702,0.5338379325127324,0.4258390044898125
0-1,1-0,0.0002524343160314529,0.4871941184083201,0.4724969592852842
0-1,1-0,0.000320463196753841,0.4607430420681429,0.4986513761008375
0-1,0-1,0.00023507159416485398,0.5166929902285918,0.442823102171324
1-0,1-0,0.0003507686861814004,0.4631944907621203,0.49628731552447475
1-0,1-0,0.0003640646560892799,0.44575116248170493,0.5137356033736361
0-1,1-0,0.0003638931029519232,0.4204946727719802,0.5391430903219796
0-1,1-0,0.0002777607352020487,0.4248481515385854,0.534658350792117
1-0,1-0,0.00021747115737460608,0.45568832283708677,0.5037253641018247
1/2-1/2,1-0,0.00022535840579269775,0.5013276770755742,0.4580717503847362
0-1,1-0,0.00020114676895623338,0.4699086054214009,0.48623297212538386
0-1,1-0,0.00036777752419867737,0.43276292552375306,0.5268100450618804
0-1,1-0,0.00023488012389111758,0.4596346293529233,0.49999856127183007
0-1,1-0,0.00020554431582393365,0.4923287114437554,0.46781303435216604
1-0,0-1,0.00017764675023371407,0.5837628012040368,0.39348635635109097
1-0,1-0,0.00036469295175365604,0.43753320687154407,0.5219952146288316
1-0,1-0,0.0002144163590188862,0.4167523625656733,0.5442336662967023
0-1,1-0,0.0003183874307218508,0.46956600246542374,0.48995581852080766
1-0,0-1,0.00019727606715617136,0.5322812670495619,0.43287011606507003
0-1,1-0,0.00022639606559111912,0.4394956062968346,0.5200283291617736
0-1,1-0,0.0002622425932473028,0.48339315612164147,0.4760304383144238
0-1,1-0,0.0002010315050154277,0.4714502900928731,0.48877964703037463
1-0,1-0,0.0003508964847048738,0.4378967178100679,0.5216761472220295
0-1,1-0,0.00026737881384147227,0.5139299401851956,0.44524594239662896
0-1,0-1,0.0004019421489947491,0.6380413014008397,0.3209265556450484
0-1,0-1,0.00020836606157008283,0.5445318946164065,0.41429447557581284
1-0,1-0,0.00028194539889471123,0.4375522783481885,0.5221124184168492
0-1,1-0,0.00036151655052141517,0.4553049167854436,0.5042325431906844
1-0,1-0,0.00019288256701113126,0.4719600716287331,0.49820547986099106
1/2-1/2,0-1,0.00021705536575657709,0.558102271246584,0.4032292326251683
0-1,1-0,0.0003461694363837307,0.4755710170486723,0.4838302955983202
1-0,1-0,0.00023404450013352304,0.44458004745132884,0.515039088621446
0-1,1-0,0.0003413801762933391,0.4401758554843426,0.5194603422688647
1-0,1-0,0.00029290690032650227,0.4446967491958788,0.5150764955522322
0-1,1-0,0.00023612491369412358,0.4512676706095572,0.5082717697391685
1-0,1-0,0.00036779739822298486,0.4523589080804181,0.507025191941131
1-0,1-0,0.0001997299987536358,0.45193785619163274,0.5090042118329717
1-0,0-1,0.0003027314430256931,0.5171481234942007,0.44247976514989085
0-1,1-0,0.00021097674798562595,0.5047166096448319,0.4553072194188294
1-0,1-0,0.00026418250155937895,0.4519747523083218,0.5082071637205378
0-1,1-0,0.0003621883299687795,0.45669585149974523,0.5028019083729522
0-1,1-0,0.00026507687490289584,0.479092279197433,0.4807160453994685
0-1,0-1,0.0002816481454452817,0.5324754955717838,0.4268684222201235
1-0,1-0,0.00035272731132464326,0.43537397262650684,0.5241536770483266
1-0,1-0,0.00035785734159334286,0.4386587830796134,0.5208657830822976
1-0,1-0,0.000301434836176209,0.42485552775610824,0.5346202126145531
0-1,1-0,0.00024972675164771827,0.4766298461931972,0.48322852485132434
1-0,1-0,0.00021921438173689626,0.4282872903953472,0.531505229411332
0-1,1-0,0.0002737295075835197,0.4672753779741787,0.4921538187212289
0-1,0-1,0.00019913881430011352,0.517221918708109,0.44437196411487495
1-0,1-0,0.0002732361406860202,0.4294992839691888,0.5307667097991479
0-1,1-0,0.00036636737290862454,0.4302221947305925,0.5293790500085417
0-1,1-0,0.00021698985065005325,0.4202048023107548,0.5400695731529076
1-0,1-0,0.00031432167732703414,0.4293110704408927,0.5304135070473348
0-1,1-0,0.00032289685823981996,0.48368487613871813,0.4759009584023214
0-1,1-0,0.0002425165964334637,0.43956328505887626,0.5201653450358009
0-1,1-0,0.0002089194550444773,0.42364558976411126,0.536792776298953
1-0,1-0,0.00022264542623485857,0.497007838924764,0.46243181213304063
0-1,1-0,0.0003309177887927722,0.4733149081758539,0.4862138596359044
1-0,1-0,0.0003034705423177414,0.4624047167918771,0.49714140600964773
0-1,1-0,0.00023985359564990524,0.4351411763309968,0.5254499793025141
1-0,1-0,0.00019467927692404976,0.46366546976376527,0.49622242368835634
0-1,1-0,0.00022867993580090297,0.4268061683258055,0.5336677568554998
0-1,0-1,0.0004085984886031722,0.6946663778759076,0.26388922504713286
1-0,1-0,0.0003318090600556797,0.42475373541506667,0.5347125771714359
1-0,1-0,0.00034789749763938966,0.4595708253032351,0.4999293498630004
0-1,1-0,0.000359121821152908,0.4264775957801551,0.5331156806810173
1-0,1-0,0.0002375313517892884,0.4640936505613155,0.4957422190729446
1-0,1-0,0.0003312678351366667,0.46833753062644246,0.4910824425021599
0-1,1-0,0.00026733297648119664,0.47031567031478716,0.48906349807220945
0-1,1-0,0.00021181520044252143,0.4984596215779827,0.4614907777159059
1-0,1-0,0.0002192976164944309,0.41216610287704025,0.5476237375567939
1-0,1-0,0.0002258171066910937,0.43784966083442745,0.5218818845060893
0-1,0-1,0.00023110875384067624,0.5162336175711062,0.44319857227300735
0-1,1-0,0.0003319088860934687,0.464761381751683,0.4947494471816328
1-0,0-1,0.00031066367196063815,0.5152955199146239,0.44415537867439947
0-1,1-0,0.0003395660020310434,0.4149354633667105,0.544878048869893
1-0,1-0,0.00020572334056023555,0.4393342183241416,0.5204649951723463
1-0,1-0,0.00021551228588608955,0.44174468627187996,0.519556062176415
1-0,1-0,0.00022004446831425784,0.47460866783351474,0.4848994271337103
1-0,1-0,0.00019753797169551164,0.4571591951888688,0.5026034641515224
1-0,1-0,0.00022737678803034427,0.42058266478136724,0.5400384309815905
1-0,1-0,0.0002635893871924834,0.40824393938935727,0.5515427579021798
1-0,1-0,0.00020826598437504012,0.5012969833611121,0.4586478822542691
0-1,1-0,0.0003461774560494846,0.4673243360795057,0.49209790712240775
0-1,1-0,0.0002952582879721687,0.4564146266102924,0.5033584242200514
0-1,1-0,0.00025182450611853396,0.4401836425565403,0.519348948571766
1-0,1-0,0.00020210379463522475,0.44304292032887876,0.5210736632333164
0-1,1-0,0.00031826308250597514,0.4222724942069913,0.5375287402740683
1-0,1-0,0.0003204367829636556,0.46509240536260277,0.494509577410373
0-1,1-0,0.00021457313880648082,0.43681370913473455,0.5227927698726571
1-0,1-0,0.00035237455274359815,0.4360368161402029,0.5235161811742014
1/2-1/2,1-0,0.00024692036408012095,0.5045957544905209,0.44730731845436555
1-0,1-0,0.00020694723600559026,0.4476627742275858,0.5119325518186126
1-0,0-1,0.0002411070327053596,0.5712011271043594,0.38762290706910807
0-1,1-0,0.00035128486482668606,0.44561696292583475,0.5139320380646725
1/2-1/2,1-0,0.00021524919253715426,0.4527073025319211,0.5040727489178135
0-1,1-0,0.00028777555150804045,0.502561419848711,0.4569302703984319
1-0,1-0,0.00027131795832071193,0.4502762534628058,0.5091612152555203
0-1,1-0,0.00020969828631485125,0.42832097293319515,0.5320667540074431
1-0,1-0,0.0003499299110260875,0.4183953348176416,0.5412024291309651
1-0,1-0,0.0003542482241292459,0.5083364566915949,0.4509307529350353
1/2-1/2,1-0,0.0002466620364221888,0.42054411846835466,0.5391891535122069
1-0,1-0,0.0002807570522107344,0.44154562393093866,0.5185906563893761
1-0,1-0,0.0002006094944144951,0.45554717697202046,0.5062300450836614
1-0,1-0,0.00023827112032865773,0.43432708558317257,0.5252541667432871
0-1,1-0,0.00021892252290783954,0.45296994774910604,0.5069716512109244
1-0,1-0,0.00020749573689763049,0.46794580681715386,0.492109122243408
0-1,1-0,0.00020921658110863267,0.42617872798010775,0.5333998961077452
1-0,1-0,0.00022084060708780186,0.40743433059107037,0.5529803487226057
1-0,1-0,0.0003157153104584539,0.4553628443251995,0.5040698685709712
1-0,1-0,0.0003766424767009728,0.41916046043733424,0.540500928492401
0-1,1-0,0.00025015574316264937,0.455292761443106,0.5044399444186253
0-1,1-0,0.0002566842388206981,0.4301782126690206,0.5291892192688542
1-0,1-0,0.0002998666821376523,0.42420704176258495,0.5352550058248218
0-1,1-0,0.0003482436247211507,0.44563893510782565,0.5139002678307841
0-1,0-1,0.00025607418776648196,0.5262826440781784,0.4330277279072324
1-0,1-0,0.0003089479467616043,0.4300354296172825,0.5297030888030746
0-1,1-0,0.0002103733307439685,0.44761139775050146,0.5126736100823445
1/2-1/2,1-0,0.000287390801048098,0.42830485980357086,0.5312715982276459
0-1,1-0,0.00023324004365852163,0.506080368257096,0.453279939505678
0-1,1-0,0.00028462354953618475,0.4899310849825406,0.46943839143961325
0-1,1-0,0.00028599117199964996,0.44717333673341725,0.5128680605790576
1-0,1-0,0.0003054186915327323,0.4293489892798841,0.5300719641481748
1-0,1-0,0.00021402750138253666,0.4825788783839357,0.4769593494872532
0-1,1-0,0.0003349185187968616,0.48873371334258625,0.4705689215685983
0-1,1-0,0.0002504914506875332,0.43574619861179437,0.5238794747737765
1/2-1/2,0-1,0.00024005660003152451,0.5210674091072562,0.43836215311315035
1-0,1-0,0.00035125741949176994,0.4509410452007362,0.5085380739745073
1-0,1-0,0.0003370666648834462,0.439028797615179,0.5205483186471382
1-0,1-0,0.0002648135089530318,0.44985560125300955,0.5099511814236823
1-0,1-0,0.0003891900006113332,0.41954450580119845,0.5400420592625946
0-1,0-1,0.0002029420277563464,0.5766798326517018,0.392696637461143
0-1,1-0,0.00032744642222229023,0.4337959933115024,0.5256470450527602
1-0,1-0,0.00021634480965672102,0.4247079619076349,0.5349444304636595
1-0,1-0,0.00025103412677370473,0.49379695493992865,0.465539866047106
1-0,1-0,0.00024429736523415486,0.4640140673625613,0.49588944369749055
0-1,1-0,0.00023496427646078192,0.4530375116555436,0.5003963661111231
1-0,1-0,0.0002005330986170142,0.486604722448015,0.47381354968870576
0-1,1-0,0.0002120377483291418,0.4763484361919251,0.4832087161644448
1-0,1-0,0.0003629935946371303,0.4235352427656794,0.5360884702840872
1-0,1-0,0.00021636400588474398,0.45522930554144686,0.5045021473063023
0-1,1-0,0.0003255126010655321,0.4378834380271069,0.5217977495275926
1-0,1-0,0.0002748763042834454,0.5018564543401144,0.45784855483125514
0-1,1-0,0.00024152969165556492,0.5075115436229111,0.4518511610406313
1-0,0-1,0.00034836792565182617,0.5584969265841747,0.4008658636422373
0-1,1-0,0.0002566389948700464,0.42750260223913944,0.5315745917170023
1-0,1-0,0.0003232116157345045,0.45981833262996297,0.4996904050147965
0-1,1-0,0.0003076021468170685,0.4461489296876966,0.51327815341205
0-1,0-1,0.00043518184388972875,0.6481426360599235,0.3105357861648766
1-0,1-0,0.00024716959837793844,0.4222948244057997,0.5372641191889784
1-0,1-0,0.0003405242497238944,0.4263649493100812,0.5331365924223682
1-0,1-0,0.00030843017211452174,0.43351320068753607,0.5259622272688057
0-1,1-0,0.00025551997966976236,0.44564106521878616,0.5139302423475267
0-1,1-0,0.0002445587605647536,0.4373218632546028,0.52228699077644
0-1,1-0,0.00025195744949481195,0.4528445185307901,0.5067317905397228
0-1,0-1,0.00033529507051807537,0.520204439642607,0.4392192409921636
1-0,1-0,0.0003604067295961963,0.39314755427680265,0.5668624178785796
0-1,1-0,0.00026764929748701133,0.43511355539403435,0.5244867831549017
1-0,1-0,0.00034639336315537834,0.4426973050455482,0.5168419700250522
1/2-1/2,1-0,0.00023065614258363374,0.5040420329793897,0.4554576619941336
0-1,1-0,0.00022585007848153202,0.5090523113279806,0.450326327936127
0-1,1-0,0.00030440505986807436,0.45919641888652724,0.5004875874785684
0-1,1-0,0.00036402285410717206,0.44677029274609104,0.5127947021161775
0-1,1-0,0.0003112924705799147,0.41708784565586077,0.5427597894689026
1-0,1-0,0.00026709214175653606,0.43747781252734125,0.5220754763301589
0-1,1-0,0.0002442646126704026,0.4627176180345453,0.4970499923365083
0-1,1-0,0.00021730776149151944,0.4134010624274182,0.5462458180313906
1-0,1-0,0.0003368058553423224,0.42040444388655507,0.5392646297898307
0-1,1-0,0.0001968246417943925,0.4838129760577603,0.47904874900789385
0-1,1-0,0.00027168230654879354,0.4550942825534202,0.504573253019374
1/2-1/2,1-0,0.00022792072984160339,0.4345917327168361,0.52499034690696
0-1,1-0,0.0002912043739003962,0.4246959023283188,0.5348619189466118
1-0,1-0,0.0002958981746093676,0.44690941810014145,0.5125610971895999
0-1,1-0,0.000226131997929239,0.4734179275867599,0.4864732426688716
1-0,1-0,0.0003241714811651507,0.42855533374433397,0.5308638020580084
1-0,1-0,0.00027489775411588537,0.46383342936272387,0.49559184248808963
0-1,1-0,0.0002898184737789692,0.4416635214191288,0.5178113614264457
0-1,1-0,0.0003709566570302162,0.45146200087650956,0.5079960657500896
0-1,1-0,0.00026614064112375765,0.4843552110076453,0.4750166387838853
1-0,1-0,0.0003750581435203001,0.4352820860283677,0.5242581726483853
0-1,1-0,0.0002197468012436896,0.48931291049898035,0.4698107298762913
0-1,1-0,0.00020325121491323244,0.47476661884680066,0.4854861535645243
0-1,1-0,0.00032940496773256964,0.42942432681347315,0.5300086321025218
1-0,1-0,0.00021307208468689944,0.4927121351529412,0.4498442474315968
0-1,1-0,0.00037207761770206794,0.44440744974298474,0.5150355360139747
0-1,1-0,0.00023729607329441466,0.42089123099216,0.5387883170464105
1-0,1-0,0.00020894959878998937,0.4416018595765396,0.51799403247477
1-0,1-0,0.0003254522709273935,0.46051090233861547,0.4990311037935255
0-1,1-0,0.0003593536444467495,0.45140564375759135,0.5080509853886249
1-0,1-0,0.00034932630367785674,0.4411194300066302,0.5184830738865124
1-0,1-0,0.00023809809855677253,0.44346715500534106,0.5169345521639688
1-0,1-0,0.00020282262498982667,0.4404189916036027,0.5231658055313199
0-1,1-0,0.004790508616347244,0.16543888119234496,0.38566734719034096
1-0,1-0,0.00020133438857507105,0.4965050009168125,0.4639567561479858
1-0,1-0,0.00025870558430224556,0.40699471850990665,0.553382682178247
1/2-1/2,1-0,0.0002189366870857495,0.4360121213790509,0.5234986885415105
1-0,1-0,0.00020514180210518183,0.4660037019753592,0.49758024118265637
1-0,1-0,0.00021815685460392927,0.4119753015690368,0.5486291866787751
0-1,1-0,0.00021009800943065304,0.4363345908150764,0.5242442499781418
1-0,1-0,0.00020090847936984622,0.45048651037626597,0.5107800807968275
0-1,1-0,0.00036728685600692727,0.4323995737797378,0.5272085496984381
0-1,1-0,0.00038140052886958544,0.4311526280051757,0.5283083982633905
0-1,1-0,0.00021194967412847335,0.42282321384129895,0.5370402714844873
1-0,0-1,0.00021530880679219882,0.522114199470248,0.43798481031215125
1-0,1-0,0.00020608924615326448,0.4297398963647002,0.5304491720399043
0-1,1-0,0.00024389463517218542,0.44827565167938077,0.5112428751689297
1-0,1-0,0.0002535953057583182,0.4345634885180871,0.525072237539064
0-1,1-0,0.00035688627152914574,0.45688459206756354,0.5026401151015494
1-0,1-0,0.0003647168706908053,0.44249775624106874,0.5170504302533271
1-0,1-0,0.00032298001487472065,0.4357595251159643,0.5239132644537268
0-1,1-0,0.00021488103761036593,0.4224746172218956,0.5372990313741319
0-1,1-0,0.0002674678618250749,0.47201295967698803,0.48763340778003456
1/2-1/2,1-0,0.00026092060880274556,0.43847544207194505,0.5210875192744966
1-0,0-1,0.0002412545383252681,0.5264965482083506,0.43286802036936084
1-0,1-0,0.0003563771752691969,0.446403029402159,0.5131810696483322
1-0,1-0,0.0003599693691090633,0.4524374671819763,0.506968341689961
0-1,1-0,0.0002030270749409257,0.48297657975406305,0.47781849678754906
1-0,1-0,0.00033311392848982887,0.4430042212324547,0.5165971995123354
1-0,1-0,0.00019847261559259363,0.4513024496417918,0.5083251679176352
1-0,1-0,0.0002656879436302511,0.4675916551425075,0.49176549577499723
1-0,1-0,0.00022097486869788322,0.41209109588057496,0.5477525558610042
0-1,1-0,0.00023707981943706972,0.5001973389443831,0.4593044705328318
0-1,1-0,0.0002101696880948381,0.4261719867849269,0.5335233926269849
0-1,0-1,0.0005024621554689932,0.7185819388120752,0.23963788481811207
0-1,1-0,0.0002010076423738367,0.5074264803770167,0.4521273693194632
0-1,0-1,0.00023228704391174384,0.5270119871541655,0.43246583795475807
1-0,1-0,0.0002737894119880489,0.4848727960287973,0.47447686536361505
0-1,1-0,0.00033942013140523755,0.4394305889593319,0.5200567648858622
1-0,1-0,0.0002411967697344591,0.43462533264566405,0.5254944730148456
1/2-1/2,1-0,0.00025651462923346666,0.39580661364648334,0.5620361283477227
1-0,1-0,0.00034651661225033577,0.4388547704880468,0.5207306141576012
1-0,1-0,0.00020587020968150947,0.5066239774595116,0.44628503528997854
1-0,1-0,0.00020900472807253018,0.4587675630960646,0.5009041031281803
1-0,1-0,0.00026360098480435526,0.4098384472333527,0.5500078648600754
1-0,1-0,0.000269133775674206,0.5088391667264074,0.45041125094088486
1-0,1-0,0.00034722218904931847,0.4284928114502704,0.5310483676578198
1-0,1-0,0.0002948556853933719,0.4300538945074864,0.5297716152697483
0-1,1-0,0.00021132113627412305,0.4475168563974666,0.5122360443146051
0-1,1-0,0.00031267330930983547,0.4232180636636661,0.5363927332105055
0-1,1-0,0.0002871655101814913,0.4376785546136509,0.5218735926806795
0-1,1-0,0.000232336596953772,0.4171132413513486,0.5432896728893678
1-0,1-0,0.00023623597645343455,0.3808683305505192,0.579265956770428
1-0,1-0,0.0002025843351427007,0.45557448878333423,0.5075409728834734
1/2-1/2,0-1,0.00024844707203428457,0.5151544136870567,0.44419865854025986
1-0,1-0,0.00024745868105316654,0.4261272719453029,0.5336124490554222
1-0,0-1,0.00020323637748669195,0.5245643587143782,0.4361177466920077
1/2-1/2,0-1,0.00043410898609991646,0.7020364922931595,0.25594812966398656
0-1,1-0,0.0002438016831870133,0.4514961776484884,0.5075831526687222
0-1,1-0,0.00023086198602637135,0.48158878225458546,0.47787505854836393
1-0,1-0,0.00021625927735039057,0.4130916302368729,0.5487543768022647
1-0,1-0,0.0002998797639488459,0.4248088831552458,0.5347294707971317
0-1,1-0,0.0003470093050719059,0.47920925347295096,0.4802519185468065
0-1,1-0,0.0003208153634680753,0.4418899343572906,0.5176040533742217
0-1,1-0,0.00022668078531327848,0.45450104177166517,0.5053148296542289
1-0,1-0,0.00022166077366466794,0.40872465947905134,0.5509469067890798
0-1,1-0,0.00021025413704887802,0.5102300523481171,0.4473433550327945
0-1,1-0,0.0003601765475894969,0.4305431868252035,0.5290303002926899
0-1,1-0,0.00022979747754408824,0.4299663132947936,0.5301997118726653
0-1,1-0,0.000293136519868198,0.47584180925680986,0.4836034405255215
1-0,1-0,0.0003526073964862128,0.42628355521827493,0.5333159011398555
1-0,1-0,0.00023574242986283372,0.35937389158484195,0.6013069501011843
1-0,1-0,0.00025504061981592113,0.4348642295369563,0.5255659158628422
0-1,1-0,0.00034798955331311754,0.42152969481479063,0.538066673516997
1-0,1-0,0.0001983756084427236,0.48398657901613146,0.4767285389931885
1-0,1-0,0.00023857325550852532,0.4796296526271887,0.479821229005839
1-0,1-0,0.0003551308306389967,0.42952635063507183,0.5300419028546136
1-0,1-0,0.0003791393513938523,0.4204774746015095,0.5391892724809804
0-1,1-0,0.00020005119839940506,0.463992795609524,0.5077716643778865
1-0,1-0,0.0002196966476015938,0.48855135515720016,0.47104748172181765
0-1,1-0,0.0003144620587150816,0.4152707140050748,0.5444329454148377
0-1,1-0,0.00022129696937564833,0.49652428486292044,0.4630252285674105
0-1,1-0,0.0002965682672181998,0.4381758183003214,0.5212500845649427
1-0,1-0,0.0002919669455994402,0.4897654942402392,0.4695782707666768
0-1,1-0,0.00028504700442887504,0.4751732072548348,0.4841484122715381
1-0,1-0,0.0003058490263398899,0.46872468071364554,0.4910433739883453
0-1,1-0,0.00029382906581903664,0.4257506627023279,0.5340857836359586
0-1,1-0,0.00049021760824894,0.4585713122847787,0.42864449023928247
0-1,1-0,0.00034601945614073855,0.4364685877746713,0.5231384244981611
1-0,1-0,0.00021100314489967426,0.4402240643620331,0.5201808677478372
1-0,1-0,0.00021694759224005728,0.43062792997547583,0.5292209324811415
0-1,1-0,0.00023510271276786564,0.4921361661634899,0.46744113848919144
0-1,1-0,0.0003505372578585452,0.47394878880774693,0.4855541357098829
0-1,0-1,0.0002770911677696124,0.5158537027682675,0.44378756481389403
1-0,1-0,0.00022049204648040766,0.4451732646538233,0.5143590999041397
1-0,1-0,0.0003730636778241057,0.4352186796067161,0.5243632349695988
0-1,1-0,0.00036209309699742926,0.4116670298585119,0.5480191208492651
1-0,1-0,0.00021567768852135845,0.4443605223920844,0.5162855224971955
1-0,1-0,0.00030069767223432555,0.41152646311982594,0.5480075552492759
1-0,1-0,0.00023057905019177862,0.4489905275500852,0.5106107423844178
1-0,1-0,0.00021576697790510847,0.43235522779415886,0.528848432790087
0-1,1-0,0.0002580639826348396,0.4423431165045084,0.51795078871962
1-0,1-0,0.00019867560714169122,0.4538758748219771,0.5077802727382751
1-0,1-0,0.00025116762719433705,0.45973455896057713,0.4997798770605808
1-0,1-0,0.0002783268069883512,0.4299099732410243,0.5299419593464413
1-0,1-0,0.00036073164594325677,0.4468503419092867,0.5126190071189601
1-0,1-0,0.0002619493098358101,0.4372128132677038,0.5225674929794218
0-1,1-0,0.000269716079960417,0.4371311225348619,0.5224233347854462
1-0,1-0,0.0002237499380745759,0.49854007452860544,0.460908741628494
1-0,1-0,0.0002761312804756722,0.43069543019910556,0.5289151697067107
1-0,1-0,0.00034530166596259237,0.47416456218096825,0.485217859585836
1-0,0-1,0.00035265450884483756,0.6672703625063364,0.29188551930579854
1/2-1/2,1-0,0.00025588131005949903,0.4442247438686069,0.5153165458292899
0-1,1-0,0.00028376866782511124,0.4131689349471358,0.5462684986976563
1-0,1-0,0.00021733716611516523,0.47184203247236883,0.487874774004533
1-0,0-1,0.00018386760124975278,0.5257987945443697,0.4504890699596163
0-1,1-0,0.0002290855705303692,0.4566314283651899,0.5029260252639923
1-0,1-0,0.0003284705627699725,0.4673906331820945,0.4923332884614375
0-1,1-0,0.00036912977701375347,0.44159619226311764,0.5179408334202862
0-1,1-0,0.0002580330134928863,0.47925089187832776,0.4801308735267007
0-1,1-0,0.00037318376002930075,0.4456305089519186,0.5137676049088727
1-0,1-0,0.00021941568275473365,0.48318289771005496,0.4764114258386969
0-1,1-0,0.00028693566651603615,0.47081219825472664,0.48857360981439835
0-1,1-0,0.00034764580916201316,0.44465946870926576,0.5149204531398754
0-1,0-1,0.0002077494580132311,0.5269088841369061,0.43306103742682006
0-1,1-0,0.0003362010560473078,0.4333753600013653,0.5260751199022025
0-1,1-0,0.0002090515489359387,0.4344838667212507,0.5246436363742197
1-0,1-0,0.00025208612566609493,0.4378041642087918,0.521827061694738
1-0,1-0,0.0002930248522812044,0.4241667989316794,0.5356252666695623
0-1,1-0,0.00028797728547160856,0.4689985169057429,0.4905236464690444
1-0,1-0,0.0003431340102973661,0.4389243355187924,0.5205731318895935
0-1,1-0,0.0003263069194627777,0.4807950612198073,0.47875466714421816
0-1,1-0,0.00022638951202199196,0.5061944352149894,0.4531211345180804
0-1,1-0,0.0003184659350518607,0.4289978507565248,0.5304256780066695
1-0,1-0,0.0002204860934611907,0.4175530573727226,0.5424889959240846
1-0,1-0,0.00026643729398010606,0.5061379223451665,0.45314576354876485
1-0,1-0,0.0002406281989545121,0.4260846388782078,0.5338751689580276
1-0,1-0,0.0003085451083121101,0.4405606502319817,0.5194045002815374
0-1,0-1,0.00021985886156139704,0.6007729894600863,0.3631411570109991
0-1,1-0,0.0003194415091565809,0.48615332174322584,0.473261298780341
1-0,1-0,0.00019568757197538635,0.46238424177234067,0.49753716162032136
0-1,1-0,0.00020824523903545595,0.49942892872144184,0.4607877604764218
1-0,1-0,0.0003070433719500077,0.49414149592642015,0.4652641256896319
0-1,1-0,0.0002862621330762091,0.4711527301153885,0.4881955705299471
0-1,0-1,0.0003686267466092853,0.6866516923207172,0.2730071842312689
1-0,1-0,0.0003356268892885866,0.46106263438142064,0.49854897095484885
1-0,1-0,0.00033602377295471447,0.49089801605261546,0.46846942657104945
1-0,1-0,0.00022008680413764133,0.41140914577059606,0.5483468364513195
0-1,1-0,0.00021230750598646617,0.4662793805007215,0.4851826659217448
0-1,0-1,0.0002169930017846673,0.5585190141106973,0.4003387674396362
0-1,1-0,0.0002528838748899555,0.4775373545937472,0.48194114054671106
1-0,1-0,0.0002763597623225621,0.4061079929429366,0.5536821921291577
0-1,1-0,0.0002895689019308682,0.41733848243842214,0.54436451126262
1-0,1-0,0.0003436565825303946,0.43099419035515873,0.5286302304769279
0-1,1-0,0.00030449943449643185,0.49786402650507644,0.4613929071368945
1-0,0-1,0.0001987840001264473,0.5176750651907588,0.44356387915010104
0-1,1-0,0.00023766720882176533,0.45098879845960754,0.5085812451680631
0-1,1-0,0.00021268228164341633,0.43953767294215096,0.5205961624059774
0-1,1-0,0.00033283955392662747,0.44232560253880887,0.5171622179834503
0-1,1-0,0.00020907274300241947,0.4422615571583902,0.5209246982187757
0-1,1-0,0.0002570803731548269,0.4401176241828126,0.5196654698661513
1/2-1/2,1-0,0.00028486453094930917,0.47763039078800457,0.4822461274529954
1-0,1-0,0.0003576235511576611,0.47322052819630367,0.4862231961236813
0-1,1-0,0.0002831273794948194,0.4141966703817164,0.5457095533186791
0-1,1-0,0.00032222240565478347,0.47573571594034764,0.48377247044441224
1-0,1-0,0.0002281651329527379,0.4358578393796367,0.5241560147739986
0-1,1-0,0.00020952730772352409,0.42947931515204796,0.5303784235727613
1/2-1/2,1-0,0.00021937053588841164,0.5064183026907983,0.4528356864665214
1-0,1-0,0.00023877128586078256,0.4003364121339539,0.5594966687568623
1-0,1-0,0.0003291535509682164,0.4310400360954248,0.5285868097394654
0-1,1-0,0.0003231264158856678,0.42774053630345626,0.5320520664589821
0-1,1-0,0.0003427272910107901,0.43623662881977116,0.5232991926746341
0-1,1-0,0.0003342332740487792,0.45373140648404797,0.505791338288296
1-0,1-0,0.00021320695871348506,0.4390211618498468,0.5128822050925179
1-0,1-0,0.00037211387137861865,0.451474857292744,0.5079347009387681
1-0,1-0,0.0003471644511934429,0.5141072123527562,0.4451578071334769
0-1,1-0,0.00021553888101556794,0.4231701305169947,0.5373174482559491
1-0,1-0,0.0002178324331062542,0.4740358956485845,0.48080892657334745
0-1,1-0,0.00034793531010804505,0.44852557445471447,0.5110666487726236
0-1,1-0,0.000270174975548104,0.43673268749763977,0.5229360335966284
1-0,1-0,0.00024282601472652604,0.39407585831083597,0.5657813474227793
1-0,1-0,0.0002493458205431889,0.4384304995872256,0.5204009313075822
0-1,1-0,0.00020546148851028934,0.43219361609402607,0.5283696922151735
1-0,1-0,0.0002024702280134683,0.4480026474153862,0.5137943786172631
1-0,1-0,0.0003082696569082297,0.43082353696792797,0.5289170607070761
0-1,1-0,0.0002986094279124805,0.44028206950907517,0.5191579149071598
0-1,0-1,0.00021414343844840882,0.5306443707094727,0.42928246392852165
1-0,1-0,0.00022482431160775787,0.4784098702167149,0.48129132352539855
0-1,1-0,0.00024537729213763284,0.48427160186164736,0.4754078436482648
0-1,1-0,0.00021063241695062465,0.4619427717758974,0.4978515251385972
1-0,1-0,0.0003284544648895539,0.4561718659957944,0.5034233513133147
0-1,1-0,0.00024683536952748683,0.42149415724187256,0.5381317600350299
0-1,1-0,0.000361290479621576,0.45721505155418235,0.5022726048137812
1-0,1-0,0.00030576669610431065,0.4354375531375611,0.5240669167774692
0-1,1-0,0.0002992639403370738,0.4485639454624966,0.5108451744539613
1-0,0-1,0.00023398191754705377,0.5159273267081113,0.44339264085588004
1-0,1-0,0.00022362974760252753,0.45857986368791137,0.5009695217261535
0-1,1-0,0.0003168210325531872,0.4274384206091367,0.5319973520903238
1-0,1-0,0.00026488152775833916,0.47717118038116546,0.48220255540594165
0-1,1-0,0.0002679544480358962,0.4663009910267916,0.49374146339601854
1-0,1-0,0.000256920126081491,0.48317645272255455,0.47626710634623715
0-1,1-0,0.0003497585862436267,0.43920923322350347,0.5202886683967244
1-0,1-0,0.00034410004447396045,0.4228859211492444,0.5367249111721991
0-1,1-0,0.0003678300682449092,0.45717763161095437,0.5022592248145591
0-1,1-0,0.0003743472069451204,0.44574952243514215,0.513655532057368
0-1,1-0,0.000288437351161598,0.43945506422748726,0.5201764873260487
1/2-1/2,1-0,0.00023559636350044163,0.4649212335082255,0.4946760529412113
0-1,1-0,0.0002770972741897209,0.4738827976234033,0.48565908997448864
0-1,1-0,0.00022568849342040586,0.43970359329378145,0.5197638128371516
0-1,1-0,0.0002071615289434848,0.43509462651384834,0.5247198468482157
0-1,1-0,0.0003423342098427618,0.42122802288984984,0.5382784994087609
1-0,1-0,0.00027937737675788306,0.4475149448308147,0.5120702059942575
0-1,0-1,0.0004130326497356061,0.683255388531474,0.2748272539306198
1-0,1-0,0.0003481992065416221,0.43903167751736394,0.5204539995684841
0-1,1-0,0.00036863114605810025,0.42419670834834444,0.5354256905762483
1-0,0-1,0.00031509347251296903,0.5285399434506577,0.43089929288361795
1-0,1-0,0.00024384486305798018,0.4300584863269391,0.5296591449034863
1-0,1-0,0.00033232748796394973,0.4553028440428125,0.5043461174460429
0-1,1-0,0.00034642172580455716,0.420190089336542,0.5394756597204122
1-0,1-0,0.00030307620945136375,0.4095666232115395,0.5500984903122239
1-0,1-0,0.0003541339123579198,0.4414244226929732,0.5181447953417359
0-1,1-0,0.00021278156491401798,0.42056403389829633,0.5390265445271113
1-0,1-0,0.00024026638344236924,0.4289688067186358,0.530640046404703
0-1,1-0,0.00027303552041191184,0.499473187175397,0.4600574011079106
0-1,1-0,0.000265408599774974,0.4265777605367406,0.5330811988758392
0-1,1-0,0.0001965312602914893,0.48748642171782514,0.47248164419149624
0-1,1-0,0.00020704649474542533,0.46580413795664,0.493744110842442
0-1,1-0,0.0003243117807216683,0.4826635084582957,0.4767155135961397
1-0,1-0,0.00020216744954092044,0.4874739792362443,0.47297974734777753
0-1,1-0,0.00034495615731537996,0.4562992596410367,0.5031287972574939
1-0,1-0,0.00021629324118231465,0.41627442739798404,0.5434998314695617
1-0,1-0,0.00024362571802475622,0.374821817552473,0.5846964000190555
0-1,1-0,0.00020866775998740097,0.4266000541238048,0.533003586975691
0-1,0-1,0.00043399421396441394,0.6906987633706146,0.2660138166098346
0-1,1-0,0.0003247513911563989,0.4404384876391506,0.5189973466044407
0-1,1-0,0.00033445059176712,0.4242822015404136,0.5352568507580893
1-0,0-1,0.00020398642098389672,0.5153127514415373,0.43457327088455444
0-1,1-0,0.0003377882185311897,0.4370201459520719,0.5226100901670891
1-0,1-0,0.00022910641569718666,0.4447979765487656,0.5146697622656072
0-1,1-0,0.0003610817044516076,0.442820755373049,0.5166849425067772
0-1,1-0,0.0003729573427337442,0.4440381569906303,0.5153911507972463
1-0,1-0,0.0002041763630670243,0.46056761304302346,0.49918343315122365
0-1,1-0,0.00020976478513632825,0.5040552621958991,0.45544927172466454
0-1,1-0,0.0003028096228807493,0.41067998369668257,0.5493641814700317
0-1,1-0,0.00035438325590983786,0.47850679079682074,0.4809584622253294
0-1,1-0,0.00020997203653053728,0.46641551021969346,0.4941435639149405
1-0,0-1,0.00022743227011289875,0.5434730492118941,0.41627792085164683
0-1,1-0,0.00021187928552250998,0.4763919464041237,0.48340049710853666
1-0,1-0,0.00029810047283701627,0.45885513892496144,0.5014334987501542
0-1,1-0,0.00022338820312552544,0.4603663591456983,0.4993746329758354
0-1,1-0,0.00036540470571420853,0.45298293755596347,0.5064497220335377
1/2-1/2,1-0,0.00024394334256347164,0.4119320470404981,0.5415369151943866
1-0,1-0,0.00029893271963664933,0.4254317211535263,0.534308376467176
0-1,1-0,0.00027874987497094255,0.43259689471331236,0.5270307289095271
0-1,1-0,0.00019684450334702324,0.4950623832151837,0.46551666693687066
1-0,1-0,0.0001992862158393962,0.4960558708330782,0.4647259847916353
0-1,0-1,0.0002866987072148229,0.5433716701244443,0.41575234378056425
0-1,1-0,0.00021262966587212695,0.4739487870719858,0.4845380176568015
1-0,1-0,0.0003441950518822919,0.4590010357131257,0.500537183878223
0-1,1-0,0.0003603464649105132,0.4419715993829594,0.5175368271469714
0-1,1-0,0.0003254167642007642,0.42955250335908013,0.5301369014246475
1-0,1-0,0.00021004178220626577,0.43435591836605625,0.5249916685704012
1-0,1-0,0.00033988769971262127,0.46180836958949034,0.4976424615844026
1-0,1-0,0.00020954445890491535,0.42564312338825444,0.5370253420590917
0-1,1-0,0.0003554150042091191,0.4375892543803736,0.5220206213038598
1-0,1-0,0.0002199512130945717,0.43540075535299516,0.5243825997167993
1-0,1-0,0.00033480003848511424,0.43795396657442925,0.52158531756315
1-0,1-0,0.00026043199802540563,0.4349384603906717,0.5245277218065884
0-1,1-0,0.00034238014266511885,0.4627027611434247,0.496758498394335
0-1,0-1,0.0002451346635709262,0.5605443208500255,0.39904904766567983
0-1,1-0,0.0003684051456826135,0.4506379955116175,0.5087481129377099
0-1,1-0,0.00020373999152306182,0.4381044992043978,0.5214920646021382
1-0,1-0,0.00023195488925365713,0.4298595301782031,0.5299489685494044
0-1,1-0,0.00024094991653277048,0.4344152083605915,0.5257832160049006
0-1,1-0,0.00019914478496879865,0.4447840050082569,0.5164831345929823
0-1,1-0,0.00022703128915062832,0.4840523719756448,0.4750234736165748
1/2-1/2,0-1,0.0002192312797106496,0.5346219621249289,0.4240056778829249
1-0,1-0,0.00032819659521414094,0.44731121102808724,0.5123770130023911
0-1,1-0,0.00022000480806337288,0.4134477761381213,0.5464238085034651
0-1,1-0,0.00028067068190725387,0.47812786274864577,0.4814073405388442
0-1,1-0,0.00021050114863848277,0.43165029930460136,0.5294077514820725
0-1,1-0,0.00032426514275035246,0.43387899517560885,0.525768836310068
0-1,1-0,0.00019858707336705385,0.4766167920558652,0.4848834954415462
0-1,1-0,0.00031341701265721655,0.4771931790434888,0.4824020271986543
1-0,1-0,0.00036147201068881544,0.4376125727191855,0.5219382738978862
0-1,1-0,0.0002096531770460986,0.42215761229676124,0.53911098646376
0-1,1-0,0.00030101541861971893,0.48411012337144244,0.4752379350076653
1-0,1-0,0.0002818029924602648,0.48265934279462547,0.476638166100892
1-0,1-0,0.00027951015209058515,0.43180148504111043,0.5280282015527216
1-0,1-0,0.00023845908820205948,0.44209453247240865,0.5175114460952034
1-0,1-0,0.00021172092698561407,0.4996054323266832,0.46045115510310924
0-1,1-0,0.0002327692935127339,0.46495649598288463,0.49402884704783684
1-0,1-0,0.00033146594163411126,0.44668251495970246,0.5128960692839947
1-0,1-0,0.00021734848925466672,0.4159368806007652,0.5440169402634898
1-0,0-1,0.00021205023164480802,0.5220415760602015,0.4341381714161079
0-1,1-0,0.00027309949532787324,0.4261150819048551,0.5335722925257197
1-0,1-0,0.000299587846434329,0.40013388807902395,0.5606777683338973
1-0,1-0,0.0003746450482426104,0.4431734880038251,0.5163358190574142
0-1,0-1,0.00030476550648180786,0.5289346670029021,0.430686014413218
1/2-1/2,1-0,0.00020499509459824647,0.49222253887504996,0.4677699350947086
1-0,1-0,0.00029582203595075144,0.5098804401075682,0.44963206437185393
0-1,1-0,0.00031521369614263015,0.43315248111282645,0.5265826521322372
1-0,1-0,0.00025671588001803725,0.464630733102366,0.49483940403453286
0-1,0-1,0.00031381304401706606,0.6246657009735281,0.33405843418989684
0-1,1-0,0.00021566830794742992,0.42953521719558174,0.5309366663535309
1-0,0-1,0.00028259826892990873,0.5411791449709945,0.4105162258534644
0-1,1-0,0.00036731743764880585,0.46101202108536865,0.4983874993037413
0-1,1-0,0.0002107299528715481,0.424520149793248,0.5355039257831959
1-0,1-0,0.00022812130265076994,0.4144267591094303,0.5456729461394229
0-1,0-1,0.00027776182872820787,0.5725210951732593,0.38720722774550653
0-1,1-0,0.0002656582218878534,0.40768248593908357,0.5518751157472915
1-0,1-0,0.00020538378156077444,0.4519587358487995,0.50825654424946
0-1,1-0,0.00021000973979840685,0.46237266747925854,0.49724678886173074
0-1,1-0,0.0003688668364513857,0.45305059630248073,0.5064158321025188
1-0,1-0,0.0002100860605621645,0.4562025565967134,0.5038144830774637
0-1,1-0,0.00033112927908731293,0.42594796106695726,0.5335180123857592
0-1,0-1,0.00037451273148045435,0.5865785329044354,0.37245873417339215
1-0,0-1,0.0005168649294545853,0.7283909618280865,0.22964152051656125
1/2-1/2,1-0,0.00030458102231822437,0.4022503556989443,0.5589959145716996
1-0,1-0,0.0002627140332736622,0.45127507162972214,0.5081828906033853
1-0,0-1,0.00021621721725191505,0.5200636361766343,0.44002934900252566
1-0,0-1,0.0002708736251032672,0.5758112768578552,0.3827099779673543
1-0,1-0,0.0001922195335249709,0.5026504893349499,0.4632552101398676
1-0,1-0,0.00025986463102307386,0.4256465655358857,0.5334411628798797
0-1,1-0,0.0002448045207921615,0.48579183756583283,0.4736676901788597
0-1,1-0,0.00022004212073738517,0.42751709571664026,0.5331555622199172
0-1,1-0,0.00036256808407297635,0.4622697868976503,0.49718305136203517
0-1,1-0,0.00025063112315975005,0.4900761607174882,0.4700948283178351
0-1,1-0,0.0002669908128750799,0.43371703723450605,0.5258583758639801
1-0,1-0,0.00021938547165286637,0.4405583710713272,0.5189842090444194
1-0,1-0,0.0002760595063622679,0.46682778095590544,0.49249268691223935
1/2-1/2,1-0,0.00021749276091477743,0.4735847986168501,0.48211418999464956
0-1,1-0,0.0002202864522350467,0.4223393404010157,0.5382488225274483
0-1,1-0,0.0003687459687797767,0.43504093646984426,0.5245399061984285
1-0,1-0,0.0003356554893285722,0.4191886935708026,0.5403627769895932
0-1,1-0,0.0003051132668018285,0.43969376469530924,0.5197545769641156
1-0,1-0,0.0002778443170482395,0.45747102640840875,0.501937339873712
0-1,1-0,0.00024768590626435207,0.48208401934069245,0.4772997032456272
1-0,1-0,0.00034395003387814886,0.4892812225400571,0.47011117516196504
0-1,1-0,0.0002790983724200164,0.4906124516119726,0.46872885821471666
0-1,0-1,0.00020311108377067216,0.5251114101007393,0.42481715720720364
1-0,1-0,0.0003038810766370627,0.5048237771255032,0.4544859496754336
1-0,1-0,0.0002569355900087507,0.41047705069261464,0.5371794526312423
0-1,1-0,0.00029415132458242277,0.4460005674525617,0.5135111924404399
0-1,0-1,0.0003360878080520103,0.5803951651456366,0.3785412126267971
0-1,0-1,0.00021274798130209907,0.5528642401049203,0.41136213750193773
0-1,1-0,0.00030960763362265027,0.4769132164950811,0.4827463957415965
1-0,1-0,0.000256841894929798,0.42616794281216264,0.5233223504022376
1-0,1-0,0.00027977488134475965,0.4343560698310344,0.5254601250218441
1/2-1/2,1-0,0.00023243391004348777,0.48539387174055226,0.47272690488686375
0-1,1-0,0.00034036763612087473,0.4670702040594126,0.4923955537578209
1-0,1-0,0.0003559319154883168,0.43370364275971773,0.5258567203029025
1-0,1-0,0.00030025298845435253,0.4365800329573968,0.5233636955006933
1-0,1-0,0.00023383277833788536,0.46813802155515166,0.4913851154982824
1-0,1-0,0.0002712867287339937,0.43952931388837196,0.5202668219653461
0-1,1-0,0.0002368174938417396,0.438808595148822,0.5207392039887
0-1,1-0,0.0002444090647823402,0.48290607649785755,0.476922658307561
0-1,1-0,0.0002489210923687281,0.497416934216362,0.46199187169084
0-1,1-0,0.00028899828477435037,0.4687511056321855,0.49085616886146927
1-0,1-0,0.00020606970823362197,0.511201180344643,0.44925137622639905
0-1,1-0,0.0002577490970226653,0.4429487900248031,0.5165796236935782
1-0,0-1,0.0002812092632151337,0.6105170826404593,0.34774116463620974
0-1,0-1,0.0003718211851260609,0.614684608650747,0.3441537796195885
1/2-1/2,0-1,0.00023982375125455792,0.5181076931086854,0.4414967720874986
0-1,1-0,0.0003628443294584598,0.47065022958535985,0.4887694214399462
0-1,1-0,0.00024628076060451273,0.45038578025586373,0.5091305083649887
1-0,1-0,0.00021017258460318753,0.5053123268397484,0.45366143750776594
1-0,1-0,0.00019465448983217815,0.5017343772993588,0.4602194785034344
0-1,1-0,0.00023089628686502682,0.436163092503688,0.5244193840459124
0-1,1-0,0.00020457109380238463,0.4983425290571002,0.4613271269505796
0-1,1-0,0.00029336755979752756,0.42636954226604656,0.5331987081457166
1-0,1-0,0.00038223300806763656,0.42956691434650635,0.5299864905166767
1-0,1-0,0.0003650905901756868,0.4543490499206211,0.5050314428878341
1-0,1-0,0.0002154561610435564,0.48705367590147086,0.47099402191038525
1-0,1-0,0.00020117410392012328,0.44052764250656934,0.5212193116145762
0-1,1-0,0.000256529604962427,0.43090990104928306,0.5288031944867392
0-1,1-0,0.00021402185095289054,0.43510090223785813,0.5260633619187468
0-1,1-0,0.00036811452485500614,0.4432432799886314,0.5162863635317139
0-1,1-0,0.00029860399473756016,0.46445811086041855,0.4952331189536692
1-0,0-1,0.0002277776166376919,0.5232728939785025,0.43589169424658286
1-0,0-1,0.0002701535245207952,0.5855109391593375,0.3735461150525672
0-1,1-0,0.00021164710403136298,0.5057136339963212,0.45111243315897803
1-0,1-0,0.00020468515446561922,0.44603243041957763,0.5136201783772095
0-1,1-0,0.0003142737661212914,0.3895203455126176,0.5710170808045776
0-1,1-0,0.00020647453577879096,0.483180048177685,0.4765021653981201
1-0,1-0,0.00020596672141850428,0.4653706570134775,0.4941834535280769
1-0,1-0,0.00026899058283626833,0.5126613517887584,0.4465544414542542
1-0,1-0,0.00029246022367731753,0.39117572536767664,0.5695573270641416
1-0,1-0,0.00029959488304448804,0.4698677937001956,0.48980519817256835
0-1,1-0,0.0003116766748988747,0.43302057270157324,0.5265313213593499
1-0,1-0,0.00022593978828799015,0.4207736141133776,0.5390382606697116
1/2-1/2,1-0,0.00024755264190553036,0.48416732613202174,0.4752988474451771
0-1,1-0,0.00020447787354471446,0.5060065684849585,0.45374368974467727
1-0,1-0,0.00031000920368794735,0.4137457531545484,0.5460185470540706
0-1,1-0,0.0003345881760631164,0.4522273624141796,0.507262538208086
0-1,1-0,0.00035931037994470043,0.4323428117920917,0.5272436299310308
0-1,1-0,0.000318894418594282,0.4849453545566746,0.4746334382025132
1-0,1-0,0.0002598900192371943,0.445667444837807,0.5143971325607398
1-0,1-0,0.00036863091747114707,0.45387335163391196,0.5056117244199292
1-0,1-0,0.0003750597635284072,0.4334253405599254,0.5260859224389763
1-0,1-0,0.00020854770240252572,0.48226447173456727,0.4773035373169574
0-1,1-0,0.00030258573849262964,0.4206185823938515,0.5390481867761355
1-0,1-0,0.00033871320684779874,0.4228539637111241,0.5366281258894696
1-0,1-0,0.00023183667578805214,0.4633101311931339,0.4963429474509817
0-1,1-0,0.00021887697952580396,0.4387000831990915,0.5211035901334232
1-0,1-0,0.00029606518800582383,0.4190891718382517,0.5404811671996366
1-0,1-0,0.00031888029417965287,0.4391826042256757,0.5203338564780133
1-0,1-0,0.00027125681377335284,0.4166724761622448,0.5431873512272448
1-0,0-1,0.0002263188131450871,0.5320338358153927,0.4278233727069966
1-0,1-0,0.00024214283762039602,0.45203255837925405,0.5084534992384057
1-0,1-0,0.0003011498482751242,0.44088238184528455,0.5187884782898049
1/2-1/2,1-0,0.0003298291147770954,0.45199628229702943,0.5075015560143624
1-0,1-0,0.00035991245782342185,0.4571606300256127,0.50237006335307
1-0,1-0,0.00021894573501183564,0.41886889577887837,0.5414748871683387
0-1,1-0,0.00021132223938323075,0.4682855989591911,0.4913118783866215
1-0,1-0,0.00019566032476579345,0.456206220337073,0.5042332175420254
1-0,1-0,0.0002774297902309757,0.4383590557864984,0.5214795522672615
0-1,1-0,0.00022194280157419988,0.4101986758209437,0.5503677442816889
1-0,1-0,0.0003246073294819563,0.47198343670509463,0.4875088952236287
1-0,0-1,0.00022676900695199647,0.5210849676913877,0.43859688565459753
0-1,1-0,0.0003289853037396243,0.46438280521561726,0.49518657322091914
1-0,1-0,0.0002162037514032619,0.4145802405178371,0.5451826386287257
1-0,0-1,0.00024876075831887845,0.5374263427506931,0.42178245817514465
0-1,1-0,0.0003458282328868438,0.4998974786889327,0.4595011218053993
0-1,1-0,0.0002326404656771274,0.4655576506998826,0.49435388805720426
1-0,1-0,0.00022077247833233375,0.47346033872120363,0.4763838857478473
0-1,1-0,0.00034519705022526464,0.4368600693738084,0.5226620824266203
0-1,0-1,0.00022182635508654976,0.514488566636519,0.4450490424684745
1-0,1-0,0.0003165343429925275,0.4984537041385556,0.4610943099839677
1-0,1-0,0.00032685345281104766,0.42798641711992746,0.5315978910818576
1-0,1-0,0.0002833929063673465,0.45598360021534773,0.503828815905303
1-0,1-0,0.00021018046966990512,0.45777412655913813,0.5018718484742369
0-1,1-0,0.0002839020886590553,0.4615564762639034,0.49781252947235294
1-0,1-0,0.00035539922961693875,0.44310396016766107,0.5164805644626586
0-1,0-1,0.00020964916911404174,0.5365572940311563,0.42359611022852306
1-0,1-0,0.00033231209987725287,0.4257848340602182,0.5337474793842208
1-0,1-0,0.0002309494801778909,0.44160968594619116,0.5179102930979305
1/2-1/2,1-0,0.0006821879447148595,0.46355483939709713,0.4622122141051306
0-1,1-0,0.0003666448439213358,0.45305925742524045,0.5063980639464924
0-1,1-0,0.0002152651921391182,0.43082877638946904,0.5309609508396911
0-1,1-0,0.0002867749533715071,0.4250044893683893,0.5345405838467433
0-1,1-0,0.0003253180023225155,0.43395727931596134,0.5257060451409143
1-0,1-0,0.00033980802328229827,0.439911020312332,0.5195407247402956
1-0,1-0,0.0003138252399115278,0.4663770968284336,0.4930910174983809
1-0,1-0,0.00031617317687886805,0.43267320076978477,0.5271397548086963
1/2-1/2,1-0,0.0002768232782501802,0.4251114651057172,0.534480904402352
0-1,1-0,0.00032845053424286104,0.45392100232015664,0.5056755074294683
1-0,1-0,0.00023699844931293504,0.4527843803782988,0.5064562448797646
1-0,0-1,0.00024417556446085605,0.5159095852735258,0.44342122593498084
0-1,1-0,0.0003498245516434573,0.44958171033682526,0.5099095328034088
0-1,1-0,0.00023958443871064053,0.47793931324014616,0.48161474219682743
1-0,1-0,0.00023112429974354943,0.4813885497636653,0.47822096048852997
0-1,1-0,0.00036058972378013595,0.46611907454048684,0.493262265305687
0-1,1-0,0.0002810008040465274,0.44558303567349633,0.5143312007995694
1-0,1-0,0.00032298645445904785,0.4687614482661544,0.49055837015602843
1-0,0-1,0.000204602794998991,0.5227520613998666,0.4194707658617867
0-1,1-0,0.00021531339474926457,0.4305077883652082,0.5304187327831399
1-0,1-0,0.0003801260200392806,0.42543049670485766,0.5341374157803401
0-1,0-1,0.00027735530538232676,0.5191690649355073,0.4400813457587934
0-1,1-0,0.00026340674830382905,0.45180418972863473,0.507854529521406
0-1,1-0,0.0002678078922614563,0.4495059414993995,0.5101332427151325
1-0,0-1,0.00026612133542791523,0.5632575240737047,0.3958337137556338
1-0,1-0,0.0002601054183472464,0.4792584590102728,0.4722481009680701
0-1,1-0,0.00019758853191819916,0.5097320042216845,0.44996915651942115
1-0,1-0,0.00024553448940924474,0.42574908243240667,0.5338452283505659
0-1,1-0,0.000306360116861217,0.43822988777186656,0.5211620567411008
1-0,1-0,0.00020429737544138595,0.45774687863833474,0.5019892110508732
0-1,0-1,0.0002589634579796959,0.5567618051961104,0.40235217775653287
1-0,1-0,0.00026034528131464545,0.47686509615886274,0.4829239709533668
1-0,1-0,0.00034490318146335777,0.43349307411666027,0.526093404027107
1-0,1-0,0.0002146400352785858,0.45727012930225625,0.5024587138745964
0-1,1-0,0.00021317908646649434,0.41772550781380957,0.543043689763676
1-0,1-0,0.0002086145823894031,0.4256342966176185,0.5341887698502461
0-1,1-0,0.0003157154170606682,0.4271276114876204,0.5324940830821902
0-1,1-0,0.0002206077564049337,0.47075400547130514,0.48867919513433494
0-1,1-0,0.00035298136842003963,0.43648418575060904,0.5230292200110677
1-0,1-0,0.00023158599391059461,0.42101981004796235,0.5396181547705361
1-0,1-0,0.00020798249587601086,0.4460248897459969,0.509521804192474
1-0,1-0,0.0006102838961671406,0.45633846909133097,0.42213550688206225
1-0,0-1,0.0002558710022075508,0.519266485839782,0.4400967264411255
1-0,1-0,0.00021254895579991403,0.4416077249164324,0.517996957223917
1-0,1-0,0.00022348518404889743,0.4126442554091708,0.5472745934017965
1-0,1-0,0.00025962405819097083,0.40277524920682684,0.5593661759113995
0-1,1-0,0.00019971059045177772,0.4987698434575123,0.46282414827184504
1-0,1-0,0.00021651605913792965,0.4229387751976667,0.5372308267693349
0-1,1-0,0.00019958220605389683,0.4502664544829209,0.5103131885451625
1-0,1-0,0.00026431221980816017,0.4703528959713665,0.48903544067772114
0-1,1-0,0.0003531409538498267,0.407962086266274,0.5518327483698149
1-0,1-0,0.00021827953886607813,0.42132847736389445,0.5390730348652707
1-0,1-0,0.000298360117875732,0.4361020649128436,0.5233715799342237
0-1,1-0,0.00020191099088425483,0.45208165081795826,0.5074902349434395
1-0,0-1,0.00024724565737044936,0.5576832443851567,0.40150910328115114
1-0,1-0,0.00020552675075315995,0.44166775569200256,0.517892129645391
1-0,1-0,0.0002814430980037371,0.43294921756213967,0.5265344141945728
1-0,1-0,0.0003172387361490368,0.3943607544495686,0.5655472742584903
0-1,1-0,0.00022601942414017317,0.4578141810024955,0.5017557739888105
0-1,1-0,0.0002476216006028964,0.45097219795422283,0.5092103821819509
0-1,1-0,0.00020589440241417347,0.43872235650565106,0.5212576200822581
1-0,1-0,0.0003319880601277181,0.4278545248547542,0.531821665912907
1-0,1-0,0.00022906140586495118,0.5016411315441114,0.45566335491554794
0-1,1-0,0.00028978609760732884,0.42633710543705666,0.5334019822018243
1-0,1-0,0.0002984586973187072,0.42102542604887905,0.5385287765906122
1-0,1-0,0.00020935992648329096,0.4674523362847448,0.4850001046743357
1-0,1-0,0.0003238909521790673,0.4517419638131279,0.5078532482520306
0-1,1-0,0.00022029323405994394,0.4743181587933907,0.48530564485082683
1-0,1-0,0.00030047484337967123,0.41800743585609723,0.5436513500671111
1-0,1-0,0.0003733089863980483,0.4496287483345138,0.509778661423073
0-1,1-0,0.0002228203894451985,0.4397569803149894,0.518911014881082
1-0,1-0,0.00021033516278843277,0.4474792898870415,0.5141283381298711
1-0,1-0,0.000305397836136893,0.45816827479018174,0.501442159055941
1-0,1-0,0.00029241598657702626,0.4564319521567525,0.503526615099487
0-1,1-0,0.00023480288973700954,0.4369681953609533,0.5226310818229908
0-1,1-0,0.0002296044174990994,0.4222183750304805,0.5373395268025786
0-1,1-0,0.00020362768271355453,0.43282774366709553,0.5334642465917725
1-0,1-0,0.0002081233836611231,0.47222460416927997,0.48746856491452983
1-0,1-0,0.0002100930318344212,0.48455240152094864,0.4749504318311109
1-0,1-0,0.00026675404643466244,0.4704475042953599,0.48911677686227883
0-1,0-1,0.00020700714609061738,0.5248241797547527,0.4361119444765142
1-0,1-0,0.0003758790585071483,0.440795853844488,0.5186342217124017
0-1,1-0,0.00023021727337675126,0.483130704331357,0.47635830005416574
1-0,1-0,0.0002072959082442451,0.4714702969954245,0.48847124496603944
0-1,1-0,0.00029898847562552364,0.4454142293216599,0.5143204732578067
0-1,1-0,0.00020484907594696804,0.49737156928702536,0.46213195912358046
0-1,1-0,0.0002121646614476726,0.4708267072209799,0.4867451343358254
0-1,1-0,0.00032694704037520205,0.45238438122069186,0.5072466316893176
0-1,1-0,0.00023567997624966306,0.47662465631091483,0.47925038125379554
1-0,1-0,0.0002652499659851622,0.4142531435187817,0.5456015293488834
1-0,1-0,0.00022061557426300403,0.4791664482735353,0.48031668837268554
1-0,1-0,0.0003313944021780955,0.4184010197018155,0.541390931662986
0-1,1-0,0.00020506097251183172,0.4920595314164731,0.46665176484364707
1-0,1-0,0.00023544834942738484,0.47074142404372976,0.48873920965939044
1-0,1-0,0.00020913910582042632,0.4266729313273368,0.5331798115676768
0-1,1-0,0.0002796408587143323,0.452019334204711,0.5079745201659186
1-0,1-0,0.00020761017335137741,0.501333549833051,0.45802170439438783
1-0,1-0,0.0003334377954110157,0.4768087432335321,0.4825303953845126
1/2-1/2,1-0,0.0012416375947962835,0.3874576311755734,0.5228061261280688
1-0,0-1,0.00021725679564446243,0.5306043087726355,0.42906007922871175
0-1,1-0,0.0002710158269157163,0.41622918476975135,0.5432275540409051
0-1,1-0,0.0002575109673924309,0.42326441553431793,0.5365450141548284
1-0,1-0,0.00021980599218578248,0.4950896509579192,0.4646522784685134
1-0,1-0,0.0003423034952608627,0.45225653938539323,0.5072774876997385
0-1,1-0,0.00020827634553625748,0.4904982617319897,0.4695662246215608
1-0,1-0,0.00020800369504785242,0.49702515372450745,0.4626855386977701
0-1,1-0,0.00022086940021720533,0.46968038667560924,0.4901422274251167
1-0,1-0,0.0003831635474745611,0.4141432631985229,0.545374150489992
1-0,1-0,0.00024510965867464746,0.4549402873817484,0.5047233667364414
0-1,1-0,0.00020066435399830032,0.44112370126880807,0.5292558191201822
1-0,1-0,0.0002592148539963564,0.4477439972413512,0.5119601275708383
1-0,1-0,0.00022008630655025863,0.5099499391276777,0.449582579209382
0-1,1-0,0.00031514165296076376,0.4324068484364395,0.5271937209597495
1-0,1-0,0.00034048347617161504,0.4376937883528319,0.5219507428701802
0-1,0-1,0.00035641771155125074,0.522866234192496,0.4363654188909651
0-1,1-0,0.0002885024264259399,0.4465140328224322,0.5130633446647508
1-0,0-1,0.00222885254576807,0.4623293739536901,0.41880344663137165
1-0,1-0,0.00033228186463370965,0.435360136786338,0.52413610107928
0-1,1-0,0.00036893730275007057,0.4259226466594591,0.533619270582399
1-0,1-0,0.00020189630121476992,0.46983760185711915,0.48973935835285926
1-0,1-0,0.00020354469882618548,0.492039007850335,0.4674628051235873
0-1,1-0,0.0002594725107077375,0.4497388124991497,0.5098822042343206
0-1,1-0,0.00026293583052099963,0.43452342397770805,0.5251272014144098
1-0,0-1,0.0003424617042337697,0.6502449270128529,0.3087058410063356
1-0,1-0,0.0002137715129972001,0.44419998443922687,0.5174102062286735
1/2-1/2,0-1,0.00022778989156807333,0.5411344388570414,0.41793209633735134
0-1,1-0,0.00020404857515538138,0.43362390109046056,0.5262189719155782
0-1,0-1,0.00031727848395173334,0.5362943417731835,0.4232356774386297
1-0,1-0,0.00022295525774104205,0.4882450458471504,0.47135750575648594
1/2-1/2,1-0,0.00024407891146437587,0.4160532419465747,0.5388941163806223
1-0,1-0,0.00033285419476187893,0.46638671965428,0.493144852745101
1-0,0-1,0.0002909579207382605,0.5208034609270267,0.43843157719484666
0-1,1-0,0.0003431784747191951,0.43367687867952287,0.525805875722602
1-0,1-0,0.00020777801498723909,0.42558778593625624,0.5362719193879023
1-0,1-0,0.0002309865293971424,0.44401300840526964,0.5156148854817597
0-1,1-0,0.0003770073882333071,0.442783343131901,0.5166792594442928
1-0,1-0,0.00036140777864440693,0.43718104887419373,0.5223687428590675
0-1,1-0,0.0002573043530472258,0.4418574099358303,0.5178002233471246
1-0,1-0,0.0003486857385828473,0.4289562205232529,0.5306706044524466
0-1,1-0,0.0002473183122809795,0.4813551983927655,0.478284619809911
0-1,1-0,0.000216103101226147,0.4376675617870595,0.5221625654237809
1-0,1-0,0.0003701850365941681,0.4371940546808726,0.5223433550683598
0-1,1-0,0.00027907589105303864,0.4268673832538432,0.532838274138585
0-1,1-0,0.00030222532551188436,0.43657940761536557,0.5228722776700495
1-0,1-0,0.0003669138275253793,0.4332040594361314,0.5263556533692415
1-0,1-0,0.00022876386160722596,0.5130101843108101,0.44661319220342743
1-0,1-0,0.00031822473746194886,0.41668447527427666,0.5431532549866177
1-0,1-0,0.0003364341552018515,0.4492793601922357,0.5102702765650691
1-0,1-0,0.00027697500089393575,0.4339534371768235,0.5258855451312223
1-0,0-1,0.0002531343695978043,0.5178923676512271,0.44135318464368417
1-0,0-1,0.0002829201753918812,0.514848765742247,0.4444539036173038
1-0,1-0,0.0002752786352860748,0.42432099115056093,0.5352018218487379
0-1,1-0,0.00020949525535161553,0.47600180168138806,0.48361559128040005
0-1,1-0,0.000292721285338781,0.43688344879536295,0.5226196805694713
1-0,1-0,0.0002056189426453696,0.4809424101247197,0.4784824676800146
1-0,1-0,0.0003104006229023762,0.42304062064733944,0.5366857334838989
1-0,1-0,0.00021662203321402973,0.41567696354793504,0.5442753049339967
1-0,1-0,0.0002724354433647748,0.397928760401859,0.5621040757561224
1-0,1-0,0.00035141462069552133,0.4444129813814364,0.5151707808178225
0-1,1-0,0.0003047887663210684,0.4249906375396377,0.5344391030328008
0-1,1-0,0.00021106627289873493,0.4260007204580724,0.534064388535166
1-0,1-0,0.0002589767760150299,0.47188864833806243,0.48753013217525987
0-1,1-0,0.0002523275128159862,0.48526040720935354,0.47408528746745066
1-0,1-0,0.0003014890195447654,0.47676720592856536,0.4827132553100477
1-0,1-0,0.00023479504660299107,0.45235914722216236,0.5071856301290709
1-0,1-0,0.0003765616555168353,0.44139916477195545,0.5180400062694719
1-0,1-0,0.00035258681760370035,0.4288391871159146,0.5307527109763388
0-1,1-0,0.00030373101637013236,0.45108117467761505,0.5083944828658888
0-1,1-0,0.00026523368283981033,0.43988085576755964,0.5197608017206105
0-1,1-0,0.00032942864390527577,0.43059713222057455,0.5288613163622352
1-0,1-0,0.00022294011764345515,0.4188243149009947,0.5409008597551849
1-0,1-0,0.00033605754412039556,0.4093681127087049,0.5502537390696017
0-1,1-0,0.00024009707985533498,0.5000474618058552,0.45931028568296983
1-0,1-0,0.00023551752096496458,0.4303409900744737,0.5293046192244719
1/2-1/2,1-0,0.0002653749305807126,0.4331464316326497,0.5264513138062402
1-0,1-0,0.00023441448296252718,0.46621267660583127,0.493552227945292
1-0,1-0,0.00020078661972861738,0.4642330739830253,0.49533120980950696
0-1,1-0,0.00026829645886051773,0.4786207685316329,0.4807575826059146
1-0,1-0,0.00023591357516593013,0.46755153073552974,0.49209388509733526
1-0,1-0,0.00026645271724662047,0.42133305130571475,0.5384152921508422
1-0,1-0,0.0003167966696579102,0.42230801206296575,0.5371295424380371
1-0,1-0,0.00033350813765567266,0.48588539010957194,0.47365155047083424
0-1,1-0,0.0003568616921002299,0.4528397232287653,0.5067009446352126
1-0,1-0,0.0002578267524639093,0.4260740669325156,0.5336712624915513
1-0,1-0,0.0003595729102150054,0.45751173761586134,0.5019347567977434
1-0,1-0,0.00023900568511891717,0.37478318655141846,0.5856137471333768
0-1,1-0,0.00024120198448259118,0.48341991995817646,0.476004986511808
1/2-1/2,1-0,0.0002965682409465002,0.42208491096501105,0.5374519809045953
0-1,1-0,0.000371903431184047,0.45195279374129266,0.5074553299819029
0-1,0-1,0.00033305401783079093,0.5795365705342816,0.37941025732327915
0-1,1-0,0.0002161121579809525,0.41619033734091554,0.5433890863882402
0-1,1-0,0.00030363287726569506,0.4398100572362418,0.5198390140296386
1/2-1/2,1-0,0.0002159951393440319,0.5041513788428397,0.45570563623436494
1-0,1-0,0.0003023793742667277,0.48865331000387313,0.4707658405327299
1-0,1-0,0.00024309188318140363,0.40478828553697527,0.5557038506678169
0-1,1-0,0.00021884723973941133,0.4511924378344376,0.508436119246855
1-0,1-0,0.000263659219146273,0.4772426985544889,0.48227708939259195
1-0,1-0,0.0002288915971618156,0.4427246439902791,0.5170234539684121
1-0,1-0,0.00020801775012630218,0.4939791204396619,0.46557759896214296
0-1,1-0,0.00027948749086825433,0.43822343055196605,0.5213545596082972
1-0,1-0,0.00025285151572581455,0.4411008801735937,0.5186990088808484
1/2-1/2,1-0,0.00031130092325364083,0.44531374344008184,0.5141244403819216
0-1,1-0,0.0002239756313086642,0.43518366986845053,0.524406741830208
0-1,1-0,0.00021705345532897107,0.4584297907274183,0.5011490671654982
0-1,1-0,0.0003598715323605689,0.44002915083487965,0.5195592987132912
0-1,1-0,0.00026013677290650535,0.45648325775937754,0.5030570342157068
1-0,1-0,0.00036183059574166417,0.46480638392905943,0.49461214352878935
0-1,1-0,0.00020899004443401874,0.4356137838299634,0.5244661094603021
1/2-1/2,1-0,0.00022134458936575447,0.45593882059364954,0.4914161402305479
0-1,1-0,0.00028269693451041196,0.4352284014664343,0.5242390198772778
1-0,1-0,0.00031799298571662623,0.42056124346587365,0.5390305526613711
0-1,1-0,0.0002372119186035743,0.46629835671461395,0.4932286864065744
0-1,1-0,0.00020469883299229134,0.44177734021563575,0.5301891738898087
1-0,1-0,0.00020099413163443978,0.4689325437298299,0.4907491110355177
1-0,1-0,0.00023941718232949386,0.500393941453626,0.4590146913250248
0-1,1-0,0.00036106642391706335,0.43932895860504717,0.5202030077363593
1-0,1-0,0.0003436476714051574,0.45398001032366253,0.5055782827020229
1-0,1-0,0.0003213067940406061,0.4047830103842929,0.5552266164264524
1-0,1-0,0.00020210367213628868,0.45297804525455776,0.5065975276587406
0-1,1-0,0.00035312882835769187,0.42776050723461784,0.531813915431732
1-0,1-0,0.00022430935856195333,0.4548743888704811,0.49917269469468506
1-0,1-0,0.00029828503153921354,0.42086675116489947,0.5386451290873792
1-0,1-0,0.00028811447290842353,0.42993564547441265,0.5296388679514866
0-1,1-0,0.0003434090826585647,0.44172112290856425,0.5177458298424766
1-0,1-0,0.0002999481365576943,0.4085266289525419,0.5509947634244697
0-1,1-0,0.000362346481822648,0.4581255304913405,0.5012736476942418
1-0,1-0,0.0002030380131571846,0.4357066681463831,0.5252652417274409
1-0,1-0,0.00027042270025484823,0.47499858009953655,0.4846031601342153
0-1,1-0,0.0003505808948147918,0.45578366796671865,0.5037488555094721
0-1,1-0,0.00022764224848383506,0.4119579099941988,0.548469727389603
1-0,1-0,0.00021684315894870358,0.4228595599367608,0.5376098864480802
1-0,1-0,0.00032132268834746954,0.3987348727946214,0.5621233720998198
1-0,1-0,0.0003076568041572061,0.40314079040077416,0.5581691182138884
1-0,1-0,0.00030911062331989746,0.4274655556537079,0.5320156703113544
0-1,0-1,0.000526090840197385,0.7329959098642174,0.2250936088093908
0-1,1-0,0.00035535639953187994,0.4179762807531474,0.5416664096605566
1-0,1-0,0.00021144520249688278,0.441690451610834,0.5190052850883078
0-1,1-0,0.0002386549969802268,0.4544012416934614,0.505893447477073
1-0,1-0,0.00035184364846224496,0.45983872920474417,0.4996055775262295
1-0,1-0,0.00030834451045069143,0.4517159330753069,0.5079914316962544
0-1,1-0,0.0002895167795060783,0.4410403378336018,0.5183917952287214
1-0,1-0,0.0002555365717147248,0.43899340113449975,0.521158940205036
0-1,0-1,0.0002601102368265421,0.516996255081029,0.4421899544624587
1-0,1-0,0.0003538459281362717,0.40590843738896826,0.553749212666934
1-0,1-0,0.00029395090268648097,0.44042212584779633,0.5190764862353521
0-1,1-0,0.00021937749880272442,0.4884665643965183,0.46119215711708206
0-1,0-1,0.0003042839281248945,0.5322379471403541,0.4271830228071174
1-0,0-1,0.00021111068718758318,0.531929564326867,0.42757005547418914
1-0,1-0,0.00034007206640343415,0.40607641456805016,0.5535051375350865
1-0,1-0,0.00022462697825101677,0.4693584870717296,0.4902608102825285
1-0,1-0,0.0003044084527278501,0.4206842804435775,0.5387712151184173
0-1,1-0,0.00031829903771134373,0.4347136849420087,0.5247426409919891
1-0,1-0,0.0002103008730375459,0.5076091187893131,0.44921596014247517
1-0,1-0,0.00030351233711023293,0.4752460890536028,0.4841379149623132
0-1,1-0,0.0003745419206267504,0.4063316049512647,0.5534360000261999
1-0,1-0,0.00034613866022235147,0.4635413351698178,0.4958944550294632
1-0,1-0,0.0002660867339356231,0.47954864044203277,0.479790867278359
1-0,1-0,0.00035460063892685977,0.45805135815823655,0.5014783035491414
0-1,1-0,0.00019917703744396252,0.448793476587124,0.5112105046169505
0-1,1-0,0.0002691874108364069,0.4800589030490187,0.47932511770268593
1/2-1/2,0-1,0.0002487141370709442,0.5330833306451187,0.42660467997004775
1-0,1-0,0.0003712728365102957,0.44628400032229726,0.5131608908266175
1-0,1-0,0.00027681435188340334,0.4294710298914849,0.5301434709704069
1-0,1-0,0.00025250956641316376,0.4406882975746191,0.5188123919480494
1-0,1-0,0.00022665145581166174,0.45076751105995444,0.5088289012540872
1-0,1-0,0.0003453881877265779,0.434396628774954,0.5251701405073783
1-0,1-0,0.0003484533001760003,0.4532754553337852,0.5062737462563981
1-0,1-0,0.0002928658783831802,0.4415737943800567,0.5184135574590184
1/2-1/2,1-0,0.00026168247213797965,0.447322330572076,0.5123853190406717
1-0,1-0,0.00030580926382151106,0.4058945899686327,0.553617954734642
0-1,1-0,0.00034467697997019275,0.4461988505444424,0.5132533276159748
0-1,1-0,0.00019501605011848562,0.4608853151764173,0.49992756603627725
1-0,1-0,0.00020560498884168696,0.4316307247826864,0.5308598762757955
1-0,1-0,0.0003254449790693536,0.43768159397184314,0.521779416624733
1-0,1-0,0.00028480529142289754,0.43802172347316765,0.5217884979964695
1-0,1-0,0.00027382482028716327,0.4146923275608757,0.5468121973596457
0-1,1-0,0.00032248386796164644,0.4778759828535474,0.48173673490005736
1-0,1-0,0.0003146981878371208,0.41476811111214207,0.5448277960120297
1-0,1-0,0.0003185754355918579,0.41736874188274864,0.5423949489706024
1/2-1/2,1-0,0.0002463917682869061,0.40788969923891355,0.549605717273726
0-1,1-0,0.00021798064478770578,0.4161140566309872,0.5437080867590495
1-0,1-0,0.00035718162539089763,0.4406035168420082,0.5188763210476582
0-1,1-0,0.0002891039843159678,0.4334317194465203,0.5263743630597034
0-1,1-0,0.0002595385431646915,0.4146348378732962,0.5458182433203741
0-1,1-0,0.000215570921546198,0.4282500422313712,0.53207686431014
0-1,1-0,0.00021674820228958843,0.47903700577393515,0.48045589357706975
0-1,1-0,0.00030395881771274415,0.49693960311297325,0.4624680665675149
1-0,1-0,0.00024819019612909123,0.4652008478207917,0.49453526141735216
0-1,1-0,0.00021943120937902065,0.434200104672343,0.5261012588333456
1-0,1-0,0.000320571524203762,0.450690825837898,0.5088028676702482
0-1,1-0,0.0002051478310857978,0.4799227800695231,0.48027550342130837
1-0,1-0,0.00021639266974903017,0.41259301071619214,0.5481960752944082
1-0,1-0,0.00022232954939698326,0.47042657112584574,0.4892498208629342
1-0,1-0,0.000260208442821573,0.42900878533180276,0.5306390877021644
0-1,1-0,0.0003175970918021668,0.46227102360663835,0.49734963908354457
0-1,1-0,0.0002724976981243992,0.40049990745938635,0.5594995304039675
0-1,1-0,0.0002645998664419185,0.4662966779574117,0.49306312291201415
1-0,1-0,0.0002276452647156322,0.46061884238219253,0.4992054865501272
1-0,1-0,0.0002516619566068114,0.4615451012965614,0.49797357609740156
0-1,1-0,0.00020050354904458653,0.44898265567191176,0.5116102449934585
1-0,1-0,0.000347809488689644,0.43433608693484776,0.5252931033636485
1/2-1/2,1-0,0.00031904729525649805,0.48081225797489424,0.47853714870836994
1-0,1-0,0.0003075957874944244,0.46130682581550064,0.4981990199438988
1-0,1-0,0.00024982995316152017,0.4812856272637946,0.47866846611080727
1-0,1-0,0.000289322567036056,0.4714034824257627,0.4880104403291184
1-0,1-0,0.0003445853995471869,0.4407260680285039,0.5188020295943286
0-1,1-0,0.0003702927063612537,0.4264956137094443,0.5330841611600505
1-0,1-0,0.00022035928652343253,0.48809250873624477,0.4715730147815347
0-1,1-0,0.0002590893524373569,0.44486510838659094,0.5146714760128409
1-0,1-0,0.0002187155760166113,0.44550226961759326,0.5139738449527103
0-1,1-0,0.0003369868633046845,0.4403450228466728,0.5192530714398409
0-1,1-0,0.0002723904681882966,0.46904177741550507,0.49027774019971376
0-1,1-0,0.00022923669088439447,0.4176466175925363,0.5428560358191251
0-1,1-0,0.00020732249866657469,0.4276653511653861,0.5323876030268959
1/2-1/2,1-0,0.00020614190224652756,0.49557873935487934,0.45779770629514915
1-0,1-0,0.00022412240831532214,0.4470108412593186,0.513670733905984
1-0,1-0,0.0002471876803323421,0.49678816848261614,0.46255541169947856
1-0,1-0,0.00020107759251375998,0.5017201023906392,0.4552940199491885
0-1,1-0,0.00036429972112917184,0.41604178738453734,0.5436647112764477
1-0,1-0,0.00021829478098714858,0.5033986837942044,0.45612564595871946
1-0,0-1,0.0003002351769515373,0.5404973816960729,0.4188929450358287
0-1,1-0,0.000310328173115806,0.43917120540236665,0.5203537683239587
1-0,1-0,0.0002914929902911426,0.48107159993737275,0.4784018285980864
0-1,1-0,0.0003586532911274745,0.45134255816119134,0.5081292162137316
1-0,1-0,0.0002664605329920296,0.46146380257590547,0.4984989766715715
0-1,1-0,0.0003051007401148521,0.4942985640514964,0.4650737016256507
1-0,1-0,0.00021409841231751961,0.4219348779082565,0.5381081909369162
0-1,1-0,0.000318272382915147,0.4603885890995659,0.4991895873133563
0-1,1-0,0.00028397593956015614,0.4144722012783766,0.5454317081682327
1-0,1-0,0.0002500445054608906,0.43479203034883485,0.5248100457462878
0-1,1-0,0.00031128954664973255,0.41489415647799766,0.5445883357756425
1-0,1-0,0.00032388554845662576,0.465702300762085,0.4938637785137682
1-0,1-0,0.00022535338138982366,0.3908596618382438,0.5680367676144201
0-1,1-0,0.0003099651396838037,0.469375762323279,0.4902473650285596
0-1,1-0,0.00031274720665985627,0.4227078696234722,0.5367203715476775
0-1,1-0,0.0001981620003914959,0.48985778037686784,0.46616106417283376
0-1,1-0,0.00029360258264078735,0.4463591205542727,0.513388466552936
0-1,1-0,0.00034983650410770866,0.43230582741865037,0.5272400067915856
1-0,1-0,0.0002953420582237548,0.44867303572814105,0.5109412480176995
0-1,1-0,0.00024964169425054463,0.4717087620375943,0.4877241753391842
1-0,1-0,0.0002177149078499688,0.5072564721683022,0.45190215525633765
0-1,1-0,0.0003006180185364095,0.42002237730978953,0.5397177770369227
1-0,1-0,0.000351580501057363,0.44392494613423944,0.5156524789591326
1-0,1-0,0.0002945573220627139,0.42808104809602743,0.5313784640887353
0-1,1-0,0.0002076754838423944,0.42632564116764154,0.5337511259432167
0-1,1-0,0.0003222771019649191,0.45529664022482086,0.5040565901296912
0-1,1-0,0.0003016663768952703,0.47534476848352675,0.4840340391339483
0-1,1-0,0.0002749561758303712,0.48819799497839217,0.4710796505131468
1-0,1-0,0.00033846828093161773,0.46852558604539263,0.4909363403068071
1-0,1-0,0.0003576225599974416,0.47996805918303803,0.4794540830000701
1-0,1-0,0.0002690033597097711,0.4358098535705923,0.5237183919932605
1-0,1-0,0.000265810427453256,0.4920271876077516,0.46723499517201333
1-0,1-0,0.00027724544132741056,0.435634368446073,0.5245434049060466
0-1,0-1,0.00020883483767562475,0.5185920846165525,0.44229582050203214
0-1,1-0,0.0002776051715263333,0.49679014995350435,0.46302770047788505
0-1,0-1,0.00033732924982208753,0.5817994823046746,0.3783253965462202
0-1,1-0,0.00024228181014643134,0.44938230173514754,0.5101406880511496
1-0,1-0,0.00038144900283314964,0.43362304023243675,0.5258189700487028
1-0,1-0,0.0003845573318311771,0.4127270031851188,0.5468023037512864
1-0,1-0,0.00021016118508570793,0.5066608002683323,0.4534265627215424
0-1,1-0,0.0003007426777995406,0.4740159480171188,0.48556402891240114
1-0,1-0,0.00019906581882223469,0.46247185498016724,0.49775530439539256
0-1,1-0,0.0002071739679299158,0.4329435351870032,0.5276481377892374
0-1,1-0,0.00020791412449412558,0.4263873936133497,0.5334039569303475
0-1,1-0,0.000273888708608248,0.42413041178243654,0.5357315519943575
0-1,1-0,0.0003483953054618842,0.47277884436909484,0.48674011906721903
0-1,1-0,0.00035950670645451457,0.45319184748094665,0.5063134627947639
0-1,1-0,0.00035249138677526185,0.45363313891231355,0.5059438363746407
1/2-1/2,1-0,0.0003444084257491264,0.4229188188175969,0.5365948119079729
1-0,1-0,0.0002753914317699685,0.45565364953225224,0.5038230287463032
1/2-1/2,1-0,0.00030918613296882847,0.4441773380195523,0.5155250287726956
0-1,1-0,0.0003553297668746396,0.4854318445154764,0.4739828414657303
0-1,1-0,0.0003495083972124098,0.48550477179810203,0.47389740290230237
0-1,1-0,0.0003074163244143535,0.47340476835701095,0.48606315854312765
0-1,1-0,0.000210337618646304,0.47281710783885145,0.48634744823671794
0-1,1-0,0.00032782870572823817,0.44924735922434217,0.5104515968841196
1-0,1-0,0.00027269643308841984,0.4246617568207055,0.5356310810394772
1-0,1-0,0.0002569311626222113,0.4322252176023474,0.5274690274652538
0-1,1-0,0.00020331560279974805,0.4357259743582212,0.5242309955251917
1/2-1/2,1-0,0.0002395511933137532,0.450973448282558,0.5085917019692242
1-0,1-0,0.00033565863781494926,0.43861604210220384,0.520816523674119
0-1,1-0,0.00035334487409719747,0.45121403781751335,0.5082479094653793
0-1,1-0,0.0003515379334297128,0.47418141496277494,0.4852175335927986
0-1,1-0,0.00024033911209687766,0.4509094357158778,0.5082445360205219
0-1,1-0,0.00020406163237961236,0.48907958410441316,0.4712379374511953
0-1,1-0,0.0002963092708163242,0.4640249128441317,0.49564157506620865
1-0,1-0,0.00022162171620377998,0.4429494236901585,0.5168913442071309
0-1,1-0,0.0002660456002499551,0.434550433601359,0.5252903097751931
0-1,1-0,0.0003413367618574503,0.42872532328527174,0.5309003759109668
1-0,1-0,0.00022395821146221724,0.4719196377311935,0.4877607605539395
1-0,1-0,0.0002013977324473882,0.47875127201394235,0.48148970171063576
1/2-1/2,1-0,0.0002835743984288994,0.4689840547803968,0.4788206279653392
1-0,1-0,0.00033907198720426005,0.4289851108486345,0.530622726801405
1-0,1-0,0.0003503396560734202,0.4182820249302306,0.5413772365971922
0-1,1-0,0.0002632683529903594,0.44732496481443207,0.5124703995470743
0-1,1-0,0.0003525046872996715,0.45842644581639963,0.5010636555847244
1-0,1-0,0.00031230556107437427,0.47835834959885787,0.4811156647466462
0-1,1-0,0.0003667158722749531,0.43033341081033916,0.529267400304802
1-0,1-0,0.0002572738753978316,0.43679112776550627,0.5234153428755237
0-1,1-0,0.0002004172020738205,0.4417123246194017,0.5183919731141653
1-0,0-1,0.0002509396809321019,0.536375142855872,0.42308277871615985
1-0,1-0,0.0003309702993020419,0.4120931817420093,0.5476295706930381
1-0,1-0,0.00019654878062948066,0.4601551486229671,0.5010352507788175
1-0,1-0,0.00021592341923487067,0.43610157112419545,0.5246339491235367
1-0,1-0,0.00021077047991127648,0.4838261434871328,0.47589564816617547
1-0,1-0,0.00020741869828603252,0.4313806004944906,0.5286190183561235
0-1,1-0,0.0003662933146936426,0.45673589883500476,0.5027296731569433
0-1,1-0,0.00022601245946157292,0.4034119100568416,0.5538291527865937
0-1,1-0,0.00028910872937271636,0.4445646596786752,0.5151945563460532
0-1,1-0,0.00024566364857936054,0.4433574455138899,0.5164150388707605
0-1,1-0,0.00024385183466456837,0.44719543206746676,0.5124535955617799
0-1,1-0,0.00019230509301499844,0.47501562625604105,0.4845631640520769
0-1,1-0,0.00020930778856888916,0.491318081607961,0.46846655465748543
0-1,1-0,0.0001995187234906369,0.49874771997819733,0.46191256223714505
1-0,1-0,0.0003335784382882653,0.43232688771863337,0.5272928285453952
1-0,0-1,0.00021276128702366027,0.5345264296655732,0.42386361096156455
0-1,1-0,0.00037697945164442184,0.4361939266335537,0.5232340948296019
0-1,1-0,0.00023666834417203133,0.4171867095579464,0.5433557369923108
0-1,1-0,0.00029831424397861855,0.4372561487571528,0.5222015444059276
1-0,1-0,0.0003425276629124894,0.46911163443497067,0.49048190221785076
0-1,1-0,0.00020368518869864655,0.46727165441830776,0.4928102030137207
1-0,1-0,0.0002871025897122483,0.4164245302284749,0.5437575039737409
1-0,1-0,0.000201813134272641,0.46574525177651727,0.49538976978426785
0-1,0-1,0.0002052332880343477,0.5198194099397531,0.4403392164072286
1-0,1-0,0.0002655587346322204,0.43679036343108807,0.5227744638466273
1-0,1-0,0.00029319169300793965,0.45867029888212885,0.5009395325861087
1-0,1-0,0.00022162327322799622,0.4847335762843694,0.4749462371708157
1-0,1-0,0.0002081415101660209,0.42636464326301715,0.5362075530503373
0-1,1-0,0.00034916105282791035,0.4184184280937957,0.5413023755175269
0-1,1-0,0.00020990186767064456,0.4644781846390474,0.4956607254752621
1-0,0-1,0.00020917061976459268,0.5292126567972768,0.4282912586798294
0-1,1-0,0.00020597338399476996,0.43642223592156243,0.5231583661838501
1-0,1-0,0.00034333013286321255,0.4426125564849397,0.5170085257923168
0-1,1-0,0.00020756215372526147,0.5123037871392718,0.447359466693431
0-1,1-0,0.0003574508506426531,0.4350620730517304,0.5244877713266818
1-0,1-0,0.0002510774284185559,0.45210537862284284,0.5083047784572974
1-0,1-0,0.0003261840691930452,0.4156321885238734,0.544001978700144
0-1,1-0,0.00024858669098168807,0.4324356155731593,0.5272264467647643
1-0,1-0,0.00028838347196868193,0.4249626582249515,0.5348884548656475
1-0,1-0,0.0003210922660427745,0.4245674583672078,0.5351678604954504
0-1,1-0,0.00020546490872751369,0.48948058966250396,0.47049973357404007
1-0,1-0,0.00019885989715240514,0.4482520497084792,0.5135623563809345
0-1,1-0,0.0002948976143478834,0.4298139123366487,0.5297299336068475
0-1,1-0,0.00030511360725995573,0.49696224219969387,0.46227812367544174
0-1,1-0,0.00036471221832577315,0.4567188627758156,0.5026655577623679
0-1,1-0,0.0003019129755349323,0.47107575034200355,0.48829675356862917
1-0,1-0,0.00023480467454473772,0.48647659042214153,0.47320017750525784
1-0,1-0,0.0002510921561779159,0.4183858519151727,0.542093912321507
0-1,1-0,0.0003281729681275621,0.4762731436705651,0.48328541053687507
0-1,1-0,0.0003482149871291008,0.430183658250879,0.5294029333694433
1-0,1-0,0.00035752145904231384,0.4565219236877798,0.5029392741554319
0-1,1-0,0.0002511978346165447,0.44486332841012516,0.5146643498204522
1-0,1-0,0.00023684205802254293,0.4656381226735737,0.4938746580791948
1-0,1-0,0.0002046698543979056,0.47058755137206126,0.4891311828016974
1/2-1/2,1-0,0.0002645198550562994,0.436229443038483,0.5233188844815361
1-0,1-0,0.0003750808056420049,0.4367920711489472,0.5226638365515951
1-0,1-0,0.00031063200306053574,0.42872955274035723,0.5309137239814551
1-0,1-0,0.000249901647461511,0.40701835388587043,0.5527480872836893
1-0,0-1,0.00018549719567049022,0.5232705538270975,0.4486226489424768
0-1,0-1,0.0002166985055537825,0.5259428773179975,0.4339415563873507
1-0,1-0,0.00031600625100415347,0.43615575208219864,0.5232949157434733
1-0,1-0,0.00028028203525920346,0.4218448115489737,0.537733829705902
0-1,1-0,0.0002103977469489464,0.44182663033996517,0.5184429239542696
1-0,1-0,0.0002977109383346648,0.4605341956444212,0.4990076744767644
0-1,1-0,0.00021804369187145223,0.41248574446300373,0.5471802216999047
0-1,1-0,0.0003171434398332495,0.42699373543912866,0.5327725960051606
1-0,1-0,0.00028835806883920637,0.4247779547321363,0.5346926996500287
1-0,1-0,0.0003485079864520238,0.4423550454541026,0.517203369532864
0-1,1-0,0.00024447834115918197,0.4375533031468699,0.5224762765312587
1-0,1-0,0.0002119570503281953,0.4249381781379962,0.5351289196857741
1-0,1-0,0.0003600979207042461,0.48128678873141506,0.4780917893207
1-0,0-1,0.0003408777475149246,0.532351434039639,0.42681648745171746
0-1,1-0,0.00027799612827112807,0.4282357157662782,0.5313996827081928
0-1,1-0,0.0003470315354021572,0.49026520934496526,0.46908277420154415
1/2-1/2,1-0,0.0003155960084289911,0.4224478573696546,0.5370254758301928
0-1,1-0,0.00031610721325823213,0.4298418539044878,0.5299142156732576
0-1,1-0,0.0002185332924714819,0.5050101796524182,0.4547015459769321
0-1,1-0,0.000223828014785623,0.4917761057966944,0.46763121116698214
0-1,1-0,0.0003036837697833004,0.4231588868583045,0.536294229857393
0-1,1-0,0.00023897705147346403,0.4857523512715376,0.47380408876300817
1-0,1-0,0.00037161007992991065,0.4344738359743677,0.525077509455411
1-0,1-0,0.0002362882797175408,0.4204984303598737,0.54006484880984
1-0,1-0,0.0003288301764716261,0.4891021287715461,0.4701928059592728
0-1,1-0,0.00021278496684402087,0.44320176240764453,0.5170874912889368
0-1,1-0,0.00029958506248589656,0.41523169977310015,0.5443026435486843
1-0,1-0,0.00032392191547693164,0.4755006018446189,0.48413269459454555
0-1,1-0,0.00029777198188948254,0.4194865181871501,0.5399830843249127
0-1,1-0,0.00033486844274501116,0.4078673494285391,0.5516569009305838
1-0,1-0,0.00027284760991950016,0.4332786273544758,0.5265043126451452
1-0,1-0,0.0002155643253962904,0.44646085707726524,0.5131308298986379
0-1,1-0,0.00020601443394277903,0.4859565484939719,0.473675490628581
1-0,1-0,0.00026357193078976795,0.47973051000599215,0.47113777414581653
0-1,1-0,0.0003148364775270527,0.49190203292860507,0.46751096461252023
0-1,1-0,0.00020908434280724066,0.4386957218405823,0.521396271575997
1-0,0-1,0.00039546429947754665,0.6646836418648839,0.2938965726629017
1-0,1-0,0.0003045035673510726,0.45512322782561576,0.504409524222105
0-1,1-0,0.00026907714263650677,0.43603568158352307,0.5235083226589023
0-1,1-0,0.00021927282647966925,0.41353259746614923,0.546412723155094
0-1,1-0,0.00025394087103340076,0.4788884150916606,0.4806603816199342
0-1,1-0,0.0002957444138758066,0.47118574954565445,0.4885499820477963
1-0,1-0,0.0003885098210363615,0.395965422371314,0.5643323456363177
1-0,1-0,0.0003297974695559744,0.3992229240132441,0.5608728354991114
0-1,1-0,0.0003687433376746161,0.43356125416174107,0.5259217178494918
0-1,1-0,0.00021516153039803827,0.4265396510269416,0.5340387933974038
0-1,1-0,0.0002085116178965516,0.4348721455181291,0.5247157155602885
0-1,1-0,0.0002110914655448397,0.5038694502535287,0.45614177071291123
0-1,1-0,0.0002809138812237626,0.47309445520137344,0.48631574290973256
0-1,1-0,0.00024631513937064034,0.44458380063927516,0.5149683208651002
1-0,1-0,0.00035101653617034977,0.4263698526978194,0.5332595265095771
1-0,0-1,0.0002642194599095917,0.5695949886888401,0.3836807500845325
0-1,1-0,0.00027369159146258237,0.4235949266273957,0.5360190877552641
0-1,1-0,0.00019629748877856827,0.46365657041768626,0.4961831999491124
1-0,1-0,0.00028414557453034314,0.4089006852227803,0.5507373287291374
0-1,1-0,0.00020424332716969447,0.4656248680973003,0.4954213723868579
0-1,1-0,0.00035968421916834854,0.4595116866221814,0.4999955265402394
1-0,1-0,0.0003403978053006649,0.43818991605677793,0.5212694545782791
0-1,1-0,0.0002818817271414532,0.4078908104548508,0.551720447464717
0-1,1-0,0.0002620384579514117,0.4645917557471393,0.4954421716739158
0-1,1-0,0.0003320422446766552,0.46919433378053116,0.49031964136635464
0-1,1-0,0.0003185664284801601,0.4277626919965817,0.53179473792121
0-1,1-0,0.00020187931461096583,0.4835739341599873,0.4776917786705197
1-0,1-0,0.00027442850331460447,0.44357404070821704,0.5160065638472542
0-1,1-0,0.0002817861153484737,0.4386887302782966,0.5210919054122675
1-0,1-0,0.0003270554962122319,0.4529199271711286,0.5065436526248241
1-0,1-0,0.0003256819584843169,0.4181532946928744,0.541342769789978
1-0,1-0,0.0003669045974379086,0.45220494307866516,0.5071889103215432
0-1,1-0,0.00023718032271257937,0.4947476913881411,0.4647062801844435
1-0,1-0,0.00022721530483839396,0.41910168851804525,0.5405234994223318
1-0,1-0,0.0003768708593234109,0.42895436173532653,0.5306515064503924
1-0,1-0,0.00020427665471890987,0.5095957841461703,0.4500609533729572
0-1,1-0,0.00022723402076036265,0.5084056076812317,0.44285733200668415
0-1,1-0,0.0003481311549771416,0.468456886367715,0.49103921632992553
1-0,1-0,0.0002552353834908777,0.4408134436986861,0.5187319179598341
0-1,1-0,0.00035154126390434437,0.4656065426992817,0.4939258541039027
0-1,0-1,0.00038686337212100815,0.6553070064555817,0.303505091337581
0-1,0-1,0.00029561212482982026,0.5971696671960729,0.36235337823829555
1-0,1-0,0.00036326977402378104,0.42916653229098817,0.5304202185846008
1-0,1-0,0.00020087197651270526,0.4809736747992033,0.4786051116585184
1-0,1-0,0.00032688667359191686,0.44090550090946085,0.518559992253226
0-1,1-0,0.00031069194699040947,0.4512958320641083,0.5081627387646442
0-1,1-0,0.00028886755824393827,0.42150230261322674,0.5383220665603242
0-1,1-0,0.0003009227859095542,0.41923476232596746,0.540218518861195
1/2-1/2,1-0,0.0002209711727119825,0.47986744287662775,0.4796902740232642
0-1,1-0,0.00020229490850564343,0.452174044921382,0.5089674897592678
0-1,1-0,0.0001991196267074695,0.4449832001809567,0.5154509326653457
1/2-1/2,1-0,0.00020467828221471497,0.5062870777984088,0.4534640443407762
0-1,1-0,0.00019910877544550873,0.4485343069623698,0.5129574494843768
1-0,1-0,0.00020977739297717169,0.4307126617202114,0.5290286016112984
0-1,1-0,0.0003314194589038181,0.4245690549012111,0.5349769843204938
0-1,1-0,0.00025837106095380556,0.49725481545706723,0.4620196084092022
1-0,1-0,0.0002673371522505041,0.45681158839637725,0.5026090974230898
0-1,1-0,0.00034122018302436003,0.44793509902646333,0.5115078840315789
1-0,1-0,0.0002484517253405785,0.4702411739815866,0.48952248369635687
0-1,1-0,0.0002414045431045461,0.5040866846617463,0.4552892905897448
0-1,1-0,0.00027398831309188523,0.4116279997320317,0.5479711184449759
1-0,1-0,0.0002915501292349758,0.48920133799325766,0.4702040680955195
1-0,1-0,0.00020937941502014457,0.4497062088236775,0.5130274420292162
1-0,0-1,0.00021636855232951037,0.517672806526965,0.4419606040013083
1-0,1-0,0.00026352154837991354,0.434947716685336,0.5248294950270145
1/2-1/2,0-1,0.00019917599661714184,0.5435591051310408,0.4216780452038395
1-0,1-0,0.00022329936882165132,0.48380183906213514,0.4757143844570788
0-1,1-0,0.00032179116066950253,0.4286692099393532,0.5309817198703071
1-0,1-0,0.00027193011370792164,0.5128612591498963,0.44648906748626227
1-0,1-0,0.00027621521219462955,0.4341716166591863,0.5256736665594302
0-1,1-0,0.00023801221752535963,0.4810839684607195,0.478469116419986
1-0,1-0,0.0003635953295751063,0.414132815870946,0.5454767477062916
1-0,1-0,0.0002151003750756595,0.43248034246142225,0.5280810997320867
0-1,1-0,0.00022101579009672386,0.4618096010499063,0.49811190554752366
1-0,1-0,0.00030355538270169754,0.4709985561640886,0.4886998419227057
1-0,1-0,0.00022599942485398953,0.41288123557357387,0.5469461882102855
0-1,1-0,0.0002011313859812946,0.44024879504861797,0.5199331380506549
1-0,1-0,0.00021581454922830123,0.4195878095568398,0.5404500818748
0-1,1-0,0.0003077677737560769,0.45427713599232805,0.5054247726705957
0-1,1-0,0.00020494266025773616,0.5115455736230382,0.4487194814792128
1-0,1-0,0.00023766366734968007,0.453325032817936,0.5061682765483185
0-1,1-0,0.00036207101727782365,0.4624688704801059,0.4969274546334349
1-0,1-0,0.00034848187015105997,0.47052246225281036,0.48896231517443034
0-1,1-0,0.0002723874366395202,0.44933552318117226,0.5101058846244055
0-1,1-0,0.00020628402328174466,0.4510470559139524,0.5085179102203156
1-0,1-0,0.0002824487799494829,0.4281436512689121,0.5314875257571625
1-0,1-0,0.00032125640212561424,0.46779579438550417,0.4923403430802259
1-0,1-0,0.0003624083280276964,0.45981259138714253,0.4996937651028845
1-0,1-0,0.00021440324824807355,0.4282196329553573,0.5330544381452853
1-0,1-0,0.0003503479808219526,0.4419957637870968,0.517515522622954
0-1,1-0,0.00037374724690320845,0.4449176837178557,0.5145501841235861
1-0,1-0,0.00021275216735356682,0.4191164204004117,0.5405458147710933
1-0,1-0,0.0002836788138154034,0.4973635368371763,0.46212581428839855
1-0,1-0,0.00022216955231534744,0.46333375114794195,0.496135390520284
0-1,0-1,0.00033549086501381673,0.650322440467254,0.3089544897378669
1-0,1-0,0.00021179615767878416,0.39942174891615706,0.563469826777196
0-1,1-0,0.00037315823417378665,0.44828085489650854,0.5111647676656872
1-0,1-0,0.00026613605481365355,0.45973365964827695,0.49983724686159225
0-1,1-0,0.0003707016925366874,0.437761343962226,0.5217894790644516
1-0,1-0,0.00022535868904519047,0.43379318866829536,0.52579024189616
0-1,1-0,0.0003137624315029258,0.4578672495896907,0.5015578529529012
1-0,1-0,0.00022981692147596144,0.4159198876687847,0.54450601582744
1-0,1-0,0.00028073046117716187,0.4633253759020511,0.496022024891151
1-0,1-0,0.00023601106020303825,0.4402235242936003,0.5192708800863631
1-0,1-0,0.0003049929747977204,0.4161723874950074,0.5432842689038953
0-1,1-0,0.00021365657543885835,0.44804346445222903,0.5119220911197429
1-0,1-0,0.00022171492872515207,0.44114797325293487,0.5184804292277834
1/2-1/2,1-0,0.00032830664119827183,0.40215757505074706,0.5573679059064582
0-1,1-0,0.0002840527101948921,0.4417870986740255,0.5182354506096201
1-0,1-0,0.0003885448473336299,0.4192434932180706,0.5402739510586597
1-0,1-0,0.0002506251339424419,0.48171869057316047,0.47795629251461585
0-1,0-1,0.0002252447488014356,0.518152612914369,0.44119881072564954
0-1,1-0,0.00021112409925108677,0.4922146437443045,0.46740521582296346
1-0,1-0,0.00035362717662131845,0.44807680219141566,0.5114458047830811
1-0,1-0,0.00021896347881913955,0.4442549173933036,0.516380133038547
0-1,1-0,0.0001943364141550805,0.5055915940049227,0.45936492496225306
1-0,1-0,0.00023349985392222744,0.4158731693373825,0.5436970499183398
1-0,1-0,0.00019423736106559053,0.4722899721702749,0.48769705265307833
1-0,1-0,0.00021037598871809733,0.44779621629074035,0.5122320165154876
0-1,1-0,0.00033966377563040856,0.42796514276952136,0.5315442042341314
1-0,0-1,0.00020774986327039673,0.5329981233371912,0.42814044293276055
1-0,1-0,0.00020567259777719442,0.4976721789265264,0.46253289703664696
0-1,1-0,0.0003858310454812171,0.42405565253656063,0.5355294728041452
1-0,1-0,0.00021532242518674876,0.4199891686188542,0.5396761352844103
0-1,0-1,0.00021212852814645724,0.5270429012560867,0.4285559152529362
1-0,0-1,0.0020665279021416494,0.4759142938882587,0.34093947546209336
0-1,1-0,0.00020124043230695978,0.4954020917606142,0.4649736284193453
0-1,1-0,0.0003014487423357462,0.4388299081239453,0.5208829737190253
0-1,1-0,0.00020106632399798785,0.514378335273935,0.44573263665933155
1-0,1-0,0.00031082739124860086,0.47308416386003155,0.4866422685792842
0-1,1-0,0.0003046211753063109,0.45426707619857815,0.5051473267987551
1-0,1-0,0.00031084245834158797,0.4742216905676893,0.4854034911018049
0-1,1-0,0.0002026685674412442,0.506374881417832,0.454302380202124
0-1,1-0,0.000279530757031353,0.4337976041511895,0.5256905187643105
0-1,1-0,0.00019453484158766038,0.46204604818948886,0.4982702576650379
0-1,1-0,0.00026647246024008814,0.44895198476145143,0.5108452016621983
1-0,1-0,0.00034086654517363307,0.44332957704681375,0.5163011291709566
0-1,1-0,0.00024332105799164698,0.48840238995527674,0.47098481579326007
1-0,0-1,0.00022272108493477267,0.5499232985928759,0.40947596080838106
0-1,1-0,0.0003115756415450512,0.4312460754660591,0.5282294035850835
0-1,1-0,0.00024929403871727467,0.4396825184740496,0.5192509207143097
0-1,1-0,0.0003406390864788407,0.4274515496087968,0.5321017754616941
0-1,1-0,0.000290560008152965,0.44986190415967897,0.5101372696526626
1-0,1-0,0.00021361628027895052,0.41786222833054354,0.5418581001840265
1-0,1-0,0.00031278389132442184,0.40187358477328483,0.5582177281228292
0-1,0-1,0.0004155990383226179,0.6685384752847541,0.2910260578670749
1-0,1-0,0.0003662868280636807,0.40121335116634693,0.5593936628360063
0-1,0-1,0.0005222963456151842,0.7347826593499883,0.22305336188997646
1-0,1-0,0.0002483905002159947,0.40083503037464047,0.5589065784399785
1-0,1-0,0.0003626670533304725,0.45213707496261857,0.5074101094979329
0-1,1-0,0.00026007340191183827,0.4229782701713652,0.5368270528650627
1-0,1-0,0.00036672781367805854,0.43781980701957324,0.5216367273078318
1-0,1-0,0.00020401419606829574,0.4328602724798815,0.5283571588401809
0-1,1-0,0.000300474553481593,0.48146504532637546,0.4780451157134902
1-0,1-0,0.00026220683493344087,0.4869645846020439,0.4723281876971761
0-1,1-0,0.0003381939561225278,0.47188164377921943,0.48762983524055353
1-0,1-0,0.00022907910996360791,0.3978752391951541,0.5618615469019409
1-0,1-0,0.00023441961511735978,0.4318889730146815,0.5276179211943893
0-1,1-0,0.0002136362378292864,0.49911628562486526,0.4628880459405409
1-0,1-0,0.00022601345667885622,0.387339104260447,0.5739857485284834
1-0,1-0,0.0002148707755054372,0.49338188230329777,0.466087889343049
1-0,1-0,0.00022245262254181353,0.4092272057415515,0.5505036890000632
1/2-1/2,1-0,0.0003338541539924006,0.43284333433103916,0.5266593617542221
0-1,1-0,0.00034276045064783123,0.4621408274747057,0.4973192719037974
1-0,1-0,0.00036836095972881116,0.45348281944090446,0.5059002417898889
1-0,1-0,0.0002956299747045059,0.43163810618417175,0.5280244459914583
0-1,1-0,0.0001953783117560922,0.4719213639305642,0.4935448758208922
1-0,1-0,0.0002716512655941314,0.42892171803662604,0.5305925622691036
1-0,1-0,0.0003060984525601701,0.413835899549581,0.5456275820883643
1/2-1/2,1-0,0.0002635081798907108,0.4276124815916496,0.5318728473872644
0-1,1-0,0.00023649544106671476,0.4701642418893496,0.48947791482597275
1-0,1-0,0.0003544112971621506,0.4599043979910187,0.4995828647574482
0-1,0-1,0.0002101280846330045,0.5383445100107885,0.42154695671513454
1-0,1-0,0.0003584140233854682,0.42856523077133774,0.5310244937381455
1-0,1-0,0.0002611178404003327,0.4165682906926441,0.543134164021664
0-1,1-0,0.00029869367439576747,0.4491775133504805,0.5102704707572231
1-0,1-0,0.000335063296322287,0.4479837069525883,0.5114516331074366
1-0,1-0,0.00026277167675490393,0.4397198103345344,0.5201149181791892
0-1,1-0,0.0003599632457086749,0.46755989647175256,0.4918861597545376
1-0,1-0,0.00033254316199241994,0.4424611065772922,0.5171083941807708
0-1,1-0,0.00023366108275802477,0.5105719780201324,0.4490093895294487
1/2-1/2,1-0,0.00033632722469697043,0.4940089928416802,0.42087869734927047
0-1,0-1,0.00025136886428038724,0.5675357542142653,0.39014986870073143
0-1,1-0,0.00025389084483788774,0.4799243277213163,0.4795513983350764
1-0,1-0,0.0002600386162282982,0.4837780650865279,0.4755618700890389
0-1,1-0,0.00020722195375619764,0.430257791362853,0.5293073648746339
0-1,1-0,0.0003421005978504056,0.50219910295179,0.4572616188013866
1-0,1-0,0.0003193864931104373,0.4352560060048803,0.5244980893699265
0-1,1-0,0.00024308553453227476,0.4724417272792628,0.48707357788027233
0-1,1-0,0.00028711269550310873,0.47736231750373964,0.48202320775010976
1-0,1-0,0.00021234960424951105,0.4636110389509422,0.4959493463798258
1-0,1-0,0.00035007149118323013,0.48855808385990157,0.4709030522785613
0-1,1-0,0.0002717818613027773,0.4640686041475241,0.49553924257009807
