y_true,y_pred,prob_1-0,prob_0-1,prob_1/2-1/2
1-0,1-0,0.0003118917197856093,0.46639778095759604,0.4963048193368958
0-1,1-0,0.0002602410111426853,0.4376044517659529,0.5260165490966904
1-0,1-0,0.00025523019961034383,0.4394715291455364,0.5239835972035434
0-1,1-0,0.00027123825181131294,0.4550878652069832,0.5063223501398039
1-0,1-0,0.00029383376262108457,0.447526672139898,0.5153305167404877
0-1,1-0,0.00030507177230616603,0.4457056548396363,0.5151657503777107
0-1,1-0,0.00029171875989074126,0.46159148837642966,0.4994686880556309
0-1,1-0,0.0002428713127631389,0.4286393325184571,0.5361593517650475
0-1,1-0,0.0003577654105086856,0.4422542025933776,0.5204163856408345
0-1,1-0,0.000240493166470419,0.471505200573514,0.4902010662121724
0-1,1-0,0.0002863329245495692,0.43858562028106884,0.5247002647746271
1-0,1-0,0.00024094803520436945,0.4550738644043873,0.5061862001994614
1-0,1-0,0.0003335391237102166,0.4255856779416577,0.5371549405441944
1-0,1-0,0.000341093012523907,0.44934094468193786,0.5127881940554696
1-0,1-0,0.0002510801046523967,0.4370517900638756,0.5263780517862255
1-0,1-0,0.0003152137089960716,0.45306414104278203,0.5088848514215851
1-0,1-0,0.0002797600081486301,0.46588726018966814,0.496960664111234
0-1,1-0,0.0003273385803574738,0.47370250599513286,0.4879316487288276
1-0,1-0,0.00024748678234509625,0.43704066223396504,0.5247846470197516
1-0,1-0,0.00034576284645573797,0.4687575526903385,0.4931010832007621
0-1,1-0,0.0002647191501605407,0.45273247892568447,0.5106154697983913
0-1,1-0,0.00029283241258172993,0.44522679341683696,0.5167883959304316
0-1,1-0,0.0003255400596594649,0.4559176562283198,0.5049073814925983
0-1,1-0,0.00029787969780926255,0.462375556536914,0.49855134046534666
1-0,1-0,0.0003375974153170706,0.4422349017424752,0.5208643573663788
0-1,1-0,0.00023943596005104788,0.45798893406077557,0.5077192854217427
1-0,1-0,0.0003048492759391231,0.46946691980410216,0.4919778891234397
0-1,1-0,0.0003247433898183228,0.4533048475394857,0.5080773491961087
1-0,1-0,0.0003417363219673503,0.4416302203116081,0.519925274086122
0-1,1-0,0.0003125130357735826,0.45078702406132165,0.5106962418998235
0-1,1-0,0.0002748860486269163,0.4643344892151777,0.4964692168701197
1-0,1-0,0.0003473953899887217,0.45155947789264433,0.5092974517355113
0-1,1-0,0.0002649527424705514,0.44963772341338576,0.5118370525469776
0-1,1-0,0.00029660789107479593,0.4374769015567562,0.5260103318510974
0-1,1-0,0.00024699907700399956,0.46558973519451324,0.49638210775192726
1-0,1-0,0.00024249709602057492,0.4755809044876097,0.48661319502884026
1-0,1-0,0.00025378890689134947,0.45939817707788877,0.5017735289134003
0-1,0-1,0.0002785174952022219,0.4911561307958817,0.45640660187690973
0-1,1-0,0.00024902783850535686,0.4410636327662446,0.5204831986314128
0-1,1-0,0.0003271256529754659,0.4655184592501076,0.49650983013589933
0-1,1-0,0.00025685117637910815,0.4647378143841786,0.49649160610496706
1-0,1-0,0.00024915218258796134,0.4437390445174535,0.517500867345803
0-1,1-0,0.0003545430772294043,0.44609441956959656,0.5150968608540611
1-0,1-0,0.0003534140966876817,0.43415380468289905,0.5269367231010937
1-0,1-0,0.00034882058577112503,0.44247869167719517,0.5194253460250197
0-1,1-0,0.0003403700323534931,0.46713830577831883,0.49459986395334266
0-1,1-0,0.00031794221503653544,0.4672229490308875,0.49370666686616543
1-0,1-0,0.00031210534930957266,0.4425640455486756,0.5208492319628328
1-0,0-1,0.00256813484767115,0.5298840954708721,0.3168231544501831
1-0,0-1,0.00027641175208133396,0.5440083253364357,0.4190992945096275
0-1,1-0,0.00027844636895745255,0.4643089509119193,0.49679399121483525
1/2-1/2,1-0,0.0003042839780840629,0.44387265645961643,0.517615732260201
1-0,1-0,0.00023892103627538454,0.4609018822182384,0.5018851340884455
1-0,1-0,0.0003636411347540463,0.44566814249999565,0.5165462328895717
0-1,1-0,0.00024111435168571498,0.46998566779833134,0.4917632669930547
0-1,1-0,0.0002554001005334778,0.43742158375478263,0.5245019640753746
1-0,1-0,0.00032939782826263295,0.46558653113623844,0.49515526493921336
0-1,1-0,0.0003446289623391253,0.4411912845627788,0.5199650157885141
0-1,1-0,0.00032631428788383924,0.43652720221209823,0.5278506108001157
0-1,1-0,0.00024911884500999475,0.43488127341123944,0.5276963375285215
0-1,1-0,0.0003570205562093412,0.44681921373552563,0.5156485887445084
0-1,1-0,0.0002471975485758537,0.4583094239346397,0.50283536071749
0-1,1-0,0.00028378501324561255,0.4441501562200019,0.5197882600328106
1-0,1-0,0.0002559098376894531,0.45131927424094176,0.510479768112837
0-1,1-0,0.00026027783228114163,0.45059218819593233,0.5111562453295112
1-0,1-0,0.00029655465116541313,0.452162316244218,0.5094405516002488
0-1,1-0,0.000254938735171352,0.46601177373300817,0.4963381473132627
0-1,1-0,0.00026767356252495306,0.44945832309591494,0.5124806299420492
0-1,1-0,0.0003054466109147626,0.43344093326914535,0.5278454020902498
0-1,1-0,0.0002466362716136571,0.4369345778497231,0.5255477744834364
1-0,1-0,0.00024131410123060638,0.4670022832962483,0.4974239454109738
1-0,1-0,0.00027862287907532286,0.44335256411389706,0.5189659670994623
0-1,1-0,0.00028828094045090056,0.4479791392468731,0.5148209747885631
0-1,1-0,0.0002436801913092061,0.45425363243648104,0.506922183567325
0-1,1-0,0.0002580672967771392,0.4624585694742324,0.49985109468901673
0-1,1-0,0.0003060815155806638,0.43021006619176144,0.5320114725704277
0-1,1-0,0.00035091290232014985,0.44723205579181147,0.5156609846318823
0-1,1-0,0.0002780678979587838,0.4535201965946677,0.5091491579347083
0-1,0-1,0.00025567801199789054,0.5393709997169841,0.4161740107073854
1-0,1-0,0.0002996689636377611,0.44378866488449353,0.519814716625595
1-0,1-0,0.00024451453680968566,0.46902876389672804,0.4926618901164844
0-1,1-0,0.00025009414413139125,0.4735712619703726,0.48801238496052257
0-1,1-0,0.00026862190720277734,0.49228015845116474,0.4669897455332983
1-0,1-0,0.0002452582197096259,0.4357378243765485,0.5254772957617257
1-0,1-0,0.0002772357169845631,0.4529526297809493,0.508043458636848
1-0,1-0,0.00024009506223653904,0.4772478444446631,0.48720771551862846
0-1,1-0,0.0002987514303693122,0.479161478691675,0.48231856563476483
1-0,1-0,0.00024936665013506595,0.43462225365751045,0.528493837853008
1-0,1-0,0.0003067663108693544,0.42719055226543784,0.5363819393514333
0-1,0-1,0.0002543313375808924,0.5018688749889415,0.45993145022825555
1-0,1-0,0.0002715742011596912,0.46377390511470284,0.49721091265292305
1-0,1-0,0.0002667124158799877,0.46869124627015346,0.49256033160804125
0-1,1-0,0.0003406732291224927,0.42841176401665215,0.5337548976581906
0-1,1-0,0.00027001645438096264,0.4366453895788694,0.527374753023622
1-0,1-0,0.000292658553782293,0.46378359157806115,0.49714707191704427
1-0,1-0,0.000308960835326899,0.44641963345857544,0.5163734082562323
0-1,1-0,0.0002822425994876642,0.4434696581714214,0.5183676798932845
1-0,1-0,0.00026175775470097727,0.4486469335204245,0.5126797893695227
0-1,1-0,0.0002444812355617071,0.4417625456365588,0.5196944987803658
0-1,1-0,0.0003616862328724473,0.44339241857830197,0.5188064610280521
0-1,1-0,0.00035824510290354586,0.44694496695323926,0.5146119875583127
1-0,1-0,0.00028782183415787397,0.48477395422953706,0.4759355080749178
1-0,1-0,0.0002560299706726487,0.4886547067636053,0.4733529096078583
1-0,1-0,0.0003572067531944848,0.45230337186234243,0.5102782058260932
1-0,1-0,0.00028858798252495563,0.44021486738004223,0.5233147036581018
1/2-1/2,1-0,0.0002492958176421294,0.45108085585269453,0.5103572865649907
1-0,1-0,0.00030007126943705427,0.44250281112886364,0.5197485977893757
0-1,1-0,0.0002689049688648281,0.4324013078568384,0.5286567883284287
1-0,1-0,0.0002478799786205283,0.4616486316900447,0.4991021007412431
0-1,1-0,0.0002561478721899256,0.44508356071658217,0.517346097800979
1-0,1-0,0.00026817876425983006,0.4708043482024258,0.4914542796674143
1-0,0-1,0.0003766430923814155,0.5183645651624875,0.4269461667817144
1-0,1-0,0.0002973883453282136,0.4451304117685986,0.51595754503153
0-1,1-0,0.00024085192366667165,0.45885181056502616,0.5035460731419005
1-0,0-1,0.00025004424358597696,0.5001227947878886,0.4661101935451883
1-0,1-0,0.0003400099284392506,0.4811973468823871,0.47964654439673815
1-0,1-0,0.0002834794494098314,0.44468162865845057,0.5183284198793522
1-0,1-0,0.00024629757372686173,0.43286531810706613,0.5292765712201236
0-1,1-0,0.0002883781750536977,0.4280050632938641,0.5339931070853309
1-0,1-0,0.00026179189351114256,0.45301446091869646,0.5077565017884669
0-1,1-0,0.00035067400340745296,0.43618206579584445,0.52557896974408
1-0,1-0,0.0007834697755812623,0.4128447906324681,0.5072079199585168
0-1,1-0,0.00024686956224209217,0.4433252403553463,0.5203963782574699
0-1,1-0,0.00036061157133891525,0.4475533425415923,0.5149709851452577
1-0,1-0,0.00024330301214854348,0.439395966054879,0.5241411357574016
0-1,1-0,0.00033120097668815437,0.44450618892198274,0.5178797692923193
0-1,1-0,0.0003689726330673551,0.43766537118933996,0.5250672355069691
1/2-1/2,1-0,0.00031596281424250424,0.4503430810877909,0.5105336375537224
1-0,1-0,0.00029602549725872383,0.45900801301046407,0.504583647314643
1/2-1/2,0-1,0.0003772892152421837,0.5284905739445003,0.39604002132088517
0-1,1-0,0.00033712664245285446,0.490241815812681,0.4705408767183906
0-1,1-0,0.00032306743406171915,0.46066609523442836,0.5001501091224945
1-0,1-0,0.00024179069749256102,0.4637503666769918,0.4998055502885567
1/2-1/2,1-0,0.0003212537236243476,0.45370441268074885,0.5078818009030618
0-1,1-0,0.00028965804652480835,0.46334132189659505,0.49878301233546674
1-0,1-0,0.00033862437732476517,0.44343592987356495,0.5181421686502773
1-0,1-0,0.0002445601985016042,0.44017797428830685,0.5216107480639179
1-0,1-0,0.0002502565909768125,0.44629454830776843,0.5167620436515997
0-1,1-0,0.0002658767624513304,0.47698677181813814,0.48478834245150115
1-0,1-0,0.0003511019825029384,0.42458981059477613,0.5366328102693847
1-0,1-0,0.0002664397272152625,0.4581506547272678,0.5026783116181014
0-1,1-0,0.00027568196303541585,0.44255755587054646,0.5210678507439368
0-1,1-0,0.00029825790523189765,0.44152912530973903,0.5205369158988141
0-1,1-0,0.00033252425413637953,0.44574994495762144,0.5163060159391301
0-1,1-0,0.0002585649340039801,0.45865992525283,0.5025486508487838
1-0,1-0,0.00030529884785116695,0.4629636469240572,0.49786283072208365
1-0,1-0,0.0003579756791653866,0.4461782525392277,0.515645137581599
0-1,1-0,0.00024441350812844434,0.4405628231897201,0.521407424474785
1-0,1-0,0.00033278379340357273,0.44872271790798357,0.5121900639359189
0-1,1-0,0.00033790016665497983,0.4474278955787784,0.5133287839279715
0-1,0-1,0.00023863251209269582,0.5014752666047259,0.45873199413268106
1-0,1-0,0.0002567070067750418,0.46191896851808295,0.4993792960583055
1-0,1-0,0.000353728974711971,0.4407520390779112,0.5211161523139366
1-0,1-0,0.00036182497295599736,0.44564129637546024,0.5170156991145225
1/2-1/2,1-0,0.00026039284774653,0.43306671968045785,0.5280854586283399
1/2-1/2,1-0,0.0002729651825839856,0.4508821002728393,0.5107148361533665
0-1,1-0,0.0002992166288527195,0.4461629436507556,0.5151899423063356
1-0,1-0,0.00031105355482798547,0.47130233961564244,0.4902344573968639
0-1,1-0,0.0002844318384561388,0.44949315435864495,0.5122103333623109
1-0,1-0,0.00026784241282686716,0.45452030924236847,0.5076344424545647
1-0,1-0,0.0003116097008167129,0.4495958951600494,0.511225098748624
1-0,1-0,0.00029693307993315004,0.46690224859147184,0.49483429475203705
0-1,1-0,0.0002989974043738309,0.4882356938035707,0.4738508732461326
0-1,1-0,0.0002823173531428124,0.46582926676584535,0.4953877733195545
0-1,1-0,0.0002497344063398761,0.4758536155208358,0.4857342295509419
0-1,1-0,0.00024282750458169157,0.4451772809699332,0.5180700330025534
0-1,1-0,0.00024133215627586288,0.45022904426391436,0.5118796634665588
0-1,1-0,0.0002990843943016354,0.4439465538534483,0.5198064707393854
0-1,1-0,0.00030174549468386106,0.44340980388618173,0.5192234059288842
0-1,1-0,0.0002675119463127707,0.4492851651636104,0.5134121161060967
0-1,1-0,0.00034238971709267904,0.4491727856825557,0.5117116097071216
0-1,1-0,0.00027510370279461304,0.45405676646222665,0.5075414170000726
1-0,1-0,0.0002573070176166023,0.4541163797294015,0.5092375557228543
1-0,1-0,0.0002487283820207829,0.43923979026320686,0.5242952900101588
1-0,1-0,0.00033071376698659495,0.44478373961373696,0.517330914232083
0-1,1-0,0.0002479761294204944,0.4642297620074652,0.4969021814230029
0-1,1-0,0.0002989244858865691,0.4496089347462467,0.5121181235561958
0-1,1-0,0.00035781864523298557,0.4506981782037028,0.5109583581185825
1-0,1-0,0.00030554245052110703,0.46020967635276144,0.5011580986845027
0-1,1-0,0.0003371306223881465,0.47165205002871696,0.48908981102359195
1-0,1-0,0.0002416632123227481,0.4836240798005119,0.4875960528864266
1-0,1-0,0.00027900995823970307,0.46627265515452504,0.49559509242987254
1/2-1/2,0-1,0.000262791806874743,0.5374741685646559,0.4070747567520342
0-1,1-0,0.0003108851127150717,0.45819853161266755,0.5044531586399541
1-0,1-0,0.0002726315010896794,0.45068738505819683,0.5118856809319839
1/2-1/2,0-1,0.0024429471910112047,0.5282281503132851,0.31444287964622464
1-0,1-0,0.00025381075890928544,0.4431597256162638,0.5190614229859651
1-0,1-0,0.00026098282024601254,0.4350356933233861,0.5284265325089139
0-1,1-0,0.0002829800277035695,0.44712353764365403,0.5152898971861317
1-0,1-0,0.00026221795077033483,0.4442448110004495,0.519512193131217
1-0,1-0,0.0003464521305354288,0.4453441036418134,0.5172691461764225
1-0,1-0,0.00025337899649411987,0.41855146080648825,0.5429227289803162
1-0,1-0,0.00028503619844186706,0.46424453093499807,0.49889588197883245
0-1,1-0,0.0003339831361441078,0.4400954354108013,0.5226318086460455
1-0,1-0,0.0002534060085212156,0.4808834769355296,0.48094899210388947
1-0,1-0,0.0003146241530337299,0.450908189037371,0.5111370209893107
0-1,1-0,0.0003238153254801147,0.44598461948404555,0.5148099210012859
1/2-1/2,1-0,0.00031823800427130747,0.44964029436321,0.51118149692225
1-0,1-0,0.00032228706893649083,0.446962427734918,0.5138556886481087
1-0,1-0,0.00024672611684149563,0.43272133454211004,0.5295965938152032
0-1,1-0,0.0002813476063840677,0.4739570511619127,0.4860910760954063
1-0,1-0,0.00035093386573215344,0.44919365967722646,0.5127603343242625
1-0,1-0,0.0003140734343856859,0.4564899579924855,0.5055066919959713
0-1,1-0,0.00027699741467049447,0.4826516783982183,0.4797461536644604
1-0,1-0,0.00036278943908337233,0.4387659231610225,0.5230918140269178
1-0,1-0,0.0003523484368894915,0.44455721241909235,0.5176087879681165
1-0,1-0,0.00024524321347681264,0.4364279891295265,0.5250330460024941
0-1,1-0,0.0002693407694511764,0.43768064788786026,0.5262992416159926
0-1,1-0,0.0003514021029680968,0.4582635766591118,0.5041565602346326
1-0,1-0,0.00027358513717426887,0.4550861975440946,0.506239792814505
1-0,1-0,0.00030758239437555916,0.4450695886918651,0.5166896163438589
0-1,1-0,0.0002462152005758485,0.44615662141831464,0.5169561193824409
1-0,1-0,0.0003237285499113258,0.4573802236596288,0.5038766865053157
0-1,1-0,0.00031728155269971156,0.4575942330468772,0.5042192142959424
0-1,1-0,0.00032489786919225185,0.4503323368505207,0.5108056792123884
0-1,1-0,0.00026211273319766437,0.4465619437232916,0.5172649661903669
1-0,1-0,0.0003410501104305802,0.4478777384361827,0.5151142033387185
0-1,1-0,0.0003088914451839373,0.4502529544996717,0.5106281583291218
1-0,1-0,0.00033932539080539306,0.44275336823558653,0.5183973182245606
0-1,1-0,0.0003360244390246049,0.47966472691757095,0.48111899894237736
1-0,1-0,0.0002477567671764265,0.43714742516709126,0.5239750028327095
1-0,1-0,0.00029908891776550664,0.44290393092379143,0.5187211719220216
1-0,1-0,0.0002513751971569725,0.43660385096607895,0.526859513463296
1-0,1-0,0.00031816503568137184,0.46442551345965133,0.49631312811192113
0-1,1-0,0.0002923168156964911,0.4522027929349163,0.5088206783047179
0-1,1-0,0.00024353531633309076,0.4456354936852337,0.5221822997412507
1-0,1-0,0.00036758809514490966,0.4377045207993606,0.5249781334399076
1-0,1-0,0.0003156939902411017,0.4556125605346085,0.5063728917220286
0-1,1-0,0.0002757783901211847,0.45634097332615475,0.5048988117617177
0-1,1-0,0.0002616142634922596,0.45159370893080686,0.5078146282753462
0-1,1-0,0.0002670199336630417,0.45062967030133233,0.5113434344257627
0-1,1-0,0.00032844645716687687,0.4490119673878232,0.5123083947054197
1-0,1-0,0.0002449849556085195,0.4411846101015037,0.5201459282968022
1-0,0-1,0.0011552305792894573,0.11859812001482029,0.12924629234422916
1-0,1-0,0.0002537125904280169,0.4362342462221206,0.5244310681052705
1-0,1-0,0.0003477401455031752,0.4500793800916021,0.5123525836871281
1-0,1-0,0.0003116108889320925,0.45363748779964164,0.5071256354000586
1-0,1-0,0.0002861608366764948,0.4566402593597787,0.5069423771729249
1-0,1-0,0.0003285216176944754,0.4554502151763127,0.5055101127637123
0-1,1-0,0.00026322421802188494,0.4786910749617166,0.4827629038704733
1-0,1-0,0.00031966241275075313,0.44560886358222673,0.515888136483551
1-0,1-0,0.0002933520546508479,0.45349498800721105,0.5077828219023656
0-1,1-0,0.00023997938875537484,0.4621017562846988,0.5000486450088804
1/2-1/2,1-0,0.0002619134992889171,0.4323110351421669,0.5291426544477028
1/2-1/2,1-0,0.0002968146936300761,0.4362129654710489,0.5256624625833837
1-0,1-0,0.00029311345392799286,0.46896491501594795,0.48821243044586804
1/2-1/2,1-0,0.0002908507297343598,0.4496943887541411,0.5078949398704434
1-0,0-1,0.00025154884524930857,0.5100206444181345,0.4527647883576546
0-1,1-0,0.00024497718998580244,0.43912330894303947,0.522117502946604
0-1,1-0,0.0003284629871183926,0.4418695912408364,0.5192727107885476
0-1,1-0,0.00036060457359649484,0.4415897561376093,0.5200702735802436
1/2-1/2,1-0,0.0002419109783200731,0.4463901494128635,0.5160822008427527
1-0,1-0,0.0002546076787355932,0.4459086990965402,0.5156211425613569
1-0,0-1,0.00022964996074875706,0.5058617460434907,0.4726648591347033
0-1,1-0,0.0003339359719909604,0.45317227903634927,0.5075756702425764
0-1,1-0,0.00035065491834703383,0.45386203946899906,0.5080211037899004
0-1,1-0,0.00034259660145737216,0.4513404739632287,0.510318563691959
1-0,1-0,0.0003519311197302422,0.4480954022369562,0.5130310277212096
0-1,1-0,0.0002539180157431514,0.4492276819764545,0.5114479517092081
0-1,0-1,0.0002922460447096713,0.5019065621055637,0.45944792382707644
0-1,1-0,0.0003060406582854138,0.4838178901014648,0.4793764837295694
1-0,0-1,0.0003418184643113785,0.5238192973417553,0.4267082922225306
0-1,1-0,0.0003344511178734704,0.44875300929405676,0.5140397607374753
0-1,1-0,0.00024533787543689923,0.4378527746662452,0.5233740141638747
0-1,1-0,0.00031942839423975,0.45049497172173136,0.5114440499676516
0-1,1-0,0.00034113695310165085,0.45741591559440603,0.5045692734816141
1-0,1-0,0.00024912648076684307,0.43649792370169294,0.5259621037478972
1-0,1-0,0.00024460591397660876,0.48079885779381226,0.4842587797795642
1-0,1-0,0.0003186201493048568,0.4624184783610475,0.4984463485229434
0-1,1-0,0.0003607895545020594,0.4372404234122687,0.5244809221331144
1-0,1-0,0.00023892059549725548,0.4545778338182784,0.5088724159999639
1-0,1-0,0.00034083562437541053,0.44500959074535856,0.5170853498869847
1-0,1-0,0.00034937539109175335,0.4505547760772894,0.5105426018116657
0-1,1-0,0.00034183283369776716,0.4471891974982395,0.5155358137443712
0-1,1-0,0.00029924891752594645,0.43077223454819785,0.5321176514923919
1-0,1-0,0.0002864610510743194,0.42906789709847803,0.5305781746376853
0-1,1-0,0.00035415348785166955,0.42855383130602154,0.5348453203933017
1-0,1-0,0.00031698572978692657,0.45266989943836605,0.508197225017694
0-1,1-0,0.0003115894489648604,0.4364308450645026,0.5273870383286331
1-0,1-0,0.0003588331512140765,0.44417624391683846,0.5184497771940295
0-1,0-1,0.00028855908755779974,0.5255455695721485,0.3902624208945247
1-0,1-0,0.0002459672762442452,0.45505561056913113,0.510726037247202
0-1,1-0,0.0002685137271222455,0.453570741480073,0.5084572728456069
1-0,1-0,0.000248700217092664,0.42907731560847595,0.5374513651099917
1-0,1-0,0.000346087833221596,0.45993926970441357,0.5023505242371407
0-1,1-0,0.0002456668101047091,0.46319887036821267,0.4980944952081545
0-1,1-0,0.0002523873604248609,0.4446715270813593,0.517302688757985
0-1,1-0,0.00022706821782786577,0.5038411142520708,0.4766864116919088
1/2-1/2,1-0,0.00027195109298601487,0.46440859087705477,0.49694429603660256
1-0,1-0,0.0002604011221698876,0.4550793054990919,0.5059196012847282
1-0,1-0,0.0003616231929728994,0.45043239362054277,0.511694006177239
1-0,0-1,0.00024235580430208653,0.5035929146896735,0.4593869515419574
1-0,1-0,0.000332296114630696,0.48258198088076576,0.4574667924010347
0-1,1-0,0.0003260041874421012,0.45045671512377083,0.5104114460829368
0-1,1-0,0.0003549478797350059,0.44338218648282374,0.5186943617883852
1-0,1-0,0.00024996379824830195,0.4512003544353968,0.5116696992786227
1-0,1-0,0.00029497675849420686,0.4486127630404293,0.5131250486980106
0-1,1-0,0.00028202221424489384,0.4476393879512094,0.5133621347863861
1-0,1-0,0.00034479089971641854,0.4556587435022056,0.5051515262784881
0-1,1-0,0.0002848295027479921,0.4563848895697802,0.5059954733788417
0-1,1-0,0.00029529351038087615,0.4606579228498059,0.5017968717177116
1/2-1/2,1-0,0.0002691666975165891,0.4534124462051557,0.5077974951060583
0-1,1-0,0.00028030117531822077,0.47122215632584724,0.48971863125999066
0-1,0-1,0.00023809395588543505,0.5423966511862973,0.4130768000858229
1-0,1-0,0.00031865625049996973,0.4430249280357951,0.5204109633419695
0-1,1-0,0.00033672001710049755,0.4320682336295451,0.5303720017216517
1/2-1/2,1-0,0.0002619448971107333,0.44404995714286316,0.5192076340122521
0-1,1-0,0.00025567726776863674,0.44585400112636026,0.517910655608299
1-0,1-0,0.0002771536207484316,0.46385982421739,0.497820055200949
0-1,1-0,0.00025335693435006053,0.46144984807298234,0.4999444871991971
0-1,1-0,0.00036251783771037446,0.4481821566730119,0.5143140207140424
0-1,1-0,0.00025316421115439774,0.46435076676524933,0.49705638058345464
0-1,1-0,0.0003449802875186734,0.44261817284857835,0.5198643827441968
1-0,1-0,0.00028818852357307225,0.4417164398832364,0.5209453806400215
1-0,1-0,0.00035522664770830495,0.44831156067800815,0.5143301983110147
0-1,1-0,0.0002738901236003853,0.44227169299230756,0.5213406068145875
1-0,1-0,0.00033968770967408895,0.4490693334266056,0.5116720747457194
0-1,1-0,0.0002737679142172823,0.45128120760085255,0.5106801970078728
1-0,1-0,0.00029914030290842505,0.47268497258994935,0.48883466444145346
1-0,1-0,0.00034047907962274034,0.4568593020997749,0.5038907551500801
0-1,1-0,0.0002956454705504693,0.4489173197995782,0.5127117132200959
1-0,1-0,0.00030717901281595086,0.46674361745696885,0.4943010442879595
0-1,1-0,0.0002776113348665568,0.4792092846061079,0.4817211370187447
1-0,1-0,0.0003032769825500909,0.4603037926336167,0.5016800442769219
0-1,1-0,0.00027035432740786633,0.45123493820710164,0.509691556326952
0-1,1-0,0.00024621119469139997,0.4385082582194366,0.5231777762701886
1-0,1-0,0.00024232886337977687,0.4453427274250445,0.516649106768716
1-0,1-0,0.00024748391609370074,0.4440759163487235,0.5209742685057543
1-0,1-0,0.00032365572763169513,0.4443223909152577,0.5190628779335782
1-0,1-0,0.000346143403322996,0.4463764237889742,0.5150082633724679
0-1,1-0,0.00026782798365816154,0.4612359189248639,0.5008653731350521
0-1,0-1,0.00033982968252543145,0.5000344084990982,0.46146745023748287
0-1,1-0,0.0003090409084018471,0.4410598085332982,0.5197267726112516
1-0,1-0,0.00033589622528486674,0.43298862163429175,0.5302010694346008
0-1,1-0,0.00031187548234110795,0.46342424271799953,0.4981066672656914
1-0,1-0,0.0002470306589958359,0.44100964643150775,0.5208078481054266
1-0,1-0,0.0002571549098041537,0.44778106095476095,0.5137023006148393
0-1,1-0,0.0002506333280415722,0.4533288532560602,0.5092463577976228
1-0,1-0,0.00027633908984630874,0.45395848642149944,0.508530888462742
0-1,1-0,0.0002528559155452704,0.48853889488315483,0.47362951547690485
0-1,1-0,0.00027624207279629195,0.45536185497066883,0.5082755966934746
0-1,1-0,0.0003241373014679302,0.4537322410407543,0.5083511470623053
1-0,1-0,0.000244865344903122,0.47839815803163177,0.48701307903181756
0-1,1-0,0.00024742299267246,0.46062351044940597,0.5037822876415549
0-1,1-0,0.0002472285196441632,0.4806873113915988,0.4846600921231924
0-1,1-0,0.00034257491833829067,0.487332453045125,0.4745421094079447
1-0,1-0,0.0003376869916409257,0.4496704357453063,0.5111337225162076
1-0,1-0,0.00035600955842100937,0.44315848380283646,0.5196535102284126
0-1,1-0,0.0003387079497355017,0.44005827059882313,0.5217420005315694
1-0,1-0,0.00031727068921042536,0.45999194211128364,0.5012668745946647
1-0,1-0,0.0002734076934687408,0.4387277868944274,0.5251530655953401
1-0,1-0,0.0002935970869980532,0.4445344623308733,0.5165989082780368
0-1,1-0,0.00035929429723157,0.4471736945158449,0.5149034610956822
1-0,1-0,0.00028712556898914595,0.45059656589773195,0.5108817895586878
0-1,1-0,0.0003021624744748278,0.4502243866583305,0.5106228189549167
0-1,1-0,0.000294606147407346,0.46888055317747224,0.4925226717202977
1-0,1-0,0.0003692676473514448,0.43385019169798233,0.529229598123798
1-0,1-0,0.00033013730907283995,0.44144726640350906,0.5203522765875654
0-1,1-0,0.00024330238752704318,0.48225301445154156,0.479844428592997
1-0,1-0,0.0003613701749019667,0.45057324322349196,0.5117559527320105
0-1,1-0,0.0002943471427914636,0.4545641628318109,0.5071520789163704
1-0,1-0,0.00036389797643412053,0.43978632582296134,0.5226310588756271
1-0,1-0,0.0002905816249803607,0.4490718685069967,0.5122687632669733
1-0,1-0,0.0003176636179338568,0.46501464441379664,0.4959771806032485
1-0,1-0,0.00025526601941108405,0.4908572915183528,0.4708514133731632
0-1,1-0,0.00028165185906628046,0.4601273385996255,0.5009681825749411
0-1,1-0,0.00025590233396228796,0.4556176115120414,0.5058955583524716
1-0,1-0,0.0003376172663556411,0.44715591898199225,0.5143900948438709
1-0,1-0,0.0003045740872957105,0.48555650185928784,0.4758841591366727
1-0,1-0,0.0003162440203919828,0.439069754652546,0.5219180099839629
0-1,1-0,0.00024536891995306353,0.493533070885868,0.4671797699681003
0-1,0-1,0.00024597401426039537,0.5092169793909573,0.4516841750508197
0-1,1-0,0.0003249247145799595,0.47277874593440744,0.48918904037407407
0-1,1-0,0.00024583100584619144,0.45043821487332636,0.5111206415993201
0-1,1-0,0.0003042072964402869,0.4325873358014084,0.5285201222050447
0-1,1-0,0.00026805562944021556,0.4408693478068231,0.523010187051589
1-0,1-0,0.0003045102232315454,0.45905012043964455,0.502502233580201
1-0,1-0,0.00024348620341940535,0.46033458080758827,0.5011966786660519
1-0,1-0,0.000292403168725271,0.4409503180977279,0.5148469093136829
1-0,1-0,0.00029442985311510327,0.458673598876528,0.5035167655683467
0-1,1-0,0.00027686568867329667,0.455445794219739,0.5055968554317746
1-0,1-0,0.0003186428752237429,0.4570162295144255,0.5039069961814823
0-1,1-0,0.00025693536832217253,0.4418345563151816,0.5213249603197022
1-0,1-0,0.0002712319505305983,0.42948448693987995,0.5321052029521599
0-1,0-1,0.00023127679817227481,0.5096190901521829,0.46597337952179857
1-0,1-0,0.00024266102055185297,0.4469489057071655,0.5151523612341238
1-0,1-0,0.0002813001871145969,0.45462190237749217,0.5062706317639567
1-0,1-0,0.00033447311409794085,0.43457573649024817,0.5271664810047709
1-0,1-0,0.0002741969916123968,0.43999141703370803,0.5209639566556035
0-1,1-0,0.0002610241689834263,0.4573983813101979,0.5043587470288197
0-1,1-0,0.00023556664511529854,0.48034312394255546,0.4914745767384577
0-1,1-0,0.000244891571849511,0.4417092016385404,0.5194557606911636
1-0,1-0,0.00031110784951959933,0.4433952498467683,0.5189030865778524
1-0,1-0,0.00024439630298098906,0.4389373645648058,0.522580849720203
0-1,1-0,0.0003274198201036903,0.4308985353673041,0.5320925829972651
1-0,1-0,0.00029791011308787866,0.4482168529777428,0.5147208124409938
1-0,1-0,0.00027884992937761183,0.4485010527497332,0.5134871373198489
1/2-1/2,0-1,0.0002870673873568821,0.5370905216839829,0.40127217198894655
1-0,1-0,0.0002910887380339243,0.4736274879373008,0.48732356372323166
1-0,1-0,0.00028291438175389563,0.4539680580701122,0.5043168997966037
0-1,1-0,0.0003647841636386956,0.4413066049330272,0.520879081893977
0-1,1-0,0.00034932044783492195,0.4341848608933959,0.5268775628913722
1-0,1-0,0.0003164922428803157,0.4670035977193469,0.49458384501052705
1-0,1-0,0.00030107511119567017,0.4391735965414318,0.5231783458288605
1-0,1-0,0.0002445970461980874,0.4381322129569386,0.5237816582950057
0-1,1-0,0.0003429644348487216,0.450330520847968,0.5104091238410372
0-1,1-0,0.0003471933729836097,0.44398869345088593,0.5174401638464502
1-0,1-0,0.00030209824812456597,0.43933950318425524,0.5240408202358716
1-0,1-0,0.00031415057401949873,0.44362695134288554,0.5198217429001198
0-1,1-0,0.0003057680592174958,0.46249958532179697,0.5001913225145187
0-1,1-0,0.0002740549902950371,0.45915477089941176,0.5016759856353946
1-0,1-0,0.00026285826785062805,0.42265467816412067,0.5382885312113782
0-1,0-1,0.0003307788039623089,0.5842170238576133,0.3766363042826439
0-1,1-0,0.000280369135993662,0.4518500192319019,0.5099274403417523
1-0,1-0,0.00025620114948749384,0.4789852853188266,0.4819777434674698
1-0,1-0,0.00024389403832661755,0.4407349003395049,0.521253303281328
1/2-1/2,1-0,0.000956926372471451,0.44097965981079235,0.47510212398381807
1-0,1-0,0.00031975595367097055,0.46082747123809176,0.5002601353132639
1-0,1-0,0.0003599054569125804,0.45017091128913345,0.5118524702766699
1-0,1-0,0.00024253441085461179,0.4489100884894526,0.5123611929133136
0-1,1-0,0.00026601409474857603,0.4588900119944573,0.5034554354211171
0-1,1-0,0.0003076562468932597,0.4497403220656683,0.5113792044548808
1-0,1-0,0.0003311535396890391,0.43878751038863223,0.5227077666163408
1-0,1-0,0.0003007894127837892,0.45251171248733635,0.509619496206388
1-0,1-0,0.00036169169045729787,0.44414717992681424,0.5183097607503436
1-0,0-1,0.0002508485752399146,0.49747002126727136,0.4647665947341818
1-0,1-0,0.00024513064509470176,0.4266391010219467,0.5445997499495674
0-1,1-0,0.0007118472943900586,0.41345396410184476,0.5155874624895836
1-0,1-0,0.00028754419773110025,0.4639467065078502,0.49798014958545345
1-0,1-0,0.0003136578307158609,0.4521825547426353,0.5110665563009528
1-0,1-0,0.0002785990762362911,0.46642279012889243,0.49530549318762523
0-1,1-0,0.00024103429788912032,0.45883827523996495,0.5030176111036587
0-1,1-0,0.0002479541553065699,0.44265316863994175,0.5187464113709995
1-0,1-0,0.00032629888418898715,0.4552302430231093,0.5059947355257222
1-0,1-0,0.00036330962078949503,0.44793033106249613,0.5143330543554802
0-1,1-0,0.0002586098900828634,0.4612933158618667,0.4997550897205867
1-0,1-0,0.0003117574450753798,0.43289528344494266,0.5282911460678925
0-1,1-0,0.0002460539952109361,0.47504279584777853,0.4874839637845723
1-0,1-0,0.00029739833192944095,0.46154313756923926,0.5004882751525667
1-0,1-0,0.0003010311735089744,0.4612655101558923,0.5012058316186383
1-0,1-0,0.0002913221031193408,0.4470415067244781,0.5138721842388698
0-1,1-0,0.0002893481951988213,0.469024749554432,0.4902682663830997
0-1,1-0,0.00028580173189084114,0.45495528558802917,0.5053553137092801
0-1,0-1,0.0002855410027047165,0.5338064226417355,0.4298442185904831
1-0,1-0,0.0003143744991175327,0.43634687624259255,0.5265771564362993
1-0,1-0,0.0002873198401369268,0.44536084890680333,0.5169650546530106
0-1,1-0,0.00024668964659813893,0.4741287920372448,0.48810791368679807
0-1,1-0,0.0002564423541499498,0.4871766974699009,0.4663892321147777
0-1,1-0,0.0003215563927514031,0.46846633710589447,0.49229617758787036
0-1,1-0,0.00030446223541690117,0.45122213401005434,0.50976254934507
0-1,1-0,0.00035309334433251667,0.45114030329043364,0.5103201629741566
1-0,0-1,0.000282775211130844,0.5077183272953092,0.4397427068927368
1/2-1/2,1-0,0.0002883160764781213,0.4498548903108066,0.5079438834202793
1-0,1-0,0.00034739433664871645,0.445590937452862,0.5164312552769308
0-1,1-0,0.0003225697942573481,0.45101032533419,0.5097326318278597
0-1,1-0,0.00024197115151877014,0.4549081354961604,0.5083052259265866
1-0,1-0,0.0003087386954438343,0.44218687041627075,0.5190815384083223
0-1,1-0,0.00027347350264335125,0.454552777390522,0.5067683287428355
1/2-1/2,0-1,0.0004151664574760569,0.5257302372159366,0.40254905923810047
0-1,1-0,0.0002447997790212018,0.4417752355334781,0.5194737908800202
0-1,1-0,0.00033501730933854703,0.44976887830735984,0.5109576933002747
0-1,1-0,0.0002394170194416234,0.45716899651915555,0.5072142734895412
0-1,1-0,0.0002741392935834831,0.4370040286109182,0.5267788010725569
1-0,1-0,0.0002646143426479519,0.47548257787697357,0.4865647543088365
1-0,1-0,0.00025562933485300367,0.44496147539625147,0.5172412425301021
0-1,1-0,0.00029733809610590385,0.4481494079173085,0.5152920847741088
1-0,1-0,0.0003102827022581163,0.4542971196714844,0.5079547623678833
1-0,1-0,0.00027693528774744357,0.44354687114222235,0.5188527744435576
0-1,1-0,0.00023972382986329574,0.4773196352253104,0.48443516829550615
0-1,1-0,0.0002701920089411209,0.4324455108552922,0.5292256739217276
0-1,1-0,0.00030782200806713227,0.4531874019503708,0.5088785634582543
0-1,1-0,0.000296111375014631,0.4633738261133999,0.49927165445886623
1-0,1-0,0.00024170179091104869,0.4290989109238975,0.5361062346462517
1-0,0-1,0.00024654832746398895,0.49821171935801195,0.46604526320402245
0-1,1-0,0.00034325189078852637,0.4460025799698247,0.5154461524193074
1/2-1/2,1-0,0.00029134931458386063,0.4378909690298588,0.5236856011347002
0-1,1-0,0.0002870741059661032,0.44797518222925803,0.514529056915882
0-1,1-0,0.00035936576161489864,0.44665887566426266,0.5155557320816472
1-0,1-0,0.0003008403328672546,0.43982211065974425,0.5226331733097239
1-0,1-0,0.00026340375403759603,0.45432576685976067,0.5081614765713754
1-0,1-0,0.00030515964037421627,0.4547576210348772,0.5078745671947813
1-0,1-0,0.0002669125706586255,0.4616965574680978,0.49919112638752666
0-1,1-0,0.0003389395856501638,0.4532461056655808,0.5094870025634306
1-0,1-0,0.0002589535722482189,0.4742543415709251,0.4876184162211664
1-0,1-0,0.00035854519348623787,0.4469031978341122,0.5155819866260741
0-1,1-0,0.000326744806451323,0.4467709898734212,0.5142245687378905
0-1,1-0,0.00031937350063127165,0.45713161305022665,0.5036070072269705
1-0,1-0,0.00026759996078116425,0.4534256117265623,0.5081625901896526
0-1,1-0,0.0002440471937181198,0.46461368448344137,0.5009684045645708
0-1,0-1,0.00023124563649243475,0.5202610517472365,0.4549873700378532
0-1,1-0,0.0002777074978891666,0.4511633846269824,0.5112413274573817
0-1,1-0,0.00025718945398513985,0.47197578461586237,0.4903950215288373
0-1,0-1,0.00027334503160671137,0.5288890305406041,0.43583599582023136
1-0,1-0,0.00025379694762751973,0.4132011500860551,0.5478025813389982
1-0,1-0,0.00029805526361329637,0.47615996962241774,0.485532680661621
1-0,1-0,0.000308412109757812,0.4582755636586581,0.5030482099620958
1-0,1-0,0.00024461969493237755,0.43806792343224904,0.5231648514155932
1-0,1-0,0.0003152469676552586,0.43649955468301405,0.5268634279146733
0-1,1-0,0.0002447978198156031,0.44292662376982456,0.5205487924811575
1-0,1-0,0.0002704719557140284,0.4717644847332424,0.4895486290201835
0-1,1-0,0.00036340576305542925,0.44059290128046213,0.5220757617091708
1-0,1-0,0.00027881436609777433,0.4585075910768692,0.5026279348749756
0-1,1-0,0.00028477209379688224,0.4451967989029987,0.5174533369159087
1-0,1-0,0.00026635943538423575,0.43679627111220337,0.5267261023741888
1-0,1-0,0.00028933123507648837,0.4629317865860858,0.49796252564963805
1-0,1-0,0.0002911246724862495,0.44768697714621014,0.5158014437200605
0-1,1-0,0.00025768635176838013,0.4569300289339341,0.5042573723041114
1-0,0-1,0.0002506278304614388,0.5229584432736255,0.4372024715328946
1-0,1-0,0.000311873093253467,0.4440031774295496,0.5168388866722828
0-1,1-0,0.0003253718105191078,0.439102303824739,0.5220505605344737
0-1,1-0,0.0002933629699482061,0.4456620761664095,0.5171907453932854
0-1,1-0,0.0003218861212229944,0.4594576977371865,0.5014051982988116
0-1,1-0,0.0002517187992841807,0.464094744613215,0.49697963228817127
0-1,1-0,0.0002584574456712943,0.46495572114269107,0.49662059856566493
0-1,1-0,0.0003643189851238553,0.4375216555369949,0.5250438315103848
0-1,1-0,0.00035303018698801123,0.4450118927693086,0.5176343938412638
0-1,1-0,0.0002531470834173514,0.47303518072019535,0.4886149325137334
1-0,1-0,0.0003201982563654505,0.45049213408418737,0.5128271988208943
1-0,1-0,0.0003012518108802837,0.4374059781492646,0.5262679551707724
0-1,1-0,0.00034791336332768574,0.44557321447245996,0.5172286594102643
0-1,1-0,0.0003440201199699216,0.4484956391416811,0.5142029739205966
0-1,1-0,0.00024142290326489266,0.4607658385766847,0.5012786633612804
1-0,1-0,0.0003385279259777496,0.44792777979501197,0.5128468115332265
0-1,1-0,0.00031495658306553793,0.4605691723776026,0.500633084367329
0-1,1-0,0.0002642435684339146,0.44742117179888846,0.5147682227522304
1-0,1-0,0.00036471186152776545,0.4457322506956957,0.5166524407631318
1-0,1-0,0.0002382746258427614,0.46386177288730857,0.501383305795773
1-0,1-0,0.00030924944570693836,0.44584636991945936,0.5164306239981368
1-0,1-0,0.0002498350831587002,0.43824690368328667,0.5235165962729091
1-0,1-0,0.0003557861163018357,0.4491868138494484,0.5132790624478389
1-0,1-0,0.0003413565032434878,0.4544165547262355,0.5076145849053311
0-1,1-0,0.0003192084447499062,0.45514884320894616,0.5074294684058468
1-0,1-0,0.00026139856218477224,0.44664532690476677,0.5146861149376152
1-0,1-0,0.00033875866793666766,0.4538282542494066,0.5078298025749848
0-1,0-1,0.00024194618490950637,0.522225178119226,0.43979391336469964
0-1,1-0,0.0003019302347111595,0.4476052190452569,0.5144271423255212
0-1,1-0,0.0003377223729308241,0.466174484565231,0.49456817097253325
1-0,1-0,0.00036368616000322107,0.44715920341435367,0.5153850784283699
0-1,1-0,0.00025341289556935176,0.4577885067505732,0.5033382183997114
0-1,1-0,0.0002481350548120064,0.45233486123381,0.5105377755546947
1-0,1-0,0.0002505584811525835,0.49134306226008134,0.47160642220536386
0-1,1-0,0.0002570539918022045,0.4904051730398275,0.4706923923288441
0-1,1-0,0.00025900559233665084,0.44933256731512583,0.5129688108378974
1-0,0-1,0.0002519468162967752,0.5324720461585146,0.42408414353302626
0-1,1-0,0.00035071880553139427,0.4483446401990611,0.5126723138970811
1-0,1-0,0.00023720632536311889,0.4437277869566131,0.5271874829285884
1/2-1/2,1-0,0.00032192971375200307,0.45069996073989843,0.5108744395002476
1-0,1-0,0.00029803974550635825,0.44652482830667056,0.5153642933048508
0-1,1-0,0.00024741625752015936,0.45496416950340945,0.5107870697167368
0-1,1-0,0.0002595521809906994,0.45419590441987123,0.5067214445904155
1-0,1-0,0.0002554419252415377,0.44382337377690545,0.5187250362997335
1-0,1-0,0.00036210427237788997,0.4467256586805177,0.5157393213949497
1-0,1-0,0.00034562015684700434,0.4284487023969753,0.5343780791025432
1-0,1-0,0.00024073684284578047,0.4730126170307584,0.4886932024008936
1-0,1-0,0.00034643677416613293,0.45087800706882586,0.5100149824489306
1-0,1-0,0.00028403515364460564,0.43658862924368785,0.5257022914101679
1-0,1-0,0.00034248330821162157,0.4475212175512802,0.5144932331195443
1-0,1-0,0.00023671435858462007,0.47952124467631246,0.4858984246337879
1-0,1-0,0.000244407845822991,0.4373031883829008,0.5246807985072082
1-0,0-1,0.00029522479356938795,0.5377592828457259,0.4074726528542566
0-1,0-1,0.0009277205952662258,0.4021149991140184,0.38170195459002165
0-1,0-1,0.00024545733899299056,0.5254248669824954,0.4395552392148034
1-0,1-0,0.00025478617440886437,0.4297286183852011,0.5320975531757465
1-0,1-0,0.00025691117748292025,0.4768883978870095,0.48457685314249094
0-1,1-0,0.0003332283286226875,0.45772671631157064,0.505023032548148
1-0,1-0,0.0002537397438463042,0.4735966540457304,0.48807175767907446
1-0,1-0,0.00029673401072967333,0.42768944541032045,0.5339733803681179
1-0,1-0,0.00032808763890389286,0.44038325029875475,0.5218442022794544
1-0,1-0,0.0003425546448520569,0.44589776101896833,0.5166061101866536
1-0,1-0,0.0002922277279636283,0.4488416150130455,0.5121323513986125
0-1,1-0,0.0002921825383038777,0.4419701461200978,0.5208106451645964
0-1,1-0,0.0003680929518594877,0.4386503649475252,0.524179909047361
1-0,1-0,0.0002687764258792669,0.4455123398388854,0.5162085263801107
0-1,1-0,0.00029906869234355086,0.44555037360931926,0.5166744320001116
1-0,1-0,0.00026420381868388844,0.4572974647734097,0.5038179024134826
0-1,1-0,0.00033121710277787987,0.44573560027470854,0.5158966331492869
1-0,1-0,0.00024444692811683615,0.4483494077962228,0.5131439466489985
1-0,1-0,0.0002605251784058025,0.48759452972006534,0.4736578674259502
1-0,1-0,0.0002609802436687867,0.45149770021496693,0.507908651657835
0-1,1-0,0.00024154323168932621,0.46120147931758776,0.5026906521366677
1-0,1-0,0.0002523762694641697,0.47036648089738253,0.49153212843823685
1-0,1-0,0.0003404488083426411,0.454863708347829,0.5074095471026774
0-1,1-0,0.00034779159206211295,0.4647677898699345,0.4967123182898851
0-1,1-0,0.0003190002100154641,0.441354934361817,0.5198150619561396
1-0,1-0,0.0003099249260999559,0.4613350262541313,0.5017642552146079
0-1,1-0,0.0002362830493403338,0.4556203726578776,0.5134549563717844
0-1,1-0,0.0002507886847564374,0.4511924336150784,0.5103727607881638
1-0,1-0,0.00029858390134248665,0.4583151081028529,0.5029643760174585
0-1,1-0,0.0002601365842846602,0.447786128112817,0.5141054061867687
1-0,1-0,0.00028532428602772336,0.4607153114184676,0.5011409513466737
1/2-1/2,1-0,0.00029740235742663933,0.46362095079738425,0.4778951748444626
1-0,1-0,0.00026276644416543343,0.44994587270652536,0.5122379921088918
1-0,1-0,0.00024977956885247364,0.4925445887742186,0.47193953965776575
1-0,1-0,0.0003246671982681614,0.45375360411346305,0.5070367816311243
1-0,1-0,0.0003259465947459251,0.45146620872934706,0.5099192116067187
0-1,1-0,0.0002665467733684924,0.44943052304303877,0.5134622267353764
0-1,1-0,0.00031266979613257833,0.45734050305479246,0.5051783439279786
0-1,1-0,0.0002708277433560455,0.4526830764944731,0.5084649527425227
0-1,1-0,0.0003104492940001408,0.4566250666467785,0.5055686617809412
1-0,1-0,0.00032513404415430525,0.4369599881870918,0.5245976676808899
1-0,1-0,0.0003334336565607991,0.4498908202262797,0.5108614752839481
1-0,1-0,0.00031217866336821787,0.44649028739695407,0.5153078630105298
1-0,1-0,0.0003203012775309467,0.44773534790106745,0.5140306629810947
1-0,0-1,0.00024477554023975145,0.5685728844666231,0.38634399995999114
0-1,1-0,0.0003168049561077792,0.44393595292365867,0.5190081236289334
1/2-1/2,1-0,0.00024153820696980413,0.48384664116189846,0.4788736937160762
0-1,1-0,0.00023984955813680393,0.45714277572483664,0.5064737265913277
1-0,1-0,0.0002782907336878913,0.4744804421041308,0.4865698572635959
0-1,1-0,0.0003057130079459856,0.46811424950195213,0.49410090284442676
0-1,0-1,0.0002766614254300062,0.5956501395219436,0.35895650683256036
0-1,1-0,0.00034867029439142696,0.4501898918360938,0.511765261415256
0-1,1-0,0.0003554798474273959,0.442754916166803,0.5185194591440987
1-0,1-0,0.0002749539116086814,0.4928940704973074,0.4601330682711083
1-0,1-0,0.000248148870951427,0.43654905042836584,0.5268740268329769
0-1,1-0,0.0003110633681050181,0.4356300739167563,0.5253633988194947
1-0,1-0,0.00024331262193255337,0.4522647356425808,0.511145106353323
1-0,1-0,0.0002570477553608987,0.45756343611249845,0.5034940491314118
0-1,1-0,0.0003022400500752464,0.442433539500179,0.5192166452077585
1-0,1-0,0.0003550892399034692,0.44451997105929014,0.5176306691063671
1-0,1-0,0.0003423499515706903,0.433067106703212,0.5277646773245276
1-0,1-0,0.0002681098260677195,0.4725488071901736,0.4883081798638879
1-0,1-0,0.000347950735632984,0.4283262413779451,0.5340932869452609
0-1,1-0,0.00032920854634232094,0.4516918050603715,0.5101947783385159
1-0,1-0,0.00028172011458072854,0.44712091477743926,0.514110388025986
1-0,1-0,0.000356719927700816,0.4524486945265887,0.5101336733497813
1-0,1-0,0.00024308264594049897,0.46110098441907094,0.5012421193662631
1-0,1-0,0.00034357400731051556,0.44566637225154443,0.517188138543936
1-0,1-0,0.00031393527970317007,0.44310304230715625,0.5202222190154945
0-1,1-0,0.00036096778685337647,0.44232557775463416,0.520130057168828
0-1,1-0,0.00030901103021984576,0.4475158519803587,0.5138974915256845
0-1,1-0,0.0003502950660765667,0.44521600241416814,0.5165855801053463
1-0,1-0,0.00032688914481413217,0.4393793534579011,0.5224502239429005
1-0,1-0,0.00026973420312388483,0.45097617795830064,0.5089272663884236
1-0,1-0,0.00027652859770274814,0.4629008446338118,0.49810291663780265
0-1,1-0,0.00024569126213443057,0.4407904996843593,0.5206891619865404
1-0,1-0,0.00025486812741342394,0.4359347243889117,0.5273453403067636
1-0,1-0,0.00027499340197394937,0.4407543724013923,0.5213232643916057
1-0,1-0,0.0002661013094347812,0.4436188615169446,0.5204699625986949
0-1,1-0,0.0002570240599661334,0.45994244713635,0.5009700802535247
0-1,1-0,0.00030955063429584286,0.4495963430322804,0.5122174592219855
1/2-1/2,1-0,0.00029636870913049584,0.4515697528757114,0.509432778871335
0-1,1-0,0.0003545419378629013,0.4539506552876301,0.5077835145081323
1-0,1-0,0.00026752552209068764,0.45222709182951754,0.5097361205690877
1-0,1-0,0.00024191106392965994,0.47851411647248276,0.4828325276075162
1-0,1-0,0.0002558467378620148,0.43406906907662257,0.526626507323459
0-1,1-0,0.0002884443332127397,0.4416098199632565,0.5201315663673193
1-0,1-0,0.0003161558146529393,0.43900926397022655,0.521862077672166
1-0,1-0,0.00031825353174648924,0.4561697372465576,0.5050543382966693
0-1,1-0,0.00024281240946852408,0.4760777352205856,0.4861200309754693
1-0,1-0,0.00034545229929269344,0.4464429481174421,0.5158044247217212
1-0,1-0,0.0002951868109598391,0.44270870744520346,0.5190704987436692
0-1,1-0,0.00032182291232113485,0.44301988689556987,0.5196910303671092
0-1,1-0,0.000268137256620175,0.4421754040828979,0.5204756400432575
0-1,1-0,0.00034191243069552155,0.44675685354250944,0.5157378669322877
0-1,1-0,0.00029705807745287577,0.4517329847274928,0.5091636722123435
1-0,1-0,0.0003088674966806418,0.43708087708851007,0.5254411337694566
1-0,1-0,0.0003216402287820929,0.4518978477620074,0.5100248086938554
0-1,1-0,0.00032742748581191043,0.44864701484997993,0.5122484041940393
1-0,1-0,0.0002514127129332465,0.43666873714771864,0.526227706803944
0-1,1-0,0.0002464699172286973,0.4360861033083126,0.5251451124194518
0-1,1-0,0.0003631994906439251,0.44037316850485386,0.5218980053885098
1-0,1-0,0.0002516166426247133,0.44848878813587684,0.5128424021095607
1-0,1-0,0.00025240130619252004,0.4700092910192156,0.4911792269294714
0-1,1-0,0.0002595750883755168,0.43690481301406087,0.5269934859806396
1-0,1-0,0.0003415009345034505,0.4374421637045739,0.5235164875092765
0-1,1-0,0.0002887298148471253,0.46947184869201675,0.4915653559919725
0-1,1-0,0.0002869957485947237,0.4631645640691552,0.49719287238092763
1-0,1-0,0.0002922587587678987,0.45030924516201487,0.5106244897260886
0-1,1-0,0.00024262556859928433,0.4434586431104216,0.5184737535656228
1-0,1-0,0.00032260920984755883,0.44941678304678784,0.5136348724376576
1-0,1-0,0.00030532915231416173,0.451262979545133,0.5117702485546011
1-0,1-0,0.0003645835288433611,0.43615638620145314,0.5261245983600201
0-1,0-1,0.00029673087180768365,0.6277638747069859,0.3185225003679089
0-1,0-1,0.00026121197871779297,0.6219155429151725,0.336459919032282
1-0,1-0,0.0002722478781025771,0.46355368374895667,0.49725665898885973
1-0,1-0,0.00024560165731575664,0.43339295229495867,0.5301157983719927
0-1,1-0,0.000269479155738184,0.4478398431753421,0.5136596781371898
1-0,1-0,0.00036471988195933516,0.4440076263473093,0.5182297318020227
1-0,1-0,0.0003320365656129355,0.4416499372553786,0.5206849447131436
0-1,1-0,0.0003148687649778145,0.4425658937052128,0.5199674901423961
1-0,1-0,0.0003036457073919123,0.4448554595276381,0.5171680993902295
1-0,1-0,0.00026616145035521536,0.4688428025991317,0.4924111037515475
1-0,1-0,0.00034049203677289237,0.44307559669610386,0.5197619529917017
0-1,1-0,0.00030584296990236113,0.44201172628246554,0.5204293482463557
1-0,0-1,0.0002806928341314241,0.5124694758115981,0.4322133218529762
1-0,1-0,0.00025600323765180035,0.48015595288907253,0.4820425619262557
0-1,1-0,0.00036318144440095426,0.45128528023756154,0.5111678330193192
1-0,1-0,0.000318765902333569,0.4416816719108455,0.5202799491904554
1-0,1-0,0.0003132957127550371,0.4732298704584475,0.48796322199931974
1-0,1-0,0.00033537186796590753,0.45682161853487807,0.5059242890755995
1-0,1-0,0.0002846122283224106,0.46511087559433245,0.4959578011963961
0-1,1-0,0.00026547632093686503,0.4442415513358305,0.5191166119785261
1-0,1-0,0.0003031046331076697,0.4286618645089602,0.53304523818523
1-0,1-0,0.00024000930791260867,0.46408999779519566,0.5018569175896253
0-1,1-0,0.0002730049894685092,0.4293277359151596,0.5327398712945381
1-0,1-0,0.00034103412284739034,0.4446951312319225,0.5184260265284485
0-1,1-0,0.00035803866167386677,0.44769607090174535,0.5141054570428685
1-0,1-0,0.00033691784002946363,0.4446874287866116,0.5160765918924476
0-1,1-0,0.00025663768666500073,0.4497652516791875,0.5122153473813879
0-1,1-0,0.0003366086007797048,0.45097876602690146,0.5116527547086634
0-1,1-0,0.000324900688044452,0.4547023275830763,0.5068414942741128
1-0,1-0,0.0002450767793432265,0.4354264559552239,0.5265749317656915
0-1,1-0,0.00032640327292593745,0.45690141471398843,0.5042322968710307
1-0,1-0,0.00024095111827412,0.45666243768423015,0.5060044465126887
1-0,1-0,0.0003029578990842951,0.4266028898482657,0.5314473895106717
0-1,1-0,0.00031998280402802516,0.4617432166841354,0.49981100527254113
0-1,1-0,0.0002562887529103999,0.43627669418353454,0.5263753611168821
1-0,1-0,0.00033733940120288155,0.4447089798068449,0.5170095582411057
0-1,1-0,0.00036165326286900784,0.44603721988416595,0.5159552529912617
0-1,1-0,0.00025518466429111565,0.46985693158154873,0.49186789640086825
1-0,1-0,0.00025186739395652676,0.44047435313371797,0.5207667633466005
1-0,1-0,0.0003406298879945284,0.425913710746842,0.5363498716239784
0-1,0-1,0.0003953008825428387,0.6227841195791942,0.3407752024355726
1-0,1-0,0.0002795238493676397,0.48558364720825753,0.4760931265476528
0-1,1-0,0.00028933017665102125,0.43866717076382433,0.5199655380483575
1-0,1-0,0.00025456871871890226,0.4653919510096515,0.49636655999449825
0-1,1-0,0.0003055183858872623,0.4318620594077092,0.529662944085948
1-0,1-0,0.0003415595594862185,0.4443985857705022,0.51635577818831
1-0,1-0,0.0003105882227784837,0.4520863638205192,0.510156405244482
1-0,1-0,0.0002510307517395681,0.4626282099169304,0.4998660426003655
0-1,1-0,0.00034342961213305683,0.453908767573896,0.5068977124519245
0-1,1-0,0.0002659662432711404,0.4746285374203341,0.48796516231428405
1-0,1-0,0.00025156722138634926,0.4497389116177716,0.511449910285361
1-0,1-0,0.00029848876469515157,0.4356923255114433,0.5253555505026114
1-0,1-0,0.0008529685619294861,0.41858852170190813,0.5066482868342854
0-1,0-1,0.0002655259808087209,0.5032941294159248,0.45826262142672375
1-0,1-0,0.00031374767249021604,0.460296527674976,0.5013782570460354
1-0,1-0,0.0002592570974401248,0.4439238323570845,0.5168087921406397
0-1,1-0,0.00029063715792943716,0.4495317417301068,0.5128315846051225
1-0,1-0,0.00032762238597274434,0.44410945708231203,0.516699794495638
0-1,1-0,0.000268448960101504,0.4549451326510561,0.5069919860063501
1-0,1-0,0.0003581473463194867,0.4457650950458193,0.516724889116076
0-1,1-0,0.00026084756059142493,0.4392970407028631,0.5245746844845433
1-0,1-0,0.0003396742811306022,0.4485996107117673,0.5121336686208722
1-0,1-0,0.0002805874057865068,0.4770629423048788,0.4854927332425796
1-0,1-0,0.00031454675752548274,0.446284665849294,0.5147130042393167
1-0,1-0,0.00029389778941686775,0.448552031347807,0.5122846124564671
1-0,1-0,0.00026296074175328327,0.46355369582706396,0.4979003949440488
1-0,1-0,0.00024439578446756096,0.4417628084157519,0.5201100880966244
0-1,1-0,0.00035698646015082017,0.4494208977270535,0.5127636606176749
1-0,1-0,0.00035635293660128974,0.4516632194267955,0.5100161904347706
1-0,1-0,0.0003650644631634689,0.4449325743354183,0.5173836706201127
0-1,1-0,0.00025618298149028584,0.4603856248459422,0.5032126777011658
1-0,1-0,0.00033730978097201676,0.45317271678827,0.5091461714165009
0-1,1-0,0.0002470232435560148,0.46931990370354565,0.4918349987550685
0-1,1-0,0.0003650268069969641,0.43865941398100444,0.5239336780905975
1/2-1/2,1-0,0.008275742706831624,0.25974157406050563,0.49602067394321375
1-0,1-0,0.0002973982294469536,0.4609965994133944,0.4941964063497066
0-1,0-1,0.0002787117681684046,0.6149618339416928,0.3276417049074023
1-0,1-0,0.0002920625052601993,0.45054224224376604,0.510911741890422
1-0,1-0,0.0003473214071120266,0.4434888966242056,0.5185664187322557
0-1,1-0,0.00032656865907148874,0.4393609875140573,0.5235483394314662
0-1,1-0,0.00024449775904905016,0.4473347233574651,0.5138721833000703
1-0,1-0,0.0002955423553002011,0.44585527162917743,0.5150547535039853
1-0,1-0,0.00029732853317654764,0.4469454754382539,0.5158181592331149
1-0,1-0,0.0002700750071940026,0.4857715334062151,0.4744740540918951
1/2-1/2,1-0,0.0003468253664710184,0.4533996492066963,0.5089314999769877
1-0,1-0,0.00026739510390136166,0.44054695222717405,0.522814109743975
0-1,1-0,0.0002915627331126072,0.45630712187454486,0.5063064031840396
0-1,1-0,0.000248246777131142,0.47191287848773816,0.4892027108830788
1-0,1-0,0.00029659119229574033,0.4352461516577386,0.5280363031320598
0-1,1-0,0.00027111887122191697,0.44512969717636724,0.5175828871033176
0-1,1-0,0.00036227642180505917,0.4452610146194265,0.5174026817771077
0-1,1-0,0.0003273704003599658,0.4429233200689729,0.5178826497015111
0-1,1-0,0.00028363299001320393,0.4752282408319232,0.4867205379956829
1-0,1-0,0.0002776688789011598,0.4499597369166318,0.5114323433793996
1/2-1/2,1-0,0.0003047273753771764,0.4542338999097375,0.5082303117682304
1-0,1-0,0.00029225307339347453,0.4470518955872916,0.5145648446513442
1-0,1-0,0.0003295033961782868,0.452955033929659,0.5081279474708378
0-1,0-1,0.0002446076884011907,0.5360826777529591,0.4215885432573693
1-0,1-0,0.0002860832429213019,0.4460519365189027,0.5166485463322003
0-1,1-0,0.0003408410865277904,0.44922171530969274,0.5122009787246559
1-0,1-0,0.00035547674955235266,0.44352346254446906,0.517689926431628
1-0,1-0,0.00035004599506900994,0.4566696917816699,0.5046000727179558
0-1,1-0,0.00034747374759132657,0.4630825955661899,0.4992797513542637
1-0,1-0,0.00024290630643941877,0.44974209351528616,0.5137064578508548
0-1,1-0,0.0003016076679821136,0.48437623134185687,0.4780953378959412
0-1,1-0,0.0002551803904325719,0.4337875628014669,0.5286913033944107
1-0,1-0,0.0002739815383014538,0.45060570810574235,0.513423925686466
1-0,1-0,0.0002860136703375218,0.45620976399108104,0.5031471660056944
1-0,1-0,0.00029870483272220657,0.44985466196945484,0.5130837048086463
1-0,1-0,0.0003596445514623914,0.43944848303703127,0.5226538684974861
1-0,1-0,0.00036401450213773603,0.4420405354481787,0.5206336347283537
0-1,1-0,0.00029819108044331917,0.4396700539100034,0.5228668986877895
1-0,1-0,0.0003514798008670458,0.45642432841566893,0.504966794695257
0-1,1-0,0.0002973968132274806,0.45968038239429587,0.5012524443872047
1-0,1-0,0.0002863166239747598,0.4368198404206889,0.5257104440699941
1-0,1-0,0.00028471237616192464,0.47707862604038576,0.48422261934588046
0-1,1-0,0.00025030192987320017,0.443549448574263,0.5177939791817293
1-0,1-0,0.00029999844332810323,0.4451537490604385,0.517467720243725
1-0,1-0,0.00036309897729570623,0.4372324282072978,0.5250314484385447
0-1,1-0,0.00028986309806341916,0.4671358198213062,0.49456432924114013
1-0,1-0,0.0003252184821512583,0.45019388202464783,0.5122592487720551
1/2-1/2,1-0,0.0002888812099345901,0.45923957000839666,0.5024318810425306
0-1,1-0,0.00032231395126152405,0.4461967700892881,0.5167474623509573
1-0,1-0,0.0002468570206598749,0.44574083958413263,0.5162653802482151
1-0,1-0,0.0002704742715281641,0.43048086731498014,0.5306733430285214
0-1,1-0,0.0003115611200145829,0.44712415293144786,0.5148472481690914
0-1,0-1,0.00023899278640742623,0.5043270249859625,0.45736514040724935
0-1,1-0,0.0002469210248065282,0.43587083770289914,0.5260649904348028
0-1,0-1,0.0002713482844146467,0.5270491002627548,0.4193976564672391
0-1,1-0,0.00028393572770964355,0.443352652761333,0.517632688620965
1-0,1-0,0.00036265918678389395,0.44000650483493076,0.522560890946876
1-0,1-0,0.0003266819962966651,0.4709030885632091,0.4917246101504871
0-1,1-0,0.00025672406027992624,0.4380500436795441,0.5251885650510646
0-1,1-0,0.0003089670699805669,0.44520406826414116,0.5164251479674201
0-1,1-0,0.00022618845187072974,0.5067505953327424,0.47417413789753166
1-0,1-0,0.00033007008465621977,0.44859364144181635,0.5133095926631447
0-1,1-0,0.00028218228140000444,0.44490596519519526,0.5176082235008455
1-0,1-0,0.00025495148090375953,0.4529642818946272,0.5082485997527267
1-0,1-0,0.0002501299094335497,0.43636879190795913,0.5264987938087888
0-1,1-0,0.0002677780890985798,0.46857667663043756,0.4933089871305229
1-0,1-0,0.0003006839584967532,0.4531891559093042,0.509680055983518
1-0,1-0,0.0003273268558985183,0.45263298832123045,0.5081095453696429
0-1,1-0,0.0002461136968988121,0.43503745675185757,0.5271060551101318
1-0,1-0,0.00024363144087479206,0.4864639186596493,0.48054079325459886
0-1,1-0,0.0003027228238915681,0.45037817159532545,0.512017791276154
0-1,1-0,0.000334581578383437,0.4435440172379506,0.5177932846888327
0-1,1-0,0.0003073234129587963,0.4637654021263659,0.4969926167674108
0-1,1-0,0.00025029161850958505,0.46839406673041484,0.49306004208647536
0-1,1-0,0.0002520580320805452,0.4599105551998148,0.5018393331603884
1-0,1-0,0.00035198933373397224,0.4637230467964701,0.4978171777387058
0-1,0-1,0.00034119567101901615,0.5445569425313056,0.4173123971014115
1-0,1-0,0.0003309068345194164,0.4489120168305165,0.512031754947519
1-0,1-0,0.00024374189549587177,0.4656645945353052,0.49665010606047827
1-0,1-0,0.0002683977261343043,0.46508970480080586,0.4963645499873751
0-1,0-1,0.00023617762076744375,0.5310731728982013,0.43058548574571864
0-1,1-0,0.0002413054001127773,0.4763565746985111,0.4878432902623189
1-0,1-0,0.0002495589375721426,0.4526223706656078,0.5090550629461812
1-0,1-0,0.0002834348954302399,0.4409752363378015,0.5210915123092443
1-0,1-0,0.00026577512545334877,0.4381699833182492,0.5251815213893114
1-0,1-0,0.00024967288058906287,0.4469969712366732,0.5167683848954171
1-0,1-0,0.000294265838559834,0.4642474170207885,0.4914613306370264
1/2-1/2,1-0,0.01263052833327107,0.24694803242783642,0.5140104839326797
1-0,1-0,0.0002493193411598962,0.4376819975287398,0.5247294245984205
0-1,1-0,0.00032799823447135604,0.45172855909227877,0.5101410317636164
0-1,1-0,0.00024400332638361272,0.46006686085923765,0.5051052972374327
0-1,1-0,0.00026139146111800216,0.44395066125221233,0.5183163857560487
0-1,1-0,0.00034058392253517053,0.443729029647709,0.5190669895623538
0-1,1-0,0.00031082513787689196,0.44173569176510474,0.5211887791720728
1-0,1-0,0.00030266795950205643,0.4489711492224474,0.5119570040732058
1/2-1/2,1-0,0.0003088030497535166,0.43727898729737225,0.5237699915701809
0-1,1-0,0.00035803978549646295,0.432335363180211,0.5290810529472548
1-0,0-1,0.00023776794860265712,0.5009762626996396,0.46030581305254387
0-1,1-0,0.000290525094267753,0.4652217747199436,0.4979726028880714
1-0,1-0,0.0002996940709614751,0.4576336983396415,0.5043797962965113
1-0,1-0,0.00029367915198786905,0.4450385486659863,0.5172312260129386
1-0,1-0,0.0002628189511383953,0.4281300276997679,0.5333766332981749
1-0,1-0,0.00027632465949250416,0.45477359648580573,0.5067086388112284
1-0,0-1,0.0002522139658873124,0.5060626996257666,0.4548135519665836
0-1,1-0,0.0002541352210766568,0.4516490944973538,0.5099271218647256
1-0,1-0,0.0002982912362007158,0.44854220995260696,0.5132216623523581
1-0,1-0,0.0002835471370584812,0.42799797012356444,0.5339523430842104
0-1,1-0,0.0003433324650301361,0.4517235428295934,0.5099295518425168
0-1,1-0,0.00034170480717595115,0.4672045756112383,0.4938308004838889
1-0,1-0,0.0003082591276304153,0.45801383483104835,0.5027037683431534
1-0,1-0,0.0003101184112490866,0.4558664840824559,0.5059300776191916
1-0,1-0,0.00035229583452317254,0.4503425991388401,0.5123020667955426
1-0,1-0,0.00024140202030529005,0.4829260136965297,0.4883154947151077
1-0,1-0,0.0003144349997177649,0.45685915308184405,0.5043833463371526
0-1,0-1,0.00031404961192873224,0.6267169375224816,0.32968003918830424
1/2-1/2,1-0,0.00028869389111704785,0.4357393120490291,0.5258347658742473
1-0,1-0,0.0002485493593468088,0.4579975388503543,0.5044951812705003
1-0,1-0,0.00028841313581239476,0.4618983431382845,0.49916863750159374
0-1,1-0,0.00029553208734064187,0.4381340928728722,0.5247993169410786
1-0,1-0,0.0002446666839358849,0.4364103604507166,0.5254166758915727
0-1,1-0,0.00029544693692281314,0.460835689579718,0.5000505567303807
0-1,0-1,0.00028478811416443345,0.5151684675803094,0.44510910353472305
0-1,1-0,0.0003332049412016574,0.4436810415584743,0.5170484197651971
0-1,1-0,0.00031312110927811084,0.44444680961600413,0.5188686845116577
0-1,1-0,0.0003573205907097179,0.447610657557495,0.5149338243273802
0-1,1-0,0.00024178886522382737,0.458181910977519,0.5033162809177908
0-1,1-0,0.000343856650763814,0.4469918749377035,0.5156213546203711
0-1,1-0,0.0002648160682955346,0.4433863837200203,0.5174411818562468
0-1,1-0,0.00026060027250537454,0.4443038042151732,0.5196575467204753
0-1,1-0,0.0003071268679495503,0.48224479613629445,0.4789010742260335
1-0,1-0,0.0002549930151095212,0.4375836753551116,0.5260124040999039
1-0,1-0,0.0003223771388062132,0.458650682661412,0.5023607540232711
0-1,1-0,0.0003176395740838134,0.4411739633950755,0.5205542268455936
0-1,1-0,0.0003507415398759923,0.4391003362207771,0.523558604401713
1-0,1-0,0.00034505223808171953,0.44704218924986006,0.5142083333737879
0-1,1-0,0.00023567727528553764,0.46581096634121916,0.5001496661643066
0-1,1-0,0.0002785169417033679,0.48730436411671724,0.47499751421384023
0-1,1-0,0.0003389857915598438,0.4414576368483391,0.5206128635544399
1-0,1-0,0.0003203405225192671,0.4498309705858087,0.5115794639190983
1-0,1-0,0.00034046726130707613,0.440509252063059,0.5221193266486108
1-0,1-0,0.0003479156693441568,0.4437573593778165,0.5185202796160263
0-1,1-0,0.0002549814066425601,0.44994799523239204,0.5111618428476044
1-0,1-0,0.00027458239535609416,0.4415221957823486,0.5214354998336279
1/2-1/2,1-0,0.00024111303629169395,0.4587735027836678,0.5051234186218906
1-0,1-0,0.0002814878136772678,0.4356990456990657,0.5259315943785017
0-1,1-0,0.0003556845914515853,0.45700073843674127,0.5048296174897304
0-1,1-0,0.00028922284666894633,0.4662610015934602,0.49521865278117383
1-0,1-0,0.000312093098447003,0.4268762431632878,0.535762872524259
1-0,0-1,0.00029060463785890233,0.5528749603481394,0.40761673109964447
1-0,1-0,0.0003067819043772261,0.4310249622765077,0.531273075902251
0-1,1-0,0.0002731655298475763,0.4682573275287834,0.4926988097097429
1-0,1-0,0.0002559143477150254,0.46507198249852855,0.5023254429284015
1-0,1-0,0.0002921811854839749,0.43459546582653386,0.5285906630203556
0-1,1-0,0.00023888225676211306,0.495871796788197,0.4659837255755715
0-1,1-0,0.0002514162097670224,0.4450160385577811,0.5162861484679259
1-0,1-0,0.0002532453423284466,0.4615218575648629,0.5000345315553969
1-0,1-0,0.00028275972920656963,0.45748811824865876,0.5039614836292919
1-0,1-0,0.0002688319868907535,0.4699808179461753,0.4916198676710054
1-0,1-0,0.0003046594578891603,0.4544023496164396,0.5069813086028326
1-0,1-0,0.00024799529284881945,0.4855289123067865,0.4721375913078496
0-1,1-0,0.0003652008659289699,0.44196446255357796,0.5206561751546364
1-0,1-0,0.0003096499355962776,0.4732768986985026,0.48985536969674315
1-0,0-1,0.00034687185417071615,0.5557584060323261,0.40589734204597944
1-0,0-1,0.0003389274198707203,0.5388654894349775,0.42196612123595933
0-1,1-0,0.0002904049422901363,0.46770978962982823,0.49305074666955245
0-1,1-0,0.00026834824869172814,0.4437771439493267,0.5178958694571723
0-1,1-0,0.0002402962572497861,0.46349538810405333,0.49790938067607565
0-1,1-0,0.0003506285663162812,0.45838859753271716,0.5027973601977782
1-0,1-0,0.00027291814263410806,0.44212590761993936,0.5193193645419097
0-1,1-0,0.00028781738087671455,0.4500488883763675,0.5112248742345114
1-0,1-0,0.00028868665969734864,0.44242590477913807,0.5202573373467846
1-0,1-0,0.00028049031638610356,0.4492944671637099,0.5127025536998987
0-1,0-1,0.00023708585383740112,0.5450635125440018,0.41866499549040914
0-1,1-0,0.0003019174305181879,0.47974746414919456,0.48213210306997595
1/2-1/2,1-0,0.00023384869322159787,0.49676162137197427,0.4737877947801254
1-0,1-0,0.0002984828314612547,0.4367171565898238,0.5248587735031783
1-0,1-0,0.00030638187051585064,0.45310152991123637,0.5094631982305816
1-0,1-0,0.00031206706785461263,0.442865246174404,0.5179809418231418
0-1,1-0,0.00025658512037473756,0.44813120066139595,0.5134865263243095
0-1,1-0,0.00028630985614609233,0.48028845050575397,0.4811572132697199
0-1,1-0,0.000342396368931544,0.44425389389452413,0.5166547900900996
1-0,1-0,0.0002763026757640182,0.45935109143351394,0.5016640687081365
0-1,1-0,0.0003536237579942775,0.44755352853988867,0.5136003987704416
1-0,1-0,0.00024456587488732266,0.4448748102145478,0.5195472716943039
0-1,1-0,0.00026017044991498894,0.4434925022031587,0.517616436116517
1-0,1-0,0.00033927471254653125,0.4464095749139059,0.5157131958890507
1/2-1/2,1-0,0.0007627335356797172,0.4218471290239066,0.48402467696825413
1-0,1-0,0.00025192844471300254,0.43724474789568485,0.5244367559535169
0-1,1-0,0.0002856115846775666,0.4483329233661698,0.5129694739607804
1-0,1-0,0.00035408616276651705,0.44809769290507145,0.5141352425582119
0-1,1-0,0.00032779357101455313,0.4706362515119093,0.49186183660759003
1-0,1-0,0.00030578258480307846,0.4822398812185963,0.48053293980501427
0-1,1-0,0.00023823488338104787,0.4656786018472193,0.499812437736402
1-0,1-0,0.000249404008252644,0.457865511354104,0.5032715565413495
0-1,1-0,0.0003273003801614025,0.4360973059422054,0.5253076699342375
1-0,1-0,0.0002557670812321787,0.4121325597701455,0.5482525529698608
0-1,1-0,0.0002762859315448324,0.45573950079980446,0.5056932576856233
0-1,0-1,0.0002634613935766549,0.4988086011314005,0.4632040984969133
0-1,0-1,0.0002864166107876064,0.5000524467938086,0.4503063931521513
1-0,1-0,0.00031251229804066233,0.45648568882746043,0.5062503439070778
0-1,1-0,0.00028386540572070915,0.47345731989469847,0.48729166646328154
0-1,1-0,0.0003545549816186362,0.44078361263306665,0.5205814721136863
1-0,1-0,0.00026606584628690303,0.4407363603846653,0.523194755000521
1-0,1-0,0.0002420914745138036,0.477916106967349,0.4840604877196191
0-1,1-0,0.00028303775364944735,0.4527322911261838,0.5098336199415129
1-0,1-0,0.00024111111519262423,0.4951849162265131,0.4679362930714883
1-0,1-0,0.0002474903130544587,0.43275364602925764,0.5292678043613677
1-0,1-0,0.0002886443136989369,0.449787881377334,0.5119281252897834
1-0,1-0,0.00025051816860356663,0.44672730560255103,0.5142212149981159
1-0,1-0,0.0002919278904840834,0.4557441079285728,0.5072769832462418
1-0,0-1,0.00043221563804359626,0.48421517791642965,0.43952285981728223
1-0,1-0,0.000281360723275601,0.44782601852137516,0.5147878419194147
1-0,1-0,0.00028153055679738814,0.44529485983081263,0.5167141430971096
1-0,1-0,0.00032663749664155943,0.4654706372854508,0.49544673278317003
0-1,0-1,0.0003348135168249297,0.6216543121915742,0.3404477575476756
1-0,1-0,0.0002782375213175205,0.4249062196219383,0.5213438758951856
1-0,1-0,0.0002675789616055974,0.45458749170882623,0.5064391868574395
0-1,1-0,0.00033007761988054736,0.4584253370175332,0.5024651591295329
1-0,1-0,0.00031473350592789955,0.46487951973967384,0.4969794180329733
1-0,1-0,0.0003162288208551554,0.45784230305193996,0.5053723136984205
0-1,1-0,0.0003390527720269169,0.44224912364811886,0.5186832340981363
1-0,1-0,0.000309291326349937,0.4434915652997603,0.5194467655972165
0-1,1-0,0.0003195591590680679,0.45178123093921935,0.5112878209766821
1-0,1-0,0.00024579327785160155,0.4417426232729477,0.5196104864971799
1-0,1-0,0.00036196282065910205,0.43221443073123594,0.5308139341566751
0-1,1-0,0.00025002500429246945,0.4398936007017059,0.5217629632943614
0-1,1-0,0.00024695946695608295,0.43421086212904914,0.5274109235168013
1-0,1-0,0.00032598693198092397,0.4416808187816393,0.5199522076664895
0-1,1-0,0.00034331391845933114,0.4463928041939009,0.5166347128296088
1-0,0-1,0.0002672835218301223,0.4958002911162168,0.45085201455028484
1-0,1-0,0.00030050475216793633,0.4378742598183748,0.5248669928432544
1-0,1-0,0.00028135792543329806,0.4287842793324322,0.533415006315942
1-0,1-0,0.00026844398148408144,0.4776690593423028,0.48467712039331623
1-0,1-0,0.00032926200864688733,0.46147890584090534,0.49942552176875216
1-0,1-0,0.00025391466090238994,0.4378715082873999,0.5240443876185131
1-0,1-0,0.00023575315627263804,0.47778669261489254,0.4947710820199227
0-1,1-0,0.0002889341900708241,0.48773281195212165,0.47290165609955287
1-0,1-0,0.0003258263185971853,0.4470702766142363,0.5161171781170193
1-0,1-0,0.00024533567020189757,0.4586965100734701,0.5062159519831857
0-1,1-0,0.0003337527875316109,0.43923764620643624,0.5216359845110878
0-1,1-0,0.0003311929045406014,0.4451575348058475,0.5158967384485057
0-1,1-0,0.00034222805045258973,0.4439634483705664,0.5186676614484622
1-0,1-0,0.00032763068643860635,0.44657267272267565,0.5147017075992008
1-0,0-1,0.00023458112803752975,0.515329870705991,0.4521196565430237
0-1,1-0,0.0003420140838074783,0.4562593119593949,0.504478011737066
1-0,1-0,0.00033978370520575926,0.4456448865242473,0.5163116719644606
0-1,1-0,0.00025512557773454123,0.44317705939733987,0.51972470498531
1-0,1-0,0.0002966641658389693,0.4511724482278167,0.5118202532098172
0-1,0-1,0.00028992370788134765,0.5821693210944705,0.3783248457529334
0-1,1-0,0.0003348005899331458,0.4638089472777015,0.4980656681646651
0-1,1-0,0.00032874045645231133,0.4424383146477223,0.5200700231235096
0-1,1-0,0.00028534730669254737,0.4452855796457256,0.5169364878912771
0-1,1-0,0.0002802233044316153,0.44642457872592134,0.515437947017708
0-1,1-0,0.0002970303653754946,0.44848720616441756,0.5141275123449192
1/2-1/2,1-0,0.00025932056083715607,0.44783209774657873,0.5132451282165446
1-0,1-0,0.00024014941095424735,0.4454464814886962,0.5212462149442784
1-0,1-0,0.0003202467666785648,0.43654547954527084,0.5262687768412889
0-1,1-0,0.00032294673608731323,0.4455522397044493,0.5178362500020207
1-0,1-0,0.00036066234444677664,0.451471936677955,0.5106487160183015
0-1,1-0,0.0003107872786395311,0.44376531755438414,0.5184441512392665
0-1,1-0,0.00030830847381366065,0.4642785531360699,0.4979963975224128
0-1,1-0,0.0003126282523279936,0.4466106945232723,0.5169152326095161
1/2-1/2,1-0,0.0003474462501322245,0.4546726510131322,0.5062664932115079
0-1,1-0,0.0003023014396050376,0.45616039445818357,0.5051055707587062
1-0,1-0,0.00026784586096905403,0.45592731384558804,0.5063935887548763
1-0,1-0,0.0002603830343878862,0.43145649789029417,0.5335939572425965
0-1,1-0,0.00031875016845299463,0.4301988998067848,0.5315031445117323
1-0,1-0,0.0002489543377077103,0.44825616190534456,0.5132567974624642
1-0,1-0,0.0003256889126141293,0.45636082351838064,0.5050397511729781
0-1,1-0,0.0003334965999800439,0.4426751804574912,0.5199129435918549
1/2-1/2,1-0,0.0002913125972859851,0.46835505303408004,0.49394643272140415
0-1,1-0,0.00035800161437622366,0.45365459348517234,0.5088072730889515
1-0,1-0,0.0002788182097524627,0.47669938047728533,0.4858632625762228
0-1,1-0,0.0002774201006537679,0.45045377849128604,0.5107114531292364
0-1,1-0,0.0002801601885737087,0.4730085131219607,0.4894915948228758
1/2-1/2,1-0,0.0002837646104845499,0.45231339377129465,0.509090783476214
0-1,1-0,0.0002744908494564016,0.45280900598404045,0.5085190423380375
0-1,1-0,0.0003529430116757673,0.43867166824625325,0.5243680657717336
1-0,1-0,0.0002818225260537085,0.46032435731587285,0.5005799586648789
1-0,1-0,0.00036093186050892035,0.4469842050474994,0.5149984186199553
1-0,1-0,0.0003255438793615589,0.4491201924148075,0.5117069110876064
0-1,1-0,0.00024923512002593824,0.4580653799134755,0.5053264092538972
1-0,1-0,0.00029747635982361374,0.4506167938063902,0.5126902689918953
0-1,1-0,0.0003375138911699634,0.4452156472766211,0.5155971071491241
0-1,1-0,0.00034701279745059477,0.4425838594676691,0.5182116176391179
0-1,1-0,0.0003371771217179252,0.44851787216264966,0.512237139792784
0-1,1-0,0.0002474833242287306,0.4638044571124516,0.502125344998451
1-0,1-0,0.0003185762704043774,0.44396318636656806,0.5190180805474691
0-1,1-0,0.00030983267871270085,0.4398284016957945,0.5235943620847187
0-1,1-0,0.00023839844408464622,0.46462727116270663,0.4980881401538561
0-1,1-0,0.0002665759810127069,0.44453975186216915,0.5163594378134686
0-1,1-0,0.0002722863314341968,0.47760847623239355,0.48337134064993054
0-1,1-0,0.00028725389264853176,0.4491007556588266,0.5132256818361626
0-1,1-0,0.00031610492051892334,0.4366425588464164,0.5270936956093504
1-0,1-0,0.0004897541787811659,0.43400377423068415,0.4921045648090323
1-0,1-0,0.00028046205642380626,0.4317643048301192,0.5316415700897275
0-1,1-0,0.00032942530509200277,0.4479662571744766,0.5127893370003265
1-0,1-0,0.0002507780690156311,0.47189799666125076,0.4895374327338357
1-0,1-0,0.00024143632047737498,0.4604315360167604,0.5026448620331553
0-1,1-0,0.00024995712948341946,0.48555937478521116,0.4770159997280189
0-1,1-0,0.000346020756362804,0.44453484135747656,0.5174954412424463
1/2-1/2,1-0,0.00035899460612855323,0.44460224932307785,0.5169824426629885
1-0,1-0,0.0003161823478995515,0.44773198091840766,0.5150338418068918
1-0,1-0,0.0002449774959641848,0.48154688126136413,0.482796249743244
0-1,1-0,0.00026878920523425983,0.47093426289815166,0.49051600030035153
0-1,1-0,0.0002641769984556581,0.4639309147354293,0.4971958221021102
0-1,1-0,0.00024754969119248656,0.44914928092617956,0.5134970330632228
1-0,0-1,0.0002813833582877004,0.49765517130488307,0.463617970357596
0-1,1-0,0.00024242688357285086,0.4631100658236743,0.4987044414769273
0-1,1-0,0.00028533264119169475,0.467673994252253,0.49310144462071415
1-0,1-0,0.0003450809303392089,0.4457369486597545,0.5169365583677681
1-0,1-0,0.0002859283658422509,0.46831539727499505,0.4943615219108706
0-1,1-0,0.000321578455456302,0.4457700089833214,0.5154184921444351
0-1,1-0,0.00034376476606789476,0.45242254699682455,0.5095404958972256
0-1,1-0,0.0002753058029619327,0.45009181103930423,0.5123228803387541
0-1,1-0,0.0003147106283639191,0.45667983423738256,0.5048964104878501
1-0,1-0,0.00027855812459665806,0.4550096912752679,0.5066548383814616
1-0,1-0,0.00035890110867560845,0.44898641387358784,0.5133060323860694
0-1,0-1,0.00033904497672718675,0.526183963124792,0.4355440458317624
1-0,1-0,0.00030929074422986875,0.442570483597479,0.5203000239876355
1-0,1-0,0.00030464413186330095,0.42444411374612295,0.5329532718993116
1-0,1-0,0.00024534211162950974,0.46172746288513755,0.4998115281372526
1-0,1-0,0.0003123322116183769,0.4486179946095932,0.5128080423105146
0-1,1-0,0.00036675573899360174,0.4406629174482906,0.521956728734115
1-0,1-0,0.0002741739198587312,0.4515698440183889,0.5109060800505681
1-0,1-0,0.00024834096129117773,0.4364417204375999,0.524597646317957
1-0,1-0,0.00031596994077600737,0.4396987126188842,0.521327637599655
0-1,1-0,0.00024960270181591184,0.4184308104940063,0.5433948489229273
0-1,1-0,0.00028909613959630644,0.43693633562653306,0.5264128695821155
1/2-1/2,1-0,0.00024571948062853,0.4361718901052693,0.5250578923304445
1-0,1-0,0.0026328196453127136,0.3672953542081207,0.518281551261343
0-1,1-0,0.00034346963522421237,0.4530757941399705,0.5095613881829956
1-0,0-1,0.00025527446072355566,0.49939910157553297,0.45487125660894023
1-0,1-0,0.000271299663008087,0.44314145001964367,0.517887797270423
1-0,0-1,0.0002948482868296601,0.5187694342356768,0.4305060304631503
1-0,1-0,0.0002436962644791812,0.46220047100788975,0.4994464121579767
0-1,1-0,0.00035529854203360164,0.4354533705138131,0.5266075649532465
1-0,1-0,0.00028864843484934487,0.4473890073535451,0.5164242065654645
1-0,1-0,0.00027704460464820894,0.4414187142072958,0.520339192887689
0-1,1-0,0.0002570292088365784,0.4602143926509995,0.5015097657792759
1-0,1-0,0.00025570437603756186,0.439124620642342,0.5233598377255383
1-0,1-0,0.0002619115269885576,0.45968294146402916,0.5013415220979963
0-1,1-0,0.00034671250074665865,0.4328813014080556,0.5280288036605189
1-0,1-0,0.00035936178094579663,0.4467944867514715,0.5150874361220837
0-1,1-0,0.00024724079782540863,0.4472631993407761,0.5176531414845855
1/2-1/2,0-1,0.0005447319506608725,0.5206440765491477,0.386587943694182
1-0,1-0,0.00024238793670834755,0.4636719699317429,0.4988218639287404
1-0,1-0,0.00031224526695350363,0.43849312380375816,0.5223941174356362
1-0,1-0,0.0003115363089913638,0.43395648595624664,0.5284069579129314
1-0,1-0,0.0003302692843242295,0.42188596824055635,0.5391417783744465
1-0,1-0,0.00029208642463337934,0.4788823349954771,0.4831782976250189
0-1,1-0,0.00034758540470545857,0.44715539644598046,0.5138475491472808
1-0,1-0,0.00024225001609673121,0.47117277594036233,0.4909849846808312
0-1,0-1,0.00026259866515823075,0.6529602062915214,0.30553732023115177
1-0,1-0,0.0002780074966920333,0.44161719050713105,0.5223486585312223
0-1,0-1,0.0003136127190213928,0.5339761511733255,0.41804622425267784
0-1,1-0,0.0002468835286222168,0.4563367324551609,0.5052224312967957
0-1,1-0,0.0002409670442329498,0.4533390250080585,0.508433896653252
1-0,1-0,0.001227880229867886,0.3988961965325378,0.4973383833595948
0-1,1-0,0.0003114321841002261,0.44646108538709856,0.5147766888074393
1-0,1-0,0.00033820628283346213,0.45854089345802507,0.5029370330988671
0-1,1-0,0.00027119854711450805,0.4587682914463106,0.5028327015411411
0-1,1-0,0.0014532310532546378,0.39213729317703094,0.512728242349521
0-1,1-0,0.00024639501843710086,0.44015213216834886,0.5211724238992415
0-1,1-0,0.0002953194948741391,0.44640453159099813,0.5150510322741391
1-0,1-0,0.00034793771937806193,0.4470633064478457,0.5157837285314668
1-0,1-0,0.0002440029341643622,0.4632830425264114,0.5002637343977119
1-0,1-0,0.00029893113387085977,0.4361368463559066,0.5252717593233818
1-0,1-0,0.0002569688358940015,0.4589694597743399,0.5017495789750428
1-0,1-0,0.0002687326747004801,0.4481066564718691,0.5153810564224959
0-1,1-0,0.00027175000010609923,0.48098357974140465,0.48037293329257175
1-0,1-0,0.0002424473791424594,0.46818556404982814,0.4945678273441926
0-1,1-0,0.00031993854460111434,0.43784053806839796,0.5232225060906814
0-1,1-0,0.0003584055889779379,0.4426842548318366,0.5196188603931493
0-1,1-0,0.00030356569098958976,0.4471378413212915,0.5151257575885307
1-0,1-0,0.00034379570116720604,0.4437420793061242,0.517003184187905
1-0,1-0,0.00028247466493174075,0.4450697599353662,0.5159949416142888
1-0,1-0,0.00024600238416271633,0.43290103117101175,0.5291047488089877
1-0,1-0,0.0003194765736640117,0.43926461314612286,0.5236599902929433
1-0,1-0,0.0003340602004395576,0.4519691307383662,0.5108375614618365
1-0,1-0,0.00030102611625006565,0.43611713781704403,0.5252816310905136
1-0,1-0,0.00026709018585868846,0.45984550094790766,0.5025724726465134
1-0,1-0,0.0002832692622441843,0.4395631391635905,0.5213882476920434
1/2-1/2,1-0,0.0002468310728849532,0.4770671938122294,0.4855128686060674
1-0,1-0,0.00027402871851173367,0.45150940047724814,0.5095218772502104
1-0,1-0,0.0002480879913127157,0.4504868655588439,0.5106803861023231
0-1,1-0,0.00035595158766853235,0.42875920029469433,0.5345944582935754
0-1,1-0,0.0002878692087670459,0.44813806921663946,0.5138794836268126
1-0,1-0,0.0002722253184738178,0.4708005914645364,0.4935877168111061
1-0,1-0,0.00028331610204352905,0.45578849822742096,0.5068803461641407
1/2-1/2,1-0,0.00024660049365970147,0.495196074097588,0.46563357059905736
0-1,1-0,0.00033212534519434165,0.4373219218927199,0.5235367632615778
1/2-1/2,1-0,0.00029915160585415997,0.4508377559531089,0.5114365717886559
1-0,1-0,0.00024261773793830726,0.4792036587283982,0.4829330742710618
1-0,1-0,0.00032750419105574035,0.442063904160082,0.519396242750239
1-0,1-0,0.0003512297656488352,0.4324512797408394,0.5294622966926079
1-0,1-0,0.0003264839535598726,0.4465942006007519,0.5143583162864521
1-0,1-0,0.0003007868129905007,0.45469857969564403,0.506030079483415
1-0,1-0,0.000294618391637053,0.4495139661664486,0.5133009850211391
0-1,1-0,0.00033740552575841173,0.4514843754287114,0.5092886038673726
0-1,1-0,0.00028071668643777975,0.45047754114201666,0.5112942332876228
0-1,1-0,0.00033271066284948527,0.4455047063959222,0.5173672006271859
0-1,1-0,0.00026283819722572197,0.4746116063466131,0.4863277308542299
1-0,1-0,0.0003061617586581083,0.45345134250059405,0.5093359089701501
1-0,1-0,0.00031853952984412306,0.4572803619139471,0.5055390853593085
1/2-1/2,1-0,0.000323685628642568,0.45976842137923934,0.5010480446827656
1-0,1-0,0.0002556796261656219,0.4563024188900282,0.504484748137459
1-0,1-0,0.00028995292432745524,0.4505721164368567,0.5108767832591932
1-0,1-0,0.0003630241370240083,0.4414697754304994,0.5204748739817568
1-0,1-0,0.0003577060711036512,0.44678042654464833,0.5159939607009414
0-1,1-0,0.0002559592395468814,0.45428770923635636,0.5064134860283647
0-1,1-0,0.00024387144345949853,0.4444500193889506,0.5169387516034868
1-0,1-0,0.00025364827363211977,0.44276934425414394,0.5190948574590571
0-1,1-0,0.0002688577726008293,0.44392661893354024,0.5199161739371072
0-1,1-0,0.00024246175035953893,0.4717337014192077,0.49080385587193576
1-0,1-0,0.00035552733659152474,0.4590557942223255,0.5027668997053932
1-0,1-0,0.0002943388982376993,0.46216250588213914,0.5004680054986451
1-0,1-0,0.0003551779652994183,0.4474744162932828,0.5140225091181552
1-0,1-0,0.0002422071892683434,0.45523735902022544,0.5168827102496326
0-1,1-0,0.00024588770847258683,0.44144800376175003,0.5202828529506693
1-0,1-0,0.0003280216809507643,0.44739032464985756,0.5134331420959686
0-1,1-0,0.00031271145424949806,0.452978010571786,0.5089031892923044
1-0,1-0,0.0003383488886285821,0.44406405852607717,0.5187162854422667
1-0,1-0,0.00023717800494186096,0.464777948002788,0.49885332242401553
0-1,1-0,0.00036451012816292566,0.43737422447619395,0.5253856823536511
1-0,1-0,0.014295069051325488,0.20945034713046415,0.5719833699167692
0-1,1-0,0.000258369668343239,0.4660019276355571,0.4956631808871198
1-0,1-0,0.00023442494565868743,0.47361704913017855,0.4954802491046852
0-1,1-0,0.00035356668648383726,0.45153224107932133,0.510347206512448
1/2-1/2,1-0,0.00028744679694912113,0.4466845794928832,0.5142958159454529
0-1,1-0,0.00033326876396772915,0.4414644328113961,0.5210768236059466
0-1,1-0,0.0002781777096879983,0.43778234558358786,0.5251985732748711
0-1,1-0,0.0003329257179870032,0.4570055205118396,0.503855104260113
0-1,1-0,0.0002538817334807355,0.49488515065653166,0.46750393425875436
1-0,1-0,0.0002464989509728625,0.4950387911488119,0.4645966576210439
1-0,1-0,0.0002446981282005845,0.4485242125535032,0.5129091700018014
1-0,1-0,0.00025954977818413646,0.441637415211987,0.521100115521602
1-0,1-0,0.0002583796669824004,0.4369912968318694,0.5267945595649854
0-1,0-1,0.0016370761001345754,0.02752225637401401,0.010191181231240215
0-1,1-0,0.0002607211424122768,0.4479273259413702,0.5155875198857358
1-0,1-0,0.00024685876186863586,0.44722478730450654,0.514197577287153
1-0,1-0,0.00028770563386723943,0.4513065267084681,0.5113306985978207
0-1,1-0,0.0002365788405861669,0.49084433742673633,0.4724097060889092
1-0,1-0,0.00036270486811278596,0.4421170895894275,0.5198174757585748
0-1,1-0,0.00032454420142356176,0.4661255667736163,0.49470967474683114
0-1,1-0,0.000320422083229454,0.46425212512794517,0.4968344926132469
0-1,1-0,0.00033078247527233424,0.4655572250769187,0.4953081543778489
1-0,1-0,0.0002888003061847727,0.4382200714297508,0.5230009651003623
0-1,1-0,0.0002824899283992479,0.4490619551695097,0.5119215601751399
1-0,1-0,0.0003378126175735127,0.44927239838396044,0.511819086777327
0-1,1-0,0.00036839767340248787,0.43411167447609916,0.5286616491046815
1-0,1-0,0.00033913518759484413,0.46074868014314124,0.501837492672395
0-1,1-0,0.0003284130524291607,0.44905799366505494,0.5121787829448854
1-0,1-0,0.0003476744188031396,0.446208769051719,0.514910465771672
0-1,1-0,0.000256655159227699,0.4546557685356931,0.5064408301843071
1-0,1-0,0.0003386938417301755,0.4449869196675203,0.5177640033441911
0-1,1-0,0.00024623557928770724,0.43519974958927027,0.5264428439476586
1-0,1-0,0.00025140931924858294,0.4955253668703749,0.4671876738867602
0-1,1-0,0.00031270302269508724,0.4536102820692465,0.5094009008199285
0-1,1-0,0.0003249000099148955,0.46988764876654365,0.4912286446890358
1-0,1-0,0.00024511367918590157,0.43727913597996304,0.5253898352645294
1-0,1-0,0.00033755705594185265,0.4360267762741299,0.5268971458969157
1-0,1-0,0.0003214736773637182,0.4427020786195792,0.5207049828496235
0-1,1-0,0.00024429182203886406,0.43971701777415917,0.5214153727410761
1-0,1-0,0.0003160011711908937,0.4337256657206907,0.5272428373860465
0-1,1-0,0.00025404200205340893,0.49425588048107655,0.46458083727320676
1-0,1-0,0.0002467186021327848,0.4368740785113292,0.5247181203057005
1-0,1-0,0.00026484603181560305,0.4585314437839924,0.503081471683814
0-1,1-0,0.0002930163963740749,0.45743856452026543,0.503769619582271
1-0,1-0,0.00033215775614905583,0.4440567392190014,0.5180602049075076
1-0,1-0,0.0002803852375744139,0.43580171638009924,0.528348105572544
0-1,1-0,0.000317093184146794,0.4442942950803808,0.5184047859458206
1-0,1-0,0.000342308990139026,0.4454673995979698,0.5171289081947024
0-1,1-0,0.00024403795146095116,0.4587978713260518,0.5029221506799201
1-0,1-0,0.00024457974945769483,0.48594237802966234,0.4745395351532376
0-1,1-0,0.00024973173505033136,0.45888712328257897,0.5029911971600007
0-1,1-0,0.0002658928551651267,0.4582734351800866,0.5032824844375442
1-0,1-0,0.00032648011719106667,0.47414738707778525,0.48735820182659834
1/2-1/2,0-1,0.0002661988006822812,0.5279094011947398,0.4322340720078502
1-0,1-0,0.00030922998945875723,0.4442945261015905,0.5177199956788288
1-0,1-0,0.00029848876469515157,0.4356923255114433,0.5253555505026114
1-0,1-0,0.0002809031457381606,0.4450757284213072,0.5011372386302442
1-0,1-0,0.0003044348246122995,0.43758538502005667,0.5251055803997275
0-1,1-0,0.0002406856515661198,0.4576341647129703,0.5124086838787987
1-0,1-0,0.0002438061069474367,0.44310634358340734,0.5180127298579437
1-0,1-0,0.00034014814041273463,0.43743829528873696,0.5250042635117422
1-0,1-0,0.000258059263994278,0.4438497031520551,0.517562188029867
1/2-1/2,1-0,0.010371889479793922,0.22886654075832888,0.5101063176153732
1-0,1-0,0.0003042796943008768,0.45879889296123577,0.5019206917179097
0-1,1-0,0.0002808966838093867,0.44630275149619325,0.5174745825380732
1-0,1-0,0.0003046262562572536,0.4543789344799034,0.5082802579896042
1-0,1-0,0.00028148198194603776,0.4605251298573723,0.5020232489830924
0-1,1-0,0.00036342678243638925,0.444829057631,0.5178257211439024
1-0,1-0,0.00034239405979892654,0.44829143624883283,0.5132732184749431
1-0,1-0,0.0003424755089745734,0.44874485321410534,0.5119989517809055
1-0,1-0,0.0003102312482887365,0.4435852734250896,0.5193558930791986
1-0,1-0,0.00029987184809767125,0.44757141172532694,0.5133318035503494
1-0,1-0,0.00024471135564221603,0.4468232832498329,0.5152086281700814
1-0,1-0,0.0002362833153930789,0.45508981072140464,0.5118274437121518
1-0,1-0,0.00025138028216108285,0.46112338009128856,0.5005899121927133
1-0,1-0,0.0003392426538893469,0.4563732033475913,0.5043569037811843
1-0,1-0,0.00025581858971372614,0.43987875546773403,0.5223292122487189
0-1,1-0,0.00032712240416798175,0.4485750225360045,0.5125254997643971
0-1,1-0,0.00035533125649298973,0.44385955373436214,0.5188036859882462
0-1,1-0,0.0003166057677314292,0.44914595070871327,0.5117514739869312
1-0,1-0,0.00033547808016341356,0.4495526138869815,0.5111990440048407
0-1,1-0,0.00036167707353973466,0.4360306729276921,0.5267788770597667
1-0,1-0,0.0003048701208547798,0.46680137163741003,0.49429952996141113
1-0,1-0,0.00029425988836085607,0.4371503761666274,0.5261255890326504
1-0,1-0,0.0003652199751005507,0.4300826172038459,0.5323502655394624
1-0,1-0,0.00029595917817053376,0.45674101848456305,0.5041096523566759
1-0,1-0,0.0003302076057574243,0.44087680867292167,0.522054504212928
1-0,1-0,0.0003014578129206734,0.43983800377274784,0.522812286873188
0-1,1-0,0.0003470092101985179,0.4778055345002752,0.48432080262720023
0-1,1-0,0.00034347841957173844,0.4449856058058812,0.5157566318353225
0-1,1-0,0.0002767190068814912,0.45111475915155014,0.5108670276623111
1-0,1-0,0.00024456686940648126,0.4365893460981404,0.5253072488446152
1-0,1-0,0.00027075830614718867,0.43918913895098155,0.5227229398980812
0-1,1-0,0.00033755774136178364,0.4845329913371862,0.4762486241963277
0-1,1-0,0.0002689794044642045,0.4540033210701894,0.5072463659911615
0-1,1-0,0.00034360099066160906,0.45358742647489664,0.5091341876101683
0-1,1-0,0.0002563803283550596,0.458002068009032,0.5034526879162962
0-1,1-0,0.0002751187357378119,0.44668756021916534,0.5149614405908058
1-0,1-0,0.0002749886492387228,0.44513543131122785,0.5178244465053443
1-0,1-0,0.00024108773620078723,0.4770392758463995,0.48505220677255106
1-0,1-0,0.0003252715301630886,0.4480687622237356,0.5152028388347047
1-0,1-0,0.000303208072505103,0.45008413898206673,0.5131714457927196
1-0,1-0,0.00026046829033772226,0.47658915069711855,0.48423982665424953
1/2-1/2,0-1,0.0002846864960916934,0.49409978364711604,0.45363834500278577
1-0,1-0,0.00027696130453317206,0.4557646150461212,0.5056702054885028
0-1,1-0,0.00029222394266847733,0.4441204620249466,0.5193625383098257
0-1,1-0,0.00023991103531050787,0.47884757720631344,0.4853911677391649
1-0,1-0,0.00026803722656457574,0.4494352016981163,0.5128139762972523
0-1,1-0,0.0002575514648929509,0.46438536076714515,0.49775325980833174
1-0,1-0,0.0002428441435419355,0.45955101644449603,0.5019142992814288
0-1,1-0,0.00033908633767139275,0.44341643563538796,0.5188466531484828
1-0,1-0,0.0002496277685942001,0.4566193654446738,0.5044904057979196
0-1,1-0,0.00033526066689195446,0.4443922749117781,0.5167822877167405
1/2-1/2,1-0,0.0003256837495648486,0.4519846149269099,0.5093356484647559
1-0,1-0,0.0003553658327840688,0.44702586325117755,0.5144778201361524
1-0,1-0,0.0002767664765642424,0.4406170352557267,0.5228778201495475
0-1,0-1,0.0003320601691660165,0.5431816921335542,0.4191247365818462
1-0,1-0,0.00031622491625209464,0.4586885377109504,0.503261644122591
1-0,1-0,0.0002528408531417299,0.4604775450206903,0.5010672636007196
0-1,1-0,0.00033696629687913235,0.44381149732691727,0.5193929244651647
0-1,1-0,0.00025073027376897093,0.43926272437436686,0.5238676106119946
0-1,1-0,0.0003149832386776587,0.43917496727753713,0.5242223409363732
0-1,1-0,0.00027299713637188116,0.4488613228328332,0.5120065872770654
0-1,1-0,0.00023677335231325031,0.4760835014695633,0.4896652492228486
0-1,1-0,0.0003391711150201694,0.44471838431561456,0.5165298403566693
1-0,1-0,0.0003546459034103548,0.4488538156113388,0.5134251275169947
1-0,1-0,0.0003286889834999267,0.4533634038513406,0.4837605721713449
1-0,1-0,0.0002674313612959197,0.4547937484071106,0.506584784173093
1-0,1-0,0.0002476512591296968,0.4472202911850592,0.5181485504488276
1-0,1-0,0.00025259028779847463,0.4505339823403511,0.5106681231191901
0-1,1-0,0.0003099871736763605,0.44677020393274786,0.5148459168066886
0-1,1-0,0.0002683777416148993,0.48062343369792027,0.48077631668352466
0-1,1-0,0.0002847012580420617,0.456226488046547,0.5065470493575732
0-1,1-0,0.0002798498653184971,0.4492650754234825,0.5131764040387554
0-1,1-0,0.0002667751074129761,0.47306529654195023,0.48895222291181767
0-1,1-0,0.0003376303951687124,0.46743047615760225,0.49335425005987943
0-1,1-0,0.0003342811677608775,0.4629747169118764,0.49850801024287805
0-1,1-0,0.00033005175551692397,0.4470369482532311,0.5145283282121139
1-0,1-0,0.00023675459186539168,0.4503288278592306,0.5211737436563025
1-0,1-0,0.00033945122310364965,0.4508009709881715,0.5111943983286203
1-0,1-0,0.0003194791158651487,0.4449182182316543,0.516575844968398
0-1,1-0,0.0002445118592417424,0.46292930172292013,0.4982851131960838
1-0,1-0,0.00024400995773543965,0.44073200946405605,0.5203822871339483
1-0,1-0,0.00025917201614823965,0.4947681584340312,0.4632308511886763
0-1,1-0,0.0003339677056085987,0.44403597220958874,0.5181736840893482
1-0,1-0,0.0003555321877843528,0.4425577190595234,0.5193290548916294
1/2-1/2,1-0,0.00027559835911016885,0.47251824520613694,0.4899286901729834
1-0,1-0,0.0002660341581391481,0.4556817276687881,0.5058173217245745
0-1,1-0,0.0003596453432576412,0.43824706050848417,0.5240322395474902
0-1,0-1,0.00036833967724103357,0.5873675844177778,0.37520660767054476
0-1,1-0,0.0002665667637794319,0.44776487761766515,0.5142396295132939
1-0,1-0,0.00034943002126835613,0.45452523281412105,0.5067959735970434
0-1,1-0,0.00031511985648708453,0.4328859629649791,0.5296375435297339
1-0,1-0,0.0002429147602161108,0.4653110946333293,0.49752560320356565
0-1,1-0,0.00024476345625307043,0.43778681936876895,0.5239506104998622
0-1,1-0,0.0002710296581173254,0.45013895626931505,0.5114250202373367
1-0,1-0,0.0003188451712446818,0.43833306294187774,0.5231198127769778
1-0,1-0,0.0003534539987686921,0.4494766732645244,0.5132339333666264
0-1,1-0,0.0002870803971058135,0.47007050877250034,0.4906513936745665
1-0,1-0,0.0003445177183642518,0.4411446862682505,0.5214469284356487
1-0,1-0,0.00036840693433316894,0.44046519950718643,0.5221816666394731
1-0,1-0,0.0003294879799431779,0.4413074878459781,0.5205937846021251
1-0,1-0,0.00025025951853862953,0.44988863536574136,0.5114054103605469
1-0,1-0,0.0003154092989823232,0.44108029840978596,0.522359748423445
0-1,1-0,0.00033410183424257195,0.45080634938118536,0.510054019083372
1-0,1-0,0.00024254206415247112,0.47790345869027456,0.48457509694343626
0-1,1-0,0.0003494699238961504,0.4689203318812541,0.49298330719390426
1-0,1-0,0.00024633775421423643,0.4430597362028804,0.5181692768704838
1-0,1-0,0.00023864149536044236,0.4741321055661861,0.4909319660690814
0-1,1-0,0.00033348150783912264,0.44710185172043354,0.5140487106134968
1-0,1-0,0.0002572483418601042,0.45800473937490255,0.511054390696714
1-0,1-0,0.0003202228256513889,0.4455642319706686,0.5162047538317849
1-0,1-0,0.0003635506176368694,0.44410081685610364,0.5183994195189606
1-0,1-0,0.0003327865796367052,0.4457211109876801,0.5152277953013853
1-0,1-0,0.00030968929812968216,0.4451044137133251,0.5175244098189765
0-1,1-0,0.0003320296418882819,0.4482626149790935,0.5125101255346435
1-0,1-0,0.0002611732267876087,0.4591091063858214,0.5020007748115831
1-0,1-0,0.0002446784166909309,0.44190861779419566,0.5220244866952147
0-1,1-0,0.0002860449401158812,0.4490269850586596,0.5122642232628725
0-1,0-1,0.0003014607748914868,0.6147948441468875,0.347429947514604
0-1,1-0,0.0002706110470405832,0.4487483308929948,0.5151985351861664
1-0,1-0,0.00023948351282881478,0.4421350590916044,0.5335473207107825
0-1,1-0,0.0003206886907132469,0.47109753485699934,0.4898706072784357
1-0,1-0,0.00035097617646910796,0.43899023160176937,0.5241521559874036
1-0,1-0,0.0002651555455267227,0.44851198934006087,0.5133843144976118
0-1,1-0,0.0003155290039697664,0.43088010629885454,0.5294642457005633
1-0,1-0,0.00029413379155491804,0.4966523389691498,0.4657151726914947
0-1,1-0,0.0003190034175888855,0.4423616821277826,0.5193301176727725
0-1,1-0,0.00036615583279485804,0.43826810560137325,0.5240224199212095
1-0,1-0,0.0002495395844888809,0.4354064661226939,0.5264097026810567
0-1,1-0,0.00032202033131187476,0.4457965882969393,0.517006573892711
0-1,1-0,0.0002956857188155612,0.43544125488306396,0.5272844405763479
1/2-1/2,1-0,0.0002703358379153686,0.4805241080864617,0.4776536722959242
0-1,1-0,0.0002736261178653538,0.4511478550065436,0.5112267231044499
0-1,1-0,0.00033220946630426184,0.4762343780864502,0.4846211828591303
0-1,1-0,0.0002458832100218956,0.4474958213118337,0.5143734336168592
0-1,1-0,0.0002753354032633935,0.4438596377173084,0.5192872423955238
0-1,1-0,0.0002981385613832489,0.46433456263345835,0.4983911201852667
1-0,1-0,0.0003343702351752451,0.44381777653476323,0.5189612284804439
0-1,1-0,0.00032164526671644896,0.4519387100766105,0.5088511713500694
1-0,1-0,0.0002431045015642692,0.4588435660475993,0.5028025141145631
1-0,1-0,0.0002688080459481627,0.4555321728192726,0.5054429650135182
1-0,1-0,0.00029242148153798013,0.43744939619510226,0.5261581764036345
1-0,1-0,0.00023934000331003695,0.4660749438498827,0.49754739946449955
1-0,0-1,0.0002365237995327605,0.5276260684322425,0.4406508691105001
0-1,1-0,0.00024855006580061197,0.4383492550808879,0.5239483024637399
0-1,1-0,0.000348974310328865,0.4427705744117662,0.5201621414768169
0-1,1-0,0.00026057256513844265,0.47489351888176484,0.48714414245774623
1-0,1-0,0.00025254661365031256,0.4612509439583232,0.5002787315445459
1-0,1-0,0.00031386322472600625,0.45166407419102195,0.5105360054717126
0-1,1-0,0.00034010230970065645,0.44419556935918464,0.5184531732239845
1-0,1-0,0.00035544710729587737,0.4421497506628056,0.520279171230608
0-1,1-0,0.00035345440829276717,0.4569141426480905,0.5049326861862624
1-0,1-0,0.0002561909065584049,0.46168823739064896,0.4994929380794807
0-1,1-0,0.00031383663911020335,0.47438520111833227,0.4864907766603993
1-0,1-0,0.0003426510752303015,0.4426270347963852,0.518115283459361
0-1,1-0,0.0002575885257667366,0.44641148842388206,0.515733532138338
0-1,1-0,0.00024903566669678696,0.46076459117212065,0.5000638204028519
0-1,1-0,0.0002813847809139222,0.4387953403122696,0.5180874114293228
0-1,1-0,0.0003220384482855047,0.44178939516382015,0.5190409191810377
1-0,1-0,0.00033384526608077415,0.4535988884369902,0.5088944196034828
0-1,1-0,0.0003044398541705529,0.4566121403415761,0.5055321928846064
0-1,1-0,0.0002832563447849559,0.4399561138082157,0.5239853243029609
1-0,1-0,0.00032801655185488935,0.4530853115435982,0.507635188008097
1-0,1-0,0.00033462397169211445,0.4496845515922532,0.5110660836666712
0-1,1-0,0.00026954443316398686,0.45955567506765393,0.5024307977142192
1-0,1-0,0.0002508454341219602,0.46671588852153434,0.4944192589138257
0-1,1-0,0.0002927609087147035,0.4522467149179167,0.509771351690679
0-1,1-0,0.00035175711763696865,0.43312863590379036,0.5298940890120568
1-0,1-0,0.00027647490749887403,0.46373672848556424,0.49706108279408573
0-1,1-0,0.0002421992894031659,0.46078017230109936,0.5017764593789297
1-0,1-0,0.0003570280108695987,0.4405129169300203,0.5219899433292913
1-0,0-1,0.00024717638142060327,0.5098100185730157,0.45353506591881754
0-1,1-0,0.000311345252720468,0.4275113411271993,0.5346497828270586
1-0,1-0,0.0003659875959813421,0.4398442453165874,0.5228284490953583
0-1,1-0,0.0002473725614613283,0.43930638191378407,0.5220221545057773
0-1,0-1,0.0002450482851629477,0.5152143711786945,0.4479432682315791
0-1,1-0,0.00024247247748020016,0.4734305620634626,0.4891741420753694
0-1,1-0,0.00035075983561221925,0.4684852535986536,0.4935084464249421
1-0,1-0,0.00030455340629939674,0.4452580422589948,0.5177042766657783
0-1,1-0,0.0003215210824732868,0.4467497666598131,0.516107074229682
1-0,1-0,0.0002600031362063425,0.4516366804532041,0.5095603690894923
0-1,1-0,0.0002689905500841969,0.4603341598872585,0.501484380623548
0-1,1-0,0.0002896226091392538,0.4469953768881274,0.5158201873014548
1-0,1-0,0.00032350725438674193,0.4543759212750566,0.5067899700314155
1-0,1-0,0.00033596302834237526,0.4469210849302498,0.515063370275828
1-0,1-0,0.0003007977864565468,0.4518378453778661,0.5104834199614973
1-0,1-0,0.0003050550318517038,0.45063515171339436,0.5104462884617135
0-1,1-0,0.0003323222506820208,0.4602738903667556,0.5005661312025972
1-0,1-0,0.00025638814086158685,0.463461941776878,0.49753066335721496
0-1,1-0,0.0003444420246548076,0.44086124663650317,0.5217781144037645
1/2-1/2,0-1,0.0002537190129818937,0.5068414273305678,0.45604393072631166
1-0,1-0,0.00035261955289711777,0.4390435496255589,0.5222552784591492
0-1,1-0,0.00024749227335339204,0.4668163618732796,0.49779415765057733
0-1,1-0,0.00027132469901922687,0.4387497255476287,0.5251466879763027
1-0,1-0,0.0002399147021277463,0.44802208665040205,0.5273785377894491
0-1,1-0,0.0003455695698051575,0.4458578165326756,0.5162164211986012
1-0,1-0,0.00024777587573818275,0.448906055946923,0.5125804417273627
1-0,1-0,0.00032792464052743117,0.4312979336466051,0.5296567883478963
1-0,1-0,0.0003114788740835032,0.4451959980568605,0.5177120566968588
0-1,1-0,0.00030241087314055896,0.44995780109869293,0.5109645185130499
0-1,1-0,0.0002903309311455271,0.4462140744853329,0.5149344034447239
0-1,1-0,0.0002510178354995189,0.44505380893623425,0.5187070866113209
0-1,1-0,0.0002959748595895419,0.44658546687624656,0.512910858726879
1-0,1-0,0.00032138469204528287,0.4371571626887726,0.5256845248095208
1-0,1-0,0.0002859716507946042,0.4534675292149272,0.508210482709188
1-0,1-0,0.0002984348382292591,0.44766523177386175,0.5144534892482581
1-0,1-0,0.00024100188215879292,0.45010112506637767,0.5173447783048174
1-0,1-0,0.0002372612648979729,0.4806320866122223,0.48181598741357023
0-1,1-0,0.0002522135212360632,0.43588247750376025,0.5272092781475193
1-0,1-0,0.0002647116737399711,0.4545256395946492,0.5076239276384724
0-1,1-0,0.00029317028559175547,0.4413578302974918,0.522367850440978
1-0,1-0,0.0003247553901278605,0.4514324000695847,0.5097240679521283
1-0,1-0,0.0002813784579205514,0.4408191172149916,0.5230262087656652
1-0,1-0,0.00024541124247734236,0.4591753979794218,0.5019980447759629
1-0,1-0,0.0003544584915764643,0.4447702302717795,0.5175202830266383
1-0,1-0,0.00024020964987140375,0.46314870643103007,0.4981832625707616
1-0,1-0,0.00035704162254364706,0.43667628953649446,0.5248790733075879
1-0,1-0,0.00033964985109717833,0.43567324758057197,0.5289591601167927
1-0,1-0,0.0003512213616798454,0.4294795578932362,0.5342947926751194
0-1,1-0,0.0014253836167680406,0.011350998398742613,0.05518771643476399
0-1,1-0,0.0002962445085258817,0.4506521733388511,0.5063046119795305
1/2-1/2,1-0,0.0002482641305199177,0.43779447351577444,0.5247325471086383
0-1,1-0,0.0002869752503024268,0.45257666494980475,0.5082609568151496
0-1,1-0,0.0002715509851481647,0.4545650923047526,0.5064589281736427
0-1,1-0,0.00035824663808297665,0.44114440198044713,0.5217826872177739
1/2-1/2,1-0,0.0003227239528911458,0.46219273787992965,0.49862829325321906
1-0,1-0,0.0002881986312186416,0.4358984841605135,0.5224946822384094
0-1,0-1,0.0003038542536205894,0.5190283671453781,0.4416349017790038
0-1,1-0,0.00024217237642538836,0.44886104449176484,0.5136443773381336
0-1,1-0,0.00035800367444352606,0.44664474254980746,0.5159393082641509
0-1,1-0,0.000352049939383166,0.45196287389471235,0.5106548169628752
0-1,1-0,0.0003278733519272281,0.4445059181924423,0.5185486623967644
1-0,1-0,0.0003164489793458324,0.44307025319494603,0.5193156805501856
0-1,1-0,0.0003353841977981233,0.45534284907307254,0.5059248908160051
1-0,1-0,0.0003260068509218225,0.44703682297908237,0.5161027711634415
1/2-1/2,0-1,0.00025750249064409426,0.4954804736623578,0.46204087275062644
0-1,1-0,0.00026732246814781913,0.44265737494541996,0.5211449461948501
1-0,1-0,0.0003263987719542246,0.45087068742437736,0.5106818916433259
1-0,1-0,0.0002699748265297273,0.4570079986278542,0.5040582308918354
1-0,1-0,0.00035865179919260584,0.4402395331270762,0.5227184855232714
0-1,1-0,0.00024420550629247105,0.4475055832591527,0.5172191026840562
1-0,1-0,0.00035521128846424205,0.44577379347115115,0.5165607648515619
1-0,1-0,0.00034192258657311954,0.446602217153212,0.5161649478801331
0-1,1-0,0.00033874881340271155,0.4475745629776352,0.5131979972721387
1-0,1-0,0.00031639946890793524,0.44230335278572813,0.5212167990804608
0-1,1-0,0.0002666796621746674,0.4478546756286499,0.5145972546727733
0-1,1-0,0.0003358841247372517,0.4564437944762272,0.5049414331700586
0-1,1-0,0.0003345445671276956,0.4558411684745564,0.5056626120512783
1-0,1-0,0.0003479197703799559,0.4426621702696172,0.5181539417646214
1-0,1-0,0.000306450056132641,0.4481598803060663,0.515071298648375
0-1,1-0,0.00029011870828689627,0.4436428184807635,0.5140127822073189
1-0,1-0,0.00024877515767279996,0.4614166877290847,0.503555422982897
0-1,1-0,0.000289260463370619,0.4384951449085167,0.5201412380641524
0-1,1-0,0.00036894127527536274,0.43562734186597096,0.5271566540622827
1-0,1-0,0.00026249558171760433,0.4481801208433032,0.5131567514841671
0-1,1-0,0.00023885450124584232,0.4365158008454662,0.532648078428543
1-0,1-0,0.00027541929441860305,0.4665195324211847,0.49580852140989395
1/2-1/2,0-1,0.00023486762532319854,0.5300248805951286,0.4295563165008396
1-0,1-0,0.0003321563787798995,0.4479356409376773,0.5134543230642803
1-0,1-0,0.0002748114518295878,0.4449268734467338,0.5169935736324016
0-1,1-0,0.00032012629858660906,0.460551160386283,0.5021572913857234
0-1,1-0,0.00032997040792902087,0.45626911630400047,0.5044920396125057
0-1,1-0,0.00029861337468118824,0.45208499763467686,0.5030951047125002
1-0,1-0,0.000335683434369603,0.4261784028284345,0.5347499647495908
0-1,0-1,0.00034419976742894304,0.5416785065182012,0.41946760227142715
0-1,1-0,0.0003034237250978243,0.45800002033428117,0.5032443656222959
0-1,1-0,0.0003410838778940526,0.4502271197168583,0.5111731380170443
1-0,1-0,0.0003360475036591077,0.4426144418525319,0.5196022656533135
0-1,1-0,0.00024582988954864235,0.4346404164126302,0.5267798021291985
1-0,1-0,0.0002462766021246482,0.47712334702177356,0.48416172399086627
1-0,1-0,0.00027089762802934785,0.44646480552541534,0.5164562657413009
1-0,1-0,0.0003489034946366226,0.44964178983049413,0.5113549601385275
0-1,0-1,0.0002472519212961914,0.5099871612920269,0.45743498490051226
0-1,1-0,0.0003437227079833066,0.43823354716279744,0.5242579001007568
1-0,1-0,0.00035457950640566376,0.4405466355669444,0.521380785295376
1-0,1-0,0.0002624448976293465,0.4551440932860171,0.506607452664774
1-0,0-1,0.00024999695483343025,0.529781087044428,0.4177038868415066
0-1,1-0,0.00025289317319402257,0.4433662554013982,0.5191690431573929
1-0,1-0,0.00029602947449233654,0.44630359310714524,0.5152191574535278
0-1,1-0,0.00031627589444355766,0.44501431715920425,0.5161460605881002
1/2-1/2,0-1,0.0002490817361773176,0.5124239267113474,0.4487797499934217
0-1,1-0,0.00031586063622650106,0.44723291005252847,0.5141330644981859
0-1,1-0,0.00024339037452476264,0.464934720963446,0.499970407986706
1-0,1-0,0.0002734348103294293,0.4476254279372176,0.5144215350097325
1-0,1-0,0.000308067651044242,0.4438744797199188,0.5197532571162268
1-0,1-0,0.00047089021333032526,0.41132055625281916,0.5316440790623428
0-1,1-0,0.00027554562280833635,0.4693802613836452,0.49151320581646896
0-1,1-0,0.0003669108866552081,0.44255281507984523,0.5200365474431716
0-1,1-0,0.0002786892373352605,0.45328567309675033,0.5078514815510184
0-1,1-0,0.00025514640827237716,0.46993528166230847,0.49110639557937336
0-1,1-0,0.0002818366175367258,0.46367261298307094,0.49755245491273203
0-1,1-0,0.00025794339656714404,0.47148014356035123,0.4907774165281145
1-0,1-0,0.000245783398605029,0.4371028498868135,0.5242207814712877
1-0,1-0,0.00026347478307753606,0.44925142446561656,0.5131466517466556
0-1,1-0,0.0003649089737025114,0.4446710706193694,0.5178446963515865
1-0,1-0,0.0003471200554531205,0.46467100396978,0.49637653379535485
1-0,1-0,0.000282541227633459,0.44921568737165435,0.5118943679579341
0-1,1-0,0.00036002182774531974,0.4477194735930851,0.514807317228697
0-1,1-0,0.00031219158564123735,0.45128117462985656,0.5095374205766866
0-1,0-1,0.00024999483603786314,0.5032863534677888,0.45801495605052894
0-1,1-0,0.00032204464769773584,0.4529526981349399,0.5078310951639512
0-1,1-0,0.0002450233878710195,0.4360111568214132,0.5257220379318899
0-1,1-0,0.00030237568619432886,0.44441791300160133,0.5167384516556962
1-0,1-0,0.0002696805061858596,0.44794557129131446,0.5136083932206668
1-0,1-0,0.0002717999807835338,0.48970881682123424,0.47171799861044017
1-0,1-0,0.0002544398607707373,0.4963509354395,0.46642953952139987
0-1,1-0,0.00026511043125348354,0.44212307765306985,0.5211920665442988
0-1,1-0,0.0002632050805147548,0.4634684086746586,0.49830229806142196
0-1,1-0,0.0003057411982031324,0.4427542068708905,0.5198944438818677
1-0,1-0,0.0002472615263511479,0.43536962869109563,0.52638051439817
1-0,1-0,0.0003140170913208356,0.4324842586922915,0.5284048927064863
1-0,1-0,0.0002982333692115172,0.444818582270142,0.5168226245884463
1-0,1-0,0.0002420605177164446,0.4519241308852744,0.5112695595898903
1-0,1-0,0.00025319840780593144,0.4828343507108621,0.47797646093378243
0-1,1-0,0.0005831440230681431,0.42160155601654725,0.5136111276826566
0-1,0-1,0.00034173566703046083,0.5339395505437342,0.4275618792988499
0-1,1-0,0.00026998724563819486,0.46109378856463307,0.5000838033258559
1-0,1-0,0.0002439460677745982,0.4680037579712476,0.4932375041482889
0-1,1-0,0.0002460579794643248,0.4855319448464328,0.4773558016151176
0-1,1-0,0.0002911597381179428,0.45032830443828825,0.5108550785180115
1-0,1-0,0.00024571518396449986,0.45397312725873656,0.5073737381423215
1-0,1-0,0.00025154321332153395,0.4365997375087774,0.526781968878217
1-0,1-0,0.00029301332484433097,0.44506532161797696,0.5156798501615291
0-1,1-0,0.00033946495528584423,0.4555074137827054,0.5055591180427172
1-0,1-0,0.00034156250760214414,0.44439956000355324,0.5182779316130477
1-0,1-0,0.0003064849918294837,0.4558167185294122,0.506637897778366
0-1,1-0,0.0003330767679864361,0.44377405156561855,0.5178744511139611
1-0,1-0,0.0002596746733300941,0.4390578728296806,0.5224310860017843
0-1,1-0,0.0003591372529760217,0.4463948129314463,0.516167846862406
1-0,1-0,0.0002526501423589828,0.4336791679632953,0.5279933764056133
1/2-1/2,1-0,0.0002630691712065338,0.4536033728849236,0.5078213396254205
1-0,1-0,0.00028282155773149515,0.45720757777298754,0.5045122251570495
0-1,1-0,0.00036503052143815944,0.44391485637126576,0.518672681904481
0-1,1-0,0.00034029982532860674,0.4546530697868514,0.5069927833514148
1-0,1-0,0.00023730701680385206,0.473295067764372,0.49217983641285096
1-0,1-0,0.000314267015920922,0.43930877615890634,0.5242582908708309
0-1,1-0,0.0002810745285236005,0.4731741533740834,0.4858602016476529
0-1,1-0,0.00026950649992528176,0.44200385332045355,0.5208691101370861
0-1,1-0,0.00023891193437317873,0.4453683759435498,0.5197929535497153
0-1,1-0,0.00024843092313145285,0.49343413502423933,0.4719086902667713
1-0,1-0,0.00024762951364254416,0.4529223965406123,0.5082345085769824
0-1,1-0,0.0003433111410848715,0.4496132308500147,0.511617868557383
0-1,1-0,0.00031479248722965966,0.4558250406730964,0.506045136413179
1-0,1-0,0.0002445138775901907,0.4599348452376728,0.504221144195623
1-0,1-0,0.0002622452003163346,0.4488882150063565,0.5122087229160694
0-1,1-0,0.00025531181886858935,0.4380201974091855,0.5253987262381984
1-0,1-0,0.00031024068199508653,0.42639628349120046,0.5354884526774815
1-0,1-0,0.0003555102062493687,0.4479621017084129,0.5139845091543973
0-1,1-0,0.00023683823910702442,0.4884878231322526,0.47704971918580247
0-1,1-0,0.0003218874858164021,0.45462408049816894,0.5067861222941255
0-1,1-0,0.00024477936515496804,0.4431948978675839,0.5201895322403189
1-0,1-0,0.00025891869650578183,0.4791100066615054,0.4781528291494886
1-0,1-0,0.0003078940666959849,0.46169983903352385,0.5000922401099019
1-0,1-0,0.0003242652023906391,0.48155148350332394,0.4792247854177902
0-1,1-0,0.0003097205598746098,0.4579835096369683,0.5027411664613901
0-1,1-0,0.00026016021970250684,0.4816966279931467,0.47937150475702056
0-1,1-0,0.0003411419343392416,0.4497670682392865,0.5110427461608574
0-1,1-0,0.000351612021107923,0.4399057041288684,0.5231563635818108
1-0,0-1,0.0002517139430800896,0.5093581526944608,0.44938947030548526
1-0,1-0,0.00024220907139283285,0.4695091912411369,0.49475470042734104
0-1,0-1,0.00032893450993365386,0.5015999836758976,0.4594939516658435
0-1,1-0,0.0002488441509381872,0.4546705236110241,0.5065532570159099
1-0,1-0,0.00032606461917104797,0.4346963760155517,0.5277171680937719
1-0,1-0,0.00035239687733219414,0.45484076120032385,0.5063818177299594
0-1,1-0,0.0002368419075106224,0.4906812837886779,0.47461663523524217
0-1,1-0,0.00023486942690068688,0.46552015981119016,0.5042520305956748
1-0,1-0,0.00026634232315946813,0.4414958637204724,0.5203391826341149
1-0,1-0,0.0003063419324312535,0.4743542585298595,0.48874692062503194
0-1,1-0,0.00027911709974686333,0.47353092073943853,0.487880049233298
0-1,1-0,0.00029430499550276893,0.44726302743024304,0.5123101230105239
0-1,0-1,0.0003050043397350775,0.5939170219802908,0.36861436102047745
0-1,0-1,0.0002447031026352652,0.5665226680043267,0.39335329992741125
0-1,1-0,0.0003078082273695721,0.44812985310791065,0.5129310557499831
1-0,1-0,0.00025639364609767964,0.45362222239492234,0.5071577667640784
0-1,1-0,0.00030868938384764736,0.44821292941803637,0.5133330381805209
1-0,1-0,0.0002914561932508869,0.453370711816696,0.5084491859888393
1-0,1-0,0.0002490584160408305,0.42958068324424076,0.5442366722505585
1-0,1-0,0.00027451878638875735,0.4506688451537899,0.5107610021902008
1-0,1-0,0.00026211539933101156,0.4518713731473933,0.5123466480399694
0-1,1-0,0.00034436874209714486,0.45322153773017027,0.5082616669993528
0-1,1-0,0.0002448739125065624,0.4506504587648084,0.5123534250345957
1-0,1-0,0.0002900529521363105,0.4642052636247334,0.4965308718795543
0-1,1-0,0.0002770756160413453,0.455883498364199,0.5066647181432496
0-1,0-1,0.0003014343894607866,0.5457703936075546,0.3898871819304513
1-0,1-0,0.00034385480669276846,0.44371657321604124,0.5190239613468965
0-1,1-0,0.00027264713505052723,0.4523474854813123,0.5086003149134141
1-0,0-1,0.0002874844609369964,0.5338802743024261,0.42800466643489593
1-0,1-0,0.0002446149635593824,0.4628323246790914,0.49815866829044236
1-0,1-0,0.00035666219297706314,0.4445128004217879,0.51761378354773
0-1,1-0,0.0002522570703679834,0.4777207317708409,0.48339341113508655
0-1,0-1,0.00033230525827647293,0.619132227316562,0.3376646467924744
0-1,0-1,0.0002335580002116909,0.5189460901182827,0.44454451464053174
1/2-1/2,1-0,0.00029574259823656986,0.4528261189011118,0.5087747647708039
0-1,1-0,0.000318806216087551,0.44288050071807294,0.5206151123228044
0-1,1-0,0.0003154106477270786,0.44326969096004193,0.5188705994965516
0-1,1-0,0.0003350624688549902,0.4481529411576052,0.5149695509643566
0-1,1-0,0.00031464971228480955,0.4353081885084919,0.528772694411748
0-1,0-1,0.0003309900967043554,0.544095400587026,0.4167263027280347
1-0,1-0,0.0002926181143294117,0.4509837569181546,0.5108811925442464
0-1,0-1,0.00029436099578226195,0.5083879844889209,0.4546165884147134
0-1,1-0,0.00028265292986022744,0.44752603914350764,0.5146120134941403
1-0,1-0,0.0002709600252481158,0.46867623110299506,0.492609627998681
1-0,1-0,0.00029295894344857795,0.45858433555265615,0.5031915149944902
1-0,1-0,0.00030067607962201796,0.4494306070217722,0.5133579078303242
0-1,1-0,0.0002501382255641347,0.49136435938039297,0.4703367079150216
0-1,0-1,0.0002505506762787275,0.5131957744053787,0.450406858768258
1-0,1-0,0.0003353290569584477,0.43577909616621424,0.5251066786795556
0-1,1-0,0.0002740585526526453,0.4379009049164026,0.5259677198248046
1/2-1/2,1-0,0.0002984313785691953,0.437775962613358,0.5230775541233178
0-1,1-0,0.0008400947730222518,0.4455432618594906,0.47827698440621363
0-1,0-1,0.00030452150998193725,0.5589023454086158,0.40453183247730184
1/2-1/2,1-0,0.0003385735489281871,0.4534406132706161,0.5073572323130787
0-1,1-0,0.0003078850747860255,0.44678059292164835,0.5152188483198126
1-0,1-0,0.0002836833512675347,0.45029486686427944,0.5111333769544008
0-1,1-0,0.0003425980624058575,0.4399515327280809,0.5208877005736117
0-1,1-0,0.00031616695314078434,0.43943432751552125,0.523695754559561
1-0,1-0,0.00023688027574496814,0.47626768542118014,0.4887673771594146
0-1,1-0,0.00034257644900359356,0.46153985916193085,0.5007770326968863
0-1,1-0,0.00028075211835421136,0.4826381058390541,0.4746448929207081
0-1,1-0,0.00028422105312426966,0.4447213811344228,0.5165990385862281
0-1,1-0,0.0003415067259863184,0.45249114202662044,0.5084747591374165
1-0,1-0,0.0002453859725650086,0.46466761829333103,0.49714194790811556
1-0,1-0,0.0002485358012374129,0.46494554782727515,0.49655806253172896
0-1,1-0,0.00024035949856873547,0.4603092603828002,0.5040786493833203
1-0,0-1,0.006324047925626659,0.5287838074828849,0.2341026533231284
0-1,1-0,0.00031006405975232074,0.4626557351400626,0.4987096530873661
1-0,1-0,0.00026654737822681034,0.44352888631407833,0.5178888144773297
0-1,1-0,0.0003084437397662626,0.45425938901164453,0.5084736964428529
0-1,1-0,0.000282046995925523,0.4545627324797922,0.5081336118944959
1-0,1-0,0.0002604947095107406,0.4409063721021589,0.522233991680119
0-1,1-0,0.00036636683324949124,0.44247103103316404,0.5201658324261157
1-0,0-1,0.00023618564871858534,0.5258955098787713,0.4425990996773939
1-0,1-0,0.00034633554831661674,0.4520519897033665,0.5098975854954305
0-1,1-0,0.00033018466616797476,0.44388376098837173,0.5187844160086934
1/2-1/2,1-0,0.00028072859250439684,0.46724332745306413,0.4936490245986095
0-1,1-0,0.00033905620119183203,0.4516183428727321,0.5108452508892138
1-0,1-0,0.00026984399505715746,0.45748603152216555,0.5053765819726889
0-1,1-0,0.000348836015896025,0.4447087442472383,0.5180046327535782
0-1,1-0,0.00031364668894973233,0.4629778112732442,0.4977374657916371
1-0,1-0,0.0002988896118626907,0.4501821804418263,0.5108209094218724
0-1,1-0,0.00024408423305480672,0.4424062720589084,0.5190323048905228
1-0,1-0,0.00035328113239514145,0.452854390421294,0.508717878300793
0-1,1-0,0.0003500593750899522,0.4491256089481363,0.5119827212802356
0-1,1-0,0.00030945066834547674,0.46578491879751754,0.4954753061617958
1-0,1-0,0.0002467202410774702,0.4827860546081574,0.4801742707478406
1-0,1-0,0.00024412373840394772,0.4402656827450947,0.52224526564388
1-0,1-0,0.00024696535945220393,0.4376002853633042,0.5250208324725313
0-1,1-0,0.0003424141278172033,0.44708981929533875,0.5136519231788342
1-0,1-0,0.00024207896182731182,0.45240824496013254,0.5088187516138561
1-0,1-0,0.00031944825054006754,0.4414983887342431,0.5207090301712236
0-1,1-0,0.0003185872176118745,0.456746709539486,0.5049033587901438
1-0,1-0,0.0003610641736863312,0.4434118884127953,0.5183591933613277
0-1,1-0,0.0003245213490786236,0.4446928148080313,0.5168089289786406
1-0,1-0,0.00031915647277952415,0.44607250736893334,0.5147377934180197
1-0,1-0,0.0003032396654810517,0.4483843520506984,0.5045984746785881
1-0,1-0,0.00035601414187452676,0.44405346631169856,0.5185915388125082
1-0,1-0,0.0002558056329982913,0.48659437990987525,0.47460565261098997
1-0,1-0,0.0002667983808838171,0.44899086512560493,0.51186273132059
1-0,1-0,0.00024500245157569646,0.46181640819459807,0.5005535268549255
0-1,1-0,0.00024242962209107953,0.4306358662100629,0.5338834696874962
0-1,1-0,0.0003617278037121996,0.439661716449894,0.5230468719652495
1-0,1-0,0.00024372648463889167,0.4705830256109974,0.4949302575394809
0-1,1-0,0.00027074062211626475,0.48703066088675434,0.4752606466424082
1/2-1/2,0-1,0.000487668594178196,0.5215385909586268,0.39680212901192913
1-0,1-0,0.00031951516976730577,0.4525698288470922,0.5104944170752317
1-0,1-0,0.00032679674045861203,0.4434107722978641,0.5174746036507274
0-1,1-0,0.00035891286511545965,0.4445613238482129,0.5172874408449306
1-0,1-0,0.00035220764630738337,0.4412157000535619,0.5206642219274307
0-1,0-1,0.0003609124874578562,0.5935737043052997,0.3665793656037432
0-1,1-0,0.00031451173176342125,0.4535736749768367,0.5085665541388387
1-0,1-0,0.00024200887598004416,0.45018454336434033,0.5109846487126274
0-1,1-0,0.00036276918887755735,0.4421384387203238,0.5202642117392301
1-0,1-0,0.00024936447296336977,0.47651388235110304,0.4887747288117934
1-0,1-0,0.00035872690869493627,0.4479816014583875,0.5144405832616629
0-1,1-0,0.00031576192374478386,0.44970116444629926,0.511624060183255
0-1,1-0,0.00028515247191171516,0.45794170237316756,0.502965048908082
1-0,1-0,0.00031652130003232315,0.45652129706045436,0.5044487598546827
1-0,1-0,0.0002662008518496151,0.4512592732377264,0.5107930826289935
1-0,1-0,0.00030815771268064446,0.4448148428036452,0.5083517369668424
0-1,1-0,0.00024413983776675908,0.437812230377639,0.5244217954179309
1-0,0-1,0.0003227408263012065,0.5067485388799156,0.45585405492838105
1-0,1-0,0.00024828165743993267,0.4372260198915802,0.5248575988619474
0-1,1-0,0.0003539385932128515,0.4391212069277729,0.5238808739560239
0-1,1-0,0.0003014216804973046,0.483483955420346,0.4785925032150449
1-0,1-0,0.0002460550690694965,0.43913926141707904,0.5224393858249633
0-1,1-0,0.00036404214908359526,0.4467401941654475,0.5155423417019362
0-1,1-0,0.00024840024337760883,0.439267750072511,0.5221491567392603
0-1,1-0,0.00034683461879233776,0.4527718441839825,0.5088587725542487
0-1,1-0,0.0002812296962533931,0.46102046079155534,0.49664970775824707
1-0,1-0,0.00034982467009917254,0.43548876569043415,0.5272648932157165
1-0,1-0,0.00024800772520344717,0.42966781158721035,0.5334869218211338
1-0,0-1,0.000280308301193685,0.583096465845987,0.3799961312086302
0-1,1-0,0.0003577861843265708,0.43948261495140273,0.5223500709892944
0-1,1-0,0.0003264829567813793,0.4459880947836257,0.5164859555023291
0-1,1-0,0.0002616811273394066,0.4399585658995361,0.5239943085552987
1-0,0-1,0.00030481006547305957,0.5443704437632843,0.41837407858513803
0-1,1-0,0.00026123210387506303,0.44435729435803323,0.5173487695427299
0-1,1-0,0.0003262950715559801,0.4482132711043351,0.5146893108878378
1-0,1-0,0.0002900967215329986,0.4528053690371207,0.5101363835917316
1-0,1-0,0.00029271398181099156,0.4498998975223267,0.5121172053856664
0-1,1-0,0.000257047608084031,0.4577282287928777,0.5039985368785347
0-1,1-0,0.00024133040779528029,0.49172957610663826,0.4708823413835817
1-0,0-1,0.001763108284819728,0.17966248445802568,0.18926088009154796
0-1,1-0,0.000244917281484581,0.4377808732549798,0.523535752799697
0-1,1-0,0.00027161989293101067,0.4496335351841666,0.5116321007712522
0-1,1-0,0.0002835554888301411,0.4694314407626995,0.4923537502003705
0-1,1-0,0.00031659316770630755,0.4501529745152967,0.5108277594820836
0-1,1-0,0.0002454892049815964,0.45538173682492994,0.5059021126022853
0-1,1-0,0.0002738581316336285,0.44679976931997295,0.5141831211926097
1-0,0-1,0.00023405986630953992,0.505681128859123,0.4571129459092435
1-0,1-0,0.0002441496186441923,0.44247437322217165,0.5188004377078711
1-0,1-0,0.00024616966826724825,0.4364101109583494,0.5263783741073258
0-1,1-0,0.0002828678685066751,0.46086174036214317,0.500689819771276
1/2-1/2,1-0,0.000335823278423799,0.43652079903559243,0.5250922668180734
1-0,1-0,0.00024576819157224374,0.433607673953994,0.5281687106799349
1-0,1-0,0.00029718558042180843,0.43478137667466393,0.5263427321774489
1-0,1-0,0.00034154119028911406,0.4433786268051262,0.5189500923943453
1-0,1-0,0.00031929480951122994,0.4433932066733661,0.5194523667030931
0-1,1-0,0.00033558075206612735,0.4487442275946531,0.5120173630160436
1/2-1/2,1-0,0.0004917559929473653,0.4312777489965956,0.5080451286154782
1-0,1-0,0.00030074506342199324,0.4511935164590636,0.5099916733127428
1-0,1-0,0.0003120786407575802,0.4500949311161672,0.5108291445106127
0-1,1-0,0.00034396451959675466,0.4457413689200805,0.5159199461666781
1-0,1-0,0.0002934796462947395,0.44294701493470584,0.5154980264617154
1-0,1-0,0.0003279781747827656,0.45381932048375745,0.5090299094173639
1-0,1-0,0.00027739431419653455,0.4257698677192048,0.5376346293202694
0-1,1-0,0.00031677351546096553,0.46008559641103997,0.5032475380747881
1-0,1-0,0.00027948448789076,0.4395510264915902,0.5221588707829178
1/2-1/2,1-0,0.00028470684022164255,0.47477407010364825,0.4878357229941962
1-0,1-0,0.0003496339002097642,0.44549188042891896,0.5155624722708009
0-1,1-0,0.00033076647648222756,0.4471141138778434,0.5154226353340982
1-0,1-0,0.00025861347918432247,0.4372344278313483,0.5255066969609192
0-1,1-0,0.0003402773217040239,0.4447550162305839,0.5179281289849897
1-0,1-0,0.0002948297307073831,0.4371333621165795,0.5249800397586282
1-0,1-0,0.0003115504511907566,0.4540816229803564,0.5087908031132337
0-1,1-0,0.00024343614034978247,0.4706906320778431,0.4911171887716174
0-1,1-0,0.000280879226615446,0.48874366422503784,0.46974737628324553
1-0,1-0,0.0002777425556393417,0.4686768080075643,0.49477764591850004
0-1,1-0,0.0002456321515565195,0.45284942583571014,0.5084452838682777
1-0,1-0,0.00026194645670868827,0.450727164487509,0.5151711565719096
1-0,1-0,0.00025388324577853993,0.4526107429477748,0.5091292160719778
0-1,1-0,0.0002950715526721302,0.4458868440696643,0.5169507644796248
1-0,1-0,0.0003284023934311897,0.4403030658980274,0.5225855809897175
1-0,1-0,0.00026745715510786934,0.4482407656177889,0.5131425557547675
1-0,1-0,0.0003192733656469262,0.45053634256249886,0.5112186093030613
1-0,1-0,0.0003533864058023869,0.4348855143525816,0.5270443065229321
1-0,1-0,0.00032877453718953113,0.45337674019235213,0.5088511445469232
1-0,1-0,0.0002752439596696934,0.44729063799033425,0.5143217761704975
1-0,1-0,0.0002854448059953647,0.44970889917468704,0.5112190376730856
1-0,1-0,0.00035836108472580105,0.44804029685959507,0.5136795458204865
0-1,1-0,0.00034814398345144526,0.43828170708754755,0.5245638455079001
1-0,1-0,0.00034277976324303055,0.44485931406255397,0.5166224912715238
1-0,1-0,0.0002792536634088117,0.45292715753676765,0.5097111398976105
1-0,1-0,0.00024360289012211246,0.4739124673639499,0.49031198145080596
1-0,1-0,0.0002630317181308031,0.45960077711766545,0.5036749283703561
1-0,0-1,0.00031938226659377684,0.5445953964437898,0.4157862040072845
0-1,0-1,0.000287169823430526,0.4979469678008554,0.4600658461644503
1/2-1/2,1-0,0.0002542969605585903,0.45256826493013885,0.5106869258583782
1-0,0-1,0.0013061108688057405,0.5331344452404188,0.3442754269902483
1-0,1-0,0.0003454961184749151,0.47339254356503924,0.48774991148179164
0-1,1-0,0.0003291388394491294,0.45196231549999305,0.510030810948397
1-0,1-0,0.0002425811016173023,0.4555576271882048,0.5082171685815664
1-0,0-1,0.00028002876554690954,0.5368031733768837,0.4034810415903947
0-1,1-0,0.00032574894810751584,0.45281412383268416,0.508273448138684
0-1,1-0,0.00024840505643324717,0.43495445189854953,0.5286163780078853
0-1,1-0,0.0002611732134473943,0.4582641806855501,0.502779679442509
1-0,1-0,0.00031065211608319717,0.4406939909018877,0.5211177988967519
1-0,1-0,0.00024588010245710364,0.4421408454847632,0.5203340759069555
1-0,1-0,0.0003528516255062951,0.45037881129308116,0.5118286816060842
0-1,1-0,0.0003597614338590662,0.44830244183604306,0.5136232339703484
0-1,1-0,0.00034970171260152033,0.45529917660276986,0.5071915644572392
1-0,1-0,0.00024323769453067672,0.44341841056532655,0.5179221823259735
1-0,1-0,0.0003589224211009945,0.44999120098065876,0.511785402375524
1/2-1/2,0-1,0.000234718311554321,0.5295686146432007,0.43358212469383794
1-0,1-0,0.0002499701013400836,0.46410236848057085,0.4975364016517908
0-1,1-0,0.0002748673598140913,0.4785505788688487,0.48388278739502616
0-1,1-0,0.0002912643901328791,0.4622137940671928,0.49868661640992806
1-0,1-0,0.0003350285416107352,0.44668189456099555,0.5147307999498668
0-1,1-0,0.0002980642018202189,0.45637385035659933,0.50556071128524
1-0,1-0,0.0003630420839989675,0.4455459063230097,0.5169292442393529
1-0,1-0,0.0003176973353589573,0.4484524355993281,0.5131972683839026
0-1,1-0,0.00024260515523445798,0.44635624570680105,0.5148814711503052
0-1,1-0,0.0003262495178303425,0.44173317685759733,0.5209674546699156
1-0,1-0,0.00026084837241459503,0.43664044764213567,0.5271855182393242
0-1,1-0,0.00034637357147263714,0.45558712618646896,0.5071300869797702
0-1,1-0,0.0003084142217727142,0.4352300839027325,0.5277532574253049
1-0,1-0,0.0002653679221016538,0.4625954987586598,0.49898931661656276
0-1,1-0,0.00030616513591692247,0.4436634403423768,0.5176417512626627
0-1,1-0,0.00033959480183133877,0.4451468180128189,0.515617549247576
1/2-1/2,0-1,0.00025277780686718324,0.5312830556637532,0.43215479017602637
0-1,1-0,0.00031879032491121875,0.4416878917532876,0.5208379524593547
1-0,1-0,0.00029957023611201913,0.4411797065738679,0.5198251809405425
0-1,1-0,0.00029924050762811396,0.47771896110723056,0.4844196098468927
1-0,1-0,0.00031790856121107625,0.470224696624816,0.4913672827178309
0-1,0-1,0.000358181938676093,0.5828603953165101,0.37796931059812283
1-0,1-0,0.00024250312440376496,0.4464836814774546,0.5158980740126806
0-1,1-0,0.0002591364480243295,0.4907314978428362,0.47100635354948533
1-0,1-0,0.0003091587750271812,0.4417852430103367,0.519847511341894
1-0,1-0,0.0003569109716045603,0.4362688377535168,0.5261593630267802
1-0,1-0,0.00026077709303849776,0.4531795760410498,0.5083873709181089
0-1,1-0,0.0003661917618405721,0.4395465428065215,0.5228204923877128
0-1,1-0,0.0003139705138477019,0.4359717138991845,0.517269206130248
0-1,1-0,0.00030232229548363615,0.45703532599683566,0.504201283283671
0-1,1-0,0.0003108519479208464,0.45646052994826275,0.5054530102697845
1-0,1-0,0.0002986807375496343,0.4613949911753717,0.4994371191122259
0-1,1-0,0.0002850716156040767,0.46315235026900614,0.4999702842883544
1-0,1-0,0.0002526179872675065,0.4510283157987123,0.5106251339239423
0-1,1-0,0.00029181785514904634,0.4415464143843829,0.5209931163652765
1-0,1-0,0.0003659416016962761,0.4451311808085809,0.5174327040043302
0-1,1-0,0.0003452742391880559,0.45110463225204456,0.5096729346690487
0-1,1-0,0.0003537907974202947,0.4636788201005452,0.49821884713288556
0-1,1-0,0.00025271571469223593,0.43791095314737977,0.5232741143004841
1-0,1-0,0.00029968981572668147,0.46198721940410076,0.49914270588612586
1-0,1-0,0.0003092577856795409,0.4534133085140449,0.5089858959574467
1-0,0-1,0.00033009832836094143,0.5325567202792104,0.3988010505203339
1-0,1-0,0.00036359741951899686,0.4410270428356958,0.5217895359673013
1-0,1-0,0.00036673480625593773,0.4417893584000316,0.5209152229985072
0-1,1-0,0.0003380767776946736,0.4474249066566851,0.50203284248721
0-1,1-0,0.0003109419155949062,0.45870214027943507,0.5021682755163707
0-1,1-0,0.0003553667951587302,0.44351657721048277,0.5179164766791484
0-1,1-0,0.0003087024642128996,0.4790110217539359,0.48184103985874244
0-1,1-0,0.0002514245006312634,0.4643007106981203,0.49758146411328047
0-1,1-0,0.0003074137949883616,0.4538472766321536,0.5076556348396913
0-1,1-0,0.00025698294230023535,0.4475017045957488,0.513767996632464
1/2-1/2,1-0,0.0002533525194658772,0.4618394454544306,0.5013390487474326
1/2-1/2,0-1,0.00027386618267965227,0.5129772617631898,0.435885128518802
1-0,0-1,0.00024487273834894035,0.5023610916662771,0.4594018375129621
1-0,1-0,0.0002460118813275872,0.43549313263062744,0.5257484948805029
1-0,1-0,0.00024136892134963076,0.4641123683879925,0.5002092783498633
1-0,1-0,0.0002553330495577969,0.43713755084311545,0.5266920808618107
0-1,1-0,0.00024500903362238615,0.43570413817299486,0.5264644404725211
0-1,1-0,0.00030907644138893005,0.4532824132703186,0.5091550085536573
1-0,1-0,0.0003220355795796628,0.4478466207777889,0.5138647958295824
0-1,1-0,0.00023760395095336076,0.4683878322334422,0.4948677321982149
0-1,1-0,0.0003272010167357344,0.4502700397752807,0.5105006483486294
1-0,1-0,0.0002566093132043691,0.4554418405618197,0.5055997436462989
0-1,1-0,0.00035944863810806065,0.437135645394658,0.5243539009223125
1-0,1-0,0.00030091422832838636,0.46398645405929123,0.4967547400078441
0-1,1-0,0.00026257544335190545,0.4446688183961745,0.5209862549391965
1-0,1-0,0.0003663560614247921,0.43531045649250405,0.5274260333355019
1-0,1-0,0.00035768971331085695,0.43626644084181365,0.5267904836418192
0-1,1-0,0.00025576257687163806,0.494614026043488,0.46364522827917254
0-1,1-0,0.00025809796580921374,0.45215822538333744,0.5091243696910899
0-1,1-0,0.0003090511555714645,0.4465746609699946,0.5164120015376398
1-0,1-0,0.00028706401291499076,0.43740561864544125,0.5263340703073907
0-1,0-1,0.00036210180234582485,0.6066883875992156,0.35398633713701444
1-0,1-0,0.00028890975897292613,0.471494636861159,0.49150151948792564
1-0,1-0,0.0003166967392098245,0.44252438863763244,0.5200002023942102
0-1,0-1,0.00024115774725901403,0.5451700991992878,0.4155586642871017
1-0,1-0,0.0003077674984683184,0.44260349836722884,0.5227846325703928
0-1,1-0,0.00032246749549497014,0.4386694452394412,0.5238943851747122
1-0,1-0,0.0003435510807603101,0.4349241482842918,0.5258674390827732
1-0,1-0,0.0002392373743816095,0.4626711295057948,0.49968025803168264
1/2-1/2,0-1,0.00025404863801377933,0.5212238553547226,0.43885509136534445
0-1,0-1,0.0003634094354299192,0.6075361483154486,0.3537552658987419
1-0,1-0,0.0002526809244353004,0.43899524014019964,0.5254873190003431
1-0,1-0,0.00024517929271983924,0.4365946450294002,0.5277865912945641
1-0,1-0,0.00025760427086397956,0.4340546006925474,0.5259401072847851
0-1,1-0,0.0002653223965997048,0.47595311922058353,0.48568230418089847
0-1,1-0,0.0003159270813815369,0.4645694248198852,0.4971852870494484
1/2-1/2,1-0,0.0003430270180674415,0.45678661465088355,0.5044739225093038
1/2-1/2,1-0,0.0003151696541332336,0.4486775582428162,0.5121875609597734
0-1,1-0,0.00027025798844479773,0.4390733710623582,0.5219478765335182
1-0,1-0,0.0002460764814166569,0.4337534915585327,0.5276151066017044
1-0,1-0,0.0002895062188668547,0.4369442731148993,0.5267057633343424
1-0,1-0,0.0002464216025244732,0.43955293640736004,0.5217220813247573
1-0,1-0,0.0003516397375019588,0.44667572326297084,0.5143587690659028
0-1,0-1,0.0004688652615930198,0.534801250840127,0.401313383850283
1-0,1-0,0.0002505618976113237,0.4516754872699504,0.5122881637970813
0-1,1-0,0.00026477742559670187,0.45192073804529326,0.50900233585862
0-1,1-0,0.0002452572056233002,0.4594205670553412,0.5029081982235049
1/2-1/2,0-1,0.00026548258074748167,0.5034895404225707,0.4553325345027022
0-1,1-0,0.0003251700478815554,0.4455856353244848,0.5173551754495191
0-1,1-0,0.0002581261265076354,0.44334855836527604,0.5189602390860982
1-0,1-0,0.00027743915014443143,0.4583431094138692,0.5044449974615796
0-1,1-0,0.0002928062258788596,0.46884854961526823,0.4938700989637457
0-1,1-0,0.00035588855673614504,0.44737683934172245,0.515215731888909
1-0,1-0,0.00028452802410537946,0.45575898708330576,0.5053447338264111
1-0,1-0,0.00026882988570682196,0.44814792297940964,0.5139342747168543
1-0,1-0,0.00031072893155422294,0.44646938586315366,0.5195494758518432
1/2-1/2,1-0,0.0002966275494336549,0.4738582986377895,0.4876859981180285
1-0,1-0,0.00024147339112927808,0.48514044999545924,0.47751642652876297
0-1,1-0,0.00026538035668898186,0.43815942198608654,0.5244939342527436
1-0,1-0,0.0002487171012992714,0.4507737056175596,0.5137904047720879
1-0,1-0,0.0003394824858877216,0.43718234579694426,0.5252156827162849
0-1,1-0,0.0003441748375410571,0.4545345908544579,0.5064726935801873
1-0,1-0,0.0003561758009723782,0.4438177552304499,0.5187197186123369
0-1,1-0,0.0002885212817791772,0.43941658029489666,0.5226969571158614
1-0,1-0,0.00033602292050858754,0.44860490902486083,0.5124901914816533
0-1,1-0,0.0002974195422533817,0.45116379394442757,0.5100968963297491
0-1,1-0,0.00024175881911998564,0.4614050012549203,0.5025437520052449
0-1,0-1,0.00033607612094140764,0.5286045561834642,0.4336290419156124
1-0,1-0,0.0003081628367765179,0.4390999937104086,0.5225885071668631
1-0,1-0,0.0002440224739694468,0.4398780667588715,0.5227496924731329
0-1,1-0,0.000245908452096018,0.4369113572502375,0.524346483339701
0-1,1-0,0.00026503118482623135,0.48066181967297417,0.48022027875922374
1-0,1-0,0.0002595176164493231,0.4456165374259465,0.5184628749741141
1-0,1-0,0.0003412087366518334,0.44289961952125445,0.5180142526477188
1-0,1-0,0.00025083885983978474,0.44169494628971817,0.5207518655922294
0-1,1-0,0.00024268836629832012,0.4508053652417751,0.5105790403842967
0-1,1-0,0.00036410648041159473,0.4474217131462159,0.5151000698249606
0-1,1-0,0.00031011112126938794,0.45753801180981724,0.5033339254314201
1/2-1/2,1-0,0.00035629646429112126,0.44332025049021634,0.5184023525400225
0-1,1-0,0.0003597337838370345,0.44676362895763805,0.515053497799881
1-0,1-0,0.0003241973666829613,0.44957662120167297,0.5123461796137203
0-1,1-0,0.00035950844605222123,0.4513652382722198,0.5105310455912933
1-0,1-0,0.0002506200383141836,0.4373307960433632,0.5245170508819303
1-0,1-0,0.0003495974099867163,0.4567824456510033,0.5045258279680508
1-0,1-0,0.0003092127427353122,0.4449138240044313,0.5174595461852755
1-0,1-0,0.00033549787724043684,0.4888782763036006,0.4724836530481715
0-1,0-1,0.0003316456389286781,0.5928077840433321,0.34780956326809404
0-1,1-0,0.0002457436310024624,0.4692278193176142,0.49325903190412673
1-0,1-0,0.000334689952288245,0.4578683025055549,0.5028918565600612
0-1,1-0,0.0003194089799908041,0.44489775252033564,0.5176330895332328
1-0,1-0,0.00030636648117972733,0.45629544859401433,0.5046864871383988
1-0,1-0,0.00029126165395238786,0.4639637225440143,0.49868689457328863
1-0,1-0,0.0002459610076945196,0.43486522674967704,0.5267599732662562
0-1,1-0,0.0005837535266045847,0.47429926022045577,0.45860881796119823
1-0,1-0,0.00024920410600689493,0.4849081164538206,0.4740903262405264
1-0,1-0,0.0003270863511981565,0.42792249241154523,0.535940816186128
0-1,1-0,0.00032192185177593415,0.4293655658076265,0.533557440182847
1-0,1-0,0.0003563375480618409,0.4467788840173356,0.5154583770335478
1-0,1-0,0.000297208514987911,0.4457848873656777,0.5177750073480526
0-1,1-0,0.0002899968166042625,0.4399855665618119,0.5234163733266965
0-1,1-0,0.0003203880210101986,0.4491569024563543,0.5120052751331354
0-1,1-0,0.0003267855717273848,0.457648101883005,0.5032131645257647
1-0,1-0,0.0003055891599882043,0.4487425543031556,0.5134317532872655
0-1,1-0,0.0003424807168044843,0.4396514375138569,0.5234541393701334
1/2-1/2,1-0,0.0002933471819136198,0.43234577161589194,0.525045635279994
0-1,1-0,0.00024014259187995563,0.486618033802319,0.4762666458748422
0-1,1-0,0.0002917379501140325,0.4885070956629961,0.47245192200786473
1-0,0-1,0.00028136362628152173,0.5058491628134097,0.4559348164328542
1-0,1-0,0.0002477650498763092,0.4902500861950883,0.4750343996364655
1-0,1-0,0.0003131413291118638,0.4495659958631973,0.5127831530874859
0-1,1-0,0.0003208960718553059,0.45448687304972735,0.5064807567471367
1-0,1-0,0.0002719687045936596,0.4709205519401482,0.49065418140349765
0-1,1-0,0.00033513960746186844,0.44955692104341444,0.5119480236591537
1-0,1-0,0.00032427817276479607,0.4424200018752064,0.5210077617542535
1-0,1-0,0.00034509056220599534,0.4436579647239434,0.5182671658599128
0-1,1-0,0.007739718605279643,0.16584042179208835,0.39988278595450727
0-1,1-0,0.00025153876173096703,0.45644629574678436,0.5049708906151391
1-0,1-0,0.00027599381502416603,0.45402412643802803,0.5079695603871854
1-0,1-0,0.00024365822819631263,0.4693120501615053,0.495224147033645
1/2-1/2,0-1,0.0002577088809456226,0.5088662309885532,0.44949389311872084
1-0,1-0,0.00027587240868397916,0.4542711533430971,0.5076877096620043
1-0,1-0,0.000244958731622482,0.4373022708058157,0.5238690025950536
0-1,1-0,0.0003693749495389772,0.43781582083727677,0.5249286716528592
0-1,1-0,0.00029311823798214114,0.4382140334529119,0.5244940705950472
0-1,1-0,0.0003076735029028439,0.43850423762301194,0.5224109454216632
0-1,1-0,0.00025670602145296315,0.4374183232332595,0.5245808266678375
1-0,1-0,0.0002458238099185043,0.47910807468360384,0.4835679707100427
1-0,1-0,0.000367604648778464,0.43490316515405186,0.5276414072271793
0-1,0-1,0.0003305280487943448,0.4976687070145905,0.46413242626214135
1-0,1-0,0.0003323490945927612,0.4244986641796952,0.5361584246448249
0-1,1-0,0.00032821904609591423,0.4644956025938445,0.4962270570650423
0-1,1-0,0.00034716917124467006,0.4569560070833706,0.5040077468381099
1-0,1-0,0.0003272298944280341,0.4533877014539866,0.5079876077374205
0-1,1-0,0.00035864876350399027,0.4438162772892124,0.5184175363209744
0-1,1-0,0.0003012212321204798,0.4757416317857925,0.48541430753301723
1-0,1-0,0.00024409137633537982,0.41722128869933567,0.5531047611991398
0-1,1-0,0.00026994459617317006,0.4690306560113555,0.49241068027357776
1-0,1-0,0.00034743026394651127,0.44119235443676313,0.5196028834743693
0-1,1-0,0.0002754135980040536,0.4463148087328037,0.5152876259765794
0-1,1-0,0.00024437361635996837,0.43979839376601537,0.5214050651681392
1-0,1-0,0.00031248324164628085,0.45920282078260327,0.5017954746745769
0-1,1-0,0.00028470073766526127,0.4583596689091509,0.5026590542726108
0-1,1-0,0.00030052240218602397,0.46184720008454555,0.4999752945782463
0-1,1-0,0.00034125922839722513,0.44551704922042207,0.5172413395188729
