y_true,y_pred,prob_1-0,prob_0-1,prob_1/2-1/2
0-1,1-0,0.00023991888603203533,0.5035603481425135,0.4567594417364395
0-1,1-0,0.0003709395908726138,0.45932176119424833,0.50038091622762
1-0,1-0,0.00028729322280365334,0.4421067663579678,0.5179274177912394
1-0,0-1,0.0003162854511760363,0.5135472870855841,0.44591256900703996
0-1,1-0,0.00023994454818312004,0.432364649236025,0.5275527883995415
0-1,1-0,0.00023314408689563632,0.5095125918812792,0.4471145490693003
1-0,1-0,0.0002666715657580818,0.47883460094060265,0.4811050731359351
1/2-1/2,1-0,0.00036660899710668285,0.3951680125726863,0.5646749333026063
0-1,1-0,0.0003035626020949218,0.44912337791983664,0.5107936833382518
1-0,1-0,0.00034956445182318197,0.48891810405439295,0.4707563462272535
1-0,1-0,0.00035534721171364764,0.4236667921733692,0.5360237398290215
0-1,1-0,0.00030387162697392616,0.5133294923986159,0.4463062098783047
1-0,1-0,0.0003080370924749963,0.4373925780848498,0.5224650771512248
1-0,1-0,0.00028724084534816877,0.4925931294197378,0.46691837453058493
1-0,1-0,0.00033507560553981854,0.46834188184613634,0.4913204131875283
0-1,1-0,0.00027534220642982254,0.4773839632668962,0.48239889568266703
0-1,1-0,0.00023749789346826094,0.48573669592045554,0.473932521485751
1-0,1-0,0.0003624616030577036,0.4214229034121796,0.538525707485996
0-1,0-1,0.0002719887558467515,0.6437818127022572,0.3201296766025317
1-0,1-0,0.0003060503040729133,0.40289173263985145,0.5572124825447222
0-1,1-0,0.00031923039688343664,0.46749017226611034,0.4921136750969567
0-1,1-0,0.0003063874294729438,0.4680068731838396,0.49153056577516435
0-1,1-0,0.0003468571650493786,0.4593407642565245,0.5003540268473332
1-0,1-0,0.00030332241970087764,0.4761777930256641,0.4834651656270454
0-1,1-0,0.0003628077976454885,0.4068744240645602,0.5530670017861619
0-1,1-0,0.00026770890800490143,0.4757319570382942,0.4842643352529668
1-0,1-0,0.00025195042828881,0.4638531869596872,0.49585434381892995
0-1,1-0,0.0002913596136754238,0.44983307956042184,0.5097867829594358
0-1,1-0,0.00023070839576059177,0.4481961694433223,0.5117737672698711
0-1,1-0,0.0002911050611315094,0.4740358127991627,0.4858989908173852
0-1,1-0,0.000308758030292046,0.45669794890147447,0.5031768299169567
0-1,1-0,0.0002272176867254789,0.4450981872774965,0.5150317973565474
0-1,1-0,0.0003278306991276756,0.45085152132521095,0.5087836955276911
1-0,1-0,0.0002706696122717059,0.44038481619386544,0.5193234216488355
1-0,1-0,0.0003199771148273816,0.4329767933415672,0.5266862503171619
0-1,1-0,0.00040351003988654057,0.4344146622101147,0.5252067834721036
0-1,1-0,0.00037811487534244965,0.4615886099880952,0.4980990667870539
0-1,1-0,0.00031331821074699915,0.48954096556805077,0.47023367716438264
1-0,1-0,0.0002734418256186324,0.46703514338352875,0.4925897463228274
0-1,1-0,0.0002300527967869188,0.4444244703758652,0.5145717385767126
0-1,0-1,0.000270203638930533,0.5747033335987815,0.3835018578958803
1-0,1-0,0.0003649637964681872,0.455658220069433,0.5040253086623564
0-1,1-0,0.00035765134464712953,0.44985359176253464,0.5098408205302497
1-0,1-0,0.00022444493608401124,0.46727740938932344,0.4919329280135437
1-0,1-0,0.000242738713051956,0.4339988745580102,0.5259830989206974
1-0,1-0,0.00033189335020471813,0.43960892090446224,0.5201592930178933
1-0,0-1,0.0002677311764609574,0.5419534043449765,0.41746457489556155
0-1,1-0,0.0003222394336774207,0.41865414152719277,0.5413738786525973
0-1,1-0,0.0002892622436213997,0.5068585239802716,0.452591691908483
1-0,1-0,0.00033799041859852486,0.4598842739365137,0.4997955712552613
0-1,1-0,0.000330595871300993,0.41827623851179146,0.5415833842306507
1-0,0-1,0.00023920929767421725,0.5549109837610758,0.40422811280480936
0-1,1-0,0.0002258083015165249,0.4699188777545512,0.4900587458783524
1-0,1-0,0.0002546508721808561,0.41252756869887736,0.5480869075442404
1-0,1-0,0.00024037056200146165,0.4426182315189377,0.5173702669251564
1-0,1-0,0.0002495213117298008,0.41389930864738567,0.5461761385594496
0-1,1-0,0.00038078623699034183,0.4144649653735278,0.5452329285914903
0-1,1-0,0.00028274660933398296,0.4364504017373315,0.5235549975778915
0-1,0-1,0.00026265596985068255,0.5230214533040753,0.4367925541924981
0-1,1-0,0.0003271621860223851,0.4523451264060819,0.5072820349283168
0-1,1-0,0.0003941276806946208,0.41190566146827345,0.5480812937753524
0-1,1-0,0.00027609576448233797,0.41813052605294765,0.5418702308400547
1/2-1/2,1-0,0.0003088193938428434,0.41647996088378403,0.5433447632076355
0-1,1-0,0.0003187289936181471,0.3951930740361146,0.5646814857080071
1-0,1-0,0.00037423170176976414,0.436069128822071,0.5237832386590857
0-1,1-0,0.00029460035929839177,0.3893628190437293,0.570557862499279
1-0,1-0,0.0002787434348204084,0.4537050674763471,0.506438785198005
1-0,1-0,0.0002508202433545091,0.4586066779115361,0.5013153690052063
0-1,1-0,0.0002494760710349605,0.4659831774581402,0.4940023104825578
1-0,1-0,0.00023133524741559606,0.5077531228493222,0.45307330671057916
1-0,1-0,0.00027997452109057683,0.5041142829568505,0.4553700246305718
1-0,1-0,0.00023531373550724014,0.45986271043914567,0.4999236607434088
0-1,1-0,0.00025796815018553254,0.39002502419507024,0.5699973760338777
1-0,1-0,0.000335444736639631,0.4670724891606021,0.492590838219517
0-1,1-0,0.00034371213422174746,0.4222347773992863,0.5374790228138732
1-0,1-0,0.0003955937115077934,0.43927911901826117,0.5202519503048972
1-0,1-0,0.0002930802585741888,0.43375669536850786,0.5260331197644921
1-0,1-0,0.00029656829149012125,0.46688302272280885,0.49311793130884907
1-0,1-0,0.00031875105579070077,0.4455038103103625,0.5143928951010455
1-0,1-0,0.0003684146809940403,0.4312007581974216,0.5286513006976175
1-0,1-0,0.0003518912275375538,0.42702591779052823,0.5327438871974353
1-0,1-0,0.0002525719030804983,0.4248112617339901,0.5355964445363272
1-0,1-0,0.0002526744727669272,0.4361201206046898,0.5239643411909546
1-0,1-0,0.0002731153786203482,0.46592500117406543,0.4940607790977844
1-0,1-0,0.00027047393821552645,0.47505782400844904,0.48454267318557537
1/2-1/2,1-0,0.0002248312543137334,0.4898508686874123,0.47140460126511835
0-1,1-0,0.0002736617618946633,0.4560307419224005,0.5041633662098491
1-0,1-0,0.0002828837872767826,0.4644506242902984,0.4951219917934691
1-0,1-0,0.00025410369610725153,0.4111945137775467,0.5534342452334691
0-1,1-0,0.0003279744177885072,0.47464534155188387,0.485105072300506
0-1,1-0,0.0002661840283379376,0.49003864183199336,0.46954180175509813
1-0,1-0,0.00026378451233767937,0.44844127698839953,0.5116968417845286
1-0,0-1,0.00033403554630156887,0.5870194226424716,0.3734138657691729
1-0,1-0,0.0002330025229679501,0.4301490225498926,0.5322742052266333
0-1,1-0,0.00026235477410706286,0.43642134809756233,0.5252567197377411
1-0,1-0,0.0003258102695969589,0.5034032708422777,0.4561483779052778
0-1,1-0,0.0003159642757515837,0.48016453775022944,0.47961208832134805
1-0,1-0,0.0003052724621229426,0.4388491567079387,0.5207826351272655
0-1,1-0,0.00030150789037438903,0.4229713525490653,0.5368920061688202
1-0,1-0,0.000367741790348493,0.36323827752034066,0.5966998424738199
0-1,1-0,0.0003065460812913731,0.4559173233285938,0.5056447648188827
0-1,1-0,0.0003311945983450106,0.419112491036322,0.5419984514960039
1-0,1-0,0.00025009060366994396,0.4171969657985163,0.5445102334040295
0-1,1-0,0.00027352281278388544,0.4703836341479823,0.49002387762544464
1-0,1-0,0.00026292628438599015,0.43780016403212524,0.5221795948760056
0-1,1-0,0.0003208428037748552,0.42051556477787766,0.5392702090353201
0-1,1-0,0.0002499135286360628,0.43633230688323243,0.5235262210071021
0-1,0-1,0.00030237775077651344,0.5175557740409511,0.4418467586208408
1-0,1-0,0.00027927774085925646,0.48035070676090824,0.4793919194483779
1-0,1-0,0.0003469731365218218,0.4280261081064636,0.5317476812930265
1-0,1-0,0.00023128878815019925,0.49660493245681236,0.45553155911417775
0-1,1-0,0.00037014548560229487,0.41422606576390714,0.5462213735494142
1-0,1-0,0.000301081404134255,0.4767249031374653,0.48299676064494934
0-1,1-0,0.00023714406164150492,0.45198688982387053,0.5082233305388918
0-1,1-0,0.00024151856424705687,0.4188826120750289,0.5413211167982334
1-0,1-0,0.0002307467199389044,0.4558567768236772,0.5055372235254246
0-1,1-0,0.00035528089009711155,0.4700232458723834,0.48964999492786615
1-0,1-0,0.00022997544171409523,0.4647157859481073,0.4950000996682135
0-1,1-0,0.0002531842212803424,0.43326038655106347,0.5267620214467297
0-1,1-0,0.00035658010967654606,0.4341681022350579,0.5256559343921674
1-0,1-0,0.0003333805310232403,0.4913102753259953,0.46835777351127666
1-0,1-0,0.00037704291033252877,0.45436846543053006,0.5053691799045378
0-1,1-0,0.00023402484858619325,0.43163030227222915,0.5282281962591545
0-1,1-0,0.00023044082151727955,0.4331352006370463,0.5275972904896853
1/2-1/2,1-0,0.0003070243914622209,0.3946062986253134,0.5654345134783417
1-0,0-1,0.00032899042159244653,0.5444668896772682,0.4053373920737925
1-0,1-0,0.0002838309215344339,0.4527506980943983,0.5068528786344285
0-1,1-0,0.0003230202309990972,0.3948449861337712,0.5650478798763447
0-1,0-1,0.00032233026590292247,0.6223875058770214,0.33643544370698514
0-1,1-0,0.0002988835085471844,0.4110254117715789,0.5490275096545797
0-1,1-0,0.00038553042626469154,0.4455460026180096,0.5139828922660822
0-1,1-0,0.00037128791330602167,0.41370138496772324,0.5467391361100277
0-1,1-0,0.00027734438969669137,0.4385927403958554,0.5210955025167685
1-0,1-0,0.00025578648089018247,0.43424535666336933,0.5260518736974872
0-1,1-0,0.00022551949846639466,0.5106968337748204,0.44950303494535454
1-0,1-0,0.0002895747623400658,0.45277161508545427,0.5071582440073615
1-0,1-0,0.0002795013006641315,0.45290794966555353,0.5069627997286841
0-1,1-0,0.0003171604778225282,0.4741777542839624,0.4853607911222537
0-1,1-0,0.0003255823360095061,0.43315301746566603,0.526487118685951
1-0,0-1,0.00026035528564968363,0.5288408295823126,0.43083239559566733
0-1,1-0,0.00029970286662346385,0.46653942831893863,0.4953584630714207
0-1,0-1,0.00027585297315163565,0.5637901690180268,0.3960810867389489
0-1,1-0,0.0002691023910795523,0.48696010808036383,0.47265744304464824
0-1,1-0,0.00026613541093417614,0.48816397280615226,0.47171524385836233
0-1,1-0,0.00025109304533214285,0.4037816208366223,0.5571135375628473
1-0,1-0,0.0002968303574766028,0.4396817015772505,0.5201087094501786
0-1,1-0,0.0003990588320848234,0.4260076750731944,0.5336948828140917
1-0,1-0,0.00031704562283230744,0.47540912374511357,0.4841535081663041
1-0,1-0,0.00024058884639036615,0.4521146520429287,0.5076693507376261
1-0,1-0,0.00024008507609402823,0.4571814882542817,0.5026947476036826
1-0,1-0,0.0003874018648985231,0.434354676094236,0.5253404084121888
1-0,1-0,0.00023271264685605173,0.4346880535263907,0.5260505426254091
0-1,1-0,0.0003167496040699221,0.4277389033862752,0.5322032581187888
1-0,1-0,0.0028778009602747124,0.38810885210942514,0.46307233093768424
1-0,1-0,0.00028346022575494395,0.47594435574328475,0.48367799176904647
1-0,1-0,0.0002409861182894971,0.4330590023458387,0.5266410598148159
0-1,1-0,0.00029429539556429017,0.4341087685360225,0.5258199991622854
0-1,1-0,0.0003635406539977138,0.45252943709585935,0.5071166481956214
1-0,1-0,0.00024958556159032126,0.42589966778161537,0.5340199076612353
0-1,1-0,0.00028824992385884064,0.4865326187527745,0.47303387337677305
1-0,1-0,0.00025786407952460826,0.4418389786268425,0.5179936572865653
1-0,1-0,0.0002300395823290564,0.45595548289029164,0.5038839250382672
1/2-1/2,1-0,0.00030910146460465997,0.41885619027904664,0.5408440848498008
1-0,1-0,0.00030277634586217434,0.40824152465841995,0.5516340793882003
1-0,1-0,0.00029087253926666877,0.4057891565219729,0.5543172165022529
0-1,1-0,0.0002212306542542438,0.4760554912895097,0.4866730286234768
0-1,1-0,0.0002566475595511658,0.4670415124270546,0.4926254501433847
1-0,1-0,0.00031383644715396176,0.41748273686233717,0.5423612671755337
0-1,1-0,0.0003359378794262537,0.39828388918423463,0.5616832074849054
0-1,1-0,0.0003987841436967211,0.42987339032226385,0.529734023730668
0-1,1-0,0.0003032135768006448,0.3820406753230177,0.5781521646036869
1-0,1-0,0.00035508733509651946,0.41487995692975804,0.5448845361978183
0-1,1-0,0.00033049838225480044,0.4825451331947717,0.477101808671598
0-1,1-0,0.0003453597000091096,0.43811607880161535,0.5216148798625138
0-1,1-0,0.00027911491246408656,0.45092542852934747,0.5087586044922427
0-1,1-0,0.00025410632094839756,0.4318209868374381,0.5264655772779382
0-1,1-0,0.00024312184735034064,0.4613619175169208,0.4983828570575322
0-1,1-0,0.00023145342718593401,0.4097832570932292,0.5467577710183691
1-0,1-0,0.00023153856778817703,0.47715242048220846,0.4825769045657433
1-0,1-0,0.00025894654286019855,0.47673036279283254,0.48323308620677574
1-0,1-0,0.00025773218753496834,0.4740864503475922,0.4856405022038659
1-0,1-0,0.00024032047595643356,0.42018640070741226,0.5399358243048733
1/2-1/2,1-0,0.013258303270829799,0.2422060725777353,0.45896240402209487
0-1,1-0,0.0002763481005563322,0.48794949292763007,0.47174036428432387
0-1,1-0,0.00035563259243258784,0.40667074526182345,0.5533564681943811
1-0,1-0,0.00038290964079082244,0.4233164850140862,0.5365662939970487
0-1,1-0,0.0002838159657270899,0.4383975399306574,0.5214520604465218
1-0,1-0,0.00029579033550516113,0.43783708041612424,0.5220533291483249
1/2-1/2,1-0,0.0002522240686600926,0.4527732780000352,0.5050454295497255
1-0,0-1,0.00027933734904414325,0.5153592232461109,0.4395314478842024
1-0,1-0,0.000318939252342871,0.4448252545602186,0.515003581428012
0-1,1-0,0.00025364283357366853,0.41049502593401976,0.5498475152676885
1-0,1-0,0.00023701236762575277,0.4827467644065451,0.47722291401597156
1-0,1-0,0.00024035476722845427,0.43421826660443913,0.5265939062764616
1-0,1-0,0.00023221966605973534,0.43582819727416067,0.5248675118393387
1-0,1-0,0.0002663823194055005,0.4025393103184774,0.5572818269126827
0-1,1-0,0.00036547074268553623,0.4251799076293482,0.5346682456641675
1-0,1-0,0.0002694640264889106,0.4217699585747686,0.5380316231867526
1-0,1-0,0.00027344724201109553,0.45337416595000235,0.5064536203969802
0-1,1-0,0.0002216814954214784,0.4636298369043947,0.4964276620551556
1-0,1-0,0.0003886001983401765,0.4553326673923362,0.5041666999334148
1-0,1-0,0.0002451775844591797,0.4373128553435389,0.5228447769178998
0-1,1-0,0.00023053593738486512,0.452961446772024,0.506993037005244
1/2-1/2,0-1,0.00026967204267351814,0.5149105651130238,0.4386694521719166
1-0,1-0,0.00038807601900463495,0.43419383392529104,0.5255015950904741
1-0,1-0,0.0003706380672956663,0.42108750257916994,0.5388655706694366
1-0,1-0,0.0002209325630518775,0.4644195416079899,0.4955234499165457
0-1,1-0,0.00036004479534623425,0.46694216701098146,0.4927666318699634
0-1,1-0,0.0003172418073610939,0.40463758416055146,0.5554488292845585
0-1,1-0,0.0003067961943157249,0.4457447214153061,0.5141106711203636
1-0,1-0,0.0003524424955395328,0.4943950701797468,0.4652909978895132
1-0,1-0,0.00038952022023275876,0.4502189205721874,0.5093101860927248
0-1,1-0,0.00026753362873655986,0.42260190934263975,0.526934739341283
0-1,1-0,0.00023922199202284247,0.48193091489443934,0.4778088768834222
1-0,1-0,0.0002601612876354144,0.5074271368533756,0.4524537596372891
0-1,1-0,0.00033431453624244536,0.4354606208361892,0.5241847018931751
1-0,1-0,0.0002448906445282974,0.45935622592907,0.5006096132698716
0-1,0-1,0.0002941931912017517,0.5763587756815916,0.38316290769734895
0-1,1-0,0.00039795229956526737,0.43667164017267335,0.5228777918176054
0-1,1-0,0.0003212561253150594,0.4245912747089986,0.5352012546650046
0-1,1-0,0.0003994783879058931,0.4270652449252939,0.5325462039384262
0-1,1-0,0.0002718900721874636,0.4976445254867787,0.4621689498142102
1-0,1-0,0.00033229108855398556,0.4267286579022878,0.5332512812977713
1/2-1/2,1-0,0.00023833956241406227,0.4999592646860587,0.4598636867049933
1-0,1-0,0.00033915761443695155,0.4460521248510798,0.5137334686645287
1-0,1-0,0.0003974226938995566,0.40161030843858064,0.5583095057167825
1-0,1-0,0.00023031590048330444,0.49215049290655505,0.46761853879073345
1-0,1-0,0.00024525404783928227,0.4386872190334798,0.5211049010110538
0-1,0-1,0.0002466657138142586,0.5211976854734724,0.4383602926225279
0-1,1-0,0.0003563482421506234,0.5106484499374356,0.44898677006229104
0-1,1-0,0.000273150937659062,0.5127110355936034,0.4469651177637331
1-0,1-0,0.00024186952542646853,0.4175167286051967,0.5453893867330121
0-1,1-0,0.00039921902849781725,0.4289266068999816,0.5308603552376031
0-1,1-0,0.00037456024083797176,0.4185342292781206,0.5411111271075982
1-0,1-0,0.00023594734749660782,0.449165016367137,0.510593925207878
1-0,1-0,0.0002496863969879456,0.40592321355238314,0.5550620066458456
0-1,1-0,0.0002923836636538067,0.5036271826304919,0.45618066710297855
1-0,1-0,0.0003127147317684526,0.4153308287123224,0.5446971885252975
0-1,1-0,0.00036555148746330874,0.45399935761464383,0.5056906222139631
0-1,1-0,0.00025181877159407515,0.5109097222362342,0.4488803069545465
1-0,1-0,0.0002878697474614322,0.4265408042150741,0.5333331564810886
1-0,1-0,0.00034125854357062627,0.4203429121927768,0.5394550513883074
0-1,0-1,0.000295646884844932,0.5307685777960673,0.42894637373186517
1-0,1-0,0.0002274227070424306,0.4547127298322655,0.5062547544910205
1-0,1-0,0.0002886278730450832,0.39643116259304684,0.5641241612050709
1-0,1-0,0.00022974285886009652,0.45042783935754327,0.5100272009205868
1-0,1-0,0.0002613844406895229,0.41493052489723703,0.5460313769791895
0-1,1-0,0.00026293633826914226,0.4729405335450295,0.4866870254108333
1-0,1-0,0.0002839071845118734,0.47084621363072726,0.4887130292299216
0-1,1-0,0.00023292985900453733,0.41304028884169447,0.5462495714457063
0-1,1-0,0.00029782706125167584,0.4285598112026874,0.5314489248374298
0-1,1-0,0.0002723731499455036,0.4652460138480903,0.49455442201391725
0-1,1-0,0.0002380460616933351,0.47842787182039476,0.4815475360586863
1-0,1-0,0.00038650394280376405,0.4392051450021978,0.5203391520646848
0-1,0-1,0.00024411232938998984,0.547542284687135,0.40701237239158633
0-1,1-0,0.0003816051720731674,0.4261363525369399,0.5335047997343051
0-1,1-0,0.00035173556056364487,0.4479750271577228,0.511733014085326
1/2-1/2,1-0,0.00031992119733880147,0.4603726300129808,0.4992151518126798
1-0,1-0,0.00041792283426922455,0.390045599543191,0.570268619923603
1-0,1-0,0.0002497502000581114,0.5040941710456655,0.45550306743503055
1-0,1-0,0.00022931327392795937,0.4931477706536119,0.46666585913352354
0-1,1-0,0.00024466179960876545,0.4647330545559872,0.4949761217028313
1-0,1-0,0.00033153696194161025,0.39983680101527747,0.5601610211811279
0-1,1-0,0.0002447310252704459,0.4002117483896133,0.5586110399019317
0-1,1-0,0.00024369299484685417,0.42814760751838654,0.5358439110949245
0-1,1-0,0.00023765316787077527,0.4190700865218351,0.5342595030717336
1-0,1-0,0.00041887766598414447,0.4118007161064868,0.5478769316722646
1-0,1-0,0.00023692295962857664,0.43102247691693774,0.5287187351994564
1-0,1-0,0.00034688311883194307,0.5126100464168495,0.44708724257463095
1-0,1-0,0.0003267266110455811,0.48323890989193347,0.4763294059363776
0-1,1-0,0.0003102910999051152,0.41250274347742355,0.5473772469820934
0-1,1-0,0.00024025471073324444,0.4438103998237049,0.5161803650423091
0-1,1-0,0.00030355347446283,0.4434886504790517,0.5162244048217602
1-0,1-0,0.00026975495126743964,0.4279411866121158,0.531842507176049
1-0,1-0,0.00039246596366103437,0.4292947435872928,0.5304161632834644
0-1,0-1,0.0002976720129108663,0.6077066187023588,0.3519822619788031
1-0,1-0,0.00038789273545629995,0.4570920477733115,0.5024259321096962
1-0,1-0,0.0002454862789615649,0.42133757143495854,0.5387038180741034
1/2-1/2,1-0,0.00034178858495505,0.45586533624376596,0.5037863180200399
0-1,1-0,0.00028217227015396053,0.4153259958531311,0.5446568502956487
1-0,1-0,0.00028750976389648494,0.4468192801264624,0.5128184171402751
0-1,1-0,0.0003699141519026649,0.42820657462995265,0.5317123662235765
0-1,1-0,0.00023345212033241202,0.447595501162186,0.5123075152364155
1-0,1-0,0.0002223624247929313,0.4824642049429149,0.47781753747711625
0-1,0-1,0.0002467529465515783,0.5215647209032275,0.438199733609906
0-1,1-0,0.00026541936728027507,0.46803358741260187,0.4919563897336104
0-1,1-0,0.0002923730453552271,0.4694778991639637,0.49034642557665703
0-1,0-1,0.0002582977884875833,0.5532341776299237,0.4062535210677717
0-1,1-0,0.000270469078966326,0.41894273385487074,0.5410448261239071
1-0,1-0,0.00034813476746978737,0.4010417889712113,0.5588811093707051
1-0,1-0,0.00030008953139235614,0.393256548739358,0.5675991029741163
1-0,1-0,0.0002472159322365788,0.407245510973005,0.5525742949257397
0-1,1-0,0.0002378308318516396,0.4873971811060696,0.4711539368459345
1-0,1-0,0.00035429832281852735,0.47227772691474196,0.4873931907117635
1-0,1-0,0.0003372918831744917,0.47642261008010206,0.4833822285093478
0-1,1-0,0.0003848955346482256,0.4504549277542625,0.5091923886200888
0-1,1-0,0.00038130132169702645,0.4202246406021169,0.5394710044767379
1-0,1-0,0.0003786076793720673,0.4405998178042514,0.5189967226995885
0-1,1-0,0.00023664936082810903,0.48211694407100225,0.4779213267581817
1-0,1-0,0.0002989172849682916,0.46522411686263737,0.49439886639257524
0-1,1-0,0.00031917265172368283,0.47628836788843076,0.48345353888784465
0-1,1-0,0.00027771831384289843,0.49030814314826904,0.46920582746820455
1/2-1/2,1-0,0.000984856527841162,0.38295638093260176,0.5159026936016133
1-0,1-0,0.0003523535740085635,0.42367131455787804,0.5361680797656745
1-0,1-0,0.00024063052057856466,0.417948736187051,0.5418644427747253
1-0,1-0,0.00025894039287888826,0.4390827468459915,0.520723167062197
1-0,1-0,0.0003900010675969586,0.43478133743339437,0.5247932067025372
0-1,1-0,0.0002694267645325445,0.48202871239256795,0.4778907322922323
1-0,0-1,0.0002790335812291555,0.5216985687848708,0.43771308332415254
1-0,1-0,0.00024921912133352435,0.4385712272422392,0.521157440668134
0-1,1-0,0.0003920163130148533,0.4406668383363041,0.519055923239771
0-1,1-0,0.00024096726280274202,0.4172600919325763,0.5429221975976675
1-0,1-0,0.0003933922962617607,0.4332441855617047,0.5264958822019125
0-1,1-0,0.00029262724468236546,0.41401614495745565,0.5461141327787057
0-1,1-0,0.00028344607829255237,0.45531667290268696,0.5044534149153382
0-1,1-0,0.00023563179164642193,0.4316228200363111,0.5300885724744151
1/2-1/2,1-0,0.00031456440525133865,0.3930234172897287,0.5671870738501696
1-0,1-0,0.0003169055048639886,0.4078097275610962,0.5520933909401936
1-0,1-0,0.00023355940999379523,0.4370696176427542,0.5228023868022609
1-0,0-1,0.00022852984962530776,0.586918817063846,0.367784511248342
0-1,1-0,0.00022627303852009017,0.45892487651406566,0.5015466375870001
0-1,1-0,0.0003053770967789403,0.47572193583100825,0.48381770984578487
1-0,0-1,0.00026940734543064556,0.515145632357138,0.4443787343457664
1-0,1-0,0.00033153110150993797,0.4123900906444898,0.5474400182094595
0-1,1-0,0.00023585636768360817,0.4528512919520609,0.5069410690777005
1-0,1-0,0.00027321139896320555,0.4287875428980459,0.5314880413195565
0-1,1-0,0.00025252507281079827,0.40117226281009005,0.5600514885447837
1-0,1-0,0.0003166628534082216,0.4578318315229852,0.5019516364349819
1-0,1-0,0.00024580540719082526,0.41727652923486996,0.5426030113185165
0-1,1-0,0.00024846174430670146,0.46515617953403926,0.49464441198585907
0-1,1-0,0.00037280198737489715,0.4742174219561777,0.4854482137287019
1-0,1-0,0.00033283437767772027,0.4434582005712564,0.5162919314259272
0-1,1-0,0.0002770573548284673,0.4326594088514217,0.5271299781056342
1-0,1-0,0.0003642108975407009,0.4314431432369722,0.5282108717904371
0-1,1-0,0.0003817324686614129,0.42712733623810994,0.532469039831268
0-1,1-0,0.0002320187803889414,0.4393510604981135,0.520501645110428
1-0,1-0,0.00038747952181953656,0.43649372784102386,0.5232289375591745
1-0,0-1,0.00029431802026605225,0.5144538276885291,0.44546566150429795
0-1,1-0,0.00024568090918207025,0.43444532631235855,0.5254072489210521
1-0,1-0,0.00022972597331816962,0.4654309773932012,0.49440624916229714
1-0,1-0,0.00035020047220023557,0.4192552507291879,0.5407476311981078
0-1,1-0,0.00034368686842796577,0.44849076764266615,0.5113251621990432
1-0,1-0,0.0004215021622870205,0.38484524499174827,0.5757474509185334
1/2-1/2,1-0,0.00034114288203717914,0.4690371524519132,0.4906225469353372
0-1,1-0,0.0003748451338111467,0.42347974204764677,0.5364956680164109
1-0,1-0,0.0002519873504992723,0.4276233717003843,0.5323806703823094
0-1,1-0,0.0002644742149798228,0.4266200359610208,0.5333607568403679
0-1,1-0,0.00025077731987666453,0.4284760711757481,0.5319755884718205
1-0,0-1,0.0002808073666057401,0.5848622608378616,0.37518495742602215
1-0,1-0,0.0002302403347551718,0.46763806591845264,0.4930722036124666
1-0,1-0,0.00033753853853072253,0.40330000558831763,0.5565703833479407
1-0,1-0,0.0003751389458381025,0.4773994454373368,0.4821980713032019
1-0,1-0,0.00032616828814875957,0.4311835365742477,0.5286212752119164
1-0,1-0,0.00023950327945750042,0.4373768937906634,0.5227078876327544
0-1,1-0,0.0003400661513411653,0.44351697678894164,0.5161840230841698
1/2-1/2,1-0,0.00023496932967684867,0.42339342205265634,0.5371454515258965
0-1,1-0,0.0002817628273162206,0.4504672471720621,0.5094687551230015
0-1,1-0,0.00022428432253767587,0.48045659642988575,0.48038466614407943
0-1,1-0,0.00025379605386493577,0.4865341820128192,0.47328801419655836
1-0,1-0,0.00036305068124825346,0.453167026892668,0.5064376100566433
1-0,1-0,0.0003650001370327879,0.468146023305237,0.4915493926292616
0-1,1-0,0.0002580980409613718,0.45585870475576534,0.5038575218798274
1-0,1-0,0.00032798971072326555,0.4133492075109681,0.5465536546520126
1-0,1-0,0.00036067116718863123,0.425327540408993,0.5345990943006164
0-1,1-0,0.00023516678727989097,0.4440788682004611,0.5155778419072294
0-1,1-0,0.0003729379385137623,0.5025058893547779,0.45700554197369175
1-0,1-0,0.0002861615837789197,0.42150256192496927,0.53870557832488
1-0,1-0,0.0002793958357581993,0.45843937387916955,0.5012019027797414
1-0,1-0,0.0004018991310985113,0.3719805629435708,0.588587129347216
1-0,1-0,0.0002300947069030984,0.44385771250452455,0.5161927934902698
0-1,1-0,0.00025137809962673386,0.4083978975991283,0.5541451749839333
1-0,1-0,0.0002667915728466572,0.41890021324333504,0.5410003481729242
1-0,1-0,0.00022423041378172277,0.45987074858338284,0.5009986477252563
1/2-1/2,1-0,0.012424643128033997,0.1468160272506108,0.40888794482029256
0-1,1-0,0.0003670369994729342,0.41090810877511214,0.5488154017330318
0-1,1-0,0.0002907274266312525,0.41748268680085704,0.5424531483831962
0-1,1-0,0.0003565414246761178,0.43830047409511913,0.5214231482122967
1-0,1-0,0.0002425986949917562,0.4160396089162926,0.5442056705126432
1-0,1-0,0.00023562554412950748,0.49180947705182976,0.4521602491346061
1-0,1-0,0.0002887157788093023,0.4653667537965623,0.49436675386737455
1-0,1-0,0.00022842456637214395,0.4348209742049347,0.523092448145558
1/2-1/2,0-1,0.00023752802420548083,0.531105891446935,0.4278707980294377
1-0,1-0,0.0002458196051462305,0.43305112642239657,0.5271978512334337
1-0,1-0,0.0002430128798718055,0.45482068400738856,0.5050605783015346
1-0,1-0,0.00033430212918889165,0.4408564292483128,0.5189035812600568
0-1,1-0,0.00034058148556597644,0.428093929835383,0.5315924848161977
0-1,1-0,0.00026221909810839267,0.4261954227124671,0.5336524857099818
0-1,1-0,0.00022853684734493453,0.4559956085897756,0.5038791925924805
1-0,1-0,0.00032946201271579737,0.45482939905849123,0.5048835613683175
0-1,1-0,0.0002294707120603835,0.4768126422354204,0.489329333483356
0-1,1-0,0.0002616186946572869,0.48411624353932087,0.4754746671414921
1-0,1-0,0.0002713480705820331,0.4416684276933617,0.5185745228625138
1-0,1-0,0.00023485819687826275,0.45048158104774233,0.5093999220196311
1-0,1-0,0.00029409897651846284,0.49955087445894514,0.4599997180204139
1-0,1-0,0.0004007692298501391,0.43609064198365144,0.523526957617857
1-0,1-0,0.00029042896390473887,0.4314158647486363,0.5285207511679507
1-0,1-0,0.0002560954274248034,0.43042650824182416,0.5293950603917338
1-0,1-0,0.0002586074334910051,0.421269126513429,0.5387098324055036
1-0,1-0,0.00022498936565672797,0.49175882452186687,0.46836348513287984
1/2-1/2,0-1,0.00024298589788594683,0.5154701623005756,0.4447806403757106
0-1,1-0,0.0003149961754503751,0.437544159206422,0.5223417795686285
1-0,1-0,0.0003675451898818359,0.42112203912049356,0.5386830871322348
0-1,0-1,0.00041547682822138434,0.6222605063689287,0.33730565608254937
1-0,1-0,0.0003078830321360338,0.5047604134158226,0.45489894625440097
0-1,1-0,0.00023834210489996686,0.45206269212358646,0.5044108468397144
1-0,1-0,0.0002526050985693329,0.4599402271173175,0.5000744292159087
1-0,1-0,0.0002475548324037412,0.40736357556691216,0.5526525005398701
1-0,1-0,0.0003041478484228267,0.4582580964858436,0.5015886158464575
0-1,0-1,0.00036029125719349843,0.5297536182874999,0.4298918252869095
0-1,1-0,0.0002880885024160232,0.4623927730481564,0.4971637546998587
1-0,1-0,0.00027646367586110803,0.4139552237253285,0.546476631372503
0-1,1-0,0.00031478681405636697,0.443578279334372,0.5160578289803956
0-1,0-1,0.0004750602634528935,0.7256927063301829,0.2318923712173135
1-0,1-0,0.00037104457810954505,0.4106204318935128,0.5503924554040169
1-0,1-0,0.0003284228714575144,0.47633313620521256,0.48339127111814073
0-1,1-0,0.0002631534347542969,0.49188743428985915,0.4677573219040753
1-0,1-0,0.00038110536019644387,0.43345561622282736,0.526118199653244
1-0,1-0,0.0002741288734515017,0.4356720328781896,0.5242188741493679
1-0,1-0,0.00032926592586360966,0.4584131183685481,0.5014599411598214
0-1,1-0,0.0003621459344404488,0.4608582621489804,0.49888637549018283
0-1,1-0,0.00024004063653436955,0.42439416929060264,0.536027972994345
1-0,1-0,0.0003639782203193458,0.4155504302827254,0.5444237253859564
1-0,1-0,0.00023734881105382053,0.44084561099840164,0.5189656530309174
0-1,1-0,0.0003125695584430698,0.4172912180074485,0.5427166914462267
1-0,1-0,0.000260170567174592,0.4689615940327919,0.4914271113670191
0-1,1-0,0.00024534771866291713,0.44020941344256176,0.5197617894027664
1-0,1-0,0.00040243986269522606,0.40722707976664446,0.5526441484581419
0-1,1-0,0.000361888641095682,0.4518162158418337,0.5078065801431858
0-1,0-1,0.0002808665918788621,0.5277071096237175,0.4319331938084748
1-0,1-0,0.00027776226311150733,0.39646208618441187,0.5635264503466598
1-0,1-0,0.00030342113574778043,0.5006857138832513,0.45901277687389536
1-0,1-0,0.0002470780273226693,0.44248218319127086,0.5176191840905895
0-1,1-0,0.0002544443523382171,0.4442238796619248,0.5155049811666272
1-0,1-0,0.0003045324974002034,0.4544872905787763,0.5053755861176029
0-1,1-0,0.0002619978804567264,0.4466808058780865,0.5132388366298448
1-0,1-0,0.00023253623472954308,0.4701464852939092,0.48960221025164447
0-1,1-0,0.00028026187065421107,0.46758701587587825,0.49230665012206126
1-0,1-0,0.00037954959058893525,0.44799822629998076,0.5116303591296943
1-0,1-0,0.0003122143193269346,0.4738203385581438,0.4857551863572027
1-0,1-0,0.00022630272412622603,0.4645122783513985,0.49525982049569023
1-0,1-0,0.00023683362406665755,0.4351631796636919,0.5246597403357175
0-1,1-0,0.0003528642710480538,0.3971467174134091,0.5627726847089658
1-0,1-0,0.0002491174896100858,0.47602508180083053,0.4836333409218414
1-0,1-0,0.0003808117757379552,0.4609032810969784,0.49874311316599246
1-0,1-0,0.0003544623895561547,0.434224872732605,0.5255698717307755
1-0,1-0,0.0004072533687022304,0.42795864985774246,0.5315974438626067
0-1,1-0,0.00037504254544540674,0.4540079231076467,0.5056791983157264
0-1,1-0,0.00032588501881501475,0.3915952317841345,0.568616087145025
0-1,1-0,0.0002409328545448726,0.5089910075144862,0.45105095554584856
0-1,1-0,0.00025524158407967093,0.4371792115880111,0.5233480879495117
0-1,1-0,0.00033946973145362945,0.4617886802251558,0.49784069128932656
0-1,1-0,0.00031543274356322725,0.4549723145276235,0.5046164786212783
1-0,1-0,0.0002451803752085543,0.43988072714752785,0.5275539092631331
1-0,1-0,0.0002318153365764395,0.4965454924932439,0.46408108002055715
0-1,1-0,0.0002947971272081477,0.47381032927259187,0.4861511220192418
0-1,1-0,0.0002464660907337591,0.4488798345791294,0.510900538230806
0-1,1-0,0.0003258020049138781,0.39551697402775493,0.5644154323895534
1-0,1-0,0.00024278926041061772,0.43672234665985726,0.5231955052919725
0-1,1-0,0.0003260790159682026,0.46581459625950294,0.4939652375728806
0-1,1-0,0.0002923611975278545,0.4441363072492318,0.5159768967149946
1-0,1-0,0.0003617385808595633,0.45862247604116685,0.5010660568715698
0-1,1-0,0.0003017179153379337,0.47935667737341575,0.48033718739180786
0-1,1-0,0.00038462512657546656,0.41921049915228525,0.5405848164049301
1-0,1-0,0.00030239454239497745,0.46470276250897513,0.4948821096661898
1-0,1-0,0.0002872625555414649,0.4812293122926319,0.47866188850341723
0-1,1-0,0.00026711869940510653,0.4466655723708321,0.5130124929431344
0-1,1-0,0.0002449732567663509,0.40411583323143024,0.5568007750110693
0-1,1-0,0.00023149457298416115,0.447432378654752,0.5124430690160188
0-1,1-0,0.00034001803554656546,0.4687364059657928,0.49090782526400856
0-1,1-0,0.00036185102694073366,0.42173793525303455,0.5379831987521223
0-1,1-0,0.0002481634045476214,0.42128520229814115,0.5386793843440105
0-1,1-0,0.00022355045301341103,0.49576326637665596,0.4644903368673393
1-0,1-0,0.00037700926100094545,0.4377833066725306,0.5220384687084207
0-1,1-0,0.00022688640083202118,0.49783389585595167,0.4709263229520441
1-0,1-0,0.00024654949943084443,0.41538788146008804,0.546935841667596
1-0,1-0,0.00034391168497611475,0.46271697877109985,0.49697135683522814
1-0,1-0,0.00023384006045157503,0.44137521952439557,0.5184747020035039
1-0,1-0,0.0002692047150776542,0.4806801333734313,0.4790227829530707
0-1,1-0,0.0003576594325543606,0.41864150274459294,0.5413168656723981
0-1,1-0,0.00022167158759006485,0.4710179217703127,0.48903195237627684
0-1,1-0,0.00025504239381701847,0.40303767314156863,0.5598339924680076
0-1,1-0,0.00027703280339291407,0.39965290024252326,0.5601482053712363
1-0,1-0,0.00024518332928484874,0.4617814129482851,0.49791692015731803
0-1,1-0,0.0003074585396227329,0.4451026963486137,0.5145156647788534
0-1,1-0,0.0003862665819491858,0.4265557583812612,0.5330756556647146
0-1,0-1,0.00023981051794867104,0.5368152836082343,0.42254751536983515
1/2-1/2,1-0,0.0002564010537127485,0.5030584125580833,0.4567197564458493
0-1,1-0,0.0003447051622256611,0.40822668278617213,0.5515779810935465
0-1,1-0,0.0003513847896430932,0.503371060096844,0.45629632961105326
1-0,1-0,0.00027164344546035883,0.4947924306917032,0.46509557075989955
1/2-1/2,1-0,0.00026262167207702255,0.5110470849503073,0.4487933418706723
1-0,1-0,0.00029768155508070926,0.49045890269336845,0.4691830731597529
1-0,1-0,0.00022990169276052792,0.40854786756606587,0.559663568358604
1-0,1-0,0.00031307130461666235,0.4312912275933188,0.5285914669926957
0-1,1-0,0.00023767499383781166,0.42450687102943474,0.5361163531049095
0-1,1-0,0.00026559075241503507,0.48446132690220045,0.47524334839935495
1/2-1/2,1-0,0.00022345536004437664,0.46114458894861643,0.49945092489408943
0-1,1-0,0.0003534402947484487,0.4135650472045727,0.546366193389271
0-1,1-0,0.00037408827344173953,0.40877222364170146,0.5509621250734796
1-0,1-0,0.00035780446152829614,0.4516045665889007,0.5081673202238169
0-1,1-0,0.00038742802268569316,0.4328577006434325,0.5267596902381816
0-1,1-0,0.0002469438828623393,0.4189712259559459,0.5454026535539787
1-0,1-0,0.0003756433110502342,0.4353894590805647,0.5243839978006295
0-1,1-0,0.0003433542867375311,0.4577602014664083,0.5018928641229096
1-0,1-0,0.0002792360386656284,0.44525340879758835,0.514802908955418
0-1,1-0,0.0002393247209123806,0.44121488065229486,0.5185880884181397
1-0,0-1,0.00026662317706802925,0.5384535867441254,0.42092301432362017
1-0,1-0,0.0002564712673287321,0.4811707926973012,0.478432009627782
1-0,1-0,0.00026052431910107997,0.4151951432109459,0.5454509736853013
0-1,1-0,0.00023008707613833483,0.47443051667984,0.48536614675770506
0-1,1-0,0.0003370312254377295,0.43224107291673397,0.5276911280985761
1-0,1-0,0.00022505526388922646,0.4814984209366372,0.47959108222856184
0-1,1-0,0.00034068520651172533,0.4193426560669494,0.5403481924835075
1-0,1-0,0.00024354382585744364,0.4703673036506204,0.48980074809457175
1-0,1-0,0.00028888729423380257,0.4474953899370197,0.5124003480079267
0-1,0-1,0.0002565608828957677,0.578117933215333,0.3816989091770413
1-0,1-0,0.0003004242778160877,0.43061318437909074,0.529326111978238
0-1,1-0,0.00030608748605557526,0.49511647191021385,0.464485942622394
1-0,1-0,0.0002839226889757671,0.45222600974404364,0.5073786262409702
1-0,1-0,0.00023510114579519662,0.447370244525036,0.5126709805182529
1-0,1-0,0.0003740358551274438,0.41346197900154485,0.5462130896079082
0-1,1-0,0.00032233290719537827,0.49626387565939906,0.46337590675309803
1-0,1-0,0.00028719124271812095,0.4817434699848943,0.47790061800897443
0-1,1-0,0.00028990814657733227,0.45228063240185123,0.5075015939895289
1-0,1-0,0.00035973604154208004,0.4069234141792569,0.5531108743948179
1-0,0-1,0.0002417137137023929,0.5545314252869382,0.4061565249313347
0-1,1-0,0.00032580534501203855,0.42934400858535743,0.5305412287994672
0-1,1-0,0.00022336518581284493,0.4780796491817926,0.48210913598131483
1-0,0-1,0.00022937657924848289,0.5215886241703599,0.439420201541617
0-1,1-0,0.00022254661023603708,0.48764409283234406,0.47279426865647084
0-1,1-0,0.00029489608965368926,0.49792081436367414,0.4615565747570072
1-0,1-0,0.00032472798289626706,0.4095144400260945,0.5505139713982754
0-1,1-0,0.00025118937247169517,0.49438572787183643,0.46537662193879015
0-1,1-0,0.00040469399452529455,0.41776119163720127,0.5419032020171817
0-1,1-0,0.0002443416790556061,0.46639241360256256,0.49327089135304375
0-1,1-0,0.0002358892589820158,0.4774471310668941,0.48224522498853317
0-1,1-0,0.00029171942181992585,0.4489666912888754,0.5106411403946646
0-1,1-0,0.00023760208233010574,0.46949250930739067,0.4911861368235648
0-1,0-1,0.0003249357351450643,0.6298980622480068,0.329736262443763
1-0,1-0,0.00026484651217566804,0.4056381065180835,0.5548082746816311
0-1,1-0,0.00031701886247898414,0.4113813981028356,0.5485272128667644
1-0,1-0,0.00023571302639214856,0.483021539411668,0.47632634399991053
0-1,1-0,0.00037823042139057333,0.4048058428599764,0.5550416924550563
0-1,1-0,0.00028064439107633915,0.37620467407205377,0.5837883624647775
1-0,1-0,0.000269069910787102,0.48008791972591425,0.47974661760195136
0-1,1-0,0.00023669729756324188,0.45744201460467226,0.5023179630881204
0-1,0-1,0.00027238951921901056,0.5427049662652303,0.4166356643686421
0-1,1-0,0.00027991117458958637,0.42336840661588615,0.5368504415409492
1-0,1-0,0.00026753068781966503,0.43828843114906135,0.5216919725008007
0-1,1-0,0.00024858906221943535,0.4672302109779244,0.49276433595711006
1-0,1-0,0.00025386933543969516,0.4036587637313317,0.5575829700416473
1-0,1-0,0.0002334196457742376,0.4868353364347489,0.4725180072033479
1/2-1/2,1-0,0.0003544305055581795,0.42033425705089594,0.5394056580351745
1-0,1-0,0.0002565551476815451,0.40661753455102345,0.5576043958479143
1-0,1-0,0.00036701421084310587,0.4240917392237271,0.5358484678509908
1-0,1-0,0.0002975012565024103,0.46024036565511184,0.4994476412350192
0-1,1-0,0.0002892679425587578,0.45574347435854606,0.5038550906891077
1-0,1-0,0.0002234402205969525,0.4971331396249023,0.4626361875946383
0-1,1-0,0.0003180219774191699,0.42267061109740994,0.5371300248215326
1-0,1-0,0.0003876662088226728,0.44356214061627447,0.5161764109255433
0-1,1-0,0.00030269107279150585,0.4239862854036091,0.5357220597127798
1-0,1-0,0.0002568177741628095,0.47259771870151523,0.48739814434919854
1-0,0-1,0.00031832616551252747,0.5120430112701775,0.4365731963348159
0-1,1-0,0.0002514915873076141,0.41844599339351346,0.5424484517922271
0-1,1-0,0.0002875666473074824,0.4315545706195227,0.5284237457287966
1-0,1-0,0.00024086095064837482,0.485387746011742,0.47435315949243395
1-0,1-0,0.00028920130009860644,0.40494711565172253,0.5550490187276472
1-0,1-0,0.00039120040061772364,0.445877481339774,0.5138053337053257
0-1,1-0,0.00029692378194347095,0.42959025807373247,0.5304067944998707
1-0,1-0,0.00036713425470249203,0.4732892543099762,0.4863821328739561
0-1,1-0,0.0002755028750013673,0.49570785832978265,0.46378728501066835
0-1,1-0,0.0002403536665019048,0.4261014305917267,0.5338423499960238
0-1,1-0,0.0002806629394870461,0.4136352228326649,0.5464343838296856
1-0,1-0,0.0003391371675926605,0.42155518359780225,0.5382205508491149
1-0,1-0,0.0002495446887790499,0.4394821716221692,0.5208674191102286
1-0,1-0,0.0002349204296441304,0.4301916247801901,0.5291637736999829
0-1,1-0,0.0002844474412947402,0.4206817545481326,0.5393327279676063
0-1,1-0,0.0002574351454844662,0.45919557962334245,0.5008153146949182
0-1,1-0,0.00022237729505451722,0.4819868651838538,0.47882657688698826
1-0,1-0,0.0003773795191448912,0.4446710035449344,0.5150647950545715
0-1,1-0,0.000285532094074759,0.4459365577839498,0.513942040200102
0-1,1-0,0.0002699277339383759,0.4861920819264514,0.473474840626207
1-0,1-0,0.0003084880053727314,0.45019809963396945,0.5094213976362002
0-1,1-0,0.00041569099711558647,0.41532444080052444,0.5443077245333234
0-1,1-0,0.00029884770379415385,0.41277645410003616,0.5472670499334382
0-1,1-0,0.00022866064356892073,0.4455054839912849,0.5167439695575294
1-0,1-0,0.00025192553743379464,0.45768464292401856,0.5025439802668368
1-0,1-0,0.000341595909673118,0.4839523502683648,0.47569508211384975
1-0,1-0,0.0003243335440865623,0.41869044086781515,0.5412317639718502
0-1,1-0,0.0003149152148216434,0.42145282301542586,0.5383253494895149
0-1,1-0,0.00027924584601062165,0.47953202803450384,0.48038808300141606
1-0,1-0,0.00031826295312703995,0.4643215996866373,0.4952869081559993
1-0,1-0,0.00029203556465564993,0.4815737379396495,0.4781704354058971
0-1,1-0,0.0002458374941259471,0.4107637999538546,0.5493456360574879
1-0,1-0,0.00024314006550982107,0.4423462830650211,0.517468905756287
0-1,1-0,0.00022206456151371872,0.47757230061020073,0.4831291446299349
1/2-1/2,0-1,0.0004919279238246068,0.5434611559202738,0.3669676670454308
0-1,1-0,0.00023053091671566565,0.45976085355662216,0.49993647263997604
1/2-1/2,1-0,0.00028267393470081745,0.4163024521128517,0.5437087178065519
0-1,1-0,0.0003546356394953236,0.4261504156829393,0.5335952286550585
0-1,1-0,0.0002476381080629869,0.4114939582845998,0.5487583323575023
1-0,1-0,0.00037239433817090573,0.40785643793793624,0.551856301158927
1/2-1/2,1-0,0.0002737404928114993,0.41702267711232616,0.5304886051486185
0-1,1-0,0.000280722300321849,0.48871200099124157,0.47080178368879616
0-1,1-0,0.0004163769799710403,0.41672351062408086,0.5429074279981384
1/2-1/2,0-1,0.00022075597338984003,0.5496125302717862,0.4189904820030707
1-0,1-0,0.00032186213567890167,0.48620085006690694,0.47339888834301763
1-0,1-0,0.0002826247037196316,0.4285748296958964,0.5315415815383002
0-1,1-0,0.0002731740665715842,0.3842621664890368,0.5756774845323985
1-0,0-1,0.00036495344229715154,0.5541247819008457,0.4055372229771628
1-0,1-0,0.0003183868080171947,0.47316532121837046,0.48668334357541493
0-1,1-0,0.000268574880204291,0.4785808283558643,0.4813736381487825
0-1,1-0,0.0003303613957883954,0.4380984749445534,0.5216969757126177
1-0,1-0,0.0003794940720874501,0.43857344015426886,0.5211624435225496
0-1,1-0,0.0003337005867131923,0.49459958457962033,0.46518163886390473
1-0,1-0,0.000256485423907179,0.4618781657826891,0.4979308823950424
0-1,1-0,0.0003362564872394075,0.454906024238966,0.5048286892469731
1-0,1-0,0.00037286707573356984,0.44401869189235876,0.5157839627306129
1-0,1-0,0.00034843781015208127,0.46278522006189954,0.4968834366800609
0-1,1-0,0.0002328513382507286,0.4680093741512585,0.491740217012563
1-0,0-1,0.0002492612803204558,0.5209935698832816,0.43890625435572705
0-1,1-0,0.0002856426184248495,0.4336418720073348,0.5264504033821992
0-1,1-0,0.00034825108751941353,0.41866838744120766,0.541268391337262
1-0,1-0,0.00038786581730957537,0.4160903926609572,0.5435759748723346
1/2-1/2,1-0,0.0002712857951898448,0.4183613231729626,0.5416483837975168
0-1,1-0,0.00035882454092717885,0.47981267005764977,0.4798545784305954
0-1,1-0,0.0003429681985992676,0.45277171417736173,0.5070023342575356
0-1,1-0,0.00026007276029437203,0.486025079722989,0.47383672699009255
0-1,1-0,0.00026026628025635175,0.4460356510870825,0.5143201656142401
0-1,1-0,0.0002666987041098773,0.4560572400054669,0.5041458739742045
0-1,1-0,0.00037969639123358264,0.43202366937062314,0.5277772505171483
0-1,1-0,0.0003097617856272271,0.4154377597903982,0.5445619688712741
1-0,1-0,0.0004129229706443071,0.40877683194817205,0.5509702607525514
1/2-1/2,1-0,0.0021932401164601713,0.413928913733501,0.4331278621933113
1-0,1-0,0.00024331580326213297,0.46961294722425945,0.4908306267810009
1-0,1-0,0.0003560159079126059,0.4196780939941611,0.5400898952923765
1-0,1-0,0.00022536452609229238,0.47554998301058327,0.4844081256380957
1-0,1-0,0.00024519730089594776,0.42473201887417733,0.5391001416932648
1-0,1-0,0.00023214551207389116,0.46220061419632397,0.4975865012536844
0-1,1-0,0.0002910802193538145,0.46531203830665013,0.4942772589586944
0-1,0-1,0.0003538051212780427,0.639749137778179,0.32082762266377884
1-0,1-0,0.0003107424787317234,0.39980151838992356,0.5601283444413758
1-0,1-0,0.0003813323864146972,0.4419570699269914,0.5177766592765003
0-1,1-0,0.00038813144881915307,0.4121808505229261,0.5478130896396792
1-0,0-1,0.00027203333635086955,0.5550884432026915,0.40531985171016427
1-0,1-0,0.00033277088263617663,0.4405750832316521,0.519086045465215
0-1,0-1,0.00024833561504708653,0.5297143881362613,0.4112866964299566
1-0,1-0,0.00031896440549201576,0.49214553273690836,0.46745168618711613
1-0,1-0,0.0003798880380986164,0.4352285783927576,0.5246042335917946
1-0,1-0,0.00032205519030977783,0.40604813775473075,0.5539306038516222
1-0,1-0,0.000337396765304599,0.4284497214449722,0.5313356901308823
1-0,1-0,0.00023839332737096453,0.42188369137558235,0.5379428100620599
0-1,1-0,0.0003342580388700921,0.46398167393842127,0.4956448663636694
1-0,1-0,0.000325111645366713,0.46675526068243267,0.4928649604689859
0-1,1-0,0.0003645690586799004,0.42590975868941805,0.5338766788590964
1-0,1-0,0.00033118223094572144,0.4108369076952284,0.5489174572243493
1/2-1/2,0-1,0.00022666191506486673,0.5642071278798105,0.37638879569254047
1-0,1-0,0.00038941624057528307,0.36663043694514974,0.5937772811807084
1-0,1-0,0.0003914007905877478,0.37685324964488637,0.5835749951032406
0-1,1-0,0.00033616181370111714,0.38806327218930814,0.5717434017563635
0-1,1-0,0.0003060644150841841,0.422623867045784,0.5370693315850161
1-0,1-0,0.0003558117951743106,0.4575645729652362,0.5021467901198057
0-1,0-1,0.0002664361194677642,0.5178415670594675,0.44165314326109084
1-0,1-0,0.0003203180903360369,0.41949759266490305,0.5402158287099124
0-1,1-0,0.00033552320281118804,0.4414705241797371,0.5184421123664211
0-1,1-0,0.00033013289415562055,0.47863168881207646,0.4809552896044173
0-1,1-0,0.00033660194058722726,0.5128295601852959,0.4467821536595688
0-1,1-0,0.0002758535469307171,0.4578761423033565,0.5017787745902578
1-0,1-0,0.0002930187495681411,0.442328336702964,0.5176897492384401
1-0,1-0,0.00023614246568849854,0.5037278163996345,0.45641779375652813
0-1,1-0,0.00031555848380928844,0.4597704999074732,0.5000768214246288
0-1,0-1,0.00029375449802412565,0.5813790454243637,0.3780334737159076
0-1,1-0,0.0004024474877179849,0.4021719380365096,0.5578869845253285
1-0,1-0,0.0002979467849503702,0.46966053428957855,0.4903253469302834
0-1,1-0,0.0003622970503245268,0.4327089928470481,0.5269577905683649
1-0,0-1,0.00025593346242665536,0.5268062395998957,0.43318669797229514
1/2-1/2,1-0,0.00026928276213121076,0.48612317535732474,0.4738151534972988
1-0,1-0,0.000309025423139129,0.4534600236536908,0.5061514581466378
1-0,1-0,0.00025814691685847435,0.43172527045280473,0.5283605423988773
1-0,1-0,0.000256896422385478,0.4521504408304408,0.5080860206410283
0-1,1-0,0.00023429550904534394,0.4403705071239262,0.5224223831571146
1-0,1-0,0.00027583859422438377,0.485572878266112,0.4739708792165975
1-0,1-0,0.00024949697114186705,0.4039614455930264,0.556108774755643
1-0,0-1,0.00031067456563722053,0.519533001643995,0.44024687624058445
0-1,1-0,0.0003187560920642973,0.5014631442385087,0.45802989053581
0-1,1-0,0.00026272406908573766,0.4705844191431605,0.4895750608421396
0-1,1-0,0.00030188276822431414,0.48136601926449896,0.47840961132205284
1/2-1/2,1-0,0.00024185530481037694,0.4198283294950793,0.5403713044049858
1-0,1-0,0.00024610239838987897,0.4203020137015823,0.5396039486648847
0-1,1-0,0.000374172195435887,0.4132919272330726,0.5470151806007919
0-1,1-0,0.0002455630517148679,0.4112900002378913,0.5488141748586801
0-1,1-0,0.00027338850346331016,0.49783487540536886,0.461852831734471
1-0,1-0,0.00022421421805904237,0.492499507477583,0.4672940818832589
1-0,1-0,0.00024271042396494828,0.42738475026966777,0.532463997841876
1/2-1/2,0-1,0.0004222094552754963,0.5919583185673077,0.353671303311431
0-1,1-0,0.00035133591461238136,0.42722066508652295,0.5326031780324505
1-0,1-0,0.000250929616844021,0.46236816071778153,0.49737916040615715
0-1,1-0,0.0002881837048955795,0.46733436970285575,0.49253116957964077
1-0,1-0,0.0003776108460641954,0.4728233463281775,0.48679038597753327
0-1,0-1,0.000267801540478478,0.5160060956395024,0.44349128694647294
1-0,1-0,0.0002521407787633942,0.41761137814155186,0.5459640654419576
1-0,1-0,0.00032527841970345143,0.48462998341779145,0.4749581134907108
1-0,1-0,0.00025384913053659185,0.45254973773881824,0.5075021688134379
1/2-1/2,1-0,0.0002550523465906773,0.409396608463175,0.5505665683780504
0-1,1-0,0.0002400404525546,0.5100432264554523,0.4483961329220788
1-0,1-0,0.00029235919032126587,0.4318489827158212,0.5278316627008242
0-1,1-0,0.0002773632952110781,0.44930708212419745,0.5104621858240297
0-1,1-0,0.00036802478990840236,0.38449337795939864,0.5759799501377382
0-1,0-1,0.0004499640196867391,0.7420744779876611,0.21558637016205875
0-1,1-0,0.00023197986451144962,0.4350887475218318,0.5250570422883081
1-0,1-0,0.00032919391696410223,0.4869575329261696,0.4726127550238609
1-0,1-0,0.00024339850837765784,0.4220896604041245,0.5379102008460576
1-0,1-0,0.00038829104449407935,0.44072103714469707,0.5189795523980505
0-1,1-0,0.00025292493629658374,0.45030797648788945,0.5094878073549383
0-1,1-0,0.0003656729364430576,0.4703288957512668,0.48932119075070624
0-1,1-0,0.00024384671769435312,0.452414879145757,0.5074119187204417
0-1,1-0,0.00031776567026301313,0.46030283151687795,0.4993453381445351
1-0,1-0,0.0002609426410699674,0.5120843238212845,0.44747848051728706
0-1,1-0,0.000254131273979417,0.4386075897273198,0.5213499659508432
1-0,1-0,0.0003224593406415194,0.4700911242893482,0.4896433705402654
1-0,1-0,0.000248680197954942,0.40076788579940126,0.5585480254076138
1-0,1-0,0.0002708540789010969,0.5014608034557843,0.4536762552916977
1-0,1-0,0.00034225672534371053,0.47576498735268563,0.48391706825399355
0-1,1-0,0.0003445382907683043,0.48381971162775517,0.47588150685249103
1-0,1-0,0.00023847457905088016,0.4256452350072202,0.5358544235846134
1-0,0-1,0.0002700505935270137,0.5245532183563948,0.4348944656262167
1-0,1-0,0.0003157555141136291,0.4914505483486582,0.46845963154651543
1-0,1-0,0.0002466124195867813,0.42881275315879397,0.5368673933414206
0-1,1-0,0.0003498130858635452,0.42012069371002536,0.5398752570586365
0-1,1-0,0.00030993490593450243,0.40722592389752216,0.5525572067985262
1-0,1-0,0.00033374851515022253,0.40639262739665194,0.553651143306497
0-1,1-0,0.0002377693191453861,0.4154862079058884,0.544365830014947
1-0,1-0,0.00033847086149420996,0.4232357025822737,0.5367218549517873
0-1,1-0,0.000265191972351648,0.4629431938525578,0.4970238359039277
1-0,1-0,0.0003476111773675322,0.46757388827103125,0.49211582825899175
0-1,1-0,0.00035203782497561883,0.43716293777902065,0.5227261260401765
1-0,1-0,0.00028272797168906746,0.4279350068898462,0.5319977899851499
1-0,1-0,0.00025219070245341456,0.4013783524385615,0.5590011776513363
1-0,1-0,0.0003066587782843518,0.4496341607550674,0.5102909612562215
0-1,1-0,0.00023046955298558245,0.4505887086465461,0.5092871852539095
1-0,1-0,0.0003760071306731457,0.4289800933812926,0.5306983746414753
0-1,0-1,0.00044546452915401435,0.6773882514038708,0.2821971459540082
1-0,1-0,0.00035636723951538036,0.41355204837636883,0.5464073213670393
1/2-1/2,1-0,0.0002592025358383331,0.47786082922028605,0.48182175284158135
1-0,1-0,0.0003491296923808771,0.42507250147374825,0.5348365828093408
0-1,1-0,0.0003738749847247047,0.4406066016059336,0.5192230972606875
0-1,1-0,0.00024469673303086835,0.41425858370227975,0.5470304086095698
1-0,1-0,0.0002522498611660291,0.41693161809439394,0.5480279612050296
0-1,1-0,0.0003361409243573633,0.40288547172500067,0.5572069796590771
1-0,1-0,0.00039445846473771184,0.41315614806624856,0.5467165652091318
1-0,1-0,0.00038537095003443275,0.4271873660178544,0.5326849698386923
1-0,1-0,0.00023042867755821732,0.48588243288983,0.4813884689510566
1-0,1-0,0.0003796619605059961,0.43826359365867545,0.5214478300298931
1-0,1-0,0.00027187549526390555,0.49108583098841574,0.46858485434786074
1-0,1-0,0.000322146171434439,0.438094027491872,0.5217773481209149
1-0,1-0,0.0003900200369172354,0.4454345543686437,0.5140945280670285
0-1,1-0,0.00022966680370043764,0.45150834196078854,0.508397487612481
0-1,1-0,0.0003482487935413805,0.4643068820784888,0.49536647583311816
1-0,1-0,0.000236638211834455,0.46479032418041466,0.4950638006849883
1-0,1-0,0.0002450366748538246,0.49796834992877226,0.46213028503238207
1-0,1-0,0.0003476790443804756,0.44541155894749335,0.5142737754563617
0-1,0-1,0.00024633252120625886,0.7035219516484499,0.23485318224025276
1-0,1-0,0.00029451772108637507,0.4279894079739634,0.5316836745354167
1-0,1-0,0.00025539043505174195,0.40076987196269387,0.5614918186949113
1-0,1-0,0.0002275154318714159,0.4605856457795024,0.4992230150704677
1-0,1-0,0.00033722825916914385,0.4331246908823574,0.526569821649874
0-1,1-0,0.0002356133038944731,0.4585734935146297,0.5011871784568818
1-0,1-0,0.0002370988359293672,0.45662334998322435,0.5031435399154934
1-0,1-0,0.0003670767280189328,0.45073820354599065,0.5089527198527616
0-1,1-0,0.0002791557161938213,0.4103933603736301,0.5495248936314243
0-1,1-0,0.0002841662765836015,0.4553244474099474,0.5046030298374915
1-0,1-0,0.00028356779762593603,0.41942847338499933,0.5405079265170157
1/2-1/2,1-0,0.00037973484311416264,0.4776872946087093,0.48186358455149286
0-1,1-0,0.0002984958642781318,0.40633773930482797,0.5535972908777854
1-0,1-0,0.00030524127797469663,0.4831178353363051,0.4764282158873075
0-1,0-1,0.0003359637691769962,0.5173020529963922,0.4424358682800422
1-0,1-0,0.0003538787115840916,0.39422438483730954,0.5659020856803777
0-1,1-0,0.000228444539997387,0.48027214361442233,0.47743599036336637
0-1,1-0,0.00029613358087753457,0.5061587641874574,0.4533888140463639
0-1,1-0,0.0003750802669217034,0.4179634764047794,0.5417190633531515
0-1,1-0,0.00032691423348243237,0.46181624312119274,0.497844290035824
1-0,1-0,0.0002771482269307343,0.4969392392003964,0.46264740144097044
1-0,1-0,0.0003156959530372015,0.4814764624246104,0.4781939693896383
1-0,1-0,0.0003003360357952106,0.4700186805366399,0.48970558424405597
1-0,1-0,0.0002473197890883259,0.4304457143892139,0.5357241076268099
1-0,1-0,0.00030220425210409653,0.43662929923406735,0.5233547239137809
1-0,1-0,0.00030562339672440526,0.4743452637863753,0.4852964266524351
0-1,1-0,0.00035492171837336336,0.4523433589338271,0.5073856141157196
0-1,0-1,0.00027594621673951176,0.5602604685871617,0.39769056844967104
0-1,1-0,0.00032619514827702926,0.4130816326312374,0.5476504161921664
1-0,1-0,0.00023231837099668557,0.45203900053911245,0.5077905475703773
1-0,1-0,0.0003952909524721254,0.44163598498636725,0.5179876105494424
1-0,1-0,0.0002283658497917561,0.5021139429742479,0.4587303265754577
1-0,1-0,0.0003008838949210567,0.46190524561034285,0.49791250444126034
0-1,1-0,0.00023123078675089666,0.4779376976793788,0.4901114636301092
0-1,0-1,0.00042433086228188885,0.6374139076027883,0.32192925914378234
0-1,1-0,0.00023340148817975595,0.4735863350717405,0.48614695271727665
0-1,1-0,0.0003728381053525766,0.4572019358602936,0.5024795280655204
1-0,0-1,0.0002192505721381019,0.5195882859699595,0.4452542292542057
0-1,1-0,0.00030515045176140906,0.4339440836451334,0.5260383089313554
1-0,1-0,0.0002687383324839921,0.4094718148734084,0.5507687208774196
1-0,1-0,0.00026979893216316124,0.452954464599227,0.507043651581228
0-1,1-0,0.000314867337052227,0.40875070089072885,0.5510970049245757
1-0,1-0,0.0004026696643350461,0.42993756668176325,0.5297795737028945
1-0,1-0,0.00030942678816728243,0.45321820131791757,0.5066765926299016
1-0,1-0,0.000250902342556651,0.4236564109020388,0.5424750714646372
0-1,1-0,0.00025050760889004284,0.46208315788604165,0.4976990551548037
0-1,1-0,0.00024243039767370857,0.4199040191490691,0.5400006540357032
0-1,1-0,0.0002950907972234672,0.4630850391337222,0.49658861313188646
0-1,1-0,0.00022863033140169267,0.4459956828312443,0.5147648177586794
1-0,1-0,0.0002656032307977851,0.4719150299258327,0.488070823327642
1/2-1/2,0-1,0.00034196358379811725,0.5202011708134535,0.42818157672650725
0-1,1-0,0.00037374057267581883,0.4381865479745762,0.5213911143840849
1-0,1-0,0.0004109506707007417,0.42346836285636524,0.536107213213856
1-0,1-0,0.00029565201500573925,0.43663035202890216,0.523352336509206
0-1,1-0,0.00027804100928651066,0.47496977204129026,0.48486759908584853
0-1,1-0,0.0003680860777433423,0.48830131401225374,0.47135614960056976
0-1,1-0,0.00029476439449173446,0.4664968481184776,0.4931548101309681
1-0,1-0,0.00034105579786079874,0.4491320841133103,0.5107055589664342
1-0,1-0,0.00024892450996614,0.40650983860734635,0.5544764838685126
1-0,1-0,0.0002633890218763541,0.4200334395941484,0.5398637339374595
1-0,1-0,0.00029471082117191796,0.453131691138682,0.50646049542733
1-0,1-0,0.00024184815146839462,0.3990771278809107,0.5616113750362934
1-0,1-0,0.00023704552629044137,0.4746382710903933,0.4854128740024438
1-0,1-0,0.00034926833572257085,0.4163000335422862,0.543425820052193
0-1,1-0,0.0003115174766058607,0.44929903120036035,0.5103165134041875
1-0,1-0,0.0004078222561926558,0.4195770499071534,0.5402244701366092
0-1,1-0,0.0002272966939598069,0.45211224915146725,0.5079823377052409
1-0,1-0,0.00023379675571456887,0.431493629969892,0.5285149890452164
1-0,1-0,0.00031079633232156763,0.4280792811007036,0.5318873487910488
1-0,1-0,0.0003034989200146487,0.45530807242655946,0.5046643179521113
0-1,1-0,0.0002561683645734904,0.4716506398473688,0.4881274991630032
1-0,1-0,0.00029482302947155583,0.43106468029369227,0.5289518136238868
1-0,1-0,0.00025737859882276617,0.4672868757723421,0.4923686124251736
0-1,1-0,0.00030778634578862326,0.42232186826726137,0.53769765994373
0-1,1-0,0.0002634325652199875,0.408430293766183,0.551489870218165
0-1,1-0,0.00024618790962575556,0.4247116405470911,0.5351735100510717
1-0,1-0,0.00035016984555462334,0.44390334245688157,0.5158132287783999
0-1,0-1,0.00027130226490987297,0.5158447454537896,0.44360959813259077
1-0,1-0,0.00025299324136024404,0.43159348638836564,0.5283742770918382
0-1,1-0,0.00027832119841023734,0.48427342743063273,0.4752359323801906
0-1,1-0,0.0002964554056516268,0.45266555428501637,0.5069598904687056
1-0,1-0,0.0003357276327992397,0.4293312535495905,0.5306151963285396
1-0,1-0,0.0002569755133074205,0.4354034192516703,0.524474232386696
1-0,0-1,0.0003072069570294385,0.535173946047478,0.42418004280546645
0-1,1-0,0.00022939256552098624,0.46780184602774316,0.49202573909073577
0-1,1-0,0.0003558416620513981,0.41659771532111023,0.544355128455944
1-0,1-0,0.0003504944053506222,0.47974166459756873,0.48000810352206247
0-1,1-0,0.0002480858619093466,0.41610845904531163,0.5470204507795772
1-0,1-0,0.0002716611536303095,0.49977036069371134,0.4599801027123008
0-1,1-0,0.00026151773991546257,0.4998555031921787,0.45990424263176766
1-0,1-0,0.0002348738122359784,0.49005791181526953,0.4638346714223243
1-0,1-0,0.0003691382862915163,0.3752187086863154,0.5849153950560904
0-1,1-0,0.00037257465249800135,0.4237976444244972,0.535970194843029
1-0,1-0,0.0002386640800151778,0.4872679095166403,0.4706284466455339
1-0,1-0,0.00032259616378051066,0.4046426805909998,0.5552019806007824
1-0,1-0,0.00023008155794430768,0.44760946104829397,0.5122537696734281
1-0,1-0,0.00026348427071620664,0.47956700450585843,0.4803178822492545
1-0,1-0,0.0002674674317511851,0.4982217212732356,0.4613027808647857
0-1,1-0,0.00023500040799030484,0.4310270935923281,0.5297330330050092
1-0,1-0,0.0003898805468614211,0.38410136457395955,0.5765942997558478
1-0,1-0,0.00023675110074232022,0.426884505629389,0.5358532899035219
0-1,1-0,0.0002781875875777695,0.45179253085439697,0.5081267719615814
0-1,1-0,0.00025792391805510304,0.49181333215237283,0.4681136143839014
0-1,1-0,0.00023110899318630452,0.4245597181145657,0.5354542543437635
0-1,1-0,0.00026190656782203934,0.41610726434330747,0.5442984752840501
1-0,1-0,0.0002295776660648223,0.4933668901106439,0.4664389860661537
0-1,1-0,0.00028177791929868474,0.49705382851824814,0.4625522856790718
0-1,1-0,0.000342382350414547,0.43976065045082663,0.5200486254091632
0-1,1-0,0.00025450962026198607,0.38705058253485736,0.5732249803503678
1-0,0-1,0.00027386573871998523,0.5279998142002135,0.4316014108529837
1-0,0-1,0.0002315287715469214,0.5205048975628762,0.4393146856563851
0-1,1-0,0.00035688838384958756,0.42315848614699053,0.536716259178155
1-0,1-0,0.0002524871463771306,0.46717581708363626,0.49260371179586837
0-1,1-0,0.00031582606969555646,0.4602347452072785,0.4993354705998832
0-1,1-0,0.0002478916090283831,0.49304741906165295,0.4678132424087929
1-0,0-1,0.00032998465349952393,0.5680975253320175,0.39143355462372953
1-0,1-0,0.00032975251791869247,0.4589491247798788,0.500655937148377
0-1,1-0,0.00025092277906953127,0.4954273959367955,0.46416066895924457
0-1,1-0,0.00022795602326588363,0.4721186205555292,0.48606742849513845
0-1,1-0,0.00023561338668264326,0.45646490769734555,0.5033088339377332
0-1,1-0,0.00038719441184252346,0.43335824146536883,0.526462395258106
0-1,1-0,0.00024818832143072485,0.40809898065908523,0.5529930054066815
1-0,1-0,0.00030417630262519484,0.4624948624692679,0.4970644498030113
1-0,1-0,0.0003810837034366991,0.43183872690006014,0.5280219443897536
1/2-1/2,1-0,0.00023307584363787572,0.5134554732622557,0.4464106012867469
0-1,1-0,0.00025127645318326233,0.41250184527032424,0.5475874683451822
1/2-1/2,1-0,0.00028260625557249933,0.4198784355880572,0.540262737201417
0-1,1-0,0.0002695959848494885,0.4924571364310757,0.4671898866233307
0-1,1-0,0.0002502668506817257,0.4055215548992204,0.5546346262540247
0-1,1-0,0.00029400428676015945,0.4275533303798882,0.5321649577400787
0-1,1-0,0.0003233463486993268,0.45825440079665425,0.5013273053691882
1-0,1-0,0.00022373316847319676,0.46039876976582056,0.5019382359171451
0-1,1-0,0.00024787678420965214,0.42922236855964624,0.5370862825057582
0-1,0-1,0.00028910559373666644,0.5254495284275486,0.43394744838327326
0-1,1-0,0.00038625866793505113,0.4560916657268485,0.5034844554686362
1-0,1-0,0.00024489501146743775,0.4142190333231648,0.5471425300329184
1-0,1-0,0.00028947082068843,0.5130268063074482,0.4465335608008636
1-0,1-0,0.0002871029622714588,0.4393854700088874,0.5207682784709726
1-0,1-0,0.00025070732433828287,0.4072242370271484,0.5548410008541198
1-0,1-0,0.00030222633367314207,0.5022002049608816,0.45724857548947967
1-0,1-0,0.0003353656280625957,0.4357296380966247,0.5240528157302172
1-0,1-0,0.0003840981204391865,0.46205517489020753,0.49754848927494777
0-1,1-0,0.00032997604489171784,0.43315385449255744,0.5265582431989684
0-1,1-0,0.0003054876091844913,0.507004172960479,0.4528720249336802
1-0,1-0,0.000272482653154077,0.44127010521180704,0.5189241760146455
0-1,1-0,0.000252822831248745,0.4778058930197282,0.4818512994155509
1-0,0-1,0.00030618869241949727,0.6179689218633735,0.3416161925246284
1-0,1-0,0.0003180796984522073,0.40158027991664846,0.558270649243356
1-0,0-1,0.0002537819414475634,0.5308783802603235,0.4286233059213862
1-0,1-0,0.0003753574731852129,0.4429318843194622,0.5166535678661376
0-1,1-0,0.00022317545781250236,0.4499492535780533,0.51041252588783
0-1,1-0,0.0002894914196141078,0.4352359571282178,0.5247526596120097
1-0,1-0,0.0002284733984674084,0.43704582141977055,0.5231258058444872
0-1,1-0,0.00036969189039805884,0.4458317302922422,0.5139444543795465
1-0,1-0,0.0003058085875291108,0.39917729579202776,0.5609028363183101
0-1,1-0,0.00037397760700305356,0.4365881614178679,0.5232622557741317
1-0,1-0,0.00033951274952845513,0.4546382618035984,0.5050646677009129
0-1,1-0,0.00038630935948424694,0.4429879769734294,0.5166529889110836
1-0,1-0,0.00034556580653436614,0.44240677985777127,0.5174674511841453
1-0,1-0,0.0002922955520291193,0.43977202675041493,0.5200843468733181
0-1,1-0,0.00022829854339510202,0.5027562245891342,0.4570315797514298
1-0,1-0,0.0003141611627657088,0.3895817904755734,0.5683115014602514
1-0,1-0,0.00029155055637078474,0.4348371717312396,0.5251053501968467
1-0,1-0,0.0003648515676667123,0.42501930730703374,0.5348242715733261
1-0,1-0,0.00034339861959600994,0.45629426582982563,0.5035361130838479
0-1,1-0,0.0003014448394860116,0.48558114291996196,0.47396854964549634
1-0,1-0,0.00024821527493165994,0.4072756540788503,0.5530526809204634
1-0,1-0,0.0002336631742866348,0.4434515700437998,0.5163601841377514
1-0,1-0,0.00032125446633052854,0.4646669486985327,0.4949092162096283
1-0,1-0,0.00022973022693954743,0.4240314679852056,0.5373946165584853
1-0,1-0,0.00038899790546960286,0.43975509820975645,0.5198017370615037
1-0,1-0,0.00022811785962409878,0.44980768267736837,0.5108838150131417
0-1,1-0,0.00023368090264282574,0.43405246161098493,0.5261973486471498
0-1,1-0,0.00029076625086675557,0.4568974820162305,0.5028616481019982
1-0,1-0,0.0003413756363587943,0.4244605464013356,0.5353746296252738
1-0,1-0,0.00023163603557127408,0.47256752892194753,0.4871862279287045
1-0,1-0,0.0003189741907678828,0.5104574064584194,0.4494463324655174
1-0,1-0,0.0002790168164715695,0.4498957681139456,0.5109839519369652
1-0,1-0,0.00024123154495365393,0.42289086192414677,0.5390530500696818
0-1,1-0,0.0002842380718265774,0.49702744318595327,0.4626799730765442
1-0,1-0,0.00023251324625514152,0.4697718969911241,0.48985013181635945
1-0,1-0,0.00028982147363662504,0.4872298336780183,0.4722895893529178
1-0,1-0,0.00022956776892234688,0.46561737997175257,0.4942238258098701
1/2-1/2,1-0,0.00024318683003578002,0.5041490624955935,0.45150864724933876
1-0,1-0,0.00023861968379038646,0.42733320186752505,0.5347870914923049
1/2-1/2,0-1,0.0002387983978268993,0.5228589712395134,0.4357282431257137
1-0,1-0,0.00026911248068081536,0.4731000450879615,0.4865931902345101
1/2-1/2,0-1,0.00024083395684837205,0.5406350585735896,0.41989870424654463
1-0,1-0,0.00023045798281294566,0.46110252195628115,0.498728460311773
1-0,1-0,0.0002267390787025389,0.45449154861406943,0.5069478207329555
1-0,1-0,0.0002340291594234429,0.4431571042585067,0.5166510597388909
1-0,1-0,0.00034029169789641194,0.4660236450317675,0.49361726644100196
1-0,1-0,0.00027492726028545915,0.38627400427058295,0.5764905895828729
1-0,1-0,0.00036842747007680734,0.4516059231163604,0.5080915476059955
1-0,1-0,0.00026400911204919604,0.4853529552651569,0.46834365180703574
1-0,0-1,0.00025883977581567366,0.5707586918712285,0.38821212345552597
0-1,1-0,0.00024469186688046076,0.4120793333614136,0.5505465984042794
1-0,1-0,0.0002401412432881075,0.420134747036877,0.540062370113271
1-0,1-0,0.00036983347561340936,0.4852677644582656,0.47432646988851135
1/2-1/2,0-1,0.0002278867030498212,0.5358297201057777,0.4118549896341532
0-1,1-0,0.000346521742117026,0.4425276463891597,0.5171672552597399
0-1,1-0,0.00026300992796377665,0.44248866316780666,0.5175543995339577
0-1,1-0,0.00023263493172281003,0.4573141545659181,0.5072201822525709
0-1,1-0,0.0002509953816707698,0.47963053087685315,0.4802214587501039
0-1,1-0,0.0003105682329739475,0.41851370311252567,0.5414555235042766
0-1,1-0,0.0002558243666396417,0.47195134684825324,0.48768311582166607
0-1,1-0,0.00030040101236696455,0.43441535326108977,0.5255515804486228
1-0,1-0,0.00029262123863156765,0.4910481333269322,0.4684593701168118
1-0,1-0,0.00035375177252214773,0.4216356502988756,0.5381596032302371
1-0,1-0,0.000310577056501678,0.4697630615866627,0.4901716643692086
0-1,1-0,0.00037752020304967885,0.4391007552725697,0.520656012458517
0-1,1-0,0.0002521503751838815,0.49269864533836355,0.4671358139491689
1-0,1-0,0.00025170826727099126,0.37151288492473045,0.5902837464424313
1-0,1-0,0.00031595104610641266,0.491267140103799,0.46854606219871753
1-0,1-0,0.0003775987162871262,0.44220354994627253,0.5175982151409202
0-1,1-0,0.0003107529407477941,0.4044943386821029,0.5552966184413252
1-0,1-0,0.0002571509753904743,0.43801481248531604,0.5218367826382364
0-1,1-0,0.00024905424904010903,0.4086262295057291,0.5517126745455274
1-0,1-0,0.0003782654762268963,0.4190793364861624,0.540557572689037
0-1,1-0,0.0002799901392231812,0.4731135845594523,0.4868632849342607
1/2-1/2,1-0,0.00023161916455710185,0.44817067960689544,0.5117405280318361
1-0,1-0,0.00024736230485020486,0.41020742610231486,0.550501251622036
0-1,1-0,0.00040508828459262394,0.4246763413572165,0.5349686165398452
1-0,1-0,0.00028800604653762466,0.5040104539349738,0.45576997471936354
1-0,1-0,0.0003405898704156643,0.4519183281944959,0.5078376973123878
0-1,1-0,0.0002906078085279782,0.4792551683994943,0.4803134733889273
1-0,1-0,0.00026857365643974136,0.465624851392552,0.4939644449329849
0-1,1-0,0.000256381094609762,0.4219782522430314,0.5421068241308751
0-1,1-0,0.00033635748003790436,0.4445928655107061,0.5151453601947901
1-0,1-0,0.0004074134218095246,0.4301311470478992,0.529413905493591
0-1,1-0,0.0002572671289686227,0.48254802823842924,0.4774115156301615
1-0,1-0,0.00024367748147947774,0.4387885914726742,0.521197961782529
1-0,1-0,0.00030494353528147687,0.44247276164993277,0.5171549281712696
1-0,1-0,0.00029538852693902236,0.4262364217522004,0.5336692919375875
1-0,1-0,0.00031329933311012505,0.4099153117193976,0.5503698785895094
1-0,1-0,0.0003398531821773261,0.42621461613780837,0.5336256817712413
1-0,1-0,0.0004251562121264199,0.3925603220542589,0.5675667357474176
1-0,1-0,0.0002486784790261472,0.4327573976919953,0.5271297228694646
0-1,1-0,0.00039232200431209974,0.44040164227209627,0.5193237994983967
1/2-1/2,1-0,0.0002772065170005501,0.42217987206960494,0.5376305437874589
1-0,1-0,0.0003129020682494598,0.4615093512177283,0.4980794633122854
0-1,1-0,0.0004130668131395661,0.37449965604193974,0.586064313211976
0-1,1-0,0.00024297522487301548,0.41612680299766003,0.5440288647387097
0-1,1-0,0.00022335682705166977,0.49915547330154547,0.46065154744271186
1-0,1-0,0.0002334363485697122,0.4788304953821167,0.48090516560200036
0-1,1-0,0.0002780051983585945,0.5071132910817144,0.452351278957173
0-1,1-0,0.00030164141526920326,0.48511772485574195,0.4744322427597267
0-1,1-0,0.0003685707448835156,0.43231892282741247,0.527554282191358
1-0,1-0,0.0003678081300720305,0.40915711670126637,0.5507270597066377
1-0,1-0,0.00027434472991849336,0.4903350364052635,0.46950244327783863
1-0,1-0,0.0003908508446292239,0.4230649816588983,0.5368000623699194
0-1,1-0,0.00025614326824363023,0.43636487307138616,0.523477860216724
1-0,1-0,0.0003608755380642752,0.4776392868190272,0.48200196558105524
1-0,1-0,0.00032359631195547057,0.46788567276253296,0.49168217045242024
0-1,1-0,0.00041274651015374685,0.40422197710941404,0.5557489507368094
1/2-1/2,0-1,0.00023823446819094577,0.5438889045106732,0.4169657919300019
1-0,1-0,0.0002340763691946355,0.43184235521219366,0.5281217602055184
1-0,1-0,0.0002458634835832425,0.4608663270340206,0.49882003550236426
1-0,1-0,0.00024575159499154534,0.42421605904958015,0.5367021138006349
0-1,1-0,0.0003342860779377575,0.47102019642413195,0.48862792796530646
0-1,0-1,0.00033274449190344235,0.5766607257988092,0.3828911107302624
0-1,1-0,0.00026097623410930063,0.4365707491334531,0.5233459374552213
1-0,1-0,0.0002755383234009666,0.41027733936574273,0.5502379682762653
0-1,1-0,0.0002504868818096344,0.42932428036909415,0.5307470290913966
0-1,1-0,0.0003348117991646708,0.4325954626980728,0.5270684196808355
0-1,0-1,0.000260488784836314,0.524502680599965,0.4348717546045593
1-0,1-0,0.0002477693098325541,0.41586417851295604,0.5471393157194796
1-0,1-0,0.0003212724972651532,0.40332171062198097,0.556685156189829
1-0,1-0,0.00031145516681789216,0.4275276973272606,0.5324734042704083
1-0,1-0,0.0002475252668015097,0.4105312302022938,0.5498413169661558
1-0,1-0,0.00035930615137275753,0.41746516860034755,0.5424362045835563
1-0,0-1,0.00022214110506927747,0.5326472575476657,0.4312935152966713
0-1,1-0,0.0003135350530897515,0.47514504842190436,0.4844103846763666
1-0,1-0,0.0003942707580295712,0.4221238720175245,0.5376656549522628
0-1,1-0,0.00039860756949525655,0.41837844837298876,0.5414109930765746
0-1,1-0,0.00022974734408864523,0.4502484271012852,0.5096205943998913
1-0,0-1,0.0002997887575551719,0.5220995385031304,0.42044296125389174
0-1,1-0,0.0002816670478510383,0.512927802853215,0.44727290608275777
1-0,1-0,0.0003016545779271031,0.47652895154342245,0.48304963578495264
1-0,1-0,0.00024352826574854423,0.49000585721350703,0.4700135948165476
1-0,1-0,0.00040258197291528154,0.4380450196165109,0.521536341658066
1-0,1-0,0.00028856715053692515,0.4370545469226386,0.5227102942444384
1-0,1-0,0.00034889285613676923,0.4176783559548511,0.5422043125590017
1-0,1-0,0.00023741650443569323,0.42763118860091576,0.533973428097064
1-0,1-0,0.0003137589751345401,0.4739488087244096,0.48559089299816505
0-1,1-0,0.00024803125299595617,0.4056576489709509,0.5546414006103577
0-1,0-1,0.00043269363704637155,0.6711252820874155,0.2884369762641815
1-0,1-0,0.0003683805650755404,0.41586473197399043,0.5441501603998176
1-0,1-0,0.00023624439468570579,0.4481158103816572,0.5116788289015946
1-0,1-0,0.00031857672203166877,0.468535283300961,0.49130252655610585
0-1,1-0,0.00026416236260882174,0.48159040768064393,0.47825568655907497
0-1,1-0,0.0002729460734670342,0.5133212366473898,0.44635286356668713
1-0,1-0,0.0003970497963140545,0.42544510549779646,0.534260435757735
1-0,1-0,0.0002416566295253546,0.4414954589899874,0.5183147650578003
1-0,1-0,0.00024364591218823853,0.4460160890270024,0.5139377636372694
0-1,1-0,0.00027223031141416,0.5080478655052048,0.45173592851751715
1-0,1-0,0.0002505199835965161,0.4391098319044342,0.5208185056320436
1-0,1-0,0.0003722224292905973,0.4408050148432471,0.5189963067099144
1-0,1-0,0.0002618046840638954,0.47938304328058773,0.4802833968485487
0-1,1-0,0.00028239772090639257,0.4899844539585859,0.4696272596389474
1-0,1-0,0.00022724897801470746,0.4561492519803796,0.5038289678158794
0-1,1-0,0.00023354198152104606,0.4337586002012784,0.5264806622268253
0-1,1-0,0.00024368624147854483,0.41239196928829147,0.5477306331106385
1-0,1-0,0.0002656367488723315,0.42896390814512436,0.5310587646862165
1-0,1-0,0.00024724100298618767,0.5112693789579752,0.4484371621915008
1/2-1/2,0-1,0.0002413946595475466,0.5191970687898423,0.4404356280041783
0-1,1-0,0.0003740658268319409,0.44719931531446716,0.5125107609889819
1-0,1-0,0.00024307209249364726,0.41410822962363464,0.5464138972013579
1-0,1-0,0.0002927157656215401,0.4394939130003473,0.5203122563772401
0-1,1-0,0.00037208350587144184,0.46139434117432554,0.4982466629531612
1/2-1/2,1-0,0.0003182848784127322,0.42313423775340503,0.5368743642106127
0-1,1-0,0.0002459740169485667,0.4301735639029998,0.5301084932376855
1-0,1-0,0.0002885783224392353,0.4719282259128305,0.4880038921449631
1-0,1-0,0.0002835976918309796,0.4073806687382559,0.5526264716363237
0-1,1-0,0.0002708614533013838,0.4587634491393189,0.501216991194988
1-0,1-0,0.0002265143515521334,0.45130670026833786,0.5100862538663429
1-0,1-0,0.0002595282127181156,0.4894825051564086,0.4605998859129716
1-0,1-0,0.00024167467145688412,0.46231496709079234,0.49746859757259326
1-0,1-0,0.00037406888840752465,0.4819106969026299,0.4776570561821832
1-0,1-0,0.00024877054618719746,0.4798879029998216,0.4798321589845273
1-0,1-0,0.00023223907622481958,0.434866017786296,0.5254755812206134
1-0,0-1,0.0002987459297253814,0.5256105720620629,0.43382281688943586
0-1,1-0,0.00027186165821197253,0.5073162305761058,0.45217650516209335
0-1,1-0,0.0003124509769056414,0.4545971718702424,0.5050091229975461
0-1,1-0,0.0002446620293766431,0.4131393838423728,0.5478523950647621
0-1,1-0,0.0002589862068623862,0.4222151771865401,0.5376388404041214
0-1,1-0,0.0002257205529156273,0.44275463663451103,0.5167688227729612
0-1,1-0,0.0002239223464034379,0.4658761829418716,0.49743583231108784
1-0,1-0,0.0003098225695998953,0.42480027698809886,0.5351951705722019
0-1,1-0,0.0002419888239968095,0.4199648666281758,0.5397500984122209
1-0,1-0,0.00028468384691844747,0.4554537563125098,0.5044355986049952
0-1,1-0,0.000295233099096815,0.4006357773948554,0.5592452305789719
1-0,1-0,0.00025592654790022716,0.4949158031757834,0.4646549743053493
0-1,1-0,0.0002372257706502371,0.4810061142158732,0.4786968759565423
0-1,1-0,0.000285671002214627,0.4691437778484005,0.49042084578951495
0-1,1-0,0.0003490010847877906,0.41191402137875643,0.5478185997294445
1-0,1-0,0.0003283316376790208,0.45792052125257676,0.501860728542423
1-0,1-0,0.0003064984362321637,0.4214413715951502,0.5385351398513448
1-0,0-1,0.0003205973744663052,0.5300931162799788,0.4294917020801681
0-1,1-0,0.0003292861364741154,0.4588137625750949,0.5008819612770271
1-0,1-0,0.00036458775172930325,0.4527391925129228,0.5069598191431938
1-0,1-0,0.0003040513532876616,0.45527463212268077,0.5043593957210952
1-0,1-0,0.0002428015381438556,0.44952758605663357,0.5187191454300653
0-1,1-0,0.0002485767616905261,0.4331124607369936,0.5271592697676176
0-1,1-0,0.00032955592345619913,0.4784630771101818,0.4812406958079089
1-0,1-0,0.00024022463233451966,0.47496977763784803,0.4850269446577958
1-0,1-0,0.0002643278917264536,0.3942415720736216,0.5656221562950483
1-0,1-0,0.00025209455612131476,0.48696256852612935,0.47059678137838623
0-1,1-0,0.00023530515762497302,0.447106867171426,0.5148133328874152
1-0,1-0,0.000274353471640563,0.4503778846553763,0.5093944279845637
1-0,1-0,0.0003272044047219954,0.4690038396209212,0.49057715386642853
1-0,1-0,0.0003433739223139781,0.44222119507588625,0.517476006809157
0-1,1-0,0.00028896218093659674,0.4087549737699546,0.5514715841668233
1-0,1-0,0.00025487680427673285,0.41135577354417774,0.5537128102174147
0-1,1-0,0.00036969612720523054,0.4465105043375663,0.5131725504686324
0-1,1-0,0.0003058771876573553,0.49448050459717385,0.465329697156756
0-1,1-0,0.0003880541780552143,0.4418771100511096,0.5178102879916036
1-0,1-0,0.00035833588838357286,0.41469035676850213,0.5451969892688439
1-0,1-0,0.00026603449040559646,0.47355053460490887,0.48695886798075416
0-1,1-0,0.00023591439446238416,0.45944192574516457,0.5003150983130581
1-0,1-0,0.000258744471773692,0.4853389047882033,0.47443418338698845
0-1,1-0,0.00028421545170979326,0.3864751678972824,0.5735164451656671
1-0,1-0,0.00028502864204030476,0.42095534349182495,0.5388709741293951
1-0,1-0,0.00027932798216450305,0.4751241840242025,0.4845758810256005
0-1,1-0,0.00038481635250738945,0.43673319956490875,0.5228188851847776
0-1,1-0,0.00036936622833153,0.4340779127307836,0.5257767309264869
1-0,1-0,0.00039255822229849726,0.4468151064252389,0.512840059246251
1-0,1-0,0.0002549050580436829,0.4108705396847118,0.5537313257995518
1-0,1-0,0.000275839466798275,0.4395030681674975,0.5207323413243314
0-1,0-1,0.00030271902355974445,0.518716963092213,0.4407002299299624
1-0,1-0,0.00021969303209929626,0.5163862433922313,0.44907220366911027
0-1,1-0,0.00023168887163179354,0.5016073965778433,0.4573105801997207
0-1,1-0,0.0002557893373306556,0.4262147081190372,0.5337527613071635
0-1,1-0,0.00024972995221685573,0.4060574028573562,0.5540412832060361
0-1,1-0,0.00023309090270793768,0.43202825037287124,0.5292226585706845
1-0,1-0,0.00040872779164446055,0.4315591554886277,0.5280238109081246
0-1,0-1,0.0002680009593214773,0.5386030237397392,0.4210470225693057
0-1,1-0,0.0003328589327952442,0.4253254970597515,0.534467009225654
0-1,1-0,0.00025248760888298735,0.4446590280308701,0.5151481067606222
1-0,0-1,0.00029783376699476594,0.5482359785842689,0.41102912841086653
1-0,1-0,0.00024888510193743464,0.4060897048255093,0.5540091770110128
0-1,1-0,0.00024557229869927896,0.4050083263770226,0.5548987616619291
0-1,1-0,0.00031016476878318607,0.46531258964831995,0.49445504894768005
1-0,1-0,0.0002260673519254147,0.4546468625308607,0.5054857244624629
0-1,1-0,0.0002849344318980721,0.47063570252254827,0.489153136260581
0-1,1-0,0.00031973144553907473,0.48217258018611947,0.46825870979779644
0-1,1-0,0.00032829725351989726,0.44751255132822004,0.512227541074053
0-1,1-0,0.0002224776640877702,0.470678647043085,0.489252104139439
1-0,1-0,0.00035691867688770606,0.4183490588619777,0.5414538000890993
1-0,1-0,0.00028181545048770127,0.4861287977897855,0.47338776862062815
1-0,1-0,0.00024280907459791728,0.4280873567855212,0.5324764367454075
1-0,1-0,0.0003673303628312349,0.4174673769212606,0.5424813120321637
1-0,1-0,0.00024021453052424467,0.431142749145285,0.5321648986281928
0-1,1-0,0.00028136177195705936,0.4499223204845599,0.5101289779006793
1-0,1-0,0.00023319394729571765,0.4474853145556156,0.5124135975141785
1-0,0-1,0.0002403492422859687,0.531707052153565,0.429044676498846
0-1,1-0,0.0002628256895542419,0.44136229303988805,0.5186421094520961
1/2-1/2,0-1,0.0002517434676357525,0.5152178270102014,0.4447904537735665
1-0,1-0,0.00025421038219464566,0.49794765180291756,0.46161931737173884
1-0,1-0,0.0002633408878255373,0.49231982245397143,0.46733773294938624
1-0,1-0,0.0003756012353364555,0.42102008323295326,0.5387084862421107
1-0,1-0,0.00029659915364415397,0.4603957556387173,0.49934506178016563
1-0,1-0,0.0003001041491616998,0.42084855226303824,0.5389753100401481
1-0,1-0,0.0002711569641311586,0.4674075292692042,0.4921817040639981
0-1,1-0,0.0003543542394769723,0.43330300104962316,0.5266121499405405
0-1,1-0,0.0002699230254798954,0.49300090688874904,0.46660102967042516
0-1,1-0,0.00023900208624564315,0.46222189750485165,0.49757576733233017
1-0,1-0,0.00027201338858762636,0.465247770374642,0.4943870195296169
1-0,1-0,0.0003682781575885268,0.41129463080934237,0.5485341496494128
1-0,1-0,0.00036753309034678514,0.4026896392091357,0.5574472001497974
0-1,1-0,0.00025889583656045316,0.4371769909691074,0.5228872213142659
0-1,1-0,0.00035745151884946307,0.41458806119606,0.5452003516614503
0-1,1-0,0.0002365465064976753,0.42904075711919826,0.5309289781324991
0-1,1-0,0.00039838545634543764,0.4279498169571268,0.5316237168162457
1-0,1-0,0.00042226050451658095,0.41393736107492457,0.5457268009368595
0-1,1-0,0.0002924953773683674,0.5045444247838459,0.45543348518807536
0-1,1-0,0.0003195534636794123,0.4173143728794965,0.542386753624955
1-0,1-0,0.00028431967734811965,0.4743408111946459,0.48539110892898374
0-1,0-1,0.00025834844105050464,0.5205125287130231,0.43919924888425665
0-1,1-0,0.00032208093160313164,0.38771396719708334,0.5724238184633297
0-1,0-1,0.0002681623846302957,0.5447839783109002,0.40381425976053253
0-1,0-1,0.0002889884010221727,0.5381271129904606,0.42161807148683283
1-0,1-0,0.00035475060346289985,0.4134838986325975,0.5466627508634299
1-0,1-0,0.0002745532758155581,0.4872889118257043,0.4731374259384793
1-0,1-0,0.0003579219122733381,0.46135272385629233,0.49831703749154826
1-0,1-0,0.0002585521133524554,0.4388692432283216,0.5215754072449004
1-0,1-0,0.00028320968514761413,0.4420631945080957,0.5177574324480649
0-1,1-0,0.00037898331651409125,0.43758108606853596,0.522170497754996
1-0,1-0,0.0003855237645037341,0.4340827279878925,0.5255514676614857
0-1,0-1,0.0004306168765382272,0.63337353302043,0.32603908015066363
0-1,1-0,0.0003608032521701493,0.4439934426633698,0.5157823965300972
0-1,1-0,0.00034964644268515135,0.4908530990965888,0.4688009677605206
0-1,0-1,0.00030187031928308243,0.5814987308109609,0.37800890366176354
0-1,1-0,0.000340786499553267,0.43921967651898497,0.5206224486446343
0-1,1-0,0.0002306967583901785,0.480143753214571,0.47950535252927623
0-1,1-0,0.00035092156689054446,0.47750770873646897,0.4822298081340476
0-1,1-0,0.00026328564430578156,0.4512185457937338,0.5086728965758865
1-0,1-0,0.00024627825178025637,0.48541123875714853,0.47422011871554604
0-1,1-0,0.00027278941838540256,0.4186032376576787,0.5413949962494577
1-0,1-0,0.00025919854131608634,0.48430968861024004,0.4754682531375462
0-1,1-0,0.0002922651641940433,0.42426361460973255,0.5356674149245053
0-1,1-0,0.0002484010308731801,0.4355300672982777,0.5244536348553211
0-1,1-0,0.0003378213926549304,0.44048907162157697,0.5191687340409444
0-1,1-0,0.00027398762517064535,0.4409213892130489,0.5192245424197343
1-0,1-0,0.0003853576989736361,0.45229353728652366,0.5073955139533713
0-1,1-0,0.0002243816284037776,0.5164160036601274,0.4531492626804205
0-1,1-0,0.00025001440925737366,0.4101559640867823,0.5528275412413192
1-0,1-0,0.0002970383717899717,0.37559316207565807,0.5798850779361742
0-1,1-0,0.00030868049150282074,0.413773032330427,0.5462758205869768
1-0,1-0,0.0003080159085606946,0.4105316168120643,0.5495235479248933
0-1,1-0,0.00033557745391114786,0.4460976361482991,0.5136505285837806
0-1,1-0,0.00023855567537924588,0.42540385344210785,0.5355806578664798
0-1,1-0,0.0002899644065175323,0.4639965051431203,0.49617186226464827
1-0,1-0,0.00022775113339691783,0.43375127931125323,0.5264438085765905
1-0,1-0,0.0002461803769457684,0.41506109438818845,0.5472843207967217
0-1,1-0,0.00023933856400592854,0.4238867993741728,0.5361211576499019
1-0,0-1,0.00022278671835609273,0.5251197144494448,0.44469694445599184
1-0,1-0,0.00023514432612180828,0.49796650557291094,0.46160541088595347
0-1,1-0,0.0003687488146572556,0.45916908919394783,0.5005172277707999
0-1,1-0,0.00038001026076771343,0.450653745176126,0.5089975700090363
0-1,1-0,0.0003850954099612846,0.43950000134972544,0.5201070476565125
1-0,1-0,0.00024619778478859265,0.4264634029049473,0.5343093868594221
1-0,0-1,0.0003916358041562787,0.609261480359932,0.3501524832981039
0-1,1-0,0.0003335953266450805,0.48172573299003346,0.47791023606137856
0-1,1-0,0.00037286093174078834,0.44117207274245274,0.518512591835756
1-0,1-0,0.0002330247496553283,0.4515318733099848,0.5082642125926121
1-0,1-0,0.00023740947287504387,0.4243235505337388,0.5356659662644154
1-0,1-0,0.00024992414576589973,0.4906211336383696,0.4693088003767377
1-0,1-0,0.0002410331436798667,0.42486398509744056,0.5376746253152537
0-1,1-0,0.00024133764056370483,0.4387980352533267,0.5263680807562752
0-1,1-0,0.0003689487211002674,0.3676580106561352,0.5926160447717067
1-0,1-0,0.0003117608384489507,0.42276706141070125,0.5371539858212195
0-1,1-0,0.00024048085741202804,0.4349781168328525,0.5290106942367501
1-0,1-0,0.0002423369035303127,0.46597650268086444,0.4939964745124233
1-0,1-0,0.0002631853814617835,0.3833336169517895,0.5747651680556224
0-1,1-0,0.0003171628286149736,0.4052105436627403,0.554724233316695
0-1,1-0,0.00025605454747028864,0.4011487681437835,0.5621421607598392
1-0,1-0,0.0003502655472310454,0.3913691447930339,0.5689080638626088
1-0,1-0,0.0002515237473714966,0.4080075869960191,0.5544921055023082
0-1,1-0,0.0003534995390796437,0.4050774660964624,0.5546835495731127
0-1,1-0,0.00023847949704012075,0.418383851492863,0.5414184775367052
1-0,1-0,0.0003456333200040915,0.3992649877363467,0.5607129535566993
0-1,1-0,0.00023816183063725985,0.4153298070883817,0.5445816330650577
0-1,1-0,0.0003211564653994469,0.424269102239914,0.5356184261853101
1/2-1/2,1-0,0.000280141908057071,0.447555142988657,0.5124586273196172
1-0,1-0,0.0003936232946978916,0.43018951762035507,0.5296073033751801
0-1,1-0,0.0003561751726495222,0.44412808607182047,0.5156957448969098
1-0,1-0,0.00030876424904695325,0.44665212215843536,0.5132111363174817
1-0,1-0,0.0004067625632575968,0.40788290034607727,0.5518373861589331
1-0,1-0,0.0003565932546734354,0.43561159182556747,0.5241232450633978
0-1,1-0,0.00031062293010468515,0.4336286079461,0.5261853876384704
0-1,1-0,0.00031804397032446266,0.49876745231858943,0.4607359716296265
1-0,1-0,0.0002590600585045919,0.4087449304544624,0.5519788510091587
1-0,1-0,0.0003507670897757189,0.43179675839358933,0.5281242656882089
0-1,1-0,0.0002336867405193788,0.4669775784466057,0.49291070559315
1-0,1-0,0.00025209182551383554,0.43651719424794305,0.5233643486959291
0-1,1-0,0.000261782470999731,0.4400695894725227,0.5196512381097403
0-1,1-0,0.00029649993497369984,0.4441256098160986,0.5155131510649634
0-1,1-0,0.0003731679175068937,0.3912483788238118,0.5690497971441849
0-1,1-0,0.000269173780141575,0.4619291536508649,0.4980669306265905
0-1,1-0,0.00041794265957152216,0.4157089821349172,0.5440547521808565
1/2-1/2,1-0,0.00025033326294626057,0.49838308568117157,0.4614814289680861
0-1,1-0,0.00024437694363314887,0.4978451324521547,0.4618332561903119
0-1,0-1,0.0003007102134356312,0.5251037148789467,0.43454513870094963
1-0,1-0,0.00037939319515014616,0.4270325617978827,0.5326625280816718
0-1,0-1,0.0003118884973139521,0.5289592647146161,0.4304962935991133
1-0,1-0,0.00027866033796825816,0.4762191472555781,0.48338126579067436
0-1,1-0,0.00029664374272422037,0.42936788348308874,0.530440504876605
1-0,1-0,0.0003283799904116143,0.479317933521396,0.4426090574240846
1-0,1-0,0.00024749323746353077,0.47491678657316816,0.48539360412168653
1-0,1-0,0.00040616997712307034,0.4073708652290381,0.5523641973710093
0-1,0-1,0.0002449066431518649,0.5474751036614482,0.4114125347062582
0-1,1-0,0.00023471423159237054,0.4300203562707587,0.5302888087630571
1-0,1-0,0.0003125379333602333,0.44856027270309895,0.5112843007988936
0-1,1-0,0.00026213322967202115,0.49918911459578025,0.4577282214161169
1-0,1-0,0.0002555441418859895,0.48872224229397315,0.47099061555597505
0-1,1-0,0.00027078169760932924,0.508658713771871,0.4508956968671911
1-0,1-0,0.0002524834775706524,0.4092513471843522,0.553946924174741
1-0,1-0,0.0002203497571181178,0.4877957833165096,0.4728991075054834
1-0,0-1,0.0003071855832171619,0.5292789202215625,0.43023678079558175
1-0,1-0,0.00033690236271123874,0.4523878095651348,0.5073519960784413
0-1,1-0,0.00038044422536845346,0.4076887000160698,0.5522547949242368
0-1,1-0,0.00024224104240812177,0.4802000604750578,0.47947098120990056
0-1,1-0,0.0002614210254233037,0.48067438828653597,0.47996532889214066
0-1,1-0,0.000427472989314551,0.40218645167319206,0.5577438226320035
0-1,1-0,0.00023678369180209867,0.4343670667883759,0.5254291873842549
0-1,1-0,0.0003731267222259757,0.42797791977905786,0.5316997515536586
0-1,1-0,0.0002813661818074049,0.4410190125409669,0.5186500113504607
1-0,1-0,0.0002620094327044562,0.4060361925728369,0.553905752550802
0-1,1-0,0.00032556491361283824,0.44217788228921817,0.5177152985207099
1-0,0-1,0.00027961992482105214,0.5514100491674835,0.40693245896361
0-1,1-0,0.0003250479881174475,0.42593598014183215,0.5339936520750873
1-0,0-1,0.00025553545376028167,0.5356264734064016,0.42385739547206236
0-1,1-0,0.000263655077705204,0.5042528712253536,0.455688027120729
0-1,0-1,0.00028145999469704773,0.5283875323180003,0.4311489935617336
0-1,0-1,0.00024352051547547578,0.5390118542628839,0.4198621879360529
0-1,1-0,0.0002556636294817207,0.4504114105768908,0.5095040428211829
0-1,1-0,0.0002979131279635362,0.4611185321636914,0.4984640453962849
1-0,1-0,0.0004000552616106105,0.43868276931183836,0.5208765177296136
0-1,1-0,0.0003723818642373098,0.4361463886212471,0.5234828015711135
0-1,1-0,0.000340085949950871,0.42692994439060966,0.5330397598108467
0-1,1-0,0.00026169403738695706,0.4831659851830048,0.4766090728400708
0-1,1-0,0.0002267492544482369,0.4882724486346756,0.47156491289708036
1-0,0-1,0.0002701399364510692,0.5237641657374571,0.43585729924712957
0-1,1-0,0.0002297793031026981,0.4450827498185724,0.5149864730278676
1-0,1-0,0.00022817692964636772,0.46226059303629885,0.497127913825307
1-0,1-0,0.00025008736646959937,0.4436867642779617,0.5160339333495275
1-0,1-0,0.0003997544622691142,0.4313125371864995,0.5283504349662156
0-1,0-1,0.0002771555910399827,0.5291587894068807,0.43022668882617165
1-0,1-0,0.0002659382450819277,0.4812259790557478,0.4785779314893456
0-1,1-0,0.00024386978403124657,0.4508131048019197,0.5089012803208769
0-1,1-0,0.00037673557613537124,0.423592432814834,0.536343693259099
1-0,1-0,0.00035111231076934537,0.4584878731442761,0.501192591233854
0-1,1-0,0.0002844113311567901,0.45352344821303786,0.5061281933099308
1-0,1-0,0.00027139438401189563,0.41522510231155313,0.5446312432494397
0-1,1-0,0.0003232989447099312,0.43274488938894273,0.5271010978351095
0-1,0-1,0.0003456676296545821,0.5785041906120029,0.38087245555344845
1-0,1-0,0.00022279534958353372,0.48882152443991067,0.4719928701473328
1-0,1-0,0.0003456167512501923,0.4753643375566605,0.48436091504209156
0-1,1-0,0.00025247341176800784,0.388292597833354,0.5719499016634055
1/2-1/2,0-1,0.0002972722946068929,0.5739970716167133,0.38298235829065824
0-1,1-0,0.0004014117972603923,0.43942031503260764,0.5201814178145375
1/2-1/2,1-0,0.000257768107055294,0.5028542872660962,0.4569585235968741
1-0,1-0,0.0002451298626868177,0.46727015713074666,0.49255604509641815
0-1,1-0,0.0003094828232553795,0.4601275763331275,0.49981650377002845
1-0,1-0,0.0003126456471949444,0.47324875226724444,0.4865335928598668
0-1,1-0,0.0003760145741327239,0.4541934069368409,0.5054375153014616
1-0,1-0,0.00023090142619009503,0.4687375255592107,0.49121152163964116
1-0,0-1,0.0003473470957461016,0.5485765939485054,0.41113435122705044
1-0,1-0,0.00029835010992819926,0.4360240974010336,0.5236540535352904
0-1,1-0,0.00024631783884535984,0.40667298957359455,0.5541904557161966
1-0,1-0,0.0002884560645371225,0.4775562101547608,0.48213746037806704
1-0,1-0,0.0003250127819328395,0.402784011272752,0.5572219399634755
0-1,1-0,0.00022839675231904906,0.4829058454154243,0.4769522692832717
0-1,1-0,0.00031685518700501694,0.4542747213340316,0.5053147886061355
1-0,0-1,0.00034669964983132754,0.6149448984457809,0.3442696222631683
0-1,0-1,0.0004496297629292113,0.6893158085826072,0.2702654351759168
0-1,1-0,0.0003135531814454616,0.4630189462175667,0.4965521304299206
0-1,1-0,0.000248928466568972,0.5129586695370622,0.446579141404777
0-1,0-1,0.00022455373868942726,0.5269331281875972,0.43921628196605694
0-1,1-0,0.0002758292614178973,0.4947822416898227,0.46472385110832576
0-1,1-0,0.00028359094509525944,0.49448244011697834,0.46501755758987495
0-1,1-0,0.00023659049748001672,0.4986973386938454,0.46103096252844955
0-1,1-0,0.0003359283997615342,0.4143712710668722,0.5456260406261777
1-0,1-0,0.00035573626811092576,0.440156648551918,0.5195782226930328
1-0,1-0,0.00023556973423693222,0.49853822299824824,0.4610901239748612
1-0,1-0,0.00034867474028638074,0.42415151391424455,0.5355831906077083
0-1,1-0,0.00025130142585625445,0.494731201240602,0.4651052464366223
0-1,1-0,0.0003467313775020335,0.361730218073567,0.5980648537365536
0-1,1-0,0.00023119854886972875,0.48295035536243186,0.4768051847570008
1-0,0-1,0.0007952864902547715,0.7674065032545291,0.19048776875951043
1-0,0-1,0.00034372779723818134,0.5305836676518025,0.4290227141334129
1-0,1-0,0.0003032127220287919,0.44017762555063056,0.5195800030165616
1-0,1-0,0.0002377184934806681,0.4247536415149629,0.5358386182243312
0-1,1-0,0.00027057329198466233,0.41020912288155914,0.5496252631464964
0-1,1-0,0.00034830326633817623,0.41606632479165534,0.5439483118174528
0-1,1-0,0.0002293325985086778,0.4428723776408369,0.517825397297142
1-0,1-0,0.000399619841660202,0.4330943907543129,0.5264560607844466
1-0,1-0,0.00024081020063699171,0.4729662797573134,0.486986769116516
0-1,1-0,0.0003176059603878624,0.4560854268824578,0.5037210936503137
0-1,1-0,0.0002595046098053133,0.46823920322877205,0.4916320952880004
0-1,1-0,0.00027654291594066664,0.496754935249285,0.4627421810232604
1-0,1-0,0.00027649229160643006,0.44479703347624744,0.515138086359749
0-1,1-0,0.0003964790727416712,0.44154046426641536,0.5179736917055437
1-0,1-0,0.00034782260913047145,0.45590647434232656,0.5037652592119538
1-0,1-0,0.0002959717108841436,0.4545353041305318,0.5053225561056184
1-0,1-0,0.0002414125044309321,0.41999509614070996,0.541355946560336
1-0,0-1,0.00025516270169016796,0.5222144051791014,0.437515590827422
0-1,1-0,0.00031518039597183055,0.4855206126565321,0.47415023833285636
1-0,1-0,0.0003094642495490357,0.43727321861387614,0.5225842055999674
1-0,1-0,0.00037589734685635693,0.4295378351597648,0.53009547094941
0-1,1-0,0.00023257356374181739,0.489708853237198,0.46406372710933064
1-0,1-0,0.0003595643642994162,0.4068163690365674,0.5529641291658223
1-0,1-0,0.00028516557190322057,0.4542111912768265,0.5055448005316414
1-0,1-0,0.00031361331465066595,0.4292692266224063,0.5304234639392087
0-1,1-0,0.0003299932524404862,0.4102859241010904,0.5494861263973158
1-0,1-0,0.00025390928331219713,0.4831329767382148,0.47682268582250875
1-0,1-0,0.00025543112214512374,0.44990933024127355,0.5099541396622584
0-1,1-0,0.00023204685940346264,0.4437423994223075,0.5161066691830262
0-1,1-0,0.00023864525773248594,0.46405269070942806,0.49668897486848623
1-0,1-0,0.00029392188734250985,0.43265577982236525,0.5271092274134942
0-1,1-0,0.00025106737366000474,0.4161237953760048,0.5484777809589124
0-1,1-0,0.000256718237371639,0.50177581631635,0.4566641466147611
1-0,1-0,0.000254079572173041,0.505751810878487,0.4540030241977801
1-0,1-0,0.00023009538026135646,0.47250351761712067,0.48727762948889874
0-1,1-0,0.0002904189840644438,0.4862956182859624,0.47320858878633815
1-0,1-0,0.00039431125190744466,0.4888871828778179,0.4529892167228083
1-0,1-0,0.00027334126393300444,0.43375382486929476,0.5266769774283607
1-0,1-0,0.0002616941193633975,0.4420263733069474,0.5178271640029881
0-1,1-0,0.0003645815947888349,0.40943576595545794,0.550417117442291
1-0,1-0,0.0002691616597369908,0.5123737990927949,0.44712650981106306
1-0,1-0,0.0003994424488982213,0.43765487767751804,0.5218732288090687
1-0,1-0,0.00023526870952803218,0.44571741783206814,0.5142420211103379
1-0,1-0,0.0002542825322957735,0.4297542705501411,0.530152556042535
1-0,1-0,0.00024721863806500047,0.41914065007870405,0.5444180203024945
1-0,1-0,0.00031271822671254855,0.45799927971130067,0.5016391669579584
1-0,1-0,0.00034830463981330554,0.41170926016569487,0.5480626378712019
1-0,1-0,0.000307311731507231,0.39934360964566556,0.5606988138110308
1-0,1-0,0.00034173182580625173,0.4535106512890673,0.5061564439259207
1-0,1-0,0.00025914856392737486,0.4917574472867125,0.468037857319116
0-1,1-0,0.00030764982678838223,0.407029673262372,0.5530369766684303
1/2-1/2,1-0,0.00029626692175357185,0.4297109680799004,0.5299508718992921
1-0,1-0,0.00025691932215364527,0.43665508587927204,0.523273553565642
1-0,1-0,0.00024550913680037147,0.4425149162668282,0.5173197794470554
0-1,1-0,0.0002508618238980592,0.3868023406359164,0.5736737671064961
0-1,1-0,0.00028904114449979264,0.4346923514821978,0.5251816132635241
1-0,1-0,0.0002619250698040376,0.46180996258162266,0.4979503280051888
0-1,1-0,0.0002778482965612296,0.45158096250862967,0.5083918188619698
0-1,0-1,0.0002908011212443365,0.5979910702300838,0.3606323447376859
0-1,1-0,0.00040181564913702915,0.4387543181724352,0.5208278479457072
0-1,1-0,0.0002507799158379445,0.39674350172947476,0.563468899631155
0-1,1-0,0.0003122106110219285,0.41092462696203097,0.5489036881904842
0-1,1-0,0.0003876728781049943,0.44844102840284256,0.5112097354245776
0-1,1-0,0.0003168933177822537,0.43122020467370104,0.5287553079048186
0-1,1-0,0.00023521770465527027,0.4006191324162777,0.5568580120195241
1-0,1-0,0.0002488624946072302,0.4123203972376768,0.5479762274565426
1-0,0-1,0.0004129822461608784,0.6729924519306706,0.2874125835422859
0-1,1-0,0.00025349746422073,0.49933105084315355,0.4606975107840567
0-1,1-0,0.00024263395939042438,0.4160932715336971,0.5437298935799837
1-0,1-0,0.00036182858312545273,0.467111688468146,0.49258559878179603
0-1,1-0,0.00033217015123889544,0.4857955311261384,0.47397526425413256
0-1,1-0,0.00031955061577858913,0.42039783392731417,0.5394014199624805
1/2-1/2,1-0,0.0003047237189665572,0.42180494068721563,0.5047764437257194
1-0,1-0,0.00025902200157567164,0.45444077364887764,0.5058001953062786
0-1,1-0,0.00040384548781889986,0.42905528381130875,0.5306411081565418
1-0,1-0,0.00033953492619355285,0.4538820080783208,0.5057598586900466
1-0,1-0,0.0004171028073835331,0.4164085963305725,0.5433475973070304
1-0,1-0,0.00030363861604110155,0.4067984803870486,0.5531985602904395
0-1,0-1,0.00044810968268037125,0.6879926249996577,0.2714195171815194
1-0,1-0,0.00023801282906612222,0.4808297747986605,0.4787967432028318
1-0,1-0,0.00028714651356247787,0.43532056194111246,0.5245575304690937
1-0,1-0,0.00028352498208683227,0.4204612745010692,0.5395120815222747
1-0,1-0,0.00032886007473767573,0.4527044222952588,0.5071671268958217
0-1,1-0,0.0002789729332531973,0.41269940554481477,0.5472797611805233
1-0,1-0,0.0002442503028981083,0.49517796576040163,0.4644252131179598
0-1,0-1,0.00034512722683775163,0.5275883689504617,0.4319490871576909
1-0,1-0,0.0002527715696180161,0.4008154331130115,0.560067497494711
1/2-1/2,1-0,0.00028187951728205515,0.45672102389645464,0.5030123344882547
0-1,1-0,0.0002918270707503042,0.4645304997193909,0.49548115522104763
1-0,0-1,0.0002911298741359778,0.5957804471243386,0.36417714338959567
1-0,1-0,0.00031897421641665144,0.4501965474535137,0.5094547332523717
0-1,1-0,0.00023505409468321345,0.5065827164324229,0.4535485867672776
1-0,1-0,0.0003254899997664753,0.47152722332191327,0.4882262708248843
1-0,1-0,0.0002526370901642332,0.44193475653906905,0.5179690234128608
1-0,1-0,0.0003100193828575956,0.40620702438443057,0.5535855605222605
0-1,1-0,0.00040130989512396765,0.43936492348185885,0.5201517646400258
0-1,1-0,0.0003035888199540813,0.38954766323266204,0.5716873066816324
1-0,1-0,0.0003140144062978062,0.3815755404890767,0.5800112270927009
1-0,1-0,0.000282230542524183,0.44770793632393785,0.5120027639916783
1-0,1-0,0.00035910301291379286,0.4448022431835247,0.5150276984742445
1-0,1-0,0.00031790170032926083,0.4226168013472854,0.5373983228340198
0-1,1-0,0.00032585510716589487,0.4273578897894588,0.5325630249449365
0-1,1-0,0.0003823995416273542,0.44758761433346145,0.5121501754715695
1-0,1-0,0.0003578542904391737,0.43435229657309243,0.5255495339828653
0-1,0-1,0.00047153906879755276,0.6696279596211316,0.28882206142253564
1-0,1-0,0.0004234171634496374,0.395265952009129,0.5651754342402251
0-1,0-1,0.00024910639945639973,0.5306077100231963,0.42670421799924957
1-0,1-0,0.00025195675226930285,0.47539869346899455,0.4845174917474539
1-0,1-0,0.0002546413569589755,0.4762174652748197,0.4827773673720825
1-0,1-0,0.0003961172467634689,0.445831870077042,0.5137138675129045
0-1,1-0,0.000381236029506985,0.42477687637315836,0.5348730569923629
0-1,1-0,0.0002559780708379938,0.4771652653789898,0.4809439548353362
1-0,1-0,0.00040663526604254625,0.42012449434984844,0.5395342870656225
1-0,1-0,0.00024909014917792553,0.43324656650502336,0.5268432814648281
1-0,1-0,0.00027340609372202555,0.49473613268418426,0.46488122710144547
0-1,1-0,0.0002940207689916577,0.4624936967430601,0.49707161946615397
0-1,1-0,0.00026754676025882135,0.4082553145243731,0.5517017094518664
0-1,1-0,0.00025259038543791544,0.40356507403224057,0.5570411689021854
1-0,1-0,0.0002258875508042226,0.4790500740296594,0.4808794713998138
0-1,0-1,0.0003058342348363816,0.5947946548782697,0.3646897348598532
0-1,1-0,0.00024226767479247955,0.43113662395740066,0.528784197887376
1-0,1-0,0.00037039532946103634,0.4438597988697726,0.5158100684956012
1-0,1-0,0.00026073657252633176,0.4462172540121604,0.5131672580995018
0-1,1-0,0.0003433995675531779,0.41319028610623193,0.5465531836058044
1-0,1-0,0.00028589602184360126,0.4212840387997466,0.5387357007498549
0-1,1-0,0.0002862708043235238,0.4676163866838629,0.4921417965727177
0-1,1-0,0.00031512144920588605,0.3972913152962625,0.5627133662795958
0-1,1-0,0.0003143608407134689,0.45783201330609724,0.5020011047345881
0-1,1-0,0.00023381118394557617,0.4332292671826456,0.5270033755357727
1-0,1-0,0.0003865203448760649,0.42395223061315096,0.5359120175872448
0-1,1-0,0.00026796417168626024,0.4982768736501949,0.4615952095095927
0-1,0-1,0.00027068876471858126,0.5732247053149802,0.37336025607779233
1-0,1-0,0.00031387591640491547,0.48413956580281525,0.4753933424352605
0-1,1-0,0.00024866476698719793,0.3862563500858631,0.5745939586138239
1-0,1-0,0.000360395012620317,0.42326008814274974,0.5366590166295816
0-1,1-0,0.00036230157561963023,0.40547303125977974,0.5544917548471753
1-0,1-0,0.00030264194349158014,0.43753302562741436,0.5221288141818669
1-0,1-0,0.00024476951374893867,0.4377431972211156,0.5222950944607269
0-1,1-0,0.00030768664582189384,0.43697912937391664,0.5227177939131655
1-0,1-0,0.00022495099396033764,0.5074611150111259,0.4524877947818641
0-1,1-0,0.0002501263561315391,0.42048062773986256,0.5396482900836046
0-1,1-0,0.0003812824114415219,0.4560427902219869,0.5034867512439574
1/2-1/2,1-0,0.0002463079622600247,0.501920253238321,0.4562981597402888
0-1,1-0,0.0002654623944882894,0.5017750787040928,0.4577535828759607
0-1,1-0,0.0002899119214418888,0.42146263881685997,0.5384670917419732
0-1,1-0,0.00032779369121082116,0.48090010198291216,0.47872480733073997
0-1,1-0,0.0003316872467625152,0.44862646278082674,0.5110085837334167
1-0,0-1,0.00042794690556321405,0.6590674893078099,0.29985337537296725
0-1,1-0,0.00023338423430139637,0.43323894439314,0.5274576668505088
1-0,1-0,0.00025115898312846576,0.4489003561281261,0.5109150461858194
1/2-1/2,1-0,0.00026469019158953004,0.46699512926742076,0.492952971979728
1-0,1-0,0.0003957414942698705,0.43071859376422034,0.5290681760155396
1/2-1/2,1-0,0.00027302600481318023,0.4605569947640598,0.49915804268548486
0-1,1-0,0.00023956270851348353,0.4585591350820479,0.5011852463620909
0-1,1-0,0.00025915320714250923,0.4806988642373005,0.4791953747602631
0-1,0-1,0.0002515250971535314,0.5177263099848489,0.44038729675910115
1-0,1-0,0.00034648660013085247,0.4679651639742568,0.4916958165486589
1-0,1-0,0.0003438431091192299,0.4384747964020183,0.5214216753202839
1-0,1-0,0.0003507829032738315,0.43460528722529285,0.525252863662743
1-0,1-0,0.000271459694954594,0.46850245913689037,0.4910608481493826
0-1,1-0,0.00022054841012728182,0.4786924635867875,0.48136390324370054
1-0,1-0,0.00024282317967598804,0.4830274465543402,0.4766375244261286
0-1,1-0,0.0002389130097153352,0.42129110396872754,0.5403011212552061
0-1,1-0,0.0003015086907159741,0.4753105485862949,0.48426315256560154
1-0,1-0,0.0003590198566799437,0.4174461915227557,0.5422364977825477
0-1,1-0,0.00032799668962916383,0.46502268512812467,0.4945641346068256
1-0,1-0,0.00034274939586457197,0.4460720206363716,0.5136553491412882
0-1,1-0,0.00037049754936819456,0.5128615263612809,0.4466916517543686
0-1,1-0,0.0002684153409397116,0.3832068777073963,0.5766412075051999
0-1,1-0,0.00039256740931074873,0.44981173724950085,0.5098140964300061
1-0,1-0,0.00028395700442346495,0.4676281048746799,0.4921495776007168
1-0,1-0,0.00028826871920647546,0.44229596420480594,0.5173985521091016
1-0,1-0,0.000291793439468483,0.4995177161865348,0.460283601473078
1-0,1-0,0.00022876020791118512,0.4564974403299001,0.5059732781575552
1-0,1-0,0.0002410127672535238,0.42843745524168875,0.5315249970402522
1-0,1-0,0.0003819080157462928,0.43810366034824044,0.5217115199197973
1/2-1/2,0-1,0.0003634843509081635,0.5520727756064365,0.40763473002644846
0-1,0-1,0.0003181582040878846,0.6041872232807487,0.3562081278857304
0-1,1-0,0.00029389416190364425,0.4309081249130111,0.5291878332960793
0-1,1-0,0.00026255073889904916,0.4311168291434132,0.5288704841056423
1-0,1-0,0.00025067989812583945,0.46089283385599755,0.4987991250272484
1-0,1-0,0.0002359192758460592,0.4276790847390016,0.5328903041284163
1-0,1-0,0.0002232594546820013,0.48232757628866435,0.4776311042302932
1-0,1-0,0.0002206328851132603,0.46264206385783224,0.498486918894029
1-0,1-0,0.0002843187677446927,0.4627530751028114,0.49700186144915026
1-0,1-0,0.0002966689017152443,0.4113333783664784,0.5487162412183877
0-1,0-1,0.0003648742624783407,0.5138211456044675,0.44569085056637564
1-0,1-0,0.00022924776786343727,0.48164702945936766,0.47813846322378833
1-0,1-0,0.00025263020775331206,0.4868245886958893,0.47254717327018564
0-1,1-0,0.00033441229663262,0.4149751066268639,0.5448523128465105
1-0,1-0,0.0002515020409489324,0.4216231708817905,0.5385969653067131
1-0,1-0,0.00027114560236205757,0.4620275115179284,0.49785413374070986
1-0,1-0,0.00022669673893819581,0.476264199381233,0.4861783604857508
1-0,1-0,0.00026577678497659985,0.46151651859739534,0.4982632018182417
0-1,1-0,0.0003436895116300126,0.4371905817455541,0.5225598974277529
1-0,1-0,0.0002670903817746663,0.5048879229959992,0.4548423379929178
1-0,1-0,0.00027585174513208665,0.4652464241778538,0.49436330639294757
1-0,1-0,0.0003488962625584927,0.4061375608020163,0.5538144570420592
0-1,1-0,0.0003705787241624252,0.4443752434282117,0.5154390133020714
1-0,1-0,0.000322284645102215,0.47822346963756274,0.48149536772053236
0-1,1-0,0.00037930141007302336,0.45327573967732293,0.5064447197779605
0-1,1-0,0.00036394132851877377,0.4866404243914359,0.4730381151970019
1-0,1-0,0.00027169367307163287,0.43627974164410543,0.523907621137527
0-1,1-0,0.00027662904444043676,0.4560313813117265,0.5040633637802522
1-0,1-0,0.000271092310324534,0.4259234603305791,0.5339528936708511
0-1,1-0,0.0003195879005706652,0.4669387326447577,0.49262916692535214
0-1,1-0,0.0003623042029137888,0.42619976303399504,0.533563087247709
1-0,1-0,0.0003260805971782086,0.4322843950828844,0.5276760415121965
0-1,1-0,0.0003679584346507416,0.44739676718747884,0.512348431049934
1-0,1-0,0.0002548257965401699,0.40399796756769685,0.5565970181576123
1-0,0-1,0.0003140428058786269,0.51382368243522,0.445638402697456
0-1,1-0,0.00026337009206810907,0.4275072424776735,0.5325045346103493
0-1,1-0,0.000249779276615151,0.49562146348813707,0.46444675795218243
1-0,1-0,0.0003923608519856922,0.4327331914045293,0.5269260724120153
1-0,1-0,0.00034631374870031486,0.4563639387463136,0.5034591587090291
1-0,1-0,0.00038844388435423766,0.4465343721882383,0.5131752219926249
0-1,1-0,0.0002685911005361458,0.49004833644881307,0.4696174770209245
0-1,1-0,0.00023540994225862666,0.4189355925321501,0.542554547503698
1-0,1-0,0.00038840192816644954,0.44666292085933396,0.5130459031391917
1-0,1-0,0.0003719400664315543,0.43316685107949604,0.5266288201771209
0-1,1-0,0.0003374257726929335,0.43964438982657367,0.5200801668698607
0-1,1-0,0.0003072954659800815,0.4607958549590689,0.498808615490079
1-0,1-0,0.00035891995091643085,0.3638933259102644,0.596195112926501
0-1,1-0,0.00024826182969941193,0.48834621398938627,0.47126903913833473
0-1,1-0,0.0002567215350139344,0.45084443075678693,0.5089985145986133
0-1,0-1,0.0004996780902276533,0.7286283760114244,0.22888198042935526
1-0,1-0,0.0003278868633467528,0.44682767957635106,0.5128577354112482
0-1,1-0,0.0003005425613611641,0.45228073199198876,0.5073584827203532
0-1,1-0,0.0003234590164858038,0.4942735179303478,0.4654733579162468
1-0,1-0,0.00023760812554331415,0.42263945639596706,0.5372567260377639
0-1,1-0,0.0002692042328152985,0.4617603566187404,0.4898160204959438
0-1,1-0,0.0003051914823733125,0.4330098003782981,0.5269715992791068
1-0,1-0,0.00022721370837007704,0.44659792817948324,0.5141174695728552
1-0,0-1,0.00035180282276205956,0.5329479163635792,0.42670630371181945
1-0,1-0,0.0003236949893532417,0.4344354649170707,0.5254035539797398
0-1,1-0,0.0002475172915833172,0.4094391182899319,0.5506533190758807
1-0,1-0,0.0004091245275416607,0.4118037568622893,0.5478851660479453
0-1,0-1,0.0004615491441008196,0.7064355435833013,0.25195372796846455
1-0,1-0,0.0003037450280118013,0.4352075666167733,0.5246888308245286
1-0,1-0,0.00035642301127409534,0.42653724758455885,0.5334034147026331
1-0,1-0,0.00036077060892867203,0.43374780205463315,0.5259881720098993
0-1,1-0,0.0003615918103381482,0.45916389751575304,0.5005233122689525
0-1,1-0,0.0002953163021446723,0.4430705057888689,0.5167389322965193
1-0,1-0,0.0003700347382993962,0.5003447997822894,0.4592266294690444
1-0,1-0,0.0004061615868392463,0.4122031394873757,0.5475090481453339
1-0,1-0,0.0003560409818056272,0.409528400810377,0.5502572659086101
1/2-1/2,0-1,0.00040141593847443257,0.657459638047502,0.30144186674675705
0-1,1-0,0.00032435177560412976,0.4748386928216992,0.4847458767530441
0-1,1-0,0.00035572250044705353,0.489746045389166,0.46991514086001707
0-1,1-0,0.0002882228534886248,0.4321372984060595,0.5278572511858696
0-1,1-0,0.0002626679619967883,0.4262813265987058,0.5336361664393815
1/2-1/2,0-1,0.00023780820434959405,0.5268313243649105,0.43339298748532407
0-1,1-0,0.0002835799413703918,0.5095883164390709,0.4500435872315365
1-0,1-0,0.00023367782717785175,0.49115893445775005,0.4685486146739021
0-1,1-0,0.00023381559636484868,0.4402302065552225,0.5197604826409076
1-0,0-1,0.0007561043865883684,0.5198061204712532,0.4033740352850838
0-1,1-0,0.00022801738734671442,0.4922355862502548,0.4688076747327848
0-1,1-0,0.0003815403803729641,0.4534430815703512,0.506256463253219
1/2-1/2,1-0,0.00025251403760272244,0.4927419098313987,0.4671778875950068
1-0,1-0,0.00024102150749563613,0.4771679706396544,0.4825020077047926
1/2-1/2,1-0,0.00022626358872419796,0.45996939696506745,0.4994697103562312
1-0,1-0,0.0003787064589901804,0.4176244826771385,0.5431880557662531
1-0,1-0,0.00037272661235334434,0.44847737086616707,0.5112563582711193
1-0,1-0,0.00028539274586954726,0.41470359753738256,0.5453176786762982
0-1,1-0,0.0002476446991789714,0.41430579707676185,0.5462638473033656
0-1,1-0,0.0003531275745070495,0.5015984805771438,0.45805304214261017
1-0,1-0,0.00024774208609961026,0.40850455942965636,0.5525828498798766
0-1,1-0,0.00025683669296773656,0.4129744469410886,0.5477366098289028
1/2-1/2,1-0,0.0002552654584665572,0.4050979888312059,0.5444756066169841
1-0,1-0,0.0002586150406336638,0.49817026932047653,0.4588363928184428
0-1,1-0,0.00024887676595818136,0.46242649841301103,0.497429951457371
1-0,0-1,0.00022885664488992994,0.5258765205148462,0.43477770621455164
0-1,1-0,0.0002460423006294611,0.40777451096493417,0.5521234943034034
1-0,1-0,0.0002531612764523941,0.4358468329443481,0.5238933939771666
0-1,1-0,0.0002478450966587849,0.41248654503773435,0.547767398565083
0-1,1-0,0.00026982389133594156,0.4589469148559286,0.5010408702431907
1/2-1/2,1-0,0.0002794683572888507,0.4610232682762474,0.4985707219834067
1-0,1-0,0.00025641568480542896,0.41184094420637074,0.5480314736822255
0-1,1-0,0.0003353682819447571,0.42291005309225477,0.5370267260129618
0-1,1-0,0.00038564707900647305,0.4312953829419403,0.5283827526515402
1-0,1-0,0.00033183868474985013,0.5042190410707195,0.455373225270104
0-1,1-0,0.00024732065563086897,0.4274341653113136,0.532430573828951
1-0,1-0,0.000266223550368189,0.44615918948642774,0.5139204483391522
1-0,1-0,0.000272575175801777,0.4577316696078242,0.5019853831679689
0-1,1-0,0.0002501590043587922,0.41607561241119606,0.5439844191353116
1-0,1-0,0.00034023717363542994,0.4423316374142006,0.5192201704601902
1-0,1-0,0.00024510534571695264,0.5126743216985754,0.44817807766037404
0-1,1-0,0.0003278035600508018,0.4789947918378443,0.48079285519061393
1-0,0-1,0.00023735304526143099,0.5159907047641289,0.443640334026503
1-0,1-0,0.0002491119602386877,0.4063933849490014,0.5547280891663932
1-0,1-0,0.00032987414691342903,0.4188456179636698,0.5411545418920833
1-0,0-1,0.00031586020035385216,0.548060851779181,0.4115329163963068
0-1,0-1,0.0002568974200247728,0.570855542971816,0.3891815120025275
1-0,1-0,0.0002916052460900889,0.44493226649300205,0.514812278486386
1-0,1-0,0.00028653673838001717,0.4442163868367064,0.5156288322599057
1-0,1-0,0.0003733545708059222,0.43308816213217105,0.5267887129537336
0-1,1-0,0.0002280157913856507,0.4516949099434579,0.5087904263906097
0-1,1-0,0.0002903314635889108,0.4693300158872985,0.4903040206763876
1/2-1/2,1-0,0.0002852165711295372,0.4226319287677719,0.5372060118026708
0-1,1-0,0.0002407013422457824,0.43602001742792706,0.5244026247956499
1-0,1-0,0.00030272264898645876,0.40741609465123324,0.5525782602392316
1-0,1-0,0.00022818188778235755,0.4348358517397164,0.524999175497792
0-1,1-0,0.0002905156340730734,0.4703003056504907,0.4895595606563844
0-1,1-0,0.00029652383197386093,0.4545972328907627,0.5052801548148375
1-0,1-0,0.00038504961121851286,0.37572749299688074,0.5847567229903703
1-0,1-0,0.00029680713943652657,0.46360496407334095,0.49594927132532257
1-0,1-0,0.00023614323437670751,0.45122863156595,0.5085562814728899
1-0,1-0,0.00031218382847674186,0.46509037304979994,0.4946715774246484
0-1,1-0,0.0002784187854063647,0.46520586950874687,0.4946445586419729
0-1,1-0,0.0002805485678600499,0.4593068365956427,0.5005044346552754
1-0,1-0,0.00025106917408360206,0.4646584361795376,0.4952413753494683
1-0,0-1,0.00039421966338308036,0.5675713315291515,0.37907364378769415
1-0,1-0,0.0002680871455120326,0.4288243169033297,0.530964222571316
1/2-1/2,1-0,0.00026190809359529697,0.4837008605135509,0.47590062361715285
1-0,1-0,0.00034532140549364983,0.418798692272299,0.5412167920845744
1-0,1-0,0.00023084775872042043,0.4184308457122449,0.5404668836858784
0-1,1-0,0.00028575860793896067,0.4780474759586055,0.48168025831380157
1-0,1-0,0.0002447131785090271,0.4931646932261404,0.46646746598415734
1-0,1-0,0.0002314082355735227,0.4624209282342112,0.49725326826127353
1-0,1-0,0.00031559130194090554,0.4740570272416267,0.4855755389125716
0-1,1-0,0.0002507709713517044,0.5099237527189382,0.4498960187287285
0-1,1-0,0.00032241247230715454,0.44319342673733286,0.5164355532390175
0-1,1-0,0.0003282080553336929,0.456583200119533,0.5030807185794214
0-1,1-0,0.00032653349756253837,0.4494401691582739,0.5103559835212205
1-0,1-0,0.0003539941739552462,0.41249422986911516,0.5475240891377635
0-1,1-0,0.0002767327378390918,0.442084987398349,0.5176768045440111
0-1,1-0,0.00035841142847558536,0.42233861365364095,0.5373394569655696
1-0,1-0,0.00038026795411608193,0.45690120924373484,0.5027698747770425
1-0,0-1,0.0002722725393119548,0.5189921407666155,0.44051406543632665
1-0,0-1,0.00024326982257989963,0.5287599419267588,0.4315768458743078
1-0,1-0,0.00027677990620521975,0.4728024303335744,0.48695485342487227
0-1,1-0,0.00023493307149151477,0.4486429672875162,0.5112504764418113
1-0,1-0,0.0003278637266049824,0.41800031478552424,0.5419667728858407
1-0,1-0,0.00023176485815591463,0.4844558357196986,0.4751406240096077
0-1,1-0,0.00040339970607987673,0.42197311727133413,0.5376229094981526
1-0,1-0,0.0002525572979673137,0.4060187073590421,0.5544094706029471
1-0,1-0,0.0003398433116096075,0.4524656422854052,0.5073941872824926
1/2-1/2,1-0,0.0002541198829786223,0.48361609816794526,0.47600910989081846
0-1,1-0,0.0002390253796309927,0.38875816744223657,0.5670708987907227
1-0,1-0,0.0002352898223303958,0.4292453556728303,0.5306296186364962
0-1,1-0,0.00023442528205880022,0.44927671997955204,0.5105454570100332
1-0,1-0,0.0002502220684958122,0.49424823728630707,0.4656099406903873
1-0,0-1,0.00032501413053357835,0.5383073421204196,0.4211511761321051
1-0,1-0,0.0004121776096089004,0.41674151905461204,0.5429637681372985
1-0,1-0,0.000301820801714431,0.4733289507087078,0.4861999847224883
0-1,0-1,0.00024849920355592543,0.5289986563119695,0.43055653467611327
1/2-1/2,1-0,0.0002677008725857923,0.438793573367577,0.5210016434031024
1-0,1-0,0.0003809967953833368,0.4242976710897145,0.5355609216477034
0-1,1-0,0.0002886824016386041,0.4341524481480658,0.5259948825199094
1-0,1-0,0.00031628966405150284,0.4786160787587114,0.48091169107547266
0-1,1-0,0.0002792519696351973,0.4878640317414011,0.471656330491144
0-1,1-0,0.0003553141962464422,0.4493367910349492,0.5104289715859323
0-1,1-0,0.00024806784408062883,0.42555376837316977,0.534361614538287
1-0,1-0,0.00022587853124636867,0.5115389479573494,0.4490050689621488
1-0,1-0,0.0002612056706715104,0.4971852594477101,0.4623152161981727
1-0,1-0,0.0003150599323666237,0.4491511596714588,0.5104898535259155
0-1,1-0,0.00025496908177517774,0.4719261073974706,0.48773497675126437
1-0,1-0,0.0002448150868112342,0.4005751343799115,0.560096979765519
0-1,1-0,0.0002293211473156492,0.46367397339833755,0.49619257872529693
0-1,1-0,0.00029491733527690136,0.4308636256492898,0.5291027715027062
0-1,1-0,0.00031239606971112576,0.4292612687301928,0.5307151680616522
0-1,1-0,0.00028111015487913013,0.41647770471402407,0.5436249983361138
0-1,1-0,0.00029053506000231667,0.4837086113545556,0.47589653258460307
1-0,1-0,0.0002725156557550224,0.5127548267210209,0.4467918469470623
1/2-1/2,1-0,0.0003347644923340341,0.407744734496359,0.5519788280639668
1-0,1-0,0.00040998892666231076,0.3711942129197357,0.589292995429204
1-0,1-0,0.00031727959618381603,0.42683889049083595,0.5331539232299569
1-0,1-0,0.00033614196902433975,0.47306496244486357,0.486581937791664
1-0,1-0,0.0003819592300489804,0.4535899941863605,0.5061134811846635
0-1,1-0,0.00024197656984646334,0.4163580364111487,0.5440571420309007
1-0,1-0,0.0003111319216128556,0.4741118659696141,0.48545352953454723
1-0,1-0,0.0002457504848447059,0.42500459398259144,0.5350519442918725
1-0,1-0,0.00028249268950839127,0.3575399550114616,0.6023204128161826
1-0,1-0,0.00028245233039447533,0.4061129774716735,0.5538408012335614
1-0,0-1,0.00024373940082166875,0.5156785546063769,0.44390027648712516
0-1,1-0,0.00028396500549196925,0.42852274672635077,0.5314985057236257
0-1,1-0,0.0003896042766586288,0.4367471451173102,0.5230339824670978
0-1,1-0,0.00033904086182933964,0.4429085095993553,0.5167742452197257
0-1,1-0,0.0003325078472061314,0.427990406695693,0.5317732374486906
1-0,1-0,0.0004009286374525138,0.42914102565392115,0.5304537661449912
0-1,1-0,0.00023206752787754286,0.46011399120733704,0.497886100949059
0-1,1-0,0.00024594647028388755,0.4829558622743964,0.47685684618184004
0-1,1-0,0.00023522936702756713,0.4488542622305042,0.5116765502794303
1-0,1-0,0.00023546161440283147,0.42855644395315823,0.5323689696206784
1/2-1/2,1-0,0.0002556652110003952,0.5013322274687936,0.4583901165194815
0-1,1-0,0.00032968880223652777,0.41932121241636655,0.5405343522633317
1-0,1-0,0.00024894343441526185,0.4600640050672044,0.4943149076479626
0-1,1-0,0.00025877611107288077,0.4319155902255283,0.52813739266003
1-0,1-0,0.0002607586005310681,0.48950333594089984,0.4703099375693393
1-0,1-0,0.0002729261589710963,0.41254756701296824,0.5479801811522138
0-1,1-0,0.00026041078801270173,0.45816902916594315,0.5017864492573865
0-1,1-0,0.00024416672927071183,0.40180805265866437,0.561260094991619
1-0,1-0,0.0003887835942976628,0.4310185267288573,0.528553996784757
1-0,1-0,0.0002356567300220052,0.4647110488326985,0.4951078251698836
0-1,1-0,0.0003003273262972419,0.45730934368125054,0.502351505525683
1-0,1-0,0.0003103086084014673,0.42490282804613316,0.5348451539661532
1-0,1-0,0.0002832765989897708,0.40206403731748064,0.5579087208073024
1-0,1-0,0.00034677729730757926,0.45792954558781024,0.5018864283676197
0-1,1-0,0.00023235628441562863,0.44918411632182276,0.5106983622461548
0-1,1-0,0.00024135898417355854,0.41793789539459086,0.5428171717348053
0-1,1-0,0.00025162612265269314,0.4037486736541701,0.5576916485352078
1-0,1-0,0.0003897385410653415,0.4206678778933082,0.5389773604808962
0-1,1-0,0.00024298271595245478,0.4957130775961188,0.46393463188986295
1-0,1-0,0.000330782954919787,0.47513781286362783,0.48456310438796263
0-1,1-0,0.00034742039107764057,0.509878854290336,0.4497995151480422
1-0,1-0,0.0003108227680204638,0.44316472759671927,0.5166815192244489
1-0,0-1,0.0002437665445267841,0.5206792333181819,0.43899510095903316
0-1,1-0,0.0002554543874260778,0.472768308928007,0.4870741003282065
1-0,1-0,0.0003979818868306748,0.4294639425212407,0.5302989584429458
1-0,1-0,0.0004051112638109578,0.4283729878859288,0.5313597535318277
0-1,1-0,0.00031448038013532926,0.40724544137046453,0.5528394390554456
1-0,1-0,0.00033482441827313705,0.4315369382644559,0.5283944052329435
0-1,1-0,0.00024156011288629096,0.41575605684099176,0.5446565247690008
1-0,1-0,0.0004087654680939298,0.40813537295290553,0.5516252914962384
0-1,1-0,0.00037841668052916727,0.45731437553369825,0.5023975399480965
0-1,1-0,0.00028963845672271005,0.510287434676084,0.44950069461282055
0-1,1-0,0.0002533113795255713,0.421626913469236,0.5382608804993714
1-0,1-0,0.00035033510971300025,0.430048876183654,0.5298056950014867
1-0,1-0,0.00025541146315227856,0.4250524377774844,0.5349398814990033
1-0,1-0,0.00024602175591655626,0.436228788828307,0.5238618852775316
1-0,1-0,0.00030497723042707396,0.4414537103049884,0.5181718152084059
0-1,1-0,0.0002371791242490473,0.43208866571395604,0.5277155716958176
0-1,1-0,0.0002987942325920924,0.47571864633714567,0.4838167601295777
1-0,1-0,0.00035532179852180014,0.4696122211971915,0.4901496638365095
1-0,1-0,0.000276944321075034,0.42515842073005683,0.5347316260057782
1-0,1-0,0.00025540719187688035,0.40072896803175573,0.5610806682586552
0-1,0-1,0.0002607823681706819,0.5750606473541626,0.3854687747380783
1/2-1/2,1-0,0.0003472176755926847,0.46617538962610844,0.4935067236318385
1-0,1-0,0.0003692522289828851,0.4374487599074661,0.5223947220502004
0-1,1-0,0.00029007139117528626,0.4316614832441175,0.5281016224412737
1-0,1-0,0.000357629932054565,0.4386750123015345,0.5210300431129374
0-1,0-1,0.00034048560444569105,0.6206497818841387,0.3386544841111736
0-1,1-0,0.0002493343940733552,0.42832441086935596,0.5315901847752915
0-1,1-0,0.0003773590441162051,0.41993613557141957,0.539894769944342
0-1,1-0,0.000302290286219769,0.4146436381493468,0.5453977195965899
0-1,1-0,0.0003300553888372294,0.45199442163240194,0.5077543754565731
0-1,1-0,0.0003076195758060366,0.4246897795642627,0.5353066512798994
1-0,1-0,0.00037654797699954065,0.4059457553785839,0.5538783150930964
1-0,1-0,0.0002974439584000136,0.47593298630270114,0.4838795197897182
0-1,1-0,0.0002935098808567388,0.4468833742640296,0.5131708104111304
1-0,1-0,0.000358398003502672,0.4466808109165599,0.5129669691319734
0-1,1-0,0.00029106264899611436,0.47229419890384644,0.4872446842092045
1-0,0-1,0.0002597013117169165,0.5326856814798487,0.4267359786900788
0-1,0-1,0.0003155215890197773,0.5195627300963579,0.4398975952042717
0-1,1-0,0.00033622992495490397,0.46602289990649853,0.4936887726236592
0-1,1-0,0.0003101456161622542,0.4676646835011496,0.49226985185931454
1-0,1-0,0.0002370743309340338,0.4384765182296527,0.5229868103614679
0-1,1-0,0.0002975213100127591,0.41976826963475583,0.5400889957116789
0-1,1-0,0.0003400742424570861,0.41894355897135066,0.5409485005003325
1-0,1-0,0.0003383402418977299,0.46330130742607695,0.4963650392736323
0-1,1-0,0.00036242239875804627,0.43621574194796775,0.5234001672692018
0-1,1-0,0.00024675128666326644,0.49994763175150164,0.4596349583048814
0-1,1-0,0.00034453022528440193,0.3901952085409653,0.5707999543540323
1-0,1-0,0.00025828482496515474,0.40560175241526114,0.5591587841276339
1-0,1-0,0.0002654604674650338,0.46379535746511047,0.49613465293661474
1-0,1-0,0.00030378696498349535,0.4691775063606801,0.49043067451841177
0-1,1-0,0.000349844656418838,0.4022092150500208,0.5575414139966867
0-1,1-0,0.00022984122928522207,0.43997572526070694,0.5197788114755293
0-1,1-0,0.0002902841055677026,0.42291587914482104,0.5368978279112938
1-0,1-0,0.0002464148086310519,0.4081334043896206,0.5517986109416841
1-0,1-0,0.0003111779507641573,0.42742774741651085,0.5325577831655951
0-1,1-0,0.00023375577455831754,0.4731415124091708,0.4865985439512068
1-0,1-0,0.00033634355354815487,0.4357060303040954,0.5240682659755594
0-1,1-0,0.00024402358017585525,0.44001611168310734,0.5198208634178194
1-0,1-0,0.00031995487809620307,0.4151157343527068,0.5448930415157572
0-1,1-0,0.00027486548152009995,0.485633088090708,0.4740254422899112
1-0,1-0,0.0003979176348717322,0.41410761067010116,0.5457533016017911
0-1,1-0,0.00034818540628565203,0.5107175049116763,0.448989670809897
1-0,1-0,0.000311941274057535,0.4274784836402506,0.5323853694701701
1-0,1-0,0.00033196228427114156,0.41801746689386654,0.5420169964584582
1-0,1-0,0.00032626512124945287,0.44664613189280944,0.5132279062726138
1-0,1-0,0.0002968315836383195,0.4740980003238992,0.4854235627937476
0-1,1-0,0.00022982234780148439,0.5004110739639817,0.45940782591031865
1-0,1-0,0.00025819435782743115,0.4972345426090614,0.46247427321027224
0-1,1-0,0.000286395323879441,0.4740827689544696,0.48547803030965075
0-1,1-0,0.00034771398686325966,0.4551260955793953,0.5046175937645131
0-1,1-0,0.00023600117740595042,0.43024187629813804,0.5296110920453683
0-1,1-0,0.0003306635177936289,0.4196921133430675,0.5400871402108322
0-1,1-0,0.0002504854204586609,0.4764900404295099,0.48319571844034126
0-1,1-0,0.0003667555694272106,0.4188957337619245,0.5410434689406342
0-1,1-0,0.0002587766016659033,0.45952826161384874,0.5004259685551357
0-1,1-0,0.00024475615555917085,0.4887752380616237,0.47087318083659885
1-0,1-0,0.0003289408023398479,0.42592662301021367,0.5339462356210902
1-0,1-0,0.0002370836007060616,0.42577222654807934,0.5349405836929118
1/2-1/2,1-0,0.00025901025119220213,0.40018686583940305,0.563637375782111
0-1,1-0,0.00023021591713035853,0.503825815084952,0.4561642198926753
1-0,1-0,0.00023488605878092293,0.4523635713337725,0.5074201796093744
0-1,1-0,0.00026469727727380704,0.4907428220810357,0.4688150389502178
1-0,1-0,0.00029723426998252343,0.48395497231636186,0.47556873491491497
1-0,1-0,0.0003121269270177937,0.4728749968603936,0.4866751481188607
0-1,0-1,0.0005392137025327096,0.7229036988419705,0.23633367051756518
1-0,0-1,0.0003067852505709917,0.5642098545620438,0.3874786119335585
1-0,1-0,0.00032172199865854753,0.41381111279423427,0.5461550084850266
0-1,1-0,0.00021974557948165098,0.4952182060621212,0.4720032610929947
1-0,1-0,0.00034902983486236164,0.45671412029232067,0.5030049125523304
1-0,1-0,0.000219691470489845,0.46716206681976924,0.49435876896903985
1-0,1-0,0.00035391557219419177,0.4177640230482856,0.5421958784726031
1-0,1-0,0.00026423325755332773,0.45186004610025815,0.507800724925116
0-1,1-0,0.0003866130228270384,0.4106230956274979,0.5494662487950062
1-0,1-0,0.00025130888010369007,0.39477248430909667,0.5681916558413281
1-0,1-0,0.00034752202808606446,0.40749523892399153,0.5522816565157359
1-0,1-0,0.0002433269174805824,0.41036126985927074,0.5495554656698711
1-0,1-0,0.00027404619208790544,0.4067023034151341,0.5533025303296477
0-1,1-0,0.00024398393574422876,0.4176286447000119,0.5442023966122753
0-1,0-1,0.00047553613434244454,0.5294275454333802,0.40929558074016215
1-0,0-1,0.0003253605629214137,0.5211394648741169,0.43864077969618337
0-1,0-1,0.0002555884204621035,0.5197401291747101,0.4400542611593247
0-1,1-0,0.00034085029030858383,0.4352050771423031,0.5245869219229297
1-0,1-0,0.00031054100072522214,0.4282222944534275,0.5317232566224038
0-1,1-0,0.0003925654669084583,0.44123657757110424,0.518305152557675
1-0,1-0,0.00023440649002784175,0.47911534474808615,0.4905472259925886
0-1,1-0,0.0003840386400541223,0.43871774719964496,0.5208296224245953
0-1,1-0,0.00039561087320196377,0.43679770375321464,0.5228241963341307
0-1,1-0,0.0003695078853965079,0.5055368161944935,0.4540683466837052
1/2-1/2,1-0,0.00033268361463003227,0.46178951327774265,0.4978184712807222
0-1,1-0,0.0002403401575991362,0.4326599215570165,0.5274981655317983
0-1,1-0,0.0002303268608599966,0.4368190337264504,0.5230158594289495
1-0,1-0,0.00031308358514730596,0.4368372037107653,0.5228624397562186
1-0,1-0,0.00035815468870638024,0.41276899914589493,0.5472148990502318
1/2-1/2,1-0,0.00022613982010929795,0.45613562311646877,0.5031014595607438
1-0,1-0,0.00028965106788997536,0.44985314071281773,0.5099857541481918
1-0,1-0,0.0003037872997866871,0.4346019218483814,0.5253627337267266
1-0,1-0,0.000275138776175983,0.42745960642164776,0.5325454491491585
1-0,1-0,0.00032132046778552033,0.42269059525842073,0.5369886494475028
1-0,1-0,0.0002792623504553706,0.41097386494739274,0.5490513563288972
0-1,1-0,0.0003509945266896048,0.4838297827430533,0.47586853334243795
1-0,1-0,0.0002425565666756981,0.47806393156052,0.48192012413572294
0-1,1-0,0.0002595906748103704,0.4134845863652844,0.5464830170195767
0-1,1-0,0.0003683074864109768,0.46492525123756884,0.49476692756289337
1-0,1-0,0.0003372731797395669,0.4488376315349642,0.5109044426342695
1-0,1-0,0.00026740166714548947,0.4751660841227655,0.48454398444732305
1-0,1-0,0.0002598933066178016,0.41818124294844516,0.541806193766027
0-1,1-0,0.00024783586670053655,0.3968755993063754,0.563877855403961
1-0,1-0,0.00025279042679981643,0.447101419847915,0.5127414741195603
1-0,1-0,0.00024932578969259425,0.4409376962084833,0.5191631393373755
1-0,1-0,0.00024755939888229254,0.4211284907026874,0.5387962273665006
0-1,1-0,0.0002507384687363729,0.42862681166075545,0.5384893312904843
1-0,1-0,0.0002657532542549665,0.4191131741211716,0.540769360732592
1-0,1-0,0.00027680053714636326,0.41465687781386945,0.5453567949592171
1-0,1-0,0.00024508077147369575,0.4855574447372874,0.4730259678944614
0-1,1-0,0.0002851844733785319,0.4492729720330201,0.5104601867045575
0-1,0-1,0.00025687191991505135,0.5492716069087714,0.40751693863219635
0-1,1-0,0.00037753955697370287,0.43822122547612086,0.5214007599369335
0-1,1-0,0.00036413424009810633,0.42954893856514687,0.5302220302152308
1-0,1-0,0.00025147668626570083,0.40760415456534876,0.5548526086889658
1-0,1-0,0.00034430461143482327,0.47968843690790613,0.48008211137736223
0-1,0-1,0.000357819232968187,0.5377325693156467,0.42197123470119413
0-1,1-0,0.00023177108116260355,0.4518241919449937,0.508033417475199
1-0,1-0,0.00021962670198841965,0.507326909271343,0.45417791064301427
1-0,1-0,0.0003464306859112577,0.43850826766055184,0.5211820727169917
1-0,0-1,0.00025297463566288555,0.5249230692084861,0.4348140072014268
0-1,0-1,0.0002753324036181684,0.5168305963044663,0.4371529922088187
1-0,1-0,0.0002995290370770886,0.4421621095819283,0.5175042998119451
1/2-1/2,1-0,0.000368518878291396,0.41924525726193956,0.5405551148097394
0-1,1-0,0.0003473001843141051,0.47416870084870755,0.4855103193943203
0-1,1-0,0.0003630769140231865,0.4147142136384609,0.5449613232029553
1-0,1-0,0.00028355798172799174,0.46075416325225926,0.4991810968832884
1-0,1-0,0.00029957290612357164,0.40389233887988024,0.5561762585513225
0-1,1-0,0.00025051922293923884,0.435468732989382,0.5250648820936453
0-1,1-0,0.000328664217057877,0.48174098612332533,0.47789969730084414
0-1,1-0,0.00038161988469969196,0.4181845551991966,0.5414720000626952
0-1,1-0,0.000342281357733528,0.4587987963331928,0.5008565447480067
0-1,1-0,0.00022815989280446184,0.4485823060565717,0.5114062298523304
0-1,1-0,0.00035532251670266756,0.42908892603984566,0.5308474002764222
1-0,1-0,0.00031809570981681243,0.45489488900407815,0.5047290705451865
1/2-1/2,1-0,0.00030650267936134084,0.480450793652608,0.4641494299833386
1-0,1-0,0.0002194792692089181,0.47128054554891985,0.492333849051541
0-1,0-1,0.0003506384054591134,0.5193446500527508,0.44030727982554974
1-0,1-0,0.00024684062270624547,0.41779204219215843,0.5421772588220359
1-0,1-0,0.00024005213304618473,0.420503974847537,0.5403002841250588
1-0,1-0,0.00037123807820449076,0.4317119626480446,0.5281592331531156
1-0,1-0,0.0004020768687477355,0.4239178508589561,0.5357119762352792
0-1,1-0,0.00032496844936922794,0.3989614645202646,0.5610747689447503
1-0,0-1,0.00035875262685785994,0.6024554677205988,0.3159656264147111
0-1,1-0,0.00024848229036938713,0.40530440125354084,0.5551779997619604
1-0,1-0,0.00024056510926295948,0.41960540696843124,0.541113873710741
0-1,1-0,0.0004053619701459319,0.43216386804147333,0.5274670721088666
0-1,1-0,0.00028854609551343374,0.4389157766020143,0.5212452318746809
1-0,1-0,0.00027095020090564114,0.43844713345297376,0.5215241779275346
0-1,1-0,0.00024292821393547242,0.4153411715526587,0.5453973375379327
0-1,1-0,0.00024224507962702425,0.4001660991231852,0.5587303117558985
1-0,1-0,0.000313305709054353,0.44464452255671805,0.5149838550981015
1-0,1-0,0.00034097873077956016,0.44101797139041327,0.5187157188663091
0-1,1-0,0.00033814153245839533,0.43113262596233815,0.5287970394010271
0-1,1-0,0.00035260839381297195,0.45681761154424927,0.5029942775250659
1/2-1/2,0-1,0.0007243924365304096,0.49601528290978647,0.4278436872715506
0-1,1-0,0.0003770493054644596,0.45556373384480225,0.504079784303807
1-0,1-0,0.00023299275899583461,0.4268803584562147,0.5333188433368472
0-1,1-0,0.0003604563429586166,0.46277059931772263,0.49690827215346334
1-0,1-0,0.00032077813982179376,0.45068903630886503,0.509144341480417
1-0,1-0,0.00037350244005803613,0.4056396076034885,0.554951956310212
1-0,1-0,0.0002931007514093959,0.49118184458291037,0.468300832347574
1-0,1-0,0.00023155955160977714,0.4799939743380575,0.47988427289845237
1-0,1-0,0.0003419351076037209,0.45755056025766433,0.5021571063858512
0-1,1-0,0.0002455958632515396,0.4114542607835113,0.5494309816815733
0-1,1-0,0.000303388117675787,0.43593873875847466,0.5240567085342505
0-1,1-0,0.00028477534102365487,0.4809988544934495,0.478624408969823
1-0,1-0,0.00033083154665794614,0.4379297405667478,0.5217623951236668
0-1,1-0,0.0003662101341675428,0.3634784562414341,0.5960238835652503
0-1,1-0,0.00040664374023008517,0.42011765886987906,0.5394895018773176
0-1,1-0,0.0003348110132969627,0.391484542530691,0.5686179097975192
1-0,1-0,0.0002734052788308071,0.40811319876170515,0.5518570819000377
1-0,1-0,0.0002862946208735944,0.4113635046297903,0.5486582961585705
1-0,1-0,0.0003918092317832373,0.4452287749923472,0.5143671743319895
1/2-1/2,1-0,0.00023596742174935935,0.4306960040971355,0.5291102516321621
1-0,1-0,0.0003939909267728313,0.44082745929634565,0.5188702602781197
1-0,1-0,0.0003324472053047946,0.4743386389654813,0.48527013869271607
0-1,1-0,0.00035519089074935196,0.3748456941038713,0.5849857931479308
0-1,1-0,0.0002320760220704589,0.4357325421768713,0.5242668233120732
1-0,1-0,0.00024476498089364925,0.4617076742252665,0.4980525687169854
1-0,1-0,0.0002872561036893991,0.4564138367904801,0.5031653752129701
1-0,1-0,0.00034037116137843043,0.4753175911050119,0.4844009966614526
1-0,1-0,0.00038246373799752663,0.39256998182069575,0.5673849466072204
0-1,1-0,0.00027303305269870656,0.4635637421189195,0.49641936381760365
0-1,1-0,0.0002975258787237979,0.458295652708833,0.5016007193505005
1/2-1/2,1-0,0.0002856922995156145,0.4435957675798829,0.5161883859991213
0-1,1-0,0.00036751543103072447,0.4411591041231912,0.5186493558006549
0-1,1-0,0.00026850503606038844,0.4405923526670089,0.5191331746664974
1-0,1-0,0.0002521054062494101,0.4368533203778003,0.5230901477703555
1/2-1/2,0-1,0.0002906075921944646,0.5392650505599419,0.4200572082682638
1-0,1-0,0.0002998962856881483,0.4243560423753428,0.5353950162703559
1-0,1-0,0.00039261680645325816,0.40925235122762615,0.550765541771246
1-0,1-0,0.0003997196201442732,0.4403973767709246,0.5191442134379483
1-0,1-0,0.0002448166898151927,0.4484997403772999,0.5114366832714207
1-0,1-0,0.00034842829976777795,0.42263291035874967,0.5371949153438237
1-0,1-0,0.0003814301738535488,0.4305559424844562,0.529334645113819
1-0,1-0,0.0002497101643352716,0.4068630429102007,0.5542089808374006
1-0,1-0,0.00025685451887981573,0.47463754322256424,0.48532581827919147
0-1,1-0,0.0003576821351117378,0.4183544950460491,0.5418016826947608
0-1,1-0,0.00025185921762914084,0.4116469531545772,0.5482881961102606
0-1,1-0,0.00037077079444383155,0.43007991728471195,0.5295942386842366
0-1,0-1,0.0003101652817531333,0.5918387115893256,0.3671449096484286
0-1,1-0,0.0002860592602287509,0.4860577108857619,0.4734514591125619
1-0,1-0,0.00040377574982430154,0.40957385799271523,0.5503992986190089
1-0,1-0,0.00024877147818229504,0.43440812182119104,0.5254128212612978
1-0,1-0,0.0003182395823334868,0.4942491592747032,0.4653059899523037
1-0,1-0,0.00034206893513567837,0.4570273854229916,0.502639866296924
0-1,1-0,0.00023849651849339987,0.4416250134932356,0.5228043591977536
1-0,1-0,0.0003484927165247298,0.45317218885702676,0.5065307081623126
0-1,1-0,0.00030940196116430586,0.40832078685839956,0.5323570619104783
1/2-1/2,1-0,0.0002570865830450744,0.46171489635418517,0.49746704721886664
1-0,1-0,0.0002931612133364839,0.5082135125152041,0.4442054643115021
0-1,1-0,0.00037176360403013943,0.47016881146944056,0.48952094567503096
0-1,1-0,0.00023389283633402686,0.47817672316609466,0.4816882538011297
1-0,1-0,0.0002551115852568596,0.5113848433275936,0.44823371743113033
1-0,1-0,0.0002431497962771118,0.40919660262677443,0.5510466625542746
0-1,1-0,0.00024524278910881324,0.43252183852058257,0.5273342622751558
0-1,1-0,0.00030464636911935655,0.4765960960095556,0.4830219631893936
0-1,1-0,0.0002438975694186823,0.48405987422410535,0.47608599795787676
