y_true,y_pred,prob_1-0,prob_0-1,prob_1/2-1/2
1-0,1-0,0.0002458489403930772,0.4372862236958486,0.5252758645363474
1-0,1-0,0.0002430467639934864,0.4329744374332209,0.5317884153383778
1-0,1-0,0.0003187864432091379,0.43664255653597167,0.524862345693207
1-0,1-0,0.00036704445770306796,0.4281569403195033,0.5367767816525472
1/2-1/2,1-0,0.0007561367597560323,0.469358217291378,0.45790597510108744
1-0,1-0,0.0002454713956629028,0.48255258309334287,0.47945978937839945
0-1,0-1,0.0002504059454716551,0.5468884918170868,0.41629970918741405
1-0,1-0,0.00022572245056614408,0.4603544139491422,0.5025526299914406
1-0,1-0,0.00031376296265891106,0.438130866630763,0.5265890746196392
0-1,1-0,0.00027559540075575877,0.4384502808902875,0.5261082778043926
0-1,1-0,0.0003207058028451255,0.43581603698611215,0.5280987545644763
0-1,1-0,0.0004928770775027095,0.43234772202777105,0.4259070761160833
1-0,1-0,0.00026496669806067334,0.46357799808910044,0.5003699875053172
1/2-1/2,1-0,0.00033178383779112076,0.44416000839125513,0.5170447062220431
0-1,1-0,0.00037219175803039715,0.43899685310000475,0.5240980587586307
0-1,1-0,0.00028633425524013666,0.483374623810977,0.4778960529907464
0-1,1-0,0.00035141913227112244,0.4316795775375882,0.5331990861773409
0-1,0-1,0.0003032194076153518,0.5343825052844233,0.427182514783139
1-0,1-0,0.00027214123984578255,0.43016364455696054,0.5314452424755434
1-0,1-0,0.00023855183185309567,0.4626139310842603,0.4987438107645059
0-1,1-0,0.00032674641787680395,0.4339527762880767,0.5273947535485703
0-1,1-0,0.00034419456410686786,0.4287132775491432,0.5349351681623898
0-1,1-0,0.0002644121336916562,0.5089172971607713,0.452937079222636
0-1,1-0,0.0002974779464708852,0.48755466023169713,0.47358374756960336
0-1,1-0,0.00032175261558229295,0.4251196104354612,0.5363046824660139
0-1,1-0,0.00035567273421870647,0.43007064209119683,0.5348364143884233
1-0,1-0,0.00036060687374291577,0.4397276178426543,0.5225327331529146
0-1,1-0,0.00034732081338231986,0.4397661916734198,0.5206067893864347
0-1,1-0,0.00038792331605778946,0.42994261262289296,0.5348068867180534
1-0,1-0,0.00029267445229579097,0.42601640715486205,0.5357579707187391
1-0,0-1,0.0002961610619674773,0.5305711970628966,0.43075820445363405
1-0,1-0,0.0003244452163616499,0.4424215716267076,0.518810474278395
1-0,1-0,0.00022161277446147034,0.4814267580410027,0.48542657083115137
0-1,0-1,0.0002322405677999865,0.5149744801430843,0.4471131663629621
0-1,1-0,0.0003258434708195448,0.42740435307110886,0.5338316437704869
0-1,0-1,0.00026635471312939517,0.5211530574225319,0.44280926157164635
0-1,1-0,0.00026759780749676667,0.4479799540066152,0.5156536473629613
1-0,1-0,0.0002561075352169614,0.4069764718711322,0.5579562522444735
1-0,1-0,0.0002467927134538217,0.4454806400012301,0.5178129455595525
0-1,1-0,0.00024098960059444876,0.4438379167284749,0.5247766230311228
0-1,1-0,0.0002953494949787772,0.42827536769980296,0.5362591261158535
1-0,1-0,0.00025081814897260187,0.4310447143078315,0.5308758799183197
0-1,1-0,0.0003400484212145825,0.4340689082686509,0.5273128770149977
0-1,1-0,0.0002552532072336533,0.4453017108077433,0.5159851391714646
0-1,1-0,0.0003235270789696611,0.4804152233846156,0.4806810738287858
1-0,1-0,0.0002881296942858794,0.48497151252806886,0.47637877344197194
1-0,1-0,0.00026029934356549595,0.4382070327830753,0.5257518415854832
1-0,1-0,0.0003462639664720567,0.453109045323444,0.5083237951153994
0-1,1-0,0.00023155657652220704,0.43110621988845943,0.5266363777975007
1-0,1-0,0.0003295250439246779,0.4265421958470362,0.5367182322322338
1-0,1-0,0.00025290636852587774,0.4153261423649506,0.5509647418290975
0-1,1-0,0.00037918167361268275,0.43304011996622566,0.5303457746912155
0-1,1-0,0.0002642872610999016,0.45028686426879155,0.5127129891443556
1-0,1-0,0.0002468061387140073,0.49955639443742594,0.4615436373857552
0-1,1-0,0.00033542528108003304,0.4614195052414676,0.5000811775330073
1-0,1-0,0.00026641871973289463,0.45788901725453174,0.506153662083621
1/2-1/2,1-0,0.0002671008100401933,0.4912319145479898,0.470514723625834
1-0,0-1,0.00025731672773648647,0.5137119358909833,0.4477779026903365
0-1,1-0,0.0003595401360067478,0.42920111521643345,0.5356945204095157
1-0,1-0,0.00027254417635187207,0.43119630014253485,0.5327439193037007
0-1,1-0,0.0003151996358318197,0.4721817153320526,0.491696170697154
0-1,1-0,0.000352518812478984,0.43057386497817673,0.5329853480463631
0-1,1-0,0.0003551780364095838,0.44581381335442394,0.5160054101618968
0-1,1-0,0.00030782708265194626,0.4643292370923416,0.4974324211921446
0-1,1-0,0.00032619847865726447,0.4604778586768547,0.5006318327980566
1-0,1-0,0.00023175179468067742,0.46006213228094817,0.5013554822901071
0-1,1-0,0.0003053762057105673,0.436605135448891,0.5284335422217648
1-0,1-0,0.0002452900463578687,0.4205270577930619,0.5409533528103917
1-0,0-1,0.00024447456628315134,0.514330639808678,0.44744827833869316
1-0,1-0,0.00024191916807077293,0.5064924866827372,0.45602817916576965
1-0,1-0,0.00022841440373388397,0.4541809489544557,0.5074270226585785
1-0,1-0,0.00029772657809089227,0.4404821311456092,0.5226299219025019
0-1,1-0,0.0002963898246827131,0.43828129182855374,0.5244920663046764
1-0,1-0,0.0002596740721391432,0.4509656725783584,0.5135685491018978
0-1,1-0,0.000220880869328542,0.47362923029398685,0.490294497272453
1-0,1-0,0.0003244067266214196,0.4069355964439148,0.5571288857758993
1-0,1-0,0.00037005943958267853,0.4361238176187407,0.5271094992766282
0-1,1-0,0.00034944312724290275,0.4370155197106083,0.52438475282428
0-1,1-0,0.00026101315662770537,0.4374575475210361,0.5244701502270761
1-0,1-0,0.00024268512775087777,0.5041449180994103,0.4573155868575011
1-0,0-1,0.00027529148325277665,0.5346787785690245,0.4268221840155309
0-1,1-0,0.0003282401969969045,0.4595017813129211,0.5016323244331397
0-1,1-0,0.00037136037391377033,0.4312539565396526,0.5334502707845608
1-0,1-0,0.00032552794139256795,0.43925149141330305,0.5221921980212658
0-1,1-0,0.00038040752905592383,0.4284467259185952,0.5364244429216397
0-1,0-1,0.00023471602582960285,0.5147285113319053,0.4466700414653761
0-1,1-0,0.00024516428115890787,0.508864709284281,0.4536548770547543
0-1,1-0,0.00034561397607651056,0.4393552313734401,0.5224292910809101
1-0,1-0,0.00023343976852871856,0.4537074437502238,0.5076640440951029
0-1,1-0,0.0003065834661420546,0.4717482966617691,0.4900458363783137
1-0,1-0,0.0003157226510063887,0.4690114998594972,0.4921765875051708
1-0,1-0,0.00024285024361541286,0.4497463195688505,0.5134168105870052
1-0,1-0,0.0002879770956191967,0.4986372696628174,0.4625726750107781
1-0,1-0,0.0003064441951119418,0.441632103311766,0.5233602181913929
0-1,1-0,0.00022270942814267311,0.4683529912631104,0.4944237634303548
1-0,1-0,0.0002502516340468901,0.4590871724835188,0.5052322643032812
0-1,1-0,0.00029381573639377143,0.46267792467889557,0.5001934814130408
0-1,1-0,0.0003865255415022088,0.4294155585863279,0.5351729749901071
0-1,1-0,0.00030272485882736994,0.4390493187810799,0.5223643659018659
1-0,1-0,0.0002967684314108559,0.41726645179822336,0.5469434271366352
0-1,0-1,0.00039774961099267147,0.6889249673246503,0.27275085292980317
0-1,1-0,0.0002956868936764548,0.5127032568732958,0.4515532463121238
0-1,0-1,0.000309394365197543,0.5397651863782092,0.4214982134042829
0-1,1-0,0.00028662967900860785,0.49768704341773745,0.4651775534648561
0-1,1-0,0.0003545762255695684,0.44154540010162363,0.5196684193425065
1-0,1-0,0.0003822946155921259,0.4318740623797135,0.5321903536791466
0-1,1-0,0.0003686542152768727,0.43588341969975253,0.5286360045806643
1-0,1-0,0.00026827548128546873,0.49889069829545324,0.46252388663078225
0-1,1-0,0.00026509555593269145,0.42665226513207566,0.5368875698832583
0-1,1-0,0.0003811256340671569,0.4158938040141536,0.55099977393413
0-1,1-0,0.001000567290272173,0.007981584255795171,0.04179913103361319
0-1,1-0,0.00030360362869014205,0.48172992747299853,0.4814345725137465
1-0,1-0,0.0002791567680365448,0.49938261806328793,0.4629251255067893
0-1,1-0,0.0003425799275079154,0.43240174798268816,0.5288645234671278
1-0,1-0,0.0002922976099217876,0.4584250681016838,0.5068247265278899
0-1,1-0,0.00025809531050927277,0.4655469794481779,0.4881351375119486
1-0,1-0,0.00026633225601900833,0.5069721368198444,0.4562295905840917
1-0,1-0,0.00034320140849086305,0.4347614240922081,0.5273343565665226
0-1,1-0,0.00022218603435930008,0.48615190139370046,0.47554119764114766
1-0,0-1,0.00027189387859382193,0.532874102265308,0.42817003302825646
1-0,1-0,0.0002477214351770412,0.4172876821871642,0.544193840666949
1-0,0-1,0.000304641507315306,0.5123385690646245,0.44874494463808445
0-1,1-0,0.00028339348464296167,0.48520792401883267,0.47688637814133433
0-1,0-1,0.00024155776708723002,0.520573746096049,0.44116181930621223
1-0,1-0,0.00038010386344561873,0.4347436534283944,0.5294562401559834
1/2-1/2,1-0,0.0002685283891668643,0.43068513941717407,0.5328309313836637
0-1,0-1,0.00026511149858839583,0.5327382837148358,0.42977627437836513
1-0,1-0,0.00024193491767162865,0.5053144154539746,0.45731476637765384
1-0,1-0,0.0002855846768750852,0.4234316664039316,0.5405848953917746
0-1,1-0,0.00026616988050227793,0.4771050458499423,0.4866408490351182
0-1,1-0,0.0002675694235616109,0.4842583067749066,0.4788150907278998
0-1,1-0,0.0003508685049887301,0.4471938177387528,0.5167877994875011
1-0,1-0,0.0002598098208743926,0.4297424126567855,0.5330076425526867
0-1,1-0,0.00024341221429516788,0.4256821360504481,0.5369912290945185
1-0,1-0,0.0002676845802053709,0.40638896548051895,0.5566310297233908
0-1,1-0,0.00031878602359113815,0.4485322727658978,0.5131127301707119
0-1,1-0,0.00031948739508192667,0.46198930745270134,0.5010110378531047
1-0,1-0,0.00033490991203650474,0.4655019519670035,0.4958395306249409
0-1,1-0,0.0002907427339362592,0.48131047856276055,0.48161368574447244
1-0,1-0,0.00029209129122138394,0.41521119146079927,0.5468146755311863
0-1,1-0,0.00023752358408505716,0.4319247902164755,0.5295372702012882
1-0,1-0,0.00023169908084685604,0.4361991038470968,0.5259710427501906
0-1,1-0,0.00025489322331181285,0.4561930023671635,0.5050118393305016
0-1,1-0,0.0003682008086636633,0.4350159027571048,0.5273426280661935
1-0,1-0,0.0003425799654009443,0.4462168652766549,0.5155125312100277
1-0,1-0,0.0003390513301165477,0.4285184299033637,0.5324942101673361
0-1,1-0,0.0002710251392007679,0.4361547948130659,0.5195179104828263
0-1,1-0,0.00023916864818545333,0.41993798527090787,0.542168260959357
1-0,1-0,0.00032417691052791936,0.4418480822139716,0.5193806839130103
0-1,1-0,0.00025146131903361417,0.41740913164458376,0.5463280628956028
1-0,1-0,0.0003004176083345907,0.4776051979144985,0.484233020024895
1-0,1-0,0.00034492572469856754,0.44362682071193543,0.5176127334459865
1-0,1-0,0.00034954886302272325,0.43753165861092125,0.5236960699404146
1-0,1-0,0.0003327730363647929,0.4388980121380731,0.522293695986859
1-0,1-0,0.0003608384342695032,0.4354690704295374,0.5271413108522188
0-1,1-0,0.0002779701078365277,0.4561172692954246,0.5056580606264895
1-0,1-0,0.00024374544212894884,0.48277252551286765,0.47983799014896156
0-1,1-0,0.00028152392743442965,0.4921264781610579,0.47054651488725535
0-1,1-0,0.00036493853494088573,0.42822114784456583,0.5339692827507618
0-1,1-0,0.0002445728753904345,0.477314905547938,0.46985286370651885
0-1,1-0,0.0003638612448462922,0.4381870187611357,0.5240418344590572
1-0,1-0,0.0003012494225696402,0.44585880198880024,0.5161526676891474
0-1,1-0,0.0003031323273933359,0.4682909506439413,0.4937173483280449
0-1,1-0,0.00023765547556092018,0.4683217520558624,0.4947304234172267
1-0,1-0,0.0002580899116811246,0.4116192432748874,0.553409910967015
1-0,1-0,0.00034420647505624267,0.4324821291314011,0.5294105755293167
1-0,1-0,0.00025110566556412205,0.45913815303091526,0.5034424633264099
1-0,1-0,0.0003812472139675514,0.41690038620149816,0.5464198582999159
0-1,1-0,0.00025141093731179847,0.43660508278001386,0.5265116391677426
0-1,1-0,0.00022426521516313405,0.47487411907289173,0.48746484542990204
0-1,1-0,0.00022937934593219637,0.4541868600120059,0.5098185151688516
1-0,1-0,0.000374728054173866,0.4363804372466683,0.5277004140177431
0-1,1-0,0.00036206976069455007,0.4465850185082658,0.5174355022562236
0-1,1-0,0.0002538088089302741,0.473287248720757,0.48810350396684804
1-0,1-0,0.000272462264081101,0.4585971802784077,0.5044763533085063
1-0,1-0,0.0003454808583773603,0.42304981353868654,0.5432505018582318
1-0,1-0,0.0003259308214544262,0.42981394119232147,0.5313849669495075
1-0,1-0,0.0002551609091074997,0.3856761490350746,0.5751665813910177
0-1,1-0,0.00037337627725646987,0.44392810440837155,0.520274284922774
0-1,1-0,0.0003087685949097308,0.4309544163282075,0.5317331295618188
0-1,1-0,0.0002897094030128843,0.4952110833312316,0.4662930467582243
0-1,1-0,0.00027625023993306687,0.5056864970200243,0.45540899140983976
0-1,1-0,0.0003217867160908192,0.4675739639159541,0.49405294675358014
0-1,1-0,0.0002448527692410883,0.4416172311886066,0.5205913695661666
0-1,0-1,0.00025662237142297465,0.5309530425984312,0.4311333424105098
1-0,1-0,0.0003274429652956998,0.4492662198105987,0.513342138559334
1-0,0-1,0.00023847947846457898,0.5309897789050306,0.4319621836842804
1/2-1/2,1-0,0.00023543458488175132,0.47051876608267174,0.4999470813963879
1-0,1-0,0.00038968538568443536,0.42398571082072106,0.5408760554515953
0-1,1-0,0.0002867264708926029,0.47728368084338674,0.48554851919209346
0-1,1-0,0.0002217917198287842,0.4740255708663669,0.48915289705950704
0-1,1-0,0.0003103671183039202,0.48476123931763854,0.47662510059698937
1-0,1-0,0.0003544318900945015,0.4392325015106013,0.522190600432784
0-1,1-0,0.0002585540216161566,0.45440874555753913,0.5068346777018484
0-1,1-0,0.00036336751921618336,0.43959849448738775,0.5224994381695556
0-1,1-0,0.00022802983799361673,0.47230702270335534,0.4891798748552805
1-0,1-0,0.0003109996869001217,0.40606995253566597,0.5542705960311284
0-1,1-0,0.00032931072333368367,0.41348394740338323,0.5502683359582903
0-1,1-0,0.0003693759291680837,0.3963064901774305,0.5650754652448612
1-0,1-0,0.0003013158067319024,0.4787763997679642,0.4823115435407639
0-1,1-0,0.0003638133749748345,0.42999622602843723,0.5349179942033221
1-0,1-0,0.00032864346406723916,0.43433788600308404,0.5269961051110386
0-1,1-0,0.0003576733758547311,0.45498669054799173,0.5091775999032124
0-1,1-0,0.00034273161534927916,0.4532870347559929,0.5086363715756087
0-1,1-0,0.0003423423208785333,0.43598777219904833,0.5286674763698574
1-0,1-0,0.00024851807826107013,0.46499626604172906,0.4972795732787086
0-1,1-0,0.0002386989750475,0.42673827734323344,0.5350202920277568
1-0,1-0,0.0002674292972701696,0.43348059320977617,0.5294481920874454
0-1,1-0,0.00027434324622346856,0.4909872226719663,0.47029676591947395
1-0,1-0,0.00030524031919549786,0.47759778456726587,0.48349335133409754
0-1,1-0,0.00027786928049233545,0.44927201469409767,0.5154356890136743
1-0,1-0,0.0003423651836196189,0.41842116166348714,0.5428264548081897
1-0,1-0,0.0003431140461253988,0.4164159338766309,0.5479413859145043
0-1,1-0,0.0002610603861172161,0.5044403563758616,0.45824014069771646
1-0,1-0,0.00047030967579824676,0.44441094302863393,0.49357486115001614
0-1,1-0,0.00023790926846701434,0.46120583613517446,0.5016444298731403
0-1,1-0,0.00025643682995120956,0.4202939710039579,0.5425820441444156
1-0,1-0,0.0003541704870302483,0.418258902697185,0.5467517748591927
1-0,1-0,0.0003726854444093558,0.42935458004880245,0.5350361029901581
1-0,1-0,0.00025564082847989174,0.4277072506509114,0.5424903270648782
0-1,1-0,0.00024768264502032653,0.4571236353185239,0.5045382384448145
0-1,1-0,0.0002860393512178378,0.5021863685111597,0.4596875185020641
1-0,1-0,0.0002724719588547504,0.45536562053198937,0.5072941905533909
1-0,1-0,0.00021790655564887172,0.486835950329647,0.47641977389101114
0-1,1-0,0.0003311780665455332,0.4473109933677851,0.5145505058985811
1-0,1-0,0.00030598313363300415,0.44897659346597585,0.5129082215611255
1-0,1-0,0.00028687850183405214,0.4903170981872147,0.4707198761769051
0-1,0-1,0.0002424542492505621,0.5681158068451582,0.39588839654777086
0-1,1-0,0.00037702083504112077,0.42987224065860674,0.5330299300581061
0-1,1-0,0.00024107374040708256,0.4920662252682631,0.47030214004391124
1-0,1-0,0.00037089314955550943,0.40233420657125374,0.5612338573358799
1-0,0-1,0.00023036390007437154,0.5427217997132415,0.4191528342666174
1-0,1-0,0.0002530295693493616,0.4074523532332565,0.5563230772481454
1/2-1/2,1-0,0.0002579298909322411,0.46634466462042645,0.4964594215462477
1-0,1-0,0.00032834884612994596,0.4898316092944786,0.47154049727510267
1/2-1/2,1-0,0.00023973735917164928,0.4965637355875514,0.46593488124837606
1-0,1-0,0.0002883175353817785,0.46230719382885777,0.49986943081567237
1-0,1-0,0.00028972764914639683,0.4252789791041869,0.5391645462940652
0-1,1-0,0.00037663644528311454,0.44129327760263404,0.5229049736297972
1-0,1-0,0.00024289533611799484,0.4396366938865566,0.522266686336115
0-1,1-0,0.00037264497198170345,0.4388522574012061,0.5247511259917885
0-1,1-0,0.00026990608396909544,0.44012584393813514,0.5180969616188317
1-0,1-0,0.0002626728552528716,0.4774325438982241,0.4859495489965163
0-1,1-0,0.0007671621782109703,0.41323957545588536,0.5107400992283727
1-0,1-0,0.0002966217998670279,0.4338427459658814,0.5309319387923103
0-1,1-0,0.0003386587133369165,0.4618377694487692,0.49973976883124843
0-1,1-0,0.0002538082958814117,0.48302410222235154,0.478647025150035
1-0,1-0,0.00027635449144696773,0.4673159393618281,0.49597852695412326
1-0,1-0,0.000293911729437923,0.4309330970257669,0.5314245426549516
0-1,1-0,0.00045058810332791006,0.4475275843202023,0.48204331440980364
0-1,1-0,0.00022221922549115305,0.497332533736213,0.4656208004598562
1-0,1-0,0.00024049843846747,0.43765062679770655,0.5241274938157238
1-0,1-0,0.00023837427173192604,0.42718915786506007,0.5343278560341485
1-0,1-0,0.0003355894842488499,0.4532061292507322,0.5081716079589151
0-1,1-0,0.00022354259117021266,0.470816190592952,0.4920389932841282
0-1,1-0,0.0003140013657089,0.442684956354791,0.5210423867569223
0-1,1-0,0.00038497893247004607,0.42867756684044567,0.5360901088867055
1-0,1-0,0.0002681624348717855,0.47527260881326133,0.4887662583071144
1-0,1-0,0.0003061216128868821,0.49168109328748355,0.4694482870560799
0-1,1-0,0.00022477096954408684,0.48301286958195655,0.48096469280526744
1-0,1-0,0.00027322497363796477,0.4579190690369042,0.5048360972920096
1-0,1-0,0.0002457395473767927,0.4782699244236889,0.48370747801073183
1-0,1-0,0.00040096200373966704,0.4262859582131213,0.5072475879051452
1-0,1-0,0.0003010313124723018,0.44910650379118106,0.5155535180818684
0-1,0-1,0.0002355335904731085,0.527131554285979,0.43444710874633236
0-1,1-0,0.00024861288010532233,0.5099022701369638,0.4511486282153051
0-1,1-0,0.0003366570049084379,0.47239578908795427,0.48907021295068837
1-0,1-0,0.00023488379199216518,0.4933808642420896,0.46866856336169116
0-1,1-0,0.0003269861388257736,0.4322362230839638,0.5326645055743334
1/2-1/2,1-0,0.00032157488675644386,0.4516720690601409,0.5094926507358338
1-0,1-0,0.00036467251307189055,0.4251824776282373,0.5363721862008739
0-1,1-0,0.0003613278053027221,0.4507185930579795,0.5135441605149449
0-1,1-0,0.00022768421933747505,0.49139413478950034,0.469878033908729
1-0,0-1,0.00025002906223146675,0.5359436507324481,0.4267674330928642
0-1,1-0,0.000387606848870544,0.41475238713202867,0.5479874386228238
1-0,1-0,0.00032687477700692847,0.4453657434985365,0.5227124684149399
1-0,1-0,0.0003670698660871148,0.4411904895586142,0.5233273287363627
1-0,1-0,0.000362788253941515,0.4185654353394447,0.5465600051332401
1-0,1-0,0.0003930148022455532,0.41186136010615776,0.552570337824239
1-0,1-0,0.00034668344149832165,0.44232279011316494,0.5192086860158394
1-0,1-0,0.0006373143341091464,0.4441119689165227,0.4859844459062187
1-0,1-0,0.00033713385545248255,0.4353503056794394,0.5265750798845487
1-0,1-0,0.000299982111574203,0.47308776811872577,0.4895792852677377
1-0,1-0,0.0002777249464701842,0.49097844028514953,0.47023431860039483
0-1,1-0,0.00024917034731554416,0.43223973385365266,0.5386070401289849
0-1,1-0,0.00024954295224487334,0.47015161043753245,0.4924621008145494
0-1,1-0,0.00024329246607481198,0.4628902021052865,0.487752888893863
1-0,1-0,0.0002481435525750088,0.43925123735692045,0.5311770783127825
0-1,1-0,0.00027397425942543775,0.451939173706577,0.47014621991516947
0-1,1-0,0.00031875902840230986,0.42582188213016964,0.5387335508289312
0-1,1-0,0.0002335711497521771,0.45402150495288374,0.5113023934110719
0-1,1-0,0.0002871345570715481,0.4608308943661464,0.5022151104902812
1-0,1-0,0.0003188075548903955,0.4798375990735213,0.48122488114188267
0-1,1-0,0.0003129665255566394,0.43965326497986695,0.5216313457756799
0-1,0-1,0.00023433850232733552,0.5264423218665697,0.4347571432928721
1-0,1-0,0.00029879396057838745,0.48929648712347057,0.47174032293812135
1-0,0-1,0.0002628209942271535,0.5129528218658007,0.4493909312650934
0-1,1-0,0.00031763616369488793,0.4839988051154919,0.4770595206598864
0-1,1-0,0.0003761893707774226,0.4325690572728217,0.531368731444908
1-0,1-0,0.0003800290170357431,0.4354990248819928,0.5288845272181029
0-1,1-0,0.0002895967454314786,0.453215764329232,0.4996820995212898
1/2-1/2,1-0,0.0002989607528624945,0.42615662149931005,0.5368623755897718
1-0,1-0,0.00030896540950820807,0.4903931648057154,0.47224315840941067
0-1,1-0,0.00026555288085462785,0.4436527527734699,0.5192518824229061
1/2-1/2,1-0,0.0002338610065586713,0.4362730841118804,0.5251735223979894
0-1,1-0,0.00023174372151908265,0.483331321010223,0.477886755960601
0-1,1-0,0.00032535233338804514,0.4264727137776508,0.5383390987402601
1-0,1-0,0.000295467064507371,0.4313712968711664,0.5330240431803563
1-0,1-0,0.00025794729812629277,0.44089044315261144,0.5226845001131321
1-0,1-0,0.00023633551713652263,0.454451905428852,0.5043120070816562
0-1,1-0,0.0002490382717764247,0.48221403917809386,0.48026936657182845
0-1,1-0,0.0003708608433093939,0.43865615629570903,0.5248015686576551
1-0,1-0,0.00023367418307289643,0.44642270240234977,0.5151561438227404
0-1,1-0,0.0003675006429649169,0.4317875373556122,0.5303773315424596
0-1,1-0,0.00022445863956377046,0.48512638546509523,0.47675019050417655
0-1,1-0,0.0002848693459410778,0.44010626631816496,0.5245691100937094
0-1,1-0,0.0002957982361566713,0.43492085561666066,0.5293833691611401
0-1,1-0,0.000358623624592194,0.4488558818085004,0.5148989444789823
0-1,1-0,0.00023488898345519273,0.5084298551135499,0.45274662008052485
0-1,1-0,0.0002469017848342211,0.4925452321913357,0.4723245607142982
0-1,1-0,0.0002920120929013729,0.44160510742977915,0.5199999836693784
1-0,1-0,0.00024918711347022394,0.47343005227242685,0.4892341178608068
0-1,1-0,0.00027148294666383367,0.4112475288035691,0.555837977379931
1-0,1-0,0.0003676507652423088,0.4203303239037934,0.5437405906552211
1-0,1-0,0.0002944198832437399,0.48204895988076646,0.47957933861115654
1-0,1-0,0.0003321849886239009,0.47495605304652994,0.48618654234847153
0-1,1-0,0.00032077576583687745,0.44457244816298214,0.5189008340002229
1/2-1/2,1-0,0.00031228577294274164,0.4173730348462294,0.5165591847211052
1-0,1-0,0.00024177434164247616,0.5058850123891581,0.45547512744166063
0-1,1-0,0.00029239095929461977,0.43174839202561904,0.5295637140981204
0-1,1-0,0.00032186151770741524,0.44400072226955284,0.5175356015837904
1-0,1-0,0.0002849736153452842,0.43523881930308755,0.5260325741207561
1-0,1-0,0.00030174611724087346,0.447440453701606,0.5142841303327874
1-0,1-0,0.00024702611220787723,0.47791794839234325,0.4841022074795381
0-1,1-0,0.00022194978390159716,0.4747497759531601,0.4885614828590404
1-0,1-0,0.0002999819246417899,0.4336098208837949,0.5289876030067179
1-0,1-0,0.0002392750361096847,0.42939020663593896,0.5335988771416643
1/2-1/2,1-0,0.00034589510921829606,0.44763407886302775,0.5136189208918299
0-1,1-0,0.00022413460050769532,0.46948703836488,0.4921708719008182
1-0,1-0,0.00034624383321423094,0.41698107963235054,0.5473377149415192
1-0,1-0,0.00022754226481220302,0.4903314019309844,0.47928990492964274
0-1,1-0,0.00023903219698754414,0.45011657202102623,0.5123223970469445
0-1,1-0,0.000249408194859903,0.4533859584871706,0.5101654587658764
1-0,1-0,0.0003529268916384616,0.4281360348372941,0.5333521594915746
0-1,1-0,0.00022147125920154957,0.5154868000028328,0.45417302093242684
1-0,1-0,0.0003684170833420726,0.4304571698022533,0.5344191837170705
1-0,1-0,0.00036637471689237455,0.4407235088835892,0.5233061886204721
0-1,1-0,0.0002709741321911094,0.51086014248373,0.45331916748035916
0-1,1-0,0.0002649429743156325,0.46495407176977466,0.497474211127675
0-1,1-0,0.0002308526253350973,0.45637496939246747,0.5089931342431725
1-0,1-0,0.00037051623582486505,0.43652884998158603,0.5282160091719976
1-0,1-0,0.00023105664755647653,0.4668265828876542,0.494661549107691
1-0,1-0,0.00023058950973505054,0.4467153789784273,0.516167020553454
0-1,1-0,0.00036387301373716263,0.42333223038500406,0.5386977654163855
0-1,1-0,0.00039684959444493935,0.4161566154287767,0.5487087587528263
0-1,1-0,0.00022935942116606697,0.45516194023254697,0.507524932111188
1-0,1-0,0.0002461237131787937,0.4355435008210062,0.5303186009374025
1-0,1-0,0.0003629531756379428,0.4420337377738044,0.5227284830163677
0-1,1-0,0.0003231279609963658,0.4623654315529389,0.4987131886217076
0-1,1-0,0.0002803653686121573,0.4306182076701979,0.5337962350792317
1-0,1-0,0.00032368806062467,0.47884407877776647,0.48291884136664137
1-0,1-0,0.00027574393259765075,0.425856579704957,0.530907756390479
1-0,1-0,0.00023406818970990833,0.4713469693903223,0.4925831014856341
1-0,1-0,0.0003105363639275381,0.4468933218442775,0.5159346124062394
0-1,1-0,0.00032052438588727947,0.43715688685455945,0.5268136645753656
0-1,0-1,0.00026481225280063943,0.5762925683094307,0.3873105358528859
1-0,1-0,0.00023718619413493,0.4324179044898398,0.5290682669425103
0-1,1-0,0.00023916850092970066,0.449366009883711,0.5142738885358288
0-1,1-0,0.0002760814356988416,0.4947008850139739,0.46650129850016003
1-0,1-0,0.0002242590789375515,0.47318765046048633,0.4889987236643897
1-0,0-1,0.0002504237241727873,0.5414611176648295,0.4201248956753242
1-0,1-0,0.00032101433400720785,0.4912788256017093,0.46989858079439856
0-1,1-0,0.00028167251814914697,0.4618704297806448,0.5018100317459206
1-0,1-0,0.0003117829456838993,0.46602161888302274,0.4951371309774675
1-0,1-0,0.0003478685169735099,0.4619494043637559,0.5012677327617514
1-0,1-0,0.00022624338763858106,0.4851249700350732,0.4772072300560833
1-0,1-0,0.0002433694829430939,0.4445098581107191,0.5196403920110753
0-1,1-0,0.00023733038760745284,0.4632459529467807,0.5087513016357045
1-0,1-0,0.000379205201996292,0.4350532957531097,0.5295251049832388
0-1,1-0,0.0002467302007624831,0.4798435348016992,0.48184601281606615
0-1,1-0,0.0003700188859662679,0.430840365144846,0.532000006433624
1-0,1-0,0.0002420221678333918,0.4725486936963914,0.4904676627328904
0-1,1-0,0.00024871922902777884,0.4952491268503797,0.4665652827167181
0-1,1-0,0.0003230713059387388,0.46445337300853357,0.49663263541126407
1-0,1-0,0.00038506316456818134,0.42537526302093903,0.5384103271362806
0-1,1-0,0.00035993956809033826,0.43551613118553395,0.5284148183527937
0-1,1-0,0.00023487418896322434,0.4650815929177616,0.5059039259751614
1-0,1-0,0.00026972103151278425,0.4790168164487393,0.4799216969771749
1-0,1-0,0.00026999588346728943,0.5025066019668144,0.4615756589610719
0-1,1-0,0.0002900148299266446,0.4860903211792465,0.47629434462767
1-0,1-0,0.0002229001108539725,0.4701593332986094,0.49462687272607403
1-0,1-0,0.00032112605817456063,0.48314120983649095,0.4781166784669699
0-1,1-0,0.00026487527387677296,0.5097718751022302,0.4532316199450983
1/2-1/2,1-0,0.00027443994521032946,0.4216803680146036,0.5398720592177382
1-0,1-0,0.00025759926713187143,0.38832580675607853,0.5728511302029291
1-0,1-0,0.00029628122590561975,0.4393868634108616,0.5254011124577919
0-1,1-0,0.00028747545097326734,0.5043658648760387,0.4571168383016393
1/2-1/2,1-0,0.0002697264774550385,0.4523654965198113,0.5086856038729448
0-1,1-0,0.0003981057041709775,0.40370786416611887,0.561806136183571
0-1,1-0,0.00037602515931385225,0.4344008342089452,0.5286897159822639
1-0,1-0,0.0002602930864085138,0.4940487193059988,0.46780450303571436
1-0,1-0,0.00037401296219495556,0.4427371138093026,0.5211316688753777
1-0,1-0,0.00022960351240441162,0.48575498506322495,0.4771502806309867
0-1,1-0,0.00035332281835243935,0.42916703372435294,0.5346411214168948
0-1,1-0,0.0003169543361117354,0.4106649587051111,0.5537726307330771
0-1,1-0,0.0002377033487195719,0.4918737838086319,0.46521118377659976
1-0,1-0,0.00022338478542829486,0.49767447397812026,0.4716318812423833
1-0,1-0,0.0002493833204719128,0.4736100792959795,0.48812519354451084
1/2-1/2,1-0,0.0003087065341289184,0.45005644781403037,0.4998676522705236
1-0,1-0,0.000305323107038168,0.42039748350867656,0.5430423095962778
0-1,1-0,0.00037000524375542147,0.43567325313074534,0.5280581803991236
1-0,1-0,0.00030894844655671416,0.46913376115586336,0.4928731511449493
0-1,1-0,0.0002238630247131643,0.5102435550825705,0.45155152479000843
1-0,1-0,0.00023119605374503574,0.46581051351773617,0.49548397771594727
1-0,1-0,0.0002594576996784308,0.49220600987730595,0.4688656205132216
1-0,1-0,0.00024527591442836076,0.4744720210131944,0.4878226422042545
1-0,1-0,0.0002347730751184838,0.416773271176555,0.5468772013393505
1-0,1-0,0.00025087921754707684,0.5105455124768693,0.4504960807199649
1-0,1-0,0.0002636785549630123,0.40923763200181795,0.5524223164370292
1-0,1-0,0.00034596683876228447,0.4269423964454024,0.5378284338706688
0-1,1-0,0.00036121594261188575,0.42917307828055873,0.5323603123915829
1-0,1-0,0.00027840895125727603,0.44546688211523955,0.5179311366234591
1-0,1-0,0.0002508675069502989,0.43424809845554857,0.5327072879185347
1-0,1-0,0.00022594917485816335,0.4720817571005461,0.4902994784627868
0-1,1-0,0.0002853348443350577,0.4471723554325342,0.5161220805650413
0-1,1-0,0.00035038088785122344,0.43578597021404464,0.5254721687273828
0-1,1-0,0.00022463343836839615,0.497911592221971,0.465690821974664
0-1,1-0,0.00031629027879018587,0.4961468505824648,0.46496997925089756
0-1,0-1,0.0003461200543825132,0.6221102088284001,0.3394546005634318
1-0,1-0,0.0003796926154719356,0.4317518837139491,0.5329570660253582
1-0,1-0,0.00032830400484517213,0.4675778662021879,0.4935560085936109
1-0,1-0,0.0002716168186465317,0.45550892399486514,0.5072195090065594
0-1,1-0,0.0002383182444438029,0.43797697269141944,0.5268403314189862
0-1,1-0,0.0002334724494273032,0.4945658451597312,0.4665812161111257
1-0,1-0,0.00036786240391765876,0.40411120458108574,0.5574569753668484
0-1,1-0,0.00028009794619201773,0.46006947471751614,0.5030081636277094
0-1,1-0,0.00023981515868491606,0.4481476747312212,0.5196565165643641
1-0,1-0,0.0003509434620229178,0.42362766124922974,0.541132005560603
1-0,1-0,0.00033969548966273505,0.4318040282247877,0.533178460822577
0-1,1-0,0.00025225855482986884,0.4441403848439294,0.517152514766821
1-0,1-0,0.00027767453040006404,0.45694707904527165,0.5066291564607859
1-0,1-0,0.00031435448043164025,0.4772413635146519,0.48403442342725506
1-0,1-0,0.0003004368188618059,0.4598976421280442,0.5027233502639192
0-1,1-0,0.00025837541062753814,0.45091978644001685,0.513750476420709
0-1,1-0,0.0002655933630627181,0.46055893593866903,0.5004759768946944
1-0,1-0,0.0002658240791258306,0.48474120977723173,0.4764617835166856
1-0,1-0,0.0003531664486719481,0.4491220797896571,0.5125567637720319
1-0,1-0,0.00025717840869767883,0.47170010625485237,0.4933493657740323
1/2-1/2,0-1,0.00025466977479508867,0.5213165741896917,0.44277833076028567
0-1,1-0,0.0002674920938477817,0.4291652650043084,0.5323477675054671
1/2-1/2,1-0,0.0002802424538308395,0.5072023454066472,0.45427011977806814
0-1,1-0,0.00036929016535196984,0.43550457356564926,0.5277635129644828
1-0,1-0,0.00022748857392863403,0.4567221412866925,0.5056881702564924
1-0,1-0,0.00034138846956239226,0.4468532470895724,0.5167327029454581
1/2-1/2,1-0,0.0006944101120567968,0.47272779534524706,0.4562060977561465
0-1,1-0,0.00023614095913958308,0.4891761234406433,0.47294844343700637
1-0,1-0,0.00035153929228956196,0.413639429397254,0.5515154783769823
1-0,1-0,0.00026839818764992445,0.5077934062230177,0.4538586881066116
1-0,1-0,0.0002388901005561517,0.4542294457028316,0.5077408977401745
1-0,1-0,0.00031482667824394846,0.42432980936762005,0.5369502423681459
0-1,1-0,0.0002482462102339294,0.4164261773097031,0.5461655549746376
0-1,0-1,0.0003377766827345188,0.6933562225373207,0.26987117834543267
1/2-1/2,1-0,0.0002313541535179106,0.452253671757393,0.509024058824368
1-0,1-0,0.0003527038840985544,0.44474343580817144,0.5173050556520811
0-1,1-0,0.00029085620600621256,0.42818483815225605,0.5362799612037263
1-0,1-0,0.00036335110416451765,0.44111510329787007,0.5234855711459303
0-1,1-0,0.00026513797370725863,0.5025531187198716,0.45938515976415684
0-1,1-0,0.00024275955744795265,0.49623440218134734,0.46560740562405134
0-1,1-0,0.00032980750844016177,0.46083777200972387,0.5024151463663468
1/2-1/2,1-0,0.00023806060349006647,0.43924636180389,0.519644161458784
1-0,1-0,0.0002287956090006282,0.4850245428369473,0.47627989654307257
1-0,1-0,0.00033076435499928387,0.4376421886689905,0.5255461731919806
0-1,1-0,0.0003034182680734177,0.4468639866093374,0.5154583900457841
0-1,1-0,0.00027956116177017386,0.47044643076301523,0.49507795737077226
0-1,1-0,0.00023648270674987186,0.4630695913750383,0.4985642604881756
1-0,1-0,0.004826052901058843,0.08819911101550817,0.28878923257460615
1-0,1-0,0.00031119009759107696,0.46986572528983633,0.492844057761365
1-0,1-0,0.0003342852000197871,0.4586077693347496,0.5025597746182494
0-1,1-0,0.00023441819154632385,0.45608548353514217,0.5062994451908713
1-0,1-0,0.0002477112550151169,0.4615820350948276,0.5104674426092219
0-1,1-0,0.0003267931293031366,0.41637513063680276,0.5481991561528239
1-0,1-0,0.00033135104099980107,0.4459937216043031,0.5152233510583215
0-1,1-0,0.0003408433544261004,0.4555257105683134,0.5061864269803932
1-0,1-0,0.000265779187925716,0.39610471153218896,0.5653109276463024
1-0,1-0,0.00040060886347851335,0.41802809031492594,0.5469843008950842
1-0,0-1,0.00024891046930353703,0.5225103860789355,0.44081761979914463
1-0,1-0,0.0002177954056894766,0.5036218065871143,0.4589940783238016
1-0,1-0,0.00024343293959516358,0.45110826849933844,0.5100654820980719
1-0,1-0,0.0002403711063193639,0.4455760979680946,0.5175726868368267
0-1,1-0,0.00028700000682910785,0.48239331308327726,0.48146226479526893
1-0,1-0,0.0003401491430698043,0.4605928633606857,0.5020426691897087
1-0,1-0,0.00022631710124400742,0.46635082348113976,0.4988758421127803
1-0,1-0,0.00029355259107056585,0.4869794753365535,0.47563955283869586
0-1,1-0,0.0002550271154794257,0.40738266105041887,0.5564952040162386
1-0,1-0,0.00027090341630942077,0.46344220860016694,0.4993241210598609
0-1,1-0,0.0003048863215508163,0.43451395367845286,0.5274183930714519
1-0,1-0,0.0002245134260299981,0.48258256246781633,0.47894324636076285
1-0,1-0,0.00025934654922320916,0.43606917788820776,0.5277754197429652
1-0,1-0,0.00023819233728377144,0.4416732551295045,0.5211386032393953
0-1,1-0,0.0002945808771764779,0.5107694591057492,0.4513359205324541
1-0,1-0,0.00024437924187712193,0.4976646665014865,0.4637359084112115
0-1,1-0,0.000354233272960277,0.43865054424637806,0.5254895623072532
0-1,1-0,0.0002788375522667331,0.41178659061288386,0.5548748584127137
0-1,1-0,0.0017832515245554802,0.28279988108332754,0.3715744921831045
0-1,1-0,0.0002271067277022521,0.4698288060970866,0.49192327943089337
1-0,1-0,0.000279035420772342,0.4374209793735943,0.52535355815873
1-0,1-0,0.0002474363412225439,0.4318585198261097,0.5351220282715992
0-1,1-0,0.0003514315518241898,0.43740320401064153,0.52581463653855
1-0,1-0,0.0002578046036832738,0.4327936575288283,0.5303738786481119
0-1,1-0,0.0003320408937044336,0.42739262597488253,0.537493682564397
1/2-1/2,1-0,0.0003034237333604267,0.49492763218576413,0.466264649532795
1-0,1-0,0.00025658862142747147,0.4098654545621297,0.5526332030954987
0-1,1-0,0.0002999385988214822,0.46877745174637253,0.4923009805564548
0-1,1-0,0.0003281472458596409,0.4363169115930348,0.5252872708340587
1-0,1-0,0.00024543342663310496,0.4411524905762564,0.5284834038753613
0-1,1-0,0.0002651287326914091,0.4244921604478568,0.5389547129098181
0-1,1-0,0.00026704200610685926,0.4757587740992676,0.48616661704613445
1-0,1-0,0.00030890276794183003,0.42356247371956984,0.5399274627232948
0-1,1-0,0.00023778520261800805,0.4518247028912453,0.5159539962833701
0-1,0-1,0.00027467429902607374,0.5301043245300275,0.431081261870422
0-1,1-0,0.00028283012373162876,0.4797847535764332,0.482744790596275
0-1,1-0,0.00024049874960575988,0.44151884185161105,0.5240416650726295
0-1,1-0,0.00027796107621738913,0.4292502609815794,0.5322841745781732
1-0,1-0,0.00023777870264602569,0.4341359408164789,0.5286592884588559
0-1,1-0,0.000315834715494969,0.42804397494746693,0.5357055592751205
1-0,1-0,0.00031784681767785825,0.46664526306032633,0.4968118153169383
0-1,1-0,0.00024589994512927844,0.4816631410811146,0.46514939347778317
0-1,1-0,0.000316003247748283,0.454685465806078,0.5098779800840748
1-0,1-0,0.00023634075385724757,0.438155938284379,0.525600921558064
1-0,1-0,0.0002357941041050037,0.45463227607332124,0.512746875948573
0-1,1-0,0.00023978736160980684,0.49316629230011266,0.46974333768165155
1-0,1-0,0.0002674400439499693,0.4856193273483436,0.476322140272903
0-1,1-0,0.00030943286169139863,0.4487849095801426,0.5131269471485274
1-0,1-0,0.00026149421588514133,0.4324192675835763,0.5296147464588119
1-0,1-0,0.000279978665544704,0.4854992671708355,0.4761660152110284
1-0,1-0,0.00024201920016273643,0.43884334620238724,0.5276043760921255
1-0,1-0,0.0002399934248992389,0.4950762837097512,0.4660307036190807
0-1,1-0,0.00026439069742125907,0.5117443168523241,0.4518527995843036
1-0,1-0,0.0002471600426070776,0.4631592967552979,0.48166603220201465
1-0,1-0,0.00036097326649810863,0.429463155294152,0.5320684595164178
1-0,1-0,0.0002254432339537722,0.48200439497211556,0.4863228954501914
1-0,1-0,0.0005092881687292078,0.4570310427503159,0.47805425611329966
0-1,1-0,0.0003075987213579798,0.47868993028393886,0.48307002832492607
0-1,1-0,0.00022373970932885702,0.4959321675783841,0.4655635176543303
1-0,1-0,0.00024989971332558104,0.4156991077840737,0.5481984959723102
1/2-1/2,1-0,0.00023113531346429252,0.4741276488073996,0.4882463434421217
1-0,1-0,0.00027986349521873547,0.4571952915524117,0.5040288951342897
0-1,1-0,0.0003058745910863796,0.44523679007480865,0.5169282791376377
1-0,1-0,0.0003067034243136299,0.4744981407668942,0.48693472964776807
1-0,1-0,0.00025503789944432664,0.44175313251774767,0.5284788451536098
0-1,1-0,0.0003393811580060133,0.4684048941296537,0.4934960739731107
0-1,1-0,0.0003102907346823169,0.4368601304803733,0.5259561908043668
1-0,1-0,0.00023085425505933878,0.4656036785329159,0.4969670475637293
1-0,1-0,0.0002774451484225297,0.4227264620523366,0.5392694906281074
1-0,1-0,0.0002470439567795518,0.47387790224614773,0.4879388464443957
1-0,1-0,0.00032679833996012656,0.4310965424965104,0.5338794912881857
0-1,1-0,0.0003270812762790998,0.46092666320329767,0.5033402670698501
1-0,1-0,0.00025062217859866877,0.4882051736602887,0.4737789727992974
1-0,1-0,0.0003034391346032118,0.4750216664392515,0.4881527317580573
0-1,0-1,0.00024214634432442357,0.5343097495265563,0.42904626113984773
0-1,0-1,0.00021921362703563194,0.6015051620470183,0.35678743815673364
0-1,1-0,0.00022506963637222653,0.46148767289229753,0.5002488006927229
0-1,0-1,0.00027792311489781,0.5526092106228608,0.4125917612261607
0-1,1-0,0.0003493991741797027,0.46453613701430835,0.49865617063347284
1-0,1-0,0.00037380559257408014,0.42825982875773055,0.5353611086693936
1-0,1-0,0.0003131241213583066,0.4427515653102265,0.518447016451242
1-0,1-0,0.00025302483342490366,0.5038849153050121,0.4583308953648465
1/2-1/2,1-0,0.00032449664018202357,0.4429421619741418,0.5182925648327703
0-1,1-0,0.00023356623880035673,0.4556159665729769,0.505898571423258
1-0,1-0,0.0003465943982567656,0.4504806480815428,0.5111203472052097
1-0,1-0,0.00025853904369709674,0.4987322349898646,0.4648657854456451
1-0,1-0,0.0002615874645157834,0.4439835512469645,0.5201875874030385
1/2-1/2,1-0,0.00024017505994132078,0.4346391729725714,0.5273473466452508
1-0,1-0,0.0003283562477538902,0.4627755567496672,0.4990736636967107
1-0,1-0,0.0003406575464250671,0.4256013670252501,0.5356703773400066
1-0,1-0,0.00024514811983630737,0.4663405159250168,0.4788193106915639
1/2-1/2,0-1,0.0002998087511157486,0.5155246351286759,0.44612456228672126
1-0,1-0,0.0002942552643174533,0.42047479822592226,0.5434182328789721
1-0,1-0,0.0002675268114186006,0.49572951054610637,0.4665448398813899
1-0,1-0,0.009644139233794882,0.21869107213037534,0.5057433288885435
1-0,1-0,0.00022452302017320243,0.4535114179622587,0.5106709071111055
0-1,1-0,0.0002806178661459715,0.4280456238991132,0.5340398840161396
0-1,1-0,0.00022386959830616003,0.4774063282330414,0.4847458174465842
0-1,1-0,0.00024380704461875383,0.45698559779493375,0.5062328722848566
1-0,1-0,0.00027892567224618647,0.42250785418040326,0.5410021633167543
1-0,1-0,0.0003517505795774688,0.4452501782709814,0.5193987577535273
0-1,1-0,0.00024072712487756411,0.44625516693659634,0.5206387374240519
0-1,1-0,0.00025446821867446703,0.5030179653871343,0.45892780455277843
0-1,1-0,0.00022257628328478538,0.47294817324333066,0.48943674686716915
0-1,1-0,0.000279197512809939,0.40082277888651946,0.5378792725799895
1-0,1-0,0.00038831597142061113,0.41840899543969035,0.5461721813066774
0-1,1-0,0.0003136065039051912,0.43020286684667597,0.5347158542458657
1-0,1-0,0.0002930554451978107,0.43104183198308876,0.5315349251358839
0-1,1-0,0.00025098895969156786,0.4431420033158393,0.518499663933027
1-0,1-0,0.0002966319193499073,0.4770744140125693,0.4847527230854411
1-0,1-0,0.0002339052721690874,0.48408179950419283,0.47734203859592217
1-0,0-1,0.00025332543258870064,0.5279976656786258,0.43325048975205527
0-1,1-0,0.00023858282319889722,0.5022604432004308,0.45906134328808484
1-0,0-1,0.0002748978703039151,0.5275196112154988,0.4335042623988091
1-0,1-0,0.00022508788896442118,0.4637680194124896,0.4983687216322093
1-0,1-0,0.0003434312172893765,0.466331377083723,0.495347395298591
0-1,1-0,0.00026235495345682154,0.4776904494653008,0.4839988686552061
1-0,1-0,0.00023569190125945918,0.48549721032989196,0.47634348341174665
0-1,1-0,0.0003338719803642439,0.4327853269827263,0.5320327190478897
0-1,1-0,0.0002761239207364596,0.41286951137113514,0.5503626237416853
0-1,1-0,0.0002959297035090469,0.4598078303748906,0.50476590991479
0-1,1-0,0.0002325967562272398,0.4483185065391923,0.5130750163769326
1-0,1-0,0.0003723260399198743,0.4305457588412762,0.5328478165664076
0-1,1-0,0.0003254379453072879,0.4473081231270482,0.5138747308169938
1-0,1-0,0.00023102024239689774,0.46402365584802396,0.4995525786787168
1-0,1-0,0.0004983364224937651,0.4143190580863026,0.509892996218681
0-1,1-0,0.0003970048678688058,0.4170322558811012,0.5477219853603138
0-1,1-0,0.0003374324018748384,0.4511105265964743,0.5112627083196729
1-0,1-0,0.00022918594806888056,0.4475921826872201,0.5146266494311855
0-1,1-0,0.00028426889949130887,0.48895041781711,0.4721372451555725
1-0,1-0,0.00026725489746851164,0.4425377791477273,0.519180354353693
1-0,1-0,0.0002633160828337856,0.5013991525530062,0.4609858247286105
0-1,1-0,0.0003929859357035602,0.4254900380850594,0.539336750018301
0-1,1-0,0.0002843874936657961,0.4396092488842982,0.5216595874792618
0-1,1-0,0.0002658422721293084,0.43412299365469836,0.5273968286512191
0-1,1-0,0.0003658157346890063,0.433303152926641,0.5295433321514814
0-1,1-0,0.0003124780289724126,0.4322717356459418,0.52977629657912
0-1,1-0,0.00028211611064010386,0.42094509612329556,0.5408525804331522
0-1,1-0,0.0003583944825733189,0.44757573875208,0.5163183246647827
0-1,0-1,0.0002887621549327639,0.543265362481394,0.41770828293165374
1/2-1/2,1-0,0.00031934205613931083,0.4718989816433052,0.48921146372126406
1-0,1-0,0.0002878799251434317,0.5066095679605566,0.45489216222399836
1/2-1/2,1-0,0.0005193163699208583,0.42225291303826573,0.5060896570956406
0-1,1-0,0.00024432121284838034,0.419432583743674,0.5422030196782283
0-1,1-0,0.0002517797327258527,0.4204015817762499,0.5417095800839514
0-1,1-0,0.0002343750419572502,0.494964903010318,0.4663834537102816
0-1,1-0,0.00029638477159173073,0.431298884246372,0.5319776483747662
0-1,1-0,0.00029606944335307386,0.4783313835495918,0.4752771467314475
1-0,1-0,0.0003810673284148067,0.41938173839756454,0.543020174778825
0-1,1-0,0.011007869872545739,0.268356884837702,0.5231709104740505
1-0,1-0,0.00023250406187834877,0.4564637474920729,0.5095232649664981
1-0,1-0,0.0002814297306335961,0.4758133468178379,0.48639820934499284
1/2-1/2,0-1,0.0002719467836815319,0.5229508114933559,0.43819308900738496
0-1,1-0,0.0003036397487805551,0.45594587699979583,0.5090364181372273
1-0,1-0,0.0002383798796332164,0.475915946176009,0.4862724799619029
0-1,1-0,0.00027384630814270846,0.44984866854963185,0.5142121222325902
1-0,1-0,0.00025156082887487353,0.40758757785297006,0.554586789998675
0-1,1-0,0.00025310084809679844,0.46067397704149876,0.5023065135891653
1-0,1-0,0.00024760162724877247,0.45572004792013476,0.5065127072488684
1-0,1-0,0.00029502089598037844,0.4855558429060197,0.47573603496712585
0-1,1-0,0.000495935202866041,0.4335502110131719,0.47179032802316356
1-0,1-0,0.0003010333945664442,0.4451256877940838,0.5175307462387267
1-0,1-0,0.0003350216454963954,0.4422626177970048,0.5188974185613012
1-0,1-0,0.00024114143301227995,0.4330134664117029,0.5303764063071246
0-1,1-0,0.00027804716746764594,0.4689210598177409,0.4796292415325843
1-0,1-0,0.00023220477252594723,0.4536584602014083,0.5077185299122643
1-0,1-0,0.0003849067482675294,0.4255928988662871,0.5379389208034595
1-0,1-0,0.0002572819702847058,0.4511522392053772,0.5107859416317994
0-1,1-0,0.0003556240609364589,0.45770766841203914,0.5051039997063711
1-0,1-0,0.00024724718266419104,0.4841858590918799,0.4782946636808991
0-1,1-0,0.000327064964864813,0.45277720798091037,0.5111815032171678
0-1,1-0,0.0002895128114717494,0.4919860588319823,0.4703756792805049
1-0,1-0,0.0002833762006194966,0.450176081679362,0.5133753617095885
0-1,1-0,0.00027012323559617526,0.40540467325290624,0.5571528284441606
1-0,1-0,0.00032775926394375564,0.4347438876383355,0.5294076438465395
1/2-1/2,1-0,0.00041092399103915747,0.42315509000487245,0.41948870883923567
1-0,1-0,0.0002770185412517725,0.4220734339252587,0.5394992865752598
1-0,1-0,0.00023656706104087537,0.4327356989169335,0.5294016157198939
1-0,1-0,0.0002347387915618943,0.43621093647237263,0.5269269547953577
0-1,1-0,0.0003287262390243207,0.451376250117936,0.5097852197774585
0-1,1-0,0.00025961963766573727,0.4988538758521827,0.4649375963489746
1-0,1-0,0.0003542970985294354,0.4342849036598092,0.5305021907724928
0-1,0-1,0.0003735905713626332,0.6457246909414739,0.315755236110267
1/2-1/2,1-0,0.006210917977182306,0.29245225438557343,0.5222527937193665
0-1,0-1,0.00028451632336146305,0.5205391088490083,0.4412026219534136
0-1,1-0,0.00024844093433520155,0.4735463680394255,0.489320942069592
0-1,1-0,0.00036958608003148945,0.4292670617833291,0.5328083465842325
1-0,1-0,0.0003380760763509079,0.45130206611529866,0.5122465875420199
1-0,1-0,0.0002361339505569066,0.5036898135856366,0.45363124032322355
1/2-1/2,1-0,0.0002779472567703869,0.4626725833323439,0.5005585691610457
0-1,1-0,0.0002692701190122685,0.509489214652331,0.45349229385243656
0-1,1-0,0.0004075250366677562,0.42674946068807973,0.45033355237268163
0-1,1-0,0.0003128238854959816,0.48765284620003013,0.4735614971437614
1-0,1-0,0.0003373531158131257,0.4110373598476451,0.5528657038539361
1-0,1-0,0.00034433764625365964,0.44425973885701237,0.5181781668888135
1-0,1-0,0.0002522449778190457,0.4618447662145551,0.4999721613473628
1-0,1-0,0.0002698973871441785,0.44007241130583513,0.5226556236896932
0-1,1-0,0.0002540370345819602,0.45283878758921287,0.5091173838830743
0-1,1-0,0.0003261533409177283,0.46725599875699775,0.4942060696139678
0-1,1-0,0.00028975066722276274,0.4511899278456391,0.5107863921502686
0-1,1-0,0.00025720213035111797,0.45327821865775136,0.5082644112764877
1-0,1-0,0.0002552156034547707,0.47392156854314577,0.4889877010675676
1-0,1-0,0.00023694259654052924,0.4798692256037749,0.47685889450561875
0-1,1-0,0.00022870871048946676,0.473793927509634,0.4875932763886298
0-1,0-1,0.00034078468696829226,0.6762200161511901,0.28592079397630155
1-0,1-0,0.0002729193249531031,0.4505823823927686,0.5116062280581998
1-0,1-0,0.00032894103939594307,0.4801966284960564,0.4813740367620337
1-0,1-0,0.0003701051184424687,0.4384411719739042,0.5254309789262572
1-0,1-0,0.007804650215900157,0.19504709901745843,0.45673723540498223
1-0,1-0,0.0003556855167539878,0.43824826536319156,0.5259036049798388
0-1,0-1,0.00026261824630715745,0.5228686526954216,0.43824340236152537
0-1,1-0,0.00021746579013828043,0.48798378868365705,0.47572257516630406
0-1,0-1,0.00023321028359497636,0.5341052324567322,0.4279477687358988
0-1,1-0,0.00022285017139809396,0.47202454481429224,0.4907987705255381
0-1,1-0,0.0002646909791535363,0.45223508164299625,0.5110290045392453
0-1,1-0,0.0003844622283880773,0.4321387341138222,0.5325464466175229
0-1,1-0,0.0002246676647790749,0.4718614523599394,0.4921824374756866
0-1,0-1,0.00023795208402417302,0.5439801766050263,0.417698378525655
0-1,1-0,0.00038434322750151317,0.43216568218250623,0.532519098724297
0-1,1-0,0.00035632451209756085,0.42177669072283513,0.5421645748569417
1-0,1-0,0.0003106887799072637,0.43709303590089155,0.5277432122772461
1-0,1-0,0.0003188239353726614,0.44074074747700975,0.520465924956992
0-1,1-0,0.0003151245539199179,0.4578022103762214,0.5054432964601473
0-1,1-0,0.0002633487132715187,0.44656936974039946,0.5175149789740059
1-0,1-0,0.0002980693933500566,0.4741589583754058,0.4889955981092109
1-0,1-0,0.00038364796171508944,0.4317121544526856,0.5329672663372805
1-0,1-0,0.0002445420472179832,0.4212728278266712,0.5420230732421831
0-1,1-0,0.00024688357907150785,0.4251608437843254,0.5376479681752995
1-0,1-0,0.0002520388556141801,0.45337986131157765,0.5089890746520593
1-0,1-0,0.00037310658664266625,0.4384222635143899,0.5246364301240533
0-1,1-0,0.0002811899915100812,0.45305593802439703,0.5081727850826042
0-1,1-0,0.0003808906486341019,0.42941658876466454,0.5353226522898972
1-0,1-0,0.0003727390621780721,0.42267977939946794,0.5392465609462496
1-0,1-0,0.0003089332478183774,0.45929566575048136,0.5021903645176589
1-0,1-0,0.0002264674557204235,0.4587167470176873,0.5047899403349366
0-1,1-0,0.00037066387859265807,0.43777038126660167,0.5254066334739752
1-0,1-0,0.0002693253877055286,0.46051153367852804,0.5007026864898433
0-1,1-0,0.00024640908535725686,0.4585308400157361,0.5046531479306533
0-1,1-0,0.0003360240972423415,0.44422555046932055,0.5195918101425887
1-0,1-0,0.00033826829607557857,0.43984936465810887,0.5213844173525283
1-0,1-0,0.00022952636642726857,0.4782211650661698,0.48314804630007707
0-1,1-0,0.00024836955613393325,0.411230642476093,0.5510692494242229
1/2-1/2,1-0,0.0003085909461711016,0.48453210944595504,0.46751245354437587
1-0,0-1,0.0002813728357781527,0.5755864200766014,0.38576529316236696
1-0,1-0,0.00024206113433118413,0.4418675868900604,0.5241903691682464
0-1,1-0,0.00022750244791548205,0.44878576666010267,0.5141064999170385
0-1,1-0,0.00024020544094109503,0.49925633936019537,0.46190351183379263
1-0,1-0,0.00034134767546150827,0.4448260510898232,0.516619168910257
1-0,1-0,0.0003258754346346066,0.4537762437240049,0.5073839255694103
1-0,1-0,0.00023272355824084962,0.5034774529213061,0.45776727684030377
0-1,1-0,0.00032631850992024473,0.43547887824860954,0.5259871863214924
1-0,1-0,0.00025736313338130495,0.45321265175335934,0.5113250289915683
1-0,1-0,0.00031445608591000243,0.4566993302766582,0.5045259899117449
1-0,1-0,0.00037835548078780646,0.431870245471983,0.5316877051132919
0-1,1-0,0.00030361642477739163,0.4559134065274502,0.49398791109306184
1-0,1-0,0.0002633899837470674,0.4248356535252696,0.5384379061890228
0-1,1-0,0.0002991567548683701,0.43312033048360266,0.5310231953036001
1/2-1/2,1-0,0.00031400423233307026,0.5075223103009702,0.4541844218650182
0-1,1-0,0.00030264279040126483,0.47431112720942015,0.4878860934825177
0-1,1-0,0.00034780469428194753,0.4157050084480459,0.545708155381296
0-1,1-0,0.0003177244273700588,0.4221310425630384,0.5398152721297603
1-0,1-0,0.00025917543210511444,0.4874180389703151,0.4749246693212898
1-0,1-0,0.00036897913589720817,0.41221973284838237,0.5520056815275423
1-0,1-0,0.000306965986492914,0.4312681967453693,0.5320332341602545
1-0,1-0,0.00024930677896861794,0.41302865630441277,0.5482437579719808
0-1,1-0,0.0003563229012219704,0.441153042355975,0.5233326039675871
1-0,1-0,0.0003718131509608581,0.4390320712366012,0.5250078161689521
0-1,1-0,0.00027097915183580063,0.5086415233003364,0.4529487369732279
1-0,1-0,0.0002644210588417637,0.44659959047950837,0.5153031232273153
1-0,1-0,0.00027437170183060083,0.4464000233999132,0.5161151547710094
0-1,1-0,0.00023352027304225753,0.4693908271334928,0.4889184419290595
0-1,1-0,0.0003457250548649189,0.4297590054373806,0.5323790780381632
1-0,1-0,0.0002770711959988565,0.4286392643813341,0.5354542114614413
1-0,1-0,0.00026382561145959067,0.4520626439038504,0.5117282519168415
0-1,1-0,0.00031113177603713676,0.4645631965314095,0.4997278266225865
1-0,1-0,0.00024240402487435433,0.5035578912585513,0.45752447429119664
1-0,1-0,0.0003429012911125073,0.4345381612794768,0.5285596901918717
1-0,1-0,0.0002784518465603444,0.48563709792703386,0.47570707376452365
0-1,0-1,0.00043684645837752003,0.6633306457904943,0.2960016672645886
1-0,1-0,0.0002537576830678717,0.4347249078203268,0.5287164554078618
1-0,1-0,0.00035658103322819805,0.41953553817457273,0.5418939485209703
1-0,1-0,0.0003429555259798148,0.45150838790069514,0.5097155180625877
1-0,1-0,0.00029624206939168657,0.44921536980193844,0.5155203905523096
1/2-1/2,0-1,0.000233379922837053,0.519970301493561,0.44231384644345395
1-0,1-0,0.00024459768751855586,0.4586675756099888,0.5037169885424901
0-1,1-0,0.00023322314316376913,0.44443366098715115,0.5193239298210597
0-1,1-0,0.00023294705753461128,0.44709218059936734,0.5161955484581899
1-0,1-0,0.0003468693728375854,0.43726340054216356,0.5243364583173437
1-0,1-0,0.00025210945452683103,0.4825532599839879,0.47990478598408237
1-0,1-0,0.00022466488288160898,0.4603693747826405,0.5011251107386697
0-1,1-0,0.00036662492940297506,0.4340490180093225,0.5298241069097696
1-0,1-0,0.0002572841435168649,0.4346746305758888,0.5268605652859586
1-0,1-0,0.00029856900564697805,0.4753216468931247,0.48584675464094645
1-0,1-0,0.0002505618312958285,0.44293545321494254,0.5185596526264239
1-0,1-0,0.0003286920930474046,0.4507696915955911,0.5104468767882798
1-0,1-0,0.0002813644516355608,0.46101630562015045,0.5006174361300222
1-0,1-0,0.00035629046422354854,0.41591205831585365,0.5467189560065859
1-0,1-0,0.00034486105643434344,0.4391800647061457,0.5226159876462317
1-0,1-0,0.00023723907237790468,0.4437239544177195,0.5174426908404791
0-1,1-0,0.00023147483059187513,0.491192891908655,0.46999365937323623
0-1,0-1,0.00030806717362,0.5445793522067397,0.41662948746619227
1/2-1/2,1-0,0.00025557152845789676,0.48284001658501186,0.4798966631202506
1-0,1-0,0.0002257792491639743,0.4626773753669638,0.49891021711879474
0-1,1-0,0.0003335757420475623,0.4656246460185718,0.49549533297553316
1-0,1-0,0.0002912719441936069,0.4980601014866372,0.46344062207449016
0-1,1-0,0.00025364957146185396,0.42613807186261704,0.5397010608653836
1-0,0-1,0.0002457380289958569,0.5178442771968675,0.4453119602244516
0-1,1-0,0.00028338386128178727,0.43802030131145514,0.5246360059601761
1-0,1-0,0.00026935268959678836,0.47894638066199774,0.48498493188932396
1-0,1-0,0.00027157695004831345,0.4364097518530836,0.527594291071131
1-0,0-1,0.00024198573335614616,0.5240928024736197,0.43831431675660026
0-1,1-0,0.0002416157726203173,0.48140500121229535,0.48068339759621154
1-0,1-0,0.00027411749073606,0.45658493308827935,0.5062700415490362
1-0,1-0,0.0003359973542693401,0.4543840152795106,0.5067468374290931
0-1,1-0,0.00025680342776106404,0.4621707519093744,0.5000446644255423
1-0,1-0,0.0002322820015878147,0.45877876043973187,0.4983417126192328
0-1,0-1,0.00022172112289236949,0.5254366062107282,0.4370450428424501
1-0,1-0,0.0002727244386250133,0.47760316129960656,0.48555649745539653
0-1,1-0,0.0003527942462002853,0.44802236586061533,0.5157538205594022
1-0,1-0,0.0003332479439627054,0.43026322349281787,0.5322085311299841
0-1,1-0,0.00022094895043262385,0.4743468581570006,0.48806842469885603
0-1,1-0,0.00029441321541925247,0.443139763024691,0.5190269551982548
0-1,1-0,0.0003075617037764008,0.45768811136381665,0.5071669797085787
0-1,1-0,0.0003024405297755062,0.4697000819798828,0.49418307625065894
1-0,1-0,0.00023272761670042956,0.44597026448302324,0.515490010963021
1-0,1-0,0.000347907694363244,0.45363498490945203,0.5087285613199924
1-0,1-0,0.0003145054276802254,0.4363690977047201,0.5266764112515969
0-1,1-0,0.0003629456821139885,0.4415196060776722,0.5209793319012542
0-1,0-1,0.0003954132836594249,0.7093927721245373,0.2528722146317999
1/2-1/2,1-0,0.0003087083748999136,0.44442492256446026,0.5175120202062679
0-1,1-0,0.00034498769909293496,0.4227632087317163,0.5384620614283175
0-1,1-0,0.00027815110794535716,0.4294757818806257,0.5347012500622785
0-1,1-0,0.0002655588208278094,0.4977867428465032,0.4636111549006397
0-1,1-0,0.00021824814801732947,0.49443127088824884,0.47214148959133484
1-0,1-0,0.0002728643885419111,0.47318184172100936,0.49071775517321287
0-1,0-1,0.0002984714266220008,0.5220428529760897,0.4400715142754106
0-1,1-0,0.00027743181544569504,0.4181605506022392,0.5427816135745128
1-0,0-1,0.000253709660810537,0.5202595091778176,0.44222935677432995
1/2-1/2,0-1,0.00030510197221860424,0.5317506502420634,0.4295962329620667
0-1,0-1,0.000380619367166819,0.713643702371341,0.247688085078277
0-1,1-0,0.0002677730278439262,0.48694581470978143,0.4742890256713328
0-1,1-0,0.0003841370203852905,0.41403569639452376,0.5493383275699404
0-1,0-1,0.00034484520790026556,0.6132829959036168,0.34920227283431815
0-1,1-0,0.003261697109142688,0.44007287580649296,0.4436256893906368
0-1,1-0,0.0002449765998453599,0.4709164100262817,0.4909567215781892
1-0,1-0,0.0003493737216092381,0.4437438042799218,0.5182603925091543
1-0,1-0,0.00023898943894496135,0.4268920130981234,0.5351518878638449
1-0,1-0,0.0003445506954375616,0.43921941891068567,0.5232679612597015
0-1,1-0,0.00028972110615031185,0.43278542509429385,0.5314251965537553
1-0,1-0,0.0003477463936976224,0.4643762650325534,0.497605582606503
1-0,1/2-1/2,0.0009007904547771715,3.422397403400866e-05,0.002620909443215093
1-0,1-0,0.000223150055117071,0.46826749542185164,0.4950181977872675
0-1,0-1,0.00037670500092586585,0.6500110434522787,0.3110738464232845
0-1,1-0,0.00030896745408558353,0.448677775201255,0.5135909897715999
0-1,1-0,0.0003127128189328547,0.4749792535760058,0.4870088953144266
1-0,1-0,0.00022803575180323994,0.47020732807656634,0.49296298534059885
1-0,1-0,0.00025990139750736615,0.4185552376106124,0.543182802028009
1-0,1-0,0.0003108960306649143,0.42452481798465214,0.5397496414700128
1-0,1-0,0.00023759109619737756,0.4542426362625133,0.5133995423166914
1-0,1-0,0.0003064946981984579,0.44475635606385056,0.5200071448930589
1-0,1-0,0.0003122456807577723,0.4801476477562854,0.48142036257095056
1-0,1-0,0.0003197843800125098,0.45822370137867924,0.5047942353977479
0-1,1-0,0.00039302264660885205,0.41788814156756143,0.5460278111737931
1-0,1-0,0.00027271249408929177,0.4560811073492685,0.507500809182173
1-0,1-0,0.00029191562372821373,0.4311894345295186,0.5332635755237934
0-1,1-0,0.00023650303134457998,0.4379880347518093,0.5250645118642026
1-0,1-0,0.00034095762058714956,0.4240754968296629,0.5381733800016805
1-0,1-0,0.0002679044154007305,0.41542238238723267,0.5469213980648177
1-0,1-0,0.0002829306859172725,0.4665136556670199,0.49719929676903396
0-1,1-0,0.00026696523268106666,0.4142229278050928,0.5482553817772697
1-0,1-0,0.0002394925187657181,0.475300856989265,0.4865590849206906
1-0,1-0,0.0003475028916206384,0.43955495823122875,0.5229090601930072
1-0,1-0,0.0003250334395572426,0.5043738807917274,0.4595731628572581
0-1,1-0,0.0003816265456073106,0.43315925959738544,0.530798627426816
0-1,0-1,0.00023928645587175073,0.5144593093745523,0.446772192550941
0-1,1-0,0.00032766863891377023,0.4664489747721186,0.4974371384907064
1-0,1-0,0.0002597934142252051,0.41968319461118064,0.5460709981968863
0-1,1-0,0.00027572113011025936,0.4600108015375493,0.4834943553920943
1-0,1-0,0.0003189868071601415,0.468307062985203,0.4931455536849885
1/2-1/2,1-0,0.00022156422732041157,0.4727063205252456,0.490491852402651
0-1,0-1,0.0002347678785368946,0.5311765600954276,0.4343771734697118
0-1,1-0,0.0003585161283544909,0.4481568168686614,0.5149610949901896
0-1,1-0,0.0003035705331694313,0.4951106707698301,0.46680181342036303
0-1,0-1,0.0002350380838496956,0.5193686014051815,0.44316942838789997
0-1,0-1,0.000392180089000246,0.70680520812579,0.2551817471804652
1-0,1-0,0.00022851299263351455,0.5087266234793107,0.4527721162127449
1-0,1-0,0.00025009612825396506,0.47292207335689207,0.4882819363763825
0-1,1-0,0.00037352536400044105,0.4227978488408513,0.5396574167121497
1/2-1/2,1-0,0.0002850181376122348,0.5042756234163872,0.45878758990195867
1-0,1-0,0.00030932980843441924,0.4408849811874262,0.5203600856472158
0-1,1-0,0.00033702546186389833,0.45301442242545553,0.508903576807606
1-0,1-0,0.00023480774612513915,0.454770768091118,0.5069498348629704
1-0,1-0,0.00031025568532202575,0.4525852928763897,0.5121977133571989
1-0,1-0,0.00022665719158685685,0.47983004141500296,0.4811998935214068
0-1,1-0,0.000341991090115625,0.4440688798074551,0.5173307228122472
0-1,1-0,0.00030899215910290876,0.44383756925323997,0.5209327833187212
0-1,1-0,0.000369540531621454,0.449215354847788,0.515014825549477
1-0,1-0,0.00032978461799015467,0.4411045633039938,0.5239816046909441
1-0,1-0,0.0002353798117407231,0.435684810089097,0.5257282936843456
1/2-1/2,1-0,0.00026056419372298174,0.46200925859344555,0.5005486756997582
1-0,1-0,0.00036539752487560267,0.433427095572336,0.531142608815288
0-1,1-0,0.00029076682432385687,0.4981965903186471,0.46520091049409223
0-1,1-0,0.00032633917516831077,0.47885386685765735,0.48242332040124036
0-1,1-0,0.00023098140856491937,0.4971231459962748,0.46576332173304485
0-1,1-0,0.0003401067147254178,0.44755721221255707,0.5138249354390881
1-0,1-0,0.00023743920799531684,0.4408924041469712,0.520620089754293
1-0,1-0,0.00031166089371644125,0.4812892009133064,0.47989288165933114
1-0,1-0,0.000338046467484633,0.4043144723732371,0.5599791187940404
1-0,1-0,0.00022827902682745087,0.4522625513217438,0.5104615010428969
0-1,1-0,0.000223346388011021,0.4688693609651697,0.49416275771517193
1-0,1-0,0.00025745806995218517,0.43410510814280856,0.5287441246918637
1-0,1-0,0.0002901510428119171,0.4330646200221259,0.5295141678808062
1-0,1-0,0.0003203780675693169,0.3970855354872897,0.5650714941188401
0-1,1-0,0.0002466690811573437,0.4295636787516706,0.5323906092408859
1-0,1-0,0.0003293376533019569,0.42986567405507,0.532880725807906
0-1,1-0,0.0003196246381115737,0.4473445162128286,0.5174593408542939
0-1,1-0,0.000268438736431504,0.4823868799954839,0.47937347416698745
1-0,1-0,0.00022276834144355017,0.476149241996198,0.48866064216528643
1/2-1/2,1-0,0.00034359870272121214,0.4571057251412879,0.5073466917748688
0-1,1-0,0.0002717707808923212,0.44256661717179424,0.5160884292824405
1-0,1-0,0.00024204807143348036,0.4216451942384386,0.5405749069157211
0-1,1-0,0.00024202666485563157,0.48308287591484483,0.4788065930525494
1-0,1-0,0.00033108988965194436,0.4333511277368571,0.5312049737733564
0-1,1-0,0.0002834201064063314,0.4961598595694026,0.46598675895678277
0-1,1-0,0.0003658305202695701,0.4384537374605676,0.526034477380381
1-0,1-0,0.00028563162382332736,0.44422717607905754,0.5186855048132243
1-0,1-0,0.0002754854360800393,0.49314017870182497,0.4708037162586032
1-0,1-0,0.00030723638492769444,0.44695973923163224,0.5153940820289264
1-0,1-0,0.00030507332990455354,0.4681822516610987,0.49292820989815045
1-0,1-0,0.00027043740851999035,0.5104059903811363,0.4507550117031015
1-0,0-1,0.00025474992718293007,0.544535740856593,0.4175000129938941
1-0,1-0,0.0002787436562985358,0.504564075843722,0.4569094772369351
1-0,1-0,0.00027031084788005344,0.4011252170191388,0.5612573144773034
0-1,1-0,0.00029700622741038235,0.4367514471545208,0.5248481340243399
0-1,1-0,0.000278884332050621,0.4403042390896341,0.5224047524633287
0-1,1-0,0.00024149004491904328,0.4614419376504817,0.5013338574337936
0-1,1-0,0.00029240926030581796,0.48902644239322385,0.472207447370982
1-0,1-0,0.00023736373260554438,0.499527765957232,0.461616307090369
0-1,1-0,0.0002721139558803434,0.46807792474243676,0.49669791886032194
0-1,1-0,0.00034408393939054644,0.45339733416044686,0.5096714678069633
1-0,1-0,0.00022947001415669457,0.4518850183709955,0.5095888327590681
0-1,0-1,0.0003345213593121266,0.5600739598845222,0.4015945702542875
0-1,0-1,0.00025096506000622316,0.5288861918641685,0.4329691688895327
1-0,1-0,0.00023062107844185522,0.5049571922121271,0.45715691495187566
1-0,1-0,0.0003834068032342936,0.42183047076712504,0.5410287400835383
1-0,1-0,0.0003173876508329614,0.4823580352939543,0.47874463162362396
0-1,1-0,0.0003594161317829322,0.4278957788768055,0.5370814045200579
1-0,1-0,0.0002456240043059836,0.43895387959072585,0.5277037344144215
1-0,1-0,0.00023229627198149332,0.5032760305421891,0.4584659380064116
0-1,1-0,0.00024987309151357624,0.44639311318844804,0.5151219631537031
1-0,1-0,0.00024575128845916085,0.5054363893332887,0.4556261657700003
1-0,1-0,0.00024649650039590995,0.4377027006468594,0.5254535398132502
0-1,0-1,0.00033433017266882426,0.5710504914295542,0.3906487975654966
0-1,1-0,0.00031775470255125107,0.42943517679013116,0.5324679248596416
0-1,1-0,0.0003137853583445857,0.50992828717012,0.4512451553166926
1-0,0-1,0.0002448276670021127,0.5180670882947975,0.4439688499791119
1-0,1-0,0.0002731448218818175,0.507276661679145,0.45432856766767676
0-1,1-0,0.00024602957750258887,0.4676884639025462,0.4955750047509202
0-1,1-0,0.0002289359664060588,0.4943101296017126,0.46777202853019506
0-1,1-0,0.00022186978358758861,0.5076719045514494,0.45399453238346116
1/2-1/2,1-0,0.00025203545566397867,0.4288483435645474,0.5377960851224376
0-1,1-0,0.00025799210333944336,0.42177843000883464,0.5438984366905978
0-1,1-0,0.0002645611904847964,0.43604945240592885,0.5255160248942612
0-1,1-0,0.0002437050451613584,0.5084849594669753,0.4526197123019331
1-0,1-0,0.0003292559268557816,0.47037093510936334,0.49234124741299906
0-1,1-0,0.00034924636928909355,0.437865299338202,0.5233748275600638
0-1,1-0,0.00030489160638644556,0.4635477050513153,0.49764559744286097
1/2-1/2,1-0,0.00025470240743865973,0.4943434439728325,0.46899922970946206
1-0,1-0,0.0002860720195574247,0.4842464345218962,0.47717592688967775
0-1,1-0,0.0003735029185047918,0.4409969458621542,0.5229560353557016
1-0,0-1,0.00027288198985945584,0.5188878604736058,0.44347593539282815
0-1,1-0,0.0002802889631998694,0.4854239263894959,0.4766481923873703
1-0,1-0,0.00023482098230338472,0.49292726332881354,0.46747849829691224
0-1,0-1,0.0002693087456596048,0.5793787741498899,0.38171927509710046
0-1,1-0,0.00023654952048751917,0.481624990248795,0.48290335612152707
1/2-1/2,1-0,0.00023847643227461966,0.5080985687896965,0.45227608714276185
0-1,1-0,0.00032968708133434307,0.4243550289536983,0.5398033753279561
1-0,1-0,0.00024243831115531016,0.4887526293274383,0.47244414214588715
1-0,1-0,0.00023669856377814667,0.5046869197695742,0.45416323671108494
0-1,1-0,0.00024005683202594285,0.47746156804124684,0.4857614411185908
1/2-1/2,1-0,0.00022404098592670402,0.49105748894997364,0.4724675658663382
1-0,1-0,0.0002987290069051826,0.43993860006532765,0.5217539459699649
0-1,0-1,0.00024141766697696428,0.5318410111065571,0.4311349590098107
1-0,1-0,0.0003060398433862323,0.48721626940139395,0.47662905694254715
1-0,1-0,0.00022719117381884865,0.46170577913337035,0.5001425663106367
1-0,1-0,0.0003103212377706322,0.45274647084864567,0.5086653083438909
1-0,1-0,0.00029923899909979726,0.4785104562237934,0.48276260664534726
1-0,1-0,0.00036872169969242094,0.44880516113905616,0.5152801686933148
1-0,1-0,0.000307826209049725,0.46822996474603423,0.49669724244433583
1-0,1-0,0.0003599517741009835,0.42898475984025486,0.5345293961349178
0-1,1-0,0.0002966353438226618,0.4837238802374363,0.47800436286330655
0-1,1-0,0.0003300666473888961,0.4320600443445715,0.529053187914509
0-1,1-0,0.00022569560999162737,0.49944296979949704,0.46191553719574246
1/2-1/2,0-1,0.00025553654456047267,0.5301291476982499,0.43395730208875266
1-0,1-0,0.0002561492593034985,0.4557312533552333,0.5067323630077392
0-1,0-1,0.0002476970839059706,0.511973879128032,0.450060055013031
0-1,1-0,0.0003204301079364023,0.4554687596639324,0.505710093629844
0-1,0-1,0.0002509525265456747,0.515273297243046,0.4458045491629598
1-0,1-0,0.00027879185965145193,0.49968929179659743,0.46135469280105723
0-1,1-0,0.0003028385799160886,0.4896257629628215,0.47141137116275733
0-1,1-0,0.00033988048557106104,0.4705146491483546,0.49356002696168244
1-0,1-0,0.00027830805952033376,0.45140468979465026,0.5098827843200389
0-1,1-0,0.000312580192492549,0.44819422327317104,0.5166741854001213
0-1,1-0,0.00031575182301860684,0.4887853705909111,0.47274830164331194
1/2-1/2,1-0,0.00028295563612516913,0.47733439689188856,0.48627887242955103
1-0,1-0,0.00028822697102341173,0.4256324254425918,0.526971550819097
0-1,1-0,0.00031900249721236767,0.4500394925609883,0.5133658986380699
0-1,1-0,0.00036395190498512585,0.44654418052425,0.5165987442751961
1-0,1-0,0.000246831295060085,0.47209560014469815,0.4892632686208913
1-0,1-0,0.00023026792853498825,0.48935250058761154,0.47191134547220487
1-0,1-0,0.00024942224569209244,0.4125904145122744,0.550424821369976
1-0,1-0,0.00032609781080015127,0.4492485433718971,0.5120558390961335
1-0,1-0,0.0003695220098450163,0.44794213589758997,0.5163847192777548
1-0,1-0,0.00023024379081770463,0.4470278287178683,0.5160373487598019
0-1,1-0,0.0003395647677008932,0.43674063870965935,0.5268621132618955
0-1,1-0,0.00034636653958401356,0.4497352331426329,0.5115943165499759
1-0,1-0,0.00032677902093419207,0.4302494254500139,0.533004335903705
1/2-1/2,1-0,0.00023144094576000503,0.4811733866410046,0.4800791016703724
1-0,1-0,0.0003682246843983257,0.4092357662063996,0.5560920532362028
0-1,0-1,0.0004192949172578376,0.6852340172721689,0.2761421795306928
1-0,1-0,0.00036107930463689957,0.4117868912206863,0.5537328505165979
0-1,1-0,0.000330341916300446,0.4361079173202751,0.5255526588158175
1-0,1-0,0.00026953960285511073,0.45953785759291627,0.5022170701118064
1-0,1-0,0.001498895881862197,0.4477086295949224,0.4570166674549174
0-1,1-0,0.0003309537572692663,0.44282648819560966,0.5215431987473373
0-1,1-0,0.00022534854678885516,0.47745847843450695,0.4850183029083818
1-0,1-0,0.00030002550777614675,0.43994352341262544,0.5249842035412673
0-1,1-0,0.000308323130826548,0.4337841594049115,0.5292831555681363
0-1,1-0,0.00028627107709448027,0.49005630941836104,0.47180953294511
1/2-1/2,1-0,0.000314833975827351,0.43665373295621784,0.5059965956506511
0-1,1-0,0.0002636526854709349,0.4228242163580568,0.5403033120708071
1-0,1-0,0.0003598629289351219,0.43117205123870384,0.5325447278176455
1-0,1-0,0.00024170182927472824,0.5002723677094875,0.46231806126213487
0-1,1-0,0.00022566820575735941,0.46461151561623515,0.4979312165300229
1/2-1/2,1-0,0.002331477592728196,0.2678474023875499,0.41918096661073945
1-0,1-0,0.0002772644500257095,0.40785710656510854,0.5537448537163017
0-1,1-0,0.00025219529306108916,0.4665774391112032,0.496293753019944
0-1,1-0,0.00024834048588537804,0.453370430191976,0.5086827730505779
0-1,1-0,0.00027596945336847274,0.4350991038211776,0.526990846279671
0-1,1-0,0.00024845902285108276,0.5006563792347944,0.4615332398829274
0-1,1-0,0.00022998004054355155,0.4866530558495175,0.47455914153716783
0-1,1-0,0.0002942699406731445,0.4985106892517487,0.46411091976240526
0-1,0-1,0.00023750190504975767,0.515865185431195,0.4455615579628473
1-0,1-0,0.0002892693428670579,0.43156270841778943,0.5331094004211535
0-1,1-0,0.0003592347773579901,0.4288354755365246,0.5356903335714709
0-1,1-0,0.0003396402414204083,0.4742030473784277,0.4873098817957672
0-1,1-0,0.00031275235559978737,0.44764389735934074,0.5142330137405982
0-1,1-0,0.0002802570525038692,0.5001326883623337,0.463765554873626
0-1,1-0,0.0002307357071441335,0.4614606417913868,0.5003301323236214
1-0,1-0,0.00026016819854231526,0.4082015188610225,0.553513421679988
0-1,1-0,0.0003581234600369489,0.4474630683028839,0.5151987854958274
0-1,0-1,0.0002351377628250239,0.5129195271840811,0.4487922417868262
0-1,1-0,0.0003527186076085524,0.43464595233171655,0.5273433584864723
0-1,1-0,0.0003712662744439936,0.4406678563341865,0.5223689579424596
1-0,1-0,0.0002450190617074819,0.4612028308400345,0.5010081240276988
0-1,1-0,0.00030076966006119054,0.4796487747603099,0.4815538180404997
0-1,0-1,0.0002485915572258516,0.5479063636059424,0.4135415601366824
0-1,0-1,0.00024169022805618163,0.5175393473514315,0.4441766258566222
1-0,1-0,0.000245643974438789,0.4606268720000842,0.5005303162981387
1/2-1/2,1-0,0.00023066207676438355,0.4497939335954147,0.5135609707400957
1-0,1-0,0.00023422185186459628,0.4747445763269599,0.48753616448476916
0-1,1-0,0.0003240832256503911,0.4322366424443106,0.5294826067652973
1-0,1-0,0.00023566048723233762,0.44738753901438233,0.5147593246840625
1-0,1-0,0.00032808333057799804,0.41386315923671013,0.5505759631053687
1-0,1-0,0.0002527307150311729,0.4089220258185631,0.555080589286352
1-0,1-0,0.0003454820074936304,0.47115450321983754,0.4911040773611637
0-1,1-0,0.00033428048208408056,0.44267832684685066,0.5221879416497515
1/2-1/2,1-0,0.0002504063225013191,0.41758994321753573,0.5444744557804018
0-1,1-0,0.0003561985812763796,0.44007880807857735,0.5214646756310103
0-1,1-0,0.00036282530959053354,0.4233918709062566,0.5391757033719585
1-0,1-0,0.0003600972389828014,0.43049776019459984,0.5332283162351583
1/2-1/2,1-0,0.0002686401355320864,0.4893198099545932,0.4742278845680572
1-0,1-0,0.00024937569510600984,0.4546035902132334,0.5074248200389331
0-1,1-0,0.0002336058493170331,0.43916245298886236,0.5223202412095163
1-0,1-0,0.0003338079725197687,0.45781768921525773,0.5032905126362401
1-0,1-0,0.00022963621694696812,0.4953032861603468,0.46683993332334733
0-1,0-1,0.0002694099758818607,0.5193316095231122,0.44369697744783265
1-0,1-0,0.00028338170355958676,0.4077944967748483,0.5485544706939586
0-1,1-0,0.0005769068239170518,0.39694889493234303,0.44672821632186205
1-0,1-0,0.0003786693946966107,0.42599758916316915,0.5371031840040648
0-1,1-0,0.00027222251077994,0.4480980519794833,0.5136801403737465
1-0,1-0,0.00033565300774627925,0.43744529618321754,0.5273280057094503
0-1,1-0,0.00027449202515797167,0.4836927649702659,0.4793627418217262
1/2-1/2,1-0,0.00027515673075115764,0.4685158383946245,0.4951857085258981
0-1,1-0,0.0003268523072925196,0.45343135787743183,0.5078049878424461
0-1,1-0,0.00034036374236336457,0.43166805800712993,0.5309793709500663
1-0,1-0,0.0002748920273028618,0.4580736360374451,0.503690385035956
1-0,1-0,0.00025003456646336444,0.48487933303495684,0.4779816499750817
0-1,1-0,0.00026673605765532567,0.49213912431187523,0.4698030833825675
1-0,1-0,0.00022301559184933573,0.4942817480915754,0.4684876627455473
0-1,1-0,0.0002990301425494425,0.4212513747981489,0.5432132506772914
1-0,1-0,0.00029390540857354225,0.4359274971370065,0.5127414788149006
1-0,1-0,0.00030831075849472466,0.45108469158885267,0.49874215295465296
1-0,1-0,0.0002514464728834636,0.43269585981777164,0.529811208281539
0-1,0-1,0.00030709913075277517,0.5264894018736512,0.43451022497972996
1-0,1-0,0.00030711938016753077,0.42059360973880977,0.5439607324352779
1-0,1-0,0.00034531414602118917,0.4568680173179244,0.5046861652101732
1-0,1-0,0.00024074724079174356,0.44466304552040686,0.516463861187576
0-1,0-1,0.00023059538861616607,0.5446217112630076,0.4207588338068214
1-0,1-0,0.0002685964048661079,0.4505916918458828,0.5133262843792292
1-0,1-0,0.00024986049924638915,0.4683342899553965,0.4936922502543537
1/2-1/2,1-0,0.00023054352538105945,0.5042738305322327,0.4578810802940823
0-1,1-0,0.00033011466690901033,0.4230916649905904,0.5381301791259264
0-1,1-0,0.0002271406932097201,0.4975328530291389,0.463757118500051
1-0,1-0,0.0002557121831015521,0.49733650151121084,0.4637650971605865
0-1,1-0,0.00036454863030819325,0.4421749438209079,0.5201409982864609
0-1,1-0,0.0002805338523324992,0.48323523547653685,0.4786280130568606
1-0,1-0,0.0002333772089531731,0.46993149729577965,0.4914469937956659
0-1,1-0,0.0002750950658987392,0.4856233254765721,0.4766273118501085
0-1,1-0,0.0002216364331456794,0.503323838535908,0.4670890119998441
0-1,1-0,0.00034499699930300295,0.42902518243204263,0.5321186747825427
0-1,1-0,0.0002365074084262251,0.43757530818685475,0.5242603452679024
1-0,1-0,0.0002640732783217122,0.4396271267374134,0.5225658108035429
1-0,1-0,0.00022913134536191223,0.4482916297054379,0.5149876624303361
1-0,1-0,0.0002844993813443609,0.4712421541591623,0.49131474387182283
1-0,1-0,0.00023675138269663157,0.4844544077077584,0.4767176841918
1-0,1-0,0.00023321845930126197,0.4550733925703534,0.50787957095534
0-1,1-0,0.00031461585962039035,0.48415388956307587,0.4785003736107268
1-0,1-0,0.00028890256705025425,0.44217405280650834,0.519186266209655
1-0,1-0,0.0003024442226832007,0.5002014497426018,0.4609953629125643
1-0,1-0,0.0003829644002277435,0.42849451663321836,0.5363067455683819
0-1,1-0,0.0003155345251767883,0.4671082002786933,0.4961079395763429
1-0,1-0,0.00023103001565771678,0.45973088015144636,0.5016946078267431
0-1,0-1,0.0003416767778656726,0.6148343493038166,0.34714563013940186
1-0,1-0,0.00035847178517264144,0.4609271755846418,0.5032312758532087
0-1,0-1,0.0002760835551564321,0.5396545225854072,0.4218044276457805
1-0,1-0,0.0003141647962935974,0.4723506496989509,0.4908452484234783
1-0,1-0,0.0003236536892826443,0.42101608131397295,0.5429308727597234
1-0,1-0,0.00033449078638525683,0.4604762141107704,0.5020615209368907
0-1,1-0,0.0002809116258499613,0.47835570732839655,0.4865874338736252
1-0,1-0,0.00027308681113034477,0.49486330298234077,0.4661983526186525
0-1,1-0,0.00035082290107563087,0.4393218797287007,0.525414754402366
1-0,1-0,0.0003524560346207848,0.4135331574377939,0.5481817919489016
0-1,1-0,0.0003577573810741754,0.4286559951661292,0.5353463237139808
1-0,1-0,0.0003164594500071705,0.4705127786855225,0.49065963534834656
1-0,1-0,0.00026888220010655965,0.4657985713911552,0.4976232640257591
1-0,1-0,0.00024360039899210453,0.4731273190463451,0.489067018335732
1-0,1-0,0.00033741480824873353,0.43616991244457864,0.5267075057786695
0-1,1-0,0.00034395003176000276,0.456503440419766,0.5054019093966867
0-1,1-0,0.00033669542963528864,0.4568973609933284,0.5056666460266124
1-0,1-0,0.0002413086489357725,0.4415023299058822,0.5229910419848903
1-0,1-0,0.00037808375458843273,0.4247894657344263,0.5377251466727557
1-0,1-0,0.0002802638260681524,0.43536313655044856,0.5262410733180498
1-0,1-0,0.0002403498272979755,0.4630174163474054,0.5004320948468184
0-1,1-0,0.0002767311872701594,0.5008866970896033,0.4604161661107367
1-0,1-0,0.0003830608595432017,0.40952536854789806,0.55514774072633
1-0,1-0,0.0003959116387286326,0.42129153437191735,0.5435702497880104
1-0,0-1,0.00025325839953004714,0.5221672276414707,0.44185559417216863
0-1,1-0,0.0003248758293779573,0.4695040002643396,0.4936987104125515
1-0,0-1,0.00021877476273194252,0.5194070380629829,0.443410591317512
1-0,0-1,0.000279996849604628,0.5324791609561464,0.428524829592222
0-1,1-0,0.0003343928464510049,0.42613153256688924,0.5383826245914063
1-0,1-0,0.00023019773631340854,0.44712489004073375,0.5145703834428998
1-0,1-0,0.00031528281815238374,0.46584460842320147,0.49542442610863363
0-1,1-0,0.00036315613512825776,0.4474477500685659,0.5154623488110415
1-0,1-0,0.00021938717609395588,0.4841327005239326,0.4781818044405627
0-1,1-0,0.0002895022471944317,0.44838360915784947,0.5138041444322431
0-1,1-0,0.00022949628269503937,0.4590393176659513,0.5062102722643758
1-0,1-0,0.00023250902056410626,0.44998141395087754,0.5116540278555384
0-1,1-0,0.0002533234910660757,0.43859787440922854,0.5227085181015572
1-0,1-0,0.00027408844124220686,0.46686255426364304,0.4946578095576801
0-1,1-0,0.0002782627196071708,0.49589654332947536,0.46786996285704596
1-0,1-0,0.0002247728645007823,0.4779020690152049,0.48454277171876403
1-0,1-0,0.0002564844018729709,0.43445392021224677,0.5273405316954705
0-1,1-0,0.00026102021256854116,0.4915131129358138,0.472040764246432
1-0,1-0,0.00024982767360819927,0.45703474173018,0.5043698583790619
0-1,1-0,0.0003011724652141512,0.4540116492167063,0.4966150449111587
1-0,1-0,0.00024502547548594034,0.4681689499220057,0.4942597067571301
1-0,1-0,0.000240838006865238,0.43110126872814986,0.5307862276547883
0-1,1-0,0.0002786568368732305,0.43379107797516764,0.5295640647406433
0-1,1-0,0.0002305072943795183,0.44810042586053733,0.5161457209306467
1/2-1/2,1-0,0.00033201554469788365,0.42188532501275716,0.5416627095001675
1-0,1-0,0.00038812356237389906,0.42263746952221354,0.5415158353508429
0-1,1-0,0.0003750281232168495,0.4217523079929435,0.5430879634132708
0-1,1-0,0.00040967800135899274,0.40881271172613176,0.5566199739444879
1-0,1-0,0.00024266836771161872,0.48053414174358305,0.4822245194512352
1-0,1-0,0.0003179251090201068,0.4267119342515979,0.5347407951970086
1-0,1-0,0.0003069871359170471,0.4618669546508526,0.4998811626513744
0-1,1-0,0.00028059040064149025,0.43626760437225043,0.528128328433041
1-0,1-0,0.0003557251524419102,0.4487829857961536,0.5144114673752155
0-1,1-0,0.0002357389888669329,0.5056167804551899,0.4566704990089239
1-0,1-0,0.0002454736016770899,0.49309377862189685,0.469789980485376
0-1,1-0,0.00024542306603129923,0.49252751764230185,0.46937319538999556
1-0,1-0,0.0003727878048052731,0.4319840466261765,0.5313107290742151
0-1,1-0,0.00032875795656918546,0.4385633750564068,0.5227408965662249
0-1,1-0,0.0002991495385809173,0.490325046984212,0.47115319397401906
0-1,1-0,0.00027792260345923305,0.4736345368196405,0.4894265118997951
0-1,0-1,0.0003091093044112501,0.5474117641097973,0.41422465049247703
1-0,1-0,0.0002996340718645079,0.4229089358238985,0.5415141128089422
0-1,1-0,0.0003135459696688443,0.4588403370961025,0.5048598748076927
1-0,1-0,0.00023632779851508878,0.43155937862684673,0.530460009950969
0-1,1-0,0.00031229895043817046,0.4327238546038864,0.5305767604413342
1-0,1-0,0.00033058482904653116,0.4310634476800182,0.5301920810774092
0-1,1-0,0.00023030145935523197,0.4563728415788835,0.505590816903889
0-1,1-0,0.00036201324184540184,0.44339574582904,0.5211957164062804
0-1,1-0,0.00025832382156707617,0.4362694148094231,0.525296625561605
1-0,1-0,0.0003794077448984541,0.4112915203429846,0.5519359227428152
0-1,1-0,0.00022019409445330176,0.4886512288928724,0.47789216633479664
1-0,1-0,0.00034134199226607995,0.4349974707046843,0.5286075689424172
1-0,0-1,0.00028420722328032443,0.5219112792407241,0.43993972648797164
1-0,1-0,0.0003247509184728417,0.4790339351323128,0.4825402259925839
1-0,1-0,0.00033615790705807157,0.4590908003247676,0.5020413868271075
0-1,1-0,0.0003187455515270143,0.4267714464531276,0.5380251116817293
1-0,1-0,0.0003123296892078026,0.47042652519192496,0.49101321171874246
0-1,1-0,0.0002450893098443343,0.4312930972727955,0.5298832545137108
1-0,1-0,0.00032534755072610293,0.44192779424727824,0.5228706490542142
1-0,1-0,0.0003014424872989659,0.4478955805664215,0.5141617731477347
1-0,1-0,0.00024139166095606194,0.4218848137062524,0.5395044792449105
0-1,1-0,0.0003231961846440079,0.437867455777657,0.5237233715731173
1-0,1-0,0.0002535739858766916,0.4111966580204985,0.5532986359213155
0-1,1-0,0.0003674346743439572,0.4433419551744122,0.520649981732211
0-1,1-0,0.00023253409631328315,0.4396205399081961,0.5219890489849858
1-0,1-0,0.0003001152673308001,0.4218122928757573,0.539711296747443
0-1,1-0,0.00038432401115423125,0.4336693805357244,0.5307546800700582
1-0,1-0,0.00022817480874495153,0.45313425279107,0.5097881579504475
1-0,1-0,0.0002536508707278377,0.44657308999715933,0.5175031858529154
0-1,1-0,0.00022293464141733802,0.5109434136594969,0.45065793530683307
1-0,1-0,0.00027976752060815933,0.49783265927393244,0.4632796975286878
0-1,1-0,0.000268698934993241,0.49037207835645036,0.4736340834805031
1-0,1-0,0.0002817575855569955,0.49757913311407215,0.4637210196192511
0-1,1-0,0.0003517089199876615,0.45073247436889985,0.513015720973514
1-0,1-0,0.00035696282279474846,0.44498169657272724,0.5168579590296704
1-0,1-0,0.0003269736538450558,0.4678924979596585,0.49373594485584044
0-1,1-0,0.0003329544474357526,0.4440734233528386,0.5170999539731213
0-1,1-0,0.00034988742507145455,0.4535621180735183,0.5088052665011994
0-1,1-0,0.000356125859594278,0.448059178350374,0.5157100256465139
0-1,1-0,0.000257351556049896,0.4975240005489188,0.463566094421505
1-0,1-0,0.0003814233176768632,0.4208881591752784,0.5426266872309379
1-0,1-0,0.000278102328095082,0.48716818729564176,0.4746757775269218
1-0,1-0,0.00025275686016227716,0.5047579928790323,0.45893095236701914
0-1,1-0,0.00031863515728242103,0.4781148799771879,0.48504972165818794
1-0,1-0,0.00022333648816156188,0.47339106957032195,0.49081039350085953
1-0,1-0,0.00033184929275262845,0.45665221216406177,0.5063911812926252
0-1,1-0,0.0002753990244135754,0.5050586465691475,0.4561229231471737
1-0,1-0,0.00037797602077413846,0.43151333400773956,0.5324690216050614
1-0,1-0,0.00035595231209094996,0.4348966402398661,0.52805113773309
0-1,1-0,0.0003077482893287657,0.504507971921224,0.456745997139857
0-1,1-0,0.0003373230898664918,0.44881144693874675,0.5133522132664465
1-0,0-1,0.0003034303017939576,0.5233533271754225,0.4380090851147083
1-0,1-0,0.0002430687826397812,0.43619345754978617,0.5291648684285358
1-0,1-0,0.00024905108386944684,0.4740405791113144,0.48840768819266417
1-0,1-0,0.0002591156556305592,0.4841766314019805,0.47746728360329205
0-1,1-0,0.00037164435763671676,0.4392544192339195,0.524787855319404
1-0,1-0,0.00037506762732862766,0.4280770637346213,0.5365076992325747
1-0,1-0,0.0002380861952306493,0.4432431444204329,0.5222532526152327
0-1,1-0,0.00026344541943154614,0.4393030605292547,0.5223561552216127
1-0,1-0,0.0003104283835298842,0.46016471122214225,0.5046628283794798
0-1,1-0,0.0002380569666531428,0.4346393313856851,0.5272350428113591
0-1,1-0,0.0003109239383378169,0.4292086111172608,0.535676981873148
0-1,1-0,0.00037576593318361287,0.4368963998901559,0.527710722533392
0-1,1-0,0.0002592138542321277,0.5052438164038733,0.4583734558423062
1-0,1-0,0.00030770840191152247,0.4616397659999698,0.5024629609077494
0-1,1-0,0.00028656180559776385,0.4778109859554179,0.4845348357115523
1-0,1-0,0.0003922354036808365,0.4222348713658123,0.5426308442754759
0-1,0-1,0.000241079471427706,0.5337176181756548,0.4274441881958127
0-1,1-0,0.00022221088122374613,0.47033900415752394,0.4928108338767399
1-0,1-0,0.0002765336868000791,0.4771346893342391,0.48393184849559207
1-0,1-0,0.0002655550866652331,0.49020383641950127,0.47267501952169166
0-1,1-0,0.00030795624037809613,0.4354674655225415,0.5276030272582026
0-1,1-0,0.00023730987999893716,0.44606768647285566,0.5150660604185637
1-0,1-0,0.00026342439179072904,0.47986664383704847,0.4831254864512883
0-1,1-0,0.0003088473390095176,0.47125846230240664,0.49053148853691864
0-1,1-0,0.0003487188010680104,0.4563993407117697,0.505228917645312
1-0,1-0,0.00023022147580226246,0.4787933934211678,0.4800604555667776
1/2-1/2,1-0,0.0002500201995254934,0.4409404473808989,0.5217705337152573
1-0,1-0,0.00023819730620755597,0.4559592992941222,0.505799475017235
1-0,1-0,0.00031843904577898423,0.4200978856403037,0.543186154646525
1-0,1-0,0.00034261240919490675,0.45360826115740577,0.5076454739427757
0-1,1-0,0.00024884958435050694,0.43387587635547964,0.529425237990725
0-1,1-0,0.0003664665634157197,0.4143454650764197,0.5507487250159626
1-0,0-1,0.000258803689264046,0.5176069625533662,0.44471780856777826
0-1,1-0,0.00031017303361623877,0.4281333608692005,0.5351582301553098
0-1,1-0,0.00037794581932894554,0.4390274257226257,0.52536990590548
0-1,1-0,0.0002442909212890463,0.4043197025117683,0.5576382194247577
0-1,1-0,0.000331590821766813,0.4465178446397689,0.5149685816370494
0-1,1-0,0.00022888731218873913,0.4785324457619078,0.4847877438416866
1-0,1-0,0.00023105732466019327,0.45520012696825246,0.5063787098653924
1-0,0-1,0.00025962871339074933,0.5280545080997409,0.43294487019558603
1-0,1-0,0.0003478350760303795,0.4758802461167313,0.48746271051083717
0-1,1-0,0.0002438363280556845,0.5037837839805809,0.46015530487486334
1-0,1-0,0.0002261869172524137,0.4475589252938368,0.5170996981328029
1-0,1-0,0.00032664287230858445,0.4342069262727791,0.5271015997203365
1-0,1-0,0.0003714847375591503,0.4269361664481898,0.5351664483196401
0-1,1-0,0.0002501080289241357,0.46066575235066726,0.5030349248493904
1-0,1-0,0.00023987860579491587,0.44065435008817516,0.5246096103215669
1-0,1-0,0.0003120558527078097,0.45769143913649835,0.5053030016195282
0-1,1-0,0.00025838777591171455,0.47167392850014245,0.4922758797979714
0-1,1-0,0.0002400056496059377,0.45787745082246273,0.5046297036612801
0-1,0-1,0.0003296220410497116,0.6419459878133599,0.31600910636197793
1-0,1-0,0.00031733775819444587,0.40575336894770153,0.5567032787852975
1-0,1-0,0.000257867022489396,0.5033434765886308,0.45773350508852567
1-0,1-0,0.00022336939096546712,0.48380011976584647,0.4779786068931272
0-1,1-0,0.0003095921817286231,0.4112930746610542,0.551095635646646
1/2-1/2,1-0,0.00025420950960060475,0.4142020861917599,0.5525313023098825
1-0,1-0,0.0003185414409947943,0.40706703353431545,0.5547477294468398
1-0,1-0,0.00032575549204301045,0.42042357230919275,0.5444541192172296
1-0,1-0,0.00024585870571514144,0.4237674184925912,0.5412342806778156
1-0,1-0,0.00023758075167166657,0.43444539855775255,0.527207739624992
0-1,1-0,0.0003790929752320929,0.4216778697896938,0.5422709815014914
1-0,1-0,0.00026035958860413743,0.49597738400966923,0.465120227582489
0-1,0-1,0.0002692645909358089,0.5118142933209421,0.4495035172267555
1-0,1-0,0.0002907964062335238,0.4368737931009354,0.5260681833535302
0-1,1-0,0.00031703589369890683,0.4461226709460846,0.5150867520946008
1-0,1-0,0.0003307639339246066,0.41994982559187016,0.5417905916688414
1-0,1-0,0.0011658628216267527,0.3237726761367281,0.4164669996416219
0-1,1-0,0.00026315857365267955,0.45740607470758715,0.5021373926095077
1-0,1-0,0.0003137293849820165,0.4364455224809466,0.5283089841603607
0-1,1-0,0.0002808799357098736,0.5022171340592009,0.45880950767895295
0-1,1-0,0.00021943874955684514,0.4986435787387423,0.4635149705430321
1-0,1-0,0.0002589972695049556,0.5057468491472418,0.4554749779729948
1-0,1-0,0.0002392257324699494,0.45088768569024484,0.5184175246519555
0-1,1-0,0.00026089134242732724,0.4875208648068836,0.4743290099551686
1-0,1-0,0.00030719348250912747,0.46775734030477156,0.49335479854271663
0-1,1-0,0.00027823781820124024,0.4671717856916882,0.4944526835156579
0-1,1-0,0.00035841412456440283,0.4595899963105998,0.5047337602195003
0-1,1-0,0.0003053128236147485,0.4714957412256303,0.45143354948861475
0-1,1-0,0.00023645046553991608,0.43823891343863325,0.5241766963781997
1-0,1-0,0.000337174864748144,0.4642033134839415,0.4972888906781544
1-0,1-0,0.00038780604953813274,0.429059476217788,0.5351714468959937
0-1,0-1,0.00023358499580348658,0.5101561845334089,0.4487445903901097
1-0,1-0,0.00023628572701719713,0.45498708913002744,0.5023603153677969
0-1,1-0,0.00026774922667617193,0.487804643909307,0.47339474526740594
1-0,1-0,0.00022971838009624594,0.4551222330904292,0.5072343659819886
0-1,1-0,0.0002574043028354058,0.47162121457630757,0.4910941243770872
1-0,1-0,0.00024115093404497584,0.46959788469159386,0.49184428552787623
1-0,0-1,0.0002639380034212191,0.5176376806987204,0.4434718236903825
1-0,0-1,0.001245197014390387,0.48481340133828005,0.43038882656301375
1-0,1-0,0.0002651560630237897,0.4565817536904984,0.504955369306976
1-0,1-0,0.00025917775679854996,0.45946511895507314,0.5023004215021272
0-1,1-0,0.000360133433117411,0.42467009987432136,0.538668475112375
1-0,1-0,0.00024940104747329944,0.4380894859891976,0.5267836217450333
1-0,1-0,0.00024273752138422416,0.4195252921030542,0.5421432330989573
0-1,1-0,0.00024336828705122393,0.43007920134512756,0.5318176871887726
1-0,1-0,0.000280488736059559,0.46537906267969165,0.4869372706794931
1-0,1-0,0.00032306624583083193,0.5077716093106239,0.4532688855666213
0-1,1-0,0.00033022502477216546,0.42275445817880913,0.5402815907917923
1-0,1-0,0.00022514157608551443,0.48132568743450743,0.4810097698035463
0-1,1-0,0.00022497855142137108,0.47454033399578854,0.4906660694212597
1-0,0-1,0.00023680808278768068,0.5250047885846278,0.43666113780829147
0-1,1-0,0.0002327413336232191,0.5065642282381095,0.45545132811561234
1-0,1-0,0.00028142881249970474,0.48601333089494503,0.4753378291452789
0-1,1-0,0.0003201865533085995,0.4425577964024978,0.5216567770837036
0-1,1-0,0.0003685362273748409,0.4288646267864874,0.5357400683248704
1-0,1-0,0.0003601235521652754,0.44115770091353024,0.5208126753233586
1-0,1-0,0.0002629035383649684,0.47763468734687103,0.4875986347543231
0-1,1-0,0.00023409158794740945,0.4740228879503681,0.4875810668983993
1-0,1-0,0.0002509138526191678,0.4575478182884394,0.5036389041074774
0-1,1-0,0.00036950748857893706,0.43581035737291235,0.5269074999148389
1-0,1-0,0.00026584070339749616,0.4534934530209392,0.5100263918735872
0-1,1-0,0.00023697097905923505,0.4667666249556881,0.5039204355944925
1-0,1-0,0.0002688913985127637,0.4626477562716337,0.5019642056702592
1-0,1-0,0.0003289908321593876,0.46901965820186503,0.4932283652868034
1-0,1-0,0.00035696577771086933,0.41184700917439704,0.5500597687251861
0-1,1-0,0.00023874428340832306,0.4521295710779262,0.5089944328436976
0-1,1-0,0.00024961472717632865,0.5012430500605262,0.46363283474476275
1-0,1-0,0.0003452148852463798,0.4683146683182445,0.4935579928014908
0-1,1-0,0.00033786407085460913,0.4511625108602196,0.5099838525322813
0-1,1-0,0.0002856690671957403,0.43868420780313516,0.5226438954766782
1-0,1-0,0.0002354795650215922,0.47181145808159464,0.48942648253493964
0-1,1-0,0.00026713195275888485,0.46364361963095907,0.4987914724008514
1-0,1-0,0.00024665290442781696,0.49128522365606586,0.470038257507671
1-0,1-0,0.0003493805842445623,0.42035857474604854,0.5418845580804366
1-0,1-0,0.00030942948616158805,0.4328213504543431,0.5300003802434095
1-0,1-0,0.0002617044761516114,0.5092576646149501,0.45351447601091777
0-1,1-0,0.00022135051145940915,0.4768710984236959,0.4860695734591395
0-1,0-1,0.0003943199267222746,0.6568040409272856,0.304671168589473
1-0,0-1,0.00025731679056599694,0.5159627182401962,0.4484845094829554
1-0,1-0,0.0003454945888187782,0.4492365166220455,0.512200480647084
0-1,1-0,0.0003460705311249767,0.4274654549650424,0.5338243053097991
0-1,1-0,0.00038861206473339213,0.4229381688809892,0.5406021414129357
0-1,1-0,0.0002881083422493742,0.4794035621286385,0.48291019712358996
1-0,1-0,0.0002568782689652332,0.47500654462476105,0.4889803082924948
0-1,1-0,0.00037960522618747455,0.42975376286219835,0.5341996521724941
0-1,1-0,0.000357415349692301,0.43930644023657106,0.5255797059091402
0-1,1-0,0.0003629427497423583,0.4402677624195459,0.5232326212710434
0-1,1-0,0.00035507539048262334,0.4411402146703716,0.5231344636302976
1-0,0-1,0.0002453257564190276,0.525235181941979,0.4381054504920315
1-0,1-0,0.00033823190917251313,0.46547644621496315,0.49578098898296363
0-1,1-0,0.0002203568958787568,0.48475336500072835,0.4782311266633416
0-1,1-0,0.0003665388096667975,0.4186864819698992,0.5427647422533666
0-1,1-0,0.000269360291143364,0.46677288129953154,0.49213375514720037
1/2-1/2,1-0,0.00040639197865127203,0.42915504056135817,0.4478621124582881
1-0,1-0,0.00023978254161265424,0.45427363652594555,0.5160276570589102
1-0,1-0,0.0003259959640480133,0.44923217382099895,0.5120684087273008
1-0,1-0,0.00022984257939784962,0.4505665584630743,0.5125858943547152
0-1,1-0,0.0003534267332638406,0.39034588396056147,0.570807494539041
0-1,1-0,0.00024130320381527057,0.4586670324434822,0.5045575760110602
0-1,1-0,0.00034730402605551305,0.45839060093960904,0.5041661732606547
1-0,1-0,0.00026203707828489935,0.47809390141511676,0.4856062740645439
1-0,1-0,0.000279674523899053,0.4429862303438965,0.518307814390647
0-1,1-0,0.00030352499985383975,0.4420271531193078,0.5215565692828104
0-1,1-0,0.00023403178095019638,0.4630511472267586,0.4988386531266761
0-1,1-0,0.0002616499387810165,0.44617933469997667,0.5162702049424436
1-0,1-0,0.0002999236665033992,0.4491254725295709,0.5124179242260891
0-1,1-0,0.00034498508430595644,0.4304005861826573,0.5324749325049755
1-0,1-0,0.0002487848080844846,0.48279225007922655,0.47914170028302944
1-0,1-0,0.00028516544988998707,0.4194849230597415,0.5441117261224289
1-0,1-0,0.0003471214270027434,0.40795211667524034,0.553394491760557
1-0,1-0,0.00024943603448108635,0.47500284895359274,0.48775581347682706
0-1,1-0,0.00023296187293272112,0.4444329382539908,0.5184239147218357
1-0,1-0,0.0002695806943374794,0.4680078208908942,0.4954742230154805
1-0,1-0,0.00022784246744554607,0.49887323307664516,0.4624057011697473
1-0,1-0,0.0003542964473305385,0.40532234453076255,0.5565544140736602
0-1,1-0,0.0002397622039947594,0.4748100349311645,0.4865681696621418
1-0,1-0,0.0003216098851620658,0.4501389090634112,0.5138193984627841
1-0,1-0,0.00022641846748623227,0.49167726932911054,0.47662491326959794
0-1,0-1,0.00025856530856920745,0.5188983667591102,0.44220461056991683
0-1,1-0,0.0003127083408842623,0.4657692221838176,0.49569008231675077
1-0,1-0,0.00027373801075868115,0.42537523865353105,0.5361833957363239
0-1,1-0,0.0002447912718294722,0.486342548240698,0.47750304634694013
1-0,1-0,0.00038725644724060647,0.4137733568229003,0.5496732496404116
1-0,1-0,0.00024675661093519793,0.4703733059664009,0.4943495912016263
0-1,1-0,0.0002620713972031002,0.4786405362251058,0.48493123972803587
1-0,1-0,0.00029061931551648993,0.47724257337220466,0.4863716228680496
1-0,1-0,0.00029796834116015635,0.45277714579024714,0.5106111736359296
0-1,1-0,0.0002274022295229523,0.4542607148795511,0.507665569569487
0-1,1-0,0.00023700627709529522,0.4469468620358035,0.5193061191332664
1-0,1-0,0.00022329220852850405,0.4624090094666711,0.5007057209029925
0-1,1-0,0.0002756490716291786,0.43170307771265853,0.5304475580963219
0-1,1-0,0.00035188768505254627,0.4520664982098234,0.5098920997933273
0-1,1-0,0.0002638478618650401,0.48005408255987825,0.482635062792851
1-0,1-0,0.000285124147130674,0.458450428330936,0.5058316321285891
0-1,1-0,0.00028651518291206195,0.4448044825523914,0.5185754089144505
1-0,1-0,0.00023633377026266146,0.4834809641857837,0.4781916149821836
0-1,0-1,0.0002622624036766581,0.5282363075344306,0.4328651588252884
1-0,1-0,0.0002687855952125621,0.42457021771860926,0.5375970011897427
1-0,1-0,0.0003569873650693437,0.4423391682060461,0.5195055763291913
0-1,1-0,0.0003593027565672251,0.4180869746891021,0.54563189693166
0-1,0-1,0.0002227382927850772,0.5787653389457408,0.39102608939862793
0-1,1-0,0.0003468403660042789,0.42899773492262433,0.5327137538717427
0-1,1-0,0.0002290821635341353,0.5098669654550029,0.4520451034867065
0-1,1-0,0.00028596889769182116,0.44386951158832255,0.5174939388800168
1-0,1-0,0.0002592074392033908,0.4936851865381924,0.4676395038302399
0-1,1-0,0.00028784476103550994,0.43303661282144407,0.5287320617766303
1-0,1-0,0.0003258209625456774,0.4713529649292115,0.49065758612746935
0-1,1-0,0.0002568060022653508,0.49133203964140776,0.46982524279493726
1-0,1-0,0.00035172422255413445,0.463925866667884,0.5002494259204092
1-0,1-0,0.000247358442398403,0.39891353552521497,0.5537231372662114
1-0,0-1,0.0002678670672696745,0.5702318640551364,0.3917667099926894
0-1,1-0,0.00022206895710941997,0.4742493084618363,0.4888042239041576
0-1,1-0,0.00023238937953411505,0.45431120886069937,0.5090002022353648
0-1,1-0,0.00033769753966058334,0.4932897167940689,0.46909042302970516
1-0,1-0,0.00025266989496346484,0.4569012098585079,0.49905965245566136
1-0,1-0,0.00026722221840453736,0.5087279851670885,0.4532438461752037
0-1,1-0,0.00034871105595568933,0.4433369918499313,0.5193500356765852
0-1,1-0,0.0002523265312003595,0.43378596592604446,0.5294933817443741
1-0,1-0,0.00023641633339453527,0.4599251864991422,0.5020663365327489
0-1,1-0,0.00022439316807909283,0.506674188005735,0.4563387478659173
1-0,1-0,0.0003176743980397251,0.4728589178005572,0.4882478728757996
0-1,1-0,0.0003397866287284017,0.4221249284887072,0.5425366804268538
1-0,1-0,0.00023793647712123714,0.5062726116485258,0.4549717830622636
0-1,0-1,0.00023634094300909304,0.5205343810175775,0.4385325936852721
0-1,1-0,0.0002835319190630013,0.45011212580474647,0.5120622996904478
1-0,1-0,0.00024052632752129233,0.4923290379051472,0.46899480306876906
0-1,1-0,0.0003320263709567876,0.4259519456181621,0.5108250650617732
1-0,1-0,0.00031494093935759035,0.4449115954026333,0.517062050293799
1-0,1-0,0.00027402155652348094,0.41789092508830045,0.5471970993618905
1-0,1-0,0.000277939392008745,0.41088729723203243,0.5555608357972609
1-0,1-0,0.0003298309069505295,0.4466068537987396,0.5145022314282256
0-1,1-0,0.00036000353400099746,0.4418806713423585,0.5200694917079004
1-0,1-0,0.0003158051666197471,0.4443288942604359,0.5174963403446131
1-0,1-0,0.0005373778603210511,0.45992456208912386,0.47475434368028363
0-1,1-0,0.00024705835978738297,0.42521133300093505,0.5360009905598866
1-0,1-0,0.0003612086526351366,0.4216166992404244,0.5415131893749259
0-1,1-0,0.00023884854158203215,0.4383563783793765,0.5235017121437211
1-0,1-0,0.000373896027323628,0.42573757169288184,0.5374329542431919
1-0,1-0,0.00024637959248022153,0.475637599964304,0.4865214215711811
0-1,1-0,0.0003274257815302705,0.44886639366311465,0.5123137939727884
0-1,1-0,0.00022902384764551242,0.45098305342240047,0.5107604377259922
1-0,1-0,0.00030230307431790114,0.45068842255190444,0.5119648498107046
0-1,1-0,0.00030403248313678175,0.4521539189449743,0.5103830646148321
1/2-1/2,1-0,0.00042634596752351173,0.40043797673512027,0.535315462962204
1-0,1-0,0.000315962553981638,0.45226099256596897,0.5105330625291514
1-0,0-1,0.0002494345243830285,0.5180656565897621,0.44296690639506986
0-1,1-0,0.00038874473277573343,0.4209273761335306,0.5438481372687677
1-0,1-0,0.0002735061702928163,0.43811855885630224,0.5227472539158037
0-1,1-0,0.00026625028367941497,0.4692307708676579,0.49465274003105403
1-0,1-0,0.0003963658742564899,0.4149985229703045,0.5498828830645054
1-0,1-0,0.0002600451807360167,0.40573809331214405,0.5597960593132792
0-1,1-0,0.00023714278266797543,0.49515391070127823,0.4658681278429704
1-0,1-0,0.00026036595259454673,0.44201197732463554,0.5196319262000089
1-0,1-0,0.0002679699704230765,0.4489924007258077,0.5138835699731935
1-0,1-0,0.001130036071725388,0.38099321337515146,0.4959818618392071
1-0,1-0,0.00022309896851148629,0.47449895358528293,0.4871873094026672
0-1,1-0,0.0002631701434984081,0.41436615717767444,0.5470841740800355
1-0,1-0,0.0003737267626575204,0.43298867828452375,0.5302637600707552
0-1,1-0,0.00035333849418213073,0.3975392301657224,0.5640433084841051
0-1,1-0,0.00025594163774870333,0.4273519722743476,0.5356499227467714
0-1,1-0,0.00025695511367234444,0.5008686990300507,0.46094287268723955
0-1,1-0,0.00032553900535470075,0.4767475351975014,0.48436020783154166
0-1,0-1,0.000265664680947933,0.5213961885251656,0.44008794537930307
1/2-1/2,0-1,0.00046666080932158217,0.49137168911558965,0.321464633582468
0-1,1-0,0.0003748495420859377,0.432965231260659,0.5317219526821498
0-1,1-0,0.0002516925370265529,0.4973485757880001,0.464818664630813
1-0,1-0,0.00036737587897925307,0.41125109980064545,0.5503943983110501
1-0,1-0,0.0003106034654482318,0.46403794341176835,0.49770524309213515
0-1,1-0,0.00038920412827556496,0.42339289235472155,0.5413982448727966
0-1,1-0,0.0002318348824668848,0.47635173223123284,0.4850888850531214
0-1,1-0,0.0003545867149926178,0.44647907768300327,0.5152385967676697
1-0,1-0,0.00032643437156526126,0.4540243495974772,0.5097199762462458
0-1,1-0,0.0002887581055556294,0.46561398558977074,0.4993208254299123
0-1,1-0,0.00034655907860701204,0.4624617522731936,0.5016803953491615
1-0,1-0,0.0003307506201802825,0.4536672676969861,0.5110346372134644
0-1,1-0,0.0002925473998637123,0.4887777354517954,0.4722657823836506
1-0,1-0,0.0002639119387318923,0.49092805008815044,0.47166512481160305
0-1,1-0,0.0003636866633111954,0.4341649723433615,0.5284304342710077
1-0,1-0,0.0003759543601012784,0.4365142889746476,0.5268324282565056
0-1,0-1,0.00023418915942609764,0.5284817807369968,0.430881252221446
1-0,1-0,0.00038638331851523124,0.43016967074236756,0.5345363167488885
1-0,1-0,0.0002477791601315571,0.464262816858719,0.4972268816499068
1-0,1-0,0.0003436079706083238,0.426574886532034,0.5377389508892032
0-1,1-0,0.00036032066570318167,0.4421629615413074,0.5203201460075382
1/2-1/2,1-0,0.00022884601130578313,0.4989466187228926,0.46328633500276445
0-1,1-0,0.00030992109502011857,0.42234625237435314,0.5409200675026028
1-0,1-0,0.0002763439622134798,0.43059485360340366,0.531650189913929
1-0,1-0,0.0003542156775713119,0.4469267450005656,0.5176067616728602
0-1,1-0,0.0002569610923568126,0.4632596560317437,0.48232142364620106
0-1,1-0,0.0002344095186531392,0.4868630632189271,0.4753542136611095
1-0,1-0,0.000384053210164975,0.40107224743224695,0.518766673658322
1-0,1-0,0.0003902809235064512,0.4089723713058372,0.5570603503077984
1-0,1-0,0.000270472222676318,0.49289802903455365,0.4702157600287221
1-0,1-0,0.00027339241263487957,0.4660044481101377,0.49661130065080916
1-0,1-0,0.0003556519939825213,0.43951174641521873,0.5251594436586604
0-1,0-1,0.00025788434220098294,0.5401204032674751,0.417029180546192
1-0,1-0,0.001417476292871656,0.04821856817048598,0.12239673224386155
0-1,1-0,0.00028571464500018977,0.4631522651703636,0.49985917877809394
1-0,1-0,0.00029762793525004794,0.4511566183816266,0.5102636808699835
0-1,1-0,0.00028353815794072946,0.4489927550684855,0.515698988199888
1-0,1-0,0.00032217176188401476,0.47032131343608885,0.49288014940190866
0-1,0-1,0.0002711251043459644,0.5654808517664233,0.3963232383997532
0-1,1-0,0.0002477943866167487,0.427619301197376,0.5344349690133553
1-0,1-0,0.0002510765740136703,0.48370558950064674,0.4783284462742801
0-1,1-0,0.00024613492023880726,0.4344285310256711,0.5276853601460093
0-1,1-0,0.000369702025647632,0.4261379946023941,0.5380167413186364
1-0,1-0,0.0003338239415564505,0.4523341853077319,0.5095851018452459
1-0,1-0,0.00025634031626649604,0.4333180788150107,0.5292078525699726
1-0,1-0,0.0002969776214446689,0.47272997323897953,0.48884780313192766
0-1,1-0,0.00023690287949801905,0.46407591262463593,0.4976221522090764
1-0,1-0,0.000296549199017101,0.4383918090604568,0.522855774520524
0-1,1-0,0.0003581635372940036,0.43733652983836596,0.527457246298691
1-0,1-0,0.00027127366911848706,0.42461487201265563,0.5391192890570886
1-0,0-1,0.00025074500798079774,0.526960504903176,0.4353088272076251
0-1,1-0,0.0002448466010641687,0.42100017262761924,0.5426033514758855
1-0,1-0,0.0002266547259323589,0.4603665198654856,0.49935359615640995
1-0,1-0,0.00025776192099388414,0.48720345941607296,0.4761269614380586
1-0,1-0,0.00023810627921101984,0.4372221711174679,0.5263364635978477
1-0,1-0,0.0002494466744381326,0.41343979612767595,0.5477916771515958
1/2-1/2,1-0,0.000336487005934066,0.4119569484064011,0.5214762838096244
0-1,1-0,0.00033615120681661253,0.4908729775103735,0.4730646381535536
0-1,1-0,0.0002471966520507371,0.46989722460727634,0.47225322831264294
1-0,1-0,0.00023179950826974295,0.46172523791043524,0.5052038588080479
0-1,1-0,0.00023563561833215996,0.5106081254731296,0.45186011117079233
0-1,1-0,0.0002365997471296189,0.46655983611683327,0.503519337397991
1-0,0-1,0.0003144885890419681,0.5165484656398894,0.44451537677825587
1-0,1-0,0.0003077476296845289,0.48034003657035834,0.4809241359054987
0-1,1-0,0.00030766637386018115,0.4446799003025358,0.5172269835101214
1-0,1-0,0.00035857423981229113,0.38972460202756437,0.5711574004384292
0-1,0-1,0.00028647191970999545,0.632806666798349,0.332273124774815
0-1,1-0,0.0003341920920444341,0.4881383821935421,0.473290615702537
1-0,1-0,0.0002697777317801966,0.5110663025374095,0.4511793037422616
1-0,1-0,0.0002492454633455031,0.47356917275559585,0.4880297477248591
1-0,1-0,0.0002349531403092587,0.5017422490245799,0.4531059575558018
1-0,1-0,0.0002465007312867994,0.4231148594579707,0.5401602146988972
0-1,1-0,0.0002617052147082708,0.414536720762958,0.5470851534917202
1/2-1/2,1-0,0.00024479858237018415,0.4422055600825707,0.52056555767986
0-1,1-0,0.0002681150823855215,0.4781693408319405,0.48326885843681333
1-0,0-1,0.00022361986732394066,0.523210550293911,0.4439873993454199
0-1,1-0,0.0003578164375534038,0.4262348192976224,0.5387029796252745
1-0,1-0,0.00023200703326770343,0.44688241139361395,0.5160820799137684
1-0,1-0,0.000288017046217065,0.48723033090585455,0.4739066205831144
1-0,1-0,0.00024991031714195104,0.4468933849786353,0.5165240855411495
0-1,1-0,0.0003511746417809168,0.4338298102139496,0.5284295354898723
0-1,1-0,0.00022661211174333594,0.4555698513040297,0.506198169208434
1-0,1-0,0.00023560428815882792,0.4962335558673819,0.4653742024357385
0-1,1-0,0.00022246944908917266,0.4741527646057652,0.48759113643894847
1-0,1-0,0.00029685676211533446,0.47994670344795637,0.48160781762346727
1-0,1-0,0.0003621738547146557,0.4398408450708849,0.5248037469060987
1-0,0-1,0.00023896432626043047,0.5248447773203522,0.43705329769986856
0-1,1-0,0.00023140202959483376,0.45113007850562137,0.5111423474063724
0-1,1-0,0.0002506790518723426,0.4992683662015292,0.464179446834183
1-0,1-0,0.00022716845853510965,0.469345900540628,0.49205303748022317
0-1,1-0,0.00035613105723276175,0.4474020508035075,0.5168775107289112
1-0,1-0,0.00027367414741844524,0.4142309113558034,0.5481987284276606
0-1,1-0,0.00028132441834694655,0.4327099291748476,0.5312074785256073
1-0,1-0,0.0002315029637856828,0.49440170985999876,0.4667702570855825
1-0,1-0,0.0002822980447463475,0.45249871209800085,0.5109617166392421
1-0,1-0,0.00025953313465288546,0.4831632960635669,0.47821183829035413
0-1,1-0,0.0002764443710457616,0.5035115456192619,0.4577954103624492
1-0,1-0,0.000318354205948713,0.4493914885368519,0.5157800599662629
0-1,1-0,0.0003397461035951497,0.415730690479446,0.5489317476946225
0-1,1-0,0.00032222377516413796,0.4590179320343524,0.5022354506651919
1-0,1-0,0.00027221684098423547,0.42645382488552985,0.5371504940769872
1-0,1-0,0.00033618156425024794,0.4490257814747186,0.5121050523270564
1-0,1-0,0.00027320145018052333,0.43935978404024106,0.5215270426639419
0-1,1-0,0.0003222834399132472,0.43673998834410893,0.5267565303518628
0-1,1-0,0.0002249530441653141,0.49970696761509786,0.46809238254123675
0-1,1-0,0.00030740204174953956,0.46077449339745247,0.5013025037200186
0-1,1-0,0.0002978969692437831,0.48627234255599827,0.47502694753745217
1-0,1-0,0.0002480733229836764,0.44495574625384776,0.5187796455999164
1-0,1-0,0.0002838639253200558,0.45737646004498894,0.5066752813714787
0-1,0-1,0.0002773078412170429,0.5205923061668157,0.440480508035583
0-1,1-0,0.0003450242387613719,0.4668671744968509,0.4948634305489695
1-0,1-0,0.00023322034009278398,0.4586852350601236,0.5029384436127192
0-1,0-1,0.0002571022666495278,0.5198280053414724,0.4416650573362806
1-0,1-0,0.0003453514058439305,0.43303323276325717,0.5319028242700373
1-0,1-0,0.00023081868729181966,0.4552579188602313,0.5096078068331528
1-0,1-0,0.00022608460277653746,0.4522487379806336,0.5106485776575279
0-1,1-0,0.0002450490820684499,0.4990096492811685,0.46282749659889877
0-1,1-0,0.00032101083088426264,0.43719812031045086,0.5253086197543726
0-1,1-0,0.00027305570379982454,0.43849591157091045,0.5248616781534715
1-0,1-0,0.0002295783665989912,0.4668964636286018,0.4965678601026286
0-1,1-0,0.00037697918833907995,0.44079698720370464,0.5235190495885089
1-0,1-0,0.00028540978554677707,0.4202256503309269,0.5412008706896901
1-0,1-0,0.0007036348156976397,0.37143545761383445,0.4229581433474448
1-0,1-0,0.00023443885732895247,0.4552641990714155,0.5114129434753213
1-0,0-1,0.0002555596932417375,0.5143912395978506,0.44598957573139
0-1,0-1,0.00033698221200213367,0.5997061122033401,0.3629852976516673
1-0,1-0,0.0003188292133047193,0.4402982125825932,0.5210534515567141
1-0,1-0,0.000342151335849172,0.40200642813245685,0.561380162834183
1-0,1-0,0.00027781114356336247,0.4636061532725158,0.49770069183245846
0-1,1-0,0.00033522293361997287,0.47384082455257176,0.48860430177429764
1-0,1-0,0.0003862144096568281,0.42974694884073794,0.5348534681430054
0-1,1-0,0.00024769292111874073,0.429884471487953,0.5322092009614909
0-1,1-0,0.0003606299252894145,0.43177690513300554,0.5325493386255076
0-1,1-0,0.0003007105695634351,0.44424682147518146,0.5171692720698623
1-0,1-0,0.0002740249380764843,0.4354392679693203,0.5283943229663669
1-0,1-0,0.0002566735781193816,0.405665138591757,0.5598155489820521
0-1,1-0,0.00025769058444473423,0.40945354980404436,0.5569435565613764
1-0,1-0,0.0002399099062348981,0.4655357736955348,0.49574438668063536
0-1,1-0,0.0002373964442431175,0.5069985432447526,0.455431222067165
0-1,1-0,0.0002196981269230104,0.49635858670823935,0.4657853594251862
1-0,1-0,0.00029398579758178585,0.42418500804681686,0.5377600590985572
1-0,1-0,0.00023180797428997763,0.46684576271598505,0.4969729009633566
1-0,1-0,0.00030759790196776773,0.4338047059215174,0.528793738092542
0-1,1-0,0.000354274541764247,0.4094752108711096,0.5531682528448245
0-1,1-0,0.0003432264681915897,0.42290653658812205,0.5382192828273781
1-0,1-0,0.0002649116458580442,0.39882061572524957,0.5629080384155519
0-1,0-1,0.00028572189777533076,0.5259674781700779,0.4353197589654403
0-1,1-0,0.000273030444762163,0.4513056418618193,0.5117749033862175
0-1,1-0,0.0002814280951664563,0.43126191734488617,0.530341041609516
1-0,1-0,0.0002779709207671751,0.4900689352419179,0.4719864403556353
1/2-1/2,1-0,0.00024337508474631526,0.46544901794249743,0.4973135794327796
1-0,1-0,0.00024316414982217106,0.4195307113914519,0.5420070858380522
0-1,1-0,0.00029872937413258723,0.5032008771967098,0.45869010027193985
0-1,1-0,0.00023907046605713028,0.4444206257941859,0.521443750612515
1-0,1-0,0.00029861949396813064,0.42661363592552204,0.5379987001777322
1-0,1-0,0.000317790438311863,0.44520339591642094,0.5162634611257555
1/2-1/2,1-0,0.0002858025278709893,0.4487344294883738,0.5141003994606249
0-1,0-1,0.00030105309653850274,0.5848387540763785,0.3768295434638146
0-1,1-0,0.0004008276733019971,0.3992148180072293,0.56404659448977
1-0,0-1,0.0003253432464744407,0.5220470269747829,0.43964951157667
0-1,1-0,0.0003769182664229876,0.4337996531732443,0.5298693603900556
0-1,1-0,0.00022505777841989223,0.482859942928596,0.48477844740822845
1-0,1-0,0.00036675683196597017,0.4155724956150283,0.5489798446445933
1-0,1-0,0.000310498946403296,0.4772134286030193,0.48425374223702833
1-0,1-0,0.00035162014737352156,0.46245764719696025,0.49988124898544645
0-1,1-0,0.0002405898985474836,0.46529194058724355,0.49661367779175225
1/2-1/2,1-0,0.00023407886021454947,0.4415753516894296,0.5211513863412599
1-0,1-0,0.00030092426464581817,0.4183395828643113,0.5440028814967837
1-0,1-0,0.0003266909730718861,0.41565936752643357,0.5489147493174484
1-0,1-0,0.0003598438458657793,0.4236456238407738,0.5394593326896516
0-1,1-0,0.0002564032656604422,0.47686363690417216,0.48532607378758247
1-0,1-0,0.00023177050320122443,0.44521404308101004,0.5173417182021256
1-0,1-0,0.0002528763024058408,0.41108896060291716,0.5516289982065715
0-1,1-0,0.0002971214401569286,0.4642268524299443,0.5002160187135238
1-0,1-0,0.00036942758657640217,0.41945859288327964,0.5455152768571053
1-0,1-0,0.00024712241822083536,0.48995586784364387,0.4717920806201352
1-0,1-0,0.00036698276519878467,0.4283472595649737,0.5353486521325825
1-0,1-0,0.00027203486663341666,0.437468861599108,0.52442203086403
1-0,1-0,0.00034446687146823105,0.44000392972968416,0.5247540626442581
1-0,1-0,0.0002728292104320649,0.4980468529568247,0.4630052138808715
1-0,1-0,0.00023746857290750457,0.43663358112014933,0.5267014554489478
1-0,1-0,0.00036388121330401983,0.43630806611526696,0.5283118929697926
0-1,1-0,0.0004065177198432126,0.4105130343665033,0.5545132380753987
1-0,1-0,0.0002427281974060829,0.44602797574019004,0.5254760357759437
1-0,1-0,0.0003557514043207102,0.43340265228215263,0.5312547446820787
0-1,1-0,0.0002928121354297845,0.4178608829713618,0.5300461028017146
1-0,1-0,0.00023294448339161852,0.4570411505448294,0.5092747851567886
0-1,1-0,0.00023018079818615651,0.45669607644939136,0.5049866983951921
1-0,1-0,0.0003770374529224615,0.4373391455489502,0.5271216658361754
0-1,1-0,0.00035015412569891914,0.44478548105302107,0.5195509729364823
0-1,1-0,0.00027756595496669905,0.442650667040036,0.5197135580747498
0-1,1-0,0.00025598767913691224,0.4649052549269355,0.4963605229031963
1-0,0-1,0.00027159013043298884,0.5271563127433138,0.43837102795693283
0-1,0-1,0.0003921372233163354,0.6503354977034865,0.3108311455845252
0-1,1-0,0.0003946203297251417,0.4185881029744538,0.5462350778523962
1-0,1-0,0.00023583094735743092,0.45401019283579125,0.513818198177798
1-0,1-0,0.00026047271349156133,0.4281969397991625,0.5352931339326493
0-1,1-0,0.0002529866250562769,0.5109038392028546,0.45085389843795604
1/2-1/2,0-1,0.00023737339432854977,0.5390841317589146,0.4161274712305058
1/2-1/2,1-0,0.0002301900222598738,0.4348033992850153,0.5285350434755466
0-1,1-0,0.0002301064561269619,0.4514435503069777,0.5120426256367814
0-1,1-0,0.00022538938606359835,0.5105748482743192,0.45105363298386497
1-0,1-0,0.00024039733540056856,0.4428498606308855,0.5212519916349295
1-0,1-0,0.0003049655599088037,0.46634289381919714,0.49684537958114183
1-0,1-0,0.00027904667538111635,0.4636444474279939,0.49777985481038883
0-1,1-0,0.00033433414449423834,0.44440117208526236,0.516826867137746
1-0,1-0,0.0002645672818731826,0.501238383072888,0.46150843676586945
1-0,1-0,0.00024306494371424762,0.4472442714994022,0.5235071377964944
0-1,1-0,0.000250990466352628,0.4167945643470986,0.5448467944193689
0-1,1-0,0.00024285297557574315,0.47719581436484704,0.4786026807982651
0-1,0-1,0.00023414364287043906,0.5140641712897819,0.44721866107269764
0-1,1-0,0.00030963890883015544,0.43962478526166343,0.5250293016684268
1-0,0-1,0.00025143346261846276,0.5453917896979741,0.4157087947264355
0-1,1-0,0.0002234278221214818,0.48777547852781983,0.4747013214567131
0-1,1-0,0.0002790308511904365,0.45650737975800526,0.5062002853435121
1-0,1-0,0.0002376407760809016,0.43447368526749397,0.5280135242768081
1-0,1-0,0.00031742208494501666,0.41883488360128296,0.5431377067227868
0-1,1-0,0.00033531921682146,0.46086530107628226,0.5003020986159393
0-1,1-0,0.00026186430098377696,0.41971018132611815,0.5433092427094126
1-0,1-0,0.00645997950864669,0.326196379917772,0.5442381910116274
1/2-1/2,1-0,0.00027371823207891126,0.42573191538521915,0.5378786583107195
1-0,1-0,0.00035658051528996543,0.44565550030520323,0.5181412228572543
0-1,0-1,0.00025110999062349384,0.5419896225365326,0.42124947451586164
0-1,1-0,0.000314129876566392,0.480665034868154,0.48051643943222877
0-1,1-0,0.00040251963086581336,0.41529347193757793,0.549757900150695
1-0,1-0,0.00023553522011845232,0.4522962858391934,0.514403279593868
0-1,1-0,0.0003588021921483865,0.4214856277778836,0.5428167783593071
1-0,1-0,0.00023512006567971244,0.4648885393835831,0.498039397622436
0-1,1-0,0.0002677504328031528,0.4189091283820644,0.5503480201507724
0-1,1-0,0.00026044246726822525,0.4291057715916455,0.534154957739894
0-1,1-0,0.00026395063867015506,0.45739721817816287,0.5053433358325776
0-1,1-0,0.00032796692800509335,0.46191952280386034,0.4991929605500223
0-1,1-0,0.0002406480386261331,0.42474059935907404,0.5376342743675248
0-1,0-1,0.0003847621176594961,0.670658175474928,0.29165159478093405
0-1,1-0,0.0003002738538918821,0.46976242699554493,0.49225873837442413
1-0,1-0,0.00036532731639986316,0.3905346342596395,0.5706188288885876
1-0,1-0,0.00022353015520371522,0.4761005653823128,0.4861770937195465
1-0,1-0,0.00030718043184225927,0.44422418075557707,0.5172426672275469
0-1,1-0,0.0003216392427354055,0.44781894309391995,0.5171844034930293
1/2-1/2,1-0,0.00024141118249659634,0.48573375279873515,0.4703072239593644
0-1,1-0,0.00030236523119847017,0.4253649480736012,0.5381061754904467
1-0,1-0,0.00027185868726005034,0.4639270781168423,0.4993116098527727
1-0,1-0,0.00025539325354508215,0.4262830370226247,0.5404473477643211
1-0,0-1,0.00025010323083455395,0.5207348664228929,0.441317188853356
0-1,1-0,0.0002599870858278049,0.4371596784101485,0.5244389466206733
0-1,0-1,0.00030772418810945704,0.524519720453235,0.4379882645478702
0-1,1-0,0.00037306129869621663,0.4287896452625581,0.5334761115479686
1-0,1-0,0.00035055764186288417,0.44752707009382375,0.5146639541534471
1-0,1-0,0.00027281351087949334,0.43166710186609036,0.5270018298769972
1-0,1-0,0.000250276989487249,0.4474232765064731,0.5145109958605824
1-0,1-0,0.00024897054211675117,0.42576277567151,0.5387595093824371
1-0,1-0,0.0002330567788821641,0.4947732233101263,0.4669230077491197
0-1,1-0,0.0002802105334030069,0.4407368096525809,0.5236587846923519
0-1,1-0,0.00034747281293053694,0.4445138975312374,0.5167982935918265
1-0,0-1,0.0002733021113777726,0.5303421036738498,0.43136394049804516
0-1,1-0,0.0003007016007166396,0.4415252347789407,0.5198014336802745
0-1,1-0,0.0002501582917853739,0.4935986786053928,0.4694133028710855
1-0,1-0,0.00025624231003415807,0.4627322309252755,0.4928046692398179
1-0,1-0,0.0003124972929316921,0.43740474063192075,0.5263315014192524
1-0,1-0,0.0002470893341283143,0.49600787278070857,0.4655919662011827
1-0,1-0,0.0003415768173673049,0.4582375573431633,0.5031532707911461
0-1,1-0,0.00024582207710513497,0.4731299161695729,0.4882414365060299
0-1,0-1,0.00025150294406846237,0.5125884475855564,0.4504678149698301
1-0,1-0,0.00031267300829043715,0.4295549978531994,0.5332609328598182
1-0,1-0,0.00029429127744179596,0.4828208371446343,0.47872097304108274
0-1,1-0,0.0003838224438897408,0.432970235338169,0.5312069130729963
1-0,1-0,0.0002460588204320335,0.4199033405356651,0.5435079169151692
1-0,1-0,0.0002432248060944693,0.4525611243187612,0.5089413633206732
1-0,1-0,0.0002191632952118311,0.48080091753816123,0.4826189730010502
1-0,1-0,0.00026366283673602206,0.429510363415154,0.5321768322974441
0-1,1-0,0.00025381895267217005,0.39464982204181,0.5665511804121743
0-1,1-0,0.00021410388450132713,0.5045057095406154,0.4605565548675627
0-1,1-0,0.0002835357928607489,0.48406472102214315,0.4780307361947639
0-1,1-0,0.00030840543349540416,0.4796436229900278,0.4819246585074738
0-1,1-0,0.0002461923135412461,0.4406480291635557,0.5266579177203603
0-1,1-0,0.0002366756287882453,0.49351210883504926,0.4676161578536948
1-0,1-0,0.000269668230399276,0.43967825089992946,0.5184855886127664
1/2-1/2,1-0,0.00026798535654058914,0.4572506888304067,0.5017253591621709
1-0,1-0,0.00025206109325252174,0.5027168553548332,0.45865397908993805
1-0,1-0,0.00023002934225155018,0.4972892944038323,0.46394674113958734
0-1,1-0,0.00032393109465011274,0.44334954890127165,0.521149088169203
1-0,1-0,0.000263274733494772,0.5035688497616175,0.45751580908426204
1-0,1-0,0.00024136087477768107,0.5040878602824007,0.45704851329449636
0-1,1-0,0.00025613702651586956,0.4755725235025625,0.48916931371989686
0-1,1-0,0.0002760023851199189,0.4224586007477946,0.5400444425774518
0-1,1-0,0.0003018039488053965,0.47965255550939717,0.481792535651186
1-0,1-0,0.0002623391482962414,0.3966749583687889,0.5651411639026284
0-1,1-0,0.0003012082429774151,0.47463524867606666,0.4866433513712853
1/2-1/2,1-0,0.0005323598960251799,0.4188699622118741,0.5102301440092148
1-0,1-0,0.00025602790562639563,0.42038059010237167,0.5414090664286961
1-0,1-0,0.00032338380941995804,0.44140482497864514,0.5225469974870467
0-1,1-0,0.00031485993623143815,0.43654361000062647,0.5274489091993445
0-1,1-0,0.00023794491692431406,0.4816984690625527,0.4800167740162384
0-1,1-0,0.00032543369245129034,0.4551795454625084,0.5060629574303448
1/2-1/2,0-1,0.00024937014942011436,0.5337796406450362,0.4286882678841493
1-0,1-0,0.0002590374959048066,0.42253917101460686,0.5404303782333892
0-1,1-0,0.00022260506752904595,0.4775983657539872,0.4854602708309316
1/2-1/2,1-0,0.00027078381650031514,0.4302462712452527,0.5317165459464619
0-1,1-0,0.0003181286746160676,0.4723748681874882,0.48880961866585415
1-0,1-0,0.0002647939733152495,0.4151131263896478,0.5515816490974186
1-0,1-0,0.00023726394956938973,0.4550857425159731,0.5066306080128641
1-0,1-0,0.00026909341562373013,0.5010670341692248,0.4612649550242724
1/2-1/2,1-0,0.00026012143647520796,0.44801316053005014,0.5118128081469011
1-0,1-0,0.0005190906273862928,0.41606101583903027,0.5123060264678709
1-0,1-0,0.00028032370433669516,0.465109238615618,0.4986790632835806
1-0,1-0,0.00026859432675525646,0.48729345287988507,0.4761494163821676
1-0,1-0,0.00036329875270198474,0.44122893092564,0.5208976727057203
0-1,0-1,0.00035001970746135466,0.5903396097822082,0.3707962873558745
0-1,1-0,0.0002524876219632788,0.41498522531030124,0.5511216327026058
1-0,1-0,0.00029514030944639277,0.4387925793149919,0.5261453955463132
0-1,1-0,0.0002530820964536637,0.5089515609984824,0.4495913581473448
0-1,1-0,0.0002500976575780807,0.48312464783232467,0.4790518082178157
0-1,1-0,0.0002636203506869284,0.46746090231069465,0.4953860106886459
1-0,1-0,0.0003088907533458906,0.4320404933549188,0.5298854118878699
1-0,1-0,0.0002915338802536385,0.4661955316132101,0.49513241619624115
0-1,1-0,0.00023898075661051327,0.49926398864838445,0.4607811431773158
1-0,1-0,0.000283662882986032,0.4173639716767228,0.545183427229465
1-0,1-0,0.0003358554289081666,0.4674196418105623,0.4937668954995674
1-0,1-0,0.0002732997574781097,0.466847430992875,0.4963933244857208
0-1,0-1,0.0002744115275473117,0.5333888922616709,0.35887851761851497
0-1,0-1,0.00029601484396561765,0.5435133435158221,0.4206819928159188
0-1,1-0,0.0003918672328073061,0.4136555559415597,0.5514391451746256
1-0,1-0,0.0002569848307494493,0.46879793648148854,0.4943653856464296
1-0,1-0,0.00035259507793716327,0.4559000053540498,0.5064606570713799
0-1,1-0,0.00028802710335761614,0.4816374234905639,0.4807187561493825
0-1,1-0,0.00026140810082040706,0.5065018288588328,0.45750127199311463
0-1,1-0,0.0003124672044301078,0.44169553404671374,0.5203159083454383
1-0,1-0,0.0002597719188575518,0.5012093500821516,0.46203265645277014
1-0,1-0,0.00026110379504315446,0.5086716684017945,0.4528319791708813
1-0,1-0,0.0002414058947361797,0.462718967363077,0.4998891894239937
0-1,0-1,0.00023380460976653498,0.5341736287278595,0.42706045796332587
1-0,1-0,0.00033350042051674054,0.4310656557475207,0.531159285667153
1-0,1-0,0.0003854418542353199,0.42343737251342706,0.5414927575066503
0-1,1-0,0.00024234221860523948,0.43808797635277835,0.5257630368401683
1-0,1-0,0.00037485735833595865,0.42466460736874834,0.5394755223616395
1-0,1-0,0.00037077768449319463,0.4020115500849919,0.561561931846627
0-1,0-1,0.00026228075209109783,0.5168035196491174,0.44529828719850284
1-0,1-0,0.0002908491490282852,0.4011972714158227,0.5542694325221883
1-0,1-0,0.00023469958791328156,0.5111306268595884,0.4510715688534038
1-0,1-0,0.00030705139853577255,0.45656392995436706,0.5085994766635892
1-0,1-0,0.00025856970756599863,0.4294936326077187,0.5399387524859036
0-1,1-0,0.00023589738039362444,0.4395373439644398,0.5227965766322272
1-0,1-0,0.00028929594705442556,0.4197394399814928,0.5433127776390182
1-0,1-0,0.00024682839785771416,0.44912411135674013,0.5121452065674511
1-0,1-0,0.0003058232762981411,0.43357170448808363,0.5310814446749094
1-0,1-0,0.0002777337655353635,0.48629386509355715,0.4762262574679729
1-0,1-0,0.0003883570354483559,0.4299842522603174,0.5346042719383058
0-1,1-0,0.0003121137100826494,0.4362229464159395,0.5285754885497691
0-1,1-0,0.00024131614246979575,0.43364464594568203,0.5299223020775925
0-1,1-0,0.0002864577018606549,0.45434208438040496,0.5073113126947801
1-0,1-0,0.00028229930823997485,0.4457278311871983,0.5173753455689645
0-1,1-0,0.0002714602573002247,0.4861998715417714,0.47674897629139884
1/2-1/2,1-0,0.0002691801993045809,0.45214497996013236,0.5088581618132578
0-1,1-0,0.00031016060602785114,0.43240317266025025,0.5295797667182026
1-0,1-0,0.00027950980521907826,0.44626982966616036,0.5083546908871052
1-0,0-1,0.0002681585372591159,0.5345206911006778,0.4270289052581492
1-0,0-1,0.00033884154411438505,0.5818498882416474,0.3801316408238092
1-0,1-0,0.00025713973356945516,0.41568344812279406,0.5442051532616319
0-1,1-0,0.0002752996628193459,0.5010731703873171,0.4639850946546445
1-0,1-0,0.0002774559800438205,0.41602943184224583,0.5447845374015805
1-0,1-0,0.0002995802304742057,0.4047420768862623,0.5575912028750954
1-0,1-0,0.000292708747994542,0.42923212979410386,0.5333323415832539
0-1,1-0,0.0003655858288306988,0.43613250525578606,0.5276827929182485
1-0,1-0,0.00023796781877009763,0.45454160032383595,0.5065607689404106
0-1,1-0,0.0003252510842157196,0.4297500343664441,0.5344154584666625
0-1,1-0,0.00032311587041120265,0.43627711765152044,0.5259820172278517
1-0,1-0,0.0002364170197864475,0.471540309072051,0.48958426085458995
1-0,1-0,0.0003635861656889138,0.42841812430117043,0.5359378518601379
0-1,1-0,0.00031875862885321835,0.48202379518424715,0.4792370728168118
0-1,0-1,0.00024853697212225703,0.5184375319842549,0.4430938985933403
0-1,1-0,0.00035779726740150066,0.4419211276882513,0.5226746427885504
1-0,1-0,0.0003414591526625581,0.4399568025445304,0.5236908686074996
1-0,0-1,0.0002491380554704225,0.5221152001107243,0.43897831902085727
0-1,1-0,0.00029173730002289984,0.4559482321028871,0.49697839247750025
0-1,1-0,0.00023023690288526212,0.44591717090819893,0.5156689519813237
1-0,1-0,0.00036482292133477437,0.4249222049622531,0.5367279224227736
1-0,1-0,0.0003157567048805019,0.43916505845382586,0.5255581193217556
1/2-1/2,1-0,0.00027116507707133675,0.43989769771029885,0.5210476410832542
1/2-1/2,1-0,0.00026892549240433377,0.4464525297110775,0.5152448882086917
1-0,1-0,0.0003650620874062784,0.4301800917405282,0.5347738184268402
1-0,1-0,0.00030725817178910104,0.4714889874257935,0.4932851256413502
1-0,1-0,0.00025053264351200365,0.43479709303653713,0.5294754468714784
0-1,1-0,0.0003903401267840639,0.4249223426006541,0.5392289580447399
0-1,1-0,0.00023798781700263365,0.5095342715405232,0.4527900786564584
1-0,1-0,0.00034157947898240626,0.4371061504477491,0.5240327958782273
0-1,1-0,0.0002883730009247791,0.46117878832480363,0.5020595783062767
0-1,1-0,0.0002738611459470092,0.46743204375254516,0.4965890929642024
0-1,1-0,0.00035224415470184165,0.4328336118249342,0.5291910944256643
0-1,1-0,0.000297375089022496,0.444590648207825,0.4902886046367356
1-0,1-0,0.00039117916837292564,0.42565473090993544,0.539152694394823
1-0,1-0,0.00037712890133493145,0.4320452090601645,0.532649860685878
0-1,1-0,0.00023359717779486896,0.5077571767020359,0.4546222720739234
1-0,1-0,0.00032198847675121494,0.45443029042222677,0.5106800455507762
0-1,0-1,0.00025862124036220844,0.5118211081231222,0.4430780837017588
1-0,1-0,0.00024387901674498025,0.48452768981687544,0.4786593234987329
0-1,1-0,0.0002380481208110129,0.4357027547183405,0.5272010407095498
1-0,1-0,0.00032259046156067216,0.46364714097375864,0.49759492625510887
1-0,1-0,0.00026727661761074433,0.4597382124040658,0.5020018519098831
1-0,1-0,0.00022397051855188225,0.4654904268397309,0.49887424578553036
0-1,1-0,0.00027338868724983317,0.4376747652059249,0.5254673728253817
0-1,1-0,0.0002537061252579694,0.4247828071798266,0.5377781269065521
1-0,1-0,0.00025068320222535606,0.4935827660769324,0.46896876522067055
0-1,1-0,0.00022025385113887643,0.48660657193854906,0.4768902557055487
0-1,0-1,0.0004136752070474303,0.5920159094678418,0.3524617563327538
0-1,1-0,0.0002230467441643681,0.469147136118681,0.4946949237695187
1-0,1-0,0.00036112926537729123,0.42573204409945103,0.538949942156277
1-0,1-0,0.00034399732011794503,0.44028731555574246,0.5241078039456483
0-1,1-0,0.00034752127428203767,0.4484041343327342,0.5131919735591544
1-0,1-0,0.0003522929396361713,0.4320902702578761,0.5300295346614532
1-0,1-0,0.0003342355832446394,0.43865231434867064,0.524485255323067
0-1,1-0,0.00037933647871376397,0.41062554113036087,0.5526217449461114
1-0,1-0,0.0002273992743415396,0.494262278156071,0.46799093454690033
0-1,1-0,0.0003459645607684531,0.43263618935992554,0.5317126308790664
0-1,1-0,0.000237889270934109,0.5072974852262031,0.45387831500394055
0-1,1-0,0.0003100163536266588,0.4924449566092227,0.4711369283556825
1-0,1-0,0.0003706942851290806,0.428545121019986,0.5334980587963172
0-1,1-0,0.0003437510722458634,0.43294040461193284,0.5314252223105177
1-0,1-0,0.0003146011819394131,0.42488343805001516,0.5377003207286687
1-0,1-0,0.0003117486700505612,0.4757166635306794,0.4853806164208815
0-1,1-0,0.00025007807622626037,0.48505095342986104,0.4771276110143615
1-0,1-0,0.0002228530037204626,0.4648703257302756,0.49870340171381633
1-0,1-0,0.0002713874745084341,0.47598425554451507,0.4856410073945275
0-1,1-0,0.00030692179214005595,0.4830606229498675,0.4780899070415437
0-1,0-1,0.00032868540423116444,0.6424516786649414,0.31777671449438527
1-0,1-0,0.00035156462505261536,0.44409849770523835,0.5204346899267157
0-1,1-0,0.00025242994446716033,0.4805066669954646,0.4772327908228715
1-0,1-0,0.00023558811536240724,0.4564078608803714,0.505557904566874
0-1,1-0,0.000383626017596441,0.4321450044844963,0.5324201557928537
1-0,1-0,0.0003222980439131007,0.42839270855881273,0.5343972582002019
1-0,1-0,0.00039650217464505327,0.41813853906607673,0.5461119736444631
1-0,1-0,0.00035630395461041386,0.43346526962478127,0.5280895930267696
1-0,1-0,0.00026725321279828654,0.43206459570291256,0.531576609001659
1-0,0-1,0.0002500443013823083,0.5122663326520607,0.44877965199391007
1-0,1-0,0.00034254673503092165,0.4424443319612175,0.5187321288462393
1-0,1-0,0.00028769279152306463,0.4726463131126172,0.4885586752180209
0-1,1-0,0.0002534822175555537,0.44049965723161627,0.5308235697548774
0-1,1-0,0.0003368796302202372,0.4446102582289696,0.5198916130175681
1-0,0-1,0.00029592233187882244,0.523556230146308,0.43745788520819767
1-0,1-0,0.0002700279735190024,0.4512311548679451,0.5098052709512985
1-0,1-0,0.0003781560492611942,0.42785963083888895,0.5351940661393184
1-0,1-0,0.00029772246835567243,0.43125062227221556,0.532031315996513
0-1,1-0,0.0003819247595928666,0.42851614289145423,0.5358403473795461
0-1,1-0,0.00024203478877313892,0.47503221379946403,0.4866257431230277
1-0,1-0,0.00035234177562755556,0.4290712151696525,0.5337553990012053
0-1,1-0,0.0002677713316906436,0.4618692625583788,0.4993563960805755
0-1,1-0,0.0003285527331292728,0.44313567205269866,0.5185894680270019
1-0,1-0,0.00029483889908590096,0.4517832711997617,0.5112578731715433
1-0,1-0,0.00024812058715354947,0.4651949043299862,0.49745411727886
1-0,1-0,0.0003336000657849303,0.44422438574645573,0.5200928785668704
0-1,0-1,0.00025591205713411885,0.5450328041742997,0.41894953658729056
0-1,1-0,0.0003468676682705445,0.4532027148495773,0.5087984082350905
1-0,1-0,0.0002273752195476406,0.4567143560530306,0.5060698704769555
1/2-1/2,1-0,0.0002826816212926468,0.4469138993275305,0.5143275027818942
0-1,1-0,0.0003263175272067706,0.45484913684799744,0.5081996597668613
1-0,1-0,0.00024122453032179245,0.43491735851666824,0.5266423955929188
1-0,1-0,0.0003616694260008412,0.4526681050166188,0.5108449772082679
1-0,1-0,0.00034583278367698606,0.44606337892466524,0.518065407736172
0-1,1-0,0.00028105074798780367,0.4884783289477084,0.4738322114853123
1-0,1-0,0.00027302422704259574,0.47687582981207993,0.48628257517312423
1-0,1-0,0.0003204842497076673,0.4523206428199716,0.5124815718274952
1-0,1-0,0.00024396580138916335,0.42571149481209697,0.5376399353905343
1-0,1-0,0.00026933632638253126,0.4704652533103513,0.49255817526211876
1-0,1-0,0.0003472333021119543,0.4355379011209013,0.5260814635119675
1-0,1-0,0.00022207839725840012,0.4794988789557382,0.4832900670904394
0-1,1-0,0.0002937477825547443,0.5080424635802049,0.45315358085454976
1-0,1-0,0.0003377276698075527,0.43336655001629465,0.5281907445683833
0-1,1-0,0.0002964853480120564,0.4576851551617106,0.5035446461861681
0-1,1-0,0.0003385053073674684,0.4091433084425329,0.5556361145369784
1-0,0-1,0.00026016319722602473,0.5326465972189425,0.43165653749451727
0-1,1-0,0.00029816547207200033,0.4854215053240677,0.4757960164639973
1-0,1-0,0.0003106935079969228,0.5011151916853569,0.4599847782965226
0-1,1-0,0.00022901753732848307,0.45529317103642314,0.5084239020983742
1-0,1-0,0.00024314870481503736,0.4400719253742539,0.5268783281566704
1-0,1-0,0.0002558482720562654,0.42397465796904876,0.5424569946841035
1-0,1-0,0.0002820947866332106,0.42741866151019403,0.5367760229951655
0-1,1-0,0.00029820852849117953,0.48985878515392395,0.4712747075105175
1-0,1-0,0.000306481009500206,0.463007393203814,0.49904440100746605
0-1,1-0,0.00026879546744027925,0.4825148290438718,0.48121384836254566
1/2-1/2,1-0,0.00033316521865082863,0.45862120774495124,0.5024952069978641
1-0,1-0,0.0003654369316403118,0.43521224088544735,0.5267714293530558
0-1,1-0,0.00023718375080076712,0.45393656966520174,0.5122177542092125
1-0,1-0,0.0003132840820365403,0.44034546286278226,0.5247602618643243
1-0,1-0,0.00025519496636305136,0.4426204226463951,0.519263603509622
0-1,0-1,0.00026063662839774114,0.5164573887946103,0.44502712859371163
1-0,1-0,0.00030756139752831526,0.4632308908483273,0.49807536810117975
1-0,1-0,0.00026426671378508034,0.5104294899561886,0.4510440710403316
0-1,1-0,0.0003552277928828236,0.4653941055547255,0.4983817749965655
0-1,1-0,0.0002666916945801433,0.44259413637866296,0.5203183173328633
1-0,1-0,0.00022934465098953556,0.4633562346485784,0.49803020680898336
1-0,1-0,0.0003724199660840662,0.4393081686574601,0.5242863112891617
1-0,1-0,0.000259325718541588,0.48349443018039095,0.4641747663810348
1-0,1-0,0.000373580018050605,0.4259144206914568,0.5386938380800479
0-1,1-0,0.00023848813502325012,0.42807424365480734,0.5336647365475274
1-0,1-0,0.0002569311171009086,0.40508712744051734,0.5603821327202217
1-0,1-0,0.0002674196544713292,0.45531788564618175,0.5073122107101545
1-0,1-0,0.00022733732773441996,0.45860862454219853,0.5031517385802198
0-1,1-0,0.0002793331090648376,0.44969663749478855,0.5131056522892149
1-0,1-0,0.0002500469266662763,0.46889392623808374,0.4935103123999283
1-0,1-0,0.0002852699785384967,0.4595804585468866,0.5037403737372901
0-1,1-0,0.00022697186420768474,0.45955509626539776,0.5041788015017948
0-1,1-0,0.00023642436115366898,0.4427121676769549,0.5212291041080975
0-1,1-0,0.0003830011453001932,0.4173782387085167,0.547606532100158
0-1,1-0,0.00030107618452853183,0.4515730830959085,0.510942938479772
0-1,1-0,0.00022519502150675075,0.5010610187339655,0.46070693044206057
0-1,1-0,0.00033969438735421915,0.4486719454208913,0.5154944804960102
1-0,1-0,0.0002615571412621343,0.4586598768793567,0.5031388242212582
0-1,1-0,0.0002582533459560557,0.4495834418895206,0.5137059837035213
1-0,1-0,0.0003256270686573906,0.4267698234735941,0.5345059088352672
1-0,1-0,0.00036135644206697836,0.3889685934392137,0.5502133324425839
0-1,0-1,0.00033019460471180343,0.57317890242839,0.3890934967928238
0-1,1-0,0.00028151381541926396,0.5003840089011727,0.46273030804124893
1-0,1-0,0.00031074276645890603,0.44584175010702515,0.5154156109564745
0-1,1-0,0.00036205226279668797,0.42499030980676794,0.5398554619909167
0-1,1-0,0.00031402928334675856,0.43018491244096196,0.5346699671553004
0-1,1-0,0.0002795399469594255,0.49668143750658184,0.4644330124384413
1-0,1-0,0.0002579431375194686,0.48353527662799006,0.47646159141686795
0-1,1-0,0.000233900901974291,0.5070108996502227,0.4545057918093156
1-0,1-0,0.00033667750648037393,0.4226800700637352,0.5423177790542376
1-0,1-0,0.0002761488536692098,0.4717808700165745,0.489598189847812
0-1,1-0,0.0003665780897438946,0.4315933022219267,0.531015799382842
1-0,1-0,0.0003582492059531012,0.4247496787135085,0.5374723862890173
1-0,1-0,0.00024286218943056856,0.504686615745003,0.45859641985279487
1/2-1/2,1-0,0.00024020597673823555,0.4793492121902184,0.4723121854220476
0-1,1-0,0.00023452664272286688,0.45410372460507104,0.5076978372325613
