y_true,y_pred,prob_1-0,prob_0-1,prob_1/2-1/2
1-0,1-0,0.4360433184269968,0.525243072747945,0.038713608825058275
1-0,1-0,0.4426828156865354,0.5190444023055614,0.03827278200790342
1-0,1-0,0.5004769438133128,0.46032278837019525,0.03920026781649181
0-1,1-0,0.44554135667032346,0.5158699053593664,0.03858873797031011
1-0,1-0,0.4365301214521696,0.5251282079653203,0.03834167058251
1-0,1-0,0.43985369380817213,0.5258101610034848,0.034336145188343305
0-1,1-0,0.4306077757252556,0.5303745728110748,0.039017651463669666
1-0,1-0,0.490239558107684,0.4710049811397795,0.03875546075253643
1-0,0-1,0.5116988449001623,0.44891491260902455,0.039386242490813024
1-0,1-0,0.4265132425230991,0.5341790544398614,0.03930770303703962
0-1,1-0,0.4460635867121521,0.5156076873841177,0.03832872590372999
0-1,1-0,0.4725227253445858,0.4893094686693475,0.03816780598606663
0-1,1-0,0.438586836485075,0.5224882258337501,0.03892493768117484
1-0,1-0,0.4401385463634641,0.5218167117326932,0.03804474190384259
1-0,1-0,0.44036058713248233,0.5213690670821867,0.03827034578533093
1-0,1-0,0.4757191498383011,0.48488387060896476,0.03939697955273404
1-0,1-0,0.41481141555704415,0.5475408690669901,0.03764771537596603
0-1,1-0,0.4619967025943739,0.49897790510180695,0.03902539230381897
1-0,1-0,0.42483090169977006,0.5357685113426633,0.03940058695756638
1-0,1-0,0.44137715065151445,0.5204325171474258,0.038190332201059975
1-0,1-0,0.4761701970562992,0.4848153055569798,0.039014497386720894
1-0,1-0,0.48248600398752856,0.4783092220961041,0.039204773916367446
0-1,1-0,0.43997014060257916,0.5206559675700858,0.03937389182733537
1-0,1-0,0.4503907055609414,0.5114303852146723,0.03817890922438651
1-0,1-0,0.4438687300869444,0.5172844618970438,0.03884680801601199
1-0,1-0,0.4406229870440268,0.5210047737908768,0.038372239165096356
1/2-1/2,1-0,0.42203758927582274,0.5263490070004032,0.05161340372377419
0-1,0-1,0.4859243282666913,0.38027086204861194,0.13380480968469705
0-1,1-0,0.43536386248114395,0.5254952297712907,0.03914090774756524
0-1,1-0,0.4298757938716149,0.5315714194750418,0.0385527866533435
0-1,1-0,0.43619951500349996,0.5246714679005036,0.039129017095996664
1-0,1-0,0.4239340894471044,0.5367046227361656,0.03936128781673005
0-1,1-0,0.47590044511975477,0.48499793443654826,0.03910162044369696
0-1,1-0,0.4366364611883928,0.5239912577549045,0.03937228105670265
0-1,1-0,0.4633756185522709,0.4977430040406784,0.03888137740705069
0-1,1-0,0.4792149327730413,0.4824523967520908,0.038332670474868095
1-0,1-0,0.4282948595645922,0.53344516667305,0.03825997376235787
1-0,1-0,0.47162114129379945,0.49086205378961306,0.03751680491658738
0-1,0-1,0.5263299864601029,0.43432890250972406,0.03934111103017323
0-1,1-0,0.4552213216762168,0.5053152966410023,0.03946338168278081
1/2-1/2,1-0,0.43134157942967155,0.4950629168195796,0.07359550375074893
0-1,1-0,0.45233286124680816,0.5104344282632504,0.03723271048994149
0-1,1-0,0.4902873847654255,0.45587960855495013,0.05383300667962433
1/2-1/2,1-0,0.43033751312507257,0.5287788429843325,0.040883643890595074
0-1,1-0,0.47927897111363693,0.48141340815058026,0.03930762073578288
0-1,1-0,0.4648251859931005,0.49664652964665057,0.03852828436024887
1/2-1/2,1-0,0.43949859338601316,0.5218483702472484,0.03865303636673846
1-0,1-0,0.4461037075638305,0.5155020169422186,0.038394275493950976
1-0,1-0,0.4511251283224496,0.5100719483316748,0.03880292334587538
0-1,1-0,0.44407024025686437,0.5165476701269656,0.039382089616170186
1-0,1-0,0.3999545432408877,0.5584494097608277,0.04159604699828465
0-1,1-0,0.42983329677828347,0.5319605578100285,0.03820614541168808
1-0,1-0,0.46622108469009976,0.49533624440852136,0.038442670901378886
0-1,1-0,0.44646531351684815,0.5144150816099002,0.039119604873251924
1/2-1/2,0-1,0.5375934137423691,0.42359194761066843,0.03881463864696247
1-0,1-0,0.46189844318255346,0.4985868616542329,0.039514695163213646
1-0,1-0,0.4928177545930008,0.46798881924838365,0.03919342615861544
0-1,1-0,0.4491933970383747,0.5128289280594089,0.03797767490221654
0-1,1-0,0.4434024607095086,0.5181276670764342,0.03846987221405712
0-1,1-0,0.4471020360940407,0.5148679865011555,0.03802997740480395
0-1,1-0,0.43611823592869103,0.5255182955227505,0.038363468548558245
0-1,1-0,0.46159427617567755,0.49970800564076073,0.03869771818356174
1-0,1-0,0.47807152352528876,0.48287949759647814,0.03904897887823322
1-0,1-0,0.45269026465060896,0.5082843349787616,0.03902540037062961
1-0,1-0,0.4236380740501028,0.5370012772622752,0.03936064868762201
1/2-1/2,1-0,0.44989093555314413,0.4905079785183753,0.059601085928480305
0-1,1-0,0.43781172540570673,0.524005532627556,0.03818274196673756
1-0,1-0,0.4438224703501526,0.5181582721885827,0.03801925746126473
0-1,1-0,0.4875453501582312,0.4731514655350954,0.0393031843066734
1-0,1-0,0.47615934983184444,0.4842952438160847,0.039545406352070975
1-0,1-0,0.47180571357421025,0.4850203176891833,0.0431739687366066
1-0,1-0,0.44051494718905704,0.5214108190174729,0.03807423379347005
1-0,1-0,0.4522300492449971,0.5094553232069948,0.038314627548007935
0-1,1-0,0.42687440671438476,0.5362350464842119,0.03689054680140316
1-0,1-0,0.46983989231469775,0.49074145084725707,0.03941865683804525
0-1,1-0,0.43738327418383327,0.5235729768617378,0.03904374895442893
0-1,1-0,0.42816972008093845,0.5317581226032968,0.040072157315764766
1-0,1-0,0.4202397335390615,0.5443702845035144,0.03538998195742413
0-1,1-0,0.44679292881451704,0.514833949372929,0.03837312181255386
1-0,1-0,0.4633120610305837,0.4972681791809864,0.03941975978842999
1-0,0-1,0.5423951923723549,0.41869720120175935,0.03890760642588571
0-1,1-0,0.43230980200527536,0.5292899776084455,0.038400220386278806
1-0,1-0,0.4675089480018109,0.49310670696051856,0.03938434503767035
0-1,1-0,0.4424372030625276,0.518998351809483,0.03856444512798951
0-1,1-0,0.4549170287823049,0.5102995644361771,0.03478340678151808
1-0,1-0,0.47898783356708174,0.48146340596237525,0.03954876047054287
1-0,1-0,0.45437104066180606,0.5058696120603543,0.039759347277839564
0-1,1-0,0.48456624982951324,0.47810940837257343,0.03732434179791332
1-0,1-0,0.41721348928693075,0.5153431359857013,0.06744337472736807
0-1,1-0,0.4250740971271961,0.5364481202339589,0.03847778263884479
0-1,1-0,0.434976628296335,0.5257061236085313,0.03931724809513377
0-1,0-1,0.5735599126198012,0.3888523954290917,0.037587691951107324
0-1,1-0,0.4248174160099233,0.5359105571023427,0.03927202688773381
0-1,1-0,0.48460093886070604,0.4764458316764786,0.038953229462815514
0-1,1-0,0.41576332390586906,0.5462629593957979,0.03797371669833289
1-0,1-0,0.40572828492645263,0.5548770132122165,0.03939470186133097
1-0,1-0,0.43345766544616726,0.5278484862247957,0.03869384832903688
0-1,1-0,0.4378874336746341,0.5230629692666122,0.03904959705875365
0-1,1-0,0.4358796089427659,0.5257670304485397,0.038353360608694695
0-1,1-0,0.47654212982663546,0.4843752911477047,0.039082579025659765
1-0,1-0,0.44282340455843894,0.5180706104216057,0.03910598501995521
1/2-1/2,1-0,0.4159202223580317,0.5344901020451036,0.04958967559686483
0-1,0-1,0.5922071609798214,0.36930416223955426,0.03848867678062418
0-1,1-0,0.4270069053520554,0.533561550357898,0.03943154429004685
0-1,1-0,0.46467736430775974,0.4970028418676613,0.038319793824579125
1-0,1-0,0.43717570600310784,0.5242077275707887,0.03861656642610339
0-1,1-0,0.4494413562639624,0.5122754928370833,0.03828315089895425
1-0,1-0,0.45933078481625245,0.5048641471198035,0.035805068063944005
0-1,1-0,0.44527685641870146,0.51606930076469,0.03865384281660848
0-1,1-0,0.4827650600481155,0.4778502782975378,0.03938466165434697
1-0,1-0,0.4263826294587452,0.5350175778861187,0.038599792655135905
0-1,0-1,0.5101150375450664,0.4535965371270818,0.036288425327851793
1-0,1-0,0.4256594565748823,0.5358487087401517,0.03849183468496612
1-0,1-0,0.4947743047688054,0.4664932522090261,0.038732443022168536
1-0,1-0,0.43954366248839294,0.5224028185913625,0.038053518920244556
1-0,1-0,0.45020116721840986,0.5103378923036948,0.039460940477895536
1-0,1-0,0.46770695849545857,0.49364176617380434,0.03865127533073713
1-0,1-0,0.42361423468037096,0.537345116574212,0.03904064874541688
1-0,1-0,0.4436944223642086,0.5181461845786117,0.03815939305717954
1/2-1/2,1-0,0.4423621720221779,0.518467613604594,0.03917021437322809
1-0,1-0,0.4320143430460164,0.5291236552464098,0.03886200170757407
0-1,1-0,0.4274158824012904,0.5358064644665388,0.036777653132170546
0-1,1-0,0.4344100300813134,0.5263461930162721,0.03924377690241481
0-1,1-0,0.47354261238781614,0.49680655100643883,0.029650836605744774
1-0,1-0,0.48790737524928224,0.4727138609177012,0.03937876383301644
0-1,1-0,0.4433222294624775,0.5179303708704591,0.03874739966706362
1-0,1-0,0.4515663524871419,0.5092280753353604,0.039205572177497774
1-0,1-0,0.424989524342794,0.535765575186682,0.03924490047052377
1-0,0-1,0.5230659453597327,0.43772354706235816,0.0392105075779091
0-1,1-0,0.4352772506478079,0.5260331025825037,0.038689646769688384
1-0,1-0,0.4605025757568604,0.5005152260168174,0.038982198226322116
0-1,1-0,0.4329863698987501,0.5283538168247378,0.038659813276511655
0-1,1-0,0.4528614444273384,0.5078968551580276,0.03924170041463381
1/2-1/2,1-0,0.5010200931121852,0.46095993561306803,0.038019971274746864
1-0,1-0,0.4699921709241951,0.49081529440582367,0.03919253466998107
1-0,1-0,0.43794297184686826,0.5236832266260314,0.03837380152710046
0-1,0-1,0.5174807477982933,0.44318377160069844,0.0393354806010083
0-1,1-0,0.4274260944488914,0.5336224602165841,0.03895144533452444
1-0,1-0,0.4363796753727526,0.5255055813709439,0.0381147432563034
0-1,1-0,0.4235936770783593,0.5380939875137866,0.03831233540785406
0-1,1-0,0.4222429131870885,0.5384531770292805,0.039303909783630714
0-1,1-0,0.45120285694066503,0.5094063700227621,0.03939077303657277
0-1,1-0,0.43386052840411277,0.5234582566120732,0.04268121498381378
1-0,1-0,0.4372800936702294,0.5233992252153423,0.03932068111442801
1/2-1/2,1-0,0.4051963705609248,0.5128680066516581,0.08193562278741696
0-1,1-0,0.45565225617122507,0.5051535002574772,0.03919424357129754
0-1,1-0,0.4365446905280694,0.524032385477144,0.03942292399478684
1-0,1-0,0.4441350347891697,0.5164949100980454,0.03937005511278482
1-0,1-0,0.4435362456562115,0.5173195826074097,0.039144171736378755
1-0,1-0,0.47957855750018447,0.4812072326708266,0.03921420982898902
0-1,1-0,0.42504168835111406,0.5367096311992869,0.03824868044959876
1-0,1-0,0.4480775226597466,0.5134553599824996,0.03846711735775388
1-0,1-0,0.45908248105019483,0.5016713990593887,0.03924611989041628
1-0,1-0,0.4554642094029665,0.5053069322520679,0.03922885834496555
1-0,1-0,0.4201030692952176,0.5531337354779523,0.026763195226830155
0-1,1-0,0.4294593974420899,0.5312688946258242,0.03927170793208604
1-0,1-0,0.44665331392759317,0.5148801882968357,0.038466497775571415
0-1,1-0,0.46273815265301305,0.4981991252792754,0.03906272206771183
1-0,1-0,0.4342299144031003,0.5265992701970927,0.039170815399806824
1-0,1-0,0.42535246812194943,0.5357377305371188,0.038909801340931735
0-1,1-0,0.4539590015345514,0.5068228174936151,0.039218180971833536
1-0,1-0,0.482574988892767,0.4778965420711936,0.03952846903603934
1-0,1-0,0.47223460226574904,0.48989336105648273,0.03787203667776844
1-0,1-0,0.4530077261210111,0.5077558131720252,0.03923646070696368
1-0,1-0,0.4444198785199348,0.5170536115658432,0.03852650991422195
1-0,1-0,0.46451845559840144,0.4972322526876056,0.03824929171399327
1-0,1-0,0.46143358681542823,0.5053462882809173,0.033220124903654516
0-1,1-0,0.4334071516729819,0.5273741102777905,0.039218738049227556
0-1,1-0,0.4560243778622854,0.5044801227550411,0.03949549938267355
1-0,1-0,0.4309692836627596,0.5303290912045913,0.038701625132649235
1-0,1-0,0.42779415601937093,0.534863485912126,0.03734235806850318
0-1,1-0,0.4420055356958066,0.5187787356331178,0.03921572867107556
1/2-1/2,1-0,0.4607661813302011,0.4912811383768946,0.04795268029290425
1/2-1/2,1-0,0.464060346995262,0.49751113724413654,0.03842851576060123
0-1,1-0,0.42370271100678364,0.5374489002780143,0.03884838871520184
1-0,1-0,0.4056284897924963,0.4935115345301605,0.10085997567734308
1-0,1-0,0.4987651827042263,0.4618502984843852,0.039384518811388616
1-0,1-0,0.457751079420438,0.5030044663503717,0.039244454229190553
1-0,1-0,0.42228516420148715,0.5396227849155832,0.03809205088292941
1-0,1-0,0.4578861477310724,0.5033382975903555,0.03877555467857198
1-0,1-0,0.4465767432994461,0.5149508593199836,0.038472397380570206
1-0,1-0,0.4282182249595468,0.5326484737741299,0.039133301266323355
1-0,1-0,0.42726958724401964,0.5339640776454991,0.03876633511048118
1/2-1/2,1-0,0.3863330561503698,0.5166029984143263,0.09706394543530394
0-1,1-0,0.44003558428690515,0.5208823110794306,0.03908210463366411
0-1,1-0,0.42736154005050714,0.5275289877368584,0.0451094722126345
0-1,1-0,0.45649891731466236,0.5040253475585919,0.03947573512674573
1-0,1-0,0.42858587610037896,0.5327270463654328,0.038687077534188076
0-1,1-0,0.47062470611722995,0.4960549249449328,0.03332036893783696
0-1,1-0,0.4939182225871884,0.46788459447446096,0.03819718293835061
0-1,1-0,0.4410036954838351,0.5209843863793043,0.0380119181368604
0-1,1-0,0.46139710753382734,0.5002279130810936,0.0383749793850788
1-0,1-0,0.4800985067677034,0.4806277064000195,0.03927378683227704
1-0,1-0,0.430475242336827,0.5314612297099522,0.03806352795322098
1-0,1-0,0.4583133627506613,0.5031234987981164,0.038563138451222355
1-0,1-0,0.4598138413774662,0.5020417594088608,0.03814439921367292
1-0,1-0,0.4285928514430033,0.5325856457458997,0.03882150281109706
1-0,1-0,0.4862513310525023,0.47575212133202516,0.037996547615472484
0-1,1-0,0.439985715457878,0.5210774025746638,0.03893688196745807
1-0,1-0,0.4458745968634123,0.5161359869223929,0.037989416214194625
1-0,1-0,0.4490519095448896,0.5125675819862506,0.038380508468859646
1-0,1-0,0.4355211754208359,0.5263474982926089,0.03813132628655508
1-0,1-0,0.44872707531594724,0.512780446720418,0.038492477963634655
1-0,1-0,0.43830791423514265,0.5236288114693325,0.03806327429552485
1-0,1-0,0.45476224027113127,0.5058744354354408,0.03936332429342803
1-0,1-0,0.46809166820497394,0.49458879139833095,0.037319540396695154
0-1,1-0,0.4225370717245225,0.5386825028141186,0.038780425461359104
1-0,1-0,0.4564396595336269,0.504300654017055,0.039259686449317835
1-0,1-0,0.44157745342710386,0.5154468507312102,0.042975695841686104
0-1,1-0,0.47114172170049806,0.4834646479266816,0.04539363037282019
0-1,1-0,0.4641429186918315,0.4966600267084472,0.03919705459972156
1-0,1-0,0.45218787996126775,0.5095591251488417,0.03825299488989044
1-0,1-0,0.4375344100416771,0.5234460703235989,0.0390195196347242
0-1,1-0,0.42455539254648283,0.5365320385882013,0.038912568865315814
0-1,1-0,0.45143595863000974,0.5090985061260895,0.03946553524390088
0-1,1-0,0.433488482114695,0.5276505974123963,0.03886092047290909
0-1,1-0,0.43767811763675474,0.5240770778333351,0.03824480452991002
0-1,0-1,0.509116684354402,0.446172401756414,0.044710913889184176
1-0,1-0,0.4442767666730973,0.5166311600667639,0.03909207326013871
0-1,1-0,0.4670230805209875,0.4940301483322078,0.038946771146804546
0-1,1-0,0.4371797631726453,0.5149969725617325,0.04782326426562206
1-0,1-0,0.48288781330667063,0.4776198807296918,0.03949230596363747
1/2-1/2,1-0,0.470213268752044,0.49099004174295163,0.03879668950500423
1-0,1-0,0.43744938798453137,0.5237204438065668,0.03883016820890198
1-0,1-0,0.4339670895986296,0.527733213329349,0.03829969707202123
1-0,1-0,0.42363631768356624,0.5370408744812589,0.03932280783517477
0-1,1-0,0.43062318944659117,0.5311699016324959,0.03820690892091287
1-0,1-0,0.4601303553696128,0.5003656357205419,0.03950400890984518
1-0,1-0,0.45009226632855565,0.5117012888140493,0.038206444857395105
0-1,1-0,0.4235841078839505,0.5373387558845482,0.03907713623150138
0-1,1-0,0.43501876873492257,0.5265930133509926,0.03838821791408494
0-1,1-0,0.45396925302367347,0.5076814083749356,0.03834933860139099
0-1,1-0,0.4583313582977669,0.5031994567153754,0.038469184986857724
1-0,1-0,0.49425626360616826,0.4663156525420333,0.039428083851798676
0-1,1-0,0.4526097056207753,0.5081143233705248,0.039275971008699735
1-0,1-0,0.4508855076098935,0.5109306154280973,0.03818387696200916
1-0,1-0,0.4308026738758593,0.5306821981765063,0.03851512794763441
0-1,1-0,0.4322538083176373,0.5291243443967023,0.038621847285660524
1-0,1-0,0.43786000548136655,0.5237887373231607,0.03835125719547271
1-0,1-0,0.47544627896939756,0.48987863692676287,0.034675084103839605
1-0,1-0,0.42982898828837823,0.5318328940326164,0.03833811767900533
1-0,1-0,0.4426699249632513,0.5189291907800059,0.03840088425674307
1-0,1-0,0.4420636645987338,0.5199658494391229,0.03797048596214328
0-1,1-0,0.47646211185609827,0.48401038312143707,0.03952750502246464
1-0,1-0,0.4247727246235746,0.5362024312214416,0.03902484415498352
1-0,1-0,0.4812307271439116,0.47956141254891915,0.03920786030716931
1-0,1-0,0.4352133302704717,0.5256846733253362,0.039101996404192145
0-1,0-1,0.5184196186171326,0.4428811876793181,0.03869919370354941
0-1,1-0,0.43090419094921245,0.5306127684438835,0.03848304060690396
1-0,1-0,0.42211744179641525,0.5391683921746429,0.03871416602894186
1-0,1-0,0.43921890893895554,0.5216520154480905,0.03912907561295403
1-0,1-0,0.47149852149047683,0.49032060675031935,0.0381808717592038
0-1,1-0,0.43672256284130945,0.5247548504849776,0.03852258667371286
0-1,1-0,0.42657672859679896,0.5145866913292387,0.058836580073962426
1-0,1-0,0.4293792540902953,0.5321105065500621,0.038510239359642685
0-1,1-0,0.4517636556822008,0.5099866741053799,0.03824967021241899
1-0,1-0,0.4797910632578753,0.4837225195911796,0.036486417150944826
0-1,1-0,0.4477958860577901,0.5139056313262114,0.038298482615998615
1-0,1-0,0.46991874123526545,0.4905718079775164,0.039509450787217924
0-1,1-0,0.43200032623961176,0.5292186685844046,0.03878100517598367
1-0,1-0,0.480079094202764,0.4805636252357413,0.039357280561494616
0-1,1-0,0.439972113278007,0.520969723560995,0.03905816316099783
1-0,1-0,0.4468945405859736,0.5142454027410511,0.0388600566729752
1-0,1-0,0.4203102278810712,0.5419683235508167,0.037721448568112416
1-0,1-0,0.43567721914024543,0.5250236702685023,0.03929911059125225
0-1,1-0,0.4524255353172483,0.5082241177067905,0.03935034697596123
0-1,1-0,0.4552224521614398,0.505382149832817,0.03939539800574326
0-1,1-0,0.4412833547264225,0.5204152652948972,0.03830137997868042
0-1,1-0,0.4313194787228323,0.5296044958436561,0.039076025433511456
0-1,1-0,0.42108659086934996,0.5398724081801336,0.03904100095051619
1-0,1-0,0.47079451723814697,0.48977000730418274,0.03943547545767029
1-0,1-0,0.4465786867379884,0.5150808408319268,0.03834047243008454
0-1,1-0,0.45638766303236505,0.5052436777833876,0.038368659184247124
0-1,1-0,0.4741578390569965,0.4877899631756989,0.03805219776730456
0-1,1-0,0.46142630166878124,0.4990799922186214,0.03949370611259728
1-0,1-0,0.5008082523557542,0.4600498808475166,0.039141866796729034
0-1,1-0,0.4629203439239917,0.4985033394208428,0.03857631665516555
1-0,1-0,0.4393881131420099,0.5223635103919898,0.038248376466000364
1-0,1-0,0.4310127897669793,0.530502639355848,0.03848457087717278
0-1,1-0,0.43822243628428875,0.5236042731265844,0.03817329058912687
1-0,1-0,0.44685749489614324,0.5142413575252496,0.0389011475786073
0-1,1-0,0.4376588366360168,0.5233003190378948,0.03904084432608832
0-1,1-0,0.4842488176733645,0.4768014512904909,0.038949731036144644
1-0,1-0,0.4430494728696588,0.5184402781237651,0.038510249006575785
1-0,1-0,0.44414207756748814,0.5190373383955245,0.036820584036987465
0-1,1-0,0.42643041427193634,0.5343215094055793,0.03924807632248455
1-0,1-0,0.4869821133216047,0.4742363838019374,0.03878150287645812
0-1,1-0,0.39478843463648455,0.5309184506056699,0.07429311475784557
1-0,1-0,0.42176091000550303,0.5411308180029301,0.03710827199156715
0-1,1-0,0.46791923327360135,0.4933102793076385,0.0387704874187598
1-0,1-0,0.4298050854101484,0.5310792780670619,0.03911563652278985
0-1,1-0,0.46744846313800664,0.49427330125876895,0.038278235603224374
1-0,1-0,0.44203517101446727,0.5190419952313122,0.03892283375422054
0-1,1-0,0.423578031207935,0.5378355178297399,0.03858645096232517
0-1,1-0,0.42779034539559474,0.5330718684742809,0.03913778613012439
0-1,1-0,0.43637277853107637,0.5298422901854815,0.03378493128344205
1-0,1-0,0.45671452244950095,0.515313823982289,0.027971653568209964
1-0,1-0,0.4390343600449694,0.521544111847323,0.03942152810770775
0-1,1-0,0.4335439011476386,0.5278955404957213,0.03856055835664026
1-0,1-0,0.4576099586841919,0.5032186636155572,0.03917137770025091
1-0,1-0,0.44357838888921364,0.5197714832934386,0.036650127817347916
0-1,1-0,0.47168543792712264,0.48912914410397185,0.03918541796890559
0-1,0-1,0.5055415424746781,0.4557283129880044,0.03873014453731741
1-0,1-0,0.42582626326806844,0.5353593959554093,0.03881434077652234
1-0,1-0,0.4550269423930888,0.5066946859012997,0.038278371705611484
1-0,1-0,0.42630844892268555,0.5355049705616174,0.038186580515697156
0-1,1-0,0.42418865857860866,0.537952088011116,0.037859253410275254
0-1,1-0,0.4323792232357108,0.529551479456118,0.03806929730817108
1-0,1-0,0.4495980033838771,0.5111528757875787,0.03924912082854388
0-1,1-0,0.44268128842781695,0.5182027487626238,0.039115962809558855
0-1,1-0,0.4573036079213002,0.5044240141259383,0.03827237795276159
1-0,1-0,0.4397275226169468,0.5217795682634456,0.038492909119607725
1-0,0-1,0.5111158584736475,0.4507293673124108,0.03815477421394186
0-1,1-0,0.43752957504843887,0.5233703219419137,0.03910010300964736
1-0,1-0,0.42572268492592796,0.5329040452649918,0.04137326980907992
1/2-1/2,1-0,0.46388916633630334,0.49705920705118967,0.039051626612506954
1-0,1-0,0.4380942056634494,0.5232178076518675,0.03868798668468303
1-0,1-0,0.4223813316848002,0.5387644604502694,0.03885420786493046
0-1,1-0,0.5003287983077755,0.46157798927147364,0.03809321242075097
1-0,1-0,0.44020914282826235,0.5233580210282361,0.03643283614350136
0-1,1-0,0.46821458418879897,0.49262800937350765,0.039157406437693484
1-0,1-0,0.47634634308043283,0.4851871396034469,0.03846651731612018
0-1,1-0,0.46203985115707885,0.4984891012262746,0.03947104761664663
0-1,1-0,0.46003598744368546,0.5014003462121731,0.03856366634414136
1-0,1-0,0.4502076027061315,0.5118010493841761,0.03799134790969252
0-1,1-0,0.45347824466900255,0.507796439357246,0.038725315973751305
0-1,1-0,0.4327089333401337,0.5285442767403566,0.038746789919509646
0-1,1-0,0.4271498276708877,0.5342597513186226,0.038590421010489796
0-1,1-0,0.4466647615729161,0.5147596767815807,0.038575561645503215
1-0,1-0,0.423450224924132,0.5377281609179986,0.038821614157869735
1-0,1-0,0.45202873276153127,0.5095760481065006,0.03839521913196819
0-1,1-0,0.4184249606781165,0.5424795021082364,0.039095537213646975
1-0,1-0,0.45400147648525696,0.5075232592490905,0.038475264265652426
0-1,1-0,0.447030790918299,0.5148829041400831,0.03808630494161784
1/2-1/2,1-0,0.43458439040581665,0.5267178328944292,0.03869777669975418
0-1,1-0,0.44562704012122306,0.5154216105400583,0.03895134933871863
1-0,1-0,0.45915853528341366,0.5021197351484,0.038721729568186175
1/2-1/2,1-0,0.10368510133533534,0.33248396976715594,0.5638309288975085
0-1,1-0,0.4662345421342036,0.49488674965260115,0.03887870821319526
1-0,1-0,0.44157584454234505,0.5199253764357422,0.03849877902191267
0-1,1-0,0.468105208025134,0.4926172342662061,0.03927755770865995
0-1,1-0,0.4557742563416369,0.5056338929112127,0.038591850747150415
1-0,1-0,0.4183168519456515,0.5433252824361152,0.03835786561823317
0-1,1-0,0.43262750920163084,0.5321371834157435,0.0352353073826257
0-1,1-0,0.4357662096027586,0.525637071084309,0.03859671931293207
1-0,1-0,0.4232649317541894,0.537847439355917,0.0388876288898937
1-0,1-0,0.49978612254523513,0.46063647064673685,0.039577406808027925
1-0,1-0,0.48800678123325386,0.4725597258241094,0.03943349294263665
1-0,1-0,0.47921581396825497,0.4814777904554137,0.03930639557633132
1-0,1-0,0.44929906722320745,0.5112653135120483,0.03943561926474423
1-0,1-0,0.40683814022940284,0.5535646871633404,0.03959717260725673
0-1,1-0,0.44519907662707603,0.515954322811487,0.038846600561437024
0-1,1-0,0.439112231045394,0.5215189159094316,0.03936885304517457
1-0,1-0,0.42488732454303735,0.536224255070009,0.038888420386953684
0-1,1-0,0.400656025703963,0.49480241070815645,0.10454156358788061
1-0,1-0,0.42290633573778746,0.5377722489380905,0.03932141532412219
0-1,1-0,0.46702296088264766,0.4943154510229552,0.038661588094396786
0-1,1-0,0.44579706923315543,0.5156260957794013,0.03857683498744334
0-1,1-0,0.4249404103087357,0.5359560894072711,0.039103500283992954
0-1,1-0,0.4362937385523842,0.5245717735125788,0.03913448793503708
1-0,1-0,0.4454311743698045,0.5152505844052552,0.03931824122494016
0-1,1-0,0.4342361642577742,0.5268544008464134,0.03890943489581225
0-1,1-0,0.4276913376194076,0.5353162380734533,0.0369924243071391
1-0,1-0,0.4531167011034575,0.5075426503522665,0.03934064854427582
1-0,1-0,0.47101670326070844,0.4894515110003859,0.03953178573890561
1-0,1-0,0.4449195851349169,0.5162335312243918,0.038846883640691186
1-0,1-0,0.4238897399235488,0.5371811030804358,0.038929156996015186
1-0,1-0,0.4594863786214705,0.5010293439236595,0.03948427745486987
0-1,1-0,0.45236209039068237,0.5094045874913042,0.03823332211801326
1-0,1-0,0.4446043049848371,0.5158906092822689,0.03950508573289415
1-0,1-0,0.456155541173236,0.5044462201565574,0.03939823867020655
1-0,1-0,0.4629593306064554,0.4989680066794353,0.03807266271410932
0-1,0-1,0.6167753791445693,0.3440750622736273,0.03914955858180335
0-1,1-0,0.4568384985314893,0.5036645130687224,0.03949698839978828
0-1,1-0,0.4488076272911132,0.512615311796702,0.03857706091218509
1-0,1-0,0.43744140717499347,0.523774987605403,0.038783605219603466
1-0,1-0,0.4475639218772503,0.513601687569831,0.03883439055291843
1-0,1-0,0.4308167474671474,0.530798277551536,0.03838497498131683
0-1,1-0,0.427526895007666,0.5337496491792515,0.03872345581308243
1-0,1-0,0.4402151094261282,0.5206164547515577,0.039168435822314
0-1,1-0,0.47428613015875626,0.48708315949249387,0.0386307103487499
0-1,1-0,0.4233353534645211,0.5379912994049323,0.03867334713054657
1-0,1-0,0.44966607471542513,0.5117958187417397,0.038538106542834974
0-1,1-0,0.46677851741715615,0.49457110172320734,0.03865038085963673
0-1,1-0,0.45530471583571397,0.506406131158261,0.03828915300602501
1-0,1-0,0.46125501080310427,0.49954241227947266,0.03920257691742309
0-1,0-1,0.5204685486780328,0.44095285263713313,0.03857859868483403
0-1,1-0,0.44751173145419465,0.5132225033985773,0.03926576514722804
0-1,1-0,0.5046432549301973,0.45719285037587726,0.03816389469392527
1-0,1-0,0.4484456055950748,0.5137731311691175,0.037781263235807716
0-1,1-0,0.420722290748829,0.5401552251918986,0.03912248405927222
1-0,1-0,0.4735003596230755,0.48757749677487305,0.038922143602051366
0-1,1-0,0.44469886142076565,0.5165875730489564,0.03871356553027797
1-0,1-0,0.46112118665032026,0.5023862936722735,0.036492519677406174
1-0,1-0,0.4860805524378121,0.47439474546101795,0.039524702101169665
1-0,1-0,0.4451110762003385,0.5166391838719187,0.03824973992774276
0-1,1-0,0.45466521154721595,0.5060917742404579,0.03924301421232616
0-1,1-0,0.4737180110648264,0.4867312441856537,0.03955074474951975
0-1,1-0,0.43649338998306014,0.5252783391835741,0.038228270833366086
0-1,1-0,0.43130950532184714,0.5303773291539157,0.038313165524237025
0-1,1-0,0.43898637022253545,0.522661958976239,0.03835167080122534
0-1,1-0,0.4944405701593925,0.46595078905950155,0.039608640781106125
0-1,1-0,0.43013933810235216,0.5316573043289771,0.038203357568670854
0-1,1-0,0.4393894613181482,0.5224054995571342,0.03820503912471752
0-1,1-0,0.45750413393413175,0.5046248190665977,0.037871046999270394
0-1,1-0,0.4437106445533829,0.5235439589620609,0.03274539648455638
0-1,1-0,0.40477722402225286,0.5572363225179646,0.03798645345978262
0-1,1-0,0.4648797630638905,0.49638574215824877,0.038734494777860826
1-0,1-0,0.4239709390885607,0.5371067830642402,0.03892227784719901
0-1,1-0,0.43125815923389943,0.5303227811484235,0.038419059617677095
0-1,1-0,0.48826530052187267,0.47336441011112396,0.03837028936700337
0-1,1-0,0.42352936420128035,0.5379170249874211,0.03855361081129844
1-0,1-0,0.4227855004003963,0.5379111539707779,0.039303345628825676
1-0,1-0,0.4643959708405276,0.4969137784500436,0.03869025070942904
1-0,1-0,0.42260481936148886,0.5391313447606215,0.03826383587788956
1-0,1-0,0.40264294072679474,0.5457006472861793,0.051656411987025835
0-1,1-0,0.4272796820403964,0.5353794530832965,0.03734086487630693
0-1,1-0,0.4361722842650892,0.525475447532586,0.03835226820232493
0-1,1-0,0.45108331790811496,0.5100783722698006,0.038838309822084534
0-1,1-0,0.46945719082682735,0.4916709272453456,0.038871881927827236
1-0,1-0,0.42288442661962267,0.5387581325072219,0.03835744087315493
1-0,1-0,0.4499867370340291,0.5114779829274086,0.03853528003856213
1-0,1-0,0.4489874487306648,0.5124042236952963,0.03860832757403869
0-1,1-0,0.382194576462493,0.5347772806822257,0.08302814285528157
1-0,1-0,0.4128098719844302,0.5475623257792183,0.039627802236351664
0-1,1-0,0.47649477747285335,0.48633627705225907,0.03716894547488757
0-1,1-0,0.44516660769569955,0.5159145002118264,0.0389188920924741
1-0,1-0,0.43758516473383324,0.523541236275481,0.03887359899068568
0-1,1-0,0.43373472259750845,0.5272123763410872,0.039052901061404466
1-0,1-0,0.45683220609764336,0.5038553968605882,0.03931239704176832
0-1,1-0,0.47881316895479853,0.4816618407168925,0.03952499032830876
0-1,0-1,0.5236862021987796,0.4383087908757639,0.03800500692545643
1-0,1-0,0.4476837080708701,0.5139041261572886,0.038412165771841075
1-0,1-0,0.43521907439348484,0.5257475303461123,0.039033395260403114
0-1,1-0,0.4414963445778509,0.5196664521422187,0.03883720327993023
1-0,1-0,0.42849179848982966,0.5364541046906768,0.035054096819493764
0-1,1-0,0.45687960863109245,0.5043861437612941,0.03873424760761347
1-0,1-0,0.4463653859750774,0.5147996169687277,0.03883499705619496
1-0,1-0,0.43360118516024077,0.5275864315766056,0.038812383263153886
1-0,1-0,0.4510444157436687,0.5095954470178626,0.0393601372384688
1-0,1-0,0.42306396706656707,0.5384002712517686,0.03853576168166407
1-0,1-0,0.4249378057985658,0.5279959574806479,0.047066236720786234
1-0,1-0,0.4311977310865283,0.5255085904471972,0.04329367846627451
1-0,1-0,0.3453870881649869,0.5447134518680532,0.10989945996695982
1/2-1/2,1-0,0.44500729801011224,0.5156552496756468,0.0393374523142408
0-1,1-0,0.46377975483605705,0.4967361198742773,0.03948412528966581
0-1,1-0,0.43764425850596345,0.5236479185717415,0.03870782292229489
1-0,1-0,0.44145456307523473,0.5204214288639716,0.038124008060793635
0-1,1-0,0.4978125599937244,0.4628777518735952,0.039309688132680286
0-1,1-0,0.4261297245463434,0.5354001263544843,0.0384701490991724
1/2-1/2,1-0,0.4690646536961677,0.4917159033134379,0.039219442990394274
0-1,1-0,0.43544464494487717,0.5261984196185011,0.03835693543662188
0-1,1-0,0.45209040271829287,0.509664251473538,0.03824534580816901
1-0,1-0,0.4809339606215123,0.4801190407923245,0.0389469985861631
0-1,1-0,0.4329395178759121,0.5279725520822417,0.03908793004184605
0-1,1-0,0.43785371802287154,0.5230304958113798,0.03911578616574855
1-0,1-0,0.45300911695364104,0.5078085901880534,0.039182292858305656
1-0,1-0,0.42097756707695944,0.5406630640515779,0.03835936887146245
1-0,1-0,0.4996215199299467,0.46104174214791366,0.039336737922139736
0-1,1-0,0.4501974015355229,0.5106740019355064,0.03912859652897094
1-0,1-0,0.4816681912233707,0.47888616966079034,0.03944563911583923
0-1,1-0,0.4476029897339169,0.5136503414043969,0.03874666886168616
0-1,1-0,0.4166965557958604,0.5448386762559885,0.03846476794815102
1-0,1-0,0.42438766411430423,0.5375188613741841,0.038093474511511724
0-1,1-0,0.46710494579245376,0.49333972059875764,0.039555333608788414
1-0,1-0,0.43522726868489475,0.5264328099562317,0.03833992135887358
0-1,1-0,0.4755927494378471,0.4854308403030335,0.03897641025911933
1-0,1-0,0.4668014259203639,0.49376622355804883,0.03943235052158728
1-0,1-0,0.4742695505826525,0.4872142454691464,0.038516203948201023
1-0,1-0,0.44159124318024284,0.5202980003941597,0.038110756425597345
0-1,1-0,0.42588632794187486,0.5348198985037367,0.039293773554388366
1/2-1/2,1-0,0.44802238034724534,0.5125776388222164,0.039399980830538084
1-0,1-0,0.43267833990327964,0.5291365823442031,0.03818507775251738
0-1,1-0,0.4520575021650485,0.5085868812288553,0.039355616606095885
1-0,1-0,0.454132216514392,0.5072244129022683,0.038643370583339866
0-1,1-0,0.48469873406775493,0.47698871758079864,0.03831254835144649
1-0,1-0,0.4498736865649314,0.5189999061552936,0.031126407279774983
1-0,1-0,0.44947488974435995,0.5123617133512813,0.03816339690435867
1/2-1/2,1-0,0.46055692635244344,0.5005358861216987,0.038907187525857666
1-0,1-0,0.4936434058331082,0.467087739448686,0.03926885471820585
0-1,1-0,0.4595459123290678,0.5010571955508129,0.03939689212011941
0-1,1-0,0.4552643051477276,0.5063107626734753,0.03842493217879706
1-0,1-0,0.460895679868379,0.5006114604595292,0.03849285967209165
1-0,1-0,0.4728169749819905,0.4881920673808844,0.038990957637124846
0-1,1-0,0.47734354080818975,0.4840540732736821,0.0386023859181279
1-0,1-0,0.42747870683461076,0.5338131432072588,0.03870814995813049
0-1,1-0,0.47324344314770567,0.4878787218980397,0.038877834954254537
1-0,1-0,0.44946607199931643,0.5120235106333137,0.03851041736736971
1-0,1-0,0.4270860048402684,0.5341433890584862,0.03877060610124534
0-1,1-0,0.42335828110659085,0.537585498776786,0.03905622011662325
0-1,1-0,0.47586124620028303,0.4509608667404635,0.07317788705925368
0-1,1-0,0.43007105573386945,0.5320378884604188,0.0378910558057118
1-0,1-0,0.43628493146799857,0.5260859830776364,0.037629085454364886
1-0,1-0,0.45998774896648853,0.5018303251059563,0.03818192592755515
1-0,1-0,0.4217925903833899,0.5413388100250017,0.0368685995916085
0-1,1-0,0.46519837689574134,0.4953254191722039,0.03947620393205471
0-1,1-0,0.4360861039671069,0.5248696807908588,0.03904421524203425
0-1,1-0,0.4735242597923492,0.48724878402918076,0.0392269561784697
1-0,1-0,0.4296904643541845,0.5321486924916492,0.0381608431541663
0-1,1-0,0.42990865379563237,0.5335438760941194,0.03654747011024818
1-0,1-0,0.43634646829568013,0.524943453402839,0.03871007830148088
0-1,1-0,0.4418565891354542,0.5191628687141311,0.038980542150415
0-1,1-0,0.46638180640236715,0.49476550106710904,0.03885269253052369
1-0,1-0,0.47478544737392925,0.48646063094139835,0.038753921684672524
1-0,1-0,0.4310727542426551,0.5310143573307969,0.037912888426547955
0-1,1-0,0.4722204358321065,0.486890322958975,0.04088924120891847
0-1,1-0,0.4564279353506689,0.505137117636082,0.03843494701324913
1-0,1-0,0.4462668822249054,0.5153540638073317,0.038379053967762956
0-1,1-0,0.4415680715827124,0.5200687068722477,0.038363221545039655
1-0,1-0,0.4510934275437051,0.5096606179201347,0.03924595453616016
1-0,1-0,0.4952533355614164,0.44860258848665163,0.05614407595193207
0-1,1-0,0.4482791399193816,0.5132393481792823,0.03848151190133598
0-1,1-0,0.43809466234476546,0.5234532617881438,0.0384520758670908
1/2-1/2,1-0,0.49198101757883744,0.46874764183666434,0.03927134058449823
0-1,1-0,0.43084752546476585,0.5343557253487092,0.03479674918652487
0-1,1-0,0.4580460876134275,0.5026409103946228,0.03931300199194973
0-1,1-0,0.4658452810569741,0.4963169452021426,0.03783777374088352
0-1,1-0,0.4918420903172558,0.47029336496031315,0.03786454472243128
1-0,1-0,0.46641240181138,0.49419666163619097,0.03939093655242901
0-1,1-0,0.4763791822474145,0.4840712565789853,0.03954956117360011
1-0,1-0,0.4420055572744943,0.519386808502063,0.03860763422344275
1-0,1-0,0.45109620877183604,0.5101576305488313,0.03874616067933262
0-1,1-0,0.4398612714572405,0.5219645569155922,0.03817417162716733
1-0,1-0,0.48198785522606225,0.47903624869820705,0.03897589607573042
1-0,1-0,0.44859674188119386,0.5126876162136895,0.038715641905116685
0-1,1-0,0.4514426033389538,0.5103524767209149,0.038204919940131296
1-0,1-0,0.4299960983850127,0.5313100393857453,0.03869386222924197
1-0,1-0,0.4409367292589883,0.5200388916142775,0.03902437912673399
0-1,1-0,0.47093477932215644,0.4899281847942971,0.039137035883546535
1-0,1-0,0.4486679941301955,0.5140289615953685,0.037303044274435794
1-0,1-0,0.46284375206796763,0.497625539278052,0.03953070865398058
0-1,1-0,0.42400272425285873,0.5378230813037607,0.03817419444338024
1-0,1-0,0.45716491441147955,0.5036313355036561,0.03920375008486449
0-1,1-0,0.44025729074958325,0.521015398790195,0.03872731046022183
1-0,1-0,0.4325538377768114,0.5280555261669215,0.03939063605626731
0-1,1-0,0.45106806761445883,0.5094637128037934,0.03946821958174772
0-1,1-0,0.43981040962049456,0.5211629938870607,0.039026596492444644
1-0,1-0,0.4465185375026991,0.5150351537889976,0.03844630870830342
0-1,1-0,0.4403109568307399,0.5189362833022871,0.04075275986697293
1-0,1-0,0.43208242521093354,0.5287587027576965,0.039158872031370216
0-1,1-0,0.4324728577048892,0.5295059162884559,0.0380212260066549
1-0,1-0,0.4633228507991856,0.498968025173792,0.037709124027022374
0-1,1-0,0.4342008885831146,0.527505409301578,0.03829370211530739
1-0,1-0,0.4115673850804233,0.5492294160620403,0.03920319885753665
1-0,1-0,0.415267446398813,0.5473405477626841,0.03739200583850314
0-1,1-0,0.466960214980662,0.4938621558982692,0.039177629121068876
0-1,1-0,0.4416385316528753,0.5200814562793918,0.03828001206773276
0-1,1-0,0.4371157474833818,0.5244877756225839,0.03839647689403431
0-1,1-0,0.4660336365641371,0.49441944027629764,0.03954692315956527
1-0,1-0,0.4945988141169647,0.4658281747497682,0.039573011133267055
1-0,1-0,0.4779337545128253,0.4826020521621403,0.03946419332503432
1-0,1-0,0.44712555993197045,0.5144447734204031,0.038429666647626495
0-1,0-1,0.5088306405486223,0.4528403823283089,0.0383289771230686
1-0,1-0,0.4281674780707666,0.5338125512102903,0.03801997071894316
1-0,1-0,0.4334220415224594,0.5274596747851072,0.03911828369243359
1-0,1-0,0.4463210509574116,0.5143710700163054,0.03930787902628292
0-1,1-0,0.46586163800651387,0.4959744412103728,0.038163920783113266
1-0,1-0,0.44432637452752854,0.5174145111545866,0.038259114317884584
1-0,1-0,0.470594608953455,0.48986402317982053,0.03954136786672447
1-0,0-1,0.5562391365215534,0.4106369886851913,0.033123874793255216
0-1,0-1,0.5226492935252416,0.44218189686482856,0.03516880960992986
0-1,1-0,0.4302232276752399,0.5309117193896494,0.03886505293511074
1-0,1-0,0.4720510209305006,0.4893747808743124,0.03857419819518688
0-1,1-0,0.43205693884295276,0.5297601384777448,0.03818292267930259
0-1,1-0,0.4351150434889673,0.525642286563642,0.03924266994739074
0-1,1-0,0.44231103414496753,0.5183707083708136,0.039318257484218716
1-0,0-1,0.5153968240525411,0.4465927992181806,0.03801037672927824
0-1,1-0,0.4474180742360588,0.5145179136343068,0.038064012129634596
1-0,1-0,0.4482030982979709,0.513226140331237,0.03857076137079209
1-0,1-0,0.47345057251236145,0.48710911450840544,0.039440312979233116
1-0,1-0,0.44457080662610665,0.5163138944167361,0.03911529895715702
0-1,1-0,0.4572024520936606,0.5043072725521498,0.03849027535418945
1-0,1-0,0.4431628491187228,0.5184440641225451,0.03839308675873192
1-0,1-0,0.4688999579760734,0.49162690532006054,0.03947313670386589
0-1,1-0,0.4563360161741344,0.5046695753289459,0.038994408496919694
0-1,1-0,0.44478207096215633,0.515830926445465,0.03938700259237849
0-1,1-0,0.42732843619795696,0.534228354053035,0.03844320974900782
0-1,1-0,0.4414497889792678,0.5195673883405214,0.03898282268021095
0-1,1-0,0.5005921609289176,0.46098645578080205,0.038421383290280234
1-0,1-0,0.4366179437078315,0.5243244355170322,0.03905762077513615
0-1,1-0,0.43118530764405605,0.5299013891137742,0.03891330324216986
1-0,1-0,0.4759105922020044,0.4849577257851369,0.03913168201285865
1-0,1-0,0.42799307479714893,0.5328504144074423,0.03915651079540861
1-0,1-0,0.44497374519579036,0.5155669391776565,0.03945931562655313
0-1,1-0,0.45729221628168837,0.5045230572088376,0.03818472650947395
1-0,1-0,0.4262753274849118,0.534310417492395,0.03941425502269334
0-1,1-0,0.4342647487209932,0.5263387213387012,0.03939652994030551
0-1,0-1,0.510267978002458,0.45017728853713895,0.039554733460402974
1-0,1-0,0.4564262638135253,0.5042347674347957,0.039338968751679255
0-1,1-0,0.44354027170062993,0.5181882128646462,0.03827151543472404
0-1,1-0,0.4360453433806043,0.5259025833735252,0.038052073245870364
0-1,1-0,0.42353553038096015,0.5379892845476549,0.03847518507138496
0-1,0-1,0.5103185295896572,0.4515610957310918,0.038120374679250876
1-0,1-0,0.4187132360240055,0.5429727491554266,0.03831401482056798
0-1,1-0,0.4819134042734062,0.4793298164955592,0.03875677923103473
0-1,1-0,0.45051588854655245,0.5110723424397583,0.03841176901368919
1-0,1-0,0.4253328849620615,0.5362043210437104,0.03846279399422837
0-1,1-0,0.4668448635849868,0.4948677345920605,0.03828740182295257
0-1,1-0,0.486756408833202,0.4738562375538774,0.03938735361292051
1-0,1-0,0.4762756409312821,0.4854042500021374,0.03832010906658051
0-1,1-0,0.43389936105324206,0.5277408597291613,0.038359779217596784
1/2-1/2,1-0,0.5005129744036743,0.4611332195261931,0.03835380607013267
1-0,1-0,0.4591368014338562,0.5022099614699804,0.03865323709616351
1-0,1-0,0.4669581640661742,0.492043035827286,0.04099880010653979
1-0,1-0,0.43671613954669586,0.5240965420186463,0.03918731843465814
0-1,1-0,0.4278429826149696,0.5330225927366377,0.03913442464839262
0-1,1-0,0.46973064818318916,0.4917435899511405,0.038525761865670444
1-0,1-0,0.4533554800689737,0.5073763827450061,0.03926813718602036
0-1,1-0,0.43197406319459924,0.5288157695099515,0.039210167295449315
1-0,1-0,0.42951913612112835,0.5315637256442997,0.038917138234572025
0-1,1-0,0.46115147736005263,0.5005010701848726,0.03834745245507498
0-1,1-0,0.46481113840926974,0.4961103929929865,0.03907846859774373
0-1,1-0,0.4451316594643161,0.5160272470194025,0.03884109351628155
0-1,1-0,0.4650832816763291,0.4960240227171927,0.03889269560647792
1-0,1-0,0.43899758721593196,0.5224819997017155,0.038520413082352586
0-1,1-0,0.4348297879409938,0.5267183729180991,0.03845183914090707
1-0,1-0,0.4926707200383559,0.4678636887707585,0.03946559119088539
1-0,1-0,0.44139614806275895,0.5198833245565543,0.03872052738068672
1/2-1/2,1-0,0.4356992013689906,0.5247805271757832,0.03952027145522613
1-0,0-1,0.5338271177690537,0.42740457637459195,0.03876830585635432
0-1,1-0,0.42699832813186567,0.5342665478015454,0.03873512406658891
0-1,1-0,0.45675489691502913,0.5050865630903991,0.03815853999457173
0-1,1-0,0.48660638892276087,0.473909575702889,0.03948403537435018
0-1,1-0,0.42547811892020887,0.5364620693431192,0.03805981173667167
0-1,1-0,0.4595824029042845,0.5010911492419626,0.039326447853752944
1-0,1-0,0.4813711905664213,0.4794108589296492,0.03921795050392932
0-1,1-0,0.4401948515711761,0.5206307686115247,0.03917437981729937
1-0,1-0,0.4348521703760484,0.5263660472258828,0.03878178239806873
1-0,1-0,0.4231985703433642,0.5378594608667056,0.03894196878993007
1-0,1-0,0.4385736818176884,0.5224193307796455,0.03900698740266609
1-0,1-0,0.46259040693832004,0.4981430330142531,0.0392665600474269
0-1,1-0,0.43894445605396637,0.5222721170041502,0.03878342694188334
1-0,1-0,0.4453689259150546,0.5160028355590933,0.03862823852585201
0-1,1-0,0.4912003858562352,0.48044694807058763,0.028352666073177067
1-0,1-0,0.42324554145422677,0.5375813730927743,0.03917308545299916
1-0,1-0,0.4512627091301247,0.502014484166525,0.0467228067033501
0-1,1-0,0.4377044839950473,0.5234336851529338,0.03886183085201878
0-1,1-0,0.434902091184916,0.5269779515068966,0.038119957308187326
1-0,1-0,0.43163596706513735,0.5295147120217768,0.03884932091308584
0-1,1-0,0.4840960578575757,0.47760247195002115,0.038301470192402966
1-0,1-0,0.4461456804309203,0.5144883671981056,0.03936595237097395
0-1,1-0,0.43290285281773977,0.528007500316596,0.03908964686566406
0-1,1-0,0.4757101854545988,0.48520197492943157,0.039087839615969684
1-0,0-1,0.596996131031054,0.3638013594023114,0.03920250956663432
0-1,1-0,0.4590642141198716,0.5026247524167117,0.03831103346341692
0-1,1-0,0.4289402232456392,0.5319384508991569,0.039121325855203774
0-1,1-0,0.43320816394670486,0.5282947473355403,0.03849708871775498
1-0,1-0,0.4333173167851693,0.5299418223872706,0.0367408608275602
0-1,1-0,0.4810572553320808,0.47975080771247264,0.03919193695544654
0-1,1-0,0.43985970833360266,0.5207938741137078,0.03934641755268945
1-0,1-0,0.4683836386832668,0.4933056868199169,0.03831067449681633
0-1,1-0,0.435623897007618,0.5258394466973625,0.03853665629501949
0-1,1-0,0.42430699752349216,0.5371480725695758,0.03854492990693199
0-1,1-0,0.4556487733638391,0.4957156633849479,0.04863556325121311
0-1,1-0,0.4675589452697887,0.4929629719519174,0.03947808277829375
0-1,1-0,0.42062257412616294,0.5403036652519329,0.039073760621904256
1-0,1-0,0.4442911761149026,0.49643583750357084,0.05927298638152636
0-1,1-0,0.4571805557818105,0.504173184913724,0.038646259304465434
0-1,1-0,0.4397234555768932,0.5210008453186695,0.03927569910443728
0-1,1-0,0.43513104651012596,0.525811937266177,0.03905701622369702
0-1,1-0,0.45740860578931075,0.504299485264114,0.038291908946575415
1-0,1-0,0.4280643333007634,0.5336153643503581,0.038320302348878336
0-1,1-0,0.4770659227540261,0.4842295209075722,0.038704556338401676
0-1,1-0,0.4164172792242203,0.5445183846232575,0.03906433615252213
1-0,1-0,0.42055360643654016,0.5403923774612596,0.03905401610220036
1-0,1-0,0.4182188801106585,0.5431826248924407,0.03859849499690087
1-0,1-0,0.4458991626650007,0.5161016912380226,0.03799914609697672
1-0,1-0,0.4279327655379211,0.5338163120796999,0.038250922382379045
0-1,1-0,0.45976048522651847,0.5016168907086682,0.038622624064813246
1-0,1-0,0.43163226694342444,0.52990356232918,0.0384641707273956
0-1,1-0,0.4311988578301992,0.5298416485608815,0.03895949360891927
0-1,1-0,0.4705143378911058,0.4902601933217679,0.039225468787126336
1-0,1-0,0.44043935827667213,0.5201559199904405,0.039404721732887435
0-1,1-0,0.454247377792433,0.507569401880969,0.03818322032659793
1-0,1-0,0.46480228008469116,0.4961394179235868,0.0390583019917219
1-0,1-0,0.45935071027960833,0.5015072832182669,0.03914200650212456
1-0,1-0,0.4355993776492631,0.5259929154505657,0.03840770690017129
1-0,1-0,0.42372999762742297,0.5375456112246212,0.03872439114795564
1-0,1-0,0.4143987076886323,0.548125853676105,0.0374754386352626
0-1,1-0,0.47250345699945145,0.48830638022259615,0.03919016277795246
1-0,1-0,0.48037758881554443,0.4813150328229472,0.038307378361508417
1-0,1-0,0.4588760746262663,0.5029761336291646,0.038147791744569344
1-0,1-0,0.40992733346832116,0.5517270907197059,0.03834557581197261
0-1,1-0,0.4850791468163617,0.4759273436717407,0.03899350951189769
1-0,1-0,0.42668241846141514,0.5341775419942908,0.039140039544294146
1-0,1-0,0.4506864937901159,0.5104719833911684,0.0388415228187155
1-0,1-0,0.44483313709471123,0.5170197604628652,0.0381471024424234
0-1,1-0,0.49390236612072785,0.4672815497794324,0.03881608409983979
1-0,1-0,0.4448981006858812,0.5166143734815914,0.03848752583252749
1/2-1/2,1-0,0.44095836592264254,0.5205479770943859,0.03849365698297134
0-1,1-0,0.49444183085963106,0.46744019944356024,0.038117969696808696
0-1,1-0,0.4310498922701829,0.530622744292346,0.03832736343747098
0-1,1-0,0.4707182270684319,0.48977095513893804,0.0395108177926301
0-1,1-0,0.46172838418555295,0.5004522685188815,0.037819347295565506
1-0,1-0,0.4528471669441722,0.5091539537192524,0.03799887933657494
0-1,1-0,0.4581305247505423,0.5036864187009409,0.03818305654851679
0-1,1-0,0.4914958335085998,0.46690067190826956,0.04160349458313071
1-0,1-0,0.4242325665142822,0.536527818209578,0.03923961527613999
1-0,1-0,0.44562251578072665,0.5155790568128593,0.03879842740641406
1-0,1-0,0.4333905511955166,0.5282922636914754,0.0383171851130081
0-1,1-0,0.4590637692205769,0.5018854476217162,0.03905078315770696
1-0,1-0,0.48560455631926347,0.4749513205683467,0.0394441231123896
1-0,1-0,0.4871842991767731,0.4745261913675615,0.038289509455665366
1-0,1-0,0.4007478475142418,0.5582762391937731,0.040975913291985334
1-0,1-0,0.4297021780202963,0.5319283227850247,0.03836949919467894
1/2-1/2,1-0,0.44533750629736213,0.5100828580667008,0.04457963563593713
0-1,1-0,0.4538653413593888,0.506717735066664,0.03941692357394719
1-0,1-0,0.43613568279304743,0.5250109908239494,0.03885332638300299
0-1,1-0,0.49212187044851924,0.46843045417848467,0.039447675372995934
0-1,1-0,0.47811479367354726,0.4823325808141526,0.03955262551230033
0-1,1-0,0.4244782176038407,0.5373585874500653,0.03816319494609399
0-1,1-0,0.4308387628247308,0.530246939337192,0.03891429783807733
0-1,1-0,0.4860236937073279,0.4764136201956668,0.03756268609700512
0-1,1-0,0.46950022061037916,0.4916558779483426,0.03884390144127818
1-0,1-0,0.4360431687082771,0.524646566593689,0.03931026469803401
1-0,1-0,0.4444277031028106,0.5172069765020573,0.03836532039513207
1-0,1-0,0.47424683224791153,0.48651361993792797,0.039239547814160516
1-0,1-0,0.4058751027978442,0.5545423048490467,0.03958259235310923
1-0,1-0,0.45371247541161464,0.5068109806367223,0.03947654395166303
1-0,1-0,0.4387674203964493,0.5224470026438404,0.03878557695971022
0-1,1-0,0.45857615564306214,0.5024047394596264,0.039019104897311405
0-1,1-0,0.4575422031955522,0.5041335528740759,0.03832424393037193
0-1,1-0,0.43746792083853914,0.5239626358370456,0.03856944332441532
1-0,1-0,0.4589943091519632,0.5027969347126181,0.03820875613541847
1-0,1-0,0.4799056845441476,0.4815649217078148,0.03852939374803757
1-0,1-0,0.4575065463083316,0.5038704134123183,0.03862304027934997
1-0,1-0,0.45721758595619055,0.5046577485228844,0.03812466552092527
0-1,1-0,0.4615796026095996,0.499929969358966,0.03849042803143443
1-0,1-0,0.43577602719994796,0.5260051730629058,0.038218799737146224
1-0,1-0,0.33773766307924136,0.5210292318165587,0.14123310510419992
1-0,1-0,0.41946434944445266,0.5420191857998041,0.03851646475574326
1-0,1-0,0.45695928138818515,0.5039040586143144,0.039136659997500454
1-0,0-1,0.5781503138550731,0.3827101726919125,0.03913951345301436
0-1,1-0,0.46738242797271384,0.49313264199516077,0.03948493003212554
1-0,1-0,0.4925669864036791,0.46787770737507794,0.03955530622124302
1-0,1-0,0.4540603919407708,0.5105867335348951,0.03535287452433403
0-1,1-0,0.4728610894518876,0.4885106186005155,0.038628291947597
1-0,1-0,0.4276430043165362,0.5339674339563156,0.03838956172714808
0-1,1-0,0.43648157014021416,0.5242505082303748,0.03926792162941105
1-0,1-0,0.4633843866469472,0.49787952808523134,0.03873608526782151
1-0,0-1,0.5141831095758052,0.44581989020685453,0.03999700021734054
1-0,1-0,0.4499936076833905,0.5116777842856864,0.038328608030922945
1-0,1-0,0.42561504834743463,0.5362981666922298,0.0380867849603352
0-1,1-0,0.4873367347109275,0.4749742738113081,0.037688991477764396
0-1,1-0,0.4364889410814403,0.525345993864246,0.03816506505431359
0-1,1-0,0.4467072206759812,0.5149756992847461,0.038317080039272845
1-0,1-0,0.42085319048927067,0.5395409006015599,0.039605908909169256
1-0,1-0,0.4936441972867049,0.4679677142508382,0.038388088462457184
1-0,1-0,0.4530430686170164,0.5080394703264788,0.03891746105650497
0-1,1-0,0.452567661953671,0.5088458643931061,0.03858647365322285
0-1,0-1,0.534197530278327,0.4262650619777737,0.03953740774389943
1-0,1-0,0.41249214883319707,0.5483120770856333,0.039195774081169824
1-0,1-0,0.45118899224521225,0.5101772720029156,0.03863373575187217
1-0,1-0,0.41830062811578483,0.5437509397369952,0.03794843214721995
0-1,1-0,0.4352354627498891,0.525704122461815,0.0390604147882958
1-0,1-0,0.47245873224961116,0.4894736772643832,0.038067590486005616
1-0,1-0,0.46434863500304746,0.496269940941815,0.03938142405513772
1/2-1/2,1-0,0.4427925503870876,0.5211493829304528,0.036058066682459616
0-1,1-0,0.4815786780642834,0.48199738493370764,0.03642393700200884
0-1,1-0,0.4234039083702206,0.5366171455635148,0.03997894606626461
0-1,1-0,0.4411825022985015,0.5201334651426149,0.038684032558883766
1-0,1-0,0.44067721593105325,0.5212061844864498,0.03811659958249685
0-1,1-0,0.4974420070463795,0.4635616868173756,0.03899630613624471
1-0,1-0,0.3992165989334362,0.5572215601779335,0.04356184088863042
1-0,1-0,0.39036591901169826,0.5582793590675401,0.051354721920761764
1-0,1-0,0.44203515723979914,0.5186738548518266,0.03929098790837451
1/2-1/2,1-0,0.46407277773998556,0.4967463638325656,0.03918085842744882
1-0,1-0,0.46573108588259454,0.49544035822517457,0.038828555892231144
0-1,1-0,0.45494396256551345,0.5066690102044702,0.038387027230016246
0-1,1-0,0.29992854006398323,0.4718828195788014,0.2281886403572153
1-0,1-0,0.4522174720445252,0.5087165363642329,0.0390659915912419
0-1,1-0,0.4300057909968661,0.531753433623724,0.03824077537941015
0-1,1-0,0.43948718419600374,0.5223547557658004,0.03815806003819584
0-1,1-0,0.43044349915536145,0.5313324325969011,0.03822406824773733
1-0,1-0,0.42543310343033386,0.5355765633528969,0.038990333216769264
1/2-1/2,0-1,0.6991842966524251,0.26277250275215347,0.03804320059542176
0-1,1-0,0.4935030355013256,0.46697276633375906,0.039524198164915605
1-0,1-0,0.43038456956011145,0.5312443583587207,0.03837107208116779
1-0,1-0,0.4806627239087544,0.48109375415242883,0.03824352193881661
0-1,1-0,0.4846257954624639,0.4805255628160824,0.03484864172145375
1-0,1-0,0.4687558565539793,0.49171064978657053,0.03953349365945004
1-0,1-0,0.42555474992796627,0.5351993209958348,0.03924592907619895
0-1,1-0,0.4895162410183577,0.47104756195967656,0.03943619702196574
0-1,1-0,0.5031838425088179,0.4577325489559664,0.03908360853521558
0-1,1-0,0.41433566843895187,0.49071740753273296,0.09494692402831498
1-0,1-0,0.45271523936329594,0.5126009404838738,0.03468382015283014
0-1,1-0,0.46030962641217493,0.5015631681491234,0.038127205438701545
0-1,1-0,0.4243946502226527,0.5366444218683116,0.03896092790903558
0-1,1-0,0.4808218851490906,0.4793588579727408,0.03981925687816859
0-1,1-0,0.43237764161555037,0.5290289174121646,0.03859344097228513
0-1,1-0,0.4649115497243294,0.4960405535228979,0.03904789675277285
0-1,1-0,0.46254118207149914,0.49901888224106916,0.03843993568743169
1-0,1-0,0.4574793073737874,0.5047148189357249,0.037805873690487705
0-1,1-0,0.4259608928560669,0.5353129914784536,0.03872611566547938
0-1,1-0,0.45510806179019175,0.5056652012641156,0.039226736945692675
0-1,1-0,0.4500374747433382,0.5117405307544128,0.038221994502248786
0-1,1-0,0.42897097666829886,0.535507878588906,0.03552114474279502
0-1,1-0,0.44539403953888934,0.5158890049920659,0.03871695546904485
1/2-1/2,1-0,0.4256142720898099,0.5358257244194689,0.03856000349072105
1/2-1/2,1-0,0.44624142378348763,0.5151261663804908,0.03863240983602152
1-0,1-0,0.4672597658358236,0.49384799304749466,0.038892241116681874
1/2-1/2,1-0,0.4944967583654564,0.4660362788888637,0.03946696274567997
1-0,1-0,0.473308007200627,0.488080475836984,0.0386115169623889
1-0,1-0,0.43890060511361995,0.5229282338742837,0.03817116101209646
0-1,1-0,0.4622897085680927,0.4983034799936129,0.039406811438294366
0-1,1-0,0.47734468735206015,0.48317213027350603,0.03948318237443388
1-0,1-0,0.48538139139847014,0.4750266759311944,0.03959193267033554
0-1,1-0,0.44921223693524504,0.5116816706532819,0.039106092411472955
1-0,1-0,0.426550061907747,0.5346395615162509,0.03881037657600218
0-1,1-0,0.449957288694179,0.5169932754874628,0.03304943581835855
1-0,1-0,0.4810765056573365,0.48052306797739924,0.03840042636526412
1-0,1-0,0.43600673568657305,0.5251881105736069,0.03880515373981986
1-0,1-0,0.43085990372864397,0.5300122334412503,0.039127862830105616
1-0,1-0,0.4422127303348262,0.5187629406257066,0.03902432903946723
0-1,1-0,0.4323974805034387,0.5287445292294413,0.03885799026712021
1-0,1-0,0.4255221087092526,0.5351578232759162,0.03932006801483125
0-1,1-0,0.4465949931759111,0.5142473259050091,0.03915768091907985
0-1,1-0,0.4400286750400398,0.5216729801703447,0.038298344789615364
0-1,1-0,0.45745349789593354,0.5036684653917272,0.0388780367123394
1-0,1-0,0.4550090924563849,0.5061507980143707,0.038840109529244486
1-0,1-0,0.44963066820215464,0.5119678167548621,0.03840151504298328
1-0,1-0,0.42181450996580583,0.5399580498949498,0.03822744013924451
0-1,1-0,0.4216672078223463,0.5396370337854712,0.03869575839218264
1-0,1-0,0.45437277962555883,0.5006797771165811,0.04494744325786017
0-1,1-0,0.4426015736606168,0.5191546672288079,0.038243759110575384
1-0,1-0,0.44843152621104554,0.5124062162840121,0.039162257504942476
1-0,1-0,0.4373664077221311,0.523959121368962,0.038674470908906924
0-1,1-0,0.4694239742814993,0.49122366443042836,0.03935236128807229
1-0,1-0,0.3905382108461575,0.5559336077588292,0.05352818139501335
1/2-1/2,1-0,0.43428237435946293,0.5068409015417933,0.058876724098743775
0-1,1-0,0.44737628516794015,0.5138079965918174,0.03881571824024237
1-0,1-0,0.4380170549126703,0.5225349859425031,0.0394479591448268
0-1,1-0,0.4631239600384775,0.49743518878029896,0.039440851181223625
0-1,1-0,0.4260553885742577,0.5355303512366638,0.03841426018907856
1/2-1/2,1-0,0.4636747299965719,0.4973270760471703,0.03899819395625782
0-1,1-0,0.4676913868290133,0.49362395055508174,0.03868466261590524
1-0,1-0,0.4477561786502076,0.5141230291457787,0.03812079220401385
1-0,1-0,0.45041127380635076,0.5113167792689174,0.03827194692473172
0-1,1-0,0.4932913441435049,0.46733510188963007,0.03937355396686494
1-0,1-0,0.4938792154830668,0.4665940459262018,0.0395267385907312
1-0,1-0,0.4242527565519641,0.5367956731312475,0.03895157031678839
0-1,1-0,0.4519091039862859,0.5099505857990198,0.038140310214694315
1-0,1-0,0.46153313405854374,0.499899778826102,0.038567087115354504
1-0,1-0,0.42718801719589683,0.5334891296013203,0.03932285320278294
0-1,1-0,0.40822621122917885,0.5106754209916864,0.08109836777913464
0-1,1-0,0.4564730176488016,0.5037634128752594,0.039763569475939106
1-0,1-0,0.4600502568993496,0.5015837209011017,0.03836602219954853
0-1,1-0,0.4948952970840821,0.4663128289246265,0.03879187399129123
0-1,0-1,0.5141806530716088,0.44859053114537994,0.03722881578301125
0-1,1-0,0.4394160156420791,0.5214650855958207,0.03911889876209997
1-0,1-0,0.4420156712740957,0.5279338822828009,0.030050446443103583
1/2-1/2,1-0,0.4327954915889418,0.5278097733679927,0.039394735043065676
1-0,1-0,0.4327799803708215,0.5282005310881751,0.039019488541003414
1-0,1-0,0.4430164690632989,0.5178782106316823,0.039105320305018856
0-1,1-0,0.4706954282688439,0.4904472879374582,0.038857283793697885
0-1,1-0,0.42922005726956974,0.531714363363628,0.03906557936680223
1-0,1-0,0.4619559680022272,0.498699936774687,0.03934409522308591
1-0,1-0,0.44098745603004613,0.5196297304335687,0.03938281353638513
0-1,0-1,0.5974869043401696,0.3658753199491669,0.03663777571066346
1-0,1-0,0.45869233093535494,0.5018193763406327,0.03948829272401238
0-1,1-0,0.4907043301945407,0.47167768763333795,0.037617982172121436
1-0,1-0,0.42312215269862213,0.5378816637810845,0.03899618352029343
0-1,1-0,0.4834025396224596,0.477032395119914,0.03956506525762648
1-0,1-0,0.4440140945920873,0.5168328857231594,0.0391530196847532
0-1,1-0,0.43976981999563236,0.5221702255618328,0.03805995444253483
0-1,1-0,0.4942456245811219,0.46761107566391463,0.03814329975496336
0-1,1-0,0.445130502515921,0.5165190575997546,0.038350439884324274
1-0,1-0,0.4321089296653842,0.528495319965651,0.03939575036896435
1/2-1/2,1-0,0.4828564201814996,0.4782983351829696,0.03884524463553094
0-1,1-0,0.46021821082211417,0.5014459931404253,0.038335796037460616
1-0,1-0,0.4716964335959407,0.4888905385723118,0.03941302783174745
0-1,1-0,0.46291809046050303,0.49840899273282313,0.03867291680667379
1-0,1-0,0.42580491615217175,0.5355358357659359,0.03865924808189248
1-0,1-0,0.42353989458699415,0.5373356689714724,0.039124436441533274
1-0,1-0,0.4207456844616407,0.5407662948568136,0.03848802068154566
0-1,1-0,0.43923156158110865,0.5219891397068813,0.03877929871200975
0-1,1-0,0.4469275809306625,0.514512451072926,0.03855996799641166
1/2-1/2,1-0,0.4554083106283121,0.5002476673473452,0.04434402202434276
0-1,1-0,0.42801780734160394,0.5329003676380383,0.03908182502035768
1-0,1-0,0.5033345777329895,0.4580191617013879,0.038646260565622384
0-1,1-0,0.4522324126971519,0.5097415555588076,0.03802603174404066
0-1,1-0,0.44538594292343964,0.5162153406066311,0.03839871646992928
0-1,0-1,0.5279958311564656,0.4352973451122398,0.0367068237312946
1-0,1-0,0.45465500217268706,0.5060597333966619,0.03928526443065091
0-1,1-0,0.4946221323025745,0.46624930940113485,0.03912855829629076
1-0,1-0,0.4491192253991417,0.5121955597918438,0.03868521480901433
1-0,1-0,0.4224086112753933,0.5384526110356505,0.039138777688956405
0-1,1-0,0.4255597680076315,0.540225674134055,0.034214557858313635
0-1,1-0,0.4271812316083944,0.5346887428021153,0.03813002558949025
1-0,1-0,0.47580059760017734,0.4856332482800673,0.03856615411975526
0-1,1-0,0.4687298195991956,0.49264497993339795,0.03862520046740611
1-0,1-0,0.4307158668609261,0.5310124912378374,0.03827164190123652
1-0,1-0,0.4232176038341645,0.5380626478997907,0.03871974826604472
0-1,1-0,0.44403980466929455,0.5167550876544719,0.03920510767623359
1-0,1-0,0.4396570968472062,0.5215647506068906,0.038778152545903236
1-0,1-0,0.4218356598059663,0.5392338338027368,0.03893050639129708
1-0,1-0,0.4541750102345225,0.5065852128233284,0.039239776942148905
0-1,1-0,0.4361146914900146,0.5257007644996277,0.03818454401035785
1-0,1-0,0.45492437678473063,0.5058477869755749,0.0392278362396944
0-1,1-0,0.4564199687303321,0.5052213409767241,0.03835869029294379
0-1,1-0,0.42991965254294945,0.5321339976086846,0.037946349848365986
1-0,1-0,0.48752844545566243,0.47275240731356694,0.0397191472307705
0-1,1-0,0.43540529476849404,0.5252152170645938,0.039379488166912203
1-0,1-0,0.48638695524129016,0.4743453192581523,0.03926772550055767
1-0,0-1,0.5081188831552391,0.45300400396186113,0.038877112882899724
1-0,1-0,0.45463387418436224,0.5059182181015978,0.03944790771404023
0-1,1-0,0.440903132909771,0.5207822415118346,0.03831462557839435
0-1,1-0,0.4583618413218975,0.5024686733147924,0.03916948536330993
1-0,1-0,0.4686366000019082,0.4923735702820279,0.038989829716063754
1-0,1-0,0.4315023416888781,0.5262506039548709,0.04224705435625116
0-1,1-0,0.41305094926313285,0.5424882298492201,0.044460820887646794
1-0,1-0,0.44317039617336135,0.5178564680081466,0.03897313581849192
1-0,1-0,0.444845343943853,0.5162971242049554,0.03885753185119151
1-0,1-0,0.43519798364784074,0.5255784860401168,0.03922353031204242
1-0,1-0,0.40913340454319935,0.5515064613136345,0.03936013414316643
1/2-1/2,1-0,0.44561889647166175,0.5133046003100213,0.04107650321831707
1-0,1-0,0.43963385540913374,0.5213783437733632,0.03898780081750303
0-1,1-0,0.47528523074003304,0.48559035113424476,0.039124418125722454
1-0,1-0,0.45343484427610536,0.5081032398999337,0.03846191582396093
1-0,1-0,0.4369854998400276,0.5244253425922629,0.03858915756770954
1-0,1-0,0.4367149935126655,0.5248477592920552,0.03843724719527922
1-0,1-0,0.4390513945299053,0.5225947775603127,0.03835382790978177
1-0,1-0,0.4282034609926786,0.5318932694847015,0.039903269522620036
1-0,1-0,0.4828134291453299,0.47774370363657787,0.039442867218091975
1-0,1-0,0.43681652171938085,0.5237942456456633,0.039389232634955675
0-1,1-0,0.44216826758092725,0.5198299278487681,0.03800180457030476
1-0,1-0,0.45188619967846694,0.5088616501561912,0.039252150165341615
1-0,1-0,0.4268649168879398,0.5338517768946075,0.03928330621745256
1-0,1-0,0.44215220601436733,0.5190609034155464,0.03878689057008611
1-0,1-0,0.44372804790038695,0.5178437684926638,0.03842818360694937
1-0,1-0,0.4508016565318015,0.5097625004449013,0.0394358430232969
1-0,1-0,0.49357840613317683,0.4669845811511986,0.039437012715624366
0-1,1-0,0.4511068357674147,0.5095016666516871,0.03939149758089847
0-1,1-0,0.47997007421447924,0.481636936983519,0.03839298880200177
0-1,1-0,0.43159037316278287,0.4850829018011843,0.08332672503603268
1-0,1-0,0.468125159991673,0.49260736212014844,0.03926747788817874
1-0,1-0,0.43282242805060445,0.5282403647646573,0.038937207184738545
0-1,1-0,0.4461832103640142,0.5152074290540378,0.03860936058194796
0-1,0-1,0.6317656731519647,0.32618939992157997,0.042044926926455256
0-1,1-0,0.4450711624082028,0.5161648082480318,0.03876402934376548
1-0,1-0,0.4538505806966281,0.5089592791139151,0.037190140189456725
1-0,1-0,0.4706672106306495,0.4897802255214531,0.0395525638478974
1-0,1-0,0.4788116338493019,0.4826858040468777,0.03850256210382044
0-1,1-0,0.45797490889472053,0.5030607634426454,0.03896432766263399
1-0,1-0,0.4847649882886093,0.4763152688318055,0.03891974287958515
0-1,1-0,0.43479056531272714,0.5260598622796522,0.03914957240762045
1-0,1-0,0.4698147092223953,0.4909621065688873,0.03922318420871725
0-1,1-0,0.41575343033295126,0.5466163771908004,0.03763019247624855
0-1,1-0,0.43543618019541547,0.5257566372648153,0.038807182539769315
1-0,1-0,0.5022476126131128,0.4585157871332896,0.03923660025359769
1-0,1-0,0.4352518629042429,0.5249222234055904,0.03982591369016704
0-1,0-1,0.5857785562992908,0.36464253449703726,0.04957890920367199
0-1,1-0,0.4612586827785588,0.5006174842373842,0.03812383298405694
1-0,1-0,0.4758177693247077,0.4846170447959237,0.039565185879368664
1-0,1-0,0.42491373049119585,0.5358511243398207,0.03923514516898324
1-0,1-0,0.4432877058403065,0.5177313876697797,0.038980906489913696
0-1,1-0,0.4769117895318063,0.4845225648347919,0.03856564563340181
0-1,1-0,0.49986260710296504,0.4605386482838256,0.03959874461320901
1-0,1-0,0.4206868486003727,0.5399611597186041,0.03935199168102321
1-0,1-0,0.42193453071201975,0.5397245011667994,0.038340968121180784
0-1,0-1,0.5893850816637733,0.3759042223505265,0.03471069598570033
0-1,1-0,0.4941102089077024,0.46649183853421383,0.03939795255808362
0-1,1-0,0.4310536172631304,0.5305642944965069,0.03838208824036271
0-1,1-0,0.4582373479651624,0.5022498578179705,0.03951279421686684
0-1,1-0,0.4522038303311992,0.508885316656248,0.03891085301255262
1-0,1-0,0.4378995906883113,0.523572009053377,0.03852840025831178
0-1,0-1,0.5113212916177153,0.44946149046982886,0.03921721791245588
0-1,1-0,0.4404011979565157,0.5209738523624057,0.03862494968107853
0-1,1-0,0.42583341399685026,0.5380264524053612,0.03614013359778843
0-1,1-0,0.469086516428056,0.49272317447566166,0.03819030909628244
1-0,1-0,0.4784353534233168,0.4821384955003927,0.03942615107629039
1-0,1-0,0.4449540881361251,0.5166372111660769,0.038408700697797886
0-1,1-0,0.43193144617715107,0.5298075502386471,0.03826100358420161
1-0,1-0,0.429654232994519,0.5313712363618228,0.03897453064365835
1-0,1-0,0.4833555479804967,0.47659373697462976,0.04005071504487368
0-1,1-0,0.4289161280265945,0.5324894387951337,0.038594433178271735
1-0,1-0,0.4334315946985948,0.5311817237570893,0.03538668154431631
0-1,1-0,0.4898854411110597,0.47072400628381267,0.039390552605127624
1-0,1-0,0.4571062491881609,0.5043637224769388,0.03853002833490007
0-1,0-1,0.5729815741205228,0.3468920127921563,0.08012641308732076
1-0,1-0,0.4225879455168733,0.5384211741573811,0.03899088032574578
0-1,1-0,0.45204784558336003,0.5093634959847656,0.038588658431874354
0-1,1-0,0.4305078802223692,0.5300347009890053,0.03945741878862554
0-1,1-0,0.4188103535847266,0.5435303707584216,0.03765927565685192
1-0,1-0,0.4638133017541636,0.4972358643432598,0.038950833902576455
1-0,1-0,0.4338880188940825,0.5270509115722689,0.03906106953364826
1-0,1-0,0.45290655035710875,0.5080292572362691,0.03906419240662214
0-1,1-0,0.4159561783380224,0.5448073181252644,0.03923650353671296
0-1,1-0,0.44240065491907554,0.5190939987732363,0.038505346307688225
1-0,1-0,0.4387859454751431,0.5229717125357602,0.0382423419890966
0-1,1-0,0.4382154185318711,0.5227951123497054,0.03898946911842325
1-0,1-0,0.4675602194633137,0.4930652237211357,0.039374556815550396
1-0,1-0,0.43155654170639507,0.5298018541090997,0.03864160418450522
1-0,1-0,0.449308515315044,0.5136933343469293,0.03699815033802684
0-1,1-0,0.43099466067906517,0.5307404737433905,0.03826486557754438
0-1,1-0,0.4557757276798836,0.504840808912935,0.03938346340718158
1-0,0-1,0.5383847128065485,0.422360573869339,0.03925471332411253
1-0,0-1,0.5274280053354561,0.4341498132856969,0.03842218137884685
1-0,1-0,0.43344526033713476,0.5277174261214903,0.03883731354137469
1-0,1-0,0.423474636114705,0.5373094639603854,0.03921589992490984
1-0,1-0,0.41529639611492825,0.5454132654103785,0.03929033847469322
1-0,1-0,0.46946214827944727,0.4915308744946675,0.03900697722588533
1-0,1-0,0.43414406956172785,0.5267931831209258,0.03906274731734618
0-1,1-0,0.4444116167258894,0.5166848200378026,0.03890356323630789
1-0,1-0,0.4317856845681435,0.5295875248189843,0.03862679061287246
1-0,1-0,0.4345477085968379,0.5264478339790114,0.03900445742415077
0-1,1-0,0.4280193539089858,0.5335485358277207,0.0384321102632936
1-0,1-0,0.4178664126301544,0.5434519750428912,0.03868161232695454
0-1,1-0,0.4392146060802739,0.522582387572926,0.03820300634680007
1-0,1-0,0.5082630955872403,0.4661223576613655,0.025614546751394355
1-0,1-0,0.4547209227823252,0.5066809938106583,0.038598083407016495
1-0,1-0,0.4343235068599469,0.5274549214947617,0.03822157164529147
1-0,1-0,0.4407487031325078,0.5203054914361066,0.03894580543138563
1/2-1/2,1-0,0.2525701440940453,0.5388232135065307,0.2086066423994238
0-1,1-0,0.46551504031641305,0.49918868706304875,0.03529627262053822
1-0,1-0,0.419077328986941,0.5417776357833891,0.03914503522966955
1-0,1-0,0.4721574733300058,0.48909386339986216,0.038748663270131906
1-0,1-0,0.4277953886990601,0.5333680796572133,0.03883653164372684
1-0,1-0,0.4245040741282019,0.5369969169425179,0.038499008929280217
1-0,1-0,0.44841594310589583,0.5122588453395427,0.039325211554561416
0-1,1-0,0.4391384220442015,0.5258002208992488,0.03506135705654958
1-0,1-0,0.46868378709229086,0.49358254049965317,0.03773367240805593
1-0,1-0,0.4327986138638559,0.5279659972927518,0.039235388843392435
1-0,1-0,0.45854943926417535,0.5028661512313245,0.03858440950450022
0-1,1-0,0.45525852616946305,0.5066183631542492,0.03812311067628758
0-1,1-0,0.4469079172874248,0.5147100837963797,0.0383819989161956
0-1,1-0,0.47681392830328423,0.4838759007670316,0.03931017092968406
0-1,1-0,0.4545381376286609,0.506982497402103,0.038479364969236374
1-0,1-0,0.4232636070081703,0.5381389292830112,0.03859746370881831
0-1,0-1,0.5341657689543436,0.4275117864856476,0.03832244456000865
1/2-1/2,1-0,0.40610237498817575,0.5544065900519451,0.03949103495987916
0-1,1-0,0.4415445686067456,0.5218936854778523,0.03656174591540198
0-1,1-0,0.43111788461293615,0.5295199839692335,0.03936213141783037
0-1,1-0,0.41152037165196265,0.5498053369609693,0.038674291387068065
0-1,1-0,0.4205583489429352,0.54307838287036,0.03636326818670489
1-0,1-0,0.4628104196323424,0.49819078067195005,0.03899879969570729
1-0,1-0,0.4578402489605324,0.5032102732123611,0.03894947782710648
1-0,1-0,0.45433228882895227,0.507205615669791,0.03846209550125679
1-0,1-0,0.4525029159320199,0.509363603451288,0.038133480616692327
1-0,1-0,0.43204246502355353,0.5288711491778478,0.03908638579859853
1-0,1-0,0.40329683841271297,0.5545811140198047,0.04212204756748245
0-1,1-0,0.4544503720627712,0.5066768005529487,0.03887282738427992
0-1,1-0,0.42320663431129035,0.5379202253878964,0.03887314030081314
1/2-1/2,1-0,0.4429279498453742,0.5187243088458476,0.038347741308777966
0-1,1-0,0.4405894153545375,0.5220313341227708,0.03737925052269157
0-1,1-0,0.42322537029412227,0.5384787426090342,0.03829588709684342
1-0,1-0,0.45402424461016755,0.5066895431476836,0.03928621224214897
1-0,1-0,0.45445069357073553,0.5070501720575745,0.03849913437169007
0-1,1-0,0.4452911823490668,0.5153823540749056,0.03932646357602755
1-0,0-1,0.5163714595634582,0.4441483435766124,0.03948019685992931
0-1,1-0,0.42638851682920303,0.5343203080745796,0.039291175096217566
1-0,1-0,0.4358013464530473,0.5248226109009646,0.039376042645988076
0-1,1-0,0.4740325442423058,0.48744235423781873,0.0385251015198757
1-0,1-0,0.42814034455263306,0.5329028749181663,0.03895678052920077
1-0,1-0,0.4441255551308698,0.5174941964529322,0.03838024841619801
0-1,1-0,0.4737118504987059,0.48674672657423523,0.039541422927058756
1-0,1-0,0.4178895380403346,0.543195482587116,0.0389149793725493
1-0,0-1,0.5054213785198144,0.4540503334500678,0.040528288030117876
0-1,1-0,0.42916216511350297,0.531671965729953,0.039165869156543916
1-0,1-0,0.4283951442780899,0.5325125879927681,0.03909226772914205
0-1,1-0,0.4553845667539444,0.5059445909561557,0.03867084228989981
1-0,1-0,0.45959138661478266,0.5018516895677149,0.038556923817502475
0-1,0-1,0.5100544577667925,0.45057886258854685,0.039366679644660736
1-0,1-0,0.48989332243211436,0.47163565580948774,0.03847102175839789
1-0,1-0,0.4353208126573238,0.5263409020436007,0.038338285299075715
1-0,1-0,0.4501688736710661,0.5108613484106344,0.038969777918299524
1-0,1-0,0.43787620049307735,0.5230171712008946,0.03910662830602811
0-1,1-0,0.4313811094962993,0.5301897301797488,0.03842916032395195
0-1,1-0,0.43611272067281914,0.5244864645619733,0.03940081476520747
1-0,0-1,0.5219771957639184,0.43986862206126215,0.03815418217481936
1-0,1-0,0.4766740280058487,0.4837975314077419,0.03952844058640953
1-0,1-0,0.4285064333607489,0.532296119763537,0.039197446875714144
0-1,1-0,0.47105839240854613,0.4902388551972416,0.038702752394212385
0-1,1-0,0.4459166196509005,0.5159618493783293,0.03812153097077024
1-0,1-0,0.4890628153757806,0.4723611736623344,0.03857601096188477
1-0,1-0,0.4633703741786849,0.49708942339099427,0.039540202430321025
0-1,0-1,0.6495153655083997,0.3064594940220689,0.04402514046953154
0-1,1-0,0.4613198124130966,0.5007474389867159,0.0379327486001875
1-0,1-0,0.45176646389136127,0.509806267207486,0.038427268901152646
0-1,1-0,0.46604181647016335,0.4944174043923451,0.03954077913749158
0-1,1-0,0.4550827218294298,0.5060326728707055,0.03888460529986476
0-1,1-0,0.4596714617775953,0.5013035475244269,0.03902499069797778
1-0,1-0,0.4259764141365476,0.5353517007234253,0.03867188514002724
1-0,1-0,0.4502008110485038,0.5113094367468797,0.038489752204616805
1-0,1-0,0.4382351620415663,0.5237157328320236,0.038049105126409986
1-0,1-0,0.47949239456065174,0.4815452630211744,0.03896234241817379
1-0,1-0,0.4384267456497407,0.5230135457314226,0.038559708618836785
1-0,1-0,0.43421102485548013,0.5266001162840864,0.03918885886043335
1-0,1-0,0.479613917981056,0.48170000898550674,0.03868607303343702
0-1,1-0,0.45289194929710513,0.5080406992393611,0.03906735146353366
0-1,1-0,0.48638986000994905,0.4744373970339234,0.03917274295612751
0-1,1-0,0.45712110636427167,0.5044782728162682,0.0384006208194601
0-1,1-0,0.4617868177084246,0.4992748905765222,0.03893829171505319
1-0,1-0,0.47217363703736837,0.4897809710036816,0.03804539195894995
1-0,1-0,0.4296673945751834,0.5318297248632157,0.03850288056160112
0-1,1-0,0.4074139130066993,0.5532700658801112,0.0393160211131892
0-1,1-0,0.48003478546831857,0.4812631578653326,0.03870205666634875
0-1,1-0,0.43422187021381103,0.52719887896201,0.03857925082417903
1-0,1-0,0.433038443024435,0.5285788502502176,0.03838270672534727
0-1,1-0,0.4555414506793329,0.5054087353474112,0.03904981397325604
0-1,1-0,0.47300531898144754,0.48799507416162696,0.03899960685692541
1/2-1/2,0-1,0.5296064153820784,0.39259554272039815,0.07779804189752337
1-0,0-1,0.5058712873719678,0.45605248209298044,0.03807623053505187
1-0,1-0,0.4505624187628795,0.5105928335098674,0.03884474772725317
1-0,1-0,0.46198121296407374,0.49855658021968957,0.03946220681623668
1-0,1-0,0.46516385005547584,0.49656075525344423,0.03827539469108016
0-1,1-0,0.43458167073693027,0.5273031630491536,0.03811516621391616
0-1,1-0,0.42843707820740073,0.5329072514637301,0.03865567032886926
1-0,1-0,0.4822899621016119,0.47835465074995986,0.039355387148428116
1-0,1-0,0.42088879889802977,0.5408143597063424,0.038296841395627626
0-1,1-0,0.43852126749870607,0.5225739908632396,0.03890474163805418
0-1,1-0,0.4398260362352376,0.5216219465837146,0.03855201718104751
1-0,1-0,0.431914788291592,0.5297287207058794,0.03835649100252889
1-0,1-0,0.4492401651487185,0.5125278166584726,0.03823201819280897
0-1,1-0,0.42693574425466696,0.5340294007119913,0.03903485503334167
0-1,1-0,0.43792925535355604,0.5238813744954812,0.03818937015096259
1-0,1-0,0.43716219441107773,0.5247732593112497,0.03806454627767254
1-0,1-0,0.46650649785007314,0.4942193378664047,0.03927416428352225
0-1,1-0,0.4582586324988821,0.5023357349851559,0.03940563251596183
1-0,1-0,0.46078682540136545,0.499945288998115,0.039267885600519366
1-0,1-0,0.4309696992319407,0.530350383648386,0.038679917119673134
0-1,1-0,0.4798577216054233,0.4824567271013218,0.037685551293254904
1-0,1-0,0.4306126871770767,0.5300597390504225,0.03932757377250085
1-0,1-0,0.435256991668849,0.5265026214313566,0.03824038689979421
1-0,1-0,0.4649625072489657,0.4956946265894364,0.03934286616159797
1/2-1/2,0-1,0.5114235213695192,0.44812337423251375,0.040453104397966906
0-1,1-0,0.4340486000163292,0.5267058484585966,0.03924555152507429
0-1,1-0,0.44072745455433465,0.5206825344678429,0.038590010977822144
1-0,1-0,0.4421521510842374,0.5197224893931632,0.03812535952259924
1-0,0-1,0.507986268604386,0.45566026863169684,0.03635346276391719
1-0,1-0,0.4566811286815618,0.504300351622601,0.039018519695837396
1-0,1-0,0.4492391970924278,0.5120760279014933,0.03868477500607874
1-0,1-0,0.4357262751145654,0.5251475962015851,0.03912612868384949
0-1,1-0,0.46417093280712884,0.49738953187242574,0.038439535320445486
1-0,1-0,0.425339622764669,0.5353662625311806,0.03929411470414999
1-0,1-0,0.4568028574022927,0.5048056997868703,0.03839144281083684
1-0,1-0,0.4534092048056792,0.5074948072832374,0.03909598791108355
1-0,1-0,0.4400424206230182,0.5214646035693502,0.038492975807631474
0-1,1-0,0.4772662319807655,0.4831886634596556,0.039545104559578895
1-0,1-0,0.46768943753330927,0.4935531761315588,0.03875738633513205
1-0,1-0,0.44967772676702106,0.5109490117091915,0.03937326152378734
0-1,1-0,0.46413884944857686,0.49751221245277133,0.03834893809865189
1-0,1-0,0.4254933348722208,0.5358918546265894,0.0386148105011898
0-1,1-0,0.4643892815494768,0.4969998757934926,0.03861084265703065
0-1,1-0,0.4288663135296592,0.5326373335736021,0.03849635289673846
1-0,1-0,0.43840453206926805,0.5228996080612993,0.038695859869432914
0-1,1-0,0.4611693098078682,0.5001076097561996,0.038723080435932054
0-1,1-0,0.4270858917629479,0.5343027151823951,0.03861139305465704
0-1,1-0,0.4240609833676099,0.5367650353664744,0.03917398126591598
0-1,1-0,0.4338639569445477,0.5288148572429988,0.03732118581245361
0-1,1-0,0.4400287390172732,0.521906234566917,0.03806502641580976
1-0,1-0,0.47673699368809624,0.4838066512981839,0.03945635501371987
1-0,1-0,0.4623687023324396,0.4994081386670274,0.038223159000532955
1-0,1-0,0.42601755360662846,0.5350590316030568,0.0389234147903146
1-0,1-0,0.36648398632163504,0.5029041044949979,0.13061190918336676
1-0,1-0,0.47375051425691084,0.48783394794873414,0.03841553779435511
0-1,1-0,0.4353206489316528,0.526384897759729,0.038294453308618005
1-0,1-0,0.432051292312606,0.5286157779311921,0.039332929756201916
0-1,1-0,0.48363345460251955,0.4783736513739533,0.03799289402352725
0-1,1-0,0.4833139997988743,0.477971024658961,0.03871497554216472
1-0,1-0,0.4676728312199848,0.493404599306647,0.03892256947336821
1-0,1-0,0.4238292818063171,0.5379064170888022,0.03826430110488067
0-1,1-0,0.4260404213853072,0.5356465644487814,0.03831301416591129
0-1,0-1,0.5425626051889478,0.4200685815931394,0.03736881321791275
0-1,1-0,0.4379446786589897,0.5234823207666073,0.0385730005744031
0-1,1-0,0.42433754729441586,0.5374037925785784,0.03825866012700557
0-1,1-0,0.43428120742772014,0.5270616423903768,0.03865715018190305
0-1,1-0,0.4905683807168885,0.4698911522618901,0.03954046702122158
0-1,1-0,0.4704142269964813,0.49082210854071,0.038763664462808746
0-1,1-0,0.469369255124722,0.4912457529078721,0.039384991967406115
0-1,1-0,0.48325060430765127,0.47733127208282705,0.03941812360952168
0-1,1-0,0.4296629507570752,0.5312660489335267,0.03907100030939837
0-1,1-0,0.468419707729012,0.4921572216949321,0.03942307057605585
0-1,1-0,0.48167387994120553,0.4787849445818747,0.03954117547691986
1-0,1-0,0.45624154106993087,0.5053883309469254,0.03837012798314385
0-1,1-0,0.43470164616903356,0.5224026882344147,0.04289566559655182
0-1,1-0,0.42569746813407244,0.5356103108388608,0.03869222102706658
1-0,1-0,0.4443333978240644,0.5162630985158716,0.03940350366006374
1-0,1-0,0.4239264393399076,0.5376662194530966,0.038407341206996015
0-1,1-0,0.4701813414614928,0.49115885442269774,0.03865980411580948
1-0,1-0,0.4140394753292339,0.548495366891803,0.03746515777896319
1-0,1-0,0.43462528368574843,0.5263255580530443,0.03904915826120745
0-1,1-0,0.45639297506995385,0.5044444533227452,0.03916257160730073
0-1,1-0,0.47620854835748583,0.4844518797573272,0.0393395718851869
0-1,1-0,0.4262837743320762,0.535002126830832,0.038714098837091676
1-0,1-0,0.436147138371937,0.5083016237949227,0.055551237833140074
1-0,1-0,0.44648792446751795,0.5149629535990509,0.03854912193343131
0-1,1-0,0.4452139058054927,0.5162473347936755,0.03853875940083217
1-0,1-0,0.44500917146667585,0.517042030841473,0.03794879769185104
1/2-1/2,1-0,0.49552768319559254,0.4661258353829439,0.038346481421463484
1-0,1-0,0.4320868011325248,0.5240283335004098,0.04388486536706532
0-1,1-0,0.4320570687422056,0.5293044379196479,0.03863849333814673
0-1,1-0,0.47038609371047524,0.49092415325495864,0.03868975303456617
1-0,1-0,0.422446398122628,0.5389514010096614,0.038602200867710476
0-1,1-0,0.44469496526632,0.5171282737589195,0.03817676097476016
1-0,1-0,0.44973903449769886,0.5146246643429987,0.03563630115930237
0-1,1-0,0.4326137644143421,0.5280023619737285,0.03938387361192935
0-1,1-0,0.4354404842010175,0.5253776099520475,0.03918190584693487
0-1,1-0,0.4630958173596935,0.4984506510007744,0.03845353163953189
1-0,1-0,0.49263476553086877,0.4698130391118258,0.03755219535730538
0-1,0-1,0.5208318111152835,0.4498330604282224,0.02933512845649424
0-1,1-0,0.4438546422639598,0.5167707304119327,0.03937462732410734
1-0,1-0,0.44237334109586457,0.5186290102133988,0.03899764869073641
0-1,1-0,0.4790847749424783,0.4816435083963623,0.03927171666115945
1/2-1/2,1-0,0.4877664711785346,0.473659760761379,0.03857376806008637
1-0,1-0,0.474551189815135,0.4866858814146124,0.03876292877025256
1-0,1-0,0.46079727872819426,0.5008047649934754,0.03839795627833053
0-1,1-0,0.42984455816307304,0.5310475748461118,0.03910786699081538
1-0,1-0,0.44072368693501685,0.5209683001156301,0.03830801294935289
0-1,1-0,0.4459333866281218,0.5147131565163791,0.039353456855499125
1-0,1-0,0.445503214509747,0.5151885442010916,0.03930824128916119
0-1,1-0,0.4412634296264735,0.5193348773769514,0.03940169299657502
1-0,1-0,0.4455007964870293,0.5153993883028263,0.039099815210144315
1-0,1-0,0.45690072310987256,0.5046656838380961,0.0384335930520312
0-1,1-0,0.49889693215921616,0.4617343648542544,0.039368702986529565
0-1,1-0,0.4511333924775349,0.5102447000869289,0.038621907435536104
1-0,1-0,0.42339338172011487,0.537225138883574,0.039381479396311155
0-1,1-0,0.47281749763753333,0.4890451538851713,0.03813734847729555
1-0,1-0,0.4391263956539609,0.5226880113718552,0.03818559297418394
1-0,1-0,0.4292126576423339,0.5316147118519688,0.039172630505697095
1-0,1-0,0.442162727500214,0.5194040867561931,0.03843318574359305
0-1,1-0,0.45100254207227397,0.5125774627764189,0.03641999515130695
1-0,1-0,0.4525366064699153,0.5090657426216707,0.03839765090841409
1-0,1-0,0.422767340587927,0.5382357636152104,0.03899689579686281
0-1,1-0,0.4594964520547767,0.5013097161248788,0.03919383182034438
1-0,1-0,0.4251013824295827,0.536490733236316,0.03840788433410145
1/2-1/2,1-0,0.4658832190716195,0.4643533664336432,0.06976341449473714
0-1,1-0,0.5023311874086974,0.45808052166946284,0.03958829092183964
0-1,1-0,0.4278345671909123,0.5338233920448004,0.0383420407642874
0-1,1-0,0.4228453485204816,0.5319919072470122,0.04516274423250627
1/2-1/2,1-0,0.44224411658382967,0.5186118795494243,0.039144003866745776
1-0,1-0,0.4825901003263875,0.4783097073387058,0.039100192334906685
0-1,1-0,0.4291131085956132,0.5320141786403472,0.03887271276403954
0-1,1-0,0.4595405078964487,0.5085418086557696,0.031917683447781536
1-0,1-0,0.4466614822155689,0.514341224912022,0.03899729287240917
1-0,1-0,0.43879694521233087,0.5221403576000287,0.03906269718764045
1/2-1/2,1-0,0.44805908084386015,0.5134409253292201,0.038499993826919966
1-0,1-0,0.4275813678079219,0.5336681767923935,0.03875045539968491
0-1,1-0,0.4378048341396291,0.5235965899440971,0.038598575916273845
0-1,1-0,0.46981546589464146,0.4909939797335358,0.039190554371822804
1-0,1-0,0.4726131270177183,0.4922385794452974,0.03514829353698424
1-0,1-0,0.457102145327027,0.5043317747219994,0.03856607995097352
1-0,1-0,0.4408418262612285,0.5198383470426255,0.039319826696145914
0-1,1-0,0.46964497679228145,0.4913198693296814,0.03903515387803685
1-0,1-0,0.4446215486062376,0.5170218495993356,0.038356601794427056
1-0,1-0,0.44749319683558836,0.5135840745126895,0.03892272865172205
1-0,1-0,0.4511821789749759,0.5105937136169375,0.03822410740808664
1-0,1-0,0.4521392018486124,0.5090523732304502,0.03880842492093719
0-1,1-0,0.44117322694355326,0.5194677820707635,0.03935899098568312
1-0,1-0,0.43012420730771184,0.53052318706566,0.03935260562662825
0-1,1-0,0.4669625617431121,0.4941069644347213,0.03893047382216644
0-1,1-0,0.4642085219583492,0.49433659972097427,0.04145487832067659
0-1,1-0,0.43974532443809633,0.5214815432511646,0.03877313231073933
0-1,1-0,0.45382066892571243,0.5074080386142467,0.03877129246004071
0-1,1-0,0.44413578698813794,0.5172294426529191,0.038634770358943124
1-0,0-1,0.5075296540712958,0.45358232095590645,0.03888802497279777
0-1,1-0,0.4472066289993193,0.5144057155150352,0.03838765548564558
1-0,1-0,0.439731243868573,0.5221091784649876,0.03815957766643944
1-0,1-0,0.4407483793014321,0.5208656273093053,0.03838599338926259
0-1,1-0,0.48608432231801235,0.4755368143879656,0.03837886329402209
1/2-1/2,1-0,0.5024414168773167,0.45799797762487204,0.039560605497811534
0-1,1-0,0.4278869889499999,0.5331175274519749,0.038995483598025064
1-0,1-0,0.4658748055050204,0.49562007238214095,0.03850512211283874
1-0,1-0,0.44349831270660917,0.5179861631509828,0.03851552414240817
1-0,1-0,0.4719643435683619,0.48846958969473403,0.039566066736904056
1-0,1-0,0.4348606892901551,0.5261914434736773,0.038947867236167645
1-0,1-0,0.4478153473473892,0.5132906515087656,0.03889400114384512
0-1,1-0,0.4821178222052658,0.47902734902867855,0.0388548287660557
0-1,1-0,0.43033431616614537,0.5305298645285551,0.039135819305299566
0-1,1-0,0.43372133915861344,0.5278679596197507,0.03841070122163555
1-0,1-0,0.43145427627229943,0.5297152310983482,0.03883049262935234
0-1,1-0,0.459973546782118,0.5010702386179726,0.03895621459990933
1-0,1-0,0.44767644378078225,0.5133247693699903,0.038998786849227286
0-1,1-0,0.4288120848048556,0.532908095016,0.038279820179144206
1-0,1-0,0.46647390830446117,0.49008685880622477,0.043439232889313985
1-0,1-0,0.4265774893513969,0.5343234640598538,0.03909904658874956
0-1,1-0,0.4513166831708848,0.5095457021574358,0.03913761467167928
0-1,1-0,0.4725391754394785,0.4895663421263192,0.03789448243420244
1-0,1-0,0.43231845002642993,0.5289763347254194,0.03870521524815091
0-1,1-0,0.4490319533897349,0.5128739189546277,0.03809412765563746
0-1,1-0,0.42648457978657733,0.5343914443559188,0.039123975857503684
0-1,1-0,0.44090057997415016,0.5200201530857466,0.03907926694010328
1-0,1-0,0.4799136958653471,0.4806367266636405,0.039449577471012465
0-1,1-0,0.4576500761800535,0.5031026535573222,0.039247270262624215
1-0,1-0,0.4417366238803093,0.520570688316327,0.03769268780336364
1-0,1-0,0.4284887533429928,0.5323007286240129,0.03921051803299446
0-1,1-0,0.5031575554353931,0.45798656606122706,0.03885587850337983
1-0,1-0,0.4294724346385864,0.5317876533222372,0.03873991203917633
0-1,1-0,0.4427422766252657,0.514775698176469,0.04248202519826534
0-1,1-0,0.4336483949575331,0.5278084888085579,0.038543116233908735
0-1,1-0,0.4561574815296991,0.5043835461432757,0.03945897232702517
0-1,1-0,0.4415390927103901,0.519720011882039,0.038740895407570766
0-1,1-0,0.43448047570569687,0.5268401930000567,0.038679331294246444
0-1,1-0,0.4576942157794134,0.5043542398644772,0.03795154435610923
0-1,1-0,0.4331933449105898,0.5283703164474026,0.03843633864200773
1-0,1-0,0.4074179193848195,0.5565280671498137,0.03605401346536679
1-0,1-0,0.4228636949097735,0.5379505131542638,0.039185791935962756
1-0,1-0,0.43986958240931523,0.521226671545504,0.03890374604518075
0-1,1-0,0.5027888280191779,0.45810080111786966,0.0391103708629523
1-0,1-0,0.4613190584042627,0.49936743181423005,0.03931350978150717
0-1,1-0,0.4397345323416862,0.5234292861429188,0.03683618151539496
0-1,1-0,0.4528849859303446,0.5088585849992738,0.03825642907038165
0-1,1-0,0.4320680897695619,0.5290792591645518,0.03885265106588608
1-0,1-0,0.41123707714244545,0.5497740400844383,0.038988882773116296
1-0,1-0,0.4567028010769797,0.5046956038038978,0.038601595119122575
0-1,1-0,0.5019156176435944,0.45848051714777405,0.03960386520863171
1-0,1-0,0.4586781035619573,0.5023353618596406,0.038986534578402225
1-0,1-0,0.4557341682235127,0.5047974676539229,0.03946836412256435
0-1,1-0,0.46714017302030714,0.4934384154127155,0.03942141156697722
0-1,1-0,0.4587664263432993,0.5021824614501819,0.03905111220651881
0-1,0-1,0.6931081118064703,0.27072504255775665,0.03616684563577305
1-0,1-0,0.4365887785182662,0.5240486159859847,0.03936260549574908
1-0,1-0,0.42962340626672546,0.5324818435284354,0.03789475020483893
1-0,1-0,0.43858652454487057,0.5230780893602527,0.03833538609487671
1-0,1-0,0.4605495049622159,0.5007407319752544,0.038709763062529594
1-0,1-0,0.43374482167555284,0.527967290221513,0.03828788810293388
1-0,1-0,0.4655639106713904,0.4954621422181874,0.038973947110422257
1-0,1-0,0.45964922388207813,0.5019461044162378,0.0384046717016842
1-0,1-0,0.435132105753744,0.5257547828529718,0.03911311139328419
1-0,1-0,0.43992800434970136,0.5219337539482883,0.03813824170201016
1-0,0-1,0.5449413107276504,0.41562624874467735,0.039432440527672204
1-0,1-0,0.4158688843186376,0.5440597508510779,0.04007136483028424
1-0,1-0,0.4749432774916355,0.4863402653760181,0.038716457132346414
0-1,0-1,0.69146802793548,0.2667346923288047,0.04179727973571513
1-0,1-0,0.4258692085579745,0.5356900019743353,0.0384407894676902
0-1,1-0,0.4346521208347825,0.5269895129968811,0.0383583661683362
0-1,1-0,0.42697209100994704,0.5341981260589264,0.03882978293112648
1-0,1-0,0.43415584364577076,0.5269205546342269,0.03892360172000212
1-0,1-0,0.46417396872926253,0.4965711830313102,0.039254848239427244
1/2-1/2,1-0,0.4546343552697606,0.5066976118049513,0.03866803292528825
1-0,1-0,0.42593543132462747,0.5356906535404772,0.03837391513489541
0-1,1-0,0.4202573561902866,0.5432701019484446,0.03647254186126898
0-1,1-0,0.4265951369779775,0.534081976472696,0.03932288654932673
1-0,1-0,0.4220865441236607,0.53886677801428,0.03904667786205947
1-0,1-0,0.46351860478267976,0.49761250631350634,0.03886888890381363
0-1,1-0,0.4242467231763458,0.5374976594611605,0.03825561736249376
0-1,1-0,0.47948887281770913,0.48097562685345296,0.039535500328838
1/2-1/2,1-0,0.4375920558489446,0.5238804402168797,0.03852750393417571
0-1,1-0,0.4690706794781764,0.49220982455734663,0.03871949596447711
1-0,1-0,0.4289157626515859,0.5328991797535015,0.03818505759491248
0-1,1-0,0.473953725398694,0.48764788713739615,0.038398387463909986
1-0,1-0,0.470563077906833,0.4901492368124613,0.039287685280705836
1-0,1-0,0.4427007396102077,0.5182992420601141,0.03900001832967797
1-0,1-0,0.42093906132253456,0.5398324680983069,0.03922847057915854
1-0,1-0,0.43398643875572773,0.5274139131761871,0.038599648068085204
1-0,1-0,0.4172319377071349,0.5460781890244645,0.03668987326840068
1-0,0-1,0.5815834305040326,0.3802803345934337,0.0381362349025336
1-0,1-0,0.4256291768601723,0.5361702513869275,0.0382005717529001
1-0,1-0,0.4137640208555158,0.5471733805447699,0.03906259859971443
0-1,1-0,0.4213818352400388,0.5399227141194053,0.038695450640556
0-1,1-0,0.46291184122465207,0.49824932941173483,0.03883882936361312
1-0,0-1,0.5857150221509154,0.3756362401754622,0.03864873767362231
0-1,1-0,0.43460195251883604,0.5279334540298471,0.03746459345131659
0-1,1-0,0.4394226298411261,0.5213288468112711,0.03924852334760307
0-1,1-0,0.45574030329574133,0.5050597516462905,0.0391999450579683
1-0,1-0,0.4623276791846585,0.498515595755233,0.03915672506010848
0-1,0-1,0.5156673318595385,0.44668475458715506,0.03764791355330666
0-1,1-0,0.4203736341662281,0.5409648263137384,0.03866153952003307
1-0,1-0,0.4982279554450563,0.46298696273433726,0.03878508182060631
0-1,1-0,0.4532141418042689,0.5090283509091603,0.037757507286570804
1-0,1-0,0.4223584644910842,0.5388042255253026,0.03883730998361324
1-0,1-0,0.4927032798241208,0.4685219863096671,0.03877473386621203
0-1,1-0,0.441454369912706,0.5204682528967325,0.03807737719056141
1-0,1-0,0.4201219946182133,0.5407176409684478,0.039160364413338505
0-1,1-0,0.44431756022784125,0.5164782840228243,0.03920415574933437
1-0,1-0,0.4401393938151571,0.5208778881801214,0.038982718004721514
1-0,1-0,0.4365125162308749,0.525011885677791,0.038475598091334
0-1,1-0,0.49111598516832594,0.4697190815799543,0.039164933251719644
1-0,1-0,0.4284538888388728,0.5328572076937023,0.038688903467425
0-1,1-0,0.4326739965887152,0.5281650396499572,0.039160963761327675
0-1,1-0,0.4725645432937602,0.488133557935438,0.039301898770801626
0-1,1-0,0.43207934141182675,0.5285782939589142,0.03934236462925873
1-0,1-0,0.4433757005619332,0.5180446909560865,0.03857960848198039
0-1,1-0,0.4341574337822598,0.5277639689772906,0.03807859724044949
1-0,1-0,0.4278753453961163,0.5337573945943702,0.03836726000951336
1-0,1-0,0.4282514187431176,0.5328301881431268,0.0389183931137556
0-1,1-0,0.4451739723304266,0.5157681771232299,0.03905785054634354
0-1,1-0,0.483723694524547,0.4766987559146552,0.039577549560797884
0-1,1-0,0.4389784651305194,0.5226320075841141,0.038389527285366494
0-1,1-0,0.3577709971398665,0.5181274339154144,0.1241015689447191
0-1,1-0,0.42513449836055,0.5356625090812468,0.039202992558203135
1-0,1-0,0.47494664867803005,0.48620036959060137,0.03885298173136848
1-0,1-0,0.5006779922130958,0.4602320464261201,0.039089961360784194
1-0,1-0,0.4633839854646414,0.4974880806503084,0.03912793388505037
1-0,1-0,0.4699862598133958,0.49121683998966514,0.03879690019693899
1-0,0-1,0.5242075976601344,0.43634588023170895,0.039446522108156606
1-0,1-0,0.41888454736017433,0.5443205761032294,0.03679487653659636
0-1,1-0,0.4158170750839978,0.5454317600878191,0.038751164828183346
0-1,1-0,0.4394935582449236,0.5221736149445034,0.03833282681057271
1-0,1-0,0.4777732266130609,0.4828719607740891,0.03935481261285009
0-1,1-0,0.4421584536158422,0.5185121956133428,0.039329350770815
0-1,1-0,0.44682296668407734,0.5144819248667879,0.038695108449134805
*,1-0,0.44590794982566784,0.5154169059429993,0.03867514423133273
0-1,1-0,0.4401147390652986,0.522624322622861,0.03726093831184063
1-0,1-0,0.44895162623879753,0.512669780738753,0.03837859302244931
1-0,1-0,0.46293954618047256,0.4987150226943872,0.0383454311251404
0-1,1-0,0.4481762215364163,0.5135778899324914,0.038245888531091995
1-0,1-0,0.4125973630066322,0.5483617830375843,0.0390408539557837
0-1,1-0,0.4854080269525326,0.475617730355854,0.03897424269161339
1-0,1-0,0.439939675731864,0.5214551424890761,0.03860518177905991
0-1,1-0,0.4298355208728952,0.5313399673829977,0.038824511744107136
0-1,0-1,0.5348401528101874,0.4340461138387195,0.031113733351093246
1-0,1-0,0.4195148988257053,0.5421796847866236,0.038305416387671425
0-1,1-0,0.4767913555875211,0.4836351705361896,0.039573473876289664
0-1,1-0,0.45472047106685637,0.5060911655066528,0.03918836342649096
0-1,1-0,0.4303214675864098,0.5311065066540869,0.038572025759503234
0-1,1-0,0.4946443098907399,0.46691699059040515,0.038438699518855014
1-0,1-0,0.4513370099160916,0.5100813313639371,0.03858165871997153
0-1,1-0,0.4349550720198501,0.526549218279011,0.03849570970113884
0-1,1-0,0.4559596740094625,0.5058372607626774,0.03820306522785988
1-0,1-0,0.4473195422562829,0.5138490334502411,0.038831424293476136
1-0,1-0,0.4402330547669538,0.5203407191803872,0.039426226052658955
1-0,1-0,0.4659587570440687,0.49480319272177853,0.03923805023415281
1-0,1-0,0.48482163922964283,0.4756490410053062,0.039529319765050815
0-1,1-0,0.4340413095419559,0.5274969058072307,0.03846178465081355
0-1,1-0,0.44884596637025037,0.5117125508872492,0.03944148274250023
0-1,1-0,0.4566989618284948,0.5049982301605305,0.0383028080109745
1-0,1-0,0.4676554101705491,0.49335947117125606,0.03898511865819488
0-1,1-0,0.4929412350676998,0.4688384512155935,0.03822031371670686
0-1,1-0,0.46071112571778094,0.4998267100898392,0.03946216419237979
0-1,1-0,0.45299830852121376,0.5085843291647546,0.038417362314031644
0-1,1-0,0.459056782100965,0.5019830059554421,0.03896021194359274
1-0,1-0,0.436611016565546,0.5249844647580603,0.03840451867639354
1-0,1-0,0.48081933581904945,0.4798652806845243,0.03931538349642621
0-1,1-0,0.4598971011892585,0.5020655974883029,0.038037301322438405
1-0,1-0,0.4310712304254871,0.533120785683629,0.035807983890884
1-0,1-0,0.4698622174550338,0.4908529051641927,0.039284877380773464
1-0,1-0,0.43453861155721657,0.5262645036289751,0.0391968848138084
0-1,1-0,0.479944603441346,0.4805743984109796,0.039480998147674404
0-1,1-0,0.48809756958269424,0.47247542982918656,0.03942700058811914
1-0,1-0,0.47858292655983703,0.4826339769396549,0.038783096500508187
0-1,1-0,0.47311130541469004,0.48821126193248426,0.03867743265282584
0-1,1-0,0.4066338895183457,0.5373036106210808,0.056062499860573434
0-1,1-0,0.4249459791837472,0.5362938803819065,0.038760140434346176
1-0,1-0,0.42776183899746467,0.533784623514077,0.03845353748845833
1-0,1-0,0.46089369624141074,0.49973434313337683,0.03937196062521235
1-0,1-0,0.4403615389175525,0.5210946169248654,0.03854384415758226
1-0,1-0,0.43899088683227205,0.5224663807636659,0.03854273240406199
0-1,1-0,0.47500113968408486,0.4854987102009912,0.03950015011492383
1-0,1-0,0.43773798497599026,0.5235482806058789,0.03871373441813075
0-1,1-0,0.4512893745452885,0.5093439956436149,0.0393666298110966
1-0,1-0,0.46574237014913356,0.49484446147960254,0.039413168371264046
1-0,1-0,0.4352155723903171,0.5257521494486805,0.03903227816100234
0-1,1-0,0.47789061167528407,0.47883209674197913,0.043277291582736716
0-1,0-1,0.5330408989978617,0.4273281829697265,0.039630918032411755
1-0,1-0,0.4232463196004205,0.5377491573064013,0.0390045230931782
0-1,1-0,0.44423476398053047,0.5175872093449805,0.03817802667448916
1-0,1-0,0.444924657955029,0.516242337568448,0.038833004476522985
0-1,1-0,0.4441948310898513,0.5175431507510998,0.03826201815904897
0-1,1-0,0.4596328964072392,0.5017457190882553,0.03862138450450554
1/2-1/2,1-0,0.47765926941338305,0.483232559046773,0.03910817153984395
1-0,1-0,0.459963492844508,0.5013977349631672,0.03863877219232504
1-0,1-0,0.4348509099902012,0.5271059437188781,0.038043146290920565
1-0,1-0,0.4469887748500679,0.5143595471861093,0.038651677963822864
0-1,1-0,0.4547732464972421,0.5064442107903271,0.03878254271243105
1-0,1-0,0.45287543369738886,0.5077438992655547,0.03938066703705631
0-1,1-0,0.4749432774916355,0.4863402653760181,0.038716457132346414
1-0,1-0,0.49342172365492326,0.46720907157458413,0.03936920477049269
0-1,1-0,0.4603482019010734,0.501144192627585,0.03850760547134149
0-1,1-0,0.43702731050264165,0.5235860145158492,0.03938667498150915
0-1,1-0,0.47869480541062626,0.48186894948329817,0.03943624510607548
1-0,1-0,0.46741907937970434,0.4930022161307743,0.03957870448952153
0-1,0-1,0.50673658717804,0.4543822489457061,0.0388811638762537
0-1,1-0,0.42911412386874065,0.5316457757124753,0.0392401004187843
0-1,1-0,0.4460431436212245,0.5153216694278361,0.03863518695093948
0-1,1-0,0.4703014138240728,0.4885327327843992,0.04116585339152793
0-1,1-0,0.4883796859937103,0.47204799615790516,0.039572317848384324
1-0,1-0,0.42525298188214655,0.5398077248697193,0.034939293248134204
1-0,1-0,0.44117504918882267,0.5201906039995186,0.038634346811658886
1-0,1-0,0.4269263745112267,0.5343643708806045,0.03870925460816875
0-1,1-0,0.4316891209483949,0.5300268287864577,0.03828405026514756
1/2-1/2,1-0,0.4742772182352947,0.48704217567833763,0.03868060608636787
1-0,1-0,0.4240201912909655,0.5371095539696561,0.03887025473937849
1-0,1-0,0.42227864701791823,0.5390169106453646,0.03870444233671711
1-0,1-0,0.4507972264689962,0.5109112917170779,0.038291481813925686
1-0,1-0,0.4807446583642155,0.4804840247327209,0.03877131690306359
0-1,1-0,0.4502904983140838,0.5111910218785579,0.03851847980735833
1-0,1-0,0.4565314533421834,0.5048256062464266,0.03864294041138994
1-0,1-0,0.4540972881376258,0.5054331713813822,0.04046954048099186
0-1,1-0,0.4579454120658031,0.5031359609807431,0.038918626953453606
0-1,1-0,0.48285771403542566,0.478374134724894,0.0387681512396804
1-0,1-0,0.45403183333019553,0.5073325929825875,0.03863557368721695
1-0,1-0,0.4429542254488812,0.5180637276302034,0.03898204692091534
0-1,1-0,0.44957984017367136,0.5110822736088655,0.03933788621746315
0-1,1-0,0.4825240091670947,0.47919246141236366,0.038283529420541536
1-0,1-0,0.43344146450327536,0.5280331238252298,0.03852541167149445
0-1,1-0,0.43663663627149935,0.5243790683878664,0.03898429534063426
1-0,1-0,0.4485657396474516,0.5129993782865269,0.03843488206602139
1-0,1-0,0.4272071734720503,0.534835673649741,0.03795715287820852
0-1,1-0,0.45271771209360145,0.5081263934052316,0.039155894501166875
0-1,1-0,0.484678226393187,0.4771781151239289,0.038143658482883945
1-0,1-0,0.46059829130646185,0.5005464696706916,0.03885523902284657
1-0,1-0,0.4205963218305137,0.5141076563612137,0.06529602180827264
0-1,1-0,0.44254563933549773,0.5181153184635239,0.039339042200978565
1-0,1-0,0.4583130057776181,0.5026923545776226,0.03899463964475945
0-1,1-0,0.419209905647681,0.5425718046521706,0.03821828970014832
0-1,1-0,0.45760858693505846,0.5030102318790696,0.039381181185871875
1-0,1-0,0.45535644959297145,0.5038044626848295,0.04083908772219902
0-1,1-0,0.4749468418520664,0.48710812645897833,0.03794503168895547
0-1,1-0,0.4325641870547772,0.5290606623196992,0.03837515062552344
1-0,1-0,0.4327187623065981,0.5281283102003019,0.03915292749310008
1-0,1-0,0.4586283191131617,0.5027125364291253,0.03865914445771276
0-1,1-0,0.43474514860401003,0.5262374018383006,0.03901744955768962
1-0,1-0,0.4310816341022672,0.530045402973963,0.038872962923769815
1-0,1-0,0.4659500324300668,0.47260497909470656,0.061444988475226545
1-0,1-0,0.4293752208898216,0.5308627745002631,0.03976200460991494
0-1,1-0,0.46286303625661007,0.49760641941608214,0.03953054432730759
1-0,1-0,0.4239029524017762,0.5300963528615009,0.04600069473672259
0-1,1-0,0.4171866975145161,0.5437517000925784,0.039061602392905445
0-1,0-1,0.5211285162027611,0.44001262111373907,0.03885886268349975
0-1,0-1,0.5658550223625594,0.3949777697891482,0.039167207848292536
0-1,1-0,0.45450592542286716,0.5060505339262406,0.03944354065089228
1-0,1-0,0.44179393018212704,0.5199452316225124,0.0382608381953605
1-0,1-0,0.4375972618426362,0.5232421182440361,0.039160619913327636
0-1,1-0,0.41921162427084857,0.5424184705598075,0.03836990516934387
1-0,1-0,0.42282307117897305,0.5381414069169485,0.039035521904078344
1-0,1-0,0.4301953927616607,0.5311257480825401,0.038678859155799265
1-0,1-0,0.4394064128462234,0.5216331677210164,0.038960419432760005
1-0,1-0,0.45964794945427184,0.5019096608033669,0.038442389742361534
0-1,1-0,0.4297464851127659,0.5315616782624629,0.038691836624771096
0-1,1-0,0.45237044631239753,0.508376754324671,0.03925279936293134
1-0,1-0,0.49132248742882234,0.4691254395405962,0.039552073030581475
1-0,1-0,0.44280376215245015,0.5177636622722113,0.03943257557533873
0-1,1-0,0.4619081561871485,0.49928390646819454,0.03880793734465716
1-0,1-0,0.4513349401875331,0.510363275584725,0.0383017842277417
1-0,1-0,0.42215054021310977,0.5399470017708474,0.03790245801604269
1-0,1-0,0.4350233001583539,0.5269357100542458,0.0380409897874001
0-1,1-0,0.4439096742091426,0.5177695199464724,0.038320805844385
0-1,1-0,0.43896212439107524,0.5222001382570044,0.03883773735192031
1-0,1-0,0.45003866379751395,0.5112725501378433,0.03868878606464275
1-0,1-0,0.4189157107436165,0.5423399215722791,0.03874436768410411
0-1,1-0,0.41172333445199855,0.5510299577370916,0.037246707810909885
0-1,0-1,0.6770842013869374,0.26827593827185686,0.05463986034120568
0-1,0-1,0.5705092049753998,0.3905607816837242,0.038930013340875855
0-1,1-0,0.4125141899652922,0.5495636707024931,0.03792213933221481
1-0,1-0,0.412128394651105,0.5413943294080125,0.04647727594088248
0-1,1-0,0.42530222979481996,0.535688416298929,0.03900935390625114
1-0,1-0,0.4357777000050446,0.526041768654338,0.03818053134061744
0-1,1-0,0.47592410305018173,0.48556163903260013,0.03851425791721807
1-0,1-0,0.4732227709649547,0.4874406510766175,0.039336577958427627
0-1,1-0,0.4800725650029791,0.4807437910215762,0.03918364397544475
0-1,1-0,0.43208710839778486,0.5292625555674396,0.03865033603477562
0-1,1-0,0.47240949145562966,0.48859254715562883,0.03899796138874143
1-0,1-0,0.4295636022060626,0.5315355406431224,0.03890085715081525
1/2-1/2,1-0,0.4900819075357807,0.470391053862731,0.039527038601488054
1-0,1-0,0.42669331769264673,0.5348935525009292,0.038413129806424196
0-1,1-0,0.4458919238406856,0.5151103174641258,0.038997758695188525
0-1,1-0,0.4730119754023773,0.4886631007678975,0.038324923829725216
1-0,1-0,0.4025138555814396,0.48648389497046196,0.11100224944809825
1-0,1-0,0.4403761973084388,0.5212222879091436,0.03840151478241759
0-1,1-0,0.43464523726833104,0.5293333013732374,0.03602146135843168
0-1,1-0,0.496983353300789,0.4636853620102337,0.03933128468897726
1-0,1-0,0.4606185660634099,0.5005058892073546,0.03887554472923536
1-0,1-0,0.4597164214552033,0.5011726555240505,0.03911092302074598
1-0,1-0,0.4470575811155471,0.5144425880953526,0.038499830789100235
1-0,1-0,0.48112379440635167,0.490357710178251,0.028518495415397447
1-0,1-0,0.45900309159028974,0.5028057407386761,0.038191167671034
0-1,1-0,0.504748224199388,0.456073281655087,0.03917849414552491
1-0,1-0,0.42230011190441635,0.5389731801333808,0.03872670796220285
1-0,1-0,0.4494462201975518,0.5117992984013192,0.03875448140112876
1-0,1-0,0.4378530758012613,0.5240833019815571,0.038063622217181806
1-0,1-0,0.4252976606218906,0.5355800273053436,0.03912231207276563
1-0,1-0,0.4373211808077498,0.5237670318343755,0.03891178735787479
1-0,1-0,0.4503857142404467,0.5109599000356863,0.03865438572386696
1-0,1-0,0.4429036259346263,0.5185225337528703,0.03857384031250347
1-0,1-0,0.4421099113118659,0.5184320911983361,0.03945799748979797
1-0,1-0,0.4500937582658375,0.5112408353293644,0.0386654064047979
0-1,1-0,0.48587657246757215,0.47465570329782086,0.039467724234607274
1-0,1-0,0.43065857779490613,0.5308054419764467,0.03853598022864725
0-1,1-0,0.4724916106438993,0.4884974095326752,0.03901097982342543
1-0,1-0,0.4373938937492273,0.5240373367425268,0.03856876950824578
1-0,1-0,0.4375719337416673,0.5241954432856473,0.038232622972685475
0-1,1-0,0.43258555466421783,0.5289846585739032,0.03842978676187883
0-1,1-0,0.45475474778444597,0.5065239256362162,0.03872132657933754
1-0,1-0,0.4403529761171901,0.5205737801991593,0.03907324368365016
1-0,1-0,0.43113486760153713,0.5296807680136558,0.039184364384807185
1-0,1-0,0.46316014374912695,0.49774702725587033,0.03909282899500275
1-0,1-0,0.45636420085660573,0.5044527740526517,0.039183025090742556
1-0,1-0,0.496352452414761,0.4654050379317054,0.03824250965353373
1-0,1-0,0.4413695059307872,0.5197516241280377,0.03887886994117537
0-1,1-0,0.494068077945655,0.4665452925532454,0.03938662950109963
1-0,1-0,0.47142685069089374,0.4890930273725169,0.03948012193658928
0-1,1-0,0.4901621828565765,0.4707971107807588,0.03904070636266453
1-0,1-0,0.48571375616944573,0.4822605023382863,0.03202574149226779
0-1,1-0,0.4319248387937684,0.5295077358256871,0.03856742538054454
1-0,1-0,0.4835120608517422,0.4768899906979969,0.039597948450260885
0-1,0-1,0.5133928405382717,0.44705458322114405,0.039552576240584184
1-0,1-0,0.4331816705300678,0.5274384959250047,0.03937983354492735
0-1,1-0,0.42948546309312874,0.5316835884823456,0.03883094842452535
1/2-1/2,1-0,0.47870266180495846,0.4820197079465381,0.03927763024850325
0-1,1-0,0.4366812415669886,0.5245241108328539,0.038794647600157404
0-1,1-0,0.4810763037032617,0.4797124994477164,0.03921119684902198
1-0,1-0,0.42426372151972125,0.5370781612509062,0.03865811722937247
0-1,1-0,0.43205864411159367,0.5288432433496475,0.03909811253875901
1/2-1/2,1-0,0.470856790419544,0.4904564951992172,0.03868671438123871
0-1,1-0,0.4189729614038269,0.5419514398181942,0.039075598777978865
1-0,1-0,0.42220940577125693,0.5399233346891891,0.03786725953955404
1-0,1-0,0.4243242164041461,0.5368229454293166,0.038852838166537035
1-0,1-0,0.45816166149893456,0.5043174534201749,0.03752088508089052
0-1,1-0,0.4214756334456762,0.5396102065690451,0.038914159985278765
1-0,1-0,0.42603759132506197,0.5358335438775191,0.03812886479741867
1-0,1-0,0.4652786219878624,0.49529989022963344,0.03942148778250408
0-1,1-0,0.4503421283282149,0.51063509228742,0.039022779384364915
1-0,1-0,0.4951193159750565,0.46553929104855196,0.03934139297639149
0-1,1-0,0.43500082013865704,0.5265725314680868,0.03842664839325609
1-0,1-0,0.49222273073175865,0.4695434539150302,0.03823381535321121
0-1,1-0,0.4848504090279718,0.4760990782387183,0.0390505127333099
0-1,1-0,0.4240581629357151,0.5372925889145537,0.03864924814973126
1-0,1-0,0.49903712337741407,0.462467035307298,0.03849584131528811
0-1,1-0,0.48793181064354085,0.47321015118574605,0.03885803817071322
1-0,1-0,0.481862814643067,0.4788588735389548,0.0392783118179782
0-1,1-0,0.45615981590418603,0.5047247127149898,0.039115471380824295
0-1,1-0,0.4489381551648454,0.5127058725421679,0.038355972292986686
1-0,1-0,0.43795497675896056,0.523654860850399,0.038390162390640366
1-0,1-0,0.46083317941680346,0.5007700585832099,0.038396761999986734
1-0,1-0,0.43691511971817076,0.5240083312446621,0.03907654903716726
1-0,1-0,0.4344244954802072,0.5271847815660988,0.038390722953694105
0-1,1-0,0.4267968303334637,0.5343503834532176,0.038852786213318925
0-1,1-0,0.4410628753860712,0.5198441719086682,0.03909295270526039
1/2-1/2,1-0,0.442156529336594,0.5191065561748259,0.038736914488580354
1-0,1-0,0.43484255548428663,0.5258329345419172,0.03932450997379639
0-1,0-1,0.5166132086178631,0.44408004368072096,0.03930674770141594
1-0,1-0,0.40829684319323134,0.5524820999454758,0.03922105686129277
0-1,1-0,0.4568734039053991,0.5040522983032816,0.039074297791319594
1-0,1-0,0.4514768318424767,0.510998798681416,0.03752436947610745
1-0,1-0,0.49244583226554633,0.46916024464610223,0.038393923088351475
0-1,1-0,0.4344987512188333,0.5238417910621207,0.04165945771904574
0-1,1-0,0.43696085643666266,0.5246995880311506,0.03833955553218664
1-0,1-0,0.43363414529315353,0.5279805554155119,0.038385299291334586
1-0,1-0,0.4572740255391786,0.5032410568649199,0.039484917595901343
1-0,1-0,0.45016989864293677,0.5104041740053762,0.03942592735168702
0-1,1-0,0.4329605426147833,0.5283893341917051,0.03865012319351156
1/2-1/2,1-0,0.43109790204385107,0.5302553707383068,0.03864672721784202
1-0,1-0,0.42796374531109943,0.534075023227317,0.0379612314615835
0-1,0-1,0.6330446543650463,0.3283331219640912,0.03862222367086263
1-0,1-0,0.4364122568887682,0.5248184308740237,0.03876931223720797
0-1,1-0,0.4488652348091993,0.5117019670919513,0.03943279809884941
1-0,1-0,0.44950475614353397,0.5118799349754789,0.0386153088809871
1/2-1/2,1-0,0.40982709448658156,0.5232903074179671,0.06688259809545112
0-1,1-0,0.43946995736281963,0.5216176946770755,0.03891234796010474
0-1,1-0,0.496479087256193,0.4651055118432854,0.03841540090052149
1-0,1-0,0.4518792191657708,0.5096480545408159,0.038472726293413424
1/2-1/2,1-0,0.43865899464025276,0.5219770270570738,0.039363978302673464
0-1,1-0,0.4318035335644361,0.5290100205140507,0.039186445921513144
0-1,1-0,0.44455899346550004,0.516812856689592,0.03862814984490828
1-0,1-0,0.4473997482999151,0.5141231601034055,0.03847709159667918
1-0,1-0,0.43461388372455584,0.5271204127336647,0.03826570354177916
0-1,1-0,0.4358430192357514,0.522594291404867,0.04156268935938168
0-1,1-0,0.4762786770277739,0.48499903100311376,0.03872229196911256
1-0,1-0,0.44261738839800924,0.5251844239290534,0.03219818767293734
1-0,1-0,0.4128883812452474,0.5484407277813858,0.038670890973367095
1-0,1-0,0.4726697136668013,0.4888634693120873,0.03846681702111123
1-0,1-0,0.12063587354782239,0.4107400955235733,0.4686240309286045
0-1,1-0,0.4408173479262492,0.5209041615701915,0.038278490503559616
0-1,1-0,0.42711289630817495,0.53442950895324,0.03845759473858478
0-1,1-0,0.47411119751325886,0.48639416849406586,0.039494633992675124
1-0,1-0,0.4116068701913498,0.5496739900585045,0.038719139750145716
0-1,0-1,0.6263119559727005,0.33414660613790775,0.03954143788939157
0-1,0-1,0.5940325730811672,0.3672798813200512,0.038687545598781965
0-1,1-0,0.45405709934594196,0.50705782590933,0.038885074744728146
1-0,1-0,0.43433541178196855,0.5266136239933733,0.0390509642246583
0-1,1-0,0.47140037389744527,0.48701847138277216,0.04158115471978278
1/2-1/2,1-0,0.47106841174087744,0.48981158301136485,0.03912000524775751
1-0,1-0,0.43193450132156425,0.5295414436435852,0.038524055034850284
0-1,1-0,0.43897395825089325,0.5216038592801037,0.039422182469003135
1-0,1-0,0.44473455863126143,0.5172329078006309,0.03803253356810788
0-1,1-0,0.4774040911068717,0.4833233625030285,0.03927254639009976
1-0,1-0,0.4424133196816023,0.5187026738915728,0.038884006426825185
0-1,1-0,0.4541401302206327,0.5076309360517395,0.03822893372762794
0-1,1-0,0.43100619175448734,0.5306213584084107,0.03837244983710211
1/2-1/2,1-0,0.49183028615442975,0.4689973676270054,0.03917234621856489
0-1,1-0,0.4597143341315278,0.5010316385347421,0.03925402733372998
0-1,1-0,0.4544824335634227,0.506335898030984,0.039181668405593256
1-0,1-0,0.4563996756164946,0.5044339363289098,0.039166388054595956
0-1,1-0,0.4348557597105781,0.5267377565760737,0.038406483713348184
1-0,1-0,0.41941690767071205,0.5441273480468699,0.03645574428241799
1-0,0-1,0.5137737257439783,0.44705126225063274,0.03917501200538894
1-0,1-0,0.4589450393228852,0.5015507042793736,0.03950425639774102
1-0,1-0,0.41931467829088515,0.5417625237739055,0.03892279793520928
1-0,1-0,0.4271984973347157,0.5337131123564163,0.039088390308868126
1-0,1-0,0.4227672400257323,0.5379258203235521,0.039306939650715654
1-0,1-0,0.4456132191358934,0.5149616180411152,0.03942516282299169
0-1,1-0,0.465454889348689,0.4951924350984929,0.03935267555281805
1-0,1-0,0.4844445724840782,0.4767099582292686,0.03884546928665339
1-0,1-0,0.43370667337369606,0.5268833408180412,0.03940998580826281
0-1,1-0,0.44845515091755245,0.513224314793155,0.03832053428929245
0-1,1-0,0.4856967800684467,0.4762476583051821,0.03805556162637108
1-0,1-0,0.43755818184863277,0.5207946099561034,0.041647208195264046
1-0,1-0,0.49366698026048456,0.4668640876327069,0.039468932106808456
1-0,1-0,0.4719477883674743,0.4889621756864169,0.03909003594610879
1-0,1-0,0.4949180670529098,0.4667222253256258,0.038359707621464276
1-0,1-0,0.4343664804170064,0.5274998667036039,0.03813365287938933
1-0,1-0,0.4506314370330765,0.511087552977509,0.038281009989414645
1/2-1/2,1-0,0.4953092718077907,0.4666241606815168,0.03806656751069231
1-0,1-0,0.44179945826512124,0.5170301831152349,0.041170358619643944
0-1,1-0,0.44004694527693483,0.5214820828933263,0.038470971829738784
1-0,1-0,0.42787807969945574,0.5382269169990465,0.03389500330149791
0-1,1-0,0.4423365704983833,0.5191123071424941,0.038551122359122725
1-0,1-0,0.43521137182611175,0.5257687643073857,0.039019863866502365
0-1,1-0,0.4133701515104938,0.5487137205256194,0.037916127963886784
1-0,0-1,0.5099110440114897,0.4512028500628406,0.03888610592566974
1-0,1-0,0.4392394615067826,0.5214345032618857,0.039326035231331616
1-0,1-0,0.4240603723932449,0.5413557421482551,0.03458388545849991
0-1,0-1,0.5667067347439468,0.3949326039292577,0.03836066132679549
1-0,1-0,0.4467323863510573,0.5147502934728679,0.038517320176074774
0-1,1-0,0.4455296761132725,0.5161595893277183,0.03831073455900907
1-0,1-0,0.49167887432617086,0.46879992669629905,0.03952119897752968
1-0,1-0,0.4438694398892772,0.517298666542852,0.03883189356787092
1/2-1/2,1-0,0.4580449352117685,0.49815439414637924,0.04380067064185218
1-0,1-0,0.4277617704883325,0.533149363582285,0.03908886592938229
1-0,1-0,0.4605750118675515,0.5002690105535408,0.039155977578908
0-1,1-0,0.4884224715752362,0.4721484438417615,0.039429084583002184
1-0,1-0,0.43455957436155435,0.5260249157978222,0.03941550984062352
0-1,1-0,0.4169261644832275,0.5453349757921132,0.03773885972465928
1-0,1-0,0.4248028417719702,0.5366912418480307,0.038505916379998895
1-0,1-0,0.43053036174490417,0.530503515133656,0.03896612312143978
1-0,1-0,0.4347777689054347,0.5278990614362763,0.03732316965828906
1-0,1-0,0.46121956187848046,0.4996998056430232,0.03908063247849626
0-1,1-0,0.45969853779507697,0.5011351620597685,0.03916630014515448
1-0,1-0,0.41771866517155576,0.5209472853675042,0.06133404946093995
1-0,1-0,0.46379997712712395,0.4977388532825148,0.0384611695903613
1-0,1-0,0.47243104566447663,0.4882752730853004,0.03929368125022317
0-1,1-0,0.4282676834191982,0.535798953525436,0.03593336305536585
0-1,1-0,0.41553459250520547,0.5454434524786953,0.03902195501609933
1-0,1-0,0.4309458012866549,0.530377096615955,0.03867710209739016
1-0,1-0,0.44553993483843085,0.5159965857957658,0.038463479365803396
1-0,1-0,0.48920893082317546,0.47267314072980365,0.038117928447020874
1-0,1-0,0.4334319519686074,0.5280765344422854,0.03849151358910721
0-1,0-1,0.531996482292672,0.42880649327874476,0.03919702442858299
1/2-1/2,1-0,0.4795750373722708,0.4818505887795602,0.0385743738481688
0-1,1-0,0.4160382267321034,0.5446927908879444,0.03926898237995212
1-0,1-0,0.497391201119639,0.4755832130170026,0.027025585863358476
1-0,1-0,0.47351846325004704,0.48693659684093726,0.03954493990901551
1-0,1-0,0.4274871301674283,0.5340398809048059,0.038472988927765656
0-1,1-0,0.4569838769028151,0.5035144442426737,0.03950167885451117
0-1,1-0,0.4450743921583446,0.5161135937550954,0.038812014086559786
1/2-1/2,1-0,0.42559033679945546,0.5352586733747331,0.03915098982581152
1/2-1/2,1-0,0.4618220930046577,0.49877110747121156,0.039406799524130974
1/2-1/2,1-0,0.43566939817730566,0.5212491645495649,0.04308143727312925
0-1,1-0,0.4878541006998019,0.4726305907937993,0.03951530850639856
1-0,1-0,0.4270186787458783,0.5342921804884162,0.03868914076570545
0-1,1-0,0.4276250309344305,0.5332058853396575,0.03916908372591197
0-1,1-0,0.4433768328832168,0.5183372422367716,0.03828592488001172
0-1,1-0,0.43279301892519145,0.5274357082695526,0.03977127280525614
0-1,1-0,0.4418412639870384,0.5092671218455069,0.048891614167454876
0-1,1-0,0.4431543410225632,0.5184846278295228,0.038361031147914136
1-0,1-0,0.46607966448508664,0.4992132289807476,0.03470710653416579
1-0,1-0,0.4598284164228113,0.5012198519610238,0.038951731616164866
1-0,1-0,0.4261072445965308,0.5351273649845257,0.03876539041894325
0-1,1-0,0.45343125055460676,0.5073900606450968,0.03917868880029649
0-1,1-0,0.46543301571939283,0.49558816888196844,0.03897881539863841
0-1,1-0,0.4558569571038161,0.5056678008935123,0.03847524200267184
1-0,1-0,0.4338660390194556,0.5270206489114039,0.03911331206914056
1/2-1/2,1-0,0.45452771468593567,0.5064713868142056,0.03900089849985869
1-0,1-0,0.44100885624850183,0.5199434022062654,0.039047741545232426
1-0,1-0,0.47493483911996853,0.48571312329615896,0.03935203758387254
0-1,1-0,0.4277530864522668,0.5337413643430828,0.038505549204650436
0-1,1-0,0.45180685142570404,0.5098411492867343,0.03835199928756158
1-0,1-0,0.46196458068066915,0.4986612944140098,0.03937412490532091
0-1,1-0,0.45195001688837566,0.5090997637916407,0.038950219319983645
0-1,1-0,0.4504360018936442,0.511367696083361,0.038196302022994975
0-1,1-0,0.4311097198065369,0.5302722566660271,0.03861802352743617
1-0,1-0,0.4276835719286407,0.5338575938769159,0.03845883419444329
0-1,1-0,0.45443119626534273,0.5064594047634565,0.03910939897120077
0-1,1-0,0.4620612523014222,0.4986724608734098,0.039266286825167966
1-0,1-0,0.4228679511589775,0.538009439511545,0.03912260932947762
0-1,1-0,0.46829719374239165,0.49370492947861366,0.03799787677899485
1-0,1-0,0.4623239850271468,0.4992024369582734,0.038473578014579776
0-1,1-0,0.49577524427954384,0.4553470156572711,0.04887774006318519
1-0,1-0,0.44599174033186473,0.5158089731173104,0.03819928655082437
1-0,1-0,0.4469798502523391,0.5143907424253286,0.03862940732233227
0-1,1-0,0.4313713730650982,0.5216640270583972,0.04696459987650438
0-1,1-0,0.42636608914777074,0.5346126250733353,0.03902128577889394
1/2-1/2,1-0,0.4221001972458252,0.5385725904253871,0.039327212328787636
0-1,1-0,0.43743996426813464,0.5233547118179523,0.039205323913912786
1/2-1/2,1-0,0.43947892379398323,0.5213924720341159,0.039128604171900894
0-1,1-0,0.47552394992494307,0.4857834960280728,0.0386925540469843
1-0,1-0,0.4415386426326313,0.5195516872926413,0.038909670074727426
0-1,1-0,0.44185188200282427,0.5194984890781852,0.03864962891899053
0-1,1-0,0.4523208270615848,0.5092434706414126,0.038435702297002355
0-1,1-0,0.4655761965368845,0.4950885646439103,0.039335238819205136
1-0,1-0,0.4539778568580727,0.5066033935535017,0.03941874958842563
1-0,1-0,0.43994292855768213,0.5208391576953431,0.039217913746974684
1-0,1-0,0.4624796956928069,0.49847120620903174,0.03904909809816136
1/2-1/2,1-0,0.42043273449438096,0.5329267679338577,0.046640497571761294
1-0,1-0,0.43918033797279793,0.5216644614568592,0.03915520057034294
1-0,1-0,0.4333892120326183,0.5278955676205827,0.03871522034679909
0-1,1-0,0.41200447359437,0.5487850522358229,0.039210474169807254
1-0,1-0,0.45213566709510805,0.5115146586543388,0.03634967425055307
1-0,1-0,0.45278903217503796,0.5080123387077993,0.0391986291171628
1-0,1-0,0.4481149933567284,0.5131051065062244,0.03877990013704718
1-0,1-0,0.44502809784678565,0.5164925660397611,0.03847933611345323
0-1,1-0,0.47605996582129567,0.48443434813700254,0.03950568604170169
0-1,1-0,0.4388885045610654,0.5219775562958572,0.03913393914307751
1-0,1-0,0.46136418063875034,0.4991273688407601,0.03950845052048967
1-0,1-0,0.4794315353422905,0.4820926713413887,0.03847579331632071
1-0,1-0,0.5021814390271636,0.45929322377351345,0.0385253371993228
0-1,1-0,0.4709839098152855,0.49201499403960586,0.03700109614510886
1-0,0-1,0.5051827916087563,0.455533994608153,0.03928321378309066
0-1,1-0,0.4248887601381817,0.5359997772054585,0.03911146265635975
0-1,0-1,0.5061238152819051,0.4549174490102696,0.03895873570782516
0-1,1-0,0.49074910416306633,0.4703712197645416,0.03887967607239213
0-1,1-0,0.4359049799435873,0.5253048483223582,0.03879017173405472
0-1,1-0,0.42386788644007195,0.5285681807878277,0.04756393277210028
0-1,0-1,0.5932787410471972,0.3680013120274804,0.03871994692532257
0-1,0-1,0.6444942828596977,0.31743894581655363,0.038066771323748735
1-0,1-0,0.43089487731471293,0.5297505629167102,0.03935455976857711
0-1,1-0,0.4475743406081036,0.5140291440282024,0.03839651536369406
0-1,1-0,0.4437964743667739,0.5174760248155476,0.03872750081767851
1/2-1/2,1-0,0.48386484378921846,0.47830042391175837,0.037834732299023066
1-0,1-0,0.45529686268234315,0.5064975155132497,0.03820562180440698
0-1,1-0,0.4328974129967518,0.5290215750753803,0.03808101192786787
0-1,0-1,0.5187867838864952,0.441602624935157,0.039610591178347636
1-0,1-0,0.4690868663509727,0.49158166948314463,0.0393314641658827
1-0,1-0,0.44565987582047156,0.5173658272276743,0.03697429695185402
1-0,1-0,0.46873922309916616,0.49272064184759823,0.03854013505323572
1-0,1-0,0.43587285689700783,0.5199015380003108,0.04422560510268164
0-1,1-0,0.4339144834606205,0.5280043514752786,0.0380811650641009
0-1,1-0,0.44074625712394405,0.5211506272333962,0.03810311564265984
1-0,1-0,0.43952252280576337,0.5217817230588845,0.038695754135352096
0-1,1-0,0.45176020100228803,0.5088944179725106,0.03934538102520143
0-1,1-0,0.40070387313701283,0.5574706270198492,0.04182549984313801
1-0,1-0,0.4575477681868455,0.5039823388551322,0.038469892958022174
1-0,1-0,0.45873558534856407,0.5028369808351516,0.03842743381628433
1-0,1-0,0.4799132208082484,0.480570583841131,0.03951619535062071
0-1,1-0,0.4408382753659057,0.5202429342126413,0.03891879042145314
0-1,1-0,0.4487359340894312,0.511789982038228,0.03947408387234072
0-1,1-0,0.43870917950816307,0.5232027723550087,0.0380880481368285
0-1,1-0,0.44299219159780057,0.517848732981396,0.03915907542080323
1/2-1/2,1-0,0.45050173706112884,0.5105052979356619,0.0389929650032093
0-1,1-0,0.453728593571498,0.5077344339742069,0.038536972454295236
0-1,1-0,0.4365487498923843,0.5252648788484093,0.03818637125920638
1-0,1-0,0.4948648661868194,0.4661287921590183,0.03900634165416253
1-0,1-0,0.453468863711344,0.5081334973570593,0.03839763893159687
1-0,1-0,0.440595667829044,0.5212571243536667,0.03814720781728947
0-1,1-0,0.4416307015405259,0.5198770850287779,0.038492213430696184
1-0,1-0,0.45011331215135525,0.510632976545913,0.039253711302731614
1-0,0-1,0.5542870468321665,0.4062141747424979,0.03949877842533527
0-1,0-1,0.5864951617020675,0.3735003512536591,0.04000448704427345
0-1,1-0,0.4666068873434817,0.4938518789675084,0.03954123368900993
1-0,1-0,0.4063734635765723,0.5535586213642008,0.04006791505922687
0-1,1-0,0.4416492481396282,0.5199675221469083,0.03838322971346336
1/2-1/2,1-0,0.42012423211287225,0.5421347160686728,0.03774105181845493
1-0,1-0,0.46820410061989576,0.4933618968317835,0.038434002548320835
0-1,1-0,0.4255803093750372,0.5363531673223623,0.03806652330260066
0-1,1-0,0.4691258446049869,0.5033106935010324,0.027563461893980883
0-1,1-0,0.47921071575342095,0.48303249728838626,0.037756786958192685
1-0,1-0,0.4387192223827265,0.5218994860744378,0.03938129154283593
1-0,1-0,0.4487278455410803,0.5121657908819846,0.03910636357693529
1-0,1-0,0.472681348271572,0.48791008161786487,0.03940857011056292
0-1,1-0,0.46333928035996597,0.4972543149680006,0.0394064046720336
0-1,1-0,0.46048408951308994,0.4999761584314286,0.039539752055481686
1-0,0-1,0.5664598068119616,0.39597834118387376,0.03756185200416462
1-0,1-0,0.48597800460877977,0.4748916753489829,0.03913032004223718
1-0,1-0,0.4433229331636851,0.5182007904543292,0.038476276381985766
1-0,1-0,0.4395649159088437,0.521548868244553,0.03888621584660338
0-1,1-0,0.41874309595283876,0.5435500764955921,0.03770682755156914
1-0,1-0,0.43083566085428093,0.5303454750767049,0.038818864069014455
1-0,1-0,0.43798690493021436,0.5237625966912302,0.0382504983785555
0-1,0-1,0.5305646536909188,0.4305223258129471,0.038913020496134015
1/2-1/2,1-0,0.4272858319398235,0.5344725044406169,0.03824166361955952
0-1,1-0,0.46110442571719207,0.5002707771516169,0.03862479713119108
0-1,1-0,0.49562899412920736,0.4659810951105206,0.03838991076027205
1-0,1-0,0.46735403241041323,0.4934463741686734,0.039199593420913476
1-0,1-0,0.431519091947526,0.5301177773363984,0.03836313071607544
1-0,1-0,0.4802162341399505,0.48257796715518997,0.03720579870485943
1-0,1-0,0.4715524055890526,0.489180496358784,0.03926709805216348
1-0,1-0,0.4670667052018524,0.4943352429166438,0.03859805188150394
1-0,1-0,0.4639583667547653,0.4971314462088417,0.03891018703639322
0-1,1-0,0.4268543563806346,0.5342518274115077,0.03889381620785765
1-0,1-0,0.4440530710502365,0.5175145254746574,0.03843240347510622
1/2-1/2,1-0,0.44608492861056204,0.5147583475604286,0.03915672382900934
1-0,1-0,0.46484936332920473,0.4956174058402655,0.03953323083052999
1-0,1-0,0.43149968821378665,0.5301070444043805,0.03839326738183289
1-0,1-0,0.45506961686202463,0.5060237599590444,0.038906623178930955
1-0,1-0,0.4418954044284943,0.5189911501734605,0.03911344539804508
0-1,1-0,0.4615338038340566,0.4990785777179208,0.03938761844802254
1-0,1-0,0.4787445445690904,0.48358791195460554,0.03766754347630395
0-1,1-0,0.4450230994161843,0.5161843490261717,0.03879255155764422
1/2-1/2,1-0,0.485272523982793,0.4758493677795211,0.03887810823768616
0-1,1-0,0.4501502803526426,0.5109659905448055,0.038883729102551765
1-0,1-0,0.4425921734566717,0.5183820334297535,0.039025793113574535
0-1,1-0,0.4650045202748343,0.4958568915107313,0.03913858821443463
0-1,1-0,0.43380799101701745,0.5278536525425844,0.038338356440398284
1-0,1-0,0.4833705740577559,0.4775220907294318,0.03910733521281254
1-0,1-0,0.46405617943022753,0.497128668209212,0.038815152360560407
0-1,1-0,0.44853574135343655,0.5124993711353563,0.03896488751120734
1-0,1-0,0.45691961282593735,0.5038855694240084,0.03919481775005435
1-0,1-0,0.43428403833355655,0.5274100792765323,0.03830588238991124
1-0,1-0,0.4213772726111573,0.5397137481696418,0.03890897921920083
1-0,1-0,0.4650451030771151,0.4954370020486234,0.03951789487426173
0-1,1-0,0.4551554907163041,0.5054304428635137,0.03941406642018195
0-1,1-0,0.4359996945091193,0.5255755931820576,0.03842471230882333
1-0,1-0,0.45052651467765126,0.5106086378634248,0.03886484745892405
1-0,1-0,0.44690774486148704,0.5148317948975355,0.038260460240977574
1-0,1-0,0.454507200201682,0.5065657417161562,0.03892705808216204
1-0,1-0,0.46036989911233644,0.5008669357346085,0.03876316515305507
1-0,1-0,0.4609605594334011,0.4999104601569412,0.03912898040965765
0-1,1-0,0.46320780348005175,0.49787609714035863,0.038916099379589675
1-0,1-0,0.47438048726208487,0.4867892389732936,0.03883027376462154
1/2-1/2,0-1,0.620127041670219,0.34532081293390493,0.03455214539587595
0-1,0-1,0.5273922392162602,0.43342672015678735,0.039181040626952233
1-0,1-0,0.4753805451191565,0.4922030914212786,0.03241636345956464
1-0,1-0,0.4467950952900014,0.5147818198693997,0.03842308484059909
0-1,1-0,0.4661149998069699,0.49461281702274645,0.03927218317028357
0-1,0-1,0.5163344284595562,0.4455387413886222,0.03812683015182129
0-1,1-0,0.4260803239216532,0.5352079796295576,0.038711696448789606
0-1,1-0,0.4967793715767821,0.46364764997343205,0.03957297844978571
1-0,1-0,0.46239717907140687,0.4984061925501485,0.03919662837844457
1-0,1-0,0.4306398108213853,0.530520866594559,0.03883932258405563
1-0,1-0,0.48024684766209214,0.4812022111836285,0.03855094115427927
1-0,1-0,0.425821834998665,0.5349757317663296,0.039202433235005336
0-1,1-0,0.4281954144633149,0.5332533653640862,0.03855122017259901
1-0,1-0,0.44811708090936075,0.5128060999740137,0.03907681911662542
0-1,1-0,0.4317475947779278,0.5297590089161329,0.038493396305939384
0-1,1-0,0.48768903640706296,0.4727881621851849,0.03952280140775199
1-0,1-0,0.4322480497970144,0.5283528932802273,0.0393990569227586
0-1,1-0,0.45926596513212553,0.5028139904223841,0.037920044445490256
1-0,1-0,0.4478262988857963,0.5137509416161572,0.03842275949804631
1-0,1-0,0.4873783917579447,0.47411457279374747,0.03850703544830787
0-1,1-0,0.4485304628540999,0.5128477467629442,0.038621790382956066
1-0,1-0,0.3615880549137828,0.5033624502118658,0.13504949487435122
1-0,1-0,0.4344308133505176,0.5269933728709039,0.03857581377857843
1-0,1-0,0.472327554023473,0.4881948159079609,0.03947763006856597
0-1,1-0,0.4999565079287627,0.460990363940231,0.039053128131006046
1-0,0-1,0.601242299658427,0.35949344154057,0.03926425880100298
1-0,1-0,0.43420228308185843,0.5270772173045749,0.038720499613566446
1-0,1-0,0.42978151386176716,0.5313692190508468,0.03884926708738628
1-0,1-0,0.4324574463741742,0.5339506073172997,0.033591946308526105
0-1,1-0,0.4347980693979055,0.5259970783590624,0.03920485224303215
0-1,1-0,0.45219955218873603,0.5091083022668633,0.03869214554440056
1-0,1-0,0.42418004623819616,0.5367695215352326,0.03905043222657124
1-0,1-0,0.4243218042968573,0.5369005941966841,0.03877760150645858
0-1,1-0,0.4234313143832939,0.5377343880350856,0.03883429758162073
1-0,1-0,0.4308914862272463,0.5311034179969029,0.03800509577585104
0-1,1-0,0.4687484665366803,0.49217573953494725,0.03907579392837249
1-0,1-0,0.44810533817332615,0.5136293258345114,0.0382653359921624
0-1,0-1,0.527309645125767,0.43314675903665456,0.03954359583757851
1-0,1-0,0.4415750929747408,0.5198303748124528,0.03859453221280652
0-1,1-0,0.5021340865030323,0.4582950611855278,0.03957085231143953
1-0,1-0,0.4541958383963818,0.5064375344328684,0.039366627170749756
1-0,1-0,0.4679260721719319,0.4939073106912372,0.038166617136830804
1-0,1-0,0.43673395439484664,0.5245455836018387,0.038720462003314686
0-1,1-0,0.4474387003367083,0.5133529331673312,0.03920836649596053
1-0,1-0,0.4349122812369897,0.5263287310722788,0.03875898769073152
0-1,0-1,0.5317449593135596,0.42872262342563006,0.03953241726081013
1-0,0-1,0.6822055785915361,0.28028466815574443,0.03750975325271969
1-0,1-0,0.4115852988170258,0.5499174827383467,0.038497218444627314
0-1,1-0,0.4206199158716705,0.5412712923735753,0.03810879175475417
0-1,1-0,0.4903659915014136,0.47317793976970873,0.036456068728877786
0-1,1-0,0.4927648117256549,0.4685213672880752,0.03871382098626965
0-1,1-0,0.4789530756269137,0.4822974910266723,0.038749433346413995
1-0,1-0,0.45877605894368056,0.502295648252895,0.038928292803424504
0-1,1-0,0.49339033593893056,0.4670615881767706,0.03954807588429876
0-1,1-0,0.493055782612283,0.46768935281270946,0.0392548645750075
1-0,1-0,0.47632841118565017,0.48453963292370367,0.0391319558906462
1-0,1-0,0.4284964025713707,0.533103901834662,0.038399695593967206
1-0,1-0,0.43742401405640563,0.5241012923790378,0.03847469356455638
1-0,1-0,0.43894607461551166,0.5219960499857579,0.039057875398730485
1-0,1-0,0.43320101361183927,0.5286137327994137,0.038185253588747234
1-0,1-0,0.4260062326233212,0.5342180586295928,0.0397757087470856
1-0,0-1,0.518287547142256,0.44378033657417165,0.03793211628357233
0-1,1-0,0.45586931684476656,0.5058101494114348,0.03832053374379862
0-1,1-0,0.4510180115957571,0.5107526136485339,0.0382293747557088
0-1,1-0,0.4721481614836544,0.4887581037329711,0.039093734783374474
0-1,1-0,0.4705502637788905,0.4906953269002465,0.03875440932086313
1-0,1-0,0.4506504317966416,0.510118804557483,0.0392307636458753
1-0,1-0,0.43562630169754907,0.5253773671875202,0.038996331114930616
0-1,0-1,0.5049225404245566,0.45555230775581024,0.039525151819633265
0-1,1-0,0.4488932208919212,0.5124722881973829,0.03863449091069597
1/2-1/2,1-0,0.4803077610398275,0.48061123818063967,0.039081000779532936
0-1,1-0,0.47144134810600524,0.4890160566194059,0.03954259527458899
0-1,1-0,0.49522220767391756,0.4655137635738347,0.039264028752247694
1-0,1-0,0.42910621635682555,0.5325383717685594,0.03835541187461511
1/2-1/2,1-0,0.4645473016585131,0.4972379467325222,0.03821475160896471
1-0,1-0,0.4355860923781999,0.5259340842477049,0.03847982337409501
1-0,1-0,0.401473173280681,0.5359715508691754,0.06255527585014345
0-1,0-1,0.5094656981908549,0.4511377915746306,0.039396510234514605
1-0,1-0,0.4537416178466503,0.508137780467473,0.03812060168587687
1-0,1-0,0.472354591587214,0.488975893064357,0.038669515348428884
0-1,1-0,0.4374563817214644,0.52346365837626,0.039079959902275585
0-1,1-0,0.46069885801306326,0.5005616102564171,0.0387395317305195
0-1,1-0,0.47557879105050954,0.4859283331121376,0.038492875837353106
0-1,1-0,0.4547335585959104,0.5066140306157243,0.03865241078836538
1-0,1-0,0.410557131815168,0.5525230886124474,0.03691977957238479
0-1,1-0,0.43474483483059084,0.5262185936419437,0.03903657152746541
0-1,1-0,0.4287978818178837,0.5320355240895042,0.039166594092612125
0-1,1-0,0.4614677381755382,0.49912653961041226,0.03940572221404974
0-1,1-0,0.44207155116854646,0.5186892743202058,0.039239174511248004
0-1,1-0,0.4571390273500001,0.5044613351915952,0.03839963745840482
1-0,1-0,0.4337271863072712,0.5268759152624798,0.03939689843024881
1-0,1-0,0.48899833994914854,0.47145130904964033,0.039550351001211126
0-1,1-0,0.4445866278950123,0.5160325705265701,0.03938080157841759
1-0,1-0,0.44633249523478213,0.5153705500570345,0.0382969547081835
0-1,1-0,0.4190146512715374,0.5431391597029964,0.037846189025466166
0-1,1-0,0.4377674987142148,0.5263906553228469,0.03584184596293832
0-1,1-0,0.46054143073124726,0.5014814882861355,0.03797708098261719
0-1,1-0,0.4363201147231749,0.5249482792707872,0.03873160600603753
1-0,1-0,0.4801225957604802,0.48093956869465726,0.03893783554486253
0-1,1-0,0.4356259168034694,0.525647187539543,0.038726895656987705
